ISO-10303-21;
HEADER;
/* Generated by software containing ST-Developer
 * from STEP Tools, Inc. (www.steptools.com) 
 */
/* OPTION: using custom renumber hook */

FILE_DESCRIPTION(
/* description */ ('STEP AP214'),
/* implementation_level */ '2;1');

FILE_NAME(
/* name */ '654cf58b7f9aa566be1721d2',
/* time_stamp */ '2023-11-09T15:06:53Z',
/* author */ (''),
/* organization */ (''),
/* preprocessor_version */ 'ST-DEVELOPER v19.4',
/* originating_system */ '  ',
/* authorisation */ '  ');

FILE_SCHEMA (('AUTOMOTIVE_DESIGN {1 0 10303 214 3 1 1}'));
ENDSEC;

DATA;
#10=PROPERTY_DEFINITION_REPRESENTATION(#14,#12);
#11=PROPERTY_DEFINITION_REPRESENTATION(#15,#13);
#12=REPRESENTATION('',(#16),#15860);
#13=REPRESENTATION('',(#17),#15860);
#14=PROPERTY_DEFINITION('pmi validation property','',#15865);
#15=PROPERTY_DEFINITION('pmi validation property','',#15865);
#16=VALUE_REPRESENTATION_ITEM('number of annotations',COUNT_MEASURE(0.));
#17=VALUE_REPRESENTATION_ITEM('number of views',COUNT_MEASURE(0.));
#18=SHAPE_REPRESENTATION_RELATIONSHIP('','',#9433,#19);
#19=ADVANCED_BREP_SHAPE_REPRESENTATION('',(#9431),#15860);
#20=B_SPLINE_SURFACE_WITH_KNOTS('',3,3,((#13669,#13670,#13671,#13672,#13673,
#13674,#13675,#13676,#13677,#13678,#13679,#13680),(#13681,#13682,#13683,
#13684,#13685,#13686,#13687,#13688,#13689,#13690,#13691,#13692),(#13693,
#13694,#13695,#13696,#13697,#13698,#13699,#13700,#13701,#13702,#13703,#13704),
(#13705,#13706,#13707,#13708,#13709,#13710,#13711,#13712,#13713,#13714,
#13715,#13716),(#13717,#13718,#13719,#13720,#13721,#13722,#13723,#13724,
#13725,#13726,#13727,#13728),(#13729,#13730,#13731,#13732,#13733,#13734,
#13735,#13736,#13737,#13738,#13739,#13740),(#13741,#13742,#13743,#13744,
#13745,#13746,#13747,#13748,#13749,#13750,#13751,#13752),(#13753,#13754,
#13755,#13756,#13757,#13758,#13759,#13760,#13761,#13762,#13763,#13764),
(#13765,#13766,#13767,#13768,#13769,#13770,#13771,#13772,#13773,#13774,
#13775,#13776),(#13777,#13778,#13779,#13780,#13781,#13782,#13783,#13784,
#13785,#13786,#13787,#13788),(#13789,#13790,#13791,#13792,#13793,#13794,
#13795,#13796,#13797,#13798,#13799,#13800),(#13801,#13802,#13803,#13804,
#13805,#13806,#13807,#13808,#13809,#13810,#13811,#13812),(#13813,#13814,
#13815,#13816,#13817,#13818,#13819,#13820,#13821,#13822,#13823,#13824),
(#13825,#13826,#13827,#13828,#13829,#13830,#13831,#13832,#13833,#13834,
#13835,#13836),(#13837,#13838,#13839,#13840,#13841,#13842,#13843,#13844,
#13845,#13846,#13847,#13848),(#13849,#13850,#13851,#13852,#13853,#13854,
#13855,#13856,#13857,#13858,#13859,#13860),(#13861,#13862,#13863,#13864,
#13865,#13866,#13867,#13868,#13869,#13870,#13871,#13872),(#13873,#13874,
#13875,#13876,#13877,#13878,#13879,#13880,#13881,#13882,#13883,#13884),
(#13885,#13886,#13887,#13888,#13889,#13890,#13891,#13892,#13893,#13894,
#13895,#13896),(#13897,#13898,#13899,#13900,#13901,#13902,#13903,#13904,
#13905,#13906,#13907,#13908),(#13909,#13910,#13911,#13912,#13913,#13914,
#13915,#13916,#13917,#13918,#13919,#13920),(#13921,#13922,#13923,#13924,
#13925,#13926,#13927,#13928,#13929,#13930,#13931,#13932),(#13933,#13934,
#13935,#13936,#13937,#13938,#13939,#13940,#13941,#13942,#13943,#13944),
(#13945,#13946,#13947,#13948,#13949,#13950,#13951,#13952,#13953,#13954,
#13955,#13956),(#13957,#13958,#13959,#13960,#13961,#13962,#13963,#13964,
#13965,#13966,#13967,#13968),(#13969,#13970,#13971,#13972,#13973,#13974,
#13975,#13976,#13977,#13978,#13979,#13980),(#13981,#13982,#13983,#13984,
#13985,#13986,#13987,#13988,#13989,#13990,#13991,#13992),(#13993,#13994,
#13995,#13996,#13997,#13998,#13999,#14000,#14001,#14002,#14003,#14004),
(#14005,#14006,#14007,#14008,#14009,#14010,#14011,#14012,#14013,#14014,
#14015,#14016),(#14017,#14018,#14019,#14020,#14021,#14022,#14023,#14024,
#14025,#14026,#14027,#14028),(#14029,#14030,#14031,#14032,#14033,#14034,
#14035,#14036,#14037,#14038,#14039,#14040),(#14041,#14042,#14043,#14044,
#14045,#14046,#14047,#14048,#14049,#14050,#14051,#14052),(#14053,#14054,
#14055,#14056,#14057,#14058,#14059,#14060,#14061,#14062,#14063,#14064),
(#14065,#14066,#14067,#14068,#14069,#14070,#14071,#14072,#14073,#14074,
#14075,#14076),(#14077,#14078,#14079,#14080,#14081,#14082,#14083,#14084,
#14085,#14086,#14087,#14088),(#14089,#14090,#14091,#14092,#14093,#14094,
#14095,#14096,#14097,#14098,#14099,#14100),(#14101,#14102,#14103,#14104,
#14105,#14106,#14107,#14108,#14109,#14110,#14111,#14112)),.UNSPECIFIED.,
 .F.,.F.,.F.,(4,2,2,2,2,2,2,2,2,1,2,2,2,2,2,2,2,2,4),(4,2,2,2,2,4),(-0.379924955214714,
-0.190631630744685,-0.0959849685096694,-0.0486616373921619,-0.0013383062746545,
0.0223233592840992,0.0341541920634761,0.0400696084531645,0.0459850248428529,
0.0489427330376972,0.0519004412325414,0.0578158576222298,0.0637312740119182,
0.0696466904016067,0.0814775231809835,0.0933083559603604,0.140631687077868,
0.187955018195376,0.377248342665405),(-0.0616800941112393,-0.00118027348743585,
0.0290696368244659,0.0441945919804168,0.0517570695583922,0.0593195471363676),
 .UNSPECIFIED.);
#21=B_SPLINE_SURFACE_WITH_KNOTS('',3,1,((#14113,#14114),(#14115,#14116),
(#14117,#14118),(#14119,#14120)),.SURF_OF_LINEAR_EXTRUSION.,.F.,.F.,.F.,
(4,4),(2,2),(-0.999999997632539,1.67357491851362E-10),(0.,1.),
 .PIECEWISE_BEZIER_KNOTS.);
#22=B_SPLINE_SURFACE_WITH_KNOTS('',3,3,((#14981,#14982,#14983,#14984,#14985,
#14986,#14987,#14988,#14989,#14990),(#14991,#14992,#14993,#14994,#14995,
#14996,#14997,#14998,#14999,#15000),(#15001,#15002,#15003,#15004,#15005,
#15006,#15007,#15008,#15009,#15010),(#15011,#15012,#15013,#15014,#15015,
#15016,#15017,#15018,#15019,#15020),(#15021,#15022,#15023,#15024,#15025,
#15026,#15027,#15028,#15029,#15030),(#15031,#15032,#15033,#15034,#15035,
#15036,#15037,#15038,#15039,#15040),(#15041,#15042,#15043,#15044,#15045,
#15046,#15047,#15048,#15049,#15050),(#15051,#15052,#15053,#15054,#15055,
#15056,#15057,#15058,#15059,#15060),(#15061,#15062,#15063,#15064,#15065,
#15066,#15067,#15068,#15069,#15070),(#15071,#15072,#15073,#15074,#15075,
#15076,#15077,#15078,#15079,#15080),(#15081,#15082,#15083,#15084,#15085,
#15086,#15087,#15088,#15089,#15090),(#15091,#15092,#15093,#15094,#15095,
#15096,#15097,#15098,#15099,#15100),(#15101,#15102,#15103,#15104,#15105,
#15106,#15107,#15108,#15109,#15110),(#15111,#15112,#15113,#15114,#15115,
#15116,#15117,#15118,#15119,#15120),(#15121,#15122,#15123,#15124,#15125,
#15126,#15127,#15128,#15129,#15130),(#15131,#15132,#15133,#15134,#15135,
#15136,#15137,#15138,#15139,#15140),(#15141,#15142,#15143,#15144,#15145,
#15146,#15147,#15148,#15149,#15150),(#15151,#15152,#15153,#15154,#15155,
#15156,#15157,#15158,#15159,#15160),(#15161,#15162,#15163,#15164,#15165,
#15166,#15167,#15168,#15169,#15170),(#15171,#15172,#15173,#15174,#15175,
#15176,#15177,#15178,#15179,#15180),(#15181,#15182,#15183,#15184,#15185,
#15186,#15187,#15188,#15189,#15190),(#15191,#15192,#15193,#15194,#15195,
#15196,#15197,#15198,#15199,#15200),(#15201,#15202,#15203,#15204,#15205,
#15206,#15207,#15208,#15209,#15210),(#15211,#15212,#15213,#15214,#15215,
#15216,#15217,#15218,#15219,#15220),(#15221,#15222,#15223,#15224,#15225,
#15226,#15227,#15228,#15229,#15230),(#15231,#15232,#15233,#15234,#15235,
#15236,#15237,#15238,#15239,#15240),(#15241,#15242,#15243,#15244,#15245,
#15246,#15247,#15248,#15249,#15250),(#15251,#15252,#15253,#15254,#15255,
#15256,#15257,#15258,#15259,#15260),(#15261,#15262,#15263,#15264,#15265,
#15266,#15267,#15268,#15269,#15270),(#15271,#15272,#15273,#15274,#15275,
#15276,#15277,#15278,#15279,#15280)),.UNSPECIFIED.,.F.,.F.,.F.,(4,2,2,2,
2,2,2,2,2,2,2,2,2,2,4),(4,2,2,2,4),(-0.379157885690442,-0.189886713723681,
-0.0952511277403005,-0.0715922312444553,-0.0479333347486102,-0.0242744382527651,
-0.000615541756919968,0.0230433547389252,0.0467022512347703,0.0703611477306154,
0.0940200442264605,0.117678940722306,0.141337837218151,0.188655630209841,
0.377926802176602),(-0.0610114071376101,-0.000792945146605349,0.0293162858488971,
0.0443709013466482,0.0594255168443994),.UNSPECIFIED.);
#23=B_SPLINE_SURFACE_WITH_KNOTS('',3,1,((#15786,#15787),(#15788,#15789),
(#15790,#15791),(#15792,#15793)),.SURF_OF_LINEAR_EXTRUSION.,.F.,.F.,.F.,
(4,4),(2,2),(-0.999999990854893,-8.23281714807842E-10),(0.,1.),
 .PIECEWISE_BEZIER_KNOTS.);
#24=ELLIPSE('',#9491,0.00130000000024268,0.00065);
#25=ELLIPSE('',#9492,0.00130447729107892,0.00065);
#26=ELLIPSE('',#9494,0.00130000000024268,0.00065);
#27=ELLIPSE('',#9495,0.0013044772899518,0.00065);
#28=ELLIPSE('',#9506,0.00021213203435596,0.000149999999999997);
#29=ELLIPSE('',#9515,0.000212132034355959,0.000149999999999997);
#30=ELLIPSE('',#9546,0.00021213203407863,0.000150000000000006);
#31=ELLIPSE('',#9550,0.00021213203407863,0.000150000000000006);
#32=ELLIPSE('',#9578,0.000689655710879529,0.0005);
#33=ELLIPSE('',#9596,0.000212132034355965,0.00015);
#34=ELLIPSE('',#9610,0.000689655710879529,0.0005);
#35=ELLIPSE('',#9616,0.000212132034078621,0.00015);
#36=ELLIPSE('',#9627,0.000212132034078525,0.000149999999999997);
#37=ELLIPSE('',#9673,0.000689655710879529,0.0005);
#38=ELLIPSE('',#9698,0.00130000000219268,0.00065);
#39=ELLIPSE('',#9699,0.00130447728995181,0.00065);
#40=ELLIPSE('',#9715,0.00130000000219268,0.00065);
#41=ELLIPSE('',#9738,0.0013044772899518,0.00065);
#42=ELLIPSE('',#9776,0.000689655710879529,0.0005);
#43=CYLINDRICAL_SURFACE('',#9490,0.00065);
#44=CYLINDRICAL_SURFACE('',#9493,0.00065);
#45=CYLINDRICAL_SURFACE('',#9533,0.000149999999999997);
#46=CYLINDRICAL_SURFACE('',#9537,0.000149999999999997);
#47=CYLINDRICAL_SURFACE('',#9547,0.000150000000000006);
#48=CYLINDRICAL_SURFACE('',#9577,0.0005);
#49=CYLINDRICAL_SURFACE('',#9582,0.0005);
#50=CYLINDRICAL_SURFACE('',#9599,0.0005);
#51=CYLINDRICAL_SURFACE('',#9613,0.0005);
#52=CYLINDRICAL_SURFACE('',#9621,0.00015);
#53=CYLINDRICAL_SURFACE('',#9631,0.00015);
#54=CYLINDRICAL_SURFACE('',#9636,0.000150000000000006);
#55=CYLINDRICAL_SURFACE('',#9670,0.0005);
#56=CYLINDRICAL_SURFACE('',#9697,0.00065);
#57=CYLINDRICAL_SURFACE('',#9737,0.00065);
#58=CYLINDRICAL_SURFACE('',#9746,0.000149999999999997);
#59=CYLINDRICAL_SURFACE('',#9762,0.0005);
#60=CYLINDRICAL_SURFACE('',#9778,0.0005);
#61=CYLINDRICAL_SURFACE('',#9785,0.0005);
#62=CIRCLE('',#9452,0.00065);
#63=CIRCLE('',#9453,0.00065);
#64=CIRCLE('',#9517,0.000150000000000006);
#65=CIRCLE('',#9518,0.000149999999999993);
#66=CIRCLE('',#9520,0.000150000000000006);
#67=CIRCLE('',#9521,0.000149999999999993);
#68=CIRCLE('',#9534,0.000150000000000019);
#69=CIRCLE('',#9535,0.000150000000000019);
#70=CIRCLE('',#9538,0.000150000000000019);
#71=CIRCLE('',#9539,0.000150000000000019);
#72=CIRCLE('',#9548,0.000150000000000014);
#73=CIRCLE('',#9549,0.000150000000000014);
#74=CIRCLE('',#9553,0.0005);
#75=CIRCLE('',#9554,0.0005);
#76=CIRCLE('',#9570,0.0005);
#77=CIRCLE('',#9571,0.0005);
#78=CIRCLE('',#9579,0.0005);
#79=CIRCLE('',#9581,0.0005);
#80=CIRCLE('',#9600,0.0005);
#81=CIRCLE('',#9604,0.00015);
#82=CIRCLE('',#9605,0.000149999999999997);
#83=CIRCLE('',#9614,0.0005);
#84=CIRCLE('',#9622,0.000149999999999997);
#85=CIRCLE('',#9623,0.000149999999999997);
#86=CIRCLE('',#9624,0.00015);
#87=CIRCLE('',#9632,0.000149999999999997);
#88=CIRCLE('',#9633,0.000149999999999997);
#89=CIRCLE('',#9637,0.00015);
#90=CIRCLE('',#9638,0.00015);
#91=CIRCLE('',#9671,0.0005);
#92=CIRCLE('',#9682,0.00065);
#93=CIRCLE('',#9683,0.00065);
#94=CIRCLE('',#9747,0.000150000000000006);
#95=CIRCLE('',#9748,0.000150000000000007);
#96=CIRCLE('',#9759,0.0005);
#97=CIRCLE('',#9779,0.0005);
#98=CIRCLE('',#9786,0.0005);
#99=B_SPLINE_CURVE_WITH_KNOTS('',3,(#12399,#12400,#12401,#12402),
 .UNSPECIFIED.,.F.,.F.,(4,4),(0.,1.),.UNSPECIFIED.);
#100=B_SPLINE_CURVE_WITH_KNOTS('',3,(#12738,#12739,#12740,#12741,#12742,
#12743,#12744,#12745,#12746,#12747,#12748,#12749,#12750,#12751,#12752,#12753,
#12754,#12755,#12756,#12757,#12758,#12759,#12760,#12761,#12762,#12763,#12764,
#12765,#12766,#12767,#12768,#12769,#12770,#12771),.UNSPECIFIED.,.F.,.F.,
(4,1,1,1,1,1,1,1,1,1,1,1,1,1,1,1,1,1,1,1,1,1,1,1,1,1,1,1,1,1,1,4),(0.,0.0625,
0.125,0.1875,0.21875,0.234375,0.25,0.265625,0.28125,0.3125,0.375,0.4375,
0.46875,0.5,0.53125,0.5625,0.59375,0.625,0.65625,0.671875,0.6875,0.6953125,
0.703125,0.71875,0.734375,0.75,0.765625,0.78125,0.8125,0.875,0.9375,1.),
 .UNSPECIFIED.);
#101=B_SPLINE_CURVE_WITH_KNOTS('',3,(#13460,#13461,#13462,#13463),
 .UNSPECIFIED.,.F.,.F.,(4,4),(0.,1.),.UNSPECIFIED.);
#102=B_SPLINE_CURVE_WITH_KNOTS('',3,(#13468,#13469,#13470,#13471),
 .UNSPECIFIED.,.F.,.F.,(4,4),(0.,1.),.UNSPECIFIED.);
#103=B_SPLINE_CURVE_WITH_KNOTS('',3,(#13473,#13474,#13475,#13476,#13477,
#13478,#13479,#13480,#13481,#13482),.UNSPECIFIED.,.F.,.F.,(4,2,2,2,4),(0.,
0.00248578516669437,0.00494530380665763,0.0107194378088777,0.0212079431495639),
 .UNSPECIFIED.);
#104=B_SPLINE_CURVE_WITH_KNOTS('',3,(#13590,#13591,#13592,#13593,#13594,
#13595,#13596,#13597,#13598,#13599,#13600,#13601,#13602,#13603,#13604,#13605,
#13606,#13607,#13608,#13609,#13610,#13611),.UNSPECIFIED.,.F.,.F.,(4,3,3,
3,3,3,3,4),(1.70433109201584E-9,0.250796889966079,0.376195334096953,0.452394405610129,
0.501593778227827,0.686531184037199,0.870887447324877,1.),.UNSPECIFIED.);
#105=B_SPLINE_CURVE_WITH_KNOTS('',3,(#13613,#13614,#13615,#13616,#13617,
#13618,#13619,#13620,#13621,#13622,#13623,#13624,#13625,#13626,#13627,#13628,
#13629,#13630,#13631,#13632,#13633,#13634,#13635,#13636,#13637,#13638,#13639,
#13640,#13641,#13642,#13643,#13644,#13645,#13646,#13647,#13648,#13649),
 .UNSPECIFIED.,.F.,.F.,(4,3,3,3,3,3,3,3,3,3,3,3,4),(0.,0.00200436595546549,
0.00347390293749456,0.00417362367555686,0.0060955437487094,0.00657602376699754,
0.00689723741336577,0.00711510884870707,0.00801746382186194,0.00931609070077183,
0.0102900608599542,0.0105161106860276,0.0132119713375015),.UNSPECIFIED.);
#106=B_SPLINE_CURVE_WITH_KNOTS('',3,(#14121,#14122,#14123,#14124,#14125,
#14126,#14127,#14128,#14129,#14130,#14131,#14132,#14133,#14134,#14135,#14136,
#14137,#14138,#14139,#14140,#14141,#14142),.UNSPECIFIED.,.F.,.F.,(4,3,3,
3,3,3,3,4),(-0.00915036836377584,-0.00797123651864253,-0.00697483195381221,
-0.00644218430059115,-0.00618275914982857,-0.00595506852913321,-0.00149144011353675,
0.),.UNSPECIFIED.);
#107=B_SPLINE_CURVE_WITH_KNOTS('',3,(#14148,#14149,#14150,#14151,#14152,
#14153),.UNSPECIFIED.,.F.,.F.,(4,2,4),(-0.00808000018890351,-0.00422704442001175,
-4.74667620760101E-6),.UNSPECIFIED.);
#108=B_SPLINE_CURVE_WITH_KNOTS('',3,(#14344,#14345,#14346,#14347,#14348,
#14349,#14350,#14351,#14352,#14353,#14354,#14355,#14356,#14357,#14358,#14359,
#14360,#14361,#14362,#14363,#14364,#14365,#14366,#14367),.UNSPECIFIED.,
 .F.,.F.,(4,1,1,1,1,1,1,1,1,1,1,1,1,1,1,1,1,1,1,1,1,4),(0.,0.25,0.3125,
0.375,0.40625,0.4375,0.5,0.5625,0.59375,0.625,0.640625,0.65625,0.671875,
0.6796875,0.6875,0.6953125,0.703125,0.71875,0.75,0.8125,0.875,1.),
 .UNSPECIFIED.);
#109=B_SPLINE_CURVE_WITH_KNOTS('',3,(#14484,#14485,#14486,#14487),
 .UNSPECIFIED.,.F.,.F.,(4,4),(0.,1.),.UNSPECIFIED.);
#110=B_SPLINE_CURVE_WITH_KNOTS('',3,(#14940,#14941,#14942,#14943),
 .UNSPECIFIED.,.F.,.F.,(4,4),(0.,1.),.UNSPECIFIED.);
#111=B_SPLINE_CURVE_WITH_KNOTS('',3,(#15794,#15795,#15796,#15797,#15798,
#15799,#15800,#15801,#15802,#15803,#15804,#15805,#15806),.UNSPECIFIED.,
 .F.,.F.,(4,3,3,3,4),(-0.0136997169179432,-0.00934209259894825,-0.0077850290627759,
-0.00745847956727778,-0.00669481511486693),.UNSPECIFIED.);
#112=B_SPLINE_CURVE_WITH_KNOTS('',3,(#15810,#15811,#15812,#15813,#15814,
#15815,#15816,#15817,#15818,#15819,#15820,#15821,#15822),.UNSPECIFIED.,
 .F.,.F.,(4,3,3,3,4),(-0.00994611049390907,-0.00829162051594541,-0.00621871538695906,
-0.00587658219226635,0.),.UNSPECIFIED.);
#113=ORIENTED_EDGE('',*,*,#2821,.F.);
#114=ORIENTED_EDGE('',*,*,#2822,.T.);
#115=ORIENTED_EDGE('',*,*,#2823,.T.);
#116=ORIENTED_EDGE('',*,*,#2824,.F.);
#117=ORIENTED_EDGE('',*,*,#2825,.T.);
#118=ORIENTED_EDGE('',*,*,#2826,.T.);
#119=ORIENTED_EDGE('',*,*,#2827,.F.);
#120=ORIENTED_EDGE('',*,*,#2828,.F.);
#121=ORIENTED_EDGE('',*,*,#2829,.T.);
#122=ORIENTED_EDGE('',*,*,#2830,.T.);
#123=ORIENTED_EDGE('',*,*,#2831,.T.);
#124=ORIENTED_EDGE('',*,*,#2826,.F.);
#125=ORIENTED_EDGE('',*,*,#2832,.F.);
#126=ORIENTED_EDGE('',*,*,#2833,.F.);
#127=ORIENTED_EDGE('',*,*,#2834,.F.);
#128=ORIENTED_EDGE('',*,*,#2835,.F.);
#129=ORIENTED_EDGE('',*,*,#2836,.F.);
#130=ORIENTED_EDGE('',*,*,#2829,.F.);
#131=ORIENTED_EDGE('',*,*,#2825,.F.);
#132=ORIENTED_EDGE('',*,*,#2837,.F.);
#133=ORIENTED_EDGE('',*,*,#2838,.F.);
#134=ORIENTED_EDGE('',*,*,#2839,.F.);
#135=ORIENTED_EDGE('',*,*,#2840,.F.);
#136=ORIENTED_EDGE('',*,*,#2841,.F.);
#137=ORIENTED_EDGE('',*,*,#2842,.F.);
#138=ORIENTED_EDGE('',*,*,#2843,.T.);
#139=ORIENTED_EDGE('',*,*,#2844,.T.);
#140=ORIENTED_EDGE('',*,*,#2845,.T.);
#141=ORIENTED_EDGE('',*,*,#2846,.T.);
#142=ORIENTED_EDGE('',*,*,#2847,.T.);
#143=ORIENTED_EDGE('',*,*,#2848,.T.);
#144=ORIENTED_EDGE('',*,*,#2849,.T.);
#145=ORIENTED_EDGE('',*,*,#2850,.T.);
#146=ORIENTED_EDGE('',*,*,#2851,.T.);
#147=ORIENTED_EDGE('',*,*,#2852,.F.);
#148=ORIENTED_EDGE('',*,*,#2853,.T.);
#149=ORIENTED_EDGE('',*,*,#2854,.T.);
#150=ORIENTED_EDGE('',*,*,#2855,.T.);
#151=ORIENTED_EDGE('',*,*,#2856,.T.);
#152=ORIENTED_EDGE('',*,*,#2857,.T.);
#153=ORIENTED_EDGE('',*,*,#2858,.T.);
#154=ORIENTED_EDGE('',*,*,#2859,.T.);
#155=ORIENTED_EDGE('',*,*,#2860,.F.);
#156=ORIENTED_EDGE('',*,*,#2861,.T.);
#157=ORIENTED_EDGE('',*,*,#2862,.T.);
#158=ORIENTED_EDGE('',*,*,#2863,.T.);
#159=ORIENTED_EDGE('',*,*,#2864,.T.);
#160=ORIENTED_EDGE('',*,*,#2865,.T.);
#161=ORIENTED_EDGE('',*,*,#2866,.T.);
#162=ORIENTED_EDGE('',*,*,#2867,.T.);
#163=ORIENTED_EDGE('',*,*,#2868,.F.);
#164=ORIENTED_EDGE('',*,*,#2869,.T.);
#165=ORIENTED_EDGE('',*,*,#2837,.T.);
#166=ORIENTED_EDGE('',*,*,#2828,.T.);
#167=ORIENTED_EDGE('',*,*,#2870,.T.);
#168=ORIENTED_EDGE('',*,*,#2871,.T.);
#169=ORIENTED_EDGE('',*,*,#2872,.T.);
#170=ORIENTED_EDGE('',*,*,#2873,.T.);
#171=ORIENTED_EDGE('',*,*,#2874,.F.);
#172=ORIENTED_EDGE('',*,*,#2875,.T.);
#173=ORIENTED_EDGE('',*,*,#2827,.T.);
#174=ORIENTED_EDGE('',*,*,#2876,.T.);
#175=ORIENTED_EDGE('',*,*,#2877,.T.);
#176=ORIENTED_EDGE('',*,*,#2870,.F.);
#177=ORIENTED_EDGE('',*,*,#2878,.T.);
#178=ORIENTED_EDGE('',*,*,#2879,.T.);
#179=ORIENTED_EDGE('',*,*,#2856,.F.);
#180=ORIENTED_EDGE('',*,*,#2880,.F.);
#181=ORIENTED_EDGE('',*,*,#2855,.F.);
#182=ORIENTED_EDGE('',*,*,#2881,.T.);
#183=ORIENTED_EDGE('',*,*,#2882,.T.);
#184=ORIENTED_EDGE('',*,*,#2880,.T.);
#185=ORIENTED_EDGE('',*,*,#2883,.T.);
#186=ORIENTED_EDGE('',*,*,#2884,.F.);
#187=ORIENTED_EDGE('',*,*,#2849,.F.);
#188=ORIENTED_EDGE('',*,*,#2885,.F.);
#189=ORIENTED_EDGE('',*,*,#2886,.T.);
#190=ORIENTED_EDGE('',*,*,#2887,.T.);
#191=ORIENTED_EDGE('',*,*,#2888,.T.);
#192=ORIENTED_EDGE('',*,*,#2864,.F.);
#193=ORIENTED_EDGE('',*,*,#2876,.F.);
#194=ORIENTED_EDGE('',*,*,#2831,.F.);
#195=ORIENTED_EDGE('',*,*,#2889,.F.);
#196=ORIENTED_EDGE('',*,*,#2890,.T.);
#197=ORIENTED_EDGE('',*,*,#2884,.T.);
#198=ORIENTED_EDGE('',*,*,#2891,.T.);
#199=ORIENTED_EDGE('',*,*,#2892,.T.);
#200=ORIENTED_EDGE('',*,*,#2850,.F.);
#201=ORIENTED_EDGE('',*,*,#2893,.F.);
#202=ORIENTED_EDGE('',*,*,#2894,.F.);
#203=ORIENTED_EDGE('',*,*,#2867,.F.);
#204=ORIENTED_EDGE('',*,*,#2895,.T.);
#205=ORIENTED_EDGE('',*,*,#2896,.T.);
#206=ORIENTED_EDGE('',*,*,#2865,.F.);
#207=ORIENTED_EDGE('',*,*,#2888,.F.);
#208=ORIENTED_EDGE('',*,*,#2897,.T.);
#209=ORIENTED_EDGE('',*,*,#2898,.F.);
#210=ORIENTED_EDGE('',*,*,#2858,.F.);
#211=ORIENTED_EDGE('',*,*,#2899,.F.);
#212=ORIENTED_EDGE('',*,*,#2900,.F.);
#213=ORIENTED_EDGE('',*,*,#2901,.F.);
#214=ORIENTED_EDGE('',*,*,#2902,.F.);
#215=ORIENTED_EDGE('',*,*,#2873,.F.);
#216=ORIENTED_EDGE('',*,*,#2903,.T.);
#217=ORIENTED_EDGE('',*,*,#2904,.F.);
#218=ORIENTED_EDGE('',*,*,#2905,.T.);
#219=ORIENTED_EDGE('',*,*,#2906,.T.);
#220=ORIENTED_EDGE('',*,*,#2907,.F.);
#221=ORIENTED_EDGE('',*,*,#2908,.F.);
#222=ORIENTED_EDGE('',*,*,#2909,.F.);
#223=ORIENTED_EDGE('',*,*,#2910,.F.);
#224=ORIENTED_EDGE('',*,*,#2911,.T.);
#225=ORIENTED_EDGE('',*,*,#2912,.T.);
#226=ORIENTED_EDGE('',*,*,#2913,.F.);
#227=ORIENTED_EDGE('',*,*,#2914,.F.);
#228=ORIENTED_EDGE('',*,*,#2915,.T.);
#229=ORIENTED_EDGE('',*,*,#2916,.T.);
#230=ORIENTED_EDGE('',*,*,#2917,.F.);
#231=ORIENTED_EDGE('',*,*,#2918,.F.);
#232=ORIENTED_EDGE('',*,*,#2919,.T.);
#233=ORIENTED_EDGE('',*,*,#2920,.T.);
#234=ORIENTED_EDGE('',*,*,#2921,.F.);
#235=ORIENTED_EDGE('',*,*,#2922,.F.);
#236=ORIENTED_EDGE('',*,*,#2923,.T.);
#237=ORIENTED_EDGE('',*,*,#2839,.T.);
#238=ORIENTED_EDGE('',*,*,#2924,.F.);
#239=ORIENTED_EDGE('',*,*,#2925,.F.);
#240=ORIENTED_EDGE('',*,*,#2926,.T.);
#241=ORIENTED_EDGE('',*,*,#2927,.T.);
#242=ORIENTED_EDGE('',*,*,#2928,.T.);
#243=ORIENTED_EDGE('',*,*,#2929,.T.);
#244=ORIENTED_EDGE('',*,*,#2930,.F.);
#245=ORIENTED_EDGE('',*,*,#2931,.T.);
#246=ORIENTED_EDGE('',*,*,#2932,.F.);
#247=ORIENTED_EDGE('',*,*,#2933,.F.);
#248=ORIENTED_EDGE('',*,*,#2934,.T.);
#249=ORIENTED_EDGE('',*,*,#2935,.T.);
#250=ORIENTED_EDGE('',*,*,#2936,.F.);
#251=ORIENTED_EDGE('',*,*,#2937,.F.);
#252=ORIENTED_EDGE('',*,*,#2938,.T.);
#253=ORIENTED_EDGE('',*,*,#2939,.F.);
#254=ORIENTED_EDGE('',*,*,#2940,.F.);
#255=ORIENTED_EDGE('',*,*,#2941,.F.);
#256=ORIENTED_EDGE('',*,*,#2942,.T.);
#257=ORIENTED_EDGE('',*,*,#2943,.T.);
#258=ORIENTED_EDGE('',*,*,#2944,.F.);
#259=ORIENTED_EDGE('',*,*,#2945,.F.);
#260=ORIENTED_EDGE('',*,*,#2946,.F.);
#261=ORIENTED_EDGE('',*,*,#2947,.F.);
#262=ORIENTED_EDGE('',*,*,#2948,.F.);
#263=ORIENTED_EDGE('',*,*,#2949,.F.);
#264=ORIENTED_EDGE('',*,*,#2950,.F.);
#265=ORIENTED_EDGE('',*,*,#2951,.T.);
#266=ORIENTED_EDGE('',*,*,#2952,.T.);
#267=ORIENTED_EDGE('',*,*,#2871,.F.);
#268=ORIENTED_EDGE('',*,*,#2877,.F.);
#269=ORIENTED_EDGE('',*,*,#2859,.F.);
#270=ORIENTED_EDGE('',*,*,#2898,.T.);
#271=ORIENTED_EDGE('',*,*,#2953,.F.);
#272=ORIENTED_EDGE('',*,*,#2954,.F.);
#273=ORIENTED_EDGE('',*,*,#2900,.T.);
#274=ORIENTED_EDGE('',*,*,#2955,.T.);
#275=ORIENTED_EDGE('',*,*,#2956,.F.);
#276=ORIENTED_EDGE('',*,*,#2957,.F.);
#277=ORIENTED_EDGE('',*,*,#2958,.F.);
#278=ORIENTED_EDGE('',*,*,#2959,.F.);
#279=ORIENTED_EDGE('',*,*,#2960,.F.);
#280=ORIENTED_EDGE('',*,*,#2961,.F.);
#281=ORIENTED_EDGE('',*,*,#2962,.F.);
#282=ORIENTED_EDGE('',*,*,#2844,.F.);
#283=ORIENTED_EDGE('',*,*,#2963,.F.);
#284=ORIENTED_EDGE('',*,*,#2964,.F.);
#285=ORIENTED_EDGE('',*,*,#2965,.F.);
#286=ORIENTED_EDGE('',*,*,#2966,.F.);
#287=ORIENTED_EDGE('',*,*,#2967,.F.);
#288=ORIENTED_EDGE('',*,*,#2968,.T.);
#289=ORIENTED_EDGE('',*,*,#2969,.T.);
#290=ORIENTED_EDGE('',*,*,#2970,.F.);
#291=ORIENTED_EDGE('',*,*,#2971,.F.);
#292=ORIENTED_EDGE('',*,*,#2972,.F.);
#293=ORIENTED_EDGE('',*,*,#2973,.F.);
#294=ORIENTED_EDGE('',*,*,#2974,.T.);
#295=ORIENTED_EDGE('',*,*,#2975,.T.);
#296=ORIENTED_EDGE('',*,*,#2976,.F.);
#297=ORIENTED_EDGE('',*,*,#2977,.F.);
#298=ORIENTED_EDGE('',*,*,#2978,.F.);
#299=ORIENTED_EDGE('',*,*,#2979,.F.);
#300=ORIENTED_EDGE('',*,*,#2980,.T.);
#301=ORIENTED_EDGE('',*,*,#2981,.T.);
#302=ORIENTED_EDGE('',*,*,#2982,.T.);
#303=ORIENTED_EDGE('',*,*,#2983,.F.);
#304=ORIENTED_EDGE('',*,*,#2984,.F.);
#305=ORIENTED_EDGE('',*,*,#2985,.F.);
#306=ORIENTED_EDGE('',*,*,#2986,.F.);
#307=ORIENTED_EDGE('',*,*,#2875,.F.);
#308=ORIENTED_EDGE('',*,*,#2987,.F.);
#309=ORIENTED_EDGE('',*,*,#2924,.T.);
#310=ORIENTED_EDGE('',*,*,#2838,.T.);
#311=ORIENTED_EDGE('',*,*,#2869,.F.);
#312=ORIENTED_EDGE('',*,*,#2988,.F.);
#313=ORIENTED_EDGE('',*,*,#2921,.T.);
#314=ORIENTED_EDGE('',*,*,#2989,.T.);
#315=ORIENTED_EDGE('',*,*,#2861,.F.);
#316=ORIENTED_EDGE('',*,*,#2990,.F.);
#317=ORIENTED_EDGE('',*,*,#2917,.T.);
#318=ORIENTED_EDGE('',*,*,#2991,.T.);
#319=ORIENTED_EDGE('',*,*,#2853,.F.);
#320=ORIENTED_EDGE('',*,*,#2992,.F.);
#321=ORIENTED_EDGE('',*,*,#2913,.T.);
#322=ORIENTED_EDGE('',*,*,#2993,.T.);
#323=ORIENTED_EDGE('',*,*,#2845,.F.);
#324=ORIENTED_EDGE('',*,*,#2962,.T.);
#325=ORIENTED_EDGE('',*,*,#2994,.F.);
#326=ORIENTED_EDGE('',*,*,#2995,.T.);
#327=ORIENTED_EDGE('',*,*,#2996,.T.);
#328=ORIENTED_EDGE('',*,*,#2997,.F.);
#329=ORIENTED_EDGE('',*,*,#2998,.T.);
#330=ORIENTED_EDGE('',*,*,#2904,.T.);
#331=ORIENTED_EDGE('',*,*,#2987,.T.);
#332=ORIENTED_EDGE('',*,*,#2874,.T.);
#333=ORIENTED_EDGE('',*,*,#2902,.T.);
#334=ORIENTED_EDGE('',*,*,#2999,.T.);
#335=ORIENTED_EDGE('',*,*,#3000,.T.);
#336=ORIENTED_EDGE('',*,*,#3001,.T.);
#337=ORIENTED_EDGE('',*,*,#3002,.T.);
#338=ORIENTED_EDGE('',*,*,#3003,.F.);
#339=ORIENTED_EDGE('',*,*,#3004,.F.);
#340=ORIENTED_EDGE('',*,*,#3005,.F.);
#341=ORIENTED_EDGE('',*,*,#3006,.T.);
#342=ORIENTED_EDGE('',*,*,#2914,.T.);
#343=ORIENTED_EDGE('',*,*,#2992,.T.);
#344=ORIENTED_EDGE('',*,*,#2852,.T.);
#345=ORIENTED_EDGE('',*,*,#3007,.T.);
#346=ORIENTED_EDGE('',*,*,#3008,.T.);
#347=ORIENTED_EDGE('',*,*,#3009,.T.);
#348=ORIENTED_EDGE('',*,*,#3010,.T.);
#349=ORIENTED_EDGE('',*,*,#3011,.T.);
#350=ORIENTED_EDGE('',*,*,#3012,.F.);
#351=ORIENTED_EDGE('',*,*,#3013,.F.);
#352=ORIENTED_EDGE('',*,*,#2925,.T.);
#353=ORIENTED_EDGE('',*,*,#3014,.F.);
#354=ORIENTED_EDGE('',*,*,#3015,.F.);
#355=ORIENTED_EDGE('',*,*,#2963,.T.);
#356=ORIENTED_EDGE('',*,*,#2843,.F.);
#357=ORIENTED_EDGE('',*,*,#3016,.F.);
#358=ORIENTED_EDGE('',*,*,#3017,.F.);
#359=ORIENTED_EDGE('',*,*,#3018,.T.);
#360=ORIENTED_EDGE('',*,*,#2890,.F.);
#361=ORIENTED_EDGE('',*,*,#3019,.F.);
#362=ORIENTED_EDGE('',*,*,#2835,.T.);
#363=ORIENTED_EDGE('',*,*,#3020,.F.);
#364=ORIENTED_EDGE('',*,*,#3001,.F.);
#365=ORIENTED_EDGE('',*,*,#3021,.T.);
#366=ORIENTED_EDGE('',*,*,#3022,.F.);
#367=ORIENTED_EDGE('',*,*,#2951,.F.);
#368=ORIENTED_EDGE('',*,*,#3023,.F.);
#369=ORIENTED_EDGE('',*,*,#3024,.F.);
#370=ORIENTED_EDGE('',*,*,#3025,.F.);
#371=ORIENTED_EDGE('',*,*,#3026,.F.);
#372=ORIENTED_EDGE('',*,*,#3027,.F.);
#373=ORIENTED_EDGE('',*,*,#3028,.F.);
#374=ORIENTED_EDGE('',*,*,#3029,.F.);
#375=ORIENTED_EDGE('',*,*,#2862,.F.);
#376=ORIENTED_EDGE('',*,*,#2989,.F.);
#377=ORIENTED_EDGE('',*,*,#2920,.F.);
#378=ORIENTED_EDGE('',*,*,#3030,.F.);
#379=ORIENTED_EDGE('',*,*,#3031,.F.);
#380=ORIENTED_EDGE('',*,*,#3032,.F.);
#381=ORIENTED_EDGE('',*,*,#3033,.F.);
#382=ORIENTED_EDGE('',*,*,#3034,.T.);
#383=ORIENTED_EDGE('',*,*,#3035,.F.);
#384=ORIENTED_EDGE('',*,*,#3036,.F.);
#385=ORIENTED_EDGE('',*,*,#3037,.T.);
#386=ORIENTED_EDGE('',*,*,#2955,.F.);
#387=ORIENTED_EDGE('',*,*,#3038,.F.);
#388=ORIENTED_EDGE('',*,*,#3039,.F.);
#389=ORIENTED_EDGE('',*,*,#3040,.F.);
#390=ORIENTED_EDGE('',*,*,#3041,.F.);
#391=ORIENTED_EDGE('',*,*,#3034,.F.);
#392=ORIENTED_EDGE('',*,*,#3042,.F.);
#393=ORIENTED_EDGE('',*,*,#3043,.F.);
#394=ORIENTED_EDGE('',*,*,#2881,.F.);
#395=ORIENTED_EDGE('',*,*,#2854,.F.);
#396=ORIENTED_EDGE('',*,*,#2991,.F.);
#397=ORIENTED_EDGE('',*,*,#2916,.F.);
#398=ORIENTED_EDGE('',*,*,#3044,.F.);
#399=ORIENTED_EDGE('',*,*,#3045,.F.);
#400=ORIENTED_EDGE('',*,*,#3046,.F.);
#401=ORIENTED_EDGE('',*,*,#2908,.T.);
#402=ORIENTED_EDGE('',*,*,#3047,.T.);
#403=ORIENTED_EDGE('',*,*,#3048,.T.);
#404=ORIENTED_EDGE('',*,*,#3049,.F.);
#405=ORIENTED_EDGE('',*,*,#3050,.T.);
#406=ORIENTED_EDGE('',*,*,#2922,.T.);
#407=ORIENTED_EDGE('',*,*,#2988,.T.);
#408=ORIENTED_EDGE('',*,*,#2868,.T.);
#409=ORIENTED_EDGE('',*,*,#2894,.T.);
#410=ORIENTED_EDGE('',*,*,#3051,.T.);
#411=ORIENTED_EDGE('',*,*,#3052,.T.);
#412=ORIENTED_EDGE('',*,*,#3053,.T.);
#413=ORIENTED_EDGE('',*,*,#3054,.T.);
#414=ORIENTED_EDGE('',*,*,#3055,.F.);
#415=ORIENTED_EDGE('',*,*,#3056,.F.);
#416=ORIENTED_EDGE('',*,*,#3057,.F.);
#417=ORIENTED_EDGE('',*,*,#3058,.F.);
#418=ORIENTED_EDGE('',*,*,#3026,.T.);
#419=ORIENTED_EDGE('',*,*,#3059,.F.);
#420=ORIENTED_EDGE('',*,*,#3053,.F.);
#421=ORIENTED_EDGE('',*,*,#3060,.T.);
#422=ORIENTED_EDGE('',*,*,#3061,.F.);
#423=ORIENTED_EDGE('',*,*,#2897,.F.);
#424=ORIENTED_EDGE('',*,*,#3062,.F.);
#425=ORIENTED_EDGE('',*,*,#3063,.F.);
#426=ORIENTED_EDGE('',*,*,#3064,.F.);
#427=ORIENTED_EDGE('',*,*,#3065,.F.);
#428=ORIENTED_EDGE('',*,*,#3010,.F.);
#429=ORIENTED_EDGE('',*,*,#3066,.T.);
#430=ORIENTED_EDGE('',*,*,#3067,.F.);
#431=ORIENTED_EDGE('',*,*,#2883,.F.);
#432=ORIENTED_EDGE('',*,*,#3068,.F.);
#433=ORIENTED_EDGE('',*,*,#3069,.F.);
#434=ORIENTED_EDGE('',*,*,#3070,.F.);
#435=ORIENTED_EDGE('',*,*,#3064,.T.);
#436=ORIENTED_EDGE('',*,*,#3071,.F.);
#437=ORIENTED_EDGE('',*,*,#3072,.F.);
#438=ORIENTED_EDGE('',*,*,#3073,.F.);
#439=ORIENTED_EDGE('',*,*,#2846,.F.);
#440=ORIENTED_EDGE('',*,*,#2993,.F.);
#441=ORIENTED_EDGE('',*,*,#2912,.F.);
#442=ORIENTED_EDGE('',*,*,#3074,.T.);
#443=ORIENTED_EDGE('',*,*,#3075,.F.);
#444=ORIENTED_EDGE('',*,*,#3076,.F.);
#445=ORIENTED_EDGE('',*,*,#3077,.T.);
#446=ORIENTED_EDGE('',*,*,#2918,.T.);
#447=ORIENTED_EDGE('',*,*,#2990,.T.);
#448=ORIENTED_EDGE('',*,*,#2860,.T.);
#449=ORIENTED_EDGE('',*,*,#2954,.T.);
#450=ORIENTED_EDGE('',*,*,#3078,.T.);
#451=ORIENTED_EDGE('',*,*,#3079,.T.);
#452=ORIENTED_EDGE('',*,*,#3036,.T.);
#453=ORIENTED_EDGE('',*,*,#3080,.T.);
#454=ORIENTED_EDGE('',*,*,#3081,.F.);
#455=ORIENTED_EDGE('',*,*,#3082,.F.);
#456=ORIENTED_EDGE('',*,*,#3083,.T.);
#457=ORIENTED_EDGE('',*,*,#2905,.F.);
#458=ORIENTED_EDGE('',*,*,#2998,.F.);
#459=ORIENTED_EDGE('',*,*,#3084,.F.);
#460=ORIENTED_EDGE('',*,*,#2840,.T.);
#461=ORIENTED_EDGE('',*,*,#2923,.F.);
#462=ORIENTED_EDGE('',*,*,#3050,.F.);
#463=ORIENTED_EDGE('',*,*,#3085,.F.);
#464=ORIENTED_EDGE('',*,*,#3030,.T.);
#465=ORIENTED_EDGE('',*,*,#2919,.F.);
#466=ORIENTED_EDGE('',*,*,#3077,.F.);
#467=ORIENTED_EDGE('',*,*,#3086,.F.);
#468=ORIENTED_EDGE('',*,*,#3044,.T.);
#469=ORIENTED_EDGE('',*,*,#2915,.F.);
#470=ORIENTED_EDGE('',*,*,#3006,.F.);
#471=ORIENTED_EDGE('',*,*,#3087,.F.);
#472=ORIENTED_EDGE('',*,*,#3074,.F.);
#473=ORIENTED_EDGE('',*,*,#2911,.F.);
#474=ORIENTED_EDGE('',*,*,#3088,.F.);
#475=ORIENTED_EDGE('',*,*,#3089,.F.);
#476=ORIENTED_EDGE('',*,*,#3090,.T.);
#477=ORIENTED_EDGE('',*,*,#3091,.T.);
#478=ORIENTED_EDGE('',*,*,#2836,.T.);
#479=ORIENTED_EDGE('',*,*,#3019,.T.);
#480=ORIENTED_EDGE('',*,*,#2889,.T.);
#481=ORIENTED_EDGE('',*,*,#2830,.F.);
#482=ORIENTED_EDGE('',*,*,#3052,.F.);
#483=ORIENTED_EDGE('',*,*,#3092,.T.);
#484=ORIENTED_EDGE('',*,*,#3093,.T.);
#485=ORIENTED_EDGE('',*,*,#3060,.F.);
#486=ORIENTED_EDGE('',*,*,#3000,.F.);
#487=ORIENTED_EDGE('',*,*,#3094,.T.);
#488=ORIENTED_EDGE('',*,*,#3095,.T.);
#489=ORIENTED_EDGE('',*,*,#3021,.F.);
#490=ORIENTED_EDGE('',*,*,#3024,.T.);
#491=ORIENTED_EDGE('',*,*,#3096,.T.);
#492=ORIENTED_EDGE('',*,*,#3055,.T.);
#493=ORIENTED_EDGE('',*,*,#3097,.T.);
#494=ORIENTED_EDGE('',*,*,#3097,.F.);
#495=ORIENTED_EDGE('',*,*,#3054,.F.);
#496=ORIENTED_EDGE('',*,*,#3059,.T.);
#497=ORIENTED_EDGE('',*,*,#3025,.T.);
#498=ORIENTED_EDGE('',*,*,#3027,.T.);
#499=ORIENTED_EDGE('',*,*,#3058,.T.);
#500=ORIENTED_EDGE('',*,*,#3098,.T.);
#501=ORIENTED_EDGE('',*,*,#3099,.F.);
#502=ORIENTED_EDGE('',*,*,#2833,.T.);
#503=ORIENTED_EDGE('',*,*,#3100,.T.);
#504=ORIENTED_EDGE('',*,*,#3003,.T.);
#505=ORIENTED_EDGE('',*,*,#3101,.T.);
#506=ORIENTED_EDGE('',*,*,#3101,.F.);
#507=ORIENTED_EDGE('',*,*,#3002,.F.);
#508=ORIENTED_EDGE('',*,*,#3020,.T.);
#509=ORIENTED_EDGE('',*,*,#2834,.T.);
#510=ORIENTED_EDGE('',*,*,#3079,.F.);
#511=ORIENTED_EDGE('',*,*,#3102,.T.);
#512=ORIENTED_EDGE('',*,*,#2956,.T.);
#513=ORIENTED_EDGE('',*,*,#3037,.F.);
#514=ORIENTED_EDGE('',*,*,#3103,.T.);
#515=ORIENTED_EDGE('',*,*,#3104,.F.);
#516=ORIENTED_EDGE('',*,*,#2885,.T.);
#517=ORIENTED_EDGE('',*,*,#2848,.F.);
#518=ORIENTED_EDGE('',*,*,#3008,.F.);
#519=ORIENTED_EDGE('',*,*,#3105,.T.);
#520=ORIENTED_EDGE('',*,*,#3106,.T.);
#521=ORIENTED_EDGE('',*,*,#3107,.F.);
#522=ORIENTED_EDGE('',*,*,#3108,.F.);
#523=ORIENTED_EDGE('',*,*,#2903,.F.);
#524=ORIENTED_EDGE('',*,*,#2872,.F.);
#525=ORIENTED_EDGE('',*,*,#2952,.F.);
#526=ORIENTED_EDGE('',*,*,#3109,.T.);
#527=ORIENTED_EDGE('',*,*,#2886,.F.);
#528=ORIENTED_EDGE('',*,*,#2863,.F.);
#529=ORIENTED_EDGE('',*,*,#3029,.T.);
#530=ORIENTED_EDGE('',*,*,#3028,.T.);
#531=ORIENTED_EDGE('',*,*,#3099,.T.);
#532=ORIENTED_EDGE('',*,*,#3110,.T.);
#533=ORIENTED_EDGE('',*,*,#3109,.F.);
#534=ORIENTED_EDGE('',*,*,#2857,.F.);
#535=ORIENTED_EDGE('',*,*,#2879,.F.);
#536=ORIENTED_EDGE('',*,*,#3038,.T.);
#537=ORIENTED_EDGE('',*,*,#2899,.T.);
#538=ORIENTED_EDGE('',*,*,#2851,.F.);
#539=ORIENTED_EDGE('',*,*,#2892,.F.);
#540=ORIENTED_EDGE('',*,*,#3105,.F.);
#541=ORIENTED_EDGE('',*,*,#3007,.F.);
#542=ORIENTED_EDGE('',*,*,#3072,.T.);
#543=ORIENTED_EDGE('',*,*,#3111,.T.);
#544=ORIENTED_EDGE('',*,*,#3112,.T.);
#545=ORIENTED_EDGE('',*,*,#3113,.F.);
#546=ORIENTED_EDGE('',*,*,#3114,.F.);
#547=ORIENTED_EDGE('',*,*,#2909,.T.);
#548=ORIENTED_EDGE('',*,*,#3046,.T.);
#549=ORIENTED_EDGE('',*,*,#3115,.T.);
#550=ORIENTED_EDGE('',*,*,#3116,.T.);
#551=ORIENTED_EDGE('',*,*,#3117,.T.);
#552=ORIENTED_EDGE('',*,*,#3047,.F.);
#553=ORIENTED_EDGE('',*,*,#2907,.T.);
#554=ORIENTED_EDGE('',*,*,#3118,.T.);
#555=ORIENTED_EDGE('',*,*,#3119,.T.);
#556=ORIENTED_EDGE('',*,*,#3051,.F.);
#557=ORIENTED_EDGE('',*,*,#2893,.T.);
#558=ORIENTED_EDGE('',*,*,#3120,.T.);
#559=ORIENTED_EDGE('',*,*,#3092,.F.);
#560=ORIENTED_EDGE('',*,*,#3121,.F.);
#561=ORIENTED_EDGE('',*,*,#2895,.F.);
#562=ORIENTED_EDGE('',*,*,#2866,.F.);
#563=ORIENTED_EDGE('',*,*,#2896,.F.);
#564=ORIENTED_EDGE('',*,*,#3073,.T.);
#565=ORIENTED_EDGE('',*,*,#3113,.T.);
#566=ORIENTED_EDGE('',*,*,#3103,.F.);
#567=ORIENTED_EDGE('',*,*,#2847,.F.);
#568=ORIENTED_EDGE('',*,*,#3040,.T.);
#569=ORIENTED_EDGE('',*,*,#3122,.T.);
#570=ORIENTED_EDGE('',*,*,#3081,.T.);
#571=ORIENTED_EDGE('',*,*,#3123,.T.);
#572=ORIENTED_EDGE('',*,*,#3117,.F.);
#573=ORIENTED_EDGE('',*,*,#3124,.T.);
#574=ORIENTED_EDGE('',*,*,#3125,.T.);
#575=ORIENTED_EDGE('',*,*,#3126,.F.);
#576=ORIENTED_EDGE('',*,*,#3115,.F.);
#577=ORIENTED_EDGE('',*,*,#3048,.F.);
#578=ORIENTED_EDGE('',*,*,#3127,.F.);
#579=ORIENTED_EDGE('',*,*,#3011,.F.);
#580=ORIENTED_EDGE('',*,*,#3065,.T.);
#581=ORIENTED_EDGE('',*,*,#3070,.T.);
#582=ORIENTED_EDGE('',*,*,#3123,.F.);
#583=ORIENTED_EDGE('',*,*,#3080,.F.);
#584=ORIENTED_EDGE('',*,*,#3035,.T.);
#585=ORIENTED_EDGE('',*,*,#3041,.T.);
#586=ORIENTED_EDGE('',*,*,#3128,.F.);
#587=ORIENTED_EDGE('',*,*,#3016,.T.);
#588=ORIENTED_EDGE('',*,*,#2842,.T.);
#589=ORIENTED_EDGE('',*,*,#2986,.T.);
#590=ORIENTED_EDGE('',*,*,#3129,.T.);
#591=ORIENTED_EDGE('',*,*,#3130,.T.);
#592=ORIENTED_EDGE('',*,*,#3131,.T.);
#593=ORIENTED_EDGE('',*,*,#3071,.T.);
#594=ORIENTED_EDGE('',*,*,#3063,.T.);
#595=ORIENTED_EDGE('',*,*,#3132,.T.);
#596=ORIENTED_EDGE('',*,*,#3111,.F.);
#597=ORIENTED_EDGE('',*,*,#3133,.F.);
#598=ORIENTED_EDGE('',*,*,#3134,.T.);
#599=ORIENTED_EDGE('',*,*,#3135,.T.);
#600=ORIENTED_EDGE('',*,*,#3136,.F.);
#601=ORIENTED_EDGE('',*,*,#3137,.F.);
#602=ORIENTED_EDGE('',*,*,#2980,.F.);
#603=ORIENTED_EDGE('',*,*,#2887,.F.);
#604=ORIENTED_EDGE('',*,*,#3110,.F.);
#605=ORIENTED_EDGE('',*,*,#3098,.F.);
#606=ORIENTED_EDGE('',*,*,#3057,.T.);
#607=ORIENTED_EDGE('',*,*,#3032,.T.);
#608=ORIENTED_EDGE('',*,*,#2878,.F.);
#609=ORIENTED_EDGE('',*,*,#3138,.F.);
#610=ORIENTED_EDGE('',*,*,#3139,.F.);
#611=ORIENTED_EDGE('',*,*,#3043,.T.);
#612=ORIENTED_EDGE('',*,*,#3140,.T.);
#613=ORIENTED_EDGE('',*,*,#3138,.T.);
#614=ORIENTED_EDGE('',*,*,#2882,.F.);
#615=ORIENTED_EDGE('',*,*,#3067,.T.);
#616=ORIENTED_EDGE('',*,*,#3141,.F.);
#617=ORIENTED_EDGE('',*,*,#3106,.F.);
#618=ORIENTED_EDGE('',*,*,#2891,.F.);
#619=ORIENTED_EDGE('',*,*,#3069,.T.);
#620=ORIENTED_EDGE('',*,*,#3142,.T.);
#621=ORIENTED_EDGE('',*,*,#3012,.T.);
#622=ORIENTED_EDGE('',*,*,#3127,.T.);
#623=ORIENTED_EDGE('',*,*,#2999,.F.);
#624=ORIENTED_EDGE('',*,*,#2901,.T.);
#625=ORIENTED_EDGE('',*,*,#3143,.T.);
#626=ORIENTED_EDGE('',*,*,#3094,.F.);
#627=ORIENTED_EDGE('',*,*,#3144,.T.);
#628=ORIENTED_EDGE('',*,*,#3145,.F.);
#629=ORIENTED_EDGE('',*,*,#3146,.F.);
#630=ORIENTED_EDGE('',*,*,#2983,.T.);
#631=ORIENTED_EDGE('',*,*,#3147,.F.);
#632=ORIENTED_EDGE('',*,*,#3148,.T.);
#633=ORIENTED_EDGE('',*,*,#3149,.T.);
#634=ORIENTED_EDGE('',*,*,#3150,.F.);
#635=ORIENTED_EDGE('',*,*,#3151,.F.);
#636=ORIENTED_EDGE('',*,*,#2974,.F.);
#637=ORIENTED_EDGE('',*,*,#3152,.T.);
#638=ORIENTED_EDGE('',*,*,#3153,.F.);
#639=ORIENTED_EDGE('',*,*,#3154,.F.);
#640=ORIENTED_EDGE('',*,*,#3155,.F.);
#641=ORIENTED_EDGE('',*,*,#2976,.T.);
#642=ORIENTED_EDGE('',*,*,#3156,.T.);
#643=ORIENTED_EDGE('',*,*,#3157,.F.);
#644=ORIENTED_EDGE('',*,*,#3158,.T.);
#645=ORIENTED_EDGE('',*,*,#3159,.T.);
#646=ORIENTED_EDGE('',*,*,#3160,.F.);
#647=ORIENTED_EDGE('',*,*,#3161,.F.);
#648=ORIENTED_EDGE('',*,*,#3144,.F.);
#649=ORIENTED_EDGE('',*,*,#2982,.F.);
#650=ORIENTED_EDGE('',*,*,#3162,.T.);
#651=ORIENTED_EDGE('',*,*,#3163,.F.);
#652=ORIENTED_EDGE('',*,*,#3164,.T.);
#653=ORIENTED_EDGE('',*,*,#3108,.T.);
#654=ORIENTED_EDGE('',*,*,#3022,.T.);
#655=ORIENTED_EDGE('',*,*,#3095,.F.);
#656=ORIENTED_EDGE('',*,*,#3143,.F.);
#657=ORIENTED_EDGE('',*,*,#3165,.F.);
#658=ORIENTED_EDGE('',*,*,#3149,.F.);
#659=ORIENTED_EDGE('',*,*,#3166,.T.);
#660=ORIENTED_EDGE('',*,*,#3158,.F.);
#661=ORIENTED_EDGE('',*,*,#3009,.F.);
#662=ORIENTED_EDGE('',*,*,#3107,.T.);
#663=ORIENTED_EDGE('',*,*,#3141,.T.);
#664=ORIENTED_EDGE('',*,*,#3066,.F.);
#665=ORIENTED_EDGE('',*,*,#3042,.T.);
#666=ORIENTED_EDGE('',*,*,#3033,.T.);
#667=ORIENTED_EDGE('',*,*,#3139,.T.);
#668=ORIENTED_EDGE('',*,*,#3140,.F.);
#669=ORIENTED_EDGE('',*,*,#3167,.F.);
#670=ORIENTED_EDGE('',*,*,#3156,.F.);
#671=ORIENTED_EDGE('',*,*,#2975,.F.);
#672=ORIENTED_EDGE('',*,*,#3151,.T.);
#673=ORIENTED_EDGE('',*,*,#3168,.T.);
#674=ORIENTED_EDGE('',*,*,#3133,.T.);
#675=ORIENTED_EDGE('',*,*,#2979,.T.);
#676=ORIENTED_EDGE('',*,*,#3169,.T.);
#677=ORIENTED_EDGE('',*,*,#3170,.F.);
#678=ORIENTED_EDGE('',*,*,#3135,.F.);
#679=ORIENTED_EDGE('',*,*,#3171,.T.);
#680=ORIENTED_EDGE('',*,*,#3164,.F.);
#681=ORIENTED_EDGE('',*,*,#3172,.T.);
#682=ORIENTED_EDGE('',*,*,#3173,.F.);
#683=ORIENTED_EDGE('',*,*,#2946,.T.);
#684=ORIENTED_EDGE('',*,*,#3174,.F.);
#685=ORIENTED_EDGE('',*,*,#2944,.T.);
#686=ORIENTED_EDGE('',*,*,#3175,.T.);
#687=ORIENTED_EDGE('',*,*,#3176,.F.);
#688=ORIENTED_EDGE('',*,*,#3177,.F.);
#689=ORIENTED_EDGE('',*,*,#2940,.T.);
#690=ORIENTED_EDGE('',*,*,#3178,.T.);
#691=ORIENTED_EDGE('',*,*,#3179,.F.);
#692=ORIENTED_EDGE('',*,*,#3180,.F.);
#693=ORIENTED_EDGE('',*,*,#3181,.F.);
#694=ORIENTED_EDGE('',*,*,#3182,.T.);
#695=ORIENTED_EDGE('',*,*,#3183,.F.);
#696=ORIENTED_EDGE('',*,*,#3184,.F.);
#697=ORIENTED_EDGE('',*,*,#3185,.T.);
#698=ORIENTED_EDGE('',*,*,#3147,.T.);
#699=ORIENTED_EDGE('',*,*,#2973,.T.);
#700=ORIENTED_EDGE('',*,*,#3186,.F.);
#701=ORIENTED_EDGE('',*,*,#3173,.T.);
#702=ORIENTED_EDGE('',*,*,#3187,.T.);
#703=ORIENTED_EDGE('',*,*,#3188,.T.);
#704=ORIENTED_EDGE('',*,*,#2947,.T.);
#705=ORIENTED_EDGE('',*,*,#3189,.T.);
#706=ORIENTED_EDGE('',*,*,#3190,.F.);
#707=ORIENTED_EDGE('',*,*,#3191,.F.);
#708=ORIENTED_EDGE('',*,*,#3192,.T.);
#709=ORIENTED_EDGE('',*,*,#3150,.T.);
#710=ORIENTED_EDGE('',*,*,#3165,.T.);
#711=ORIENTED_EDGE('',*,*,#3157,.T.);
#712=ORIENTED_EDGE('',*,*,#3167,.T.);
#713=ORIENTED_EDGE('',*,*,#3193,.F.);
#714=ORIENTED_EDGE('',*,*,#2948,.T.);
#715=ORIENTED_EDGE('',*,*,#3188,.F.);
#716=ORIENTED_EDGE('',*,*,#3194,.T.);
#717=ORIENTED_EDGE('',*,*,#3195,.F.);
#718=ORIENTED_EDGE('',*,*,#3196,.F.);
#719=ORIENTED_EDGE('',*,*,#3197,.T.);
#720=ORIENTED_EDGE('',*,*,#3136,.T.);
#721=ORIENTED_EDGE('',*,*,#3170,.T.);
#722=ORIENTED_EDGE('',*,*,#3163,.T.);
#723=ORIENTED_EDGE('',*,*,#3198,.T.);
#724=ORIENTED_EDGE('',*,*,#3078,.F.);
#725=ORIENTED_EDGE('',*,*,#2953,.T.);
#726=ORIENTED_EDGE('',*,*,#2957,.T.);
#727=ORIENTED_EDGE('',*,*,#3102,.F.);
#728=ORIENTED_EDGE('',*,*,#3121,.T.);
#729=ORIENTED_EDGE('',*,*,#3061,.T.);
#730=ORIENTED_EDGE('',*,*,#3093,.F.);
#731=ORIENTED_EDGE('',*,*,#3120,.F.);
#732=ORIENTED_EDGE('',*,*,#3198,.F.);
#733=ORIENTED_EDGE('',*,*,#3162,.F.);
#734=ORIENTED_EDGE('',*,*,#2981,.F.);
#735=ORIENTED_EDGE('',*,*,#3137,.T.);
#736=ORIENTED_EDGE('',*,*,#3199,.F.);
#737=ORIENTED_EDGE('',*,*,#3176,.T.);
#738=ORIENTED_EDGE('',*,*,#3200,.T.);
#739=ORIENTED_EDGE('',*,*,#3201,.F.);
#740=ORIENTED_EDGE('',*,*,#3132,.F.);
#741=ORIENTED_EDGE('',*,*,#3062,.T.);
#742=ORIENTED_EDGE('',*,*,#3104,.T.);
#743=ORIENTED_EDGE('',*,*,#3112,.F.);
#744=ORIENTED_EDGE('',*,*,#3202,.T.);
#745=ORIENTED_EDGE('',*,*,#3203,.T.);
#746=ORIENTED_EDGE('',*,*,#3204,.T.);
#747=ORIENTED_EDGE('',*,*,#2984,.T.);
#748=ORIENTED_EDGE('',*,*,#3146,.T.);
#749=ORIENTED_EDGE('',*,*,#3205,.F.);
#750=ORIENTED_EDGE('',*,*,#3206,.T.);
#751=ORIENTED_EDGE('',*,*,#3207,.T.);
#752=ORIENTED_EDGE('',*,*,#3208,.F.);
#753=ORIENTED_EDGE('',*,*,#3209,.F.);
#754=ORIENTED_EDGE('',*,*,#3210,.T.);
#755=ORIENTED_EDGE('',*,*,#3211,.F.);
#756=ORIENTED_EDGE('',*,*,#3154,.T.);
#757=ORIENTED_EDGE('',*,*,#3212,.T.);
#758=ORIENTED_EDGE('',*,*,#3213,.F.);
#759=ORIENTED_EDGE('',*,*,#3214,.F.);
#760=ORIENTED_EDGE('',*,*,#3215,.F.);
#761=ORIENTED_EDGE('',*,*,#3216,.F.);
#762=ORIENTED_EDGE('',*,*,#3217,.F.);
#763=ORIENTED_EDGE('',*,*,#3218,.T.);
#764=ORIENTED_EDGE('',*,*,#3219,.T.);
#765=ORIENTED_EDGE('',*,*,#3220,.F.);
#766=ORIENTED_EDGE('',*,*,#2931,.F.);
#767=ORIENTED_EDGE('',*,*,#3221,.F.);
#768=ORIENTED_EDGE('',*,*,#3222,.F.);
#769=ORIENTED_EDGE('',*,*,#3223,.F.);
#770=ORIENTED_EDGE('',*,*,#2927,.F.);
#771=ORIENTED_EDGE('',*,*,#3224,.F.);
#772=ORIENTED_EDGE('',*,*,#3178,.F.);
#773=ORIENTED_EDGE('',*,*,#2939,.T.);
#774=ORIENTED_EDGE('',*,*,#3225,.T.);
#775=ORIENTED_EDGE('',*,*,#3226,.F.);
#776=ORIENTED_EDGE('',*,*,#3227,.F.);
#777=ORIENTED_EDGE('',*,*,#3228,.T.);
#778=ORIENTED_EDGE('',*,*,#3229,.F.);
#779=ORIENTED_EDGE('',*,*,#3230,.F.);
#780=ORIENTED_EDGE('',*,*,#3231,.F.);
#781=ORIENTED_EDGE('',*,*,#3232,.T.);
#782=ORIENTED_EDGE('',*,*,#3233,.F.);
#783=ORIENTED_EDGE('',*,*,#3234,.F.);
#784=ORIENTED_EDGE('',*,*,#3235,.F.);
#785=ORIENTED_EDGE('',*,*,#3236,.F.);
#786=ORIENTED_EDGE('',*,*,#3203,.F.);
#787=ORIENTED_EDGE('',*,*,#3237,.F.);
#788=ORIENTED_EDGE('',*,*,#3159,.F.);
#789=ORIENTED_EDGE('',*,*,#3171,.F.);
#790=ORIENTED_EDGE('',*,*,#3134,.F.);
#791=ORIENTED_EDGE('',*,*,#3168,.F.);
#792=ORIENTED_EDGE('',*,*,#3238,.F.);
#793=ORIENTED_EDGE('',*,*,#3239,.F.);
#794=ORIENTED_EDGE('',*,*,#3152,.F.);
#795=ORIENTED_EDGE('',*,*,#3166,.F.);
#796=ORIENTED_EDGE('',*,*,#3148,.F.);
#797=ORIENTED_EDGE('',*,*,#3185,.F.);
#798=ORIENTED_EDGE('',*,*,#3240,.F.);
#799=ORIENTED_EDGE('',*,*,#3241,.F.);
#800=ORIENTED_EDGE('',*,*,#3242,.F.);
#801=ORIENTED_EDGE('',*,*,#3243,.F.);
#802=ORIENTED_EDGE('',*,*,#3244,.F.);
#803=ORIENTED_EDGE('',*,*,#3245,.F.);
#804=ORIENTED_EDGE('',*,*,#3246,.F.);
#805=ORIENTED_EDGE('',*,*,#3247,.F.);
#806=ORIENTED_EDGE('',*,*,#3248,.F.);
#807=ORIENTED_EDGE('',*,*,#3249,.F.);
#808=ORIENTED_EDGE('',*,*,#3250,.F.);
#809=ORIENTED_EDGE('',*,*,#3251,.F.);
#810=ORIENTED_EDGE('',*,*,#3252,.F.);
#811=ORIENTED_EDGE('',*,*,#3253,.F.);
#812=ORIENTED_EDGE('',*,*,#3254,.T.);
#813=ORIENTED_EDGE('',*,*,#2942,.F.);
#814=ORIENTED_EDGE('',*,*,#3255,.F.);
#815=ORIENTED_EDGE('',*,*,#3256,.F.);
#816=ORIENTED_EDGE('',*,*,#3225,.F.);
#817=ORIENTED_EDGE('',*,*,#2938,.F.);
#818=ORIENTED_EDGE('',*,*,#3257,.F.);
#819=ORIENTED_EDGE('',*,*,#3258,.F.);
#820=ORIENTED_EDGE('',*,*,#3259,.T.);
#821=ORIENTED_EDGE('',*,*,#2934,.F.);
#822=ORIENTED_EDGE('',*,*,#3260,.F.);
#823=ORIENTED_EDGE('',*,*,#3261,.F.);
#824=ORIENTED_EDGE('',*,*,#3262,.F.);
#825=ORIENTED_EDGE('',*,*,#3263,.F.);
#826=ORIENTED_EDGE('',*,*,#3175,.F.);
#827=ORIENTED_EDGE('',*,*,#2943,.F.);
#828=ORIENTED_EDGE('',*,*,#3254,.F.);
#829=ORIENTED_EDGE('',*,*,#3264,.F.);
#830=ORIENTED_EDGE('',*,*,#3265,.F.);
#831=ORIENTED_EDGE('',*,*,#3266,.F.);
#832=ORIENTED_EDGE('',*,*,#3267,.F.);
#833=ORIENTED_EDGE('',*,*,#3200,.F.);
#834=ORIENTED_EDGE('',*,*,#3177,.T.);
#835=ORIENTED_EDGE('',*,*,#3199,.T.);
#836=ORIENTED_EDGE('',*,*,#3268,.T.);
#837=ORIENTED_EDGE('',*,*,#3269,.T.);
#838=ORIENTED_EDGE('',*,*,#3270,.F.);
#839=ORIENTED_EDGE('',*,*,#3271,.T.);
#840=ORIENTED_EDGE('',*,*,#3255,.T.);
#841=ORIENTED_EDGE('',*,*,#2941,.T.);
#842=ORIENTED_EDGE('',*,*,#3272,.F.);
#843=ORIENTED_EDGE('',*,*,#2935,.F.);
#844=ORIENTED_EDGE('',*,*,#3259,.F.);
#845=ORIENTED_EDGE('',*,*,#3273,.F.);
#846=ORIENTED_EDGE('',*,*,#3274,.F.);
#847=ORIENTED_EDGE('',*,*,#3275,.F.);
#848=ORIENTED_EDGE('',*,*,#3276,.F.);
#849=ORIENTED_EDGE('',*,*,#3277,.F.);
#850=ORIENTED_EDGE('',*,*,#3251,.T.);
#851=ORIENTED_EDGE('',*,*,#3278,.T.);
#852=ORIENTED_EDGE('',*,*,#2994,.T.);
#853=ORIENTED_EDGE('',*,*,#2961,.T.);
#854=ORIENTED_EDGE('',*,*,#3279,.F.);
#855=ORIENTED_EDGE('',*,*,#3280,.T.);
#856=ORIENTED_EDGE('',*,*,#3281,.T.);
#857=ORIENTED_EDGE('',*,*,#3282,.T.);
#858=ORIENTED_EDGE('',*,*,#3283,.T.);
#859=ORIENTED_EDGE('',*,*,#3284,.T.);
#860=ORIENTED_EDGE('',*,*,#3285,.F.);
#861=ORIENTED_EDGE('',*,*,#3286,.T.);
#862=ORIENTED_EDGE('',*,*,#3287,.T.);
#863=ORIENTED_EDGE('',*,*,#3262,.T.);
#864=ORIENTED_EDGE('',*,*,#3288,.T.);
#865=ORIENTED_EDGE('',*,*,#3289,.T.);
#866=ORIENTED_EDGE('',*,*,#3290,.T.);
#867=ORIENTED_EDGE('',*,*,#3291,.T.);
#868=ORIENTED_EDGE('',*,*,#3292,.T.);
#869=ORIENTED_EDGE('',*,*,#3293,.T.);
#870=ORIENTED_EDGE('',*,*,#3294,.T.);
#871=ORIENTED_EDGE('',*,*,#3295,.T.);
#872=ORIENTED_EDGE('',*,*,#3296,.T.);
#873=ORIENTED_EDGE('',*,*,#3297,.T.);
#874=ORIENTED_EDGE('',*,*,#3280,.F.);
#875=ORIENTED_EDGE('',*,*,#3298,.F.);
#876=ORIENTED_EDGE('',*,*,#3299,.F.);
#877=ORIENTED_EDGE('',*,*,#3300,.F.);
#878=ORIENTED_EDGE('',*,*,#3301,.F.);
#879=ORIENTED_EDGE('',*,*,#3302,.F.);
#880=ORIENTED_EDGE('',*,*,#3303,.T.);
#881=ORIENTED_EDGE('',*,*,#3304,.F.);
#882=ORIENTED_EDGE('',*,*,#3305,.F.);
#883=ORIENTED_EDGE('',*,*,#3260,.T.);
#884=ORIENTED_EDGE('',*,*,#2933,.T.);
#885=ORIENTED_EDGE('',*,*,#3174,.T.);
#886=ORIENTED_EDGE('',*,*,#3306,.T.);
#887=ORIENTED_EDGE('',*,*,#3307,.T.);
#888=ORIENTED_EDGE('',*,*,#3308,.T.);
#889=ORIENTED_EDGE('',*,*,#3309,.F.);
#890=ORIENTED_EDGE('',*,*,#3310,.F.);
#891=ORIENTED_EDGE('',*,*,#3311,.T.);
#892=ORIENTED_EDGE('',*,*,#3290,.F.);
#893=ORIENTED_EDGE('',*,*,#3312,.F.);
#894=ORIENTED_EDGE('',*,*,#2949,.T.);
#895=ORIENTED_EDGE('',*,*,#3193,.T.);
#896=ORIENTED_EDGE('',*,*,#3187,.F.);
#897=ORIENTED_EDGE('',*,*,#3172,.F.);
#898=ORIENTED_EDGE('',*,*,#2945,.T.);
#899=ORIENTED_EDGE('',*,*,#3313,.T.);
#900=ORIENTED_EDGE('',*,*,#3314,.F.);
#901=ORIENTED_EDGE('',*,*,#3315,.T.);
#902=ORIENTED_EDGE('',*,*,#3316,.T.);
#903=ORIENTED_EDGE('',*,*,#3317,.T.);
#904=ORIENTED_EDGE('',*,*,#3318,.T.);
#905=ORIENTED_EDGE('',*,*,#3319,.T.);
#906=ORIENTED_EDGE('',*,*,#3320,.T.);
#907=ORIENTED_EDGE('',*,*,#3321,.T.);
#908=ORIENTED_EDGE('',*,*,#3322,.F.);
#909=ORIENTED_EDGE('',*,*,#3323,.T.);
#910=ORIENTED_EDGE('',*,*,#3288,.F.);
#911=ORIENTED_EDGE('',*,*,#3261,.T.);
#912=ORIENTED_EDGE('',*,*,#3305,.T.);
#913=ORIENTED_EDGE('',*,*,#3324,.T.);
#914=ORIENTED_EDGE('',*,*,#3273,.T.);
#915=ORIENTED_EDGE('',*,*,#3258,.T.);
#916=ORIENTED_EDGE('',*,*,#3325,.T.);
#917=ORIENTED_EDGE('',*,*,#3326,.F.);
#918=ORIENTED_EDGE('',*,*,#3226,.T.);
#919=ORIENTED_EDGE('',*,*,#3256,.T.);
#920=ORIENTED_EDGE('',*,*,#3271,.F.);
#921=ORIENTED_EDGE('',*,*,#3327,.F.);
#922=ORIENTED_EDGE('',*,*,#3264,.T.);
#923=ORIENTED_EDGE('',*,*,#3253,.T.);
#924=ORIENTED_EDGE('',*,*,#3328,.T.);
#925=ORIENTED_EDGE('',*,*,#3329,.T.);
#926=ORIENTED_EDGE('',*,*,#3330,.T.);
#927=ORIENTED_EDGE('',*,*,#3331,.T.);
#928=ORIENTED_EDGE('',*,*,#3332,.T.);
#929=ORIENTED_EDGE('',*,*,#3333,.T.);
#930=ORIENTED_EDGE('',*,*,#3334,.T.);
#931=ORIENTED_EDGE('',*,*,#3335,.T.);
#932=ORIENTED_EDGE('',*,*,#3336,.F.);
#933=ORIENTED_EDGE('',*,*,#3337,.T.);
#934=ORIENTED_EDGE('',*,*,#3338,.T.);
#935=ORIENTED_EDGE('',*,*,#3339,.T.);
#936=ORIENTED_EDGE('',*,*,#3340,.T.);
#937=ORIENTED_EDGE('',*,*,#3341,.T.);
#938=ORIENTED_EDGE('',*,*,#3342,.T.);
#939=ORIENTED_EDGE('',*,*,#3343,.T.);
#940=ORIENTED_EDGE('',*,*,#3344,.F.);
#941=ORIENTED_EDGE('',*,*,#3345,.T.);
#942=ORIENTED_EDGE('',*,*,#3346,.T.);
#943=ORIENTED_EDGE('',*,*,#3347,.T.);
#944=ORIENTED_EDGE('',*,*,#3348,.T.);
#945=ORIENTED_EDGE('',*,*,#2824,.T.);
#946=ORIENTED_EDGE('',*,*,#3349,.T.);
#947=ORIENTED_EDGE('',*,*,#3350,.T.);
#948=ORIENTED_EDGE('',*,*,#3213,.T.);
#949=ORIENTED_EDGE('',*,*,#3351,.T.);
#950=ORIENTED_EDGE('',*,*,#3352,.F.);
#951=ORIENTED_EDGE('',*,*,#3353,.F.);
#952=ORIENTED_EDGE('',*,*,#3354,.F.);
#953=ORIENTED_EDGE('',*,*,#3355,.T.);
#954=ORIENTED_EDGE('',*,*,#3356,.T.);
#955=ORIENTED_EDGE('',*,*,#3357,.T.);
#956=ORIENTED_EDGE('',*,*,#3358,.F.);
#957=ORIENTED_EDGE('',*,*,#3359,.T.);
#958=ORIENTED_EDGE('',*,*,#3328,.F.);
#959=ORIENTED_EDGE('',*,*,#3252,.T.);
#960=ORIENTED_EDGE('',*,*,#3286,.F.);
#961=ORIENTED_EDGE('',*,*,#3360,.F.);
#962=ORIENTED_EDGE('',*,*,#3361,.F.);
#963=ORIENTED_EDGE('',*,*,#3362,.F.);
#964=ORIENTED_EDGE('',*,*,#3363,.T.);
#965=ORIENTED_EDGE('',*,*,#3364,.T.);
#966=ORIENTED_EDGE('',*,*,#3365,.T.);
#967=ORIENTED_EDGE('',*,*,#3353,.T.);
#968=ORIENTED_EDGE('',*,*,#3366,.F.);
#969=ORIENTED_EDGE('',*,*,#3129,.F.);
#970=ORIENTED_EDGE('',*,*,#2985,.T.);
#971=ORIENTED_EDGE('',*,*,#3204,.F.);
#972=ORIENTED_EDGE('',*,*,#3263,.T.);
#973=ORIENTED_EDGE('',*,*,#3287,.F.);
#974=ORIENTED_EDGE('',*,*,#3367,.T.);
#975=ORIENTED_EDGE('',*,*,#3368,.T.);
#976=ORIENTED_EDGE('',*,*,#3369,.T.);
#977=ORIENTED_EDGE('',*,*,#3370,.T.);
#978=ORIENTED_EDGE('',*,*,#3292,.F.);
#979=ORIENTED_EDGE('',*,*,#3371,.T.);
#980=ORIENTED_EDGE('',*,*,#3372,.F.);
#981=ORIENTED_EDGE('',*,*,#3373,.F.);
#982=ORIENTED_EDGE('',*,*,#3374,.F.);
#983=ORIENTED_EDGE('',*,*,#3375,.T.);
#984=ORIENTED_EDGE('',*,*,#3376,.F.);
#985=ORIENTED_EDGE('',*,*,#3377,.F.);
#986=ORIENTED_EDGE('',*,*,#3378,.T.);
#987=ORIENTED_EDGE('',*,*,#3379,.T.);
#988=ORIENTED_EDGE('',*,*,#3380,.T.);
#989=ORIENTED_EDGE('',*,*,#3381,.T.);
#990=ORIENTED_EDGE('',*,*,#3382,.T.);
#991=ORIENTED_EDGE('',*,*,#3383,.T.);
#992=ORIENTED_EDGE('',*,*,#3384,.T.);
#993=ORIENTED_EDGE('',*,*,#3385,.F.);
#994=ORIENTED_EDGE('',*,*,#3386,.T.);
#995=ORIENTED_EDGE('',*,*,#3387,.F.);
#996=ORIENTED_EDGE('',*,*,#3388,.F.);
#997=ORIENTED_EDGE('',*,*,#3389,.T.);
#998=ORIENTED_EDGE('',*,*,#3390,.T.);
#999=ORIENTED_EDGE('',*,*,#3391,.F.);
#1000=ORIENTED_EDGE('',*,*,#3392,.T.);
#1001=ORIENTED_EDGE('',*,*,#3393,.T.);
#1002=ORIENTED_EDGE('',*,*,#3394,.F.);
#1003=ORIENTED_EDGE('',*,*,#3325,.F.);
#1004=ORIENTED_EDGE('',*,*,#3257,.T.);
#1005=ORIENTED_EDGE('',*,*,#2937,.T.);
#1006=ORIENTED_EDGE('',*,*,#3395,.F.);
#1007=ORIENTED_EDGE('',*,*,#3238,.T.);
#1008=ORIENTED_EDGE('',*,*,#3169,.F.);
#1009=ORIENTED_EDGE('',*,*,#2978,.T.);
#1010=ORIENTED_EDGE('',*,*,#3396,.F.);
#1011=ORIENTED_EDGE('',*,*,#3210,.F.);
#1012=ORIENTED_EDGE('',*,*,#3397,.T.);
#1013=ORIENTED_EDGE('',*,*,#3398,.T.);
#1014=ORIENTED_EDGE('',*,*,#3399,.F.);
#1015=ORIENTED_EDGE('',*,*,#3131,.F.);
#1016=ORIENTED_EDGE('',*,*,#3301,.T.);
#1017=ORIENTED_EDGE('',*,*,#3400,.T.);
#1018=ORIENTED_EDGE('',*,*,#3277,.T.);
#1019=ORIENTED_EDGE('',*,*,#3401,.T.);
#1020=ORIENTED_EDGE('',*,*,#3402,.F.);
#1021=ORIENTED_EDGE('',*,*,#3014,.T.);
#1022=ORIENTED_EDGE('',*,*,#2950,.T.);
#1023=ORIENTED_EDGE('',*,*,#3312,.T.);
#1024=ORIENTED_EDGE('',*,*,#3299,.T.);
#1025=ORIENTED_EDGE('',*,*,#3403,.F.);
#1026=ORIENTED_EDGE('',*,*,#3404,.F.);
#1027=ORIENTED_EDGE('',*,*,#3405,.F.);
#1028=ORIENTED_EDGE('',*,*,#3125,.F.);
#1029=ORIENTED_EDGE('',*,*,#3406,.F.);
#1030=ORIENTED_EDGE('',*,*,#3407,.T.);
#1031=ORIENTED_EDGE('',*,*,#3408,.T.);
#1032=ORIENTED_EDGE('',*,*,#3183,.T.);
#1033=ORIENTED_EDGE('',*,*,#3409,.T.);
#1034=ORIENTED_EDGE('',*,*,#3410,.T.);
#1035=ORIENTED_EDGE('',*,*,#3411,.F.);
#1036=ORIENTED_EDGE('',*,*,#3180,.T.);
#1037=ORIENTED_EDGE('',*,*,#3412,.F.);
#1038=ORIENTED_EDGE('',*,*,#3413,.T.);
#1039=ORIENTED_EDGE('',*,*,#3414,.T.);
#1040=ORIENTED_EDGE('',*,*,#3412,.T.);
#1041=ORIENTED_EDGE('',*,*,#3179,.T.);
#1042=ORIENTED_EDGE('',*,*,#3236,.T.);
#1043=ORIENTED_EDGE('',*,*,#3415,.T.);
#1044=ORIENTED_EDGE('',*,*,#3416,.F.);
#1045=ORIENTED_EDGE('',*,*,#3398,.F.);
#1046=ORIENTED_EDGE('',*,*,#3417,.F.);
#1047=ORIENTED_EDGE('',*,*,#3351,.F.);
#1048=ORIENTED_EDGE('',*,*,#3224,.T.);
#1049=ORIENTED_EDGE('',*,*,#2926,.F.);
#1050=ORIENTED_EDGE('',*,*,#3018,.F.);
#1051=ORIENTED_EDGE('',*,*,#3418,.T.);
#1052=ORIENTED_EDGE('',*,*,#3181,.T.);
#1053=ORIENTED_EDGE('',*,*,#3411,.T.);
#1054=ORIENTED_EDGE('',*,*,#3419,.T.);
#1055=ORIENTED_EDGE('',*,*,#3420,.F.);
#1056=ORIENTED_EDGE('',*,*,#3407,.F.);
#1057=ORIENTED_EDGE('',*,*,#3421,.F.);
#1058=ORIENTED_EDGE('',*,*,#3090,.F.);
#1059=ORIENTED_EDGE('',*,*,#3422,.T.);
#1060=ORIENTED_EDGE('',*,*,#3373,.T.);
#1061=ORIENTED_EDGE('',*,*,#3423,.T.);
#1062=ORIENTED_EDGE('',*,*,#3424,.T.);
#1063=ORIENTED_EDGE('',*,*,#3306,.F.);
#1064=ORIENTED_EDGE('',*,*,#3184,.T.);
#1065=ORIENTED_EDGE('',*,*,#3408,.F.);
#1066=ORIENTED_EDGE('',*,*,#3425,.T.);
#1067=ORIENTED_EDGE('',*,*,#3426,.T.);
#1068=ORIENTED_EDGE('',*,*,#3418,.F.);
#1069=ORIENTED_EDGE('',*,*,#3427,.F.);
#1070=ORIENTED_EDGE('',*,*,#3428,.F.);
#1071=ORIENTED_EDGE('',*,*,#3409,.F.);
#1072=ORIENTED_EDGE('',*,*,#3182,.F.);
#1073=ORIENTED_EDGE('',*,*,#2930,.T.);
#1074=ORIENTED_EDGE('',*,*,#3429,.T.);
#1075=ORIENTED_EDGE('',*,*,#3221,.T.);
#1076=ORIENTED_EDGE('',*,*,#2928,.F.);
#1077=ORIENTED_EDGE('',*,*,#3223,.T.);
#1078=ORIENTED_EDGE('',*,*,#3430,.F.);
#1079=ORIENTED_EDGE('',*,*,#3431,.F.);
#1080=ORIENTED_EDGE('',*,*,#3432,.F.);
#1081=ORIENTED_EDGE('',*,*,#2969,.F.);
#1082=ORIENTED_EDGE('',*,*,#3433,.T.);
#1083=ORIENTED_EDGE('',*,*,#3124,.F.);
#1084=ORIENTED_EDGE('',*,*,#3119,.F.);
#1085=ORIENTED_EDGE('',*,*,#3434,.T.);
#1086=ORIENTED_EDGE('',*,*,#3091,.F.);
#1087=ORIENTED_EDGE('',*,*,#3421,.T.);
#1088=ORIENTED_EDGE('',*,*,#3406,.T.);
#1089=ORIENTED_EDGE('',*,*,#3435,.F.);
#1090=ORIENTED_EDGE('',*,*,#3244,.T.);
#1091=ORIENTED_EDGE('',*,*,#3436,.F.);
#1092=ORIENTED_EDGE('',*,*,#3437,.F.);
#1093=ORIENTED_EDGE('',*,*,#3438,.T.);
#1094=ORIENTED_EDGE('',*,*,#3433,.F.);
#1095=ORIENTED_EDGE('',*,*,#2968,.F.);
#1096=ORIENTED_EDGE('',*,*,#2929,.F.);
#1097=ORIENTED_EDGE('',*,*,#3430,.T.);
#1098=ORIENTED_EDGE('',*,*,#3222,.T.);
#1099=ORIENTED_EDGE('',*,*,#3429,.F.);
#1100=ORIENTED_EDGE('',*,*,#3439,.T.);
#1101=ORIENTED_EDGE('',*,*,#3240,.T.);
#1102=ORIENTED_EDGE('',*,*,#3186,.T.);
#1103=ORIENTED_EDGE('',*,*,#2972,.T.);
#1104=ORIENTED_EDGE('',*,*,#3440,.T.);
#1105=ORIENTED_EDGE('',*,*,#3441,.T.);
#1106=ORIENTED_EDGE('',*,*,#3442,.T.);
#1107=ORIENTED_EDGE('',*,*,#3443,.T.);
#1108=ORIENTED_EDGE('',*,*,#3440,.F.);
#1109=ORIENTED_EDGE('',*,*,#2971,.T.);
#1110=ORIENTED_EDGE('',*,*,#3245,.T.);
#1111=ORIENTED_EDGE('',*,*,#3435,.T.);
#1112=ORIENTED_EDGE('',*,*,#2967,.T.);
#1113=ORIENTED_EDGE('',*,*,#3444,.T.);
#1114=ORIENTED_EDGE('',*,*,#3385,.T.);
#1115=ORIENTED_EDGE('',*,*,#3445,.T.);
#1116=ORIENTED_EDGE('',*,*,#3446,.T.);
#1117=ORIENTED_EDGE('',*,*,#3447,.T.);
#1118=ORIENTED_EDGE('',*,*,#3424,.F.);
#1119=ORIENTED_EDGE('',*,*,#3448,.T.);
#1120=ORIENTED_EDGE('',*,*,#3449,.T.);
#1121=ORIENTED_EDGE('',*,*,#3450,.T.);
#1122=ORIENTED_EDGE('',*,*,#2958,.T.);
#1123=ORIENTED_EDGE('',*,*,#3015,.T.);
#1124=ORIENTED_EDGE('',*,*,#3402,.T.);
#1125=ORIENTED_EDGE('',*,*,#3451,.T.);
#1126=ORIENTED_EDGE('',*,*,#3248,.T.);
#1127=ORIENTED_EDGE('',*,*,#3452,.F.);
#1128=ORIENTED_EDGE('',*,*,#3453,.F.);
#1129=ORIENTED_EDGE('',*,*,#3454,.F.);
#1130=ORIENTED_EDGE('',*,*,#2964,.T.);
#1131=ORIENTED_EDGE('',*,*,#3455,.T.);
#1132=ORIENTED_EDGE('',*,*,#3456,.F.);
#1133=ORIENTED_EDGE('',*,*,#3457,.T.);
#1134=ORIENTED_EDGE('',*,*,#3298,.T.);
#1135=ORIENTED_EDGE('',*,*,#3279,.T.);
#1136=ORIENTED_EDGE('',*,*,#2960,.T.);
#1137=ORIENTED_EDGE('',*,*,#3458,.F.);
#1138=ORIENTED_EDGE('',*,*,#3403,.T.);
#1139=ORIENTED_EDGE('',*,*,#3459,.T.);
#1140=ORIENTED_EDGE('',*,*,#3448,.F.);
#1141=ORIENTED_EDGE('',*,*,#3423,.F.);
#1142=ORIENTED_EDGE('',*,*,#3372,.T.);
#1143=ORIENTED_EDGE('',*,*,#3460,.T.);
#1144=ORIENTED_EDGE('',*,*,#3310,.T.);
#1145=ORIENTED_EDGE('',*,*,#3461,.T.);
#1146=ORIENTED_EDGE('',*,*,#3376,.T.);
#1147=ORIENTED_EDGE('',*,*,#3462,.F.);
#1148=ORIENTED_EDGE('',*,*,#3455,.F.);
#1149=ORIENTED_EDGE('',*,*,#2996,.F.);
#1150=ORIENTED_EDGE('',*,*,#3463,.T.);
#1151=ORIENTED_EDGE('',*,*,#3464,.T.);
#1152=ORIENTED_EDGE('',*,*,#3219,.F.);
#1153=ORIENTED_EDGE('',*,*,#3465,.T.);
#1154=ORIENTED_EDGE('',*,*,#3466,.F.);
#1155=ORIENTED_EDGE('',*,*,#3467,.F.);
#1156=ORIENTED_EDGE('',*,*,#3468,.F.);
#1157=ORIENTED_EDGE('',*,*,#3469,.F.);
#1158=ORIENTED_EDGE('',*,*,#3470,.F.);
#1159=ORIENTED_EDGE('',*,*,#3446,.F.);
#1160=ORIENTED_EDGE('',*,*,#3471,.F.);
#1161=ORIENTED_EDGE('',*,*,#3472,.F.);
#1162=ORIENTED_EDGE('',*,*,#3473,.F.);
#1163=ORIENTED_EDGE('',*,*,#3249,.T.);
#1164=ORIENTED_EDGE('',*,*,#3457,.F.);
#1165=ORIENTED_EDGE('',*,*,#3474,.T.);
#1166=ORIENTED_EDGE('',*,*,#3475,.T.);
#1167=ORIENTED_EDGE('',*,*,#3467,.T.);
#1168=ORIENTED_EDGE('',*,*,#3476,.T.);
#1169=ORIENTED_EDGE('',*,*,#3477,.F.);
#1170=ORIENTED_EDGE('',*,*,#3246,.T.);
#1171=ORIENTED_EDGE('',*,*,#3444,.F.);
#1172=ORIENTED_EDGE('',*,*,#2966,.T.);
#1173=ORIENTED_EDGE('',*,*,#3478,.F.);
#1174=ORIENTED_EDGE('',*,*,#3479,.F.);
#1175=ORIENTED_EDGE('',*,*,#3436,.T.);
#1176=ORIENTED_EDGE('',*,*,#3243,.T.);
#1177=ORIENTED_EDGE('',*,*,#3480,.F.);
#1178=ORIENTED_EDGE('',*,*,#3481,.T.);
#1179=ORIENTED_EDGE('',*,*,#3454,.T.);
#1180=ORIENTED_EDGE('',*,*,#3482,.T.);
#1181=ORIENTED_EDGE('',*,*,#3478,.T.);
#1182=ORIENTED_EDGE('',*,*,#2965,.T.);
#1183=ORIENTED_EDGE('',*,*,#3439,.F.);
#1184=ORIENTED_EDGE('',*,*,#3483,.F.);
#1185=ORIENTED_EDGE('',*,*,#3484,.T.);
#1186=ORIENTED_EDGE('',*,*,#3241,.T.);
#1187=ORIENTED_EDGE('',*,*,#3088,.T.);
#1188=ORIENTED_EDGE('',*,*,#2910,.T.);
#1189=ORIENTED_EDGE('',*,*,#3114,.T.);
#1190=ORIENTED_EDGE('',*,*,#3485,.T.);
#1191=ORIENTED_EDGE('',*,*,#3486,.F.);
#1192=ORIENTED_EDGE('',*,*,#3487,.F.);
#1193=ORIENTED_EDGE('',*,*,#3488,.T.);
#1194=ORIENTED_EDGE('',*,*,#3489,.T.);
#1195=ORIENTED_EDGE('',*,*,#3441,.F.);
#1196=ORIENTED_EDGE('',*,*,#3443,.F.);
#1197=ORIENTED_EDGE('',*,*,#3490,.T.);
#1198=ORIENTED_EDGE('',*,*,#3483,.T.);
#1199=ORIENTED_EDGE('',*,*,#3491,.T.);
#1200=ORIENTED_EDGE('',*,*,#3374,.T.);
#1201=ORIENTED_EDGE('',*,*,#3422,.F.);
#1202=ORIENTED_EDGE('',*,*,#3450,.F.);
#1203=ORIENTED_EDGE('',*,*,#3463,.F.);
#1204=ORIENTED_EDGE('',*,*,#2995,.F.);
#1205=ORIENTED_EDGE('',*,*,#3278,.F.);
#1206=ORIENTED_EDGE('',*,*,#3250,.T.);
#1207=ORIENTED_EDGE('',*,*,#3473,.T.);
#1208=ORIENTED_EDGE('',*,*,#3492,.F.);
#1209=ORIENTED_EDGE('',*,*,#3242,.T.);
#1210=ORIENTED_EDGE('',*,*,#3484,.F.);
#1211=ORIENTED_EDGE('',*,*,#3490,.F.);
#1212=ORIENTED_EDGE('',*,*,#3442,.F.);
#1213=ORIENTED_EDGE('',*,*,#2970,.T.);
#1214=ORIENTED_EDGE('',*,*,#3432,.T.);
#1215=ORIENTED_EDGE('',*,*,#3493,.T.);
#1216=ORIENTED_EDGE('',*,*,#3494,.T.);
#1217=ORIENTED_EDGE('',*,*,#3480,.T.);
#1218=ORIENTED_EDGE('',*,*,#3451,.F.);
#1219=ORIENTED_EDGE('',*,*,#3404,.T.);
#1220=ORIENTED_EDGE('',*,*,#3458,.T.);
#1221=ORIENTED_EDGE('',*,*,#2959,.T.);
#1222=ORIENTED_EDGE('',*,*,#3495,.F.);
#1223=ORIENTED_EDGE('',*,*,#3496,.T.);
#1224=ORIENTED_EDGE('',*,*,#3474,.F.);
#1225=ORIENTED_EDGE('',*,*,#3497,.T.);
#1226=ORIENTED_EDGE('',*,*,#3498,.F.);
#1227=ORIENTED_EDGE('',*,*,#3499,.F.);
#1228=ORIENTED_EDGE('',*,*,#3500,.F.);
#1229=ORIENTED_EDGE('',*,*,#3501,.T.);
#1230=ORIENTED_EDGE('',*,*,#3502,.T.);
#1231=ORIENTED_EDGE('',*,*,#3479,.T.);
#1232=ORIENTED_EDGE('',*,*,#3482,.F.);
#1233=ORIENTED_EDGE('',*,*,#3453,.T.);
#1234=ORIENTED_EDGE('',*,*,#3503,.T.);
#1235=ORIENTED_EDGE('',*,*,#3118,.F.);
#1236=ORIENTED_EDGE('',*,*,#2906,.F.);
#1237=ORIENTED_EDGE('',*,*,#3083,.F.);
#1238=ORIENTED_EDGE('',*,*,#3434,.F.);
#1239=ORIENTED_EDGE('',*,*,#3504,.T.);
#1240=ORIENTED_EDGE('',*,*,#3505,.T.);
#1241=ORIENTED_EDGE('',*,*,#3437,.T.);
#1242=ORIENTED_EDGE('',*,*,#3481,.F.);
#1243=ORIENTED_EDGE('',*,*,#3494,.F.);
#1244=ORIENTED_EDGE('',*,*,#3506,.T.);
#1245=ORIENTED_EDGE('',*,*,#3507,.T.);
#1246=ORIENTED_EDGE('',*,*,#3508,.T.);
#1247=ORIENTED_EDGE('',*,*,#3477,.T.);
#1248=ORIENTED_EDGE('',*,*,#3503,.F.);
#1249=ORIENTED_EDGE('',*,*,#3452,.T.);
#1250=ORIENTED_EDGE('',*,*,#3247,.T.);
#1251=ORIENTED_EDGE('',*,*,#3464,.F.);
#1252=ORIENTED_EDGE('',*,*,#3475,.F.);
#1253=ORIENTED_EDGE('',*,*,#3496,.F.);
#1254=ORIENTED_EDGE('',*,*,#3509,.F.);
#1255=ORIENTED_EDGE('',*,*,#3471,.T.);
#1256=ORIENTED_EDGE('',*,*,#3445,.F.);
#1257=ORIENTED_EDGE('',*,*,#3384,.F.);
#1258=ORIENTED_EDGE('',*,*,#2936,.T.);
#1259=ORIENTED_EDGE('',*,*,#3272,.T.);
#1260=ORIENTED_EDGE('',*,*,#3400,.F.);
#1261=ORIENTED_EDGE('',*,*,#3300,.T.);
#1262=ORIENTED_EDGE('',*,*,#2932,.T.);
#1263=ORIENTED_EDGE('',*,*,#3220,.T.);
#1264=ORIENTED_EDGE('',*,*,#3510,.T.);
#1265=ORIENTED_EDGE('',*,*,#3511,.T.);
#1266=ORIENTED_EDGE('',*,*,#3512,.F.);
#1267=ORIENTED_EDGE('',*,*,#3513,.T.);
#1268=ORIENTED_EDGE('',*,*,#3205,.T.);
#1269=ORIENTED_EDGE('',*,*,#3145,.T.);
#1270=ORIENTED_EDGE('',*,*,#3161,.T.);
#1271=ORIENTED_EDGE('',*,*,#3514,.T.);
#1272=ORIENTED_EDGE('',*,*,#3416,.T.);
#1273=ORIENTED_EDGE('',*,*,#3017,.T.);
#1274=ORIENTED_EDGE('',*,*,#3128,.T.);
#1275=ORIENTED_EDGE('',*,*,#3399,.T.);
#1276=ORIENTED_EDGE('',*,*,#3116,.F.);
#1277=ORIENTED_EDGE('',*,*,#3126,.T.);
#1278=ORIENTED_EDGE('',*,*,#3405,.T.);
#1279=ORIENTED_EDGE('',*,*,#3420,.T.);
#1280=ORIENTED_EDGE('',*,*,#3089,.T.);
#1281=ORIENTED_EDGE('',*,*,#3485,.F.);
#1282=ORIENTED_EDGE('',*,*,#3155,.T.);
#1283=ORIENTED_EDGE('',*,*,#3211,.T.);
#1284=ORIENTED_EDGE('',*,*,#3396,.T.);
#1285=ORIENTED_EDGE('',*,*,#2977,.T.);
#1286=ORIENTED_EDGE('',*,*,#3352,.T.);
#1287=ORIENTED_EDGE('',*,*,#3417,.T.);
#1288=ORIENTED_EDGE('',*,*,#3397,.F.);
#1289=ORIENTED_EDGE('',*,*,#3130,.F.);
#1290=ORIENTED_EDGE('',*,*,#3366,.T.);
#1291=ORIENTED_EDGE('',*,*,#3217,.T.);
#1292=ORIENTED_EDGE('',*,*,#3515,.T.);
#1293=ORIENTED_EDGE('',*,*,#3516,.T.);
#1294=ORIENTED_EDGE('',*,*,#3517,.T.);
#1295=ORIENTED_EDGE('',*,*,#3518,.F.);
#1296=ORIENTED_EDGE('',*,*,#3519,.T.);
#1297=ORIENTED_EDGE('',*,*,#3520,.T.);
#1298=ORIENTED_EDGE('',*,*,#3521,.T.);
#1299=ORIENTED_EDGE('',*,*,#3522,.F.);
#1300=ORIENTED_EDGE('',*,*,#3215,.T.);
#1301=ORIENTED_EDGE('',*,*,#3523,.T.);
#1302=ORIENTED_EDGE('',*,*,#3524,.T.);
#1303=ORIENTED_EDGE('',*,*,#3216,.T.);
#1304=ORIENTED_EDGE('',*,*,#3522,.T.);
#1305=ORIENTED_EDGE('',*,*,#3525,.T.);
#1306=ORIENTED_EDGE('',*,*,#3515,.F.);
#1307=ORIENTED_EDGE('',*,*,#3518,.T.);
#1308=ORIENTED_EDGE('',*,*,#3526,.T.);
#1309=ORIENTED_EDGE('',*,*,#3527,.T.);
#1310=ORIENTED_EDGE('',*,*,#3528,.T.);
#1311=ORIENTED_EDGE('',*,*,#3291,.F.);
#1312=ORIENTED_EDGE('',*,*,#3311,.F.);
#1313=ORIENTED_EDGE('',*,*,#3460,.F.);
#1314=ORIENTED_EDGE('',*,*,#3371,.F.);
#1315=ORIENTED_EDGE('',*,*,#3520,.F.);
#1316=ORIENTED_EDGE('',*,*,#3529,.F.);
#1317=ORIENTED_EDGE('',*,*,#3530,.F.);
#1318=ORIENTED_EDGE('',*,*,#3531,.T.);
#1319=ORIENTED_EDGE('',*,*,#3491,.F.);
#1320=ORIENTED_EDGE('',*,*,#3449,.F.);
#1321=ORIENTED_EDGE('',*,*,#3459,.F.);
#1322=ORIENTED_EDGE('',*,*,#3375,.F.);
#1323=ORIENTED_EDGE('',*,*,#3350,.F.);
#1324=ORIENTED_EDGE('',*,*,#3532,.T.);
#1325=ORIENTED_EDGE('',*,*,#3523,.F.);
#1326=ORIENTED_EDGE('',*,*,#3214,.T.);
#1327=ORIENTED_EDGE('',*,*,#3378,.F.);
#1328=ORIENTED_EDGE('',*,*,#3533,.F.);
#1329=ORIENTED_EDGE('',*,*,#3308,.F.);
#1330=ORIENTED_EDGE('',*,*,#3534,.T.);
#1331=ORIENTED_EDGE('',*,*,#3309,.T.);
#1332=ORIENTED_EDGE('',*,*,#3533,.T.);
#1333=ORIENTED_EDGE('',*,*,#3377,.T.);
#1334=ORIENTED_EDGE('',*,*,#3461,.F.);
#1335=ORIENTED_EDGE('',*,*,#3528,.F.);
#1336=ORIENTED_EDGE('',*,*,#3535,.F.);
#1337=ORIENTED_EDGE('',*,*,#3529,.T.);
#1338=ORIENTED_EDGE('',*,*,#3519,.F.);
#1339=ORIENTED_EDGE('',*,*,#3395,.T.);
#1340=ORIENTED_EDGE('',*,*,#3212,.F.);
#1341=ORIENTED_EDGE('',*,*,#3153,.T.);
#1342=ORIENTED_EDGE('',*,*,#3239,.T.);
#1343=ORIENTED_EDGE('',*,*,#3388,.T.);
#1344=ORIENTED_EDGE('',*,*,#3536,.T.);
#1345=ORIENTED_EDGE('',*,*,#3233,.T.);
#1346=ORIENTED_EDGE('',*,*,#3537,.T.);
#1347=ORIENTED_EDGE('',*,*,#3202,.F.);
#1348=ORIENTED_EDGE('',*,*,#3514,.F.);
#1349=ORIENTED_EDGE('',*,*,#3160,.T.);
#1350=ORIENTED_EDGE('',*,*,#3237,.T.);
#1351=ORIENTED_EDGE('',*,*,#3527,.F.);
#1352=ORIENTED_EDGE('',*,*,#3538,.T.);
#1353=ORIENTED_EDGE('',*,*,#3530,.T.);
#1354=ORIENTED_EDGE('',*,*,#3535,.T.);
#1355=ORIENTED_EDGE('',*,*,#3389,.F.);
#1356=ORIENTED_EDGE('',*,*,#3537,.F.);
#1357=ORIENTED_EDGE('',*,*,#3232,.F.);
#1358=ORIENTED_EDGE('',*,*,#3539,.F.);
#1359=ORIENTED_EDGE('',*,*,#3540,.T.);
#1360=ORIENTED_EDGE('',*,*,#3541,.T.);
#1361=ORIENTED_EDGE('',*,*,#3542,.T.);
#1362=ORIENTED_EDGE('',*,*,#3543,.T.);
#1363=ORIENTED_EDGE('',*,*,#3544,.F.);
#1364=ORIENTED_EDGE('',*,*,#3545,.F.);
#1365=ORIENTED_EDGE('',*,*,#3546,.T.);
#1366=ORIENTED_EDGE('',*,*,#3547,.T.);
#1367=ORIENTED_EDGE('',*,*,#3294,.F.);
#1368=ORIENTED_EDGE('',*,*,#3548,.T.);
#1369=ORIENTED_EDGE('',*,*,#3549,.T.);
#1370=ORIENTED_EDGE('',*,*,#3550,.T.);
#1371=ORIENTED_EDGE('',*,*,#3551,.T.);
#1372=ORIENTED_EDGE('',*,*,#3552,.T.);
#1373=ORIENTED_EDGE('',*,*,#3553,.T.);
#1374=ORIENTED_EDGE('',*,*,#3554,.T.);
#1375=ORIENTED_EDGE('',*,*,#3555,.T.);
#1376=ORIENTED_EDGE('',*,*,#3556,.T.);
#1377=ORIENTED_EDGE('',*,*,#3336,.T.);
#1378=ORIENTED_EDGE('',*,*,#3557,.T.);
#1379=ORIENTED_EDGE('',*,*,#3558,.T.);
#1380=ORIENTED_EDGE('',*,*,#3559,.T.);
#1381=ORIENTED_EDGE('',*,*,#3560,.T.);
#1382=ORIENTED_EDGE('',*,*,#3561,.F.);
#1383=ORIENTED_EDGE('',*,*,#3562,.F.);
#1384=ORIENTED_EDGE('',*,*,#3563,.T.);
#1385=ORIENTED_EDGE('',*,*,#3465,.F.);
#1386=ORIENTED_EDGE('',*,*,#3218,.F.);
#1387=ORIENTED_EDGE('',*,*,#3517,.F.);
#1388=ORIENTED_EDGE('',*,*,#3564,.T.);
#1389=ORIENTED_EDGE('',*,*,#3565,.F.);
#1390=ORIENTED_EDGE('',*,*,#3566,.F.);
#1391=ORIENTED_EDGE('',*,*,#3567,.T.);
#1392=ORIENTED_EDGE('',*,*,#3568,.F.);
#1393=ORIENTED_EDGE('',*,*,#3569,.T.);
#1394=ORIENTED_EDGE('',*,*,#3516,.F.);
#1395=ORIENTED_EDGE('',*,*,#3525,.F.);
#1396=ORIENTED_EDGE('',*,*,#3521,.F.);
#1397=ORIENTED_EDGE('',*,*,#3531,.F.);
#1398=ORIENTED_EDGE('',*,*,#3538,.F.);
#1399=ORIENTED_EDGE('',*,*,#3526,.F.);
#1400=ORIENTED_EDGE('',*,*,#3524,.F.);
#1401=ORIENTED_EDGE('',*,*,#3532,.F.);
#1402=ORIENTED_EDGE('',*,*,#3359,.F.);
#1403=ORIENTED_EDGE('',*,*,#3570,.F.);
#1404=ORIENTED_EDGE('',*,*,#3571,.F.);
#1405=ORIENTED_EDGE('',*,*,#3572,.T.);
#1406=ORIENTED_EDGE('',*,*,#3573,.F.);
#1407=ORIENTED_EDGE('',*,*,#3574,.F.);
#1408=ORIENTED_EDGE('',*,*,#3357,.F.);
#1409=ORIENTED_EDGE('',*,*,#3575,.T.);
#1410=ORIENTED_EDGE('',*,*,#3576,.T.);
#1411=ORIENTED_EDGE('',*,*,#3577,.F.);
#1412=ORIENTED_EDGE('',*,*,#3578,.T.);
#1413=ORIENTED_EDGE('',*,*,#3579,.T.);
#1414=ORIENTED_EDGE('',*,*,#3580,.T.);
#1415=ORIENTED_EDGE('',*,*,#3581,.F.);
#1416=ORIENTED_EDGE('',*,*,#3582,.T.);
#1417=ORIENTED_EDGE('',*,*,#3583,.F.);
#1418=ORIENTED_EDGE('',*,*,#3584,.F.);
#1419=ORIENTED_EDGE('',*,*,#3585,.T.);
#1420=ORIENTED_EDGE('',*,*,#3586,.F.);
#1421=ORIENTED_EDGE('',*,*,#3587,.F.);
#1422=ORIENTED_EDGE('',*,*,#3565,.T.);
#1423=ORIENTED_EDGE('',*,*,#3588,.T.);
#1424=ORIENTED_EDGE('',*,*,#3589,.F.);
#1425=ORIENTED_EDGE('',*,*,#3590,.F.);
#1426=ORIENTED_EDGE('',*,*,#3591,.T.);
#1427=ORIENTED_EDGE('',*,*,#3589,.T.);
#1428=ORIENTED_EDGE('',*,*,#3592,.T.);
#1429=ORIENTED_EDGE('',*,*,#3593,.F.);
#1430=ORIENTED_EDGE('',*,*,#3583,.T.);
#1431=ORIENTED_EDGE('',*,*,#3594,.F.);
#1432=ORIENTED_EDGE('',*,*,#3595,.T.);
#1433=ORIENTED_EDGE('',*,*,#3552,.F.);
#1434=ORIENTED_EDGE('',*,*,#3596,.T.);
#1435=ORIENTED_EDGE('',*,*,#3597,.T.);
#1436=ORIENTED_EDGE('',*,*,#3534,.F.);
#1437=ORIENTED_EDGE('',*,*,#3307,.F.);
#1438=ORIENTED_EDGE('',*,*,#3426,.F.);
#1439=ORIENTED_EDGE('',*,*,#3598,.F.);
#1440=ORIENTED_EDGE('',*,*,#3599,.T.);
#1441=ORIENTED_EDGE('',*,*,#3600,.F.);
#1442=ORIENTED_EDGE('',*,*,#3601,.F.);
#1443=ORIENTED_EDGE('',*,*,#3602,.F.);
#1444=ORIENTED_EDGE('',*,*,#3603,.F.);
#1445=ORIENTED_EDGE('',*,*,#3604,.F.);
#1446=ORIENTED_EDGE('',*,*,#3605,.F.);
#1447=ORIENTED_EDGE('',*,*,#3606,.F.);
#1448=ORIENTED_EDGE('',*,*,#3607,.F.);
#1449=ORIENTED_EDGE('',*,*,#3608,.F.);
#1450=ORIENTED_EDGE('',*,*,#3609,.F.);
#1451=ORIENTED_EDGE('',*,*,#3610,.F.);
#1452=ORIENTED_EDGE('',*,*,#3611,.F.);
#1453=ORIENTED_EDGE('',*,*,#3612,.F.);
#1454=ORIENTED_EDGE('',*,*,#3613,.F.);
#1455=ORIENTED_EDGE('',*,*,#3554,.F.);
#1456=ORIENTED_EDGE('',*,*,#3614,.F.);
#1457=ORIENTED_EDGE('',*,*,#3615,.T.);
#1458=ORIENTED_EDGE('',*,*,#3616,.F.);
#1459=ORIENTED_EDGE('',*,*,#3617,.F.);
#1460=ORIENTED_EDGE('',*,*,#3618,.F.);
#1461=ORIENTED_EDGE('',*,*,#3619,.F.);
#1462=ORIENTED_EDGE('',*,*,#3620,.F.);
#1463=ORIENTED_EDGE('',*,*,#3621,.T.);
#1464=ORIENTED_EDGE('',*,*,#3362,.T.);
#1465=ORIENTED_EDGE('',*,*,#3622,.F.);
#1466=ORIENTED_EDGE('',*,*,#3623,.F.);
#1467=ORIENTED_EDGE('',*,*,#3624,.T.);
#1468=ORIENTED_EDGE('',*,*,#3625,.T.);
#1469=ORIENTED_EDGE('',*,*,#3391,.T.);
#1470=ORIENTED_EDGE('',*,*,#3626,.T.);
#1471=ORIENTED_EDGE('',*,*,#3627,.F.);
#1472=ORIENTED_EDGE('',*,*,#3628,.F.);
#1473=ORIENTED_EDGE('',*,*,#3591,.F.);
#1474=ORIENTED_EDGE('',*,*,#3582,.F.);
#1475=ORIENTED_EDGE('',*,*,#3629,.F.);
#1476=ORIENTED_EDGE('',*,*,#3364,.F.);
#1477=ORIENTED_EDGE('',*,*,#3630,.T.);
#1478=ORIENTED_EDGE('',*,*,#3631,.T.);
#1479=ORIENTED_EDGE('',*,*,#3632,.T.);
#1480=ORIENTED_EDGE('',*,*,#3633,.F.);
#1481=ORIENTED_EDGE('',*,*,#3634,.T.);
#1482=ORIENTED_EDGE('',*,*,#3635,.T.);
#1483=ORIENTED_EDGE('',*,*,#3571,.T.);
#1484=ORIENTED_EDGE('',*,*,#3636,.T.);
#1485=ORIENTED_EDGE('',*,*,#3586,.T.);
#1486=ORIENTED_EDGE('',*,*,#3637,.T.);
#1487=ORIENTED_EDGE('',*,*,#3566,.T.);
#1488=ORIENTED_EDGE('',*,*,#3466,.T.);
#1489=ORIENTED_EDGE('',*,*,#3590,.T.);
#1490=ORIENTED_EDGE('',*,*,#3628,.T.);
#1491=ORIENTED_EDGE('',*,*,#3638,.F.);
#1492=ORIENTED_EDGE('',*,*,#3639,.F.);
#1493=ORIENTED_EDGE('',*,*,#3640,.T.);
#1494=ORIENTED_EDGE('',*,*,#3641,.T.);
#1495=ORIENTED_EDGE('',*,*,#3626,.F.);
#1496=ORIENTED_EDGE('',*,*,#3390,.F.);
#1497=ORIENTED_EDGE('',*,*,#3539,.T.);
#1498=ORIENTED_EDGE('',*,*,#3231,.T.);
#1499=ORIENTED_EDGE('',*,*,#3642,.F.);
#1500=ORIENTED_EDGE('',*,*,#3643,.F.);
#1501=ORIENTED_EDGE('',*,*,#3644,.T.);
#1502=ORIENTED_EDGE('',*,*,#3645,.T.);
#1503=ORIENTED_EDGE('',*,*,#3646,.F.);
#1504=ORIENTED_EDGE('',*,*,#3647,.F.);
#1505=ORIENTED_EDGE('',*,*,#3648,.F.);
#1506=ORIENTED_EDGE('',*,*,#3425,.F.);
#1507=ORIENTED_EDGE('',*,*,#3410,.F.);
#1508=ORIENTED_EDGE('',*,*,#3428,.T.);
#1509=ORIENTED_EDGE('',*,*,#3649,.F.);
#1510=ORIENTED_EDGE('',*,*,#3413,.F.);
#1511=ORIENTED_EDGE('',*,*,#3415,.F.);
#1512=ORIENTED_EDGE('',*,*,#3235,.T.);
#1513=ORIENTED_EDGE('',*,*,#3650,.F.);
#1514=ORIENTED_EDGE('',*,*,#3386,.F.);
#1515=ORIENTED_EDGE('',*,*,#3447,.F.);
#1516=ORIENTED_EDGE('',*,*,#3470,.T.);
#1517=ORIENTED_EDGE('',*,*,#3651,.F.);
#1518=ORIENTED_EDGE('',*,*,#3497,.F.);
#1519=ORIENTED_EDGE('',*,*,#3476,.F.);
#1520=ORIENTED_EDGE('',*,*,#3652,.F.);
#1521=ORIENTED_EDGE('',*,*,#3619,.T.);
#1522=ORIENTED_EDGE('',*,*,#3653,.F.);
#1523=ORIENTED_EDGE('',*,*,#3654,.F.);
#1524=ORIENTED_EDGE('',*,*,#3655,.F.);
#1525=ORIENTED_EDGE('',*,*,#3567,.F.);
#1526=ORIENTED_EDGE('',*,*,#3637,.F.);
#1527=ORIENTED_EDGE('',*,*,#3585,.F.);
#1528=ORIENTED_EDGE('',*,*,#3656,.F.);
#1529=ORIENTED_EDGE('',*,*,#3579,.F.);
#1530=ORIENTED_EDGE('',*,*,#3657,.F.);
#1531=ORIENTED_EDGE('',*,*,#3658,.F.);
#1532=ORIENTED_EDGE('',*,*,#3624,.F.);
#1533=ORIENTED_EDGE('',*,*,#3641,.F.);
#1534=ORIENTED_EDGE('',*,*,#3659,.F.);
#1535=ORIENTED_EDGE('',*,*,#3660,.T.);
#1536=ORIENTED_EDGE('',*,*,#3661,.F.);
#1537=ORIENTED_EDGE('',*,*,#3601,.T.);
#1538=ORIENTED_EDGE('',*,*,#3662,.T.);
#1539=ORIENTED_EDGE('',*,*,#3663,.F.);
#1540=ORIENTED_EDGE('',*,*,#3664,.F.);
#1541=ORIENTED_EDGE('',*,*,#3665,.F.);
#1542=ORIENTED_EDGE('',*,*,#3666,.F.);
#1543=ORIENTED_EDGE('',*,*,#3616,.T.);
#1544=ORIENTED_EDGE('',*,*,#3667,.T.);
#1545=ORIENTED_EDGE('',*,*,#3668,.F.);
#1546=ORIENTED_EDGE('',*,*,#3555,.F.);
#1547=ORIENTED_EDGE('',*,*,#3613,.T.);
#1548=ORIENTED_EDGE('',*,*,#3669,.T.);
#1549=ORIENTED_EDGE('',*,*,#3670,.F.);
#1550=ORIENTED_EDGE('',*,*,#3671,.F.);
#1551=ORIENTED_EDGE('',*,*,#3609,.T.);
#1552=ORIENTED_EDGE('',*,*,#3672,.T.);
#1553=ORIENTED_EDGE('',*,*,#3673,.F.);
#1554=ORIENTED_EDGE('',*,*,#3674,.F.);
#1555=ORIENTED_EDGE('',*,*,#3605,.T.);
#1556=ORIENTED_EDGE('',*,*,#3675,.T.);
#1557=ORIENTED_EDGE('',*,*,#3676,.F.);
#1558=ORIENTED_EDGE('',*,*,#3677,.F.);
#1559=ORIENTED_EDGE('',*,*,#3678,.F.);
#1560=ORIENTED_EDGE('',*,*,#3679,.F.);
#1561=ORIENTED_EDGE('',*,*,#3680,.F.);
#1562=ORIENTED_EDGE('',*,*,#3681,.F.);
#1563=ORIENTED_EDGE('',*,*,#3682,.F.);
#1564=ORIENTED_EDGE('',*,*,#3546,.F.);
#1565=ORIENTED_EDGE('',*,*,#3683,.F.);
#1566=ORIENTED_EDGE('',*,*,#3684,.F.);
#1567=ORIENTED_EDGE('',*,*,#3685,.T.);
#1568=ORIENTED_EDGE('',*,*,#3542,.F.);
#1569=ORIENTED_EDGE('',*,*,#3686,.F.);
#1570=ORIENTED_EDGE('',*,*,#3266,.T.);
#1571=ORIENTED_EDGE('',*,*,#3687,.F.);
#1572=ORIENTED_EDGE('',*,*,#3269,.F.);
#1573=ORIENTED_EDGE('',*,*,#3688,.F.);
#1574=ORIENTED_EDGE('',*,*,#3228,.F.);
#1575=ORIENTED_EDGE('',*,*,#3689,.F.);
#1576=ORIENTED_EDGE('',*,*,#3393,.F.);
#1577=ORIENTED_EDGE('',*,*,#3690,.F.);
#1578=ORIENTED_EDGE('',*,*,#3275,.T.);
#1579=ORIENTED_EDGE('',*,*,#3691,.F.);
#1580=ORIENTED_EDGE('',*,*,#3303,.F.);
#1581=ORIENTED_EDGE('',*,*,#3692,.F.);
#1582=ORIENTED_EDGE('',*,*,#3580,.F.);
#1583=ORIENTED_EDGE('',*,*,#3656,.T.);
#1584=ORIENTED_EDGE('',*,*,#3693,.T.);
#1585=ORIENTED_EDGE('',*,*,#3694,.F.);
#1586=ORIENTED_EDGE('',*,*,#3576,.F.);
#1587=ORIENTED_EDGE('',*,*,#3695,.T.);
#1588=ORIENTED_EDGE('',*,*,#3696,.F.);
#1589=ORIENTED_EDGE('',*,*,#3697,.F.);
#1590=ORIENTED_EDGE('',*,*,#3698,.F.);
#1591=ORIENTED_EDGE('',*,*,#3699,.F.);
#1592=ORIENTED_EDGE('',*,*,#3700,.F.);
#1593=ORIENTED_EDGE('',*,*,#3701,.F.);
#1594=ORIENTED_EDGE('',*,*,#3702,.F.);
#1595=ORIENTED_EDGE('',*,*,#3703,.F.);
#1596=ORIENTED_EDGE('',*,*,#3704,.F.);
#1597=ORIENTED_EDGE('',*,*,#3705,.F.);
#1598=ORIENTED_EDGE('',*,*,#3706,.F.);
#1599=ORIENTED_EDGE('',*,*,#3707,.T.);
#1600=ORIENTED_EDGE('',*,*,#3708,.F.);
#1601=ORIENTED_EDGE('',*,*,#3709,.F.);
#1602=ORIENTED_EDGE('',*,*,#3710,.F.);
#1603=ORIENTED_EDGE('',*,*,#3330,.F.);
#1604=ORIENTED_EDGE('',*,*,#3711,.F.);
#1605=ORIENTED_EDGE('',*,*,#3667,.F.);
#1606=ORIENTED_EDGE('',*,*,#3615,.F.);
#1607=ORIENTED_EDGE('',*,*,#3712,.F.);
#1608=ORIENTED_EDGE('',*,*,#3713,.F.);
#1609=ORIENTED_EDGE('',*,*,#3714,.F.);
#1610=ORIENTED_EDGE('',*,*,#3715,.F.);
#1611=ORIENTED_EDGE('',*,*,#3716,.T.);
#1612=ORIENTED_EDGE('',*,*,#3717,.F.);
#1613=ORIENTED_EDGE('',*,*,#3718,.F.);
#1614=ORIENTED_EDGE('',*,*,#3719,.F.);
#1615=ORIENTED_EDGE('',*,*,#3338,.F.);
#1616=ORIENTED_EDGE('',*,*,#3720,.F.);
#1617=ORIENTED_EDGE('',*,*,#3669,.F.);
#1618=ORIENTED_EDGE('',*,*,#3612,.T.);
#1619=ORIENTED_EDGE('',*,*,#3721,.F.);
#1620=ORIENTED_EDGE('',*,*,#3703,.T.);
#1621=ORIENTED_EDGE('',*,*,#3722,.T.);
#1622=ORIENTED_EDGE('',*,*,#3723,.F.);
#1623=ORIENTED_EDGE('',*,*,#3724,.F.);
#1624=ORIENTED_EDGE('',*,*,#3725,.F.);
#1625=ORIENTED_EDGE('',*,*,#3677,.T.);
#1626=ORIENTED_EDGE('',*,*,#3726,.T.);
#1627=ORIENTED_EDGE('',*,*,#3727,.T.);
#1628=ORIENTED_EDGE('',*,*,#3728,.F.);
#1629=ORIENTED_EDGE('',*,*,#3729,.T.);
#1630=ORIENTED_EDGE('',*,*,#3730,.T.);
#1631=ORIENTED_EDGE('',*,*,#3296,.F.);
#1632=ORIENTED_EDGE('',*,*,#3731,.T.);
#1633=ORIENTED_EDGE('',*,*,#3681,.T.);
#1634=ORIENTED_EDGE('',*,*,#3732,.F.);
#1635=ORIENTED_EDGE('',*,*,#3733,.F.);
#1636=ORIENTED_EDGE('',*,*,#3734,.F.);
#1637=ORIENTED_EDGE('',*,*,#3735,.F.);
#1638=ORIENTED_EDGE('',*,*,#3736,.T.);
#1639=ORIENTED_EDGE('',*,*,#3737,.F.);
#1640=ORIENTED_EDGE('',*,*,#3738,.F.);
#1641=ORIENTED_EDGE('',*,*,#3739,.F.);
#1642=ORIENTED_EDGE('',*,*,#3346,.F.);
#1643=ORIENTED_EDGE('',*,*,#3740,.F.);
#1644=ORIENTED_EDGE('',*,*,#3672,.F.);
#1645=ORIENTED_EDGE('',*,*,#3608,.T.);
#1646=ORIENTED_EDGE('',*,*,#3741,.F.);
#1647=ORIENTED_EDGE('',*,*,#3295,.F.);
#1648=ORIENTED_EDGE('',*,*,#3547,.F.);
#1649=ORIENTED_EDGE('',*,*,#3682,.T.);
#1650=ORIENTED_EDGE('',*,*,#3731,.F.);
#1651=ORIENTED_EDGE('',*,*,#3742,.T.);
#1652=ORIENTED_EDGE('',*,*,#3602,.T.);
#1653=ORIENTED_EDGE('',*,*,#3661,.T.);
#1654=ORIENTED_EDGE('',*,*,#3743,.T.);
#1655=ORIENTED_EDGE('',*,*,#3322,.T.);
#1656=ORIENTED_EDGE('',*,*,#3744,.T.);
#1657=ORIENTED_EDGE('',*,*,#3745,.T.);
#1658=ORIENTED_EDGE('',*,*,#3746,.T.);
#1659=ORIENTED_EDGE('',*,*,#3747,.T.);
#1660=ORIENTED_EDGE('',*,*,#3748,.T.);
#1661=ORIENTED_EDGE('',*,*,#3749,.T.);
#1662=ORIENTED_EDGE('',*,*,#3750,.T.);
#1663=ORIENTED_EDGE('',*,*,#3751,.F.);
#1664=ORIENTED_EDGE('',*,*,#3722,.F.);
#1665=ORIENTED_EDGE('',*,*,#3702,.T.);
#1666=ORIENTED_EDGE('',*,*,#3752,.F.);
#1667=ORIENTED_EDGE('',*,*,#3753,.T.);
#1668=ORIENTED_EDGE('',*,*,#3678,.T.);
#1669=ORIENTED_EDGE('',*,*,#3725,.T.);
#1670=ORIENTED_EDGE('',*,*,#3754,.T.);
#1671=ORIENTED_EDGE('',*,*,#3617,.T.);
#1672=ORIENTED_EDGE('',*,*,#3666,.T.);
#1673=ORIENTED_EDGE('',*,*,#3755,.T.);
#1674=ORIENTED_EDGE('',*,*,#3756,.T.);
#1675=ORIENTED_EDGE('',*,*,#3679,.T.);
#1676=ORIENTED_EDGE('',*,*,#3753,.F.);
#1677=ORIENTED_EDGE('',*,*,#3757,.F.);
#1678=ORIENTED_EDGE('',*,*,#3758,.F.);
#1679=ORIENTED_EDGE('',*,*,#3355,.F.);
#1680=ORIENTED_EDGE('',*,*,#3759,.F.);
#1681=ORIENTED_EDGE('',*,*,#3760,.F.);
#1682=ORIENTED_EDGE('',*,*,#3761,.F.);
#1683=ORIENTED_EDGE('',*,*,#3762,.F.);
#1684=ORIENTED_EDGE('',*,*,#3696,.T.);
#1685=ORIENTED_EDGE('',*,*,#3763,.T.);
#1686=ORIENTED_EDGE('',*,*,#3755,.F.);
#1687=ORIENTED_EDGE('',*,*,#3665,.T.);
#1688=ORIENTED_EDGE('',*,*,#3764,.T.);
#1689=ORIENTED_EDGE('',*,*,#3765,.T.);
#1690=ORIENTED_EDGE('',*,*,#3766,.T.);
#1691=ORIENTED_EDGE('',*,*,#3414,.F.);
#1692=ORIENTED_EDGE('',*,*,#3649,.T.);
#1693=ORIENTED_EDGE('',*,*,#3427,.T.);
#1694=ORIENTED_EDGE('',*,*,#3419,.F.);
#1695=ORIENTED_EDGE('',*,*,#3767,.F.);
#1696=ORIENTED_EDGE('',*,*,#3768,.F.);
#1697=ORIENTED_EDGE('',*,*,#3769,.F.);
#1698=ORIENTED_EDGE('',*,*,#3770,.F.);
#1699=ORIENTED_EDGE('',*,*,#3771,.T.);
#1700=ORIENTED_EDGE('',*,*,#3772,.T.);
#1701=ORIENTED_EDGE('',*,*,#3773,.F.);
#1702=ORIENTED_EDGE('',*,*,#3774,.T.);
#1703=ORIENTED_EDGE('',*,*,#3775,.F.);
#1704=ORIENTED_EDGE('',*,*,#3776,.F.);
#1705=ORIENTED_EDGE('',*,*,#3777,.F.);
#1706=ORIENTED_EDGE('',*,*,#3778,.F.);
#1707=ORIENTED_EDGE('',*,*,#3779,.F.);
#1708=ORIENTED_EDGE('',*,*,#3780,.F.);
#1709=ORIENTED_EDGE('',*,*,#3781,.T.);
#1710=ORIENTED_EDGE('',*,*,#3782,.T.);
#1711=ORIENTED_EDGE('',*,*,#3783,.F.);
#1712=ORIENTED_EDGE('',*,*,#3784,.T.);
#1713=ORIENTED_EDGE('',*,*,#3785,.F.);
#1714=ORIENTED_EDGE('',*,*,#3786,.F.);
#1715=ORIENTED_EDGE('',*,*,#3787,.F.);
#1716=ORIENTED_EDGE('',*,*,#3788,.F.);
#1717=ORIENTED_EDGE('',*,*,#3622,.T.);
#1718=ORIENTED_EDGE('',*,*,#3361,.T.);
#1719=ORIENTED_EDGE('',*,*,#3289,.F.);
#1720=ORIENTED_EDGE('',*,*,#3323,.F.);
#1721=ORIENTED_EDGE('',*,*,#3743,.F.);
#1722=ORIENTED_EDGE('',*,*,#3676,.T.);
#1723=ORIENTED_EDGE('',*,*,#3789,.T.);
#1724=ORIENTED_EDGE('',*,*,#3315,.F.);
#1725=ORIENTED_EDGE('',*,*,#3790,.F.);
#1726=ORIENTED_EDGE('',*,*,#3673,.T.);
#1727=ORIENTED_EDGE('',*,*,#3740,.T.);
#1728=ORIENTED_EDGE('',*,*,#3345,.F.);
#1729=ORIENTED_EDGE('',*,*,#3791,.F.);
#1730=ORIENTED_EDGE('',*,*,#3670,.T.);
#1731=ORIENTED_EDGE('',*,*,#3720,.T.);
#1732=ORIENTED_EDGE('',*,*,#3337,.F.);
#1733=ORIENTED_EDGE('',*,*,#3556,.F.);
#1734=ORIENTED_EDGE('',*,*,#3668,.T.);
#1735=ORIENTED_EDGE('',*,*,#3711,.T.);
#1736=ORIENTED_EDGE('',*,*,#3329,.F.);
#1737=ORIENTED_EDGE('',*,*,#3360,.T.);
#1738=ORIENTED_EDGE('',*,*,#3285,.T.);
#1739=ORIENTED_EDGE('',*,*,#3792,.T.);
#1740=ORIENTED_EDGE('',*,*,#3793,.T.);
#1741=ORIENTED_EDGE('',*,*,#3794,.F.);
#1742=ORIENTED_EDGE('',*,*,#3795,.T.);
#1743=ORIENTED_EDGE('',*,*,#3796,.F.);
#1744=ORIENTED_EDGE('',*,*,#3797,.F.);
#1745=ORIENTED_EDGE('',*,*,#3798,.F.);
#1746=ORIENTED_EDGE('',*,*,#3799,.F.);
#1747=ORIENTED_EDGE('',*,*,#3800,.F.);
#1748=ORIENTED_EDGE('',*,*,#3801,.F.);
#1749=ORIENTED_EDGE('',*,*,#3802,.F.);
#1750=ORIENTED_EDGE('',*,*,#3803,.T.);
#1751=ORIENTED_EDGE('',*,*,#3804,.F.);
#1752=ORIENTED_EDGE('',*,*,#3805,.T.);
#1753=ORIENTED_EDGE('',*,*,#3806,.F.);
#1754=ORIENTED_EDGE('',*,*,#3807,.F.);
#1755=ORIENTED_EDGE('',*,*,#3808,.F.);
#1756=ORIENTED_EDGE('',*,*,#3610,.T.);
#1757=ORIENTED_EDGE('',*,*,#3671,.T.);
#1758=ORIENTED_EDGE('',*,*,#3791,.T.);
#1759=ORIENTED_EDGE('',*,*,#3344,.T.);
#1760=ORIENTED_EDGE('',*,*,#3809,.T.);
#1761=ORIENTED_EDGE('',*,*,#3810,.T.);
#1762=ORIENTED_EDGE('',*,*,#3811,.T.);
#1763=ORIENTED_EDGE('',*,*,#3812,.T.);
#1764=ORIENTED_EDGE('',*,*,#3813,.F.);
#1765=ORIENTED_EDGE('',*,*,#3814,.F.);
#1766=ORIENTED_EDGE('',*,*,#3815,.F.);
#1767=ORIENTED_EDGE('',*,*,#3816,.F.);
#1768=ORIENTED_EDGE('',*,*,#3817,.F.);
#1769=ORIENTED_EDGE('',*,*,#3707,.F.);
#1770=ORIENTED_EDGE('',*,*,#3818,.F.);
#1771=ORIENTED_EDGE('',*,*,#3560,.F.);
#1772=ORIENTED_EDGE('',*,*,#3819,.T.);
#1773=ORIENTED_EDGE('',*,*,#3820,.F.);
#1774=ORIENTED_EDGE('',*,*,#3821,.F.);
#1775=ORIENTED_EDGE('',*,*,#3822,.T.);
#1776=ORIENTED_EDGE('',*,*,#3732,.T.);
#1777=ORIENTED_EDGE('',*,*,#3680,.T.);
#1778=ORIENTED_EDGE('',*,*,#3758,.T.);
#1779=ORIENTED_EDGE('',*,*,#3823,.F.);
#1780=ORIENTED_EDGE('',*,*,#3824,.F.);
#1781=ORIENTED_EDGE('',*,*,#3825,.F.);
#1782=ORIENTED_EDGE('',*,*,#3826,.F.);
#1783=ORIENTED_EDGE('',*,*,#3827,.F.);
#1784=ORIENTED_EDGE('',*,*,#3828,.F.);
#1785=ORIENTED_EDGE('',*,*,#3829,.F.);
#1786=ORIENTED_EDGE('',*,*,#3316,.F.);
#1787=ORIENTED_EDGE('',*,*,#3789,.F.);
#1788=ORIENTED_EDGE('',*,*,#3675,.F.);
#1789=ORIENTED_EDGE('',*,*,#3604,.T.);
#1790=ORIENTED_EDGE('',*,*,#3830,.F.);
#1791=ORIENTED_EDGE('',*,*,#3831,.F.);
#1792=ORIENTED_EDGE('',*,*,#3832,.T.);
#1793=ORIENTED_EDGE('',*,*,#3833,.T.);
#1794=ORIENTED_EDGE('',*,*,#3726,.F.);
#1795=ORIENTED_EDGE('',*,*,#3724,.T.);
#1796=ORIENTED_EDGE('',*,*,#3834,.T.);
#1797=ORIENTED_EDGE('',*,*,#3835,.T.);
#1798=ORIENTED_EDGE('',*,*,#3836,.F.);
#1799=ORIENTED_EDGE('',*,*,#3837,.F.);
#1800=ORIENTED_EDGE('',*,*,#3606,.T.);
#1801=ORIENTED_EDGE('',*,*,#3674,.T.);
#1802=ORIENTED_EDGE('',*,*,#3790,.T.);
#1803=ORIENTED_EDGE('',*,*,#3314,.T.);
#1804=ORIENTED_EDGE('',*,*,#3838,.T.);
#1805=ORIENTED_EDGE('',*,*,#3839,.T.);
#1806=ORIENTED_EDGE('',*,*,#3840,.T.);
#1807=ORIENTED_EDGE('',*,*,#3841,.T.);
#1808=ORIENTED_EDGE('',*,*,#3842,.F.);
#1809=ORIENTED_EDGE('',*,*,#3843,.F.);
#1810=ORIENTED_EDGE('',*,*,#3844,.F.);
#1811=ORIENTED_EDGE('',*,*,#3356,.F.);
#1812=ORIENTED_EDGE('',*,*,#3763,.F.);
#1813=ORIENTED_EDGE('',*,*,#3695,.F.);
#1814=ORIENTED_EDGE('',*,*,#3575,.F.);
#1815=ORIENTED_EDGE('',*,*,#3693,.F.);
#1816=ORIENTED_EDGE('',*,*,#3657,.T.);
#1817=ORIENTED_EDGE('',*,*,#3578,.F.);
#1818=ORIENTED_EDGE('',*,*,#3845,.F.);
#1819=ORIENTED_EDGE('',*,*,#3846,.F.);
#1820=ORIENTED_EDGE('',*,*,#3573,.T.);
#1821=ORIENTED_EDGE('',*,*,#3847,.T.);
#1822=ORIENTED_EDGE('',*,*,#3848,.T.);
#1823=ORIENTED_EDGE('',*,*,#3849,.T.);
#1824=ORIENTED_EDGE('',*,*,#3698,.T.);
#1825=ORIENTED_EDGE('',*,*,#3850,.F.);
#1826=ORIENTED_EDGE('',*,*,#3851,.T.);
#1827=ORIENTED_EDGE('',*,*,#3227,.T.);
#1828=ORIENTED_EDGE('',*,*,#3326,.T.);
#1829=ORIENTED_EDGE('',*,*,#3394,.T.);
#1830=ORIENTED_EDGE('',*,*,#3689,.T.);
#1831=ORIENTED_EDGE('',*,*,#3570,.T.);
#1832=ORIENTED_EDGE('',*,*,#3358,.T.);
#1833=ORIENTED_EDGE('',*,*,#3587,.T.);
#1834=ORIENTED_EDGE('',*,*,#3636,.F.);
#1835=ORIENTED_EDGE('',*,*,#3765,.F.);
#1836=ORIENTED_EDGE('',*,*,#3852,.F.);
#1837=ORIENTED_EDGE('',*,*,#3853,.F.);
#1838=ORIENTED_EDGE('',*,*,#3854,.T.);
#1839=ORIENTED_EDGE('',*,*,#3855,.T.);
#1840=ORIENTED_EDGE('',*,*,#3856,.F.);
#1841=ORIENTED_EDGE('',*,*,#3857,.T.);
#1842=ORIENTED_EDGE('',*,*,#3858,.T.);
#1843=ORIENTED_EDGE('',*,*,#3800,.T.);
#1844=ORIENTED_EDGE('',*,*,#3859,.T.);
#1845=ORIENTED_EDGE('',*,*,#3802,.T.);
#1846=ORIENTED_EDGE('',*,*,#3860,.F.);
#1847=ORIENTED_EDGE('',*,*,#3861,.T.);
#1848=ORIENTED_EDGE('',*,*,#3862,.T.);
#1849=ORIENTED_EDGE('',*,*,#3274,.T.);
#1850=ORIENTED_EDGE('',*,*,#3324,.F.);
#1851=ORIENTED_EDGE('',*,*,#3304,.T.);
#1852=ORIENTED_EDGE('',*,*,#3691,.T.);
#1853=ORIENTED_EDGE('',*,*,#3701,.T.);
#1854=ORIENTED_EDGE('',*,*,#3831,.T.);
#1855=ORIENTED_EDGE('',*,*,#3863,.F.);
#1856=ORIENTED_EDGE('',*,*,#3752,.T.);
#1857=ORIENTED_EDGE('',*,*,#3635,.F.);
#1858=ORIENTED_EDGE('',*,*,#3864,.T.);
#1859=ORIENTED_EDGE('',*,*,#3847,.F.);
#1860=ORIENTED_EDGE('',*,*,#3572,.F.);
#1861=ORIENTED_EDGE('',*,*,#3865,.F.);
#1862=ORIENTED_EDGE('',*,*,#3866,.T.);
#1863=ORIENTED_EDGE('',*,*,#3282,.F.);
#1864=ORIENTED_EDGE('',*,*,#3867,.F.);
#1865=ORIENTED_EDGE('',*,*,#3592,.F.);
#1866=ORIENTED_EDGE('',*,*,#3588,.F.);
#1867=ORIENTED_EDGE('',*,*,#3564,.F.);
#1868=ORIENTED_EDGE('',*,*,#3569,.F.);
#1869=ORIENTED_EDGE('',*,*,#3599,.F.);
#1870=ORIENTED_EDGE('',*,*,#3868,.F.);
#1871=ORIENTED_EDGE('',*,*,#3597,.F.);
#1872=ORIENTED_EDGE('',*,*,#3379,.F.);
#1873=ORIENTED_EDGE('',*,*,#3869,.T.);
#1874=ORIENTED_EDGE('',*,*,#3860,.T.);
#1875=ORIENTED_EDGE('',*,*,#3801,.T.);
#1876=ORIENTED_EDGE('',*,*,#3858,.F.);
#1877=ORIENTED_EDGE('',*,*,#3870,.F.);
#1878=ORIENTED_EDGE('',*,*,#3381,.F.);
#1879=ORIENTED_EDGE('',*,*,#3871,.F.);
#1880=ORIENTED_EDGE('',*,*,#3550,.F.);
#1881=ORIENTED_EDGE('',*,*,#3631,.F.);
#1882=ORIENTED_EDGE('',*,*,#3872,.T.);
#1883=ORIENTED_EDGE('',*,*,#3865,.T.);
#1884=ORIENTED_EDGE('',*,*,#3873,.T.);
#1885=ORIENTED_EDGE('',*,*,#3593,.T.);
#1886=ORIENTED_EDGE('',*,*,#3568,.T.);
#1887=ORIENTED_EDGE('',*,*,#3655,.T.);
#1888=ORIENTED_EDGE('',*,*,#3584,.T.);
#1889=ORIENTED_EDGE('',*,*,#3265,.T.);
#1890=ORIENTED_EDGE('',*,*,#3327,.T.);
#1891=ORIENTED_EDGE('',*,*,#3270,.T.);
#1892=ORIENTED_EDGE('',*,*,#3687,.T.);
#1893=ORIENTED_EDGE('',*,*,#3543,.F.);
#1894=ORIENTED_EDGE('',*,*,#3685,.F.);
#1895=ORIENTED_EDGE('',*,*,#3874,.F.);
#1896=ORIENTED_EDGE('',*,*,#3633,.T.);
#1897=ORIENTED_EDGE('',*,*,#3574,.T.);
#1898=ORIENTED_EDGE('',*,*,#3846,.T.);
#1899=ORIENTED_EDGE('',*,*,#3875,.T.);
#1900=ORIENTED_EDGE('',*,*,#3876,.F.);
#1901=ORIENTED_EDGE('',*,*,#3842,.T.);
#1902=ORIENTED_EDGE('',*,*,#3877,.T.);
#1903=ORIENTED_EDGE('',*,*,#3735,.T.);
#1904=ORIENTED_EDGE('',*,*,#3878,.T.);
#1905=ORIENTED_EDGE('',*,*,#3863,.T.);
#1906=ORIENTED_EDGE('',*,*,#3836,.T.);
#1907=ORIENTED_EDGE('',*,*,#3879,.T.);
#1908=ORIENTED_EDGE('',*,*,#3880,.T.);
#1909=ORIENTED_EDGE('',*,*,#3881,.F.);
#1910=ORIENTED_EDGE('',*,*,#3771,.F.);
#1911=ORIENTED_EDGE('',*,*,#3882,.F.);
#1912=ORIENTED_EDGE('',*,*,#3875,.F.);
#1913=ORIENTED_EDGE('',*,*,#3848,.F.);
#1914=ORIENTED_EDGE('',*,*,#3864,.F.);
#1915=ORIENTED_EDGE('',*,*,#3634,.F.);
#1916=ORIENTED_EDGE('',*,*,#3284,.F.);
#1917=ORIENTED_EDGE('',*,*,#3883,.T.);
#1918=ORIENTED_EDGE('',*,*,#3884,.T.);
#1919=ORIENTED_EDGE('',*,*,#3792,.F.);
#1920=ORIENTED_EDGE('',*,*,#3596,.F.);
#1921=ORIENTED_EDGE('',*,*,#3551,.F.);
#1922=ORIENTED_EDGE('',*,*,#3871,.T.);
#1923=ORIENTED_EDGE('',*,*,#3380,.F.);
#1924=ORIENTED_EDGE('',*,*,#3853,.T.);
#1925=ORIENTED_EDGE('',*,*,#3885,.F.);
#1926=ORIENTED_EDGE('',*,*,#3663,.T.);
#1927=ORIENTED_EDGE('',*,*,#3886,.T.);
#1928=ORIENTED_EDGE('',*,*,#3887,.T.);
#1929=ORIENTED_EDGE('',*,*,#3700,.T.);
#1930=ORIENTED_EDGE('',*,*,#3888,.F.);
#1931=ORIENTED_EDGE('',*,*,#3889,.F.);
#1932=ORIENTED_EDGE('',*,*,#3832,.F.);
#1933=ORIENTED_EDGE('',*,*,#3890,.F.);
#1934=ORIENTED_EDGE('',*,*,#3654,.T.);
#1935=ORIENTED_EDGE('',*,*,#3891,.F.);
#1936=ORIENTED_EDGE('',*,*,#3855,.F.);
#1937=ORIENTED_EDGE('',*,*,#3697,.T.);
#1938=ORIENTED_EDGE('',*,*,#3762,.T.);
#1939=ORIENTED_EDGE('',*,*,#3892,.T.);
#1940=ORIENTED_EDGE('',*,*,#3850,.T.);
#1941=ORIENTED_EDGE('',*,*,#3824,.T.);
#1942=ORIENTED_EDGE('',*,*,#3893,.F.);
#1943=ORIENTED_EDGE('',*,*,#3749,.F.);
#1944=ORIENTED_EDGE('',*,*,#3894,.T.);
#1945=ORIENTED_EDGE('',*,*,#3694,.T.);
#1946=ORIENTED_EDGE('',*,*,#3845,.T.);
#1947=ORIENTED_EDGE('',*,*,#3577,.T.);
#1948=ORIENTED_EDGE('',*,*,#3895,.F.);
#1949=ORIENTED_EDGE('',*,*,#3383,.F.);
#1950=ORIENTED_EDGE('',*,*,#3896,.T.);
#1951=ORIENTED_EDGE('',*,*,#3897,.F.);
#1952=ORIENTED_EDGE('',*,*,#3854,.F.);
#1953=ORIENTED_EDGE('',*,*,#3887,.F.);
#1954=ORIENTED_EDGE('',*,*,#3898,.F.);
#1955=ORIENTED_EDGE('',*,*,#3620,.T.);
#1956=ORIENTED_EDGE('',*,*,#3652,.T.);
#1957=ORIENTED_EDGE('',*,*,#3890,.T.);
#1958=ORIENTED_EDGE('',*,*,#3899,.T.);
#1959=ORIENTED_EDGE('',*,*,#3900,.T.);
#1960=ORIENTED_EDGE('',*,*,#3901,.T.);
#1961=ORIENTED_EDGE('',*,*,#3902,.T.);
#1962=ORIENTED_EDGE('',*,*,#3492,.T.);
#1963=ORIENTED_EDGE('',*,*,#3472,.T.);
#1964=ORIENTED_EDGE('',*,*,#3456,.T.);
#1965=ORIENTED_EDGE('',*,*,#3462,.T.);
#1966=ORIENTED_EDGE('',*,*,#3903,.T.);
#1967=ORIENTED_EDGE('',*,*,#3904,.F.);
#1968=ORIENTED_EDGE('',*,*,#3896,.F.);
#1969=ORIENTED_EDGE('',*,*,#3382,.F.);
#1970=ORIENTED_EDGE('',*,*,#3870,.T.);
#1971=ORIENTED_EDGE('',*,*,#3549,.F.);
#1972=ORIENTED_EDGE('',*,*,#3905,.T.);
#1973=ORIENTED_EDGE('',*,*,#3369,.F.);
#1974=ORIENTED_EDGE('',*,*,#3387,.T.);
#1975=ORIENTED_EDGE('',*,*,#3650,.T.);
#1976=ORIENTED_EDGE('',*,*,#3234,.T.);
#1977=ORIENTED_EDGE('',*,*,#3536,.F.);
#1978=ORIENTED_EDGE('',*,*,#3906,.F.);
#1979=ORIENTED_EDGE('',*,*,#3907,.F.);
#1980=ORIENTED_EDGE('',*,*,#3903,.F.);
#1981=ORIENTED_EDGE('',*,*,#3368,.F.);
#1982=ORIENTED_EDGE('',*,*,#3548,.F.);
#1983=ORIENTED_EDGE('',*,*,#3293,.F.);
#1984=ORIENTED_EDGE('',*,*,#3370,.F.);
#1985=ORIENTED_EDGE('',*,*,#3905,.F.);
#1986=ORIENTED_EDGE('',*,*,#3468,.T.);
#1987=ORIENTED_EDGE('',*,*,#3509,.T.);
#1988=ORIENTED_EDGE('',*,*,#3495,.T.);
#1989=ORIENTED_EDGE('',*,*,#3908,.T.);
#1990=ORIENTED_EDGE('',*,*,#3545,.T.);
#1991=ORIENTED_EDGE('',*,*,#3909,.F.);
#1992=ORIENTED_EDGE('',*,*,#3683,.T.);
#1993=ORIENTED_EDGE('',*,*,#3498,.T.);
#1994=ORIENTED_EDGE('',*,*,#3651,.T.);
#1995=ORIENTED_EDGE('',*,*,#3469,.T.);
#1996=ORIENTED_EDGE('',*,*,#3908,.F.);
#1997=ORIENTED_EDGE('',*,*,#3888,.T.);
#1998=ORIENTED_EDGE('',*,*,#3699,.T.);
#1999=ORIENTED_EDGE('',*,*,#3849,.F.);
#2000=ORIENTED_EDGE('',*,*,#3910,.T.);
#2001=ORIENTED_EDGE('',*,*,#3906,.T.);
#2002=ORIENTED_EDGE('',*,*,#3367,.F.);
#2003=ORIENTED_EDGE('',*,*,#3895,.T.);
#2004=ORIENTED_EDGE('',*,*,#3911,.F.);
#2005=ORIENTED_EDGE('',*,*,#3912,.T.);
#2006=ORIENTED_EDGE('',*,*,#3913,.T.);
#2007=ORIENTED_EDGE('',*,*,#3914,.T.);
#2008=ORIENTED_EDGE('',*,*,#3643,.T.);
#2009=ORIENTED_EDGE('',*,*,#3915,.F.);
#2010=ORIENTED_EDGE('',*,*,#3886,.F.);
#2011=ORIENTED_EDGE('',*,*,#3662,.F.);
#2012=ORIENTED_EDGE('',*,*,#3600,.T.);
#2013=ORIENTED_EDGE('',*,*,#3898,.T.);
#2014=ORIENTED_EDGE('',*,*,#3909,.T.);
#2015=ORIENTED_EDGE('',*,*,#3544,.T.);
#2016=ORIENTED_EDGE('',*,*,#3874,.T.);
#2017=ORIENTED_EDGE('',*,*,#3684,.T.);
#2018=ORIENTED_EDGE('',*,*,#3729,.F.);
#2019=ORIENTED_EDGE('',*,*,#3916,.F.);
#2020=ORIENTED_EDGE('',*,*,#3760,.T.);
#2021=ORIENTED_EDGE('',*,*,#3917,.T.);
#2022=ORIENTED_EDGE('',*,*,#3230,.T.);
#2023=ORIENTED_EDGE('',*,*,#3918,.T.);
#2024=ORIENTED_EDGE('',*,*,#3915,.T.);
#2025=ORIENTED_EDGE('',*,*,#3642,.T.);
#2026=ORIENTED_EDGE('',*,*,#3914,.F.);
#2027=ORIENTED_EDGE('',*,*,#3919,.T.);
#2028=ORIENTED_EDGE('',*,*,#3920,.F.);
#2029=ORIENTED_EDGE('',*,*,#3644,.F.);
#2030=ORIENTED_EDGE('',*,*,#3921,.F.);
#2031=ORIENTED_EDGE('',*,*,#3922,.F.);
#2032=ORIENTED_EDGE('',*,*,#3923,.T.);
#2033=ORIENTED_EDGE('',*,*,#3924,.T.);
#2034=ORIENTED_EDGE('',*,*,#3925,.F.);
#2035=ORIENTED_EDGE('',*,*,#3926,.F.);
#2036=ORIENTED_EDGE('',*,*,#3927,.F.);
#2037=ORIENTED_EDGE('',*,*,#3928,.F.);
#2038=ORIENTED_EDGE('',*,*,#3929,.F.);
#2039=ORIENTED_EDGE('',*,*,#3930,.F.);
#2040=ORIENTED_EDGE('',*,*,#3931,.F.);
#2041=ORIENTED_EDGE('',*,*,#3932,.F.);
#2042=ORIENTED_EDGE('',*,*,#3933,.T.);
#2043=ORIENTED_EDGE('',*,*,#3934,.T.);
#2044=ORIENTED_EDGE('',*,*,#3935,.F.);
#2045=ORIENTED_EDGE('',*,*,#3880,.F.);
#2046=ORIENTED_EDGE('',*,*,#3936,.F.);
#2047=ORIENTED_EDGE('',*,*,#3937,.F.);
#2048=ORIENTED_EDGE('',*,*,#3938,.F.);
#2049=ORIENTED_EDGE('',*,*,#3939,.F.);
#2050=ORIENTED_EDGE('',*,*,#3940,.F.);
#2051=ORIENTED_EDGE('',*,*,#3941,.F.);
#2052=ORIENTED_EDGE('',*,*,#3942,.T.);
#2053=ORIENTED_EDGE('',*,*,#3943,.T.);
#2054=ORIENTED_EDGE('',*,*,#3944,.F.);
#2055=ORIENTED_EDGE('',*,*,#3861,.F.);
#2056=ORIENTED_EDGE('',*,*,#3869,.F.);
#2057=ORIENTED_EDGE('',*,*,#3857,.F.);
#2058=ORIENTED_EDGE('',*,*,#3945,.F.);
#2059=ORIENTED_EDGE('',*,*,#3946,.F.);
#2060=ORIENTED_EDGE('',*,*,#3947,.F.);
#2061=ORIENTED_EDGE('',*,*,#3948,.F.);
#2062=ORIENTED_EDGE('',*,*,#3949,.T.);
#2063=ORIENTED_EDGE('',*,*,#3950,.T.);
#2064=ORIENTED_EDGE('',*,*,#3951,.F.);
#2065=ORIENTED_EDGE('',*,*,#3883,.F.);
#2066=ORIENTED_EDGE('',*,*,#3283,.F.);
#2067=ORIENTED_EDGE('',*,*,#3866,.F.);
#2068=ORIENTED_EDGE('',*,*,#3872,.F.);
#2069=ORIENTED_EDGE('',*,*,#3630,.F.);
#2070=ORIENTED_EDGE('',*,*,#3363,.F.);
#2071=ORIENTED_EDGE('',*,*,#3621,.F.);
#2072=ORIENTED_EDGE('',*,*,#3952,.F.);
#2073=ORIENTED_EDGE('',*,*,#3953,.F.);
#2074=ORIENTED_EDGE('',*,*,#3354,.T.);
#2075=ORIENTED_EDGE('',*,*,#3365,.F.);
#2076=ORIENTED_EDGE('',*,*,#3632,.F.);
#2077=ORIENTED_EDGE('',*,*,#3873,.F.);
#2078=ORIENTED_EDGE('',*,*,#3867,.T.);
#2079=ORIENTED_EDGE('',*,*,#3281,.F.);
#2080=ORIENTED_EDGE('',*,*,#3297,.F.);
#2081=ORIENTED_EDGE('',*,*,#3730,.F.);
#2082=ORIENTED_EDGE('',*,*,#3917,.F.);
#2083=ORIENTED_EDGE('',*,*,#3759,.T.);
#2084=ORIENTED_EDGE('',*,*,#3714,.T.);
#2085=ORIENTED_EDGE('',*,*,#3954,.F.);
#2086=ORIENTED_EDGE('',*,*,#3814,.T.);
#2087=ORIENTED_EDGE('',*,*,#3955,.T.);
#2088=ORIENTED_EDGE('',*,*,#3766,.F.);
#2089=ORIENTED_EDGE('',*,*,#3856,.T.);
#2090=ORIENTED_EDGE('',*,*,#3891,.T.);
#2091=ORIENTED_EDGE('',*,*,#3653,.T.);
#2092=ORIENTED_EDGE('',*,*,#3618,.T.);
#2093=ORIENTED_EDGE('',*,*,#3756,.F.);
#2094=ORIENTED_EDGE('',*,*,#3955,.F.);
#2095=ORIENTED_EDGE('',*,*,#3813,.T.);
#2096=ORIENTED_EDGE('',*,*,#3956,.T.);
#2097=ORIENTED_EDGE('',*,*,#3715,.T.);
#2098=ORIENTED_EDGE('',*,*,#3957,.F.);
#2099=ORIENTED_EDGE('',*,*,#3958,.F.);
#2100=ORIENTED_EDGE('',*,*,#3826,.T.);
#2101=ORIENTED_EDGE('',*,*,#3959,.F.);
#2102=ORIENTED_EDGE('',*,*,#3747,.F.);
#2103=ORIENTED_EDGE('',*,*,#3960,.T.);
#2104=ORIENTED_EDGE('',*,*,#3961,.F.);
#2105=ORIENTED_EDGE('',*,*,#3962,.F.);
#2106=ORIENTED_EDGE('',*,*,#3963,.F.);
#2107=ORIENTED_EDGE('',*,*,#3964,.F.);
#2108=ORIENTED_EDGE('',*,*,#3736,.F.);
#2109=ORIENTED_EDGE('',*,*,#3877,.F.);
#2110=ORIENTED_EDGE('',*,*,#3841,.F.);
#2111=ORIENTED_EDGE('',*,*,#3965,.T.);
#2112=ORIENTED_EDGE('',*,*,#3966,.F.);
#2113=ORIENTED_EDGE('',*,*,#2822,.F.);
#2114=ORIENTED_EDGE('',*,*,#3705,.T.);
#2115=ORIENTED_EDGE('',*,*,#3967,.T.);
#2116=ORIENTED_EDGE('',*,*,#3562,.T.);
#2117=ORIENTED_EDGE('',*,*,#3968,.T.);
#2118=ORIENTED_EDGE('',*,*,#3937,.T.);
#2119=ORIENTED_EDGE('',*,*,#3969,.T.);
#2120=ORIENTED_EDGE('',*,*,#3769,.T.);
#2121=ORIENTED_EDGE('',*,*,#3970,.F.);
#2122=ORIENTED_EDGE('',*,*,#3971,.F.);
#2123=ORIENTED_EDGE('',*,*,#3972,.F.);
#2124=ORIENTED_EDGE('',*,*,#3716,.F.);
#2125=ORIENTED_EDGE('',*,*,#3956,.F.);
#2126=ORIENTED_EDGE('',*,*,#3812,.F.);
#2127=ORIENTED_EDGE('',*,*,#3973,.T.);
#2128=ORIENTED_EDGE('',*,*,#3974,.F.);
#2129=ORIENTED_EDGE('',*,*,#3975,.F.);
#2130=ORIENTED_EDGE('',*,*,#3968,.F.);
#2131=ORIENTED_EDGE('',*,*,#3561,.T.);
#2132=ORIENTED_EDGE('',*,*,#3818,.T.);
#2133=ORIENTED_EDGE('',*,*,#3706,.T.);
#2134=ORIENTED_EDGE('',*,*,#3976,.F.);
#2135=ORIENTED_EDGE('',*,*,#3977,.T.);
#2136=ORIENTED_EDGE('',*,*,#3540,.F.);
#2137=ORIENTED_EDGE('',*,*,#3595,.F.);
#2138=ORIENTED_EDGE('',*,*,#3647,.T.);
#2139=ORIENTED_EDGE('',*,*,#3598,.T.);
#2140=ORIENTED_EDGE('',*,*,#3648,.T.);
#2141=ORIENTED_EDGE('',*,*,#3594,.T.);
#2142=ORIENTED_EDGE('',*,*,#3868,.T.);
#2143=ORIENTED_EDGE('',*,*,#3978,.T.);
#2144=ORIENTED_EDGE('',*,*,#3979,.T.);
#2145=ORIENTED_EDGE('',*,*,#3976,.T.);
#2146=ORIENTED_EDGE('',*,*,#3646,.T.);
#2147=ORIENTED_EDGE('',*,*,#3980,.F.);
#2148=ORIENTED_EDGE('',*,*,#3978,.F.);
#2149=ORIENTED_EDGE('',*,*,#3645,.F.);
#2150=ORIENTED_EDGE('',*,*,#3920,.T.);
#2151=ORIENTED_EDGE('',*,*,#3981,.T.);
#2152=ORIENTED_EDGE('',*,*,#3928,.T.);
#2153=ORIENTED_EDGE('',*,*,#3982,.T.);
#2154=ORIENTED_EDGE('',*,*,#3779,.T.);
#2155=ORIENTED_EDGE('',*,*,#3983,.F.);
#2156=ORIENTED_EDGE('',*,*,#3660,.F.);
#2157=ORIENTED_EDGE('',*,*,#3984,.F.);
#2158=ORIENTED_EDGE('',*,*,#3985,.F.);
#2159=ORIENTED_EDGE('',*,*,#3986,.F.);
#2160=ORIENTED_EDGE('',*,*,#3987,.F.);
#2161=ORIENTED_EDGE('',*,*,#3984,.T.);
#2162=ORIENTED_EDGE('',*,*,#3659,.T.);
#2163=ORIENTED_EDGE('',*,*,#3640,.F.);
#2164=ORIENTED_EDGE('',*,*,#3936,.T.);
#2165=ORIENTED_EDGE('',*,*,#3882,.T.);
#2166=ORIENTED_EDGE('',*,*,#3770,.T.);
#2167=ORIENTED_EDGE('',*,*,#3969,.F.);
#2168=ORIENTED_EDGE('',*,*,#3627,.T.);
#2169=ORIENTED_EDGE('',*,*,#3988,.T.);
#2170=ORIENTED_EDGE('',*,*,#3989,.T.);
#2171=ORIENTED_EDGE('',*,*,#3638,.T.);
#2172=ORIENTED_EDGE('',*,*,#3927,.T.);
#2173=ORIENTED_EDGE('',*,*,#3990,.T.);
#2174=ORIENTED_EDGE('',*,*,#3780,.T.);
#2175=ORIENTED_EDGE('',*,*,#3982,.F.);
#2176=ORIENTED_EDGE('',*,*,#3926,.T.);
#2177=ORIENTED_EDGE('',*,*,#3991,.F.);
#2178=ORIENTED_EDGE('',*,*,#3781,.F.);
#2179=ORIENTED_EDGE('',*,*,#3990,.F.);
#2180=ORIENTED_EDGE('',*,*,#3992,.T.);
#2181=ORIENTED_EDGE('',*,*,#3985,.T.);
#2182=ORIENTED_EDGE('',*,*,#3987,.T.);
#2183=ORIENTED_EDGE('',*,*,#3639,.T.);
#2184=ORIENTED_EDGE('',*,*,#3989,.F.);
#2185=ORIENTED_EDGE('',*,*,#3734,.T.);
#2186=ORIENTED_EDGE('',*,*,#3993,.F.);
#2187=ORIENTED_EDGE('',*,*,#3843,.T.);
#2188=ORIENTED_EDGE('',*,*,#3876,.T.);
#2189=ORIENTED_EDGE('',*,*,#3723,.T.);
#2190=ORIENTED_EDGE('',*,*,#3994,.T.);
#2191=ORIENTED_EDGE('',*,*,#3995,.F.);
#2192=ORIENTED_EDGE('',*,*,#3834,.F.);
#2193=ORIENTED_EDGE('',*,*,#3728,.T.);
#2194=ORIENTED_EDGE('',*,*,#3822,.F.);
#2195=ORIENTED_EDGE('',*,*,#3757,.T.);
#2196=ORIENTED_EDGE('',*,*,#3754,.F.);
#2197=ORIENTED_EDGE('',*,*,#3727,.F.);
#2198=ORIENTED_EDGE('',*,*,#3833,.F.);
#2199=ORIENTED_EDGE('',*,*,#3889,.T.);
#2200=ORIENTED_EDGE('',*,*,#3910,.F.);
#2201=ORIENTED_EDGE('',*,*,#3851,.F.);
#2202=ORIENTED_EDGE('',*,*,#3892,.F.);
#2203=ORIENTED_EDGE('',*,*,#3761,.T.);
#2204=ORIENTED_EDGE('',*,*,#3916,.T.);
#2205=ORIENTED_EDGE('',*,*,#3879,.F.);
#2206=ORIENTED_EDGE('',*,*,#3835,.F.);
#2207=ORIENTED_EDGE('',*,*,#3995,.T.);
#2208=ORIENTED_EDGE('',*,*,#3996,.T.);
#2209=ORIENTED_EDGE('',*,*,#3764,.F.);
#2210=ORIENTED_EDGE('',*,*,#3664,.T.);
#2211=ORIENTED_EDGE('',*,*,#3885,.T.);
#2212=ORIENTED_EDGE('',*,*,#3852,.T.);
#2213=ORIENTED_EDGE('',*,*,#3894,.F.);
#2214=ORIENTED_EDGE('',*,*,#3748,.F.);
#2215=ORIENTED_EDGE('',*,*,#3959,.T.);
#2216=ORIENTED_EDGE('',*,*,#3825,.T.);
#2217=ORIENTED_EDGE('',*,*,#3897,.T.);
#2218=ORIENTED_EDGE('',*,*,#3904,.T.);
#2219=ORIENTED_EDGE('',*,*,#3907,.T.);
#2220=ORIENTED_EDGE('',*,*,#3911,.T.);
#2221=ORIENTED_EDGE('',*,*,#3981,.F.);
#2222=ORIENTED_EDGE('',*,*,#3919,.F.);
#2223=ORIENTED_EDGE('',*,*,#3913,.F.);
#2224=ORIENTED_EDGE('',*,*,#3997,.F.);
#2225=ORIENTED_EDGE('',*,*,#3302,.T.);
#2226=ORIENTED_EDGE('',*,*,#3401,.F.);
#2227=ORIENTED_EDGE('',*,*,#3276,.T.);
#2228=ORIENTED_EDGE('',*,*,#3690,.T.);
#2229=ORIENTED_EDGE('',*,*,#3392,.F.);
#2230=ORIENTED_EDGE('',*,*,#3625,.F.);
#2231=ORIENTED_EDGE('',*,*,#3658,.T.);
#2232=ORIENTED_EDGE('',*,*,#3986,.T.);
#2233=ORIENTED_EDGE('',*,*,#3992,.F.);
#2234=ORIENTED_EDGE('',*,*,#3988,.F.);
#2235=ORIENTED_EDGE('',*,*,#3629,.T.);
#2236=ORIENTED_EDGE('',*,*,#3581,.T.);
#2237=ORIENTED_EDGE('',*,*,#3692,.T.);
#2238=ORIENTED_EDGE('',*,*,#3229,.T.);
#2239=ORIENTED_EDGE('',*,*,#3688,.T.);
#2240=ORIENTED_EDGE('',*,*,#3268,.F.);
#2241=ORIENTED_EDGE('',*,*,#3201,.T.);
#2242=ORIENTED_EDGE('',*,*,#3267,.T.);
#2243=ORIENTED_EDGE('',*,*,#3686,.T.);
#2244=ORIENTED_EDGE('',*,*,#3541,.F.);
#2245=ORIENTED_EDGE('',*,*,#3977,.F.);
#2246=ORIENTED_EDGE('',*,*,#3979,.F.);
#2247=ORIENTED_EDGE('',*,*,#3980,.T.);
#2248=ORIENTED_EDGE('',*,*,#3997,.T.);
#2249=ORIENTED_EDGE('',*,*,#3912,.F.);
#2250=ORIENTED_EDGE('',*,*,#3918,.F.);
#2251=ORIENTED_EDGE('',*,*,#3998,.F.);
#2252=ORIENTED_EDGE('',*,*,#3712,.T.);
#2253=ORIENTED_EDGE('',*,*,#3614,.T.);
#2254=ORIENTED_EDGE('',*,*,#3553,.F.);
#2255=ORIENTED_EDGE('',*,*,#3709,.T.);
#2256=ORIENTED_EDGE('',*,*,#3999,.T.);
#2257=ORIENTED_EDGE('',*,*,#4000,.T.);
#2258=ORIENTED_EDGE('',*,*,#4001,.F.);
#2259=ORIENTED_EDGE('',*,*,#3708,.T.);
#2260=ORIENTED_EDGE('',*,*,#3817,.T.);
#2261=ORIENTED_EDGE('',*,*,#4002,.T.);
#2262=ORIENTED_EDGE('',*,*,#3999,.F.);
#2263=ORIENTED_EDGE('',*,*,#3558,.F.);
#2264=ORIENTED_EDGE('',*,*,#4003,.T.);
#2265=ORIENTED_EDGE('',*,*,#4004,.T.);
#2266=ORIENTED_EDGE('',*,*,#4005,.F.);
#2267=ORIENTED_EDGE('',*,*,#3559,.F.);
#2268=ORIENTED_EDGE('',*,*,#4005,.T.);
#2269=ORIENTED_EDGE('',*,*,#4006,.T.);
#2270=ORIENTED_EDGE('',*,*,#3819,.F.);
#2271=ORIENTED_EDGE('',*,*,#3718,.T.);
#2272=ORIENTED_EDGE('',*,*,#4007,.T.);
#2273=ORIENTED_EDGE('',*,*,#4008,.T.);
#2274=ORIENTED_EDGE('',*,*,#4009,.F.);
#2275=ORIENTED_EDGE('',*,*,#3717,.T.);
#2276=ORIENTED_EDGE('',*,*,#3972,.T.);
#2277=ORIENTED_EDGE('',*,*,#4010,.T.);
#2278=ORIENTED_EDGE('',*,*,#4007,.F.);
#2279=ORIENTED_EDGE('',*,*,#3810,.F.);
#2280=ORIENTED_EDGE('',*,*,#4011,.T.);
#2281=ORIENTED_EDGE('',*,*,#4012,.T.);
#2282=ORIENTED_EDGE('',*,*,#4013,.F.);
#2283=ORIENTED_EDGE('',*,*,#3811,.F.);
#2284=ORIENTED_EDGE('',*,*,#4013,.T.);
#2285=ORIENTED_EDGE('',*,*,#4014,.T.);
#2286=ORIENTED_EDGE('',*,*,#3973,.F.);
#2287=ORIENTED_EDGE('',*,*,#3738,.T.);
#2288=ORIENTED_EDGE('',*,*,#4015,.T.);
#2289=ORIENTED_EDGE('',*,*,#4016,.T.);
#2290=ORIENTED_EDGE('',*,*,#4017,.F.);
#2291=ORIENTED_EDGE('',*,*,#3737,.T.);
#2292=ORIENTED_EDGE('',*,*,#3964,.T.);
#2293=ORIENTED_EDGE('',*,*,#4018,.T.);
#2294=ORIENTED_EDGE('',*,*,#4015,.F.);
#2295=ORIENTED_EDGE('',*,*,#3839,.F.);
#2296=ORIENTED_EDGE('',*,*,#4019,.T.);
#2297=ORIENTED_EDGE('',*,*,#4020,.T.);
#2298=ORIENTED_EDGE('',*,*,#4021,.F.);
#2299=ORIENTED_EDGE('',*,*,#3840,.F.);
#2300=ORIENTED_EDGE('',*,*,#4021,.T.);
#2301=ORIENTED_EDGE('',*,*,#4022,.T.);
#2302=ORIENTED_EDGE('',*,*,#3965,.F.);
#2303=ORIENTED_EDGE('',*,*,#3828,.T.);
#2304=ORIENTED_EDGE('',*,*,#4023,.T.);
#2305=ORIENTED_EDGE('',*,*,#4024,.T.);
#2306=ORIENTED_EDGE('',*,*,#4025,.F.);
#2307=ORIENTED_EDGE('',*,*,#3827,.T.);
#2308=ORIENTED_EDGE('',*,*,#3958,.T.);
#2309=ORIENTED_EDGE('',*,*,#4026,.T.);
#2310=ORIENTED_EDGE('',*,*,#4023,.F.);
#2311=ORIENTED_EDGE('',*,*,#3745,.F.);
#2312=ORIENTED_EDGE('',*,*,#4027,.T.);
#2313=ORIENTED_EDGE('',*,*,#4028,.T.);
#2314=ORIENTED_EDGE('',*,*,#4029,.F.);
#2315=ORIENTED_EDGE('',*,*,#3746,.F.);
#2316=ORIENTED_EDGE('',*,*,#4029,.T.);
#2317=ORIENTED_EDGE('',*,*,#4030,.T.);
#2318=ORIENTED_EDGE('',*,*,#3960,.F.);
#2319=ORIENTED_EDGE('',*,*,#4031,.T.);
#2320=ORIENTED_EDGE('',*,*,#4032,.T.);
#2321=ORIENTED_EDGE('',*,*,#4033,.T.);
#2322=ORIENTED_EDGE('',*,*,#3332,.F.);
#2323=ORIENTED_EDGE('',*,*,#4034,.F.);
#2324=ORIENTED_EDGE('',*,*,#3334,.F.);
#2325=ORIENTED_EDGE('',*,*,#4035,.F.);
#2326=ORIENTED_EDGE('',*,*,#4036,.F.);
#2327=ORIENTED_EDGE('',*,*,#4037,.T.);
#2328=ORIENTED_EDGE('',*,*,#4038,.T.);
#2329=ORIENTED_EDGE('',*,*,#3340,.F.);
#2330=ORIENTED_EDGE('',*,*,#4039,.T.);
#2331=ORIENTED_EDGE('',*,*,#4040,.F.);
#2332=ORIENTED_EDGE('',*,*,#3342,.F.);
#2333=ORIENTED_EDGE('',*,*,#4041,.F.);
#2334=ORIENTED_EDGE('',*,*,#4042,.F.);
#2335=ORIENTED_EDGE('',*,*,#3348,.F.);
#2336=ORIENTED_EDGE('',*,*,#4043,.T.);
#2337=ORIENTED_EDGE('',*,*,#4044,.T.);
#2338=ORIENTED_EDGE('',*,*,#2821,.T.);
#2339=ORIENTED_EDGE('',*,*,#3349,.F.);
#2340=ORIENTED_EDGE('',*,*,#2823,.F.);
#2341=ORIENTED_EDGE('',*,*,#4045,.F.);
#2342=ORIENTED_EDGE('',*,*,#4046,.F.);
#2343=ORIENTED_EDGE('',*,*,#4047,.F.);
#2344=ORIENTED_EDGE('',*,*,#4048,.F.);
#2345=ORIENTED_EDGE('',*,*,#3320,.F.);
#2346=ORIENTED_EDGE('',*,*,#4049,.F.);
#2347=ORIENTED_EDGE('',*,*,#4050,.T.);
#2348=ORIENTED_EDGE('',*,*,#4051,.T.);
#2349=ORIENTED_EDGE('',*,*,#4052,.T.);
#2350=ORIENTED_EDGE('',*,*,#3318,.F.);
#2351=ORIENTED_EDGE('',*,*,#4044,.F.);
#2352=ORIENTED_EDGE('',*,*,#4016,.F.);
#2353=ORIENTED_EDGE('',*,*,#4018,.F.);
#2354=ORIENTED_EDGE('',*,*,#3963,.T.);
#2355=ORIENTED_EDGE('',*,*,#4025,.T.);
#2356=ORIENTED_EDGE('',*,*,#4050,.F.);
#2357=ORIENTED_EDGE('',*,*,#3317,.F.);
#2358=ORIENTED_EDGE('',*,*,#3829,.T.);
#2359=ORIENTED_EDGE('',*,*,#4011,.F.);
#2360=ORIENTED_EDGE('',*,*,#3809,.F.);
#2361=ORIENTED_EDGE('',*,*,#3343,.F.);
#2362=ORIENTED_EDGE('',*,*,#4040,.T.);
#2363=ORIENTED_EDGE('',*,*,#4042,.T.);
#2364=ORIENTED_EDGE('',*,*,#3974,.T.);
#2365=ORIENTED_EDGE('',*,*,#4014,.F.);
#2366=ORIENTED_EDGE('',*,*,#4012,.F.);
#2367=ORIENTED_EDGE('',*,*,#4045,.T.);
#2368=ORIENTED_EDGE('',*,*,#3966,.T.);
#2369=ORIENTED_EDGE('',*,*,#4022,.F.);
#2370=ORIENTED_EDGE('',*,*,#4020,.F.);
#2371=ORIENTED_EDGE('',*,*,#3975,.T.);
#2372=ORIENTED_EDGE('',*,*,#4041,.T.);
#2373=ORIENTED_EDGE('',*,*,#3341,.F.);
#2374=ORIENTED_EDGE('',*,*,#4038,.F.);
#2375=ORIENTED_EDGE('',*,*,#4019,.F.);
#2376=ORIENTED_EDGE('',*,*,#3838,.F.);
#2377=ORIENTED_EDGE('',*,*,#3313,.F.);
#2378=ORIENTED_EDGE('',*,*,#4046,.T.);
#2379=ORIENTED_EDGE('',*,*,#4036,.T.);
#2380=ORIENTED_EDGE('',*,*,#3820,.T.);
#2381=ORIENTED_EDGE('',*,*,#4006,.F.);
#2382=ORIENTED_EDGE('',*,*,#4004,.F.);
#2383=ORIENTED_EDGE('',*,*,#4051,.F.);
#2384=ORIENTED_EDGE('',*,*,#4024,.F.);
#2385=ORIENTED_EDGE('',*,*,#4026,.F.);
#2386=ORIENTED_EDGE('',*,*,#3957,.T.);
#2387=ORIENTED_EDGE('',*,*,#4052,.F.);
#2388=ORIENTED_EDGE('',*,*,#3962,.T.);
#2389=ORIENTED_EDGE('',*,*,#4049,.T.);
#2390=ORIENTED_EDGE('',*,*,#3319,.F.);
#2391=ORIENTED_EDGE('',*,*,#3821,.T.);
#2392=ORIENTED_EDGE('',*,*,#4035,.T.);
#2393=ORIENTED_EDGE('',*,*,#3333,.F.);
#2394=ORIENTED_EDGE('',*,*,#4033,.F.);
#2395=ORIENTED_EDGE('',*,*,#4039,.F.);
#2396=ORIENTED_EDGE('',*,*,#3339,.F.);
#2397=ORIENTED_EDGE('',*,*,#3719,.T.);
#2398=ORIENTED_EDGE('',*,*,#4009,.T.);
#2399=ORIENTED_EDGE('',*,*,#3331,.F.);
#2400=ORIENTED_EDGE('',*,*,#3710,.T.);
#2401=ORIENTED_EDGE('',*,*,#4001,.T.);
#2402=ORIENTED_EDGE('',*,*,#4031,.F.);
#2403=ORIENTED_EDGE('',*,*,#4032,.F.);
#2404=ORIENTED_EDGE('',*,*,#4000,.F.);
#2405=ORIENTED_EDGE('',*,*,#4002,.F.);
#2406=ORIENTED_EDGE('',*,*,#3816,.T.);
#2407=ORIENTED_EDGE('',*,*,#4027,.F.);
#2408=ORIENTED_EDGE('',*,*,#3744,.F.);
#2409=ORIENTED_EDGE('',*,*,#3321,.F.);
#2410=ORIENTED_EDGE('',*,*,#4048,.T.);
#2411=ORIENTED_EDGE('',*,*,#4017,.T.);
#2412=ORIENTED_EDGE('',*,*,#4043,.F.);
#2413=ORIENTED_EDGE('',*,*,#3347,.F.);
#2414=ORIENTED_EDGE('',*,*,#3739,.T.);
#2415=ORIENTED_EDGE('',*,*,#4010,.F.);
#2416=ORIENTED_EDGE('',*,*,#3971,.T.);
#2417=ORIENTED_EDGE('',*,*,#4037,.F.);
#2418=ORIENTED_EDGE('',*,*,#4008,.F.);
#2419=ORIENTED_EDGE('',*,*,#3335,.F.);
#2420=ORIENTED_EDGE('',*,*,#4034,.T.);
#2421=ORIENTED_EDGE('',*,*,#4003,.F.);
#2422=ORIENTED_EDGE('',*,*,#3557,.F.);
#2423=ORIENTED_EDGE('',*,*,#4030,.F.);
#2424=ORIENTED_EDGE('',*,*,#4028,.F.);
#2425=ORIENTED_EDGE('',*,*,#4047,.T.);
#2426=ORIENTED_EDGE('',*,*,#3961,.T.);
#2427=ORIENTED_EDGE('',*,*,#4053,.T.);
#2428=ORIENTED_EDGE('',*,*,#4054,.T.);
#2429=ORIENTED_EDGE('',*,*,#3794,.T.);
#2430=ORIENTED_EDGE('',*,*,#4055,.T.);
#2431=ORIENTED_EDGE('',*,*,#4056,.T.);
#2432=ORIENTED_EDGE('',*,*,#4057,.F.);
#2433=ORIENTED_EDGE('',*,*,#4053,.F.);
#2434=ORIENTED_EDGE('',*,*,#4058,.F.);
#2435=ORIENTED_EDGE('',*,*,#4059,.F.);
#2436=ORIENTED_EDGE('',*,*,#4060,.F.);
#2437=ORIENTED_EDGE('',*,*,#3950,.F.);
#2438=ORIENTED_EDGE('',*,*,#4061,.F.);
#2439=ORIENTED_EDGE('',*,*,#4062,.T.);
#2440=ORIENTED_EDGE('',*,*,#4063,.T.);
#2441=ORIENTED_EDGE('',*,*,#3798,.T.);
#2442=ORIENTED_EDGE('',*,*,#4064,.T.);
#2443=ORIENTED_EDGE('',*,*,#4062,.F.);
#2444=ORIENTED_EDGE('',*,*,#4065,.T.);
#2445=ORIENTED_EDGE('',*,*,#4066,.T.);
#2446=ORIENTED_EDGE('',*,*,#4067,.T.);
#2447=ORIENTED_EDGE('',*,*,#4068,.T.);
#2448=ORIENTED_EDGE('',*,*,#3946,.T.);
#2449=ORIENTED_EDGE('',*,*,#4069,.T.);
#2450=ORIENTED_EDGE('',*,*,#4070,.T.);
#2451=ORIENTED_EDGE('',*,*,#4066,.F.);
#2452=ORIENTED_EDGE('',*,*,#4071,.F.);
#2453=ORIENTED_EDGE('',*,*,#4070,.F.);
#2454=ORIENTED_EDGE('',*,*,#4072,.F.);
#2455=ORIENTED_EDGE('',*,*,#4056,.F.);
#2456=ORIENTED_EDGE('',*,*,#4073,.F.);
#2457=ORIENTED_EDGE('',*,*,#4059,.T.);
#2458=ORIENTED_EDGE('',*,*,#4074,.F.);
#2459=ORIENTED_EDGE('',*,*,#3948,.T.);
#2460=ORIENTED_EDGE('',*,*,#4075,.F.);
#2461=ORIENTED_EDGE('',*,*,#3796,.T.);
#2462=ORIENTED_EDGE('',*,*,#4076,.T.);
#2463=ORIENTED_EDGE('',*,*,#4077,.T.);
#2464=ORIENTED_EDGE('',*,*,#4078,.T.);
#2465=ORIENTED_EDGE('',*,*,#3783,.T.);
#2466=ORIENTED_EDGE('',*,*,#4079,.T.);
#2467=ORIENTED_EDGE('',*,*,#4077,.F.);
#2468=ORIENTED_EDGE('',*,*,#4080,.T.);
#2469=ORIENTED_EDGE('',*,*,#4081,.T.);
#2470=ORIENTED_EDGE('',*,*,#4082,.T.);
#2471=ORIENTED_EDGE('',*,*,#4083,.F.);
#2472=ORIENTED_EDGE('',*,*,#4084,.F.);
#2473=ORIENTED_EDGE('',*,*,#3924,.F.);
#2474=ORIENTED_EDGE('',*,*,#4085,.F.);
#2475=ORIENTED_EDGE('',*,*,#3922,.T.);
#2476=ORIENTED_EDGE('',*,*,#4086,.T.);
#2477=ORIENTED_EDGE('',*,*,#3785,.T.);
#2478=ORIENTED_EDGE('',*,*,#4087,.T.);
#2479=ORIENTED_EDGE('',*,*,#4081,.F.);
#2480=ORIENTED_EDGE('',*,*,#4088,.F.);
#2481=ORIENTED_EDGE('',*,*,#4083,.T.);
#2482=ORIENTED_EDGE('',*,*,#4089,.F.);
#2483=ORIENTED_EDGE('',*,*,#4090,.F.);
#2484=ORIENTED_EDGE('',*,*,#4091,.F.);
#2485=ORIENTED_EDGE('',*,*,#3787,.T.);
#2486=ORIENTED_EDGE('',*,*,#4092,.T.);
#2487=ORIENTED_EDGE('',*,*,#4090,.T.);
#2488=ORIENTED_EDGE('',*,*,#4093,.T.);
#2489=ORIENTED_EDGE('',*,*,#4094,.T.);
#2490=ORIENTED_EDGE('',*,*,#4095,.F.);
#2491=ORIENTED_EDGE('',*,*,#4096,.T.);
#2492=ORIENTED_EDGE('',*,*,#3953,.T.);
#2493=ORIENTED_EDGE('',*,*,#4097,.F.);
#2494=ORIENTED_EDGE('',*,*,#4098,.T.);
#2495=ORIENTED_EDGE('',*,*,#4094,.F.);
#2496=ORIENTED_EDGE('',*,*,#4099,.F.);
#2497=ORIENTED_EDGE('',*,*,#4098,.F.);
#2498=ORIENTED_EDGE('',*,*,#4100,.F.);
#2499=ORIENTED_EDGE('',*,*,#3932,.T.);
#2500=ORIENTED_EDGE('',*,*,#4101,.F.);
#2501=ORIENTED_EDGE('',*,*,#3775,.T.);
#2502=ORIENTED_EDGE('',*,*,#4102,.T.);
#2503=ORIENTED_EDGE('',*,*,#4103,.T.);
#2504=ORIENTED_EDGE('',*,*,#4104,.F.);
#2505=ORIENTED_EDGE('',*,*,#3777,.T.);
#2506=ORIENTED_EDGE('',*,*,#4105,.T.);
#2507=ORIENTED_EDGE('',*,*,#4106,.T.);
#2508=ORIENTED_EDGE('',*,*,#3930,.T.);
#2509=ORIENTED_EDGE('',*,*,#4107,.F.);
#2510=ORIENTED_EDGE('',*,*,#4108,.T.);
#2511=ORIENTED_EDGE('',*,*,#4109,.T.);
#2512=ORIENTED_EDGE('',*,*,#4110,.T.);
#2513=ORIENTED_EDGE('',*,*,#3773,.T.);
#2514=ORIENTED_EDGE('',*,*,#4111,.T.);
#2515=ORIENTED_EDGE('',*,*,#4109,.F.);
#2516=ORIENTED_EDGE('',*,*,#4112,.T.);
#2517=ORIENTED_EDGE('',*,*,#4113,.T.);
#2518=ORIENTED_EDGE('',*,*,#4114,.T.);
#2519=ORIENTED_EDGE('',*,*,#4115,.F.);
#2520=ORIENTED_EDGE('',*,*,#4116,.F.);
#2521=ORIENTED_EDGE('',*,*,#3934,.F.);
#2522=ORIENTED_EDGE('',*,*,#4117,.F.);
#2523=ORIENTED_EDGE('',*,*,#4113,.F.);
#2524=ORIENTED_EDGE('',*,*,#4118,.F.);
#2525=ORIENTED_EDGE('',*,*,#4115,.T.);
#2526=ORIENTED_EDGE('',*,*,#4119,.F.);
#2527=ORIENTED_EDGE('',*,*,#4103,.F.);
#2528=ORIENTED_EDGE('',*,*,#4120,.T.);
#2529=ORIENTED_EDGE('',*,*,#4121,.T.);
#2530=ORIENTED_EDGE('',*,*,#4122,.F.);
#2531=ORIENTED_EDGE('',*,*,#4121,.F.);
#2532=ORIENTED_EDGE('',*,*,#4123,.F.);
#2533=ORIENTED_EDGE('',*,*,#4108,.F.);
#2534=ORIENTED_EDGE('',*,*,#4124,.F.);
#2535=ORIENTED_EDGE('',*,*,#3941,.T.);
#2536=ORIENTED_EDGE('',*,*,#4125,.T.);
#2537=ORIENTED_EDGE('',*,*,#3806,.T.);
#2538=ORIENTED_EDGE('',*,*,#4126,.T.);
#2539=ORIENTED_EDGE('',*,*,#4127,.F.);
#2540=ORIENTED_EDGE('',*,*,#4128,.F.);
#2541=ORIENTED_EDGE('',*,*,#3943,.F.);
#2542=ORIENTED_EDGE('',*,*,#4129,.F.);
#2543=ORIENTED_EDGE('',*,*,#4130,.F.);
#2544=ORIENTED_EDGE('',*,*,#4131,.T.);
#2545=ORIENTED_EDGE('',*,*,#3804,.T.);
#2546=ORIENTED_EDGE('',*,*,#4132,.T.);
#2547=ORIENTED_EDGE('',*,*,#4130,.T.);
#2548=ORIENTED_EDGE('',*,*,#4133,.T.);
#2549=ORIENTED_EDGE('',*,*,#4134,.T.);
#2550=ORIENTED_EDGE('',*,*,#4135,.T.);
#2551=ORIENTED_EDGE('',*,*,#4136,.F.);
#2552=ORIENTED_EDGE('',*,*,#4137,.T.);
#2553=ORIENTED_EDGE('',*,*,#3767,.T.);
#2554=ORIENTED_EDGE('',*,*,#4138,.T.);
#2555=ORIENTED_EDGE('',*,*,#4136,.T.);
#2556=ORIENTED_EDGE('',*,*,#4139,.T.);
#2557=ORIENTED_EDGE('',*,*,#4140,.T.);
#2558=ORIENTED_EDGE('',*,*,#4141,.T.);
#2559=ORIENTED_EDGE('',*,*,#4142,.T.);
#2560=ORIENTED_EDGE('',*,*,#3939,.T.);
#2561=ORIENTED_EDGE('',*,*,#4143,.T.);
#2562=ORIENTED_EDGE('',*,*,#4144,.T.);
#2563=ORIENTED_EDGE('',*,*,#4134,.F.);
#2564=ORIENTED_EDGE('',*,*,#4145,.F.);
#2565=ORIENTED_EDGE('',*,*,#4127,.T.);
#2566=ORIENTED_EDGE('',*,*,#4146,.F.);
#2567=ORIENTED_EDGE('',*,*,#4140,.F.);
#2568=ORIENTED_EDGE('',*,*,#4147,.F.);
#2569=ORIENTED_EDGE('',*,*,#4144,.F.);
#2570=ORIENTED_EDGE('',*,*,#4148,.F.);
#2571=ORIENTED_EDGE('',*,*,#3944,.T.);
#2572=ORIENTED_EDGE('',*,*,#4128,.T.);
#2573=ORIENTED_EDGE('',*,*,#4145,.T.);
#2574=ORIENTED_EDGE('',*,*,#4133,.F.);
#2575=ORIENTED_EDGE('',*,*,#4132,.F.);
#2576=ORIENTED_EDGE('',*,*,#3803,.F.);
#2577=ORIENTED_EDGE('',*,*,#3862,.F.);
#2578=ORIENTED_EDGE('',*,*,#4093,.F.);
#2579=ORIENTED_EDGE('',*,*,#4092,.F.);
#2580=ORIENTED_EDGE('',*,*,#3786,.T.);
#2581=ORIENTED_EDGE('',*,*,#4086,.F.);
#2582=ORIENTED_EDGE('',*,*,#3921,.T.);
#2583=ORIENTED_EDGE('',*,*,#4096,.F.);
#2584=ORIENTED_EDGE('',*,*,#4099,.T.);
#2585=ORIENTED_EDGE('',*,*,#4143,.F.);
#2586=ORIENTED_EDGE('',*,*,#3938,.T.);
#2587=ORIENTED_EDGE('',*,*,#3970,.T.);
#2588=ORIENTED_EDGE('',*,*,#3768,.T.);
#2589=ORIENTED_EDGE('',*,*,#4137,.F.);
#2590=ORIENTED_EDGE('',*,*,#4141,.F.);
#2591=ORIENTED_EDGE('',*,*,#4148,.T.);
#2592=ORIENTED_EDGE('',*,*,#4129,.T.);
#2593=ORIENTED_EDGE('',*,*,#3942,.F.);
#2594=ORIENTED_EDGE('',*,*,#4126,.F.);
#2595=ORIENTED_EDGE('',*,*,#3805,.F.);
#2596=ORIENTED_EDGE('',*,*,#4131,.F.);
#2597=ORIENTED_EDGE('',*,*,#4135,.F.);
#2598=ORIENTED_EDGE('',*,*,#4146,.T.);
#2599=ORIENTED_EDGE('',*,*,#4065,.F.);
#2600=ORIENTED_EDGE('',*,*,#4064,.F.);
#2601=ORIENTED_EDGE('',*,*,#3797,.T.);
#2602=ORIENTED_EDGE('',*,*,#4075,.T.);
#2603=ORIENTED_EDGE('',*,*,#3947,.T.);
#2604=ORIENTED_EDGE('',*,*,#4068,.F.);
#2605=ORIENTED_EDGE('',*,*,#4071,.T.);
#2606=ORIENTED_EDGE('',*,*,#4120,.F.);
#2607=ORIENTED_EDGE('',*,*,#4105,.F.);
#2608=ORIENTED_EDGE('',*,*,#3776,.T.);
#2609=ORIENTED_EDGE('',*,*,#4101,.T.);
#2610=ORIENTED_EDGE('',*,*,#3931,.T.);
#2611=ORIENTED_EDGE('',*,*,#4106,.F.);
#2612=ORIENTED_EDGE('',*,*,#4123,.T.);
#2613=ORIENTED_EDGE('',*,*,#4069,.F.);
#2614=ORIENTED_EDGE('',*,*,#3945,.T.);
#2615=ORIENTED_EDGE('',*,*,#3859,.F.);
#2616=ORIENTED_EDGE('',*,*,#3799,.T.);
#2617=ORIENTED_EDGE('',*,*,#4063,.F.);
#2618=ORIENTED_EDGE('',*,*,#4067,.F.);
#2619=ORIENTED_EDGE('',*,*,#4072,.T.);
#2620=ORIENTED_EDGE('',*,*,#4107,.T.);
#2621=ORIENTED_EDGE('',*,*,#3929,.T.);
#2622=ORIENTED_EDGE('',*,*,#3983,.T.);
#2623=ORIENTED_EDGE('',*,*,#3778,.T.);
#2624=ORIENTED_EDGE('',*,*,#4104,.T.);
#2625=ORIENTED_EDGE('',*,*,#4122,.T.);
#2626=ORIENTED_EDGE('',*,*,#4124,.T.);
#2627=ORIENTED_EDGE('',*,*,#3925,.T.);
#2628=ORIENTED_EDGE('',*,*,#4084,.T.);
#2629=ORIENTED_EDGE('',*,*,#4088,.T.);
#2630=ORIENTED_EDGE('',*,*,#4080,.F.);
#2631=ORIENTED_EDGE('',*,*,#4079,.F.);
#2632=ORIENTED_EDGE('',*,*,#3782,.F.);
#2633=ORIENTED_EDGE('',*,*,#3991,.T.);
#2634=ORIENTED_EDGE('',*,*,#4139,.F.);
#2635=ORIENTED_EDGE('',*,*,#4138,.F.);
#2636=ORIENTED_EDGE('',*,*,#3807,.T.);
#2637=ORIENTED_EDGE('',*,*,#4125,.F.);
#2638=ORIENTED_EDGE('',*,*,#3940,.T.);
#2639=ORIENTED_EDGE('',*,*,#4142,.F.);
#2640=ORIENTED_EDGE('',*,*,#4147,.T.);
#2641=ORIENTED_EDGE('',*,*,#4117,.T.);
#2642=ORIENTED_EDGE('',*,*,#3933,.F.);
#2643=ORIENTED_EDGE('',*,*,#4102,.F.);
#2644=ORIENTED_EDGE('',*,*,#3774,.F.);
#2645=ORIENTED_EDGE('',*,*,#4110,.F.);
#2646=ORIENTED_EDGE('',*,*,#4114,.F.);
#2647=ORIENTED_EDGE('',*,*,#4119,.T.);
#2648=ORIENTED_EDGE('',*,*,#3951,.T.);
#2649=ORIENTED_EDGE('',*,*,#4060,.T.);
#2650=ORIENTED_EDGE('',*,*,#4073,.T.);
#2651=ORIENTED_EDGE('',*,*,#4058,.T.);
#2652=ORIENTED_EDGE('',*,*,#4055,.F.);
#2653=ORIENTED_EDGE('',*,*,#3793,.F.);
#2654=ORIENTED_EDGE('',*,*,#3884,.F.);
#2655=ORIENTED_EDGE('',*,*,#3935,.T.);
#2656=ORIENTED_EDGE('',*,*,#4116,.T.);
#2657=ORIENTED_EDGE('',*,*,#4118,.T.);
#2658=ORIENTED_EDGE('',*,*,#4112,.F.);
#2659=ORIENTED_EDGE('',*,*,#4111,.F.);
#2660=ORIENTED_EDGE('',*,*,#3772,.F.);
#2661=ORIENTED_EDGE('',*,*,#3881,.T.);
#2662=ORIENTED_EDGE('',*,*,#4097,.T.);
#2663=ORIENTED_EDGE('',*,*,#3952,.T.);
#2664=ORIENTED_EDGE('',*,*,#3623,.T.);
#2665=ORIENTED_EDGE('',*,*,#3788,.T.);
#2666=ORIENTED_EDGE('',*,*,#4091,.T.);
#2667=ORIENTED_EDGE('',*,*,#4095,.T.);
#2668=ORIENTED_EDGE('',*,*,#4100,.T.);
#2669=ORIENTED_EDGE('',*,*,#4061,.T.);
#2670=ORIENTED_EDGE('',*,*,#3949,.F.);
#2671=ORIENTED_EDGE('',*,*,#4076,.F.);
#2672=ORIENTED_EDGE('',*,*,#3795,.F.);
#2673=ORIENTED_EDGE('',*,*,#4054,.F.);
#2674=ORIENTED_EDGE('',*,*,#4057,.T.);
#2675=ORIENTED_EDGE('',*,*,#4074,.T.);
#2676=ORIENTED_EDGE('',*,*,#4085,.T.);
#2677=ORIENTED_EDGE('',*,*,#3923,.F.);
#2678=ORIENTED_EDGE('',*,*,#4087,.F.);
#2679=ORIENTED_EDGE('',*,*,#3784,.F.);
#2680=ORIENTED_EDGE('',*,*,#4078,.F.);
#2681=ORIENTED_EDGE('',*,*,#4082,.F.);
#2682=ORIENTED_EDGE('',*,*,#4089,.T.);
#2683=ORIENTED_EDGE('',*,*,#3994,.F.);
#2684=ORIENTED_EDGE('',*,*,#3751,.T.);
#2685=ORIENTED_EDGE('',*,*,#3878,.F.);
#2686=ORIENTED_EDGE('',*,*,#3996,.F.);
#2687=ORIENTED_EDGE('',*,*,#4149,.T.);
#2688=ORIENTED_EDGE('',*,*,#3004,.T.);
#2689=ORIENTED_EDGE('',*,*,#3100,.F.);
#2690=ORIENTED_EDGE('',*,*,#2832,.T.);
#2691=ORIENTED_EDGE('',*,*,#3194,.F.);
#2692=ORIENTED_EDGE('',*,*,#4150,.T.);
#2693=ORIENTED_EDGE('',*,*,#3512,.T.);
#2694=ORIENTED_EDGE('',*,*,#4151,.T.);
#2695=ORIENTED_EDGE('',*,*,#3510,.F.);
#2696=ORIENTED_EDGE('',*,*,#4152,.F.);
#2697=ORIENTED_EDGE('',*,*,#3195,.T.);
#2698=ORIENTED_EDGE('',*,*,#4150,.F.);
#2699=ORIENTED_EDGE('',*,*,#3197,.F.);
#2700=ORIENTED_EDGE('',*,*,#4153,.T.);
#2701=ORIENTED_EDGE('',*,*,#3511,.F.);
#2702=ORIENTED_EDGE('',*,*,#4151,.F.);
#2703=ORIENTED_EDGE('',*,*,#3196,.T.);
#2704=ORIENTED_EDGE('',*,*,#4153,.F.);
#2705=ORIENTED_EDGE('',*,*,#3513,.F.);
#2706=ORIENTED_EDGE('',*,*,#4152,.T.);
#2707=ORIENTED_EDGE('',*,*,#4154,.T.);
#2708=ORIENTED_EDGE('',*,*,#3056,.T.);
#2709=ORIENTED_EDGE('',*,*,#3096,.F.);
#2710=ORIENTED_EDGE('',*,*,#3023,.T.);
#2711=ORIENTED_EDGE('',*,*,#3189,.F.);
#2712=ORIENTED_EDGE('',*,*,#4155,.T.);
#2713=ORIENTED_EDGE('',*,*,#3208,.T.);
#2714=ORIENTED_EDGE('',*,*,#4156,.T.);
#2715=ORIENTED_EDGE('',*,*,#3206,.F.);
#2716=ORIENTED_EDGE('',*,*,#4157,.F.);
#2717=ORIENTED_EDGE('',*,*,#3192,.F.);
#2718=ORIENTED_EDGE('',*,*,#4158,.T.);
#2719=ORIENTED_EDGE('',*,*,#3190,.T.);
#2720=ORIENTED_EDGE('',*,*,#4155,.F.);
#2721=ORIENTED_EDGE('',*,*,#3207,.F.);
#2722=ORIENTED_EDGE('',*,*,#4156,.F.);
#2723=ORIENTED_EDGE('',*,*,#3191,.T.);
#2724=ORIENTED_EDGE('',*,*,#4158,.F.);
#2725=ORIENTED_EDGE('',*,*,#3209,.T.);
#2726=ORIENTED_EDGE('',*,*,#4157,.T.);
#2727=ORIENTED_EDGE('',*,*,#4159,.T.);
#2728=ORIENTED_EDGE('',*,*,#3082,.T.);
#2729=ORIENTED_EDGE('',*,*,#3122,.F.);
#2730=ORIENTED_EDGE('',*,*,#3039,.T.);
#2731=ORIENTED_EDGE('',*,*,#4160,.T.);
#2732=ORIENTED_EDGE('',*,*,#4161,.T.);
#2733=ORIENTED_EDGE('',*,*,#4162,.T.);
#2734=ORIENTED_EDGE('',*,*,#3506,.F.);
#2735=ORIENTED_EDGE('',*,*,#3493,.F.);
#2736=ORIENTED_EDGE('',*,*,#3431,.T.);
#2737=ORIENTED_EDGE('',*,*,#3438,.F.);
#2738=ORIENTED_EDGE('',*,*,#3505,.F.);
#2739=ORIENTED_EDGE('',*,*,#4163,.T.);
#2740=ORIENTED_EDGE('',*,*,#4160,.F.);
#2741=ORIENTED_EDGE('',*,*,#3504,.F.);
#2742=ORIENTED_EDGE('',*,*,#3487,.T.);
#2743=ORIENTED_EDGE('',*,*,#4164,.F.);
#2744=ORIENTED_EDGE('',*,*,#3486,.T.);
#2745=ORIENTED_EDGE('',*,*,#4165,.F.);
#2746=ORIENTED_EDGE('',*,*,#3488,.F.);
#2747=ORIENTED_EDGE('',*,*,#4164,.T.);
#2748=ORIENTED_EDGE('',*,*,#3507,.F.);
#2749=ORIENTED_EDGE('',*,*,#4162,.F.);
#2750=ORIENTED_EDGE('',*,*,#4166,.T.);
#2751=ORIENTED_EDGE('',*,*,#3489,.F.);
#2752=ORIENTED_EDGE('',*,*,#4165,.T.);
#2753=ORIENTED_EDGE('',*,*,#4161,.F.);
#2754=ORIENTED_EDGE('',*,*,#4163,.F.);
#2755=ORIENTED_EDGE('',*,*,#3508,.F.);
#2756=ORIENTED_EDGE('',*,*,#4166,.F.);
#2757=ORIENTED_EDGE('',*,*,#4167,.T.);
#2758=ORIENTED_EDGE('',*,*,#3013,.T.);
#2759=ORIENTED_EDGE('',*,*,#3142,.F.);
#2760=ORIENTED_EDGE('',*,*,#3068,.T.);
#2761=ORIENTED_EDGE('',*,*,#3502,.F.);
#2762=ORIENTED_EDGE('',*,*,#4168,.F.);
#2763=ORIENTED_EDGE('',*,*,#3900,.F.);
#2764=ORIENTED_EDGE('',*,*,#4169,.F.);
#2765=ORIENTED_EDGE('',*,*,#3902,.F.);
#2766=ORIENTED_EDGE('',*,*,#4170,.F.);
#2767=ORIENTED_EDGE('',*,*,#3499,.T.);
#2768=ORIENTED_EDGE('',*,*,#4168,.T.);
#2769=ORIENTED_EDGE('',*,*,#3501,.F.);
#2770=ORIENTED_EDGE('',*,*,#4171,.T.);
#2771=ORIENTED_EDGE('',*,*,#3500,.T.);
#2772=ORIENTED_EDGE('',*,*,#4171,.F.);
#2773=ORIENTED_EDGE('',*,*,#3899,.F.);
#2774=ORIENTED_EDGE('',*,*,#4169,.T.);
#2775=ORIENTED_EDGE('',*,*,#3901,.F.);
#2776=ORIENTED_EDGE('',*,*,#4170,.T.);
#2777=ORIENTED_EDGE('',*,*,#4172,.F.);
#2778=ORIENTED_EDGE('',*,*,#3830,.T.);
#2779=ORIENTED_EDGE('',*,*,#3603,.T.);
#2780=ORIENTED_EDGE('',*,*,#3742,.F.);
#2781=ORIENTED_EDGE('',*,*,#4173,.F.);
#2782=ORIENTED_EDGE('',*,*,#3741,.T.);
#2783=ORIENTED_EDGE('',*,*,#3607,.T.);
#2784=ORIENTED_EDGE('',*,*,#3837,.T.);
#2785=ORIENTED_EDGE('',*,*,#4174,.T.);
#2786=ORIENTED_EDGE('',*,*,#3815,.T.);
#2787=ORIENTED_EDGE('',*,*,#3954,.T.);
#2788=ORIENTED_EDGE('',*,*,#3713,.T.);
#2789=ORIENTED_EDGE('',*,*,#4167,.F.);
#2790=ORIENTED_EDGE('',*,*,#3075,.T.);
#2791=ORIENTED_EDGE('',*,*,#3087,.T.);
#2792=ORIENTED_EDGE('',*,*,#3005,.T.);
#2793=ORIENTED_EDGE('',*,*,#4159,.F.);
#2794=ORIENTED_EDGE('',*,*,#3045,.T.);
#2795=ORIENTED_EDGE('',*,*,#3086,.T.);
#2796=ORIENTED_EDGE('',*,*,#3076,.T.);
#2797=ORIENTED_EDGE('',*,*,#4154,.F.);
#2798=ORIENTED_EDGE('',*,*,#3031,.T.);
#2799=ORIENTED_EDGE('',*,*,#3085,.T.);
#2800=ORIENTED_EDGE('',*,*,#3049,.T.);
#2801=ORIENTED_EDGE('',*,*,#4149,.F.);
#2802=ORIENTED_EDGE('',*,*,#2841,.T.);
#2803=ORIENTED_EDGE('',*,*,#3084,.T.);
#2804=ORIENTED_EDGE('',*,*,#2997,.T.);
#2805=ORIENTED_EDGE('',*,*,#3998,.T.);
#2806=ORIENTED_EDGE('',*,*,#3563,.F.);
#2807=ORIENTED_EDGE('',*,*,#3967,.F.);
#2808=ORIENTED_EDGE('',*,*,#3704,.T.);
#2809=ORIENTED_EDGE('',*,*,#4174,.F.);
#2810=ORIENTED_EDGE('',*,*,#3721,.T.);
#2811=ORIENTED_EDGE('',*,*,#3611,.T.);
#2812=ORIENTED_EDGE('',*,*,#3808,.T.);
#2813=ORIENTED_EDGE('',*,*,#4173,.T.);
#2814=ORIENTED_EDGE('',*,*,#3844,.T.);
#2815=ORIENTED_EDGE('',*,*,#3993,.T.);
#2816=ORIENTED_EDGE('',*,*,#3733,.T.);
#2817=ORIENTED_EDGE('',*,*,#4172,.T.);
#2818=ORIENTED_EDGE('',*,*,#3750,.F.);
#2819=ORIENTED_EDGE('',*,*,#3893,.T.);
#2820=ORIENTED_EDGE('',*,*,#3823,.T.);
#2821=EDGE_CURVE('',#4175,#4176,#5063,.T.);
#2822=EDGE_CURVE('',#4175,#4177,#5064,.T.);
#2823=EDGE_CURVE('',#4177,#4178,#5065,.T.);
#2824=EDGE_CURVE('',#4176,#4178,#5066,.T.);
#2825=EDGE_CURVE('',#4179,#4180,#5067,.T.);
#2826=EDGE_CURVE('',#4180,#4181,#5068,.T.);
#2827=EDGE_CURVE('',#4182,#4181,#5069,.T.);
#2828=EDGE_CURVE('',#4179,#4182,#5070,.T.);
#2829=EDGE_CURVE('',#4180,#4183,#5071,.T.);
#2830=EDGE_CURVE('',#4183,#4184,#5072,.T.);
#2831=EDGE_CURVE('',#4184,#4181,#5073,.T.);
#2832=EDGE_CURVE('',#4185,#4186,#5074,.T.);
#2833=EDGE_CURVE('',#4187,#4185,#5075,.T.);
#2834=EDGE_CURVE('',#4188,#4187,#5076,.T.);
#2835=EDGE_CURVE('',#4189,#4188,#5077,.T.);
#2836=EDGE_CURVE('',#4183,#4189,#5078,.T.);
#2837=EDGE_CURVE('',#4190,#4179,#5079,.T.);
#2838=EDGE_CURVE('',#4191,#4190,#5080,.T.);
#2839=EDGE_CURVE('',#4192,#4191,#5081,.T.);
#2840=EDGE_CURVE('',#4193,#4192,#5082,.T.);
#2841=EDGE_CURVE('',#4186,#4193,#5083,.T.);
#2842=EDGE_CURVE('',#4194,#4195,#5084,.T.);
#2843=EDGE_CURVE('',#4194,#4196,#5085,.T.);
#2844=EDGE_CURVE('',#4196,#4197,#5086,.T.);
#2845=EDGE_CURVE('',#4197,#4198,#5087,.T.);
#2846=EDGE_CURVE('',#4198,#4199,#5088,.T.);
#2847=EDGE_CURVE('',#4199,#4200,#5089,.T.);
#2848=EDGE_CURVE('',#4200,#4201,#5090,.T.);
#2849=EDGE_CURVE('',#4201,#4202,#5091,.T.);
#2850=EDGE_CURVE('',#4202,#4203,#5092,.T.);
#2851=EDGE_CURVE('',#4203,#4204,#5093,.T.);
#2852=EDGE_CURVE('',#4205,#4204,#5094,.T.);
#2853=EDGE_CURVE('',#4205,#4206,#5095,.T.);
#2854=EDGE_CURVE('',#4206,#4207,#5096,.T.);
#2855=EDGE_CURVE('',#4207,#4208,#5097,.T.);
#2856=EDGE_CURVE('',#4208,#4209,#5098,.T.);
#2857=EDGE_CURVE('',#4209,#4210,#5099,.T.);
#2858=EDGE_CURVE('',#4210,#4211,#5100,.T.);
#2859=EDGE_CURVE('',#4211,#4212,#5101,.T.);
#2860=EDGE_CURVE('',#4213,#4212,#5102,.T.);
#2861=EDGE_CURVE('',#4213,#4214,#5103,.T.);
#2862=EDGE_CURVE('',#4214,#4215,#5104,.T.);
#2863=EDGE_CURVE('',#4215,#4216,#5105,.T.);
#2864=EDGE_CURVE('',#4216,#4217,#5106,.T.);
#2865=EDGE_CURVE('',#4217,#4218,#5107,.T.);
#2866=EDGE_CURVE('',#4218,#4219,#5108,.T.);
#2867=EDGE_CURVE('',#4219,#4220,#5109,.T.);
#2868=EDGE_CURVE('',#4221,#4220,#5110,.T.);
#2869=EDGE_CURVE('',#4221,#4190,#5111,.T.);
#2870=EDGE_CURVE('',#4182,#4222,#5112,.T.);
#2871=EDGE_CURVE('',#4222,#4223,#5113,.T.);
#2872=EDGE_CURVE('',#4223,#4224,#5114,.T.);
#2873=EDGE_CURVE('',#4224,#4225,#5115,.T.);
#2874=EDGE_CURVE('',#4226,#4225,#5116,.T.);
#2875=EDGE_CURVE('',#4226,#4195,#5117,.T.);
#2876=EDGE_CURVE('',#4181,#4227,#5118,.T.);
#2877=EDGE_CURVE('',#4227,#4222,#5119,.T.);
#2878=EDGE_CURVE('',#4228,#4229,#5120,.T.);
#2879=EDGE_CURVE('',#4229,#4209,#5121,.T.);
#2880=EDGE_CURVE('',#4228,#4208,#5122,.T.);
#2881=EDGE_CURVE('',#4207,#4230,#5123,.T.);
#2882=EDGE_CURVE('',#4230,#4228,#5124,.T.);
#2883=EDGE_CURVE('',#4231,#4232,#5125,.T.);
#2884=EDGE_CURVE('',#4202,#4232,#5126,.T.);
#2885=EDGE_CURVE('',#4231,#4201,#5127,.T.);
#2886=EDGE_CURVE('',#4216,#4233,#5128,.T.);
#2887=EDGE_CURVE('',#4233,#4234,#5129,.T.);
#2888=EDGE_CURVE('',#4234,#4217,#5130,.T.);
#2889=EDGE_CURVE('',#4235,#4184,#5131,.T.);
#2890=EDGE_CURVE('',#4235,#4227,#5132,.T.);
#2891=EDGE_CURVE('',#4232,#4236,#5133,.T.);
#2892=EDGE_CURVE('',#4236,#4203,#5134,.T.);
#2893=EDGE_CURVE('',#4237,#4238,#5135,.T.);
#2894=EDGE_CURVE('',#4220,#4237,#5136,.T.);
#2895=EDGE_CURVE('',#4219,#4238,#5137,.T.);
#2896=EDGE_CURVE('',#4239,#4218,#5138,.T.);
#2897=EDGE_CURVE('',#4234,#4239,#5139,.T.);
#2898=EDGE_CURVE('',#4211,#4240,#5140,.T.);
#2899=EDGE_CURVE('',#4241,#4210,#5141,.T.);
#2900=EDGE_CURVE('',#4240,#4241,#5142,.T.);
#2901=EDGE_CURVE('',#4242,#4243,#5143,.T.);
#2902=EDGE_CURVE('',#4225,#4242,#5144,.T.);
#2903=EDGE_CURVE('',#4224,#4243,#5145,.T.);
#2904=EDGE_CURVE('',#4244,#4245,#5146,.T.);
#2905=EDGE_CURVE('',#4244,#4246,#5147,.T.);
#2906=EDGE_CURVE('',#4246,#4247,#99,.T.);
#2907=EDGE_CURVE('',#4248,#4247,#62,.T.);
#2908=EDGE_CURVE('',#4249,#4248,#5148,.T.);
#2909=EDGE_CURVE('',#4250,#4249,#63,.T.);
#2910=EDGE_CURVE('',#4251,#4250,#5149,.T.);
#2911=EDGE_CURVE('',#4251,#4252,#5150,.T.);
#2912=EDGE_CURVE('',#4252,#4253,#5151,.T.);
#2913=EDGE_CURVE('',#4254,#4253,#5152,.T.);
#2914=EDGE_CURVE('',#4255,#4254,#5153,.T.);
#2915=EDGE_CURVE('',#4255,#4256,#5154,.T.);
#2916=EDGE_CURVE('',#4256,#4257,#5155,.T.);
#2917=EDGE_CURVE('',#4258,#4257,#5156,.T.);
#2918=EDGE_CURVE('',#4259,#4258,#5157,.T.);
#2919=EDGE_CURVE('',#4259,#4260,#5158,.T.);
#2920=EDGE_CURVE('',#4260,#4261,#5159,.T.);
#2921=EDGE_CURVE('',#4262,#4261,#5160,.T.);
#2922=EDGE_CURVE('',#4263,#4262,#5161,.T.);
#2923=EDGE_CURVE('',#4263,#4192,#5162,.T.);
#2924=EDGE_CURVE('',#4245,#4191,#5163,.T.);
#2925=EDGE_CURVE('',#4264,#4265,#5164,.T.);
#2926=EDGE_CURVE('',#4264,#4266,#5165,.T.);
#2927=EDGE_CURVE('',#4266,#4267,#5166,.T.);
#2928=EDGE_CURVE('',#4267,#4268,#5167,.T.);
#2929=EDGE_CURVE('',#4268,#4269,#5168,.T.);
#2930=EDGE_CURVE('',#4270,#4269,#5169,.T.);
#2931=EDGE_CURVE('',#4270,#4271,#5170,.T.);
#2932=EDGE_CURVE('',#4272,#4271,#5171,.T.);
#2933=EDGE_CURVE('',#4273,#4272,#5172,.T.);
#2934=EDGE_CURVE('',#4273,#4274,#5173,.T.);
#2935=EDGE_CURVE('',#4274,#4275,#5174,.T.);
#2936=EDGE_CURVE('',#4276,#4275,#5175,.T.);
#2937=EDGE_CURVE('',#4277,#4276,#5176,.T.);
#2938=EDGE_CURVE('',#4277,#4278,#5177,.T.);
#2939=EDGE_CURVE('',#4279,#4278,#5178,.T.);
#2940=EDGE_CURVE('',#4280,#4279,#5179,.T.);
#2941=EDGE_CURVE('',#4281,#4280,#5180,.T.);
#2942=EDGE_CURVE('',#4281,#4282,#5181,.T.);
#2943=EDGE_CURVE('',#4282,#4283,#5182,.T.);
#2944=EDGE_CURVE('',#4284,#4283,#5183,.T.);
#2945=EDGE_CURVE('',#4285,#4284,#5184,.T.);
#2946=EDGE_CURVE('',#4286,#4285,#5185,.T.);
#2947=EDGE_CURVE('',#4287,#4286,#5186,.T.);
#2948=EDGE_CURVE('',#4288,#4287,#5187,.T.);
#2949=EDGE_CURVE('',#4289,#4288,#5188,.T.);
#2950=EDGE_CURVE('',#4265,#4289,#5189,.T.);
#2951=EDGE_CURVE('',#4227,#4290,#5190,.T.);
#2952=EDGE_CURVE('',#4290,#4223,#5191,.T.);
#2953=EDGE_CURVE('',#4291,#4240,#5192,.T.);
#2954=EDGE_CURVE('',#4212,#4291,#5193,.T.);
#2955=EDGE_CURVE('',#4241,#4292,#5194,.T.);
#2956=EDGE_CURVE('',#4293,#4292,#5195,.T.);
#2957=EDGE_CURVE('',#4240,#4293,#5196,.T.);
#2958=EDGE_CURVE('',#4294,#4295,#5197,.T.);
#2959=EDGE_CURVE('',#4296,#4294,#5198,.T.);
#2960=EDGE_CURVE('',#4297,#4296,#5199,.T.);
#2961=EDGE_CURVE('',#4298,#4297,#5200,.T.);
#2962=EDGE_CURVE('',#4197,#4298,#5201,.T.);
#2963=EDGE_CURVE('',#4295,#4196,#5202,.T.);
#2964=EDGE_CURVE('',#4299,#4300,#5203,.T.);
#2965=EDGE_CURVE('',#4301,#4299,#5204,.T.);
#2966=EDGE_CURVE('',#4302,#4301,#5205,.T.);
#2967=EDGE_CURVE('',#4303,#4302,#5206,.T.);
#2968=EDGE_CURVE('',#4303,#4304,#5207,.T.);
#2969=EDGE_CURVE('',#4304,#4305,#5208,.T.);
#2970=EDGE_CURVE('',#4306,#4305,#5209,.T.);
#2971=EDGE_CURVE('',#4307,#4306,#5210,.T.);
#2972=EDGE_CURVE('',#4308,#4307,#5211,.T.);
#2973=EDGE_CURVE('',#4309,#4308,#5212,.T.);
#2974=EDGE_CURVE('',#4309,#4310,#5213,.T.);
#2975=EDGE_CURVE('',#4310,#4311,#5214,.T.);
#2976=EDGE_CURVE('',#4312,#4311,#5215,.T.);
#2977=EDGE_CURVE('',#4313,#4312,#5216,.T.);
#2978=EDGE_CURVE('',#4314,#4313,#5217,.T.);
#2979=EDGE_CURVE('',#4315,#4314,#5218,.T.);
#2980=EDGE_CURVE('',#4315,#4316,#5219,.T.);
#2981=EDGE_CURVE('',#4316,#4317,#5220,.T.);
#2982=EDGE_CURVE('',#4317,#4318,#5221,.T.);
#2983=EDGE_CURVE('',#4319,#4318,#5222,.T.);
#2984=EDGE_CURVE('',#4320,#4319,#5223,.T.);
#2985=EDGE_CURVE('',#4321,#4320,#5224,.T.);
#2986=EDGE_CURVE('',#4195,#4321,#5225,.T.);
#2987=EDGE_CURVE('',#4245,#4226,#5226,.T.);
#2988=EDGE_CURVE('',#4262,#4221,#5227,.T.);
#2989=EDGE_CURVE('',#4261,#4214,#5228,.T.);
#2990=EDGE_CURVE('',#4258,#4213,#5229,.T.);
#2991=EDGE_CURVE('',#4257,#4206,#5230,.T.);
#2992=EDGE_CURVE('',#4254,#4205,#5231,.T.);
#2993=EDGE_CURVE('',#4253,#4198,#5232,.T.);
#2994=EDGE_CURVE('',#4322,#4298,#5233,.T.);
#2995=EDGE_CURVE('',#4322,#4323,#5234,.T.);
#2996=EDGE_CURVE('',#4323,#4300,#5235,.T.);
#2997=EDGE_CURVE('',#4324,#4325,#5236,.T.);
#2998=EDGE_CURVE('',#4324,#4244,#5237,.T.);
#2999=EDGE_CURVE('',#4242,#4326,#5238,.T.);
#3000=EDGE_CURVE('',#4326,#4327,#5239,.T.);
#3001=EDGE_CURVE('',#4327,#4328,#5240,.T.);
#3002=EDGE_CURVE('',#4328,#4329,#5241,.T.);
#3003=EDGE_CURVE('',#4330,#4329,#5242,.T.);
#3004=EDGE_CURVE('',#4325,#4330,#5243,.T.);
#3005=EDGE_CURVE('',#4331,#4332,#5244,.T.);
#3006=EDGE_CURVE('',#4331,#4255,#5245,.T.);
#3007=EDGE_CURVE('',#4204,#4333,#5246,.T.);
#3008=EDGE_CURVE('',#4333,#4334,#5247,.T.);
#3009=EDGE_CURVE('',#4334,#4335,#5248,.T.);
#3010=EDGE_CURVE('',#4335,#4336,#5249,.T.);
#3011=EDGE_CURVE('',#4336,#4337,#5250,.T.);
#3012=EDGE_CURVE('',#4338,#4337,#5251,.T.);
#3013=EDGE_CURVE('',#4332,#4338,#5252,.T.);
#3014=EDGE_CURVE('',#4339,#4265,#5253,.T.);
#3015=EDGE_CURVE('',#4295,#4339,#5254,.T.);
#3016=EDGE_CURVE('',#4340,#4194,#5255,.T.);
#3017=EDGE_CURVE('',#4341,#4340,#5256,.T.);
#3018=EDGE_CURVE('',#4341,#4264,#5257,.T.);
#3019=EDGE_CURVE('',#4189,#4235,#5258,.T.);
#3020=EDGE_CURVE('',#4328,#4188,#5259,.T.);
#3021=EDGE_CURVE('',#4327,#4342,#5260,.T.);
#3022=EDGE_CURVE('',#4290,#4342,#5261,.T.);
#3023=EDGE_CURVE('',#4343,#4344,#5262,.T.);
#3024=EDGE_CURVE('',#4345,#4343,#5263,.T.);
#3025=EDGE_CURVE('',#4346,#4345,#5264,.T.);
#3026=EDGE_CURVE('',#4347,#4346,#5265,.T.);
#3027=EDGE_CURVE('',#4348,#4347,#5266,.T.);
#3028=EDGE_CURVE('',#4349,#4348,#5267,.T.);
#3029=EDGE_CURVE('',#4215,#4349,#5268,.T.);
#3030=EDGE_CURVE('',#4350,#4260,#5269,.T.);
#3031=EDGE_CURVE('',#4344,#4350,#5270,.T.);
#3032=EDGE_CURVE('',#4351,#4229,#5271,.T.);
#3033=EDGE_CURVE('',#4352,#4351,#5272,.T.);
#3034=EDGE_CURVE('',#4352,#4353,#5273,.T.);
#3035=EDGE_CURVE('',#4354,#4353,#5274,.T.);
#3036=EDGE_CURVE('',#4355,#4354,#5275,.T.);
#3037=EDGE_CURVE('',#4355,#4292,#5276,.T.);
#3038=EDGE_CURVE('',#4229,#4241,#5277,.T.);
#3039=EDGE_CURVE('',#4356,#4357,#5278,.T.);
#3040=EDGE_CURVE('',#4358,#4356,#5279,.T.);
#3041=EDGE_CURVE('',#4353,#4358,#5280,.T.);
#3042=EDGE_CURVE('',#4359,#4352,#5281,.T.);
#3043=EDGE_CURVE('',#4230,#4359,#5282,.T.);
#3044=EDGE_CURVE('',#4360,#4256,#5283,.T.);
#3045=EDGE_CURVE('',#4357,#4360,#5284,.T.);
#3046=EDGE_CURVE('',#4249,#4361,#5285,.T.);
#3047=EDGE_CURVE('',#4248,#4362,#5286,.T.);
#3048=EDGE_CURVE('',#4362,#4361,#5287,.T.);
#3049=EDGE_CURVE('',#4363,#4364,#5288,.T.);
#3050=EDGE_CURVE('',#4363,#4263,#5289,.T.);
#3051=EDGE_CURVE('',#4237,#4365,#5290,.T.);
#3052=EDGE_CURVE('',#4365,#4366,#5291,.T.);
#3053=EDGE_CURVE('',#4366,#4367,#5292,.T.);
#3054=EDGE_CURVE('',#4367,#4368,#5293,.T.);
#3055=EDGE_CURVE('',#4369,#4368,#5294,.T.);
#3056=EDGE_CURVE('',#4364,#4369,#5295,.T.);
#3057=EDGE_CURVE('',#4370,#4234,#5296,.T.);
#3058=EDGE_CURVE('',#4347,#4370,#5297,.T.);
#3059=EDGE_CURVE('',#4367,#4346,#5298,.T.);
#3060=EDGE_CURVE('',#4366,#4371,#5299,.T.);
#3061=EDGE_CURVE('',#4239,#4371,#5300,.T.);
#3062=EDGE_CURVE('',#4372,#4231,#5301,.T.);
#3063=EDGE_CURVE('',#4373,#4372,#5302,.T.);
#3064=EDGE_CURVE('',#4374,#4373,#5303,.T.);
#3065=EDGE_CURVE('',#4336,#4374,#5304,.T.);
#3066=EDGE_CURVE('',#4335,#4375,#5305,.T.);
#3067=EDGE_CURVE('',#4232,#4375,#5306,.T.);
#3068=EDGE_CURVE('',#4376,#4377,#5307,.T.);
#3069=EDGE_CURVE('',#4378,#4376,#5308,.T.);
#3070=EDGE_CURVE('',#4374,#4378,#5309,.T.);
#3071=EDGE_CURVE('',#4379,#4373,#5310,.T.);
#3072=EDGE_CURVE('',#4380,#4379,#5311,.T.);
#3073=EDGE_CURVE('',#4199,#4380,#5312,.T.);
#3074=EDGE_CURVE('',#4252,#4381,#5313,.T.);
#3075=EDGE_CURVE('',#4377,#4381,#5314,.T.);
#3076=EDGE_CURVE('',#4382,#4383,#5315,.T.);
#3077=EDGE_CURVE('',#4382,#4259,#5316,.T.);
#3078=EDGE_CURVE('',#4291,#4384,#5317,.T.);
#3079=EDGE_CURVE('',#4384,#4355,#5318,.T.);
#3080=EDGE_CURVE('',#4354,#4385,#5319,.T.);
#3081=EDGE_CURVE('',#4386,#4385,#5320,.T.);
#3082=EDGE_CURVE('',#4383,#4386,#5321,.T.);
#3083=EDGE_CURVE('',#4387,#4246,#100,.T.);
#3084=EDGE_CURVE('',#4193,#4324,#5322,.T.);
#3085=EDGE_CURVE('',#4350,#4363,#5323,.T.);
#3086=EDGE_CURVE('',#4360,#4382,#5324,.T.);
#3087=EDGE_CURVE('',#4381,#4331,#5325,.T.);
#3088=EDGE_CURVE('',#4388,#4251,#5326,.T.);
#3089=EDGE_CURVE('',#4389,#4388,#5327,.T.);
#3090=EDGE_CURVE('',#4389,#4390,#5328,.T.);
#3091=EDGE_CURVE('',#4390,#4387,#5329,.T.);
#3092=EDGE_CURVE('',#4365,#4391,#5330,.T.);
#3093=EDGE_CURVE('',#4391,#4371,#5331,.T.);
#3094=EDGE_CURVE('',#4326,#4392,#5332,.T.);
#3095=EDGE_CURVE('',#4392,#4342,#5333,.T.);
#3096=EDGE_CURVE('',#4343,#4369,#5334,.T.);
#3097=EDGE_CURVE('',#4368,#4345,#5335,.T.);
#3098=EDGE_CURVE('',#4370,#4393,#5336,.T.);
#3099=EDGE_CURVE('',#4348,#4393,#5337,.T.);
#3100=EDGE_CURVE('',#4185,#4330,#5338,.T.);
#3101=EDGE_CURVE('',#4329,#4187,#5339,.T.);
#3102=EDGE_CURVE('',#4384,#4293,#5340,.T.);
#3103=EDGE_CURVE('',#4200,#4394,#5341,.T.);
#3104=EDGE_CURVE('',#4231,#4394,#5342,.T.);
#3105=EDGE_CURVE('',#4333,#4236,#5343,.T.);
#3106=EDGE_CURVE('',#4236,#4395,#5344,.T.);
#3107=EDGE_CURVE('',#4334,#4395,#5345,.T.);
#3108=EDGE_CURVE('',#4243,#4290,#5346,.T.);
#3109=EDGE_CURVE('',#4349,#4233,#5347,.T.);
#3110=EDGE_CURVE('',#4393,#4233,#5348,.T.);
#3111=EDGE_CURVE('',#4379,#4396,#5349,.T.);
#3112=EDGE_CURVE('',#4396,#4394,#5350,.T.);
#3113=EDGE_CURVE('',#4380,#4394,#5351,.T.);
#3114=EDGE_CURVE('',#4250,#4397,#5352,.T.);
#3115=EDGE_CURVE('',#4361,#4398,#24,.T.);
#3116=EDGE_CURVE('',#4398,#4397,#25,.T.);
#3117=EDGE_CURVE('',#4399,#4362,#26,.T.);
#3118=EDGE_CURVE('',#4247,#4400,#5353,.T.);
#3119=EDGE_CURVE('',#4400,#4399,#27,.T.);
#3120=EDGE_CURVE('',#4238,#4391,#5354,.T.);
#3121=EDGE_CURVE('',#4238,#4239,#5355,.T.);
#3122=EDGE_CURVE('',#4356,#4386,#5356,.T.);
#3123=EDGE_CURVE('',#4385,#4358,#5357,.T.);
#3124=EDGE_CURVE('',#4399,#4401,#5358,.T.);
#3125=EDGE_CURVE('',#4401,#4402,#5359,.T.);
#3126=EDGE_CURVE('',#4398,#4402,#5360,.T.);
#3127=EDGE_CURVE('',#4337,#4378,#5361,.T.);
#3128=EDGE_CURVE('',#4340,#4403,#5362,.T.);
#3129=EDGE_CURVE('',#4321,#4404,#5363,.T.);
#3130=EDGE_CURVE('',#4404,#4405,#5364,.T.);
#3131=EDGE_CURVE('',#4405,#4403,#5365,.T.);
#3132=EDGE_CURVE('',#4372,#4396,#5366,.T.);
#3133=EDGE_CURVE('',#4406,#4315,#5367,.T.);
#3134=EDGE_CURVE('',#4406,#4407,#5368,.T.);
#3135=EDGE_CURVE('',#4407,#4408,#5369,.T.);
#3136=EDGE_CURVE('',#4409,#4408,#28,.T.);
#3137=EDGE_CURVE('',#4316,#4409,#5370,.T.);
#3138=EDGE_CURVE('',#4410,#4228,#5371,.T.);
#3139=EDGE_CURVE('',#4351,#4410,#5372,.T.);
#3140=EDGE_CURVE('',#4359,#4410,#5373,.T.);
#3141=EDGE_CURVE('',#4395,#4375,#5374,.T.);
#3142=EDGE_CURVE('',#4376,#4338,#5375,.T.);
#3143=EDGE_CURVE('',#4243,#4392,#5376,.T.);
#3144=EDGE_CURVE('',#4318,#4411,#5377,.T.);
#3145=EDGE_CURVE('',#4412,#4411,#5378,.T.);
#3146=EDGE_CURVE('',#4319,#4412,#5379,.T.);
#3147=EDGE_CURVE('',#4413,#4309,#5380,.T.);
#3148=EDGE_CURVE('',#4413,#4414,#5381,.T.);
#3149=EDGE_CURVE('',#4414,#4415,#5382,.T.);
#3150=EDGE_CURVE('',#4416,#4415,#29,.T.);
#3151=EDGE_CURVE('',#4310,#4416,#5383,.T.);
#3152=EDGE_CURVE('',#4417,#4418,#5384,.T.);
#3153=EDGE_CURVE('',#4419,#4418,#5385,.T.);
#3154=EDGE_CURVE('',#4420,#4419,#64,.T.);
#3155=EDGE_CURVE('',#4312,#4420,#5386,.T.);
#3156=EDGE_CURVE('',#4311,#4421,#5387,.T.);
#3157=EDGE_CURVE('',#4422,#4421,#65,.T.);
#3158=EDGE_CURVE('',#4422,#4417,#5388,.T.);
#3159=EDGE_CURVE('',#4423,#4424,#5389,.T.);
#3160=EDGE_CURVE('',#4425,#4424,#5390,.T.);
#3161=EDGE_CURVE('',#4411,#4425,#66,.T.);
#3162=EDGE_CURVE('',#4317,#4426,#5391,.T.);
#3163=EDGE_CURVE('',#4427,#4426,#67,.T.);
#3164=EDGE_CURVE('',#4427,#4423,#5392,.T.);
#3165=EDGE_CURVE('',#4415,#4422,#5393,.T.);
#3166=EDGE_CURVE('',#4414,#4417,#5394,.T.);
#3167=EDGE_CURVE('',#4421,#4416,#5395,.T.);
#3168=EDGE_CURVE('',#4428,#4406,#5396,.T.);
#3169=EDGE_CURVE('',#4314,#4428,#5397,.T.);
#3170=EDGE_CURVE('',#4408,#4427,#5398,.T.);
#3171=EDGE_CURVE('',#4407,#4423,#5399,.T.);
#3172=EDGE_CURVE('',#4285,#4429,#5400,.T.);
#3173=EDGE_CURVE('',#4286,#4429,#5401,.T.);
#3174=EDGE_CURVE('',#4284,#4430,#5402,.T.);
#3175=EDGE_CURVE('',#4283,#4431,#5403,.T.);
#3176=EDGE_CURVE('',#4432,#4431,#5404,.T.);
#3177=EDGE_CURVE('',#4280,#4432,#5405,.T.);
#3178=EDGE_CURVE('',#4279,#4433,#5406,.T.);
#3179=EDGE_CURVE('',#4434,#4433,#5407,.T.);
#3180=EDGE_CURVE('',#4435,#4434,#5408,.T.);
#3181=EDGE_CURVE('',#4436,#4435,#5409,.T.);
#3182=EDGE_CURVE('',#4436,#4437,#5410,.T.);
#3183=EDGE_CURVE('',#4438,#4437,#5411,.T.);
#3184=EDGE_CURVE('',#4430,#4438,#5412,.T.);
#3185=EDGE_CURVE('',#4439,#4413,#5413,.T.);
#3186=EDGE_CURVE('',#4439,#4308,#5414,.T.);
#3187=EDGE_CURVE('',#4429,#4440,#5415,.T.);
#3188=EDGE_CURVE('',#4440,#4287,#5416,.T.);
#3189=EDGE_CURVE('',#4441,#4442,#68,.T.);
#3190=EDGE_CURVE('',#4443,#4442,#5417,.T.);
#3191=EDGE_CURVE('',#4444,#4443,#69,.T.);
#3192=EDGE_CURVE('',#4444,#4441,#5418,.T.);
#3193=EDGE_CURVE('',#4288,#4440,#5419,.T.);
#3194=EDGE_CURVE('',#4445,#4446,#70,.T.);
#3195=EDGE_CURVE('',#4447,#4446,#5420,.T.);
#3196=EDGE_CURVE('',#4448,#4447,#71,.T.);
#3197=EDGE_CURVE('',#4448,#4445,#5421,.T.);
#3198=EDGE_CURVE('',#4426,#4409,#5422,.T.);
#3199=EDGE_CURVE('',#4432,#4449,#5423,.T.);
#3200=EDGE_CURVE('',#4431,#4450,#5424,.T.);
#3201=EDGE_CURVE('',#4449,#4450,#5425,.T.);
#3202=EDGE_CURVE('',#4451,#4452,#5426,.T.);
#3203=EDGE_CURVE('',#4452,#4453,#5427,.T.);
#3204=EDGE_CURVE('',#4453,#4320,#5428,.T.);
#3205=EDGE_CURVE('',#4451,#4412,#30,.T.);
#3206=EDGE_CURVE('',#4454,#4455,#5429,.T.);
#3207=EDGE_CURVE('',#4455,#4456,#72,.T.);
#3208=EDGE_CURVE('',#4457,#4456,#5430,.T.);
#3209=EDGE_CURVE('',#4454,#4457,#73,.T.);
#3210=EDGE_CURVE('',#4458,#4459,#31,.T.);
#3211=EDGE_CURVE('',#4420,#4459,#5431,.T.);
#3212=EDGE_CURVE('',#4419,#4458,#5432,.T.);
#3213=EDGE_CURVE('',#4460,#4461,#5433,.T.);
#3214=EDGE_CURVE('',#4462,#4460,#5434,.T.);
#3215=EDGE_CURVE('',#4463,#4462,#5435,.T.);
#3216=EDGE_CURVE('',#4464,#4463,#5436,.T.);
#3217=EDGE_CURVE('',#4465,#4464,#5437,.T.);
#3218=EDGE_CURVE('',#4465,#4466,#5438,.T.);
#3219=EDGE_CURVE('',#4466,#4467,#5439,.T.);
#3220=EDGE_CURVE('',#4271,#4467,#5440,.T.);
#3221=EDGE_CURVE('',#4468,#4270,#5441,.T.);
#3222=EDGE_CURVE('',#4469,#4468,#5442,.T.);
#3223=EDGE_CURVE('',#4267,#4469,#5443,.T.);
#3224=EDGE_CURVE('',#4461,#4266,#5444,.T.);
#3225=EDGE_CURVE('',#4278,#4470,#5445,.T.);
#3226=EDGE_CURVE('',#4471,#4470,#5446,.T.);
#3227=EDGE_CURVE('',#4472,#4471,#5447,.T.);
#3228=EDGE_CURVE('',#4472,#4473,#5448,.T.);
#3229=EDGE_CURVE('',#4474,#4473,#5449,.T.);
#3230=EDGE_CURVE('',#4475,#4474,#74,.T.);
#3231=EDGE_CURVE('',#4476,#4475,#5450,.T.);
#3232=EDGE_CURVE('',#4476,#4477,#5451,.T.);
#3233=EDGE_CURVE('',#4478,#4477,#5452,.T.);
#3234=EDGE_CURVE('',#4479,#4478,#5453,.T.);
#3235=EDGE_CURVE('',#4480,#4479,#5454,.T.);
#3236=EDGE_CURVE('',#4433,#4480,#75,.T.);
#3237=EDGE_CURVE('',#4424,#4452,#5455,.T.);
#3238=EDGE_CURVE('',#4481,#4428,#5456,.T.);
#3239=EDGE_CURVE('',#4418,#4481,#5457,.T.);
#3240=EDGE_CURVE('',#4482,#4439,#5458,.T.);
#3241=EDGE_CURVE('',#4483,#4482,#5459,.T.);
#3242=EDGE_CURVE('',#4484,#4483,#5460,.T.);
#3243=EDGE_CURVE('',#4485,#4484,#5461,.T.);
#3244=EDGE_CURVE('',#4486,#4485,#5462,.T.);
#3245=EDGE_CURVE('',#4487,#4486,#5463,.T.);
#3246=EDGE_CURVE('',#4488,#4487,#5464,.T.);
#3247=EDGE_CURVE('',#4489,#4488,#5465,.T.);
#3248=EDGE_CURVE('',#4490,#4489,#5466,.T.);
#3249=EDGE_CURVE('',#4491,#4490,#5467,.T.);
#3250=EDGE_CURVE('',#4492,#4491,#5468,.T.);
#3251=EDGE_CURVE('',#4493,#4492,#5469,.T.);
#3252=EDGE_CURVE('',#4494,#4493,#5470,.T.);
#3253=EDGE_CURVE('',#4495,#4494,#5471,.T.);
#3254=EDGE_CURVE('',#4495,#4282,#5472,.T.);
#3255=EDGE_CURVE('',#4496,#4281,#5473,.T.);
#3256=EDGE_CURVE('',#4470,#4496,#5474,.T.);
#3257=EDGE_CURVE('',#4497,#4277,#5475,.T.);
#3258=EDGE_CURVE('',#4498,#4497,#5476,.T.);
#3259=EDGE_CURVE('',#4498,#4274,#5477,.T.);
#3260=EDGE_CURVE('',#4499,#4273,#5478,.T.);
#3261=EDGE_CURVE('',#4500,#4499,#5479,.T.);
#3262=EDGE_CURVE('',#4501,#4500,#5480,.T.);
#3263=EDGE_CURVE('',#4453,#4501,#5481,.T.);
#3264=EDGE_CURVE('',#4502,#4495,#5482,.T.);
#3265=EDGE_CURVE('',#4503,#4502,#5483,.T.);
#3266=EDGE_CURVE('',#4504,#4503,#5484,.T.);
#3267=EDGE_CURVE('',#4450,#4504,#5485,.T.);
#3268=EDGE_CURVE('',#4449,#4505,#5486,.T.);
#3269=EDGE_CURVE('',#4505,#4506,#5487,.T.);
#3270=EDGE_CURVE('',#4507,#4506,#5488,.T.);
#3271=EDGE_CURVE('',#4507,#4496,#5489,.T.);
#3272=EDGE_CURVE('',#4275,#4508,#5490,.T.);
#3273=EDGE_CURVE('',#4509,#4498,#5491,.T.);
#3274=EDGE_CURVE('',#4510,#4509,#5492,.T.);
#3275=EDGE_CURVE('',#4511,#4510,#5493,.T.);
#3276=EDGE_CURVE('',#4512,#4511,#5494,.T.);
#3277=EDGE_CURVE('',#4508,#4512,#5495,.T.);
#3278=EDGE_CURVE('',#4492,#4322,#5496,.T.);
#3279=EDGE_CURVE('',#4513,#4297,#5497,.T.);
#3280=EDGE_CURVE('',#4513,#4514,#5498,.T.);
#3281=EDGE_CURVE('',#4514,#4515,#5499,.T.);
#3282=EDGE_CURVE('',#4515,#4516,#5500,.T.);
#3283=EDGE_CURVE('',#4516,#4517,#5501,.T.);
#3284=EDGE_CURVE('',#4517,#4518,#5502,.T.);
#3285=EDGE_CURVE('',#4519,#4518,#5503,.T.);
#3286=EDGE_CURVE('',#4519,#4493,#5504,.T.);
#3287=EDGE_CURVE('',#4520,#4501,#5505,.T.);
#3288=EDGE_CURVE('',#4500,#4521,#5506,.T.);
#3289=EDGE_CURVE('',#4521,#4520,#5507,.T.);
#3290=EDGE_CURVE('',#4522,#4523,#5508,.T.);
#3291=EDGE_CURVE('',#4523,#4524,#5509,.T.);
#3292=EDGE_CURVE('',#4524,#4525,#5510,.T.);
#3293=EDGE_CURVE('',#4525,#4526,#5511,.T.);
#3294=EDGE_CURVE('',#4526,#4527,#5512,.T.);
#3295=EDGE_CURVE('',#4527,#4528,#5513,.T.);
#3296=EDGE_CURVE('',#4528,#4529,#5514,.T.);
#3297=EDGE_CURVE('',#4529,#4514,#5515,.T.);
#3298=EDGE_CURVE('',#4530,#4513,#5516,.T.);
#3299=EDGE_CURVE('',#4522,#4530,#5517,.T.);
#3300=EDGE_CURVE('',#4531,#4272,#5518,.T.);
#3301=EDGE_CURVE('',#4532,#4531,#5519,.T.);
#3302=EDGE_CURVE('',#4533,#4532,#5520,.T.);
#3303=EDGE_CURVE('',#4533,#4534,#5521,.T.);
#3304=EDGE_CURVE('',#4535,#4534,#5522,.T.);
#3305=EDGE_CURVE('',#4499,#4535,#5523,.T.);
#3306=EDGE_CURVE('',#4430,#4536,#5524,.T.);
#3307=EDGE_CURVE('',#4536,#4537,#5525,.T.);
#3308=EDGE_CURVE('',#4537,#4538,#5526,.T.);
#3309=EDGE_CURVE('',#4539,#4538,#5527,.T.);
#3310=EDGE_CURVE('',#4540,#4539,#5528,.T.);
#3311=EDGE_CURVE('',#4540,#4523,#5529,.T.);
#3312=EDGE_CURVE('',#4289,#4522,#5530,.T.);
#3313=EDGE_CURVE('',#4541,#4542,#5531,.T.);
#3314=EDGE_CURVE('',#4543,#4542,#5532,.T.);
#3315=EDGE_CURVE('',#4543,#4544,#5533,.T.);
#3316=EDGE_CURVE('',#4544,#4545,#5534,.T.);
#3317=EDGE_CURVE('',#4545,#4546,#5535,.T.);
#3318=EDGE_CURVE('',#4546,#4547,#5536,.T.);
#3319=EDGE_CURVE('',#4547,#4548,#5537,.T.);
#3320=EDGE_CURVE('',#4548,#4549,#5538,.T.);
#3321=EDGE_CURVE('',#4549,#4550,#5539,.T.);
#3322=EDGE_CURVE('',#4551,#4550,#5540,.T.);
#3323=EDGE_CURVE('',#4551,#4521,#5541,.T.);
#3324=EDGE_CURVE('',#4535,#4509,#5542,.T.);
#3325=EDGE_CURVE('',#4497,#4552,#5543,.T.);
#3326=EDGE_CURVE('',#4471,#4552,#5544,.T.);
#3327=EDGE_CURVE('',#4502,#4507,#5545,.T.);
#3328=EDGE_CURVE('',#4494,#4553,#5546,.T.);
#3329=EDGE_CURVE('',#4553,#4554,#5547,.T.);
#3330=EDGE_CURVE('',#4554,#4555,#5548,.T.);
#3331=EDGE_CURVE('',#4555,#4556,#5549,.T.);
#3332=EDGE_CURVE('',#4556,#4557,#5550,.T.);
#3333=EDGE_CURVE('',#4557,#4558,#5551,.T.);
#3334=EDGE_CURVE('',#4558,#4559,#5552,.T.);
#3335=EDGE_CURVE('',#4559,#4560,#5553,.T.);
#3336=EDGE_CURVE('',#4561,#4560,#5554,.T.);
#3337=EDGE_CURVE('',#4561,#4562,#5555,.T.);
#3338=EDGE_CURVE('',#4562,#4563,#5556,.T.);
#3339=EDGE_CURVE('',#4563,#4564,#5557,.T.);
#3340=EDGE_CURVE('',#4564,#4565,#5558,.T.);
#3341=EDGE_CURVE('',#4565,#4566,#5559,.T.);
#3342=EDGE_CURVE('',#4566,#4567,#5560,.T.);
#3343=EDGE_CURVE('',#4567,#4568,#5561,.T.);
#3344=EDGE_CURVE('',#4569,#4568,#5562,.T.);
#3345=EDGE_CURVE('',#4569,#4570,#5563,.T.);
#3346=EDGE_CURVE('',#4570,#4571,#5564,.T.);
#3347=EDGE_CURVE('',#4571,#4572,#5565,.T.);
#3348=EDGE_CURVE('',#4572,#4176,#5566,.T.);
#3349=EDGE_CURVE('',#4178,#4541,#5567,.T.);
#3350=EDGE_CURVE('',#4573,#4460,#5568,.T.);
#3351=EDGE_CURVE('',#4461,#4574,#5569,.T.);
#3352=EDGE_CURVE('',#4575,#4574,#5570,.T.);
#3353=EDGE_CURVE('',#4576,#4575,#5571,.T.);
#3354=EDGE_CURVE('',#4577,#4576,#5572,.T.);
#3355=EDGE_CURVE('',#4577,#4578,#5573,.T.);
#3356=EDGE_CURVE('',#4578,#4579,#5574,.T.);
#3357=EDGE_CURVE('',#4579,#4580,#5575,.T.);
#3358=EDGE_CURVE('',#4581,#4580,#5576,.T.);
#3359=EDGE_CURVE('',#4581,#4573,#5577,.T.);
#3360=EDGE_CURVE('',#4553,#4519,#5578,.T.);
#3361=EDGE_CURVE('',#4582,#4520,#5579,.T.);
#3362=EDGE_CURVE('',#4583,#4582,#5580,.T.);
#3363=EDGE_CURVE('',#4583,#4584,#5581,.T.);
#3364=EDGE_CURVE('',#4584,#4585,#5582,.T.);
#3365=EDGE_CURVE('',#4585,#4576,#5583,.T.);
#3366=EDGE_CURVE('',#4404,#4575,#5584,.T.);
#3367=EDGE_CURVE('',#4586,#4587,#5585,.T.);
#3368=EDGE_CURVE('',#4587,#4588,#5586,.T.);
#3369=EDGE_CURVE('',#4588,#4589,#5587,.T.);
#3370=EDGE_CURVE('',#4589,#4525,#5588,.T.);
#3371=EDGE_CURVE('',#4524,#4590,#5589,.T.);
#3372=EDGE_CURVE('',#4591,#4590,#5590,.T.);
#3373=EDGE_CURVE('',#4592,#4591,#5591,.T.);
#3374=EDGE_CURVE('',#4593,#4592,#5592,.T.);
#3375=EDGE_CURVE('',#4593,#4594,#5593,.T.);
#3376=EDGE_CURVE('',#4595,#4594,#5594,.T.);
#3377=EDGE_CURVE('',#4596,#4595,#5595,.T.);
#3378=EDGE_CURVE('',#4596,#4597,#5596,.T.);
#3379=EDGE_CURVE('',#4597,#4598,#5597,.T.);
#3380=EDGE_CURVE('',#4598,#4599,#5598,.T.);
#3381=EDGE_CURVE('',#4599,#4600,#5599,.T.);
#3382=EDGE_CURVE('',#4600,#4601,#5600,.T.);
#3383=EDGE_CURVE('',#4601,#4586,#5601,.T.);
#3384=EDGE_CURVE('',#4276,#4602,#5602,.T.);
#3385=EDGE_CURVE('',#4603,#4602,#76,.T.);
#3386=EDGE_CURVE('',#4603,#4604,#5603,.T.);
#3387=EDGE_CURVE('',#4605,#4604,#5604,.T.);
#3388=EDGE_CURVE('',#4606,#4605,#5605,.T.);
#3389=EDGE_CURVE('',#4606,#4607,#5606,.T.);
#3390=EDGE_CURVE('',#4607,#4608,#5607,.T.);
#3391=EDGE_CURVE('',#4609,#4608,#77,.T.);
#3392=EDGE_CURVE('',#4609,#4610,#5608,.T.);
#3393=EDGE_CURVE('',#4610,#4611,#5609,.T.);
#3394=EDGE_CURVE('',#4552,#4611,#5610,.T.);
#3395=EDGE_CURVE('',#4481,#4458,#5611,.T.);
#3396=EDGE_CURVE('',#4459,#4313,#5612,.T.);
#3397=EDGE_CURVE('',#4405,#4612,#5613,.T.);
#3398=EDGE_CURVE('',#4612,#4613,#5614,.T.);
#3399=EDGE_CURVE('',#4403,#4613,#5615,.T.);
#3400=EDGE_CURVE('',#4531,#4508,#5616,.T.);
#3401=EDGE_CURVE('',#4512,#4532,#5617,.T.);
#3402=EDGE_CURVE('',#4339,#4614,#5618,.T.);
#3403=EDGE_CURVE('',#4615,#4530,#5619,.T.);
#3404=EDGE_CURVE('',#4614,#4615,#5620,.T.);
#3405=EDGE_CURVE('',#4402,#4616,#5621,.T.);
#3406=EDGE_CURVE('',#4617,#4401,#5622,.T.);
#3407=EDGE_CURVE('',#4617,#4616,#5623,.T.);
#3408=EDGE_CURVE('',#4618,#4438,#32,.T.);
#3409=EDGE_CURVE('',#4437,#4619,#78,.T.);
#3410=EDGE_CURVE('',#4619,#4618,#5624,.T.);
#3411=EDGE_CURVE('',#4435,#4620,#5625,.T.);
#3412=EDGE_CURVE('',#4621,#4434,#79,.T.);
#3413=EDGE_CURVE('',#4621,#4622,#5626,.T.);
#3414=EDGE_CURVE('',#4622,#4620,#5627,.T.);
#3415=EDGE_CURVE('',#4480,#4621,#5628,.T.);
#3416=EDGE_CURVE('',#4613,#4341,#5629,.T.);
#3417=EDGE_CURVE('',#4574,#4612,#5630,.T.);
#3418=EDGE_CURVE('',#4623,#4436,#5631,.T.);
#3419=EDGE_CURVE('',#4620,#4623,#5632,.T.);
#3420=EDGE_CURVE('',#4616,#4389,#5633,.T.);
#3421=EDGE_CURVE('',#4390,#4617,#5634,.T.);
#3422=EDGE_CURVE('',#4624,#4592,#5635,.T.);
#3423=EDGE_CURVE('',#4591,#4625,#5636,.T.);
#3424=EDGE_CURVE('',#4625,#4624,#5637,.T.);
#3425=EDGE_CURVE('',#4618,#4626,#5638,.T.);
#3426=EDGE_CURVE('',#4626,#4536,#5639,.T.);
#3427=EDGE_CURVE('',#4627,#4623,#5640,.T.);
#3428=EDGE_CURVE('',#4619,#4627,#5641,.T.);
#3429=EDGE_CURVE('',#4269,#4468,#5642,.T.);
#3430=EDGE_CURVE('',#4268,#4469,#5643,.T.);
#3431=EDGE_CURVE('',#4628,#4629,#5644,.T.);
#3432=EDGE_CURVE('',#4305,#4628,#5645,.T.);
#3433=EDGE_CURVE('',#4304,#4629,#5646,.T.);
#3434=EDGE_CURVE('',#4400,#4387,#101,.T.);
#3435=EDGE_CURVE('',#4486,#4303,#5647,.T.);
#3436=EDGE_CURVE('',#4630,#4485,#5648,.T.);
#3437=EDGE_CURVE('',#4631,#4630,#102,.F.);
#3438=EDGE_CURVE('',#4631,#4629,#103,.T.);
#3439=EDGE_CURVE('',#4632,#4482,#5649,.T.);
#3440=EDGE_CURVE('',#4307,#4633,#5650,.T.);
#3441=EDGE_CURVE('',#4633,#4632,#33,.T.);
#3442=EDGE_CURVE('',#4306,#4634,#5651,.T.);
#3443=EDGE_CURVE('',#4634,#4633,#5652,.T.);
#3444=EDGE_CURVE('',#4302,#4487,#5653,.T.);
#3445=EDGE_CURVE('',#4602,#4635,#5654,.T.);
#3446=EDGE_CURVE('',#4635,#4636,#80,.T.);
#3447=EDGE_CURVE('',#4636,#4603,#5655,.T.);
#3448=EDGE_CURVE('',#4625,#4637,#5656,.T.);
#3449=EDGE_CURVE('',#4637,#4638,#5657,.T.);
#3450=EDGE_CURVE('',#4638,#4624,#5658,.T.);
#3451=EDGE_CURVE('',#4614,#4294,#5659,.T.);
#3452=EDGE_CURVE('',#4639,#4489,#5660,.T.);
#3453=EDGE_CURVE('',#4640,#4639,#81,.T.);
#3454=EDGE_CURVE('',#4299,#4640,#5661,.T.);
#3455=EDGE_CURVE('',#4300,#4641,#5662,.T.);
#3456=EDGE_CURVE('',#4642,#4641,#82,.T.);
#3457=EDGE_CURVE('',#4642,#4490,#5663,.T.);
#3458=EDGE_CURVE('',#4615,#4296,#5664,.T.);
#3459=EDGE_CURVE('',#4594,#4637,#5665,.T.);
#3460=EDGE_CURVE('',#4590,#4540,#5666,.T.);
#3461=EDGE_CURVE('',#4539,#4595,#5667,.T.);
#3462=EDGE_CURVE('',#4641,#4643,#5668,.T.);
#3463=EDGE_CURVE('',#4323,#4643,#5669,.T.);
#3464=EDGE_CURVE('',#4644,#4467,#5670,.T.);
#3465=EDGE_CURVE('',#4466,#4645,#5671,.T.);
#3466=EDGE_CURVE('',#4646,#4645,#5672,.T.);
#3467=EDGE_CURVE('',#4644,#4646,#34,.T.);
#3468=EDGE_CURVE('',#4647,#4648,#5673,.T.);
#3469=EDGE_CURVE('',#4649,#4647,#5674,.T.);
#3470=EDGE_CURVE('',#4636,#4649,#5675,.T.);
#3471=EDGE_CURVE('',#4648,#4635,#5676,.T.);
#3472=EDGE_CURVE('',#4650,#4642,#5677,.T.);
#3473=EDGE_CURVE('',#4491,#4650,#5678,.T.);
#3474=EDGE_CURVE('',#4651,#4652,#83,.T.);
#3475=EDGE_CURVE('',#4652,#4644,#5679,.T.);
#3476=EDGE_CURVE('',#4646,#4651,#5680,.T.);
#3477=EDGE_CURVE('',#4488,#4653,#5681,.T.);
#3478=EDGE_CURVE('',#4654,#4301,#5682,.T.);
#3479=EDGE_CURVE('',#4653,#4654,#35,.T.);
#3480=EDGE_CURVE('',#4655,#4484,#5683,.T.);
#3481=EDGE_CURVE('',#4655,#4630,#5684,.T.);
#3482=EDGE_CURVE('',#4640,#4654,#5685,.T.);
#3483=EDGE_CURVE('',#4656,#4632,#5686,.T.);
#3484=EDGE_CURVE('',#4656,#4483,#5687,.T.);
#3485=EDGE_CURVE('',#4397,#4388,#5688,.T.);
#3486=EDGE_CURVE('',#4657,#4658,#5689,.T.);
#3487=EDGE_CURVE('',#4659,#4657,#84,.T.);
#3488=EDGE_CURVE('',#4659,#4660,#5690,.T.);
#3489=EDGE_CURVE('',#4660,#4658,#85,.T.);
#3490=EDGE_CURVE('',#4634,#4656,#86,.T.);
#3491=EDGE_CURVE('',#4638,#4593,#5691,.T.);
#3492=EDGE_CURVE('',#4643,#4650,#36,.T.);
#3493=EDGE_CURVE('',#4628,#4661,#104,.T.);
#3494=EDGE_CURVE('',#4661,#4655,#105,.T.);
#3495=EDGE_CURVE('',#4662,#4663,#5692,.T.);
#3496=EDGE_CURVE('',#4662,#4652,#5693,.T.);
#3497=EDGE_CURVE('',#4651,#4664,#5694,.T.);
#3498=EDGE_CURVE('',#4663,#4664,#5695,.T.);
#3499=EDGE_CURVE('',#4665,#4666,#5696,.T.);
#3500=EDGE_CURVE('',#4667,#4665,#87,.T.);
#3501=EDGE_CURVE('',#4667,#4668,#5697,.T.);
#3502=EDGE_CURVE('',#4668,#4666,#88,.T.);
#3503=EDGE_CURVE('',#4639,#4653,#5698,.T.);
#3504=EDGE_CURVE('',#4669,#4670,#106,.T.);
#3505=EDGE_CURVE('',#4670,#4631,#5699,.T.);
#3506=EDGE_CURVE('',#4661,#4671,#5700,.T.);
#3507=EDGE_CURVE('',#4671,#4672,#107,.T.);
#3508=EDGE_CURVE('',#4672,#4669,#5701,.T.);
#3509=EDGE_CURVE('',#4648,#4662,#5702,.T.);
#3510=EDGE_CURVE('',#4673,#4674,#5703,.T.);
#3511=EDGE_CURVE('',#4674,#4675,#89,.T.);
#3512=EDGE_CURVE('',#4676,#4675,#5704,.T.);
#3513=EDGE_CURVE('',#4676,#4673,#90,.T.);
#3514=EDGE_CURVE('',#4425,#4451,#5705,.T.);
#3515=EDGE_CURVE('',#4464,#4677,#5706,.T.);
#3516=EDGE_CURVE('',#4677,#4678,#5707,.T.);
#3517=EDGE_CURVE('',#4678,#4465,#5708,.T.);
#3518=EDGE_CURVE('',#4679,#4680,#5709,.T.);
#3519=EDGE_CURVE('',#4679,#4681,#5710,.T.);
#3520=EDGE_CURVE('',#4681,#4682,#5711,.T.);
#3521=EDGE_CURVE('',#4682,#4683,#5712,.T.);
#3522=EDGE_CURVE('',#4463,#4683,#5713,.T.);
#3523=EDGE_CURVE('',#4462,#4684,#5714,.T.);
#3524=EDGE_CURVE('',#4684,#4680,#5715,.T.);
#3525=EDGE_CURVE('',#4683,#4677,#5716,.T.);
#3526=EDGE_CURVE('',#4680,#4685,#5717,.T.);
#3527=EDGE_CURVE('',#4685,#4686,#5718,.T.);
#3528=EDGE_CURVE('',#4686,#4679,#5719,.T.);
#3529=EDGE_CURVE('',#4687,#4681,#5720,.T.);
#3530=EDGE_CURVE('',#4688,#4687,#5721,.T.);
#3531=EDGE_CURVE('',#4688,#4682,#5722,.T.);
#3532=EDGE_CURVE('',#4573,#4684,#5723,.T.);
#3533=EDGE_CURVE('',#4538,#4596,#5724,.T.);
#3534=EDGE_CURVE('',#4537,#4597,#5725,.T.);
#3535=EDGE_CURVE('',#4687,#4686,#5726,.T.);
#3536=EDGE_CURVE('',#4605,#4478,#5727,.T.);
#3537=EDGE_CURVE('',#4477,#4606,#5728,.T.);
#3538=EDGE_CURVE('',#4685,#4688,#5729,.T.);
#3539=EDGE_CURVE('',#4607,#4476,#5730,.T.);
#3540=EDGE_CURVE('',#4689,#4690,#5731,.T.);
#3541=EDGE_CURVE('',#4690,#4691,#5732,.T.);
#3542=EDGE_CURVE('',#4691,#4692,#5733,.T.);
#3543=EDGE_CURVE('',#4692,#4693,#5734,.T.);
#3544=EDGE_CURVE('',#4694,#4693,#5735,.T.);
#3545=EDGE_CURVE('',#4695,#4694,#5736,.T.);
#3546=EDGE_CURVE('',#4695,#4696,#5737,.T.);
#3547=EDGE_CURVE('',#4696,#4527,#5738,.T.);
#3548=EDGE_CURVE('',#4526,#4697,#5739,.T.);
#3549=EDGE_CURVE('',#4697,#4698,#5740,.T.);
#3550=EDGE_CURVE('',#4698,#4699,#5741,.T.);
#3551=EDGE_CURVE('',#4699,#4700,#5742,.T.);
#3552=EDGE_CURVE('',#4700,#4689,#5743,.T.);
#3553=EDGE_CURVE('',#4701,#4702,#5744,.T.);
#3554=EDGE_CURVE('',#4702,#4703,#5745,.T.);
#3555=EDGE_CURVE('',#4703,#4704,#5746,.T.);
#3556=EDGE_CURVE('',#4704,#4561,#5747,.T.);
#3557=EDGE_CURVE('',#4560,#4705,#5748,.T.);
#3558=EDGE_CURVE('',#4705,#4706,#5749,.T.);
#3559=EDGE_CURVE('',#4706,#4707,#5750,.T.);
#3560=EDGE_CURVE('',#4707,#4708,#5751,.T.);
#3561=EDGE_CURVE('',#4709,#4708,#5752,.T.);
#3562=EDGE_CURVE('',#4710,#4709,#5753,.T.);
#3563=EDGE_CURVE('',#4710,#4701,#5754,.T.);
#3564=EDGE_CURVE('',#4678,#4711,#5755,.T.);
#3565=EDGE_CURVE('',#4645,#4711,#5756,.T.);
#3566=EDGE_CURVE('',#4712,#4713,#5757,.T.);
#3567=EDGE_CURVE('',#4712,#4714,#5758,.T.);
#3568=EDGE_CURVE('',#4715,#4714,#5759,.T.);
#3569=EDGE_CURVE('',#4715,#4678,#5760,.T.);
#3570=EDGE_CURVE('',#4716,#4581,#5761,.T.);
#3571=EDGE_CURVE('',#4717,#4716,#5762,.T.);
#3572=EDGE_CURVE('',#4717,#4718,#5763,.T.);
#3573=EDGE_CURVE('',#4719,#4718,#5764,.T.);
#3574=EDGE_CURVE('',#4713,#4719,#5765,.T.);
#3575=EDGE_CURVE('',#4579,#4720,#5766,.T.);
#3576=EDGE_CURVE('',#4720,#4721,#5767,.T.);
#3577=EDGE_CURVE('',#4722,#4721,#5768,.T.);
#3578=EDGE_CURVE('',#4722,#4723,#5769,.T.);
#3579=EDGE_CURVE('',#4723,#4724,#5770,.T.);
#3580=EDGE_CURVE('',#4724,#4725,#5771,.T.);
#3581=EDGE_CURVE('',#4726,#4725,#5772,.T.);
#3582=EDGE_CURVE('',#4726,#4727,#5773,.T.);
#3583=EDGE_CURVE('',#4728,#4727,#5774,.T.);
#3584=EDGE_CURVE('',#4729,#4728,#5775,.T.);
#3585=EDGE_CURVE('',#4729,#4730,#5776,.T.);
#3586=EDGE_CURVE('',#4731,#4730,#5777,.T.);
#3587=EDGE_CURVE('',#4580,#4731,#5778,.T.);
#3588=EDGE_CURVE('',#4711,#4732,#5779,.T.);
#3589=EDGE_CURVE('',#4733,#4732,#5780,.T.);
#3590=EDGE_CURVE('',#4645,#4733,#5781,.T.);
#3591=EDGE_CURVE('',#4727,#4733,#5782,.T.);
#3592=EDGE_CURVE('',#4732,#4715,#5783,.T.);
#3593=EDGE_CURVE('',#4728,#4715,#5784,.T.);
#3594=EDGE_CURVE('',#4734,#4735,#5785,.T.);
#3595=EDGE_CURVE('',#4734,#4689,#5786,.T.);
#3596=EDGE_CURVE('',#4700,#4598,#5787,.T.);
#3597=EDGE_CURVE('',#4598,#4735,#5788,.T.);
#3598=EDGE_CURVE('',#4736,#4626,#5789,.T.);
#3599=EDGE_CURVE('',#4736,#4597,#5790,.T.);
#3600=EDGE_CURVE('',#4737,#4738,#108,.F.);
#3601=EDGE_CURVE('',#4739,#4737,#5791,.T.);
#3602=EDGE_CURVE('',#4740,#4739,#5792,.T.);
#3603=EDGE_CURVE('',#4741,#4740,#5793,.T.);
#3604=EDGE_CURVE('',#4742,#4741,#5794,.T.);
#3605=EDGE_CURVE('',#4743,#4742,#5795,.T.);
#3606=EDGE_CURVE('',#4744,#4743,#5796,.T.);
#3607=EDGE_CURVE('',#4745,#4744,#5797,.T.);
#3608=EDGE_CURVE('',#4746,#4745,#5798,.T.);
#3609=EDGE_CURVE('',#4747,#4746,#5799,.T.);
#3610=EDGE_CURVE('',#4748,#4747,#5800,.T.);
#3611=EDGE_CURVE('',#4749,#4748,#5801,.T.);
#3612=EDGE_CURVE('',#4750,#4749,#5802,.T.);
#3613=EDGE_CURVE('',#4703,#4750,#5803,.T.);
#3614=EDGE_CURVE('',#4751,#4702,#5804,.T.);
#3615=EDGE_CURVE('',#4751,#4752,#5805,.T.);
#3616=EDGE_CURVE('',#4753,#4752,#5806,.T.);
#3617=EDGE_CURVE('',#4754,#4753,#5807,.T.);
#3618=EDGE_CURVE('',#4755,#4754,#5808,.T.);
#3619=EDGE_CURVE('',#4756,#4755,#5809,.T.);
#3620=EDGE_CURVE('',#4738,#4756,#5810,.T.);
#3621=EDGE_CURVE('',#4757,#4583,#5811,.T.);
#3622=EDGE_CURVE('',#4758,#4582,#5812,.T.);
#3623=EDGE_CURVE('',#4757,#4758,#5813,.T.);
#3624=EDGE_CURVE('',#4759,#4760,#91,.T.);
#3625=EDGE_CURVE('',#4760,#4609,#5814,.T.);
#3626=EDGE_CURVE('',#4608,#4759,#5815,.T.);
#3627=EDGE_CURVE('',#4761,#4762,#37,.T.);
#3628=EDGE_CURVE('',#4733,#4761,#5816,.T.);
#3629=EDGE_CURVE('',#4762,#4726,#5817,.T.);
#3630=EDGE_CURVE('',#4584,#4763,#5818,.T.);
#3631=EDGE_CURVE('',#4763,#4764,#5819,.T.);
#3632=EDGE_CURVE('',#4764,#4585,#5820,.T.);
#3633=EDGE_CURVE('',#4765,#4713,#5821,.T.);
#3634=EDGE_CURVE('',#4765,#4766,#5822,.T.);
#3635=EDGE_CURVE('',#4766,#4717,#5823,.T.);
#3636=EDGE_CURVE('',#4716,#4731,#5824,.T.);
#3637=EDGE_CURVE('',#4730,#4712,#5825,.T.);
#3638=EDGE_CURVE('',#4767,#4761,#5826,.T.);
#3639=EDGE_CURVE('',#4768,#4767,#5827,.T.);
#3640=EDGE_CURVE('',#4768,#4769,#5828,.T.);
#3641=EDGE_CURVE('',#4769,#4759,#5829,.T.);
#3642=EDGE_CURVE('',#4770,#4475,#5830,.T.);
#3643=EDGE_CURVE('',#4771,#4770,#5831,.T.);
#3644=EDGE_CURVE('',#4771,#4772,#5832,.T.);
#3645=EDGE_CURVE('',#4772,#4773,#5833,.T.);
#3646=EDGE_CURVE('',#4774,#4773,#5834,.T.);
#3647=EDGE_CURVE('',#4734,#4774,#5835,.T.);
#3648=EDGE_CURVE('',#4626,#4734,#5836,.T.);
#3649=EDGE_CURVE('',#4622,#4627,#5837,.T.);
#3650=EDGE_CURVE('',#4604,#4479,#5838,.T.);
#3651=EDGE_CURVE('',#4664,#4649,#5839,.T.);
#3652=EDGE_CURVE('',#4756,#4775,#5840,.T.);
#3653=EDGE_CURVE('',#4776,#4755,#5841,.T.);
#3654=EDGE_CURVE('',#4775,#4776,#5842,.T.);
#3655=EDGE_CURVE('',#4714,#4729,#5843,.T.);
#3656=EDGE_CURVE('',#4724,#4777,#5844,.T.);
#3657=EDGE_CURVE('',#4777,#4723,#5845,.T.);
#3658=EDGE_CURVE('',#4760,#4778,#5846,.T.);
#3659=EDGE_CURVE('',#4779,#4769,#5847,.T.);
#3660=EDGE_CURVE('',#4779,#4778,#5848,.T.);
#3661=EDGE_CURVE('',#4739,#4780,#5849,.T.);
#3662=EDGE_CURVE('',#4737,#4781,#109,.T.);
#3663=EDGE_CURVE('',#4782,#4781,#92,.T.);
#3664=EDGE_CURVE('',#4783,#4782,#5850,.T.);
#3665=EDGE_CURVE('',#4784,#4783,#93,.T.);
#3666=EDGE_CURVE('',#4753,#4784,#5851,.T.);
#3667=EDGE_CURVE('',#4752,#4785,#5852,.T.);
#3668=EDGE_CURVE('',#4704,#4785,#5853,.T.);
#3669=EDGE_CURVE('',#4750,#4786,#5854,.T.);
#3670=EDGE_CURVE('',#4787,#4786,#5855,.T.);
#3671=EDGE_CURVE('',#4747,#4787,#5856,.T.);
#3672=EDGE_CURVE('',#4746,#4788,#5857,.T.);
#3673=EDGE_CURVE('',#4789,#4788,#5858,.T.);
#3674=EDGE_CURVE('',#4743,#4789,#5859,.T.);
#3675=EDGE_CURVE('',#4742,#4790,#5860,.T.);
#3676=EDGE_CURVE('',#4780,#4790,#5861,.T.);
#3677=EDGE_CURVE('',#4791,#4792,#5862,.T.);
#3678=EDGE_CURVE('',#4793,#4791,#5863,.T.);
#3679=EDGE_CURVE('',#4794,#4793,#5864,.T.);
#3680=EDGE_CURVE('',#4795,#4794,#5865,.T.);
#3681=EDGE_CURVE('',#4796,#4795,#5866,.T.);
#3682=EDGE_CURVE('',#4696,#4796,#5867,.T.);
#3683=EDGE_CURVE('',#4797,#4695,#5868,.T.);
#3684=EDGE_CURVE('',#4798,#4797,#5869,.T.);
#3685=EDGE_CURVE('',#4798,#4692,#5870,.T.);
#3686=EDGE_CURVE('',#4504,#4691,#5871,.T.);
#3687=EDGE_CURVE('',#4506,#4503,#5872,.T.);
#3688=EDGE_CURVE('',#4473,#4505,#5873,.T.);
#3689=EDGE_CURVE('',#4611,#4472,#5874,.T.);
#3690=EDGE_CURVE('',#4511,#4610,#5875,.T.);
#3691=EDGE_CURVE('',#4534,#4510,#5876,.T.);
#3692=EDGE_CURVE('',#4725,#4533,#5877,.T.);
#3693=EDGE_CURVE('',#4777,#4799,#5878,.T.);
#3694=EDGE_CURVE('',#4721,#4799,#5879,.T.);
#3695=EDGE_CURVE('',#4720,#4800,#5880,.T.);
#3696=EDGE_CURVE('',#4801,#4800,#5881,.T.);
#3697=EDGE_CURVE('',#4802,#4801,#5882,.T.);
#3698=EDGE_CURVE('',#4803,#4802,#5883,.T.);
#3699=EDGE_CURVE('',#4804,#4803,#5884,.T.);
#3700=EDGE_CURVE('',#4805,#4804,#5885,.T.);
#3701=EDGE_CURVE('',#4806,#4805,#5886,.T.);
#3702=EDGE_CURVE('',#4807,#4806,#5887,.T.);
#3703=EDGE_CURVE('',#4792,#4807,#5888,.T.);
#3704=EDGE_CURVE('',#4808,#4809,#5889,.T.);
#3705=EDGE_CURVE('',#4810,#4808,#5890,.T.);
#3706=EDGE_CURVE('',#4811,#4810,#5891,.T.);
#3707=EDGE_CURVE('',#4811,#4812,#5892,.T.);
#3708=EDGE_CURVE('',#4813,#4812,#5893,.T.);
#3709=EDGE_CURVE('',#4814,#4813,#5894,.T.);
#3710=EDGE_CURVE('',#4555,#4814,#5895,.T.);
#3711=EDGE_CURVE('',#4785,#4554,#5896,.T.);
#3712=EDGE_CURVE('',#4809,#4751,#5897,.T.);
#3713=EDGE_CURVE('',#4815,#4816,#5898,.T.);
#3714=EDGE_CURVE('',#4817,#4815,#5899,.T.);
#3715=EDGE_CURVE('',#4818,#4817,#5900,.T.);
#3716=EDGE_CURVE('',#4818,#4819,#5901,.T.);
#3717=EDGE_CURVE('',#4820,#4819,#5902,.T.);
#3718=EDGE_CURVE('',#4821,#4820,#5903,.T.);
#3719=EDGE_CURVE('',#4563,#4821,#5904,.T.);
#3720=EDGE_CURVE('',#4786,#4562,#5905,.T.);
#3721=EDGE_CURVE('',#4816,#4749,#5906,.T.);
#3722=EDGE_CURVE('',#4807,#4822,#5907,.T.);
#3723=EDGE_CURVE('',#4823,#4822,#5908,.T.);
#3724=EDGE_CURVE('',#4792,#4823,#5909,.T.);
#3725=EDGE_CURVE('',#4791,#4824,#5910,.T.);
#3726=EDGE_CURVE('',#4792,#4825,#5911,.T.);
#3727=EDGE_CURVE('',#4825,#4824,#5912,.T.);
#3728=EDGE_CURVE('',#4826,#4827,#5913,.T.);
#3729=EDGE_CURVE('',#4826,#4828,#5914,.T.);
#3730=EDGE_CURVE('',#4828,#4529,#5915,.T.);
#3731=EDGE_CURVE('',#4528,#4796,#5916,.T.);
#3732=EDGE_CURVE('',#4827,#4795,#5917,.T.);
#3733=EDGE_CURVE('',#4829,#4830,#5918,.T.);
#3734=EDGE_CURVE('',#4831,#4829,#5919,.T.);
#3735=EDGE_CURVE('',#4832,#4831,#5920,.T.);
#3736=EDGE_CURVE('',#4832,#4833,#5921,.T.);
#3737=EDGE_CURVE('',#4834,#4833,#5922,.T.);
#3738=EDGE_CURVE('',#4835,#4834,#5923,.T.);
#3739=EDGE_CURVE('',#4571,#4835,#5924,.T.);
#3740=EDGE_CURVE('',#4788,#4570,#5925,.T.);
#3741=EDGE_CURVE('',#4830,#4745,#5926,.T.);
#3742=EDGE_CURVE('',#4836,#4740,#5927,.T.);
#3743=EDGE_CURVE('',#4780,#4551,#5928,.T.);
#3744=EDGE_CURVE('',#4550,#4837,#5929,.T.);
#3745=EDGE_CURVE('',#4837,#4838,#5930,.T.);
#3746=EDGE_CURVE('',#4838,#4839,#5931,.T.);
#3747=EDGE_CURVE('',#4839,#4840,#5932,.T.);
#3748=EDGE_CURVE('',#4840,#4841,#5933,.T.);
#3749=EDGE_CURVE('',#4841,#4842,#5934,.T.);
#3750=EDGE_CURVE('',#4842,#4836,#5935,.T.);
#3751=EDGE_CURVE('',#4822,#4843,#5936,.T.);
#3752=EDGE_CURVE('',#4843,#4806,#5937,.T.);
#3753=EDGE_CURVE('',#4844,#4793,#5938,.T.);
#3754=EDGE_CURVE('',#4824,#4844,#5939,.T.);
#3755=EDGE_CURVE('',#4784,#4845,#5940,.T.);
#3756=EDGE_CURVE('',#4845,#4754,#5941,.T.);
#3757=EDGE_CURVE('',#4846,#4844,#5942,.T.);
#3758=EDGE_CURVE('',#4794,#4846,#5943,.T.);
#3759=EDGE_CURVE('',#4847,#4577,#5944,.T.);
#3760=EDGE_CURVE('',#4848,#4847,#5945,.T.);
#3761=EDGE_CURVE('',#4849,#4848,#5946,.T.);
#3762=EDGE_CURVE('',#4801,#4849,#5947,.T.);
#3763=EDGE_CURVE('',#4800,#4578,#5948,.T.);
#3764=EDGE_CURVE('',#4783,#4850,#5949,.T.);
#3765=EDGE_CURVE('',#4850,#4851,#38,.T.);
#3766=EDGE_CURVE('',#4851,#4845,#39,.T.);
#3767=EDGE_CURVE('',#4852,#4853,#5950,.T.);
#3768=EDGE_CURVE('',#4854,#4852,#5951,.T.);
#3769=EDGE_CURVE('',#4855,#4854,#5952,.T.);
#3770=EDGE_CURVE('',#4856,#4855,#5953,.T.);
#3771=EDGE_CURVE('',#4856,#4857,#5954,.T.);
#3772=EDGE_CURVE('',#4857,#4858,#5955,.T.);
#3773=EDGE_CURVE('',#4859,#4858,#5956,.T.);
#3774=EDGE_CURVE('',#4859,#4860,#5957,.T.);
#3775=EDGE_CURVE('',#4861,#4860,#5958,.T.);
#3776=EDGE_CURVE('',#4862,#4861,#5959,.T.);
#3777=EDGE_CURVE('',#4863,#4862,#5960,.T.);
#3778=EDGE_CURVE('',#4864,#4863,#5961,.T.);
#3779=EDGE_CURVE('',#4865,#4864,#5962,.T.);
#3780=EDGE_CURVE('',#4866,#4865,#5963,.T.);
#3781=EDGE_CURVE('',#4866,#4867,#5964,.T.);
#3782=EDGE_CURVE('',#4867,#4868,#5965,.T.);
#3783=EDGE_CURVE('',#4869,#4868,#5966,.T.);
#3784=EDGE_CURVE('',#4869,#4870,#5967,.T.);
#3785=EDGE_CURVE('',#4871,#4870,#5968,.T.);
#3786=EDGE_CURVE('',#4872,#4871,#5969,.T.);
#3787=EDGE_CURVE('',#4873,#4872,#5970,.T.);
#3788=EDGE_CURVE('',#4758,#4873,#5971,.T.);
#3789=EDGE_CURVE('',#4790,#4544,#5972,.T.);
#3790=EDGE_CURVE('',#4789,#4543,#5973,.T.);
#3791=EDGE_CURVE('',#4787,#4569,#5974,.T.);
#3792=EDGE_CURVE('',#4518,#4874,#5975,.T.);
#3793=EDGE_CURVE('',#4874,#4875,#5976,.T.);
#3794=EDGE_CURVE('',#4876,#4875,#5977,.T.);
#3795=EDGE_CURVE('',#4876,#4877,#5978,.T.);
#3796=EDGE_CURVE('',#4878,#4877,#5979,.T.);
#3797=EDGE_CURVE('',#4879,#4878,#5980,.T.);
#3798=EDGE_CURVE('',#4880,#4879,#5981,.T.);
#3799=EDGE_CURVE('',#4881,#4880,#5982,.T.);
#3800=EDGE_CURVE('',#4882,#4881,#5983,.T.);
#3801=EDGE_CURVE('',#4883,#4882,#5984,.T.);
#3802=EDGE_CURVE('',#4884,#4883,#5985,.T.);
#3803=EDGE_CURVE('',#4884,#4885,#5986,.T.);
#3804=EDGE_CURVE('',#4886,#4885,#5987,.T.);
#3805=EDGE_CURVE('',#4886,#4887,#5988,.T.);
#3806=EDGE_CURVE('',#4888,#4887,#5989,.T.);
#3807=EDGE_CURVE('',#4853,#4888,#5990,.T.);
#3808=EDGE_CURVE('',#4748,#4889,#5991,.T.);
#3809=EDGE_CURVE('',#4568,#4890,#5992,.T.);
#3810=EDGE_CURVE('',#4890,#4891,#5993,.T.);
#3811=EDGE_CURVE('',#4891,#4892,#5994,.T.);
#3812=EDGE_CURVE('',#4892,#4893,#5995,.T.);
#3813=EDGE_CURVE('',#4894,#4893,#5996,.T.);
#3814=EDGE_CURVE('',#4895,#4894,#5997,.T.);
#3815=EDGE_CURVE('',#4889,#4895,#5998,.T.);
#3816=EDGE_CURVE('',#4896,#4897,#5999,.T.);
#3817=EDGE_CURVE('',#4812,#4896,#6000,.T.);
#3818=EDGE_CURVE('',#4708,#4811,#6001,.T.);
#3819=EDGE_CURVE('',#4707,#4898,#6002,.T.);
#3820=EDGE_CURVE('',#4899,#4898,#6003,.T.);
#3821=EDGE_CURVE('',#4897,#4899,#6004,.T.);
#3822=EDGE_CURVE('',#4846,#4827,#6005,.T.);
#3823=EDGE_CURVE('',#4900,#4901,#6006,.T.);
#3824=EDGE_CURVE('',#4902,#4900,#6007,.T.);
#3825=EDGE_CURVE('',#4903,#4902,#6008,.T.);
#3826=EDGE_CURVE('',#4904,#4903,#6009,.T.);
#3827=EDGE_CURVE('',#4905,#4904,#6010,.T.);
#3828=EDGE_CURVE('',#4906,#4905,#6011,.T.);
#3829=EDGE_CURVE('',#4545,#4906,#6012,.T.);
#3830=EDGE_CURVE('',#4901,#4741,#6013,.T.);
#3831=EDGE_CURVE('',#4805,#4907,#6014,.T.);
#3832=EDGE_CURVE('',#4805,#4908,#6015,.T.);
#3833=EDGE_CURVE('',#4908,#4825,#6016,.T.);
#3834=EDGE_CURVE('',#4823,#4909,#6017,.T.);
#3835=EDGE_CURVE('',#4909,#4910,#6018,.T.);
#3836=EDGE_CURVE('',#4907,#4910,#6019,.T.);
#3837=EDGE_CURVE('',#4744,#4911,#6020,.T.);
#3838=EDGE_CURVE('',#4542,#4912,#6021,.T.);
#3839=EDGE_CURVE('',#4912,#4913,#6022,.T.);
#3840=EDGE_CURVE('',#4913,#4914,#6023,.T.);
#3841=EDGE_CURVE('',#4914,#4915,#6024,.T.);
#3842=EDGE_CURVE('',#4916,#4915,#6025,.T.);
#3843=EDGE_CURVE('',#4917,#4916,#6026,.T.);
#3844=EDGE_CURVE('',#4911,#4917,#6027,.T.);
#3845=EDGE_CURVE('',#4799,#4722,#6028,.T.);
#3846=EDGE_CURVE('',#4719,#4918,#6029,.T.);
#3847=EDGE_CURVE('',#4718,#4919,#6030,.T.);
#3848=EDGE_CURVE('',#4919,#4918,#6031,.T.);
#3849=EDGE_CURVE('',#4920,#4803,#6032,.T.);
#3850=EDGE_CURVE('',#4921,#4802,#6033,.T.);
#3851=EDGE_CURVE('',#4921,#4920,#6034,.T.);
#3852=EDGE_CURVE('',#4922,#4850,#6035,.T.);
#3853=EDGE_CURVE('',#4923,#4922,#40,.T.);
#3854=EDGE_CURVE('',#4923,#4924,#6036,.T.);
#3855=EDGE_CURVE('',#4924,#4925,#6037,.T.);
#3856=EDGE_CURVE('',#4851,#4925,#6038,.T.);
#3857=EDGE_CURVE('',#4926,#4927,#6039,.T.);
#3858=EDGE_CURVE('',#4927,#4882,#6040,.T.);
#3859=EDGE_CURVE('',#4881,#4926,#6041,.T.);
#3860=EDGE_CURVE('',#4928,#4883,#6042,.T.);
#3861=EDGE_CURVE('',#4928,#4929,#6043,.T.);
#3862=EDGE_CURVE('',#4929,#4884,#6044,.T.);
#3863=EDGE_CURVE('',#4843,#4907,#6045,.T.);
#3864=EDGE_CURVE('',#4766,#4919,#6046,.T.);
#3865=EDGE_CURVE('',#4930,#4931,#6047,.T.);
#3866=EDGE_CURVE('',#4930,#4516,#6048,.T.);
#3867=EDGE_CURVE('',#4931,#4515,#6049,.T.);
#3868=EDGE_CURVE('',#4735,#4736,#6050,.T.);
#3869=EDGE_CURVE('',#4927,#4928,#6051,.T.);
#3870=EDGE_CURVE('',#4600,#4698,#6052,.T.);
#3871=EDGE_CURVE('',#4699,#4599,#6053,.T.);
#3872=EDGE_CURVE('',#4763,#4930,#6054,.T.);
#3873=EDGE_CURVE('',#4931,#4764,#6055,.T.);
#3874=EDGE_CURVE('',#4693,#4798,#6056,.T.);
#3875=EDGE_CURVE('',#4918,#4765,#6057,.T.);
#3876=EDGE_CURVE('',#4916,#4831,#6058,.T.);
#3877=EDGE_CURVE('',#4915,#4832,#6059,.T.);
#3878=EDGE_CURVE('',#4932,#4843,#6060,.T.);
#3879=EDGE_CURVE('',#4910,#4932,#6061,.T.);
#3880=EDGE_CURVE('',#4933,#4934,#6062,.T.);
#3881=EDGE_CURVE('',#4857,#4934,#6063,.T.);
#3882=EDGE_CURVE('',#4933,#4856,#6064,.T.);
#3883=EDGE_CURVE('',#4517,#4935,#6065,.T.);
#3884=EDGE_CURVE('',#4935,#4874,#6066,.T.);
#3885=EDGE_CURVE('',#4782,#4922,#6067,.T.);
#3886=EDGE_CURVE('',#4781,#4936,#6068,.T.);
#3887=EDGE_CURVE('',#4936,#4923,#41,.T.);
#3888=EDGE_CURVE('',#4937,#4804,#6069,.T.);
#3889=EDGE_CURVE('',#4908,#4937,#6070,.T.);
#3890=EDGE_CURVE('',#4775,#4924,#6071,.T.);
#3891=EDGE_CURVE('',#4925,#4776,#6072,.T.);
#3892=EDGE_CURVE('',#4849,#4921,#6073,.T.);
#3893=EDGE_CURVE('',#4842,#4900,#6074,.T.);
#3894=EDGE_CURVE('',#4841,#4902,#6075,.T.);
#3895=EDGE_CURVE('',#4586,#4938,#6076,.T.);
#3896=EDGE_CURVE('',#4601,#4939,#6077,.T.);
#3897=EDGE_CURVE('',#4938,#4939,#6078,.T.);
#3898=EDGE_CURVE('',#4738,#4936,#110,.F.);
#3899=EDGE_CURVE('',#4940,#4941,#94,.T.);
#3900=EDGE_CURVE('',#4941,#4942,#6079,.T.);
#3901=EDGE_CURVE('',#4942,#4943,#95,.T.);
#3902=EDGE_CURVE('',#4943,#4940,#6080,.T.);
#3903=EDGE_CURVE('',#4588,#4944,#6081,.T.);
#3904=EDGE_CURVE('',#4939,#4944,#6082,.T.);
#3905=EDGE_CURVE('',#4697,#4589,#6083,.T.);
#3906=EDGE_CURVE('',#4945,#4587,#6084,.T.);
#3907=EDGE_CURVE('',#4944,#4945,#6085,.T.);
#3908=EDGE_CURVE('',#4663,#4647,#6086,.T.);
#3909=EDGE_CURVE('',#4797,#4694,#6087,.T.);
#3910=EDGE_CURVE('',#4920,#4937,#6088,.T.);
#3911=EDGE_CURVE('',#4945,#4938,#6089,.T.);
#3912=EDGE_CURVE('',#4946,#4947,#6090,.T.);
#3913=EDGE_CURVE('',#4947,#4948,#6091,.T.);
#3914=EDGE_CURVE('',#4948,#4771,#6092,.T.);
#3915=EDGE_CURVE('',#4946,#4770,#96,.T.);
#3916=EDGE_CURVE('',#4848,#4826,#6093,.T.);
#3917=EDGE_CURVE('',#4847,#4828,#6094,.T.);
#3918=EDGE_CURVE('',#4474,#4946,#6095,.T.);
#3919=EDGE_CURVE('',#4948,#4949,#6096,.T.);
#3920=EDGE_CURVE('',#4772,#4949,#6097,.T.);
#3921=EDGE_CURVE('',#4950,#4951,#6098,.T.);
#3922=EDGE_CURVE('',#4952,#4950,#6099,.T.);
#3923=EDGE_CURVE('',#4952,#4953,#6100,.T.);
#3924=EDGE_CURVE('',#4953,#4954,#6101,.T.);
#3925=EDGE_CURVE('',#4955,#4954,#6102,.T.);
#3926=EDGE_CURVE('',#4956,#4955,#6103,.T.);
#3927=EDGE_CURVE('',#4957,#4956,#6104,.T.);
#3928=EDGE_CURVE('',#4958,#4957,#6105,.T.);
#3929=EDGE_CURVE('',#4959,#4958,#6106,.T.);
#3930=EDGE_CURVE('',#4960,#4959,#6107,.T.);
#3931=EDGE_CURVE('',#4961,#4960,#6108,.T.);
#3932=EDGE_CURVE('',#4962,#4961,#6109,.T.);
#3933=EDGE_CURVE('',#4962,#4963,#6110,.T.);
#3934=EDGE_CURVE('',#4963,#4964,#6111,.T.);
#3935=EDGE_CURVE('',#4934,#4964,#6112,.T.);
#3936=EDGE_CURVE('',#4965,#4933,#6113,.T.);
#3937=EDGE_CURVE('',#4966,#4965,#6114,.T.);
#3938=EDGE_CURVE('',#4967,#4966,#6115,.T.);
#3939=EDGE_CURVE('',#4968,#4967,#6116,.T.);
#3940=EDGE_CURVE('',#4969,#4968,#6117,.T.);
#3941=EDGE_CURVE('',#4970,#4969,#6118,.T.);
#3942=EDGE_CURVE('',#4970,#4971,#6119,.T.);
#3943=EDGE_CURVE('',#4971,#4972,#6120,.T.);
#3944=EDGE_CURVE('',#4929,#4972,#6121,.T.);
#3945=EDGE_CURVE('',#4973,#4926,#6122,.T.);
#3946=EDGE_CURVE('',#4974,#4973,#6123,.T.);
#3947=EDGE_CURVE('',#4975,#4974,#6124,.T.);
#3948=EDGE_CURVE('',#4976,#4975,#6125,.T.);
#3949=EDGE_CURVE('',#4976,#4977,#6126,.T.);
#3950=EDGE_CURVE('',#4977,#4978,#6127,.T.);
#3951=EDGE_CURVE('',#4935,#4978,#6128,.T.);
#3952=EDGE_CURVE('',#4979,#4757,#6129,.T.);
#3953=EDGE_CURVE('',#4951,#4979,#6130,.T.);
#3954=EDGE_CURVE('',#4895,#4815,#6131,.T.);
#3955=EDGE_CURVE('',#4894,#4817,#6132,.T.);
#3956=EDGE_CURVE('',#4893,#4818,#6133,.T.);
#3957=EDGE_CURVE('',#4980,#4981,#6134,.T.);
#3958=EDGE_CURVE('',#4904,#4980,#6135,.T.);
#3959=EDGE_CURVE('',#4840,#4903,#6136,.T.);
#3960=EDGE_CURVE('',#4839,#4982,#6137,.T.);
#3961=EDGE_CURVE('',#4983,#4982,#6138,.T.);
#3962=EDGE_CURVE('',#4981,#4983,#6139,.T.);
#3963=EDGE_CURVE('',#4984,#4175,#6140,.T.);
#3964=EDGE_CURVE('',#4833,#4984,#6141,.T.);
#3965=EDGE_CURVE('',#4914,#4985,#6142,.T.);
#3966=EDGE_CURVE('',#4177,#4985,#6143,.T.);
#3967=EDGE_CURVE('',#4808,#4710,#6144,.T.);
#3968=EDGE_CURVE('',#4709,#4810,#6145,.T.);
#3969=EDGE_CURVE('',#4965,#4855,#6146,.T.);
#3970=EDGE_CURVE('',#4966,#4854,#6147,.T.);
#3971=EDGE_CURVE('',#4986,#4987,#6148,.T.);
#3972=EDGE_CURVE('',#4819,#4986,#6149,.T.);
#3973=EDGE_CURVE('',#4892,#4988,#6150,.T.);
#3974=EDGE_CURVE('',#4989,#4988,#6151,.T.);
#3975=EDGE_CURVE('',#4987,#4989,#6152,.T.);
#3976=EDGE_CURVE('',#4990,#4774,#42,.T.);
#3977=EDGE_CURVE('',#4990,#4690,#6153,.T.);
#3978=EDGE_CURVE('',#4773,#4991,#97,.T.);
#3979=EDGE_CURVE('',#4991,#4990,#6154,.T.);
#3980=EDGE_CURVE('',#4991,#4992,#6155,.T.);
#3981=EDGE_CURVE('',#4949,#4992,#6156,.T.);
#3982=EDGE_CURVE('',#4957,#4865,#6157,.T.);
#3983=EDGE_CURVE('',#4958,#4864,#6158,.T.);
#3984=EDGE_CURVE('',#4993,#4779,#6159,.T.);
#3985=EDGE_CURVE('',#4994,#4993,#6160,.T.);
#3986=EDGE_CURVE('',#4778,#4994,#6161,.T.);
#3987=EDGE_CURVE('',#4993,#4768,#6162,.T.);
#3988=EDGE_CURVE('',#4762,#4995,#6163,.T.);
#3989=EDGE_CURVE('',#4995,#4767,#98,.T.);
#3990=EDGE_CURVE('',#4956,#4866,#6164,.T.);
#3991=EDGE_CURVE('',#4867,#4955,#6165,.T.);
#3992=EDGE_CURVE('',#4995,#4994,#6166,.T.);
#3993=EDGE_CURVE('',#4917,#4829,#6167,.T.);
#3994=EDGE_CURVE('',#4822,#4996,#6168,.T.);
#3995=EDGE_CURVE('',#4909,#4996,#6169,.T.);
#3996=EDGE_CURVE('',#4996,#4932,#6170,.T.);
#3997=EDGE_CURVE('',#4992,#4947,#6171,.T.);
#3998=EDGE_CURVE('',#4809,#4701,#6172,.T.);
#3999=EDGE_CURVE('',#4813,#4997,#6173,.T.);
#4000=EDGE_CURVE('',#4997,#4998,#6174,.T.);
#4001=EDGE_CURVE('',#4814,#4998,#6175,.T.);
#4002=EDGE_CURVE('',#4896,#4997,#6176,.T.);
#4003=EDGE_CURVE('',#4705,#4999,#6177,.T.);
#4004=EDGE_CURVE('',#4999,#5000,#6178,.T.);
#4005=EDGE_CURVE('',#4706,#5000,#6179,.T.);
#4006=EDGE_CURVE('',#5000,#4898,#6180,.T.);
#4007=EDGE_CURVE('',#4820,#5001,#6181,.T.);
#4008=EDGE_CURVE('',#5001,#5002,#6182,.T.);
#4009=EDGE_CURVE('',#4821,#5002,#6183,.T.);
#4010=EDGE_CURVE('',#4986,#5001,#6184,.T.);
#4011=EDGE_CURVE('',#4890,#5003,#6185,.T.);
#4012=EDGE_CURVE('',#5003,#5004,#6186,.T.);
#4013=EDGE_CURVE('',#4891,#5004,#6187,.T.);
#4014=EDGE_CURVE('',#5004,#4988,#6188,.T.);
#4015=EDGE_CURVE('',#4834,#5005,#6189,.T.);
#4016=EDGE_CURVE('',#5005,#5006,#6190,.T.);
#4017=EDGE_CURVE('',#4835,#5006,#6191,.T.);
#4018=EDGE_CURVE('',#4984,#5005,#6192,.T.);
#4019=EDGE_CURVE('',#4912,#5007,#6193,.T.);
#4020=EDGE_CURVE('',#5007,#5008,#6194,.T.);
#4021=EDGE_CURVE('',#4913,#5008,#6195,.T.);
#4022=EDGE_CURVE('',#5008,#4985,#6196,.T.);
#4023=EDGE_CURVE('',#4905,#5009,#6197,.T.);
#4024=EDGE_CURVE('',#5009,#5010,#6198,.T.);
#4025=EDGE_CURVE('',#4906,#5010,#6199,.T.);
#4026=EDGE_CURVE('',#4980,#5009,#6200,.T.);
#4027=EDGE_CURVE('',#4837,#5011,#6201,.T.);
#4028=EDGE_CURVE('',#5011,#5012,#6202,.T.);
#4029=EDGE_CURVE('',#4838,#5012,#6203,.T.);
#4030=EDGE_CURVE('',#5012,#4982,#6204,.T.);
#4031=EDGE_CURVE('',#4556,#4998,#6205,.T.);
#4032=EDGE_CURVE('',#4998,#4897,#6206,.T.);
#4033=EDGE_CURVE('',#4897,#4557,#6207,.T.);
#4034=EDGE_CURVE('',#4559,#4999,#6208,.T.);
#4035=EDGE_CURVE('',#4899,#4558,#6209,.T.);
#4036=EDGE_CURVE('',#4999,#4899,#6210,.T.);
#4037=EDGE_CURVE('',#5002,#4987,#6211,.T.);
#4038=EDGE_CURVE('',#4987,#4565,#6212,.T.);
#4039=EDGE_CURVE('',#4564,#5002,#6213,.T.);
#4040=EDGE_CURVE('',#4567,#5003,#6214,.T.);
#4041=EDGE_CURVE('',#4989,#4566,#6215,.T.);
#4042=EDGE_CURVE('',#5003,#4989,#6216,.T.);
#4043=EDGE_CURVE('',#4572,#5006,#6217,.T.);
#4044=EDGE_CURVE('',#5006,#4175,#6218,.T.);
#4045=EDGE_CURVE('',#5007,#4177,#6219,.T.);
#4046=EDGE_CURVE('',#4541,#5007,#6220,.T.);
#4047=EDGE_CURVE('',#5011,#4983,#6221,.T.);
#4048=EDGE_CURVE('',#4549,#5011,#6222,.T.);
#4049=EDGE_CURVE('',#4983,#4548,#6223,.T.);
#4050=EDGE_CURVE('',#4546,#5010,#6224,.T.);
#4051=EDGE_CURVE('',#5010,#4981,#6225,.T.);
#4052=EDGE_CURVE('',#4981,#4547,#6226,.T.);
#4053=EDGE_CURVE('',#5013,#5014,#6227,.T.);
#4054=EDGE_CURVE('',#5014,#4876,#6228,.T.);
#4055=EDGE_CURVE('',#4875,#5013,#6229,.T.);
#4056=EDGE_CURVE('',#5015,#5016,#6230,.T.);
#4057=EDGE_CURVE('',#5014,#5016,#6231,.T.);
#4058=EDGE_CURVE('',#5015,#5013,#6232,.T.);
#4059=EDGE_CURVE('',#5017,#5018,#6233,.T.);
#4060=EDGE_CURVE('',#4978,#5017,#6234,.T.);
#4061=EDGE_CURVE('',#5018,#4977,#6235,.T.);
#4062=EDGE_CURVE('',#5019,#5020,#6236,.T.);
#4063=EDGE_CURVE('',#5020,#4880,#6237,.T.);
#4064=EDGE_CURVE('',#4879,#5019,#6238,.T.);
#4065=EDGE_CURVE('',#5019,#5021,#6239,.T.);
#4066=EDGE_CURVE('',#5021,#5022,#6240,.T.);
#4067=EDGE_CURVE('',#5022,#5020,#6241,.T.);
#4068=EDGE_CURVE('',#5023,#4974,#6242,.T.);
#4069=EDGE_CURVE('',#4973,#5024,#6243,.T.);
#4070=EDGE_CURVE('',#5024,#5023,#6244,.T.);
#4071=EDGE_CURVE('',#5023,#5021,#6245,.T.);
#4072=EDGE_CURVE('',#5022,#5024,#6246,.T.);
#4073=EDGE_CURVE('',#5017,#5015,#6247,.T.);
#4074=EDGE_CURVE('',#5016,#5018,#6248,.T.);
#4075=EDGE_CURVE('',#4878,#4975,#6249,.T.);
#4076=EDGE_CURVE('',#4877,#4976,#6250,.T.);
#4077=EDGE_CURVE('',#5025,#5026,#6251,.T.);
#4078=EDGE_CURVE('',#5026,#4869,#6252,.T.);
#4079=EDGE_CURVE('',#4868,#5025,#6253,.T.);
#4080=EDGE_CURVE('',#5025,#5027,#6254,.T.);
#4081=EDGE_CURVE('',#5027,#5028,#6255,.T.);
#4082=EDGE_CURVE('',#5028,#5026,#6256,.T.);
#4083=EDGE_CURVE('',#5029,#5030,#6257,.T.);
#4084=EDGE_CURVE('',#4954,#5029,#6258,.T.);
#4085=EDGE_CURVE('',#5030,#4953,#6259,.T.);
#4086=EDGE_CURVE('',#4950,#4871,#6260,.T.);
#4087=EDGE_CURVE('',#4870,#4952,#6261,.T.);
#4088=EDGE_CURVE('',#5029,#5027,#6262,.T.);
#4089=EDGE_CURVE('',#5028,#5030,#6263,.T.);
#4090=EDGE_CURVE('',#5031,#5032,#6264,.T.);
#4091=EDGE_CURVE('',#4873,#5031,#6265,.T.);
#4092=EDGE_CURVE('',#4872,#5032,#6266,.T.);
#4093=EDGE_CURVE('',#5032,#5033,#6267,.T.);
#4094=EDGE_CURVE('',#5033,#5034,#6268,.T.);
#4095=EDGE_CURVE('',#5031,#5034,#6269,.T.);
#4096=EDGE_CURVE('',#5035,#4951,#6270,.T.);
#4097=EDGE_CURVE('',#5036,#4979,#6271,.T.);
#4098=EDGE_CURVE('',#5036,#5035,#6272,.T.);
#4099=EDGE_CURVE('',#5035,#5033,#6273,.T.);
#4100=EDGE_CURVE('',#5034,#5036,#6274,.T.);
#4101=EDGE_CURVE('',#4861,#4961,#6275,.T.);
#4102=EDGE_CURVE('',#4860,#4962,#6276,.T.);
#4103=EDGE_CURVE('',#5037,#5038,#6277,.T.);
#4104=EDGE_CURVE('',#4863,#5038,#6278,.T.);
#4105=EDGE_CURVE('',#4862,#5037,#6279,.T.);
#4106=EDGE_CURVE('',#5039,#4960,#6280,.T.);
#4107=EDGE_CURVE('',#5040,#4959,#6281,.T.);
#4108=EDGE_CURVE('',#5040,#5039,#6282,.T.);
#4109=EDGE_CURVE('',#5041,#5042,#6283,.T.);
#4110=EDGE_CURVE('',#5042,#4859,#6284,.T.);
#4111=EDGE_CURVE('',#4858,#5041,#6285,.T.);
#4112=EDGE_CURVE('',#5041,#5043,#6286,.T.);
#4113=EDGE_CURVE('',#5043,#5044,#6287,.T.);
#4114=EDGE_CURVE('',#5044,#5042,#6288,.T.);
#4115=EDGE_CURVE('',#5045,#5046,#6289,.T.);
#4116=EDGE_CURVE('',#4964,#5045,#6290,.T.);
#4117=EDGE_CURVE('',#5046,#4963,#6291,.T.);
#4118=EDGE_CURVE('',#5045,#5043,#6292,.T.);
#4119=EDGE_CURVE('',#5044,#5046,#6293,.T.);
#4120=EDGE_CURVE('',#5037,#5047,#6294,.T.);
#4121=EDGE_CURVE('',#5047,#5048,#6295,.T.);
#4122=EDGE_CURVE('',#5038,#5048,#6296,.T.);
#4123=EDGE_CURVE('',#5039,#5047,#6297,.T.);
#4124=EDGE_CURVE('',#5048,#5040,#6298,.T.);
#4125=EDGE_CURVE('',#4969,#4888,#6299,.T.);
#4126=EDGE_CURVE('',#4887,#4970,#6300,.T.);
#4127=EDGE_CURVE('',#5049,#5050,#6301,.T.);
#4128=EDGE_CURVE('',#4972,#5049,#6302,.T.);
#4129=EDGE_CURVE('',#5050,#4971,#6303,.T.);
#4130=EDGE_CURVE('',#5051,#5052,#6304,.T.);
#4131=EDGE_CURVE('',#5051,#4886,#6305,.T.);
#4132=EDGE_CURVE('',#4885,#5052,#6306,.T.);
#4133=EDGE_CURVE('',#5052,#5053,#6307,.T.);
#4134=EDGE_CURVE('',#5053,#5054,#6308,.T.);
#4135=EDGE_CURVE('',#5054,#5051,#6309,.T.);
#4136=EDGE_CURVE('',#5055,#5056,#6310,.T.);
#4137=EDGE_CURVE('',#5055,#4852,#6311,.T.);
#4138=EDGE_CURVE('',#4853,#5056,#6312,.T.);
#4139=EDGE_CURVE('',#5056,#5057,#6313,.T.);
#4140=EDGE_CURVE('',#5057,#5058,#6314,.T.);
#4141=EDGE_CURVE('',#5058,#5055,#6315,.T.);
#4142=EDGE_CURVE('',#5059,#4968,#6316,.T.);
#4143=EDGE_CURVE('',#4967,#5060,#6317,.T.);
#4144=EDGE_CURVE('',#5060,#5059,#6318,.T.);
#4145=EDGE_CURVE('',#5049,#5053,#6319,.T.);
#4146=EDGE_CURVE('',#5054,#5050,#6320,.T.);
#4147=EDGE_CURVE('',#5059,#5057,#6321,.T.);
#4148=EDGE_CURVE('',#5058,#5060,#6322,.T.);
#4149=EDGE_CURVE('',#4186,#4325,#6323,.T.);
#4150=EDGE_CURVE('',#4445,#4446,#6324,.T.);
#4151=EDGE_CURVE('',#4675,#4674,#6325,.T.);
#4152=EDGE_CURVE('',#4676,#4673,#6326,.T.);
#4153=EDGE_CURVE('',#4448,#4447,#6327,.T.);
#4154=EDGE_CURVE('',#4344,#4364,#6328,.T.);
#4155=EDGE_CURVE('',#4441,#4442,#6329,.T.);
#4156=EDGE_CURVE('',#4456,#4455,#6330,.T.);
#4157=EDGE_CURVE('',#4457,#4454,#6331,.T.);
#4158=EDGE_CURVE('',#4444,#4443,#6332,.T.);
#4159=EDGE_CURVE('',#4357,#4383,#6333,.T.);
#4160=EDGE_CURVE('',#4670,#5061,#111,.T.);
#4161=EDGE_CURVE('',#5061,#5062,#6334,.T.);
#4162=EDGE_CURVE('',#5062,#4671,#112,.T.);
#4163=EDGE_CURVE('',#4669,#5061,#6335,.T.);
#4164=EDGE_CURVE('',#4659,#4657,#6336,.T.);
#4165=EDGE_CURVE('',#4660,#4658,#6337,.T.);
#4166=EDGE_CURVE('',#5062,#4672,#6338,.T.);
#4167=EDGE_CURVE('',#4377,#4332,#6339,.T.);
#4168=EDGE_CURVE('',#4666,#4668,#6340,.T.);
#4169=EDGE_CURVE('',#4940,#4941,#6341,.T.);
#4170=EDGE_CURVE('',#4942,#4943,#6342,.T.);
#4171=EDGE_CURVE('',#4667,#4665,#6343,.T.);
#4172=EDGE_CURVE('',#4901,#4836,#6344,.T.);
#4173=EDGE_CURVE('',#4830,#4911,#6345,.T.);
#4174=EDGE_CURVE('',#4816,#4889,#6346,.T.);
#4175=VERTEX_POINT('',#12227);
#4176=VERTEX_POINT('',#12228);
#4177=VERTEX_POINT('',#12230);
#4178=VERTEX_POINT('',#12232);
#4179=VERTEX_POINT('',#12236);
#4180=VERTEX_POINT('',#12237);
#4181=VERTEX_POINT('',#12239);
#4182=VERTEX_POINT('',#12241);
#4183=VERTEX_POINT('',#12245);
#4184=VERTEX_POINT('',#12247);
#4185=VERTEX_POINT('',#12251);
#4186=VERTEX_POINT('',#12252);
#4187=VERTEX_POINT('',#12254);
#4188=VERTEX_POINT('',#12256);
#4189=VERTEX_POINT('',#12258);
#4190=VERTEX_POINT('',#12261);
#4191=VERTEX_POINT('',#12263);
#4192=VERTEX_POINT('',#12265);
#4193=VERTEX_POINT('',#12267);
#4194=VERTEX_POINT('',#12271);
#4195=VERTEX_POINT('',#12272);
#4196=VERTEX_POINT('',#12274);
#4197=VERTEX_POINT('',#12276);
#4198=VERTEX_POINT('',#12278);
#4199=VERTEX_POINT('',#12280);
#4200=VERTEX_POINT('',#12282);
#4201=VERTEX_POINT('',#12284);
#4202=VERTEX_POINT('',#12286);
#4203=VERTEX_POINT('',#12288);
#4204=VERTEX_POINT('',#12290);
#4205=VERTEX_POINT('',#12292);
#4206=VERTEX_POINT('',#12294);
#4207=VERTEX_POINT('',#12296);
#4208=VERTEX_POINT('',#12298);
#4209=VERTEX_POINT('',#12300);
#4210=VERTEX_POINT('',#12302);
#4211=VERTEX_POINT('',#12304);
#4212=VERTEX_POINT('',#12306);
#4213=VERTEX_POINT('',#12308);
#4214=VERTEX_POINT('',#12310);
#4215=VERTEX_POINT('',#12312);
#4216=VERTEX_POINT('',#12314);
#4217=VERTEX_POINT('',#12316);
#4218=VERTEX_POINT('',#12318);
#4219=VERTEX_POINT('',#12320);
#4220=VERTEX_POINT('',#12322);
#4221=VERTEX_POINT('',#12324);
#4222=VERTEX_POINT('',#12327);
#4223=VERTEX_POINT('',#12329);
#4224=VERTEX_POINT('',#12331);
#4225=VERTEX_POINT('',#12333);
#4226=VERTEX_POINT('',#12335);
#4227=VERTEX_POINT('',#12339);
#4228=VERTEX_POINT('',#12343);
#4229=VERTEX_POINT('',#12344);
#4230=VERTEX_POINT('',#12349);
#4231=VERTEX_POINT('',#12353);
#4232=VERTEX_POINT('',#12354);
#4233=VERTEX_POINT('',#12359);
#4234=VERTEX_POINT('',#12361);
#4235=VERTEX_POINT('',#12365);
#4236=VERTEX_POINT('',#12369);
#4237=VERTEX_POINT('',#12373);
#4238=VERTEX_POINT('',#12374);
#4239=VERTEX_POINT('',#12379);
#4240=VERTEX_POINT('',#12383);
#4241=VERTEX_POINT('',#12385);
#4242=VERTEX_POINT('',#12389);
#4243=VERTEX_POINT('',#12390);
#4244=VERTEX_POINT('',#12395);
#4245=VERTEX_POINT('',#12396);
#4246=VERTEX_POINT('',#12398);
#4247=VERTEX_POINT('',#12403);
#4248=VERTEX_POINT('',#12405);
#4249=VERTEX_POINT('',#12407);
#4250=VERTEX_POINT('',#12409);
#4251=VERTEX_POINT('',#12411);
#4252=VERTEX_POINT('',#12413);
#4253=VERTEX_POINT('',#12415);
#4254=VERTEX_POINT('',#12417);
#4255=VERTEX_POINT('',#12419);
#4256=VERTEX_POINT('',#12421);
#4257=VERTEX_POINT('',#12423);
#4258=VERTEX_POINT('',#12425);
#4259=VERTEX_POINT('',#12427);
#4260=VERTEX_POINT('',#12429);
#4261=VERTEX_POINT('',#12431);
#4262=VERTEX_POINT('',#12433);
#4263=VERTEX_POINT('',#12435);
#4264=VERTEX_POINT('',#12439);
#4265=VERTEX_POINT('',#12440);
#4266=VERTEX_POINT('',#12442);
#4267=VERTEX_POINT('',#12444);
#4268=VERTEX_POINT('',#12446);
#4269=VERTEX_POINT('',#12448);
#4270=VERTEX_POINT('',#12450);
#4271=VERTEX_POINT('',#12452);
#4272=VERTEX_POINT('',#12454);
#4273=VERTEX_POINT('',#12456);
#4274=VERTEX_POINT('',#12458);
#4275=VERTEX_POINT('',#12460);
#4276=VERTEX_POINT('',#12462);
#4277=VERTEX_POINT('',#12464);
#4278=VERTEX_POINT('',#12466);
#4279=VERTEX_POINT('',#12468);
#4280=VERTEX_POINT('',#12470);
#4281=VERTEX_POINT('',#12472);
#4282=VERTEX_POINT('',#12474);
#4283=VERTEX_POINT('',#12476);
#4284=VERTEX_POINT('',#12478);
#4285=VERTEX_POINT('',#12480);
#4286=VERTEX_POINT('',#12482);
#4287=VERTEX_POINT('',#12484);
#4288=VERTEX_POINT('',#12486);
#4289=VERTEX_POINT('',#12488);
#4290=VERTEX_POINT('',#12492);
#4291=VERTEX_POINT('',#12496);
#4292=VERTEX_POINT('',#12500);
#4293=VERTEX_POINT('',#12502);
#4294=VERTEX_POINT('',#12506);
#4295=VERTEX_POINT('',#12507);
#4296=VERTEX_POINT('',#12509);
#4297=VERTEX_POINT('',#12511);
#4298=VERTEX_POINT('',#12513);
#4299=VERTEX_POINT('',#12518);
#4300=VERTEX_POINT('',#12519);
#4301=VERTEX_POINT('',#12521);
#4302=VERTEX_POINT('',#12523);
#4303=VERTEX_POINT('',#12525);
#4304=VERTEX_POINT('',#12527);
#4305=VERTEX_POINT('',#12529);
#4306=VERTEX_POINT('',#12531);
#4307=VERTEX_POINT('',#12533);
#4308=VERTEX_POINT('',#12535);
#4309=VERTEX_POINT('',#12537);
#4310=VERTEX_POINT('',#12539);
#4311=VERTEX_POINT('',#12541);
#4312=VERTEX_POINT('',#12543);
#4313=VERTEX_POINT('',#12545);
#4314=VERTEX_POINT('',#12547);
#4315=VERTEX_POINT('',#12549);
#4316=VERTEX_POINT('',#12551);
#4317=VERTEX_POINT('',#12553);
#4318=VERTEX_POINT('',#12555);
#4319=VERTEX_POINT('',#12557);
#4320=VERTEX_POINT('',#12559);
#4321=VERTEX_POINT('',#12561);
#4322=VERTEX_POINT('',#12571);
#4323=VERTEX_POINT('',#12573);
#4324=VERTEX_POINT('',#12577);
#4325=VERTEX_POINT('',#12578);
#4326=VERTEX_POINT('',#12581);
#4327=VERTEX_POINT('',#12583);
#4328=VERTEX_POINT('',#12585);
#4329=VERTEX_POINT('',#12587);
#4330=VERTEX_POINT('',#12589);
#4331=VERTEX_POINT('',#12593);
#4332=VERTEX_POINT('',#12594);
#4333=VERTEX_POINT('',#12597);
#4334=VERTEX_POINT('',#12599);
#4335=VERTEX_POINT('',#12601);
#4336=VERTEX_POINT('',#12603);
#4337=VERTEX_POINT('',#12605);
#4338=VERTEX_POINT('',#12607);
#4339=VERTEX_POINT('',#12611);
#4340=VERTEX_POINT('',#12614);
#4341=VERTEX_POINT('',#12616);
#4342=VERTEX_POINT('',#12622);
#4343=VERTEX_POINT('',#12626);
#4344=VERTEX_POINT('',#12627);
#4345=VERTEX_POINT('',#12629);
#4346=VERTEX_POINT('',#12631);
#4347=VERTEX_POINT('',#12633);
#4348=VERTEX_POINT('',#12635);
#4349=VERTEX_POINT('',#12637);
#4350=VERTEX_POINT('',#12640);
#4351=VERTEX_POINT('',#12644);
#4352=VERTEX_POINT('',#12646);
#4353=VERTEX_POINT('',#12648);
#4354=VERTEX_POINT('',#12650);
#4355=VERTEX_POINT('',#12652);
#4356=VERTEX_POINT('',#12657);
#4357=VERTEX_POINT('',#12658);
#4358=VERTEX_POINT('',#12660);
#4359=VERTEX_POINT('',#12663);
#4360=VERTEX_POINT('',#12666);
#4361=VERTEX_POINT('',#12670);
#4362=VERTEX_POINT('',#12672);
#4363=VERTEX_POINT('',#12676);
#4364=VERTEX_POINT('',#12677);
#4365=VERTEX_POINT('',#12680);
#4366=VERTEX_POINT('',#12682);
#4367=VERTEX_POINT('',#12684);
#4368=VERTEX_POINT('',#12686);
#4369=VERTEX_POINT('',#12688);
#4370=VERTEX_POINT('',#12692);
#4371=VERTEX_POINT('',#12696);
#4372=VERTEX_POINT('',#12700);
#4373=VERTEX_POINT('',#12702);
#4374=VERTEX_POINT('',#12704);
#4375=VERTEX_POINT('',#12707);
#4376=VERTEX_POINT('',#12711);
#4377=VERTEX_POINT('',#12712);
#4378=VERTEX_POINT('',#12714);
#4379=VERTEX_POINT('',#12717);
#4380=VERTEX_POINT('',#12719);
#4381=VERTEX_POINT('',#12722);
#4382=VERTEX_POINT('',#12726);
#4383=VERTEX_POINT('',#12727);
#4384=VERTEX_POINT('',#12730);
#4385=VERTEX_POINT('',#12733);
#4386=VERTEX_POINT('',#12735);
#4387=VERTEX_POINT('',#12772);
#4388=VERTEX_POINT('',#12778);
#4389=VERTEX_POINT('',#12780);
#4390=VERTEX_POINT('',#12782);
#4391=VERTEX_POINT('',#12787);
#4392=VERTEX_POINT('',#12791);
#4393=VERTEX_POINT('',#12799);
#4394=VERTEX_POINT('',#12809);
#4395=VERTEX_POINT('',#12814);
#4396=VERTEX_POINT('',#12826);
#4397=VERTEX_POINT('',#12831);
#4398=VERTEX_POINT('',#12833);
#4399=VERTEX_POINT('',#12837);
#4400=VERTEX_POINT('',#12839);
#4401=VERTEX_POINT('',#12851);
#4402=VERTEX_POINT('',#12853);
#4403=VERTEX_POINT('',#12860);
#4404=VERTEX_POINT('',#12862);
#4405=VERTEX_POINT('',#12864);
#4406=VERTEX_POINT('',#12870);
#4407=VERTEX_POINT('',#12872);
#4408=VERTEX_POINT('',#12874);
#4409=VERTEX_POINT('',#12876);
#4410=VERTEX_POINT('',#12881);
#4411=VERTEX_POINT('',#12893);
#4412=VERTEX_POINT('',#12895);
#4413=VERTEX_POINT('',#12899);
#4414=VERTEX_POINT('',#12901);
#4415=VERTEX_POINT('',#12903);
#4416=VERTEX_POINT('',#12905);
#4417=VERTEX_POINT('',#12909);
#4418=VERTEX_POINT('',#12910);
#4419=VERTEX_POINT('',#12912);
#4420=VERTEX_POINT('',#12914);
#4421=VERTEX_POINT('',#12917);
#4422=VERTEX_POINT('',#12919);
#4423=VERTEX_POINT('',#12923);
#4424=VERTEX_POINT('',#12924);
#4425=VERTEX_POINT('',#12926);
#4426=VERTEX_POINT('',#12929);
#4427=VERTEX_POINT('',#12931);
#4428=VERTEX_POINT('',#12943);
#4429=VERTEX_POINT('',#12950);
#4430=VERTEX_POINT('',#12954);
#4431=VERTEX_POINT('',#12956);
#4432=VERTEX_POINT('',#12958);
#4433=VERTEX_POINT('',#12961);
#4434=VERTEX_POINT('',#12963);
#4435=VERTEX_POINT('',#12965);
#4436=VERTEX_POINT('',#12967);
#4437=VERTEX_POINT('',#12969);
#4438=VERTEX_POINT('',#12971);
#4439=VERTEX_POINT('',#12975);
#4440=VERTEX_POINT('',#12979);
#4441=VERTEX_POINT('',#12983);
#4442=VERTEX_POINT('',#12984);
#4443=VERTEX_POINT('',#12986);
#4444=VERTEX_POINT('',#12988);
#4445=VERTEX_POINT('',#12994);
#4446=VERTEX_POINT('',#12995);
#4447=VERTEX_POINT('',#12997);
#4448=VERTEX_POINT('',#12999);
#4449=VERTEX_POINT('',#13007);
#4450=VERTEX_POINT('',#13009);
#4451=VERTEX_POINT('',#13014);
#4452=VERTEX_POINT('',#13015);
#4453=VERTEX_POINT('',#13017);
#4454=VERTEX_POINT('',#13022);
#4455=VERTEX_POINT('',#13023);
#4456=VERTEX_POINT('',#13025);
#4457=VERTEX_POINT('',#13027);
#4458=VERTEX_POINT('',#13030);
#4459=VERTEX_POINT('',#13031);
#4460=VERTEX_POINT('',#13036);
#4461=VERTEX_POINT('',#13037);
#4462=VERTEX_POINT('',#13039);
#4463=VERTEX_POINT('',#13041);
#4464=VERTEX_POINT('',#13043);
#4465=VERTEX_POINT('',#13045);
#4466=VERTEX_POINT('',#13047);
#4467=VERTEX_POINT('',#13049);
#4468=VERTEX_POINT('',#13052);
#4469=VERTEX_POINT('',#13054);
#4470=VERTEX_POINT('',#13059);
#4471=VERTEX_POINT('',#13061);
#4472=VERTEX_POINT('',#13063);
#4473=VERTEX_POINT('',#13065);
#4474=VERTEX_POINT('',#13067);
#4475=VERTEX_POINT('',#13069);
#4476=VERTEX_POINT('',#13071);
#4477=VERTEX_POINT('',#13073);
#4478=VERTEX_POINT('',#13075);
#4479=VERTEX_POINT('',#13077);
#4480=VERTEX_POINT('',#13079);
#4481=VERTEX_POINT('',#13084);
#4482=VERTEX_POINT('',#13087);
#4483=VERTEX_POINT('',#13089);
#4484=VERTEX_POINT('',#13091);
#4485=VERTEX_POINT('',#13093);
#4486=VERTEX_POINT('',#13095);
#4487=VERTEX_POINT('',#13097);
#4488=VERTEX_POINT('',#13099);
#4489=VERTEX_POINT('',#13101);
#4490=VERTEX_POINT('',#13103);
#4491=VERTEX_POINT('',#13105);
#4492=VERTEX_POINT('',#13107);
#4493=VERTEX_POINT('',#13109);
#4494=VERTEX_POINT('',#13111);
#4495=VERTEX_POINT('',#13113);
#4496=VERTEX_POINT('',#13116);
#4497=VERTEX_POINT('',#13119);
#4498=VERTEX_POINT('',#13121);
#4499=VERTEX_POINT('',#13124);
#4500=VERTEX_POINT('',#13126);
#4501=VERTEX_POINT('',#13128);
#4502=VERTEX_POINT('',#13132);
#4503=VERTEX_POINT('',#13134);
#4504=VERTEX_POINT('',#13136);
#4505=VERTEX_POINT('',#13140);
#4506=VERTEX_POINT('',#13142);
#4507=VERTEX_POINT('',#13144);
#4508=VERTEX_POINT('',#13148);
#4509=VERTEX_POINT('',#13150);
#4510=VERTEX_POINT('',#13152);
#4511=VERTEX_POINT('',#13154);
#4512=VERTEX_POINT('',#13156);
#4513=VERTEX_POINT('',#13161);
#4514=VERTEX_POINT('',#13163);
#4515=VERTEX_POINT('',#13165);
#4516=VERTEX_POINT('',#13167);
#4517=VERTEX_POINT('',#13169);
#4518=VERTEX_POINT('',#13171);
#4519=VERTEX_POINT('',#13173);
#4520=VERTEX_POINT('',#13177);
#4521=VERTEX_POINT('',#13179);
#4522=VERTEX_POINT('',#13183);
#4523=VERTEX_POINT('',#13184);
#4524=VERTEX_POINT('',#13186);
#4525=VERTEX_POINT('',#13188);
#4526=VERTEX_POINT('',#13190);
#4527=VERTEX_POINT('',#13192);
#4528=VERTEX_POINT('',#13194);
#4529=VERTEX_POINT('',#13196);
#4530=VERTEX_POINT('',#13199);
#4531=VERTEX_POINT('',#13203);
#4532=VERTEX_POINT('',#13205);
#4533=VERTEX_POINT('',#13207);
#4534=VERTEX_POINT('',#13209);
#4535=VERTEX_POINT('',#13211);
#4536=VERTEX_POINT('',#13215);
#4537=VERTEX_POINT('',#13217);
#4538=VERTEX_POINT('',#13219);
#4539=VERTEX_POINT('',#13221);
#4540=VERTEX_POINT('',#13223);
#4541=VERTEX_POINT('',#13228);
#4542=VERTEX_POINT('',#13229);
#4543=VERTEX_POINT('',#13231);
#4544=VERTEX_POINT('',#13233);
#4545=VERTEX_POINT('',#13235);
#4546=VERTEX_POINT('',#13237);
#4547=VERTEX_POINT('',#13239);
#4548=VERTEX_POINT('',#13241);
#4549=VERTEX_POINT('',#13243);
#4550=VERTEX_POINT('',#13245);
#4551=VERTEX_POINT('',#13247);
#4552=VERTEX_POINT('',#13251);
#4553=VERTEX_POINT('',#13255);
#4554=VERTEX_POINT('',#13257);
#4555=VERTEX_POINT('',#13259);
#4556=VERTEX_POINT('',#13261);
#4557=VERTEX_POINT('',#13263);
#4558=VERTEX_POINT('',#13265);
#4559=VERTEX_POINT('',#13267);
#4560=VERTEX_POINT('',#13269);
#4561=VERTEX_POINT('',#13271);
#4562=VERTEX_POINT('',#13273);
#4563=VERTEX_POINT('',#13275);
#4564=VERTEX_POINT('',#13277);
#4565=VERTEX_POINT('',#13279);
#4566=VERTEX_POINT('',#13281);
#4567=VERTEX_POINT('',#13283);
#4568=VERTEX_POINT('',#13285);
#4569=VERTEX_POINT('',#13287);
#4570=VERTEX_POINT('',#13289);
#4571=VERTEX_POINT('',#13291);
#4572=VERTEX_POINT('',#13293);
#4573=VERTEX_POINT('',#13298);
#4574=VERTEX_POINT('',#13300);
#4575=VERTEX_POINT('',#13302);
#4576=VERTEX_POINT('',#13304);
#4577=VERTEX_POINT('',#13306);
#4578=VERTEX_POINT('',#13308);
#4579=VERTEX_POINT('',#13310);
#4580=VERTEX_POINT('',#13312);
#4581=VERTEX_POINT('',#13314);
#4582=VERTEX_POINT('',#13320);
#4583=VERTEX_POINT('',#13322);
#4584=VERTEX_POINT('',#13324);
#4585=VERTEX_POINT('',#13326);
#4586=VERTEX_POINT('',#13331);
#4587=VERTEX_POINT('',#13332);
#4588=VERTEX_POINT('',#13334);
#4589=VERTEX_POINT('',#13336);
#4590=VERTEX_POINT('',#13339);
#4591=VERTEX_POINT('',#13341);
#4592=VERTEX_POINT('',#13343);
#4593=VERTEX_POINT('',#13345);
#4594=VERTEX_POINT('',#13347);
#4595=VERTEX_POINT('',#13349);
#4596=VERTEX_POINT('',#13351);
#4597=VERTEX_POINT('',#13353);
#4598=VERTEX_POINT('',#13355);
#4599=VERTEX_POINT('',#13357);
#4600=VERTEX_POINT('',#13359);
#4601=VERTEX_POINT('',#13361);
#4602=VERTEX_POINT('',#13365);
#4603=VERTEX_POINT('',#13367);
#4604=VERTEX_POINT('',#13369);
#4605=VERTEX_POINT('',#13371);
#4606=VERTEX_POINT('',#13373);
#4607=VERTEX_POINT('',#13375);
#4608=VERTEX_POINT('',#13377);
#4609=VERTEX_POINT('',#13379);
#4610=VERTEX_POINT('',#13381);
#4611=VERTEX_POINT('',#13383);
#4612=VERTEX_POINT('',#13390);
#4613=VERTEX_POINT('',#13392);
#4614=VERTEX_POINT('',#13399);
#4615=VERTEX_POINT('',#13401);
#4616=VERTEX_POINT('',#13405);
#4617=VERTEX_POINT('',#13407);
#4618=VERTEX_POINT('',#13411);
#4619=VERTEX_POINT('',#13413);
#4620=VERTEX_POINT('',#13417);
#4621=VERTEX_POINT('',#13419);
#4622=VERTEX_POINT('',#13421);
#4623=VERTEX_POINT('',#13430);
#4624=VERTEX_POINT('',#13437);
#4625=VERTEX_POINT('',#13439);
#4626=VERTEX_POINT('',#13443);
#4627=VERTEX_POINT('',#13447);
#4628=VERTEX_POINT('',#13455);
#4629=VERTEX_POINT('',#13456);
#4630=VERTEX_POINT('',#13467);
#4631=VERTEX_POINT('',#13472);
#4632=VERTEX_POINT('',#13486);
#4633=VERTEX_POINT('',#13488);
#4634=VERTEX_POINT('',#13492);
#4635=VERTEX_POINT('',#13498);
#4636=VERTEX_POINT('',#13500);
#4637=VERTEX_POINT('',#13504);
#4638=VERTEX_POINT('',#13506);
#4639=VERTEX_POINT('',#13512);
#4640=VERTEX_POINT('',#13514);
#4641=VERTEX_POINT('',#13517);
#4642=VERTEX_POINT('',#13519);
#4643=VERTEX_POINT('',#13529);
#4644=VERTEX_POINT('',#13533);
#4645=VERTEX_POINT('',#13535);
#4646=VERTEX_POINT('',#13537);
#4647=VERTEX_POINT('',#13541);
#4648=VERTEX_POINT('',#13542);
#4649=VERTEX_POINT('',#13544);
#4650=VERTEX_POINT('',#13549);
#4651=VERTEX_POINT('',#13553);
#4652=VERTEX_POINT('',#13554);
#4653=VERTEX_POINT('',#13559);
#4654=VERTEX_POINT('',#13561);
#4655=VERTEX_POINT('',#13565);
#4656=VERTEX_POINT('',#13571);
#4657=VERTEX_POINT('',#13577);
#4658=VERTEX_POINT('',#13578);
#4659=VERTEX_POINT('',#13580);
#4660=VERTEX_POINT('',#13582);
#4661=VERTEX_POINT('',#13612);
#4662=VERTEX_POINT('',#13653);
#4663=VERTEX_POINT('',#13654);
#4664=VERTEX_POINT('',#13657);
#4665=VERTEX_POINT('',#13661);
#4666=VERTEX_POINT('',#13662);
#4667=VERTEX_POINT('',#13664);
#4668=VERTEX_POINT('',#13666);
#4669=VERTEX_POINT('',#14143);
#4670=VERTEX_POINT('',#14144);
#4671=VERTEX_POINT('',#14147);
#4672=VERTEX_POINT('',#14154);
#4673=VERTEX_POINT('',#14161);
#4674=VERTEX_POINT('',#14162);
#4675=VERTEX_POINT('',#14164);
#4676=VERTEX_POINT('',#14166);
#4677=VERTEX_POINT('',#14175);
#4678=VERTEX_POINT('',#14177);
#4679=VERTEX_POINT('',#14181);
#4680=VERTEX_POINT('',#14182);
#4681=VERTEX_POINT('',#14184);
#4682=VERTEX_POINT('',#14186);
#4683=VERTEX_POINT('',#14188);
#4684=VERTEX_POINT('',#14191);
#4685=VERTEX_POINT('',#14197);
#4686=VERTEX_POINT('',#14199);
#4687=VERTEX_POINT('',#14204);
#4688=VERTEX_POINT('',#14206);
#4689=VERTEX_POINT('',#14228);
#4690=VERTEX_POINT('',#14229);
#4691=VERTEX_POINT('',#14231);
#4692=VERTEX_POINT('',#14233);
#4693=VERTEX_POINT('',#14235);
#4694=VERTEX_POINT('',#14237);
#4695=VERTEX_POINT('',#14239);
#4696=VERTEX_POINT('',#14241);
#4697=VERTEX_POINT('',#14244);
#4698=VERTEX_POINT('',#14246);
#4699=VERTEX_POINT('',#14248);
#4700=VERTEX_POINT('',#14250);
#4701=VERTEX_POINT('',#14254);
#4702=VERTEX_POINT('',#14255);
#4703=VERTEX_POINT('',#14257);
#4704=VERTEX_POINT('',#14259);
#4705=VERTEX_POINT('',#14262);
#4706=VERTEX_POINT('',#14264);
#4707=VERTEX_POINT('',#14266);
#4708=VERTEX_POINT('',#14268);
#4709=VERTEX_POINT('',#14270);
#4710=VERTEX_POINT('',#14272);
#4711=VERTEX_POINT('',#14276);
#4712=VERTEX_POINT('',#14280);
#4713=VERTEX_POINT('',#14281);
#4714=VERTEX_POINT('',#14283);
#4715=VERTEX_POINT('',#14285);
#4716=VERTEX_POINT('',#14288);
#4717=VERTEX_POINT('',#14290);
#4718=VERTEX_POINT('',#14292);
#4719=VERTEX_POINT('',#14294);
#4720=VERTEX_POINT('',#14298);
#4721=VERTEX_POINT('',#14300);
#4722=VERTEX_POINT('',#14302);
#4723=VERTEX_POINT('',#14304);
#4724=VERTEX_POINT('',#14306);
#4725=VERTEX_POINT('',#14308);
#4726=VERTEX_POINT('',#14310);
#4727=VERTEX_POINT('',#14312);
#4728=VERTEX_POINT('',#14314);
#4729=VERTEX_POINT('',#14316);
#4730=VERTEX_POINT('',#14318);
#4731=VERTEX_POINT('',#14320);
#4732=VERTEX_POINT('',#14324);
#4733=VERTEX_POINT('',#14326);
#4734=VERTEX_POINT('',#14334);
#4735=VERTEX_POINT('',#14335);
#4736=VERTEX_POINT('',#14341);
#4737=VERTEX_POINT('',#14368);
#4738=VERTEX_POINT('',#14369);
#4739=VERTEX_POINT('',#14371);
#4740=VERTEX_POINT('',#14373);
#4741=VERTEX_POINT('',#14375);
#4742=VERTEX_POINT('',#14377);
#4743=VERTEX_POINT('',#14379);
#4744=VERTEX_POINT('',#14381);
#4745=VERTEX_POINT('',#14383);
#4746=VERTEX_POINT('',#14385);
#4747=VERTEX_POINT('',#14387);
#4748=VERTEX_POINT('',#14389);
#4749=VERTEX_POINT('',#14391);
#4750=VERTEX_POINT('',#14393);
#4751=VERTEX_POINT('',#14396);
#4752=VERTEX_POINT('',#14398);
#4753=VERTEX_POINT('',#14400);
#4754=VERTEX_POINT('',#14402);
#4755=VERTEX_POINT('',#14404);
#4756=VERTEX_POINT('',#14406);
#4757=VERTEX_POINT('',#14410);
#4758=VERTEX_POINT('',#14412);
#4759=VERTEX_POINT('',#14416);
#4760=VERTEX_POINT('',#14417);
#4761=VERTEX_POINT('',#14422);
#4762=VERTEX_POINT('',#14423);
#4763=VERTEX_POINT('',#14428);
#4764=VERTEX_POINT('',#14430);
#4765=VERTEX_POINT('',#14434);
#4766=VERTEX_POINT('',#14436);
#4767=VERTEX_POINT('',#14442);
#4768=VERTEX_POINT('',#14444);
#4769=VERTEX_POINT('',#14446);
#4770=VERTEX_POINT('',#14449);
#4771=VERTEX_POINT('',#14451);
#4772=VERTEX_POINT('',#14453);
#4773=VERTEX_POINT('',#14455);
#4774=VERTEX_POINT('',#14457);
#4775=VERTEX_POINT('',#14465);
#4776=VERTEX_POINT('',#14467);
#4777=VERTEX_POINT('',#14473);
#4778=VERTEX_POINT('',#14477);
#4779=VERTEX_POINT('',#14479);
#4780=VERTEX_POINT('',#14483);
#4781=VERTEX_POINT('',#14488);
#4782=VERTEX_POINT('',#14490);
#4783=VERTEX_POINT('',#14492);
#4784=VERTEX_POINT('',#14494);
#4785=VERTEX_POINT('',#14497);
#4786=VERTEX_POINT('',#14500);
#4787=VERTEX_POINT('',#14502);
#4788=VERTEX_POINT('',#14505);
#4789=VERTEX_POINT('',#14507);
#4790=VERTEX_POINT('',#14510);
#4791=VERTEX_POINT('',#14513);
#4792=VERTEX_POINT('',#14514);
#4793=VERTEX_POINT('',#14516);
#4794=VERTEX_POINT('',#14518);
#4795=VERTEX_POINT('',#14520);
#4796=VERTEX_POINT('',#14522);
#4797=VERTEX_POINT('',#14525);
#4798=VERTEX_POINT('',#14527);
#4799=VERTEX_POINT('',#14537);
#4800=VERTEX_POINT('',#14540);
#4801=VERTEX_POINT('',#14542);
#4802=VERTEX_POINT('',#14544);
#4803=VERTEX_POINT('',#14546);
#4804=VERTEX_POINT('',#14548);
#4805=VERTEX_POINT('',#14550);
#4806=VERTEX_POINT('',#14552);
#4807=VERTEX_POINT('',#14554);
#4808=VERTEX_POINT('',#14558);
#4809=VERTEX_POINT('',#14559);
#4810=VERTEX_POINT('',#14561);
#4811=VERTEX_POINT('',#14563);
#4812=VERTEX_POINT('',#14565);
#4813=VERTEX_POINT('',#14567);
#4814=VERTEX_POINT('',#14569);
#4815=VERTEX_POINT('',#14575);
#4816=VERTEX_POINT('',#14576);
#4817=VERTEX_POINT('',#14578);
#4818=VERTEX_POINT('',#14580);
#4819=VERTEX_POINT('',#14582);
#4820=VERTEX_POINT('',#14584);
#4821=VERTEX_POINT('',#14586);
#4822=VERTEX_POINT('',#14592);
#4823=VERTEX_POINT('',#14594);
#4824=VERTEX_POINT('',#14598);
#4825=VERTEX_POINT('',#14600);
#4826=VERTEX_POINT('',#14604);
#4827=VERTEX_POINT('',#14605);
#4828=VERTEX_POINT('',#14607);
#4829=VERTEX_POINT('',#14613);
#4830=VERTEX_POINT('',#14614);
#4831=VERTEX_POINT('',#14616);
#4832=VERTEX_POINT('',#14618);
#4833=VERTEX_POINT('',#14620);
#4834=VERTEX_POINT('',#14622);
#4835=VERTEX_POINT('',#14624);
#4836=VERTEX_POINT('',#14631);
#4837=VERTEX_POINT('',#14634);
#4838=VERTEX_POINT('',#14636);
#4839=VERTEX_POINT('',#14638);
#4840=VERTEX_POINT('',#14640);
#4841=VERTEX_POINT('',#14642);
#4842=VERTEX_POINT('',#14644);
#4843=VERTEX_POINT('',#14648);
#4844=VERTEX_POINT('',#14652);
#4845=VERTEX_POINT('',#14656);
#4846=VERTEX_POINT('',#14660);
#4847=VERTEX_POINT('',#14664);
#4848=VERTEX_POINT('',#14666);
#4849=VERTEX_POINT('',#14668);
#4850=VERTEX_POINT('',#14673);
#4851=VERTEX_POINT('',#14675);
#4852=VERTEX_POINT('',#14680);
#4853=VERTEX_POINT('',#14681);
#4854=VERTEX_POINT('',#14683);
#4855=VERTEX_POINT('',#14685);
#4856=VERTEX_POINT('',#14687);
#4857=VERTEX_POINT('',#14689);
#4858=VERTEX_POINT('',#14691);
#4859=VERTEX_POINT('',#14693);
#4860=VERTEX_POINT('',#14695);
#4861=VERTEX_POINT('',#14697);
#4862=VERTEX_POINT('',#14699);
#4863=VERTEX_POINT('',#14701);
#4864=VERTEX_POINT('',#14703);
#4865=VERTEX_POINT('',#14705);
#4866=VERTEX_POINT('',#14707);
#4867=VERTEX_POINT('',#14709);
#4868=VERTEX_POINT('',#14711);
#4869=VERTEX_POINT('',#14713);
#4870=VERTEX_POINT('',#14715);
#4871=VERTEX_POINT('',#14717);
#4872=VERTEX_POINT('',#14719);
#4873=VERTEX_POINT('',#14721);
#4874=VERTEX_POINT('',#14727);
#4875=VERTEX_POINT('',#14729);
#4876=VERTEX_POINT('',#14731);
#4877=VERTEX_POINT('',#14733);
#4878=VERTEX_POINT('',#14735);
#4879=VERTEX_POINT('',#14737);
#4880=VERTEX_POINT('',#14739);
#4881=VERTEX_POINT('',#14741);
#4882=VERTEX_POINT('',#14743);
#4883=VERTEX_POINT('',#14745);
#4884=VERTEX_POINT('',#14747);
#4885=VERTEX_POINT('',#14749);
#4886=VERTEX_POINT('',#14751);
#4887=VERTEX_POINT('',#14753);
#4888=VERTEX_POINT('',#14755);
#4889=VERTEX_POINT('',#14759);
#4890=VERTEX_POINT('',#14761);
#4891=VERTEX_POINT('',#14763);
#4892=VERTEX_POINT('',#14765);
#4893=VERTEX_POINT('',#14767);
#4894=VERTEX_POINT('',#14769);
#4895=VERTEX_POINT('',#14771);
#4896=VERTEX_POINT('',#14775);
#4897=VERTEX_POINT('',#14776);
#4898=VERTEX_POINT('',#14780);
#4899=VERTEX_POINT('',#14782);
#4900=VERTEX_POINT('',#14788);
#4901=VERTEX_POINT('',#14789);
#4902=VERTEX_POINT('',#14791);
#4903=VERTEX_POINT('',#14793);
#4904=VERTEX_POINT('',#14795);
#4905=VERTEX_POINT('',#14797);
#4906=VERTEX_POINT('',#14799);
#4907=VERTEX_POINT('',#14804);
#4908=VERTEX_POINT('',#14806);
#4909=VERTEX_POINT('',#14809);
#4910=VERTEX_POINT('',#14811);
#4911=VERTEX_POINT('',#14815);
#4912=VERTEX_POINT('',#14817);
#4913=VERTEX_POINT('',#14819);
#4914=VERTEX_POINT('',#14821);
#4915=VERTEX_POINT('',#14823);
#4916=VERTEX_POINT('',#14825);
#4917=VERTEX_POINT('',#14827);
#4918=VERTEX_POINT('',#14834);
#4919=VERTEX_POINT('',#14836);
#4920=VERTEX_POINT('',#14840);
#4921=VERTEX_POINT('',#14842);
#4922=VERTEX_POINT('',#14848);
#4923=VERTEX_POINT('',#14850);
#4924=VERTEX_POINT('',#14852);
#4925=VERTEX_POINT('',#14854);
#4926=VERTEX_POINT('',#14858);
#4927=VERTEX_POINT('',#14859);
#4928=VERTEX_POINT('',#14864);
#4929=VERTEX_POINT('',#14866);
#4930=VERTEX_POINT('',#14875);
#4931=VERTEX_POINT('',#14876);
#4932=VERTEX_POINT('',#14901);
#4933=VERTEX_POINT('',#14905);
#4934=VERTEX_POINT('',#14906);
#4935=VERTEX_POINT('',#14912);
#4936=VERTEX_POINT('',#14918);
#4937=VERTEX_POINT('',#14922);
#4938=VERTEX_POINT('',#14935);
#4939=VERTEX_POINT('',#14937);
#4940=VERTEX_POINT('',#14946);
#4941=VERTEX_POINT('',#14947);
#4942=VERTEX_POINT('',#14949);
#4943=VERTEX_POINT('',#14951);
#4944=VERTEX_POINT('',#14955);
#4945=VERTEX_POINT('',#14961);
#4946=VERTEX_POINT('',#14975);
#4947=VERTEX_POINT('',#14976);
#4948=VERTEX_POINT('',#14978);
#4949=VERTEX_POINT('',#15289);
#4950=VERTEX_POINT('',#15293);
#4951=VERTEX_POINT('',#15294);
#4952=VERTEX_POINT('',#15296);
#4953=VERTEX_POINT('',#15298);
#4954=VERTEX_POINT('',#15300);
#4955=VERTEX_POINT('',#15302);
#4956=VERTEX_POINT('',#15304);
#4957=VERTEX_POINT('',#15306);
#4958=VERTEX_POINT('',#15308);
#4959=VERTEX_POINT('',#15310);
#4960=VERTEX_POINT('',#15312);
#4961=VERTEX_POINT('',#15314);
#4962=VERTEX_POINT('',#15316);
#4963=VERTEX_POINT('',#15318);
#4964=VERTEX_POINT('',#15320);
#4965=VERTEX_POINT('',#15323);
#4966=VERTEX_POINT('',#15325);
#4967=VERTEX_POINT('',#15327);
#4968=VERTEX_POINT('',#15329);
#4969=VERTEX_POINT('',#15331);
#4970=VERTEX_POINT('',#15333);
#4971=VERTEX_POINT('',#15335);
#4972=VERTEX_POINT('',#15337);
#4973=VERTEX_POINT('',#15340);
#4974=VERTEX_POINT('',#15342);
#4975=VERTEX_POINT('',#15344);
#4976=VERTEX_POINT('',#15346);
#4977=VERTEX_POINT('',#15348);
#4978=VERTEX_POINT('',#15350);
#4979=VERTEX_POINT('',#15353);
#4980=VERTEX_POINT('',#15364);
#4981=VERTEX_POINT('',#15365);
#4982=VERTEX_POINT('',#15369);
#4983=VERTEX_POINT('',#15371);
#4984=VERTEX_POINT('',#15375);
#4985=VERTEX_POINT('',#15378);
#4986=VERTEX_POINT('',#15388);
#4987=VERTEX_POINT('',#15389);
#4988=VERTEX_POINT('',#15392);
#4989=VERTEX_POINT('',#15394);
#4990=VERTEX_POINT('',#15399);
#4991=VERTEX_POINT('',#15404);
#4992=VERTEX_POINT('',#15408);
#4993=VERTEX_POINT('',#15415);
#4994=VERTEX_POINT('',#15417);
#4995=VERTEX_POINT('',#15424);
#4996=VERTEX_POINT('',#15436);
#4997=VERTEX_POINT('',#15452);
#4998=VERTEX_POINT('',#15454);
#4999=VERTEX_POINT('',#15460);
#5000=VERTEX_POINT('',#15462);
#5001=VERTEX_POINT('',#15468);
#5002=VERTEX_POINT('',#15470);
#5003=VERTEX_POINT('',#15476);
#5004=VERTEX_POINT('',#15478);
#5005=VERTEX_POINT('',#15484);
#5006=VERTEX_POINT('',#15486);
#5007=VERTEX_POINT('',#15492);
#5008=VERTEX_POINT('',#15494);
#5009=VERTEX_POINT('',#15500);
#5010=VERTEX_POINT('',#15502);
#5011=VERTEX_POINT('',#15508);
#5012=VERTEX_POINT('',#15510);
#5013=VERTEX_POINT('',#15565);
#5014=VERTEX_POINT('',#15566);
#5015=VERTEX_POINT('',#15571);
#5016=VERTEX_POINT('',#15572);
#5017=VERTEX_POINT('',#15577);
#5018=VERTEX_POINT('',#15578);
#5019=VERTEX_POINT('',#15583);
#5020=VERTEX_POINT('',#15584);
#5021=VERTEX_POINT('',#15589);
#5022=VERTEX_POINT('',#15591);
#5023=VERTEX_POINT('',#15595);
#5024=VERTEX_POINT('',#15597);
#5025=VERTEX_POINT('',#15610);
#5026=VERTEX_POINT('',#15611);
#5027=VERTEX_POINT('',#15616);
#5028=VERTEX_POINT('',#15618);
#5029=VERTEX_POINT('',#15622);
#5030=VERTEX_POINT('',#15623);
#5031=VERTEX_POINT('',#15634);
#5032=VERTEX_POINT('',#15635);
#5033=VERTEX_POINT('',#15640);
#5034=VERTEX_POINT('',#15642);
#5035=VERTEX_POINT('',#15646);
#5036=VERTEX_POINT('',#15648);
#5037=VERTEX_POINT('',#15658);
#5038=VERTEX_POINT('',#15659);
#5039=VERTEX_POINT('',#15664);
#5040=VERTEX_POINT('',#15666);
#5041=VERTEX_POINT('',#15670);
#5042=VERTEX_POINT('',#15671);
#5043=VERTEX_POINT('',#15676);
#5044=VERTEX_POINT('',#15678);
#5045=VERTEX_POINT('',#15682);
#5046=VERTEX_POINT('',#15683);
#5047=VERTEX_POINT('',#15691);
#5048=VERTEX_POINT('',#15693);
#5049=VERTEX_POINT('',#15703);
#5050=VERTEX_POINT('',#15704);
#5051=VERTEX_POINT('',#15709);
#5052=VERTEX_POINT('',#15710);
#5053=VERTEX_POINT('',#15715);
#5054=VERTEX_POINT('',#15717);
#5055=VERTEX_POINT('',#15721);
#5056=VERTEX_POINT('',#15722);
#5057=VERTEX_POINT('',#15727);
#5058=VERTEX_POINT('',#15729);
#5059=VERTEX_POINT('',#15733);
#5060=VERTEX_POINT('',#15735);
#5061=VERTEX_POINT('',#15807);
#5062=VERTEX_POINT('',#15809);
#5063=LINE('',#12226,#6347);
#5064=LINE('',#12229,#6348);
#5065=LINE('',#12231,#6349);
#5066=LINE('',#12233,#6350);
#5067=LINE('',#12235,#6351);
#5068=LINE('',#12238,#6352);
#5069=LINE('',#12240,#6353);
#5070=LINE('',#12242,#6354);
#5071=LINE('',#12244,#6355);
#5072=LINE('',#12246,#6356);
#5073=LINE('',#12248,#6357);
#5074=LINE('',#12250,#6358);
#5075=LINE('',#12253,#6359);
#5076=LINE('',#12255,#6360);
#5077=LINE('',#12257,#6361);
#5078=LINE('',#12259,#6362);
#5079=LINE('',#12260,#6363);
#5080=LINE('',#12262,#6364);
#5081=LINE('',#12264,#6365);
#5082=LINE('',#12266,#6366);
#5083=LINE('',#12268,#6367);
#5084=LINE('',#12270,#6368);
#5085=LINE('',#12273,#6369);
#5086=LINE('',#12275,#6370);
#5087=LINE('',#12277,#6371);
#5088=LINE('',#12279,#6372);
#5089=LINE('',#12281,#6373);
#5090=LINE('',#12283,#6374);
#5091=LINE('',#12285,#6375);
#5092=LINE('',#12287,#6376);
#5093=LINE('',#12289,#6377);
#5094=LINE('',#12291,#6378);
#5095=LINE('',#12293,#6379);
#5096=LINE('',#12295,#6380);
#5097=LINE('',#12297,#6381);
#5098=LINE('',#12299,#6382);
#5099=LINE('',#12301,#6383);
#5100=LINE('',#12303,#6384);
#5101=LINE('',#12305,#6385);
#5102=LINE('',#12307,#6386);
#5103=LINE('',#12309,#6387);
#5104=LINE('',#12311,#6388);
#5105=LINE('',#12313,#6389);
#5106=LINE('',#12315,#6390);
#5107=LINE('',#12317,#6391);
#5108=LINE('',#12319,#6392);
#5109=LINE('',#12321,#6393);
#5110=LINE('',#12323,#6394);
#5111=LINE('',#12325,#6395);
#5112=LINE('',#12326,#6396);
#5113=LINE('',#12328,#6397);
#5114=LINE('',#12330,#6398);
#5115=LINE('',#12332,#6399);
#5116=LINE('',#12334,#6400);
#5117=LINE('',#12336,#6401);
#5118=LINE('',#12338,#6402);
#5119=LINE('',#12340,#6403);
#5120=LINE('',#12342,#6404);
#5121=LINE('',#12345,#6405);
#5122=LINE('',#12346,#6406);
#5123=LINE('',#12348,#6407);
#5124=LINE('',#12350,#6408);
#5125=LINE('',#12352,#6409);
#5126=LINE('',#12355,#6410);
#5127=LINE('',#12356,#6411);
#5128=LINE('',#12358,#6412);
#5129=LINE('',#12360,#6413);
#5130=LINE('',#12362,#6414);
#5131=LINE('',#12364,#6415);
#5132=LINE('',#12366,#6416);
#5133=LINE('',#12368,#6417);
#5134=LINE('',#12370,#6418);
#5135=LINE('',#12372,#6419);
#5136=LINE('',#12375,#6420);
#5137=LINE('',#12376,#6421);
#5138=LINE('',#12378,#6422);
#5139=LINE('',#12380,#6423);
#5140=LINE('',#12382,#6424);
#5141=LINE('',#12384,#6425);
#5142=LINE('',#12386,#6426);
#5143=LINE('',#12388,#6427);
#5144=LINE('',#12391,#6428);
#5145=LINE('',#12392,#6429);
#5146=LINE('',#12394,#6430);
#5147=LINE('',#12397,#6431);
#5148=LINE('',#12406,#6432);
#5149=LINE('',#12410,#6433);
#5150=LINE('',#12412,#6434);
#5151=LINE('',#12414,#6435);
#5152=LINE('',#12416,#6436);
#5153=LINE('',#12418,#6437);
#5154=LINE('',#12420,#6438);
#5155=LINE('',#12422,#6439);
#5156=LINE('',#12424,#6440);
#5157=LINE('',#12426,#6441);
#5158=LINE('',#12428,#6442);
#5159=LINE('',#12430,#6443);
#5160=LINE('',#12432,#6444);
#5161=LINE('',#12434,#6445);
#5162=LINE('',#12436,#6446);
#5163=LINE('',#12437,#6447);
#5164=LINE('',#12438,#6448);
#5165=LINE('',#12441,#6449);
#5166=LINE('',#12443,#6450);
#5167=LINE('',#12445,#6451);
#5168=LINE('',#12447,#6452);
#5169=LINE('',#12449,#6453);
#5170=LINE('',#12451,#6454);
#5171=LINE('',#12453,#6455);
#5172=LINE('',#12455,#6456);
#5173=LINE('',#12457,#6457);
#5174=LINE('',#12459,#6458);
#5175=LINE('',#12461,#6459);
#5176=LINE('',#12463,#6460);
#5177=LINE('',#12465,#6461);
#5178=LINE('',#12467,#6462);
#5179=LINE('',#12469,#6463);
#5180=LINE('',#12471,#6464);
#5181=LINE('',#12473,#6465);
#5182=LINE('',#12475,#6466);
#5183=LINE('',#12477,#6467);
#5184=LINE('',#12479,#6468);
#5185=LINE('',#12481,#6469);
#5186=LINE('',#12483,#6470);
#5187=LINE('',#12485,#6471);
#5188=LINE('',#12487,#6472);
#5189=LINE('',#12489,#6473);
#5190=LINE('',#12491,#6474);
#5191=LINE('',#12493,#6475);
#5192=LINE('',#12495,#6476);
#5193=LINE('',#12497,#6477);
#5194=LINE('',#12499,#6478);
#5195=LINE('',#12501,#6479);
#5196=LINE('',#12503,#6480);
#5197=LINE('',#12505,#6481);
#5198=LINE('',#12508,#6482);
#5199=LINE('',#12510,#6483);
#5200=LINE('',#12512,#6484);
#5201=LINE('',#12514,#6485);
#5202=LINE('',#12515,#6486);
#5203=LINE('',#12517,#6487);
#5204=LINE('',#12520,#6488);
#5205=LINE('',#12522,#6489);
#5206=LINE('',#12524,#6490);
#5207=LINE('',#12526,#6491);
#5208=LINE('',#12528,#6492);
#5209=LINE('',#12530,#6493);
#5210=LINE('',#12532,#6494);
#5211=LINE('',#12534,#6495);
#5212=LINE('',#12536,#6496);
#5213=LINE('',#12538,#6497);
#5214=LINE('',#12540,#6498);
#5215=LINE('',#12542,#6499);
#5216=LINE('',#12544,#6500);
#5217=LINE('',#12546,#6501);
#5218=LINE('',#12548,#6502);
#5219=LINE('',#12550,#6503);
#5220=LINE('',#12552,#6504);
#5221=LINE('',#12554,#6505);
#5222=LINE('',#12556,#6506);
#5223=LINE('',#12558,#6507);
#5224=LINE('',#12560,#6508);
#5225=LINE('',#12562,#6509);
#5226=LINE('',#12563,#6510);
#5227=LINE('',#12564,#6511);
#5228=LINE('',#12565,#6512);
#5229=LINE('',#12566,#6513);
#5230=LINE('',#12567,#6514);
#5231=LINE('',#12568,#6515);
#5232=LINE('',#12569,#6516);
#5233=LINE('',#12570,#6517);
#5234=LINE('',#12572,#6518);
#5235=LINE('',#12574,#6519);
#5236=LINE('',#12576,#6520);
#5237=LINE('',#12579,#6521);
#5238=LINE('',#12580,#6522);
#5239=LINE('',#12582,#6523);
#5240=LINE('',#12584,#6524);
#5241=LINE('',#12586,#6525);
#5242=LINE('',#12588,#6526);
#5243=LINE('',#12590,#6527);
#5244=LINE('',#12592,#6528);
#5245=LINE('',#12595,#6529);
#5246=LINE('',#12596,#6530);
#5247=LINE('',#12598,#6531);
#5248=LINE('',#12600,#6532);
#5249=LINE('',#12602,#6533);
#5250=LINE('',#12604,#6534);
#5251=LINE('',#12606,#6535);
#5252=LINE('',#12608,#6536);
#5253=LINE('',#12610,#6537);
#5254=LINE('',#12612,#6538);
#5255=LINE('',#12613,#6539);
#5256=LINE('',#12615,#6540);
#5257=LINE('',#12617,#6541);
#5258=LINE('',#12619,#6542);
#5259=LINE('',#12620,#6543);
#5260=LINE('',#12621,#6544);
#5261=LINE('',#12623,#6545);
#5262=LINE('',#12625,#6546);
#5263=LINE('',#12628,#6547);
#5264=LINE('',#12630,#6548);
#5265=LINE('',#12632,#6549);
#5266=LINE('',#12634,#6550);
#5267=LINE('',#12636,#6551);
#5268=LINE('',#12638,#6552);
#5269=LINE('',#12639,#6553);
#5270=LINE('',#12641,#6554);
#5271=LINE('',#12643,#6555);
#5272=LINE('',#12645,#6556);
#5273=LINE('',#12647,#6557);
#5274=LINE('',#12649,#6558);
#5275=LINE('',#12651,#6559);
#5276=LINE('',#12653,#6560);
#5277=LINE('',#12654,#6561);
#5278=LINE('',#12656,#6562);
#5279=LINE('',#12659,#6563);
#5280=LINE('',#12661,#6564);
#5281=LINE('',#12662,#6565);
#5282=LINE('',#12664,#6566);
#5283=LINE('',#12665,#6567);
#5284=LINE('',#12667,#6568);
#5285=LINE('',#12669,#6569);
#5286=LINE('',#12671,#6570);
#5287=LINE('',#12673,#6571);
#5288=LINE('',#12675,#6572);
#5289=LINE('',#12678,#6573);
#5290=LINE('',#12679,#6574);
#5291=LINE('',#12681,#6575);
#5292=LINE('',#12683,#6576);
#5293=LINE('',#12685,#6577);
#5294=LINE('',#12687,#6578);
#5295=LINE('',#12689,#6579);
#5296=LINE('',#12691,#6580);
#5297=LINE('',#12693,#6581);
#5298=LINE('',#12694,#6582);
#5299=LINE('',#12695,#6583);
#5300=LINE('',#12697,#6584);
#5301=LINE('',#12699,#6585);
#5302=LINE('',#12701,#6586);
#5303=LINE('',#12703,#6587);
#5304=LINE('',#12705,#6588);
#5305=LINE('',#12706,#6589);
#5306=LINE('',#12708,#6590);
#5307=LINE('',#12710,#6591);
#5308=LINE('',#12713,#6592);
#5309=LINE('',#12715,#6593);
#5310=LINE('',#12716,#6594);
#5311=LINE('',#12718,#6595);
#5312=LINE('',#12720,#6596);
#5313=LINE('',#12721,#6597);
#5314=LINE('',#12723,#6598);
#5315=LINE('',#12725,#6599);
#5316=LINE('',#12728,#6600);
#5317=LINE('',#12729,#6601);
#5318=LINE('',#12731,#6602);
#5319=LINE('',#12732,#6603);
#5320=LINE('',#12734,#6604);
#5321=LINE('',#12736,#6605);
#5322=LINE('',#12773,#6606);
#5323=LINE('',#12774,#6607);
#5324=LINE('',#12775,#6608);
#5325=LINE('',#12776,#6609);
#5326=LINE('',#12777,#6610);
#5327=LINE('',#12779,#6611);
#5328=LINE('',#12781,#6612);
#5329=LINE('',#12783,#6613);
#5330=LINE('',#12786,#6614);
#5331=LINE('',#12788,#6615);
#5332=LINE('',#12790,#6616);
#5333=LINE('',#12792,#6617);
#5334=LINE('',#12794,#6618);
#5335=LINE('',#12795,#6619);
#5336=LINE('',#12798,#6620);
#5337=LINE('',#12800,#6621);
#5338=LINE('',#12802,#6622);
#5339=LINE('',#12803,#6623);
#5340=LINE('',#12806,#6624);
#5341=LINE('',#12808,#6625);
#5342=LINE('',#12810,#6626);
#5343=LINE('',#12812,#6627);
#5344=LINE('',#12813,#6628);
#5345=LINE('',#12815,#6629);
#5346=LINE('',#12817,#6630);
#5347=LINE('',#12819,#6631);
#5348=LINE('',#12821,#6632);
#5349=LINE('',#12825,#6633);
#5350=LINE('',#12827,#6634);
#5351=LINE('',#12828,#6635);
#5352=LINE('',#12830,#6636);
#5353=LINE('',#12838,#6637);
#5354=LINE('',#12842,#6638);
#5355=LINE('',#12844,#6639);
#5356=LINE('',#12847,#6640);
#5357=LINE('',#12848,#6641);
#5358=LINE('',#12850,#6642);
#5359=LINE('',#12852,#6643);
#5360=LINE('',#12854,#6644);
#5361=LINE('',#12856,#6645);
#5362=LINE('',#12859,#6646);
#5363=LINE('',#12861,#6647);
#5364=LINE('',#12863,#6648);
#5365=LINE('',#12865,#6649);
#5366=LINE('',#12867,#6650);
#5367=LINE('',#12869,#6651);
#5368=LINE('',#12871,#6652);
#5369=LINE('',#12873,#6653);
#5370=LINE('',#12877,#6654);
#5371=LINE('',#12880,#6655);
#5372=LINE('',#12882,#6656);
#5373=LINE('',#12884,#6657);
#5374=LINE('',#12886,#6658);
#5375=LINE('',#12888,#6659);
#5376=LINE('',#12890,#6660);
#5377=LINE('',#12892,#6661);
#5378=LINE('',#12894,#6662);
#5379=LINE('',#12896,#6663);
#5380=LINE('',#12898,#6664);
#5381=LINE('',#12900,#6665);
#5382=LINE('',#12902,#6666);
#5383=LINE('',#12906,#6667);
#5384=LINE('',#12908,#6668);
#5385=LINE('',#12911,#6669);
#5386=LINE('',#12915,#6670);
#5387=LINE('',#12916,#6671);
#5388=LINE('',#12920,#6672);
#5389=LINE('',#12922,#6673);
#5390=LINE('',#12925,#6674);
#5391=LINE('',#12928,#6675);
#5392=LINE('',#12932,#6676);
#5393=LINE('',#12935,#6677);
#5394=LINE('',#12936,#6678);
#5395=LINE('',#12940,#6679);
#5396=LINE('',#12942,#6680);
#5397=LINE('',#12944,#6681);
#5398=LINE('',#12946,#6682);
#5399=LINE('',#12947,#6683);
#5400=LINE('',#12949,#6684);
#5401=LINE('',#12951,#6685);
#5402=LINE('',#12953,#6686);
#5403=LINE('',#12955,#6687);
#5404=LINE('',#12957,#6688);
#5405=LINE('',#12959,#6689);
#5406=LINE('',#12960,#6690);
#5407=LINE('',#12962,#6691);
#5408=LINE('',#12964,#6692);
#5409=LINE('',#12966,#6693);
#5410=LINE('',#12968,#6694);
#5411=LINE('',#12970,#6695);
#5412=LINE('',#12972,#6696);
#5413=LINE('',#12974,#6697);
#5414=LINE('',#12976,#6698);
#5415=LINE('',#12978,#6699);
#5416=LINE('',#12980,#6700);
#5417=LINE('',#12985,#6701);
#5418=LINE('',#12989,#6702);
#5419=LINE('',#12991,#6703);
#5420=LINE('',#12996,#6704);
#5421=LINE('',#13000,#6705);
#5422=LINE('',#13001,#6706);
#5423=LINE('',#13006,#6707);
#5424=LINE('',#13008,#6708);
#5425=LINE('',#13010,#6709);
#5426=LINE('',#13013,#6710);
#5427=LINE('',#13016,#6711);
#5428=LINE('',#13018,#6712);
#5429=LINE('',#13021,#6713);
#5430=LINE('',#13026,#6714);
#5431=LINE('',#13032,#6715);
#5432=LINE('',#13033,#6716);
#5433=LINE('',#13035,#6717);
#5434=LINE('',#13038,#6718);
#5435=LINE('',#13040,#6719);
#5436=LINE('',#13042,#6720);
#5437=LINE('',#13044,#6721);
#5438=LINE('',#13046,#6722);
#5439=LINE('',#13048,#6723);
#5440=LINE('',#13050,#6724);
#5441=LINE('',#13051,#6725);
#5442=LINE('',#13053,#6726);
#5443=LINE('',#13055,#6727);
#5444=LINE('',#13056,#6728);
#5445=LINE('',#13058,#6729);
#5446=LINE('',#13060,#6730);
#5447=LINE('',#13062,#6731);
#5448=LINE('',#13064,#6732);
#5449=LINE('',#13066,#6733);
#5450=LINE('',#13070,#6734);
#5451=LINE('',#13072,#6735);
#5452=LINE('',#13074,#6736);
#5453=LINE('',#13076,#6737);
#5454=LINE('',#13078,#6738);
#5455=LINE('',#13082,#6739);
#5456=LINE('',#13083,#6740);
#5457=LINE('',#13085,#6741);
#5458=LINE('',#13086,#6742);
#5459=LINE('',#13088,#6743);
#5460=LINE('',#13090,#6744);
#5461=LINE('',#13092,#6745);
#5462=LINE('',#13094,#6746);
#5463=LINE('',#13096,#6747);
#5464=LINE('',#13098,#6748);
#5465=LINE('',#13100,#6749);
#5466=LINE('',#13102,#6750);
#5467=LINE('',#13104,#6751);
#5468=LINE('',#13106,#6752);
#5469=LINE('',#13108,#6753);
#5470=LINE('',#13110,#6754);
#5471=LINE('',#13112,#6755);
#5472=LINE('',#13114,#6756);
#5473=LINE('',#13115,#6757);
#5474=LINE('',#13117,#6758);
#5475=LINE('',#13118,#6759);
#5476=LINE('',#13120,#6760);
#5477=LINE('',#13122,#6761);
#5478=LINE('',#13123,#6762);
#5479=LINE('',#13125,#6763);
#5480=LINE('',#13127,#6764);
#5481=LINE('',#13129,#6765);
#5482=LINE('',#13131,#6766);
#5483=LINE('',#13133,#6767);
#5484=LINE('',#13135,#6768);
#5485=LINE('',#13137,#6769);
#5486=LINE('',#13139,#6770);
#5487=LINE('',#13141,#6771);
#5488=LINE('',#13143,#6772);
#5489=LINE('',#13145,#6773);
#5490=LINE('',#13147,#6774);
#5491=LINE('',#13149,#6775);
#5492=LINE('',#13151,#6776);
#5493=LINE('',#13153,#6777);
#5494=LINE('',#13155,#6778);
#5495=LINE('',#13157,#6779);
#5496=LINE('',#13159,#6780);
#5497=LINE('',#13160,#6781);
#5498=LINE('',#13162,#6782);
#5499=LINE('',#13164,#6783);
#5500=LINE('',#13166,#6784);
#5501=LINE('',#13168,#6785);
#5502=LINE('',#13170,#6786);
#5503=LINE('',#13172,#6787);
#5504=LINE('',#13174,#6788);
#5505=LINE('',#13176,#6789);
#5506=LINE('',#13178,#6790);
#5507=LINE('',#13180,#6791);
#5508=LINE('',#13182,#6792);
#5509=LINE('',#13185,#6793);
#5510=LINE('',#13187,#6794);
#5511=LINE('',#13189,#6795);
#5512=LINE('',#13191,#6796);
#5513=LINE('',#13193,#6797);
#5514=LINE('',#13195,#6798);
#5515=LINE('',#13197,#6799);
#5516=LINE('',#13198,#6800);
#5517=LINE('',#13200,#6801);
#5518=LINE('',#13202,#6802);
#5519=LINE('',#13204,#6803);
#5520=LINE('',#13206,#6804);
#5521=LINE('',#13208,#6805);
#5522=LINE('',#13210,#6806);
#5523=LINE('',#13212,#6807);
#5524=LINE('',#13214,#6808);
#5525=LINE('',#13216,#6809);
#5526=LINE('',#13218,#6810);
#5527=LINE('',#13220,#6811);
#5528=LINE('',#13222,#6812);
#5529=LINE('',#13224,#6813);
#5530=LINE('',#13225,#6814);
#5531=LINE('',#13227,#6815);
#5532=LINE('',#13230,#6816);
#5533=LINE('',#13232,#6817);
#5534=LINE('',#13234,#6818);
#5535=LINE('',#13236,#6819);
#5536=LINE('',#13238,#6820);
#5537=LINE('',#13240,#6821);
#5538=LINE('',#13242,#6822);
#5539=LINE('',#13244,#6823);
#5540=LINE('',#13246,#6824);
#5541=LINE('',#13248,#6825);
#5542=LINE('',#13249,#6826);
#5543=LINE('',#13250,#6827);
#5544=LINE('',#13252,#6828);
#5545=LINE('',#13253,#6829);
#5546=LINE('',#13254,#6830);
#5547=LINE('',#13256,#6831);
#5548=LINE('',#13258,#6832);
#5549=LINE('',#13260,#6833);
#5550=LINE('',#13262,#6834);
#5551=LINE('',#13264,#6835);
#5552=LINE('',#13266,#6836);
#5553=LINE('',#13268,#6837);
#5554=LINE('',#13270,#6838);
#5555=LINE('',#13272,#6839);
#5556=LINE('',#13274,#6840);
#5557=LINE('',#13276,#6841);
#5558=LINE('',#13278,#6842);
#5559=LINE('',#13280,#6843);
#5560=LINE('',#13282,#6844);
#5561=LINE('',#13284,#6845);
#5562=LINE('',#13286,#6846);
#5563=LINE('',#13288,#6847);
#5564=LINE('',#13290,#6848);
#5565=LINE('',#13292,#6849);
#5566=LINE('',#13294,#6850);
#5567=LINE('',#13295,#6851);
#5568=LINE('',#13297,#6852);
#5569=LINE('',#13299,#6853);
#5570=LINE('',#13301,#6854);
#5571=LINE('',#13303,#6855);
#5572=LINE('',#13305,#6856);
#5573=LINE('',#13307,#6857);
#5574=LINE('',#13309,#6858);
#5575=LINE('',#13311,#6859);
#5576=LINE('',#13313,#6860);
#5577=LINE('',#13315,#6861);
#5578=LINE('',#13317,#6862);
#5579=LINE('',#13319,#6863);
#5580=LINE('',#13321,#6864);
#5581=LINE('',#13323,#6865);
#5582=LINE('',#13325,#6866);
#5583=LINE('',#13327,#6867);
#5584=LINE('',#13328,#6868);
#5585=LINE('',#13330,#6869);
#5586=LINE('',#13333,#6870);
#5587=LINE('',#13335,#6871);
#5588=LINE('',#13337,#6872);
#5589=LINE('',#13338,#6873);
#5590=LINE('',#13340,#6874);
#5591=LINE('',#13342,#6875);
#5592=LINE('',#13344,#6876);
#5593=LINE('',#13346,#6877);
#5594=LINE('',#13348,#6878);
#5595=LINE('',#13350,#6879);
#5596=LINE('',#13352,#6880);
#5597=LINE('',#13354,#6881);
#5598=LINE('',#13356,#6882);
#5599=LINE('',#13358,#6883);
#5600=LINE('',#13360,#6884);
#5601=LINE('',#13362,#6885);
#5602=LINE('',#13364,#6886);
#5603=LINE('',#13368,#6887);
#5604=LINE('',#13370,#6888);
#5605=LINE('',#13372,#6889);
#5606=LINE('',#13374,#6890);
#5607=LINE('',#13376,#6891);
#5608=LINE('',#13380,#6892);
#5609=LINE('',#13382,#6893);
#5610=LINE('',#13384,#6894);
#5611=LINE('',#13386,#6895);
#5612=LINE('',#13387,#6896);
#5613=LINE('',#13389,#6897);
#5614=LINE('',#13391,#6898);
#5615=LINE('',#13393,#6899);
#5616=LINE('',#13395,#6900);
#5617=LINE('',#13396,#6901);
#5618=LINE('',#13398,#6902);
#5619=LINE('',#13400,#6903);
#5620=LINE('',#13402,#6904);
#5621=LINE('',#13404,#6905);
#5622=LINE('',#13406,#6906);
#5623=LINE('',#13408,#6907);
#5624=LINE('',#13414,#6908);
#5625=LINE('',#13416,#6909);
#5626=LINE('',#13420,#6910);
#5627=LINE('',#13422,#6911);
#5628=LINE('',#13424,#6912);
#5629=LINE('',#13426,#6913);
#5630=LINE('',#13427,#6914);
#5631=LINE('',#13429,#6915);
#5632=LINE('',#13431,#6916);
#5633=LINE('',#13433,#6917);
#5634=LINE('',#13434,#6918);
#5635=LINE('',#13436,#6919);
#5636=LINE('',#13438,#6920);
#5637=LINE('',#13440,#6921);
#5638=LINE('',#13442,#6922);
#5639=LINE('',#13444,#6923);
#5640=LINE('',#13446,#6924);
#5641=LINE('',#13448,#6925);
#5642=LINE('',#13450,#6926);
#5643=LINE('',#13452,#6927);
#5644=LINE('',#13454,#6928);
#5645=LINE('',#13457,#6929);
#5646=LINE('',#13458,#6930);
#5647=LINE('',#13465,#6931);
#5648=LINE('',#13466,#6932);
#5649=LINE('',#13485,#6933);
#5650=LINE('',#13487,#6934);
#5651=LINE('',#13491,#6935);
#5652=LINE('',#13493,#6936);
#5653=LINE('',#13495,#6937);
#5654=LINE('',#13497,#6938);
#5655=LINE('',#13501,#6939);
#5656=LINE('',#13503,#6940);
#5657=LINE('',#13505,#6941);
#5658=LINE('',#13507,#6942);
#5659=LINE('',#13509,#6943);
#5660=LINE('',#13511,#6944);
#5661=LINE('',#13515,#6945);
#5662=LINE('',#13516,#6946);
#5663=LINE('',#13520,#6947);
#5664=LINE('',#13522,#6948);
#5665=LINE('',#13524,#6949);
#5666=LINE('',#13525,#6950);
#5667=LINE('',#13526,#6951);
#5668=LINE('',#13528,#6952);
#5669=LINE('',#13530,#6953);
#5670=LINE('',#13532,#6954);
#5671=LINE('',#13534,#6955);
#5672=LINE('',#13536,#6956);
#5673=LINE('',#13540,#6957);
#5674=LINE('',#13543,#6958);
#5675=LINE('',#13545,#6959);
#5676=LINE('',#13546,#6960);
#5677=LINE('',#13548,#6961);
#5678=LINE('',#13550,#6962);
#5679=LINE('',#13555,#6963);
#5680=LINE('',#13556,#6964);
#5681=LINE('',#13558,#6965);
#5682=LINE('',#13560,#6966);
#5683=LINE('',#13564,#6967);
#5684=LINE('',#13566,#6968);
#5685=LINE('',#13568,#6969);
#5686=LINE('',#13570,#6970);
#5687=LINE('',#13572,#6971);
#5688=LINE('',#13574,#6972);
#5689=LINE('',#13576,#6973);
#5690=LINE('',#13581,#6974);
#5691=LINE('',#13586,#6975);
#5692=LINE('',#13652,#6976);
#5693=LINE('',#13655,#6977);
#5694=LINE('',#13656,#6978);
#5695=LINE('',#13658,#6979);
#5696=LINE('',#13660,#6980);
#5697=LINE('',#13665,#6981);
#5698=LINE('',#13668,#6982);
#5699=LINE('',#14145,#6983);
#5700=LINE('',#14146,#6984);
#5701=LINE('',#14155,#6985);
#5702=LINE('',#14158,#6986);
#5703=LINE('',#14160,#6987);
#5704=LINE('',#14165,#6988);
#5705=LINE('',#14168,#6989);
#5706=LINE('',#14174,#6990);
#5707=LINE('',#14176,#6991);
#5708=LINE('',#14178,#6992);
#5709=LINE('',#14180,#6993);
#5710=LINE('',#14183,#6994);
#5711=LINE('',#14185,#6995);
#5712=LINE('',#14187,#6996);
#5713=LINE('',#14189,#6997);
#5714=LINE('',#14190,#6998);
#5715=LINE('',#14192,#6999);
#5716=LINE('',#14194,#7000);
#5717=LINE('',#14196,#7001);
#5718=LINE('',#14198,#7002);
#5719=LINE('',#14200,#7003);
#5720=LINE('',#14203,#7004);
#5721=LINE('',#14205,#7005);
#5722=LINE('',#14207,#7006);
#5723=LINE('',#14210,#7007);
#5724=LINE('',#14212,#7008);
#5725=LINE('',#14213,#7009);
#5726=LINE('',#14216,#7010);
#5727=LINE('',#14219,#7011);
#5728=LINE('',#14220,#7012);
#5729=LINE('',#14223,#7013);
#5730=LINE('',#14225,#7014);
#5731=LINE('',#14227,#7015);
#5732=LINE('',#14230,#7016);
#5733=LINE('',#14232,#7017);
#5734=LINE('',#14234,#7018);
#5735=LINE('',#14236,#7019);
#5736=LINE('',#14238,#7020);
#5737=LINE('',#14240,#7021);
#5738=LINE('',#14242,#7022);
#5739=LINE('',#14243,#7023);
#5740=LINE('',#14245,#7024);
#5741=LINE('',#14247,#7025);
#5742=LINE('',#14249,#7026);
#5743=LINE('',#14251,#7027);
#5744=LINE('',#14253,#7028);
#5745=LINE('',#14256,#7029);
#5746=LINE('',#14258,#7030);
#5747=LINE('',#14260,#7031);
#5748=LINE('',#14261,#7032);
#5749=LINE('',#14263,#7033);
#5750=LINE('',#14265,#7034);
#5751=LINE('',#14267,#7035);
#5752=LINE('',#14269,#7036);
#5753=LINE('',#14271,#7037);
#5754=LINE('',#14273,#7038);
#5755=LINE('',#14275,#7039);
#5756=LINE('',#14277,#7040);
#5757=LINE('',#14279,#7041);
#5758=LINE('',#14282,#7042);
#5759=LINE('',#14284,#7043);
#5760=LINE('',#14286,#7044);
#5761=LINE('',#14287,#7045);
#5762=LINE('',#14289,#7046);
#5763=LINE('',#14291,#7047);
#5764=LINE('',#14293,#7048);
#5765=LINE('',#14295,#7049);
#5766=LINE('',#14297,#7050);
#5767=LINE('',#14299,#7051);
#5768=LINE('',#14301,#7052);
#5769=LINE('',#14303,#7053);
#5770=LINE('',#14305,#7054);
#5771=LINE('',#14307,#7055);
#5772=LINE('',#14309,#7056);
#5773=LINE('',#14311,#7057);
#5774=LINE('',#14313,#7058);
#5775=LINE('',#14315,#7059);
#5776=LINE('',#14317,#7060);
#5777=LINE('',#14319,#7061);
#5778=LINE('',#14321,#7062);
#5779=LINE('',#14323,#7063);
#5780=LINE('',#14325,#7064);
#5781=LINE('',#14327,#7065);
#5782=LINE('',#14329,#7066);
#5783=LINE('',#14330,#7067);
#5784=LINE('',#14331,#7068);
#5785=LINE('',#14333,#7069);
#5786=LINE('',#14336,#7070);
#5787=LINE('',#14337,#7071);
#5788=LINE('',#14338,#7072);
#5789=LINE('',#14340,#7073);
#5790=LINE('',#14342,#7074);
#5791=LINE('',#14370,#7075);
#5792=LINE('',#14372,#7076);
#5793=LINE('',#14374,#7077);
#5794=LINE('',#14376,#7078);
#5795=LINE('',#14378,#7079);
#5796=LINE('',#14380,#7080);
#5797=LINE('',#14382,#7081);
#5798=LINE('',#14384,#7082);
#5799=LINE('',#14386,#7083);
#5800=LINE('',#14388,#7084);
#5801=LINE('',#14390,#7085);
#5802=LINE('',#14392,#7086);
#5803=LINE('',#14394,#7087);
#5804=LINE('',#14395,#7088);
#5805=LINE('',#14397,#7089);
#5806=LINE('',#14399,#7090);
#5807=LINE('',#14401,#7091);
#5808=LINE('',#14403,#7092);
#5809=LINE('',#14405,#7093);
#5810=LINE('',#14407,#7094);
#5811=LINE('',#14409,#7095);
#5812=LINE('',#14411,#7096);
#5813=LINE('',#14413,#7097);
#5814=LINE('',#14418,#7098);
#5815=LINE('',#14419,#7099);
#5816=LINE('',#14424,#7100);
#5817=LINE('',#14425,#7101);
#5818=LINE('',#14427,#7102);
#5819=LINE('',#14429,#7103);
#5820=LINE('',#14431,#7104);
#5821=LINE('',#14433,#7105);
#5822=LINE('',#14435,#7106);
#5823=LINE('',#14437,#7107);
#5824=LINE('',#14438,#7108);
#5825=LINE('',#14439,#7109);
#5826=LINE('',#14441,#7110);
#5827=LINE('',#14443,#7111);
#5828=LINE('',#14445,#7112);
#5829=LINE('',#14447,#7113);
#5830=LINE('',#14448,#7114);
#5831=LINE('',#14450,#7115);
#5832=LINE('',#14452,#7116);
#5833=LINE('',#14454,#7117);
#5834=LINE('',#14456,#7118);
#5835=LINE('',#14458,#7119);
#5836=LINE('',#14459,#7120);
#5837=LINE('',#14460,#7121);
#5838=LINE('',#14461,#7122);
#5839=LINE('',#14462,#7123);
#5840=LINE('',#14464,#7124);
#5841=LINE('',#14466,#7125);
#5842=LINE('',#14468,#7126);
#5843=LINE('',#14470,#7127);
#5844=LINE('',#14472,#7128);
#5845=LINE('',#14474,#7129);
#5846=LINE('',#14476,#7130);
#5847=LINE('',#14478,#7131);
#5848=LINE('',#14480,#7132);
#5849=LINE('',#14482,#7133);
#5850=LINE('',#14491,#7134);
#5851=LINE('',#14495,#7135);
#5852=LINE('',#14496,#7136);
#5853=LINE('',#14498,#7137);
#5854=LINE('',#14499,#7138);
#5855=LINE('',#14501,#7139);
#5856=LINE('',#14503,#7140);
#5857=LINE('',#14504,#7141);
#5858=LINE('',#14506,#7142);
#5859=LINE('',#14508,#7143);
#5860=LINE('',#14509,#7144);
#5861=LINE('',#14511,#7145);
#5862=LINE('',#14512,#7146);
#5863=LINE('',#14515,#7147);
#5864=LINE('',#14517,#7148);
#5865=LINE('',#14519,#7149);
#5866=LINE('',#14521,#7150);
#5867=LINE('',#14523,#7151);
#5868=LINE('',#14524,#7152);
#5869=LINE('',#14526,#7153);
#5870=LINE('',#14528,#7154);
#5871=LINE('',#14529,#7155);
#5872=LINE('',#14530,#7156);
#5873=LINE('',#14531,#7157);
#5874=LINE('',#14532,#7158);
#5875=LINE('',#14533,#7159);
#5876=LINE('',#14534,#7160);
#5877=LINE('',#14535,#7161);
#5878=LINE('',#14536,#7162);
#5879=LINE('',#14538,#7163);
#5880=LINE('',#14539,#7164);
#5881=LINE('',#14541,#7165);
#5882=LINE('',#14543,#7166);
#5883=LINE('',#14545,#7167);
#5884=LINE('',#14547,#7168);
#5885=LINE('',#14549,#7169);
#5886=LINE('',#14551,#7170);
#5887=LINE('',#14553,#7171);
#5888=LINE('',#14555,#7172);
#5889=LINE('',#14557,#7173);
#5890=LINE('',#14560,#7174);
#5891=LINE('',#14562,#7175);
#5892=LINE('',#14564,#7176);
#5893=LINE('',#14566,#7177);
#5894=LINE('',#14568,#7178);
#5895=LINE('',#14570,#7179);
#5896=LINE('',#14571,#7180);
#5897=LINE('',#14572,#7181);
#5898=LINE('',#14574,#7182);
#5899=LINE('',#14577,#7183);
#5900=LINE('',#14579,#7184);
#5901=LINE('',#14581,#7185);
#5902=LINE('',#14583,#7186);
#5903=LINE('',#14585,#7187);
#5904=LINE('',#14587,#7188);
#5905=LINE('',#14588,#7189);
#5906=LINE('',#14589,#7190);
#5907=LINE('',#14591,#7191);
#5908=LINE('',#14593,#7192);
#5909=LINE('',#14595,#7193);
#5910=LINE('',#14597,#7194);
#5911=LINE('',#14599,#7195);
#5912=LINE('',#14601,#7196);
#5913=LINE('',#14603,#7197);
#5914=LINE('',#14606,#7198);
#5915=LINE('',#14608,#7199);
#5916=LINE('',#14609,#7200);
#5917=LINE('',#14610,#7201);
#5918=LINE('',#14612,#7202);
#5919=LINE('',#14615,#7203);
#5920=LINE('',#14617,#7204);
#5921=LINE('',#14619,#7205);
#5922=LINE('',#14621,#7206);
#5923=LINE('',#14623,#7207);
#5924=LINE('',#14625,#7208);
#5925=LINE('',#14626,#7209);
#5926=LINE('',#14627,#7210);
#5927=LINE('',#14630,#7211);
#5928=LINE('',#14632,#7212);
#5929=LINE('',#14633,#7213);
#5930=LINE('',#14635,#7214);
#5931=LINE('',#14637,#7215);
#5932=LINE('',#14639,#7216);
#5933=LINE('',#14641,#7217);
#5934=LINE('',#14643,#7218);
#5935=LINE('',#14645,#7219);
#5936=LINE('',#14647,#7220);
#5937=LINE('',#14649,#7221);
#5938=LINE('',#14651,#7222);
#5939=LINE('',#14653,#7223);
#5940=LINE('',#14655,#7224);
#5941=LINE('',#14657,#7225);
#5942=LINE('',#14659,#7226);
#5943=LINE('',#14661,#7227);
#5944=LINE('',#14663,#7228);
#5945=LINE('',#14665,#7229);
#5946=LINE('',#14667,#7230);
#5947=LINE('',#14669,#7231);
#5948=LINE('',#14670,#7232);
#5949=LINE('',#14672,#7233);
#5950=LINE('',#14679,#7234);
#5951=LINE('',#14682,#7235);
#5952=LINE('',#14684,#7236);
#5953=LINE('',#14686,#7237);
#5954=LINE('',#14688,#7238);
#5955=LINE('',#14690,#7239);
#5956=LINE('',#14692,#7240);
#5957=LINE('',#14694,#7241);
#5958=LINE('',#14696,#7242);
#5959=LINE('',#14698,#7243);
#5960=LINE('',#14700,#7244);
#5961=LINE('',#14702,#7245);
#5962=LINE('',#14704,#7246);
#5963=LINE('',#14706,#7247);
#5964=LINE('',#14708,#7248);
#5965=LINE('',#14710,#7249);
#5966=LINE('',#14712,#7250);
#5967=LINE('',#14714,#7251);
#5968=LINE('',#14716,#7252);
#5969=LINE('',#14718,#7253);
#5970=LINE('',#14720,#7254);
#5971=LINE('',#14722,#7255);
#5972=LINE('',#14723,#7256);
#5973=LINE('',#14724,#7257);
#5974=LINE('',#14725,#7258);
#5975=LINE('',#14726,#7259);
#5976=LINE('',#14728,#7260);
#5977=LINE('',#14730,#7261);
#5978=LINE('',#14732,#7262);
#5979=LINE('',#14734,#7263);
#5980=LINE('',#14736,#7264);
#5981=LINE('',#14738,#7265);
#5982=LINE('',#14740,#7266);
#5983=LINE('',#14742,#7267);
#5984=LINE('',#14744,#7268);
#5985=LINE('',#14746,#7269);
#5986=LINE('',#14748,#7270);
#5987=LINE('',#14750,#7271);
#5988=LINE('',#14752,#7272);
#5989=LINE('',#14754,#7273);
#5990=LINE('',#14756,#7274);
#5991=LINE('',#14758,#7275);
#5992=LINE('',#14760,#7276);
#5993=LINE('',#14762,#7277);
#5994=LINE('',#14764,#7278);
#5995=LINE('',#14766,#7279);
#5996=LINE('',#14768,#7280);
#5997=LINE('',#14770,#7281);
#5998=LINE('',#14772,#7282);
#5999=LINE('',#14774,#7283);
#6000=LINE('',#14777,#7284);
#6001=LINE('',#14778,#7285);
#6002=LINE('',#14779,#7286);
#6003=LINE('',#14781,#7287);
#6004=LINE('',#14783,#7288);
#6005=LINE('',#14785,#7289);
#6006=LINE('',#14787,#7290);
#6007=LINE('',#14790,#7291);
#6008=LINE('',#14792,#7292);
#6009=LINE('',#14794,#7293);
#6010=LINE('',#14796,#7294);
#6011=LINE('',#14798,#7295);
#6012=LINE('',#14800,#7296);
#6013=LINE('',#14801,#7297);
#6014=LINE('',#14803,#7298);
#6015=LINE('',#14805,#7299);
#6016=LINE('',#14807,#7300);
#6017=LINE('',#14808,#7301);
#6018=LINE('',#14810,#7302);
#6019=LINE('',#14812,#7303);
#6020=LINE('',#14814,#7304);
#6021=LINE('',#14816,#7305);
#6022=LINE('',#14818,#7306);
#6023=LINE('',#14820,#7307);
#6024=LINE('',#14822,#7308);
#6025=LINE('',#14824,#7309);
#6026=LINE('',#14826,#7310);
#6027=LINE('',#14828,#7311);
#6028=LINE('',#14831,#7312);
#6029=LINE('',#14833,#7313);
#6030=LINE('',#14835,#7314);
#6031=LINE('',#14837,#7315);
#6032=LINE('',#14839,#7316);
#6033=LINE('',#14841,#7317);
#6034=LINE('',#14843,#7318);
#6035=LINE('',#14847,#7319);
#6036=LINE('',#14851,#7320);
#6037=LINE('',#14853,#7321);
#6038=LINE('',#14855,#7322);
#6039=LINE('',#14857,#7323);
#6040=LINE('',#14860,#7324);
#6041=LINE('',#14861,#7325);
#6042=LINE('',#14863,#7326);
#6043=LINE('',#14865,#7327);
#6044=LINE('',#14867,#7328);
#6045=LINE('',#14870,#7329);
#6046=LINE('',#14872,#7330);
#6047=LINE('',#14874,#7331);
#6048=LINE('',#14877,#7332);
#6049=LINE('',#14878,#7333);
#6050=LINE('',#14881,#7334);
#6051=LINE('',#14883,#7335);
#6052=LINE('',#14885,#7336);
#6053=LINE('',#14886,#7337);
#6054=LINE('',#14888,#7338);
#6055=LINE('',#14889,#7339);
#6056=LINE('',#14893,#7340);
#6057=LINE('',#14895,#7341);
#6058=LINE('',#14897,#7342);
#6059=LINE('',#14898,#7343);
#6060=LINE('',#14900,#7344);
#6061=LINE('',#14902,#7345);
#6062=LINE('',#14904,#7346);
#6063=LINE('',#14907,#7347);
#6064=LINE('',#14908,#7348);
#6065=LINE('',#14911,#7349);
#6066=LINE('',#14913,#7350);
#6067=LINE('',#14916,#7351);
#6068=LINE('',#14917,#7352);
#6069=LINE('',#14921,#7353);
#6070=LINE('',#14923,#7354);
#6071=LINE('',#14925,#7355);
#6072=LINE('',#14926,#7356);
#6073=LINE('',#14928,#7357);
#6074=LINE('',#14930,#7358);
#6075=LINE('',#14931,#7359);
#6076=LINE('',#14934,#7360);
#6077=LINE('',#14936,#7361);
#6078=LINE('',#14938,#7362);
#6079=LINE('',#14948,#7363);
#6080=LINE('',#14952,#7364);
#6081=LINE('',#14954,#7365);
#6082=LINE('',#14956,#7366);
#6083=LINE('',#14957,#7367);
#6084=LINE('',#14960,#7368);
#6085=LINE('',#14962,#7369);
#6086=LINE('',#14965,#7370);
#6087=LINE('',#14967,#7371);
#6088=LINE('',#14970,#7372);
#6089=LINE('',#14972,#7373);
#6090=LINE('',#14974,#7374);
#6091=LINE('',#14977,#7375);
#6092=LINE('',#14979,#7376);
#6093=LINE('',#15283,#7377);
#6094=LINE('',#15284,#7378);
#6095=LINE('',#15286,#7379);
#6096=LINE('',#15288,#7380);
#6097=LINE('',#15290,#7381);
#6098=LINE('',#15292,#7382);
#6099=LINE('',#15295,#7383);
#6100=LINE('',#15297,#7384);
#6101=LINE('',#15299,#7385);
#6102=LINE('',#15301,#7386);
#6103=LINE('',#15303,#7387);
#6104=LINE('',#15305,#7388);
#6105=LINE('',#15307,#7389);
#6106=LINE('',#15309,#7390);
#6107=LINE('',#15311,#7391);
#6108=LINE('',#15313,#7392);
#6109=LINE('',#15315,#7393);
#6110=LINE('',#15317,#7394);
#6111=LINE('',#15319,#7395);
#6112=LINE('',#15321,#7396);
#6113=LINE('',#15322,#7397);
#6114=LINE('',#15324,#7398);
#6115=LINE('',#15326,#7399);
#6116=LINE('',#15328,#7400);
#6117=LINE('',#15330,#7401);
#6118=LINE('',#15332,#7402);
#6119=LINE('',#15334,#7403);
#6120=LINE('',#15336,#7404);
#6121=LINE('',#15338,#7405);
#6122=LINE('',#15339,#7406);
#6123=LINE('',#15341,#7407);
#6124=LINE('',#15343,#7408);
#6125=LINE('',#15345,#7409);
#6126=LINE('',#15347,#7410);
#6127=LINE('',#15349,#7411);
#6128=LINE('',#15351,#7412);
#6129=LINE('',#15352,#7413);
#6130=LINE('',#15354,#7414);
#6131=LINE('',#15357,#7415);
#6132=LINE('',#15358,#7416);
#6133=LINE('',#15361,#7417);
#6134=LINE('',#15363,#7418);
#6135=LINE('',#15366,#7419);
#6136=LINE('',#15367,#7420);
#6137=LINE('',#15368,#7421);
#6138=LINE('',#15370,#7422);
#6139=LINE('',#15372,#7423);
#6140=LINE('',#15374,#7424);
#6141=LINE('',#15376,#7425);
#6142=LINE('',#15377,#7426);
#6143=LINE('',#15379,#7427);
#6144=LINE('',#15381,#7428);
#6145=LINE('',#15382,#7429);
#6146=LINE('',#15384,#7430);
#6147=LINE('',#15385,#7431);
#6148=LINE('',#15387,#7432);
#6149=LINE('',#15390,#7433);
#6150=LINE('',#15391,#7434);
#6151=LINE('',#15393,#7435);
#6152=LINE('',#15395,#7436);
#6153=LINE('',#15400,#7437);
#6154=LINE('',#15405,#7438);
#6155=LINE('',#15407,#7439);
#6156=LINE('',#15409,#7440);
#6157=LINE('',#15411,#7441);
#6158=LINE('',#15412,#7442);
#6159=LINE('',#15414,#7443);
#6160=LINE('',#15416,#7444);
#6161=LINE('',#15418,#7445);
#6162=LINE('',#15420,#7446);
#6163=LINE('',#15423,#7447);
#6164=LINE('',#15427,#7448);
#6165=LINE('',#15429,#7449);
#6166=LINE('',#15431,#7450);
#6167=LINE('',#15433,#7451);
#6168=LINE('',#15435,#7452);
#6169=LINE('',#15437,#7453);
#6170=LINE('',#15440,#7454);
#6171=LINE('',#15445,#7455);
#6172=LINE('',#15449,#7456);
#6173=LINE('',#15451,#7457);
#6174=LINE('',#15453,#7458);
#6175=LINE('',#15455,#7459);
#6176=LINE('',#15457,#7460);
#6177=LINE('',#15459,#7461);
#6178=LINE('',#15461,#7462);
#6179=LINE('',#15463,#7463);
#6180=LINE('',#15465,#7464);
#6181=LINE('',#15467,#7465);
#6182=LINE('',#15469,#7466);
#6183=LINE('',#15471,#7467);
#6184=LINE('',#15473,#7468);
#6185=LINE('',#15475,#7469);
#6186=LINE('',#15477,#7470);
#6187=LINE('',#15479,#7471);
#6188=LINE('',#15481,#7472);
#6189=LINE('',#15483,#7473);
#6190=LINE('',#15485,#7474);
#6191=LINE('',#15487,#7475);
#6192=LINE('',#15489,#7476);
#6193=LINE('',#15491,#7477);
#6194=LINE('',#15493,#7478);
#6195=LINE('',#15495,#7479);
#6196=LINE('',#15497,#7480);
#6197=LINE('',#15499,#7481);
#6198=LINE('',#15501,#7482);
#6199=LINE('',#15503,#7483);
#6200=LINE('',#15505,#7484);
#6201=LINE('',#15507,#7485);
#6202=LINE('',#15509,#7486);
#6203=LINE('',#15511,#7487);
#6204=LINE('',#15513,#7488);
#6205=LINE('',#15515,#7489);
#6206=LINE('',#15516,#7490);
#6207=LINE('',#15517,#7491);
#6208=LINE('',#15519,#7492);
#6209=LINE('',#15520,#7493);
#6210=LINE('',#15521,#7494);
#6211=LINE('',#15523,#7495);
#6212=LINE('',#15524,#7496);
#6213=LINE('',#15525,#7497);
#6214=LINE('',#15527,#7498);
#6215=LINE('',#15528,#7499);
#6216=LINE('',#15529,#7500);
#6217=LINE('',#15531,#7501);
#6218=LINE('',#15532,#7502);
#6219=LINE('',#15534,#7503);
#6220=LINE('',#15535,#7504);
#6221=LINE('',#15537,#7505);
#6222=LINE('',#15538,#7506);
#6223=LINE('',#15539,#7507);
#6224=LINE('',#15541,#7508);
#6225=LINE('',#15542,#7509);
#6226=LINE('',#15543,#7510);
#6227=LINE('',#15564,#7511);
#6228=LINE('',#15567,#7512);
#6229=LINE('',#15568,#7513);
#6230=LINE('',#15570,#7514);
#6231=LINE('',#15573,#7515);
#6232=LINE('',#15574,#7516);
#6233=LINE('',#15576,#7517);
#6234=LINE('',#15579,#7518);
#6235=LINE('',#15580,#7519);
#6236=LINE('',#15582,#7520);
#6237=LINE('',#15585,#7521);
#6238=LINE('',#15586,#7522);
#6239=LINE('',#15588,#7523);
#6240=LINE('',#15590,#7524);
#6241=LINE('',#15592,#7525);
#6242=LINE('',#15594,#7526);
#6243=LINE('',#15596,#7527);
#6244=LINE('',#15598,#7528);
#6245=LINE('',#15600,#7529);
#6246=LINE('',#15601,#7530);
#6247=LINE('',#15603,#7531);
#6248=LINE('',#15604,#7532);
#6249=LINE('',#15606,#7533);
#6250=LINE('',#15607,#7534);
#6251=LINE('',#15609,#7535);
#6252=LINE('',#15612,#7536);
#6253=LINE('',#15613,#7537);
#6254=LINE('',#15615,#7538);
#6255=LINE('',#15617,#7539);
#6256=LINE('',#15619,#7540);
#6257=LINE('',#15621,#7541);
#6258=LINE('',#15624,#7542);
#6259=LINE('',#15625,#7543);
#6260=LINE('',#15627,#7544);
#6261=LINE('',#15628,#7545);
#6262=LINE('',#15630,#7546);
#6263=LINE('',#15631,#7547);
#6264=LINE('',#15633,#7548);
#6265=LINE('',#15636,#7549);
#6266=LINE('',#15637,#7550);
#6267=LINE('',#15639,#7551);
#6268=LINE('',#15641,#7552);
#6269=LINE('',#15643,#7553);
#6270=LINE('',#15645,#7554);
#6271=LINE('',#15647,#7555);
#6272=LINE('',#15649,#7556);
#6273=LINE('',#15651,#7557);
#6274=LINE('',#15652,#7558);
#6275=LINE('',#15654,#7559);
#6276=LINE('',#15655,#7560);
#6277=LINE('',#15657,#7561);
#6278=LINE('',#15660,#7562);
#6279=LINE('',#15661,#7563);
#6280=LINE('',#15663,#7564);
#6281=LINE('',#15665,#7565);
#6282=LINE('',#15667,#7566);
#6283=LINE('',#15669,#7567);
#6284=LINE('',#15672,#7568);
#6285=LINE('',#15673,#7569);
#6286=LINE('',#15675,#7570);
#6287=LINE('',#15677,#7571);
#6288=LINE('',#15679,#7572);
#6289=LINE('',#15681,#7573);
#6290=LINE('',#15684,#7574);
#6291=LINE('',#15685,#7575);
#6292=LINE('',#15687,#7576);
#6293=LINE('',#15688,#7577);
#6294=LINE('',#15690,#7578);
#6295=LINE('',#15692,#7579);
#6296=LINE('',#15694,#7580);
#6297=LINE('',#15696,#7581);
#6298=LINE('',#15697,#7582);
#6299=LINE('',#15699,#7583);
#6300=LINE('',#15700,#7584);
#6301=LINE('',#15702,#7585);
#6302=LINE('',#15705,#7586);
#6303=LINE('',#15706,#7587);
#6304=LINE('',#15708,#7588);
#6305=LINE('',#15711,#7589);
#6306=LINE('',#15712,#7590);
#6307=LINE('',#15714,#7591);
#6308=LINE('',#15716,#7592);
#6309=LINE('',#15718,#7593);
#6310=LINE('',#15720,#7594);
#6311=LINE('',#15723,#7595);
#6312=LINE('',#15724,#7596);
#6313=LINE('',#15726,#7597);
#6314=LINE('',#15728,#7598);
#6315=LINE('',#15730,#7599);
#6316=LINE('',#15732,#7600);
#6317=LINE('',#15734,#7601);
#6318=LINE('',#15736,#7602);
#6319=LINE('',#15738,#7603);
#6320=LINE('',#15739,#7604);
#6321=LINE('',#15741,#7605);
#6322=LINE('',#15742,#7606);
#6323=LINE('',#15761,#7607);
#6324=LINE('',#15763,#7608);
#6325=LINE('',#15765,#7609);
#6326=LINE('',#15766,#7610);
#6327=LINE('',#15768,#7611);
#6328=LINE('',#15773,#7612);
#6329=LINE('',#15775,#7613);
#6330=LINE('',#15777,#7614);
#6331=LINE('',#15778,#7615);
#6332=LINE('',#15780,#7616);
#6333=LINE('',#15785,#7617);
#6334=LINE('',#15808,#7618);
#6335=LINE('',#15824,#7619);
#6336=LINE('',#15826,#7620);
#6337=LINE('',#15828,#7621);
#6338=LINE('',#15830,#7622);
#6339=LINE('',#15834,#7623);
#6340=LINE('',#15836,#7624);
#6341=LINE('',#15838,#7625);
#6342=LINE('',#15839,#7626);
#6343=LINE('',#15841,#7627);
#6344=LINE('',#15846,#7628);
#6345=LINE('',#15848,#7629);
#6346=LINE('',#15850,#7630);
#6347=VECTOR('',#9940,1.);
#6348=VECTOR('',#9941,1.);
#6349=VECTOR('',#9942,1.);
#6350=VECTOR('',#9943,1.);
#6351=VECTOR('',#9946,1.);
#6352=VECTOR('',#9947,1.);
#6353=VECTOR('',#9948,1.);
#6354=VECTOR('',#9949,1.);
#6355=VECTOR('',#9952,1.);
#6356=VECTOR('',#9953,1.);
#6357=VECTOR('',#9954,1.);
#6358=VECTOR('',#9957,1.);
#6359=VECTOR('',#9958,1.);
#6360=VECTOR('',#9959,1.);
#6361=VECTOR('',#9960,1.);
#6362=VECTOR('',#9961,1.);
#6363=VECTOR('',#9962,1.);
#6364=VECTOR('',#9963,1.);
#6365=VECTOR('',#9964,1.);
#6366=VECTOR('',#9965,1.);
#6367=VECTOR('',#9966,1.);
#6368=VECTOR('',#9969,1.);
#6369=VECTOR('',#9970,1.);
#6370=VECTOR('',#9971,1.);
#6371=VECTOR('',#9972,1.);
#6372=VECTOR('',#9973,1.);
#6373=VECTOR('',#9974,1.);
#6374=VECTOR('',#9975,1.);
#6375=VECTOR('',#9976,1.);
#6376=VECTOR('',#9977,1.);
#6377=VECTOR('',#9978,1.);
#6378=VECTOR('',#9979,1.);
#6379=VECTOR('',#9980,1.);
#6380=VECTOR('',#9981,1.);
#6381=VECTOR('',#9982,1.);
#6382=VECTOR('',#9983,1.);
#6383=VECTOR('',#9984,1.);
#6384=VECTOR('',#9985,1.);
#6385=VECTOR('',#9986,1.);
#6386=VECTOR('',#9987,1.);
#6387=VECTOR('',#9988,1.);
#6388=VECTOR('',#9989,1.);
#6389=VECTOR('',#9990,1.);
#6390=VECTOR('',#9991,1.);
#6391=VECTOR('',#9992,1.);
#6392=VECTOR('',#9993,1.);
#6393=VECTOR('',#9994,1.);
#6394=VECTOR('',#9995,1.);
#6395=VECTOR('',#9996,1.);
#6396=VECTOR('',#9997,1.);
#6397=VECTOR('',#9998,1.);
#6398=VECTOR('',#9999,1.);
#6399=VECTOR('',#10000,1.);
#6400=VECTOR('',#10001,1.);
#6401=VECTOR('',#10002,1.);
#6402=VECTOR('',#10005,1.);
#6403=VECTOR('',#10006,1.);
#6404=VECTOR('',#10009,1.);
#6405=VECTOR('',#10010,1.);
#6406=VECTOR('',#10011,1.);
#6407=VECTOR('',#10014,1.);
#6408=VECTOR('',#10015,1.);
#6409=VECTOR('',#10018,1.);
#6410=VECTOR('',#10019,1.);
#6411=VECTOR('',#10020,1.);
#6412=VECTOR('',#10023,1.);
#6413=VECTOR('',#10024,1.);
#6414=VECTOR('',#10025,1.);
#6415=VECTOR('',#10028,1.);
#6416=VECTOR('',#10029,1.);
#6417=VECTOR('',#10032,1.);
#6418=VECTOR('',#10033,1.);
#6419=VECTOR('',#10036,1.);
#6420=VECTOR('',#10037,1.);
#6421=VECTOR('',#10038,1.);
#6422=VECTOR('',#10041,1.);
#6423=VECTOR('',#10042,1.);
#6424=VECTOR('',#10045,1.);
#6425=VECTOR('',#10046,1.);
#6426=VECTOR('',#10047,1.);
#6427=VECTOR('',#10050,1.);
#6428=VECTOR('',#10051,1.);
#6429=VECTOR('',#10052,1.);
#6430=VECTOR('',#10055,1.);
#6431=VECTOR('',#10056,1.);
#6432=VECTOR('',#10059,1.);
#6433=VECTOR('',#10062,1.);
#6434=VECTOR('',#10063,1.);
#6435=VECTOR('',#10064,1.);
#6436=VECTOR('',#10065,1.);
#6437=VECTOR('',#10066,1.);
#6438=VECTOR('',#10067,1.);
#6439=VECTOR('',#10068,1.);
#6440=VECTOR('',#10069,1.);
#6441=VECTOR('',#10070,1.);
#6442=VECTOR('',#10071,1.);
#6443=VECTOR('',#10072,1.);
#6444=VECTOR('',#10073,1.);
#6445=VECTOR('',#10074,1.);
#6446=VECTOR('',#10075,1.);
#6447=VECTOR('',#10076,1.);
#6448=VECTOR('',#10077,1.);
#6449=VECTOR('',#10078,1.);
#6450=VECTOR('',#10079,1.);
#6451=VECTOR('',#10080,1.);
#6452=VECTOR('',#10081,1.);
#6453=VECTOR('',#10082,1.);
#6454=VECTOR('',#10083,1.);
#6455=VECTOR('',#10084,1.);
#6456=VECTOR('',#10085,1.);
#6457=VECTOR('',#10086,1.);
#6458=VECTOR('',#10087,1.);
#6459=VECTOR('',#10088,1.);
#6460=VECTOR('',#10089,1.);
#6461=VECTOR('',#10090,1.);
#6462=VECTOR('',#10091,1.);
#6463=VECTOR('',#10092,1.);
#6464=VECTOR('',#10093,1.);
#6465=VECTOR('',#10094,1.);
#6466=VECTOR('',#10095,1.);
#6467=VECTOR('',#10096,1.);
#6468=VECTOR('',#10097,1.);
#6469=VECTOR('',#10098,1.);
#6470=VECTOR('',#10099,1.);
#6471=VECTOR('',#10100,1.);
#6472=VECTOR('',#10101,1.);
#6473=VECTOR('',#10102,1.);
#6474=VECTOR('',#10105,1.);
#6475=VECTOR('',#10106,1.);
#6476=VECTOR('',#10109,1.);
#6477=VECTOR('',#10110,1.);
#6478=VECTOR('',#10113,1.);
#6479=VECTOR('',#10114,1.);
#6480=VECTOR('',#10115,1.);
#6481=VECTOR('',#10118,1.);
#6482=VECTOR('',#10119,1.);
#6483=VECTOR('',#10120,1.);
#6484=VECTOR('',#10121,1.);
#6485=VECTOR('',#10122,1.);
#6486=VECTOR('',#10123,1.);
#6487=VECTOR('',#10126,1.);
#6488=VECTOR('',#10127,1.);
#6489=VECTOR('',#10128,1.);
#6490=VECTOR('',#10129,1.);
#6491=VECTOR('',#10130,1.);
#6492=VECTOR('',#10131,1.);
#6493=VECTOR('',#10132,1.);
#6494=VECTOR('',#10133,1.);
#6495=VECTOR('',#10134,1.);
#6496=VECTOR('',#10135,1.);
#6497=VECTOR('',#10136,1.);
#6498=VECTOR('',#10137,1.);
#6499=VECTOR('',#10138,1.);
#6500=VECTOR('',#10139,1.);
#6501=VECTOR('',#10140,1.);
#6502=VECTOR('',#10141,1.);
#6503=VECTOR('',#10142,1.);
#6504=VECTOR('',#10143,1.);
#6505=VECTOR('',#10144,1.);
#6506=VECTOR('',#10145,1.);
#6507=VECTOR('',#10146,1.);
#6508=VECTOR('',#10147,1.);
#6509=VECTOR('',#10148,1.);
#6510=VECTOR('',#10149,1.);
#6511=VECTOR('',#10150,1.);
#6512=VECTOR('',#10151,1.);
#6513=VECTOR('',#10152,1.);
#6514=VECTOR('',#10153,1.);
#6515=VECTOR('',#10154,1.);
#6516=VECTOR('',#10155,1.);
#6517=VECTOR('',#10156,1.);
#6518=VECTOR('',#10157,1.);
#6519=VECTOR('',#10158,1.);
#6520=VECTOR('',#10161,1.);
#6521=VECTOR('',#10162,1.);
#6522=VECTOR('',#10163,1.);
#6523=VECTOR('',#10164,1.);
#6524=VECTOR('',#10165,1.);
#6525=VECTOR('',#10166,1.);
#6526=VECTOR('',#10167,1.);
#6527=VECTOR('',#10168,1.);
#6528=VECTOR('',#10171,1.);
#6529=VECTOR('',#10172,1.);
#6530=VECTOR('',#10173,1.);
#6531=VECTOR('',#10174,1.);
#6532=VECTOR('',#10175,1.);
#6533=VECTOR('',#10176,1.);
#6534=VECTOR('',#10177,1.);
#6535=VECTOR('',#10178,1.);
#6536=VECTOR('',#10179,1.);
#6537=VECTOR('',#10182,1.);
#6538=VECTOR('',#10183,1.);
#6539=VECTOR('',#10184,1.);
#6540=VECTOR('',#10185,1.);
#6541=VECTOR('',#10186,1.);
#6542=VECTOR('',#10189,1.);
#6543=VECTOR('',#10190,1.);
#6544=VECTOR('',#10191,1.);
#6545=VECTOR('',#10192,1.);
#6546=VECTOR('',#10195,1.);
#6547=VECTOR('',#10196,1.);
#6548=VECTOR('',#10197,1.);
#6549=VECTOR('',#10198,1.);
#6550=VECTOR('',#10199,1.);
#6551=VECTOR('',#10200,1.);
#6552=VECTOR('',#10201,1.);
#6553=VECTOR('',#10202,1.);
#6554=VECTOR('',#10203,1.);
#6555=VECTOR('',#10206,1.);
#6556=VECTOR('',#10207,1.);
#6557=VECTOR('',#10208,1.);
#6558=VECTOR('',#10209,1.);
#6559=VECTOR('',#10210,1.);
#6560=VECTOR('',#10211,1.);
#6561=VECTOR('',#10212,1.);
#6562=VECTOR('',#10215,1.);
#6563=VECTOR('',#10216,1.);
#6564=VECTOR('',#10217,1.);
#6565=VECTOR('',#10218,1.);
#6566=VECTOR('',#10219,1.);
#6567=VECTOR('',#10220,1.);
#6568=VECTOR('',#10221,1.);
#6569=VECTOR('',#10224,1.);
#6570=VECTOR('',#10225,1.);
#6571=VECTOR('',#10226,1.);
#6572=VECTOR('',#10229,1.);
#6573=VECTOR('',#10230,1.);
#6574=VECTOR('',#10231,1.);
#6575=VECTOR('',#10232,1.);
#6576=VECTOR('',#10233,1.);
#6577=VECTOR('',#10234,1.);
#6578=VECTOR('',#10235,1.);
#6579=VECTOR('',#10236,1.);
#6580=VECTOR('',#10239,1.);
#6581=VECTOR('',#10240,1.);
#6582=VECTOR('',#10241,1.);
#6583=VECTOR('',#10242,1.);
#6584=VECTOR('',#10243,1.);
#6585=VECTOR('',#10246,1.);
#6586=VECTOR('',#10247,1.);
#6587=VECTOR('',#10248,1.);
#6588=VECTOR('',#10249,1.);
#6589=VECTOR('',#10250,1.);
#6590=VECTOR('',#10251,1.);
#6591=VECTOR('',#10254,1.);
#6592=VECTOR('',#10255,1.);
#6593=VECTOR('',#10256,1.);
#6594=VECTOR('',#10257,1.);
#6595=VECTOR('',#10258,1.);
#6596=VECTOR('',#10259,1.);
#6597=VECTOR('',#10260,1.);
#6598=VECTOR('',#10261,1.);
#6599=VECTOR('',#10264,1.);
#6600=VECTOR('',#10265,1.);
#6601=VECTOR('',#10266,1.);
#6602=VECTOR('',#10267,1.);
#6603=VECTOR('',#10268,1.);
#6604=VECTOR('',#10269,1.);
#6605=VECTOR('',#10270,1.);
#6606=VECTOR('',#10273,1.);
#6607=VECTOR('',#10274,1.);
#6608=VECTOR('',#10275,1.);
#6609=VECTOR('',#10276,1.);
#6610=VECTOR('',#10277,1.);
#6611=VECTOR('',#10278,1.);
#6612=VECTOR('',#10279,1.);
#6613=VECTOR('',#10280,1.);
#6614=VECTOR('',#10285,1.);
#6615=VECTOR('',#10286,1.);
#6616=VECTOR('',#10289,1.);
#6617=VECTOR('',#10290,1.);
#6618=VECTOR('',#10293,1.);
#6619=VECTOR('',#10294,1.);
#6620=VECTOR('',#10299,1.);
#6621=VECTOR('',#10300,1.);
#6622=VECTOR('',#10303,1.);
#6623=VECTOR('',#10304,1.);
#6624=VECTOR('',#10309,1.);
#6625=VECTOR('',#10312,1.);
#6626=VECTOR('',#10313,1.);
#6627=VECTOR('',#10316,1.);
#6628=VECTOR('',#10317,1.);
#6629=VECTOR('',#10318,1.);
#6630=VECTOR('',#10321,1.);
#6631=VECTOR('',#10324,1.);
#6632=VECTOR('',#10327,1.);
#6633=VECTOR('',#10334,1.);
#6634=VECTOR('',#10335,1.);
#6635=VECTOR('',#10336,1.);
#6636=VECTOR('',#10339,1.);
#6637=VECTOR('',#10348,1.);
#6638=VECTOR('',#10353,1.);
#6639=VECTOR('',#10356,1.);
#6640=VECTOR('',#10361,1.);
#6641=VECTOR('',#10362,1.);
#6642=VECTOR('',#10365,1.);
#6643=VECTOR('',#10366,1.);
#6644=VECTOR('',#10367,1.);
#6645=VECTOR('',#10370,1.);
#6646=VECTOR('',#10375,1.);
#6647=VECTOR('',#10376,1.);
#6648=VECTOR('',#10377,1.);
#6649=VECTOR('',#10378,1.);
#6650=VECTOR('',#10381,1.);
#6651=VECTOR('',#10384,1.);
#6652=VECTOR('',#10385,1.);
#6653=VECTOR('',#10386,1.);
#6654=VECTOR('',#10389,1.);
#6655=VECTOR('',#10394,1.);
#6656=VECTOR('',#10395,1.);
#6657=VECTOR('',#10398,1.);
#6658=VECTOR('',#10401,1.);
#6659=VECTOR('',#10404,1.);
#6660=VECTOR('',#10407,1.);
#6661=VECTOR('',#10410,1.);
#6662=VECTOR('',#10411,1.);
#6663=VECTOR('',#10412,1.);
#6664=VECTOR('',#10415,1.);
#6665=VECTOR('',#10416,1.);
#6666=VECTOR('',#10417,1.);
#6667=VECTOR('',#10420,1.);
#6668=VECTOR('',#10423,1.);
#6669=VECTOR('',#10424,1.);
#6670=VECTOR('',#10427,1.);
#6671=VECTOR('',#10428,1.);
#6672=VECTOR('',#10431,1.);
#6673=VECTOR('',#10434,1.);
#6674=VECTOR('',#10435,1.);
#6675=VECTOR('',#10438,1.);
#6676=VECTOR('',#10441,1.);
#6677=VECTOR('',#10446,1.);
#6678=VECTOR('',#10447,1.);
#6679=VECTOR('',#10454,1.);
#6680=VECTOR('',#10457,1.);
#6681=VECTOR('',#10458,1.);
#6682=VECTOR('',#10461,1.);
#6683=VECTOR('',#10462,1.);
#6684=VECTOR('',#10465,1.);
#6685=VECTOR('',#10466,1.);
#6686=VECTOR('',#10469,1.);
#6687=VECTOR('',#10470,1.);
#6688=VECTOR('',#10471,1.);
#6689=VECTOR('',#10472,1.);
#6690=VECTOR('',#10473,1.);
#6691=VECTOR('',#10474,1.);
#6692=VECTOR('',#10475,1.);
#6693=VECTOR('',#10476,1.);
#6694=VECTOR('',#10477,1.);
#6695=VECTOR('',#10478,1.);
#6696=VECTOR('',#10479,1.);
#6697=VECTOR('',#10482,1.);
#6698=VECTOR('',#10483,1.);
#6699=VECTOR('',#10486,1.);
#6700=VECTOR('',#10487,1.);
#6701=VECTOR('',#10492,1.);
#6702=VECTOR('',#10495,1.);
#6703=VECTOR('',#10498,1.);
#6704=VECTOR('',#10503,1.);
#6705=VECTOR('',#10506,1.);
#6706=VECTOR('',#10507,1.);
#6707=VECTOR('',#10516,1.);
#6708=VECTOR('',#10517,1.);
#6709=VECTOR('',#10518,1.);
#6710=VECTOR('',#10523,1.);
#6711=VECTOR('',#10524,1.);
#6712=VECTOR('',#10525,1.);
#6713=VECTOR('',#10530,1.);
#6714=VECTOR('',#10533,1.);
#6715=VECTOR('',#10538,1.);
#6716=VECTOR('',#10539,1.);
#6717=VECTOR('',#10542,1.);
#6718=VECTOR('',#10543,1.);
#6719=VECTOR('',#10544,1.);
#6720=VECTOR('',#10545,1.);
#6721=VECTOR('',#10546,1.);
#6722=VECTOR('',#10547,1.);
#6723=VECTOR('',#10548,1.);
#6724=VECTOR('',#10549,1.);
#6725=VECTOR('',#10550,1.);
#6726=VECTOR('',#10551,1.);
#6727=VECTOR('',#10552,1.);
#6728=VECTOR('',#10553,1.);
#6729=VECTOR('',#10556,1.);
#6730=VECTOR('',#10557,1.);
#6731=VECTOR('',#10558,1.);
#6732=VECTOR('',#10559,1.);
#6733=VECTOR('',#10560,1.);
#6734=VECTOR('',#10563,1.);
#6735=VECTOR('',#10564,1.);
#6736=VECTOR('',#10565,1.);
#6737=VECTOR('',#10566,1.);
#6738=VECTOR('',#10567,1.);
#6739=VECTOR('',#10572,1.);
#6740=VECTOR('',#10573,1.);
#6741=VECTOR('',#10574,1.);
#6742=VECTOR('',#10575,1.);
#6743=VECTOR('',#10576,1.);
#6744=VECTOR('',#10577,1.);
#6745=VECTOR('',#10578,1.);
#6746=VECTOR('',#10579,1.);
#6747=VECTOR('',#10580,1.);
#6748=VECTOR('',#10581,1.);
#6749=VECTOR('',#10582,1.);
#6750=VECTOR('',#10583,1.);
#6751=VECTOR('',#10584,1.);
#6752=VECTOR('',#10585,1.);
#6753=VECTOR('',#10586,1.);
#6754=VECTOR('',#10587,1.);
#6755=VECTOR('',#10588,1.);
#6756=VECTOR('',#10589,1.);
#6757=VECTOR('',#10590,1.);
#6758=VECTOR('',#10591,1.);
#6759=VECTOR('',#10592,1.);
#6760=VECTOR('',#10593,1.);
#6761=VECTOR('',#10594,1.);
#6762=VECTOR('',#10595,1.);
#6763=VECTOR('',#10596,1.);
#6764=VECTOR('',#10597,1.);
#6765=VECTOR('',#10598,1.);
#6766=VECTOR('',#10601,1.);
#6767=VECTOR('',#10602,1.);
#6768=VECTOR('',#10603,1.);
#6769=VECTOR('',#10604,1.);
#6770=VECTOR('',#10607,1.);
#6771=VECTOR('',#10608,1.);
#6772=VECTOR('',#10609,1.);
#6773=VECTOR('',#10610,1.);
#6774=VECTOR('',#10613,1.);
#6775=VECTOR('',#10614,1.);
#6776=VECTOR('',#10615,1.);
#6777=VECTOR('',#10616,1.);
#6778=VECTOR('',#10617,1.);
#6779=VECTOR('',#10618,1.);
#6780=VECTOR('',#10621,1.);
#6781=VECTOR('',#10622,1.);
#6782=VECTOR('',#10623,1.);
#6783=VECTOR('',#10624,1.);
#6784=VECTOR('',#10625,1.);
#6785=VECTOR('',#10626,1.);
#6786=VECTOR('',#10627,1.);
#6787=VECTOR('',#10628,1.);
#6788=VECTOR('',#10629,1.);
#6789=VECTOR('',#10632,1.);
#6790=VECTOR('',#10633,1.);
#6791=VECTOR('',#10634,1.);
#6792=VECTOR('',#10637,1.);
#6793=VECTOR('',#10638,1.);
#6794=VECTOR('',#10639,1.);
#6795=VECTOR('',#10640,1.);
#6796=VECTOR('',#10641,1.);
#6797=VECTOR('',#10642,1.);
#6798=VECTOR('',#10643,1.);
#6799=VECTOR('',#10644,1.);
#6800=VECTOR('',#10645,1.);
#6801=VECTOR('',#10646,1.);
#6802=VECTOR('',#10649,1.);
#6803=VECTOR('',#10650,1.);
#6804=VECTOR('',#10651,1.);
#6805=VECTOR('',#10652,1.);
#6806=VECTOR('',#10653,1.);
#6807=VECTOR('',#10654,1.);
#6808=VECTOR('',#10657,1.);
#6809=VECTOR('',#10658,1.);
#6810=VECTOR('',#10659,1.);
#6811=VECTOR('',#10660,1.);
#6812=VECTOR('',#10661,1.);
#6813=VECTOR('',#10662,1.);
#6814=VECTOR('',#10663,1.);
#6815=VECTOR('',#10666,1.);
#6816=VECTOR('',#10667,1.);
#6817=VECTOR('',#10668,1.);
#6818=VECTOR('',#10669,1.);
#6819=VECTOR('',#10670,1.);
#6820=VECTOR('',#10671,1.);
#6821=VECTOR('',#10672,1.);
#6822=VECTOR('',#10673,1.);
#6823=VECTOR('',#10674,1.);
#6824=VECTOR('',#10675,1.);
#6825=VECTOR('',#10676,1.);
#6826=VECTOR('',#10677,1.);
#6827=VECTOR('',#10678,1.);
#6828=VECTOR('',#10679,1.);
#6829=VECTOR('',#10680,1.);
#6830=VECTOR('',#10681,1.);
#6831=VECTOR('',#10682,1.);
#6832=VECTOR('',#10683,1.);
#6833=VECTOR('',#10684,1.);
#6834=VECTOR('',#10685,1.);
#6835=VECTOR('',#10686,1.);
#6836=VECTOR('',#10687,1.);
#6837=VECTOR('',#10688,1.);
#6838=VECTOR('',#10689,1.);
#6839=VECTOR('',#10690,1.);
#6840=VECTOR('',#10691,1.);
#6841=VECTOR('',#10692,1.);
#6842=VECTOR('',#10693,1.);
#6843=VECTOR('',#10694,1.);
#6844=VECTOR('',#10695,1.);
#6845=VECTOR('',#10696,1.);
#6846=VECTOR('',#10697,1.);
#6847=VECTOR('',#10698,1.);
#6848=VECTOR('',#10699,1.);
#6849=VECTOR('',#10700,1.);
#6850=VECTOR('',#10701,1.);
#6851=VECTOR('',#10702,1.);
#6852=VECTOR('',#10705,1.);
#6853=VECTOR('',#10706,1.);
#6854=VECTOR('',#10707,1.);
#6855=VECTOR('',#10708,1.);
#6856=VECTOR('',#10709,1.);
#6857=VECTOR('',#10710,1.);
#6858=VECTOR('',#10711,1.);
#6859=VECTOR('',#10712,1.);
#6860=VECTOR('',#10713,1.);
#6861=VECTOR('',#10714,1.);
#6862=VECTOR('',#10717,1.);
#6863=VECTOR('',#10720,1.);
#6864=VECTOR('',#10721,1.);
#6865=VECTOR('',#10722,1.);
#6866=VECTOR('',#10723,1.);
#6867=VECTOR('',#10724,1.);
#6868=VECTOR('',#10725,1.);
#6869=VECTOR('',#10728,1.);
#6870=VECTOR('',#10729,1.);
#6871=VECTOR('',#10730,1.);
#6872=VECTOR('',#10731,1.);
#6873=VECTOR('',#10732,1.);
#6874=VECTOR('',#10733,1.);
#6875=VECTOR('',#10734,1.);
#6876=VECTOR('',#10735,1.);
#6877=VECTOR('',#10736,1.);
#6878=VECTOR('',#10737,1.);
#6879=VECTOR('',#10738,1.);
#6880=VECTOR('',#10739,1.);
#6881=VECTOR('',#10740,1.);
#6882=VECTOR('',#10741,1.);
#6883=VECTOR('',#10742,1.);
#6884=VECTOR('',#10743,1.);
#6885=VECTOR('',#10744,1.);
#6886=VECTOR('',#10747,1.);
#6887=VECTOR('',#10750,1.);
#6888=VECTOR('',#10751,1.);
#6889=VECTOR('',#10752,1.);
#6890=VECTOR('',#10753,1.);
#6891=VECTOR('',#10754,1.);
#6892=VECTOR('',#10757,1.);
#6893=VECTOR('',#10758,1.);
#6894=VECTOR('',#10759,1.);
#6895=VECTOR('',#10762,1.);
#6896=VECTOR('',#10763,1.);
#6897=VECTOR('',#10766,1.);
#6898=VECTOR('',#10767,1.);
#6899=VECTOR('',#10768,1.);
#6900=VECTOR('',#10771,1.);
#6901=VECTOR('',#10772,1.);
#6902=VECTOR('',#10775,1.);
#6903=VECTOR('',#10776,1.);
#6904=VECTOR('',#10777,1.);
#6905=VECTOR('',#10780,1.);
#6906=VECTOR('',#10781,1.);
#6907=VECTOR('',#10782,1.);
#6908=VECTOR('',#10789,1.);
#6909=VECTOR('',#10792,1.);
#6910=VECTOR('',#10795,1.);
#6911=VECTOR('',#10796,1.);
#6912=VECTOR('',#10799,1.);
#6913=VECTOR('',#10802,1.);
#6914=VECTOR('',#10803,1.);
#6915=VECTOR('',#10806,1.);
#6916=VECTOR('',#10807,1.);
#6917=VECTOR('',#10810,1.);
#6918=VECTOR('',#10811,1.);
#6919=VECTOR('',#10814,1.);
#6920=VECTOR('',#10815,1.);
#6921=VECTOR('',#10816,1.);
#6922=VECTOR('',#10819,1.);
#6923=VECTOR('',#10820,1.);
#6924=VECTOR('',#10823,1.);
#6925=VECTOR('',#10824,1.);
#6926=VECTOR('',#10827,1.);
#6927=VECTOR('',#10830,1.);
#6928=VECTOR('',#10833,1.);
#6929=VECTOR('',#10834,1.);
#6930=VECTOR('',#10835,1.);
#6931=VECTOR('',#10840,1.);
#6932=VECTOR('',#10841,1.);
#6933=VECTOR('',#10846,1.);
#6934=VECTOR('',#10847,1.);
#6935=VECTOR('',#10852,1.);
#6936=VECTOR('',#10853,1.);
#6937=VECTOR('',#10856,1.);
#6938=VECTOR('',#10859,1.);
#6939=VECTOR('',#10862,1.);
#6940=VECTOR('',#10865,1.);
#6941=VECTOR('',#10866,1.);
#6942=VECTOR('',#10867,1.);
#6943=VECTOR('',#10870,1.);
#6944=VECTOR('',#10873,1.);
#6945=VECTOR('',#10876,1.);
#6946=VECTOR('',#10877,1.);
#6947=VECTOR('',#10880,1.);
#6948=VECTOR('',#10883,1.);
#6949=VECTOR('',#10886,1.);
#6950=VECTOR('',#10887,1.);
#6951=VECTOR('',#10888,1.);
#6952=VECTOR('',#10891,1.);
#6953=VECTOR('',#10892,1.);
#6954=VECTOR('',#10895,1.);
#6955=VECTOR('',#10896,1.);
#6956=VECTOR('',#10897,1.);
#6957=VECTOR('',#10902,1.);
#6958=VECTOR('',#10903,1.);
#6959=VECTOR('',#10904,1.);
#6960=VECTOR('',#10905,1.);
#6961=VECTOR('',#10908,1.);
#6962=VECTOR('',#10909,1.);
#6963=VECTOR('',#10914,1.);
#6964=VECTOR('',#10915,1.);
#6965=VECTOR('',#10918,1.);
#6966=VECTOR('',#10919,1.);
#6967=VECTOR('',#10924,1.);
#6968=VECTOR('',#10925,1.);
#6969=VECTOR('',#10928,1.);
#6970=VECTOR('',#10931,1.);
#6971=VECTOR('',#10932,1.);
#6972=VECTOR('',#10935,1.);
#6973=VECTOR('',#10938,1.);
#6974=VECTOR('',#10941,1.);
#6975=VECTOR('',#10948,1.);
#6976=VECTOR('',#10959,1.);
#6977=VECTOR('',#10960,1.);
#6978=VECTOR('',#10961,1.);
#6979=VECTOR('',#10962,1.);
#6980=VECTOR('',#10965,1.);
#6981=VECTOR('',#10968,1.);
#6982=VECTOR('',#10971,1.);
#6983=VECTOR('',#10972,1.);
#6984=VECTOR('',#10973,1.);
#6985=VECTOR('',#10974,1.);
#6986=VECTOR('',#10979,1.);
#6987=VECTOR('',#10982,1.);
#6988=VECTOR('',#10985,1.);
#6989=VECTOR('',#10988,1.);
#6990=VECTOR('',#10999,1.);
#6991=VECTOR('',#11000,1.);
#6992=VECTOR('',#11001,1.);
#6993=VECTOR('',#11004,1.);
#6994=VECTOR('',#11005,1.);
#6995=VECTOR('',#11006,1.);
#6996=VECTOR('',#11007,1.);
#6997=VECTOR('',#11008,1.);
#6998=VECTOR('',#11009,1.);
#6999=VECTOR('',#11010,1.);
#7000=VECTOR('',#11013,1.);
#7001=VECTOR('',#11016,1.);
#7002=VECTOR('',#11017,1.);
#7003=VECTOR('',#11018,1.);
#7004=VECTOR('',#11023,1.);
#7005=VECTOR('',#11024,1.);
#7006=VECTOR('',#11025,1.);
#7007=VECTOR('',#11030,1.);
#7008=VECTOR('',#11033,1.);
#7009=VECTOR('',#11034,1.);
#7010=VECTOR('',#11039,1.);
#7011=VECTOR('',#11044,1.);
#7012=VECTOR('',#11045,1.);
#7013=VECTOR('',#11050,1.);
#7014=VECTOR('',#11053,1.);
#7015=VECTOR('',#11056,1.);
#7016=VECTOR('',#11057,1.);
#7017=VECTOR('',#11058,1.);
#7018=VECTOR('',#11059,1.);
#7019=VECTOR('',#11060,1.);
#7020=VECTOR('',#11061,1.);
#7021=VECTOR('',#11062,1.);
#7022=VECTOR('',#11063,1.);
#7023=VECTOR('',#11064,1.);
#7024=VECTOR('',#11065,1.);
#7025=VECTOR('',#11066,1.);
#7026=VECTOR('',#11067,1.);
#7027=VECTOR('',#11068,1.);
#7028=VECTOR('',#11071,1.);
#7029=VECTOR('',#11072,1.);
#7030=VECTOR('',#11073,1.);
#7031=VECTOR('',#11074,1.);
#7032=VECTOR('',#11075,1.);
#7033=VECTOR('',#11076,1.);
#7034=VECTOR('',#11077,1.);
#7035=VECTOR('',#11078,1.);
#7036=VECTOR('',#11079,1.);
#7037=VECTOR('',#11080,1.);
#7038=VECTOR('',#11081,1.);
#7039=VECTOR('',#11084,1.);
#7040=VECTOR('',#11085,1.);
#7041=VECTOR('',#11088,1.);
#7042=VECTOR('',#11089,1.);
#7043=VECTOR('',#11090,1.);
#7044=VECTOR('',#11091,1.);
#7045=VECTOR('',#11092,1.);
#7046=VECTOR('',#11093,1.);
#7047=VECTOR('',#11094,1.);
#7048=VECTOR('',#11095,1.);
#7049=VECTOR('',#11096,1.);
#7050=VECTOR('',#11099,1.);
#7051=VECTOR('',#11100,1.);
#7052=VECTOR('',#11101,1.);
#7053=VECTOR('',#11102,1.);
#7054=VECTOR('',#11103,1.);
#7055=VECTOR('',#11104,1.);
#7056=VECTOR('',#11105,1.);
#7057=VECTOR('',#11106,1.);
#7058=VECTOR('',#11107,1.);
#7059=VECTOR('',#11108,1.);
#7060=VECTOR('',#11109,1.);
#7061=VECTOR('',#11110,1.);
#7062=VECTOR('',#11111,1.);
#7063=VECTOR('',#11114,1.);
#7064=VECTOR('',#11115,1.);
#7065=VECTOR('',#11116,1.);
#7066=VECTOR('',#11119,1.);
#7067=VECTOR('',#11120,1.);
#7068=VECTOR('',#11121,1.);
#7069=VECTOR('',#11124,1.);
#7070=VECTOR('',#11125,1.);
#7071=VECTOR('',#11126,1.);
#7072=VECTOR('',#11127,1.);
#7073=VECTOR('',#11130,1.);
#7074=VECTOR('',#11131,1.);
#7075=VECTOR('',#11134,1.);
#7076=VECTOR('',#11135,1.);
#7077=VECTOR('',#11136,1.);
#7078=VECTOR('',#11137,1.);
#7079=VECTOR('',#11138,1.);
#7080=VECTOR('',#11139,1.);
#7081=VECTOR('',#11140,1.);
#7082=VECTOR('',#11141,1.);
#7083=VECTOR('',#11142,1.);
#7084=VECTOR('',#11143,1.);
#7085=VECTOR('',#11144,1.);
#7086=VECTOR('',#11145,1.);
#7087=VECTOR('',#11146,1.);
#7088=VECTOR('',#11147,1.);
#7089=VECTOR('',#11148,1.);
#7090=VECTOR('',#11149,1.);
#7091=VECTOR('',#11150,1.);
#7092=VECTOR('',#11151,1.);
#7093=VECTOR('',#11152,1.);
#7094=VECTOR('',#11153,1.);
#7095=VECTOR('',#11156,1.);
#7096=VECTOR('',#11157,1.);
#7097=VECTOR('',#11158,1.);
#7098=VECTOR('',#11163,1.);
#7099=VECTOR('',#11164,1.);
#7100=VECTOR('',#11169,1.);
#7101=VECTOR('',#11170,1.);
#7102=VECTOR('',#11173,1.);
#7103=VECTOR('',#11174,1.);
#7104=VECTOR('',#11175,1.);
#7105=VECTOR('',#11178,1.);
#7106=VECTOR('',#11179,1.);
#7107=VECTOR('',#11180,1.);
#7108=VECTOR('',#11181,1.);
#7109=VECTOR('',#11182,1.);
#7110=VECTOR('',#11185,1.);
#7111=VECTOR('',#11186,1.);
#7112=VECTOR('',#11187,1.);
#7113=VECTOR('',#11188,1.);
#7114=VECTOR('',#11189,1.);
#7115=VECTOR('',#11190,1.);
#7116=VECTOR('',#11191,1.);
#7117=VECTOR('',#11192,1.);
#7118=VECTOR('',#11193,1.);
#7119=VECTOR('',#11194,1.);
#7120=VECTOR('',#11195,1.);
#7121=VECTOR('',#11196,1.);
#7122=VECTOR('',#11197,1.);
#7123=VECTOR('',#11198,1.);
#7124=VECTOR('',#11201,1.);
#7125=VECTOR('',#11202,1.);
#7126=VECTOR('',#11203,1.);
#7127=VECTOR('',#11206,1.);
#7128=VECTOR('',#11209,1.);
#7129=VECTOR('',#11210,1.);
#7130=VECTOR('',#11213,1.);
#7131=VECTOR('',#11214,1.);
#7132=VECTOR('',#11215,1.);
#7133=VECTOR('',#11218,1.);
#7134=VECTOR('',#11221,1.);
#7135=VECTOR('',#11224,1.);
#7136=VECTOR('',#11225,1.);
#7137=VECTOR('',#11226,1.);
#7138=VECTOR('',#11227,1.);
#7139=VECTOR('',#11228,1.);
#7140=VECTOR('',#11229,1.);
#7141=VECTOR('',#11230,1.);
#7142=VECTOR('',#11231,1.);
#7143=VECTOR('',#11232,1.);
#7144=VECTOR('',#11233,1.);
#7145=VECTOR('',#11234,1.);
#7146=VECTOR('',#11235,1.);
#7147=VECTOR('',#11236,1.);
#7148=VECTOR('',#11237,1.);
#7149=VECTOR('',#11238,1.);
#7150=VECTOR('',#11239,1.);
#7151=VECTOR('',#11240,1.);
#7152=VECTOR('',#11241,1.);
#7153=VECTOR('',#11242,1.);
#7154=VECTOR('',#11243,1.);
#7155=VECTOR('',#11244,1.);
#7156=VECTOR('',#11245,1.);
#7157=VECTOR('',#11246,1.);
#7158=VECTOR('',#11247,1.);
#7159=VECTOR('',#11248,1.);
#7160=VECTOR('',#11249,1.);
#7161=VECTOR('',#11250,1.);
#7162=VECTOR('',#11251,1.);
#7163=VECTOR('',#11252,1.);
#7164=VECTOR('',#11253,1.);
#7165=VECTOR('',#11254,1.);
#7166=VECTOR('',#11255,1.);
#7167=VECTOR('',#11256,1.);
#7168=VECTOR('',#11257,1.);
#7169=VECTOR('',#11258,1.);
#7170=VECTOR('',#11259,1.);
#7171=VECTOR('',#11260,1.);
#7172=VECTOR('',#11261,1.);
#7173=VECTOR('',#11264,1.);
#7174=VECTOR('',#11265,1.);
#7175=VECTOR('',#11266,1.);
#7176=VECTOR('',#11267,1.);
#7177=VECTOR('',#11268,1.);
#7178=VECTOR('',#11269,1.);
#7179=VECTOR('',#11270,1.);
#7180=VECTOR('',#11271,1.);
#7181=VECTOR('',#11272,1.);
#7182=VECTOR('',#11275,1.);
#7183=VECTOR('',#11276,1.);
#7184=VECTOR('',#11277,1.);
#7185=VECTOR('',#11278,1.);
#7186=VECTOR('',#11279,1.);
#7187=VECTOR('',#11280,1.);
#7188=VECTOR('',#11281,1.);
#7189=VECTOR('',#11282,1.);
#7190=VECTOR('',#11283,1.);
#7191=VECTOR('',#11286,1.);
#7192=VECTOR('',#11287,1.);
#7193=VECTOR('',#11288,1.);
#7194=VECTOR('',#11291,1.);
#7195=VECTOR('',#11292,1.);
#7196=VECTOR('',#11293,1.);
#7197=VECTOR('',#11296,1.);
#7198=VECTOR('',#11297,1.);
#7199=VECTOR('',#11298,1.);
#7200=VECTOR('',#11299,1.);
#7201=VECTOR('',#11300,1.);
#7202=VECTOR('',#11303,1.);
#7203=VECTOR('',#11304,1.);
#7204=VECTOR('',#11305,1.);
#7205=VECTOR('',#11306,1.);
#7206=VECTOR('',#11307,1.);
#7207=VECTOR('',#11308,1.);
#7208=VECTOR('',#11309,1.);
#7209=VECTOR('',#11310,1.);
#7210=VECTOR('',#11311,1.);
#7211=VECTOR('',#11316,1.);
#7212=VECTOR('',#11317,1.);
#7213=VECTOR('',#11318,1.);
#7214=VECTOR('',#11319,1.);
#7215=VECTOR('',#11320,1.);
#7216=VECTOR('',#11321,1.);
#7217=VECTOR('',#11322,1.);
#7218=VECTOR('',#11323,1.);
#7219=VECTOR('',#11324,1.);
#7220=VECTOR('',#11327,1.);
#7221=VECTOR('',#11328,1.);
#7222=VECTOR('',#11331,1.);
#7223=VECTOR('',#11332,1.);
#7224=VECTOR('',#11335,1.);
#7225=VECTOR('',#11336,1.);
#7226=VECTOR('',#11339,1.);
#7227=VECTOR('',#11340,1.);
#7228=VECTOR('',#11343,1.);
#7229=VECTOR('',#11344,1.);
#7230=VECTOR('',#11345,1.);
#7231=VECTOR('',#11346,1.);
#7232=VECTOR('',#11347,1.);
#7233=VECTOR('',#11350,1.);
#7234=VECTOR('',#11359,1.);
#7235=VECTOR('',#11360,1.);
#7236=VECTOR('',#11361,1.);
#7237=VECTOR('',#11362,1.);
#7238=VECTOR('',#11363,1.);
#7239=VECTOR('',#11364,1.);
#7240=VECTOR('',#11365,1.);
#7241=VECTOR('',#11366,1.);
#7242=VECTOR('',#11367,1.);
#7243=VECTOR('',#11368,1.);
#7244=VECTOR('',#11369,1.);
#7245=VECTOR('',#11370,1.);
#7246=VECTOR('',#11371,1.);
#7247=VECTOR('',#11372,1.);
#7248=VECTOR('',#11373,1.);
#7249=VECTOR('',#11374,1.);
#7250=VECTOR('',#11375,1.);
#7251=VECTOR('',#11376,1.);
#7252=VECTOR('',#11377,1.);
#7253=VECTOR('',#11378,1.);
#7254=VECTOR('',#11379,1.);
#7255=VECTOR('',#11380,1.);
#7256=VECTOR('',#11381,1.);
#7257=VECTOR('',#11382,1.);
#7258=VECTOR('',#11383,1.);
#7259=VECTOR('',#11384,1.);
#7260=VECTOR('',#11385,1.);
#7261=VECTOR('',#11386,1.);
#7262=VECTOR('',#11387,1.);
#7263=VECTOR('',#11388,1.);
#7264=VECTOR('',#11389,1.);
#7265=VECTOR('',#11390,1.);
#7266=VECTOR('',#11391,1.);
#7267=VECTOR('',#11392,1.);
#7268=VECTOR('',#11393,1.);
#7269=VECTOR('',#11394,1.);
#7270=VECTOR('',#11395,1.);
#7271=VECTOR('',#11396,1.);
#7272=VECTOR('',#11397,1.);
#7273=VECTOR('',#11398,1.);
#7274=VECTOR('',#11399,1.);
#7275=VECTOR('',#11402,1.);
#7276=VECTOR('',#11403,1.);
#7277=VECTOR('',#11404,1.);
#7278=VECTOR('',#11405,1.);
#7279=VECTOR('',#11406,1.);
#7280=VECTOR('',#11407,1.);
#7281=VECTOR('',#11408,1.);
#7282=VECTOR('',#11409,1.);
#7283=VECTOR('',#11412,1.);
#7284=VECTOR('',#11413,1.);
#7285=VECTOR('',#11414,1.);
#7286=VECTOR('',#11415,1.);
#7287=VECTOR('',#11416,1.);
#7288=VECTOR('',#11417,1.);
#7289=VECTOR('',#11420,1.);
#7290=VECTOR('',#11423,1.);
#7291=VECTOR('',#11424,1.);
#7292=VECTOR('',#11425,1.);
#7293=VECTOR('',#11426,1.);
#7294=VECTOR('',#11427,1.);
#7295=VECTOR('',#11428,1.);
#7296=VECTOR('',#11429,1.);
#7297=VECTOR('',#11430,1.);
#7298=VECTOR('',#11433,1.);
#7299=VECTOR('',#11434,1.);
#7300=VECTOR('',#11435,1.);
#7301=VECTOR('',#11436,1.);
#7302=VECTOR('',#11437,1.);
#7303=VECTOR('',#11438,1.);
#7304=VECTOR('',#11441,1.);
#7305=VECTOR('',#11442,1.);
#7306=VECTOR('',#11443,1.);
#7307=VECTOR('',#11444,1.);
#7308=VECTOR('',#11445,1.);
#7309=VECTOR('',#11446,1.);
#7310=VECTOR('',#11447,1.);
#7311=VECTOR('',#11448,1.);
#7312=VECTOR('',#11453,1.);
#7313=VECTOR('',#11456,1.);
#7314=VECTOR('',#11457,1.);
#7315=VECTOR('',#11458,1.);
#7316=VECTOR('',#11461,1.);
#7317=VECTOR('',#11462,1.);
#7318=VECTOR('',#11463,1.);
#7319=VECTOR('',#11470,1.);
#7320=VECTOR('',#11473,1.);
#7321=VECTOR('',#11474,1.);
#7322=VECTOR('',#11475,1.);
#7323=VECTOR('',#11478,1.);
#7324=VECTOR('',#11479,1.);
#7325=VECTOR('',#11480,1.);
#7326=VECTOR('',#11483,1.);
#7327=VECTOR('',#11484,1.);
#7328=VECTOR('',#11485,1.);
#7329=VECTOR('',#11490,1.);
#7330=VECTOR('',#11493,1.);
#7331=VECTOR('',#11496,1.);
#7332=VECTOR('',#11497,1.);
#7333=VECTOR('',#11498,1.);
#7334=VECTOR('',#11503,1.);
#7335=VECTOR('',#11506,1.);
#7336=VECTOR('',#11509,1.);
#7337=VECTOR('',#11510,1.);
#7338=VECTOR('',#11513,1.);
#7339=VECTOR('',#11514,1.);
#7340=VECTOR('',#11521,1.);
#7341=VECTOR('',#11524,1.);
#7342=VECTOR('',#11527,1.);
#7343=VECTOR('',#11528,1.);
#7344=VECTOR('',#11531,1.);
#7345=VECTOR('',#11532,1.);
#7346=VECTOR('',#11535,1.);
#7347=VECTOR('',#11536,1.);
#7348=VECTOR('',#11537,1.);
#7349=VECTOR('',#11542,1.);
#7350=VECTOR('',#11543,1.);
#7351=VECTOR('',#11548,1.);
#7352=VECTOR('',#11549,1.);
#7353=VECTOR('',#11554,1.);
#7354=VECTOR('',#11555,1.);
#7355=VECTOR('',#11558,1.);
#7356=VECTOR('',#11559,1.);
#7357=VECTOR('',#11562,1.);
#7358=VECTOR('',#11565,1.);
#7359=VECTOR('',#11566,1.);
#7360=VECTOR('',#11571,1.);
#7361=VECTOR('',#11572,1.);
#7362=VECTOR('',#11573,1.);
#7363=VECTOR('',#11580,1.);
#7364=VECTOR('',#11583,1.);
#7365=VECTOR('',#11586,1.);
#7366=VECTOR('',#11587,1.);
#7367=VECTOR('',#11588,1.);
#7368=VECTOR('',#11593,1.);
#7369=VECTOR('',#11594,1.);
#7370=VECTOR('',#11599,1.);
#7371=VECTOR('',#11602,1.);
#7372=VECTOR('',#11607,1.);
#7373=VECTOR('',#11610,1.);
#7374=VECTOR('',#11613,1.);
#7375=VECTOR('',#11614,1.);
#7376=VECTOR('',#11615,1.);
#7377=VECTOR('',#11622,1.);
#7378=VECTOR('',#11623,1.);
#7379=VECTOR('',#11626,1.);
#7380=VECTOR('',#11629,1.);
#7381=VECTOR('',#11630,1.);
#7382=VECTOR('',#11633,1.);
#7383=VECTOR('',#11634,1.);
#7384=VECTOR('',#11635,1.);
#7385=VECTOR('',#11636,1.);
#7386=VECTOR('',#11637,1.);
#7387=VECTOR('',#11638,1.);
#7388=VECTOR('',#11639,1.);
#7389=VECTOR('',#11640,1.);
#7390=VECTOR('',#11641,1.);
#7391=VECTOR('',#11642,1.);
#7392=VECTOR('',#11643,1.);
#7393=VECTOR('',#11644,1.);
#7394=VECTOR('',#11645,1.);
#7395=VECTOR('',#11646,1.);
#7396=VECTOR('',#11647,1.);
#7397=VECTOR('',#11648,1.);
#7398=VECTOR('',#11649,1.);
#7399=VECTOR('',#11650,1.);
#7400=VECTOR('',#11651,1.);
#7401=VECTOR('',#11652,1.);
#7402=VECTOR('',#11653,1.);
#7403=VECTOR('',#11654,1.);
#7404=VECTOR('',#11655,1.);
#7405=VECTOR('',#11656,1.);
#7406=VECTOR('',#11657,1.);
#7407=VECTOR('',#11658,1.);
#7408=VECTOR('',#11659,1.);
#7409=VECTOR('',#11660,1.);
#7410=VECTOR('',#11661,1.);
#7411=VECTOR('',#11662,1.);
#7412=VECTOR('',#11663,1.);
#7413=VECTOR('',#11664,1.);
#7414=VECTOR('',#11665,1.);
#7415=VECTOR('',#11670,1.);
#7416=VECTOR('',#11671,1.);
#7417=VECTOR('',#11676,1.);
#7418=VECTOR('',#11679,1.);
#7419=VECTOR('',#11680,1.);
#7420=VECTOR('',#11681,1.);
#7421=VECTOR('',#11682,1.);
#7422=VECTOR('',#11683,1.);
#7423=VECTOR('',#11684,1.);
#7424=VECTOR('',#11687,1.);
#7425=VECTOR('',#11688,1.);
#7426=VECTOR('',#11689,1.);
#7427=VECTOR('',#11690,1.);
#7428=VECTOR('',#11693,1.);
#7429=VECTOR('',#11694,1.);
#7430=VECTOR('',#11697,1.);
#7431=VECTOR('',#11698,1.);
#7432=VECTOR('',#11701,1.);
#7433=VECTOR('',#11702,1.);
#7434=VECTOR('',#11703,1.);
#7435=VECTOR('',#11704,1.);
#7436=VECTOR('',#11705,1.);
#7437=VECTOR('',#11712,1.);
#7438=VECTOR('',#11719,1.);
#7439=VECTOR('',#11722,1.);
#7440=VECTOR('',#11723,1.);
#7441=VECTOR('',#11726,1.);
#7442=VECTOR('',#11727,1.);
#7443=VECTOR('',#11730,1.);
#7444=VECTOR('',#11731,1.);
#7445=VECTOR('',#11732,1.);
#7446=VECTOR('',#11735,1.);
#7447=VECTOR('',#11740,1.);
#7448=VECTOR('',#11745,1.);
#7449=VECTOR('',#11748,1.);
#7450=VECTOR('',#11751,1.);
#7451=VECTOR('',#11754,1.);
#7452=VECTOR('',#11757,1.);
#7453=VECTOR('',#11758,1.);
#7454=VECTOR('',#11763,1.);
#7455=VECTOR('',#11772,1.);
#7456=VECTOR('',#11779,1.);
#7457=VECTOR('',#11782,1.);
#7458=VECTOR('',#11783,1.);
#7459=VECTOR('',#11784,1.);
#7460=VECTOR('',#11787,1.);
#7461=VECTOR('',#11790,1.);
#7462=VECTOR('',#11791,1.);
#7463=VECTOR('',#11792,1.);
#7464=VECTOR('',#11795,1.);
#7465=VECTOR('',#11798,1.);
#7466=VECTOR('',#11799,1.);
#7467=VECTOR('',#11800,1.);
#7468=VECTOR('',#11803,1.);
#7469=VECTOR('',#11806,1.);
#7470=VECTOR('',#11807,1.);
#7471=VECTOR('',#11808,1.);
#7472=VECTOR('',#11811,1.);
#7473=VECTOR('',#11814,1.);
#7474=VECTOR('',#11815,1.);
#7475=VECTOR('',#11816,1.);
#7476=VECTOR('',#11819,1.);
#7477=VECTOR('',#11822,1.);
#7478=VECTOR('',#11823,1.);
#7479=VECTOR('',#11824,1.);
#7480=VECTOR('',#11827,1.);
#7481=VECTOR('',#11830,1.);
#7482=VECTOR('',#11831,1.);
#7483=VECTOR('',#11832,1.);
#7484=VECTOR('',#11835,1.);
#7485=VECTOR('',#11838,1.);
#7486=VECTOR('',#11839,1.);
#7487=VECTOR('',#11840,1.);
#7488=VECTOR('',#11843,1.);
#7489=VECTOR('',#11846,1.);
#7490=VECTOR('',#11847,1.);
#7491=VECTOR('',#11848,1.);
#7492=VECTOR('',#11851,1.);
#7493=VECTOR('',#11852,1.);
#7494=VECTOR('',#11853,1.);
#7495=VECTOR('',#11856,1.);
#7496=VECTOR('',#11857,1.);
#7497=VECTOR('',#11858,1.);
#7498=VECTOR('',#11861,1.);
#7499=VECTOR('',#11862,1.);
#7500=VECTOR('',#11863,1.);
#7501=VECTOR('',#11866,1.);
#7502=VECTOR('',#11867,1.);
#7503=VECTOR('',#11870,1.);
#7504=VECTOR('',#11871,1.);
#7505=VECTOR('',#11874,1.);
#7506=VECTOR('',#11875,1.);
#7507=VECTOR('',#11876,1.);
#7508=VECTOR('',#11879,1.);
#7509=VECTOR('',#11880,1.);
#7510=VECTOR('',#11881,1.);
#7511=VECTOR('',#11922,1.);
#7512=VECTOR('',#11923,1.);
#7513=VECTOR('',#11924,1.);
#7514=VECTOR('',#11927,1.);
#7515=VECTOR('',#11928,1.);
#7516=VECTOR('',#11929,1.);
#7517=VECTOR('',#11932,1.);
#7518=VECTOR('',#11933,1.);
#7519=VECTOR('',#11934,1.);
#7520=VECTOR('',#11937,1.);
#7521=VECTOR('',#11938,1.);
#7522=VECTOR('',#11939,1.);
#7523=VECTOR('',#11942,1.);
#7524=VECTOR('',#11943,1.);
#7525=VECTOR('',#11944,1.);
#7526=VECTOR('',#11947,1.);
#7527=VECTOR('',#11948,1.);
#7528=VECTOR('',#11949,1.);
#7529=VECTOR('',#11952,1.);
#7530=VECTOR('',#11953,1.);
#7531=VECTOR('',#11956,1.);
#7532=VECTOR('',#11957,1.);
#7533=VECTOR('',#11960,1.);
#7534=VECTOR('',#11961,1.);
#7535=VECTOR('',#11964,1.);
#7536=VECTOR('',#11965,1.);
#7537=VECTOR('',#11966,1.);
#7538=VECTOR('',#11969,1.);
#7539=VECTOR('',#11970,1.);
#7540=VECTOR('',#11971,1.);
#7541=VECTOR('',#11974,1.);
#7542=VECTOR('',#11975,1.);
#7543=VECTOR('',#11976,1.);
#7544=VECTOR('',#11979,1.);
#7545=VECTOR('',#11980,1.);
#7546=VECTOR('',#11983,1.);
#7547=VECTOR('',#11984,1.);
#7548=VECTOR('',#11987,1.);
#7549=VECTOR('',#11988,1.);
#7550=VECTOR('',#11989,1.);
#7551=VECTOR('',#11992,1.);
#7552=VECTOR('',#11993,1.);
#7553=VECTOR('',#11994,1.);
#7554=VECTOR('',#11997,1.);
#7555=VECTOR('',#11998,1.);
#7556=VECTOR('',#11999,1.);
#7557=VECTOR('',#12002,1.);
#7558=VECTOR('',#12003,1.);
#7559=VECTOR('',#12006,1.);
#7560=VECTOR('',#12007,1.);
#7561=VECTOR('',#12010,1.);
#7562=VECTOR('',#12011,1.);
#7563=VECTOR('',#12012,1.);
#7564=VECTOR('',#12015,1.);
#7565=VECTOR('',#12016,1.);
#7566=VECTOR('',#12017,1.);
#7567=VECTOR('',#12020,1.);
#7568=VECTOR('',#12021,1.);
#7569=VECTOR('',#12022,1.);
#7570=VECTOR('',#12025,1.);
#7571=VECTOR('',#12026,1.);
#7572=VECTOR('',#12027,1.);
#7573=VECTOR('',#12030,1.);
#7574=VECTOR('',#12031,1.);
#7575=VECTOR('',#12032,1.);
#7576=VECTOR('',#12035,1.);
#7577=VECTOR('',#12036,1.);
#7578=VECTOR('',#12039,1.);
#7579=VECTOR('',#12040,1.);
#7580=VECTOR('',#12041,1.);
#7581=VECTOR('',#12044,1.);
#7582=VECTOR('',#12045,1.);
#7583=VECTOR('',#12048,1.);
#7584=VECTOR('',#12049,1.);
#7585=VECTOR('',#12052,1.);
#7586=VECTOR('',#12053,1.);
#7587=VECTOR('',#12054,1.);
#7588=VECTOR('',#12057,1.);
#7589=VECTOR('',#12058,1.);
#7590=VECTOR('',#12059,1.);
#7591=VECTOR('',#12062,1.);
#7592=VECTOR('',#12063,1.);
#7593=VECTOR('',#12064,1.);
#7594=VECTOR('',#12067,1.);
#7595=VECTOR('',#12068,1.);
#7596=VECTOR('',#12069,1.);
#7597=VECTOR('',#12072,1.);
#7598=VECTOR('',#12073,1.);
#7599=VECTOR('',#12074,1.);
#7600=VECTOR('',#12077,1.);
#7601=VECTOR('',#12078,1.);
#7602=VECTOR('',#12079,1.);
#7603=VECTOR('',#12082,1.);
#7604=VECTOR('',#12083,1.);
#7605=VECTOR('',#12086,1.);
#7606=VECTOR('',#12087,1.);
#7607=VECTOR('',#12124,1.);
#7608=VECTOR('',#12127,1.);
#7609=VECTOR('',#12130,1.);
#7610=VECTOR('',#12131,1.);
#7611=VECTOR('',#12134,1.);
#7612=VECTOR('',#12143,1.);
#7613=VECTOR('',#12146,1.);
#7614=VECTOR('',#12149,1.);
#7615=VECTOR('',#12150,1.);
#7616=VECTOR('',#12153,1.);
#7617=VECTOR('',#12162,1.);
#7618=VECTOR('',#12163,1.);
#7619=VECTOR('',#12166,1.);
#7620=VECTOR('',#12169,1.);
#7621=VECTOR('',#12172,1.);
#7622=VECTOR('',#12175,1.);
#7623=VECTOR('',#12182,1.);
#7624=VECTOR('',#12185,1.);
#7625=VECTOR('',#12188,1.);
#7626=VECTOR('',#12189,1.);
#7627=VECTOR('',#12192,1.);
#7628=VECTOR('',#12201,1.);
#7629=VECTOR('',#12204,1.);
#7630=VECTOR('',#12207,1.);
#7631=EDGE_LOOP('',(#113,#114,#115,#116));
#7632=EDGE_LOOP('',(#117,#118,#119,#120));
#7633=EDGE_LOOP('',(#121,#122,#123,#124));
#7634=EDGE_LOOP('',(#125,#126,#127,#128,#129,#130,#131,#132,#133,#134,#135,
#136));
#7635=EDGE_LOOP('',(#137,#138,#139,#140,#141,#142,#143,#144,#145,#146,#147,
#148,#149,#150,#151,#152,#153,#154,#155,#156,#157,#158,#159,#160,#161,#162,
#163,#164,#165,#166,#167,#168,#169,#170,#171,#172));
#7636=EDGE_LOOP('',(#173,#174,#175,#176));
#7637=EDGE_LOOP('',(#177,#178,#179,#180));
#7638=EDGE_LOOP('',(#181,#182,#183,#184));
#7639=EDGE_LOOP('',(#185,#186,#187,#188));
#7640=EDGE_LOOP('',(#189,#190,#191,#192));
#7641=EDGE_LOOP('',(#193,#194,#195,#196));
#7642=EDGE_LOOP('',(#197,#198,#199,#200));
#7643=EDGE_LOOP('',(#201,#202,#203,#204));
#7644=EDGE_LOOP('',(#205,#206,#207,#208));
#7645=EDGE_LOOP('',(#209,#210,#211,#212));
#7646=EDGE_LOOP('',(#213,#214,#215,#216));
#7647=EDGE_LOOP('',(#217,#218,#219,#220,#221,#222,#223,#224,#225,#226,#227,
#228,#229,#230,#231,#232,#233,#234,#235,#236,#237,#238));
#7648=EDGE_LOOP('',(#239,#240,#241,#242,#243,#244,#245,#246,#247,#248,#249,
#250,#251,#252,#253,#254,#255,#256,#257,#258,#259,#260,#261,#262,#263,#264));
#7649=EDGE_LOOP('',(#265,#266,#267,#268));
#7650=EDGE_LOOP('',(#269,#270,#271,#272));
#7651=EDGE_LOOP('',(#273,#274,#275,#276));
#7652=EDGE_LOOP('',(#277,#278,#279,#280,#281,#282,#283));
#7653=EDGE_LOOP('',(#284,#285,#286,#287,#288,#289,#290,#291,#292,#293,#294,
#295,#296,#297,#298,#299,#300,#301,#302,#303,#304,#305,#306,#307,#308,#309,
#310,#311,#312,#313,#314,#315,#316,#317,#318,#319,#320,#321,#322,#323,#324,
#325,#326,#327));
#7654=EDGE_LOOP('',(#328,#329,#330,#331,#332,#333,#334,#335,#336,#337,#338,
#339));
#7655=EDGE_LOOP('',(#340,#341,#342,#343,#344,#345,#346,#347,#348,#349,#350,
#351));
#7656=EDGE_LOOP('',(#352,#353,#354,#355,#356,#357,#358,#359));
#7657=EDGE_LOOP('',(#360,#361,#362,#363,#364,#365,#366,#367));
#7658=EDGE_LOOP('',(#368,#369,#370,#371,#372,#373,#374,#375,#376,#377,#378,
#379));
#7659=EDGE_LOOP('',(#380,#381,#382,#383,#384,#385,#386,#387));
#7660=EDGE_LOOP('',(#388,#389,#390,#391,#392,#393,#394,#395,#396,#397,#398,
#399));
#7661=EDGE_LOOP('',(#400,#401,#402,#403));
#7662=EDGE_LOOP('',(#404,#405,#406,#407,#408,#409,#410,#411,#412,#413,#414,
#415));
#7663=EDGE_LOOP('',(#416,#417,#418,#419,#420,#421,#422,#423));
#7664=EDGE_LOOP('',(#424,#425,#426,#427,#428,#429,#430,#431));
#7665=EDGE_LOOP('',(#432,#433,#434,#435,#436,#437,#438,#439,#440,#441,#442,
#443));
#7666=EDGE_LOOP('',(#444,#445,#446,#447,#448,#449,#450,#451,#452,#453,#454,
#455));
#7667=EDGE_LOOP('',(#456,#457,#458,#459,#460,#461,#462,#463,#464,#465,#466,
#467,#468,#469,#470,#471,#472,#473,#474,#475,#476,#477));
#7668=EDGE_LOOP('',(#478,#479,#480,#481));
#7669=EDGE_LOOP('',(#482,#483,#484,#485));
#7670=EDGE_LOOP('',(#486,#487,#488,#489));
#7671=EDGE_LOOP('',(#490,#491,#492,#493));
#7672=EDGE_LOOP('',(#494,#495,#496,#497));
#7673=EDGE_LOOP('',(#498,#499,#500,#501));
#7674=EDGE_LOOP('',(#502,#503,#504,#505));
#7675=EDGE_LOOP('',(#506,#507,#508,#509));
#7676=EDGE_LOOP('',(#510,#511,#512,#513));
#7677=EDGE_LOOP('',(#514,#515,#516,#517));
#7678=EDGE_LOOP('',(#518,#519,#520,#521));
#7679=EDGE_LOOP('',(#522,#523,#524,#525));
#7680=EDGE_LOOP('',(#526,#527,#528,#529));
#7681=EDGE_LOOP('',(#530,#531,#532,#533));
#7682=EDGE_LOOP('',(#534,#535,#536,#537));
#7683=EDGE_LOOP('',(#538,#539,#540,#541));
#7684=EDGE_LOOP('',(#542,#543,#544,#545));
#7685=EDGE_LOOP('',(#546,#547,#548,#549,#550));
#7686=EDGE_LOOP('',(#551,#552,#553,#554,#555));
#7687=EDGE_LOOP('',(#556,#557,#558,#559));
#7688=EDGE_LOOP('',(#560,#561,#562,#563));
#7689=EDGE_LOOP('',(#564,#565,#566,#567));
#7690=EDGE_LOOP('',(#568,#569,#570,#571));
#7691=EDGE_LOOP('',(#572,#573,#574,#575,#576,#577));
#7692=EDGE_LOOP('',(#578,#579,#580,#581));
#7693=EDGE_LOOP('',(#582,#583,#584,#585));
#7694=EDGE_LOOP('',(#586,#587,#588,#589,#590,#591,#592));
#7695=EDGE_LOOP('',(#593,#594,#595,#596));
#7696=EDGE_LOOP('',(#597,#598,#599,#600,#601,#602));
#7697=EDGE_LOOP('',(#603,#604,#605,#606));
#7698=EDGE_LOOP('',(#607,#608,#609,#610));
#7699=EDGE_LOOP('',(#611,#612,#613,#614));
#7700=EDGE_LOOP('',(#615,#616,#617,#618));
#7701=EDGE_LOOP('',(#619,#620,#621,#622));
#7702=EDGE_LOOP('',(#623,#624,#625,#626));
#7703=EDGE_LOOP('',(#627,#628,#629,#630));
#7704=EDGE_LOOP('',(#631,#632,#633,#634,#635,#636));
#7705=EDGE_LOOP('',(#637,#638,#639,#640,#641,#642,#643,#644));
#7706=EDGE_LOOP('',(#645,#646,#647,#648,#649,#650,#651,#652));
#7707=EDGE_LOOP('',(#653,#654,#655,#656));
#7708=EDGE_LOOP('',(#657,#658,#659,#660));
#7709=EDGE_LOOP('',(#661,#662,#663,#664));
#7710=EDGE_LOOP('',(#665,#666,#667,#668));
#7711=EDGE_LOOP('',(#669,#670,#671,#672));
#7712=EDGE_LOOP('',(#673,#674,#675,#676));
#7713=EDGE_LOOP('',(#677,#678,#679,#680));
#7714=EDGE_LOOP('',(#681,#682,#683));
#7715=EDGE_LOOP('',(#684,#685,#686,#687,#688,#689,#690,#691,#692,#693,#694,
#695,#696));
#7716=EDGE_LOOP('',(#697,#698,#699,#700));
#7717=EDGE_LOOP('',(#701,#702,#703,#704));
#7718=EDGE_LOOP('',(#705,#706,#707,#708));
#7719=EDGE_LOOP('',(#709,#710,#711,#712));
#7720=EDGE_LOOP('',(#713,#714,#715));
#7721=EDGE_LOOP('',(#716,#717,#718,#719));
#7722=EDGE_LOOP('',(#720,#721,#722,#723));
#7723=EDGE_LOOP('',(#724,#725,#726,#727));
#7724=EDGE_LOOP('',(#728,#729,#730,#731));
#7725=EDGE_LOOP('',(#732,#733,#734,#735));
#7726=EDGE_LOOP('',(#736,#737,#738,#739));
#7727=EDGE_LOOP('',(#740,#741,#742,#743));
#7728=EDGE_LOOP('',(#744,#745,#746,#747,#748,#749));
#7729=EDGE_LOOP('',(#750,#751,#752,#753));
#7730=EDGE_LOOP('',(#754,#755,#756,#757));
#7731=EDGE_LOOP('',(#758,#759,#760,#761,#762,#763,#764,#765,#766,#767,#768,
#769,#770,#771));
#7732=EDGE_LOOP('',(#772,#773,#774,#775,#776,#777,#778,#779,#780,#781,#782,
#783,#784,#785));
#7733=EDGE_LOOP('',(#786,#787,#788,#789,#790,#791,#792,#793,#794,#795,#796,
#797,#798,#799,#800,#801,#802,#803,#804,#805,#806,#807,#808,#809,#810,#811,
#812,#813,#814,#815,#816,#817,#818,#819,#820,#821,#822,#823,#824,#825));
#7734=EDGE_LOOP('',(#826,#827,#828,#829,#830,#831,#832,#833));
#7735=EDGE_LOOP('',(#834,#835,#836,#837,#838,#839,#840,#841));
#7736=EDGE_LOOP('',(#842,#843,#844,#845,#846,#847,#848,#849));
#7737=EDGE_LOOP('',(#850,#851,#852,#853,#854,#855,#856,#857,#858,#859,#860,
#861));
#7738=EDGE_LOOP('',(#862,#863,#864,#865));
#7739=EDGE_LOOP('',(#866,#867,#868,#869,#870,#871,#872,#873,#874,#875,#876));
#7740=EDGE_LOOP('',(#877,#878,#879,#880,#881,#882,#883,#884));
#7741=EDGE_LOOP('',(#885,#886,#887,#888,#889,#890,#891,#892,#893,#894,#895,
#896,#897,#898));
#7742=EDGE_LOOP('',(#899,#900,#901,#902,#903,#904,#905,#906,#907,#908,#909,
#910,#911,#912,#913,#914,#915,#916,#917,#918,#919,#920,#921,#922,#923,#924,
#925,#926,#927,#928,#929,#930,#931,#932,#933,#934,#935,#936,#937,#938,#939,
#940,#941,#942,#943,#944,#945,#946));
#7743=EDGE_LOOP('',(#947,#948,#949,#950,#951,#952,#953,#954,#955,#956,#957));
#7744=EDGE_LOOP('',(#958,#959,#960,#961));
#7745=EDGE_LOOP('',(#962,#963,#964,#965,#966,#967,#968,#969,#970,#971,#972,
#973));
#7746=EDGE_LOOP('',(#974,#975,#976,#977,#978,#979,#980,#981,#982,#983,#984,
#985,#986,#987,#988,#989,#990,#991));
#7747=EDGE_LOOP('',(#992,#993,#994,#995,#996,#997,#998,#999,#1000,#1001,
#1002,#1003,#1004,#1005));
#7748=EDGE_LOOP('',(#1006,#1007,#1008,#1009,#1010,#1011));
#7749=EDGE_LOOP('',(#1012,#1013,#1014,#1015));
#7750=EDGE_LOOP('',(#1016,#1017,#1018,#1019));
#7751=EDGE_LOOP('',(#1020,#1021,#1022,#1023,#1024,#1025,#1026));
#7752=EDGE_LOOP('',(#1027,#1028,#1029,#1030));
#7753=EDGE_LOOP('',(#1031,#1032,#1033,#1034));
#7754=EDGE_LOOP('',(#1035,#1036,#1037,#1038,#1039));
#7755=EDGE_LOOP('',(#1040,#1041,#1042,#1043));
#7756=EDGE_LOOP('',(#1044,#1045,#1046,#1047,#1048,#1049,#1050));
#7757=EDGE_LOOP('',(#1051,#1052,#1053,#1054));
#7758=EDGE_LOOP('',(#1055,#1056,#1057,#1058));
#7759=EDGE_LOOP('',(#1059,#1060,#1061,#1062));
#7760=EDGE_LOOP('',(#1063,#1064,#1065,#1066,#1067));
#7761=EDGE_LOOP('',(#1068,#1069,#1070,#1071,#1072));
#7762=EDGE_LOOP('',(#1073,#1074,#1075));
#7763=EDGE_LOOP('',(#1076,#1077,#1078));
#7764=EDGE_LOOP('',(#1079,#1080,#1081,#1082));
#7765=EDGE_LOOP('',(#1083,#1084,#1085,#1086,#1087,#1088));
#7766=EDGE_LOOP('',(#1089,#1090,#1091,#1092,#1093,#1094,#1095));
#7767=EDGE_LOOP('',(#1096,#1097,#1098,#1099));
#7768=EDGE_LOOP('',(#1100,#1101,#1102,#1103,#1104,#1105));
#7769=EDGE_LOOP('',(#1106,#1107,#1108,#1109));
#7770=EDGE_LOOP('',(#1110,#1111,#1112,#1113));
#7771=EDGE_LOOP('',(#1114,#1115,#1116,#1117));
#7772=EDGE_LOOP('',(#1118,#1119,#1120,#1121));
#7773=EDGE_LOOP('',(#1122,#1123,#1124,#1125));
#7774=EDGE_LOOP('',(#1126,#1127,#1128,#1129,#1130,#1131,#1132,#1133));
#7775=EDGE_LOOP('',(#1134,#1135,#1136,#1137,#1138));
#7776=EDGE_LOOP('',(#1139,#1140,#1141,#1142,#1143,#1144,#1145,#1146));
#7777=EDGE_LOOP('',(#1147,#1148,#1149,#1150));
#7778=EDGE_LOOP('',(#1151,#1152,#1153,#1154,#1155));
#7779=EDGE_LOOP('',(#1156,#1157,#1158,#1159,#1160));
#7780=EDGE_LOOP('',(#1161,#1162,#1163,#1164));
#7781=EDGE_LOOP('',(#1165,#1166,#1167,#1168));
#7782=EDGE_LOOP('',(#1169,#1170,#1171,#1172,#1173,#1174));
#7783=EDGE_LOOP('',(#1175,#1176,#1177,#1178));
#7784=EDGE_LOOP('',(#1179,#1180,#1181,#1182));
#7785=EDGE_LOOP('',(#1183,#1184,#1185,#1186));
#7786=EDGE_LOOP('',(#1187,#1188,#1189,#1190));
#7787=EDGE_LOOP('',(#1191,#1192,#1193,#1194));
#7788=EDGE_LOOP('',(#1195,#1196,#1197,#1198));
#7789=EDGE_LOOP('',(#1199,#1200,#1201,#1202));
#7790=EDGE_LOOP('',(#1203,#1204,#1205,#1206,#1207,#1208));
#7791=EDGE_LOOP('',(#1209,#1210,#1211,#1212,#1213,#1214,#1215,#1216,#1217));
#7792=EDGE_LOOP('',(#1218,#1219,#1220,#1221));
#7793=EDGE_LOOP('',(#1222,#1223,#1224,#1225,#1226));
#7794=EDGE_LOOP('',(#1227,#1228,#1229,#1230));
#7795=EDGE_LOOP('',(#1231,#1232,#1233,#1234));
#7796=EDGE_LOOP('',(#1235,#1236,#1237,#1238));
#7797=EDGE_LOOP('',(#1239,#1240,#1241,#1242,#1243,#1244,#1245,#1246));
#7798=EDGE_LOOP('',(#1247,#1248,#1249,#1250));
#7799=EDGE_LOOP('',(#1251,#1252,#1253,#1254,#1255,#1256,#1257,#1258,#1259,
#1260,#1261,#1262,#1263));
#7800=EDGE_LOOP('',(#1264,#1265,#1266,#1267));
#7801=EDGE_LOOP('',(#1268,#1269,#1270,#1271));
#7802=EDGE_LOOP('',(#1272,#1273,#1274,#1275));
#7803=EDGE_LOOP('',(#1276,#1277,#1278,#1279,#1280,#1281));
#7804=EDGE_LOOP('',(#1282,#1283,#1284,#1285));
#7805=EDGE_LOOP('',(#1286,#1287,#1288,#1289,#1290));
#7806=EDGE_LOOP('',(#1291,#1292,#1293,#1294));
#7807=EDGE_LOOP('',(#1295,#1296,#1297,#1298,#1299,#1300,#1301,#1302));
#7808=EDGE_LOOP('',(#1303,#1304,#1305,#1306));
#7809=EDGE_LOOP('',(#1307,#1308,#1309,#1310));
#7810=EDGE_LOOP('',(#1311,#1312,#1313,#1314));
#7811=EDGE_LOOP('',(#1315,#1316,#1317,#1318));
#7812=EDGE_LOOP('',(#1319,#1320,#1321,#1322));
#7813=EDGE_LOOP('',(#1323,#1324,#1325,#1326));
#7814=EDGE_LOOP('',(#1327,#1328,#1329,#1330));
#7815=EDGE_LOOP('',(#1331,#1332,#1333,#1334));
#7816=EDGE_LOOP('',(#1335,#1336,#1337,#1338));
#7817=EDGE_LOOP('',(#1339,#1340,#1341,#1342));
#7818=EDGE_LOOP('',(#1343,#1344,#1345,#1346));
#7819=EDGE_LOOP('',(#1347,#1348,#1349,#1350));
#7820=EDGE_LOOP('',(#1351,#1352,#1353,#1354));
#7821=EDGE_LOOP('',(#1355,#1356,#1357,#1358));
#7822=EDGE_LOOP('',(#1359,#1360,#1361,#1362,#1363,#1364,#1365,#1366,#1367,
#1368,#1369,#1370,#1371,#1372));
#7823=EDGE_LOOP('',(#1373,#1374,#1375,#1376,#1377,#1378,#1379,#1380,#1381,
#1382,#1383,#1384));
#7824=EDGE_LOOP('',(#1385,#1386,#1387,#1388,#1389));
#7825=EDGE_LOOP('',(#1390,#1391,#1392,#1393,#1394,#1395,#1396,#1397,#1398,
#1399,#1400,#1401,#1402,#1403,#1404,#1405,#1406,#1407));
#7826=EDGE_LOOP('',(#1408,#1409,#1410,#1411,#1412,#1413,#1414,#1415,#1416,
#1417,#1418,#1419,#1420,#1421));
#7827=EDGE_LOOP('',(#1422,#1423,#1424,#1425));
#7828=EDGE_LOOP('',(#1426,#1427,#1428,#1429,#1430));
#7829=EDGE_LOOP('',(#1431,#1432,#1433,#1434,#1435));
#7830=EDGE_LOOP('',(#1436,#1437,#1438,#1439,#1440));
#7831=EDGE_LOOP('',(#1441,#1442,#1443,#1444,#1445,#1446,#1447,#1448,#1449,
#1450,#1451,#1452,#1453,#1454,#1455,#1456,#1457,#1458,#1459,#1460,#1461,
#1462));
#7832=EDGE_LOOP('',(#1463,#1464,#1465,#1466));
#7833=EDGE_LOOP('',(#1467,#1468,#1469,#1470));
#7834=EDGE_LOOP('',(#1471,#1472,#1473,#1474,#1475));
#7835=EDGE_LOOP('',(#1476,#1477,#1478,#1479));
#7836=EDGE_LOOP('',(#1480,#1481,#1482,#1483,#1484,#1485,#1486,#1487));
#7837=EDGE_LOOP('',(#1488,#1489,#1490,#1491,#1492,#1493,#1494,#1495,#1496,
#1497,#1498,#1499,#1500,#1501,#1502,#1503,#1504,#1505,#1506,#1507,#1508,
#1509,#1510,#1511,#1512,#1513,#1514,#1515,#1516,#1517,#1518,#1519));
#7838=EDGE_LOOP('',(#1520,#1521,#1522,#1523));
#7839=EDGE_LOOP('',(#1524,#1525,#1526,#1527));
#7840=EDGE_LOOP('',(#1528,#1529,#1530));
#7841=EDGE_LOOP('',(#1531,#1532,#1533,#1534,#1535));
#7842=EDGE_LOOP('',(#1536,#1537,#1538,#1539,#1540,#1541,#1542,#1543,#1544,
#1545,#1546,#1547,#1548,#1549,#1550,#1551,#1552,#1553,#1554,#1555,#1556,
#1557));
#7843=EDGE_LOOP('',(#1558,#1559,#1560,#1561,#1562,#1563,#1564,#1565,#1566,
#1567,#1568,#1569,#1570,#1571,#1572,#1573,#1574,#1575,#1576,#1577,#1578,
#1579,#1580,#1581,#1582,#1583,#1584,#1585,#1586,#1587,#1588,#1589,#1590,
#1591,#1592,#1593,#1594,#1595));
#7844=EDGE_LOOP('',(#1596,#1597,#1598,#1599,#1600,#1601,#1602,#1603,#1604,
#1605,#1606,#1607));
#7845=EDGE_LOOP('',(#1608,#1609,#1610,#1611,#1612,#1613,#1614,#1615,#1616,
#1617,#1618,#1619));
#7846=EDGE_LOOP('',(#1620,#1621,#1622,#1623));
#7847=EDGE_LOOP('',(#1624,#1625,#1626,#1627));
#7848=EDGE_LOOP('',(#1628,#1629,#1630,#1631,#1632,#1633,#1634));
#7849=EDGE_LOOP('',(#1635,#1636,#1637,#1638,#1639,#1640,#1641,#1642,#1643,
#1644,#1645,#1646));
#7850=EDGE_LOOP('',(#1647,#1648,#1649,#1650));
#7851=EDGE_LOOP('',(#1651,#1652,#1653,#1654,#1655,#1656,#1657,#1658,#1659,
#1660,#1661,#1662));
#7852=EDGE_LOOP('',(#1663,#1664,#1665,#1666));
#7853=EDGE_LOOP('',(#1667,#1668,#1669,#1670));
#7854=EDGE_LOOP('',(#1671,#1672,#1673,#1674));
#7855=EDGE_LOOP('',(#1675,#1676,#1677,#1678));
#7856=EDGE_LOOP('',(#1679,#1680,#1681,#1682,#1683,#1684,#1685));
#7857=EDGE_LOOP('',(#1686,#1687,#1688,#1689,#1690));
#7858=EDGE_LOOP('',(#1691,#1692,#1693,#1694));
#7859=EDGE_LOOP('',(#1695,#1696,#1697,#1698,#1699,#1700,#1701,#1702,#1703,
#1704,#1705,#1706,#1707,#1708,#1709,#1710,#1711,#1712,#1713,#1714,#1715,
#1716,#1717,#1718,#1719,#1720,#1721,#1722,#1723,#1724,#1725,#1726,#1727,
#1728,#1729,#1730,#1731,#1732,#1733,#1734,#1735,#1736,#1737,#1738,#1739,
#1740,#1741,#1742,#1743,#1744,#1745,#1746,#1747,#1748,#1749,#1750,#1751,
#1752,#1753,#1754));
#7860=EDGE_LOOP('',(#1755,#1756,#1757,#1758,#1759,#1760,#1761,#1762,#1763,
#1764,#1765,#1766));
#7861=EDGE_LOOP('',(#1767,#1768,#1769,#1770,#1771,#1772,#1773,#1774));
#7862=EDGE_LOOP('',(#1775,#1776,#1777,#1778));
#7863=EDGE_LOOP('',(#1779,#1780,#1781,#1782,#1783,#1784,#1785,#1786,#1787,
#1788,#1789,#1790));
#7864=EDGE_LOOP('',(#1791,#1792,#1793,#1794,#1795,#1796,#1797,#1798));
#7865=EDGE_LOOP('',(#1799,#1800,#1801,#1802,#1803,#1804,#1805,#1806,#1807,
#1808,#1809,#1810));
#7866=EDGE_LOOP('',(#1811,#1812,#1813,#1814));
#7867=EDGE_LOOP('',(#1815,#1816,#1817,#1818));
#7868=EDGE_LOOP('',(#1819,#1820,#1821,#1822));
#7869=EDGE_LOOP('',(#1823,#1824,#1825,#1826));
#7870=EDGE_LOOP('',(#1827,#1828,#1829,#1830));
#7871=EDGE_LOOP('',(#1831,#1832,#1833,#1834));
#7872=EDGE_LOOP('',(#1835,#1836,#1837,#1838,#1839,#1840));
#7873=EDGE_LOOP('',(#1841,#1842,#1843,#1844));
#7874=EDGE_LOOP('',(#1845,#1846,#1847,#1848));
#7875=EDGE_LOOP('',(#1849,#1850,#1851,#1852));
#7876=EDGE_LOOP('',(#1853,#1854,#1855,#1856));
#7877=EDGE_LOOP('',(#1857,#1858,#1859,#1860));
#7878=EDGE_LOOP('',(#1861,#1862,#1863,#1864));
#7879=EDGE_LOOP('',(#1865,#1866,#1867,#1868));
#7880=EDGE_LOOP('',(#1869,#1870,#1871,#1872));
#7881=EDGE_LOOP('',(#1873,#1874,#1875,#1876));
#7882=EDGE_LOOP('',(#1877,#1878,#1879,#1880));
#7883=EDGE_LOOP('',(#1881,#1882,#1883,#1884));
#7884=EDGE_LOOP('',(#1885,#1886,#1887,#1888));
#7885=EDGE_LOOP('',(#1889,#1890,#1891,#1892));
#7886=EDGE_LOOP('',(#1893,#1894,#1895));
#7887=EDGE_LOOP('',(#1896,#1897,#1898,#1899));
#7888=EDGE_LOOP('',(#1900,#1901,#1902,#1903));
#7889=EDGE_LOOP('',(#1904,#1905,#1906,#1907));
#7890=EDGE_LOOP('',(#1908,#1909,#1910,#1911));
#7891=EDGE_LOOP('',(#1912,#1913,#1914,#1915));
#7892=EDGE_LOOP('',(#1916,#1917,#1918,#1919));
#7893=EDGE_LOOP('',(#1920,#1921,#1922,#1923));
#7894=EDGE_LOOP('',(#1924,#1925,#1926,#1927,#1928));
#7895=EDGE_LOOP('',(#1929,#1930,#1931,#1932));
#7896=EDGE_LOOP('',(#1933,#1934,#1935,#1936));
#7897=EDGE_LOOP('',(#1937,#1938,#1939,#1940));
#7898=EDGE_LOOP('',(#1941,#1942,#1943,#1944));
#7899=EDGE_LOOP('',(#1945,#1946,#1947));
#7900=EDGE_LOOP('',(#1948,#1949,#1950,#1951));
#7901=EDGE_LOOP('',(#1952,#1953,#1954,#1955,#1956,#1957));
#7902=EDGE_LOOP('',(#1958,#1959,#1960,#1961));
#7903=EDGE_LOOP('',(#1962,#1963,#1964,#1965));
#7904=EDGE_LOOP('',(#1966,#1967,#1968,#1969,#1970,#1971,#1972,#1973));
#7905=EDGE_LOOP('',(#1974,#1975,#1976,#1977));
#7906=EDGE_LOOP('',(#1978,#1979,#1980,#1981));
#7907=EDGE_LOOP('',(#1982,#1983,#1984,#1985));
#7908=EDGE_LOOP('',(#1986,#1987,#1988,#1989));
#7909=EDGE_LOOP('',(#1990,#1991,#1992));
#7910=EDGE_LOOP('',(#1993,#1994,#1995,#1996));
#7911=EDGE_LOOP('',(#1997,#1998,#1999,#2000));
#7912=EDGE_LOOP('',(#2001,#2002,#2003,#2004));
#7913=EDGE_LOOP('',(#2005,#2006,#2007,#2008,#2009));
#7914=EDGE_LOOP('',(#2010,#2011,#2012,#2013));
#7915=EDGE_LOOP('',(#2014,#2015,#2016,#2017));
#7916=EDGE_LOOP('',(#2018,#2019,#2020,#2021));
#7917=EDGE_LOOP('',(#2022,#2023,#2024,#2025));
#7918=EDGE_LOOP('',(#2026,#2027,#2028,#2029));
#7919=EDGE_LOOP('',(#2030,#2031,#2032,#2033,#2034,#2035,#2036,#2037,#2038,
#2039,#2040,#2041,#2042,#2043,#2044,#2045,#2046,#2047,#2048,#2049,#2050,
#2051,#2052,#2053,#2054,#2055,#2056,#2057,#2058,#2059,#2060,#2061,#2062,
#2063,#2064,#2065,#2066,#2067,#2068,#2069,#2070,#2071,#2072,#2073));
#7920=EDGE_LOOP('',(#2074,#2075,#2076,#2077,#2078,#2079,#2080,#2081,#2082,
#2083));
#7921=EDGE_LOOP('',(#2084,#2085,#2086,#2087));
#7922=EDGE_LOOP('',(#2088,#2089,#2090,#2091,#2092,#2093));
#7923=EDGE_LOOP('',(#2094,#2095,#2096,#2097));
#7924=EDGE_LOOP('',(#2098,#2099,#2100,#2101,#2102,#2103,#2104,#2105));
#7925=EDGE_LOOP('',(#2106,#2107,#2108,#2109,#2110,#2111,#2112,#2113));
#7926=EDGE_LOOP('',(#2114,#2115,#2116,#2117));
#7927=EDGE_LOOP('',(#2118,#2119,#2120,#2121));
#7928=EDGE_LOOP('',(#2122,#2123,#2124,#2125,#2126,#2127,#2128,#2129));
#7929=EDGE_LOOP('',(#2130,#2131,#2132,#2133));
#7930=EDGE_LOOP('',(#2134,#2135,#2136,#2137,#2138));
#7931=EDGE_LOOP('',(#2139,#2140,#2141,#2142));
#7932=EDGE_LOOP('',(#2143,#2144,#2145,#2146));
#7933=EDGE_LOOP('',(#2147,#2148,#2149,#2150,#2151));
#7934=EDGE_LOOP('',(#2152,#2153,#2154,#2155));
#7935=EDGE_LOOP('',(#2156,#2157,#2158,#2159));
#7936=EDGE_LOOP('',(#2160,#2161,#2162,#2163));
#7937=EDGE_LOOP('',(#2164,#2165,#2166,#2167));
#7938=EDGE_LOOP('',(#2168,#2169,#2170,#2171));
#7939=EDGE_LOOP('',(#2172,#2173,#2174,#2175));
#7940=EDGE_LOOP('',(#2176,#2177,#2178,#2179));
#7941=EDGE_LOOP('',(#2180,#2181,#2182,#2183,#2184));
#7942=EDGE_LOOP('',(#2185,#2186,#2187,#2188));
#7943=EDGE_LOOP('',(#2189,#2190,#2191,#2192));
#7944=EDGE_LOOP('',(#2193,#2194,#2195,#2196,#2197,#2198,#2199,#2200,#2201,
#2202,#2203,#2204));
#7945=EDGE_LOOP('',(#2205,#2206,#2207,#2208));
#7946=EDGE_LOOP('',(#2209,#2210,#2211,#2212));
#7947=EDGE_LOOP('',(#2213,#2214,#2215,#2216));
#7948=EDGE_LOOP('',(#2217,#2218,#2219,#2220));
#7949=EDGE_LOOP('',(#2221,#2222,#2223,#2224));
#7950=EDGE_LOOP('',(#2225,#2226,#2227,#2228,#2229,#2230,#2231,#2232,#2233,
#2234,#2235,#2236,#2237));
#7951=EDGE_LOOP('',(#2238,#2239,#2240,#2241,#2242,#2243,#2244,#2245,#2246,
#2247,#2248,#2249,#2250));
#7952=EDGE_LOOP('',(#2251,#2252,#2253,#2254));
#7953=EDGE_LOOP('',(#2255,#2256,#2257,#2258));
#7954=EDGE_LOOP('',(#2259,#2260,#2261,#2262));
#7955=EDGE_LOOP('',(#2263,#2264,#2265,#2266));
#7956=EDGE_LOOP('',(#2267,#2268,#2269,#2270));
#7957=EDGE_LOOP('',(#2271,#2272,#2273,#2274));
#7958=EDGE_LOOP('',(#2275,#2276,#2277,#2278));
#7959=EDGE_LOOP('',(#2279,#2280,#2281,#2282));
#7960=EDGE_LOOP('',(#2283,#2284,#2285,#2286));
#7961=EDGE_LOOP('',(#2287,#2288,#2289,#2290));
#7962=EDGE_LOOP('',(#2291,#2292,#2293,#2294));
#7963=EDGE_LOOP('',(#2295,#2296,#2297,#2298));
#7964=EDGE_LOOP('',(#2299,#2300,#2301,#2302));
#7965=EDGE_LOOP('',(#2303,#2304,#2305,#2306));
#7966=EDGE_LOOP('',(#2307,#2308,#2309,#2310));
#7967=EDGE_LOOP('',(#2311,#2312,#2313,#2314));
#7968=EDGE_LOOP('',(#2315,#2316,#2317,#2318));
#7969=EDGE_LOOP('',(#2319,#2320,#2321,#2322));
#7970=EDGE_LOOP('',(#2323,#2324,#2325,#2326));
#7971=EDGE_LOOP('',(#2327,#2328,#2329,#2330));
#7972=EDGE_LOOP('',(#2331,#2332,#2333,#2334));
#7973=EDGE_LOOP('',(#2335,#2336,#2337,#2338));
#7974=EDGE_LOOP('',(#2339,#2340,#2341,#2342));
#7975=EDGE_LOOP('',(#2343,#2344,#2345,#2346));
#7976=EDGE_LOOP('',(#2347,#2348,#2349,#2350));
#7977=EDGE_LOOP('',(#2351,#2352,#2353,#2354));
#7978=EDGE_LOOP('',(#2355,#2356,#2357,#2358));
#7979=EDGE_LOOP('',(#2359,#2360,#2361,#2362));
#7980=EDGE_LOOP('',(#2363,#2364,#2365,#2366));
#7981=EDGE_LOOP('',(#2367,#2368,#2369,#2370));
#7982=EDGE_LOOP('',(#2371,#2372,#2373,#2374));
#7983=EDGE_LOOP('',(#2375,#2376,#2377,#2378));
#7984=EDGE_LOOP('',(#2379,#2380,#2381,#2382));
#7985=EDGE_LOOP('',(#2383,#2384,#2385,#2386));
#7986=EDGE_LOOP('',(#2387,#2388,#2389,#2390));
#7987=EDGE_LOOP('',(#2391,#2392,#2393,#2394));
#7988=EDGE_LOOP('',(#2395,#2396,#2397,#2398));
#7989=EDGE_LOOP('',(#2399,#2400,#2401,#2402));
#7990=EDGE_LOOP('',(#2403,#2404,#2405,#2406));
#7991=EDGE_LOOP('',(#2407,#2408,#2409,#2410));
#7992=EDGE_LOOP('',(#2411,#2412,#2413,#2414));
#7993=EDGE_LOOP('',(#2415,#2416,#2417,#2418));
#7994=EDGE_LOOP('',(#2419,#2420,#2421,#2422));
#7995=EDGE_LOOP('',(#2423,#2424,#2425,#2426));
#7996=EDGE_LOOP('',(#2427,#2428,#2429,#2430));
#7997=EDGE_LOOP('',(#2431,#2432,#2433,#2434));
#7998=EDGE_LOOP('',(#2435,#2436,#2437,#2438));
#7999=EDGE_LOOP('',(#2439,#2440,#2441,#2442));
#8000=EDGE_LOOP('',(#2443,#2444,#2445,#2446));
#8001=EDGE_LOOP('',(#2447,#2448,#2449,#2450));
#8002=EDGE_LOOP('',(#2451,#2452,#2453,#2454));
#8003=EDGE_LOOP('',(#2455,#2456,#2457,#2458));
#8004=EDGE_LOOP('',(#2459,#2460,#2461,#2462));
#8005=EDGE_LOOP('',(#2463,#2464,#2465,#2466));
#8006=EDGE_LOOP('',(#2467,#2468,#2469,#2470));
#8007=EDGE_LOOP('',(#2471,#2472,#2473,#2474));
#8008=EDGE_LOOP('',(#2475,#2476,#2477,#2478));
#8009=EDGE_LOOP('',(#2479,#2480,#2481,#2482));
#8010=EDGE_LOOP('',(#2483,#2484,#2485,#2486));
#8011=EDGE_LOOP('',(#2487,#2488,#2489,#2490));
#8012=EDGE_LOOP('',(#2491,#2492,#2493,#2494));
#8013=EDGE_LOOP('',(#2495,#2496,#2497,#2498));
#8014=EDGE_LOOP('',(#2499,#2500,#2501,#2502));
#8015=EDGE_LOOP('',(#2503,#2504,#2505,#2506));
#8016=EDGE_LOOP('',(#2507,#2508,#2509,#2510));
#8017=EDGE_LOOP('',(#2511,#2512,#2513,#2514));
#8018=EDGE_LOOP('',(#2515,#2516,#2517,#2518));
#8019=EDGE_LOOP('',(#2519,#2520,#2521,#2522));
#8020=EDGE_LOOP('',(#2523,#2524,#2525,#2526));
#8021=EDGE_LOOP('',(#2527,#2528,#2529,#2530));
#8022=EDGE_LOOP('',(#2531,#2532,#2533,#2534));
#8023=EDGE_LOOP('',(#2535,#2536,#2537,#2538));
#8024=EDGE_LOOP('',(#2539,#2540,#2541,#2542));
#8025=EDGE_LOOP('',(#2543,#2544,#2545,#2546));
#8026=EDGE_LOOP('',(#2547,#2548,#2549,#2550));
#8027=EDGE_LOOP('',(#2551,#2552,#2553,#2554));
#8028=EDGE_LOOP('',(#2555,#2556,#2557,#2558));
#8029=EDGE_LOOP('',(#2559,#2560,#2561,#2562));
#8030=EDGE_LOOP('',(#2563,#2564,#2565,#2566));
#8031=EDGE_LOOP('',(#2567,#2568,#2569,#2570));
#8032=EDGE_LOOP('',(#2571,#2572,#2573,#2574,#2575,#2576,#2577));
#8033=EDGE_LOOP('',(#2578,#2579,#2580,#2581,#2582,#2583,#2584));
#8034=EDGE_LOOP('',(#2585,#2586,#2587,#2588,#2589,#2590,#2591));
#8035=EDGE_LOOP('',(#2592,#2593,#2594,#2595,#2596,#2597,#2598));
#8036=EDGE_LOOP('',(#2599,#2600,#2601,#2602,#2603,#2604,#2605));
#8037=EDGE_LOOP('',(#2606,#2607,#2608,#2609,#2610,#2611,#2612));
#8038=EDGE_LOOP('',(#2613,#2614,#2615,#2616,#2617,#2618,#2619));
#8039=EDGE_LOOP('',(#2620,#2621,#2622,#2623,#2624,#2625,#2626));
#8040=EDGE_LOOP('',(#2627,#2628,#2629,#2630,#2631,#2632,#2633));
#8041=EDGE_LOOP('',(#2634,#2635,#2636,#2637,#2638,#2639,#2640));
#8042=EDGE_LOOP('',(#2641,#2642,#2643,#2644,#2645,#2646,#2647));
#8043=EDGE_LOOP('',(#2648,#2649,#2650,#2651,#2652,#2653,#2654));
#8044=EDGE_LOOP('',(#2655,#2656,#2657,#2658,#2659,#2660,#2661));
#8045=EDGE_LOOP('',(#2662,#2663,#2664,#2665,#2666,#2667,#2668));
#8046=EDGE_LOOP('',(#2669,#2670,#2671,#2672,#2673,#2674,#2675));
#8047=EDGE_LOOP('',(#2676,#2677,#2678,#2679,#2680,#2681,#2682));
#8048=EDGE_LOOP('',(#2683,#2684,#2685,#2686));
#8049=EDGE_LOOP('',(#2687,#2688,#2689,#2690));
#8050=EDGE_LOOP('',(#2691,#2692));
#8051=EDGE_LOOP('',(#2693,#2694,#2695,#2696));
#8052=EDGE_LOOP('',(#2697,#2698,#2699,#2700));
#8053=EDGE_LOOP('',(#2701,#2702));
#8054=EDGE_LOOP('',(#2703,#2704));
#8055=EDGE_LOOP('',(#2705,#2706));
#8056=EDGE_LOOP('',(#2707,#2708,#2709,#2710));
#8057=EDGE_LOOP('',(#2711,#2712));
#8058=EDGE_LOOP('',(#2713,#2714,#2715,#2716));
#8059=EDGE_LOOP('',(#2717,#2718,#2719,#2720));
#8060=EDGE_LOOP('',(#2721,#2722));
#8061=EDGE_LOOP('',(#2723,#2724));
#8062=EDGE_LOOP('',(#2725,#2726));
#8063=EDGE_LOOP('',(#2727,#2728,#2729,#2730));
#8064=EDGE_LOOP('',(#2731,#2732,#2733,#2734,#2735,#2736,#2737,#2738));
#8065=EDGE_LOOP('',(#2739,#2740,#2741));
#8066=EDGE_LOOP('',(#2742,#2743));
#8067=EDGE_LOOP('',(#2744,#2745,#2746,#2747));
#8068=EDGE_LOOP('',(#2748,#2749,#2750));
#8069=EDGE_LOOP('',(#2751,#2752));
#8070=EDGE_LOOP('',(#2753,#2754,#2755,#2756));
#8071=EDGE_LOOP('',(#2757,#2758,#2759,#2760));
#8072=EDGE_LOOP('',(#2761,#2762));
#8073=EDGE_LOOP('',(#2763,#2764,#2765,#2766));
#8074=EDGE_LOOP('',(#2767,#2768,#2769,#2770));
#8075=EDGE_LOOP('',(#2771,#2772));
#8076=EDGE_LOOP('',(#2773,#2774));
#8077=EDGE_LOOP('',(#2775,#2776));
#8078=EDGE_LOOP('',(#2777,#2778,#2779,#2780));
#8079=EDGE_LOOP('',(#2781,#2782,#2783,#2784));
#8080=EDGE_LOOP('',(#2785,#2786,#2787,#2788));
#8081=EDGE_LOOP('',(#2789,#2790,#2791,#2792));
#8082=EDGE_LOOP('',(#2793,#2794,#2795,#2796));
#8083=EDGE_LOOP('',(#2797,#2798,#2799,#2800));
#8084=EDGE_LOOP('',(#2801,#2802,#2803,#2804));
#8085=EDGE_LOOP('',(#2805,#2806,#2807,#2808));
#8086=EDGE_LOOP('',(#2809,#2810,#2811,#2812));
#8087=EDGE_LOOP('',(#2813,#2814,#2815,#2816));
#8088=EDGE_LOOP('',(#2817,#2818,#2819,#2820));
#8089=FACE_BOUND('',#7631,.T.);
#8090=FACE_BOUND('',#7632,.T.);
#8091=FACE_BOUND('',#7633,.T.);
#8092=FACE_BOUND('',#7634,.T.);
#8093=FACE_BOUND('',#7635,.T.);
#8094=FACE_BOUND('',#7636,.T.);
#8095=FACE_BOUND('',#7637,.T.);
#8096=FACE_BOUND('',#7638,.T.);
#8097=FACE_BOUND('',#7639,.T.);
#8098=FACE_BOUND('',#7640,.T.);
#8099=FACE_BOUND('',#7641,.T.);
#8100=FACE_BOUND('',#7642,.T.);
#8101=FACE_BOUND('',#7643,.T.);
#8102=FACE_BOUND('',#7644,.T.);
#8103=FACE_BOUND('',#7645,.T.);
#8104=FACE_BOUND('',#7646,.T.);
#8105=FACE_BOUND('',#7647,.T.);
#8106=FACE_BOUND('',#7648,.T.);
#8107=FACE_BOUND('',#7649,.T.);
#8108=FACE_BOUND('',#7650,.T.);
#8109=FACE_BOUND('',#7651,.T.);
#8110=FACE_BOUND('',#7652,.T.);
#8111=FACE_BOUND('',#7653,.T.);
#8112=FACE_BOUND('',#7654,.T.);
#8113=FACE_BOUND('',#7655,.T.);
#8114=FACE_BOUND('',#7656,.T.);
#8115=FACE_BOUND('',#7657,.T.);
#8116=FACE_BOUND('',#7658,.T.);
#8117=FACE_BOUND('',#7659,.T.);
#8118=FACE_BOUND('',#7660,.T.);
#8119=FACE_BOUND('',#7661,.T.);
#8120=FACE_BOUND('',#7662,.T.);
#8121=FACE_BOUND('',#7663,.T.);
#8122=FACE_BOUND('',#7664,.T.);
#8123=FACE_BOUND('',#7665,.T.);
#8124=FACE_BOUND('',#7666,.T.);
#8125=FACE_BOUND('',#7667,.T.);
#8126=FACE_BOUND('',#7668,.T.);
#8127=FACE_BOUND('',#7669,.T.);
#8128=FACE_BOUND('',#7670,.T.);
#8129=FACE_BOUND('',#7671,.T.);
#8130=FACE_BOUND('',#7672,.T.);
#8131=FACE_BOUND('',#7673,.T.);
#8132=FACE_BOUND('',#7674,.T.);
#8133=FACE_BOUND('',#7675,.T.);
#8134=FACE_BOUND('',#7676,.T.);
#8135=FACE_BOUND('',#7677,.T.);
#8136=FACE_BOUND('',#7678,.T.);
#8137=FACE_BOUND('',#7679,.T.);
#8138=FACE_BOUND('',#7680,.T.);
#8139=FACE_BOUND('',#7681,.T.);
#8140=FACE_BOUND('',#7682,.T.);
#8141=FACE_BOUND('',#7683,.T.);
#8142=FACE_BOUND('',#7684,.T.);
#8143=FACE_BOUND('',#7685,.T.);
#8144=FACE_BOUND('',#7686,.T.);
#8145=FACE_BOUND('',#7687,.T.);
#8146=FACE_BOUND('',#7688,.T.);
#8147=FACE_BOUND('',#7689,.T.);
#8148=FACE_BOUND('',#7690,.T.);
#8149=FACE_BOUND('',#7691,.T.);
#8150=FACE_BOUND('',#7692,.T.);
#8151=FACE_BOUND('',#7693,.T.);
#8152=FACE_BOUND('',#7694,.T.);
#8153=FACE_BOUND('',#7695,.T.);
#8154=FACE_BOUND('',#7696,.T.);
#8155=FACE_BOUND('',#7697,.T.);
#8156=FACE_BOUND('',#7698,.T.);
#8157=FACE_BOUND('',#7699,.T.);
#8158=FACE_BOUND('',#7700,.T.);
#8159=FACE_BOUND('',#7701,.T.);
#8160=FACE_BOUND('',#7702,.T.);
#8161=FACE_BOUND('',#7703,.T.);
#8162=FACE_BOUND('',#7704,.T.);
#8163=FACE_BOUND('',#7705,.T.);
#8164=FACE_BOUND('',#7706,.T.);
#8165=FACE_BOUND('',#7707,.T.);
#8166=FACE_BOUND('',#7708,.T.);
#8167=FACE_BOUND('',#7709,.T.);
#8168=FACE_BOUND('',#7710,.T.);
#8169=FACE_BOUND('',#7711,.T.);
#8170=FACE_BOUND('',#7712,.T.);
#8171=FACE_BOUND('',#7713,.T.);
#8172=FACE_BOUND('',#7714,.T.);
#8173=FACE_BOUND('',#7715,.T.);
#8174=FACE_BOUND('',#7716,.T.);
#8175=FACE_BOUND('',#7717,.T.);
#8176=FACE_BOUND('',#7718,.T.);
#8177=FACE_BOUND('',#7719,.T.);
#8178=FACE_BOUND('',#7720,.T.);
#8179=FACE_BOUND('',#7721,.T.);
#8180=FACE_BOUND('',#7722,.T.);
#8181=FACE_BOUND('',#7723,.T.);
#8182=FACE_BOUND('',#7724,.T.);
#8183=FACE_BOUND('',#7725,.T.);
#8184=FACE_BOUND('',#7726,.T.);
#8185=FACE_BOUND('',#7727,.T.);
#8186=FACE_BOUND('',#7728,.T.);
#8187=FACE_BOUND('',#7729,.T.);
#8188=FACE_BOUND('',#7730,.T.);
#8189=FACE_BOUND('',#7731,.T.);
#8190=FACE_BOUND('',#7732,.T.);
#8191=FACE_BOUND('',#7733,.T.);
#8192=FACE_BOUND('',#7734,.T.);
#8193=FACE_BOUND('',#7735,.T.);
#8194=FACE_BOUND('',#7736,.T.);
#8195=FACE_BOUND('',#7737,.T.);
#8196=FACE_BOUND('',#7738,.T.);
#8197=FACE_BOUND('',#7739,.T.);
#8198=FACE_BOUND('',#7740,.T.);
#8199=FACE_BOUND('',#7741,.T.);
#8200=FACE_BOUND('',#7742,.T.);
#8201=FACE_BOUND('',#7743,.T.);
#8202=FACE_BOUND('',#7744,.T.);
#8203=FACE_BOUND('',#7745,.T.);
#8204=FACE_BOUND('',#7746,.T.);
#8205=FACE_BOUND('',#7747,.T.);
#8206=FACE_BOUND('',#7748,.T.);
#8207=FACE_BOUND('',#7749,.T.);
#8208=FACE_BOUND('',#7750,.T.);
#8209=FACE_BOUND('',#7751,.T.);
#8210=FACE_BOUND('',#7752,.T.);
#8211=FACE_BOUND('',#7753,.T.);
#8212=FACE_BOUND('',#7754,.T.);
#8213=FACE_BOUND('',#7755,.T.);
#8214=FACE_BOUND('',#7756,.T.);
#8215=FACE_BOUND('',#7757,.T.);
#8216=FACE_BOUND('',#7758,.T.);
#8217=FACE_BOUND('',#7759,.T.);
#8218=FACE_BOUND('',#7760,.T.);
#8219=FACE_BOUND('',#7761,.T.);
#8220=FACE_BOUND('',#7762,.T.);
#8221=FACE_BOUND('',#7763,.T.);
#8222=FACE_BOUND('',#7764,.T.);
#8223=FACE_BOUND('',#7765,.T.);
#8224=FACE_BOUND('',#7766,.T.);
#8225=FACE_BOUND('',#7767,.T.);
#8226=FACE_BOUND('',#7768,.T.);
#8227=FACE_BOUND('',#7769,.T.);
#8228=FACE_BOUND('',#7770,.T.);
#8229=FACE_BOUND('',#7771,.T.);
#8230=FACE_BOUND('',#7772,.T.);
#8231=FACE_BOUND('',#7773,.T.);
#8232=FACE_BOUND('',#7774,.T.);
#8233=FACE_BOUND('',#7775,.T.);
#8234=FACE_BOUND('',#7776,.T.);
#8235=FACE_BOUND('',#7777,.T.);
#8236=FACE_BOUND('',#7778,.T.);
#8237=FACE_BOUND('',#7779,.T.);
#8238=FACE_BOUND('',#7780,.T.);
#8239=FACE_BOUND('',#7781,.T.);
#8240=FACE_BOUND('',#7782,.T.);
#8241=FACE_BOUND('',#7783,.T.);
#8242=FACE_BOUND('',#7784,.T.);
#8243=FACE_BOUND('',#7785,.T.);
#8244=FACE_BOUND('',#7786,.T.);
#8245=FACE_BOUND('',#7787,.T.);
#8246=FACE_BOUND('',#7788,.T.);
#8247=FACE_BOUND('',#7789,.T.);
#8248=FACE_BOUND('',#7790,.T.);
#8249=FACE_BOUND('',#7791,.T.);
#8250=FACE_BOUND('',#7792,.T.);
#8251=FACE_BOUND('',#7793,.T.);
#8252=FACE_BOUND('',#7794,.T.);
#8253=FACE_BOUND('',#7795,.T.);
#8254=FACE_BOUND('',#7796,.T.);
#8255=FACE_BOUND('',#7797,.T.);
#8256=FACE_BOUND('',#7798,.T.);
#8257=FACE_BOUND('',#7799,.T.);
#8258=FACE_BOUND('',#7800,.T.);
#8259=FACE_BOUND('',#7801,.T.);
#8260=FACE_BOUND('',#7802,.T.);
#8261=FACE_BOUND('',#7803,.T.);
#8262=FACE_BOUND('',#7804,.T.);
#8263=FACE_BOUND('',#7805,.T.);
#8264=FACE_BOUND('',#7806,.T.);
#8265=FACE_BOUND('',#7807,.T.);
#8266=FACE_BOUND('',#7808,.T.);
#8267=FACE_BOUND('',#7809,.T.);
#8268=FACE_BOUND('',#7810,.T.);
#8269=FACE_BOUND('',#7811,.T.);
#8270=FACE_BOUND('',#7812,.T.);
#8271=FACE_BOUND('',#7813,.T.);
#8272=FACE_BOUND('',#7814,.T.);
#8273=FACE_BOUND('',#7815,.T.);
#8274=FACE_BOUND('',#7816,.T.);
#8275=FACE_BOUND('',#7817,.T.);
#8276=FACE_BOUND('',#7818,.T.);
#8277=FACE_BOUND('',#7819,.T.);
#8278=FACE_BOUND('',#7820,.T.);
#8279=FACE_BOUND('',#7821,.T.);
#8280=FACE_BOUND('',#7822,.T.);
#8281=FACE_BOUND('',#7823,.T.);
#8282=FACE_BOUND('',#7824,.T.);
#8283=FACE_BOUND('',#7825,.T.);
#8284=FACE_BOUND('',#7826,.T.);
#8285=FACE_BOUND('',#7827,.T.);
#8286=FACE_BOUND('',#7828,.T.);
#8287=FACE_BOUND('',#7829,.T.);
#8288=FACE_BOUND('',#7830,.T.);
#8289=FACE_BOUND('',#7831,.T.);
#8290=FACE_BOUND('',#7832,.T.);
#8291=FACE_BOUND('',#7833,.T.);
#8292=FACE_BOUND('',#7834,.T.);
#8293=FACE_BOUND('',#7835,.T.);
#8294=FACE_BOUND('',#7836,.T.);
#8295=FACE_BOUND('',#7837,.T.);
#8296=FACE_BOUND('',#7838,.T.);
#8297=FACE_BOUND('',#7839,.T.);
#8298=FACE_BOUND('',#7840,.T.);
#8299=FACE_BOUND('',#7841,.T.);
#8300=FACE_BOUND('',#7842,.T.);
#8301=FACE_BOUND('',#7843,.T.);
#8302=FACE_BOUND('',#7844,.T.);
#8303=FACE_BOUND('',#7845,.T.);
#8304=FACE_BOUND('',#7846,.T.);
#8305=FACE_BOUND('',#7847,.T.);
#8306=FACE_BOUND('',#7848,.T.);
#8307=FACE_BOUND('',#7849,.T.);
#8308=FACE_BOUND('',#7850,.T.);
#8309=FACE_BOUND('',#7851,.T.);
#8310=FACE_BOUND('',#7852,.T.);
#8311=FACE_BOUND('',#7853,.T.);
#8312=FACE_BOUND('',#7854,.T.);
#8313=FACE_BOUND('',#7855,.T.);
#8314=FACE_BOUND('',#7856,.T.);
#8315=FACE_BOUND('',#7857,.T.);
#8316=FACE_BOUND('',#7858,.T.);
#8317=FACE_BOUND('',#7859,.T.);
#8318=FACE_BOUND('',#7860,.T.);
#8319=FACE_BOUND('',#7861,.T.);
#8320=FACE_BOUND('',#7862,.T.);
#8321=FACE_BOUND('',#7863,.T.);
#8322=FACE_BOUND('',#7864,.T.);
#8323=FACE_BOUND('',#7865,.T.);
#8324=FACE_BOUND('',#7866,.T.);
#8325=FACE_BOUND('',#7867,.T.);
#8326=FACE_BOUND('',#7868,.T.);
#8327=FACE_BOUND('',#7869,.T.);
#8328=FACE_BOUND('',#7870,.T.);
#8329=FACE_BOUND('',#7871,.T.);
#8330=FACE_BOUND('',#7872,.T.);
#8331=FACE_BOUND('',#7873,.T.);
#8332=FACE_BOUND('',#7874,.T.);
#8333=FACE_BOUND('',#7875,.T.);
#8334=FACE_BOUND('',#7876,.T.);
#8335=FACE_BOUND('',#7877,.T.);
#8336=FACE_BOUND('',#7878,.T.);
#8337=FACE_BOUND('',#7879,.T.);
#8338=FACE_BOUND('',#7880,.T.);
#8339=FACE_BOUND('',#7881,.T.);
#8340=FACE_BOUND('',#7882,.T.);
#8341=FACE_BOUND('',#7883,.T.);
#8342=FACE_BOUND('',#7884,.T.);
#8343=FACE_BOUND('',#7885,.T.);
#8344=FACE_BOUND('',#7886,.T.);
#8345=FACE_BOUND('',#7887,.T.);
#8346=FACE_BOUND('',#7888,.T.);
#8347=FACE_BOUND('',#7889,.T.);
#8348=FACE_BOUND('',#7890,.T.);
#8349=FACE_BOUND('',#7891,.T.);
#8350=FACE_BOUND('',#7892,.T.);
#8351=FACE_BOUND('',#7893,.T.);
#8352=FACE_BOUND('',#7894,.T.);
#8353=FACE_BOUND('',#7895,.T.);
#8354=FACE_BOUND('',#7896,.T.);
#8355=FACE_BOUND('',#7897,.T.);
#8356=FACE_BOUND('',#7898,.T.);
#8357=FACE_BOUND('',#7899,.T.);
#8358=FACE_BOUND('',#7900,.T.);
#8359=FACE_BOUND('',#7901,.T.);
#8360=FACE_BOUND('',#7902,.T.);
#8361=FACE_BOUND('',#7903,.T.);
#8362=FACE_BOUND('',#7904,.T.);
#8363=FACE_BOUND('',#7905,.T.);
#8364=FACE_BOUND('',#7906,.T.);
#8365=FACE_BOUND('',#7907,.T.);
#8366=FACE_BOUND('',#7908,.T.);
#8367=FACE_BOUND('',#7909,.T.);
#8368=FACE_BOUND('',#7910,.T.);
#8369=FACE_BOUND('',#7911,.T.);
#8370=FACE_BOUND('',#7912,.T.);
#8371=FACE_BOUND('',#7913,.T.);
#8372=FACE_BOUND('',#7914,.T.);
#8373=FACE_BOUND('',#7915,.T.);
#8374=FACE_BOUND('',#7916,.T.);
#8375=FACE_BOUND('',#7917,.T.);
#8376=FACE_BOUND('',#7918,.T.);
#8377=FACE_BOUND('',#7919,.T.);
#8378=FACE_BOUND('',#7920,.T.);
#8379=FACE_BOUND('',#7921,.T.);
#8380=FACE_BOUND('',#7922,.T.);
#8381=FACE_BOUND('',#7923,.T.);
#8382=FACE_BOUND('',#7924,.T.);
#8383=FACE_BOUND('',#7925,.T.);
#8384=FACE_BOUND('',#7926,.T.);
#8385=FACE_BOUND('',#7927,.T.);
#8386=FACE_BOUND('',#7928,.T.);
#8387=FACE_BOUND('',#7929,.T.);
#8388=FACE_BOUND('',#7930,.T.);
#8389=FACE_BOUND('',#7931,.T.);
#8390=FACE_BOUND('',#7932,.T.);
#8391=FACE_BOUND('',#7933,.T.);
#8392=FACE_BOUND('',#7934,.T.);
#8393=FACE_BOUND('',#7935,.T.);
#8394=FACE_BOUND('',#7936,.T.);
#8395=FACE_BOUND('',#7937,.T.);
#8396=FACE_BOUND('',#7938,.T.);
#8397=FACE_BOUND('',#7939,.T.);
#8398=FACE_BOUND('',#7940,.T.);
#8399=FACE_BOUND('',#7941,.T.);
#8400=FACE_BOUND('',#7942,.T.);
#8401=FACE_BOUND('',#7943,.T.);
#8402=FACE_BOUND('',#7944,.T.);
#8403=FACE_BOUND('',#7945,.T.);
#8404=FACE_BOUND('',#7946,.T.);
#8405=FACE_BOUND('',#7947,.T.);
#8406=FACE_BOUND('',#7948,.T.);
#8407=FACE_BOUND('',#7949,.T.);
#8408=FACE_BOUND('',#7950,.T.);
#8409=FACE_BOUND('',#7951,.T.);
#8410=FACE_BOUND('',#7952,.T.);
#8411=FACE_BOUND('',#7953,.T.);
#8412=FACE_BOUND('',#7954,.T.);
#8413=FACE_BOUND('',#7955,.T.);
#8414=FACE_BOUND('',#7956,.T.);
#8415=FACE_BOUND('',#7957,.T.);
#8416=FACE_BOUND('',#7958,.T.);
#8417=FACE_BOUND('',#7959,.T.);
#8418=FACE_BOUND('',#7960,.T.);
#8419=FACE_BOUND('',#7961,.T.);
#8420=FACE_BOUND('',#7962,.T.);
#8421=FACE_BOUND('',#7963,.T.);
#8422=FACE_BOUND('',#7964,.T.);
#8423=FACE_BOUND('',#7965,.T.);
#8424=FACE_BOUND('',#7966,.T.);
#8425=FACE_BOUND('',#7967,.T.);
#8426=FACE_BOUND('',#7968,.T.);
#8427=FACE_BOUND('',#7969,.T.);
#8428=FACE_BOUND('',#7970,.T.);
#8429=FACE_BOUND('',#7971,.T.);
#8430=FACE_BOUND('',#7972,.T.);
#8431=FACE_BOUND('',#7973,.T.);
#8432=FACE_BOUND('',#7974,.T.);
#8433=FACE_BOUND('',#7975,.T.);
#8434=FACE_BOUND('',#7976,.T.);
#8435=FACE_BOUND('',#7977,.T.);
#8436=FACE_BOUND('',#7978,.T.);
#8437=FACE_BOUND('',#7979,.T.);
#8438=FACE_BOUND('',#7980,.T.);
#8439=FACE_BOUND('',#7981,.T.);
#8440=FACE_BOUND('',#7982,.T.);
#8441=FACE_BOUND('',#7983,.T.);
#8442=FACE_BOUND('',#7984,.T.);
#8443=FACE_BOUND('',#7985,.T.);
#8444=FACE_BOUND('',#7986,.T.);
#8445=FACE_BOUND('',#7987,.T.);
#8446=FACE_BOUND('',#7988,.T.);
#8447=FACE_BOUND('',#7989,.T.);
#8448=FACE_BOUND('',#7990,.T.);
#8449=FACE_BOUND('',#7991,.T.);
#8450=FACE_BOUND('',#7992,.T.);
#8451=FACE_BOUND('',#7993,.T.);
#8452=FACE_BOUND('',#7994,.T.);
#8453=FACE_BOUND('',#7995,.T.);
#8454=FACE_BOUND('',#7996,.T.);
#8455=FACE_BOUND('',#7997,.T.);
#8456=FACE_BOUND('',#7998,.T.);
#8457=FACE_BOUND('',#7999,.T.);
#8458=FACE_BOUND('',#8000,.T.);
#8459=FACE_BOUND('',#8001,.T.);
#8460=FACE_BOUND('',#8002,.T.);
#8461=FACE_BOUND('',#8003,.T.);
#8462=FACE_BOUND('',#8004,.T.);
#8463=FACE_BOUND('',#8005,.T.);
#8464=FACE_BOUND('',#8006,.T.);
#8465=FACE_BOUND('',#8007,.T.);
#8466=FACE_BOUND('',#8008,.T.);
#8467=FACE_BOUND('',#8009,.T.);
#8468=FACE_BOUND('',#8010,.T.);
#8469=FACE_BOUND('',#8011,.T.);
#8470=FACE_BOUND('',#8012,.T.);
#8471=FACE_BOUND('',#8013,.T.);
#8472=FACE_BOUND('',#8014,.T.);
#8473=FACE_BOUND('',#8015,.T.);
#8474=FACE_BOUND('',#8016,.T.);
#8475=FACE_BOUND('',#8017,.T.);
#8476=FACE_BOUND('',#8018,.T.);
#8477=FACE_BOUND('',#8019,.T.);
#8478=FACE_BOUND('',#8020,.T.);
#8479=FACE_BOUND('',#8021,.T.);
#8480=FACE_BOUND('',#8022,.T.);
#8481=FACE_BOUND('',#8023,.T.);
#8482=FACE_BOUND('',#8024,.T.);
#8483=FACE_BOUND('',#8025,.T.);
#8484=FACE_BOUND('',#8026,.T.);
#8485=FACE_BOUND('',#8027,.T.);
#8486=FACE_BOUND('',#8028,.T.);
#8487=FACE_BOUND('',#8029,.T.);
#8488=FACE_BOUND('',#8030,.T.);
#8489=FACE_BOUND('',#8031,.T.);
#8490=FACE_BOUND('',#8032,.T.);
#8491=FACE_BOUND('',#8033,.T.);
#8492=FACE_BOUND('',#8034,.T.);
#8493=FACE_BOUND('',#8035,.T.);
#8494=FACE_BOUND('',#8036,.T.);
#8495=FACE_BOUND('',#8037,.T.);
#8496=FACE_BOUND('',#8038,.T.);
#8497=FACE_BOUND('',#8039,.T.);
#8498=FACE_BOUND('',#8040,.T.);
#8499=FACE_BOUND('',#8041,.T.);
#8500=FACE_BOUND('',#8042,.T.);
#8501=FACE_BOUND('',#8043,.T.);
#8502=FACE_BOUND('',#8044,.T.);
#8503=FACE_BOUND('',#8045,.T.);
#8504=FACE_BOUND('',#8046,.T.);
#8505=FACE_BOUND('',#8047,.T.);
#8506=FACE_BOUND('',#8048,.T.);
#8507=FACE_BOUND('',#8049,.T.);
#8508=FACE_BOUND('',#8050,.T.);
#8509=FACE_BOUND('',#8051,.T.);
#8510=FACE_BOUND('',#8052,.T.);
#8511=FACE_BOUND('',#8053,.T.);
#8512=FACE_BOUND('',#8054,.T.);
#8513=FACE_BOUND('',#8055,.T.);
#8514=FACE_BOUND('',#8056,.T.);
#8515=FACE_BOUND('',#8057,.T.);
#8516=FACE_BOUND('',#8058,.T.);
#8517=FACE_BOUND('',#8059,.T.);
#8518=FACE_BOUND('',#8060,.T.);
#8519=FACE_BOUND('',#8061,.T.);
#8520=FACE_BOUND('',#8062,.T.);
#8521=FACE_BOUND('',#8063,.T.);
#8522=FACE_BOUND('',#8064,.T.);
#8523=FACE_BOUND('',#8065,.T.);
#8524=FACE_BOUND('',#8066,.T.);
#8525=FACE_BOUND('',#8067,.T.);
#8526=FACE_BOUND('',#8068,.T.);
#8527=FACE_BOUND('',#8069,.T.);
#8528=FACE_BOUND('',#8070,.T.);
#8529=FACE_BOUND('',#8071,.T.);
#8530=FACE_BOUND('',#8072,.T.);
#8531=FACE_BOUND('',#8073,.T.);
#8532=FACE_BOUND('',#8074,.T.);
#8533=FACE_BOUND('',#8075,.T.);
#8534=FACE_BOUND('',#8076,.T.);
#8535=FACE_BOUND('',#8077,.T.);
#8536=FACE_BOUND('',#8078,.T.);
#8537=FACE_BOUND('',#8079,.T.);
#8538=FACE_BOUND('',#8080,.T.);
#8539=FACE_BOUND('',#8081,.T.);
#8540=FACE_BOUND('',#8082,.T.);
#8541=FACE_BOUND('',#8083,.T.);
#8542=FACE_BOUND('',#8084,.T.);
#8543=FACE_BOUND('',#8085,.T.);
#8544=FACE_BOUND('',#8086,.T.);
#8545=FACE_BOUND('',#8087,.T.);
#8546=FACE_BOUND('',#8088,.T.);
#8547=PLANE('',#9435);
#8548=PLANE('',#9436);
#8549=PLANE('',#9437);
#8550=PLANE('',#9438);
#8551=PLANE('',#9439);
#8552=PLANE('',#9440);
#8553=PLANE('',#9441);
#8554=PLANE('',#9442);
#8555=PLANE('',#9443);
#8556=PLANE('',#9444);
#8557=PLANE('',#9445);
#8558=PLANE('',#9446);
#8559=PLANE('',#9447);
#8560=PLANE('',#9448);
#8561=PLANE('',#9449);
#8562=PLANE('',#9450);
#8563=PLANE('',#9451);
#8564=PLANE('',#9454);
#8565=PLANE('',#9455);
#8566=PLANE('',#9456);
#8567=PLANE('',#9457);
#8568=PLANE('',#9458);
#8569=PLANE('',#9459);
#8570=PLANE('',#9460);
#8571=PLANE('',#9461);
#8572=PLANE('',#9462);
#8573=PLANE('',#9463);
#8574=PLANE('',#9464);
#8575=PLANE('',#9465);
#8576=PLANE('',#9466);
#8577=PLANE('',#9467);
#8578=PLANE('',#9468);
#8579=PLANE('',#9469);
#8580=PLANE('',#9470);
#8581=PLANE('',#9471);
#8582=PLANE('',#9472);
#8583=PLANE('',#9473);
#8584=PLANE('',#9474);
#8585=PLANE('',#9475);
#8586=PLANE('',#9476);
#8587=PLANE('',#9477);
#8588=PLANE('',#9478);
#8589=PLANE('',#9479);
#8590=PLANE('',#9480);
#8591=PLANE('',#9481);
#8592=PLANE('',#9482);
#8593=PLANE('',#9483);
#8594=PLANE('',#9484);
#8595=PLANE('',#9485);
#8596=PLANE('',#9486);
#8597=PLANE('',#9487);
#8598=PLANE('',#9488);
#8599=PLANE('',#9489);
#8600=PLANE('',#9496);
#8601=PLANE('',#9497);
#8602=PLANE('',#9498);
#8603=PLANE('',#9499);
#8604=PLANE('',#9500);
#8605=PLANE('',#9501);
#8606=PLANE('',#9502);
#8607=PLANE('',#9503);
#8608=PLANE('',#9504);
#8609=PLANE('',#9505);
#8610=PLANE('',#9507);
#8611=PLANE('',#9508);
#8612=PLANE('',#9509);
#8613=PLANE('',#9510);
#8614=PLANE('',#9511);
#8615=PLANE('',#9512);
#8616=PLANE('',#9513);
#8617=PLANE('',#9514);
#8618=PLANE('',#9516);
#8619=PLANE('',#9519);
#8620=PLANE('',#9522);
#8621=PLANE('',#9523);
#8622=PLANE('',#9524);
#8623=PLANE('',#9525);
#8624=PLANE('',#9526);
#8625=PLANE('',#9527);
#8626=PLANE('',#9528);
#8627=PLANE('',#9529);
#8628=PLANE('',#9530);
#8629=PLANE('',#9531);
#8630=PLANE('',#9532);
#8631=PLANE('',#9536);
#8632=PLANE('',#9540);
#8633=PLANE('',#9541);
#8634=PLANE('',#9542);
#8635=PLANE('',#9543);
#8636=PLANE('',#9544);
#8637=PLANE('',#9545);
#8638=PLANE('',#9551);
#8639=PLANE('',#9552);
#8640=PLANE('',#9555);
#8641=PLANE('',#9556);
#8642=PLANE('',#9557);
#8643=PLANE('',#9558);
#8644=PLANE('',#9559);
#8645=PLANE('',#9560);
#8646=PLANE('',#9561);
#8647=PLANE('',#9562);
#8648=PLANE('',#9563);
#8649=PLANE('',#9564);
#8650=PLANE('',#9565);
#8651=PLANE('',#9566);
#8652=PLANE('',#9567);
#8653=PLANE('',#9568);
#8654=PLANE('',#9569);
#8655=PLANE('',#9572);
#8656=PLANE('',#9573);
#8657=PLANE('',#9574);
#8658=PLANE('',#9575);
#8659=PLANE('',#9576);
#8660=PLANE('',#9580);
#8661=PLANE('',#9583);
#8662=PLANE('',#9584);
#8663=PLANE('',#9585);
#8664=PLANE('',#9586);
#8665=PLANE('',#9587);
#8666=PLANE('',#9588);
#8667=PLANE('',#9589);
#8668=PLANE('',#9590);
#8669=PLANE('',#9591);
#8670=PLANE('',#9592);
#8671=PLANE('',#9593);
#8672=PLANE('',#9594);
#8673=PLANE('',#9595);
#8674=PLANE('',#9597);
#8675=PLANE('',#9598);
#8676=PLANE('',#9601);
#8677=PLANE('',#9602);
#8678=PLANE('',#9603);
#8679=PLANE('',#9606);
#8680=PLANE('',#9607);
#8681=PLANE('',#9608);
#8682=PLANE('',#9609);
#8683=PLANE('',#9611);
#8684=PLANE('',#9612);
#8685=PLANE('',#9615);
#8686=PLANE('',#9617);
#8687=PLANE('',#9618);
#8688=PLANE('',#9619);
#8689=PLANE('',#9620);
#8690=PLANE('',#9625);
#8691=PLANE('',#9626);
#8692=PLANE('',#9628);
#8693=PLANE('',#9629);
#8694=PLANE('',#9630);
#8695=PLANE('',#9634);
#8696=PLANE('',#9635);
#8697=PLANE('',#9639);
#8698=PLANE('',#9640);
#8699=PLANE('',#9641);
#8700=PLANE('',#9642);
#8701=PLANE('',#9643);
#8702=PLANE('',#9644);
#8703=PLANE('',#9645);
#8704=PLANE('',#9646);
#8705=PLANE('',#9647);
#8706=PLANE('',#9648);
#8707=PLANE('',#9649);
#8708=PLANE('',#9650);
#8709=PLANE('',#9651);
#8710=PLANE('',#9652);
#8711=PLANE('',#9653);
#8712=PLANE('',#9654);
#8713=PLANE('',#9655);
#8714=PLANE('',#9656);
#8715=PLANE('',#9657);
#8716=PLANE('',#9658);
#8717=PLANE('',#9659);
#8718=PLANE('',#9660);
#8719=PLANE('',#9661);
#8720=PLANE('',#9662);
#8721=PLANE('',#9663);
#8722=PLANE('',#9664);
#8723=PLANE('',#9665);
#8724=PLANE('',#9666);
#8725=PLANE('',#9667);
#8726=PLANE('',#9668);
#8727=PLANE('',#9669);
#8728=PLANE('',#9672);
#8729=PLANE('',#9674);
#8730=PLANE('',#9675);
#8731=PLANE('',#9676);
#8732=PLANE('',#9677);
#8733=PLANE('',#9678);
#8734=PLANE('',#9679);
#8735=PLANE('',#9680);
#8736=PLANE('',#9681);
#8737=PLANE('',#9684);
#8738=PLANE('',#9685);
#8739=PLANE('',#9686);
#8740=PLANE('',#9687);
#8741=PLANE('',#9688);
#8742=PLANE('',#9689);
#8743=PLANE('',#9690);
#8744=PLANE('',#9691);
#8745=PLANE('',#9692);
#8746=PLANE('',#9693);
#8747=PLANE('',#9694);
#8748=PLANE('',#9695);
#8749=PLANE('',#9696);
#8750=PLANE('',#9700);
#8751=PLANE('',#9701);
#8752=PLANE('',#9702);
#8753=PLANE('',#9703);
#8754=PLANE('',#9704);
#8755=PLANE('',#9705);
#8756=PLANE('',#9706);
#8757=PLANE('',#9707);
#8758=PLANE('',#9708);
#8759=PLANE('',#9709);
#8760=PLANE('',#9710);
#8761=PLANE('',#9711);
#8762=PLANE('',#9712);
#8763=PLANE('',#9713);
#8764=PLANE('',#9714);
#8765=PLANE('',#9716);
#8766=PLANE('',#9717);
#8767=PLANE('',#9718);
#8768=PLANE('',#9719);
#8769=PLANE('',#9720);
#8770=PLANE('',#9721);
#8771=PLANE('',#9722);
#8772=PLANE('',#9723);
#8773=PLANE('',#9724);
#8774=PLANE('',#9725);
#8775=PLANE('',#9726);
#8776=PLANE('',#9727);
#8777=PLANE('',#9728);
#8778=PLANE('',#9729);
#8779=PLANE('',#9730);
#8780=PLANE('',#9731);
#8781=PLANE('',#9732);
#8782=PLANE('',#9733);
#8783=PLANE('',#9734);
#8784=PLANE('',#9735);
#8785=PLANE('',#9736);
#8786=PLANE('',#9739);
#8787=PLANE('',#9740);
#8788=PLANE('',#9741);
#8789=PLANE('',#9742);
#8790=PLANE('',#9743);
#8791=PLANE('',#9744);
#8792=PLANE('',#9745);
#8793=PLANE('',#9749);
#8794=PLANE('',#9750);
#8795=PLANE('',#9751);
#8796=PLANE('',#9752);
#8797=PLANE('',#9753);
#8798=PLANE('',#9754);
#8799=PLANE('',#9755);
#8800=PLANE('',#9756);
#8801=PLANE('',#9757);
#8802=PLANE('',#9758);
#8803=PLANE('',#9760);
#8804=PLANE('',#9761);
#8805=PLANE('',#9763);
#8806=PLANE('',#9764);
#8807=PLANE('',#9765);
#8808=PLANE('',#9766);
#8809=PLANE('',#9767);
#8810=PLANE('',#9768);
#8811=PLANE('',#9769);
#8812=PLANE('',#9770);
#8813=PLANE('',#9771);
#8814=PLANE('',#9772);
#8815=PLANE('',#9773);
#8816=PLANE('',#9774);
#8817=PLANE('',#9775);
#8818=PLANE('',#9777);
#8819=PLANE('',#9780);
#8820=PLANE('',#9781);
#8821=PLANE('',#9782);
#8822=PLANE('',#9783);
#8823=PLANE('',#9784);
#8824=PLANE('',#9787);
#8825=PLANE('',#9788);
#8826=PLANE('',#9789);
#8827=PLANE('',#9790);
#8828=PLANE('',#9791);
#8829=PLANE('',#9792);
#8830=PLANE('',#9793);
#8831=PLANE('',#9794);
#8832=PLANE('',#9795);
#8833=PLANE('',#9796);
#8834=PLANE('',#9797);
#8835=PLANE('',#9798);
#8836=PLANE('',#9799);
#8837=PLANE('',#9800);
#8838=PLANE('',#9801);
#8839=PLANE('',#9802);
#8840=PLANE('',#9803);
#8841=PLANE('',#9804);
#8842=PLANE('',#9805);
#8843=PLANE('',#9806);
#8844=PLANE('',#9807);
#8845=PLANE('',#9808);
#8846=PLANE('',#9809);
#8847=PLANE('',#9810);
#8848=PLANE('',#9811);
#8849=PLANE('',#9812);
#8850=PLANE('',#9813);
#8851=PLANE('',#9814);
#8852=PLANE('',#9815);
#8853=PLANE('',#9816);
#8854=PLANE('',#9817);
#8855=PLANE('',#9818);
#8856=PLANE('',#9819);
#8857=PLANE('',#9820);
#8858=PLANE('',#9821);
#8859=PLANE('',#9822);
#8860=PLANE('',#9823);
#8861=PLANE('',#9824);
#8862=PLANE('',#9825);
#8863=PLANE('',#9826);
#8864=PLANE('',#9827);
#8865=PLANE('',#9828);
#8866=PLANE('',#9829);
#8867=PLANE('',#9830);
#8868=PLANE('',#9831);
#8869=PLANE('',#9832);
#8870=PLANE('',#9833);
#8871=PLANE('',#9834);
#8872=PLANE('',#9835);
#8873=PLANE('',#9836);
#8874=PLANE('',#9837);
#8875=PLANE('',#9838);
#8876=PLANE('',#9839);
#8877=PLANE('',#9840);
#8878=PLANE('',#9841);
#8879=PLANE('',#9842);
#8880=PLANE('',#9843);
#8881=PLANE('',#9844);
#8882=PLANE('',#9845);
#8883=PLANE('',#9846);
#8884=PLANE('',#9847);
#8885=PLANE('',#9848);
#8886=PLANE('',#9849);
#8887=PLANE('',#9850);
#8888=PLANE('',#9851);
#8889=PLANE('',#9852);
#8890=PLANE('',#9853);
#8891=PLANE('',#9854);
#8892=PLANE('',#9855);
#8893=PLANE('',#9856);
#8894=PLANE('',#9857);
#8895=PLANE('',#9858);
#8896=PLANE('',#9859);
#8897=PLANE('',#9860);
#8898=PLANE('',#9861);
#8899=PLANE('',#9862);
#8900=PLANE('',#9863);
#8901=PLANE('',#9864);
#8902=PLANE('',#9865);
#8903=PLANE('',#9866);
#8904=PLANE('',#9867);
#8905=PLANE('',#9868);
#8906=PLANE('',#9869);
#8907=PLANE('',#9870);
#8908=PLANE('',#9871);
#8909=PLANE('',#9872);
#8910=PLANE('',#9873);
#8911=PLANE('',#9874);
#8912=PLANE('',#9875);
#8913=PLANE('',#9876);
#8914=PLANE('',#9877);
#8915=PLANE('',#9878);
#8916=PLANE('',#9879);
#8917=PLANE('',#9880);
#8918=PLANE('',#9881);
#8919=PLANE('',#9882);
#8920=PLANE('',#9883);
#8921=PLANE('',#9884);
#8922=PLANE('',#9885);
#8923=PLANE('',#9886);
#8924=PLANE('',#9887);
#8925=PLANE('',#9888);
#8926=PLANE('',#9889);
#8927=PLANE('',#9890);
#8928=PLANE('',#9891);
#8929=PLANE('',#9892);
#8930=PLANE('',#9893);
#8931=PLANE('',#9894);
#8932=PLANE('',#9895);
#8933=PLANE('',#9896);
#8934=PLANE('',#9897);
#8935=PLANE('',#9898);
#8936=PLANE('',#9899);
#8937=PLANE('',#9900);
#8938=PLANE('',#9901);
#8939=PLANE('',#9902);
#8940=PLANE('',#9903);
#8941=PLANE('',#9904);
#8942=PLANE('',#9905);
#8943=PLANE('',#9906);
#8944=PLANE('',#9907);
#8945=PLANE('',#9908);
#8946=PLANE('',#9909);
#8947=PLANE('',#9910);
#8948=PLANE('',#9911);
#8949=PLANE('',#9912);
#8950=PLANE('',#9913);
#8951=PLANE('',#9914);
#8952=PLANE('',#9915);
#8953=PLANE('',#9916);
#8954=PLANE('',#9917);
#8955=PLANE('',#9918);
#8956=PLANE('',#9919);
#8957=PLANE('',#9920);
#8958=PLANE('',#9921);
#8959=PLANE('',#9922);
#8960=PLANE('',#9923);
#8961=PLANE('',#9924);
#8962=PLANE('',#9925);
#8963=PLANE('',#9926);
#8964=PLANE('',#9927);
#8965=PLANE('',#9928);
#8966=PLANE('',#9929);
#8967=PLANE('',#9930);
#8968=PLANE('',#9931);
#8969=PLANE('',#9932);
#8970=PLANE('',#9933);
#8971=PLANE('',#9934);
#8972=PLANE('',#9935);
#8973=ADVANCED_FACE('',(#8089),#8547,.F.);
#8974=ADVANCED_FACE('',(#8090),#8548,.T.);
#8975=ADVANCED_FACE('',(#8091),#8549,.F.);
#8976=ADVANCED_FACE('',(#8092),#8550,.F.);
#8977=ADVANCED_FACE('',(#8093),#8551,.T.);
#8978=ADVANCED_FACE('',(#8094),#8552,.T.);
#8979=ADVANCED_FACE('',(#8095),#8553,.T.);
#8980=ADVANCED_FACE('',(#8096),#8554,.F.);
#8981=ADVANCED_FACE('',(#8097),#8555,.T.);
#8982=ADVANCED_FACE('',(#8098),#8556,.T.);
#8983=ADVANCED_FACE('',(#8099),#8557,.F.);
#8984=ADVANCED_FACE('',(#8100),#8558,.T.);
#8985=ADVANCED_FACE('',(#8101),#8559,.F.);
#8986=ADVANCED_FACE('',(#8102),#8560,.T.);
#8987=ADVANCED_FACE('',(#8103),#8561,.T.);
#8988=ADVANCED_FACE('',(#8104),#8562,.F.);
#8989=ADVANCED_FACE('',(#8105,#8106),#8563,.F.);
#8990=ADVANCED_FACE('',(#8107),#8564,.T.);
#8991=ADVANCED_FACE('',(#8108),#8565,.F.);
#8992=ADVANCED_FACE('',(#8109),#8566,.T.);
#8993=ADVANCED_FACE('',(#8110),#8567,.F.);
#8994=ADVANCED_FACE('',(#8111),#8568,.T.);
#8995=ADVANCED_FACE('',(#8112),#8569,.T.);
#8996=ADVANCED_FACE('',(#8113),#8570,.T.);
#8997=ADVANCED_FACE('',(#8114),#8571,.T.);
#8998=ADVANCED_FACE('',(#8115),#8572,.F.);
#8999=ADVANCED_FACE('',(#8116),#8573,.F.);
#9000=ADVANCED_FACE('',(#8117),#8574,.F.);
#9001=ADVANCED_FACE('',(#8118),#8575,.F.);
#9002=ADVANCED_FACE('',(#8119),#8576,.T.);
#9003=ADVANCED_FACE('',(#8120),#8577,.T.);
#9004=ADVANCED_FACE('',(#8121),#8578,.F.);
#9005=ADVANCED_FACE('',(#8122),#8579,.F.);
#9006=ADVANCED_FACE('',(#8123),#8580,.F.);
#9007=ADVANCED_FACE('',(#8124),#8581,.T.);
#9008=ADVANCED_FACE('',(#8125),#8582,.F.);
#9009=ADVANCED_FACE('',(#8126),#8583,.F.);
#9010=ADVANCED_FACE('',(#8127),#8584,.F.);
#9011=ADVANCED_FACE('',(#8128),#8585,.F.);
#9012=ADVANCED_FACE('',(#8129),#8586,.T.);
#9013=ADVANCED_FACE('',(#8130),#8587,.T.);
#9014=ADVANCED_FACE('',(#8131),#8588,.F.);
#9015=ADVANCED_FACE('',(#8132),#8589,.T.);
#9016=ADVANCED_FACE('',(#8133),#8590,.T.);
#9017=ADVANCED_FACE('',(#8134),#8591,.F.);
#9018=ADVANCED_FACE('',(#8135),#8592,.T.);
#9019=ADVANCED_FACE('',(#8136),#8593,.F.);
#9020=ADVANCED_FACE('',(#8137),#8594,.T.);
#9021=ADVANCED_FACE('',(#8138),#8595,.T.);
#9022=ADVANCED_FACE('',(#8139),#8596,.F.);
#9023=ADVANCED_FACE('',(#8140),#8597,.F.);
#9024=ADVANCED_FACE('',(#8141),#8598,.F.);
#9025=ADVANCED_FACE('',(#8142),#8599,.F.);
#9026=ADVANCED_FACE('',(#8143),#43,.T.);
#9027=ADVANCED_FACE('',(#8144),#44,.T.);
#9028=ADVANCED_FACE('',(#8145),#8600,.F.);
#9029=ADVANCED_FACE('',(#8146),#8601,.T.);
#9030=ADVANCED_FACE('',(#8147),#8602,.T.);
#9031=ADVANCED_FACE('',(#8148),#8603,.T.);
#9032=ADVANCED_FACE('',(#8149),#8604,.T.);
#9033=ADVANCED_FACE('',(#8150),#8605,.T.);
#9034=ADVANCED_FACE('',(#8151),#8606,.T.);
#9035=ADVANCED_FACE('',(#8152),#8607,.T.);
#9036=ADVANCED_FACE('',(#8153),#8608,.F.);
#9037=ADVANCED_FACE('',(#8154),#8609,.F.);
#9038=ADVANCED_FACE('',(#8155),#8610,.F.);
#9039=ADVANCED_FACE('',(#8156),#8611,.T.);
#9040=ADVANCED_FACE('',(#8157),#8612,.F.);
#9041=ADVANCED_FACE('',(#8158),#8613,.T.);
#9042=ADVANCED_FACE('',(#8159),#8614,.T.);
#9043=ADVANCED_FACE('',(#8160),#8615,.F.);
#9044=ADVANCED_FACE('',(#8161),#8616,.T.);
#9045=ADVANCED_FACE('',(#8162),#8617,.F.);
#9046=ADVANCED_FACE('',(#8163),#8618,.T.);
#9047=ADVANCED_FACE('',(#8164),#8619,.T.);
#9048=ADVANCED_FACE('',(#8165),#8620,.T.);
#9049=ADVANCED_FACE('',(#8166),#8621,.F.);
#9050=ADVANCED_FACE('',(#8167),#8622,.F.);
#9051=ADVANCED_FACE('',(#8168),#8623,.F.);
#9052=ADVANCED_FACE('',(#8169),#8624,.F.);
#9053=ADVANCED_FACE('',(#8170),#8625,.T.);
#9054=ADVANCED_FACE('',(#8171),#8626,.F.);
#9055=ADVANCED_FACE('',(#8172),#8627,.T.);
#9056=ADVANCED_FACE('',(#8173),#8628,.F.);
#9057=ADVANCED_FACE('',(#8174),#8629,.T.);
#9058=ADVANCED_FACE('',(#8175),#8630,.T.);
#9059=ADVANCED_FACE('',(#8176,#8177),#45,.T.);
#9060=ADVANCED_FACE('',(#8178),#8631,.F.);
#9061=ADVANCED_FACE('',(#8179,#8180),#46,.T.);
#9062=ADVANCED_FACE('',(#8181),#8632,.F.);
#9063=ADVANCED_FACE('',(#8182),#8633,.T.);
#9064=ADVANCED_FACE('',(#8183),#8634,.F.);
#9065=ADVANCED_FACE('',(#8184),#8635,.T.);
#9066=ADVANCED_FACE('',(#8185),#8636,.F.);
#9067=ADVANCED_FACE('',(#8186),#8637,.T.);
#9068=ADVANCED_FACE('',(#8187,#8188),#47,.T.);
#9069=ADVANCED_FACE('',(#8189),#8638,.F.);
#9070=ADVANCED_FACE('',(#8190),#8639,.F.);
#9071=ADVANCED_FACE('',(#8191),#8640,.F.);
#9072=ADVANCED_FACE('',(#8192),#8641,.F.);
#9073=ADVANCED_FACE('',(#8193),#8642,.T.);
#9074=ADVANCED_FACE('',(#8194),#8643,.F.);
#9075=ADVANCED_FACE('',(#8195),#8644,.T.);
#9076=ADVANCED_FACE('',(#8196),#8645,.T.);
#9077=ADVANCED_FACE('',(#8197),#8646,.T.);
#9078=ADVANCED_FACE('',(#8198),#8647,.T.);
#9079=ADVANCED_FACE('',(#8199),#8648,.T.);
#9080=ADVANCED_FACE('',(#8200),#8649,.T.);
#9081=ADVANCED_FACE('',(#8201),#8650,.F.);
#9082=ADVANCED_FACE('',(#8202),#8651,.F.);
#9083=ADVANCED_FACE('',(#8203),#8652,.T.);
#9084=ADVANCED_FACE('',(#8204),#8653,.T.);
#9085=ADVANCED_FACE('',(#8205),#8654,.T.);
#9086=ADVANCED_FACE('',(#8206),#8655,.T.);
#9087=ADVANCED_FACE('',(#8207),#8656,.T.);
#9088=ADVANCED_FACE('',(#8208),#8657,.T.);
#9089=ADVANCED_FACE('',(#8209),#8658,.T.);
#9090=ADVANCED_FACE('',(#8210),#8659,.F.);
#9091=ADVANCED_FACE('',(#8211),#48,.T.);
#9092=ADVANCED_FACE('',(#8212),#8660,.T.);
#9093=ADVANCED_FACE('',(#8213),#49,.T.);
#9094=ADVANCED_FACE('',(#8214),#8661,.F.);
#9095=ADVANCED_FACE('',(#8215),#8662,.T.);
#9096=ADVANCED_FACE('',(#8216),#8663,.F.);
#9097=ADVANCED_FACE('',(#8217),#8664,.T.);
#9098=ADVANCED_FACE('',(#8218),#8665,.T.);
#9099=ADVANCED_FACE('',(#8219),#8666,.F.);
#9100=ADVANCED_FACE('',(#8220),#8667,.T.);
#9101=ADVANCED_FACE('',(#8221),#8668,.F.);
#9102=ADVANCED_FACE('',(#8222),#8669,.F.);
#9103=ADVANCED_FACE('',(#8223),#8670,.F.);
#9104=ADVANCED_FACE('',(#8224),#8671,.F.);
#9105=ADVANCED_FACE('',(#8225),#8672,.F.);
#9106=ADVANCED_FACE('',(#8226),#8673,.T.);
#9107=ADVANCED_FACE('',(#8227),#8674,.T.);
#9108=ADVANCED_FACE('',(#8228),#8675,.T.);
#9109=ADVANCED_FACE('',(#8229),#50,.T.);
#9110=ADVANCED_FACE('',(#8230),#8676,.T.);
#9111=ADVANCED_FACE('',(#8231),#8677,.T.);
#9112=ADVANCED_FACE('',(#8232),#8678,.T.);
#9113=ADVANCED_FACE('',(#8233),#8679,.T.);
#9114=ADVANCED_FACE('',(#8234),#8680,.T.);
#9115=ADVANCED_FACE('',(#8235),#8681,.F.);
#9116=ADVANCED_FACE('',(#8236),#8682,.F.);
#9117=ADVANCED_FACE('',(#8237),#8683,.F.);
#9118=ADVANCED_FACE('',(#8238),#8684,.F.);
#9119=ADVANCED_FACE('',(#8239),#51,.T.);
#9120=ADVANCED_FACE('',(#8240),#8685,.T.);
#9121=ADVANCED_FACE('',(#8241),#8686,.T.);
#9122=ADVANCED_FACE('',(#8242),#8687,.T.);
#9123=ADVANCED_FACE('',(#8243),#8688,.T.);
#9124=ADVANCED_FACE('',(#8244),#8689,.T.);
#9125=ADVANCED_FACE('',(#8245,#8246),#52,.T.);
#9126=ADVANCED_FACE('',(#8247),#8690,.T.);
#9127=ADVANCED_FACE('',(#8248),#8691,.F.);
#9128=ADVANCED_FACE('',(#8249),#8692,.T.);
#9129=ADVANCED_FACE('',(#8250),#8693,.T.);
#9130=ADVANCED_FACE('',(#8251),#8694,.T.);
#9131=ADVANCED_FACE('',(#8252,#8253),#53,.T.);
#9132=ADVANCED_FACE('',(#8254),#20,.F.);
#9133=ADVANCED_FACE('',(#8255),#21,.T.);
#9134=ADVANCED_FACE('',(#8256),#8695,.T.);
#9135=ADVANCED_FACE('',(#8257),#8696,.F.);
#9136=ADVANCED_FACE('',(#8258,#8259),#54,.T.);
#9137=ADVANCED_FACE('',(#8260),#8697,.T.);
#9138=ADVANCED_FACE('',(#8261),#8698,.T.);
#9139=ADVANCED_FACE('',(#8262),#8699,.T.);
#9140=ADVANCED_FACE('',(#8263),#8700,.T.);
#9141=ADVANCED_FACE('',(#8264),#8701,.T.);
#9142=ADVANCED_FACE('',(#8265),#8702,.T.);
#9143=ADVANCED_FACE('',(#8266),#8703,.T.);
#9144=ADVANCED_FACE('',(#8267),#8704,.T.);
#9145=ADVANCED_FACE('',(#8268),#8705,.F.);
#9146=ADVANCED_FACE('',(#8269),#8706,.F.);
#9147=ADVANCED_FACE('',(#8270),#8707,.F.);
#9148=ADVANCED_FACE('',(#8271),#8708,.F.);
#9149=ADVANCED_FACE('',(#8272),#8709,.T.);
#9150=ADVANCED_FACE('',(#8273),#8710,.T.);
#9151=ADVANCED_FACE('',(#8274),#8711,.F.);
#9152=ADVANCED_FACE('',(#8275),#8712,.T.);
#9153=ADVANCED_FACE('',(#8276),#8713,.T.);
#9154=ADVANCED_FACE('',(#8277),#8714,.T.);
#9155=ADVANCED_FACE('',(#8278),#8715,.T.);
#9156=ADVANCED_FACE('',(#8279),#8716,.F.);
#9157=ADVANCED_FACE('',(#8280),#8717,.T.);
#9158=ADVANCED_FACE('',(#8281),#8718,.T.);
#9159=ADVANCED_FACE('',(#8282),#8719,.F.);
#9160=ADVANCED_FACE('',(#8283),#8720,.F.);
#9161=ADVANCED_FACE('',(#8284),#8721,.F.);
#9162=ADVANCED_FACE('',(#8285),#8722,.F.);
#9163=ADVANCED_FACE('',(#8286),#8723,.T.);
#9164=ADVANCED_FACE('',(#8287),#8724,.T.);
#9165=ADVANCED_FACE('',(#8288),#8725,.F.);
#9166=ADVANCED_FACE('',(#8289),#8726,.F.);
#9167=ADVANCED_FACE('',(#8290),#8727,.T.);
#9168=ADVANCED_FACE('',(#8291),#55,.T.);
#9169=ADVANCED_FACE('',(#8292),#8728,.F.);
#9170=ADVANCED_FACE('',(#8293),#8729,.T.);
#9171=ADVANCED_FACE('',(#8294),#8730,.T.);
#9172=ADVANCED_FACE('',(#8295),#8731,.T.);
#9173=ADVANCED_FACE('',(#8296),#8732,.F.);
#9174=ADVANCED_FACE('',(#8297),#8733,.F.);
#9175=ADVANCED_FACE('',(#8298),#8734,.F.);
#9176=ADVANCED_FACE('',(#8299),#8735,.F.);
#9177=ADVANCED_FACE('',(#8300,#8301),#8736,.F.);
#9178=ADVANCED_FACE('',(#8302),#8737,.F.);
#9179=ADVANCED_FACE('',(#8303),#8738,.F.);
#9180=ADVANCED_FACE('',(#8304),#8739,.F.);
#9181=ADVANCED_FACE('',(#8305),#8740,.T.);
#9182=ADVANCED_FACE('',(#8306),#8741,.T.);
#9183=ADVANCED_FACE('',(#8307),#8742,.F.);
#9184=ADVANCED_FACE('',(#8308),#8743,.F.);
#9185=ADVANCED_FACE('',(#8309),#8744,.T.);
#9186=ADVANCED_FACE('',(#8310),#8745,.F.);
#9187=ADVANCED_FACE('',(#8311),#8746,.T.);
#9188=ADVANCED_FACE('',(#8312),#8747,.T.);
#9189=ADVANCED_FACE('',(#8313),#8748,.F.);
#9190=ADVANCED_FACE('',(#8314),#8749,.F.);
#9191=ADVANCED_FACE('',(#8315),#56,.T.);
#9192=ADVANCED_FACE('',(#8316),#8750,.T.);
#9193=ADVANCED_FACE('',(#8317),#8751,.T.);
#9194=ADVANCED_FACE('',(#8318),#8752,.T.);
#9195=ADVANCED_FACE('',(#8319),#8753,.F.);
#9196=ADVANCED_FACE('',(#8320),#8754,.T.);
#9197=ADVANCED_FACE('',(#8321),#8755,.F.);
#9198=ADVANCED_FACE('',(#8322),#8756,.T.);
#9199=ADVANCED_FACE('',(#8323),#8757,.T.);
#9200=ADVANCED_FACE('',(#8324),#8758,.F.);
#9201=ADVANCED_FACE('',(#8325),#8759,.F.);
#9202=ADVANCED_FACE('',(#8326),#8760,.T.);
#9203=ADVANCED_FACE('',(#8327),#8761,.T.);
#9204=ADVANCED_FACE('',(#8328),#8762,.T.);
#9205=ADVANCED_FACE('',(#8329),#8763,.T.);
#9206=ADVANCED_FACE('',(#8330),#8764,.T.);
#9207=ADVANCED_FACE('',(#8331),#8765,.T.);
#9208=ADVANCED_FACE('',(#8332),#8766,.T.);
#9209=ADVANCED_FACE('',(#8333),#8767,.T.);
#9210=ADVANCED_FACE('',(#8334),#8768,.T.);
#9211=ADVANCED_FACE('',(#8335),#8769,.F.);
#9212=ADVANCED_FACE('',(#8336),#8770,.F.);
#9213=ADVANCED_FACE('',(#8337),#8771,.F.);
#9214=ADVANCED_FACE('',(#8338),#8772,.F.);
#9215=ADVANCED_FACE('',(#8339),#8773,.T.);
#9216=ADVANCED_FACE('',(#8340),#8774,.F.);
#9217=ADVANCED_FACE('',(#8341),#8775,.T.);
#9218=ADVANCED_FACE('',(#8342),#8776,.T.);
#9219=ADVANCED_FACE('',(#8343),#8777,.T.);
#9220=ADVANCED_FACE('',(#8344),#8778,.F.);
#9221=ADVANCED_FACE('',(#8345),#8779,.T.);
#9222=ADVANCED_FACE('',(#8346),#8780,.T.);
#9223=ADVANCED_FACE('',(#8347),#8781,.T.);
#9224=ADVANCED_FACE('',(#8348),#8782,.F.);
#9225=ADVANCED_FACE('',(#8349),#8783,.F.);
#9226=ADVANCED_FACE('',(#8350),#8784,.F.);
#9227=ADVANCED_FACE('',(#8351),#8785,.T.);
#9228=ADVANCED_FACE('',(#8352),#57,.T.);
#9229=ADVANCED_FACE('',(#8353),#8786,.F.);
#9230=ADVANCED_FACE('',(#8354),#8787,.F.);
#9231=ADVANCED_FACE('',(#8355),#8788,.T.);
#9232=ADVANCED_FACE('',(#8356),#8789,.T.);
#9233=ADVANCED_FACE('',(#8357),#8790,.T.);
#9234=ADVANCED_FACE('',(#8358),#8791,.T.);
#9235=ADVANCED_FACE('',(#8359),#8792,.F.);
#9236=ADVANCED_FACE('',(#8360,#8361),#58,.T.);
#9237=ADVANCED_FACE('',(#8362),#8793,.T.);
#9238=ADVANCED_FACE('',(#8363),#8794,.T.);
#9239=ADVANCED_FACE('',(#8364),#8795,.F.);
#9240=ADVANCED_FACE('',(#8365),#8796,.T.);
#9241=ADVANCED_FACE('',(#8366),#8797,.T.);
#9242=ADVANCED_FACE('',(#8367),#8798,.T.);
#9243=ADVANCED_FACE('',(#8368),#8799,.T.);
#9244=ADVANCED_FACE('',(#8369),#8800,.T.);
#9245=ADVANCED_FACE('',(#8370),#8801,.T.);
#9246=ADVANCED_FACE('',(#8371),#8802,.T.);
#9247=ADVANCED_FACE('',(#8372),#22,.F.);
#9248=ADVANCED_FACE('',(#8373),#8803,.T.);
#9249=ADVANCED_FACE('',(#8374),#8804,.F.);
#9250=ADVANCED_FACE('',(#8375),#59,.T.);
#9251=ADVANCED_FACE('',(#8376),#8805,.F.);
#9252=ADVANCED_FACE('',(#8377),#8806,.F.);
#9253=ADVANCED_FACE('',(#8378),#8807,.F.);
#9254=ADVANCED_FACE('',(#8379),#8808,.T.);
#9255=ADVANCED_FACE('',(#8380),#8809,.T.);
#9256=ADVANCED_FACE('',(#8381),#8810,.T.);
#9257=ADVANCED_FACE('',(#8382),#8811,.F.);
#9258=ADVANCED_FACE('',(#8383),#8812,.F.);
#9259=ADVANCED_FACE('',(#8384),#8813,.T.);
#9260=ADVANCED_FACE('',(#8385),#8814,.T.);
#9261=ADVANCED_FACE('',(#8386),#8815,.F.);
#9262=ADVANCED_FACE('',(#8387),#8816,.T.);
#9263=ADVANCED_FACE('',(#8388),#8817,.T.);
#9264=ADVANCED_FACE('',(#8389),#8818,.T.);
#9265=ADVANCED_FACE('',(#8390),#60,.T.);
#9266=ADVANCED_FACE('',(#8391),#8819,.F.);
#9267=ADVANCED_FACE('',(#8392),#8820,.T.);
#9268=ADVANCED_FACE('',(#8393),#8821,.F.);
#9269=ADVANCED_FACE('',(#8394),#8822,.F.);
#9270=ADVANCED_FACE('',(#8395),#8823,.T.);
#9271=ADVANCED_FACE('',(#8396),#61,.T.);
#9272=ADVANCED_FACE('',(#8397),#8824,.T.);
#9273=ADVANCED_FACE('',(#8398),#8825,.F.);
#9274=ADVANCED_FACE('',(#8399),#8826,.T.);
#9275=ADVANCED_FACE('',(#8400),#8827,.T.);
#9276=ADVANCED_FACE('',(#8401),#8828,.F.);
#9277=ADVANCED_FACE('',(#8402),#8829,.T.);
#9278=ADVANCED_FACE('',(#8403),#8830,.F.);
#9279=ADVANCED_FACE('',(#8404),#8831,.T.);
#9280=ADVANCED_FACE('',(#8405),#8832,.T.);
#9281=ADVANCED_FACE('',(#8406),#8833,.T.);
#9282=ADVANCED_FACE('',(#8407),#8834,.F.);
#9283=ADVANCED_FACE('',(#8408),#8835,.T.);
#9284=ADVANCED_FACE('',(#8409),#8836,.T.);
#9285=ADVANCED_FACE('',(#8410),#8837,.T.);
#9286=ADVANCED_FACE('',(#8411),#8838,.F.);
#9287=ADVANCED_FACE('',(#8412),#8839,.F.);
#9288=ADVANCED_FACE('',(#8413),#8840,.F.);
#9289=ADVANCED_FACE('',(#8414),#8841,.F.);
#9290=ADVANCED_FACE('',(#8415),#8842,.F.);
#9291=ADVANCED_FACE('',(#8416),#8843,.F.);
#9292=ADVANCED_FACE('',(#8417),#8844,.F.);
#9293=ADVANCED_FACE('',(#8418),#8845,.F.);
#9294=ADVANCED_FACE('',(#8419),#8846,.F.);
#9295=ADVANCED_FACE('',(#8420),#8847,.F.);
#9296=ADVANCED_FACE('',(#8421),#8848,.F.);
#9297=ADVANCED_FACE('',(#8422),#8849,.F.);
#9298=ADVANCED_FACE('',(#8423),#8850,.F.);
#9299=ADVANCED_FACE('',(#8424),#8851,.F.);
#9300=ADVANCED_FACE('',(#8425),#8852,.F.);
#9301=ADVANCED_FACE('',(#8426),#8853,.F.);
#9302=ADVANCED_FACE('',(#8427),#8854,.T.);
#9303=ADVANCED_FACE('',(#8428),#8855,.F.);
#9304=ADVANCED_FACE('',(#8429),#8856,.T.);
#9305=ADVANCED_FACE('',(#8430),#8857,.F.);
#9306=ADVANCED_FACE('',(#8431),#8858,.F.);
#9307=ADVANCED_FACE('',(#8432),#8859,.F.);
#9308=ADVANCED_FACE('',(#8433),#8860,.T.);
#9309=ADVANCED_FACE('',(#8434),#8861,.T.);
#9310=ADVANCED_FACE('',(#8435),#8862,.F.);
#9311=ADVANCED_FACE('',(#8436),#8863,.T.);
#9312=ADVANCED_FACE('',(#8437),#8864,.F.);
#9313=ADVANCED_FACE('',(#8438),#8865,.T.);
#9314=ADVANCED_FACE('',(#8439),#8866,.T.);
#9315=ADVANCED_FACE('',(#8440),#8867,.T.);
#9316=ADVANCED_FACE('',(#8441),#8868,.F.);
#9317=ADVANCED_FACE('',(#8442),#8869,.T.);
#9318=ADVANCED_FACE('',(#8443),#8870,.F.);
#9319=ADVANCED_FACE('',(#8444),#8871,.F.);
#9320=ADVANCED_FACE('',(#8445),#8872,.T.);
#9321=ADVANCED_FACE('',(#8446),#8873,.F.);
#9322=ADVANCED_FACE('',(#8447),#8874,.F.);
#9323=ADVANCED_FACE('',(#8448),#8875,.F.);
#9324=ADVANCED_FACE('',(#8449),#8876,.F.);
#9325=ADVANCED_FACE('',(#8450),#8877,.T.);
#9326=ADVANCED_FACE('',(#8451),#8878,.F.);
#9327=ADVANCED_FACE('',(#8452),#8879,.F.);
#9328=ADVANCED_FACE('',(#8453),#8880,.F.);
#9329=ADVANCED_FACE('',(#8454),#8881,.T.);
#9330=ADVANCED_FACE('',(#8455),#8882,.F.);
#9331=ADVANCED_FACE('',(#8456),#8883,.F.);
#9332=ADVANCED_FACE('',(#8457),#8884,.T.);
#9333=ADVANCED_FACE('',(#8458),#8885,.T.);
#9334=ADVANCED_FACE('',(#8459),#8886,.T.);
#9335=ADVANCED_FACE('',(#8460),#8887,.F.);
#9336=ADVANCED_FACE('',(#8461),#8888,.F.);
#9337=ADVANCED_FACE('',(#8462),#8889,.T.);
#9338=ADVANCED_FACE('',(#8463),#8890,.T.);
#9339=ADVANCED_FACE('',(#8464),#8891,.T.);
#9340=ADVANCED_FACE('',(#8465),#8892,.F.);
#9341=ADVANCED_FACE('',(#8466),#8893,.T.);
#9342=ADVANCED_FACE('',(#8467),#8894,.F.);
#9343=ADVANCED_FACE('',(#8468),#8895,.T.);
#9344=ADVANCED_FACE('',(#8469),#8896,.T.);
#9345=ADVANCED_FACE('',(#8470),#8897,.T.);
#9346=ADVANCED_FACE('',(#8471),#8898,.F.);
#9347=ADVANCED_FACE('',(#8472),#8899,.T.);
#9348=ADVANCED_FACE('',(#8473),#8900,.T.);
#9349=ADVANCED_FACE('',(#8474),#8901,.T.);
#9350=ADVANCED_FACE('',(#8475),#8902,.T.);
#9351=ADVANCED_FACE('',(#8476),#8903,.T.);
#9352=ADVANCED_FACE('',(#8477),#8904,.F.);
#9353=ADVANCED_FACE('',(#8478),#8905,.F.);
#9354=ADVANCED_FACE('',(#8479),#8906,.T.);
#9355=ADVANCED_FACE('',(#8480),#8907,.F.);
#9356=ADVANCED_FACE('',(#8481),#8908,.T.);
#9357=ADVANCED_FACE('',(#8482),#8909,.F.);
#9358=ADVANCED_FACE('',(#8483),#8910,.T.);
#9359=ADVANCED_FACE('',(#8484),#8911,.T.);
#9360=ADVANCED_FACE('',(#8485),#8912,.T.);
#9361=ADVANCED_FACE('',(#8486),#8913,.T.);
#9362=ADVANCED_FACE('',(#8487),#8914,.T.);
#9363=ADVANCED_FACE('',(#8488),#8915,.F.);
#9364=ADVANCED_FACE('',(#8489),#8916,.F.);
#9365=ADVANCED_FACE('',(#8490),#8917,.F.);
#9366=ADVANCED_FACE('',(#8491),#8918,.T.);
#9367=ADVANCED_FACE('',(#8492),#8919,.T.);
#9368=ADVANCED_FACE('',(#8493),#8920,.F.);
#9369=ADVANCED_FACE('',(#8494),#8921,.T.);
#9370=ADVANCED_FACE('',(#8495),#8922,.T.);
#9371=ADVANCED_FACE('',(#8496),#8923,.T.);
#9372=ADVANCED_FACE('',(#8497),#8924,.T.);
#9373=ADVANCED_FACE('',(#8498),#8925,.F.);
#9374=ADVANCED_FACE('',(#8499),#8926,.T.);
#9375=ADVANCED_FACE('',(#8500),#8927,.F.);
#9376=ADVANCED_FACE('',(#8501),#8928,.F.);
#9377=ADVANCED_FACE('',(#8502),#8929,.F.);
#9378=ADVANCED_FACE('',(#8503),#8930,.T.);
#9379=ADVANCED_FACE('',(#8504),#8931,.F.);
#9380=ADVANCED_FACE('',(#8505),#8932,.F.);
#9381=ADVANCED_FACE('',(#8506),#8933,.T.);
#9382=ADVANCED_FACE('',(#8507),#8934,.T.);
#9383=ADVANCED_FACE('',(#8508),#8935,.F.);
#9384=ADVANCED_FACE('',(#8509),#8936,.F.);
#9385=ADVANCED_FACE('',(#8510),#8937,.T.);
#9386=ADVANCED_FACE('',(#8511),#8938,.F.);
#9387=ADVANCED_FACE('',(#8512),#8939,.F.);
#9388=ADVANCED_FACE('',(#8513),#8940,.F.);
#9389=ADVANCED_FACE('',(#8514),#8941,.T.);
#9390=ADVANCED_FACE('',(#8515),#8942,.F.);
#9391=ADVANCED_FACE('',(#8516),#8943,.F.);
#9392=ADVANCED_FACE('',(#8517),#8944,.T.);
#9393=ADVANCED_FACE('',(#8518),#8945,.F.);
#9394=ADVANCED_FACE('',(#8519),#8946,.F.);
#9395=ADVANCED_FACE('',(#8520),#8947,.F.);
#9396=ADVANCED_FACE('',(#8521),#8948,.T.);
#9397=ADVANCED_FACE('',(#8522),#23,.T.);
#9398=ADVANCED_FACE('',(#8523),#8949,.F.);
#9399=ADVANCED_FACE('',(#8524),#8950,.F.);
#9400=ADVANCED_FACE('',(#8525),#8951,.T.);
#9401=ADVANCED_FACE('',(#8526),#8952,.F.);
#9402=ADVANCED_FACE('',(#8527),#8953,.F.);
#9403=ADVANCED_FACE('',(#8528),#8954,.T.);
#9404=ADVANCED_FACE('',(#8529),#8955,.T.);
#9405=ADVANCED_FACE('',(#8530),#8956,.F.);
#9406=ADVANCED_FACE('',(#8531),#8957,.T.);
#9407=ADVANCED_FACE('',(#8532),#8958,.F.);
#9408=ADVANCED_FACE('',(#8533),#8959,.F.);
#9409=ADVANCED_FACE('',(#8534),#8960,.F.);
#9410=ADVANCED_FACE('',(#8535),#8961,.F.);
#9411=ADVANCED_FACE('',(#8536),#8962,.T.);
#9412=ADVANCED_FACE('',(#8537),#8963,.T.);
#9413=ADVANCED_FACE('',(#8538),#8964,.T.);
#9414=ADVANCED_FACE('',(#8539),#8965,.T.);
#9415=ADVANCED_FACE('',(#8540),#8966,.T.);
#9416=ADVANCED_FACE('',(#8541),#8967,.T.);
#9417=ADVANCED_FACE('',(#8542),#8968,.T.);
#9418=ADVANCED_FACE('',(#8543),#8969,.T.);
#9419=ADVANCED_FACE('',(#8544),#8970,.T.);
#9420=ADVANCED_FACE('',(#8545),#8971,.T.);
#9421=ADVANCED_FACE('',(#8546),#8972,.T.);
#9422=CLOSED_SHELL('',(#8973,#8974,#8975,#8976,#8977,#8978,#8979,#8980,
#8981,#8982,#8983,#8984,#8985,#8986,#8987,#8988,#8989,#8990,#8991,#8992,
#8993,#8994,#8995,#8996,#8997,#8998,#8999,#9000,#9001,#9002,#9003,#9004,
#9005,#9006,#9007,#9008,#9009,#9010,#9011,#9012,#9013,#9014,#9015,#9016,
#9017,#9018,#9019,#9020,#9021,#9022,#9023,#9024,#9025,#9026,#9027,#9028,
#9029,#9030,#9031,#9032,#9033,#9034,#9035,#9036,#9037,#9038,#9039,#9040,
#9041,#9042,#9043,#9044,#9045,#9046,#9047,#9048,#9049,#9050,#9051,#9052,
#9053,#9054,#9055,#9056,#9057,#9058,#9059,#9060,#9061,#9062,#9063,#9064,
#9065,#9066,#9067,#9068,#9069,#9070,#9071,#9072,#9073,#9074,#9075,#9076,
#9077,#9078,#9079,#9080,#9081,#9082,#9083,#9084,#9085,#9086,#9087,#9088,
#9089,#9090,#9091,#9092,#9093,#9094,#9095,#9096,#9097,#9098,#9099,#9100,
#9101,#9102,#9103,#9104,#9105,#9106,#9107,#9108,#9109,#9110,#9111,#9112,
#9113,#9114,#9115,#9116,#9117,#9118,#9119,#9120,#9121,#9122,#9123,#9124,
#9125,#9126,#9127,#9128,#9129,#9130,#9131,#9132,#9133,#9134,#9135,#9136,
#9137,#9138,#9139,#9140,#9141,#9142,#9143,#9144,#9145,#9146,#9147,#9148,
#9149,#9150,#9151,#9152,#9153,#9154,#9155,#9156,#9157,#9158,#9159,#9160,
#9161,#9162,#9163,#9164,#9165,#9166,#9167,#9168,#9169,#9170,#9171,#9172,
#9173,#9174,#9175,#9176,#9177,#9178,#9179,#9180,#9181,#9182,#9183,#9184,
#9185,#9186,#9187,#9188,#9189,#9190,#9191,#9192,#9193,#9194,#9195,#9196,
#9197,#9198,#9199,#9200,#9201,#9202,#9203,#9204,#9205,#9206,#9207,#9208,
#9209,#9210,#9211,#9212,#9213,#9214,#9215,#9216,#9217,#9218,#9219,#9220,
#9221,#9222,#9223,#9224,#9225,#9226,#9227,#9228,#9229,#9230,#9231,#9232,
#9233,#9234,#9235,#9236,#9237,#9238,#9239,#9240,#9241,#9242,#9243,#9244,
#9245,#9246,#9247,#9248,#9249,#9250,#9251,#9252,#9253,#9254,#9255,#9256,
#9257,#9258,#9259,#9260,#9261,#9262,#9263,#9264,#9265,#9266,#9267,#9268,
#9269,#9270,#9271,#9272,#9273,#9274,#9275,#9276,#9277,#9278,#9279,#9280,
#9281,#9282,#9283,#9284,#9285,#9286,#9287,#9288,#9289,#9290,#9291,#9292,
#9293,#9294,#9295,#9296,#9297,#9298,#9299,#9300,#9301,#9302,#9303,#9304,
#9305,#9306,#9307,#9308,#9309,#9310,#9311,#9312,#9313,#9314,#9315,#9316,
#9317,#9318,#9319,#9320,#9321,#9322,#9323,#9324,#9325,#9326,#9327,#9328,
#9329,#9330,#9331,#9332,#9333,#9334,#9335,#9336,#9337,#9338,#9339,#9340,
#9341,#9342,#9343,#9344,#9345,#9346,#9347,#9348,#9349,#9350,#9351,#9352,
#9353,#9354,#9355,#9356,#9357,#9358,#9359,#9360,#9361,#9362,#9363,#9364,
#9365,#9366,#9367,#9368,#9369,#9370,#9371,#9372,#9373,#9374,#9375,#9376,
#9377,#9378,#9379,#9380,#9381,#9382,#9383,#9384,#9385,#9386,#9387,#9388,
#9389,#9390,#9391,#9392,#9393,#9394,#9395,#9396,#9397,#9398,#9399,#9400,
#9401,#9402,#9403,#9404,#9405,#9406,#9407,#9408,#9409,#9410,#9411,#9412,
#9413,#9414,#9415,#9416,#9417,#9418,#9419,#9420,#9421));
#9423=STYLED_ITEM('',(#9424),#9431);
#9424=PRESENTATION_STYLE_ASSIGNMENT((#9425));
#9425=SURFACE_STYLE_USAGE(.BOTH.,#9426);
#9426=SURFACE_SIDE_STYLE('',(#9427));
#9427=SURFACE_STYLE_FILL_AREA(#9428);
#9428=FILL_AREA_STYLE('',(#9429));
#9429=FILL_AREA_STYLE_COLOUR('',#9430);
#9430=COLOUR_RGB('',0.0980392156862745,0.0980392156862745,0.0980392156862745);
#9431=MANIFOLD_SOLID_BREP('Component5 (2)',#9422);
#9432=SHAPE_DEFINITION_REPRESENTATION(#15865,#9433);
#9433=SHAPE_REPRESENTATION('Component5 (2)',(#9434),#15860);
#9434=AXIS2_PLACEMENT_3D('',#12224,#9936,#9937);
#9435=AXIS2_PLACEMENT_3D('',#12225,#9938,#9939);
#9436=AXIS2_PLACEMENT_3D('',#12234,#9944,#9945);
#9437=AXIS2_PLACEMENT_3D('',#12243,#9950,#9951);
#9438=AXIS2_PLACEMENT_3D('',#12249,#9955,#9956);
#9439=AXIS2_PLACEMENT_3D('',#12269,#9967,#9968);
#9440=AXIS2_PLACEMENT_3D('',#12337,#10003,#10004);
#9441=AXIS2_PLACEMENT_3D('',#12341,#10007,#10008);
#9442=AXIS2_PLACEMENT_3D('',#12347,#10012,#10013);
#9443=AXIS2_PLACEMENT_3D('',#12351,#10016,#10017);
#9444=AXIS2_PLACEMENT_3D('',#12357,#10021,#10022);
#9445=AXIS2_PLACEMENT_3D('',#12363,#10026,#10027);
#9446=AXIS2_PLACEMENT_3D('',#12367,#10030,#10031);
#9447=AXIS2_PLACEMENT_3D('',#12371,#10034,#10035);
#9448=AXIS2_PLACEMENT_3D('',#12377,#10039,#10040);
#9449=AXIS2_PLACEMENT_3D('',#12381,#10043,#10044);
#9450=AXIS2_PLACEMENT_3D('',#12387,#10048,#10049);
#9451=AXIS2_PLACEMENT_3D('',#12393,#10053,#10054);
#9452=AXIS2_PLACEMENT_3D('',#12404,#10057,#10058);
#9453=AXIS2_PLACEMENT_3D('',#12408,#10060,#10061);
#9454=AXIS2_PLACEMENT_3D('',#12490,#10103,#10104);
#9455=AXIS2_PLACEMENT_3D('',#12494,#10107,#10108);
#9456=AXIS2_PLACEMENT_3D('',#12498,#10111,#10112);
#9457=AXIS2_PLACEMENT_3D('',#12504,#10116,#10117);
#9458=AXIS2_PLACEMENT_3D('',#12516,#10124,#10125);
#9459=AXIS2_PLACEMENT_3D('',#12575,#10159,#10160);
#9460=AXIS2_PLACEMENT_3D('',#12591,#10169,#10170);
#9461=AXIS2_PLACEMENT_3D('',#12609,#10180,#10181);
#9462=AXIS2_PLACEMENT_3D('',#12618,#10187,#10188);
#9463=AXIS2_PLACEMENT_3D('',#12624,#10193,#10194);
#9464=AXIS2_PLACEMENT_3D('',#12642,#10204,#10205);
#9465=AXIS2_PLACEMENT_3D('',#12655,#10213,#10214);
#9466=AXIS2_PLACEMENT_3D('',#12668,#10222,#10223);
#9467=AXIS2_PLACEMENT_3D('',#12674,#10227,#10228);
#9468=AXIS2_PLACEMENT_3D('',#12690,#10237,#10238);
#9469=AXIS2_PLACEMENT_3D('',#12698,#10244,#10245);
#9470=AXIS2_PLACEMENT_3D('',#12709,#10252,#10253);
#9471=AXIS2_PLACEMENT_3D('',#12724,#10262,#10263);
#9472=AXIS2_PLACEMENT_3D('',#12737,#10271,#10272);
#9473=AXIS2_PLACEMENT_3D('',#12784,#10281,#10282);
#9474=AXIS2_PLACEMENT_3D('',#12785,#10283,#10284);
#9475=AXIS2_PLACEMENT_3D('',#12789,#10287,#10288);
#9476=AXIS2_PLACEMENT_3D('',#12793,#10291,#10292);
#9477=AXIS2_PLACEMENT_3D('',#12796,#10295,#10296);
#9478=AXIS2_PLACEMENT_3D('',#12797,#10297,#10298);
#9479=AXIS2_PLACEMENT_3D('',#12801,#10301,#10302);
#9480=AXIS2_PLACEMENT_3D('',#12804,#10305,#10306);
#9481=AXIS2_PLACEMENT_3D('',#12805,#10307,#10308);
#9482=AXIS2_PLACEMENT_3D('',#12807,#10310,#10311);
#9483=AXIS2_PLACEMENT_3D('',#12811,#10314,#10315);
#9484=AXIS2_PLACEMENT_3D('',#12816,#10319,#10320);
#9485=AXIS2_PLACEMENT_3D('',#12818,#10322,#10323);
#9486=AXIS2_PLACEMENT_3D('',#12820,#10325,#10326);
#9487=AXIS2_PLACEMENT_3D('',#12822,#10328,#10329);
#9488=AXIS2_PLACEMENT_3D('',#12823,#10330,#10331);
#9489=AXIS2_PLACEMENT_3D('',#12824,#10332,#10333);
#9490=AXIS2_PLACEMENT_3D('',#12829,#10337,#10338);
#9491=AXIS2_PLACEMENT_3D('',#12832,#10340,#10341);
#9492=AXIS2_PLACEMENT_3D('',#12834,#10342,#10343);
#9493=AXIS2_PLACEMENT_3D('',#12835,#10344,#10345);
#9494=AXIS2_PLACEMENT_3D('',#12836,#10346,#10347);
#9495=AXIS2_PLACEMENT_3D('',#12840,#10349,#10350);
#9496=AXIS2_PLACEMENT_3D('',#12841,#10351,#10352);
#9497=AXIS2_PLACEMENT_3D('',#12843,#10354,#10355);
#9498=AXIS2_PLACEMENT_3D('',#12845,#10357,#10358);
#9499=AXIS2_PLACEMENT_3D('',#12846,#10359,#10360);
#9500=AXIS2_PLACEMENT_3D('',#12849,#10363,#10364);
#9501=AXIS2_PLACEMENT_3D('',#12855,#10368,#10369);
#9502=AXIS2_PLACEMENT_3D('',#12857,#10371,#10372);
#9503=AXIS2_PLACEMENT_3D('',#12858,#10373,#10374);
#9504=AXIS2_PLACEMENT_3D('',#12866,#10379,#10380);
#9505=AXIS2_PLACEMENT_3D('',#12868,#10382,#10383);
#9506=AXIS2_PLACEMENT_3D('',#12875,#10387,#10388);
#9507=AXIS2_PLACEMENT_3D('',#12878,#10390,#10391);
#9508=AXIS2_PLACEMENT_3D('',#12879,#10392,#10393);
#9509=AXIS2_PLACEMENT_3D('',#12883,#10396,#10397);
#9510=AXIS2_PLACEMENT_3D('',#12885,#10399,#10400);
#9511=AXIS2_PLACEMENT_3D('',#12887,#10402,#10403);
#9512=AXIS2_PLACEMENT_3D('',#12889,#10405,#10406);
#9513=AXIS2_PLACEMENT_3D('',#12891,#10408,#10409);
#9514=AXIS2_PLACEMENT_3D('',#12897,#10413,#10414);
#9515=AXIS2_PLACEMENT_3D('',#12904,#10418,#10419);
#9516=AXIS2_PLACEMENT_3D('',#12907,#10421,#10422);
#9517=AXIS2_PLACEMENT_3D('',#12913,#10425,#10426);
#9518=AXIS2_PLACEMENT_3D('',#12918,#10429,#10430);
#9519=AXIS2_PLACEMENT_3D('',#12921,#10432,#10433);
#9520=AXIS2_PLACEMENT_3D('',#12927,#10436,#10437);
#9521=AXIS2_PLACEMENT_3D('',#12930,#10439,#10440);
#9522=AXIS2_PLACEMENT_3D('',#12933,#10442,#10443);
#9523=AXIS2_PLACEMENT_3D('',#12934,#10444,#10445);
#9524=AXIS2_PLACEMENT_3D('',#12937,#10448,#10449);
#9525=AXIS2_PLACEMENT_3D('',#12938,#10450,#10451);
#9526=AXIS2_PLACEMENT_3D('',#12939,#10452,#10453);
#9527=AXIS2_PLACEMENT_3D('',#12941,#10455,#10456);
#9528=AXIS2_PLACEMENT_3D('',#12945,#10459,#10460);
#9529=AXIS2_PLACEMENT_3D('',#12948,#10463,#10464);
#9530=AXIS2_PLACEMENT_3D('',#12952,#10467,#10468);
#9531=AXIS2_PLACEMENT_3D('',#12973,#10480,#10481);
#9532=AXIS2_PLACEMENT_3D('',#12977,#10484,#10485);
#9533=AXIS2_PLACEMENT_3D('',#12981,#10488,#10489);
#9534=AXIS2_PLACEMENT_3D('',#12982,#10490,#10491);
#9535=AXIS2_PLACEMENT_3D('',#12987,#10493,#10494);
#9536=AXIS2_PLACEMENT_3D('',#12990,#10496,#10497);
#9537=AXIS2_PLACEMENT_3D('',#12992,#10499,#10500);
#9538=AXIS2_PLACEMENT_3D('',#12993,#10501,#10502);
#9539=AXIS2_PLACEMENT_3D('',#12998,#10504,#10505);
#9540=AXIS2_PLACEMENT_3D('',#13002,#10508,#10509);
#9541=AXIS2_PLACEMENT_3D('',#13003,#10510,#10511);
#9542=AXIS2_PLACEMENT_3D('',#13004,#10512,#10513);
#9543=AXIS2_PLACEMENT_3D('',#13005,#10514,#10515);
#9544=AXIS2_PLACEMENT_3D('',#13011,#10519,#10520);
#9545=AXIS2_PLACEMENT_3D('',#13012,#10521,#10522);
#9546=AXIS2_PLACEMENT_3D('',#13019,#10526,#10527);
#9547=AXIS2_PLACEMENT_3D('',#13020,#10528,#10529);
#9548=AXIS2_PLACEMENT_3D('',#13024,#10531,#10532);
#9549=AXIS2_PLACEMENT_3D('',#13028,#10534,#10535);
#9550=AXIS2_PLACEMENT_3D('',#13029,#10536,#10537);
#9551=AXIS2_PLACEMENT_3D('',#13034,#10540,#10541);
#9552=AXIS2_PLACEMENT_3D('',#13057,#10554,#10555);
#9553=AXIS2_PLACEMENT_3D('',#13068,#10561,#10562);
#9554=AXIS2_PLACEMENT_3D('',#13080,#10568,#10569);
#9555=AXIS2_PLACEMENT_3D('',#13081,#10570,#10571);
#9556=AXIS2_PLACEMENT_3D('',#13130,#10599,#10600);
#9557=AXIS2_PLACEMENT_3D('',#13138,#10605,#10606);
#9558=AXIS2_PLACEMENT_3D('',#13146,#10611,#10612);
#9559=AXIS2_PLACEMENT_3D('',#13158,#10619,#10620);
#9560=AXIS2_PLACEMENT_3D('',#13175,#10630,#10631);
#9561=AXIS2_PLACEMENT_3D('',#13181,#10635,#10636);
#9562=AXIS2_PLACEMENT_3D('',#13201,#10647,#10648);
#9563=AXIS2_PLACEMENT_3D('',#13213,#10655,#10656);
#9564=AXIS2_PLACEMENT_3D('',#13226,#10664,#10665);
#9565=AXIS2_PLACEMENT_3D('',#13296,#10703,#10704);
#9566=AXIS2_PLACEMENT_3D('',#13316,#10715,#10716);
#9567=AXIS2_PLACEMENT_3D('',#13318,#10718,#10719);
#9568=AXIS2_PLACEMENT_3D('',#13329,#10726,#10727);
#9569=AXIS2_PLACEMENT_3D('',#13363,#10745,#10746);
#9570=AXIS2_PLACEMENT_3D('',#13366,#10748,#10749);
#9571=AXIS2_PLACEMENT_3D('',#13378,#10755,#10756);
#9572=AXIS2_PLACEMENT_3D('',#13385,#10760,#10761);
#9573=AXIS2_PLACEMENT_3D('',#13388,#10764,#10765);
#9574=AXIS2_PLACEMENT_3D('',#13394,#10769,#10770);
#9575=AXIS2_PLACEMENT_3D('',#13397,#10773,#10774);
#9576=AXIS2_PLACEMENT_3D('',#13403,#10778,#10779);
#9577=AXIS2_PLACEMENT_3D('',#13409,#10783,#10784);
#9578=AXIS2_PLACEMENT_3D('',#13410,#10785,#10786);
#9579=AXIS2_PLACEMENT_3D('',#13412,#10787,#10788);
#9580=AXIS2_PLACEMENT_3D('',#13415,#10790,#10791);
#9581=AXIS2_PLACEMENT_3D('',#13418,#10793,#10794);
#9582=AXIS2_PLACEMENT_3D('',#13423,#10797,#10798);
#9583=AXIS2_PLACEMENT_3D('',#13425,#10800,#10801);
#9584=AXIS2_PLACEMENT_3D('',#13428,#10804,#10805);
#9585=AXIS2_PLACEMENT_3D('',#13432,#10808,#10809);
#9586=AXIS2_PLACEMENT_3D('',#13435,#10812,#10813);
#9587=AXIS2_PLACEMENT_3D('',#13441,#10817,#10818);
#9588=AXIS2_PLACEMENT_3D('',#13445,#10821,#10822);
#9589=AXIS2_PLACEMENT_3D('',#13449,#10825,#10826);
#9590=AXIS2_PLACEMENT_3D('',#13451,#10828,#10829);
#9591=AXIS2_PLACEMENT_3D('',#13453,#10831,#10832);
#9592=AXIS2_PLACEMENT_3D('',#13459,#10836,#10837);
#9593=AXIS2_PLACEMENT_3D('',#13464,#10838,#10839);
#9594=AXIS2_PLACEMENT_3D('',#13483,#10842,#10843);
#9595=AXIS2_PLACEMENT_3D('',#13484,#10844,#10845);
#9596=AXIS2_PLACEMENT_3D('',#13489,#10848,#10849);
#9597=AXIS2_PLACEMENT_3D('',#13490,#10850,#10851);
#9598=AXIS2_PLACEMENT_3D('',#13494,#10854,#10855);
#9599=AXIS2_PLACEMENT_3D('',#13496,#10857,#10858);
#9600=AXIS2_PLACEMENT_3D('',#13499,#10860,#10861);
#9601=AXIS2_PLACEMENT_3D('',#13502,#10863,#10864);
#9602=AXIS2_PLACEMENT_3D('',#13508,#10868,#10869);
#9603=AXIS2_PLACEMENT_3D('',#13510,#10871,#10872);
#9604=AXIS2_PLACEMENT_3D('',#13513,#10874,#10875);
#9605=AXIS2_PLACEMENT_3D('',#13518,#10878,#10879);
#9606=AXIS2_PLACEMENT_3D('',#13521,#10881,#10882);
#9607=AXIS2_PLACEMENT_3D('',#13523,#10884,#10885);
#9608=AXIS2_PLACEMENT_3D('',#13527,#10889,#10890);
#9609=AXIS2_PLACEMENT_3D('',#13531,#10893,#10894);
#9610=AXIS2_PLACEMENT_3D('',#13538,#10898,#10899);
#9611=AXIS2_PLACEMENT_3D('',#13539,#10900,#10901);
#9612=AXIS2_PLACEMENT_3D('',#13547,#10906,#10907);
#9613=AXIS2_PLACEMENT_3D('',#13551,#10910,#10911);
#9614=AXIS2_PLACEMENT_3D('',#13552,#10912,#10913);
#9615=AXIS2_PLACEMENT_3D('',#13557,#10916,#10917);
#9616=AXIS2_PLACEMENT_3D('',#13562,#10920,#10921);
#9617=AXIS2_PLACEMENT_3D('',#13563,#10922,#10923);
#9618=AXIS2_PLACEMENT_3D('',#13567,#10926,#10927);
#9619=AXIS2_PLACEMENT_3D('',#13569,#10929,#10930);
#9620=AXIS2_PLACEMENT_3D('',#13573,#10933,#10934);
#9621=AXIS2_PLACEMENT_3D('',#13575,#10936,#10937);
#9622=AXIS2_PLACEMENT_3D('',#13579,#10939,#10940);
#9623=AXIS2_PLACEMENT_3D('',#13583,#10942,#10943);
#9624=AXIS2_PLACEMENT_3D('',#13584,#10944,#10945);
#9625=AXIS2_PLACEMENT_3D('',#13585,#10946,#10947);
#9626=AXIS2_PLACEMENT_3D('',#13587,#10949,#10950);
#9627=AXIS2_PLACEMENT_3D('',#13588,#10951,#10952);
#9628=AXIS2_PLACEMENT_3D('',#13589,#10953,#10954);
#9629=AXIS2_PLACEMENT_3D('',#13650,#10955,#10956);
#9630=AXIS2_PLACEMENT_3D('',#13651,#10957,#10958);
#9631=AXIS2_PLACEMENT_3D('',#13659,#10963,#10964);
#9632=AXIS2_PLACEMENT_3D('',#13663,#10966,#10967);
#9633=AXIS2_PLACEMENT_3D('',#13667,#10969,#10970);
#9634=AXIS2_PLACEMENT_3D('',#14156,#10975,#10976);
#9635=AXIS2_PLACEMENT_3D('',#14157,#10977,#10978);
#9636=AXIS2_PLACEMENT_3D('',#14159,#10980,#10981);
#9637=AXIS2_PLACEMENT_3D('',#14163,#10983,#10984);
#9638=AXIS2_PLACEMENT_3D('',#14167,#10986,#10987);
#9639=AXIS2_PLACEMENT_3D('',#14169,#10989,#10990);
#9640=AXIS2_PLACEMENT_3D('',#14170,#10991,#10992);
#9641=AXIS2_PLACEMENT_3D('',#14171,#10993,#10994);
#9642=AXIS2_PLACEMENT_3D('',#14172,#10995,#10996);
#9643=AXIS2_PLACEMENT_3D('',#14173,#10997,#10998);
#9644=AXIS2_PLACEMENT_3D('',#14179,#11002,#11003);
#9645=AXIS2_PLACEMENT_3D('',#14193,#11011,#11012);
#9646=AXIS2_PLACEMENT_3D('',#14195,#11014,#11015);
#9647=AXIS2_PLACEMENT_3D('',#14201,#11019,#11020);
#9648=AXIS2_PLACEMENT_3D('',#14202,#11021,#11022);
#9649=AXIS2_PLACEMENT_3D('',#14208,#11026,#11027);
#9650=AXIS2_PLACEMENT_3D('',#14209,#11028,#11029);
#9651=AXIS2_PLACEMENT_3D('',#14211,#11031,#11032);
#9652=AXIS2_PLACEMENT_3D('',#14214,#11035,#11036);
#9653=AXIS2_PLACEMENT_3D('',#14215,#11037,#11038);
#9654=AXIS2_PLACEMENT_3D('',#14217,#11040,#11041);
#9655=AXIS2_PLACEMENT_3D('',#14218,#11042,#11043);
#9656=AXIS2_PLACEMENT_3D('',#14221,#11046,#11047);
#9657=AXIS2_PLACEMENT_3D('',#14222,#11048,#11049);
#9658=AXIS2_PLACEMENT_3D('',#14224,#11051,#11052);
#9659=AXIS2_PLACEMENT_3D('',#14226,#11054,#11055);
#9660=AXIS2_PLACEMENT_3D('',#14252,#11069,#11070);
#9661=AXIS2_PLACEMENT_3D('',#14274,#11082,#11083);
#9662=AXIS2_PLACEMENT_3D('',#14278,#11086,#11087);
#9663=AXIS2_PLACEMENT_3D('',#14296,#11097,#11098);
#9664=AXIS2_PLACEMENT_3D('',#14322,#11112,#11113);
#9665=AXIS2_PLACEMENT_3D('',#14328,#11117,#11118);
#9666=AXIS2_PLACEMENT_3D('',#14332,#11122,#11123);
#9667=AXIS2_PLACEMENT_3D('',#14339,#11128,#11129);
#9668=AXIS2_PLACEMENT_3D('',#14343,#11132,#11133);
#9669=AXIS2_PLACEMENT_3D('',#14408,#11154,#11155);
#9670=AXIS2_PLACEMENT_3D('',#14414,#11159,#11160);
#9671=AXIS2_PLACEMENT_3D('',#14415,#11161,#11162);
#9672=AXIS2_PLACEMENT_3D('',#14420,#11165,#11166);
#9673=AXIS2_PLACEMENT_3D('',#14421,#11167,#11168);
#9674=AXIS2_PLACEMENT_3D('',#14426,#11171,#11172);
#9675=AXIS2_PLACEMENT_3D('',#14432,#11176,#11177);
#9676=AXIS2_PLACEMENT_3D('',#14440,#11183,#11184);
#9677=AXIS2_PLACEMENT_3D('',#14463,#11199,#11200);
#9678=AXIS2_PLACEMENT_3D('',#14469,#11204,#11205);
#9679=AXIS2_PLACEMENT_3D('',#14471,#11207,#11208);
#9680=AXIS2_PLACEMENT_3D('',#14475,#11211,#11212);
#9681=AXIS2_PLACEMENT_3D('',#14481,#11216,#11217);
#9682=AXIS2_PLACEMENT_3D('',#14489,#11219,#11220);
#9683=AXIS2_PLACEMENT_3D('',#14493,#11222,#11223);
#9684=AXIS2_PLACEMENT_3D('',#14556,#11262,#11263);
#9685=AXIS2_PLACEMENT_3D('',#14573,#11273,#11274);
#9686=AXIS2_PLACEMENT_3D('',#14590,#11284,#11285);
#9687=AXIS2_PLACEMENT_3D('',#14596,#11289,#11290);
#9688=AXIS2_PLACEMENT_3D('',#14602,#11294,#11295);
#9689=AXIS2_PLACEMENT_3D('',#14611,#11301,#11302);
#9690=AXIS2_PLACEMENT_3D('',#14628,#11312,#11313);
#9691=AXIS2_PLACEMENT_3D('',#14629,#11314,#11315);
#9692=AXIS2_PLACEMENT_3D('',#14646,#11325,#11326);
#9693=AXIS2_PLACEMENT_3D('',#14650,#11329,#11330);
#9694=AXIS2_PLACEMENT_3D('',#14654,#11333,#11334);
#9695=AXIS2_PLACEMENT_3D('',#14658,#11337,#11338);
#9696=AXIS2_PLACEMENT_3D('',#14662,#11341,#11342);
#9697=AXIS2_PLACEMENT_3D('',#14671,#11348,#11349);
#9698=AXIS2_PLACEMENT_3D('',#14674,#11351,#11352);
#9699=AXIS2_PLACEMENT_3D('',#14676,#11353,#11354);
#9700=AXIS2_PLACEMENT_3D('',#14677,#11355,#11356);
#9701=AXIS2_PLACEMENT_3D('',#14678,#11357,#11358);
#9702=AXIS2_PLACEMENT_3D('',#14757,#11400,#11401);
#9703=AXIS2_PLACEMENT_3D('',#14773,#11410,#11411);
#9704=AXIS2_PLACEMENT_3D('',#14784,#11418,#11419);
#9705=AXIS2_PLACEMENT_3D('',#14786,#11421,#11422);
#9706=AXIS2_PLACEMENT_3D('',#14802,#11431,#11432);
#9707=AXIS2_PLACEMENT_3D('',#14813,#11439,#11440);
#9708=AXIS2_PLACEMENT_3D('',#14829,#11449,#11450);
#9709=AXIS2_PLACEMENT_3D('',#14830,#11451,#11452);
#9710=AXIS2_PLACEMENT_3D('',#14832,#11454,#11455);
#9711=AXIS2_PLACEMENT_3D('',#14838,#11459,#11460);
#9712=AXIS2_PLACEMENT_3D('',#14844,#11464,#11465);
#9713=AXIS2_PLACEMENT_3D('',#14845,#11466,#11467);
#9714=AXIS2_PLACEMENT_3D('',#14846,#11468,#11469);
#9715=AXIS2_PLACEMENT_3D('',#14849,#11471,#11472);
#9716=AXIS2_PLACEMENT_3D('',#14856,#11476,#11477);
#9717=AXIS2_PLACEMENT_3D('',#14862,#11481,#11482);
#9718=AXIS2_PLACEMENT_3D('',#14868,#11486,#11487);
#9719=AXIS2_PLACEMENT_3D('',#14869,#11488,#11489);
#9720=AXIS2_PLACEMENT_3D('',#14871,#11491,#11492);
#9721=AXIS2_PLACEMENT_3D('',#14873,#11494,#11495);
#9722=AXIS2_PLACEMENT_3D('',#14879,#11499,#11500);
#9723=AXIS2_PLACEMENT_3D('',#14880,#11501,#11502);
#9724=AXIS2_PLACEMENT_3D('',#14882,#11504,#11505);
#9725=AXIS2_PLACEMENT_3D('',#14884,#11507,#11508);
#9726=AXIS2_PLACEMENT_3D('',#14887,#11511,#11512);
#9727=AXIS2_PLACEMENT_3D('',#14890,#11515,#11516);
#9728=AXIS2_PLACEMENT_3D('',#14891,#11517,#11518);
#9729=AXIS2_PLACEMENT_3D('',#14892,#11519,#11520);
#9730=AXIS2_PLACEMENT_3D('',#14894,#11522,#11523);
#9731=AXIS2_PLACEMENT_3D('',#14896,#11525,#11526);
#9732=AXIS2_PLACEMENT_3D('',#14899,#11529,#11530);
#9733=AXIS2_PLACEMENT_3D('',#14903,#11533,#11534);
#9734=AXIS2_PLACEMENT_3D('',#14909,#11538,#11539);
#9735=AXIS2_PLACEMENT_3D('',#14910,#11540,#11541);
#9736=AXIS2_PLACEMENT_3D('',#14914,#11544,#11545);
#9737=AXIS2_PLACEMENT_3D('',#14915,#11546,#11547);
#9738=AXIS2_PLACEMENT_3D('',#14919,#11550,#11551);
#9739=AXIS2_PLACEMENT_3D('',#14920,#11552,#11553);
#9740=AXIS2_PLACEMENT_3D('',#14924,#11556,#11557);
#9741=AXIS2_PLACEMENT_3D('',#14927,#11560,#11561);
#9742=AXIS2_PLACEMENT_3D('',#14929,#11563,#11564);
#9743=AXIS2_PLACEMENT_3D('',#14932,#11567,#11568);
#9744=AXIS2_PLACEMENT_3D('',#14933,#11569,#11570);
#9745=AXIS2_PLACEMENT_3D('',#14939,#11574,#11575);
#9746=AXIS2_PLACEMENT_3D('',#14944,#11576,#11577);
#9747=AXIS2_PLACEMENT_3D('',#14945,#11578,#11579);
#9748=AXIS2_PLACEMENT_3D('',#14950,#11581,#11582);
#9749=AXIS2_PLACEMENT_3D('',#14953,#11584,#11585);
#9750=AXIS2_PLACEMENT_3D('',#14958,#11589,#11590);
#9751=AXIS2_PLACEMENT_3D('',#14959,#11591,#11592);
#9752=AXIS2_PLACEMENT_3D('',#14963,#11595,#11596);
#9753=AXIS2_PLACEMENT_3D('',#14964,#11597,#11598);
#9754=AXIS2_PLACEMENT_3D('',#14966,#11600,#11601);
#9755=AXIS2_PLACEMENT_3D('',#14968,#11603,#11604);
#9756=AXIS2_PLACEMENT_3D('',#14969,#11605,#11606);
#9757=AXIS2_PLACEMENT_3D('',#14971,#11608,#11609);
#9758=AXIS2_PLACEMENT_3D('',#14973,#11611,#11612);
#9759=AXIS2_PLACEMENT_3D('',#14980,#11616,#11617);
#9760=AXIS2_PLACEMENT_3D('',#15281,#11618,#11619);
#9761=AXIS2_PLACEMENT_3D('',#15282,#11620,#11621);
#9762=AXIS2_PLACEMENT_3D('',#15285,#11624,#11625);
#9763=AXIS2_PLACEMENT_3D('',#15287,#11627,#11628);
#9764=AXIS2_PLACEMENT_3D('',#15291,#11631,#11632);
#9765=AXIS2_PLACEMENT_3D('',#15355,#11666,#11667);
#9766=AXIS2_PLACEMENT_3D('',#15356,#11668,#11669);
#9767=AXIS2_PLACEMENT_3D('',#15359,#11672,#11673);
#9768=AXIS2_PLACEMENT_3D('',#15360,#11674,#11675);
#9769=AXIS2_PLACEMENT_3D('',#15362,#11677,#11678);
#9770=AXIS2_PLACEMENT_3D('',#15373,#11685,#11686);
#9771=AXIS2_PLACEMENT_3D('',#15380,#11691,#11692);
#9772=AXIS2_PLACEMENT_3D('',#15383,#11695,#11696);
#9773=AXIS2_PLACEMENT_3D('',#15386,#11699,#11700);
#9774=AXIS2_PLACEMENT_3D('',#15396,#11706,#11707);
#9775=AXIS2_PLACEMENT_3D('',#15397,#11708,#11709);
#9776=AXIS2_PLACEMENT_3D('',#15398,#11710,#11711);
#9777=AXIS2_PLACEMENT_3D('',#15401,#11713,#11714);
#9778=AXIS2_PLACEMENT_3D('',#15402,#11715,#11716);
#9779=AXIS2_PLACEMENT_3D('',#15403,#11717,#11718);
#9780=AXIS2_PLACEMENT_3D('',#15406,#11720,#11721);
#9781=AXIS2_PLACEMENT_3D('',#15410,#11724,#11725);
#9782=AXIS2_PLACEMENT_3D('',#15413,#11728,#11729);
#9783=AXIS2_PLACEMENT_3D('',#15419,#11733,#11734);
#9784=AXIS2_PLACEMENT_3D('',#15421,#11736,#11737);
#9785=AXIS2_PLACEMENT_3D('',#15422,#11738,#11739);
#9786=AXIS2_PLACEMENT_3D('',#15425,#11741,#11742);
#9787=AXIS2_PLACEMENT_3D('',#15426,#11743,#11744);
#9788=AXIS2_PLACEMENT_3D('',#15428,#11746,#11747);
#9789=AXIS2_PLACEMENT_3D('',#15430,#11749,#11750);
#9790=AXIS2_PLACEMENT_3D('',#15432,#11752,#11753);
#9791=AXIS2_PLACEMENT_3D('',#15434,#11755,#11756);
#9792=AXIS2_PLACEMENT_3D('',#15438,#11759,#11760);
#9793=AXIS2_PLACEMENT_3D('',#15439,#11761,#11762);
#9794=AXIS2_PLACEMENT_3D('',#15441,#11764,#11765);
#9795=AXIS2_PLACEMENT_3D('',#15442,#11766,#11767);
#9796=AXIS2_PLACEMENT_3D('',#15443,#11768,#11769);
#9797=AXIS2_PLACEMENT_3D('',#15444,#11770,#11771);
#9798=AXIS2_PLACEMENT_3D('',#15446,#11773,#11774);
#9799=AXIS2_PLACEMENT_3D('',#15447,#11775,#11776);
#9800=AXIS2_PLACEMENT_3D('',#15448,#11777,#11778);
#9801=AXIS2_PLACEMENT_3D('',#15450,#11780,#11781);
#9802=AXIS2_PLACEMENT_3D('',#15456,#11785,#11786);
#9803=AXIS2_PLACEMENT_3D('',#15458,#11788,#11789);
#9804=AXIS2_PLACEMENT_3D('',#15464,#11793,#11794);
#9805=AXIS2_PLACEMENT_3D('',#15466,#11796,#11797);
#9806=AXIS2_PLACEMENT_3D('',#15472,#11801,#11802);
#9807=AXIS2_PLACEMENT_3D('',#15474,#11804,#11805);
#9808=AXIS2_PLACEMENT_3D('',#15480,#11809,#11810);
#9809=AXIS2_PLACEMENT_3D('',#15482,#11812,#11813);
#9810=AXIS2_PLACEMENT_3D('',#15488,#11817,#11818);
#9811=AXIS2_PLACEMENT_3D('',#15490,#11820,#11821);
#9812=AXIS2_PLACEMENT_3D('',#15496,#11825,#11826);
#9813=AXIS2_PLACEMENT_3D('',#15498,#11828,#11829);
#9814=AXIS2_PLACEMENT_3D('',#15504,#11833,#11834);
#9815=AXIS2_PLACEMENT_3D('',#15506,#11836,#11837);
#9816=AXIS2_PLACEMENT_3D('',#15512,#11841,#11842);
#9817=AXIS2_PLACEMENT_3D('',#15514,#11844,#11845);
#9818=AXIS2_PLACEMENT_3D('',#15518,#11849,#11850);
#9819=AXIS2_PLACEMENT_3D('',#15522,#11854,#11855);
#9820=AXIS2_PLACEMENT_3D('',#15526,#11859,#11860);
#9821=AXIS2_PLACEMENT_3D('',#15530,#11864,#11865);
#9822=AXIS2_PLACEMENT_3D('',#15533,#11868,#11869);
#9823=AXIS2_PLACEMENT_3D('',#15536,#11872,#11873);
#9824=AXIS2_PLACEMENT_3D('',#15540,#11877,#11878);
#9825=AXIS2_PLACEMENT_3D('',#15544,#11882,#11883);
#9826=AXIS2_PLACEMENT_3D('',#15545,#11884,#11885);
#9827=AXIS2_PLACEMENT_3D('',#15546,#11886,#11887);
#9828=AXIS2_PLACEMENT_3D('',#15547,#11888,#11889);
#9829=AXIS2_PLACEMENT_3D('',#15548,#11890,#11891);
#9830=AXIS2_PLACEMENT_3D('',#15549,#11892,#11893);
#9831=AXIS2_PLACEMENT_3D('',#15550,#11894,#11895);
#9832=AXIS2_PLACEMENT_3D('',#15551,#11896,#11897);
#9833=AXIS2_PLACEMENT_3D('',#15552,#11898,#11899);
#9834=AXIS2_PLACEMENT_3D('',#15553,#11900,#11901);
#9835=AXIS2_PLACEMENT_3D('',#15554,#11902,#11903);
#9836=AXIS2_PLACEMENT_3D('',#15555,#11904,#11905);
#9837=AXIS2_PLACEMENT_3D('',#15556,#11906,#11907);
#9838=AXIS2_PLACEMENT_3D('',#15557,#11908,#11909);
#9839=AXIS2_PLACEMENT_3D('',#15558,#11910,#11911);
#9840=AXIS2_PLACEMENT_3D('',#15559,#11912,#11913);
#9841=AXIS2_PLACEMENT_3D('',#15560,#11914,#11915);
#9842=AXIS2_PLACEMENT_3D('',#15561,#11916,#11917);
#9843=AXIS2_PLACEMENT_3D('',#15562,#11918,#11919);
#9844=AXIS2_PLACEMENT_3D('',#15563,#11920,#11921);
#9845=AXIS2_PLACEMENT_3D('',#15569,#11925,#11926);
#9846=AXIS2_PLACEMENT_3D('',#15575,#11930,#11931);
#9847=AXIS2_PLACEMENT_3D('',#15581,#11935,#11936);
#9848=AXIS2_PLACEMENT_3D('',#15587,#11940,#11941);
#9849=AXIS2_PLACEMENT_3D('',#15593,#11945,#11946);
#9850=AXIS2_PLACEMENT_3D('',#15599,#11950,#11951);
#9851=AXIS2_PLACEMENT_3D('',#15602,#11954,#11955);
#9852=AXIS2_PLACEMENT_3D('',#15605,#11958,#11959);
#9853=AXIS2_PLACEMENT_3D('',#15608,#11962,#11963);
#9854=AXIS2_PLACEMENT_3D('',#15614,#11967,#11968);
#9855=AXIS2_PLACEMENT_3D('',#15620,#11972,#11973);
#9856=AXIS2_PLACEMENT_3D('',#15626,#11977,#11978);
#9857=AXIS2_PLACEMENT_3D('',#15629,#11981,#11982);
#9858=AXIS2_PLACEMENT_3D('',#15632,#11985,#11986);
#9859=AXIS2_PLACEMENT_3D('',#15638,#11990,#11991);
#9860=AXIS2_PLACEMENT_3D('',#15644,#11995,#11996);
#9861=AXIS2_PLACEMENT_3D('',#15650,#12000,#12001);
#9862=AXIS2_PLACEMENT_3D('',#15653,#12004,#12005);
#9863=AXIS2_PLACEMENT_3D('',#15656,#12008,#12009);
#9864=AXIS2_PLACEMENT_3D('',#15662,#12013,#12014);
#9865=AXIS2_PLACEMENT_3D('',#15668,#12018,#12019);
#9866=AXIS2_PLACEMENT_3D('',#15674,#12023,#12024);
#9867=AXIS2_PLACEMENT_3D('',#15680,#12028,#12029);
#9868=AXIS2_PLACEMENT_3D('',#15686,#12033,#12034);
#9869=AXIS2_PLACEMENT_3D('',#15689,#12037,#12038);
#9870=AXIS2_PLACEMENT_3D('',#15695,#12042,#12043);
#9871=AXIS2_PLACEMENT_3D('',#15698,#12046,#12047);
#9872=AXIS2_PLACEMENT_3D('',#15701,#12050,#12051);
#9873=AXIS2_PLACEMENT_3D('',#15707,#12055,#12056);
#9874=AXIS2_PLACEMENT_3D('',#15713,#12060,#12061);
#9875=AXIS2_PLACEMENT_3D('',#15719,#12065,#12066);
#9876=AXIS2_PLACEMENT_3D('',#15725,#12070,#12071);
#9877=AXIS2_PLACEMENT_3D('',#15731,#12075,#12076);
#9878=AXIS2_PLACEMENT_3D('',#15737,#12080,#12081);
#9879=AXIS2_PLACEMENT_3D('',#15740,#12084,#12085);
#9880=AXIS2_PLACEMENT_3D('',#15743,#12088,#12089);
#9881=AXIS2_PLACEMENT_3D('',#15744,#12090,#12091);
#9882=AXIS2_PLACEMENT_3D('',#15745,#12092,#12093);
#9883=AXIS2_PLACEMENT_3D('',#15746,#12094,#12095);
#9884=AXIS2_PLACEMENT_3D('',#15747,#12096,#12097);
#9885=AXIS2_PLACEMENT_3D('',#15748,#12098,#12099);
#9886=AXIS2_PLACEMENT_3D('',#15749,#12100,#12101);
#9887=AXIS2_PLACEMENT_3D('',#15750,#12102,#12103);
#9888=AXIS2_PLACEMENT_3D('',#15751,#12104,#12105);
#9889=AXIS2_PLACEMENT_3D('',#15752,#12106,#12107);
#9890=AXIS2_PLACEMENT_3D('',#15753,#12108,#12109);
#9891=AXIS2_PLACEMENT_3D('',#15754,#12110,#12111);
#9892=AXIS2_PLACEMENT_3D('',#15755,#12112,#12113);
#9893=AXIS2_PLACEMENT_3D('',#15756,#12114,#12115);
#9894=AXIS2_PLACEMENT_3D('',#15757,#12116,#12117);
#9895=AXIS2_PLACEMENT_3D('',#15758,#12118,#12119);
#9896=AXIS2_PLACEMENT_3D('',#15759,#12120,#12121);
#9897=AXIS2_PLACEMENT_3D('',#15760,#12122,#12123);
#9898=AXIS2_PLACEMENT_3D('',#15762,#12125,#12126);
#9899=AXIS2_PLACEMENT_3D('',#15764,#12128,#12129);
#9900=AXIS2_PLACEMENT_3D('',#15767,#12132,#12133);
#9901=AXIS2_PLACEMENT_3D('',#15769,#12135,#12136);
#9902=AXIS2_PLACEMENT_3D('',#15770,#12137,#12138);
#9903=AXIS2_PLACEMENT_3D('',#15771,#12139,#12140);
#9904=AXIS2_PLACEMENT_3D('',#15772,#12141,#12142);
#9905=AXIS2_PLACEMENT_3D('',#15774,#12144,#12145);
#9906=AXIS2_PLACEMENT_3D('',#15776,#12147,#12148);
#9907=AXIS2_PLACEMENT_3D('',#15779,#12151,#12152);
#9908=AXIS2_PLACEMENT_3D('',#15781,#12154,#12155);
#9909=AXIS2_PLACEMENT_3D('',#15782,#12156,#12157);
#9910=AXIS2_PLACEMENT_3D('',#15783,#12158,#12159);
#9911=AXIS2_PLACEMENT_3D('',#15784,#12160,#12161);
#9912=AXIS2_PLACEMENT_3D('',#15823,#12164,#12165);
#9913=AXIS2_PLACEMENT_3D('',#15825,#12167,#12168);
#9914=AXIS2_PLACEMENT_3D('',#15827,#12170,#12171);
#9915=AXIS2_PLACEMENT_3D('',#15829,#12173,#12174);
#9916=AXIS2_PLACEMENT_3D('',#15831,#12176,#12177);
#9917=AXIS2_PLACEMENT_3D('',#15832,#12178,#12179);
#9918=AXIS2_PLACEMENT_3D('',#15833,#12180,#12181);
#9919=AXIS2_PLACEMENT_3D('',#15835,#12183,#12184);
#9920=AXIS2_PLACEMENT_3D('',#15837,#12186,#12187);
#9921=AXIS2_PLACEMENT_3D('',#15840,#12190,#12191);
#9922=AXIS2_PLACEMENT_3D('',#15842,#12193,#12194);
#9923=AXIS2_PLACEMENT_3D('',#15843,#12195,#12196);
#9924=AXIS2_PLACEMENT_3D('',#15844,#12197,#12198);
#9925=AXIS2_PLACEMENT_3D('',#15845,#12199,#12200);
#9926=AXIS2_PLACEMENT_3D('',#15847,#12202,#12203);
#9927=AXIS2_PLACEMENT_3D('',#15849,#12205,#12206);
#9928=AXIS2_PLACEMENT_3D('',#15851,#12208,#12209);
#9929=AXIS2_PLACEMENT_3D('',#15852,#12210,#12211);
#9930=AXIS2_PLACEMENT_3D('',#15853,#12212,#12213);
#9931=AXIS2_PLACEMENT_3D('',#15854,#12214,#12215);
#9932=AXIS2_PLACEMENT_3D('',#15855,#12216,#12217);
#9933=AXIS2_PLACEMENT_3D('',#15856,#12218,#12219);
#9934=AXIS2_PLACEMENT_3D('',#15857,#12220,#12221);
#9935=AXIS2_PLACEMENT_3D('',#15858,#12222,#12223);
#9936=DIRECTION('',(0.,0.,1.));
#9937=DIRECTION('',(1.,0.,0.));
#9938=DIRECTION('',(0.7071067797354,-7.95624476857798E-11,0.707106782637695));
#9939=DIRECTION('',(1.12518070759138E-10,1.,2.22044604685924E-16));
#9940=DIRECTION('',(-0.577350269189619,0.577350269189632,0.577350269189626));
#9941=DIRECTION('',(-1.22464679914735E-16,-1.,-2.22044604925031E-16));
#9942=DIRECTION('',(-0.577350269189628,-0.577350269189615,0.577350269189634));
#9943=DIRECTION('',(-6.06060509525989E-10,-1.,-2.22044604925031E-16));
#9944=DIRECTION('',(-0.707106781424453,1.37023166768913E-9,0.707106780948642));
#9945=DIRECTION('',(-1.9378004294317E-9,-1.,-2.22044602443489E-16));
#9946=DIRECTION('',(0.707106781186548,-2.43604851491927E-16,0.707106781186548));
#9947=DIRECTION('',(1.22464679914735E-16,1.,2.22044604925031E-16));
#9948=DIRECTION('',(0.577350265340619,-0.577350271114136,0.577350271114123));
#9949=DIRECTION('',(1.22464679914735E-16,1.,2.22044604925031E-16));
#9950=DIRECTION('',(3.31125855102399E-10,2.2204460488448E-16,-1.));
#9951=DIRECTION('',(-1.,1.2246467998826E-16,-3.31125855102399E-10));
#9952=DIRECTION('',(1.,-1.2246467998826E-16,3.31125855102399E-10));
#9953=DIRECTION('',(1.22464679914735E-16,1.,2.22044604925031E-16));
#9954=DIRECTION('',(-1.,1.2246467998826E-16,-3.31125855102399E-10));
#9955=DIRECTION('',(1.22464679914735E-16,1.,2.22044604925031E-16));
#9956=DIRECTION('',(-1.,1.22464679914735E-16,2.71926214689378E-32));
#9957=DIRECTION('',(-0.707106779418782,2.43604851667961E-16,-0.707106782954313));
#9958=DIRECTION('',(-1.,1.22464679914735E-16,2.71926214689378E-32));
#9959=DIRECTION('',(3.63950938859414E-48,2.22044604925031E-16,-1.));
#9960=DIRECTION('',(1.,-1.22464679914735E-16,-2.71926214689378E-32));
#9961=DIRECTION('',(0.,-2.22044604925031E-16,1.));
#9962=DIRECTION('',(-3.11012620952097E-48,-2.22044604925031E-16,1.));
#9963=DIRECTION('',(-1.,1.22464679914735E-16,2.71926214689378E-32));
#9964=DIRECTION('',(0.,2.22044604925031E-16,-1.));
#9965=DIRECTION('',(-1.,1.22464679914735E-16,2.71926214689378E-32));
#9966=DIRECTION('',(0.,2.22044604925031E-16,-1.));
#9967=DIRECTION('',(-1.,1.22464679914735E-16,2.71926214689378E-32));
#9968=DIRECTION('',(-1.22464679914735E-16,-1.,-2.22044604925031E-16));
#9969=DIRECTION('',(-2.61780010049576E-10,2.2204460495709E-16,-1.));
#9970=DIRECTION('',(1.22464679914735E-16,1.,2.22044604925031E-16));
#9971=DIRECTION('',(-2.61780010118105E-10,2.2204460495709E-16,-1.));
#9972=DIRECTION('',(-1.22464679914735E-16,-1.,-2.22044604925031E-16));
#9973=DIRECTION('',(-3.11012620952097E-48,-2.22044604925031E-16,1.));
#9974=DIRECTION('',(1.22464679914735E-16,1.,2.22044604925031E-16));
#9975=DIRECTION('',(-3.42113882207573E-48,-2.22044604925031E-16,1.));
#9976=DIRECTION('',(-1.22464679914735E-16,-1.,-2.22044604925031E-16));
#9977=DIRECTION('',(3.42113882207573E-48,2.22044604925031E-16,-1.));
#9978=DIRECTION('',(1.22464679914735E-16,1.,2.22044604925031E-16));
#9979=DIRECTION('',(-3.11012620952097E-48,-2.22044604925031E-16,1.));
#9980=DIRECTION('',(-1.22464679914735E-16,-1.,-2.22044604925031E-16));
#9981=DIRECTION('',(-3.11012620952097E-48,-2.22044604925031E-16,1.));
#9982=DIRECTION('',(1.22464679914735E-16,1.,2.22044604925031E-16));
#9983=DIRECTION('',(0.,-2.22044604925031E-16,1.));
#9984=DIRECTION('',(-1.22464679914735E-16,-1.,-2.22044604925031E-16));
#9985=DIRECTION('',(-1.0877048565821E-30,-8.65973957431264E-15,-1.));
#9986=DIRECTION('',(1.22464679914735E-16,1.,2.22044604925031E-16));
#9987=DIRECTION('',(-3.11012620952097E-48,-2.22044604925031E-16,1.));
#9988=DIRECTION('',(-1.22464679914735E-16,-1.,-2.22044604925031E-16));
#9989=DIRECTION('',(-3.11012620952097E-48,-2.22044604925031E-16,1.));
#9990=DIRECTION('',(1.22464679914735E-16,1.,2.22044604925031E-16));
#9991=DIRECTION('',(0.,-2.22044604925031E-16,1.));
#9992=DIRECTION('',(-1.22464679914735E-16,-1.,-2.22044604925031E-16));
#9993=DIRECTION('',(0.,2.22044604925031E-16,-1.));
#9994=DIRECTION('',(1.22464679914735E-16,1.,2.22044604925031E-16));
#9995=DIRECTION('',(-3.11012620952097E-48,-2.22044604925031E-16,1.));
#9996=DIRECTION('',(-1.22464679914735E-16,-1.,-2.22044604925031E-16));
#9997=DIRECTION('',(0.,-2.22044604925031E-16,1.));
#9998=DIRECTION('',(-6.06060509525989E-10,-1.,-2.22044604925031E-16));
#9999=DIRECTION('',(0.,2.22044604925031E-16,-1.));
#10000=DIRECTION('',(1.22464679914735E-16,1.,2.22044604925031E-16));
#10001=DIRECTION('',(-3.11012620952097E-48,-2.22044604925031E-16,1.));
#10002=DIRECTION('',(-1.22464679914735E-16,-1.,-1.05263001823779E-9));
#10003=DIRECTION('',(-0.70710678472209,-0.707106777651005,-1.57009245083329E-16));
#10004=DIRECTION('',(1.23259516440783E-31,-2.22044604925031E-16,1.));
#10005=DIRECTION('',(0.,-2.22044604925031E-16,1.));
#10006=DIRECTION('',(-0.577350265340619,0.577350271114135,0.577350271114123));
#10007=DIRECTION('',(-0.70710678472209,-0.707106777651005,-1.57009245083329E-16));
#10008=DIRECTION('',(1.23259516440783E-31,-2.22044604925031E-16,1.));
#10009=DIRECTION('',(0.,-2.22044604925031E-16,1.));
#10010=DIRECTION('',(-0.577350265340619,0.577350271114135,0.577350271114123));
#10011=DIRECTION('',(-0.577350265340619,0.577350271114136,-0.577350271114123));
#10012=DIRECTION('',(0.707106781230516,-1.09059405674884E-9,-0.707106781142579));
#10013=DIRECTION('',(1.5423331280464E-9,1.,2.22044603063875E-16));
#10014=DIRECTION('',(0.707106781186548,-2.43604851491927E-16,0.707106781186548));
#10015=DIRECTION('',(1.22464679914735E-16,1.,2.22044604925031E-16));
#10016=DIRECTION('',(-0.707106782083625,-3.61642552636089E-11,-0.70710678028947));
#10017=DIRECTION('',(5.11442022466384E-11,-1.,-2.22044604937956E-16));
#10018=DIRECTION('',(-1.22464679914735E-16,-1.,-2.22044604925031E-16));
#10019=DIRECTION('',(0.57735026534062,0.577350271114135,-0.577350271114123));
#10020=DIRECTION('',(-0.577350265340619,0.577350271114135,0.577350271114123));
#10021=DIRECTION('',(-0.70710678472209,-0.707106777651005,-1.57009245083329E-16));
#10022=DIRECTION('',(1.23259516440783E-31,-2.22044604925031E-16,1.));
#10023=DIRECTION('',(0.577350265340619,-0.577350271114136,0.577350271114123));
#10024=DIRECTION('',(0.,-2.22044604925031E-16,1.));
#10025=DIRECTION('',(-0.577350265340619,0.577350271114135,0.577350271114123));
#10026=DIRECTION('',(1.22464679914738E-16,1.,2.22044604916201E-16));
#10027=DIRECTION('',(-1.,1.22464679914738E-16,2.71926214689384E-32));
#10028=DIRECTION('',(0.,2.22044604925031E-16,-1.));
#10029=DIRECTION('',(-1.,1.22464679914735E-16,2.71926214689378E-32));
#10030=DIRECTION('',(-0.70710678472209,0.707106777651006,1.57009245083329E-16));
#10031=DIRECTION('',(-2.83496887813801E-31,-2.22044604925031E-16,1.));
#10032=DIRECTION('',(0.,2.22044604925031E-16,-1.));
#10033=DIRECTION('',(-0.57735026534062,-0.577350271114135,-0.577350271114123));
#10034=DIRECTION('',(0.707106781424452,1.37023204239069E-9,-0.707106780948643));
#10035=DIRECTION('',(-1.93780051525052E-9,1.,2.22044607820163E-16));
#10036=DIRECTION('',(1.2653141008667E-15,-1.,-2.22044604925031E-16));
#10037=DIRECTION('',(0.707106781186548,-2.43604851491927E-16,0.707106781186548));
#10038=DIRECTION('',(0.57735026534062,0.577350271114135,0.577350271114123));
#10039=DIRECTION('',(-0.707106782083625,-3.61644707987092E-11,-0.70710678028947));
#10040=DIRECTION('',(5.11445070593E-11,-1.,-2.22044604870101E-16));
#10041=DIRECTION('',(-0.577350265340628,-0.577350271114118,0.577350271114131));
#10042=DIRECTION('',(-1.22464679914735E-16,-1.,-2.22044604925031E-16));
#10043=DIRECTION('',(-0.707106784722077,0.707106777651018,-6.12336054568921E-15));
#10044=DIRECTION('',(-8.88178409041994E-15,-2.22044604925031E-16,1.));
#10045=DIRECTION('',(0.57735026534062,0.577350271114135,0.577350271114123));
#10046=DIRECTION('',(-0.577350265340628,-0.577350271114118,0.577350271114131));
#10047=DIRECTION('',(0.,-2.22044604925031E-16,1.));
#10048=DIRECTION('',(0.707106781424452,1.37023204239069E-9,-0.707106780948643));
#10049=DIRECTION('',(-1.93780051525052E-9,1.,2.22044607820163E-16));
#10050=DIRECTION('',(1.2653141008667E-15,-1.,-2.22044604925031E-16));
#10051=DIRECTION('',(0.707106781186548,-2.43604851491927E-16,0.707106781186548));
#10052=DIRECTION('',(0.57735026534062,0.577350271114135,0.577350271114123));
#10053=DIRECTION('',(-1.,1.22464679914735E-16,2.71926214689378E-32));
#10054=DIRECTION('',(-1.22464679914735E-16,-1.,-2.22044604925031E-16));
#10055=DIRECTION('',(0.,2.22044604925031E-16,-1.));
#10056=DIRECTION('',(-1.22464679914735E-16,-1.,-2.22044604925031E-16));
#10057=DIRECTION('',(1.,-1.22464679914735E-16,-2.71926214689378E-32));
#10058=DIRECTION('',(-1.22464679914735E-16,-1.,5.89794657557264E-10));
#10059=DIRECTION('',(-1.22464679914735E-16,-1.,-2.22044604925031E-16));
#10060=DIRECTION('',(1.,-1.22464679914735E-16,-2.71926214689378E-32));
#10061=DIRECTION('',(-7.59906592257946E-25,-6.2051084441624E-9,1.));
#10062=DIRECTION('',(0.,-2.22044604925031E-16,1.));
#10063=DIRECTION('',(-1.22464679914735E-16,-1.,-2.22044604925031E-16));
#10064=DIRECTION('',(0.,2.22044604925031E-16,-1.));
#10065=DIRECTION('',(1.22464679914735E-16,1.,2.22044604925031E-16));
#10066=DIRECTION('',(0.,2.22044604925031E-16,-1.));
#10067=DIRECTION('',(-1.22464679914735E-16,-1.,-2.22044604925031E-16));
#10068=DIRECTION('',(0.,2.22044604925031E-16,-1.));
#10069=DIRECTION('',(1.22464679914735E-16,1.,2.22044604925031E-16));
#10070=DIRECTION('',(0.,2.22044604925031E-16,-1.));
#10071=DIRECTION('',(-1.22464679914735E-16,-1.,-2.22044604925031E-16));
#10072=DIRECTION('',(9.71941984504033E-26,7.93651081362359E-10,-1.));
#10073=DIRECTION('',(1.22464679914735E-16,1.,2.22044604925031E-16));
#10074=DIRECTION('',(0.,2.22044604925031E-16,-1.));
#10075=DIRECTION('',(-1.22464679914735E-16,-1.,-2.22044604925031E-16));
#10076=DIRECTION('',(1.22464679914735E-16,1.,2.22044604925031E-16));
#10077=DIRECTION('',(1.22464679914735E-16,1.,2.22044604925031E-16));
#10078=DIRECTION('',(-8.19245515513413E-17,-0.668964730144074,-0.743294147577705));
#10079=DIRECTION('',(3.08210705863264E-48,2.22044604925031E-16,-1.));
#10080=DIRECTION('',(1.22464679914735E-16,1.,2.22044604925031E-16));
#10081=DIRECTION('',(3.42113882720744E-48,2.22044604925031E-16,-1.));
#10082=DIRECTION('',(1.22464679914735E-16,1.,2.22044604925031E-16));
#10083=DIRECTION('',(0.,2.22044604925031E-16,-1.));
#10084=DIRECTION('',(-1.22464679914735E-16,-1.,-2.22044604925031E-16));
#10085=DIRECTION('',(0.,2.22044604925031E-16,-1.));
#10086=DIRECTION('',(1.22464679914735E-16,1.,2.22044604925031E-16));
#10087=DIRECTION('',(0.,2.22044604925031E-16,-1.));
#10088=DIRECTION('',(1.81818169476013E-9,-1.,-2.22044604925031E-16));
#10089=DIRECTION('',(0.,2.22044604925031E-16,-1.));
#10090=DIRECTION('',(1.22464679914735E-16,1.,2.22044604925031E-16));
#10091=DIRECTION('',(0.,-2.22044604925031E-16,1.));
#10092=DIRECTION('',(-1.22464679914735E-16,-1.,-2.22044604925031E-16));
#10093=DIRECTION('',(0.,2.22044604925031E-16,-1.));
#10094=DIRECTION('',(3.12500122300194E-10,1.,-3.12499803811761E-10));
#10095=DIRECTION('',(0.,2.22044604925031E-16,-1.));
#10096=DIRECTION('',(-1.22464679914735E-16,-1.,-2.22044604925031E-16));
#10097=DIRECTION('',(0.,2.22044604925031E-16,-1.));
#10098=DIRECTION('',(1.22464679914735E-16,1.,2.22044604925031E-16));
#10099=DIRECTION('',(3.42113882720744E-48,2.22044604925031E-16,-1.));
#10100=DIRECTION('',(-1.22464679914735E-16,-1.,-2.22044604925031E-16));
#10101=DIRECTION('',(-1.10328941756856E-25,-9.00903955663376E-10,-1.));
#10102=DIRECTION('',(8.19245517525069E-17,0.668964731786716,-0.743294146099327));
#10103=DIRECTION('',(-0.707106783534776,4.33977303086057E-11,-0.707106778838319));
#10104=DIRECTION('',(-6.1373436530221E-11,-1.,-2.22044604963805E-16));
#10105=DIRECTION('',(-1.22464679914735E-16,-1.,-2.22044604925031E-16));
#10106=DIRECTION('',(-0.577350265340628,-0.577350271114118,0.577350271114131));
#10107=DIRECTION('',(0.707106781230516,1.09059270078074E-9,-0.707106781142579));
#10108=DIRECTION('',(-1.54233076632872E-9,1.,2.22044603580863E-16));
#10109=DIRECTION('',(1.2653141008667E-15,-1.,-2.22044604925031E-16));
#10110=DIRECTION('',(0.707106781186548,-2.43604851491927E-16,0.707106781186548));
#10111=DIRECTION('',(1.22464679914735E-16,1.,2.22044604936805E-16));
#10112=DIRECTION('',(-1.,1.22464679914735E-16,2.71926214689378E-32));
#10113=DIRECTION('',(1.,-1.22464679914735E-16,-2.71926214689378E-32));
#10114=DIRECTION('',(0.,-2.22044604925031E-16,1.));
#10115=DIRECTION('',(1.,-1.2246467998826E-16,3.31125855102399E-10));
#10116=DIRECTION('',(1.22464679914735E-16,1.,2.22044604925031E-16));
#10117=DIRECTION('',(-1.,1.22464679914735E-16,2.71926214689378E-32));
#10118=DIRECTION('',(0.,-2.22044604925031E-16,1.));
#10119=DIRECTION('',(1.,-1.22464679914735E-16,-2.71926214689378E-32));
#10120=DIRECTION('',(0.672672793996313,-2.4667835966951E-16,0.739940073395943));
#10121=DIRECTION('',(0.,-2.22044604925031E-16,1.));
#10122=DIRECTION('',(-1.,1.22464679962487E-16,-2.15053399268513E-10));
#10123=DIRECTION('',(1.,-1.22464679914735E-16,-2.71926214689378E-32));
#10124=DIRECTION('',(0.,-2.22044604925031E-16,1.));
#10125=DIRECTION('',(1.22464679914735E-16,1.,2.22044604925031E-16));
#10126=DIRECTION('',(1.22464679914735E-16,1.,2.22044604925031E-16));
#10127=DIRECTION('',(1.,-1.22464679914735E-16,-2.71926214689378E-32));
#10128=DIRECTION('',(0.707106781186547,0.707106781186548,1.57009245868378E-16));
#10129=DIRECTION('',(1.22464679914735E-16,1.,2.22044604925031E-16));
#10130=DIRECTION('',(0.707106781186546,-0.707106781186549,-1.57009245868378E-16));
#10131=DIRECTION('',(1.,-1.22464679914735E-16,-2.71926214689378E-32));
#10132=DIRECTION('',(1.22464679914735E-16,1.,2.22044604925031E-16));
#10133=DIRECTION('',(1.,-1.22464679914735E-16,-2.71926214689378E-32));
#10134=DIRECTION('',(0.707106781186547,0.707106781186548,1.57009245868378E-16));
#10135=DIRECTION('',(1.22464679914735E-16,1.,2.22044604925031E-16));
#10136=DIRECTION('',(0.707106781186546,-0.707106781186549,-1.57009245868378E-16));
#10137=DIRECTION('',(1.,-1.22464679914735E-16,-2.71926214689378E-32));
#10138=DIRECTION('',(1.22464679914735E-16,1.,2.22044604925031E-16));
#10139=DIRECTION('',(1.,-1.22464679914735E-16,-2.71926214689378E-32));
#10140=DIRECTION('',(0.707106781186547,0.707106781186548,1.57009245868378E-16));
#10141=DIRECTION('',(1.22464679914735E-16,1.,2.22044604925031E-16));
#10142=DIRECTION('',(0.707106781186546,-0.707106781186549,-1.57009245868378E-16));
#10143=DIRECTION('',(1.,-1.22464679914735E-16,-2.71926214689378E-32));
#10144=DIRECTION('',(-1.22464679914735E-16,-1.,-2.22044604925031E-16));
#10145=DIRECTION('',(1.,-1.22464679914735E-16,-2.71926214689378E-32));
#10146=DIRECTION('',(0.707106781186547,0.707106781186548,1.57009245868378E-16));
#10147=DIRECTION('',(1.22464679914735E-16,1.,2.22044604925031E-16));
#10148=DIRECTION('',(-1.,1.22464679914735E-16,2.71926214689378E-32));
#10149=DIRECTION('',(-1.,1.22464679914735E-16,2.71926214689378E-32));
#10150=DIRECTION('',(-1.,1.22464679914735E-16,2.71926214689378E-32));
#10151=DIRECTION('',(-1.,1.22464679914735E-16,2.71926214689378E-32));
#10152=DIRECTION('',(-1.,-3.20512724464762E-10,-7.11681212772234E-26));
#10153=DIRECTION('',(-1.,1.22464679914735E-16,2.71926214689378E-32));
#10154=DIRECTION('',(-1.,1.22464679914735E-16,2.71926214689378E-32));
#10155=DIRECTION('',(-1.,1.22464679914735E-16,2.71926214689378E-32));
#10156=DIRECTION('',(1.22464679914735E-16,1.,2.22044604925031E-16));
#10157=DIRECTION('',(0.707106781186542,-0.707106781186553,-1.57009245868379E-16));
#10158=DIRECTION('',(1.,-1.22464679914735E-16,-2.71926214689378E-32));
#10159=DIRECTION('',(1.22464679914735E-16,1.,2.22044604925031E-16));
#10160=DIRECTION('',(-1.,1.22464679914735E-16,2.71926214689378E-32));
#10161=DIRECTION('',(0.,-2.22044604925031E-16,1.));
#10162=DIRECTION('',(-1.,1.22464679914735E-16,2.71926214689378E-32));
#10163=DIRECTION('',(1.,-1.2246467998826E-16,3.31125855102399E-10));
#10164=DIRECTION('',(0.,-2.22044604925031E-16,1.));
#10165=DIRECTION('',(1.,-1.22464679914735E-16,-2.71926214689378E-32));
#10166=DIRECTION('',(3.63950938859414E-48,2.22044604925031E-16,-1.));
#10167=DIRECTION('',(1.,-1.22464679914735E-16,-2.71926214689378E-32));
#10168=DIRECTION('',(0.707106779418782,-2.43604851667961E-16,0.707106782954313));
#10169=DIRECTION('',(1.22464679914735E-16,1.,2.22044604925031E-16));
#10170=DIRECTION('',(-1.,1.22464679914735E-16,2.71926214689378E-32));
#10171=DIRECTION('',(0.,-2.22044604925031E-16,1.));
#10172=DIRECTION('',(-1.,1.22464679914735E-16,2.71926214689378E-32));
#10173=DIRECTION('',(0.707106781186548,-2.43604851491927E-16,0.707106781186548));
#10174=DIRECTION('',(1.,-1.2246467998826E-16,3.31125855102399E-10));
#10175=DIRECTION('',(0.,-2.22044604925031E-16,1.));
#10176=DIRECTION('',(1.,-1.22464679914735E-16,-2.71926214689378E-32));
#10177=DIRECTION('',(3.63950938859414E-48,2.22044604925031E-16,-1.));
#10178=DIRECTION('',(1.,-1.22464679914735E-16,-2.71926214689378E-32));
#10179=DIRECTION('',(0.707106779418782,-2.43604851667961E-16,0.707106782954313));
#10180=DIRECTION('',(-5.12110123078408E-30,-2.22044604925018E-16,1.));
#10181=DIRECTION('',(1.22464679914735E-16,1.,2.22044604925018E-16));
#10182=DIRECTION('',(1.,-1.22464679914735E-16,-2.71926214689378E-32));
#10183=DIRECTION('',(1.22464679914735E-16,1.,2.22044604925031E-16));
#10184=DIRECTION('',(1.,-1.22464679914735E-16,-2.71926214689378E-32));
#10185=DIRECTION('',(1.33333356611851E-9,1.,2.22044604925031E-16));
#10186=DIRECTION('',(1.,-1.22464679914735E-16,-2.71926214689378E-32));
#10187=DIRECTION('',(0.,-2.22044604925031E-16,1.));
#10188=DIRECTION('',(1.22464679914735E-16,1.,2.22044604925031E-16));
#10189=DIRECTION('',(1.22464679914735E-16,1.,2.22044604925031E-16));
#10190=DIRECTION('',(1.22464679914735E-16,1.,2.22044604925031E-16));
#10191=DIRECTION('',(1.2653141008667E-15,-1.,-2.22044604925031E-16));
#10192=DIRECTION('',(1.,-1.22464679914735E-16,-2.71926214689378E-32));
#10193=DIRECTION('',(1.22464679914735E-16,1.,2.22044604925031E-16));
#10194=DIRECTION('',(-1.,1.22464679914735E-16,2.71926214689378E-32));
#10195=DIRECTION('',(-0.707106779418782,2.43604851667961E-16,-0.707106782954313));
#10196=DIRECTION('',(-1.,1.22464679914735E-16,2.71926214689378E-32));
#10197=DIRECTION('',(3.63950938859414E-48,2.22044604925031E-16,-1.));
#10198=DIRECTION('',(1.,-1.22464679914735E-16,-2.71926214689378E-32));
#10199=DIRECTION('',(0.,-2.22044604925031E-16,1.));
#10200=DIRECTION('',(1.,-1.2246467998826E-16,3.31125855102399E-10));
#10201=DIRECTION('',(0.707106781186548,-2.43604851491927E-16,0.707106781186548));
#10202=DIRECTION('',(-1.,-1.50829452609283E-10,-3.34908662156869E-26));
#10203=DIRECTION('',(0.,2.22044604925031E-16,-1.));
#10204=DIRECTION('',(0.,-2.22044604925031E-16,1.));
#10205=DIRECTION('',(1.22464679914735E-16,1.,2.22044604925031E-16));
#10206=DIRECTION('',(-1.,1.22464679914735E-16,2.71926214689378E-32));
#10207=DIRECTION('',(1.22464679914735E-16,1.,2.22044604925031E-16));
#10208=DIRECTION('',(1.,-1.22464679914735E-16,-2.71926214689378E-32));
#10209=DIRECTION('',(1.22464679914735E-16,1.,2.22044604925031E-16));
#10210=DIRECTION('',(1.,-1.22464679914735E-16,-2.71926214689378E-32));
#10211=DIRECTION('',(1.2653141008667E-15,-1.,-2.22044604925031E-16));
#10212=DIRECTION('',(-1.22464679914735E-16,-1.,-2.22044604925031E-16));
#10213=DIRECTION('',(1.22464679914735E-16,1.,2.22044604925031E-16));
#10214=DIRECTION('',(-1.,1.22464679914735E-16,2.71926214689378E-32));
#10215=DIRECTION('',(-0.707106779418782,2.43604851667961E-16,-0.707106782954313));
#10216=DIRECTION('',(-1.,1.22464679914735E-16,2.71926214689378E-32));
#10217=DIRECTION('',(3.63950938859414E-48,2.22044604925031E-16,-1.));
#10218=DIRECTION('',(0.,-2.22044604925031E-16,1.));
#10219=DIRECTION('',(1.,-1.2246467998826E-16,3.31125855102399E-10));
#10220=DIRECTION('',(-1.,1.22464679914735E-16,2.71926214689378E-32));
#10221=DIRECTION('',(0.,2.22044604925031E-16,-1.));
#10222=DIRECTION('',(0.,-2.22044604925031E-16,1.));
#10223=DIRECTION('',(1.22464679914735E-16,1.,2.22044604925031E-16));
#10224=DIRECTION('',(1.,-1.22464679914735E-16,-2.71926214689378E-32));
#10225=DIRECTION('',(1.,-1.22464679914735E-16,-2.71926214689378E-32));
#10226=DIRECTION('',(1.22464679914735E-16,1.,2.22044604925031E-16));
#10227=DIRECTION('',(1.22464679914735E-16,1.,2.22044604925031E-16));
#10228=DIRECTION('',(-1.,1.22464679914735E-16,2.71926214689378E-32));
#10229=DIRECTION('',(0.,-2.22044604925031E-16,1.));
#10230=DIRECTION('',(-1.,1.22464679914735E-16,2.71926214689378E-32));
#10231=DIRECTION('',(1.,-1.2246467998826E-16,3.31125855102399E-10));
#10232=DIRECTION('',(0.,-2.22044604925031E-16,1.));
#10233=DIRECTION('',(1.,-1.22464679914735E-16,-2.71926214689378E-32));
#10234=DIRECTION('',(3.63950938859414E-48,2.22044604925031E-16,-1.));
#10235=DIRECTION('',(1.,-1.22464679914735E-16,-2.71926214689378E-32));
#10236=DIRECTION('',(0.707106779418782,-2.43604851667961E-16,0.707106782954313));
#10237=DIRECTION('',(0.,-2.22044604925031E-16,1.));
#10238=DIRECTION('',(1.22464679914735E-16,1.,2.22044604925031E-16));
#10239=DIRECTION('',(-1.,1.22464679914735E-16,2.71926214689378E-32));
#10240=DIRECTION('',(1.22464679914735E-16,1.,2.22044604925031E-16));
#10241=DIRECTION('',(1.22464679914735E-16,1.,2.22044604925031E-16));
#10242=DIRECTION('',(1.2653141008667E-15,-1.,-2.22044604925031E-16));
#10243=DIRECTION('',(1.,-1.22464679914735E-16,-2.71926214689378E-32));
#10244=DIRECTION('',(0.,-2.22044604925031E-16,1.));
#10245=DIRECTION('',(1.22464679914735E-16,1.,2.22044604925031E-16));
#10246=DIRECTION('',(-1.,1.22464679914735E-16,2.71926214689378E-32));
#10247=DIRECTION('',(1.90675168377663E-15,1.,2.22044604925031E-16));
#10248=DIRECTION('',(-1.,1.22464679914735E-16,2.71926214689378E-32));
#10249=DIRECTION('',(1.22464679914735E-16,1.,2.22044604925031E-16));
#10250=DIRECTION('',(1.2653141008667E-15,-1.,-2.22044604925031E-16));
#10251=DIRECTION('',(1.,-1.22464679914735E-16,-2.71926214689378E-32));
#10252=DIRECTION('',(1.22464679914735E-16,1.,2.22044604925031E-16));
#10253=DIRECTION('',(-1.,1.22464679914735E-16,2.71926214689378E-32));
#10254=DIRECTION('',(-0.707106779418782,2.43604851667961E-16,-0.707106782954313));
#10255=DIRECTION('',(-1.,1.22464679914735E-16,2.71926214689378E-32));
#10256=DIRECTION('',(3.63950938859414E-48,2.22044604925031E-16,-1.));
#10257=DIRECTION('',(0.,-2.22044604925031E-16,1.));
#10258=DIRECTION('',(1.,-1.2246467998826E-16,3.31125855102399E-10));
#10259=DIRECTION('',(0.707106781186548,-2.43604851491927E-16,0.707106781186548));
#10260=DIRECTION('',(1.,-1.22464679914735E-16,-2.71926214689378E-32));
#10261=DIRECTION('',(0.,2.22044604925031E-16,-1.));
#10262=DIRECTION('',(1.22464679914735E-16,1.,2.22044604925031E-16));
#10263=DIRECTION('',(-1.,1.22464679914735E-16,2.71926214689378E-32));
#10264=DIRECTION('',(0.,-2.22044604925031E-16,1.));
#10265=DIRECTION('',(-1.,1.50829697538642E-10,3.34909206009298E-26));
#10266=DIRECTION('',(1.,-1.2246467998826E-16,3.31125855102399E-10));
#10267=DIRECTION('',(0.,-2.22044604925031E-16,1.));
#10268=DIRECTION('',(3.63950938859414E-48,2.22044604925031E-16,-1.));
#10269=DIRECTION('',(1.,-1.22464679914735E-16,-2.71926214689378E-32));
#10270=DIRECTION('',(0.707106779418782,-2.43604851667961E-16,0.707106782954313));
#10271=DIRECTION('',(0.,-2.22044604925031E-16,1.));
#10272=DIRECTION('',(1.22464679914735E-16,1.,2.22044604925031E-16));
#10273=DIRECTION('',(-1.22464679914735E-16,-1.,-2.22044604925031E-16));
#10274=DIRECTION('',(-1.22464679914735E-16,-1.,-2.22044604925031E-16));
#10275=DIRECTION('',(-1.22464679914735E-16,-1.,-2.22044604925031E-16));
#10276=DIRECTION('',(-1.22464679914735E-16,-1.,-2.22044604925031E-16));
#10277=DIRECTION('',(-1.,1.22464679914735E-16,2.71926214689378E-32));
#10278=DIRECTION('',(-0.867013940971895,0.498283881096291,1.10641247518537E-16));
#10279=DIRECTION('',(-1.22464679914735E-16,-1.,-2.22044604925031E-16));
#10280=DIRECTION('',(-0.867013940971895,-0.498283881096291,-1.10641247518537E-16));
#10281=DIRECTION('',(1.,-1.22464679914735E-16,-2.71926214689378E-32));
#10282=DIRECTION('',(-8.75811540203011E-47,2.22044604925031E-16,-1.));
#10283=DIRECTION('',(1.,1.2653141008667E-15,2.80956169633019E-31));
#10284=DIRECTION('',(-1.75162308040602E-45,-2.22044604925031E-16,1.));
#10285=DIRECTION('',(1.2653141008667E-15,-1.,-2.22044604925031E-16));
#10286=DIRECTION('',(0.,-2.22044604925031E-16,1.));
#10287=DIRECTION('',(1.,1.2653141008667E-15,2.80956169633019E-31));
#10288=DIRECTION('',(-1.75162308040602E-45,-2.22044604925031E-16,1.));
#10289=DIRECTION('',(1.2653141008667E-15,-1.,-2.22044604925031E-16));
#10290=DIRECTION('',(0.,-2.22044604925031E-16,1.));
#10291=DIRECTION('',(0.,-2.22044604925031E-16,1.));
#10292=DIRECTION('',(1.22464679914735E-16,1.,2.22044604925031E-16));
#10293=DIRECTION('',(-1.22464679914735E-16,-1.,-2.22044604925031E-16));
#10294=DIRECTION('',(1.22464679914735E-16,1.,2.22044604925031E-16));
#10295=DIRECTION('',(-1.,1.22464679914735E-16,2.71926214689378E-32));
#10296=DIRECTION('',(-1.22464679914735E-16,-1.,-2.22044604925031E-16));
#10297=DIRECTION('',(1.,-1.22464679914735E-16,-2.71926214689378E-32));
#10298=DIRECTION('',(-8.75811540203011E-47,2.22044604925031E-16,-1.));
#10299=DIRECTION('',(0.,2.22044604925031E-16,-1.));
#10300=DIRECTION('',(1.22464679914735E-16,1.,2.22044604925031E-16));
#10301=DIRECTION('',(0.,-2.22044604925031E-16,1.));
#10302=DIRECTION('',(1.22464679914735E-16,1.,2.22044604925031E-16));
#10303=DIRECTION('',(-1.22464679914735E-16,-1.,-2.22044604925031E-16));
#10304=DIRECTION('',(1.22464679914735E-16,1.,2.22044604925031E-16));
#10305=DIRECTION('',(-1.,1.22464679914735E-16,2.71926214689378E-32));
#10306=DIRECTION('',(-1.22464679914735E-16,-1.,-2.22044604925031E-16));
#10307=DIRECTION('',(1.,1.2653141008667E-15,2.80956169633019E-31));
#10308=DIRECTION('',(-1.75162308040602E-45,-2.22044604925031E-16,1.));
#10309=DIRECTION('',(1.2653141008667E-15,-1.,-2.22044604925031E-16));
#10310=DIRECTION('',(-0.70710678472209,-0.707106777651005,-1.57009245083329E-16));
#10311=DIRECTION('',(1.23259516440783E-31,-2.22044604925031E-16,1.));
#10312=DIRECTION('',(0.577350265340621,-0.577350271114135,0.577350271114121));
#10313=DIRECTION('',(1.85037170154069E-15,2.22044604925031E-16,-1.));
#10314=DIRECTION('',(3.31125855102399E-10,2.22044605344009E-16,-1.));
#10315=DIRECTION('',(1.,-1.2246467998826E-16,3.31125855102399E-10));
#10316=DIRECTION('',(1.2653141008667E-15,-1.,-2.22044604925031E-16));
#10317=DIRECTION('',(1.,-1.2246467998826E-16,3.31125855102399E-10));
#10318=DIRECTION('',(1.2653141008667E-15,-1.,-2.22044604925031E-16));
#10319=DIRECTION('',(-0.70710678472209,0.707106777651006,1.57009245083329E-16));
#10320=DIRECTION('',(-2.83496887813801E-31,-2.22044604925031E-16,1.));
#10321=DIRECTION('',(-1.81284142521971E-30,-1.50250182172505E-14,1.));
#10322=DIRECTION('',(-0.707106781424452,1.3702319015634E-9,0.707106780948643));
#10323=DIRECTION('',(-1.93780076017988E-9,-1.,-2.22044608854139E-16));
#10324=DIRECTION('',(1.22464679914735E-16,1.,2.22044604925031E-16));
#10325=DIRECTION('',(3.31125855102399E-10,2.2204460488448E-16,-1.));
#10326=DIRECTION('',(-1.,1.2246467998826E-16,-3.31125855102399E-10));
#10327=DIRECTION('',(-1.,1.2246467998826E-16,-3.31125855102399E-10));
#10328=DIRECTION('',(0.707106781819779,-2.45268297528293E-16,0.707106780553316));
#10329=DIRECTION('',(1.24817147946709E-16,1.,2.22044604925032E-16));
#10330=DIRECTION('',(0.707106781230516,1.0905941819845E-9,-0.707106781142579));
#10331=DIRECTION('',(-1.54233286106716E-9,1.,2.22044606372597E-16));
#10332=DIRECTION('',(3.31125855102399E-10,2.22044604293657E-16,-1.));
#10333=DIRECTION('',(-1.,1.2246467998826E-16,-3.31125855102399E-10));
#10334=DIRECTION('',(1.90675168377663E-15,1.,2.22044604925031E-16));
#10335=DIRECTION('',(-1.,1.2246467998826E-16,-3.31125855102399E-10));
#10336=DIRECTION('',(1.90675168377663E-15,1.,2.22044604925031E-16));
#10337=DIRECTION('',(1.,-1.22464679914735E-16,-2.71926214689378E-32));
#10338=DIRECTION('',(1.22464679914735E-16,1.,2.22044604925031E-16));
#10339=DIRECTION('',(1.,-1.22464679914735E-16,-2.71926214689378E-32));
#10340=DIRECTION('',(-0.499999999906659,2.53528608596259E-16,-0.866025403838329));
#10341=DIRECTION('',(-0.866025403838329,-4.96477856269952E-18,0.499999999906659));
#10342=DIRECTION('',(-0.498283875422921,-0.867013944232453,-1.92515768711588E-16));
#10343=DIRECTION('',(-0.867013944232453,0.498283875422921,1.10641246258796E-16));
#10344=DIRECTION('',(1.,-1.22464679914735E-16,-2.71926214689378E-32));
#10345=DIRECTION('',(1.22464679914735E-16,1.,2.22044604925031E-16));
#10346=DIRECTION('',(-0.499999999906659,2.53528608596259E-16,-0.866025403838329));
#10347=DIRECTION('',(-0.866025403838329,-4.96477856269952E-18,0.499999999906659));
#10348=DIRECTION('',(1.,-1.22464679914735E-16,-2.71926214689378E-32));
#10349=DIRECTION('',(-0.49828387585346,0.867013943985017,1.92515768656646E-16));
#10350=DIRECTION('',(0.867013943985017,0.49828387585346,1.10641246354395E-16));
#10351=DIRECTION('',(3.31125855102399E-10,2.22044605344009E-16,-1.));
#10352=DIRECTION('',(1.,-1.2246467998826E-16,3.31125855102399E-10));
#10353=DIRECTION('',(1.,-1.2246467998826E-16,3.31125855102399E-10));
#10354=DIRECTION('',(-0.70710678472209,0.707106777651006,1.57009245083329E-16));
#10355=DIRECTION('',(-2.83496887813801E-31,-2.22044604925031E-16,1.));
#10356=DIRECTION('',(-1.81284142521971E-30,-1.50250182172505E-14,1.));
#10357=DIRECTION('',(-0.707106781424451,1.37023422471461E-9,0.707106780948644));
#10358=DIRECTION('',(-1.93780404561182E-9,-1.,-2.22044603891056E-16));
#10359=DIRECTION('',(0.,-2.22044604925031E-16,1.));
#10360=DIRECTION('',(1.22464679914735E-16,1.,2.22044604925031E-16));
#10361=DIRECTION('',(-1.22464679914735E-16,-1.,-2.22044604925031E-16));
#10362=DIRECTION('',(1.22464679914735E-16,1.,2.22044604925031E-16));
#10363=DIRECTION('',(0.499999999906659,-2.53528608596259E-16,0.866025403838329));
#10364=DIRECTION('',(1.22464679914735E-16,1.,2.22044604925031E-16));
#10365=DIRECTION('',(0.775303769038244,0.44557687817733,-0.447621839669198));
#10366=DIRECTION('',(1.22464679914735E-16,1.,2.22044604925031E-16));
#10367=DIRECTION('',(0.775303770111922,-0.445576876523,-0.447621839456307));
#10368=DIRECTION('',(-1.,1.22464679914735E-16,2.71926214689378E-32));
#10369=DIRECTION('',(-1.22464679914735E-16,-1.,-2.22044604925031E-16));
#10370=DIRECTION('',(1.22464679914735E-16,1.,2.22044604925031E-16));
#10371=DIRECTION('',(-1.,1.22464679914735E-16,2.71926214689378E-32));
#10372=DIRECTION('',(-1.22464679914735E-16,-1.,-2.22044604925031E-16));
#10373=DIRECTION('',(1.22464679914735E-16,1.,2.22044604925031E-16));
#10374=DIRECTION('',(-1.,1.22464679914735E-16,2.71926214689378E-32));
#10375=DIRECTION('',(-2.85714308538065E-9,2.2204460527493E-16,-1.));
#10376=DIRECTION('',(0.,-2.22044604925031E-16,1.));
#10377=DIRECTION('',(0.672672794665942,-2.46678359616345E-16,0.739940072787189));
#10378=DIRECTION('',(1.,-1.22464679914735E-16,-2.71926214689378E-32));
#10379=DIRECTION('',(1.,-1.90675168377663E-15,-4.2338392431432E-31));
#10380=DIRECTION('',(-5.25486924121806E-46,2.22044604925031E-16,-1.));
#10381=DIRECTION('',(0.,2.22044604925031E-16,-1.));
#10382=DIRECTION('',(0.707106781186548,0.707106781186547,1.57009245868377E-16));
#10383=DIRECTION('',(-0.707106781186547,0.707106781186548,1.57009245868377E-16));
#10384=DIRECTION('',(0.,-2.22044604925031E-16,1.));
#10385=DIRECTION('',(0.707106781186546,-0.707106781186549,-1.57009245868378E-16));
#10386=DIRECTION('',(0.,-2.22044604925031E-16,1.));
#10387=DIRECTION('',(0.707106781186548,0.707106781186547,1.57009245868377E-16));
#10388=DIRECTION('',(0.707106781186547,-0.707106781186548,-1.57009245868378E-16));
#10389=DIRECTION('',(0.,2.22044604925031E-16,-1.));
#10390=DIRECTION('',(1.22464679914738E-16,1.,2.22044604916201E-16));
#10391=DIRECTION('',(-1.,1.22464679914738E-16,2.71926214689384E-32));
#10392=DIRECTION('',(-1.22464679914735E-16,-1.,-2.22044604926618E-16));
#10393=DIRECTION('',(1.,-1.22464679914735E-16,-2.71926214689378E-32));
#10394=DIRECTION('',(-1.,1.2246467998826E-16,-3.31125855102399E-10));
#10395=DIRECTION('',(0.,2.22044604925031E-16,-1.));
#10396=DIRECTION('',(3.31125855102399E-10,2.2204460488448E-16,-1.));
#10397=DIRECTION('',(-1.,1.2246467998826E-16,-3.31125855102399E-10));
#10398=DIRECTION('',(1.22464679914735E-16,1.,2.22044604925031E-16));
#10399=DIRECTION('',(1.22464679914735E-16,1.,2.22044604920125E-16));
#10400=DIRECTION('',(-1.,1.22464679914735E-16,2.71926214689378E-32));
#10401=DIRECTION('',(0.,-2.22044604925031E-16,1.));
#10402=DIRECTION('',(0.,-2.22044604925031E-16,1.));
#10403=DIRECTION('',(1.22464679914735E-16,1.,2.22044604925031E-16));
#10404=DIRECTION('',(-1.22464679914735E-16,-1.,-2.22044604925031E-16));
#10405=DIRECTION('',(3.31125855102399E-10,2.22044605344009E-16,-1.));
#10406=DIRECTION('',(1.,-1.2246467998826E-16,3.31125855102399E-10));
#10407=DIRECTION('',(1.,-1.2246467998826E-16,3.31125855102399E-10));
#10408=DIRECTION('',(1.22464679914735E-16,1.,2.22044604925031E-16));
#10409=DIRECTION('',(-1.,1.22464679914735E-16,2.71926214689378E-32));
#10410=DIRECTION('',(0.,2.22044604925031E-16,-1.));
#10411=DIRECTION('',(1.,-1.22464679914735E-16,-2.71926214689378E-32));
#10412=DIRECTION('',(0.,2.22044604925031E-16,-1.));
#10413=DIRECTION('',(0.70710678118655,0.707106781186545,1.57009245868377E-16));
#10414=DIRECTION('',(-0.707106781186545,0.70710678118655,1.57009245868378E-16));
#10415=DIRECTION('',(0.,-2.22044604925031E-16,1.));
#10416=DIRECTION('',(0.707106781186546,-0.707106781186549,-1.57009245868378E-16));
#10417=DIRECTION('',(0.,-2.22044604925031E-16,1.));
#10418=DIRECTION('',(0.70710678118655,0.707106781186545,1.57009245868377E-16));
#10419=DIRECTION('',(0.707106781186545,-0.70710678118655,-1.57009245868378E-16));
#10420=DIRECTION('',(0.,2.22044604925031E-16,-1.));
#10421=DIRECTION('',(-1.,1.22464679914735E-16,2.71926214689378E-32));
#10422=DIRECTION('',(-1.22464679914735E-16,-1.,-2.22044604925031E-16));
#10423=DIRECTION('',(-1.22464679914735E-16,-1.,-2.22044604925031E-16));
#10424=DIRECTION('',(0.,2.22044604925031E-16,-1.));
#10425=DIRECTION('',(-1.,1.22464679914735E-16,2.71926214689378E-32));
#10426=DIRECTION('',(5.71501839698599E-17,0.466666666745467,-0.884433277386528));
#10427=DIRECTION('',(0.,2.22044604925031E-16,-1.));
#10428=DIRECTION('',(0.,2.22044604925031E-16,-1.));
#10429=DIRECTION('',(-1.,1.22464679914735E-16,2.71926214689378E-32));
#10430=DIRECTION('',(-5.71501841226005E-17,-0.466666667992689,0.884433276728438));
#10431=DIRECTION('',(0.,2.22044604925031E-16,-1.));
#10432=DIRECTION('',(-1.,1.22464679914735E-16,2.71926214689378E-32));
#10433=DIRECTION('',(-1.22464679914735E-16,-1.,-2.22044604925031E-16));
#10434=DIRECTION('',(-1.22464679914735E-16,-1.,-2.22044604925031E-16));
#10435=DIRECTION('',(3.54380427565622E-48,2.22044604925031E-16,-1.));
#10436=DIRECTION('',(-1.,1.22464679914735E-16,2.71926214689378E-32));
#10437=DIRECTION('',(5.71501839698599E-17,0.466666666745467,-0.884433277386528));
#10438=DIRECTION('',(0.,2.22044604925031E-16,-1.));
#10439=DIRECTION('',(-1.,1.22464679914735E-16,2.71926214689378E-32));
#10440=DIRECTION('',(-5.71501841226005E-17,-0.466666667992689,0.884433276728438));
#10441=DIRECTION('',(3.54380427565622E-48,2.22044604925031E-16,-1.));
#10442=DIRECTION('',(-4.26227138493764E-16,1.,3.5361431859019E-15));
#10443=DIRECTION('',(-1.,-4.26227138493764E-16,-9.46414365751743E-32));
#10444=DIRECTION('',(1.22464679914735E-16,1.,2.22044604925031E-16));
#10445=DIRECTION('',(-1.,1.22464679914735E-16,2.71926214689378E-32));
#10446=DIRECTION('',(1.,-1.22464679914735E-16,-2.71926214689378E-32));
#10447=DIRECTION('',(1.,-1.22464679914735E-16,-2.71926214689378E-32));
#10448=DIRECTION('',(1.,1.2653141008667E-15,2.80956169633019E-31));
#10449=DIRECTION('',(-1.75162308040602E-45,-2.22044604925031E-16,1.));
#10450=DIRECTION('',(1.,-1.22464679914735E-16,-2.71926214689378E-32));
#10451=DIRECTION('',(-8.75811540203011E-47,2.22044604925031E-16,-1.));
#10452=DIRECTION('',(1.22464679914735E-16,1.,2.22044604925031E-16));
#10453=DIRECTION('',(-1.,1.22464679914735E-16,2.71926214689378E-32));
#10454=DIRECTION('',(-1.,1.22464679914735E-16,2.71926214689378E-32));
#10455=DIRECTION('',(-1.,1.22464679914735E-16,2.71926214689378E-32));
#10456=DIRECTION('',(-1.22464679914735E-16,-1.,-2.22044604925031E-16));
#10457=DIRECTION('',(-1.22464679914735E-16,-1.,-2.22044604925031E-16));
#10458=DIRECTION('',(0.,2.22044604925031E-16,-1.));
#10459=DIRECTION('',(1.22464679914735E-16,1.,2.22044604925031E-16));
#10460=DIRECTION('',(-1.,1.22464679914735E-16,2.71926214689378E-32));
#10461=DIRECTION('',(1.,-1.22464679914735E-16,-2.71926214689378E-32));
#10462=DIRECTION('',(1.,-1.22464679914735E-16,-2.71926214689378E-32));
#10463=DIRECTION('',(0.,-2.22044604925031E-16,1.));
#10464=DIRECTION('',(1.22464679914735E-16,1.,2.22044604925031E-16));
#10465=DIRECTION('',(-1.,1.22464679914735E-16,2.71926214689378E-32));
#10466=DIRECTION('',(-0.966234939355345,0.257662651482462,5.72126016523594E-17));
#10467=DIRECTION('',(-9.18767390956746E-30,2.2204460492502E-16,-1.));
#10468=DIRECTION('',(-1.22464679914735E-16,-1.,-2.2204460492502E-16));
#10469=DIRECTION('',(1.,-1.22464679914735E-16,-2.71926214689378E-32));
#10470=DIRECTION('',(1.,-1.22464679914735E-16,-2.71926214689378E-32));
#10471=DIRECTION('',(1.22464679914735E-16,1.,2.22044604925031E-16));
#10472=DIRECTION('',(1.,-1.22464679914735E-16,-2.71926214689378E-32));
#10473=DIRECTION('',(1.,-1.22464679914735E-16,-2.71926214689378E-32));
#10474=DIRECTION('',(-1.22464679914735E-16,-1.,-2.22044604925031E-16));
#10475=DIRECTION('',(1.,-1.22464679914735E-16,-2.71926214689378E-32));
#10476=DIRECTION('',(-1.22464679914735E-16,-1.,-2.22044604925031E-16));
#10477=DIRECTION('',(1.,-1.22464679914735E-16,-2.71926214689378E-32));
#10478=DIRECTION('',(-1.22464679914735E-16,-1.,-2.22044604925031E-16));
#10479=DIRECTION('',(0.724999433594412,-0.688749461914695,-1.52933102163176E-16));
#10480=DIRECTION('',(-1.,1.22464679914735E-16,2.71926214689378E-32));
#10481=DIRECTION('',(-1.22464679914735E-16,-1.,-2.22044604925031E-16));
#10482=DIRECTION('',(-1.22464679914735E-16,-1.,-2.22044604925031E-16));
#10483=DIRECTION('',(0.,-2.22044604925031E-16,1.));
#10484=DIRECTION('',(0.257662650881075,0.966234939515715,2.14547255409528E-16));
#10485=DIRECTION('',(-0.966234939515715,0.257662650881075,5.72126015188245E-17));
#10486=DIRECTION('',(0.,-2.22044604925031E-16,1.));
#10487=DIRECTION('',(0.966234939355345,-0.257662651482462,6.44156623180929E-10));
#10488=DIRECTION('',(-1.,1.22464679914735E-16,2.71926214689378E-32));
#10489=DIRECTION('',(-1.22464679914735E-16,-1.,-2.22044604925031E-16));
#10490=DIRECTION('',(-1.,1.22464679914735E-16,2.71926214689378E-32));
#10491=DIRECTION('',(-9.38895894790601E-17,-0.766666679277894,0.642045327749534));
#10492=DIRECTION('',(-1.,4.33289083146973E-10,6.49729159986713E-10));
#10493=DIRECTION('',(-1.,1.22464679914735E-16,2.71926214689378E-32));
#10494=DIRECTION('',(-9.38895894790601E-17,-0.766666679277894,0.642045327749534));
#10495=DIRECTION('',(-1.,4.33289083146973E-10,6.49729159986713E-10));
#10496=DIRECTION('',(0.,-2.22044604925031E-16,1.));
#10497=DIRECTION('',(1.22464679914735E-16,1.,2.22044604925031E-16));
#10498=DIRECTION('',(-1.,1.22464680062765E-16,-6.66666722715803E-10));
#10499=DIRECTION('',(-1.,1.22464679914735E-16,2.71926214689378E-32));
#10500=DIRECTION('',(-1.22464679914735E-16,-1.,-2.22044604925031E-16));
#10501=DIRECTION('',(-1.,1.22464679914735E-16,2.71926214689378E-32));
#10502=DIRECTION('',(-9.38895894790601E-17,-0.766666679277894,0.642045327749534));
#10503=DIRECTION('',(-1.,4.33289083146973E-10,6.49729159986713E-10));
#10504=DIRECTION('',(-1.,1.22464679914735E-16,2.71926214689378E-32));
#10505=DIRECTION('',(-9.38895894790601E-17,-0.766666679277894,0.642045327749534));
#10506=DIRECTION('',(-1.,4.33289083146973E-10,6.49729159986713E-10));
#10507=DIRECTION('',(-1.,1.22464679914735E-16,2.71926214689378E-32));
#10508=DIRECTION('',(3.31125855102399E-10,2.22044605344009E-16,-1.));
#10509=DIRECTION('',(1.,-1.2246467998826E-16,3.31125855102399E-10));
#10510=DIRECTION('',(-4.26227138493764E-16,1.,3.5361431859019E-15));
#10511=DIRECTION('',(-1.,-4.26227138493764E-16,-9.46414365751743E-32));
#10512=DIRECTION('',(1.22464679914735E-16,1.,2.22044604925031E-16));
#10513=DIRECTION('',(-1.,1.22464679914735E-16,2.71926214689378E-32));
#10514=DIRECTION('',(-1.,1.22464679914735E-16,2.71926214689378E-32));
#10515=DIRECTION('',(-1.22464679914735E-16,-1.,-2.22044604925031E-16));
#10516=DIRECTION('',(0.,2.22044604925031E-16,-1.));
#10517=DIRECTION('',(0.,2.22044604925031E-16,-1.));
#10518=DIRECTION('',(1.22464679914735E-16,1.,2.22044604925031E-16));
#10519=DIRECTION('',(1.22464679914735E-16,1.,2.22044604926667E-16));
#10520=DIRECTION('',(-1.,1.22464679914735E-16,2.71926214689378E-32));
#10521=DIRECTION('',(-0.707106782111022,0.707106780262073,1.57009245663103E-16));
#10522=DIRECTION('',(-0.707106780262073,-0.707106782111022,-1.57009246073652E-16));
#10523=DIRECTION('',(3.54380427565622E-48,2.22044604925031E-16,-1.));
#10524=DIRECTION('',(-0.707106781186547,-0.707106781186548,-1.57009245868378E-16));
#10525=DIRECTION('',(0.,-2.22044604925031E-16,1.));
#10526=DIRECTION('',(0.707106782111022,-0.707106780262073,-1.57009245663103E-16));
#10527=DIRECTION('',(-0.707106780262073,-0.707106782111022,-1.57009246073652E-16));
#10528=DIRECTION('',(-1.,1.22464679914735E-16,2.71926214689378E-32));
#10529=DIRECTION('',(1.22464679914735E-16,1.,-1.55554936743394E-9));
#10530=DIRECTION('',(-1.,-6.59454589887332E-10,-2.10187422796714E-9));
#10531=DIRECTION('',(-1.,1.22464679914735E-16,2.71926214689378E-32));
#10532=DIRECTION('',(1.02053898442839E-16,0.83333332119835,-0.552770816686742));
#10533=DIRECTION('',(-1.,-6.59454589887332E-10,-2.10187422796714E-9));
#10534=DIRECTION('',(-1.,1.22464679914735E-16,2.71926214689378E-32));
#10535=DIRECTION('',(1.02053898442839E-16,0.83333332119835,-0.552770816686742));
#10536=DIRECTION('',(0.707106782111022,-0.707106780262073,-1.57009245663103E-16));
#10537=DIRECTION('',(-0.707106780262073,-0.707106782111022,-1.57009246073652E-16));
#10538=DIRECTION('',(-1.,1.22464679914735E-16,2.71926214689378E-32));
#10539=DIRECTION('',(-1.,1.22464679914735E-16,2.71926214689378E-32));
#10540=DIRECTION('',(1.22464679914735E-16,1.,2.22044604925031E-16));
#10541=DIRECTION('',(-1.,1.22464679914735E-16,2.71926214689378E-32));
#10542=DIRECTION('',(-3.08210705585596E-48,-2.22044604925031E-16,1.));
#10543=DIRECTION('',(-1.,1.22464679914735E-16,2.71926214689378E-32));
#10544=DIRECTION('',(-3.42113883062858E-48,-2.22044604925031E-16,1.));
#10545=DIRECTION('',(1.,-1.22464679914735E-16,-2.71926214689378E-32));
#10546=DIRECTION('',(0.,-2.22044604925031E-16,1.));
#10547=DIRECTION('',(1.,-1.22464679914735E-16,-2.71926214689378E-32));
#10548=DIRECTION('',(0.,-2.22044604925031E-16,1.));
#10549=DIRECTION('',(1.,-1.22464679914735E-16,-2.71926214689378E-32));
#10550=DIRECTION('',(1.,-1.22464679914735E-16,-2.71926214689378E-32));
#10551=DIRECTION('',(3.42113882720744E-48,2.22044604925031E-16,-1.));
#10552=DIRECTION('',(-1.,1.22464679914735E-16,2.71926214689378E-32));
#10553=DIRECTION('',(1.,-1.22464679914735E-16,-2.71926214689378E-32));
#10554=DIRECTION('',(1.22464679914735E-16,1.,2.22044604925031E-16));
#10555=DIRECTION('',(-1.,1.22464679914735E-16,2.71926214689378E-32));
#10556=DIRECTION('',(-1.,1.22464679914735E-16,2.71926214689378E-32));
#10557=DIRECTION('',(0.,-2.22044604925031E-16,1.));
#10558=DIRECTION('',(-1.,1.22464679914735E-16,2.71926214689378E-32));
#10559=DIRECTION('',(0.,-2.22044604925031E-16,1.));
#10560=DIRECTION('',(-1.,1.22464679914735E-16,2.71926214689378E-32));
#10561=DIRECTION('',(1.22464679914735E-16,1.,2.22044604925031E-16));
#10562=DIRECTION('',(-3.84692278032618E-10,2.22044604972142E-16,-1.));
#10563=DIRECTION('',(0.,2.22044604925031E-16,-1.));
#10564=DIRECTION('',(-1.,1.22464679914735E-16,2.71926214689378E-32));
#10565=DIRECTION('',(0.,2.22044604925031E-16,-1.));
#10566=DIRECTION('',(-1.,1.22464679914735E-16,2.71926214689378E-32));
#10567=DIRECTION('',(0.,2.22044604925031E-16,-1.));
#10568=DIRECTION('',(1.22464679914735E-16,1.,2.22044604925031E-16));
#10569=DIRECTION('',(1.,-1.22464679914735E-16,2.22044604925031E-15));
#10570=DIRECTION('',(0.,-2.22044604925031E-16,1.));
#10571=DIRECTION('',(1.22464679914735E-16,1.,2.22044604925031E-16));
#10572=DIRECTION('',(-1.,1.22464679914735E-16,2.71926214689378E-32));
#10573=DIRECTION('',(-0.707106781186547,-0.707106781186548,-1.57009245868378E-16));
#10574=DIRECTION('',(-1.,1.22464679914735E-16,2.71926214689378E-32));
#10575=DIRECTION('',(-0.707106781186547,-0.707106781186548,-1.57009245868378E-16));
#10576=DIRECTION('',(-1.,1.22464679914735E-16,2.71926214689378E-32));
#10577=DIRECTION('',(-1.22464679914735E-16,-1.,-2.22044604925031E-16));
#10578=DIRECTION('',(1.,-1.22464679914735E-16,-2.71926214689378E-32));
#10579=DIRECTION('',(0.707106781186546,-0.707106781186549,-1.57009245868378E-16));
#10580=DIRECTION('',(-1.22464679914735E-16,-1.,-2.22044604925031E-16));
#10581=DIRECTION('',(-0.707106781186547,-0.707106781186548,-1.57009245868378E-16));
#10582=DIRECTION('',(-1.,1.22464679914735E-16,2.71926214689378E-32));
#10583=DIRECTION('',(-1.22464679914735E-16,-1.,-2.22044604925031E-16));
#10584=DIRECTION('',(1.,-1.22464679914735E-16,-2.71926214689378E-32));
#10585=DIRECTION('',(0.707106781186542,-0.707106781186553,-1.57009245868379E-16));
#10586=DIRECTION('',(-1.22464679914735E-16,-1.,-2.22044604925031E-16));
#10587=DIRECTION('',(-1.,1.22464679914735E-16,2.71926214689378E-32));
#10588=DIRECTION('',(1.22464679914735E-16,1.,2.22044604925031E-16));
#10589=DIRECTION('',(1.,-1.22464679914735E-16,-2.71926214689378E-32));
#10590=DIRECTION('',(1.,-1.22464679914735E-16,-2.71926214689378E-32));
#10591=DIRECTION('',(1.22464679914735E-16,1.,2.22044604925031E-16));
#10592=DIRECTION('',(1.,-1.22464679914735E-16,-2.71926214689378E-32));
#10593=DIRECTION('',(1.22464679914735E-16,1.,2.22044604925031E-16));
#10594=DIRECTION('',(1.,-1.22464679914735E-16,-2.71926214689378E-32));
#10595=DIRECTION('',(1.,-1.22464679914735E-16,-2.71926214689378E-32));
#10596=DIRECTION('',(1.22464679914735E-16,1.,2.50000042889552E-9));
#10597=DIRECTION('',(1.,-1.22464679914735E-16,-2.71926214689378E-32));
#10598=DIRECTION('',(-1.22464679914735E-16,-1.,-2.22044604925031E-16));
#10599=DIRECTION('',(1.22464679914735E-16,1.,2.22044604925031E-16));
#10600=DIRECTION('',(-1.,1.22464679914735E-16,2.71926214689378E-32));
#10601=DIRECTION('',(0.,-2.22044604925031E-16,1.));
#10602=DIRECTION('',(-1.,1.22464679914735E-16,2.71926214689378E-32));
#10603=DIRECTION('',(0.,2.22044604925031E-16,-1.));
#10604=DIRECTION('',(-1.,1.22464679914735E-16,2.71926214689378E-32));
#10605=DIRECTION('',(1.22464679914735E-16,1.,2.22044604925031E-16));
#10606=DIRECTION('',(-1.,1.22464679914735E-16,2.71926214689378E-32));
#10607=DIRECTION('',(-1.,1.22464679914735E-16,2.71926214689378E-32));
#10608=DIRECTION('',(0.,2.22044604925031E-16,-1.));
#10609=DIRECTION('',(1.,-1.22464679914735E-16,-2.71926214689378E-32));
#10610=DIRECTION('',(0.,-2.22044604925031E-16,1.));
#10611=DIRECTION('',(1.22464679914735E-16,1.,2.22044604925031E-16));
#10612=DIRECTION('',(-1.,1.22464679914735E-16,2.71926214689378E-32));
#10613=DIRECTION('',(1.,-1.22464679914735E-16,-2.71926214689378E-32));
#10614=DIRECTION('',(0.,-2.22044604925031E-16,1.));
#10615=DIRECTION('',(-1.,1.22464679914735E-16,2.71926214689378E-32));
#10616=DIRECTION('',(0.,2.22044604925031E-16,-1.));
#10617=DIRECTION('',(-1.,1.22464679914735E-16,2.71926214689378E-32));
#10618=DIRECTION('',(0.,2.22044604925031E-16,-1.));
#10619=DIRECTION('',(-1.,1.22464679914735E-16,2.71926214689378E-32));
#10620=DIRECTION('',(-1.22464679914735E-16,-1.,-2.22044604925031E-16));
#10621=DIRECTION('',(0.,-2.22044604925031E-16,1.));
#10622=DIRECTION('',(-1.22464679914735E-16,-1.,-2.22044604925031E-16));
#10623=DIRECTION('',(0.,2.22044604925031E-16,-1.));
#10624=DIRECTION('',(-1.22464679914735E-16,-1.,-2.22044604925031E-16));
#10625=DIRECTION('',(0.,-2.22044604925031E-16,1.));
#10626=DIRECTION('',(-2.85714322417182E-9,-1.,-2.22044604925031E-16));
#10627=DIRECTION('',(-5.51640788133175E-26,-4.50449109444016E-10,1.));
#10628=DIRECTION('',(-1.66666692703196E-9,-1.,-2.22044604925031E-16));
#10629=DIRECTION('',(0.,-2.22044604925031E-16,1.));
#10630=DIRECTION('',(1.22464679914735E-16,1.,2.22044604925031E-16));
#10631=DIRECTION('',(-1.,1.22464679914735E-16,2.71926214689378E-32));
#10632=DIRECTION('',(0.,-2.22044604925031E-16,1.));
#10633=DIRECTION('',(0.,2.22044604925031E-16,-1.));
#10634=DIRECTION('',(-1.,1.22464679914735E-16,2.71926214689378E-32));
#10635=DIRECTION('',(-0.707106781186546,0.707106781186549,1.57009245868378E-16));
#10636=DIRECTION('',(-0.707106781186549,-0.707106781186546,-1.57009245868377E-16));
#10637=DIRECTION('',(3.08210705585596E-48,2.22044604925031E-16,-1.));
#10638=DIRECTION('',(-0.707106781186549,-0.707106781186546,-1.57009245868377E-16));
#10639=DIRECTION('',(0.,2.22044604925031E-16,-1.));
#10640=DIRECTION('',(0.707106780302666,0.70710678207043,1.57009246064639E-16));
#10641=DIRECTION('',(0.,2.22044604925031E-16,-1.));
#10642=DIRECTION('',(-0.707106781186551,-0.707106781186544,-1.57009245868377E-16));
#10643=DIRECTION('',(0.,2.22044604925031E-16,-1.));
#10644=DIRECTION('',(-0.707106774115448,-0.707106788257647,-1.57009247438477E-16));
#10645=DIRECTION('',(-0.558145572362979,-0.558145572362978,-0.613960129082668));
#10646=DIRECTION('',(-0.556021852514056,-0.556021852514063,0.617802071098557));
#10647=DIRECTION('',(1.22464679914735E-16,1.,2.22044604925031E-16));
#10648=DIRECTION('',(-1.,1.22464679914735E-16,2.71926214689378E-32));
#10649=DIRECTION('',(-1.,1.22464679914735E-16,2.71926214689378E-32));
#10650=DIRECTION('',(0.,-2.22044604925031E-16,1.));
#10651=DIRECTION('',(1.,-1.22464679914735E-16,-2.71926214689378E-32));
#10652=DIRECTION('',(0.,2.22044604925031E-16,-1.));
#10653=DIRECTION('',(1.,-1.22464679914735E-16,-2.71926214689378E-32));
#10654=DIRECTION('',(0.,2.22044604925031E-16,-1.));
#10655=DIRECTION('',(1.22464679914735E-16,1.,2.22044604925031E-16));
#10656=DIRECTION('',(-1.,1.22464679914735E-16,2.71926214689378E-32));
#10657=DIRECTION('',(0.,2.22044604925031E-16,-1.));
#10658=DIRECTION('',(-1.,1.22464679914735E-16,2.71926214689378E-32));
#10659=DIRECTION('',(0.,-2.22044604925031E-16,1.));
#10660=DIRECTION('',(-1.,1.22464679914735E-16,2.71926214689378E-32));
#10661=DIRECTION('',(3.42113883062858E-48,2.22044604925031E-16,-1.));
#10662=DIRECTION('',(-1.,1.22464679914735E-16,2.71926214689378E-32));
#10663=DIRECTION('',(-1.,-1.37551959440967E-10,-3.05426704907333E-26));
#10664=DIRECTION('',(-1.,1.22464679914735E-16,2.71926214689378E-32));
#10665=DIRECTION('',(-1.22464679914735E-16,-1.,-2.22044604925031E-16));
#10666=DIRECTION('',(1.22464679914735E-16,1.,2.22044604925031E-16));
#10667=DIRECTION('',(4.54545290295982E-10,-2.22044604980697E-16,1.));
#10668=DIRECTION('',(-1.22464679914735E-16,-1.,-2.22044604925031E-16));
#10669=DIRECTION('',(-3.11012620810728E-48,-2.22044604925031E-16,1.));
#10670=DIRECTION('',(3.63636244483251E-9,1.,2.22044604925031E-16));
#10671=DIRECTION('',(0.,-2.22044604925031E-16,1.));
#10672=DIRECTION('',(-6.06060509525989E-10,-1.,-2.22044604925031E-16));
#10673=DIRECTION('',(0.,2.22044604925031E-16,-1.));
#10674=DIRECTION('',(1.22464679914735E-16,1.,2.22044604925031E-16));
#10675=DIRECTION('',(4.54545290089371E-10,-2.22044604980697E-16,1.));
#10676=DIRECTION('',(-1.22464679914735E-16,-1.,-2.22044604925031E-16));
#10677=DIRECTION('',(1.22464679914735E-16,1.,2.22044604925031E-16));
#10678=DIRECTION('',(0.,2.22044604925031E-16,-1.));
#10679=DIRECTION('',(-1.22464679914735E-16,-1.,-2.22044604925031E-16));
#10680=DIRECTION('',(-1.22464679914735E-16,-1.,-2.22044604925031E-16));
#10681=DIRECTION('',(0.,2.22044604925031E-16,-1.));
#10682=DIRECTION('',(-1.22464679914735E-16,-1.,1.05263144399789E-9));
#10683=DIRECTION('',(-3.11012620810728E-48,-2.22044604925031E-16,1.));
#10684=DIRECTION('',(3.63636244483256E-9,1.,2.22044604925031E-16));
#10685=DIRECTION('',(0.,-2.22044604925031E-16,1.));
#10686=DIRECTION('',(-1.22464679914735E-16,-1.,-2.22044604925031E-16));
#10687=DIRECTION('',(0.,2.22044604925031E-16,-1.));
#10688=DIRECTION('',(1.22464679914735E-16,1.,2.22044604925031E-16));
#10689=DIRECTION('',(4.54545290295982E-10,-2.22044604980697E-16,1.));
#10690=DIRECTION('',(-1.22464679914735E-16,-1.,-2.22044604925031E-16));
#10691=DIRECTION('',(-3.11012620810728E-48,-2.22044604925031E-16,1.));
#10692=DIRECTION('',(3.63636244483251E-9,1.,2.22044604925031E-16));
#10693=DIRECTION('',(0.,-2.22044604925031E-16,1.));
#10694=DIRECTION('',(-6.06060509525989E-10,-1.,-2.22044604925031E-16));
#10695=DIRECTION('',(-1.08770485875751E-30,-8.65973959207621E-15,-1.));
#10696=DIRECTION('',(1.22464679914735E-16,1.,2.22044604925031E-16));
#10697=DIRECTION('',(4.54545290295982E-10,-4.54545714199319E-10,1.));
#10698=DIRECTION('',(-1.22464679914735E-16,-1.,-2.22044604925031E-16));
#10699=DIRECTION('',(-3.11012620810728E-48,-2.22044604925031E-16,1.));
#10700=DIRECTION('',(3.63636244483251E-9,1.,2.22044604925031E-16));
#10701=DIRECTION('',(0.,-2.22044604925031E-16,1.));
#10702=DIRECTION('',(0.,2.22044604925031E-16,-1.));
#10703=DIRECTION('',(0.707106781186546,0.707106781186549,1.57009245868378E-16));
#10704=DIRECTION('',(-0.707106781186549,0.707106781186546,1.57009245868377E-16));
#10705=DIRECTION('',(0.707106781186546,-0.707106781186549,-1.57009245868378E-16));
#10706=DIRECTION('',(-0.556021858176299,0.556021849980131,0.617802068283078));
#10707=DIRECTION('',(0.5581455714738,-0.558145572765322,0.613960129525245));
#10708=DIRECTION('',(0.,-2.22044604925031E-16,1.));
#10709=DIRECTION('',(-0.707106767044404,0.707106795328691,1.57009249008564E-16));
#10710=DIRECTION('',(8.16431266983389E-25,6.66666699622454E-9,1.));
#10711=DIRECTION('',(0.707106781186548,-0.707106781186547,-1.57009245868377E-16));
#10712=DIRECTION('',(0.,-2.22044604925031E-16,1.));
#10713=DIRECTION('',(0.707106780302662,-0.707106782070433,-1.57009246064639E-16));
#10714=DIRECTION('',(0.,-2.22044604925031E-16,1.));
#10715=DIRECTION('',(1.22464679914735E-16,1.,2.22044604925031E-16));
#10716=DIRECTION('',(-1.,1.22464679914735E-16,2.71926214689378E-32));
#10717=DIRECTION('',(-1.,1.22464679914735E-16,2.71926214689378E-32));
#10718=DIRECTION('',(-1.,1.22464679914735E-16,2.71926214689378E-32));
#10719=DIRECTION('',(-1.22464679914735E-16,-1.,-2.22044604925031E-16));
#10720=DIRECTION('',(1.6666666821026E-9,-1.,-2.22044604925031E-16));
#10721=DIRECTION('',(0.,-2.22044604925031E-16,1.));
#10722=DIRECTION('',(2.85714297107923E-9,-1.,-2.22044604925031E-16));
#10723=DIRECTION('',(0.,2.22044604925031E-16,-1.));
#10724=DIRECTION('',(-1.22464679914735E-16,-1.,-2.22044604925031E-16));
#10725=DIRECTION('',(-1.22464679914735E-16,-1.,-2.22044604925031E-16));
#10726=DIRECTION('',(1.22464679914735E-16,1.,2.22044604925031E-16));
#10727=DIRECTION('',(-1.,1.22464679914735E-16,2.71926214689378E-32));
#10728=DIRECTION('',(0.,2.22044604925031E-16,-1.));
#10729=DIRECTION('',(1.,-1.22464679914735E-16,-2.71926214689378E-32));
#10730=DIRECTION('',(3.28955656626732E-48,2.22044604925031E-16,-1.));
#10731=DIRECTION('',(-1.,1.22464679914735E-16,2.71926214689378E-32));
#10732=DIRECTION('',(1.,-1.22464679914735E-16,-2.71926214689378E-32));
#10733=DIRECTION('',(0.,-2.22044604925031E-16,1.));
#10734=DIRECTION('',(1.,-1.22464679914735E-16,-2.71926214689378E-32));
#10735=DIRECTION('',(0.,-2.22044604925031E-16,1.));
#10736=DIRECTION('',(1.,-1.22464679914735E-16,-2.71926214689378E-32));
#10737=DIRECTION('',(0.,-2.22044604925031E-16,1.));
#10738=DIRECTION('',(1.,-1.22464679914735E-16,-2.71926214689378E-32));
#10739=DIRECTION('',(0.,2.22044604925031E-16,-1.));
#10740=DIRECTION('',(0.,2.22044604925031E-16,-1.));
#10741=DIRECTION('',(0.,2.22044604925031E-16,-1.));
#10742=DIRECTION('',(1.,-1.22464679914735E-16,-2.71926214689378E-32));
#10743=DIRECTION('',(0.,2.22044604925031E-16,-1.));
#10744=DIRECTION('',(-1.,1.22464679914735E-16,2.71926214689378E-32));
#10745=DIRECTION('',(1.22464679914735E-16,1.,2.22044604925031E-16));
#10746=DIRECTION('',(-1.,1.22464679914735E-16,2.71926214689378E-32));
#10747=DIRECTION('',(1.,-1.22464679914735E-16,-2.71926214689378E-32));
#10748=DIRECTION('',(-1.22464679914735E-16,-1.,-2.22044604925031E-16));
#10749=DIRECTION('',(-2.05100381123202E-10,-2.22044604899913E-16,1.));
#10750=DIRECTION('',(0.,2.22044604925031E-16,-1.));
#10751=DIRECTION('',(1.,-1.22464679914735E-16,-2.71926214689378E-32));
#10752=DIRECTION('',(0.,-2.22044604925031E-16,1.));
#10753=DIRECTION('',(1.,-1.22464679914735E-16,-2.71926214689378E-32));
#10754=DIRECTION('',(0.,2.22044604925031E-16,-1.));
#10755=DIRECTION('',(-1.22464679914735E-16,-1.,-2.22044604925031E-16));
#10756=DIRECTION('',(1.,-1.22464679874859E-16,-1.79585235571267E-10));
#10757=DIRECTION('',(-1.,1.2246467994256E-16,-1.2531329351121E-10));
#10758=DIRECTION('',(0.,2.22044604925031E-16,-1.));
#10759=DIRECTION('',(1.,-1.22464679914735E-16,-2.71926214689378E-32));
#10760=DIRECTION('',(-0.707106782111022,0.707106780262073,1.57009245663103E-16));
#10761=DIRECTION('',(-0.707106780262073,-0.707106782111022,-1.57009246073652E-16));
#10762=DIRECTION('',(0.,-2.22044604925031E-16,1.));
#10763=DIRECTION('',(0.,-2.22044604925031E-16,1.));
#10764=DIRECTION('',(0.,-2.22044604925031E-16,1.));
#10765=DIRECTION('',(1.22464679914735E-16,1.,2.22044604925031E-16));
#10766=DIRECTION('',(-1.22464679914735E-16,-1.,-2.22044604925031E-16));
#10767=DIRECTION('',(1.,-1.22464679914735E-16,-2.71926214689378E-32));
#10768=DIRECTION('',(-1.22464679914735E-16,-1.,-2.22044604925031E-16));
#10769=DIRECTION('',(-1.,1.22464679914735E-16,2.71926214689378E-32));
#10770=DIRECTION('',(-1.22464679914735E-16,-1.,-2.22044604925031E-16));
#10771=DIRECTION('',(1.22464679914735E-16,1.,2.22044604925031E-16));
#10772=DIRECTION('',(-1.22464679914735E-16,-1.,-2.22044604925031E-16));
#10773=DIRECTION('',(9.10272796030784E-17,0.743294145434056,0.668964732525906));
#10774=DIRECTION('',(-1.,1.22464679914735E-16,1.72563323017096E-31));
#10775=DIRECTION('',(8.19245517467593E-17,0.668964731739783,-0.743294146141566));
#10776=DIRECTION('',(-0.559883734381627,0.554284896707656,-0.615872111121024));
#10777=DIRECTION('',(-1.,1.22464679803713E-16,5.00000041370185E-10));
#10778=DIRECTION('',(-1.,1.22464679914735E-16,2.71926214689378E-32));
#10779=DIRECTION('',(-1.22464679914735E-16,-1.,-2.22044604925031E-16));
#10780=DIRECTION('',(3.63950939246596E-48,2.22044604925031E-16,-1.));
#10781=DIRECTION('',(-3.63950939246596E-48,-2.22044604925031E-16,1.));
#10782=DIRECTION('',(1.22464679914735E-16,1.,2.22044604925031E-16));
#10783=DIRECTION('',(-1.22464679914735E-16,-1.,-2.22044604925031E-16));
#10784=DIRECTION('',(1.,-1.22464679914735E-16,-2.71926214689378E-32));
#10785=DIRECTION('',(-0.688749461552669,-0.724999433938336,-1.60982212879709E-16));
#10786=DIRECTION('',(0.724999433938336,-0.688749461552669,-1.5293310208279E-16));
#10787=DIRECTION('',(1.22464679914735E-16,1.,2.22044604925031E-16));
#10788=DIRECTION('',(1.,-1.22464679914735E-16,2.22044604925031E-15));
#10789=DIRECTION('',(1.22464679914735E-16,1.,2.22044604925031E-16));
#10790=DIRECTION('',(1.22464679914735E-16,1.,2.22044604925031E-16));
#10791=DIRECTION('',(-1.,1.22464679914735E-16,2.71926214689378E-32));
#10792=DIRECTION('',(0.732271657470099,6.15377690788156E-17,-0.681012642809217));
#10793=DIRECTION('',(-1.22464679914735E-16,-1.,-2.22044604925031E-16));
#10794=DIRECTION('',(-2.05100381123202E-10,-2.22044604899913E-16,1.));
#10795=DIRECTION('',(0.,2.22044604925031E-16,-1.));
#10796=DIRECTION('',(-1.,1.22464679914735E-16,2.71926214689378E-32));
#10797=DIRECTION('',(-1.22464679914735E-16,-1.,-2.22044604925031E-16));
#10798=DIRECTION('',(1.,-1.22464679914735E-16,-2.71926214689378E-32));
#10799=DIRECTION('',(1.22464679914735E-16,1.,2.22044604925031E-16));
#10800=DIRECTION('',(9.10272798655995E-17,0.743294147577704,-0.668964730144075));
#10801=DIRECTION('',(-1.,1.22464679914735E-16,-9.86076131526265E-32));
#10802=DIRECTION('',(8.19245516030692E-17,0.668964730566465,0.743294147197553));
#10803=DIRECTION('',(0.55988374289343,0.554284896963799,0.615872103152493));
#10804=DIRECTION('',(0.681012642809216,-2.45996966200265E-16,0.7322716574701));
#10805=DIRECTION('',(1.22464679914735E-16,1.,2.22044604925031E-16));
#10806=DIRECTION('',(-0.732271657470099,-6.15377690788156E-17,0.681012642809217));
#10807=DIRECTION('',(1.22464679914735E-16,1.,2.22044604925031E-16));
#10808=DIRECTION('',(-0.500000000014911,-1.31063928677251E-16,0.86602540377583));
#10809=DIRECTION('',(-1.22464679914735E-16,-1.,-2.22044604925031E-16));
#10810=DIRECTION('',(-0.775303768518815,0.445576878626303,-0.447621840121954));
#10811=DIRECTION('',(0.775303768518814,0.445576878626306,0.447621840121954));
#10812=DIRECTION('',(0.,-2.22044604925031E-16,1.));
#10813=DIRECTION('',(1.22464679914735E-16,1.,2.22044604925031E-16));
#10814=DIRECTION('',(-1.22464679914735E-16,-1.,-2.22044604925031E-16));
#10815=DIRECTION('',(1.22464679914735E-16,1.,2.22044604925031E-16));
#10816=DIRECTION('',(-1.,1.22464679914735E-16,2.71926214689378E-32));
#10817=DIRECTION('',(0.688749461552669,0.724999433938336,1.60982212879709E-16));
#10818=DIRECTION('',(-0.724999433938336,0.688749461552669,1.5293310208279E-16));
#10819=DIRECTION('',(0.,2.22044604925031E-16,-1.));
#10820=DIRECTION('',(-0.724999433938337,0.688749461552668,1.5293310208279E-16));
#10821=DIRECTION('',(1.22464679914735E-16,1.,2.22044604925031E-16));
#10822=DIRECTION('',(-1.,1.22464679914735E-16,2.71926214689378E-32));
#10823=DIRECTION('',(-1.,1.22464679914735E-16,2.71926214689378E-32));
#10824=DIRECTION('',(0.,2.22044604925031E-16,-1.));
#10825=DIRECTION('',(0.,-2.22044604925031E-16,1.));
#10826=DIRECTION('',(1.22464679914735E-16,1.,2.22044604925031E-16));
#10827=DIRECTION('',(-0.966234939355344,-0.257662651482467,-5.72126016523603E-17));
#10828=DIRECTION('',(0.,-2.22044604925031E-16,1.));
#10829=DIRECTION('',(1.22464679914735E-16,1.,2.22044604925031E-16));
#10830=DIRECTION('',(-0.966234939355344,-0.257662651482467,-5.72126016523603E-17));
#10831=DIRECTION('',(1.22464679914735E-16,1.,2.22044604925031E-16));
#10832=DIRECTION('',(-1.,1.22464679914735E-16,2.71926214689378E-32));
#10833=DIRECTION('',(-1.,1.22464679914735E-16,2.71926214689378E-32));
#10834=DIRECTION('',(0.,2.22044604925031E-16,-1.));
#10835=DIRECTION('',(0.,2.22044604925031E-16,-1.));
#10836=DIRECTION('',(-0.49828387585346,0.867013943985017,1.92515768656646E-16));
#10837=DIRECTION('',(-0.867013943985017,-0.49828387585346,-1.10641246354395E-16));
#10838=DIRECTION('',(0.70710678118655,0.707106781186545,1.57009245868377E-16));
#10839=DIRECTION('',(-0.707106781186545,0.70710678118655,1.57009245868378E-16));
#10840=DIRECTION('',(0.,-2.22044604925031E-16,1.));
#10841=DIRECTION('',(0.,2.22044604925031E-16,-1.));
#10842=DIRECTION('',(-0.257662650881074,0.966234939515715,2.14547255409528E-16));
#10843=DIRECTION('',(-0.966234939515715,-0.257662650881074,-5.72126015188244E-17));
#10844=DIRECTION('',(-0.707106781186551,0.707106781186544,1.57009245868377E-16));
#10845=DIRECTION('',(-0.707106781186544,-0.707106781186551,-1.57009245868378E-16));
#10846=DIRECTION('',(0.,2.22044604925031E-16,-1.));
#10847=DIRECTION('',(0.,2.22044604925031E-16,-1.));
#10848=DIRECTION('',(-0.707106781186551,0.707106781186544,1.57009245868377E-16));
#10849=DIRECTION('',(-0.707106781186544,-0.707106781186551,-1.57009245868378E-16));
#10850=DIRECTION('',(1.22464679914735E-16,1.,2.22044604925031E-16));
#10851=DIRECTION('',(-1.,1.22464679914735E-16,2.71926214689378E-32));
#10852=DIRECTION('',(0.,2.22044604925031E-16,-1.));
#10853=DIRECTION('',(-1.,1.22464679914735E-16,2.71926214689378E-32));
#10854=DIRECTION('',(-1.,1.22464679914735E-16,2.71926214689378E-32));
#10855=DIRECTION('',(-1.22464679914735E-16,-1.,-2.22044604925031E-16));
#10856=DIRECTION('',(0.,2.22044604925031E-16,-1.));
#10857=DIRECTION('',(-1.22464679914735E-16,-1.,-2.22044604925031E-16));
#10858=DIRECTION('',(1.,-1.22464679914735E-16,-2.71926214689378E-32));
#10859=DIRECTION('',(-1.22464679914735E-16,-1.,-2.22044604925031E-16));
#10860=DIRECTION('',(1.22464679914735E-16,1.,2.22044604925031E-16));
#10861=DIRECTION('',(1.,-1.22464679914735E-16,2.22044604925031E-15));
#10862=DIRECTION('',(1.22464679914735E-16,1.,2.22044604925031E-16));
#10863=DIRECTION('',(1.22464679914735E-16,1.,2.22044604925031E-16));
#10864=DIRECTION('',(-1.,1.22464679914735E-16,2.71926214689378E-32));
#10865=DIRECTION('',(0.,2.22044604925031E-16,-1.));
#10866=DIRECTION('',(-1.,1.22464679914735E-16,2.71926214689378E-32));
#10867=DIRECTION('',(0.,-2.22044604925031E-16,1.));
#10868=DIRECTION('',(-1.,1.22464679914735E-16,2.71926214689378E-32));
#10869=DIRECTION('',(-1.22464679914735E-16,-1.,-2.22044604925031E-16));
#10870=DIRECTION('',(-1.22464679914735E-16,-1.,9.38966991796121E-10));
#10871=DIRECTION('',(-1.,1.22464679914735E-16,2.71926214689378E-32));
#10872=DIRECTION('',(-1.22464679914735E-16,-1.,-2.22044604925031E-16));
#10873=DIRECTION('',(0.,2.22044604925031E-16,-1.));
#10874=DIRECTION('',(-1.,1.22464679914735E-16,2.71926214689378E-32));
#10875=DIRECTION('',(5.71501839698614E-17,0.466666666745479,-0.884433277386522));
#10876=DIRECTION('',(0.,2.22044604925031E-16,-1.));
#10877=DIRECTION('',(0.,2.22044604925031E-16,-1.));
#10878=DIRECTION('',(-1.,1.22464679914735E-16,2.71926214689378E-32));
#10879=DIRECTION('',(-1.22464679914735E-16,-1.,-1.79589898507974E-10));
#10880=DIRECTION('',(0.,2.22044604925031E-16,-1.));
#10881=DIRECTION('',(-0.739940073395943,-5.87468405422084E-17,0.672672793996313));
#10882=DIRECTION('',(-1.22464679914735E-16,-1.,-2.22044604925031E-16));
#10883=DIRECTION('',(-1.22464679914735E-16,-1.,-2.22044604925031E-16));
#10884=DIRECTION('',(-1.,1.22464679914735E-16,2.71926214689378E-32));
#10885=DIRECTION('',(-1.22464679914735E-16,-1.,-2.22044604925031E-16));
#10886=DIRECTION('',(1.22464679914735E-16,1.,2.22044604925031E-16));
#10887=DIRECTION('',(1.22464679914735E-16,1.,2.22044604925031E-16));
#10888=DIRECTION('',(-1.22464679914735E-16,-1.,-2.22044604925031E-16));
#10889=DIRECTION('',(1.22464679914735E-16,1.,2.22044604925031E-16));
#10890=DIRECTION('',(-1.,1.22464679914735E-16,2.71926214689378E-32));
#10891=DIRECTION('',(-1.,1.22464679914735E-16,2.71926214689378E-32));
#10892=DIRECTION('',(0.,2.22044604925031E-16,-1.));
#10893=DIRECTION('',(-0.688749461552669,0.724999433938337,1.60982212879709E-16));
#10894=DIRECTION('',(-0.724999433938337,-0.688749461552669,-1.5293310208279E-16));
#10895=DIRECTION('',(-0.724999433938337,-0.688749461552669,-1.52933102082796E-16));
#10896=DIRECTION('',(0.724999433938336,0.68874946155267,1.52933102082791E-16));
#10897=DIRECTION('',(0.,2.22044604925031E-16,-1.));
#10898=DIRECTION('',(-0.688749461552669,0.724999433938337,1.60982212879709E-16));
#10899=DIRECTION('',(0.724999433938337,0.688749461552669,1.5293310208279E-16));
#10900=DIRECTION('',(1.22464679914735E-16,1.,2.22044604925031E-16));
#10901=DIRECTION('',(-1.,1.22464679914735E-16,2.71926214689378E-32));
#10902=DIRECTION('',(-0.732271657470099,-6.15377690788156E-17,0.681012642809217));
#10903=DIRECTION('',(-1.,1.22464679914735E-16,2.71926214689378E-32));
#10904=DIRECTION('',(0.,2.22044604925031E-16,-1.));
#10905=DIRECTION('',(1.,-1.22464679914735E-16,-2.71926214689378E-32));
#10906=DIRECTION('',(1.22464679914735E-16,1.,2.22044604925031E-16));
#10907=DIRECTION('',(-1.,1.22464679914735E-16,2.71926214689378E-32));
#10908=DIRECTION('',(1.,-1.22464679914735E-16,-2.71926214689378E-32));
#10909=DIRECTION('',(0.,-2.22044604925031E-16,1.));
#10910=DIRECTION('',(-1.22464679914735E-16,-1.,-2.22044604925031E-16));
#10911=DIRECTION('',(1.,-1.22464679914735E-16,-2.71926214689378E-32));
#10912=DIRECTION('',(-1.22464679914735E-16,-1.,-2.22044604925031E-16));
#10913=DIRECTION('',(-2.05100381123202E-10,-2.22044604899913E-16,1.));
#10914=DIRECTION('',(-1.22464679914735E-16,-1.,-2.22044604925031E-16));
#10915=DIRECTION('',(1.22464679914735E-16,1.,2.22044604925031E-16));
#10916=DIRECTION('',(-0.707106782111031,0.707106780262064,1.57009245663101E-16));
#10917=DIRECTION('',(-0.707106780262064,-0.707106782111031,-1.57009246073654E-16));
#10918=DIRECTION('',(0.,-2.22044604925031E-16,1.));
#10919=DIRECTION('',(0.,-2.22044604925031E-16,1.));
#10920=DIRECTION('',(0.707106782111031,-0.707106780262064,-1.57009245663101E-16));
#10921=DIRECTION('',(-0.707106780262064,-0.707106782111031,-1.57009246073654E-16));
#10922=DIRECTION('',(-1.22464679915042E-16,-1.,-2.22044604919738E-16));
#10923=DIRECTION('',(1.,-1.22464679915042E-16,-2.7192621469006E-32));
#10924=DIRECTION('',(0.,2.22044604925031E-16,-1.));
#10925=DIRECTION('',(-1.,1.22464679914735E-16,2.71926214689378E-32));
#10926=DIRECTION('',(1.22464679914735E-16,1.,2.22044604925031E-16));
#10927=DIRECTION('',(-1.,1.22464679914735E-16,2.71926214689378E-32));
#10928=DIRECTION('',(-1.,1.22464679914735E-16,2.71926214689378E-32));
#10929=DIRECTION('',(1.22464679914735E-16,1.,2.22044604925031E-16));
#10930=DIRECTION('',(-1.,1.22464679914735E-16,2.71926214689378E-32));
#10931=DIRECTION('',(-1.,1.22464679914735E-16,2.71926214689378E-32));
#10932=DIRECTION('',(0.,2.22044604925031E-16,-1.));
#10933=DIRECTION('',(1.22464679914735E-16,1.,2.22044604925031E-16));
#10934=DIRECTION('',(-1.,1.22464679914735E-16,2.71926214689378E-32));
#10935=DIRECTION('',(0.,2.22044604925031E-16,-1.));
#10936=DIRECTION('',(-1.,1.22464679914735E-16,2.71926214689378E-32));
#10937=DIRECTION('',(1.22464679914735E-16,1.,-1.07782928172193E-9));
#10938=DIRECTION('',(1.,-6.46736119860222E-10,8.6233242676243E-10));
#10939=DIRECTION('',(1.,-1.22464679914735E-16,-2.71926214689378E-32));
#10940=DIRECTION('',(9.79717437997825E-17,0.799999998922092,0.60000000143721));
#10941=DIRECTION('',(1.,-6.46736119860222E-10,8.6233242676243E-10));
#10942=DIRECTION('',(1.,-1.22464679914735E-16,-2.71926214689378E-32));
#10943=DIRECTION('',(9.79717437997825E-17,0.799999998922092,0.60000000143721));
#10944=DIRECTION('',(-1.,1.22464679914735E-16,2.71926214689378E-32));
#10945=DIRECTION('',(5.71501839698614E-17,0.466666666745479,-0.884433277386522));
#10946=DIRECTION('',(-1.,1.22464679914735E-16,2.71926214689378E-32));
#10947=DIRECTION('',(-1.22464679914735E-16,-1.,-2.22044604925031E-16));
#10948=DIRECTION('',(-1.22464679914735E-16,-1.,-2.22044604925031E-16));
#10949=DIRECTION('',(0.70710678211133,0.707106780261765,1.57009245663035E-16));
#10950=DIRECTION('',(-0.707106780261765,0.70710678211133,1.5700924607372E-16));
#10951=DIRECTION('',(0.70710678211133,0.707106780261765,1.57009245663035E-16));
#10952=DIRECTION('',(0.707106780261765,-0.70710678211133,-1.5700924607372E-16));
#10953=DIRECTION('',(-1.,1.22464679914735E-16,2.71926214689378E-32));
#10954=DIRECTION('',(-1.22464679914735E-16,-1.,-2.22044604925031E-16));
#10955=DIRECTION('',(0.,-2.22044604925031E-16,1.));
#10956=DIRECTION('',(1.22464679914735E-16,1.,2.22044604925031E-16));
#10957=DIRECTION('',(1.22464679914735E-16,1.,2.22044604925031E-16));
#10958=DIRECTION('',(-1.,1.22464679914735E-16,2.71926214689378E-32));
#10959=DIRECTION('',(0.732271657470099,6.15377690788156E-17,-0.681012642809217));
#10960=DIRECTION('',(1.,-1.22464679914735E-16,-2.71926214689378E-32));
#10961=DIRECTION('',(0.,2.22044604925031E-16,-1.));
#10962=DIRECTION('',(1.,-1.22464679914735E-16,-2.71926214689378E-32));
#10963=DIRECTION('',(-1.,1.22464679914735E-16,2.71926214689378E-32));
#10964=DIRECTION('',(1.22464679914735E-16,1.,-1.55554670289868E-9));
#10965=DIRECTION('',(1.,-6.46736119860222E-10,8.6233242676243E-10));
#10966=DIRECTION('',(1.,-1.22464679914735E-16,-2.71926214689378E-32));
#10967=DIRECTION('',(9.79717437997825E-17,0.799999998922092,0.60000000143721));
#10968=DIRECTION('',(1.,-6.46736119860222E-10,8.6233242676243E-10));
#10969=DIRECTION('',(1.,-1.22464679914735E-16,-2.71926214689378E-32));
#10970=DIRECTION('',(9.79717437997825E-17,0.799999998922092,0.60000000143721));
#10971=DIRECTION('',(-1.,1.22464679914735E-16,2.71926214689378E-32));
#10972=DIRECTION('',(-1.,1.22464679914735E-16,2.71926214689378E-32));
#10973=DIRECTION('',(-1.,1.22464679914735E-16,2.71926214689378E-32));
#10974=DIRECTION('',(-0.999999999999955,1.79157840473088E-7,-2.4043760038546E-7));
#10975=DIRECTION('',(1.22464679914735E-16,1.,2.22044604925031E-16));
#10976=DIRECTION('',(-1.,1.22464679914735E-16,2.71926214689378E-32));
#10977=DIRECTION('',(-5.6237019111311E-30,2.22044604925046E-16,-1.));
#10978=DIRECTION('',(-1.22464679914735E-16,-1.,-2.22044604925046E-16));
#10979=DIRECTION('',(-1.22464679914735E-16,-1.,-2.22044604925031E-16));
#10980=DIRECTION('',(-1.,1.22464679914735E-16,2.71926214689378E-32));
#10981=DIRECTION('',(1.22464679914735E-16,1.,-1.55554936743394E-9));
#10982=DIRECTION('',(-1.,-6.59454589887332E-10,-2.10187422796714E-9));
#10983=DIRECTION('',(-1.,1.22464679914735E-16,2.71926214689378E-32));
#10984=DIRECTION('',(1.02053898430677E-16,0.833333321099036,0.552770816836463));
#10985=DIRECTION('',(-1.,-6.59454589887332E-10,-2.10187422796714E-9));
#10986=DIRECTION('',(1.,-1.22464679914735E-16,-2.71926214689378E-32));
#10987=DIRECTION('',(1.02053898430677E-16,0.833333321099036,0.552770816836463));
#10988=DIRECTION('',(-1.,1.22464679914735E-16,2.71926214689378E-32));
#10989=DIRECTION('',(-1.,1.22464679914735E-16,2.71926214689378E-32));
#10990=DIRECTION('',(-1.22464679914735E-16,-1.,-2.22044604925031E-16));
#10991=DIRECTION('',(0.498283875422921,0.867013944232453,1.92515768711588E-16));
#10992=DIRECTION('',(-0.867013944232453,0.498283875422921,1.10641246258796E-16));
#10993=DIRECTION('',(1.22464679914735E-16,1.,2.22044604925031E-16));
#10994=DIRECTION('',(-1.,1.22464679914735E-16,2.71926214689378E-32));
#10995=DIRECTION('',(-0.739940073395943,-5.87468405422084E-17,0.672672793996313));
#10996=DIRECTION('',(-1.22464679914735E-16,-1.,-2.22044604925031E-16));
#10997=DIRECTION('',(-1.,1.22464679914735E-16,2.71926214689378E-32));
#10998=DIRECTION('',(-1.22464679914735E-16,-1.,-2.22044604925031E-16));
#10999=DIRECTION('',(1.22464679914735E-16,1.,2.22044604925031E-16));
#11000=DIRECTION('',(0.,2.22044604925031E-16,-1.));
#11001=DIRECTION('',(-1.22464679914735E-16,-1.,-2.22044604925031E-16));
#11002=DIRECTION('',(-1.,1.22464679914735E-16,2.71926214689378E-32));
#11003=DIRECTION('',(-1.22464679914735E-16,-1.,-2.22044604925031E-16));
#11004=DIRECTION('',(1.22464679914735E-16,1.,2.22044604925031E-16));
#11005=DIRECTION('',(0.,2.22044604925031E-16,-1.));
#11006=DIRECTION('',(1.22464679914735E-16,1.,2.22044604925031E-16));
#11007=DIRECTION('',(0.,2.22044604925031E-16,-1.));
#11008=DIRECTION('',(1.22464679914735E-16,1.,2.22044604925031E-16));
#11009=DIRECTION('',(1.22464679914735E-16,1.,2.22044604925031E-16));
#11010=DIRECTION('',(0.,2.22044604925031E-16,-1.));
#11011=DIRECTION('',(0.,-2.22044604925031E-16,1.));
#11012=DIRECTION('',(1.22464679914735E-16,1.,2.22044604925031E-16));
#11013=DIRECTION('',(-1.,1.22464679914735E-16,2.71926214689378E-32));
#11014=DIRECTION('',(0.,-2.22044604925031E-16,1.));
#11015=DIRECTION('',(1.22464679914735E-16,1.,2.22044604925031E-16));
#11016=DIRECTION('',(-1.,1.22464679914735E-16,2.71926214689378E-32));
#11017=DIRECTION('',(-1.22464679914735E-16,-1.,-2.22044604925031E-16));
#11018=DIRECTION('',(1.,-1.22464679914735E-16,-2.71926214689378E-32));
#11019=DIRECTION('',(0.,-2.22044604925031E-16,1.));
#11020=DIRECTION('',(1.22464679914735E-16,1.,2.22044604925031E-16));
#11021=DIRECTION('',(0.,-2.22044604925031E-16,1.));
#11022=DIRECTION('',(1.22464679914735E-16,1.,2.22044604925031E-16));
#11023=DIRECTION('',(1.,-1.22464679914735E-16,-2.71926214689378E-32));
#11024=DIRECTION('',(-1.22464679914735E-16,-1.,-2.22044604925031E-16));
#11025=DIRECTION('',(1.,-1.22464679914735E-16,-2.71926214689378E-32));
#11026=DIRECTION('',(0.,-2.22044604925031E-16,1.));
#11027=DIRECTION('',(1.22464679914735E-16,1.,2.22044604925031E-16));
#11028=DIRECTION('',(0.,-2.22044604925031E-16,1.));
#11029=DIRECTION('',(1.22464679914735E-16,1.,2.22044604925031E-16));
#11030=DIRECTION('',(1.,-1.22464679914735E-16,-2.71926214689378E-32));
#11031=DIRECTION('',(-1.,1.22464679914735E-16,2.71926214689378E-32));
#11032=DIRECTION('',(-1.22464679914735E-16,-1.,-2.22044604925031E-16));
#11033=DIRECTION('',(-1.22464679914735E-16,-1.,-2.22044604925031E-16));
#11034=DIRECTION('',(-1.22464679914735E-16,-1.,-2.22044604925031E-16));
#11035=DIRECTION('',(0.,-2.22044604925031E-16,1.));
#11036=DIRECTION('',(1.22464679914735E-16,1.,2.22044604925031E-16));
#11037=DIRECTION('',(1.22464679914735E-16,1.,2.22044604925031E-16));
#11038=DIRECTION('',(-1.,1.22464679914735E-16,2.71926214689378E-32));
#11039=DIRECTION('',(0.,-2.22044604925031E-16,1.));
#11040=DIRECTION('',(1.22464679914735E-16,1.,2.22044604925031E-16));
#11041=DIRECTION('',(-1.,1.22464679914735E-16,2.71926214689378E-32));
#11042=DIRECTION('',(-1.,1.22464679914735E-16,2.71926214689378E-32));
#11043=DIRECTION('',(-1.22464679914735E-16,-1.,-2.22044604925031E-16));
#11044=DIRECTION('',(1.22464679914735E-16,1.,2.22044604925031E-16));
#11045=DIRECTION('',(-1.22464679914735E-16,-1.,-2.22044604925031E-16));
#11046=DIRECTION('',(1.22464679914735E-16,1.,2.22044604925031E-16));
#11047=DIRECTION('',(-1.,1.22464679914735E-16,2.71926214689378E-32));
#11048=DIRECTION('',(-1.,1.22464679914735E-16,2.71926214689378E-32));
#11049=DIRECTION('',(-1.22464679914735E-16,-1.,-2.22044604925031E-16));
#11050=DIRECTION('',(0.,2.22044604925031E-16,-1.));
#11051=DIRECTION('',(0.,-2.22044604925031E-16,1.));
#11052=DIRECTION('',(1.22464679914735E-16,1.,2.22044604925031E-16));
#11053=DIRECTION('',(1.22464679914735E-16,1.,2.22044604925031E-16));
#11054=DIRECTION('',(1.22464679914735E-16,1.,2.22044604925031E-16));
#11055=DIRECTION('',(-1.,1.22464679914735E-16,2.71926214689378E-32));
#11056=DIRECTION('',(0.,2.22044604925031E-16,-1.));
#11057=DIRECTION('',(-1.,1.22464679914735E-16,2.71926214689378E-32));
#11058=DIRECTION('',(3.58234432347436E-48,2.22044604925031E-16,-1.));
#11059=DIRECTION('',(-1.,1.22464679914735E-16,2.71926214689378E-32));
#11060=DIRECTION('',(0.,-2.22044604925031E-16,1.));
#11061=DIRECTION('',(-1.,1.22464679914735E-16,2.71926214689378E-32));
#11062=DIRECTION('',(0.,2.22044604925031E-16,-1.));
#11063=DIRECTION('',(-1.,1.22464679914735E-16,2.71926214689378E-32));
#11064=DIRECTION('',(1.,-1.22464679914735E-16,-2.71926214689378E-32));
#11065=DIRECTION('',(0.,-2.22044604925031E-16,1.));
#11066=DIRECTION('',(-1.,1.22464679914735E-16,2.71926214689378E-32));
#11067=DIRECTION('',(0.,-2.22044604925031E-16,1.));
#11068=DIRECTION('',(1.,-1.22464679914735E-16,-2.71926214689378E-32));
#11069=DIRECTION('',(1.22464679914735E-16,1.,2.22044604925031E-16));
#11070=DIRECTION('',(-1.,1.22464679914735E-16,2.71926214689378E-32));
#11071=DIRECTION('',(-4.27642353614751E-48,2.22044604925031E-16,-1.));
#11072=DIRECTION('',(-1.,1.22464679948226E-16,-1.50829575073962E-10));
#11073=DIRECTION('',(0.,2.22044604925031E-16,-1.));
#11074=DIRECTION('',(-1.,1.22464679914735E-16,2.71926214689378E-32));
#11075=DIRECTION('',(0.707106777651015,-2.43604851843995E-16,0.70710678472208));
#11076=DIRECTION('',(1.,-1.22464679914735E-16,-2.71926214689378E-32));
#11077=DIRECTION('',(0.,-2.22044604925031E-16,1.));
#11078=DIRECTION('',(1.,-1.22464679914735E-16,-2.71926214689378E-32));
#11079=DIRECTION('',(-3.63950938859415E-48,-2.22044604925031E-16,1.));
#11080=DIRECTION('',(1.,-1.22464679914735E-16,-2.71926214689378E-32));
#11081=DIRECTION('',(-0.70710677941878,2.43604851667961E-16,-0.707106782954315));
#11082=DIRECTION('',(0.,-2.22044604925031E-16,1.));
#11083=DIRECTION('',(1.22464679914735E-16,1.,2.22044604925031E-16));
#11084=DIRECTION('',(1.22464679914735E-16,1.,1.81818219066347E-9));
#11085=DIRECTION('',(-1.,1.22464679914735E-16,2.71926214689378E-32));
#11086=DIRECTION('',(1.22464679914735E-16,1.,2.22044604925031E-16));
#11087=DIRECTION('',(-1.,1.22464679914735E-16,2.71926214689378E-32));
#11088=DIRECTION('',(0.,2.22044604925031E-16,-1.));
#11089=DIRECTION('',(-1.,1.22464679914735E-16,2.71926214689378E-32));
#11090=DIRECTION('',(0.,2.22044604925031E-16,-1.));
#11091=DIRECTION('',(0.,-2.22044604925031E-16,1.));
#11092=DIRECTION('',(-1.,1.22464679914735E-16,2.71926214689378E-32));
#11093=DIRECTION('',(3.28955656626732E-48,2.22044604925031E-16,-1.));
#11094=DIRECTION('',(-1.,1.22464679914735E-16,2.71926214689378E-32));
#11095=DIRECTION('',(0.,2.22044604925031E-16,-1.));
#11096=DIRECTION('',(-1.,1.22464679914735E-16,2.71926214689378E-32));
#11097=DIRECTION('',(1.22464679914735E-16,1.,2.22044604925031E-16));
#11098=DIRECTION('',(-1.,1.22464679914735E-16,2.71926214689378E-32));
#11099=DIRECTION('',(1.,-1.22464679914735E-16,-2.71926214689378E-32));
#11100=DIRECTION('',(0.,-2.22044604925031E-16,1.));
#11101=DIRECTION('',(1.,-1.22464679914735E-16,-2.71926214689378E-32));
#11102=DIRECTION('',(0.,-2.22044604925031E-16,1.));
#11103=DIRECTION('',(1.,-1.22464679914735E-16,-2.71926214689378E-32));
#11104=DIRECTION('',(-3.58234432347436E-48,-2.22044604925031E-16,1.));
#11105=DIRECTION('',(-1.,1.22464679914735E-16,2.71926214689378E-32));
#11106=DIRECTION('',(0.,-2.22044604925031E-16,1.));
#11107=DIRECTION('',(1.,-1.22464679914735E-16,-2.71926214689378E-32));
#11108=DIRECTION('',(0.,-2.22044604925031E-16,1.));
#11109=DIRECTION('',(1.,-1.22464679914735E-16,-2.71926214689378E-32));
#11110=DIRECTION('',(-3.42113883062858E-48,-2.22044604925031E-16,1.));
#11111=DIRECTION('',(1.,-1.22464679914735E-16,-2.71926214689378E-32));
#11112=DIRECTION('',(1.22464679914735E-16,1.,2.22044604925031E-16));
#11113=DIRECTION('',(-1.,1.22464679914735E-16,2.71926214689378E-32));
#11114=DIRECTION('',(0.,2.22044604925031E-16,-1.));
#11115=DIRECTION('',(-1.,1.22464679914735E-16,2.71926214689378E-32));
#11116=DIRECTION('',(0.,2.22044604925031E-16,-1.));
#11117=DIRECTION('',(0.,-2.22044604925031E-16,1.));
#11118=DIRECTION('',(1.22464679914735E-16,1.,2.22044604925031E-16));
#11119=DIRECTION('',(0.724999433938336,0.68874946155267,1.52933102082791E-16));
#11120=DIRECTION('',(-1.22464679914735E-16,-1.,-2.22044604925031E-16));
#11121=DIRECTION('',(1.22464679914735E-16,1.,2.22044604925031E-16));
#11122=DIRECTION('',(0.,-2.22044604925031E-16,1.));
#11123=DIRECTION('',(1.22464679914735E-16,1.,2.22044604925031E-16));
#11124=DIRECTION('',(-1.,1.22464679914735E-16,2.71926214689378E-32));
#11125=DIRECTION('',(-0.724999433938337,0.688749461552668,1.5293310208279E-16));
#11126=DIRECTION('',(-1.22464679914735E-16,-1.,-2.22044604925031E-16));
#11127=DIRECTION('',(-1.22464679914735E-16,-1.,-2.22044604925031E-16));
#11128=DIRECTION('',(0.,-2.22044604925031E-16,1.));
#11129=DIRECTION('',(1.22464679914735E-16,1.,2.22044604925031E-16));
#11130=DIRECTION('',(1.,-1.22464679914735E-16,-2.71926214689378E-32));
#11131=DIRECTION('',(1.22464679914735E-16,1.,2.22044604925031E-16));
#11132=DIRECTION('',(0.,-2.22044604925031E-16,1.));
#11133=DIRECTION('',(1.22464679914735E-16,1.,2.22044604925031E-16));
#11134=DIRECTION('',(-1.22464679914735E-16,-1.,-2.22044604925031E-16));
#11135=DIRECTION('',(-1.,1.22464679914735E-16,2.71926214689378E-32));
#11136=DIRECTION('',(-1.22464679914735E-16,-1.,-2.22044604925031E-16));
#11137=DIRECTION('',(1.,-1.22464679914735E-16,-2.71926214689378E-32));
#11138=DIRECTION('',(-1.22464679914735E-16,-1.,7.14285551341373E-10));
#11139=DIRECTION('',(-1.,1.22464679948226E-16,-1.50829575073962E-10));
#11140=DIRECTION('',(-1.22464679914735E-16,-1.,-2.22044604925031E-16));
#11141=DIRECTION('',(1.,-1.22464679914735E-16,-2.71926214689378E-32));
#11142=DIRECTION('',(-1.22464679914735E-16,-1.,1.11111097976568E-9));
#11143=DIRECTION('',(-1.,1.50829697538642E-10,-1.50829575073962E-10));
#11144=DIRECTION('',(-1.22464679914735E-16,-1.,-2.22044604925031E-16));
#11145=DIRECTION('',(1.,-1.22464679914735E-16,-2.71926214689378E-32));
#11146=DIRECTION('',(-1.22464679914735E-16,-1.,7.14285551341373E-10));
#11147=DIRECTION('',(-1.22464679914735E-16,-1.,-2.22044604925031E-16));
#11148=DIRECTION('',(-1.,1.22464679914735E-16,2.71926214689378E-32));
#11149=DIRECTION('',(-1.22464679914735E-16,-1.,-2.22044604925031E-16));
#11150=DIRECTION('',(-1.,1.22464679914735E-16,2.71926214689378E-32));
#11151=DIRECTION('',(-0.867013940971895,0.498283881096291,1.10641247518537E-16));
#11152=DIRECTION('',(1.22464679914735E-16,1.,2.22044604925031E-16));
#11153=DIRECTION('',(0.867013940971895,0.498283881096291,1.10641247518537E-16));
#11154=DIRECTION('',(-0.70710678030266,0.707106782070435,1.5700924606464E-16));
#11155=DIRECTION('',(-0.707106782070435,-0.70710678030266,-1.57009245672115E-16));
#11156=DIRECTION('',(-0.707106780302665,-0.70710678207043,-1.57009246064639E-16));
#11157=DIRECTION('',(-0.707106780302665,-0.70710678207043,-1.57009246064639E-16));
#11158=DIRECTION('',(0.,-2.22044604925031E-16,1.));
#11159=DIRECTION('',(-1.22464679914735E-16,-1.,-2.22044604925031E-16));
#11160=DIRECTION('',(1.,-1.22464679914735E-16,-2.71926214689378E-32));
#11161=DIRECTION('',(1.22464679914735E-16,1.,2.22044604925031E-16));
#11162=DIRECTION('',(-3.84692278032618E-10,2.22044604972142E-16,-1.));
#11163=DIRECTION('',(1.22464679914735E-16,1.,2.22044604925031E-16));
#11164=DIRECTION('',(-1.22464679914735E-16,-1.,-2.22044604925031E-16));
#11165=DIRECTION('',(-0.688749461552669,0.724999433938337,1.60982212879709E-16));
#11166=DIRECTION('',(-0.724999433938337,-0.688749461552669,-1.5293310208279E-16));
#11167=DIRECTION('',(-0.688749461552669,0.724999433938337,1.60982212879709E-16));
#11168=DIRECTION('',(0.724999433938337,0.688749461552669,1.5293310208279E-16));
#11169=DIRECTION('',(0.,2.22044604925031E-16,-1.));
#11170=DIRECTION('',(-0.724999434282256,-0.688749461190649,-1.52933102002406E-16));
#11171=DIRECTION('',(1.22464679914735E-16,1.,2.22044604925031E-16));
#11172=DIRECTION('',(-1.,1.22464679914735E-16,2.71926214689378E-32));
#11173=DIRECTION('',(1.,-1.22464679914735E-16,-2.71926214689378E-32));
#11174=DIRECTION('',(0.,2.22044604925031E-16,-1.));
#11175=DIRECTION('',(-1.,1.22464679914735E-16,2.71926214689378E-32));
#11176=DIRECTION('',(-1.,1.22464679914735E-16,2.71926214689378E-32));
#11177=DIRECTION('',(-1.22464679914735E-16,-1.,-2.22044604925031E-16));
#11178=DIRECTION('',(1.22464679914735E-16,1.,2.22044604925031E-16));
#11179=DIRECTION('',(0.,2.22044604925031E-16,-1.));
#11180=DIRECTION('',(1.22464679914735E-16,1.,2.22044604925031E-16));
#11181=DIRECTION('',(-1.22464679914735E-16,-1.,-2.22044604925031E-16));
#11182=DIRECTION('',(1.22464679914735E-16,1.,2.22044604925031E-16));
#11183=DIRECTION('',(1.,-1.22464679914668E-16,-6.87243228464572E-28));
#11184=DIRECTION('',(1.22464679914668E-16,1.,2.22044604925031E-16));
#11185=DIRECTION('',(-1.22464679914735E-16,-1.,-2.22044604925031E-16));
#11186=DIRECTION('',(0.,2.22044604925031E-16,-1.));
#11187=DIRECTION('',(1.22464679914735E-16,1.,2.22044604925031E-16));
#11188=DIRECTION('',(0.,2.22044604925031E-16,-1.));
#11189=DIRECTION('',(-1.22464679914735E-16,-1.,-2.22044604925031E-16));
#11190=DIRECTION('',(0.,2.22044604925031E-16,-1.));
#11191=DIRECTION('',(1.22464679914735E-16,1.,2.22044604925031E-16));
#11192=DIRECTION('',(0.,2.22044604925031E-16,-1.));
#11193=DIRECTION('',(-1.22464679914735E-16,-1.,-2.22044604925031E-16));
#11194=DIRECTION('',(0.,2.22044604925031E-16,-1.));
#11195=DIRECTION('',(0.,2.22044604925031E-16,-1.));
#11196=DIRECTION('',(1.22464679914735E-16,1.,2.22044604925031E-16));
#11197=DIRECTION('',(1.22464679914735E-16,1.,2.22044604925031E-16));
#11198=DIRECTION('',(1.22464679914735E-16,1.,2.22044604925031E-16));
#11199=DIRECTION('',(-0.500000000014913,-1.31063928677251E-16,0.866025403775829));
#11200=DIRECTION('',(-1.22464679914735E-16,-1.,-2.22044604925031E-16));
#11201=DIRECTION('',(0.775303768518813,0.445576878626306,0.447621840121955));
#11202=DIRECTION('',(-0.775303768518814,0.445576878626303,-0.447621840121956));
#11203=DIRECTION('',(1.22464679914735E-16,1.,2.22044604925031E-16));
#11204=DIRECTION('',(0.,-2.22044604925031E-16,1.));
#11205=DIRECTION('',(1.22464679914735E-16,1.,2.22044604925031E-16));
#11206=DIRECTION('',(-1.22464679914735E-16,-1.,-2.22044604925031E-16));
#11207=DIRECTION('',(0.,-2.22044604925031E-16,1.));
#11208=DIRECTION('',(1.22464679914735E-16,1.,2.22044604925031E-16));
#11209=DIRECTION('',(1.22464679914735E-16,1.,2.22044604925031E-16));
#11210=DIRECTION('',(-0.966234939355344,-0.257662651482467,-5.72126016523603E-17));
#11211=DIRECTION('',(1.22464679914735E-16,1.,2.22044604925031E-16));
#11212=DIRECTION('',(-1.,1.22464679914735E-16,2.71926214689378E-32));
#11213=DIRECTION('',(-1.,1.22464679914735E-16,2.71926214689378E-32));
#11214=DIRECTION('',(1.,-1.22464679914735E-16,-2.71926214689378E-32));
#11215=DIRECTION('',(-0.732271657837246,2.40892597321536E-16,-0.681012642414435));
#11216=DIRECTION('',(-1.,1.22464679914735E-16,2.71926214689378E-32));
#11217=DIRECTION('',(-1.22464679914735E-16,-1.,-2.22044604925031E-16));
#11218=DIRECTION('',(0.,2.22044604925031E-16,-1.));
#11219=DIRECTION('',(1.,-1.22464679914735E-16,-2.71926214689378E-32));
#11220=DIRECTION('',(-1.22464679914735E-16,-1.,5.89791241486419E-10));
#11221=DIRECTION('',(-1.22464679914735E-16,-1.,-2.22044604925031E-16));
#11222=DIRECTION('',(1.,-1.22464679914735E-16,-2.71926214689378E-32));
#11223=DIRECTION('',(-7.59906592257944E-25,-6.20510844416238E-9,1.));
#11224=DIRECTION('',(0.,-2.22044604925031E-16,1.));
#11225=DIRECTION('',(0.,2.22044604925031E-16,-1.));
#11226=DIRECTION('',(1.22464679914735E-16,1.,2.22044604925031E-16));
#11227=DIRECTION('',(0.,2.22044604925031E-16,-1.));
#11228=DIRECTION('',(1.22464679914735E-16,1.,2.22044604925031E-16));
#11229=DIRECTION('',(0.,2.22044604925031E-16,-1.));
#11230=DIRECTION('',(0.,2.22044604925031E-16,-1.));
#11231=DIRECTION('',(1.22464679914735E-16,1.,2.22044604925031E-16));
#11232=DIRECTION('',(0.,2.22044604925031E-16,-1.));
#11233=DIRECTION('',(0.,2.22044604925031E-16,-1.));
#11234=DIRECTION('',(1.22464679914735E-16,1.,2.22044604925031E-16));
#11235=DIRECTION('',(0.,-2.22044604925031E-16,1.));
#11236=DIRECTION('',(-2.48447327241126E-10,-1.,-2.48447392342075E-10));
#11237=DIRECTION('',(0.,2.22044604925031E-16,-1.));
#11238=DIRECTION('',(-1.22464679914735E-16,-1.,-2.22044604925031E-16));
#11239=DIRECTION('',(0.,-2.22044604925031E-16,1.));
#11240=DIRECTION('',(-1.22464679914735E-16,-1.,-2.22044604925031E-16));
#11241=DIRECTION('',(1.22464679914735E-16,1.,2.22044604925031E-16));
#11242=DIRECTION('',(6.12321274827824E-26,4.99998487057951E-10,-1.));
#11243=DIRECTION('',(1.22464679914735E-16,1.,2.22044604925031E-16));
#11244=DIRECTION('',(1.22464679914735E-16,1.,2.22044604925031E-16));
#11245=DIRECTION('',(1.22464679914735E-16,1.,2.22044604925031E-16));
#11246=DIRECTION('',(1.66666678825408E-9,1.,2.22044604925031E-16));
#11247=DIRECTION('',(1.22464679914735E-16,1.,2.22044604925031E-16));
#11248=DIRECTION('',(1.22464679914735E-16,1.,2.22044604925031E-16));
#11249=DIRECTION('',(-3.07692185065672E-10,1.,2.22044604925031E-16));
#11250=DIRECTION('',(1.22464679914735E-16,1.,2.22044604925031E-16));
#11251=DIRECTION('',(0.,2.22044604925031E-16,-1.));
#11252=DIRECTION('',(1.22464679914735E-16,1.,2.22044604925031E-16));
#11253=DIRECTION('',(1.22464679914735E-16,1.,2.22044604925031E-16));
#11254=DIRECTION('',(-1.59045052009751E-25,-1.29870118411172E-9,-1.));
#11255=DIRECTION('',(-1.22464679914735E-16,-1.,-2.22044604925031E-16));
#11256=DIRECTION('',(-3.82702155202519E-25,-3.12500047084264E-9,1.));
#11257=DIRECTION('',(-1.22464679914735E-16,-1.,-2.22044604925031E-16));
#11258=DIRECTION('',(1.03092784987872E-9,-1.03092769936911E-9,-1.));
#11259=DIRECTION('',(1.03092784987872E-9,-1.03092769936911E-9,-1.));
#11260=DIRECTION('',(-1.22464679914735E-16,-1.,-2.22044604925031E-16));
#11261=DIRECTION('',(0.,-2.22044604925031E-16,1.));
#11262=DIRECTION('',(1.22464679914735E-16,1.,2.22044604925031E-16));
#11263=DIRECTION('',(-1.,1.22464679914735E-16,2.71926214689378E-32));
#11264=DIRECTION('',(-0.70710677941878,2.43604851667961E-16,-0.707106782954315));
#11265=DIRECTION('',(-1.,1.22464679914735E-16,2.71926214689378E-32));
#11266=DIRECTION('',(3.63950938859415E-48,2.22044604925031E-16,-1.));
#11267=DIRECTION('',(-1.,1.22464679914735E-16,2.71926214689378E-32));
#11268=DIRECTION('',(0.,-2.22044604925031E-16,1.));
#11269=DIRECTION('',(1.,-1.2246467998826E-16,3.31125855102399E-10));
#11270=DIRECTION('',(0.707106784722082,-2.43604851139859E-16,0.707106777651013));
#11271=DIRECTION('',(-1.,1.22464679914735E-16,2.71926214689378E-32));
#11272=DIRECTION('',(-4.27642353614751E-48,2.22044604925031E-16,-1.));
#11273=DIRECTION('',(1.22464679914735E-16,1.,2.22044604925031E-16));
#11274=DIRECTION('',(-1.,1.22464679914735E-16,2.71926214689378E-32));
#11275=DIRECTION('',(-0.70710677941878,2.43604851667961E-16,-0.707106782954315));
#11276=DIRECTION('',(-1.,1.22464679914735E-16,2.71926214689378E-32));
#11277=DIRECTION('',(3.63950938859415E-48,2.22044604925031E-16,-1.));
#11278=DIRECTION('',(-1.,1.22464679914735E-16,2.71926214689378E-32));
#11279=DIRECTION('',(0.,-2.22044604925031E-16,1.));
#11280=DIRECTION('',(1.,-1.2246467998826E-16,3.31125855102399E-10));
#11281=DIRECTION('',(0.707106784722082,-2.43604851139859E-16,0.707106777651013));
#11282=DIRECTION('',(-1.,1.22464679914735E-16,2.71926214689378E-32));
#11283=DIRECTION('',(-4.27642353614751E-48,2.22044604925031E-16,-1.));
#11284=DIRECTION('',(-0.70710678118655,0.707106781186545,1.57009245868377E-16));
#11285=DIRECTION('',(-0.707106781186545,-0.70710678118655,-1.57009245868378E-16));
#11286=DIRECTION('',(-0.577350270472626,-0.577350268548126,-0.577350268548125));
#11287=DIRECTION('',(0.,-2.22044604925031E-16,1.));
#11288=DIRECTION('',(-0.707106781186547,-0.707106781186548,-1.57009245868378E-16));
#11289=DIRECTION('',(1.22464679914735E-16,1.,2.22044604925031E-16));
#11290=DIRECTION('',(-1.,1.22464679914735E-16,2.71926214689378E-32));
#11291=DIRECTION('',(1.,-1.22464679953554E-16,1.74825150471288E-10));
#11292=DIRECTION('',(1.,-1.22464679873616E-16,-1.85185200507476E-10));
#11293=DIRECTION('',(0.707106782291401,7.04136398641958E-17,-0.707106780081694));
#11294=DIRECTION('',(1.22464679914735E-16,1.,2.22044604925031E-16));
#11295=DIRECTION('',(-1.,1.22464679914735E-16,2.71926214689378E-32));
#11296=DIRECTION('',(-0.707106782600761,-7.04136397576184E-17,0.707106779772334));
#11297=DIRECTION('',(0.,2.22044604925031E-16,-1.));
#11298=DIRECTION('',(-1.,1.22464679914735E-16,2.71926214689378E-32));
#11299=DIRECTION('',(1.,-1.22464679914735E-16,-2.71926214689378E-32));
#11300=DIRECTION('',(-1.,1.22464679914735E-16,2.71926214689378E-32));
#11301=DIRECTION('',(1.22464679914735E-16,1.,2.22044604925031E-16));
#11302=DIRECTION('',(-1.,1.22464679914735E-16,2.71926214689378E-32));
#11303=DIRECTION('',(-0.70710677941878,2.43604851667961E-16,-0.707106782954315));
#11304=DIRECTION('',(-1.,1.22464679914735E-16,2.71926214689378E-32));
#11305=DIRECTION('',(3.63950938859415E-48,2.22044604925031E-16,-1.));
#11306=DIRECTION('',(-1.,1.22464679914735E-16,2.71926214689378E-32));
#11307=DIRECTION('',(0.,-2.22044604925031E-16,1.));
#11308=DIRECTION('',(1.,-1.2246467998826E-16,3.31125855102399E-10));
#11309=DIRECTION('',(0.707106784722082,-2.43604851139859E-16,0.707106777651013));
#11310=DIRECTION('',(-1.,1.22464679914735E-16,2.71926214689378E-32));
#11311=DIRECTION('',(-4.27642353614751E-48,2.22044604925031E-16,-1.));
#11312=DIRECTION('',(0.,-2.22044604925031E-16,1.));
#11313=DIRECTION('',(1.22464679914735E-16,1.,2.22044604925031E-16));
#11314=DIRECTION('',(1.22464679914735E-16,1.,2.22044604925031E-16));
#11315=DIRECTION('',(-1.,1.22464679914735E-16,2.71926214689378E-32));
#11316=DIRECTION('',(-4.27642353614751E-48,2.22044604925031E-16,-1.));
#11317=DIRECTION('',(-1.,1.22464679985903E-16,-3.20512846929442E-10));
#11318=DIRECTION('',(0.707106781186549,-2.43604851491927E-16,0.707106781186546));
#11319=DIRECTION('',(1.,-1.2246467998826E-16,3.31125855102399E-10));
#11320=DIRECTION('',(0.,-2.22044604925031E-16,1.));
#11321=DIRECTION('',(1.,-1.22464679914735E-16,-2.71926214689378E-32));
#11322=DIRECTION('',(3.63950938859415E-48,2.22044604925031E-16,-1.));
#11323=DIRECTION('',(-1.,1.22464679914735E-16,2.71926214689378E-32));
#11324=DIRECTION('',(-0.70710677941878,2.43604851667961E-16,-0.707106782954315));
#11325=DIRECTION('',(-0.707106781186547,-7.04136402448282E-17,0.707106781186548));
#11326=DIRECTION('',(-1.22464679914735E-16,-1.,-2.22044604925031E-16));
#11327=DIRECTION('',(-1.22464679914735E-16,-1.,-2.22044604925031E-16));
#11328=DIRECTION('',(0.577350269831126,-0.577350269831127,0.577350267906625));
#11329=DIRECTION('',(0.,-2.22044604925031E-16,1.));
#11330=DIRECTION('',(1.22464679914735E-16,1.,2.22044604925031E-16));
#11331=DIRECTION('',(-1.,1.74825932889309E-10,3.88191551990565E-26));
#11332=DIRECTION('',(1.22464679914735E-16,1.,2.22044604925031E-16));
#11333=DIRECTION('',(1.22464679914735E-16,1.,2.22044604925031E-16));
#11334=DIRECTION('',(-1.,1.22464679914735E-16,2.71926214689378E-32));
#11335=DIRECTION('',(1.,-1.22464679914735E-16,-2.71926214689378E-32));
#11336=DIRECTION('',(0.,2.22044604925031E-16,-1.));
#11337=DIRECTION('',(1.22464679914735E-16,1.,2.22044604925031E-16));
#11338=DIRECTION('',(-1.,1.22464679914735E-16,2.71926214689378E-32));
#11339=DIRECTION('',(0.707106782291401,-2.20971665063605E-9,-0.707106780081694));
#11340=DIRECTION('',(1.,-1.22464679914735E-16,-2.71926214689378E-32));
#11341=DIRECTION('',(1.22464679914735E-16,1.,2.22044604925031E-16));
#11342=DIRECTION('',(-1.,1.22464679914735E-16,2.71926214689378E-32));
#11343=DIRECTION('',(-1.,1.22464679914735E-16,2.71926214689378E-32));
#11344=DIRECTION('',(0.,2.22044604925031E-16,-1.));
#11345=DIRECTION('',(0.707106782600761,7.04136397576184E-17,-0.707106779772334));
#11346=DIRECTION('',(1.,-1.85185323040743E-10,-4.11194018924961E-26));
#11347=DIRECTION('',(-1.,1.29533811905263E-10,2.87622840889375E-26));
#11348=DIRECTION('',(1.,-1.22464679914735E-16,-2.71926214689378E-32));
#11349=DIRECTION('',(1.22464679914735E-16,1.,2.22044604925031E-16));
#11350=DIRECTION('',(1.,-1.22464679914735E-16,-2.71926214689378E-32));
#11351=DIRECTION('',(-0.499999999156659,2.53528608600559E-16,-0.866025404271342));
#11352=DIRECTION('',(-0.866025404271342,-4.96477834313726E-18,0.499999999156659));
#11353=DIRECTION('',(-0.498283875853457,-0.867013943985019,-1.92515768656647E-16));
#11354=DIRECTION('',(-0.867013943985019,0.498283875853457,1.10641246354394E-16));
#11355=DIRECTION('',(0.,-2.22044604925031E-16,1.));
#11356=DIRECTION('',(1.22464679914735E-16,1.,2.22044604925031E-16));
#11357=DIRECTION('',(0.,-2.22044604925031E-16,1.));
#11358=DIRECTION('',(1.22464679914735E-16,1.,2.22044604925031E-16));
#11359=DIRECTION('',(1.22464679914735E-16,1.,2.22044604925031E-16));
#11360=DIRECTION('',(1.,-1.22464679914735E-16,-2.71926214689378E-32));
#11361=DIRECTION('',(0.707106780302665,0.70710678207043,1.57009246064639E-16));
#11362=DIRECTION('',(1.22464679914735E-16,1.,2.22044604925031E-16));
#11363=DIRECTION('',(0.707106780302661,-0.707106782070434,-1.5700924606464E-16));
#11364=DIRECTION('',(1.,-1.22464679914735E-16,-2.71926214689378E-32));
#11365=DIRECTION('',(1.22464679914735E-16,1.,2.22044604925031E-16));
#11366=DIRECTION('',(1.,-1.22464679914735E-16,-2.71926214689378E-32));
#11367=DIRECTION('',(1.22464679914735E-16,1.,2.22044604925031E-16));
#11368=DIRECTION('',(1.,-1.22464679914735E-16,-2.71926214689378E-32));
#11369=DIRECTION('',(1.22464679914735E-16,1.,2.22044604925031E-16));
#11370=DIRECTION('',(1.,-1.22464679914735E-16,-2.71926214689378E-32));
#11371=DIRECTION('',(0.707106780302665,0.70710678207043,1.57009246064639E-16));
#11372=DIRECTION('',(1.22464679914735E-16,1.,2.22044604925031E-16));
#11373=DIRECTION('',(0.707106780302661,-0.707106782070434,-1.5700924606464E-16));
#11374=DIRECTION('',(1.,-1.22464679914735E-16,-2.71926214689378E-32));
#11375=DIRECTION('',(1.22464679914735E-16,1.,2.22044604925031E-16));
#11376=DIRECTION('',(1.,-1.22464679914735E-16,-2.71926214689378E-32));
#11377=DIRECTION('',(1.22464679914735E-16,1.,2.22044604925031E-16));
#11378=DIRECTION('',(1.,-1.22464679914735E-16,-2.71926214689378E-32));
#11379=DIRECTION('',(1.22464679914735E-16,1.,2.22044604925031E-16));
#11380=DIRECTION('',(1.,-1.22464680148466E-16,1.05263166382643E-9));
#11381=DIRECTION('',(-1.,1.22464679914735E-16,2.71926214689378E-32));
#11382=DIRECTION('',(-1.,1.22464679914735E-16,2.71926214689378E-32));
#11383=DIRECTION('',(-1.,1.22464679914735E-16,2.71926214689378E-32));
#11384=DIRECTION('',(0.707106780302665,-0.70710678207043,-1.57009246064639E-16));
#11385=DIRECTION('',(1.,-1.22464679914735E-16,-2.71926214689378E-32));
#11386=DIRECTION('',(1.22464679914735E-16,1.,-6.66666699622428E-9));
#11387=DIRECTION('',(1.,-1.22464679914735E-16,-2.71926214689378E-32));
#11388=DIRECTION('',(1.22464679914735E-16,1.,2.22044604925031E-16));
#11389=DIRECTION('',(1.,-1.22464679914735E-16,-2.71926214689378E-32));
#11390=DIRECTION('',(1.22464679914735E-16,1.,2.22044604925031E-16));
#11391=DIRECTION('',(1.,-1.22464679914735E-16,-2.71926214689378E-32));
#11392=DIRECTION('',(0.707106781186548,0.707106781186547,1.57009245868377E-16));
#11393=DIRECTION('',(1.22464679914735E-16,1.,2.22044604925031E-16));
#11394=DIRECTION('',(-0.707106779418778,0.707106782954317,1.57009246260901E-16));
#11395=DIRECTION('',(1.,-1.22464679914735E-16,-2.71926214689378E-32));
#11396=DIRECTION('',(1.22464679914735E-16,1.,2.22044604925031E-16));
#11397=DIRECTION('',(1.,-1.22464679914735E-16,-2.71926214689378E-32));
#11398=DIRECTION('',(1.22464679914735E-16,1.,2.22044604925031E-16));
#11399=DIRECTION('',(1.,-1.22464679914735E-16,-2.71926214689378E-32));
#11400=DIRECTION('',(1.22464679914735E-16,1.,2.22044604925031E-16));
#11401=DIRECTION('',(-1.,1.22464679914735E-16,2.71926214689378E-32));
#11402=DIRECTION('',(4.27642353614751E-48,-2.22044604925031E-16,1.));
#11403=DIRECTION('',(0.707106777651015,-2.43604851843995E-16,0.70710678472208));
#11404=DIRECTION('',(1.,-1.22464679914735E-16,-2.71926214689378E-32));
#11405=DIRECTION('',(0.,-2.22044604925031E-16,1.));
#11406=DIRECTION('',(1.,-1.22464679914735E-16,-2.71926214689378E-32));
#11407=DIRECTION('',(-3.63950938859415E-48,-2.22044604925031E-16,1.));
#11408=DIRECTION('',(1.,-1.22464679914735E-16,-2.71926214689378E-32));
#11409=DIRECTION('',(0.70710677941878,-2.43604851667961E-16,0.707106782954315));
#11410=DIRECTION('',(0.,-2.22044604925031E-16,1.));
#11411=DIRECTION('',(1.22464679914735E-16,1.,2.22044604925031E-16));
#11412=DIRECTION('',(-1.,1.22464679914735E-16,2.71926214689378E-32));
#11413=DIRECTION('',(1.90675168377663E-15,1.,2.22044604925031E-16));
#11414=DIRECTION('',(1.22464679914735E-16,1.,2.22044604925031E-16));
#11415=DIRECTION('',(1.2653141008667E-15,-1.,-2.22044604925031E-16));
#11416=DIRECTION('',(1.,-1.22464679914735E-16,-2.71926214689378E-32));
#11417=DIRECTION('',(-1.22464679914735E-16,-1.,-2.22044604925031E-16));
#11418=DIRECTION('',(0.,-2.22044604925031E-16,1.));
#11419=DIRECTION('',(1.22464679914735E-16,1.,2.22044604925031E-16));
#11420=DIRECTION('',(1.22464679914735E-16,1.,2.22044604925031E-16));
#11421=DIRECTION('',(1.22464679914735E-16,1.,2.22044604925031E-16));
#11422=DIRECTION('',(-1.,1.22464679914735E-16,2.71926214689378E-32));
#11423=DIRECTION('',(-0.70710677941878,2.43604851667961E-16,-0.707106782954315));
#11424=DIRECTION('',(-1.,1.22464679914735E-16,2.71926214689378E-32));
#11425=DIRECTION('',(3.63950938859415E-48,2.22044604925031E-16,-1.));
#11426=DIRECTION('',(1.,-1.22464679914735E-16,-2.71926214689378E-32));
#11427=DIRECTION('',(0.,-2.22044604925031E-16,1.));
#11428=DIRECTION('',(1.,-1.2246467998826E-16,3.31125855102399E-10));
#11429=DIRECTION('',(0.707106784722082,-2.43604851139859E-16,0.707106777651013));
#11430=DIRECTION('',(-4.27642353614751E-48,2.22044604925031E-16,-1.));
#11431=DIRECTION('',(0.,-2.22044604925031E-16,1.));
#11432=DIRECTION('',(1.22464679914735E-16,1.,2.22044604925031E-16));
#11433=DIRECTION('',(-0.707106781186547,0.707106781186548,2.35702295598533E-9));
#11434=DIRECTION('',(1.,-1.22464679914735E-16,-2.71926214689378E-32));
#11435=DIRECTION('',(1.22464679914735E-16,1.,2.22044604925031E-16));
#11436=DIRECTION('',(-1.,1.22464679914735E-16,2.71926214689378E-32));
#11437=DIRECTION('',(-1.22464679914735E-16,-1.,-2.22044604925031E-16));
#11438=DIRECTION('',(-1.,1.22464679914735E-16,2.71926214689378E-32));
#11439=DIRECTION('',(1.22464679914735E-16,1.,2.22044604925031E-16));
#11440=DIRECTION('',(-1.,1.22464679914735E-16,2.71926214689378E-32));
#11441=DIRECTION('',(4.27642353614751E-48,-2.22044604925031E-16,1.));
#11442=DIRECTION('',(0.707106781186549,-2.43604851491927E-16,0.707106781186546));
#11443=DIRECTION('',(1.,-1.2246467998826E-16,3.31125855102399E-10));
#11444=DIRECTION('',(0.,-2.22044604925031E-16,1.));
#11445=DIRECTION('',(1.,-1.22464679914735E-16,-2.71926214689378E-32));
#11446=DIRECTION('',(-3.63950938859415E-48,-2.22044604925031E-16,1.));
#11447=DIRECTION('',(1.,-1.22464679914735E-16,-2.71926214689378E-32));
#11448=DIRECTION('',(0.70710677941878,-2.43604851667961E-16,0.707106782954315));
#11449=DIRECTION('',(0.,-2.22044604925031E-16,1.));
#11450=DIRECTION('',(1.22464679914735E-16,1.,2.22044604925031E-16));
#11451=DIRECTION('',(-0.257662650881074,0.966234939515715,2.14547255409528E-16));
#11452=DIRECTION('',(-0.966234939515715,-0.257662650881074,-5.72126015188244E-17));
#11453=DIRECTION('',(-0.966234939355344,-0.257662651482467,-5.72126016523603E-17));
#11454=DIRECTION('',(-1.,1.22464679914735E-16,2.71926214689378E-32));
#11455=DIRECTION('',(-1.22464679914735E-16,-1.,-2.22044604925031E-16));
#11456=DIRECTION('',(-1.22464679914735E-16,-1.,-2.22044604925031E-16));
#11457=DIRECTION('',(-1.22464679914735E-16,-1.,-2.22044604925031E-16));
#11458=DIRECTION('',(0.,-2.22044604925031E-16,1.));
#11459=DIRECTION('',(1.22464679914735E-16,1.,2.22044604925031E-16));
#11460=DIRECTION('',(-1.,1.22464679914735E-16,2.71926214689378E-32));
#11461=DIRECTION('',(-1.,1.22464679914735E-16,2.71926214689378E-32));
#11462=DIRECTION('',(-1.,-1.85185078111383E-10,-4.11193475072532E-26));
#11463=DIRECTION('',(0.707106781186547,7.04136402448283E-17,-0.707106781186548));
#11464=DIRECTION('',(0.,-2.22044604925031E-16,1.));
#11465=DIRECTION('',(1.22464679914735E-16,1.,2.22044604925031E-16));
#11466=DIRECTION('',(0.,-2.22044604925031E-16,1.));
#11467=DIRECTION('',(1.22464679914735E-16,1.,2.22044604925031E-16));
#11468=DIRECTION('',(0.499999999156659,-2.53528608600559E-16,0.866025404271342));
#11469=DIRECTION('',(1.22464679914735E-16,1.,2.22044604925032E-16));
#11470=DIRECTION('',(1.22464679914735E-16,1.,2.22044604925031E-16));
#11471=DIRECTION('',(-0.499999999156659,2.53528608600559E-16,-0.866025404271342));
#11472=DIRECTION('',(-0.866025404271342,-4.96477834313726E-18,0.499999999156659));
#11473=DIRECTION('',(0.775303769538824,0.445576878465019,-0.447621838515794));
#11474=DIRECTION('',(1.22464679914735E-16,1.,2.22044604925031E-16));
#11475=DIRECTION('',(0.775303770111921,-0.445576876522999,-0.447621839456309));
#11476=DIRECTION('',(-0.707106781186547,0.707106781186548,1.57009245868377E-16));
#11477=DIRECTION('',(-0.707106781186548,-0.707106781186547,-1.57009245868377E-16));
#11478=DIRECTION('',(-0.707106781186548,-0.707106781186547,-1.57009245868377E-16));
#11479=DIRECTION('',(0.,-2.22044604925031E-16,1.));
#11480=DIRECTION('',(0.,2.22044604925031E-16,-1.));
#11481=DIRECTION('',(-0.707106782954315,-0.70710677941878,-1.57009245475854E-16));
#11482=DIRECTION('',(0.70710677941878,-0.707106782954315,-1.57009246260901E-16));
#11483=DIRECTION('',(0.,-2.22044604925031E-16,1.));
#11484=DIRECTION('',(0.707106779418778,-0.707106782954317,-1.57009246260901E-16));
#11485=DIRECTION('',(0.,-2.22044604925031E-16,1.));
#11486=DIRECTION('',(0.,-2.22044604925031E-16,1.));
#11487=DIRECTION('',(1.22464679914735E-16,1.,2.22044604925031E-16));
#11488=DIRECTION('',(0.707106781186545,0.70710678118655,1.57009245868378E-16));
#11489=DIRECTION('',(-0.70710678118655,0.707106781186545,1.57009245868377E-16));
#11490=DIRECTION('',(0.,2.22044604925031E-16,-1.));
#11491=DIRECTION('',(0.,-2.22044604925031E-16,1.));
#11492=DIRECTION('',(1.22464679914735E-16,1.,2.22044604925031E-16));
#11493=DIRECTION('',(-1.,1.22464679914735E-16,2.71926214689378E-32));
#11494=DIRECTION('',(1.22464679914735E-16,1.,2.22044604925031E-16));
#11495=DIRECTION('',(-1.,1.22464679914735E-16,2.71926214689378E-32));
#11496=DIRECTION('',(-2.85714183288087E-9,2.2204460527493E-16,-1.));
#11497=DIRECTION('',(-1.,1.22464679914735E-16,2.71926214689378E-32));
#11498=DIRECTION('',(-1.,1.22464679914735E-16,2.71926214689378E-32));
#11499=DIRECTION('',(-1.,1.22464679914735E-16,2.71926214689378E-32));
#11500=DIRECTION('',(-1.22464679914735E-16,-1.,-2.22044604925031E-16));
#11501=DIRECTION('',(-1.,1.22464679914735E-16,2.71926214689378E-32));
#11502=DIRECTION('',(-1.22464679914735E-16,-1.,-2.22044604925031E-16));
#11503=DIRECTION('',(0.,-2.22044604925031E-16,1.));
#11504=DIRECTION('',(-1.,1.22464679914735E-16,2.71926214689378E-32));
#11505=DIRECTION('',(-1.22464679914735E-16,-1.,-2.22044604925031E-16));
#11506=DIRECTION('',(-1.22464679914735E-16,-1.,-2.22044604925031E-16));
#11507=DIRECTION('',(0.,-2.22044604925031E-16,1.));
#11508=DIRECTION('',(1.22464679914735E-16,1.,2.22044604925031E-16));
#11509=DIRECTION('',(1.22464679914735E-16,1.,2.22044604925031E-16));
#11510=DIRECTION('',(-1.22464679914735E-16,-1.,-2.22044604925031E-16));
#11511=DIRECTION('',(-1.,1.22464679914735E-16,2.71926214689378E-32));
#11512=DIRECTION('',(-1.22464679914735E-16,-1.,-2.22044604925031E-16));
#11513=DIRECTION('',(1.05263242322697E-10,1.,2.22044604925031E-16));
#11514=DIRECTION('',(-1.22464679914735E-16,-1.,-2.22044604925031E-16));
#11515=DIRECTION('',(-1.,1.22464679914735E-16,2.71926214689378E-32));
#11516=DIRECTION('',(-1.22464679914735E-16,-1.,-2.22044604925031E-16));
#11517=DIRECTION('',(0.,-2.22044604925031E-16,1.));
#11518=DIRECTION('',(1.22464679914735E-16,1.,2.22044604925031E-16));
#11519=DIRECTION('',(0.,-2.22044604925031E-16,1.));
#11520=DIRECTION('',(1.22464679914735E-16,1.,2.22044604925031E-16));
#11521=DIRECTION('',(0.966234939355345,-0.257662651482462,-5.72126016523594E-17));
#11522=DIRECTION('',(0.,-2.22044604925031E-16,1.));
#11523=DIRECTION('',(1.22464679914735E-16,1.,2.22044604925031E-16));
#11524=DIRECTION('',(1.,-1.22464679914735E-16,-2.71926214689378E-32));
#11525=DIRECTION('',(-1.,1.22464679914735E-16,2.71926214689378E-32));
#11526=DIRECTION('',(-1.22464679914735E-16,-1.,-2.22044604925031E-16));
#11527=DIRECTION('',(1.22464679914735E-16,1.,2.22044604925031E-16));
#11528=DIRECTION('',(1.22464679914735E-16,1.,2.22044604925031E-16));
#11529=DIRECTION('',(1.22464679914735E-16,1.,2.22044604925031E-16));
#11530=DIRECTION('',(-1.,1.22464679914735E-16,2.71926214689378E-32));
#11531=DIRECTION('',(1.,-1.22464679914735E-16,-2.71926214689378E-32));
#11532=DIRECTION('',(0.,-2.22044604925031E-16,1.));
#11533=DIRECTION('',(0.707106781186548,0.707106781186547,1.57009245868377E-16));
#11534=DIRECTION('',(-0.707106781186547,0.707106781186548,1.57009245868377E-16));
#11535=DIRECTION('',(0.707106780302661,-0.707106782070434,-1.5700924606464E-16));
#11536=DIRECTION('',(0.,2.22044604925031E-16,-1.));
#11537=DIRECTION('',(0.,-2.22044604925031E-16,1.));
#11538=DIRECTION('',(1.22464679914735E-16,1.,2.22044604925031E-16));
#11539=DIRECTION('',(-1.,1.22464679914735E-16,2.71926214689378E-32));
#11540=DIRECTION('',(0.707106780302664,0.707106782070431,1.57009246064639E-16));
#11541=DIRECTION('',(-0.707106782070431,0.707106780302664,1.57009245672116E-16));
#11542=DIRECTION('',(0.707106780302665,-0.70710678207043,1.76776694443253E-9));
#11543=DIRECTION('',(-5.51640788381662E-26,-4.50449109646921E-10,1.));
#11544=DIRECTION('',(-1.,1.22464679914735E-16,2.71926214689378E-32));
#11545=DIRECTION('',(-1.22464679914735E-16,-1.,-2.22044604925031E-16));
#11546=DIRECTION('',(1.,-1.22464679914735E-16,-2.71926214689378E-32));
#11547=DIRECTION('',(1.22464679914735E-16,1.,2.22044604925031E-16));
#11548=DIRECTION('',(1.,-1.22464679914735E-16,-2.71926214689378E-32));
#11549=DIRECTION('',(1.,-1.22464679914735E-16,-2.71926214689378E-32));
#11550=DIRECTION('',(-0.49828387585346,0.867013943985017,1.92515768656646E-16));
#11551=DIRECTION('',(0.867013943985017,0.49828387585346,1.10641246354395E-16));
#11552=DIRECTION('',(1.22464679914735E-16,1.,2.22044604925031E-16));
#11553=DIRECTION('',(-1.,1.22464679914735E-16,2.71926214689378E-32));
#11554=DIRECTION('',(-1.,1.22464679953554E-16,-1.74825150501852E-10));
#11555=DIRECTION('',(0.707106782291401,7.04136398641958E-17,-0.707106780081694));
#11556=DIRECTION('',(-1.,1.22464679914735E-16,2.71926214689378E-32));
#11557=DIRECTION('',(-1.22464679914735E-16,-1.,-2.22044604925031E-16));
#11558=DIRECTION('',(-3.63950939633779E-48,-2.22044604925031E-16,1.));
#11559=DIRECTION('',(3.63950939633779E-48,2.22044604925031E-16,-1.));
#11560=DIRECTION('',(0.,-2.22044604925031E-16,1.));
#11561=DIRECTION('',(1.22464679914735E-16,1.,2.22044604925031E-16));
#11562=DIRECTION('',(1.22464679914735E-16,1.,2.22044604925031E-16));
#11563=DIRECTION('',(0.,-2.22044604925031E-16,1.));
#11564=DIRECTION('',(1.22464679914735E-16,1.,2.22044604925031E-16));
#11565=DIRECTION('',(1.22464679914735E-16,1.,2.22044604925031E-16));
#11566=DIRECTION('',(1.22464679914735E-16,1.,2.22044604925031E-16));
#11567=DIRECTION('',(0.,-2.22044604925031E-16,1.));
#11568=DIRECTION('',(1.22464679914735E-16,1.,2.22044604925031E-16));
#11569=DIRECTION('',(0.,-2.22044604925031E-16,1.));
#11570=DIRECTION('',(1.22464679914735E-16,1.,2.22044604925031E-16));
#11571=DIRECTION('',(1.22464679914735E-16,1.,2.22044604925031E-16));
#11572=DIRECTION('',(1.22464679914735E-16,1.,2.22044604925031E-16));
#11573=DIRECTION('',(1.,-1.22464679914735E-16,-2.71926214689378E-32));
#11574=DIRECTION('',(-0.49828387585346,0.867013943985017,1.92515768656646E-16));
#11575=DIRECTION('',(-0.867013943985017,-0.49828387585346,-1.10641246354395E-16));
#11576=DIRECTION('',(-1.,1.22464679914735E-16,2.71926214689378E-32));
#11577=DIRECTION('',(-1.22464679914735E-16,-1.,-2.22044604925031E-16));
#11578=DIRECTION('',(-1.,1.22464679914735E-16,2.71926214689378E-32));
#11579=DIRECTION('',(-1.22464679914735E-16,-1.,-1.79619504455287E-10));
#11580=DIRECTION('',(1.,-1.22464679914735E-16,-2.71926214689378E-32));
#11581=DIRECTION('',(1.,-1.22464679914735E-16,-2.71926214689378E-32));
#11582=DIRECTION('',(-9.79717440503618E-17,-0.800000000968228,-0.599999998709029));
#11583=DIRECTION('',(-1.,1.22464679914735E-16,2.71926214689378E-32));
#11584=DIRECTION('',(-1.,1.22464679914735E-16,2.71926214689378E-32));
#11585=DIRECTION('',(-1.22464679914735E-16,-1.,-2.22044604925031E-16));
#11586=DIRECTION('',(1.22464679914735E-16,1.,2.22044604925031E-16));
#11587=DIRECTION('',(0.,2.22044604925031E-16,-1.));
#11588=DIRECTION('',(-1.22464679914735E-16,-1.,-2.22044604925031E-16));
#11589=DIRECTION('',(0.,-2.22044604925031E-16,1.));
#11590=DIRECTION('',(1.22464679914735E-16,1.,2.22044604925031E-16));
#11591=DIRECTION('',(0.,-2.22044604925031E-16,1.));
#11592=DIRECTION('',(1.22464679914735E-16,1.,2.22044604925031E-16));
#11593=DIRECTION('',(-1.22464679914735E-16,-1.,-2.22044604925031E-16));
#11594=DIRECTION('',(-1.,1.22464679914735E-16,2.71926214689378E-32));
#11595=DIRECTION('',(0.,-2.22044604925031E-16,1.));
#11596=DIRECTION('',(1.22464679914735E-16,1.,2.22044604925031E-16));
#11597=DIRECTION('',(0.681012642809216,-2.45996966200265E-16,0.7322716574701));
#11598=DIRECTION('',(1.22464679914736E-16,1.,2.22044604925032E-16));
#11599=DIRECTION('',(1.22464679914735E-16,1.,2.22044604925031E-16));
#11600=DIRECTION('',(0.,-2.22044604925031E-16,1.));
#11601=DIRECTION('',(1.22464679914735E-16,1.,2.22044604925031E-16));
#11602=DIRECTION('',(-0.966234939515715,0.257662650881074,5.72126015188242E-17));
#11603=DIRECTION('',(0.,-2.22044604925031E-16,1.));
#11604=DIRECTION('',(1.22464679914735E-16,1.,2.22044604925031E-16));
#11605=DIRECTION('',(0.,-2.22044604925031E-16,1.));
#11606=DIRECTION('',(1.22464679914735E-16,1.,2.22044604925031E-16));
#11607=DIRECTION('',(1.22464679914735E-16,1.,2.48447392403802E-10));
#11608=DIRECTION('',(-1.,1.22464679914735E-16,2.71926214689378E-32));
#11609=DIRECTION('',(-1.22464679914735E-16,-1.,-2.22044604925031E-16));
#11610=DIRECTION('',(0.,-2.22044604925031E-16,1.));
#11611=DIRECTION('',(1.22464679914735E-16,1.,2.22044604925031E-16));
#11612=DIRECTION('',(-1.,1.22464679914735E-16,2.71926214689378E-32));
#11613=DIRECTION('',(-1.,1.22464679914735E-16,2.71926214689378E-32));
#11614=DIRECTION('',(0.732271657837246,-2.40892597321536E-16,0.681012642414435));
#11615=DIRECTION('',(1.,-1.22464679914735E-16,-2.71926214689378E-32));
#11616=DIRECTION('',(-1.22464679914735E-16,-1.,-2.22044604925031E-16));
#11617=DIRECTION('',(1.,-1.22464679874859E-16,-1.79585235571267E-10));
#11618=DIRECTION('',(0.257662650881075,0.966234939515715,2.14547255409528E-16));
#11619=DIRECTION('',(-0.966234939515715,0.257662650881075,5.72126015188245E-17));
#11620=DIRECTION('',(-1.,1.22464679914735E-16,2.71926214689378E-32));
#11621=DIRECTION('',(-1.22464679914735E-16,-1.,-2.22044604925031E-16));
#11622=DIRECTION('',(1.22464679914735E-16,1.,2.22044604925031E-16));
#11623=DIRECTION('',(1.22464679914735E-16,1.,2.22044604925031E-16));
#11624=DIRECTION('',(-1.22464679914735E-16,-1.,-2.22044604925031E-16));
#11625=DIRECTION('',(1.,-1.22464679914735E-16,-2.71926214689378E-32));
#11626=DIRECTION('',(1.22464679914735E-16,1.,2.22044604925031E-16));
#11627=DIRECTION('',(0.,-2.22044604925031E-16,1.));
#11628=DIRECTION('',(1.22464679914735E-16,1.,2.22044604925031E-16));
#11629=DIRECTION('',(1.22464679914735E-16,1.,2.22044604925031E-16));
#11630=DIRECTION('',(-1.,1.22464679914735E-16,2.71926214689378E-32));
#11631=DIRECTION('',(0.,-2.22044604925031E-16,1.));
#11632=DIRECTION('',(1.22464679914735E-16,1.,2.22044604925031E-16));
#11633=DIRECTION('',(-1.,1.22464679914735E-16,2.71926214689378E-32));
#11634=DIRECTION('',(-1.42857103482348E-9,-1.,-2.22044604925031E-16));
#11635=DIRECTION('',(-1.,1.22464679914735E-16,2.71926214689378E-32));
#11636=DIRECTION('',(-0.866185585216656,0.499722454931615,1.10960675077457E-16));
#11637=DIRECTION('',(1.,-1.22464679914735E-16,-2.71926214689378E-32));
#11638=DIRECTION('',(0.707106780302661,-0.707106782070434,-1.5700924606464E-16));
#11639=DIRECTION('',(-1.22464679914735E-16,-1.,-2.22044604925031E-16));
#11640=DIRECTION('',(-0.707106780302665,-0.70710678207043,-1.57009246064639E-16));
#11641=DIRECTION('',(-1.,1.22464679914735E-16,2.71926214689378E-32));
#11642=DIRECTION('',(-0.866185585216651,-0.499722454931623,-1.10960675077459E-16));
#11643=DIRECTION('',(-1.,1.22464679914735E-16,2.71926214689378E-32));
#11644=DIRECTION('',(-1.42857103482348E-9,-1.,-2.22044604925031E-16));
#11645=DIRECTION('',(-1.,1.22464679914735E-16,2.71926214689378E-32));
#11646=DIRECTION('',(-0.866185585216656,0.499722454931615,1.10960675077457E-16));
#11647=DIRECTION('',(1.,-1.22464679914735E-16,-2.71926214689378E-32));
#11648=DIRECTION('',(-1.22464679914735E-16,-1.,-2.22044604925031E-16));
#11649=DIRECTION('',(-0.707106780302665,-0.70710678207043,-1.57009246064639E-16));
#11650=DIRECTION('',(-1.,1.22464679914735E-16,2.71926214689378E-32));
#11651=DIRECTION('',(-0.866185585216651,-0.499722454931623,-1.10960675077459E-16));
#11652=DIRECTION('',(-1.,1.22464679914735E-16,2.71926214689378E-32));
#11653=DIRECTION('',(-1.42857103482348E-9,-1.,-2.22044604925031E-16));
#11654=DIRECTION('',(-1.,1.22464679914735E-16,2.71926214689378E-32));
#11655=DIRECTION('',(-0.866185585216656,0.499722454931615,1.10960675077457E-16));
#11656=DIRECTION('',(1.,-1.22464679914735E-16,-2.71926214689378E-32));
#11657=DIRECTION('',(-1.,-4.16666578329919E-10,-9.25185657707315E-26));
#11658=DIRECTION('',(-0.866185585826745,-0.499722453874127,-1.10960674842648E-16));
#11659=DIRECTION('',(-1.,1.22464679914735E-16,2.71926214689378E-32));
#11660=DIRECTION('',(-1.42857103482349E-9,-1.,-2.22044604925031E-16));
#11661=DIRECTION('',(-1.,1.22464679914735E-16,2.71926214689378E-32));
#11662=DIRECTION('',(-0.866185585216646,0.499722454931632,1.10960675077461E-16));
#11663=DIRECTION('',(1.,-4.16665342961914E-10,-9.25182914639308E-26));
#11664=DIRECTION('',(-1.,1.22464680007254E-16,-4.16666700794599E-10));
#11665=DIRECTION('',(-0.866185585216651,-0.499722454931623,-1.10960675077459E-16));
#11666=DIRECTION('',(0.,-2.22044604925031E-16,1.));
#11667=DIRECTION('',(1.22464679914735E-16,1.,2.22044604925031E-16));
#11668=DIRECTION('',(0.,-2.22044604925031E-16,1.));
#11669=DIRECTION('',(1.22464679914735E-16,1.,2.22044604925031E-16));
#11670=DIRECTION('',(1.22464679914735E-16,1.,2.22044604925031E-16));
#11671=DIRECTION('',(1.22464679914735E-16,1.,2.22044604925031E-16));
#11672=DIRECTION('',(0.498283875853457,0.867013943985019,1.92515768656647E-16));
#11673=DIRECTION('',(-0.867013943985019,0.498283875853457,1.10641246354394E-16));
#11674=DIRECTION('',(-1.,1.22464679914735E-16,2.71926214689378E-32));
#11675=DIRECTION('',(-1.22464679914735E-16,-1.,-2.22044604925031E-16));
#11676=DIRECTION('',(1.22464679914735E-16,1.,2.22044604925031E-16));
#11677=DIRECTION('',(0.,-2.22044604925031E-16,1.));
#11678=DIRECTION('',(1.22464679914735E-16,1.,2.22044604925031E-16));
#11679=DIRECTION('',(-1.,1.22464679914735E-16,2.71926214689378E-32));
#11680=DIRECTION('',(1.22464679914735E-16,1.,-6.12208696436155E-15));
#11681=DIRECTION('',(1.22464679914735E-16,1.,2.22044604925031E-16));
#11682=DIRECTION('',(1.2653141008667E-15,-1.,-6.56617617421161E-15));
#11683=DIRECTION('',(1.,-1.22464679914735E-16,-2.71926214689378E-32));
#11684=DIRECTION('',(-1.22464679914735E-16,-1.,-2.22044604925031E-16));
#11685=DIRECTION('',(0.,-2.22044604925031E-16,1.));
#11686=DIRECTION('',(1.22464679914735E-16,1.,2.22044604925031E-16));
#11687=DIRECTION('',(-1.,1.22464679914735E-16,2.71926214689378E-32));
#11688=DIRECTION('',(1.90675168377659E-15,1.,2.22044604925031E-16));
#11689=DIRECTION('',(1.2653141008667E-15,-1.,-2.22044604925031E-16));
#11690=DIRECTION('',(1.,-1.22464679914735E-16,-2.71926214689378E-32));
#11691=DIRECTION('',(0.,-2.22044604925031E-16,1.));
#11692=DIRECTION('',(1.22464679914735E-16,1.,2.22044604925031E-16));
#11693=DIRECTION('',(-1.22464679914735E-16,-1.,-2.22044604925031E-16));
#11694=DIRECTION('',(1.22464679914735E-16,1.,2.22044604925031E-16));
#11695=DIRECTION('',(-0.707106782070431,0.707106780302664,1.57009245672116E-16));
#11696=DIRECTION('',(-0.707106780302664,-0.707106782070431,-1.57009246064639E-16));
#11697=DIRECTION('',(0.,-2.22044604925031E-16,1.));
#11698=DIRECTION('',(0.,-2.22044604925031E-16,1.));
#11699=DIRECTION('',(0.,-2.22044604925031E-16,1.));
#11700=DIRECTION('',(1.22464679914735E-16,1.,2.22044604925031E-16));
#11701=DIRECTION('',(-1.,1.22464679914735E-16,2.71926214689378E-32));
#11702=DIRECTION('',(1.90675168377659E-15,1.,2.22044604925031E-16));
#11703=DIRECTION('',(1.2653141008667E-15,-1.,-2.22044604925031E-16));
#11704=DIRECTION('',(1.,-1.22464679914735E-16,-2.71926214689378E-32));
#11705=DIRECTION('',(-1.22464679914735E-16,-1.,-2.22044604925031E-16));
#11706=DIRECTION('',(-1.,1.22464679914735E-16,2.71926214689378E-32));
#11707=DIRECTION('',(-1.22464679914735E-16,-1.,-2.22044604925031E-16));
#11708=DIRECTION('',(0.688749461552669,0.724999433938336,1.60982212879709E-16));
#11709=DIRECTION('',(-0.724999433938336,0.688749461552669,1.5293310208279E-16));
#11710=DIRECTION('',(-0.688749461552669,-0.724999433938336,-1.60982212879709E-16));
#11711=DIRECTION('',(0.724999433938336,-0.688749461552669,-1.5293310208279E-16));
#11712=DIRECTION('',(-0.724999433594412,0.688749461914695,1.52933102163176E-16));
#11713=DIRECTION('',(1.22464679914735E-16,1.,2.22044604925031E-16));
#11714=DIRECTION('',(-1.,1.22464679914735E-16,2.71926214689378E-32));
#11715=DIRECTION('',(-1.22464679914735E-16,-1.,-2.22044604925031E-16));
#11716=DIRECTION('',(1.,-1.22464679914735E-16,-2.71926214689378E-32));
#11717=DIRECTION('',(1.22464679914735E-16,1.,2.22044604925031E-16));
#11718=DIRECTION('',(-3.84692278032618E-10,2.22044604972142E-16,-1.));
#11719=DIRECTION('',(1.22464679914735E-16,1.,2.22044604925031E-16));
#11720=DIRECTION('',(1.22464679914735E-16,1.,2.22044604925031E-16));
#11721=DIRECTION('',(-1.,1.22464679914735E-16,2.71926214689378E-32));
#11722=DIRECTION('',(-1.,1.22464679914735E-16,2.71926214689378E-32));
#11723=DIRECTION('',(-0.732271657837246,2.40892597321536E-16,-0.681012642414435));
#11724=DIRECTION('',(-0.707106781186543,0.707106781186552,1.57009245868378E-16));
#11725=DIRECTION('',(-0.707106781186552,-0.707106781186543,-1.57009245868377E-16));
#11726=DIRECTION('',(0.,-2.22044604925031E-16,1.));
#11727=DIRECTION('',(0.,-2.22044604925031E-16,1.));
#11728=DIRECTION('',(-0.681012642414434,-7.91969756910974E-17,0.732271657837247));
#11729=DIRECTION('',(-1.22464679914735E-16,-1.,-2.22044604925031E-16));
#11730=DIRECTION('',(1.22464679914735E-16,1.,2.22044604925031E-16));
#11731=DIRECTION('',(0.732271657837246,-2.40892597321536E-16,0.681012642414435));
#11732=DIRECTION('',(-1.22464679914735E-16,-1.,-2.22044604925031E-16));
#11733=DIRECTION('',(0.,-2.22044604925031E-16,1.));
#11734=DIRECTION('',(1.22464679914735E-16,1.,2.22044604925031E-16));
#11735=DIRECTION('',(1.,-1.22464679914735E-16,-2.71926214689378E-32));
#11736=DIRECTION('',(-1.,1.22464679914735E-16,2.71926214689378E-32));
#11737=DIRECTION('',(-1.22464679914735E-16,-1.,-2.22044604925031E-16));
#11738=DIRECTION('',(-1.22464679914735E-16,-1.,-2.22044604925031E-16));
#11739=DIRECTION('',(1.,-1.22464679914735E-16,-2.71926214689378E-32));
#11740=DIRECTION('',(1.22464679914735E-16,1.,2.22044604925031E-16));
#11741=DIRECTION('',(-1.22464679914735E-16,-1.,-2.22044604925031E-16));
#11742=DIRECTION('',(1.,-1.22464679874859E-16,-1.79585235571267E-10));
#11743=DIRECTION('',(-1.,1.22464679914735E-16,2.71926214689378E-32));
#11744=DIRECTION('',(-1.22464679914735E-16,-1.,-2.22044604925031E-16));
#11745=DIRECTION('',(0.,-2.22044604925031E-16,1.));
#11746=DIRECTION('',(0.707106781186548,0.707106781186547,1.57009245868377E-16));
#11747=DIRECTION('',(-0.707106781186547,0.707106781186548,1.57009245868377E-16));
#11748=DIRECTION('',(0.,2.22044604925031E-16,-1.));
#11749=DIRECTION('',(1.22464679914735E-16,1.,2.22044604925031E-16));
#11750=DIRECTION('',(-1.,1.22464679914735E-16,2.71926214689378E-32));
#11751=DIRECTION('',(-1.,1.22464679914735E-16,2.71926214689378E-32));
#11752=DIRECTION('',(0.,-2.22044604925031E-16,1.));
#11753=DIRECTION('',(1.22464679914735E-16,1.,2.22044604925031E-16));
#11754=DIRECTION('',(1.22464679914735E-16,1.,2.22044604925031E-16));
#11755=DIRECTION('',(1.22464679914735E-16,1.,2.22044604925031E-16));
#11756=DIRECTION('',(-1.,1.22464679914735E-16,2.71926214689378E-32));
#11757=DIRECTION('',(-1.,1.22464679914735E-16,2.71926214689378E-32));
#11758=DIRECTION('',(0.,-2.22044604925031E-16,1.));
#11759=DIRECTION('',(0.707106779772333,-2.43604851632754E-16,0.707106782600762));
#11760=DIRECTION('',(1.22464679914735E-16,1.,2.22044604925031E-16));
#11761=DIRECTION('',(-1.,1.22464679914735E-16,2.71926214689378E-32));
#11762=DIRECTION('',(-1.22464679914735E-16,-1.,-2.22044604925031E-16));
#11763=DIRECTION('',(-1.22464679914735E-16,-1.,-2.22044604925031E-16));
#11764=DIRECTION('',(0.,-2.22044604925031E-16,1.));
#11765=DIRECTION('',(1.22464679914735E-16,1.,2.22044604925031E-16));
#11766=DIRECTION('',(-1.,1.22464679914735E-16,2.71926214689378E-32));
#11767=DIRECTION('',(-1.22464679914735E-16,-1.,-2.22044604925031E-16));
#11768=DIRECTION('',(1.22464679914735E-16,1.,2.22044604925031E-16));
#11769=DIRECTION('',(-1.,1.22464679914735E-16,2.71926214689378E-32));
#11770=DIRECTION('',(-0.681012642414434,-7.91969756910974E-17,0.732271657837247));
#11771=DIRECTION('',(-1.22464679914735E-16,-1.,-2.22044604925031E-16));
#11772=DIRECTION('',(-1.22464679914735E-16,-1.,-2.22044604925031E-16));
#11773=DIRECTION('',(5.36843815949335E-14,-2.07701087999816E-11,-1.));
#11774=DIRECTION('',(-1.22464679914735E-16,-1.,2.07701087999816E-11));
#11775=DIRECTION('',(5.51802428654756E-31,2.22044604924991E-16,-1.));
#11776=DIRECTION('',(-1.22464679914735E-16,-1.,-2.22044604924991E-16));
#11777=DIRECTION('',(-1.,1.22464679914735E-16,2.71926214689378E-32));
#11778=DIRECTION('',(-8.75811540203011E-47,2.22044604925031E-16,-1.));
#11779=DIRECTION('',(-1.22464679914735E-16,-1.,-2.22044604925031E-16));
#11780=DIRECTION('',(3.31125855102399E-10,2.22044604293657E-16,-1.));
#11781=DIRECTION('',(-1.,1.2246467998826E-16,-3.31125855102399E-10));
#11782=DIRECTION('',(1.90675168377663E-15,1.,2.22044604925031E-16));
#11783=DIRECTION('',(-1.,1.2246467998826E-16,-3.31125855102399E-10));
#11784=DIRECTION('',(1.90675168377663E-15,1.,2.22044604925031E-16));
#11785=DIRECTION('',(1.,-1.90675168377663E-15,-4.2338392431432E-31));
#11786=DIRECTION('',(-5.25486924121806E-46,2.22044604925031E-16,-1.));
#11787=DIRECTION('',(0.,2.22044604925031E-16,-1.));
#11788=DIRECTION('',(0.,2.22044604925031E-16,-1.));
#11789=DIRECTION('',(1.,-1.22464679914735E-16,-2.71926214689377E-32));
#11790=DIRECTION('',(1.2653141008667E-15,-1.,-2.22044604925031E-16));
#11791=DIRECTION('',(1.,-1.22464679914735E-16,-2.71926214689378E-32));
#11792=DIRECTION('',(1.2653141008667E-15,-1.,-2.22044604925031E-16));
#11793=DIRECTION('',(1.,1.2653141008667E-15,2.80956169633019E-31));
#11794=DIRECTION('',(-1.75162308040602E-45,-2.22044604925031E-16,1.));
#11795=DIRECTION('',(0.,-2.22044604925031E-16,1.));
#11796=DIRECTION('',(3.31125855102399E-10,2.22044604293657E-16,-1.));
#11797=DIRECTION('',(-1.,1.2246467998826E-16,-3.31125855102399E-10));
#11798=DIRECTION('',(1.90675168377659E-15,1.,2.22044604925031E-16));
#11799=DIRECTION('',(-1.,1.2246467998826E-16,-3.31125855102399E-10));
#11800=DIRECTION('',(1.90675168377659E-15,1.,2.22044604925031E-16));
#11801=DIRECTION('',(1.,-1.90675168377659E-15,-4.2338392431431E-31));
#11802=DIRECTION('',(6.13068078142108E-46,2.22044604925031E-16,-1.));
#11803=DIRECTION('',(0.,2.22044604925031E-16,-1.));
#11804=DIRECTION('',(0.,2.22044604925031E-16,-1.));
#11805=DIRECTION('',(1.,-1.22464679914735E-16,-2.71926214689377E-32));
#11806=DIRECTION('',(1.2653141008667E-15,-1.,-2.22044604925031E-16));
#11807=DIRECTION('',(1.,-1.22464679914735E-16,-2.71926214689378E-32));
#11808=DIRECTION('',(1.2653141008667E-15,-1.,-2.22044604925031E-16));
#11809=DIRECTION('',(1.,1.2653141008667E-15,2.80956169633019E-31));
#11810=DIRECTION('',(-1.75162308040602E-45,-2.22044604925031E-16,1.));
#11811=DIRECTION('',(0.,-2.22044604925031E-16,1.));
#11812=DIRECTION('',(3.31125855102399E-10,2.22044604293657E-16,-1.));
#11813=DIRECTION('',(-1.,1.2246467998826E-16,-3.31125855102399E-10));
#11814=DIRECTION('',(1.90675168377659E-15,1.,2.22044604925031E-16));
#11815=DIRECTION('',(-1.,1.2246467998826E-16,-3.31125855102399E-10));
#11816=DIRECTION('',(1.90675168377659E-15,1.,2.22044604925031E-16));
#11817=DIRECTION('',(1.,-1.90675168377659E-15,-4.2338392431431E-31));
#11818=DIRECTION('',(6.13068078142108E-46,2.22044604925031E-16,-1.));
#11819=DIRECTION('',(0.,2.22044604925031E-16,-1.));
#11820=DIRECTION('',(3.31125855102399E-10,2.22044605344009E-16,-1.));
#11821=DIRECTION('',(1.,-1.2246467998826E-16,3.31125855102399E-10));
#11822=DIRECTION('',(1.2653141008667E-15,-1.,-2.22044604925031E-16));
#11823=DIRECTION('',(1.,-1.2246467998826E-16,3.31125855102399E-10));
#11824=DIRECTION('',(1.2653141008667E-15,-1.,-2.22044604925031E-16));
#11825=DIRECTION('',(1.,1.2653141008667E-15,2.80956169633019E-31));
#11826=DIRECTION('',(-1.75162308040602E-45,-2.22044604925031E-16,1.));
#11827=DIRECTION('',(0.,-2.22044604925031E-16,1.));
#11828=DIRECTION('',(3.31125855102399E-10,-6.1220869644021E-15,-1.));
#11829=DIRECTION('',(-1.,1.2246467998826E-16,-3.31125855102399E-10));
#11830=DIRECTION('',(1.22464679914735E-16,1.,-6.12208696436155E-15));
#11831=DIRECTION('',(-1.,1.2246467998826E-16,-3.31125855102399E-10));
#11832=DIRECTION('',(1.22464679914735E-16,1.,-6.12208696436155E-15));
#11833=DIRECTION('',(1.,-1.22464679914735E-16,-2.71926214689378E-32));
#11834=DIRECTION('',(-8.75811540203011E-47,2.22044604925031E-16,-1.));
#11835=DIRECTION('',(0.,2.22044604925031E-16,-1.));
#11836=DIRECTION('',(3.31125855102399E-10,6.56617617463059E-15,-1.));
#11837=DIRECTION('',(1.,-1.2246467998826E-16,3.31125855102399E-10));
#11838=DIRECTION('',(1.2653141008667E-15,-1.,-6.56617617421161E-15));
#11839=DIRECTION('',(1.,-1.2246467998826E-16,3.31125855102399E-10));
#11840=DIRECTION('',(1.2653141008667E-15,-1.,-6.56617617421161E-15));
#11841=DIRECTION('',(1.,1.2653141008667E-15,2.80956169633019E-31));
#11842=DIRECTION('',(-1.75162308040602E-45,-2.22044604925031E-16,1.));
#11843=DIRECTION('',(0.,-2.22044604925031E-16,1.));
#11844=DIRECTION('',(-0.707106782954321,-0.707106779418774,7.48023789617544E-10));
#11845=DIRECTION('',(0.707106779418774,-0.707106782954321,-1.57009246231507E-16));
#11846=DIRECTION('',(0.577350267265122,-0.577350273038636,0.577350267265119));
#11847=DIRECTION('',(3.33333174765177E-9,-2.22044605333247E-16,1.));
#11848=DIRECTION('',(-0.577350269189619,0.577350269189632,0.577350269189626));
#11849=DIRECTION('',(0.707106782954322,-0.707106779418773,-7.48024578512036E-10));
#11850=DIRECTION('',(0.707106779418773,0.707106782954322,1.57009246283206E-16));
#11851=DIRECTION('',(0.57735026534062,0.577350271114135,0.577350271114123));
#11852=DIRECTION('',(-0.577350269189619,-0.577350269189632,0.577350269189626));
#11853=DIRECTION('',(3.33333360913458E-9,-2.22044605333247E-16,1.));
#11854=DIRECTION('',(-0.707106782954321,-0.707106779418774,7.48023780952911E-10));
#11855=DIRECTION('',(0.707106779418774,-0.707106782954321,-1.57009246231507E-16));
#11856=DIRECTION('',(3.33333174765177E-9,-2.22044605333247E-16,1.));
#11857=DIRECTION('',(-0.577350269189619,0.577350269189632,0.577350269189626));
#11858=DIRECTION('',(0.577350267265122,-0.577350273038636,0.577350267265119));
#11859=DIRECTION('',(0.707106782954316,-0.707106779418779,-7.48019494105527E-10));
#11860=DIRECTION('',(0.707106779418779,0.707106782954316,1.57009246231507E-16));
#11861=DIRECTION('',(0.57735026534062,0.577350271114135,0.577350271114123));
#11862=DIRECTION('',(-0.577350269189628,-0.577350269189615,0.577350269189634));
#11863=DIRECTION('',(3.33333360913458E-9,-2.22044605333247E-16,1.));
#11864=DIRECTION('',(0.707106782954321,0.707106779418774,-7.48023781819375E-10));
#11865=DIRECTION('',(-0.707106779418774,0.707106782954321,1.57009246283206E-16));
#11866=DIRECTION('',(0.577350267265122,-0.577350273038636,0.577350267265119));
#11867=DIRECTION('',(3.33333174765177E-9,-2.22044605333247E-16,1.));
#11868=DIRECTION('',(0.707106782954316,-0.707106779418779,-7.48028580651772E-10));
#11869=DIRECTION('',(0.707106779418779,0.707106782954316,1.57009246179808E-16));
#11870=DIRECTION('',(3.33333359802347E-9,-1.50250182176588E-14,1.));
#11871=DIRECTION('',(0.577350267265121,0.577350273038636,0.577350267265121));
#11872=DIRECTION('',(-0.70710678472209,0.707106777651006,1.57009245083329E-16));
#11873=DIRECTION('',(-2.83496887813801E-31,-2.22044604925031E-16,1.));
#11874=DIRECTION('',(3.33333359802345E-9,-1.50250182176587E-14,1.));
#11875=DIRECTION('',(0.577350267265123,0.577350273038638,0.577350267265116));
#11876=DIRECTION('',(-0.577350269189628,-0.577350269189615,0.577350269189634));
#11877=DIRECTION('',(-0.70710678472209,-0.707106777651005,-1.57009245083329E-16));
#11878=DIRECTION('',(1.23259516440783E-31,-2.22044604925031E-16,1.));
#11879=DIRECTION('',(0.577350267265123,-0.577350273038639,0.577350267265116));
#11880=DIRECTION('',(0.,-2.22044604925031E-16,1.));
#11881=DIRECTION('',(-0.577350265340617,0.577350271114133,0.577350271114127));
#11882=DIRECTION('',(1.22464679914737E-16,1.,2.22044604926528E-16));
#11883=DIRECTION('',(-1.,1.22464679914737E-16,2.71926214689381E-32));
#11884=DIRECTION('',(-0.707106778992329,1.70580157482508E-9,0.707106783380766));
#11885=DIRECTION('',(-2.41236795136542E-9,-1.,-2.22044604511441E-16));
#11886=DIRECTION('',(0.707106784722082,5.48220205118228E-17,-0.707106777651013));
#11887=DIRECTION('',(1.44514558167719E-16,1.,2.22044604925031E-16));
#11888=DIRECTION('',(1.22464679914735E-16,1.,2.2204460492042E-16));
#11889=DIRECTION('',(-1.,1.22464679914735E-16,2.71926214689378E-32));
#11890=DIRECTION('',(-4.26227138530099E-16,1.,3.53614318680908E-15));
#11891=DIRECTION('',(-1.,-4.26227138530099E-16,-9.46414365832425E-32));
#11892=DIRECTION('',(-0.707106779999246,4.33978042337923E-11,-0.707106782373849));
#11893=DIRECTION('',(-6.13735413830885E-11,-1.,-2.22044604918569E-16));
#11894=DIRECTION('',(0.707106781186547,5.48220217298472E-17,-0.707106781186548));
#11895=DIRECTION('',(1.44514558277969E-16,1.,2.22044604925031E-16));
#11896=DIRECTION('',(1.22464679914734E-16,1.,2.22044604919267E-16));
#11897=DIRECTION('',(-1.,1.22464679914734E-16,2.71926214689376E-32));
#11898=DIRECTION('',(1.22464679914736E-16,1.,2.22044604926012E-16));
#11899=DIRECTION('',(-1.,1.22464679914736E-16,2.71926214689381E-32));
#11900=DIRECTION('',(0.707106780315861,1.0246632100243E-10,0.707106782057234));
#11901=DIRECTION('',(-1.44909483071149E-10,1.,2.2204460434342E-16));
#11902=DIRECTION('',(-0.707106778548095,-3.61643990896992E-11,-0.707106783825));
#11903=DIRECTION('',(5.11444059031685E-11,-1.,-2.220446049218E-16));
#11904=DIRECTION('',(0.707106778992331,-1.70580063932797E-9,-0.707106783380764));
#11905=DIRECTION('',(2.41236662837271E-9,1.,2.22044605131826E-16));
#11906=DIRECTION('',(0.707106778992331,-1.70580062373641E-9,-0.707106783380764));
#11907=DIRECTION('',(2.41236660632292E-9,1.,2.22044607820163E-16));
#11908=DIRECTION('',(1.22464679914735E-16,1.,2.22044604924533E-16));
#11909=DIRECTION('',(-1.,1.22464679914735E-16,2.71926214689378E-32));
#11910=DIRECTION('',(0.707106781186545,1.80108329540771E-15,-0.70710678118655));
#11911=DIRECTION('',(-2.32507181840419E-15,1.,2.2204460492503E-16));
#11912=DIRECTION('',(-0.707106778992331,1.70580060814473E-9,0.707106783380764));
#11913=DIRECTION('',(-2.41236658427295E-9,-1.,-2.22044605752212E-16));
#11914=DIRECTION('',(1.22464679914735E-16,1.,2.22044604925841E-16));
#11915=DIRECTION('',(-1.,1.22464679914735E-16,2.71926214689378E-32));
#11916=DIRECTION('',(0.707106784722082,3.92304019968419E-17,-0.707106777651013));
#11917=DIRECTION('',(1.66564436420703E-16,1.,2.22044604925031E-16));
#11918=DIRECTION('',(3.16488774775243E-16,-1.,-2.43144365963601E-15));
#11919=DIRECTION('',(1.,3.16488774775243E-16,7.0274624958176E-32));
#11920=DIRECTION('',(-1.,1.22464679914735E-16,2.71926214689378E-32));
#11921=DIRECTION('',(-1.22464679914735E-16,-1.,-2.22044604925031E-16));
#11922=DIRECTION('',(-1.22464679914735E-16,-1.,-2.22044604925031E-16));
#11923=DIRECTION('',(3.93234347699502E-48,-2.22044604925031E-16,1.));
#11924=DIRECTION('',(0.,2.22044604925031E-16,-1.));
#11925=DIRECTION('',(0.707106780008036,-2.43604851609283E-16,0.707106782365059));
#11926=DIRECTION('',(1.22464679914735E-16,1.,2.22044604925031E-16));
#11927=DIRECTION('',(-1.22464679914735E-16,-1.,-2.22044604925031E-16));
#11928=DIRECTION('',(0.707106781186547,7.04136402448282E-17,-0.707106781186548));
#11929=DIRECTION('',(-0.707106781186547,-7.04136402448282E-17,0.707106781186548));
#11930=DIRECTION('',(0.499722453489591,0.866185586048592,1.92331836245916E-16));
#11931=DIRECTION('',(-0.866185586048592,0.499722453489591,1.10960674757264E-16));
#11932=DIRECTION('',(0.866185585216646,-0.499722454931632,-1.10960675077461E-16));
#11933=DIRECTION('',(0.,-2.22044604925031E-16,1.));
#11934=DIRECTION('',(0.,2.22044604925031E-16,-1.));
#11935=DIRECTION('',(-1.,1.22464679914735E-16,2.71926214689378E-32));
#11936=DIRECTION('',(-1.22464679914735E-16,-1.,-2.22044604925031E-16));
#11937=DIRECTION('',(-1.22464679914735E-16,-1.,-2.22044604925031E-16));
#11938=DIRECTION('',(3.93234347699502E-48,-2.22044604925031E-16,1.));
#11939=DIRECTION('',(-3.93234347699502E-48,2.22044604925031E-16,-1.));
#11940=DIRECTION('',(-0.707106780008036,2.43604851609283E-16,-0.707106782365059));
#11941=DIRECTION('',(-1.22464679914735E-16,-1.,-2.22044604925031E-16));
#11942=DIRECTION('',(0.707106782365059,7.04136398388201E-17,-0.707106780008036));
#11943=DIRECTION('',(-1.22464679914735E-16,-1.,-2.22044604925031E-16));
#11944=DIRECTION('',(-0.707106782365059,-7.04136398388201E-17,0.707106780008036));
#11945=DIRECTION('',(-0.499722452432084,0.866185586658693,1.92331836381386E-16));
#11946=DIRECTION('',(-0.866185586658693,-0.499722452432084,-1.1096067452245E-16));
#11947=DIRECTION('',(0.,2.22044604925031E-16,-1.));
#11948=DIRECTION('',(-9.52381031181306E-10,-9.5238125322591E-10,1.));
#11949=DIRECTION('',(0.866185585216651,0.499722454931623,1.10960675077459E-16));
#11950=DIRECTION('',(0.,-2.22044604925031E-16,1.));
#11951=DIRECTION('',(1.22464679914735E-16,1.,2.22044604925031E-16));
#11952=DIRECTION('',(-1.,1.22464679914735E-16,2.71926214689378E-32));
#11953=DIRECTION('',(1.,-1.22464679914735E-16,-2.71926214689378E-32));
#11954=DIRECTION('',(0.,-2.22044604925031E-16,1.));
#11955=DIRECTION('',(1.22464679914735E-16,1.,2.22044604925031E-16));
#11956=DIRECTION('',(-1.,1.22464679914735E-16,2.71926214689378E-32));
#11957=DIRECTION('',(1.,-1.22464679914735E-16,-2.71926214689378E-32));
#11958=DIRECTION('',(-1.,1.22464679914735E-16,2.71926214689378E-32));
#11959=DIRECTION('',(-1.22464679914735E-16,-1.,-2.22044604925031E-16));
#11960=DIRECTION('',(-4.50450287680703E-10,2.22044604980196E-16,-1.));
#11961=DIRECTION('',(0.,2.22044604925031E-16,-1.));
#11962=DIRECTION('',(-1.,1.22464679914735E-16,2.71926214689378E-32));
#11963=DIRECTION('',(-1.22464679914735E-16,-1.,-2.22044604925031E-16));
#11964=DIRECTION('',(-1.22464679914735E-16,-1.,-2.22044604925031E-16));
#11965=DIRECTION('',(0.,-2.22044604925031E-16,1.));
#11966=DIRECTION('',(0.,2.22044604925031E-16,-1.));
#11967=DIRECTION('',(-0.707106782365059,2.43604851374571E-16,-0.707106780008037));
#11968=DIRECTION('',(-1.22464679914735E-16,-1.,-2.22044604925031E-16));
#11969=DIRECTION('',(0.707106780008036,7.04136406508363E-17,-0.707106782365059));
#11970=DIRECTION('',(-1.22464679914735E-16,-1.,-2.22044604925031E-16));
#11971=DIRECTION('',(-0.707106780008036,-7.04136406508363E-17,0.707106782365059));
#11972=DIRECTION('',(0.499722452432073,0.866185586658699,1.92331836381387E-16));
#11973=DIRECTION('',(-0.866185586658699,0.499722452432073,1.10960674522447E-16));
#11974=DIRECTION('',(0.866185585216656,-0.499722454931615,-1.10960675077457E-16));
#11975=DIRECTION('',(0.,-2.22044604925031E-16,1.));
#11976=DIRECTION('',(0.,2.22044604925031E-16,-1.));
#11977=DIRECTION('',(-1.,1.22464679914735E-16,2.71926214689378E-32));
#11978=DIRECTION('',(-1.22464679914735E-16,-1.,-2.22044604925031E-16));
#11979=DIRECTION('',(4.50450287680703E-10,-2.22044604980196E-16,1.));
#11980=DIRECTION('',(0.,2.22044604925031E-16,-1.));
#11981=DIRECTION('',(0.,-2.22044604925031E-16,1.));
#11982=DIRECTION('',(1.22464679914735E-16,1.,2.22044604925031E-16));
#11983=DIRECTION('',(-1.,1.22464679914735E-16,2.71926214689378E-32));
#11984=DIRECTION('',(1.,-1.22464679914735E-16,-2.71926214689378E-32));
#11985=DIRECTION('',(-1.,1.22464679914735E-16,2.71926214689378E-32));
#11986=DIRECTION('',(-1.22464679914735E-16,-1.,-2.22044604925031E-16));
#11987=DIRECTION('',(1.22464679914735E-16,1.,2.22044604925031E-16));
#11988=DIRECTION('',(-3.93234347699502E-48,2.22044604925031E-16,-1.));
#11989=DIRECTION('',(-3.93234347699502E-48,2.22044604925031E-16,-1.));
#11990=DIRECTION('',(-0.707106780008036,2.43604851609283E-16,-0.707106782365059));
#11991=DIRECTION('',(-1.22464679914735E-16,-1.,-2.22044604925031E-16));
#11992=DIRECTION('',(0.707106782365059,7.04136398388201E-17,-0.707106780008036));
#11993=DIRECTION('',(-1.22464679914735E-16,-1.,-2.22044604925031E-16));
#11994=DIRECTION('',(0.707106782365059,7.04136398388201E-17,-0.707106780008036));
#11995=DIRECTION('',(-0.49972245493162,0.866185585216653,1.92331836061189E-16));
#11996=DIRECTION('',(-0.866185585216653,-0.49972245493162,-1.10960675077458E-16));
#11997=DIRECTION('',(0.,2.22044604925031E-16,-1.));
#11998=DIRECTION('',(0.,2.22044604925031E-16,-1.));
#11999=DIRECTION('',(0.866185585216651,0.499722454931623,1.10960675077459E-16));
#12000=DIRECTION('',(0.,-2.22044604925031E-16,1.));
#12001=DIRECTION('',(1.22464679914735E-16,1.,2.22044604925031E-16));
#12002=DIRECTION('',(-1.,1.22464679914735E-16,2.71926214689378E-32));
#12003=DIRECTION('',(1.,-1.22464679914735E-16,-2.71926214689378E-32));
#12004=DIRECTION('',(-1.,1.22464679914735E-16,2.71926214689378E-32));
#12005=DIRECTION('',(-1.22464679914735E-16,-1.,-2.22044604925031E-16));
#12006=DIRECTION('',(-4.50450287680703E-10,2.22044604980196E-16,-1.));
#12007=DIRECTION('',(0.,2.22044604925031E-16,-1.));
#12008=DIRECTION('',(-1.,1.22464679914735E-16,2.71926214689378E-32));
#12009=DIRECTION('',(-1.22464679914735E-16,-1.,-2.22044604925031E-16));
#12010=DIRECTION('',(-1.22464679914735E-16,-1.,-2.22044604925031E-16));
#12011=DIRECTION('',(-3.93234347699502E-48,2.22044604925031E-16,-1.));
#12012=DIRECTION('',(-3.93234347699502E-48,2.22044604925031E-16,-1.));
#12013=DIRECTION('',(-0.49972245493162,0.866185585216653,1.92331836061189E-16));
#12014=DIRECTION('',(-0.866185585216653,-0.49972245493162,-1.10960675077458E-16));
#12015=DIRECTION('',(0.,2.22044604925031E-16,-1.));
#12016=DIRECTION('',(0.,2.22044604925031E-16,-1.));
#12017=DIRECTION('',(0.866185585216651,0.499722454931623,1.10960675077459E-16));
#12018=DIRECTION('',(-1.,1.22464679914735E-16,2.71926214689378E-32));
#12019=DIRECTION('',(-1.22464679914735E-16,-1.,-2.22044604925031E-16));
#12020=DIRECTION('',(-1.22464679914735E-16,-1.,-2.22044604925031E-16));
#12021=DIRECTION('',(3.93234347699502E-48,-2.22044604925031E-16,1.));
#12022=DIRECTION('',(-3.93234347699502E-48,2.22044604925031E-16,-1.));
#12023=DIRECTION('',(-0.707106781186547,2.43604851491927E-16,-0.707106781186548));
#12024=DIRECTION('',(-1.22464679914735E-16,-1.,-2.22044604925031E-16));
#12025=DIRECTION('',(0.707106781186547,7.04136402448282E-17,-0.707106781186548));
#12026=DIRECTION('',(-1.22464679914735E-16,-1.,-2.22044604925031E-16));
#12027=DIRECTION('',(-0.707106781186547,-7.04136402448282E-17,0.707106781186548));
#12028=DIRECTION('',(0.499722454931609,0.866185585216659,1.9233183606119E-16));
#12029=DIRECTION('',(-0.866185585216659,0.499722454931609,1.10960675077456E-16));
#12030=DIRECTION('',(0.866185585216656,-0.499722454931615,-1.10960675077457E-16));
#12031=DIRECTION('',(0.,-2.22044604925031E-16,1.));
#12032=DIRECTION('',(0.,2.22044604925031E-16,-1.));
#12033=DIRECTION('',(0.,-2.22044604925031E-16,1.));
#12034=DIRECTION('',(1.22464679914735E-16,1.,2.22044604925031E-16));
#12035=DIRECTION('',(-1.,1.22464679914735E-16,2.71926214689378E-32));
#12036=DIRECTION('',(1.,-1.22464679914735E-16,-2.71926214689378E-32));
#12037=DIRECTION('',(-0.707106781186547,2.43604851491927E-16,-0.707106781186548));
#12038=DIRECTION('',(-1.22464679914735E-16,-1.,-2.22044604925031E-16));
#12039=DIRECTION('',(0.707106782365059,7.04136398388201E-17,-0.707106780008036));
#12040=DIRECTION('',(-1.22464679914735E-16,-1.,-2.22044604925031E-16));
#12041=DIRECTION('',(0.707106782365059,7.04136398388201E-17,-0.707106780008036));
#12042=DIRECTION('',(0.,-2.22044604925031E-16,1.));
#12043=DIRECTION('',(1.22464679914735E-16,1.,2.22044604925031E-16));
#12044=DIRECTION('',(-1.,1.22464679914735E-16,2.71926214689378E-32));
#12045=DIRECTION('',(1.,-1.22464679914735E-16,-2.71926214689378E-32));
#12046=DIRECTION('',(-1.,1.22464679914735E-16,2.71926214689378E-32));
#12047=DIRECTION('',(-1.22464679914735E-16,-1.,-2.22044604925031E-16));
#12048=DIRECTION('',(4.50450287680703E-10,-2.22044604980196E-16,1.));
#12049=DIRECTION('',(0.,2.22044604925031E-16,-1.));
#12050=DIRECTION('',(0.499722454931621,0.866185585216652,1.92331836061189E-16));
#12051=DIRECTION('',(-0.866185585216652,0.499722454931621,1.10960675077458E-16));
#12052=DIRECTION('',(0.866185585216656,-0.499722454931615,-1.10960675077457E-16));
#12053=DIRECTION('',(0.,-2.22044604925031E-16,1.));
#12054=DIRECTION('',(0.,2.22044604925031E-16,-1.));
#12055=DIRECTION('',(-1.,1.22464679914735E-16,2.71926214689378E-32));
#12056=DIRECTION('',(-1.22464679914735E-16,-1.,-2.22044604925031E-16));
#12057=DIRECTION('',(1.22464679914735E-16,1.,2.22044604925031E-16));
#12058=DIRECTION('',(3.93234347699502E-48,-2.22044604925031E-16,1.));
#12059=DIRECTION('',(-3.93234347699502E-48,2.22044604925031E-16,-1.));
#12060=DIRECTION('',(-0.707106781186547,2.43604851491927E-16,-0.707106781186548));
#12061=DIRECTION('',(-1.22464679914735E-16,-1.,-2.22044604925031E-16));
#12062=DIRECTION('',(0.707106781186547,7.04136402448282E-17,-0.707106781186548));
#12063=DIRECTION('',(-1.22464679914735E-16,-1.,-2.22044604925031E-16));
#12064=DIRECTION('',(-0.707106781186547,-7.04136402448282E-17,0.707106781186548));
#12065=DIRECTION('',(-1.,1.22464679914735E-16,2.71926214689378E-32));
#12066=DIRECTION('',(-1.22464679914735E-16,-1.,-2.22044604925031E-16));
#12067=DIRECTION('',(1.22464679914735E-16,1.,2.22044604925031E-16));
#12068=DIRECTION('',(3.93234347699502E-48,-2.22044604925031E-16,1.));
#12069=DIRECTION('',(-3.93234347699502E-48,2.22044604925031E-16,-1.));
#12070=DIRECTION('',(-0.707106780008036,2.43604851609283E-16,-0.707106782365059));
#12071=DIRECTION('',(-1.22464679914735E-16,-1.,-2.22044604925031E-16));
#12072=DIRECTION('',(0.707106782365059,7.04136398388201E-17,-0.707106780008036));
#12073=DIRECTION('',(-1.22464679914735E-16,-1.,-2.22044604925031E-16));
#12074=DIRECTION('',(-0.707106782365059,-7.04136398388201E-17,0.707106780008036));
#12075=DIRECTION('',(-0.49972245348958,0.866185586048599,1.92331836245918E-16));
#12076=DIRECTION('',(-0.866185586048599,-0.49972245348958,-1.10960674757261E-16));
#12077=DIRECTION('',(0.,2.22044604925031E-16,-1.));
#12078=DIRECTION('',(0.,-2.22044604925031E-16,1.));
#12079=DIRECTION('',(0.866185585216651,0.499722454931623,1.10960675077459E-16));
#12080=DIRECTION('',(0.,-2.22044604925031E-16,1.));
#12081=DIRECTION('',(1.22464679914735E-16,1.,2.22044604925031E-16));
#12082=DIRECTION('',(-1.,1.22464679914735E-16,2.71926214689378E-32));
#12083=DIRECTION('',(1.,-1.22464679914735E-16,-2.71926214689378E-32));
#12084=DIRECTION('',(0.,-2.22044604925031E-16,1.));
#12085=DIRECTION('',(1.22464679914735E-16,1.,2.22044604925031E-16));
#12086=DIRECTION('',(-1.,1.22464679914735E-16,2.71926214689378E-32));
#12087=DIRECTION('',(1.,-1.22464679914735E-16,-2.71926214689378E-32));
#12088=DIRECTION('',(1.22464679914735E-16,1.,2.22044604925031E-16));
#12089=DIRECTION('',(-1.,1.22464679914735E-16,2.71926214689378E-32));
#12090=DIRECTION('',(1.22464679914735E-16,1.,2.22044604925031E-16));
#12091=DIRECTION('',(-1.,1.22464679914735E-16,2.71926214689378E-32));
#12092=DIRECTION('',(1.22464679914735E-16,1.,2.22044604925031E-16));
#12093=DIRECTION('',(-1.,1.22464679914735E-16,2.71926214689378E-32));
#12094=DIRECTION('',(1.22464679914735E-16,1.,2.22044604925031E-16));
#12095=DIRECTION('',(-1.,1.22464679914735E-16,2.71926214689378E-32));
#12096=DIRECTION('',(1.22464679914735E-16,1.,2.22044604925031E-16));
#12097=DIRECTION('',(-1.,1.22464679914735E-16,2.71926214689378E-32));
#12098=DIRECTION('',(1.22464679914735E-16,1.,2.22044604925031E-16));
#12099=DIRECTION('',(-1.,1.22464679914735E-16,2.71926214689378E-32));
#12100=DIRECTION('',(1.22464679914735E-16,1.,2.22044604925031E-16));
#12101=DIRECTION('',(-1.,1.22464679914735E-16,2.71926214689378E-32));
#12102=DIRECTION('',(1.22464679914735E-16,1.,2.22044604925031E-16));
#12103=DIRECTION('',(-1.,1.22464679914735E-16,2.71926214689378E-32));
#12104=DIRECTION('',(1.22464679914735E-16,1.,2.22044604925031E-16));
#12105=DIRECTION('',(-1.,1.22464679914735E-16,2.71926214689378E-32));
#12106=DIRECTION('',(1.22464679914735E-16,1.,2.22044604925031E-16));
#12107=DIRECTION('',(-1.,1.22464679914735E-16,2.71926214689378E-32));
#12108=DIRECTION('',(1.22464679914735E-16,1.,2.22044604925031E-16));
#12109=DIRECTION('',(-1.,1.22464679914735E-16,2.71926214689378E-32));
#12110=DIRECTION('',(1.22464679914735E-16,1.,2.22044604925031E-16));
#12111=DIRECTION('',(-1.,1.22464679914735E-16,2.71926214689378E-32));
#12112=DIRECTION('',(1.22464679914735E-16,1.,2.22044604925031E-16));
#12113=DIRECTION('',(-1.,1.22464679914735E-16,2.71926214689378E-32));
#12114=DIRECTION('',(1.22464679914735E-16,1.,2.22044604925031E-16));
#12115=DIRECTION('',(-1.,1.22464679914735E-16,2.71926214689378E-32));
#12116=DIRECTION('',(1.22464679914735E-16,1.,2.22044604925031E-16));
#12117=DIRECTION('',(-1.,1.22464679914735E-16,2.71926214689378E-32));
#12118=DIRECTION('',(1.22464679914735E-16,1.,2.22044604925031E-16));
#12119=DIRECTION('',(-1.,1.22464679914735E-16,2.71926214689378E-32));
#12120=DIRECTION('',(-1.42610302020875E-9,-1.03924790061722E-11,-1.));
#12121=DIRECTION('',(-1.22464679914735E-16,-1.,1.03924790061724E-11));
#12122=DIRECTION('',(-0.707106781186543,-7.04136402448298E-17,0.707106781186552));
#12123=DIRECTION('',(-0.707106781186552,2.43604851491926E-16,-0.707106781186543));
#12124=DIRECTION('',(-1.22464679914735E-16,-1.,-2.22044604925031E-16));
#12125=DIRECTION('',(-1.,1.22464679914735E-16,2.71926214689378E-32));
#12126=DIRECTION('',(-1.22464679914735E-16,-1.,-2.22044604925031E-16));
#12127=DIRECTION('',(0.,-2.22044604925031E-16,1.));
#12128=DIRECTION('',(-1.22464679914064E-16,-1.,-2.22044604929206E-16));
#12129=DIRECTION('',(1.,-1.22464679914064E-16,-2.71926214687888E-32));
#12130=DIRECTION('',(0.,-2.22044604925031E-16,1.));
#12131=DIRECTION('',(0.,-2.22044604925031E-16,1.));
#12132=DIRECTION('',(-1.22464679913393E-16,-1.,-2.22044604921223E-16));
#12133=DIRECTION('',(1.,-1.22464679913393E-16,-2.71926214686398E-32));
#12134=DIRECTION('',(0.,-2.22044604925031E-16,1.));
#12135=DIRECTION('',(-1.,1.22464679914735E-16,2.71926214689378E-32));
#12136=DIRECTION('',(-1.22464679914735E-16,-1.,-2.22044604925031E-16));
#12137=DIRECTION('',(1.,-1.22464679914735E-16,-2.71926214689378E-32));
#12138=DIRECTION('',(-8.75811540203011E-47,2.22044604925031E-16,-1.));
#12139=DIRECTION('',(1.,-1.22464679914735E-16,-2.71926214689378E-32));
#12140=DIRECTION('',(-8.75811540203011E-47,2.22044604925031E-16,-1.));
#12141=DIRECTION('',(-0.707106781186543,-7.04136402448298E-17,0.707106781186552));
#12142=DIRECTION('',(-0.707106781186552,2.43604851491926E-16,-0.707106781186543));
#12143=DIRECTION('',(-1.22464679914735E-16,-1.,-2.22044604925031E-16));
#12144=DIRECTION('',(-1.,1.22464679914735E-16,2.71926214689378E-32));
#12145=DIRECTION('',(-1.22464679914735E-16,-1.,-2.22044604925031E-16));
#12146=DIRECTION('',(-6.3898394413033E-23,-5.21769986944106E-7,0.999999999999864));
#12147=DIRECTION('',(-1.2246467991384E-16,-1.,-2.22044604924603E-16));
#12148=DIRECTION('',(1.,-1.2246467991384E-16,-2.71926214687391E-32));
#12149=DIRECTION('',(0.,-2.22044604925031E-16,1.));
#12150=DIRECTION('',(0.,-2.22044604925031E-16,1.));
#12151=DIRECTION('',(2.57369549286405E-15,-1.,-9.34513382010001E-8));
#12152=DIRECTION('',(1.,2.57369549286406E-15,5.71475183270903E-31));
#12153=DIRECTION('',(-6.38983953386934E-23,-5.21769994502697E-7,0.999999999999864));
#12154=DIRECTION('',(-1.,1.22464679914735E-16,2.71926214689378E-32));
#12155=DIRECTION('',(-1.22464679914735E-16,-1.,-2.22044604925031E-16));
#12156=DIRECTION('',(1.,-1.22464679914735E-16,-2.71926214689378E-32));
#12157=DIRECTION('',(-8.75811540203011E-47,2.22044604925031E-16,-1.));
#12158=DIRECTION('',(1.,-1.22464679914735E-16,-2.71926214689378E-32));
#12159=DIRECTION('',(-8.75811540203011E-47,2.22044604925031E-16,-1.));
#12160=DIRECTION('',(-0.707106781186543,-7.04136402448298E-17,0.707106781186552));
#12161=DIRECTION('',(-0.707106781186552,2.43604851491926E-16,-0.707106781186543));
#12162=DIRECTION('',(-1.22464679914735E-16,-1.,-2.22044604925031E-16));
#12163=DIRECTION('',(0.999999999999984,-1.79157580992854E-7,-6.7818639593044E-10));
#12164=DIRECTION('',(-1.,1.22464679914735E-16,2.71926214689378E-32));
#12165=DIRECTION('',(8.75811540203011E-47,-2.22044604925031E-16,1.));
#12166=DIRECTION('',(-1.36071864339009E-22,-1.11111109309999E-6,0.999999999999383));
#12167=DIRECTION('',(-1.,1.22464679914735E-16,2.71926214689378E-32));
#12168=DIRECTION('',(8.75811540203011E-47,-2.22044604925031E-16,1.));
#12169=DIRECTION('',(0.,-2.22044604925031E-16,1.));
#12170=DIRECTION('',(1.22464679914735E-16,1.,2.22044604925031E-16));
#12171=DIRECTION('',(-1.,1.22464679914735E-16,2.71926214689378E-32));
#12172=DIRECTION('',(0.,-2.22044604925031E-16,1.));
#12173=DIRECTION('',(1.,-1.22464679914735E-16,-2.71926214689378E-32));
#12174=DIRECTION('',(-8.75811540203011E-47,2.22044604925031E-16,-1.));
#12175=DIRECTION('',(4.53463848580306E-23,3.70281332681351E-7,-0.999999999999931));
#12176=DIRECTION('',(1.,-1.22464679914735E-16,-2.71926214689378E-32));
#12177=DIRECTION('',(-8.75811540203011E-47,2.22044604925031E-16,-1.));
#12178=DIRECTION('',(-1.79157581114801E-7,-0.999999999999438,-1.04465850212549E-6));
#12179=DIRECTION('',(0.999999999999984,-1.79157581114899E-7,-3.9780778702681E-23));
#12180=DIRECTION('',(-0.707106781186543,-7.04136402448298E-17,0.707106781186552));
#12181=DIRECTION('',(-0.707106781186552,2.43604851491926E-16,-0.707106781186543));
#12182=DIRECTION('',(-1.22464679914735E-16,-1.,-2.22044604925031E-16));
#12183=DIRECTION('',(1.,-1.22464679914735E-16,-2.71926214689378E-32));
#12184=DIRECTION('',(-8.75811540203011E-47,2.22044604925031E-16,-1.));
#12185=DIRECTION('',(0.,2.22044604925031E-16,-1.));
#12186=DIRECTION('',(-2.69578634875639E-7,-0.999999999999952,-1.49765905585049E-7));
#12187=DIRECTION('',(0.999999999999964,-2.69578634875642E-7,-5.98585067417934E-23));
#12188=DIRECTION('',(-1.11713568781135E-22,-9.12210515604229E-7,0.999999999999584));
#12189=DIRECTION('',(0.,2.22044604925031E-16,-1.));
#12190=DIRECTION('',(-1.2246467991563E-16,-1.,-2.22044604924123E-16));
#12191=DIRECTION('',(1.,-1.2246467991563E-16,-2.71926214691365E-32));
#12192=DIRECTION('',(0.,-2.22044604925031E-16,1.));
#12193=DIRECTION('',(-1.,1.22464679914735E-16,2.71926214689378E-32));
#12194=DIRECTION('',(8.75811540203011E-47,-2.22044604925031E-16,1.));
#12195=DIRECTION('',(-1.,1.22464679914735E-16,2.71926214689378E-32));
#12196=DIRECTION('',(8.75811540203011E-47,-2.22044604925031E-16,1.));
#12197=DIRECTION('',(1.,-1.22464679914735E-16,-2.71926214689378E-32));
#12198=DIRECTION('',(-8.75811540203011E-47,2.22044604925031E-16,-1.));
#12199=DIRECTION('',(-1.,1.22464679914735E-16,2.71926214689378E-32));
#12200=DIRECTION('',(-8.75811540203011E-47,2.22044604925031E-16,-1.));
#12201=DIRECTION('',(-1.22464679914735E-16,-1.,-2.22044604925031E-16));
#12202=DIRECTION('',(-1.,1.22464679914735E-16,2.71926214689378E-32));
#12203=DIRECTION('',(-8.75811540203011E-47,2.22044604925031E-16,-1.));
#12204=DIRECTION('',(-1.22464679914735E-16,-1.,-2.22044604925031E-16));
#12205=DIRECTION('',(-0.707106781186543,-7.04136402448298E-17,0.707106781186552));
#12206=DIRECTION('',(-0.707106781186552,2.43604851491926E-16,-0.707106781186543));
#12207=DIRECTION('',(-1.22464679914735E-16,-1.,-2.22044604925031E-16));
#12208=DIRECTION('',(-1.,1.22464679914735E-16,2.71926214689378E-32));
#12209=DIRECTION('',(-8.75811540203011E-47,2.22044604925031E-16,-1.));
#12210=DIRECTION('',(-1.,1.22464679914735E-16,2.71926214689378E-32));
#12211=DIRECTION('',(-8.75811540203011E-47,2.22044604925031E-16,-1.));
#12212=DIRECTION('',(-1.,1.22464679914735E-16,2.71926214689378E-32));
#12213=DIRECTION('',(-8.75811540203011E-47,2.22044604925031E-16,-1.));
#12214=DIRECTION('',(-1.,1.22464679914735E-16,2.71926214689378E-32));
#12215=DIRECTION('',(-8.75811540203011E-47,2.22044604925031E-16,-1.));
#12216=DIRECTION('',(-0.707106782954315,-7.0413639635816E-17,0.70710677941878));
#12217=DIRECTION('',(-0.70710677941878,2.43604851667961E-16,-0.707106782954315));
#12218=DIRECTION('',(-1.,1.22464679914735E-16,2.71926214689378E-32));
#12219=DIRECTION('',(-8.75811540203011E-47,2.22044604925031E-16,-1.));
#12220=DIRECTION('',(-0.707106781186543,-7.04136402448298E-17,0.707106781186552));
#12221=DIRECTION('',(-0.707106781186552,2.43604851491926E-16,-0.707106781186543));
#12222=DIRECTION('',(-0.707106781186543,-7.04136402448298E-17,0.707106781186552));
#12223=DIRECTION('',(-0.707106781186552,2.43604851491926E-16,-0.707106781186543));
#12224=CARTESIAN_POINT('',(0.,0.,0.));
#12225=CARTESIAN_POINT('',(-0.00350286341314295,-0.001,0.00522745812823687));
#12226=CARTESIAN_POINT('',(-0.003449961843,-0.000275000000000004,0.0051745565583333));
#12227=CARTESIAN_POINT('',(-0.003449961843,-0.000275000000000004,0.0051745565583333));
#12228=CARTESIAN_POINT('',(-0.003549961843,-0.000175,0.00527455655833331));
#12229=CARTESIAN_POINT('',(-0.003449961843,-0.000275000000000004,0.0051745565583333));
#12230=CARTESIAN_POINT('',(-0.003449961843,-0.001725,0.0051745565583333));
#12231=CARTESIAN_POINT('',(-0.003449961843,-0.001725,0.0051745565583333));
#12232=CARTESIAN_POINT('',(-0.00354996184333333,-0.001825,0.0052745565583333));
#12233=CARTESIAN_POINT('',(-0.003549961843,-0.000175,0.00527455655833331));
#12234=CARTESIAN_POINT('',(-0.00350650098478204,-0.00282955406894905,0.013448017416438));
#12235=CARTESIAN_POINT('',(-0.003549961844,-0.00295,0.0134045565573333));
#12236=CARTESIAN_POINT('',(-0.003549961844,-0.00295,0.0134045565573333));
#12237=CARTESIAN_POINT('',(-0.003449961844,-0.00295,0.0135045565573333));
#12238=CARTESIAN_POINT('',(-0.003449961844,-0.00295,0.0135045565573333));
#12239=CARTESIAN_POINT('',(-0.003449961844,-0.002775,0.0135045565573333));
#12240=CARTESIAN_POINT('',(-0.003549961843,-0.002675,0.0134045565573333));
#12241=CARTESIAN_POINT('',(-0.00354996184333333,-0.002675,0.0134045565573333));
#12242=CARTESIAN_POINT('',(-0.003549961844,-0.00295,0.0134045565573333));
#12243=CARTESIAN_POINT('',(-0.000429961843000001,-0.00295,0.0135045565583333));
#12244=CARTESIAN_POINT('',(-0.003449961844,-0.00295,0.0135045565573333));
#12245=CARTESIAN_POINT('',(-0.000429961843000001,-0.00295,0.0135045565583333));
#12246=CARTESIAN_POINT('',(-0.000429961843000001,-0.00295,0.0135045565583333));
#12247=CARTESIAN_POINT('',(-0.000429961843000001,-0.002775,0.0135045565583333));
#12248=CARTESIAN_POINT('',(-0.003449961844,-0.002775,0.0135045565573333));
#12249=CARTESIAN_POINT('',(0.0018500381565,-0.00295,0.0112045565583333));
#12250=CARTESIAN_POINT('',(0.006400038155,-0.00295,0.0128645565573333));
#12251=CARTESIAN_POINT('',(0.00640003815516667,-0.00295,0.0128645565575));
#12252=CARTESIAN_POINT('',(0.006200038157,-0.00295,0.0126645565583333));
#12253=CARTESIAN_POINT('',(0.007250038157,-0.00295,0.0128645565573333));
#12254=CARTESIAN_POINT('',(0.007250038157,-0.00295,0.0128645565576666));
#12255=CARTESIAN_POINT('',(0.007250038157,-0.00295,0.0138045565583333));
#12256=CARTESIAN_POINT('',(0.007250038157,-0.00295,0.0138045565583333));
#12257=CARTESIAN_POINT('',(-0.000429961843000001,-0.00295,0.0138045565583333));
#12258=CARTESIAN_POINT('',(-0.000429961843000001,-0.00295,0.0138045565583333));
#12259=CARTESIAN_POINT('',(-0.000429961843000001,-0.00295,0.0135045565583333));
#12260=CARTESIAN_POINT('',(-0.003549961844,-0.00295,0.0112045565583333));
#12261=CARTESIAN_POINT('',(-0.003549961844,-0.00295,0.0112045565583333));
#12262=CARTESIAN_POINT('',(-0.000429961843000001,-0.00295,0.0112045565583333));
#12263=CARTESIAN_POINT('',(-0.000429961843000001,-0.00295,0.0112045565583333));
#12264=CARTESIAN_POINT('',(-0.000429961843000001,-0.00295,0.0124645565583333));
#12265=CARTESIAN_POINT('',(-0.000429961843000001,-0.00295,0.0124645565583333));
#12266=CARTESIAN_POINT('',(0.006200038157,-0.00295,0.0124645565583333));
#12267=CARTESIAN_POINT('',(0.006200038157,-0.00295,0.0124645565583333));
#12268=CARTESIAN_POINT('',(0.006200038157,-0.00295,0.0126645565583333));
#12269=CARTESIAN_POINT('',(-0.003549961843,-5.65519853168439E-18,0.0112045565573333));
#12270=CARTESIAN_POINT('',(-0.003549961843,-0.005,0.0150245565583333));
#12271=CARTESIAN_POINT('',(-0.003549961843,-0.005,0.0150245565583333));
#12272=CARTESIAN_POINT('',(-0.00354996184366667,-0.005,0.0112045565576666));
#12273=CARTESIAN_POINT('',(-0.003549961843,-0.005,0.0150245565583333));
#12274=CARTESIAN_POINT('',(-0.003549961843,0.005,0.0150245565583333));
#12275=CARTESIAN_POINT('',(-0.003549961843,0.005,0.0150245565583333));
#12276=CARTESIAN_POINT('',(-0.00354996184366667,0.005,0.0112045565583333));
#12277=CARTESIAN_POINT('',(-0.003549961844,0.005,0.0112045565583333));
#12278=CARTESIAN_POINT('',(-0.00354996184366667,0.00405,0.0112045565583333));
#12279=CARTESIAN_POINT('',(-0.003549961844,0.00405,0.0112045565583333));
#12280=CARTESIAN_POINT('',(-0.00354996184368182,0.00405,0.0134045565573485));
#12281=CARTESIAN_POINT('',(-0.003549961844,0.00405,0.0134045565573333));
#12282=CARTESIAN_POINT('',(-0.00354996184366667,0.004325,0.0134045565573333));
#12283=CARTESIAN_POINT('',(-0.003549961844,0.004325,0.0134045565573333));
#12284=CARTESIAN_POINT('',(-0.00354996184347875,0.00432500000016667,0.0139045565583546));
#12285=CARTESIAN_POINT('',(-0.003549961844,0.004325,0.0139045565583333));
#12286=CARTESIAN_POINT('',(-0.00354996184346468,0.00267499999983333,0.0139045565583686));
#12287=CARTESIAN_POINT('',(-0.003549961844,0.002675,0.0139045565583333));
#12288=CARTESIAN_POINT('',(-0.00354996184344049,0.00267499999983333,0.0134045565572738));
#12289=CARTESIAN_POINT('',(-0.003549961844,0.002675,0.0134045565573333));
#12290=CARTESIAN_POINT('',(-0.00354996184367785,0.00295,0.0134045565573445));
#12291=CARTESIAN_POINT('',(-0.003549961844,0.00295,0.0112045565583333));
#12292=CARTESIAN_POINT('',(-0.00354996184366667,0.00295,0.0112045565583333));
#12293=CARTESIAN_POINT('',(-0.003549961844,0.00295,0.0112045565583333));
#12294=CARTESIAN_POINT('',(-0.00354996184366667,0.00155,0.0112045565583333));
#12295=CARTESIAN_POINT('',(-0.003549961844,0.00155,0.0112045565583333));
#12296=CARTESIAN_POINT('',(-0.00354996184367785,0.00155,0.0134045565573445));
#12297=CARTESIAN_POINT('',(-0.003549961844,0.00155,0.0134045565573333));
#12298=CARTESIAN_POINT('',(-0.00354996184333333,0.001825,0.0134045565573333));
#12299=CARTESIAN_POINT('',(-0.003549961843,0.001825,0.0134045565573333));
#12300=CARTESIAN_POINT('',(-0.00354996184333333,0.001825,0.0139045565583333));
#12301=CARTESIAN_POINT('',(-0.003549961844,0.001825,0.0139045565583333));
#12302=CARTESIAN_POINT('',(-0.00354996184333333,0.000175,0.0139045565583333));
#12303=CARTESIAN_POINT('',(-0.003549961843,0.000175,0.0139045565583333));
#12304=CARTESIAN_POINT('',(-0.00354996184333333,0.000174999999999995,0.0134045565573333));
#12305=CARTESIAN_POINT('',(-0.003549961844,0.000174999999999995,0.0134045565573333));
#12306=CARTESIAN_POINT('',(-0.00354996184367785,0.00045,0.0134045565573445));
#12307=CARTESIAN_POINT('',(-0.003549961844,0.00045,0.0112045565583333));
#12308=CARTESIAN_POINT('',(-0.00354996184366667,0.00045,0.0112045565583333));
#12309=CARTESIAN_POINT('',(-0.003549961844,0.00045,0.0112045565583333));
#12310=CARTESIAN_POINT('',(-0.00354996184366667,-0.00045,0.0112045565583333));
#12311=CARTESIAN_POINT('',(-0.003549961844,-0.00045,0.0112045565583333));
#12312=CARTESIAN_POINT('',(-0.00354996184368182,-0.00045,0.0134045565573485));
#12313=CARTESIAN_POINT('',(-0.003549961844,-0.00045,0.0134045565573333));
#12314=CARTESIAN_POINT('',(-0.00354996184333333,-0.000175,0.0134045565573333));
#12315=CARTESIAN_POINT('',(-0.003549961843,-0.000175,0.0134045565573333));
#12316=CARTESIAN_POINT('',(-0.00354996184333333,-0.000175,0.0139045565583333));
#12317=CARTESIAN_POINT('',(-0.003549961844,-0.000175,0.0139045565583333));
#12318=CARTESIAN_POINT('',(-0.00354996184333333,-0.001825,0.0139045565583333));
#12319=CARTESIAN_POINT('',(-0.003549961843,-0.001825,0.0139045565583333));
#12320=CARTESIAN_POINT('',(-0.00354996184333333,-0.001825,0.0134045565573333));
#12321=CARTESIAN_POINT('',(-0.003549961844,-0.001825,0.0134045565573333));
#12322=CARTESIAN_POINT('',(-0.00354996184368182,-0.00155,0.0134045565573485));
#12323=CARTESIAN_POINT('',(-0.003549961844,-0.00155,0.0112045565583333));
#12324=CARTESIAN_POINT('',(-0.00354996184366667,-0.00155,0.0112045565583333));
#12325=CARTESIAN_POINT('',(-0.003549961844,-0.00155,0.0112045565583333));
#12326=CARTESIAN_POINT('',(-0.003549961843,-0.002675,0.0134045565573333));
#12327=CARTESIAN_POINT('',(-0.003549961843,-0.002675,0.0139045565583333));
#12328=CARTESIAN_POINT('',(-0.003549961843,-0.002675,0.0139045565583333));
#12329=CARTESIAN_POINT('',(-0.00354996184333333,-0.004325,0.0139045565583333));
#12330=CARTESIAN_POINT('',(-0.003549961843,-0.004325,0.0139045565583333));
#12331=CARTESIAN_POINT('',(-0.00354996184333333,-0.004325,0.0134045565573333));
#12332=CARTESIAN_POINT('',(-0.003549961844,-0.004325,0.0134045565573333));
#12333=CARTESIAN_POINT('',(-0.003549961844,-0.00405,0.0134045565573333));
#12334=CARTESIAN_POINT('',(-0.003549961844,-0.00405,0.0112045565583333));
#12335=CARTESIAN_POINT('',(-0.003549961844,-0.00405,0.0112045565583333));
#12336=CARTESIAN_POINT('',(-0.003549961844,-0.00405,0.0112045565583333));
#12337=CARTESIAN_POINT('',(-0.0034999618435,-0.002725,0.0136545565578333));
#12338=CARTESIAN_POINT('',(-0.003449961844,-0.002775,0.0135045565573333));
#12339=CARTESIAN_POINT('',(-0.003449961844,-0.002775,0.0138045565583333));
#12340=CARTESIAN_POINT('',(-0.003449961844,-0.002775,0.0138045565583333));
#12341=CARTESIAN_POINT('',(-0.0034999618435,0.001775,0.0136545565578333));
#12342=CARTESIAN_POINT('',(-0.003449961844,0.001725,0.0135045565573333));
#12343=CARTESIAN_POINT('',(-0.003449961844,0.001725,0.0135045565573333));
#12344=CARTESIAN_POINT('',(-0.003449961844,0.001725,0.0138045565583333));
#12345=CARTESIAN_POINT('',(-0.003449961844,0.001725,0.0138045565583333));
#12346=CARTESIAN_POINT('',(-0.003449961844,0.001725,0.0135045565573333));
#12347=CARTESIAN_POINT('',(-0.00350650098478204,0.00167044593105095,0.013448017416438));
#12348=CARTESIAN_POINT('',(-0.003549961844,0.00155,0.0134045565573333));
#12349=CARTESIAN_POINT('',(-0.003449961844,0.00155,0.0135045565573333));
#12350=CARTESIAN_POINT('',(-0.003449961844,0.00155,0.0135045565573333));
#12351=CARTESIAN_POINT('',(-0.00350286341385429,0.0035,0.0138574581282378));
#12352=CARTESIAN_POINT('',(-0.003449961844,0.004225,0.0138045565583333));
#12353=CARTESIAN_POINT('',(-0.003449961844,0.004225,0.0138045565583333));
#12354=CARTESIAN_POINT('',(-0.003449961844,0.002775,0.0138045565583333));
#12355=CARTESIAN_POINT('',(-0.003549961843,0.002675,0.0139045565583333));
#12356=CARTESIAN_POINT('',(-0.003449961844,0.004225,0.0138045565583333));
#12357=CARTESIAN_POINT('',(-0.0034999618435,-0.000225000000000005,0.0136545565578333));
#12358=CARTESIAN_POINT('',(-0.003549961843,-0.000175,0.0134045565573333));
#12359=CARTESIAN_POINT('',(-0.003449961844,-0.000275000000000004,0.0135045565573333));
#12360=CARTESIAN_POINT('',(-0.003449961844,-0.000275000000000004,0.0135045565573333));
#12361=CARTESIAN_POINT('',(-0.003449961844,-0.000275000000000004,0.0138045565583333));
#12362=CARTESIAN_POINT('',(-0.003449961844,-0.000275000000000004,0.0138045565583333));
#12363=CARTESIAN_POINT('',(-0.00193996184372741,-0.002775,0.0136545565580833));
#12364=CARTESIAN_POINT('',(-0.000429961843000001,-0.002775,0.0135045565583333));
#12365=CARTESIAN_POINT('',(-0.000429961843000001,-0.002775,0.0138045565583333));
#12366=CARTESIAN_POINT('',(-0.000429961843000001,-0.002775,0.0138045565583333));
#12367=CARTESIAN_POINT('',(-0.0034999618435,0.002725,0.0136545565578333));
#12368=CARTESIAN_POINT('',(-0.003449961844,0.002775,0.0138045565583333));
#12369=CARTESIAN_POINT('',(-0.003449961844,0.002775,0.0135045565573333));
#12370=CARTESIAN_POINT('',(-0.003449961844,0.002775,0.0135045565573333));
#12371=CARTESIAN_POINT('',(-0.00350650098478204,-0.00167044593105095,0.013448017416438));
#12372=CARTESIAN_POINT('',(-0.003449961844,-0.00155,0.0135045565573333));
#12373=CARTESIAN_POINT('',(-0.003449961844,-0.00155,0.0135045565573333));
#12374=CARTESIAN_POINT('',(-0.003449961844,-0.001725,0.0135045565573333));
#12375=CARTESIAN_POINT('',(-0.003549961844,-0.00155,0.0134045565573333));
#12376=CARTESIAN_POINT('',(-0.003549961843,-0.001825,0.0134045565573333));
#12377=CARTESIAN_POINT('',(-0.00350286341385429,-0.001,0.0138574581282378));
#12378=CARTESIAN_POINT('',(-0.003449961844,-0.001725,0.0138045565583333));
#12379=CARTESIAN_POINT('',(-0.003449961844,-0.001725,0.0138045565583333));
#12380=CARTESIAN_POINT('',(-0.003449961844,-0.000275000000000004,0.0138045565583333));
#12381=CARTESIAN_POINT('',(-0.00349996184350001,0.000225,0.0136545565578333));
#12382=CARTESIAN_POINT('',(-0.003549961843,0.000174999999999995,0.0134045565573333));
#12383=CARTESIAN_POINT('',(-0.003449961844,0.000275,0.0135045565573333));
#12384=CARTESIAN_POINT('',(-0.003449961844,0.000275,0.0138045565583333));
#12385=CARTESIAN_POINT('',(-0.003449961844,0.000275,0.0138045565583333));
#12386=CARTESIAN_POINT('',(-0.003449961844,0.000275,0.0135045565573333));
#12387=CARTESIAN_POINT('',(-0.00350650098478204,-0.00417044593105095,0.013448017416438));
#12388=CARTESIAN_POINT('',(-0.003449961844,-0.00405,0.0135045565573333));
#12389=CARTESIAN_POINT('',(-0.003449961844,-0.00405,0.0135045565573333));
#12390=CARTESIAN_POINT('',(-0.003449961844,-0.004225,0.0135045565573333));
#12391=CARTESIAN_POINT('',(-0.003549961844,-0.00405,0.0134045565573333));
#12392=CARTESIAN_POINT('',(-0.003549961843,-0.004325,0.0134045565573333));
#12393=CARTESIAN_POINT('',(-0.000429961843000001,5.00001047509802E-13,0.00960455655833331));
#12394=CARTESIAN_POINT('',(-0.000429961843000001,-0.00405,0.0124645565583333));
#12395=CARTESIAN_POINT('',(-0.000429961843000003,-0.00405,0.0124645565583333));
#12396=CARTESIAN_POINT('',(-0.000429961843000001,-0.00405,0.0112045565583333));
#12397=CARTESIAN_POINT('',(-0.000429961843000001,-0.00405,0.0124645565583333));
#12398=CARTESIAN_POINT('',(-0.000429961843000001,-0.00555,0.0124645565583333));
#12399=CARTESIAN_POINT('',(-0.000429961843000002,-0.00555000000000004,0.0124645565583333));
#12400=CARTESIAN_POINT('',(-0.000429961843000002,-0.00555000000000002,0.0128612232245));
#12401=CARTESIAN_POINT('',(-0.000429961843000002,-0.00555000000000001,0.0132578898906666));
#12402=CARTESIAN_POINT('',(-0.000429961843000002,-0.00554999999999999,0.0136545565568333));
#12403=CARTESIAN_POINT('',(-0.000429961843000001,-0.00555,0.0136545565568333));
#12404=CARTESIAN_POINT('',(-0.000429961843000001,-0.0049,0.0136545565583333));
#12405=CARTESIAN_POINT('',(-0.000429961843000001,-0.004899999999,0.0143045565583333));
#12406=CARTESIAN_POINT('',(-0.000429961843000001,0.004899999996,0.0143045565583333));
#12407=CARTESIAN_POINT('',(-0.000429961843000001,0.00489999999749167,0.0143045565583333));
#12408=CARTESIAN_POINT('',(-0.000429961843000001,0.0049,0.0136545565583333));
#12409=CARTESIAN_POINT('',(-0.000429961843000001,0.00555,0.0136545565578333));
#12410=CARTESIAN_POINT('',(-0.000429961843000001,0.00555,0.0124645565583333));
#12411=CARTESIAN_POINT('',(-0.000429961843000001,0.00555,0.0124645565583333));
#12412=CARTESIAN_POINT('',(-0.000429961843000001,0.00555,0.0124645565583333));
#12413=CARTESIAN_POINT('',(-0.000429961843000001,0.00405,0.0124645565583333));
#12414=CARTESIAN_POINT('',(-0.000429961843000001,0.00405,0.0124645565583333));
#12415=CARTESIAN_POINT('',(-0.000429961843000001,0.00405,0.0112045565583333));
#12416=CARTESIAN_POINT('',(-0.000429961843000001,0.00295,0.0112045565583333));
#12417=CARTESIAN_POINT('',(-0.000429961843000001,0.00295,0.0112045565583333));
#12418=CARTESIAN_POINT('',(-0.000429961843000001,0.00295,0.0124645565583333));
#12419=CARTESIAN_POINT('',(-0.000429961843000001,0.00295,0.0124645565583333));
#12420=CARTESIAN_POINT('',(-0.000429961843000001,0.00295,0.0124645565583333));
#12421=CARTESIAN_POINT('',(-0.000429961843000001,0.00155,0.0124645565583333));
#12422=CARTESIAN_POINT('',(-0.000429961843000001,0.00155,0.0124645565583333));
#12423=CARTESIAN_POINT('',(-0.000429961843000001,0.00155,0.0112045565583333));
#12424=CARTESIAN_POINT('',(-0.000429961843000001,0.000450000000999998,0.0112045565583333));
#12425=CARTESIAN_POINT('',(-0.000429961843000001,0.000450000000666665,0.0112045565583333));
#12426=CARTESIAN_POINT('',(-0.000429961843000001,0.000450000000999998,0.0124645565583333));
#12427=CARTESIAN_POINT('',(-0.000429961843000001,0.000450000000666665,0.0124645565583333));
#12428=CARTESIAN_POINT('',(-0.000429961843000001,0.000450000000999998,0.0124645565583333));
#12429=CARTESIAN_POINT('',(-0.000429961843000001,-0.000450000000666672,
0.0124645565583333));
#12430=CARTESIAN_POINT('',(-0.000429961843000001,-0.000450000001000005,
0.0124645565583333));
#12431=CARTESIAN_POINT('',(-0.000429961843000001,-0.00045,0.0112045565583333));
#12432=CARTESIAN_POINT('',(-0.000429961843000001,-0.00155,0.0112045565583333));
#12433=CARTESIAN_POINT('',(-0.000429961843000001,-0.00155,0.0112045565583333));
#12434=CARTESIAN_POINT('',(-0.000429961843000001,-0.00155,0.0124645565583333));
#12435=CARTESIAN_POINT('',(-0.000429961843000001,-0.00155,0.0124645565583333));
#12436=CARTESIAN_POINT('',(-0.000429961843000001,-0.00155,0.0124645565583333));
#12437=CARTESIAN_POINT('',(-0.000429961843000001,-0.00405,0.0112045565583333));
#12438=CARTESIAN_POINT('',(-0.000429961843000001,-0.00575,0.0150245565583333));
#12439=CARTESIAN_POINT('',(-0.000429961843000001,-0.00575,0.0150245565583333));
#12440=CARTESIAN_POINT('',(-0.000429961843000001,0.00574999999899999,0.0150245565583333));
#12441=CARTESIAN_POINT('',(-0.000429961843000001,-0.00575,0.0150245565583333));
#12442=CARTESIAN_POINT('',(-0.000429961843000003,-0.0062,0.0145245565563333));
#12443=CARTESIAN_POINT('',(-0.000429961843000001,-0.0062,0.0145245565563333));
#12444=CARTESIAN_POINT('',(-0.000429961843000001,-0.0062,0.0134145565583333));
#12445=CARTESIAN_POINT('',(-0.000429961843000001,-0.0062,0.0134145565583333));
#12446=CARTESIAN_POINT('',(-0.000429961843000001,-0.005799999999,0.0134145565583333));
#12447=CARTESIAN_POINT('',(-0.000429961843000001,-0.005799999999,0.0134145565583333));
#12448=CARTESIAN_POINT('',(-0.000429961842917014,-0.00579999999931121,0.0114145565576666));
#12449=CARTESIAN_POINT('',(-0.000429961843000001,-0.0062,0.0114145565573333));
#12450=CARTESIAN_POINT('',(-0.000429961843000003,-0.0062,0.0114145565576666));
#12451=CARTESIAN_POINT('',(-0.000429961843000001,-0.0062,0.0114145565573333));
#12452=CARTESIAN_POINT('',(-0.000429961843000001,-0.0062,0.00960455655833331));
#12453=CARTESIAN_POINT('',(-0.000429961843000001,-0.0046,0.00960455655833331));
#12454=CARTESIAN_POINT('',(-0.000429961843000001,-0.0046,0.00960455655833331));
#12455=CARTESIAN_POINT('',(-0.000429961843000001,-0.0046,0.00990455655833331));
#12456=CARTESIAN_POINT('',(-0.000429961843000001,-0.0046,0.00990455655833331));
#12457=CARTESIAN_POINT('',(-0.000429961843000001,-0.0046,0.00990455655833331));
#12458=CARTESIAN_POINT('',(-0.000429961843000001,-0.00135,0.0099045565583333));
#12459=CARTESIAN_POINT('',(-0.000429961843000001,-0.00135,0.0099045565583333));
#12460=CARTESIAN_POINT('',(-0.000429961843000001,-0.00135,0.00960455655833331));
#12461=CARTESIAN_POINT('',(-0.000429961844000001,-0.0008,0.0096045565583333));
#12462=CARTESIAN_POINT('',(-0.000429961844000001,-0.0008,0.00960455655833331));
#12463=CARTESIAN_POINT('',(-0.000429961844000001,-0.0008,0.0099045565583333));
#12464=CARTESIAN_POINT('',(-0.000429961844000001,-0.0008,0.0099045565583333));
#12465=CARTESIAN_POINT('',(-0.000429961844000001,-0.0008,0.0099045565583333));
#12466=CARTESIAN_POINT('',(-0.000429961843666668,0.0008,0.00990455655833331));
#12467=CARTESIAN_POINT('',(-0.000429961844000001,0.0008,0.00960455655833331));
#12468=CARTESIAN_POINT('',(-0.000429961843666668,0.0008,0.00960455655833331));
#12469=CARTESIAN_POINT('',(-0.000429961844000001,0.0014,0.00960455655833331));
#12470=CARTESIAN_POINT('',(-0.000429961843666668,0.0014,0.00960455655833331));
#12471=CARTESIAN_POINT('',(-0.000429961844000001,0.0014,0.00990455655833331));
#12472=CARTESIAN_POINT('',(-0.000429961843666668,0.0014,0.00990455655833331));
#12473=CARTESIAN_POINT('',(-0.000429961844000001,0.0014,0.00990455655833331));
#12474=CARTESIAN_POINT('',(-0.000429961843000001,0.0046,0.00990455655766664));
#12475=CARTESIAN_POINT('',(-0.000429961843000001,0.0046,0.00990455655733331));
#12476=CARTESIAN_POINT('',(-0.000429961843000001,0.0046,0.00960455655833331));
#12477=CARTESIAN_POINT('',(-0.000429961843000001,0.0062,0.0096045565583333));
#12478=CARTESIAN_POINT('',(-0.000429961843000001,0.0062,0.0096045565583333));
#12479=CARTESIAN_POINT('',(-0.000429961843000001,0.0062,0.0114145565573333));
#12480=CARTESIAN_POINT('',(-0.000429961843000001,0.0062,0.0114145565576666));
#12481=CARTESIAN_POINT('',(-0.000429961843000001,0.005799999999,0.0114145565573333));
#12482=CARTESIAN_POINT('',(-0.000429961842917013,0.0057999999993112,0.0114145565576666));
#12483=CARTESIAN_POINT('',(-0.000429961843000001,0.005799999999,0.0134145565583333));
#12484=CARTESIAN_POINT('',(-0.000429961843000001,0.005799999999,0.0134145565583333));
#12485=CARTESIAN_POINT('',(-0.000429961843000001,0.0062,0.0134145565583333));
#12486=CARTESIAN_POINT('',(-0.000429961843000001,0.0062,0.0134145565583333));
#12487=CARTESIAN_POINT('',(-0.000429961843000001,0.006200000001,0.0145245565563333));
#12488=CARTESIAN_POINT('',(-0.000429961843000001,0.00620000000083241,0.0145245565564825));
#12489=CARTESIAN_POINT('',(-0.000429961843000001,0.00574999999899999,0.0150245565583333));
#12490=CARTESIAN_POINT('',(-0.00350286341361491,-0.0035,0.0138574581282378));
#12491=CARTESIAN_POINT('',(-0.003449961844,-0.002775,0.0138045565583333));
#12492=CARTESIAN_POINT('',(-0.003449961844,-0.004225,0.0138045565583333));
#12493=CARTESIAN_POINT('',(-0.003449961844,-0.004225,0.0138045565583333));
#12494=CARTESIAN_POINT('',(-0.00350650098478204,0.00032955406894905,0.013448017416438));
#12495=CARTESIAN_POINT('',(-0.003449961844,0.00045,0.0135045565573333));
#12496=CARTESIAN_POINT('',(-0.003449961844,0.00045,0.0135045565573333));
#12497=CARTESIAN_POINT('',(-0.003549961844,0.00045,0.0134045565573333));
#12498=CARTESIAN_POINT('',(-0.00193996184372741,0.000275,0.0136545565580833));
#12499=CARTESIAN_POINT('',(-0.003449961844,0.000275,0.0138045565583333));
#12500=CARTESIAN_POINT('',(-0.000429961843000001,0.000275,0.0138045565583333));
#12501=CARTESIAN_POINT('',(-0.000429961843000001,0.000275,0.0135045565583333));
#12502=CARTESIAN_POINT('',(-0.000429961843000001,0.000275,0.0135045565583333));
#12503=CARTESIAN_POINT('',(-0.003449961844,0.000275,0.0135045565573333));
#12504=CARTESIAN_POINT('',(-0.005874961843,0.005,0.0112045565573333));
#12505=CARTESIAN_POINT('',(-0.005699961843,0.005,0.0146745565583333));
#12506=CARTESIAN_POINT('',(-0.005699961843,0.005,0.0146745565583333));
#12507=CARTESIAN_POINT('',(-0.005699961843,0.005,0.0150245565583333));
#12508=CARTESIAN_POINT('',(-0.007699961843,0.005,0.0146745565583333));
#12509=CARTESIAN_POINT('',(-0.007699961843,0.005,0.0146745565583333));
#12510=CARTESIAN_POINT('',(-0.008199961843,0.005,0.0141245565583333));
#12511=CARTESIAN_POINT('',(-0.008199961843,0.005,0.0141245565583333));
#12512=CARTESIAN_POINT('',(-0.008199961843,0.005,0.0112045565573333));
#12513=CARTESIAN_POINT('',(-0.008199961843,0.005,0.0112045565576666));
#12514=CARTESIAN_POINT('',(-0.003549961844,0.005,0.0112045565583333));
#12515=CARTESIAN_POINT('',(-0.005699961843,0.005,0.0150245565583333));
#12516=CARTESIAN_POINT('',(-0.000429961843000001,-5.65519853168439E-18,
0.0112045565583333));
#12517=CARTESIAN_POINT('',(-0.006849961843,0.00315,0.0112045565583333));
#12518=CARTESIAN_POINT('',(-0.006849961843,0.00315,0.0112045565583333));
#12519=CARTESIAN_POINT('',(-0.006849961843,0.00385,0.0112045565583333));
#12520=CARTESIAN_POINT('',(-0.007899961843,0.00315,0.0112045565583333));
#12521=CARTESIAN_POINT('',(-0.007899961843,0.00315,0.0112045565583333));
#12522=CARTESIAN_POINT('',(-0.008199961843,0.00285,0.0112045565583333));
#12523=CARTESIAN_POINT('',(-0.008199961843,0.00285,0.0112045565583333));
#12524=CARTESIAN_POINT('',(-0.008199961843,0.00165,0.0112045565583333));
#12525=CARTESIAN_POINT('',(-0.008199961843,0.00165,0.0112045565583333));
#12526=CARTESIAN_POINT('',(-0.008199961843,0.00165,0.0112045565583333));
#12527=CARTESIAN_POINT('',(-0.007899961843,0.00135,0.0112045565583333));
#12528=CARTESIAN_POINT('',(-0.007899961843,0.00135,0.0112045565583333));
#12529=CARTESIAN_POINT('',(-0.006849961843,0.00135,0.0112045565583333));
#12530=CARTESIAN_POINT('',(-0.006849961843,0.00065,0.0112045565583333));
#12531=CARTESIAN_POINT('',(-0.006849961843,0.00065,0.0112045565583333));
#12532=CARTESIAN_POINT('',(-0.007899961843,0.00065,0.0112045565583333));
#12533=CARTESIAN_POINT('',(-0.007899961843,0.00065,0.0112045565583333));
#12534=CARTESIAN_POINT('',(-0.008199961843,0.000349999999999996,0.0112045565583333));
#12535=CARTESIAN_POINT('',(-0.008199961843,0.000349999999999996,0.0112045565583333));
#12536=CARTESIAN_POINT('',(-0.008199961843,-0.00035,0.0112045565583333));
#12537=CARTESIAN_POINT('',(-0.008199961843,-0.00035,0.0112045565583333));
#12538=CARTESIAN_POINT('',(-0.008199961843,-0.00035,0.0112045565583333));
#12539=CARTESIAN_POINT('',(-0.007899961843,-0.00065,0.0112045565583333));
#12540=CARTESIAN_POINT('',(-0.007899961843,-0.00065,0.0112045565583333));
#12541=CARTESIAN_POINT('',(-0.006849961843,-0.00065,0.0112045565583333));
#12542=CARTESIAN_POINT('',(-0.006849961843,-0.00135,0.0112045565583333));
#12543=CARTESIAN_POINT('',(-0.006849961843,-0.00135,0.0112045565583333));
#12544=CARTESIAN_POINT('',(-0.007899961843,-0.00135,0.0112045565583333));
#12545=CARTESIAN_POINT('',(-0.007899961843,-0.00135,0.0112045565583333));
#12546=CARTESIAN_POINT('',(-0.008199961843,-0.00165,0.0112045565583333));
#12547=CARTESIAN_POINT('',(-0.008199961843,-0.00165,0.0112045565583333));
#12548=CARTESIAN_POINT('',(-0.008199961843,-0.00285,0.0112045565583333));
#12549=CARTESIAN_POINT('',(-0.008199961843,-0.00285,0.0112045565583333));
#12550=CARTESIAN_POINT('',(-0.008199961843,-0.00285,0.0112045565583333));
#12551=CARTESIAN_POINT('',(-0.007899961843,-0.00315,0.0112045565583333));
#12552=CARTESIAN_POINT('',(-0.007899961843,-0.00315,0.0112045565583333));
#12553=CARTESIAN_POINT('',(-0.006849961843,-0.00315,0.0112045565583333));
#12554=CARTESIAN_POINT('',(-0.006849961843,-0.00315,0.0112045565583333));
#12555=CARTESIAN_POINT('',(-0.006849961843,-0.00385,0.0112045565583333));
#12556=CARTESIAN_POINT('',(-0.007899961843,-0.00385,0.0112045565583333));
#12557=CARTESIAN_POINT('',(-0.00789996184313074,-0.00384999999986926,0.0112045565576666));
#12558=CARTESIAN_POINT('',(-0.008199961843,-0.00415,0.0112045565573333));
#12559=CARTESIAN_POINT('',(-0.008199961843,-0.00415,0.0112045565576666));
#12560=CARTESIAN_POINT('',(-0.008199961843,-0.005,0.0112045565583333));
#12561=CARTESIAN_POINT('',(-0.008199961843,-0.005,0.0112045565576666));
#12562=CARTESIAN_POINT('',(-0.003549961844,-0.005,0.0112045565573333));
#12563=CARTESIAN_POINT('',(-0.000429961843000001,-0.00405,0.0112045565583333));
#12564=CARTESIAN_POINT('',(-0.000429961843000001,-0.00155,0.0112045565583333));
#12565=CARTESIAN_POINT('',(-0.000429961843000001,-0.00045,0.0112045565583333));
#12566=CARTESIAN_POINT('',(-0.000429961843000001,0.000450000000999998,0.0112045565583333));
#12567=CARTESIAN_POINT('',(-0.000429961843000001,0.00155,0.0112045565583333));
#12568=CARTESIAN_POINT('',(-0.000429961843000001,0.00295,0.0112045565583333));
#12569=CARTESIAN_POINT('',(-0.000429961843000001,0.00405,0.0112045565583333));
#12570=CARTESIAN_POINT('',(-0.008199961843,0.00415,0.0112045565573333));
#12571=CARTESIAN_POINT('',(-0.008199961843,0.00415,0.0112045565576666));
#12572=CARTESIAN_POINT('',(-0.008199961843,0.00415,0.0112045565583333));
#12573=CARTESIAN_POINT('',(-0.007899961843,0.00385,0.0112045565583333));
#12574=CARTESIAN_POINT('',(-0.007899961843,0.00385,0.0112045565583333));
#12575=CARTESIAN_POINT('',(0.0018500381565,-0.00405,0.0112045565583333));
#12576=CARTESIAN_POINT('',(0.006200038157,-0.00405,0.0124645565583333));
#12577=CARTESIAN_POINT('',(0.006200038157,-0.00405,0.0124645565583333));
#12578=CARTESIAN_POINT('',(0.006200038157,-0.00405,0.0126645565583333));
#12579=CARTESIAN_POINT('',(0.006200038157,-0.00405,0.0124645565583333));
#12580=CARTESIAN_POINT('',(-0.003449961844,-0.00405,0.0135045565573333));
#12581=CARTESIAN_POINT('',(-0.000429961843000001,-0.00405,0.0135045565583333));
#12582=CARTESIAN_POINT('',(-0.000429961843000001,-0.00405,0.0135045565583333));
#12583=CARTESIAN_POINT('',(-0.000429961843000001,-0.00405,0.0138045565583333));
#12584=CARTESIAN_POINT('',(-0.000429961843000001,-0.00405,0.0138045565583333));
#12585=CARTESIAN_POINT('',(0.007250038157,-0.00405,0.0138045565583333));
#12586=CARTESIAN_POINT('',(0.007250038157,-0.00405,0.0138045565583333));
#12587=CARTESIAN_POINT('',(0.007250038157,-0.00405,0.0128645565576666));
#12588=CARTESIAN_POINT('',(0.006400038155,-0.00405,0.0128645565573333));
#12589=CARTESIAN_POINT('',(0.00640003815516667,-0.00405,0.0128645565575));
#12590=CARTESIAN_POINT('',(0.006200038157,-0.00405,0.0126645565583333));
#12591=CARTESIAN_POINT('',(0.0018500381565,0.00295,0.0112045565583333));
#12592=CARTESIAN_POINT('',(0.006200038157,0.00295,0.0124645565583333));
#12593=CARTESIAN_POINT('',(0.006200038157,0.00295,0.0124645565583333));
#12594=CARTESIAN_POINT('',(0.006200038157,0.00295,0.0126645565583333));
#12595=CARTESIAN_POINT('',(0.006200038157,0.00295,0.0124645565583333));
#12596=CARTESIAN_POINT('',(-0.003549961844,0.00295,0.0134045565573333));
#12597=CARTESIAN_POINT('',(-0.003449961844,0.00295,0.0135045565573333));
#12598=CARTESIAN_POINT('',(-0.003449961844,0.00295,0.0135045565573333));
#12599=CARTESIAN_POINT('',(-0.000429961843000001,0.00295,0.0135045565583333));
#12600=CARTESIAN_POINT('',(-0.000429961843000001,0.00295,0.0135045565583333));
#12601=CARTESIAN_POINT('',(-0.000429961843000001,0.00295,0.0138045565583333));
#12602=CARTESIAN_POINT('',(-0.000429961843000001,0.00295,0.0138045565583333));
#12603=CARTESIAN_POINT('',(0.007250038157,0.00295,0.0138045565583333));
#12604=CARTESIAN_POINT('',(0.007250038157,0.00295,0.0138045565583333));
#12605=CARTESIAN_POINT('',(0.007250038157,0.00295,0.0128645565576666));
#12606=CARTESIAN_POINT('',(0.006400038155,0.00295,0.0128645565573333));
#12607=CARTESIAN_POINT('',(0.00640003815516667,0.00295,0.0128645565575));
#12608=CARTESIAN_POINT('',(0.006200038157,0.00295,0.0126645565583333));
#12609=CARTESIAN_POINT('',(-0.00267405275216012,-5.95142927994896E-13,0.0150245565583333));
#12610=CARTESIAN_POINT('',(-0.005699961843,0.005749999999,0.0150245565583333));
#12611=CARTESIAN_POINT('',(-0.005699961843,0.005749999999,0.0150245565583333));
#12612=CARTESIAN_POINT('',(-0.005699961843,0.005,0.0150245565583333));
#12613=CARTESIAN_POINT('',(-0.005699961843,-0.005,0.0150245565583333));
#12614=CARTESIAN_POINT('',(-0.005699961843,-0.005,0.0150245565583333));
#12615=CARTESIAN_POINT('',(-0.005699961844,-0.00575,0.0150245565583333));
#12616=CARTESIAN_POINT('',(-0.00569996184366667,-0.00575,0.0150245565583333));
#12617=CARTESIAN_POINT('',(-0.005699961844,-0.00575,0.0150245565583333));
#12618=CARTESIAN_POINT('',(0.007250038157,-0.0035,0.0138045565583333));
#12619=CARTESIAN_POINT('',(-0.000429961843000001,-0.00295,0.0138045565583333));
#12620=CARTESIAN_POINT('',(0.007250038157,-0.00405,0.0138045565583333));
#12621=CARTESIAN_POINT('',(-0.000429961843000001,-0.00405,0.0138045565583333));
#12622=CARTESIAN_POINT('',(-0.000429961843000001,-0.004225,0.0138045565583333));
#12623=CARTESIAN_POINT('',(-0.003449961844,-0.004225,0.0138045565583333));
#12624=CARTESIAN_POINT('',(0.0018500381565,-0.00045,0.0112045565583333));
#12625=CARTESIAN_POINT('',(0.006400038155,-0.00045,0.0128645565573333));
#12626=CARTESIAN_POINT('',(0.00640003815516667,-0.00045,0.0128645565575));
#12627=CARTESIAN_POINT('',(0.006200038157,-0.00045,0.0126645565583333));
#12628=CARTESIAN_POINT('',(0.007250038157,-0.00045,0.0128645565573333));
#12629=CARTESIAN_POINT('',(0.007250038157,-0.00045,0.0128645565576666));
#12630=CARTESIAN_POINT('',(0.007250038157,-0.00045,0.0138045565583333));
#12631=CARTESIAN_POINT('',(0.007250038157,-0.00045,0.0138045565583333));
#12632=CARTESIAN_POINT('',(-0.000429961843000001,-0.00045,0.0138045565583333));
#12633=CARTESIAN_POINT('',(-0.000429961843000001,-0.00045,0.0138045565583333));
#12634=CARTESIAN_POINT('',(-0.000429961843000001,-0.00045,0.0135045565583333));
#12635=CARTESIAN_POINT('',(-0.000429961843000001,-0.00045,0.0135045565583333));
#12636=CARTESIAN_POINT('',(-0.003449961844,-0.00045,0.0135045565573333));
#12637=CARTESIAN_POINT('',(-0.003449961844,-0.00045,0.0135045565573333));
#12638=CARTESIAN_POINT('',(-0.003549961844,-0.00045,0.0134045565573333));
#12639=CARTESIAN_POINT('',(0.006200038157,-0.00045,0.0124645565583333));
#12640=CARTESIAN_POINT('',(0.006200038157,-0.00045,0.0124645565583333));
#12641=CARTESIAN_POINT('',(0.006200038157,-0.00045,0.0126645565583333));
#12642=CARTESIAN_POINT('',(0.007250038157,0.001,0.0138045565583333));
#12643=CARTESIAN_POINT('',(-0.000429961843000001,0.001725,0.0138045565583333));
#12644=CARTESIAN_POINT('',(-0.000429961843000001,0.001725,0.0138045565583333));
#12645=CARTESIAN_POINT('',(-0.000429961843000001,0.00155,0.0138045565583333));
#12646=CARTESIAN_POINT('',(-0.000429961843000001,0.00155,0.0138045565583333));
#12647=CARTESIAN_POINT('',(-0.000429961843000001,0.00155,0.0138045565583333));
#12648=CARTESIAN_POINT('',(0.007250038157,0.00155,0.0138045565583333));
#12649=CARTESIAN_POINT('',(0.007250038157,0.00045,0.0138045565583333));
#12650=CARTESIAN_POINT('',(0.007250038157,0.00045,0.0138045565583333));
#12651=CARTESIAN_POINT('',(-0.000429961843000001,0.00045,0.0138045565583333));
#12652=CARTESIAN_POINT('',(-0.000429961843000001,0.00045,0.0138045565583333));
#12653=CARTESIAN_POINT('',(-0.000429961843000001,0.00045,0.0138045565583333));
#12654=CARTESIAN_POINT('',(-0.003449961844,0.001725,0.0138045565583333));
#12655=CARTESIAN_POINT('',(0.0018500381565,0.00155,0.0112045565583333));
#12656=CARTESIAN_POINT('',(0.006400038155,0.00155,0.0128645565573333));
#12657=CARTESIAN_POINT('',(0.00640003815516667,0.00155,0.0128645565575));
#12658=CARTESIAN_POINT('',(0.006200038157,0.00155,0.0126645565583333));
#12659=CARTESIAN_POINT('',(0.007250038157,0.00155,0.0128645565573333));
#12660=CARTESIAN_POINT('',(0.007250038157,0.00155,0.0128645565576666));
#12661=CARTESIAN_POINT('',(0.007250038157,0.00155,0.0138045565583333));
#12662=CARTESIAN_POINT('',(-0.000429961843000001,0.00155,0.0135045565583333));
#12663=CARTESIAN_POINT('',(-0.000429961843000001,0.00155,0.0135045565583333));
#12664=CARTESIAN_POINT('',(-0.003449961844,0.00155,0.0135045565573333));
#12665=CARTESIAN_POINT('',(0.006200038157,0.00155,0.0124645565583333));
#12666=CARTESIAN_POINT('',(0.006200038157,0.00155,0.0124645565583333));
#12667=CARTESIAN_POINT('',(0.006200038157,0.00155,0.0126645565583333));
#12668=CARTESIAN_POINT('',(0.007084012753,-5.00005696568717E-13,0.0143045565583333));
#12669=CARTESIAN_POINT('',(-0.000429961843000001,0.004899999998,0.0143045565583333));
#12670=CARTESIAN_POINT('',(0.00708401275303257,0.00489999999883889,0.0143045565583333));
#12671=CARTESIAN_POINT('',(-0.000429961843000001,-0.004899999999,0.0143045565583333));
#12672=CARTESIAN_POINT('',(0.007084012753,-0.004899999999,0.0143045565583333));
#12673=CARTESIAN_POINT('',(0.007084012753,-0.004899999999,0.0143045565583333));
#12674=CARTESIAN_POINT('',(0.0018500381565,-0.00155,0.0112045565583333));
#12675=CARTESIAN_POINT('',(0.006200038157,-0.00155,0.0124645565583333));
#12676=CARTESIAN_POINT('',(0.006200038157,-0.00155,0.0124645565583333));
#12677=CARTESIAN_POINT('',(0.006200038157,-0.00155,0.0126645565583333));
#12678=CARTESIAN_POINT('',(0.006200038157,-0.00155,0.0124645565583333));
#12679=CARTESIAN_POINT('',(-0.003449961844,-0.00155,0.0135045565573333));
#12680=CARTESIAN_POINT('',(-0.000429961843000001,-0.00155,0.0135045565583333));
#12681=CARTESIAN_POINT('',(-0.000429961843000001,-0.00155,0.0135045565583333));
#12682=CARTESIAN_POINT('',(-0.000429961843000001,-0.00155,0.0138045565583333));
#12683=CARTESIAN_POINT('',(-0.000429961843000001,-0.00155,0.0138045565583333));
#12684=CARTESIAN_POINT('',(0.007250038157,-0.00155,0.0138045565583333));
#12685=CARTESIAN_POINT('',(0.007250038157,-0.00155,0.0138045565583333));
#12686=CARTESIAN_POINT('',(0.007250038157,-0.00155,0.0128645565576666));
#12687=CARTESIAN_POINT('',(0.006400038155,-0.00155,0.0128645565573333));
#12688=CARTESIAN_POINT('',(0.00640003815516667,-0.00155,0.0128645565575));
#12689=CARTESIAN_POINT('',(0.006200038157,-0.00155,0.0126645565583333));
#12690=CARTESIAN_POINT('',(0.007250038157,-0.001,0.0138045565583333));
#12691=CARTESIAN_POINT('',(-0.000429961843000001,-0.000275000000000004,
0.0138045565583333));
#12692=CARTESIAN_POINT('',(-0.000429961843000001,-0.000275000000000004,
0.0138045565583333));
#12693=CARTESIAN_POINT('',(-0.000429961843000001,-0.00045,0.0138045565583333));
#12694=CARTESIAN_POINT('',(0.007250038157,-0.00155,0.0138045565583333));
#12695=CARTESIAN_POINT('',(-0.000429961843000001,-0.00155,0.0138045565583333));
#12696=CARTESIAN_POINT('',(-0.000429961843000001,-0.001725,0.0138045565583333));
#12697=CARTESIAN_POINT('',(-0.003449961844,-0.001725,0.0138045565583333));
#12698=CARTESIAN_POINT('',(0.007250038157,0.0035,0.0138045565583333));
#12699=CARTESIAN_POINT('',(-0.000429961843000001,0.004225,0.0138045565583333));
#12700=CARTESIAN_POINT('',(-0.000429961843000001,0.004225,0.0138045565583333));
#12701=CARTESIAN_POINT('',(-0.000429961843000001,0.00405,0.0138045565583333));
#12702=CARTESIAN_POINT('',(-0.000429961843000001,0.00405,0.0138045565583333));
#12703=CARTESIAN_POINT('',(0.007250038157,0.00405,0.0138045565583333));
#12704=CARTESIAN_POINT('',(0.007250038157,0.00405,0.0138045565583333));
#12705=CARTESIAN_POINT('',(0.007250038157,0.00295,0.0138045565583333));
#12706=CARTESIAN_POINT('',(-0.000429961843000001,0.00295,0.0138045565583333));
#12707=CARTESIAN_POINT('',(-0.000429961843000001,0.002775,0.0138045565583333));
#12708=CARTESIAN_POINT('',(-0.003449961844,0.002775,0.0138045565583333));
#12709=CARTESIAN_POINT('',(0.0018500381565,0.00405,0.0112045565583333));
#12710=CARTESIAN_POINT('',(0.006400038155,0.00405,0.0128645565573333));
#12711=CARTESIAN_POINT('',(0.00640003815516667,0.00405,0.0128645565575));
#12712=CARTESIAN_POINT('',(0.006200038157,0.00405,0.0126645565583333));
#12713=CARTESIAN_POINT('',(0.007250038157,0.00405,0.0128645565573333));
#12714=CARTESIAN_POINT('',(0.007250038157,0.00405,0.0128645565576666));
#12715=CARTESIAN_POINT('',(0.007250038157,0.00405,0.0138045565583333));
#12716=CARTESIAN_POINT('',(-0.000429961843000001,0.00405,0.0135045565583333));
#12717=CARTESIAN_POINT('',(-0.000429961843000001,0.00405,0.0135045565583333));
#12718=CARTESIAN_POINT('',(-0.003449961844,0.00405,0.0135045565573333));
#12719=CARTESIAN_POINT('',(-0.003449961844,0.00405,0.0135045565573333));
#12720=CARTESIAN_POINT('',(-0.003549961844,0.00405,0.0134045565573333));
#12721=CARTESIAN_POINT('',(-0.000429961843000001,0.00405,0.0124645565583333));
#12722=CARTESIAN_POINT('',(0.006200038157,0.00405,0.0124645565583333));
#12723=CARTESIAN_POINT('',(0.006200038157,0.00405,0.0126645565583333));
#12724=CARTESIAN_POINT('',(0.0018500381565,0.00045,0.0112045565583333));
#12725=CARTESIAN_POINT('',(0.006200038157,0.00045,0.0124645565583333));
#12726=CARTESIAN_POINT('',(0.006200038157,0.00045,0.0124645565583333));
#12727=CARTESIAN_POINT('',(0.006200038157,0.00045,0.0126645565583333));
#12728=CARTESIAN_POINT('',(0.006200038157,0.00045,0.0124645565583333));
#12729=CARTESIAN_POINT('',(-0.003449961844,0.00045,0.0135045565573333));
#12730=CARTESIAN_POINT('',(-0.000429961843000001,0.00045,0.0135045565583333));
#12731=CARTESIAN_POINT('',(-0.000429961843000001,0.00045,0.0135045565583333));
#12732=CARTESIAN_POINT('',(0.007250038157,0.00045,0.0138045565583333));
#12733=CARTESIAN_POINT('',(0.007250038157,0.00045,0.0128645565576666));
#12734=CARTESIAN_POINT('',(0.006400038155,0.00045,0.0128645565573333));
#12735=CARTESIAN_POINT('',(0.00640003815516667,0.00045,0.0128645565575));
#12736=CARTESIAN_POINT('',(0.006200038157,0.00045,0.0126645565583333));
#12737=CARTESIAN_POINT('',(0.007257217834,-5.65519853168439E-18,0.0124645565583333));
#12738=CARTESIAN_POINT('',(0.007080038157,-0.00555000000000001,0.0124645565583333));
#12739=CARTESIAN_POINT('',(0.00707613187630659,-0.00555000039899597,0.0124645565583333));
#12740=CARTESIAN_POINT('',(0.00701993279403872,-0.00555000097790639,0.0124645565583333));
#12741=CARTESIAN_POINT('',(0.00678840348379471,-0.00555000118673663,0.0124645565583333));
#12742=CARTESIAN_POINT('',(0.00647794796338723,-0.00555000081687623,0.0124645565583333));
#12743=CARTESIAN_POINT('',(0.00618896673891172,-0.00555000026140912,0.0124645565583333));
#12744=CARTESIAN_POINT('',(0.00601785751997925,-0.00554999987530273,0.0124645565583333));
#12745=CARTESIAN_POINT('',(0.00584589124804244,-0.005549999506416,0.0124645565583333));
#12746=CARTESIAN_POINT('',(0.00579675722586973,-0.00554999924235231,0.0124645565583333));
#12747=CARTESIAN_POINT('',(0.00568798596016083,-0.00554999993869407,0.0124645565583333));
#12748=CARTESIAN_POINT('',(0.0055168970484797,-0.00554999104670699,0.0124645565583333));
#12749=CARTESIAN_POINT('',(0.00525879606316687,-0.00555006378466048,0.0124645565583333));
#12750=CARTESIAN_POINT('',(0.00500433713069505,-0.00554981763134756,0.0124645565583333));
#12751=CARTESIAN_POINT('',(0.00480875106928488,-0.00554932248332906,0.0124645565583333));
#12752=CARTESIAN_POINT('',(0.00463593630544708,-0.00554854221520307,0.0124645565583333));
#12753=CARTESIAN_POINT('',(0.00456363404886386,-0.00554855007622535,0.0124645565583333));
#12754=CARTESIAN_POINT('',(0.004339340272784,-0.00554985772729719,0.0124645565583333));
#12755=CARTESIAN_POINT('',(0.00417463843945881,-0.00555034217147231,0.0124645565583333));
#12756=CARTESIAN_POINT('',(0.00405135787943653,-0.00555472146672658,0.0124645565583333));
#12757=CARTESIAN_POINT('',(0.0039211240873441,-0.00554754525553704,0.0124645565583333));
#12758=CARTESIAN_POINT('',(0.00381415898588672,-0.00553531674766846,0.0124645565583333));
#12759=CARTESIAN_POINT('',(0.00376800186065932,-0.00553925944054138,0.0124645565583333));
#12760=CARTESIAN_POINT('',(0.0036821010179383,-0.0055498092553737,0.0124645565583333));
#12761=CARTESIAN_POINT('',(0.00366704579626499,-0.00555192403315616,0.0124645565583333));
#12762=CARTESIAN_POINT('',(0.00358497446837435,-0.00555321772272055,0.0124645565583333));
#12763=CARTESIAN_POINT('',(0.00352108345037899,-0.00555191201408704,0.0124645565583333));
#12764=CARTESIAN_POINT('',(0.00342000416760991,-0.00555028606446476,0.0124645565583333));
#12765=CARTESIAN_POINT('',(0.00343311318435798,-0.00555066652995572,0.0124645565583333));
#12766=CARTESIAN_POINT('',(0.0033603838656803,-0.00555047453196995,0.0124645565583333));
#12767=CARTESIAN_POINT('',(0.00315171347524658,-0.00555046577013601,0.0124645565583333));
#12768=CARTESIAN_POINT('',(0.00254187269476191,-0.005550286115808,0.0124645565583333));
#12769=CARTESIAN_POINT('',(0.00133616633629457,-0.005550149482994,0.0124645565583333));
#12770=CARTESIAN_POINT('',(0.000211905585549531,-0.00555004805259735,0.0124645565583333));
#12771=CARTESIAN_POINT('',(-0.000429961843000001,-0.00555000000000001,0.0124645565583333));
#12772=CARTESIAN_POINT('',(0.007080038157,-0.00555,0.0124645565583333));
#12773=CARTESIAN_POINT('',(0.006200038157,-0.00295,0.0124645565583333));
#12774=CARTESIAN_POINT('',(0.006200038157,-0.00045,0.0124645565583333));
#12775=CARTESIAN_POINT('',(0.006200038157,0.00155,0.0124645565583333));
#12776=CARTESIAN_POINT('',(0.006200038157,0.00405,0.0124645565583333));
#12777=CARTESIAN_POINT('',(0.007080038157,0.00555,0.0124645565583333));
#12778=CARTESIAN_POINT('',(0.007080038157,0.00555,0.0124645565583333));
#12779=CARTESIAN_POINT('',(0.007257217834,0.00544817259799999,0.0124645565583333));
#12780=CARTESIAN_POINT('',(0.0072572178344399,0.00544817259860542,0.0124645565583333));
#12781=CARTESIAN_POINT('',(0.007257217834,0.00544817259799999,0.0124645565583333));
#12782=CARTESIAN_POINT('',(0.00725721783437218,-0.00544817259857347,0.0124645565582595));
#12783=CARTESIAN_POINT('',(0.007257217834,-0.005448172598,0.0124645565583333));
#12784=CARTESIAN_POINT('',(-0.000429961843000001,-0.00295,0.0138045565583333));
#12785=CARTESIAN_POINT('',(-0.000429961843000001,-0.00155,0.0135045565583333));
#12786=CARTESIAN_POINT('',(-0.000429961843000001,-0.00155,0.0135045565583333));
#12787=CARTESIAN_POINT('',(-0.000429961843000001,-0.001725,0.0135045565583333));
#12788=CARTESIAN_POINT('',(-0.000429961843000001,-0.001725,0.0135045565583333));
#12789=CARTESIAN_POINT('',(-0.000429961843000001,-0.00405,0.0135045565583333));
#12790=CARTESIAN_POINT('',(-0.000429961843000001,-0.00405,0.0135045565583333));
#12791=CARTESIAN_POINT('',(-0.000429961843000001,-0.004225,0.0135045565583333));
#12792=CARTESIAN_POINT('',(-0.000429961843000001,-0.004225,0.0135045565583333));
#12793=CARTESIAN_POINT('',(0.007250038157,-0.001,0.0128645565583333));
#12794=CARTESIAN_POINT('',(0.006400038155,-0.00045,0.0128645565573333));
#12795=CARTESIAN_POINT('',(0.007250038157,-0.00155,0.0128645565573333));
#12796=CARTESIAN_POINT('',(0.007250038157,-0.001,0.0128645565573333));
#12797=CARTESIAN_POINT('',(-0.000429961843000001,-0.00045,0.0138045565583333));
#12798=CARTESIAN_POINT('',(-0.000429961843000001,-0.000275000000000004,
0.0135045565583333));
#12799=CARTESIAN_POINT('',(-0.000429961843000001,-0.000275000000000004,
0.0135045565583333));
#12800=CARTESIAN_POINT('',(-0.000429961843000001,-0.00045,0.0135045565583333));
#12801=CARTESIAN_POINT('',(0.007250038157,-0.0035,0.0128645565583333));
#12802=CARTESIAN_POINT('',(0.006400038155,-0.00295,0.0128645565573333));
#12803=CARTESIAN_POINT('',(0.007250038157,-0.00405,0.0128645565573333));
#12804=CARTESIAN_POINT('',(0.007250038157,-0.0035,0.0128645565573333));
#12805=CARTESIAN_POINT('',(-0.000429961843000001,0.00045,0.0135045565583333));
#12806=CARTESIAN_POINT('',(-0.000429961843000001,0.00045,0.0135045565583333));
#12807=CARTESIAN_POINT('',(-0.0034999618435,0.004275,0.0136545565578333));
#12808=CARTESIAN_POINT('',(-0.003549961843,0.004325,0.0134045565573333));
#12809=CARTESIAN_POINT('',(-0.003449961844,0.004225,0.0135045565573333));
#12810=CARTESIAN_POINT('',(-0.003449961844,0.004225,0.0138045565583333));
#12811=CARTESIAN_POINT('',(-0.003449961844,0.00295,0.0135045565573333));
#12812=CARTESIAN_POINT('',(-0.003449961844,0.00295,0.0135045565573333));
#12813=CARTESIAN_POINT('',(-0.003449961844,0.002775,0.0135045565573333));
#12814=CARTESIAN_POINT('',(-0.000429961843000001,0.002775,0.0135045565583333));
#12815=CARTESIAN_POINT('',(-0.000429961843000001,0.00295,0.0135045565583333));
#12816=CARTESIAN_POINT('',(-0.0034999618435,-0.004275,0.0136545565578333));
#12817=CARTESIAN_POINT('',(-0.003449961844,-0.004225,0.0135045565573333));
#12818=CARTESIAN_POINT('',(-0.00350650098478204,-0.000329554068949053,0.013448017416438));
#12819=CARTESIAN_POINT('',(-0.003449961844,-0.00045,0.0135045565573333));
#12820=CARTESIAN_POINT('',(-0.000429961843000001,-0.00045,0.0135045565583333));
#12821=CARTESIAN_POINT('',(-0.003449961844,-0.000275000000000004,0.0135045565573333));
#12822=CARTESIAN_POINT('',(-0.00350286341385429,0.001,0.0138574581282378));
#12823=CARTESIAN_POINT('',(-0.00350650098478204,0.00282955406894905,0.013448017416438));
#12824=CARTESIAN_POINT('',(-0.000429961843000001,0.00405,0.0135045565583333));
#12825=CARTESIAN_POINT('',(-0.000429961843000001,0.00405,0.0135045565583333));
#12826=CARTESIAN_POINT('',(-0.000429961843000001,0.004225,0.0135045565583333));
#12827=CARTESIAN_POINT('',(-0.003449961844,0.004225,0.0135045565573333));
#12828=CARTESIAN_POINT('',(-0.003449961844,0.00405,0.0135045565573333));
#12829=CARTESIAN_POINT('',(0.0035148139505,0.0049,0.0136545565583333));
#12830=CARTESIAN_POINT('',(-0.000429961843000001,0.00555,0.0136545565583333));
#12831=CARTESIAN_POINT('',(0.0070800381565,0.00555,0.0136545565583333));
#12832=CARTESIAN_POINT('',(0.00820984577819999,0.0049,0.0136545565583333));
#12833=CARTESIAN_POINT('',(0.00741253476399275,0.00535890999451098,0.0141148842862223));
#12834=CARTESIAN_POINT('',(0.0082110381573,0.0049,0.0136545565583333));
#12835=CARTESIAN_POINT('',(0.0035148139505,-0.0049,0.0136545565583333));
#12836=CARTESIAN_POINT('',(0.00820984577819999,-0.0049,0.0136545565583333));
#12837=CARTESIAN_POINT('',(0.00741253476458486,-0.00535890999495983,0.0141148842860788));
#12838=CARTESIAN_POINT('',(-0.000429961843000001,-0.00555,0.0136545565573333));
#12839=CARTESIAN_POINT('',(0.007080038157,-0.00555,0.0136545565576722));
#12840=CARTESIAN_POINT('',(0.00821103815699999,-0.0049,0.0136545565583333));
#12841=CARTESIAN_POINT('',(-0.003449961844,-0.00155,0.0135045565573333));
#12842=CARTESIAN_POINT('',(-0.003449961844,-0.001725,0.0135045565573333));
#12843=CARTESIAN_POINT('',(-0.0034999618435,-0.001775,0.0136545565578333));
#12844=CARTESIAN_POINT('',(-0.003449961844,-0.001725,0.0135045565573333));
#12845=CARTESIAN_POINT('',(-0.00350650098478204,0.00417044593105095,0.013448017416438));
#12846=CARTESIAN_POINT('',(0.007250038157,0.001,0.0128645565583333));
#12847=CARTESIAN_POINT('',(0.006400038155,0.00155,0.0128645565573333));
#12848=CARTESIAN_POINT('',(0.007250038157,0.00045,0.0128645565573333));
#12849=CARTESIAN_POINT('',(0.007517025455,-0.005423216915,0.0140545565583333));
#12850=CARTESIAN_POINT('',(0.007412534765,-0.005358909995,0.0141148842863333));
#12851=CARTESIAN_POINT('',(0.007950038157,-0.00505,0.0138045565583333));
#12852=CARTESIAN_POINT('',(0.007950038157,-0.00505,0.0138045565583333));
#12853=CARTESIAN_POINT('',(0.007950038157,0.00505,0.0138045565583333));
#12854=CARTESIAN_POINT('',(0.007412534764,0.005358909994,0.0141148842863333));
#12855=CARTESIAN_POINT('',(0.007250038157,0.0035,0.0128645565573333));
#12856=CARTESIAN_POINT('',(0.007250038157,0.00295,0.0128645565573333));
#12857=CARTESIAN_POINT('',(0.007250038157,0.001,0.0128645565573333));
#12858=CARTESIAN_POINT('',(-0.005874961843,-0.005,0.0112045565573333));
#12859=CARTESIAN_POINT('',(-0.005699961843,-0.005,0.0150245565583333));
#12860=CARTESIAN_POINT('',(-0.00569996184366667,-0.005,0.0146745565576666));
#12861=CARTESIAN_POINT('',(-0.008199961843,-0.005,0.0112045565573333));
#12862=CARTESIAN_POINT('',(-0.008199961843,-0.005,0.0141245565583333));
#12863=CARTESIAN_POINT('',(-0.008199961843,-0.005,0.0141245565583333));
#12864=CARTESIAN_POINT('',(-0.00769996184316591,-0.005,0.0146745565578175));
#12865=CARTESIAN_POINT('',(-0.007699961843,-0.005,0.0146745565573333));
#12866=CARTESIAN_POINT('',(-0.000429961843000001,0.00405,0.0138045565583333));
#12867=CARTESIAN_POINT('',(-0.000429961843000001,0.004225,0.0135045565583333));
#12868=CARTESIAN_POINT('',(-0.0080088068245,-0.0030411550185,0.0099045565583333));
#12869=CARTESIAN_POINT('',(-0.008199961843,-0.00285,0.0099045565583333));
#12870=CARTESIAN_POINT('',(-0.008199961843,-0.00285,0.0099045565583333));
#12871=CARTESIAN_POINT('',(-0.008199961843,-0.00285,0.0099045565583333));
#12872=CARTESIAN_POINT('',(-0.007899961843,-0.00315,0.0099045565583333));
#12873=CARTESIAN_POINT('',(-0.007899961843,-0.00315,0.0099045565583333));
#12874=CARTESIAN_POINT('',(-0.0078999618426955,-0.00315000000004242,0.0103872495287415));
#12875=CARTESIAN_POINT('',(-0.007969961843,-0.00308,0.0105199145203333));
#12876=CARTESIAN_POINT('',(-0.007899961843,-0.00315,0.0106525795113333));
#12877=CARTESIAN_POINT('',(-0.007899961843,-0.00315,0.0112045565583333));
#12878=CARTESIAN_POINT('',(-0.00193996184372741,-0.000275000000000013,0.0136545565580833));
#12879=CARTESIAN_POINT('',(-0.00193996184372741,0.001725,0.0136545565580833));
#12880=CARTESIAN_POINT('',(-0.003449961844,0.001725,0.0135045565573333));
#12881=CARTESIAN_POINT('',(-0.000429961843000001,0.001725,0.0135045565583333));
#12882=CARTESIAN_POINT('',(-0.000429961843000001,0.001725,0.0135045565583333));
#12883=CARTESIAN_POINT('',(-0.000429961843000001,0.00155,0.0135045565583333));
#12884=CARTESIAN_POINT('',(-0.000429961843000001,0.00155,0.0135045565583333));
#12885=CARTESIAN_POINT('',(-0.00193996184372741,0.002775,0.0136545565580833));
#12886=CARTESIAN_POINT('',(-0.000429961843000001,0.002775,0.0135045565583333));
#12887=CARTESIAN_POINT('',(0.007250038157,0.0035,0.0128645565583333));
#12888=CARTESIAN_POINT('',(0.006400038155,0.00405,0.0128645565573333));
#12889=CARTESIAN_POINT('',(-0.003449961844,-0.00405,0.0135045565573333));
#12890=CARTESIAN_POINT('',(-0.003449961844,-0.004225,0.0135045565573333));
#12891=CARTESIAN_POINT('',(-0.007374961843,-0.00385,0.0106525795113333));
#12892=CARTESIAN_POINT('',(-0.006849961843,-0.00385,0.0112045565583333));
#12893=CARTESIAN_POINT('',(-0.006849961843,-0.00385,0.0106525795113333));
#12894=CARTESIAN_POINT('',(-0.007899961843,-0.00385,0.0106525795113333));
#12895=CARTESIAN_POINT('',(-0.0078999618426955,-0.00384999999974667,0.0106525795118139));
#12896=CARTESIAN_POINT('',(-0.007899961843,-0.00385,0.0112045565583333));
#12897=CARTESIAN_POINT('',(-0.008008806834,-0.000541155009000004,0.00990455655833331));
#12898=CARTESIAN_POINT('',(-0.008199961843,-0.00035,0.00990455655833331));
#12899=CARTESIAN_POINT('',(-0.008199961843,-0.00035,0.00990455655833331));
#12900=CARTESIAN_POINT('',(-0.008199961843,-0.00035,0.00990455655833331));
#12901=CARTESIAN_POINT('',(-0.007899961843,-0.00065,0.00990455655833331));
#12902=CARTESIAN_POINT('',(-0.007899961843,-0.00065,0.00990455655833331));
#12903=CARTESIAN_POINT('',(-0.0078999618426955,-0.000650000000042418,0.0103872495287415));
#12904=CARTESIAN_POINT('',(-0.007969961843,-0.00058,0.0105199145203333));
#12905=CARTESIAN_POINT('',(-0.007899961843,-0.00065,0.0106525795113333));
#12906=CARTESIAN_POINT('',(-0.007899961843,-0.00065,0.0112045565583333));
#12907=CARTESIAN_POINT('',(-0.006849961843,-0.001,0.0099045565583333));
#12908=CARTESIAN_POINT('',(-0.006849961843,-0.00065,0.00990455655833331));
#12909=CARTESIAN_POINT('',(-0.006849961843,-0.00065,0.00990455655833331));
#12910=CARTESIAN_POINT('',(-0.006849961843,-0.00135,0.0099045565583333));
#12911=CARTESIAN_POINT('',(-0.006849961843,-0.00135,0.0103872495283333));
#12912=CARTESIAN_POINT('',(-0.006849961843,-0.00134999999998818,0.0103872495287253));
#12913=CARTESIAN_POINT('',(-0.006849961843,-0.00142,0.0105199145203333));
#12914=CARTESIAN_POINT('',(-0.006849961843,-0.00135,0.0106525795113333));
#12915=CARTESIAN_POINT('',(-0.006849961843,-0.00135,0.0112045565583333));
#12916=CARTESIAN_POINT('',(-0.006849961843,-0.00065,0.0112045565583333));
#12917=CARTESIAN_POINT('',(-0.006849961843,-0.00065,0.0106525795113333));
#12918=CARTESIAN_POINT('',(-0.006849961843,-0.00058,0.0105199145203333));
#12919=CARTESIAN_POINT('',(-0.006849961843,-0.00065,0.0103872495283333));
#12920=CARTESIAN_POINT('',(-0.006849961843,-0.00065,0.0103872495283333));
#12921=CARTESIAN_POINT('',(-0.006849961843,-0.0035,0.0099045565573333));
#12922=CARTESIAN_POINT('',(-0.006849961843,-0.00315,0.0099045565583333));
#12923=CARTESIAN_POINT('',(-0.006849961843,-0.00315,0.0099045565583333));
#12924=CARTESIAN_POINT('',(-0.006849961843,-0.00385,0.0099045565583333));
#12925=CARTESIAN_POINT('',(-0.006849961843,-0.00385,0.0103872495283333));
#12926=CARTESIAN_POINT('',(-0.006849961843,-0.00384999999998818,0.0103872495287253));
#12927=CARTESIAN_POINT('',(-0.006849961843,-0.00392,0.0105199145203333));
#12928=CARTESIAN_POINT('',(-0.006849961843,-0.00315,0.0112045565583333));
#12929=CARTESIAN_POINT('',(-0.006849961843,-0.00315000000019891,0.0106525795118426));
#12930=CARTESIAN_POINT('',(-0.006849961843,-0.00308,0.0105199145203333));
#12931=CARTESIAN_POINT('',(-0.006849961843,-0.00315,0.0103872495283333));
#12932=CARTESIAN_POINT('',(-0.006849961843,-0.00315,0.0103872495283333));
#12933=CARTESIAN_POINT('',(-0.00193996184372741,-0.004225,0.0136545565580833));
#12934=CARTESIAN_POINT('',(-0.007374961843,-0.00065,0.00990455655833331));
#12935=CARTESIAN_POINT('',(-0.007899961843,-0.00065,0.0103872495283333));
#12936=CARTESIAN_POINT('',(-0.007899961843,-0.00065,0.00990455655833331));
#12937=CARTESIAN_POINT('',(-0.000429961843000001,0.00295,0.0135045565583333));
#12938=CARTESIAN_POINT('',(-0.000429961843000001,0.00155,0.0138045565583333));
#12939=CARTESIAN_POINT('',(-0.007374961843,-0.00065,0.0106525795113333));
#12940=CARTESIAN_POINT('',(-0.006849961843,-0.00065,0.0106525795113333));
#12941=CARTESIAN_POINT('',(-0.008199961843,-0.00225,0.0099045565583333));
#12942=CARTESIAN_POINT('',(-0.008199961843,-0.00165,0.0099045565583333));
#12943=CARTESIAN_POINT('',(-0.008199961843,-0.00165,0.0099045565583333));
#12944=CARTESIAN_POINT('',(-0.008199961843,-0.00165,0.0112045565583333));
#12945=CARTESIAN_POINT('',(-0.007374961843,-0.00315,0.0099045565573333));
#12946=CARTESIAN_POINT('',(-0.007899961843,-0.00315,0.0103872495283333));
#12947=CARTESIAN_POINT('',(-0.007899961843,-0.00315,0.0099045565583333));
#12948=CARTESIAN_POINT('',(-0.000429961843000001,0.0059987999995,0.0114145565583333));
#12949=CARTESIAN_POINT('',(-0.000429961843000001,0.0062,0.0114145565573333));
#12950=CARTESIAN_POINT('',(-0.001929961841,0.0062,0.0114145565576666));
#12951=CARTESIAN_POINT('',(-0.000429961843000001,0.005799999999,0.0114145565573333));
#12952=CARTESIAN_POINT('',(0.00345463782546522,0.00330054189834608,0.00960455655833331));
#12953=CARTESIAN_POINT('',(-0.000429961843000001,0.0062,0.0096045565583333));
#12954=CARTESIAN_POINT('',(0.007050038157,0.0062,0.0096045565583333));
#12955=CARTESIAN_POINT('',(-0.000429961843000001,0.0046,0.00960455655833331));
#12956=CARTESIAN_POINT('',(0.001350038157,0.0046,0.00960455655833331));
#12957=CARTESIAN_POINT('',(0.001350038157,0.0014,0.00960455655833331));
#12958=CARTESIAN_POINT('',(0.001350038157,0.0014,0.00960455655833331));
#12959=CARTESIAN_POINT('',(-0.000429961844000001,0.0014,0.00960455655833331));
#12960=CARTESIAN_POINT('',(-0.000429961844000001,0.0008,0.00960455655833331));
#12961=CARTESIAN_POINT('',(0.007550038157,0.0008,0.00960455655833331));
#12962=CARTESIAN_POINT('',(0.007550038157,0.0014,0.00960455655833331));
#12963=CARTESIAN_POINT('',(0.00755003815689745,0.0014,0.00960455655833331));
#12964=CARTESIAN_POINT('',(0.001750038157,0.0014,0.00960455655833331));
#12965=CARTESIAN_POINT('',(0.001750038157,0.0014,0.00960455655833331));
#12966=CARTESIAN_POINT('',(0.001750038157,0.004600000021,0.00960455655833331));
#12967=CARTESIAN_POINT('',(0.001750038157,0.00460000004051334,0.00960455655833331));
#12968=CARTESIAN_POINT('',(0.001750038157,0.004600000082,0.00960455655833331));
#12969=CARTESIAN_POINT('',(0.007550038157,0.00460000004051334,0.00960455655833331));
#12970=CARTESIAN_POINT('',(0.007550038157,0.005725,0.00960455655833331));
#12971=CARTESIAN_POINT('',(0.00755003815689745,0.00572499999967375,0.00960455655833331));
#12972=CARTESIAN_POINT('',(0.007050038157,0.0062,0.0096045565583333));
#12973=CARTESIAN_POINT('',(-0.008199961843,-3.43475248243408E-18,0.00990455655833331));
#12974=CARTESIAN_POINT('',(-0.008199961843,0.00035,0.00990455655833331));
#12975=CARTESIAN_POINT('',(-0.008199961843,0.00035,0.00990455655833331));
#12976=CARTESIAN_POINT('',(-0.008199961843,0.00035,0.00990455655833331));
#12977=CARTESIAN_POINT('',(-0.001179961842,0.006,0.0114145565573333));
#12978=CARTESIAN_POINT('',(-0.001929961841,0.0062,0.0114145565573333));
#12979=CARTESIAN_POINT('',(-0.001929961841,0.0062,0.0134145565576666));
#12980=CARTESIAN_POINT('',(-0.001929961841,0.0062,0.0134145565573333));
#12981=CARTESIAN_POINT('',(-0.007378111843,-0.00058,0.0105199145203333));
#12982=CARTESIAN_POINT('',(-0.0072849618447601,-0.00057999999999998,0.0105199145203333));
#12983=CARTESIAN_POINT('',(-0.00728496184488449,-0.000694999961015252,0.0104236077081054));
#12984=CARTESIAN_POINT('',(-0.00728496184488274,-0.000695000001571043,0.0106162213204766));
#12985=CARTESIAN_POINT('',(-0.007034961845,-0.000695000002,0.0106162213193333));
#12986=CARTESIAN_POINT('',(-0.007034961845,-0.000695000001632966,0.0106162213203341));
#12987=CARTESIAN_POINT('',(-0.007034961845,-0.000580000000108302,0.0105199145201709));
#12988=CARTESIAN_POINT('',(-0.00703496184500078,-0.000694999961083882,0.0104236077079416));
#12989=CARTESIAN_POINT('',(-0.0070349618452399,-0.000695000002108323,0.0104236077201709));
#12990=CARTESIAN_POINT('',(-0.000429961843000001,0.0059987999995,0.0134145565583333));
#12991=CARTESIAN_POINT('',(-0.000429961843000001,0.0062,0.0134145565583333));
#12992=CARTESIAN_POINT('',(-0.007378111843,-0.00308,0.0105199145203333));
#12993=CARTESIAN_POINT('',(-0.0072849618447601,-0.00308,0.0105199145203333));
#12994=CARTESIAN_POINT('',(-0.007284961845,-0.003195000002,0.0104236077203333));
#12995=CARTESIAN_POINT('',(-0.0072849618447601,-0.00319500000189168,0.0106162213194957));
#12996=CARTESIAN_POINT('',(-0.007034961845,-0.003195000002,0.0106162213193333));
#12997=CARTESIAN_POINT('',(-0.007034961845,-0.003195000002,0.0106162213193333));
#12998=CARTESIAN_POINT('',(-0.007034961845,-0.0030800000001083,0.0105199145201709));
#12999=CARTESIAN_POINT('',(-0.0070349618452399,-0.00319500000210832,0.0104236077201709));
#13000=CARTESIAN_POINT('',(-0.0070349618452399,-0.00319500000210832,0.0104236077201709));
#13001=CARTESIAN_POINT('',(-0.006849961843,-0.00315,0.0106525795113333));
#13002=CARTESIAN_POINT('',(-0.003449961844,0.00045,0.0135045565573333));
#13003=CARTESIAN_POINT('',(-0.00193996184372741,-0.001725,0.0136545565580833));
#13004=CARTESIAN_POINT('',(-0.007374961843,-0.00315,0.0106525795113333));
#13005=CARTESIAN_POINT('',(0.001350038157,0.003,0.00669455655833331));
#13006=CARTESIAN_POINT('',(0.001350038157,0.0014,0.00960455655833331));
#13007=CARTESIAN_POINT('',(0.001350038157,0.0014,0.00669455655833331));
#13008=CARTESIAN_POINT('',(0.001350038157,0.0046,0.00960455655833331));
#13009=CARTESIAN_POINT('',(0.001350038157,0.0046,0.00669455655833331));
#13010=CARTESIAN_POINT('',(0.001350038157,0.0014,0.00669455655833331));
#13011=CARTESIAN_POINT('',(-0.00193996184372741,0.004225,0.0136545565580833));
#13012=CARTESIAN_POINT('',(-0.008008743993,-0.0039587821495,0.00990455655733331));
#13013=CARTESIAN_POINT('',(-0.007899961843,-0.00385,0.0103872495283333));
#13014=CARTESIAN_POINT('',(-0.007899961843,-0.00385,0.0103872495283333));
#13015=CARTESIAN_POINT('',(-0.007899961843,-0.00385,0.0099045565578333));
#13016=CARTESIAN_POINT('',(-0.007899961843,-0.00385,0.0099045565573333));
#13017=CARTESIAN_POINT('',(-0.008199961843,-0.00415,0.00990455655783331));
#13018=CARTESIAN_POINT('',(-0.008199961843,-0.00415,0.00990455655733331));
#13019=CARTESIAN_POINT('',(-0.00796996184360141,-0.00392,0.0105199145203333));
#13020=CARTESIAN_POINT('',(-0.007378111843,-0.00142,0.0105199145203333));
#13021=CARTESIAN_POINT('',(-0.0070349618449719,-0.00129500000183514,0.0106028301428588));
#13022=CARTESIAN_POINT('',(-0.0070349618449719,-0.00129500000183514,0.0106028301428588));
#13023=CARTESIAN_POINT('',(-0.0072849618452399,-0.001295000002,0.0106028301423333));
#13024=CARTESIAN_POINT('',(-0.007284961845,-0.00142,0.0105199145203333));
#13025=CARTESIAN_POINT('',(-0.007284961845,-0.00129500000182024,0.0104369988978303));
#13026=CARTESIAN_POINT('',(-0.007034961844732,-0.00129500000165538,0.0104369988983558));
#13027=CARTESIAN_POINT('',(-0.007034961844732,-0.00129500000165538,0.0104369988983558));
#13028=CARTESIAN_POINT('',(-0.007034961844732,-0.00141999999983514,0.0105199145208588));
#13029=CARTESIAN_POINT('',(-0.00796996184360141,-0.00142,0.0105199145203333));
#13030=CARTESIAN_POINT('',(-0.007899961843,-0.00135,0.0103872495283333));
#13031=CARTESIAN_POINT('',(-0.007899961843,-0.00135,0.0106525795113333));
#13032=CARTESIAN_POINT('',(-0.006849961843,-0.00135,0.0106525795113333));
#13033=CARTESIAN_POINT('',(-0.006849961843,-0.00135,0.0103872495283333));
#13034=CARTESIAN_POINT('',(-0.000324961843500001,-0.0062,0.0087995565583333));
#13035=CARTESIAN_POINT('',(-0.007699961843,-0.0062,0.0134145565573333));
#13036=CARTESIAN_POINT('',(-0.007699961843,-0.0062,0.0134145565576666));
#13037=CARTESIAN_POINT('',(-0.007699961843,-0.0062,0.0145245565563333));
#13038=CARTESIAN_POINT('',(-0.002429961843,-0.0062,0.0134145565573333));
#13039=CARTESIAN_POINT('',(-0.002429961843,-0.0062,0.0134145565576666));
#13040=CARTESIAN_POINT('',(-0.002429961843,-0.0062,0.0114145565583333));
#13041=CARTESIAN_POINT('',(-0.002429961843,-0.0062,0.0114145565583333));
#13042=CARTESIAN_POINT('',(-0.004499961843,-0.0062,0.0114145565583333));
#13043=CARTESIAN_POINT('',(-0.004499961843,-0.0062,0.0114145565583333));
#13044=CARTESIAN_POINT('',(-0.004499961843,-0.0062,0.0087995565583333));
#13045=CARTESIAN_POINT('',(-0.004499961843,-0.0062,0.0087995565583333));
#13046=CARTESIAN_POINT('',(-0.004499961843,-0.0062,0.0087995565583333));
#13047=CARTESIAN_POINT('',(0.007050038156,-0.0062,0.0087995565583333));
#13048=CARTESIAN_POINT('',(0.007050038156,-0.0062,0.0087995565583333));
#13049=CARTESIAN_POINT('',(0.007050038156,-0.0062,0.00960455655833331));
#13050=CARTESIAN_POINT('',(-0.000429961843000001,-0.0062,0.00960455655833331));
#13051=CARTESIAN_POINT('',(-0.001929961841,-0.0062,0.0114145565573333));
#13052=CARTESIAN_POINT('',(-0.001929961841,-0.0062,0.0114145565576666));
#13053=CARTESIAN_POINT('',(-0.001929961841,-0.0062,0.0134145565583333));
#13054=CARTESIAN_POINT('',(-0.001929961841,-0.0062,0.0134145565583333));
#13055=CARTESIAN_POINT('',(-0.000429961843000001,-0.0062,0.0134145565583333));
#13056=CARTESIAN_POINT('',(-0.007699961843,-0.0062,0.0145245565563333));
#13057=CARTESIAN_POINT('',(0.0022500381565,0.0008,0.00639455655733331));
#13058=CARTESIAN_POINT('',(-0.000429961844000001,0.0008,0.00990455655833331));
#13059=CARTESIAN_POINT('',(-0.00354996184366667,0.0008,0.0099045565583333));
#13060=CARTESIAN_POINT('',(-0.003549961844,0.0008,0.00639455655733331));
#13061=CARTESIAN_POINT('',(-0.00354996184366667,0.0008,0.00639455655766664));
#13062=CARTESIAN_POINT('',(-0.000429961844000001,0.0008,0.00639455655733331));
#13063=CARTESIAN_POINT('',(-0.000429961843666667,0.0008,0.00639455655766664));
#13064=CARTESIAN_POINT('',(-0.000429961844000001,0.0008,0.00639455655733331));
#13065=CARTESIAN_POINT('',(-0.000429961843666668,0.0008,0.00669455655833331));
#13066=CARTESIAN_POINT('',(0.007550038157,0.0008,0.00669455655833331));
#13067=CARTESIAN_POINT('',(0.00755003815680765,0.0008,0.00669455655833331));
#13068=CARTESIAN_POINT('',(0.007550038157,0.0008,0.0071945565583333));
#13069=CARTESIAN_POINT('',(0.008050038157,0.0008,0.0071945565583333));
#13070=CARTESIAN_POINT('',(0.008050038157,0.0008,0.00761955655833331));
#13071=CARTESIAN_POINT('',(0.008050038157,0.0008,0.00761955655783331));
#13072=CARTESIAN_POINT('',(0.008050038157,0.0008,0.00761955655733331));
#13073=CARTESIAN_POINT('',(0.00135003815633333,0.0008,0.00761955655811109));
#13074=CARTESIAN_POINT('',(0.001350038156,0.0008,0.00867955655833331));
#13075=CARTESIAN_POINT('',(0.00135003815633333,0.0008,0.00867955655833331));
#13076=CARTESIAN_POINT('',(0.008050038157,0.0008,0.00867955655833331));
#13077=CARTESIAN_POINT('',(0.008050038157,0.0008,0.00867955655833331));
#13078=CARTESIAN_POINT('',(0.008050038157,0.0008,0.00910455655833331));
#13079=CARTESIAN_POINT('',(0.008050038157,0.0008,0.00910455655833331));
#13080=CARTESIAN_POINT('',(0.007550038157,0.0008,0.0091045565583333));
#13081=CARTESIAN_POINT('',(-0.000429961843000001,-3.43475248243408E-18,
0.00990455655833331));
#13082=CARTESIAN_POINT('',(-0.006849961843,-0.00385,0.0099045565583333));
#13083=CARTESIAN_POINT('',(-0.007899961843,-0.00135,0.0099045565583333));
#13084=CARTESIAN_POINT('',(-0.007899961843,-0.00135,0.0099045565583333));
#13085=CARTESIAN_POINT('',(-0.006849961843,-0.00135,0.0099045565583333));
#13086=CARTESIAN_POINT('',(-0.007899961843,0.00065,0.00990455655833331));
#13087=CARTESIAN_POINT('',(-0.007899961843,0.00065,0.00990455655833331));
#13088=CARTESIAN_POINT('',(-0.006849961843,0.00065,0.00990455655833331));
#13089=CARTESIAN_POINT('',(-0.006849961843,0.00065,0.00990455655833331));
#13090=CARTESIAN_POINT('',(-0.006849961843,0.00135,0.00990455655833331));
#13091=CARTESIAN_POINT('',(-0.006849961843,0.00135,0.00990455655833331));
#13092=CARTESIAN_POINT('',(-0.007899961843,0.00135,0.00990455655833331));
#13093=CARTESIAN_POINT('',(-0.007899961843,0.00135,0.00990455655833331));
#13094=CARTESIAN_POINT('',(-0.008199961843,0.00165,0.00990455655833331));
#13095=CARTESIAN_POINT('',(-0.008199961843,0.00165,0.00990455655833331));
#13096=CARTESIAN_POINT('',(-0.008199961843,0.00285,0.00990455655833331));
#13097=CARTESIAN_POINT('',(-0.008199961843,0.00285,0.00990455655833331));
#13098=CARTESIAN_POINT('',(-0.007899961843,0.00315,0.00990455655833331));
#13099=CARTESIAN_POINT('',(-0.007899961843,0.00315,0.00990455655833331));
#13100=CARTESIAN_POINT('',(-0.006849961843,0.00315,0.00990455655833331));
#13101=CARTESIAN_POINT('',(-0.006849961843,0.00315,0.00990455655833331));
#13102=CARTESIAN_POINT('',(-0.006849961843,0.00385,0.00990455655833331));
#13103=CARTESIAN_POINT('',(-0.006849961843,0.00385,0.00990455655833331));
#13104=CARTESIAN_POINT('',(-0.007899961843,0.00385,0.00990455655833331));
#13105=CARTESIAN_POINT('',(-0.007899961843,0.00385,0.00990455655833331));
#13106=CARTESIAN_POINT('',(-0.008199961843,0.00415,0.00990455655833331));
#13107=CARTESIAN_POINT('',(-0.008199961843,0.00415,0.00990455655783331));
#13108=CARTESIAN_POINT('',(-0.008199961843,0.005,0.00990455655733331));
#13109=CARTESIAN_POINT('',(-0.008199961843,0.005,0.00990455655766664));
#13110=CARTESIAN_POINT('',(-0.003549961844,0.005,0.00990455655733331));
#13111=CARTESIAN_POINT('',(-0.00354996184366667,0.005,0.00990455655766664));
#13112=CARTESIAN_POINT('',(-0.003549961844,0.0046,0.00990455655733331));
#13113=CARTESIAN_POINT('',(-0.00354996184366667,0.0046,0.00990455655766664));
#13114=CARTESIAN_POINT('',(-0.003549961844,0.0046,0.00990455655733331));
#13115=CARTESIAN_POINT('',(-0.003549961844,0.0014,0.00990455655833331));
#13116=CARTESIAN_POINT('',(-0.00354996184366667,0.0014,0.0099045565583333));
#13117=CARTESIAN_POINT('',(-0.003549961844,0.0008,0.00990455655833331));
#13118=CARTESIAN_POINT('',(-0.003549961844,-0.0008,0.0099045565583333));
#13119=CARTESIAN_POINT('',(-0.00354996184366667,-0.0008,0.0099045565583333));
#13120=CARTESIAN_POINT('',(-0.003549961844,-0.00135,0.0099045565583333));
#13121=CARTESIAN_POINT('',(-0.00354996184366667,-0.00135,0.0099045565583333));
#13122=CARTESIAN_POINT('',(-0.003549961844,-0.00135,0.0099045565583333));
#13123=CARTESIAN_POINT('',(-0.003549961844,-0.0046,0.00990455655833331));
#13124=CARTESIAN_POINT('',(-0.003549961844,-0.0046,0.00990455655833331));
#13125=CARTESIAN_POINT('',(-0.003549961844,-0.005,0.00990455655733331));
#13126=CARTESIAN_POINT('',(-0.00354996184366667,-0.005,0.00990455655766664));
#13127=CARTESIAN_POINT('',(-0.008199961843,-0.005,0.00990455655733331));
#13128=CARTESIAN_POINT('',(-0.008199961843,-0.005,0.00990455655766664));
#13129=CARTESIAN_POINT('',(-0.008199961843,-0.00415,0.00990455655833331));
#13130=CARTESIAN_POINT('',(-0.0010999618435,0.0046,0.0063945565573333));
#13131=CARTESIAN_POINT('',(-0.003549961844,0.0046,0.0063945565573333));
#13132=CARTESIAN_POINT('',(-0.00354996184366667,0.0046,0.00639455655766664));
#13133=CARTESIAN_POINT('',(-0.000429961843000001,0.0046,0.0063945565573333));
#13134=CARTESIAN_POINT('',(-0.000429961843000001,0.0046,0.00639455655766664));
#13135=CARTESIAN_POINT('',(-0.000429961843000001,0.0046,0.00669455655833331));
#13136=CARTESIAN_POINT('',(-0.000429961843000001,0.0046,0.00669455655799997));
#13137=CARTESIAN_POINT('',(0.001350038157,0.0046,0.00669455655833331));
#13138=CARTESIAN_POINT('',(-0.0010999618435,0.0014,0.00639455655733331));
#13139=CARTESIAN_POINT('',(0.001350038157,0.0014,0.00669455655833331));
#13140=CARTESIAN_POINT('',(-0.000429961843000001,0.0014,0.00669455655783331));
#13141=CARTESIAN_POINT('',(-0.000429961843000001,0.0014,0.00669455655833331));
#13142=CARTESIAN_POINT('',(-0.000429961843000001,0.0014,0.00639455655766664));
#13143=CARTESIAN_POINT('',(-0.003549961844,0.0014,0.00639455655733331));
#13144=CARTESIAN_POINT('',(-0.00354996184366667,0.0014,0.00639455655766664));
#13145=CARTESIAN_POINT('',(-0.003549961844,0.0014,0.00639455655733331));
#13146=CARTESIAN_POINT('',(-0.0010999618435,-0.00135,0.0063945565573333));
#13147=CARTESIAN_POINT('',(-0.000429961843000001,-0.00135,0.0096045565583333));
#13148=CARTESIAN_POINT('',(0.001350038157,-0.00135,0.0096045565583333));
#13149=CARTESIAN_POINT('',(-0.003549961844,-0.00135,0.0063945565573333));
#13150=CARTESIAN_POINT('',(-0.00354996184366667,-0.00135,0.00639455655766664));
#13151=CARTESIAN_POINT('',(-0.000429961844000001,-0.00135,0.0063945565573333));
#13152=CARTESIAN_POINT('',(-0.000429961843666667,-0.00135,0.00639455655766664));
#13153=CARTESIAN_POINT('',(-0.000429961844000001,-0.00135,0.0066945565573333));
#13154=CARTESIAN_POINT('',(-0.000429961843666667,-0.00135,0.00669455655811108));
#13155=CARTESIAN_POINT('',(0.001350038157,-0.00135,0.0066945565583333));
#13156=CARTESIAN_POINT('',(0.001350038157,-0.00135,0.0066945565583333));
#13157=CARTESIAN_POINT('',(0.001350038157,-0.00135,0.0096045565583333));
#13158=CARTESIAN_POINT('',(-0.008199961843,0.004925,4.5565583333051E-6));
#13159=CARTESIAN_POINT('',(-0.008199961843,0.00415,0.00990455655733331));
#13160=CARTESIAN_POINT('',(-0.008199961843,0.0057,0.0141245565583333));
#13161=CARTESIAN_POINT('',(-0.008199961843,0.0057,0.0141245565583333));
#13162=CARTESIAN_POINT('',(-0.008199961843,0.0057,0.0141245565583333));
#13163=CARTESIAN_POINT('',(-0.008199961843,0.0057,4.5565583333051E-6));
#13164=CARTESIAN_POINT('',(-0.008199961843,0.0057,4.5565583333051E-6));
#13165=CARTESIAN_POINT('',(-0.008199961843,0.00475,4.5565583333051E-6));
#13166=CARTESIAN_POINT('',(-0.008199961843,0.00475,4.5565583333051E-6));
#13167=CARTESIAN_POINT('',(-0.008199961843,0.00475,0.00035455655766664));
#13168=CARTESIAN_POINT('',(-0.008199961843,0.00475,0.000354556557333306));
#13169=CARTESIAN_POINT('',(-0.00819996184383333,0.00440000000083333,0.00035455655766664));
#13170=CARTESIAN_POINT('',(-0.008199961844,0.004400000001,0.000354556557333306));
#13171=CARTESIAN_POINT('',(-0.00819996184366667,0.0044,0.00257455655766664));
#13172=CARTESIAN_POINT('',(-0.008199961843,0.005,0.00257455655733331));
#13173=CARTESIAN_POINT('',(-0.008199961843,0.005,0.00257455655766664));
#13174=CARTESIAN_POINT('',(-0.008199961843,0.005,0.00257455655733331));
#13175=CARTESIAN_POINT('',(-0.0058749618435,-0.005,0.0025745565573333));
#13176=CARTESIAN_POINT('',(-0.008199961843,-0.005,0.0025745565573333));
#13177=CARTESIAN_POINT('',(-0.008199961843,-0.005,0.00257455655766663));
#13178=CARTESIAN_POINT('',(-0.003549961844,-0.005,0.00990455655733331));
#13179=CARTESIAN_POINT('',(-0.00354996184366667,-0.005,0.00257455655766664));
#13180=CARTESIAN_POINT('',(-0.003549961844,-0.005,0.0025745565573333));
#13181=CARTESIAN_POINT('',(-0.007949961843,0.00595,4.5565583333051E-6));
#13182=CARTESIAN_POINT('',(-0.007699961843,0.0062,0.0145245565563333));
#13183=CARTESIAN_POINT('',(-0.007699961843,0.00620000000034991,0.0145245565566482));
#13184=CARTESIAN_POINT('',(-0.007699961843,0.0062,0.0134145565576666));
#13185=CARTESIAN_POINT('',(-0.007699961843,0.0062,0.0134145565573333));
#13186=CARTESIAN_POINT('',(-0.008099961843,0.0058,0.0134145565576666));
#13187=CARTESIAN_POINT('',(-0.008099961843,0.0058,0.0134145565573333));
#13188=CARTESIAN_POINT('',(-0.008099961843,0.0058,0.00278455655833331));
#13189=CARTESIAN_POINT('',(-0.008099961843,0.0058,0.00278455655833331));
#13190=CARTESIAN_POINT('',(-0.007699961844,0.0062,0.00278455655833331));
#13191=CARTESIAN_POINT('',(-0.007699961844,0.0062,0.00278455655833331));
#13192=CARTESIAN_POINT('',(-0.007699961844,0.0062,0.000154556558333306));
#13193=CARTESIAN_POINT('',(-0.007699961844,0.0062,0.000154556558333306));
#13194=CARTESIAN_POINT('',(-0.008149961844,0.00575,0.000154556558333306));
#13195=CARTESIAN_POINT('',(-0.008149961844,0.00575,0.000154556558333306));
#13196=CARTESIAN_POINT('',(-0.008149961844,0.00575,4.5565583333051E-6));
#13197=CARTESIAN_POINT('',(-0.008149961844,0.00575,4.5565583333051E-6));
#13198=CARTESIAN_POINT('',(-0.007767801039,0.00613216080399999,0.0145999334423333));
#13199=CARTESIAN_POINT('',(-0.007767801039,0.00613216080399999,0.0145999334423333));
#13200=CARTESIAN_POINT('',(-0.007699961843,0.0062,0.0145245565563333));
#13201=CARTESIAN_POINT('',(-0.0010999618435,-0.0046,0.0063945565573333));
#13202=CARTESIAN_POINT('',(5.00381569999975E-5,-0.0046,0.00960455655833331));
#13203=CARTESIAN_POINT('',(0.001350038157,-0.0046,0.00960455655833331));
#13204=CARTESIAN_POINT('',(0.001350038157,-0.0046,0.0066945565583333));
#13205=CARTESIAN_POINT('',(0.001350038157,-0.0046,0.0066945565583333));
#13206=CARTESIAN_POINT('',(5.00381569999975E-5,-0.0046,0.0066945565583333));
#13207=CARTESIAN_POINT('',(-0.000429961843000001,-0.0046,0.0066945565583333));
#13208=CARTESIAN_POINT('',(-0.000429961843000001,-0.0046,0.0066945565583333));
#13209=CARTESIAN_POINT('',(-0.000429961843000001,-0.0046,0.00639455655766664));
#13210=CARTESIAN_POINT('',(-0.003549961844,-0.0046,0.0063945565573333));
#13211=CARTESIAN_POINT('',(-0.00354996184366667,-0.0046,0.00639455655766663));
#13212=CARTESIAN_POINT('',(-0.003549961844,-0.0046,0.00990455655833331));
#13213=CARTESIAN_POINT('',(-0.000324961842999999,0.0062,0.0087995565583333));
#13214=CARTESIAN_POINT('',(0.007050038157,0.0062,0.0096045565583333));
#13215=CARTESIAN_POINT('',(0.007050038157,0.0062,0.0087995565583333));
#13216=CARTESIAN_POINT('',(0.007050038156,0.0062,0.0087995565583333));
#13217=CARTESIAN_POINT('',(-0.004499961843,0.0062,0.0087995565583333));
#13218=CARTESIAN_POINT('',(-0.004499961843,0.0062,0.0087995565583333));
#13219=CARTESIAN_POINT('',(-0.004499961843,0.0062,0.0114145565583333));
#13220=CARTESIAN_POINT('',(-0.002429961843,0.0062,0.0114145565583333));
#13221=CARTESIAN_POINT('',(-0.002429961843,0.0062,0.0114145565583333));
#13222=CARTESIAN_POINT('',(-0.002429961843,0.0062,0.0134145565573333));
#13223=CARTESIAN_POINT('',(-0.002429961843,0.0062,0.0134145565576666));
#13224=CARTESIAN_POINT('',(-0.002429961843,0.0062,0.0134145565573333));
#13225=CARTESIAN_POINT('',(-0.000429961843000001,0.006200000001,0.0145245565563333));
#13226=CARTESIAN_POINT('',(-0.003549961843,-5.65519853168439E-18,0.00257455655733331));
#13227=CARTESIAN_POINT('',(-0.003549961843,-0.001825,0.0047745565583333));
#13228=CARTESIAN_POINT('',(-0.003549961843,-0.001825,0.0047745565583333));
#13229=CARTESIAN_POINT('',(-0.003549961843,-0.00155,0.0047745565583333));
#13230=CARTESIAN_POINT('',(-0.003549961844,-0.00155,0.0025745565583333));
#13231=CARTESIAN_POINT('',(-0.00354996184366667,-0.00155,0.0025745565583333));
#13232=CARTESIAN_POINT('',(-0.003549961844,-0.00155,0.0025745565583333));
#13233=CARTESIAN_POINT('',(-0.003549961844,-0.00295,0.0025745565583333));
#13234=CARTESIAN_POINT('',(-0.003549961844,-0.00295,0.0025745565583333));
#13235=CARTESIAN_POINT('',(-0.003549961844,-0.00295,0.0047745565583333));
#13236=CARTESIAN_POINT('',(-0.003549961844,-0.00295,0.0047745565583333));
#13237=CARTESIAN_POINT('',(-0.003549961843,-0.002675,0.0047745565583333));
#13238=CARTESIAN_POINT('',(-0.003549961843,-0.002675,0.0047745565583333));
#13239=CARTESIAN_POINT('',(-0.003549961843,-0.002675,0.0052745565583333));
#13240=CARTESIAN_POINT('',(-0.003549961843,-0.002675,0.0052745565583333));
#13241=CARTESIAN_POINT('',(-0.00354996184333333,-0.004325,0.0052745565583333));
#13242=CARTESIAN_POINT('',(-0.003549961843,-0.004325,0.0052745565583333));
#13243=CARTESIAN_POINT('',(-0.003549961843,-0.004325,0.0047745565583333));
#13244=CARTESIAN_POINT('',(-0.003549961843,-0.004325,0.0047745565583333));
#13245=CARTESIAN_POINT('',(-0.003549961843,-0.00405,0.0047745565583333));
#13246=CARTESIAN_POINT('',(-0.003549961844,-0.00405,0.0025745565573333));
#13247=CARTESIAN_POINT('',(-0.00354996184366667,-0.00405,0.00257455655766663));
#13248=CARTESIAN_POINT('',(-0.003549961844,-0.00405,0.0025745565573333));
#13249=CARTESIAN_POINT('',(-0.003549961844,-0.0046,0.0063945565573333));
#13250=CARTESIAN_POINT('',(-0.003549961844,-0.0008,0.0099045565583333));
#13251=CARTESIAN_POINT('',(-0.00354996184366667,-0.0008,0.00639455655766664));
#13252=CARTESIAN_POINT('',(-0.003549961844,0.0008,0.00639455655733331));
#13253=CARTESIAN_POINT('',(-0.003549961844,0.0046,0.0063945565573333));
#13254=CARTESIAN_POINT('',(-0.003549961844,0.005,0.00990455655733331));
#13255=CARTESIAN_POINT('',(-0.00354996184366667,0.005,0.00257455655766664));
#13256=CARTESIAN_POINT('',(-0.003549961844,0.005,0.00257455655733331));
#13257=CARTESIAN_POINT('',(-0.00354996184366667,0.00405,0.00257455655833331));
#13258=CARTESIAN_POINT('',(-0.003549961844,0.00405,0.00257455655833331));
#13259=CARTESIAN_POINT('',(-0.00354996184363877,0.00405,0.0047745565583054));
#13260=CARTESIAN_POINT('',(-0.003549961844,0.00405,0.0047745565583333));
#13261=CARTESIAN_POINT('',(-0.003549961843,0.004325,0.0047745565583333));
#13262=CARTESIAN_POINT('',(-0.003549961843,0.004325,0.0047745565583333));
#13263=CARTESIAN_POINT('',(-0.00354996184333333,0.004325,0.00527455655833331));
#13264=CARTESIAN_POINT('',(-0.003549961844,0.004325,0.00527455655833331));
#13265=CARTESIAN_POINT('',(-0.00354996184333333,0.002675,0.00527455655833331));
#13266=CARTESIAN_POINT('',(-0.003549961843,0.002675,0.00527455655833331));
#13267=CARTESIAN_POINT('',(-0.003549961843,0.002675,0.0047745565583333));
#13268=CARTESIAN_POINT('',(-0.003549961843,0.002675,0.0047745565583333));
#13269=CARTESIAN_POINT('',(-0.003549961843,0.00295,0.0047745565583333));
#13270=CARTESIAN_POINT('',(-0.003549961844,0.00295,0.00257455655833331));
#13271=CARTESIAN_POINT('',(-0.00354996184366667,0.00295,0.00257455655833331));
#13272=CARTESIAN_POINT('',(-0.003549961844,0.00295,0.00257455655833331));
#13273=CARTESIAN_POINT('',(-0.00354996184366667,0.00155,0.00257455655833331));
#13274=CARTESIAN_POINT('',(-0.003549961844,0.00155,0.00257455655833331));
#13275=CARTESIAN_POINT('',(-0.00354996184363877,0.00155,0.0047745565583054));
#13276=CARTESIAN_POINT('',(-0.003549961844,0.00155,0.0047745565583333));
#13277=CARTESIAN_POINT('',(-0.003549961843,0.001825,0.0047745565583333));
#13278=CARTESIAN_POINT('',(-0.003549961843,0.001825,0.0047745565583333));
#13279=CARTESIAN_POINT('',(-0.003549961843,0.001825,0.00527455655833331));
#13280=CARTESIAN_POINT('',(-0.003549961843,0.001825,0.00527455655833331));
#13281=CARTESIAN_POINT('',(-0.00354996184333333,0.000175,0.00527455655833331));
#13282=CARTESIAN_POINT('',(-0.003549961843,0.000175,0.00527455655833331));
#13283=CARTESIAN_POINT('',(-0.003549961843,0.000174999999999995,0.0047745565583333));
#13284=CARTESIAN_POINT('',(-0.003549961843,0.000174999999999995,0.0047745565583333));
#13285=CARTESIAN_POINT('',(-0.003549961843,0.00045,0.0047745565583333));
#13286=CARTESIAN_POINT('',(-0.003549961844,0.000450000000999998,0.00257455655833331));
#13287=CARTESIAN_POINT('',(-0.00354996184366667,0.000450000000666665,0.00257455655833331));
#13288=CARTESIAN_POINT('',(-0.003549961844,0.000450000000999998,0.00257455655833331));
#13289=CARTESIAN_POINT('',(-0.00354996184366667,-0.00045,0.00257455655833331));
#13290=CARTESIAN_POINT('',(-0.003549961844,-0.00045,0.00257455655833331));
#13291=CARTESIAN_POINT('',(-0.00354996184363877,-0.00045,0.0047745565583054));
#13292=CARTESIAN_POINT('',(-0.003549961844,-0.00045,0.0047745565583333));
#13293=CARTESIAN_POINT('',(-0.003549961843,-0.000175,0.0047745565583333));
#13294=CARTESIAN_POINT('',(-0.003549961843,-0.000175,0.0047745565583333));
#13295=CARTESIAN_POINT('',(-0.003549961843,-0.001825,0.0052745565583333));
#13296=CARTESIAN_POINT('',(-0.007949961843,-0.00595,4.55655833330066E-6));
#13297=CARTESIAN_POINT('',(-0.008099961843,-0.0058,0.0134145565573333));
#13298=CARTESIAN_POINT('',(-0.008099961843,-0.0058,0.0134145565576666));
#13299=CARTESIAN_POINT('',(-0.007699961843,-0.0062,0.0145245565563333));
#13300=CARTESIAN_POINT('',(-0.00776780104,-0.006132160804,0.0145999334423333));
#13301=CARTESIAN_POINT('',(-0.008199961843,-0.0057,0.0141245565583333));
#13302=CARTESIAN_POINT('',(-0.008199961843,-0.0057,0.0141245565583333));
#13303=CARTESIAN_POINT('',(-0.008199961843,-0.0057,4.55655833330066E-6));
#13304=CARTESIAN_POINT('',(-0.008199961843,-0.0057,4.55655833330066E-6));
#13305=CARTESIAN_POINT('',(-0.008149961845,-0.00575,4.55655833330066E-6));
#13306=CARTESIAN_POINT('',(-0.00814996184466667,-0.00574999999966667,4.55655833330066E-6));
#13307=CARTESIAN_POINT('',(-0.008149961845,-0.00575,4.55655833330066E-6));
#13308=CARTESIAN_POINT('',(-0.00814996184483334,-0.00574999999916667,0.000154556558333302));
#13309=CARTESIAN_POINT('',(-0.008149961845,-0.005749999999,0.000154556558333302));
#13310=CARTESIAN_POINT('',(-0.007699961844,-0.0062,0.000154556558333302));
#13311=CARTESIAN_POINT('',(-0.007699961844,-0.0062,0.000154556558333302));
#13312=CARTESIAN_POINT('',(-0.007699961844,-0.0062,0.0027845565583333));
#13313=CARTESIAN_POINT('',(-0.008099961843,-0.0058,0.0027845565583333));
#13314=CARTESIAN_POINT('',(-0.008099961843,-0.0058,0.0027845565583333));
#13315=CARTESIAN_POINT('',(-0.008099961843,-0.0058,0.0027845565583333));
#13316=CARTESIAN_POINT('',(-0.0058749618435,0.005,0.00257455655733331));
#13317=CARTESIAN_POINT('',(-0.003549961844,0.005,0.00257455655733331));
#13318=CARTESIAN_POINT('',(-0.008199961843,-0.004925,4.55655833330066E-6));
#13319=CARTESIAN_POINT('',(-0.008199961844,-0.0044,0.0025745565573333));
#13320=CARTESIAN_POINT('',(-0.00819996184366667,-0.0044,0.00257455655766663));
#13321=CARTESIAN_POINT('',(-0.008199961844,-0.0044,0.000354556557333302));
#13322=CARTESIAN_POINT('',(-0.00819996184366667,-0.0044,0.000354556557666635));
#13323=CARTESIAN_POINT('',(-0.008199961844,-0.0044,0.000354556557333302));
#13324=CARTESIAN_POINT('',(-0.008199961843,-0.00475,0.000354556557666635));
#13325=CARTESIAN_POINT('',(-0.008199961843,-0.00475,0.000354556557333302));
#13326=CARTESIAN_POINT('',(-0.008199961843,-0.00475,4.55655833330066E-6));
#13327=CARTESIAN_POINT('',(-0.008199961843,-0.00475,4.55655833330066E-6));
#13328=CARTESIAN_POINT('',(-0.008199961843,-0.005,0.0141245565583333));
#13329=CARTESIAN_POINT('',(-0.005264961843,0.0058,0.00278455655833331));
#13330=CARTESIAN_POINT('',(-0.002922848098,0.0058,0.00462455655833331));
#13331=CARTESIAN_POINT('',(-0.002922848098,0.0058,0.00462455655833331));
#13332=CARTESIAN_POINT('',(-0.002922848098,0.0058,0.0030445565583333));
#13333=CARTESIAN_POINT('',(-0.002922848098,0.0058,0.0030445565583333));
#13334=CARTESIAN_POINT('',(-0.002429961843,0.0058,0.0030445565583333));
#13335=CARTESIAN_POINT('',(-0.002429961843,0.0058,0.0030445565583333));
#13336=CARTESIAN_POINT('',(-0.002429961843,0.0058,0.00278455655833331));
#13337=CARTESIAN_POINT('',(-0.002429961843,0.0058,0.00278455655833331));
#13338=CARTESIAN_POINT('',(-0.008099961843,0.0058,0.0134145565573333));
#13339=CARTESIAN_POINT('',(-0.002429961843,0.0058,0.0134145565576666));
#13340=CARTESIAN_POINT('',(-0.002429961843,0.0058,0.0132495565583333));
#13341=CARTESIAN_POINT('',(-0.002429961843,0.0058,0.0132495565583333));
#13342=CARTESIAN_POINT('',(-0.002922848098,0.0058,0.0132495565583333));
#13343=CARTESIAN_POINT('',(-0.002922848098,0.0058,0.0132495565583333));
#13344=CARTESIAN_POINT('',(-0.002922848098,0.0058,0.0116795565583333));
#13345=CARTESIAN_POINT('',(-0.002922848098,0.0058,0.0116795565583333));
#13346=CARTESIAN_POINT('',(-0.002922848098,0.0058,0.0116795565583333));
#13347=CARTESIAN_POINT('',(-0.002429961843,0.0058,0.0116795565583333));
#13348=CARTESIAN_POINT('',(-0.002429961843,0.0058,0.0114145565583333));
#13349=CARTESIAN_POINT('',(-0.002429961843,0.0058,0.0114145565583333));
#13350=CARTESIAN_POINT('',(-0.004499961843,0.0058,0.0114145565583333));
#13351=CARTESIAN_POINT('',(-0.004499961843,0.0058,0.0114145565583333));
#13352=CARTESIAN_POINT('',(-0.004499961843,0.0058,0.0114145565583333));
#13353=CARTESIAN_POINT('',(-0.004499961843,0.0058,0.0087995565583333));
#13354=CARTESIAN_POINT('',(-0.004499961843,0.0058,0.0087995565583333));
#13355=CARTESIAN_POINT('',(-0.004499961843,0.0058,0.0074995565583333));
#13356=CARTESIAN_POINT('',(-0.004499961843,0.0058,0.0114145565583333));
#13357=CARTESIAN_POINT('',(-0.00449996184266667,0.0058,0.00478455655777775));
#13358=CARTESIAN_POINT('',(-0.004499961843,0.0058,0.00478455655733331));
#13359=CARTESIAN_POINT('',(-0.002429961843,0.0058,0.00478455655766664));
#13360=CARTESIAN_POINT('',(-0.002429961843,0.0058,0.00478455655833331));
#13361=CARTESIAN_POINT('',(-0.002429961843,0.0058,0.00462455655833331));
#13362=CARTESIAN_POINT('',(-0.002429961843,0.0058,0.00462455655833331));
#13363=CARTESIAN_POINT('',(0.0022500381565,-0.0008,0.0063945565573333));
#13364=CARTESIAN_POINT('',(-0.000429961844000001,-0.0008,0.0096045565583333));
#13365=CARTESIAN_POINT('',(0.00755003815689745,-0.0008,0.0096045565583333));
#13366=CARTESIAN_POINT('',(0.007550038157,-0.0008,0.0091045565583333));
#13367=CARTESIAN_POINT('',(0.008050038157,-0.0008,0.0091045565583333));
#13368=CARTESIAN_POINT('',(0.008050038157,-0.0008,0.0091045565583333));
#13369=CARTESIAN_POINT('',(0.008050038157,-0.0008,0.0086795565583333));
#13370=CARTESIAN_POINT('',(0.001350038156,-0.0008,0.0086795565583333));
#13371=CARTESIAN_POINT('',(0.00135003815633333,-0.0008,0.0086795565583333));
#13372=CARTESIAN_POINT('',(0.001350038156,-0.0008,0.0076195565583333));
#13373=CARTESIAN_POINT('',(0.00135003815633333,-0.0008,0.0076195565583333));
#13374=CARTESIAN_POINT('',(0.001350038156,-0.0008,0.0076195565583333));
#13375=CARTESIAN_POINT('',(0.008050038157,-0.0008,0.0076195565583333));
#13376=CARTESIAN_POINT('',(0.008050038157,-0.0008,0.0076195565583333));
#13377=CARTESIAN_POINT('',(0.008050038157,-0.0008,0.00719455655824351));
#13378=CARTESIAN_POINT('',(0.007550038157,-0.0008,0.0071945565583333));
#13379=CARTESIAN_POINT('',(0.007550038157,-0.0008,0.0066945565583333));
#13380=CARTESIAN_POINT('',(0.00755003816015689,-0.0008,0.0066945565583333));
#13381=CARTESIAN_POINT('',(-0.000429961843666667,-0.0008,0.00669455655766663));
#13382=CARTESIAN_POINT('',(-0.000429961844000001,-0.0008,0.0066945565573333));
#13383=CARTESIAN_POINT('',(-0.000429961843666667,-0.0008,0.00639455655766664));
#13384=CARTESIAN_POINT('',(-0.003549961844,-0.0008,0.0063945565573333));
#13385=CARTESIAN_POINT('',(-0.008008743993,-0.0014587821495,0.0099045565583333));
#13386=CARTESIAN_POINT('',(-0.007899961843,-0.00135,0.0099045565583333));
#13387=CARTESIAN_POINT('',(-0.007899961843,-0.00135,0.0106525795113333));
#13388=CARTESIAN_POINT('',(-0.005699961844,-0.0055325,0.0146745565583333));
#13389=CARTESIAN_POINT('',(-0.007699961843,-0.005,0.0146745565573333));
#13390=CARTESIAN_POINT('',(-0.00769996184316591,-0.0060649999999337,0.0146745565577578));
#13391=CARTESIAN_POINT('',(-0.007699961843,-0.006065,0.0146745565573333));
#13392=CARTESIAN_POINT('',(-0.00569996184366667,-0.0060649999999337,0.014674556557607));
#13393=CARTESIAN_POINT('',(-0.005699961844,-0.005,0.0146745565573333));
#13394=CARTESIAN_POINT('',(0.001350038157,-0.002975,0.0066945565583333));
#13395=CARTESIAN_POINT('',(0.001350038157,-0.0046,0.00960455655833331));
#13396=CARTESIAN_POINT('',(0.001350038157,-0.00135,0.0066945565583333));
#13397=CARTESIAN_POINT('',(-0.000429961843000001,0.005975,0.0147745565578333));
#13398=CARTESIAN_POINT('',(-0.005699961843,0.005749999999,0.0150245565583333));
#13399=CARTESIAN_POINT('',(-0.005699961843,0.00606500000012339,0.0146745565577777));
#13400=CARTESIAN_POINT('',(-0.007699961843,0.006065,0.0146745565583333));
#13401=CARTESIAN_POINT('',(-0.007699961843,0.006065,0.0146745565583333));
#13402=CARTESIAN_POINT('',(-0.005699961843,0.006065,0.0146745565573333));
#13403=CARTESIAN_POINT('',(0.007950038157,-1.21430643318376E-18,0.0128645565583333));
#13404=CARTESIAN_POINT('',(0.007950038157,0.00505,0.0138045565583333));
#13405=CARTESIAN_POINT('',(0.007950038157,0.00505,0.0128645565583333));
#13406=CARTESIAN_POINT('',(0.007950038157,-0.00505,0.0128645565583333));
#13407=CARTESIAN_POINT('',(0.007950038157,-0.00505,0.0128645565583333));
#13408=CARTESIAN_POINT('',(0.007950038157,-0.00505,0.0128645565583333));
#13409=CARTESIAN_POINT('',(0.007550038157,0.005165875,0.0091045565583333));
#13410=CARTESIAN_POINT('',(0.007550038157,0.00572499999952499,0.0091045565583333));
#13411=CARTESIAN_POINT('',(0.008050038157,0.00525,0.0091045565583333));
#13412=CARTESIAN_POINT('',(0.007550038157,0.0046,0.0091045565583333));
#13413=CARTESIAN_POINT('',(0.008050038157,0.0046,0.0091045565583333));
#13414=CARTESIAN_POINT('',(0.008050038157,0.0046,0.0091045565583333));
#13415=CARTESIAN_POINT('',(0.004881138157,0.0014,0.00867955655733331));
#13416=CARTESIAN_POINT('',(0.001750038157,0.0014,0.00960455655833331));
#13417=CARTESIAN_POINT('',(0.0027446618124227,0.0014,0.00867955655758352));
#13418=CARTESIAN_POINT('',(0.007550038157,0.0014,0.0091045565583333));
#13419=CARTESIAN_POINT('',(0.008050038157,0.0014,0.00910455655833331));
#13420=CARTESIAN_POINT('',(0.008050038157,0.0014,0.00910455655833331));
#13421=CARTESIAN_POINT('',(0.008050038157,0.0014,0.00867955655766664));
#13422=CARTESIAN_POINT('',(0.008050038157,0.0014,0.00867955655733331));
#13423=CARTESIAN_POINT('',(0.007550038157,0.0011,0.00910455655833331));
#13424=CARTESIAN_POINT('',(0.008050038157,0.0008,0.00910455655833331));
#13425=CARTESIAN_POINT('',(-0.000429961843000001,-0.005975,0.0147745565573333));
#13426=CARTESIAN_POINT('',(-0.005699961844,-0.006065,0.0146745565573333));
#13427=CARTESIAN_POINT('',(-0.00776780104,-0.006132160804,0.0145999334423333));
#13428=CARTESIAN_POINT('',(0.0022473499845,0.0014,0.0091420565578333));
#13429=CARTESIAN_POINT('',(0.002744661812,0.0046,0.00867955655733331));
#13430=CARTESIAN_POINT('',(0.00274466181284541,0.0046,0.00867955655750041));
#13431=CARTESIAN_POINT('',(0.002744661813,0.0014,0.00867955655733331));
#13432=CARTESIAN_POINT('',(0.0076036279955,-0.00551355067,0.0126645565583333));
#13433=CARTESIAN_POINT('',(0.007950038157,0.00505,0.0128645565583333));
#13434=CARTESIAN_POINT('',(0.007257217835,-0.005448172599,0.0124645565583333));
#13435=CARTESIAN_POINT('',(-0.002429961843,0.005949166935,0.0132495565583333));
#13436=CARTESIAN_POINT('',(-0.002922848098,0.00609833387,0.0132495565583333));
#13437=CARTESIAN_POINT('',(-0.002922848098,0.00609833387,0.0132495565583333));
#13438=CARTESIAN_POINT('',(-0.002429961843,0.0058,0.0132495565583333));
#13439=CARTESIAN_POINT('',(-0.002429961843,0.00609833387,0.0132495565583333));
#13440=CARTESIAN_POINT('',(-0.002429961843,0.00609833387,0.0132495565583333));
#13441=CARTESIAN_POINT('',(0.0075500381565,0.005725,0.0087995565583333));
#13442=CARTESIAN_POINT('',(0.008050038157,0.00525,0.0091045565583333));
#13443=CARTESIAN_POINT('',(0.008050038157,0.00525,0.0087995565583333));
#13444=CARTESIAN_POINT('',(0.008050038157,0.00525,0.0087995565583333));
#13445=CARTESIAN_POINT('',(0.004881138157,0.0046,0.00867955655733331));
#13446=CARTESIAN_POINT('',(0.008050038157,0.0046,0.00867955655833331));
#13447=CARTESIAN_POINT('',(0.008050038157,0.0046,0.00867955655833331));
#13448=CARTESIAN_POINT('',(0.008050038157,0.0046,0.0091045565583333));
#13449=CARTESIAN_POINT('',(-0.000429961843000001,-0.0059987999995,0.0114145565583333));
#13450=CARTESIAN_POINT('',(-0.000429961843000001,-0.005799999999,0.0114145565573333));
#13451=CARTESIAN_POINT('',(-0.000429961843000001,-0.0059987999995,0.0134145565583333));
#13452=CARTESIAN_POINT('',(-0.000429961843000001,-0.005799999999,0.0134145565583333));
#13453=CARTESIAN_POINT('',(-0.007374961843,0.00135,0.0106525795113333));
#13454=CARTESIAN_POINT('',(-0.006849961843,0.00135,0.0106525795113333));
#13455=CARTESIAN_POINT('',(-0.006849961843,0.00135,0.0106525795113333));
#13456=CARTESIAN_POINT('',(-0.007899961843,0.00135,0.0106525795113333));
#13457=CARTESIAN_POINT('',(-0.006849961843,0.00135,0.0112045565583333));
#13458=CARTESIAN_POINT('',(-0.007899961843,0.00135,0.0112045565583333));
#13459=CARTESIAN_POINT('',(0.007515038157,-0.0053,0.0124645565583333));
#13460=CARTESIAN_POINT('',(0.00708003815699999,-0.00555000000000001,0.0136545565576722));
#13461=CARTESIAN_POINT('',(0.00708003815699998,-0.00555000000000001,0.0132578898912259));
#13462=CARTESIAN_POINT('',(0.00708003815699997,-0.00555000000000002,0.0128612232247796));
#13463=CARTESIAN_POINT('',(0.00708003815699996,-0.00555000000000003,0.0124645565583333));
#13464=CARTESIAN_POINT('',(-0.008008806834,0.001458844991,0.00990455655833331));
#13465=CARTESIAN_POINT('',(-0.008199961843,0.00165,0.00990455655833331));
#13466=CARTESIAN_POINT('',(-0.007899961843,0.00135,0.0103872495283333));
#13467=CARTESIAN_POINT('',(-0.00789996184258347,0.00134999999958347,0.0103872495288333));
#13468=CARTESIAN_POINT('',(-0.00789996184263682,0.00134999999963682,0.0103872495290302));
#13469=CARTESIAN_POINT('',(-0.00785447152571376,0.00130450968271376,0.0104119066004852));
#13470=CARTESIAN_POINT('',(-0.00782065035534237,0.00127068851234237,0.0104583868404693));
#13471=CARTESIAN_POINT('',(-0.0078199618432,0.0012700000002,0.0105199145197333));
#13472=CARTESIAN_POINT('',(-0.0078199618432,0.0012700000002,0.0105199145197333));
#13473=CARTESIAN_POINT('',(-0.0078199618432,0.0012700000002,0.0105199145197333));
#13474=CARTESIAN_POINT('',(-0.00782005451169116,0.00127009266869116,0.0105281994338479));
#13475=CARTESIAN_POINT('',(-0.0078207275985308,0.0012707657555308,0.0105363931308061));
#13476=CARTESIAN_POINT('',(-0.00782333846935744,0.00127337662635744,0.0105524586891613));
#13477=CARTESIAN_POINT('',(-0.00782523432238997,0.00127527247938997,0.010560157731202));
#13478=CARTESIAN_POINT('',(-0.00783350626384023,0.00128354442084023,0.0105849853495571));
#13479=CARTESIAN_POINT('',(-0.00784180974275102,0.00129184789975104,0.0105988138632751));
#13480=CARTESIAN_POINT('',(-0.0078640951441997,0.00131413330119973,0.01062869293419));
#13481=CARTESIAN_POINT('',(-0.00788147587304184,0.00133151403004184,0.0106425594583445));
#13482=CARTESIAN_POINT('',(-0.00789996184285822,0.00134999999985822,0.0106525795118564));
#13483=CARTESIAN_POINT('',(-0.001179961842,-0.006,0.0114145565573333));
#13484=CARTESIAN_POINT('',(-0.0080087439985,0.0005412178445,0.00990455655833331));
#13485=CARTESIAN_POINT('',(-0.007899961843,0.00065,0.0103872495283333));
#13486=CARTESIAN_POINT('',(-0.00789996184297958,0.000650000000020429,0.0103872495288333));
#13487=CARTESIAN_POINT('',(-0.007899961843,0.00065,0.0112045565583333));
#13488=CARTESIAN_POINT('',(-0.007899961843,0.00065,0.0106525795113333));
#13489=CARTESIAN_POINT('',(-0.007969961843,0.00058,0.0105199145203333));
#13490=CARTESIAN_POINT('',(-0.007374961843,0.00065,0.0106525795113333));
#13491=CARTESIAN_POINT('',(-0.006849961843,0.00065,0.0112045565583333));
#13492=CARTESIAN_POINT('',(-0.006849961843,0.00065,0.0106525795113333));
#13493=CARTESIAN_POINT('',(-0.006849961843,0.00065,0.0106525795113333));
#13494=CARTESIAN_POINT('',(-0.008199961843,0.00225,0.00990455655833331));
#13495=CARTESIAN_POINT('',(-0.008199961843,0.00285,0.0112045565583333));
#13496=CARTESIAN_POINT('',(0.007550038157,-0.0011,0.0091045565583333));
#13497=CARTESIAN_POINT('',(0.007550038157,-0.0008,0.0096045565583333));
#13498=CARTESIAN_POINT('',(0.007550038157,-0.00140000008166838,0.0096045565583333));
#13499=CARTESIAN_POINT('',(0.007550038157,-0.0014,0.0091045565583333));
#13500=CARTESIAN_POINT('',(0.008050038157,-0.0014,0.0091045565583333));
#13501=CARTESIAN_POINT('',(0.008050038157,-0.0014,0.0091045565583333));
#13502=CARTESIAN_POINT('',(-0.0026764049705,0.00609833387,0.0116795565583333));
#13503=CARTESIAN_POINT('',(-0.002429961843,0.00609833387,0.0132495565583333));
#13504=CARTESIAN_POINT('',(-0.002429961843,0.00609833387,0.0116795565583333));
#13505=CARTESIAN_POINT('',(-0.002429961843,0.00609833387,0.0116795565583333));
#13506=CARTESIAN_POINT('',(-0.002922848098,0.00609833387,0.0116795565583333));
#13507=CARTESIAN_POINT('',(-0.002922848098,0.00609833387,0.0116795565583333));
#13508=CARTESIAN_POINT('',(-0.005699961843,0.005535695,0.0146745565573333));
#13509=CARTESIAN_POINT('',(-0.005699961843,0.006065,0.0146745565573333));
#13510=CARTESIAN_POINT('',(-0.006849961843,0.0035,0.00990455655833331));
#13511=CARTESIAN_POINT('',(-0.006849961843,0.00315,0.0103872495283333));
#13512=CARTESIAN_POINT('',(-0.006849961843,0.00315000000001182,0.0103872495287253));
#13513=CARTESIAN_POINT('',(-0.006849961843,0.00308,0.0105199145203333));
#13514=CARTESIAN_POINT('',(-0.006849961843,0.00315,0.0106525795113333));
#13515=CARTESIAN_POINT('',(-0.006849961843,0.00315,0.0112045565583333));
#13516=CARTESIAN_POINT('',(-0.006849961843,0.00385,0.0112045565583333));
#13517=CARTESIAN_POINT('',(-0.006849961843,0.00385,0.0106525795113333));
#13518=CARTESIAN_POINT('',(-0.006849961843,0.00392,0.0105199145203333));
#13519=CARTESIAN_POINT('',(-0.006849961843,0.00385,0.0103872495283333));
#13520=CARTESIAN_POINT('',(-0.006849961843,0.00385,0.0103872495283333));
#13521=CARTESIAN_POINT('',(-0.007949961843,0.005,0.0143995565583333));
#13522=CARTESIAN_POINT('',(-0.007699961843,0.006065,0.0146745565583333));
#13523=CARTESIAN_POINT('',(-0.002429961843,0.006,0.0114145565583333));
#13524=CARTESIAN_POINT('',(-0.002429961843,0.0058,0.0116795565583333));
#13525=CARTESIAN_POINT('',(-0.002429961843,0.0058,0.0134145565573333));
#13526=CARTESIAN_POINT('',(-0.002429961843,0.0062,0.0114145565583333));
#13527=CARTESIAN_POINT('',(-0.007374961843,0.00385,0.0106525795113333));
#13528=CARTESIAN_POINT('',(-0.006849961843,0.00385,0.0106525795113333));
#13529=CARTESIAN_POINT('',(-0.007899961843,0.00385,0.0106525795113333));
#13530=CARTESIAN_POINT('',(-0.007899961843,0.00385,0.0112045565573333));
#13531=CARTESIAN_POINT('',(0.0075500381565,-0.005725,0.0087995565583333));
#13532=CARTESIAN_POINT('',(0.00708565640441446,-0.0061661626640401,0.00960455655833331));
#13533=CARTESIAN_POINT('',(0.007550038157,-0.005725,0.00960455655833331));
#13534=CARTESIAN_POINT('',(0.007050038156,-0.0062,0.0087995565583333));
#13535=CARTESIAN_POINT('',(0.008050038157,-0.00525,0.0087995565583333));
#13536=CARTESIAN_POINT('',(0.008050038157,-0.00525,0.0091045565583333));
#13537=CARTESIAN_POINT('',(0.008050038157,-0.00524999999993725,0.0091045565583333));
#13538=CARTESIAN_POINT('',(0.007550038157,-0.00572499999952501,0.0091045565583333));
#13539=CARTESIAN_POINT('',(0.004881138157,-0.0014,0.0086795565573333));
#13540=CARTESIAN_POINT('',(0.002744661812,-0.0014,0.0086795565573333));
#13541=CARTESIAN_POINT('',(0.00274466181251877,-0.0014,0.00867955655781585));
#13542=CARTESIAN_POINT('',(0.001750038157,-0.00140000008166838,0.0096045565583333));
#13543=CARTESIAN_POINT('',(0.008050038157,-0.0014,0.0086795565583333));
#13544=CARTESIAN_POINT('',(0.008050038157,-0.0014,0.0086795565583333));
#13545=CARTESIAN_POINT('',(0.008050038157,-0.0014,0.0091045565583333));
#13546=CARTESIAN_POINT('',(0.001750038157,-0.001400000164,0.0096045565583333));
#13547=CARTESIAN_POINT('',(-0.007374961843,0.00385,0.00990455655833331));
#13548=CARTESIAN_POINT('',(-0.007899961843,0.00385,0.0103872495283333));
#13549=CARTESIAN_POINT('',(-0.0078999618426955,0.00385000000009025,0.0103872495286715));
#13550=CARTESIAN_POINT('',(-0.007899961843,0.00385,0.00990455655833331));
#13551=CARTESIAN_POINT('',(0.007550038157,-0.005165875,0.0091045565583333));
#13552=CARTESIAN_POINT('',(0.007550038157,-0.0046,0.0091045565583333));
#13553=CARTESIAN_POINT('',(0.008050038157,-0.0046,0.0091045565583333));
#13554=CARTESIAN_POINT('',(0.00755003815689745,-0.0046,0.00960455655833331));
#13555=CARTESIAN_POINT('',(0.007550038157,-0.0046,0.00960455655833331));
#13556=CARTESIAN_POINT('',(0.008050038157,-0.00525,0.0091045565583333));
#13557=CARTESIAN_POINT('',(-0.008008743993,0.0030412178505,0.00990455655833331));
#13558=CARTESIAN_POINT('',(-0.007899961843,0.00315,0.00990455655833331));
#13559=CARTESIAN_POINT('',(-0.007899961843,0.00315,0.0103872495283333));
#13560=CARTESIAN_POINT('',(-0.007899961843,0.00315,0.0106525795113333));
#13561=CARTESIAN_POINT('',(-0.007899961843,0.00315,0.0106525795113333));
#13562=CARTESIAN_POINT('',(-0.00796996184360141,0.00308,0.0105199145203333));
#13563=CARTESIAN_POINT('',(-0.00737496184292866,0.00135,0.0101459030435505));
#13564=CARTESIAN_POINT('',(-0.006849961843,0.00135,0.0103872495283333));
#13565=CARTESIAN_POINT('',(-0.006849961843,0.00135,0.0103872495288333));
#13566=CARTESIAN_POINT('',(-0.006849961843,0.00135,0.0103872495288333));
#13567=CARTESIAN_POINT('',(-0.007374961843,0.00315,0.0106525795113333));
#13568=CARTESIAN_POINT('',(-0.006849961843,0.00315,0.0106525795113333));
#13569=CARTESIAN_POINT('',(-0.007374961843,0.00065,0.00990455655833331));
#13570=CARTESIAN_POINT('',(-0.006849961843,0.00065,0.0103872495283333));
#13571=CARTESIAN_POINT('',(-0.006849961843,0.000650000000011822,0.0103872495287253));
#13572=CARTESIAN_POINT('',(-0.006849961843,0.00065,0.0103872495283333));
#13573=CARTESIAN_POINT('',(0.003325038157,0.00555,0.0124645565583333));
#13574=CARTESIAN_POINT('',(0.007080038157,0.00555,0.0136545565573333));
#13575=CARTESIAN_POINT('',(-0.007378111843,0.00058,0.0105199145203333));
#13576=CARTESIAN_POINT('',(-0.007284961845,0.0007,0.0106099145203333));
#13577=CARTESIAN_POINT('',(-0.007284961845,0.0007,0.0106099145203333));
#13578=CARTESIAN_POINT('',(-0.007034961844732,0.000699999999838315,0.0106099145205489));
#13579=CARTESIAN_POINT('',(-0.007284961845,0.000580000000161688,0.0105199145201177));
#13580=CARTESIAN_POINT('',(-0.007284961845268,0.000700000000161683,0.0104299145191177));
#13581=CARTESIAN_POINT('',(-0.007284961845268,0.000700000000161683,0.0104299145191177));
#13582=CARTESIAN_POINT('',(-0.007034961845,0.0007,0.0104299145193333));
#13583=CARTESIAN_POINT('',(-0.007034961844732,0.00058,0.0105199145203333));
#13584=CARTESIAN_POINT('',(-0.006849961843,0.00058,0.0105199145203333));
#13585=CARTESIAN_POINT('',(-0.002922848098,0.005949166935,0.0116795565583333));
#13586=CARTESIAN_POINT('',(-0.002922848098,0.00609833387,0.0116795565583333));
#13587=CARTESIAN_POINT('',(-0.0080088068245,0.003958844981,0.00990455655733331));
#13588=CARTESIAN_POINT('',(-0.0079699618436016,0.00392,0.0105199145203333));
#13589=CARTESIAN_POINT('',(-0.006849961843,0.001,0.00990455655833331));
#13590=CARTESIAN_POINT('',(-0.006849961843,0.00134999999974863,0.0106525795117971));
#13591=CARTESIAN_POINT('',(-0.006849961843,0.00133767014394266,0.0106458962911484));
#13592=CARTESIAN_POINT('',(-0.006849961843,0.0013266291393634,0.0106379308503109));
#13593=CARTESIAN_POINT('',(-0.006849961843,0.00131689411451568,0.0106287113126942));
#13594=CARTESIAN_POINT('',(-0.006849961843,0.00131202660209182,0.0106241015438858));
#13595=CARTESIAN_POINT('',(-0.006849961843,0.00130748520134912,0.0106191786321626));
#13596=CARTESIAN_POINT('',(-0.006849961843,0.00130326976411943,0.010613948370404));
#13597=CARTESIAN_POINT('',(-0.006849961843,0.00130070822992217,0.0106107701723606));
#13598=CARTESIAN_POINT('',(-0.006849961843,0.00129826702668634,0.0106074785161443));
#13599=CARTESIAN_POINT('',(-0.006849961843,0.00129594584805299,0.0106040749732355));
#13600=CARTESIAN_POINT('',(-0.006849961843,0.00129444713513922,0.0106018774113431));
#13601=CARTESIAN_POINT('',(-0.006849961843,0.00129299877856888,0.0105996337403213));
#13602=CARTESIAN_POINT('',(-0.006849961843,0.0012915996629,0.0105973428083333));
#13603=CARTESIAN_POINT('',(-0.006849961843,0.00128644011354988,0.0105888944883553));
#13604=CARTESIAN_POINT('',(-0.006849961843,0.00128215398666963,0.010579985587057));
#13605=CARTESIAN_POINT('',(-0.006849961843,0.00127880964704948,0.0105706575043491));
#13606=CARTESIAN_POINT('',(-0.006849961843,0.00127547581659566,0.010561358733967));
#13607=CARTESIAN_POINT('',(-0.006849961843,0.00127307790253461,0.0105516433969829));
#13608=CARTESIAN_POINT('',(-0.006849961843,0.00127163539982059,0.0105415718092871));
#13609=CARTESIAN_POINT('',(-0.006849961843,0.0012706251536574,0.0105345182469415));
#13610=CARTESIAN_POINT('',(-0.006849961843,0.00127008250048726,0.0105272903579049));
#13611=CARTESIAN_POINT('',(-0.006849961843,0.0012700000002,0.0105199145197333));
#13612=CARTESIAN_POINT('',(-0.006849961843,0.0012700000002,0.0105199145197333));
#13613=CARTESIAN_POINT('',(-0.006849961843,0.0012700000002,0.0105199145197333));
#13614=CARTESIAN_POINT('',(-0.006849961843,0.00127007476026015,0.0105132337181618));
#13615=CARTESIAN_POINT('',(-0.006849961843,0.00127054350616612,0.0105065957624233));
#13616=CARTESIAN_POINT('',(-0.006849961843,0.00127143353396382,0.0105000100883533));
#13617=CARTESIAN_POINT('',(-0.006849961843,0.00127208607386562,0.0104951816828562));
#13618=CARTESIAN_POINT('',(-0.006849961843,0.00127296510491244,0.010490381402655));
#13619=CARTESIAN_POINT('',(-0.006849961843,0.00127408201863906,0.0104856133624902));
#13620=CARTESIAN_POINT('',(-0.006849961843,0.00127461383764511,0.0104833430578813));
#13621=CARTESIAN_POINT('',(-0.006849961843,0.00127519775112313,0.0104810882615959));
#13622=CARTESIAN_POINT('',(-0.006849961843,0.00127583246800075,0.0104788533830706));
#13623=CARTESIAN_POINT('',(-0.006849961843,0.00127757584223778,0.0104727148514178));
#13624=CARTESIAN_POINT('',(-0.006849961843,0.00127970490084337,0.0104667158117191));
#13625=CARTESIAN_POINT('',(-0.006849961843,0.00128221515064524,0.0104608557733097));
#13626=CARTESIAN_POINT('',(-0.006849961843,0.0012828427130957,0.0104593907637074));
#13627=CARTESIAN_POINT('',(-0.006849961843,0.00128349410610178,0.0104579344434266));
#13628=CARTESIAN_POINT('',(-0.006849961843,0.00128416927162279,0.0104564868083257));
#13629=CARTESIAN_POINT('',(-0.006849961843,0.00128462063769556,0.0104555190258338));
#13630=CARTESIAN_POINT('',(-0.006849961843,0.00128508262846452,0.0104545551250193));
#13631=CARTESIAN_POINT('',(-0.006849961843,0.0012855552277912,0.0104535951050053));
#13632=CARTESIAN_POINT('',(-0.006849961843,0.00128587578046637,0.0104529439466851));
#13633=CARTESIAN_POINT('',(-0.006849961843,0.0012861996003944,0.010452297572511));
#13634=CARTESIAN_POINT('',(-0.006849961843,0.00128653858840556,0.0104516331351952));
#13635=CARTESIAN_POINT('',(-0.006849961843,0.00128794257014936,0.0104488812447727));
#13636=CARTESIAN_POINT('',(-0.006849961843,0.00128956881084977,0.0104458972600127));
#13637=CARTESIAN_POINT('',(-0.006849961843,0.00129146624336666,0.0104427103247));
#13638=CARTESIAN_POINT('',(-0.006849961843,0.00129419693909136,0.0104381238371407));
#13639=CARTESIAN_POINT('',(-0.006849961843,0.00129744119638263,0.0104332178117438));
#13640=CARTESIAN_POINT('',(-0.006849961843,0.00130133450602501,0.0104281550872906));
#13641=CARTESIAN_POINT('',(-0.006849961843,0.0013042544882568,0.0104243580439508));
#13642=CARTESIAN_POINT('',(-0.006849961843,0.00130754004736387,0.0104204732371338));
#13643=CARTESIAN_POINT('',(-0.006849961843,0.0013112548359497,0.0104165734628801));
#13644=CARTESIAN_POINT('',(-0.006849961843,0.0013121170053969,0.0104156683599018));
#13645=CARTESIAN_POINT('',(-0.006849961843,0.00131300540389713,0.0104147595762488));
#13646=CARTESIAN_POINT('',(-0.006849961843,0.00131390067851976,0.0104138675750538));
#13647=CARTESIAN_POINT('',(-0.006849961843,0.00132457768575011,0.010403229606583));
#13648=CARTESIAN_POINT('',(-0.006849961843,0.00133672698579153,0.010394443887547));
#13649=CARTESIAN_POINT('',(-0.006849961843,0.00135,0.0103872495288333));
#13650=CARTESIAN_POINT('',(-0.005699961843,0.0055325,0.0146745565583333));
#13651=CARTESIAN_POINT('',(0.004881138157,-0.0046,0.0086795565573333));
#13652=CARTESIAN_POINT('',(0.001750038157,-0.0046,0.00960455655833331));
#13653=CARTESIAN_POINT('',(0.001750038157,-0.0046,0.00960455655833331));
#13654=CARTESIAN_POINT('',(0.0027446618124227,-0.0046,0.00867955655758352));
#13655=CARTESIAN_POINT('',(0.001750038157,-0.0046,0.00960455655833331));
#13656=CARTESIAN_POINT('',(0.008050038157,-0.0046,0.0091045565583333));
#13657=CARTESIAN_POINT('',(0.008050038157,-0.0046,0.0086795565578333));
#13658=CARTESIAN_POINT('',(0.002744661813,-0.0046,0.0086795565573333));
#13659=CARTESIAN_POINT('',(-0.007378111843,0.00308,0.0105199145203333));
#13660=CARTESIAN_POINT('',(-0.007284961845,0.0032,0.0106099145203333));
#13661=CARTESIAN_POINT('',(-0.007284961845,0.0032,0.0106099145203333));
#13662=CARTESIAN_POINT('',(-0.007034961844732,0.00319999999983832,0.0106099145205489));
#13663=CARTESIAN_POINT('',(-0.007284961845,0.00308000000016169,0.0105199145201177));
#13664=CARTESIAN_POINT('',(-0.007284961845268,0.00320000000016168,0.0104299145191177));
#13665=CARTESIAN_POINT('',(-0.007284961845268,0.00320000000016168,0.0104299145191177));
#13666=CARTESIAN_POINT('',(-0.007034961845,0.0032,0.0104299145193333));
#13667=CARTESIAN_POINT('',(-0.007034961844732,0.00308,0.0105199145203333));
#13668=CARTESIAN_POINT('',(-0.006849961843,0.00315,0.0103872495283333));
#13669=CARTESIAN_POINT('',(-0.000459987341108133,-0.00555000255486016,0.0136697941691815));
#13670=CARTESIAN_POINT('',(-0.000460266463098065,-0.00554998764626939,0.0134681282859446));
#13671=CARTESIAN_POINT('',(-0.000460545584731793,-0.00554999893717943,0.0132664623986127));
#13672=CARTESIAN_POINT('',(-0.000460964267433801,-0.00554999737961431,0.0129639635705115));
#13673=CARTESIAN_POINT('',(-0.000461103828319044,-0.00554999799511276,0.012863130627641));
#13674=CARTESIAN_POINT('',(-0.000461313169676631,-0.00554999673287734,0.0127118812136662));
#13675=CARTESIAN_POINT('',(-0.000461382950157542,-0.00554999422547129,0.0126614647426559));
#13676=CARTESIAN_POINT('',(-0.000461487620784462,-0.00554999740750789,0.0125858400350954));
#13677=CARTESIAN_POINT('',(-0.00046152251097644,-0.00554999971760268,0.0125606317990539));
#13678=CARTESIAN_POINT('',(-0.000461592291395759,-0.00555000173824703,0.0125102153273627));
#13679=CARTESIAN_POINT('',(-0.000461627181628056,-0.00555000108255227,0.0124850070917681));
#13680=CARTESIAN_POINT('',(-0.000461662071925412,-0.00554999564800978,0.0124597988568937));
#13681=CARTESIAN_POINT('',(0.000170989802180293,-0.00554995632180513,0.0136689208505395));
#13682=CARTESIAN_POINT('',(0.00017071068078563,-0.0055499845075089,0.0134672549629038));
#13683=CARTESIAN_POINT('',(0.000170431559385962,-0.00555001367366794,0.0132655890708056));
#13684=CARTESIAN_POINT('',(0.00017001287716539,-0.00555004749598388,0.0129630902373474));
#13685=CARTESIAN_POINT('',(0.000169873316421183,-0.00555005849267445,0.0128622572928882));
#13686=CARTESIAN_POINT('',(0.000169663975087076,-0.00555005894768889,0.0127110078785847));
#13687=CARTESIAN_POINT('',(0.000169594194477898,-0.00555004701106384,0.0126605914089689));
#13688=CARTESIAN_POINT('',(0.000169489523910081,-0.00555005452853064,0.0125849667006962));
#13689=CARTESIAN_POINT('',(0.00016945463379343,-0.005550062376943,0.0125597584637972));
#13690=CARTESIAN_POINT('',(0.00016938485356284,-0.00555007827645294,0.0125093419899591));
#13691=CARTESIAN_POINT('',(0.000169349963434079,-0.00555008515046291,0.012484133753159));
#13692=CARTESIAN_POINT('',(0.00016931507318633,-0.00555008344217948,0.0124589255177348));
#13693=CARTESIAN_POINT('',(0.000801966946640164,-0.00554999619215433,0.0136680475184355));
#13694=CARTESIAN_POINT('',(0.000801687825592539,-0.00555005055648188,0.0134663816250998));
#13695=CARTESIAN_POINT('',(0.000801408705261917,-0.00555015763138944,0.0132647157238265));
#13696=CARTESIAN_POINT('',(0.000800990023396696,-0.00555021758777782,0.0129622168865019));
#13697=CARTESIAN_POINT('',(0.000800850462543405,-0.00555022055345724,0.0128613839432023));
#13698=CARTESIAN_POINT('',(0.000800641120609717,-0.00555017694155313,0.0127101345353845));
#13699=CARTESIAN_POINT('',(0.000800571339856213,-0.00555015439638106,0.012659718067301));
#13700=CARTESIAN_POINT('',(0.000800466668525268,-0.0055501058266861,0.0125840933673748));
#13701=CARTESIAN_POINT('',(0.000800431778048184,-0.00555008717844598,0.0125588851344324));
#13702=CARTESIAN_POINT('',(0.000800361997021458,-0.00555004454815707,0.0125084686693435));
#13703=CARTESIAN_POINT('',(0.000800327106471598,-0.00555002056120911,0.0124832604371962));
#13704=CARTESIAN_POINT('',(0.000800292215883751,-0.00554999375931701,0.0124580522054719));
#13705=CARTESIAN_POINT('',(0.00174843266249279,-0.00554999446363938,0.0136667375299626));
#13706=CARTESIAN_POINT('',(0.00174815354191422,-0.00555008328974398,0.0134650716308656));
#13707=CARTESIAN_POINT('',(0.00174787442313591,-0.00555030449377357,0.0132634057133434));
#13708=CARTESIAN_POINT('',(0.00174745574221997,-0.00555043422218088,0.0129609068665977));
#13709=CARTESIAN_POINT('',(0.0017473161814369,-0.00555044234663344,0.0128600739227915));
#13710=CARTESIAN_POINT('',(0.00174710683889802,-0.00555035424845314,0.0127088245214844));
#13711=CARTESIAN_POINT('',(0.00174703705782555,-0.005550308257101,0.0126584080567702));
#13712=CARTESIAN_POINT('',(0.00174693238581316,-0.00555020959666622,0.0125827833639633));
#13713=CARTESIAN_POINT('',(0.0017468974950752,-0.0055501717729104,0.0125575751337372));
#13714=CARTESIAN_POINT('',(0.00174682771345683,-0.00555008565475811,0.0125071586747926));
#13715=CARTESIAN_POINT('',(0.00174679282257639,-0.00555003735052139,0.0124819504460765));
#13716=CARTESIAN_POINT('',(0.0017467579316228,-0.0055499836833138,0.0124567422181322));
#13717=CARTESIAN_POINT('',(0.00206392123444055,-0.0055499936573141,0.0136663008671722));
#13718=CARTESIAN_POINT('',(0.00206364211411803,-0.00555010136235461,0.0134646349651152));
#13719=CARTESIAN_POINT('',(0.00206336299641228,-0.00555040133630233,0.0132629690376709));
#13720=CARTESIAN_POINT('',(0.00206294431594377,-0.00555056394833505,0.012960470186756));
#13721=CARTESIAN_POINT('',(0.00206280475510616,-0.0055505680648254,0.0128596372433883));
#13722=CARTESIAN_POINT('',(0.00206259541212672,-0.00555044759026791,0.0127083878461468));
#13723=CARTESIAN_POINT('',(0.00206252563085179,-0.0055503867190189,0.0126579713833289));
#13724=CARTESIAN_POINT('',(0.00206242095846159,-0.00555026029041803,0.0125823466941534));
#13725=CARTESIAN_POINT('',(0.00206238606758498,-0.00555021227675091,0.0125571384652702));
#13726=CARTESIAN_POINT('',(0.00206231628566782,-0.00555010419742345,0.0125067220092641));
#13727=CARTESIAN_POINT('',(0.00206228139462751,-0.00555004414771574,0.0124815137821409));
#13728=CARTESIAN_POINT('',(0.00206224650350632,-0.00554997815676645,0.012456305555908));
#13729=CARTESIAN_POINT('',(0.00253715409243934,-0.0055499981189116,0.0136656458723659));
#13730=CARTESIAN_POINT('',(0.00253687497106311,-0.00555002844632937,0.0134639799773706));
#13731=CARTESIAN_POINT('',(0.00253659585343252,-0.00555033400034405,0.0132623140416802));
#13732=CARTESIAN_POINT('',(0.00253617717456474,-0.00555061426414227,0.0129598151749407));
#13733=CARTESIAN_POINT('',(0.00253603761445568,-0.00555067190683031,0.0128589822262568));
#13734=CARTESIAN_POINT('',(0.00253582827178021,-0.00555057372924446,0.0127077328297866));
#13735=CARTESIAN_POINT('',(0.00253575849046438,-0.00555050983641536,0.01265731636873));
#13736=CARTESIAN_POINT('',(0.00253565381766836,-0.00555035356127964,0.0125816916853266));
#13737=CARTESIAN_POINT('',(0.00253561892660018,-0.0055502914610099,0.0125564834588822));
#13738=CARTESIAN_POINT('',(0.00253554914417166,-0.00555014578660605,0.0125060670088617));
#13739=CARTESIAN_POINT('',(0.00253551425281084,-0.00555006218283814,0.0124808587852874));
#13740=CARTESIAN_POINT('',(0.0025354793613008,-0.00554996760090644,0.0124556505631692));
#13741=CARTESIAN_POINT('',(0.00269489837845462,-0.00555000075855849,0.0136654275406603));
#13742=CARTESIAN_POINT('',(0.0026946192564362,-0.00554998394542729,0.013463761649993));
#13743=CARTESIAN_POINT('',(0.00269434013865147,-0.00555027820159103,0.0132620957099693));
#13744=CARTESIAN_POINT('',(0.00269392146089986,-0.00555064045358757,0.0129595968363596));
#13745=CARTESIAN_POINT('',(0.00269378190141573,-0.0055507439686451,0.0128587638865956));
#13746=CARTESIAN_POINT('',(0.00269357255784388,-0.00555057996332735,0.012707514494268));
#13747=CARTESIAN_POINT('',(0.00269350277547472,-0.0055504387305805,0.0126570980368574));
#13748=CARTESIAN_POINT('',(0.00269339810267076,-0.00555028186394406,0.0125814733541168));
#13749=CARTESIAN_POINT('',(0.00269336321224621,-0.00555026701911989,0.0125562651257686));
#13750=CARTESIAN_POINT('',(0.00269329343164833,-0.00555025574625964,0.0125058486705196));
#13751=CARTESIAN_POINT('',(0.00269325854122183,-0.00555024073697292,0.0124806404445096));
#13752=CARTESIAN_POINT('',(0.00269322364926232,-0.00555011313859044,0.0124554322251155));
#13753=CARTESIAN_POINT('',(0.0030103869505548,-0.00555001115466677,0.013664990876504));
#13754=CARTESIAN_POINT('',(0.0030101078258297,-0.00554979544255339,0.0134633250093457));
#13755=CARTESIAN_POINT('',(0.00300982870345143,-0.00554975226381466,0.0132616590985445));
#13756=CARTESIAN_POINT('',(0.00300941002666391,-0.00555018544960682,0.0129591602088212));
#13757=CARTESIAN_POINT('',(0.00300927046927978,-0.00555044325828531,0.0128583272431158));
#13758=CARTESIAN_POINT('',(0.00300906112791838,-0.00555044165690343,0.012707077834227));
#13759=CARTESIAN_POINT('',(0.00300899134560723,-0.00555030470948853,0.0126566613743438));
#13760=CARTESIAN_POINT('',(0.00300888667257443,-0.00555013104270952,0.0125810366922848));
#13761=CARTESIAN_POINT('',(0.00300885178232176,-0.00555012881179364,0.0125558284638464));
#13762=CARTESIAN_POINT('',(0.0030087820024473,-0.00555017062936267,0.0125054120084181));
#13763=CARTESIAN_POINT('',(0.00300874711242394,-0.00555018519088863,0.0124802037828418));
#13764=CARTESIAN_POINT('',(0.00300871221997112,-0.00555002134957744,0.0124549955677428));
#13765=CARTESIAN_POINT('',(0.00316813123664537,-0.00555001932814816,0.0136647725439732));
#13766=CARTESIAN_POINT('',(0.00316785210971233,-0.00554964128854716,0.0134631066975864));
#13767=CARTESIAN_POINT('',(0.00316757298209611,-0.00554921330732991,0.0132614408278089));
#13768=CARTESIAN_POINT('',(0.00316715430505292,-0.00554962792804842,0.0129589419211709));
#13769=CARTESIAN_POINT('',(0.00316701474934502,-0.00555000900371526,0.0128581089330673));
#13770=CARTESIAN_POINT('',(0.00316680541373842,-0.00555043005785432,0.0127068594948206));
#13771=CARTESIAN_POINT('',(0.00316673563463697,-0.00555052878055933,0.0126564430239305));
#13772=CARTESIAN_POINT('',(0.00316663096004644,-0.00555024070420657,0.01258081835014));
#13773=CARTESIAN_POINT('',(0.00316659606732548,-0.00555005722322469,0.0125556101316176));
#13774=CARTESIAN_POINT('',(0.00316652628130804,-0.00554964795881491,0.012505193700386));
#13775=CARTESIAN_POINT('',(0.00316649138828884,-0.00554944253649832,0.0124799854867025));
#13776=CARTESIAN_POINT('',(0.00316645649649595,-0.00554932713386688,0.0124547772705766));
#13777=CARTESIAN_POINT('',(0.00340474766578059,-0.00555003154636202,0.013664445044806));
#13778=CARTESIAN_POINT('',(0.00340446853532871,-0.0055493947924793,0.0134627792396132));
#13779=CARTESIAN_POINT('',(0.00340418939865799,-0.00554830115618552,0.0132611134739971));
#13780=CARTESIAN_POINT('',(0.00340377071193846,-0.00554800495194157,0.0129586146302409));
#13781=CARTESIAN_POINT('',(0.00340363115346887,-0.00554818339278659,0.0128577816394149));
#13782=CARTESIAN_POINT('',(0.00340342182475152,-0.005549110955392,0.0127065321195612));
#13783=CARTESIAN_POINT('',(0.00340335205015824,-0.00554954096528969,0.0126561156092234));
#13784=CARTESIAN_POINT('',(0.00340324738754774,-0.00555013280674257,0.0125804908691542));
#13785=CARTESIAN_POINT('',(0.00340321249983004,-0.00555031676326654,0.0125552826269255));
#13786=CARTESIAN_POINT('',(0.00340314272167633,-0.00555048497369465,0.0125048661614792));
#13787=CARTESIAN_POINT('',(0.00340310783108958,-0.00555045817024678,0.0124796579387759));
#13788=CARTESIAN_POINT('',(0.00340307293829699,-0.005550269324655,0.0124544497287123));
#13789=CARTESIAN_POINT('',(0.00348361980882352,-0.00555003546212178,0.0136643358783676));
#13790=CARTESIAN_POINT('',(0.00348334067720944,-0.0055493132928537,0.0134626700882935));
#13791=CARTESIAN_POINT('',(0.00348306153756983,-0.00554800126487493,0.0132610043636925));
#13792=CARTESIAN_POINT('',(0.00348264284565562,-0.00554732337153055,0.0129585055613788));
#13793=CARTESIAN_POINT('',(0.0034825032842535,-0.00554728648118165,0.0128576725815961));
#13794=CARTESIAN_POINT('',(0.00348229396012892,-0.00554855180765844,0.0127064229990384));
#13795=CARTESIAN_POINT('',(0.00348222418938843,-0.00554926502517528,0.0126560064479415));
#13796=CARTESIAN_POINT('',(0.00348211953848584,-0.00555071624614388,0.0125803816908671));
#13797=CARTESIAN_POINT('',(0.0034820846557044,-0.00555126237890857,0.0125551734547143));
#13798=CARTESIAN_POINT('',(0.0034820148784045,-0.00555149287761493,0.0125047570209144));
#13799=CARTESIAN_POINT('',(0.00348197998183448,-0.00555102670244379,0.0124795488226353));
#13800=CARTESIAN_POINT('',(0.00348194509084757,-0.00555097045010967,0.0124543406059975));
#13801=CARTESIAN_POINT('',(0.00360192802336247,-0.00555003946711093,0.0136641721288795));
#13802=CARTESIAN_POINT('',(0.00360164889045107,-0.00554922191031197,0.0134625063588615));
#13803=CARTESIAN_POINT('',(0.00360136974803004,-0.00554770517123105,0.0132608406817801));
#13804=CARTESIAN_POINT('',(0.00360095104778829,-0.00554641500679991,0.0129583419797082));
#13805=CARTESIAN_POINT('',(0.00360081148164959,-0.00554602991406364,0.0128575090525943));
#13806=CARTESIAN_POINT('',(0.00360060215357452,-0.00554700531410356,0.0127062594716718));
#13807=CARTESIAN_POINT('',(0.00360053238158785,-0.00554762730008868,0.0126558429015774));
#13808=CARTESIAN_POINT('',(0.00360042774210039,-0.00554991767996381,0.0125802180180878));
#13809=CARTESIAN_POINT('',(0.00360039286706174,-0.0055510327366507,0.0125550097195593));
#13810=CARTESIAN_POINT('',(0.00360032311051929,-0.00555278783468623,0.012504593171936));
#13811=CARTESIAN_POINT('',(0.00360028822635328,-0.00555323245145597,0.0124793849280143));
#13812=CARTESIAN_POINT('',(0.00360025333137971,-0.0055528834576998,0.012454176727237));
#13813=CARTESIAN_POINT('',(0.00364136409487116,-0.00555004048690116,0.0136641175457473));
#13814=CARTESIAN_POINT('',(0.00364108496160307,-0.00554919665868799,0.0134624517819448));
#13815=CARTESIAN_POINT('',(0.00364080581853057,-0.00554763198259,0.0132607861181864));
#13816=CARTESIAN_POINT('',(0.00364038711548963,-0.00554613594731491,0.0129582874553249));
#13817=CARTESIAN_POINT('',(0.00364024754790472,-0.00554564446167137,0.0128574545509401));
#13818=CARTESIAN_POINT('',(0.00364003821609367,-0.00554634543850124,0.0127062049923461));
#13819=CARTESIAN_POINT('',(0.00363996844197523,-0.00554681092215508,0.0126557884275841));
#13820=CARTESIAN_POINT('',(0.00363986380436011,-0.0055492394300839,0.0125801634811959));
#13821=CARTESIAN_POINT('',(0.00363982893172576,-0.00555053135460542,0.0125549551456918));
#13822=CARTESIAN_POINT('',(0.00363975918647415,-0.00555311591055725,0.0125045385219699));
#13823=CARTESIAN_POINT('',(0.00363972431162046,-0.00555424431790988,0.0124793302426811));
#13824=CARTESIAN_POINT('',(0.00363968941370335,-0.00555367918130048,0.0124541220534576));
#13825=CARTESIAN_POINT('',(0.00370051820212686,-0.0055500414762085,0.0136640356711196));
#13826=CARTESIAN_POINT('',(0.00370023906848073,-0.00554916979005533,0.0134623699152194));
#13827=CARTESIAN_POINT('',(0.00369995992481183,-0.00554756119552332,0.013260704266862));
#13828=CARTESIAN_POINT('',(0.00369954121849872,-0.00554582437839341,0.0129582056606282));
#13829=CARTESIAN_POINT('',(0.00369940165033737,-0.00554529033148686,0.0128573727787841));
#13830=CARTESIAN_POINT('',(0.00369919230919196,-0.00554530525573949,0.0127061233111083));
#13831=CARTESIAN_POINT('',(0.00369912253063222,-0.00554544425387907,0.0126557067947894));
#13832=CARTESIAN_POINT('',(0.00369901787476653,-0.00554653293578162,0.0125800818923746));
#13833=CARTESIAN_POINT('',(0.00369898299267044,-0.00554713046555282,0.0125548735608427));
#13834=CARTESIAN_POINT('',(0.00369891322864136,-0.00554833715395906,0.0125044569272367));
#13835=CARTESIAN_POINT('',(0.00369887834579685,-0.00554887928190473,0.0124792486372523));
#13836=CARTESIAN_POINT('',(0.00369884345044734,-0.00554850252739086,0.0124540404513166));
#13837=CARTESIAN_POINT('',(0.00372023623787756,-0.00555004171884779,0.0136640083795884));
#13838=CARTESIAN_POINT('',(0.00371995710413134,-0.00554916266122589,0.0134623426260843));
#13839=CARTESIAN_POINT('',(0.00371967796032257,-0.00554754374907945,0.0132606769821505));
#13840=CARTESIAN_POINT('',(0.00371925925308355,-0.00554573877344538,0.0129581783942416));
#13841=CARTESIAN_POINT('',(0.00371911968501288,-0.00554521132375839,0.0128573455173132));
#13842=CARTESIAN_POINT('',(0.00371891034019895,-0.00554495656683314,0.0127060960900966));
#13843=CARTESIAN_POINT('',(0.00371884056005923,-0.00554497935470017,0.0126556795965891));
#13844=CARTESIAN_POINT('',(0.0037187358941129,-0.00554532770652787,0.0125800547429044));
#13845=CARTESIAN_POINT('',(0.00371870100629151,-0.00554550487562397,0.0125548464294225));
#13846=CARTESIAN_POINT('',(0.00371863122851452,-0.00554570232168581,0.0125044298263827));
#13847=CARTESIAN_POINT('',(0.0037185963381635,-0.0055456934412778,0.012479221548913));
#13848=CARTESIAN_POINT('',(0.00371856144520885,-0.00554549248239342,0.0124540133588108));
#13849=CARTESIAN_POINT('',(0.00375967230937612,-0.00555004199333925,0.0136639537965569));
#13850=CARTESIAN_POINT('',(0.00375939317548649,-0.00554915233161506,0.0134622880472682));
#13851=CARTESIAN_POINT('',(0.00375911403148455,-0.00554751918628291,0.0132606224110647));
#13852=CARTESIAN_POINT('',(0.00375869532289381,-0.00554561463799374,0.0129581238558419));
#13853=CARTESIAN_POINT('',(0.00375855575505176,-0.00554510389200136,0.0128572909853557));
#13854=CARTESIAN_POINT('',(0.00375834640449335,-0.00554442667208718,0.0127060416364603));
#13855=CARTESIAN_POINT('',(0.00375827662192916,-0.00554427112019819,0.0126556251793311));
#13856=CARTESIAN_POINT('',(0.00375817193937932,-0.00554339916481494,0.012580000486696));
#13857=CARTESIAN_POINT('',(0.00375813704202003,-0.00554287542102877,0.012554792257728));
#13858=CARTESIAN_POINT('',(0.00375806724091461,-0.00554135869542078,0.0125043758470754));
#13859=CARTESIAN_POINT('',(0.0037580323375925,-0.00554039676792349,0.0124791676706966));
#13860=CARTESIAN_POINT('',(0.0037579974487851,-0.00554050053342766,0.0124539594476949));
#13861=CARTESIAN_POINT('',(0.00377939034512397,-0.00555004202550728,0.0136639265050565));
#13862=CARTESIAN_POINT('',(0.00377911121119111,-0.00554914913138448,0.0134622607575865));
#13863=CARTESIAN_POINT('',(0.00377883206713578,-0.00554751206909893,0.0132605951246937));
#13864=CARTESIAN_POINT('',(0.00377841335811924,-0.00554557610798655,0.0129580965838186));
#13865=CARTESIAN_POINT('',(0.00377827379041339,-0.00554507533766304,0.0128572637150217));
#13866=CARTESIAN_POINT('',(0.00377806443778448,-0.00554424574361345,0.0127060144034527));
#13867=CARTESIAN_POINT('',(0.0037779946543762,-0.00554402808903745,0.0126555979601231));
#13868=CARTESIAN_POINT('',(0.00377788996534108,-0.00554267897397509,0.0125799733747962));
#13869=CARTESIAN_POINT('',(0.00377785506419444,-0.00554187657068769,0.012554765208735));
#13870=CARTESIAN_POINT('',(0.00377778525358227,-0.00553966044129713,0.012504348950047));
#13871=CARTESIAN_POINT('',(0.00377775034484238,-0.00553829998020979,0.0124791408563331));
#13872=CARTESIAN_POINT('',(0.00377771545777033,-0.00553853140085133,0.0124539326065285));
#13873=CARTESIAN_POINT('',(0.00380896739874356,-0.00555004191361165,0.0136638855678312));
#13874=CARTESIAN_POINT('',(0.00380868826478898,-0.00554914738015225,0.0134622198225965));
#13875=CARTESIAN_POINT('',(0.00380840912070933,-0.00554750850347205,0.013260554194007));
#13876=CARTESIAN_POINT('',(0.00380799041148391,-0.00554555701887789,0.0129580556699851));
#13877=CARTESIAN_POINT('',(0.0038078508438447,-0.00554506110032021,0.012857222804557));
#13878=CARTESIAN_POINT('',(0.00380764149019427,-0.00554415613444237,0.0127059735283256));
#13879=CARTESIAN_POINT('',(0.00380757170637084,-0.0055439078975973,0.0126555570950867));
#13880=CARTESIAN_POINT('',(0.00380746701413917,-0.00554232291119703,0.0125799326219006));
#13881=CARTESIAN_POINT('',(0.00380743211112332,-0.00554138254469632,0.0125547245245716));
#13882=CARTESIAN_POINT('',(0.00380736229582222,-0.00553882039958867,0.0125043084324224));
#13883=CARTESIAN_POINT('',(0.00380732738441579,-0.00553726322216039,0.012479100428288));
#13884=CARTESIAN_POINT('',(0.00380729249818551,-0.00553755674846981,0.0124538921497323));
#13885=CARTESIAN_POINT('',(0.00382868543448923,-0.00555004178607234,0.013663858276356));
#13886=CARTESIAN_POINT('',(0.00382840630053488,-0.0055491472267619,0.0134621925324466));
#13887=CARTESIAN_POINT('',(0.00382812715645751,-0.005547508514004,0.0132605269065043));
#13888=CARTESIAN_POINT('',(0.00382770844723458,-0.00554555710039583,0.0129580283921741));
#13889=CARTESIAN_POINT('',(0.00382756887959862,-0.00554506139148987,0.0128571955292751));
#13890=CARTESIAN_POINT('',(0.00382735952593748,-0.00554415544718181,0.0127059462698078));
#13891=CARTESIAN_POINT('',(0.00382728974211256,-0.00554390706099446,0.0126555298399738));
#13892=CARTESIAN_POINT('',(0.00382718504982218,-0.00554231710131937,0.0125799054245182));
#13893=CARTESIAN_POINT('',(0.0038271501467668,-0.00554137341235016,0.0125546973637907));
#13894=CARTESIAN_POINT('',(0.00382708033135594,-0.00553880219199697,0.0125042813602318));
#13895=CARTESIAN_POINT('',(0.0038270454198848,-0.00553723971919239,0.0124790734031696));
#13896=CARTESIAN_POINT('',(0.00382701053366241,-0.00553753400074984,0.0124538651096436));
#13897=CARTESIAN_POINT('',(0.00384840347023351,-0.00555004155609444,0.0136638309848977));
#13898=CARTESIAN_POINT('',(0.00384812433630781,-0.00554914910669769,0.0134621652419723));
#13899=CARTESIAN_POINT('',(0.00384784519227062,-0.00554751329818971,0.0132604996182564));
#13900=CARTESIAN_POINT('',(0.00384742648333366,-0.00554558279840079,0.012958001110152));
#13901=CARTESIAN_POINT('',(0.00384728691561824,-0.00554508121356307,0.0128571682511065));
#13902=CARTESIAN_POINT('',(0.00384707756328822,-0.00554427296072849,0.0127059189910432));
#13903=CARTESIAN_POINT('',(0.00384700778001168,-0.0055440648499117,0.01265550255851));
#13904=CARTESIAN_POINT('',(0.00384690309181868,-0.00554277561830265,0.0125798781394483));
#13905=CARTESIAN_POINT('',(0.00384686819114715,-0.00554200687413021,0.0125546700781686));
#13906=CARTESIAN_POINT('',(0.0038467983816807,-0.00553987194294582,0.0125042540695375));
#13907=CARTESIAN_POINT('',(0.00384676347357696,-0.00553855665699741,0.0124790461065666));
#13908=CARTESIAN_POINT('',(0.00384672858624739,-0.00553876965812018,0.0124538378154598));
#13909=CARTESIAN_POINT('',(0.00387798052384894,-0.00555004113819915,0.0136637900477229));
#13910=CARTESIAN_POINT('',(0.00387770138998839,-0.00554915343955998,0.0134621243060059));
#13911=CARTESIAN_POINT('',(0.0038774222460404,-0.00554752415849314,0.0132604586853157));
#13912=CARTESIAN_POINT('',(0.00387700353773586,-0.00554563999345406,0.0129579601837811));
#13913=CARTESIAN_POINT('',(0.00387686396986709,-0.00554512707526075,0.0128571273316468));
#13914=CARTESIAN_POINT('',(0.00387665462039505,-0.00554452872573586,0.0127058780568706));
#13915=CARTESIAN_POINT('',(0.00387658483830335,-0.00554440765546275,0.0126554616164873));
#13916=CARTESIAN_POINT('',(0.00387648015875339,-0.00554375339920452,0.0125798371363022));
#13917=CARTESIAN_POINT('',(0.0038764452630966,-0.00554335307395064,0.012554629039271));
#13918=CARTESIAN_POINT('',(0.00387637546605927,-0.00554213135225357,0.0125042129352696));
#13919=CARTESIAN_POINT('',(0.00387634056495024,-0.00554133003473507,0.0124790049144828));
#13920=CARTESIAN_POINT('',(0.00387630567532448,-0.00554137430769409,0.0124537966429994));
#13921=CARTESIAN_POINT('',(0.00389769855959124,-0.00555004076236763,0.0136637627562897));
#13922=CARTESIAN_POINT('',(0.00389741942580277,-0.00554915835145545,0.0134620970150223));
#13923=CARTESIAN_POINT('',(0.00389714028195326,-0.0055475362758829,0.0132604313959393));
#13924=CARTESIAN_POINT('',(0.00389672157434467,-0.00554570317566276,0.0129579328950412));
#13925=CARTESIAN_POINT('',(0.00389658200631877,-0.00554517865297645,0.0128571000493195));
#13926=CARTESIAN_POINT('',(0.00389637265994891,-0.00554480829616674,0.0127058507451355));
#13927=CARTESIAN_POINT('',(0.00389630287914645,-0.00554478195362363,0.0126554342946309));
#13928=CARTESIAN_POINT('',(0.00389619820889733,-0.0055448116666046,0.0125798096907352));
#13929=CARTESIAN_POINT('',(0.00389616331863178,-0.00554480785802531,0.0125546015172991));
#13930=CARTESIAN_POINT('',(0.00389609353491177,-0.00554456569948487,0.0125041852160502));
#13931=CARTESIAN_POINT('',(0.00389605864126656,-0.00554431342807083,0.012478977081401));
#13932=CARTESIAN_POINT('',(0.00389602374919225,-0.00554417757772501,0.0124537688476141));
#13933=CARTESIAN_POINT('',(0.00393713463107353,-0.00555003984093761,0.0136637081734559));
#13934=CARTESIAN_POINT('',(0.00393685549748353,-0.00554917201944412,0.0134620424323578));
#13935=CARTESIAN_POINT('',(0.0039365763539306,-0.00554757165614702,0.0132603768154404));
#13936=CARTESIAN_POINT('',(0.00393615764814105,-0.0055458721171448,0.0129578783085399));
#13937=CARTESIAN_POINT('',(0.0039360180800646,-0.0055453437524188,0.0128570454742362));
#13938=CARTESIAN_POINT('',(0.0039358087403545,-0.00554546302894549,0.0127057960914815));
#13939=CARTESIAN_POINT('',(0.00393573896246733,-0.00554565094294718,0.0126553796135059));
#13940=CARTESIAN_POINT('',(0.00393563430956189,-0.00554695691235092,0.0125797547068492));
#13941=CARTESIAN_POINT('',(0.00393559942905587,-0.0055476714332513,0.0125545463488469));
#13942=CARTESIAN_POINT('',(0.00393552966819768,-0.00554911215237002,0.0125041295993607));
#13943=CARTESIAN_POINT('',(0.003935494786671,-0.00554975198517457,0.0124789212225531));
#13944=CARTESIAN_POINT('',(0.00393545989061949,-0.00554932335251728,0.012453713068431));
#13945=CARTESIAN_POINT('',(0.00395685266681354,-0.00555003929627423,0.0136636808820551));
#13946=CARTESIAN_POINT('',(0.0039565735333498,-0.00554918077568844,0.0134620151406761));
#13947=CARTESIAN_POINT('',(0.00395629438999619,-0.00554759500159316,0.0132603495243061));
#13948=CARTESIAN_POINT('',(0.00395587568532677,-0.00554597773948595,0.012957851010796));
#13949=CARTESIAN_POINT('',(0.00395573611742087,-0.00554546184625688,0.0128570181803396));
#13950=CARTESIAN_POINT('',(0.00395552678104838,-0.0055458265802603,0.0127057687519566));
#13951=CARTESIAN_POINT('',(0.00395545700475656,-0.00554613179082051,0.0126553522548049));
#13952=CARTESIAN_POINT('',(0.00395535235852571,-0.00554792924686264,0.0125797272030733));
#13953=CARTESIAN_POINT('',(0.00395531748149357,-0.0055488996609032,0.012554518761495));
#13954=CARTESIAN_POINT('',(0.00395524772753215,-0.00555084852135196,0.0125041018363191));
#13955=CARTESIAN_POINT('',(0.00395521284893645,-0.00555170435251124,0.0124788933804901));
#13956=CARTESIAN_POINT('',(0.00395517795192982,-0.00555120533355566,0.012453685252132));
#13957=CARTESIAN_POINT('',(0.00399628873829145,-0.00555003805320268,0.0136636262992856));
#13958=CARTESIAN_POINT('',(0.00399600960512971,-0.00554920173059628,0.0134619605566329));
#13959=CARTESIAN_POINT('',(0.00399573046230657,-0.00554765486934873,0.0132602949398002));
#13960=CARTESIAN_POINT('',(0.00399531176010307,-0.00554621878492123,0.0129577964075511));
#13961=CARTESIAN_POINT('',(0.00399517219306971,-0.00554576694374826,0.0128569635752868));
#13962=CARTESIAN_POINT('',(0.00399496286171167,-0.00554650050910501,0.0127057140736567));
#13963=CARTESIAN_POINT('',(0.00399489308793644,-0.00554699084300087,0.0126552975380768));
#13964=CARTESIAN_POINT('',(0.00399478844744284,-0.00554921099115407,0.0125796723418445));
#13965=CARTESIAN_POINT('',(0.00399475357276362,-0.00555035487200428,0.0125544638309881));
#13966=CARTESIAN_POINT('',(0.00399468382078037,-0.00555244984721349,0.0125040468233728));
#13967=CARTESIAN_POINT('',(0.00399464894118905,-0.00555323256701987,0.0124788383716733));
#13968=CARTESIAN_POINT('',(0.00399461404454256,-0.00555275999721475,0.0124536302414863));
#13969=CARTESIAN_POINT('',(0.00401600677402935,-0.00555003735383399,0.0136635990079171));
#13970=CARTESIAN_POINT('',(0.004015727641043,-0.00554921392652598,0.013461933264271));
#13971=CARTESIAN_POINT('',(0.00401544849855132,-0.00554769138770615,0.0132602676464263));
#13972=CARTESIAN_POINT('',(0.00401502979769289,-0.00554635415123367,0.012957769102059));
#13973=CARTESIAN_POINT('',(0.00401489023131545,-0.00554595050318659,0.0128569362648665));
#13974=CARTESIAN_POINT('',(0.00401468090176875,-0.00554681733360335,0.0127056867336955));
#13975=CARTESIAN_POINT('',(0.00401461112891551,-0.0055473755298257,0.0126552701805543));
#13976=CARTESIAN_POINT('',(0.00401450648848095,-0.0055496002632527,0.0125796449623469));
#13977=CARTESIAN_POINT('',(0.00401447161334681,-0.00555071078760507,0.012554436449032));
#13978=CARTESIAN_POINT('',(0.00401440185848321,-0.00555259393112237,0.0125040194810834));
#13979=CARTESIAN_POINT('',(0.00401436697632367,-0.00555318764212275,0.0124788110764049));
#13980=CARTESIAN_POINT('',(0.00401433208054086,-0.00555277863169221,0.0124536029305225));
#13981=CARTESIAN_POINT('',(0.00407516088124032,-0.00555003505527163,0.0136635171338569));
#13982=CARTESIAN_POINT('',(0.00407488174884253,-0.00554925488671047,0.0134618513862318));
#13983=CARTESIAN_POINT('',(0.00407460260755112,-0.00554782047511281,0.0132601857626235));
#13984=CARTESIAN_POINT('',(0.00407418391082261,-0.00554678679389961,0.0129576871765303));
#13985=CARTESIAN_POINT('',(0.00407404434670818,-0.0055465494855183,0.0128568543160271));
#13986=CARTESIAN_POINT('',(0.00407383502059402,-0.00554766893687856,0.0127056047221089));
#13987=CARTESIAN_POINT('',(0.00407376524921477,-0.00554833570761995,0.012655188133869));
#13988=CARTESIAN_POINT('',(0.00407366060520555,-0.0055502978947305,0.0125795629345709));
#13989=CARTESIAN_POINT('',(0.00407362572708843,-0.00555118911894251,0.0125543544553582));
#13990=CARTESIAN_POINT('',(0.00407355596248334,-0.00555235556003487,0.012503937645481));
#13991=CARTESIAN_POINT('',(0.00407352107362698,-0.00555245636929926,0.0124787293671334));
#13992=CARTESIAN_POINT('',(0.00407348618009424,-0.00555221296395633,0.0124535211792843));
#13993=CARTESIAN_POINT('',(0.00411459695271065,-0.00555003325389235,0.0136634625512113));
#13994=CARTESIAN_POINT('',(0.00411431782078832,-0.00554928803907946,0.0134617967995963));
#13995=CARTESIAN_POINT('',(0.00411403868057811,-0.00554793304247257,0.0132601311684153));
#13996=CARTESIAN_POINT('',(0.00411361998671055,-0.0055471097138204,0.012957632547452));
#13997=CARTESIAN_POINT('',(0.00411348042445996,-0.00554700949105795,0.0128567996603169));
#13998=CARTESIAN_POINT('',(0.00411327109795724,-0.00554810050620712,0.0127055500596759));
#13999=CARTESIAN_POINT('',(0.00411320132579936,-0.00554871011869894,0.012655133472924));
#14000=CARTESIAN_POINT('',(0.00411309667491094,-0.00555016610745996,0.0125795083924021));
#14001=CARTESIAN_POINT('',(0.00411306179300467,-0.00555077843320216,0.0125542999853493));
#14002=CARTESIAN_POINT('',(0.00411299202160044,-0.00555144436274292,0.0125038833106233));
#14003=CARTESIAN_POINT('',(0.00411295713043037,-0.00555137483207996,0.012478675080199));
#14004=CARTESIAN_POINT('',(0.00411292223767595,-0.00555118872060836,0.0124534668767027));
#14005=CARTESIAN_POINT('',(0.00419346909564782,-0.0055500293951364,0.0136633533860024));
#14006=CARTESIAN_POINT('',(0.00419318996477229,-0.00554936110359321,0.013461687624443));
#14007=CARTESIAN_POINT('',(0.00419291082710685,-0.00554819312154323,0.0132600219710599));
#14008=CARTESIAN_POINT('',(0.00419249213834447,-0.00554774523418256,0.0129575232809563));
#14009=CARTESIAN_POINT('',(0.00419235257893407,-0.00554785397227873,0.0128566903474603));
#14010=CARTESIAN_POINT('',(0.00419214325068811,-0.00554881700915655,0.0127054407511526));
#14011=CARTESIAN_POINT('',(0.00419207347657656,-0.00554928305839718,0.0126550241811301));
#14012=CARTESIAN_POINT('',(0.00419196881619815,-0.00555004058637937,0.0125793992774906));
#14013=CARTESIAN_POINT('',(0.0041919339296003,-0.0055503075156956,0.0125541909663896));
#14014=CARTESIAN_POINT('',(0.00419186415243788,-0.00555054947822789,0.0125037744135943));
#14015=CARTESIAN_POINT('',(0.00419182926136154,-0.00555048682846441,0.012478566182977));
#14016=CARTESIAN_POINT('',(0.00419179436862484,-0.00555030201709758,0.0124533579794597));
#14017=CARTESIAN_POINT('',(0.00423290516711475,-0.00555002734410847,0.0136632988034382));
#14018=CARTESIAN_POINT('',(0.00423262603681026,-0.00554940097841176,0.0134616330359328));
#14019=CARTESIAN_POINT('',(0.00423234690060093,-0.00554834006918735,0.0132599673679525));
#14020=CARTESIAN_POINT('',(0.00423192821408382,-0.00554805734323223,0.0129574686437768));
#14021=CARTESIAN_POINT('',(0.00423178865559254,-0.00554823374069469,0.0128566356922113));
#14022=CARTESIAN_POINT('',(0.00423157932636007,-0.00554912432541829,0.0127053861007849));
#14023=CARTESIAN_POINT('',(0.00423150955143956,-0.00554953091166957,0.012654969539209));
#14024=CARTESIAN_POINT('',(0.00423140488849659,-0.00555009966945396,0.0125793446850138));
#14025=CARTESIAN_POINT('',(0.00423137000075802,-0.00555028260701393,0.0125541363982375));
#14026=CARTESIAN_POINT('',(0.00423130022269167,-0.00555045799837665,0.0125037198660078));
#14027=CARTESIAN_POINT('',(0.00423126533217495,-0.00555043654339298,0.0124785116242826));
#14028=CARTESIAN_POINT('',(0.00423123043929445,-0.00555024114267668,0.0124533034240393));
#14029=CARTESIAN_POINT('',(0.00443008552445006,-0.00555001713363137,0.0136630258906906));
#14030=CARTESIAN_POINT('',(0.00442980639705479,-0.00554960459903229,0.0134613600908929));
#14031=CARTESIAN_POINT('',(0.00442952726832823,-0.00554909380730404,0.0132596943396477));
#14032=CARTESIAN_POINT('',(0.00442910859087795,-0.00554947813139833,0.0129571954696583));
#14033=CARTESIAN_POINT('',(0.00442896903527063,-0.00554986690481966,0.0128563624541035));
#14034=CARTESIAN_POINT('',(0.00442875970112086,-0.00555039613139036,0.012705112906161));
#14035=CARTESIAN_POINT('',(0.00442868992292612,-0.00555056196346924,0.0126546963857911));
#14036=CARTESIAN_POINT('',(0.00442858524932242,-0.00555034625115275,0.0125790717166353));
#14037=CARTESIAN_POINT('',(0.00442855035670338,-0.00555017000382394,0.0125538635194181));
#14038=CARTESIAN_POINT('',(0.00442848057046523,-0.00554974393985175,0.0125034471406694));
#14039=CARTESIAN_POINT('',(0.00442844567721593,-0.00554952134192488,0.0124782389518771));
#14040=CARTESIAN_POINT('',(0.00442841078549531,-0.00554941129788144,0.0124530307311269));
#14041=CARTESIAN_POINT('',(0.00458782981032858,-0.00555000971675814,0.0136628075606041));
#14042=CARTESIAN_POINT('',(0.00458755068523578,-0.0055497665189844,0.0134611417296616));
#14043=CARTESIAN_POINT('',(0.00458727156213745,-0.00554966970902336,0.0132594758947293));
#14044=CARTESIAN_POINT('',(0.00458685288546382,-0.00555011141892845,0.012956976990767));
#14045=CARTESIAN_POINT('',(0.00458671332869786,-0.00555041513101323,0.0128561439781185));
#14046=CARTESIAN_POINT('',(0.00458650398728657,-0.00555040996691875,0.0127048945607639));
#14047=CARTESIAN_POINT('',(0.0045864342050383,-0.00555027741020299,0.0126544781203566));
#14048=CARTESIAN_POINT('',(0.00458632952435359,-0.00554954042044042,0.0125788535934184));
#14049=CARTESIAN_POINT('',(0.00458629462969919,-0.00554921433308679,0.0125536454374591));
#14050=CARTESIAN_POINT('',(0.00458622484164103,-0.00554865426546889,0.0125032290969848));
#14051=CARTESIAN_POINT('',(0.00458618994849274,-0.0055484390890909,0.0124780209074972));
#14052=CARTESIAN_POINT('',(0.00458615505697004,-0.00554834359817178,0.0124528126842043));
#14053=CARTESIAN_POINT('',(0.00490331838216878,-0.00555000099961449,0.0136623708994054));
#14054=CARTESIAN_POINT('',(0.00490303925992352,-0.00554996727856369,0.0134607050276281));
#14055=CARTESIAN_POINT('',(0.00490276014191437,-0.00555024486858,0.0132590391086252));
#14056=CARTESIAN_POINT('',(0.0049023414644068,-0.00555062534413827,0.0129565402076867));
#14057=CARTESIAN_POINT('',(0.00490220190528508,-0.00555075575541203,0.0128557072319029));
#14058=CARTESIAN_POINT('',(0.00490199256144214,-0.0055505717091527,0.0127044578522636));
#14059=CARTESIAN_POINT('',(0.00490192277892754,-0.00555041957784677,0.0126540414142687));
#14060=CARTESIAN_POINT('',(0.00490181810204834,-0.00554996272429062,0.0125784168120299));
#14061=CARTESIAN_POINT('',(0.00490178320937213,-0.00554978224949511,0.0125532086176916));
#14062=CARTESIAN_POINT('',(0.00490171342465936,-0.00554946841205805,0.0125027922139624));
#14063=CARTESIAN_POINT('',(0.0049016785326834,-0.00554933950718226,0.0124775840034034));
#14064=CARTESIAN_POINT('',(0.00490164364115834,-0.00554924381522855,0.0124523757827891));
#14065=CARTESIAN_POINT('',(0.00506106266812383,-0.00554999921143883,0.0136621525683626));
#14066=CARTESIAN_POINT('',(0.00506078354656794,-0.00555001622813068,0.0134604866852819));
#14067=CARTESIAN_POINT('',(0.0050605044288422,-0.00555031471880131,0.0132588207556715));
#14068=CARTESIAN_POINT('',(0.00506008575005995,-0.00555060140297287,0.0129563218764116));
#14069=CARTESIAN_POINT('',(0.0050599461900137,-0.00555066373882033,0.0128554889203838));
#14070=CARTESIAN_POINT('',(0.00505973684738028,-0.00555056871008566,0.012704239518469));
#14071=CARTESIAN_POINT('',(0.00505966706606835,-0.00555050511254737,0.0126538230566608));
#14072=CARTESIAN_POINT('',(0.00505956239324884,-0.00555034709180354,0.0125781983752014));
#14073=CARTESIAN_POINT('',(0.0050595275021681,-0.00555028405612185,0.0125529901499077));
#14074=CARTESIAN_POINT('',(0.00505945771970376,-0.00555013571288172,0.0125025737033641));
#14075=CARTESIAN_POINT('',(0.00505942282831967,-0.00555005037020149,0.012477365482123));
#14076=CARTESIAN_POINT('',(0.00505938793678071,-0.00554995363670946,0.0124521572629621));
#14077=CARTESIAN_POINT('',(0.00584978409795915,-0.00554999469198359,0.0136610609121161));
#14078=CARTESIAN_POINT('',(0.00584950497821258,-0.0055501446552386,0.0134593949990891));
#14079=CARTESIAN_POINT('',(0.00584922586052434,-0.00555044623628479,0.0132577290552983));
#14080=CARTESIAN_POINT('',(0.00584880717894752,-0.00555052741361756,0.0129552302129604));
#14081=CARTESIAN_POINT('',(0.00584866761758404,-0.00555049284472612,0.01285439727781));
#14082=CARTESIAN_POINT('',(0.00584845827434338,-0.00555035308158354,0.012703147890861));
#14083=CARTESIAN_POINT('',(0.00584838849307845,-0.00555029291044926,0.0126527314309182));
#14084=CARTESIAN_POINT('',(0.00584828382094769,-0.00555018549978521,0.0125771067435287));
#14085=CARTESIAN_POINT('',(0.00584824893019733,-0.00555014674742009,0.0125518985148418));
#14086=CARTESIAN_POINT('',(0.00584817914862256,-0.00555006380171074,0.0125014820581863));
#14087=CARTESIAN_POINT('',(0.00584814425779872,-0.00555001966106233,0.0124762738302013));
#14088=CARTESIAN_POINT('',(0.00584810936694225,-0.00554997309974333,0.0124510656024818));
#14089=CARTESIAN_POINT('',(0.00648076124130309,-0.00554995252633411,0.0136601875928444));
#14090=CARTESIAN_POINT('',(0.00648048211996628,-0.00554999298986442,0.0134585217008554));
#14091=CARTESIAN_POINT('',(0.0064802029988859,-0.00555003759958537,0.0132568558075617));
#14092=CARTESIAN_POINT('',(0.00647978431685316,-0.00555008523941093,0.0129543569713166));
#14093=CARTESIAN_POINT('',(0.00647964475617973,-0.00555010140995537,0.012853524025877));
#14094=CARTESIAN_POINT('',(0.00647943541472635,-0.0055500931701249,0.0127022746131898));
#14095=CARTESIAN_POINT('',(0.00647936563402197,-0.00555007415953264,0.0126518581450014));
#14096=CARTESIAN_POINT('',(0.00647926096349479,-0.00555008474204413,0.0125762334362653));
#14097=CARTESIAN_POINT('',(0.00647922607341522,-0.00555009533152937,0.0125510251988525));
#14098=CARTESIAN_POINT('',(0.00647915629319875,-0.00555011221696489,0.0125006087247544));
#14099=CARTESIAN_POINT('',(0.0064791214030244,-0.00555011674059225,0.0124754004882313));
#14100=CARTESIAN_POINT('',(0.00647908651270099,-0.00555010848891681,0.0124501922541024));
#14101=CARTESIAN_POINT('',(0.00711173838589594,-0.00555000218552341,0.0136593142590825));
#14102=CARTESIAN_POINT('',(0.00711145926390885,-0.00554998735513428,0.0134576483759294));
#14103=CARTESIAN_POINT('',(0.00711118014225931,-0.00554999761461948,0.0132559824887302));
#14104=CARTESIAN_POINT('',(0.00711076145954717,-0.00554999531046223,0.0129534836607782));
#14105=CARTESIAN_POINT('',(0.00711062189867383,-0.00554999680255508,0.012852650717751));
#14106=CARTESIAN_POINT('',(0.00711041255730197,-0.00554999448922792,0.0127014013039608));
#14107=CARTESIAN_POINT('',(0.0071103427768135,-0.00554999142615493,0.0126509848330768));
#14108=CARTESIAN_POINT('',(0.00711023810622305,-0.00554999728988771,0.0125753601250155));
#14109=CARTESIAN_POINT('',(0.00711020321604757,-0.00555000081393399,0.0125501518887347));
#14110=CARTESIAN_POINT('',(0.00711013343562467,-0.00555000257154877,0.0124997354170494));
#14111=CARTESIAN_POINT('',(0.00711009854536957,-0.00555000025018559,0.0124745271817379));
#14112=CARTESIAN_POINT('',(0.00711006365501747,-0.00554999077864903,0.012449318947609));
#14113=CARTESIAN_POINT('',(-0.006849961843,0.00134999999964327,0.0103872495290267));
#14114=CARTESIAN_POINT('',(-0.00790626184263464,0.00134999999964327,0.0103872495290267));
#14115=CARTESIAN_POINT('',(-0.006849961843,0.0012997729969274,0.010414474021591));
#14116=CARTESIAN_POINT('',(-0.00790626184263464,0.0012997729969274,0.010414474021591));
#14117=CARTESIAN_POINT('',(-0.006849961843,0.00127062572552243,0.0104639976736149));
#14118=CARTESIAN_POINT('',(-0.00790626184263464,0.00127062572552243,0.0104639976736149));
#14119=CARTESIAN_POINT('',(-0.006849961843,0.00127000000019969,0.0105199145197614));
#14120=CARTESIAN_POINT('',(-0.00790626184263464,0.00127000000019969,0.0105199145197614));
#14121=CARTESIAN_POINT('',(-0.007284961845,0.00130000020313735,0.0104299177126882));
#14122=CARTESIAN_POINT('',(-0.007284961845,0.00129679095654618,0.0104342246618852));
#14123=CARTESIAN_POINT('',(-0.007284961845,0.00129396701672138,0.0104385100156812));
#14124=CARTESIAN_POINT('',(-0.007284961845,0.00129146624336666,0.0104427103247));
#14125=CARTESIAN_POINT('',(-0.007284961845,0.00128935300895905,0.0104462597217392));
#14126=CARTESIAN_POINT('',(-0.007284961845,0.00128749905941751,0.0104496876604169));
#14127=CARTESIAN_POINT('',(-0.007284961845,0.00128586260909955,0.0104529742536616));
#14128=CARTESIAN_POINT('',(-0.007284961845,0.00128498781240326,0.0104547311667074));
#14129=CARTESIAN_POINT('',(-0.007284961845,0.00128417522222981,0.0104564477156061));
#14130=CARTESIAN_POINT('',(-0.007284961845,0.0012834188429469,0.0104581210523059));
#14131=CARTESIAN_POINT('',(-0.007284961845,0.0012830504496792,0.0104589360481535));
#14132=CARTESIAN_POINT('',(-0.007284961845,0.00128269539478243,0.0104597407953768));
#14133=CARTESIAN_POINT('',(-0.007284961845,0.00128235301035468,0.0104605349763776));
#14134=CARTESIAN_POINT('',(-0.007284961845,0.001282052508562,0.0104612320081206));
#14135=CARTESIAN_POINT('',(-0.007284961845,0.00128175772124064,0.0104619302876658));
#14136=CARTESIAN_POINT('',(-0.007284961845,0.00128146861717314,0.010462629813986));
#14137=CARTESIAN_POINT('',(-0.007284961845,0.00127580104453963,0.0104763432710918));
#14138=CARTESIAN_POINT('',(-0.007284961845,0.001272314184865,0.0104905327461311));
#14139=CARTESIAN_POINT('',(-0.007284961845,0.00127082633736451,0.0105051372079146));
#14140=CARTESIAN_POINT('',(-0.007284961845,0.00127032920022887,0.0105100170227451));
#14141=CARTESIAN_POINT('',(-0.007284961845,0.00127005562884022,0.0105149433639286));
#14142=CARTESIAN_POINT('',(-0.007284961845,0.0012700000002,0.0105199145197333));
#14143=CARTESIAN_POINT('',(-0.00728496184500053,0.00130000020212904,0.0104299177119368));
#14144=CARTESIAN_POINT('',(-0.007284961845,0.0012700000002,0.0105199145197333));
#14145=CARTESIAN_POINT('',(-0.006849961843,0.0012700000002,0.0105199145197333));
#14146=CARTESIAN_POINT('',(-0.006849961843,0.0012700000002,0.0105199145197333));
#14147=CARTESIAN_POINT('',(-0.007034961845,0.0012700000002,0.0105199145197333));
#14148=CARTESIAN_POINT('',(-0.007034961845,0.0012700000002,0.0105199145197333));
#14149=CARTESIAN_POINT('',(-0.007034961845,0.00127018158036343,0.0105036879271012));
#14150=CARTESIAN_POINT('',(-0.007034961845,0.001272687353687,0.0104877978504173));
#14151=CARTESIAN_POINT('',(-0.007034961845,0.00128344953787571,0.010455538527777));
#14152=CARTESIAN_POINT('',(-0.007034961845,0.00129158769761478,0.0104412076796187));
#14153=CARTESIAN_POINT('',(-0.007034961845,0.00130000014091011,0.0104299177961999));
#14154=CARTESIAN_POINT('',(-0.00703496184500067,0.00130000012231759,0.0104299177823461));
#14155=CARTESIAN_POINT('',(-0.00715996184500181,0.00130000018005375,0.0104299177436674));
#14156=CARTESIAN_POINT('',(-0.007374961843,0.00315,0.00990455655833331));
#14157=CARTESIAN_POINT('',(0.00345973174188395,-0.00327938541902069,0.00960455655833331));
#14158=CARTESIAN_POINT('',(0.001750038157,-0.001400000041,0.0096045565583333));
#14159=CARTESIAN_POINT('',(-0.007378111843,-0.00392,0.0105199145203333));
#14160=CARTESIAN_POINT('',(-0.007034961844732,-0.00379500000183514,0.0106028301428588));
#14161=CARTESIAN_POINT('',(-0.007034961844732,-0.00379500000183514,0.0106028301428588));
#14162=CARTESIAN_POINT('',(-0.007284961845,-0.003795000002,0.0106028301423333));
#14163=CARTESIAN_POINT('',(-0.007284961845,-0.00392000000016486,0.0105199145198078));
#14164=CARTESIAN_POINT('',(-0.007284961845268,-0.00379500000216486,0.0104369988968078));
#14165=CARTESIAN_POINT('',(-0.007034961845,-0.003795000002,0.0104369988973333));
#14166=CARTESIAN_POINT('',(-0.007034961845,-0.003795000002,0.0104369988973333));
#14167=CARTESIAN_POINT('',(-0.007034961844732,-0.00392,0.0105199145203333));
#14168=CARTESIAN_POINT('',(-0.006849961843,-0.00385,0.0103872495283333));
#14169=CARTESIAN_POINT('',(-0.005699961843,-0.005535695,0.0146745565573333));
#14170=CARTESIAN_POINT('',(0.0075150381565,0.0053,0.0124645565583333));
#14171=CARTESIAN_POINT('',(-0.007374961843,-0.00135,0.0106525795113333));
#14172=CARTESIAN_POINT('',(-0.007949961843,-0.006132160804,0.0143995565583333));
#14173=CARTESIAN_POINT('',(-0.004499961843,-0.006,0.0087995565573333));
#14174=CARTESIAN_POINT('',(-0.004499961843,-0.0062,0.0114145565583333));
#14175=CARTESIAN_POINT('',(-0.004499961843,-0.0058,0.0114145565583333));
#14176=CARTESIAN_POINT('',(-0.004499961843,-0.0058,0.0114145565583333));
#14177=CARTESIAN_POINT('',(-0.004499961843,-0.0058,0.0087995565575833));
#14178=CARTESIAN_POINT('',(-0.004499961843,-0.00525,0.0087995565583333));
#14179=CARTESIAN_POINT('',(-0.002429961843,-0.006,0.0114145565583333));
#14180=CARTESIAN_POINT('',(-0.002429961843,-0.00609833387,0.0132495565583333));
#14181=CARTESIAN_POINT('',(-0.002429961843,-0.00609833387,0.0132495565583333));
#14182=CARTESIAN_POINT('',(-0.002429961843,-0.0058,0.0132495565583333));
#14183=CARTESIAN_POINT('',(-0.002429961843,-0.00609833387,0.0132495565583333));
#14184=CARTESIAN_POINT('',(-0.002429961843,-0.00609833387,0.0116795565583333));
#14185=CARTESIAN_POINT('',(-0.002429961843,-0.00609833387,0.0116795565583333));
#14186=CARTESIAN_POINT('',(-0.002429961843,-0.0058,0.0116795565583333));
#14187=CARTESIAN_POINT('',(-0.002429961843,-0.0058,0.0116795565583333));
#14188=CARTESIAN_POINT('',(-0.002429961843,-0.0058,0.0114145565583333));
#14189=CARTESIAN_POINT('',(-0.002429961843,-0.0062,0.0114145565583333));
#14190=CARTESIAN_POINT('',(-0.002429961843,-0.0062,0.0134145565573333));
#14191=CARTESIAN_POINT('',(-0.002429961843,-0.0058,0.0134145565576666));
#14192=CARTESIAN_POINT('',(-0.002429961843,-0.0058,0.0134145565573333));
#14193=CARTESIAN_POINT('',(-0.002429961843,-0.006,0.0114145565583333));
#14194=CARTESIAN_POINT('',(-0.002429961843,-0.0058,0.0114145565583333));
#14195=CARTESIAN_POINT('',(-0.002429961843,-0.005949166935,0.0132495565583333));
#14196=CARTESIAN_POINT('',(-0.002429961843,-0.0058,0.0132495565583333));
#14197=CARTESIAN_POINT('',(-0.002922848098,-0.0058,0.0132495565583333));
#14198=CARTESIAN_POINT('',(-0.002922848098,-0.0058,0.0132495565583333));
#14199=CARTESIAN_POINT('',(-0.002922848098,-0.00609833387,0.0132495565583333));
#14200=CARTESIAN_POINT('',(-0.002922848098,-0.00609833387,0.0132495565583333));
#14201=CARTESIAN_POINT('',(-0.002429961843,0.006,0.0134145565583333));
#14202=CARTESIAN_POINT('',(-0.002429961843,-0.005949166935,0.0116795565583333));
#14203=CARTESIAN_POINT('',(-0.002922848098,-0.00609833387,0.0116795565583333));
#14204=CARTESIAN_POINT('',(-0.002922848098,-0.00609833387,0.0116795565583333));
#14205=CARTESIAN_POINT('',(-0.002922848098,-0.0058,0.0116795565583333));
#14206=CARTESIAN_POINT('',(-0.002922848098,-0.0058,0.0116795565583333));
#14207=CARTESIAN_POINT('',(-0.002922848098,-0.0058,0.0116795565583333));
#14208=CARTESIAN_POINT('',(-0.002429961843,0.005949166935,0.0116795565583333));
#14209=CARTESIAN_POINT('',(-0.002429961843,-0.006,0.0134145565583333));
#14210=CARTESIAN_POINT('',(-0.008099961843,-0.0058,0.0134145565573333));
#14211=CARTESIAN_POINT('',(-0.004499961843,0.006,0.0087995565583333));
#14212=CARTESIAN_POINT('',(-0.004499961843,0.0062,0.0114145565583333));
#14213=CARTESIAN_POINT('',(-0.004499961843,0.0062,0.0087995565583333));
#14214=CARTESIAN_POINT('',(-0.002429961843,0.006,0.0114145565583333));
#14215=CARTESIAN_POINT('',(-0.0026764049705,-0.00609833387,0.0116795565583333));
#14216=CARTESIAN_POINT('',(-0.002922848098,-0.00609833387,0.0116795565583333));
#14217=CARTESIAN_POINT('',(-0.007374961843,-0.00135,0.0099045565583333));
#14218=CARTESIAN_POINT('',(0.001350038157,-7.8756445809347E-18,0.00761955655833331));
#14219=CARTESIAN_POINT('',(0.001350038156,-0.0008,0.0086795565583333));
#14220=CARTESIAN_POINT('',(0.001350038156,0.0008,0.00761955655833331));
#14221=CARTESIAN_POINT('',(-0.007374961843,-0.00385,0.0099045565573333));
#14222=CARTESIAN_POINT('',(-0.002922848098,-0.005949166935,0.0116795565583333));
#14223=CARTESIAN_POINT('',(-0.002922848098,-0.0058,0.0132495565583333));
#14224=CARTESIAN_POINT('',(0.008050038157,-7.8756445809347E-18,0.00761955655833331));
#14225=CARTESIAN_POINT('',(0.008050038157,-0.0008,0.0076195565583333));
#14226=CARTESIAN_POINT('',(-0.000324961843499999,0.0062,0.000154556558333306));
#14227=CARTESIAN_POINT('',(0.007050038156,0.0062,0.0074995565583333));
#14228=CARTESIAN_POINT('',(0.007050038156,0.0062,0.0074995565583333));
#14229=CARTESIAN_POINT('',(0.007050038156,0.0062,0.00669455655833331));
#14230=CARTESIAN_POINT('',(0.007050038157,0.0062,0.00669455655833331));
#14231=CARTESIAN_POINT('',(-0.000429961843000001,0.0062,0.00669455655766664));
#14232=CARTESIAN_POINT('',(-0.000429961843000001,0.0062,0.00669455655833331));
#14233=CARTESIAN_POINT('',(-0.000429961843000001,0.0062,0.00478455655833331));
#14234=CARTESIAN_POINT('',(-0.000429961843000001,0.0062,0.00478455655833331));
#14235=CARTESIAN_POINT('',(-0.001929961841,0.0062,0.00478455655833331));
#14236=CARTESIAN_POINT('',(-0.001929961841,0.0062,0.00278455655833331));
#14237=CARTESIAN_POINT('',(-0.001929961841,0.0062,0.00278455655833331));
#14238=CARTESIAN_POINT('',(-0.000429961843000001,0.0062,0.00278455655833331));
#14239=CARTESIAN_POINT('',(-0.000429961843000001,0.0062,0.00278455655833331));
#14240=CARTESIAN_POINT('',(-0.000429961843000001,0.0062,0.00278455655833331));
#14241=CARTESIAN_POINT('',(-0.000429961843000001,0.0062,0.000154556558333306));
#14242=CARTESIAN_POINT('',(-0.000429961843000001,0.0062,0.000154556558333306));
#14243=CARTESIAN_POINT('',(-0.007699961844,0.0062,0.00278455655833331));
#14244=CARTESIAN_POINT('',(-0.002429961843,0.0062,0.00278455655833331));
#14245=CARTESIAN_POINT('',(-0.002429961843,0.0062,0.00278455655833331));
#14246=CARTESIAN_POINT('',(-0.002429961843,0.0062,0.00478455655833331));
#14247=CARTESIAN_POINT('',(-0.002429961843,0.0062,0.00478455655833331));
#14248=CARTESIAN_POINT('',(-0.00449996184266667,0.0062,0.00478455655833331));
#14249=CARTESIAN_POINT('',(-0.004499961843,0.0062,0.00478455655833331));
#14250=CARTESIAN_POINT('',(-0.004499961843,0.0062,0.0074995565583333));
#14251=CARTESIAN_POINT('',(-0.004499961843,0.0062,0.0074995565583333));
#14252=CARTESIAN_POINT('',(0.0018500381565,0.00295,0.00257455655833331));
#14253=CARTESIAN_POINT('',(0.006200038157,0.00295,0.00403455655833331));
#14254=CARTESIAN_POINT('',(0.006200038157,0.00295,0.00403455655833331));
#14255=CARTESIAN_POINT('',(0.006200038157,0.00295,0.0038345565583333));
#14256=CARTESIAN_POINT('',(0.006200038157,0.00295,0.0038345565583333));
#14257=CARTESIAN_POINT('',(-0.000429961843000001,0.00295,0.00383455655766664));
#14258=CARTESIAN_POINT('',(-0.000429961843000001,0.00295,0.0038345565573333));
#14259=CARTESIAN_POINT('',(-0.000429961843000001,0.00295,0.00257455655833331));
#14260=CARTESIAN_POINT('',(-0.000429961843000001,0.00295,0.00257455655833331));
#14261=CARTESIAN_POINT('',(-0.003549961843,0.00295,0.0047745565583333));
#14262=CARTESIAN_POINT('',(-0.003449961844,0.00295,0.00487455655833331));
#14263=CARTESIAN_POINT('',(-0.003449961844,0.00295,0.00487455655833331));
#14264=CARTESIAN_POINT('',(-0.000429961843000001,0.00295,0.00487455655833331));
#14265=CARTESIAN_POINT('',(-0.000429961843000001,0.00295,0.00487455655833331));
#14266=CARTESIAN_POINT('',(-0.000429961843000001,0.00295,0.0051745565583333));
#14267=CARTESIAN_POINT('',(-0.000429961843000001,0.00295,0.0051745565583333));
#14268=CARTESIAN_POINT('',(0.007250038157,0.00295,0.0051745565583333));
#14269=CARTESIAN_POINT('',(0.007250038157,0.00295,0.00423455655733331));
#14270=CARTESIAN_POINT('',(0.007250038157,0.00295,0.00423455655766664));
#14271=CARTESIAN_POINT('',(0.006400038155,0.00295,0.00423455655733331));
#14272=CARTESIAN_POINT('',(0.006400038155,0.00295,0.00423455655766664));
#14273=CARTESIAN_POINT('',(0.006400038155,0.00295,0.00423455655733331));
#14274=CARTESIAN_POINT('',(0.008050038157,-0.005725,0.0087995565583333));
#14275=CARTESIAN_POINT('',(-0.004499961843,-0.0058,0.0087995565573333));
#14276=CARTESIAN_POINT('',(-0.004499961843,-0.00525,0.0087995565583333));
#14277=CARTESIAN_POINT('',(0.008050038157,-0.00525,0.0087995565583333));
#14278=CARTESIAN_POINT('',(-0.005264961843,-0.0058,0.0027845565583333));
#14279=CARTESIAN_POINT('',(-0.002429961843,-0.0058,0.0047845565573333));
#14280=CARTESIAN_POINT('',(-0.002429961843,-0.0058,0.00478455655766664));
#14281=CARTESIAN_POINT('',(-0.002429961843,-0.0058,0.0046245565583333));
#14282=CARTESIAN_POINT('',(-0.002429961843,-0.0058,0.0047845565573333));
#14283=CARTESIAN_POINT('',(-0.004499961843,-0.0058,0.00478455655766664));
#14284=CARTESIAN_POINT('',(-0.004499961843,-0.0058,0.0074995565583333));
#14285=CARTESIAN_POINT('',(-0.004499961843,-0.0058,0.0074995565583333));
#14286=CARTESIAN_POINT('',(-0.004499961843,-0.0058,0.0074995565583333));
#14287=CARTESIAN_POINT('',(-0.002429961843,-0.0058,0.0027845565583333));
#14288=CARTESIAN_POINT('',(-0.002429961843,-0.0058,0.0027845565583333));
#14289=CARTESIAN_POINT('',(-0.002429961843,-0.0058,0.0030445565583333));
#14290=CARTESIAN_POINT('',(-0.002429961843,-0.0058,0.0030445565583333));
#14291=CARTESIAN_POINT('',(-0.002429961843,-0.0058,0.0030445565583333));
#14292=CARTESIAN_POINT('',(-0.002922848098,-0.0058,0.0030445565583333));
#14293=CARTESIAN_POINT('',(-0.002922848098,-0.0058,0.0046245565583333));
#14294=CARTESIAN_POINT('',(-0.002922848098,-0.0058,0.0046245565583333));
#14295=CARTESIAN_POINT('',(-0.002429961843,-0.0058,0.0046245565583333));
#14296=CARTESIAN_POINT('',(-0.000324961844000001,-0.0062,0.000154556558333302));
#14297=CARTESIAN_POINT('',(-0.007699961844,-0.0062,0.000154556558333302));
#14298=CARTESIAN_POINT('',(-0.000429961843000003,-0.0062,0.000154556558333302));
#14299=CARTESIAN_POINT('',(-0.000429961843000001,-0.0062,0.000154556558333302));
#14300=CARTESIAN_POINT('',(-0.000429961843000003,-0.0062,0.0027845565583333));
#14301=CARTESIAN_POINT('',(-0.001929961841,-0.0062,0.0027845565583333));
#14302=CARTESIAN_POINT('',(-0.001929961841,-0.0062,0.0027845565583333));
#14303=CARTESIAN_POINT('',(-0.001929961841,-0.0062,0.0027845565583333));
#14304=CARTESIAN_POINT('',(-0.001929961841,-0.0062,0.0047845565583333));
#14305=CARTESIAN_POINT('',(-0.001929961841,-0.0062,0.0047845565583333));
#14306=CARTESIAN_POINT('',(-0.000429961843000003,-0.0062,0.0047845565583333));
#14307=CARTESIAN_POINT('',(-0.000429961843000001,-0.0062,0.0047845565583333));
#14308=CARTESIAN_POINT('',(-0.000429961843000001,-0.0062,0.0066945565583333));
#14309=CARTESIAN_POINT('',(0.007050038156,-0.0062,0.0066945565583333));
#14310=CARTESIAN_POINT('',(0.007050038156,-0.0062,0.0066945565583333));
#14311=CARTESIAN_POINT('',(0.007050038156,-0.0062,0.0066945565583333));
#14312=CARTESIAN_POINT('',(0.007050038156,-0.0062,0.0074995565583333));
#14313=CARTESIAN_POINT('',(-0.004499961843,-0.0062,0.0074995565583333));
#14314=CARTESIAN_POINT('',(-0.004499961843,-0.0062,0.0074995565583333));
#14315=CARTESIAN_POINT('',(-0.004499961843,-0.0062,0.0047845565573333));
#14316=CARTESIAN_POINT('',(-0.004499961843,-0.0062,0.00478455655766664));
#14317=CARTESIAN_POINT('',(-0.004499961843,-0.0062,0.0047845565573333));
#14318=CARTESIAN_POINT('',(-0.002429961843,-0.0062,0.00478455655766664));
#14319=CARTESIAN_POINT('',(-0.002429961843,-0.0062,0.0027845565583333));
#14320=CARTESIAN_POINT('',(-0.002429961843,-0.0062,0.0027845565583333));
#14321=CARTESIAN_POINT('',(-0.007699961844,-0.0062,0.0027845565583333));
#14322=CARTESIAN_POINT('',(0.001775038157,-0.00525,0.0074995565583333));
#14323=CARTESIAN_POINT('',(-0.004499961843,-0.00525,0.0087995565583333));
#14324=CARTESIAN_POINT('',(-0.004499961843,-0.00525,0.0074995565583333));
#14325=CARTESIAN_POINT('',(0.008050038157,-0.00525,0.0074995565583333));
#14326=CARTESIAN_POINT('',(0.008050038157,-0.00525,0.0074995565583333));
#14327=CARTESIAN_POINT('',(0.008050038157,-0.00525,0.0087995565583333));
#14328=CARTESIAN_POINT('',(0.008050038157,-0.005725,0.0074995565583333));
#14329=CARTESIAN_POINT('',(0.007050038156,-0.0062,0.0074995565583333));
#14330=CARTESIAN_POINT('',(-0.004499961843,-0.00525,0.0074995565583333));
#14331=CARTESIAN_POINT('',(-0.004499961843,-0.0062,0.0074995565583333));
#14332=CARTESIAN_POINT('',(0.008050038157,0.005725,0.0074995565583333));
#14333=CARTESIAN_POINT('',(0.008050038157,0.00525,0.0074995565583333));
#14334=CARTESIAN_POINT('',(0.008050038157,0.00525,0.0074995565583333));
#14335=CARTESIAN_POINT('',(-0.004499961843,0.00525,0.0074995565583333));
#14336=CARTESIAN_POINT('',(0.008050038157,0.00525,0.0074995565583333));
#14337=CARTESIAN_POINT('',(-0.004499961843,0.0062,0.0074995565583333));
#14338=CARTESIAN_POINT('',(-0.004499961843,0.0058,0.0074995565583333));
#14339=CARTESIAN_POINT('',(0.008050038157,0.005725,0.0087995565583333));
#14340=CARTESIAN_POINT('',(-0.004499961843,0.00525,0.0087995565583333));
#14341=CARTESIAN_POINT('',(-0.004499961843,0.00525,0.0087995565583333));
#14342=CARTESIAN_POINT('',(-0.004499961843,0.00525,0.0087995565583333));
#14343=CARTESIAN_POINT('',(0.007257217834,-5.65519853168439E-18,0.0038345565583333));
#14344=CARTESIAN_POINT('',(0.00708003794403507,-0.00555000012299621,0.0038345565583333));
#14345=CARTESIAN_POINT('',(0.00677241123197765,-0.00555003455176713,0.0038345565583333));
#14346=CARTESIAN_POINT('',(0.00638838587436325,-0.00555005095551169,0.0038345565583333));
#14347=CARTESIAN_POINT('',(0.00592603134789069,-0.00555002916955083,0.0038345565583333));
#14348=CARTESIAN_POINT('',(0.00573541575832593,-0.00555001470245043,0.0038345565583333));
#14349=CARTESIAN_POINT('',(0.0055781985848979,-0.00554999593747332,0.0038345565583333));
#14350=CARTESIAN_POINT('',(0.00537110123238298,-0.00554997998162843,0.0038345565583333));
#14351=CARTESIAN_POINT('',(0.00519613721652263,-0.00554998387991799,0.0038345565583333));
#14352=CARTESIAN_POINT('',(0.00509380951223495,-0.005550043922113,0.0038345565583333));
#14353=CARTESIAN_POINT('',(0.00491493838884128,-0.0055504643328197,0.0038345565583333));
#14354=CARTESIAN_POINT('',(0.00478059388461014,-0.00555087950150669,0.0038345565583333));
#14355=CARTESIAN_POINT('',(0.00469238365803026,-0.0055509822013941,0.0038345565583333));
#14356=CARTESIAN_POINT('',(0.00465037555911827,-0.00555102133176874,0.0038345565583333));
#14357=CARTESIAN_POINT('',(0.00454114393818445,-0.00555084183497593,0.0038345565583333));
#14358=CARTESIAN_POINT('',(0.00443857799099093,-0.00555037417054237,0.0038345565583333));
#14359=CARTESIAN_POINT('',(0.00432679287454632,-0.00554999936037471,0.0038345565583333));
#14360=CARTESIAN_POINT('',(0.00424301496066319,-0.00554995765045094,0.0038345565583333));
#14361=CARTESIAN_POINT('',(0.00419352647029961,-0.00555013057083592,0.0038345565583333));
#14362=CARTESIAN_POINT('',(0.00418922797202161,-0.00555007528788753,0.0038345565583333));
#14363=CARTESIAN_POINT('',(0.00402269135307202,-0.00555020239805658,0.0038345565583333));
#14364=CARTESIAN_POINT('',(0.0035816471692852,-0.00555021288118525,0.0038345565583333));
#14365=CARTESIAN_POINT('',(0.00233933936091745,-0.00555021852976813,0.0038345565583333));
#14366=CARTESIAN_POINT('',(0.000832940102556816,-0.00555011071827712,0.0038345565583333));
#14367=CARTESIAN_POINT('',(-0.000429961843000481,-0.00555000010408751,0.0038345565583333));
#14368=CARTESIAN_POINT('',(-0.000429961843000416,-0.0055500001034131,0.00383455655823137));
#14369=CARTESIAN_POINT('',(0.00708003794403504,-0.00555000012271639,0.00383455655833226));
#14370=CARTESIAN_POINT('',(-0.000429961843000001,-0.00405,0.0038345565573333));
#14371=CARTESIAN_POINT('',(-0.000429961843000001,-0.00405,0.0038345565578333));
#14372=CARTESIAN_POINT('',(0.006200038157,-0.00405,0.0038345565583333));
#14373=CARTESIAN_POINT('',(0.006200038157,-0.00405,0.0038345565583333));
#14374=CARTESIAN_POINT('',(0.006200038157,-0.00295,0.0038345565583333));
#14375=CARTESIAN_POINT('',(0.006200038157,-0.00295,0.0038345565583333));
#14376=CARTESIAN_POINT('',(-0.000429961843000001,-0.00295,0.0038345565583333));
#14377=CARTESIAN_POINT('',(-0.000429961843000001,-0.00295,0.0038345565583333));
#14378=CARTESIAN_POINT('',(-0.000429961843000001,-0.00155,0.0038345565573333));
#14379=CARTESIAN_POINT('',(-0.000429961843000001,-0.00155,0.00383455655766663));
#14380=CARTESIAN_POINT('',(0.006200038157,-0.00155,0.0038345565583333));
#14381=CARTESIAN_POINT('',(0.006200038157,-0.00155,0.0038345565583333));
#14382=CARTESIAN_POINT('',(0.006200038157,-0.00045,0.0038345565583333));
#14383=CARTESIAN_POINT('',(0.006200038157,-0.00045,0.0038345565583333));
#14384=CARTESIAN_POINT('',(-0.000429961843000001,-0.00045,0.0038345565583333));
#14385=CARTESIAN_POINT('',(-0.000429961843000001,-0.00045,0.0038345565583333));
#14386=CARTESIAN_POINT('',(-0.000429961843000001,0.000450000000999998,0.0038345565573333));
#14387=CARTESIAN_POINT('',(-0.000429961843000001,0.000450000000666665,0.00383455655766664));
#14388=CARTESIAN_POINT('',(0.006200038157,0.00045,0.0038345565583333));
#14389=CARTESIAN_POINT('',(0.006200038157,0.00045,0.0038345565583333));
#14390=CARTESIAN_POINT('',(0.006200038157,0.00155,0.0038345565583333));
#14391=CARTESIAN_POINT('',(0.006200038157,0.00155,0.0038345565583333));
#14392=CARTESIAN_POINT('',(-0.000429961843000001,0.00155,0.0038345565583333));
#14393=CARTESIAN_POINT('',(-0.000429961843000001,0.00155,0.0038345565583333));
#14394=CARTESIAN_POINT('',(-0.000429961843000001,0.00295,0.0038345565573333));
#14395=CARTESIAN_POINT('',(0.006200038157,0.00405,0.0038345565583333));
#14396=CARTESIAN_POINT('',(0.006200038157,0.00405,0.0038345565583333));
#14397=CARTESIAN_POINT('',(0.006200038157,0.00405,0.0038345565583333));
#14398=CARTESIAN_POINT('',(-0.000429961843000001,0.00405,0.00383455655799997));
#14399=CARTESIAN_POINT('',(-0.000429961843000001,0.00555,0.0038345565573333));
#14400=CARTESIAN_POINT('',(-0.000429961843000001,0.00555,0.00383455655799997));
#14401=CARTESIAN_POINT('',(0.007080038157,0.00555,0.0038345565583333));
#14402=CARTESIAN_POINT('',(0.007080038157,0.00555,0.0038345565578333));
#14403=CARTESIAN_POINT('',(0.007257217834,0.00544817259799999,0.0038345565583333));
#14404=CARTESIAN_POINT('',(0.00725721783465985,0.00544817259840813,0.0038345565583333));
#14405=CARTESIAN_POINT('',(0.007257217834,-0.005448172598,0.0038345565583333));
#14406=CARTESIAN_POINT('',(0.00725721783420525,-0.00544817259835714,0.0038345565583333));
#14407=CARTESIAN_POINT('',(0.007080038157,-0.00555,0.0038345565583333));
#14408=CARTESIAN_POINT('',(-0.007999961844,-0.0042000000005,0.000354556557333302));
#14409=CARTESIAN_POINT('',(-0.007799961845,-0.004,0.000354556557333302));
#14410=CARTESIAN_POINT('',(-0.00779996184466667,-0.00400000000033334,0.000354556557666635));
#14411=CARTESIAN_POINT('',(-0.007799961845,-0.004,0.0025745565573333));
#14412=CARTESIAN_POINT('',(-0.00779996184466667,-0.00400000000033334,0.00257455655766663));
#14413=CARTESIAN_POINT('',(-0.007799961845,-0.004,0.000354556557333302));
#14414=CARTESIAN_POINT('',(0.007550038157,-0.0011,0.0071945565583333));
#14415=CARTESIAN_POINT('',(0.007550038157,-0.0014,0.0071945565583333));
#14416=CARTESIAN_POINT('',(0.008050038157,-0.0014,0.0071945565583333));
#14417=CARTESIAN_POINT('',(0.00755003815698728,-0.00140000008216636,0.0066945565583333));
#14418=CARTESIAN_POINT('',(0.007550038157,-0.0014,0.0066945565583333));
#14419=CARTESIAN_POINT('',(0.008050038157,-0.0008,0.0071945565583333));
#14420=CARTESIAN_POINT('',(0.0075500381565,-0.005725,0.0066896779793333));
#14421=CARTESIAN_POINT('',(0.007550038157,-0.00572499999952501,0.0071945565583333));
#14422=CARTESIAN_POINT('',(0.008050038157,-0.00525,0.0071945565583333));
#14423=CARTESIAN_POINT('',(0.00755003815680765,-0.00572499999967375,0.0066945565583333));
#14424=CARTESIAN_POINT('',(0.008050038157,-0.00525,0.0074995565583333));
#14425=CARTESIAN_POINT('',(0.00755003815673719,-0.00572500000024967,0.0066945565583333));
#14426=CARTESIAN_POINT('',(-0.0058749618435,-0.00475,4.55655833330066E-6));
#14427=CARTESIAN_POINT('',(-0.008199961843,-0.00475,0.000354556557333302));
#14428=CARTESIAN_POINT('',(-0.00354996184366667,-0.00475,0.000354556557666635));
#14429=CARTESIAN_POINT('',(-0.003549961844,-0.00475,0.000354556557333302));
#14430=CARTESIAN_POINT('',(-0.003549961844,-0.00475,4.55655833330066E-6));
#14431=CARTESIAN_POINT('',(-0.003549961844,-0.00475,4.55655833330066E-6));
#14432=CARTESIAN_POINT('',(-0.002429961843,-0.006,0.0027845565583333));
#14433=CARTESIAN_POINT('',(-0.002429961843,-0.00609833387,0.0046245565583333));
#14434=CARTESIAN_POINT('',(-0.002429961843,-0.00609833387,0.0046245565583333));
#14435=CARTESIAN_POINT('',(-0.002429961843,-0.00609833387,0.0046245565583333));
#14436=CARTESIAN_POINT('',(-0.002429961843,-0.00609833387,0.0030445565583333));
#14437=CARTESIAN_POINT('',(-0.002429961843,-0.00609833387,0.0030445565583333));
#14438=CARTESIAN_POINT('',(-0.002429961843,-0.0058,0.0027845565583333));
#14439=CARTESIAN_POINT('',(-0.002429961843,-0.0062,0.0047845565573333));
#14440=CARTESIAN_POINT('',(0.008050038157,-5.53147458393077E-14,0.00814955655835136));
#14441=CARTESIAN_POINT('',(0.008050038157,-0.0046,0.0071945565583333));
#14442=CARTESIAN_POINT('',(0.008050038157,-0.0046,0.00719455655824351));
#14443=CARTESIAN_POINT('',(0.008050038157,-0.0046,0.0076195565583333));
#14444=CARTESIAN_POINT('',(0.008050038157,-0.0046,0.0076195565583333));
#14445=CARTESIAN_POINT('',(0.008050038157,-0.0046,0.0076195565583333));
#14446=CARTESIAN_POINT('',(0.008050038157,-0.0014,0.0076195565583333));
#14447=CARTESIAN_POINT('',(0.008050038157,-0.0014,0.0076195565583333));
#14448=CARTESIAN_POINT('',(0.008050038157,0.0014,0.0071945565583333));
#14449=CARTESIAN_POINT('',(0.008050038157,0.0014,0.00719455655824351));
#14450=CARTESIAN_POINT('',(0.008050038157,0.0014,0.00761955655833331));
#14451=CARTESIAN_POINT('',(0.008050038157,0.0014,0.00761955655833331));
#14452=CARTESIAN_POINT('',(0.008050038157,0.0014,0.00761955655833331));
#14453=CARTESIAN_POINT('',(0.008050038157,0.0046,0.0076195565583333));
#14454=CARTESIAN_POINT('',(0.008050038157,0.0046,0.0076195565583333));
#14455=CARTESIAN_POINT('',(0.008050038157,0.0046,0.0071945565583333));
#14456=CARTESIAN_POINT('',(0.008050038157,0.00525,0.0071945565583333));
#14457=CARTESIAN_POINT('',(0.008050038157,0.00524999999993724,0.00719455655824351));
#14458=CARTESIAN_POINT('',(0.008050038157,0.00525,0.0074995565583333));
#14459=CARTESIAN_POINT('',(0.008050038157,0.00525,0.0087995565583333));
#14460=CARTESIAN_POINT('',(0.008050038157,0.0014,0.00867955655833331));
#14461=CARTESIAN_POINT('',(0.008050038157,-0.0008,0.0086795565583333));
#14462=CARTESIAN_POINT('',(0.008050038157,-0.0046,0.0086795565583333));
#14463=CARTESIAN_POINT('',(0.0076036279955,-0.00551355067,0.0040345565583333));
#14464=CARTESIAN_POINT('',(0.007257217835,-0.005448172599,0.0038345565583333));
#14465=CARTESIAN_POINT('',(0.007950038157,-0.00505,0.0042345565583333));
#14466=CARTESIAN_POINT('',(0.007950038157,0.00505,0.00423455655833331));
#14467=CARTESIAN_POINT('',(0.007950038157,0.00505,0.00423455655833331));
#14468=CARTESIAN_POINT('',(0.007950038157,-0.00505,0.0042345565583333));
#14469=CARTESIAN_POINT('',(-0.002429961843,-0.006,0.0047845565583333));
#14470=CARTESIAN_POINT('',(-0.004499961843,-0.0058,0.0047845565573333));
#14471=CARTESIAN_POINT('',(-0.000429961843000001,-0.0059987999995,0.0047845565583333));
#14472=CARTESIAN_POINT('',(-0.000429961843000001,-0.0062,0.0047845565583333));
#14473=CARTESIAN_POINT('',(-0.000429961843000001,-0.005799999999,0.0047845565583333));
#14474=CARTESIAN_POINT('',(-0.000429961843000001,-0.005799999999,0.0047845565583333));
#14475=CARTESIAN_POINT('',(0.0048811381575,-0.0014,0.0066945565583333));
#14476=CARTESIAN_POINT('',(0.002235144567,-0.001400000165,0.0066945565583333));
#14477=CARTESIAN_POINT('',(0.00175003815799364,-0.00140000008216636,0.0066945565583308));
#14478=CARTESIAN_POINT('',(0.002744661813,-0.0014,0.0076195565583333));
#14479=CARTESIAN_POINT('',(0.002744661813,-0.0014,0.0076195565583333));
#14480=CARTESIAN_POINT('',(0.002744661813,-0.0014,0.0076195565583333));
#14481=CARTESIAN_POINT('',(-0.000429961843000001,-3.43475248243408E-18,
0.000154556558333306));
#14482=CARTESIAN_POINT('',(-0.000429961843000001,-0.00405,0.0038345565573333));
#14483=CARTESIAN_POINT('',(-0.000429961843000001,-0.00405,0.0025745565583333));
#14484=CARTESIAN_POINT('',(-0.000429961843000002,-0.00555000010408749,0.00383455655823123));
#14485=CARTESIAN_POINT('',(-0.000429961843000002,-0.00555000005507223,0.00423122322476659));
#14486=CARTESIAN_POINT('',(-0.000429961843000002,-0.00555000000605697,0.00462788989130196));
#14487=CARTESIAN_POINT('',(-0.000429961843000002,-0.00554999995704171,0.00502455655783733));
#14488=CARTESIAN_POINT('',(-0.000429961843000902,-0.00554999997852413,0.0050245565578363));
#14489=CARTESIAN_POINT('',(-0.000429961843000001,-0.0049,0.0050245565583333));
#14490=CARTESIAN_POINT('',(-0.000429961843000001,-0.004899999999,0.0056745565583333));
#14491=CARTESIAN_POINT('',(-0.000429961843000001,0.00489999999799999,0.0056745565583333));
#14492=CARTESIAN_POINT('',(-0.000429961843000001,0.00489999999749166,0.0056745565583333));
#14493=CARTESIAN_POINT('',(-0.000429961843000001,0.0049,0.00502455655833331));
#14494=CARTESIAN_POINT('',(-0.000429961843000001,0.00555,0.00502455655833331));
#14495=CARTESIAN_POINT('',(-0.000429961843000001,0.00555,0.0038345565573333));
#14496=CARTESIAN_POINT('',(-0.000429961843000001,0.00405,0.0038345565573333));
#14497=CARTESIAN_POINT('',(-0.000429961843000001,0.00405,0.00257455655833331));
#14498=CARTESIAN_POINT('',(-0.000429961843000001,0.00295,0.00257455655833331));
#14499=CARTESIAN_POINT('',(-0.000429961843000001,0.00155,0.0038345565583333));
#14500=CARTESIAN_POINT('',(-0.000429961843000001,0.00155,0.00257455655833331));
#14501=CARTESIAN_POINT('',(-0.000429961843000001,0.000450000000999998,0.00257455655833331));
#14502=CARTESIAN_POINT('',(-0.000429961843000001,0.000450000000666665,0.00257455655833331));
#14503=CARTESIAN_POINT('',(-0.000429961843000001,0.000450000000999998,0.0038345565573333));
#14504=CARTESIAN_POINT('',(-0.000429961843000001,-0.00045,0.0038345565583333));
#14505=CARTESIAN_POINT('',(-0.000429961843000001,-0.00045,0.00257455655833331));
#14506=CARTESIAN_POINT('',(-0.000429961843000001,-0.00155,0.0025745565583333));
#14507=CARTESIAN_POINT('',(-0.000429961843000001,-0.00155,0.0025745565583333));
#14508=CARTESIAN_POINT('',(-0.000429961843000001,-0.00155,0.0038345565573333));
#14509=CARTESIAN_POINT('',(-0.000429961843000001,-0.00295,0.0038345565583333));
#14510=CARTESIAN_POINT('',(-0.000429961843000001,-0.00295,0.0025745565583333));
#14511=CARTESIAN_POINT('',(-0.000429961843000001,-0.00405,0.0025745565583333));
#14512=CARTESIAN_POINT('',(-0.000429961844000001,0.001024999999,0.000924556558333306));
#14513=CARTESIAN_POINT('',(-0.000429961843666668,0.00102499999966667,0.000604556557666639));
#14514=CARTESIAN_POINT('',(-0.000429961843875001,0.001024999999375,0.000924556558333306));
#14515=CARTESIAN_POINT('',(-0.000429961843000001,0.005050000001,0.000604556558333306));
#14516=CARTESIAN_POINT('',(-0.000429961843000001,0.00505000000066667,0.000604556558333306));
#14517=CARTESIAN_POINT('',(-0.000429961843000001,0.005050000001,0.000924556558333306));
#14518=CARTESIAN_POINT('',(-0.000429961843000001,0.00505000000066667,0.000924556558333306));
#14519=CARTESIAN_POINT('',(-0.000429961843000001,0.00575,0.000924556558333306));
#14520=CARTESIAN_POINT('',(-0.000429961843000001,0.00575,0.000924556558333306));
#14521=CARTESIAN_POINT('',(-0.000429961843000001,0.00575,0.000154556558333306));
#14522=CARTESIAN_POINT('',(-0.000429961843000001,0.00575,0.000154556558333306));
#14523=CARTESIAN_POINT('',(-0.000429961843000001,0.0062,0.000154556558333306));
#14524=CARTESIAN_POINT('',(-0.000429961843000001,0.0058,0.00278455655833331));
#14525=CARTESIAN_POINT('',(-0.000429961843000001,0.0058,0.00278455655833331));
#14526=CARTESIAN_POINT('',(-0.000429961843000001,0.005799999999,0.00478455655833331));
#14527=CARTESIAN_POINT('',(-0.000429961843000001,0.005799999999,0.00478455655833331));
#14528=CARTESIAN_POINT('',(-0.000429961843000001,0.005799999999,0.00478455655833331));
#14529=CARTESIAN_POINT('',(-0.000429961843000001,0.0046,0.00669455655733331));
#14530=CARTESIAN_POINT('',(-0.000429961843000001,0.0014,0.00639455655733331));
#14531=CARTESIAN_POINT('',(-0.000429961844000001,0.0008,0.00669455655833331));
#14532=CARTESIAN_POINT('',(-0.000429961844000001,-0.0008,0.0063945565573333));
#14533=CARTESIAN_POINT('',(-0.000429961844000001,-0.00135,0.0066945565573333));
#14534=CARTESIAN_POINT('',(-0.000429961843000001,-0.0046,0.0063945565573333));
#14535=CARTESIAN_POINT('',(-0.000429961843000001,-0.0062,0.0066945565583333));
#14536=CARTESIAN_POINT('',(-0.000429961843000001,-0.005799999999,0.0047845565583333));
#14537=CARTESIAN_POINT('',(-0.000429961843000001,-0.005799999999,0.0027845565583333));
#14538=CARTESIAN_POINT('',(-0.000429961843000001,-0.0062,0.0027845565583333));
#14539=CARTESIAN_POINT('',(-0.000429961843000001,-0.0062,0.000154556558333302));
#14540=CARTESIAN_POINT('',(-0.000429961843000001,-0.00575,0.000154556558333302));
#14541=CARTESIAN_POINT('',(-0.000429961843000001,-0.005749999999,0.000924556558333302));
#14542=CARTESIAN_POINT('',(-0.000429961843000001,-0.00574999999933334,0.000924556558333302));
#14543=CARTESIAN_POINT('',(-0.000429961843000001,-0.005050000001,0.000924556558333302));
#14544=CARTESIAN_POINT('',(-0.000429961843000001,-0.00505000000066667,0.000924556558333302));
#14545=CARTESIAN_POINT('',(-0.000429961843000001,-0.00505,0.000604556557333301));
#14546=CARTESIAN_POINT('',(-0.000429961843000001,-0.00505,0.000604556557333301));
#14547=CARTESIAN_POINT('',(-0.000429961843000001,-0.001025,0.000604556557333301));
#14548=CARTESIAN_POINT('',(-0.000429961843000001,-0.001025,0.000604556557666635));
#14549=CARTESIAN_POINT('',(-0.000429961844000001,-0.001024999999,0.0015745565563333));
#14550=CARTESIAN_POINT('',(-0.000429961843372424,-0.00102499999987758,0.000924556557583302));
#14551=CARTESIAN_POINT('',(-0.000429961844000001,-0.001024999999,0.0015745565563333));
#14552=CARTESIAN_POINT('',(-0.000429961843666667,-0.00102499999933333,0.00157455655666663));
#14553=CARTESIAN_POINT('',(-0.000429961843000001,0.001024999999,0.00157455655633331));
#14554=CARTESIAN_POINT('',(-0.000429961843629631,0.00102499999909259,0.0015745565564259));
#14555=CARTESIAN_POINT('',(-0.000429961844000001,0.001024999999,0.000924556558333306));
#14556=CARTESIAN_POINT('',(0.0018500381565,0.00405,0.00257455655833331));
#14557=CARTESIAN_POINT('',(0.006400038155,0.00405,0.00423455655733331));
#14558=CARTESIAN_POINT('',(0.006400038155,0.00405,0.00423455655766664));
#14559=CARTESIAN_POINT('',(0.006200038157,0.00405,0.00403455655833331));
#14560=CARTESIAN_POINT('',(0.007250038157,0.00405,0.00423455655733331));
#14561=CARTESIAN_POINT('',(0.007250038157,0.00405,0.00423455655766664));
#14562=CARTESIAN_POINT('',(0.007250038157,0.00405,0.0051745565583333));
#14563=CARTESIAN_POINT('',(0.007250038157,0.00405,0.0051745565583333));
#14564=CARTESIAN_POINT('',(0.007250038157,0.00405,0.0051745565583333));
#14565=CARTESIAN_POINT('',(-0.000429961843000001,0.00405,0.0051745565583333));
#14566=CARTESIAN_POINT('',(-0.000429961843000001,0.00405,0.00487455655833331));
#14567=CARTESIAN_POINT('',(-0.000429961843000001,0.00405,0.00487455655833331));
#14568=CARTESIAN_POINT('',(-0.003449961844,0.00405,0.00487455655733331));
#14569=CARTESIAN_POINT('',(-0.003449961844,0.00405,0.00487455655733331));
#14570=CARTESIAN_POINT('',(-0.003549961844,0.00405,0.0047745565583333));
#14571=CARTESIAN_POINT('',(-0.000429961843000001,0.00405,0.00257455655833331));
#14572=CARTESIAN_POINT('',(0.006200038157,0.00405,0.00403455655833331));
#14573=CARTESIAN_POINT('',(0.0018500381565,0.00155,0.00257455655833331));
#14574=CARTESIAN_POINT('',(0.006400038155,0.00155,0.00423455655733331));
#14575=CARTESIAN_POINT('',(0.00640003815516667,0.00155,0.00423455655749997));
#14576=CARTESIAN_POINT('',(0.006200038157,0.00155,0.00403455655833331));
#14577=CARTESIAN_POINT('',(0.007250038157,0.00155,0.00423455655733331));
#14578=CARTESIAN_POINT('',(0.007250038157,0.00155,0.00423455655766664));
#14579=CARTESIAN_POINT('',(0.007250038157,0.00155,0.0051745565583333));
#14580=CARTESIAN_POINT('',(0.007250038157,0.00155,0.0051745565583333));
#14581=CARTESIAN_POINT('',(0.007250038157,0.00155,0.0051745565583333));
#14582=CARTESIAN_POINT('',(-0.000429961843000001,0.00155,0.0051745565583333));
#14583=CARTESIAN_POINT('',(-0.000429961843000001,0.00155,0.00487455655833331));
#14584=CARTESIAN_POINT('',(-0.000429961843000001,0.00155,0.00487455655833331));
#14585=CARTESIAN_POINT('',(-0.003449961844,0.00155,0.00487455655733331));
#14586=CARTESIAN_POINT('',(-0.003449961844,0.00155,0.00487455655733331));
#14587=CARTESIAN_POINT('',(-0.003549961844,0.00155,0.0047745565583333));
#14588=CARTESIAN_POINT('',(-0.000429961843000001,0.00155,0.00257455655833331));
#14589=CARTESIAN_POINT('',(0.006200038157,0.00155,0.00403455655833331));
#14590=CARTESIAN_POINT('',(-0.000579961844000002,0.000875,0.000924556558333306));
#14591=CARTESIAN_POINT('',(-0.000429961844000001,0.001024999999,0.00157455655633331));
#14592=CARTESIAN_POINT('',(-0.000729961844000001,0.000725,0.00127455655783331));
#14593=CARTESIAN_POINT('',(-0.000729961844000001,0.000725,0.000924556558333306));
#14594=CARTESIAN_POINT('',(-0.000729961844000001,0.000725,0.000924556558333306));
#14595=CARTESIAN_POINT('',(-0.000429961844000001,0.001025,0.000924556558333306));
#14596=CARTESIAN_POINT('',(0.002447198156,0.001025,0.000604556557333305));
#14597=CARTESIAN_POINT('',(-0.000429961844000001,0.001025,0.000604556557333305));
#14598=CARTESIAN_POINT('',(0.005290038156,0.001025,0.000604556558333306));
#14599=CARTESIAN_POINT('',(-0.000429961844000001,0.001025,0.000924556558333306));
#14600=CARTESIAN_POINT('',(0.004970038156,0.001025,0.000924556557666639));
#14601=CARTESIAN_POINT('',(0.004970038156,0.001025,0.000924556557333306));
#14602=CARTESIAN_POINT('',(-0.0013399618435,0.00575,4.5565583333051E-6));
#14603=CARTESIAN_POINT('',(0.005470038157,0.00575,0.000424556558333303));
#14604=CARTESIAN_POINT('',(0.005470038157,0.00575,0.000424556558333303));
#14605=CARTESIAN_POINT('',(0.004970038155,0.00575,0.000924556558333306));
#14606=CARTESIAN_POINT('',(0.005470038157,0.00575,0.000424556558333303));
#14607=CARTESIAN_POINT('',(0.005470038157,0.00575,4.5565583333051E-6));
#14608=CARTESIAN_POINT('',(0.005470038157,0.00575,4.5565583333051E-6));
#14609=CARTESIAN_POINT('',(-0.008149961844,0.00575,0.000154556558333306));
#14610=CARTESIAN_POINT('',(0.004970038155,0.00575,0.000924556558333306));
#14611=CARTESIAN_POINT('',(0.0018500381565,-0.00045,0.00257455655833331));
#14612=CARTESIAN_POINT('',(0.006400038155,-0.00045,0.00423455655733331));
#14613=CARTESIAN_POINT('',(0.00640003815516667,-0.00045,0.00423455655749997));
#14614=CARTESIAN_POINT('',(0.006200038157,-0.00045,0.00403455655833331));
#14615=CARTESIAN_POINT('',(0.007250038157,-0.00045,0.00423455655733331));
#14616=CARTESIAN_POINT('',(0.007250038157,-0.00045,0.00423455655766664));
#14617=CARTESIAN_POINT('',(0.007250038157,-0.00045,0.0051745565583333));
#14618=CARTESIAN_POINT('',(0.007250038157,-0.00045,0.0051745565583333));
#14619=CARTESIAN_POINT('',(0.007250038157,-0.00045,0.0051745565583333));
#14620=CARTESIAN_POINT('',(-0.000429961843000001,-0.00045,0.0051745565583333));
#14621=CARTESIAN_POINT('',(-0.000429961843000001,-0.00045,0.00487455655833331));
#14622=CARTESIAN_POINT('',(-0.000429961843000001,-0.00045,0.00487455655833331));
#14623=CARTESIAN_POINT('',(-0.003449961844,-0.00045,0.00487455655733331));
#14624=CARTESIAN_POINT('',(-0.003449961844,-0.00045,0.00487455655733331));
#14625=CARTESIAN_POINT('',(-0.003549961844,-0.00045,0.0047745565583333));
#14626=CARTESIAN_POINT('',(-0.000429961843000001,-0.00045,0.00257455655833331));
#14627=CARTESIAN_POINT('',(0.006200038157,-0.00045,0.00403455655833331));
#14628=CARTESIAN_POINT('',(-0.000429961843000001,0.005975,0.000154556558333306));
#14629=CARTESIAN_POINT('',(0.0018500381565,-0.00405,0.0025745565573333));
#14630=CARTESIAN_POINT('',(0.006200038157,-0.00405,0.0040345565583333));
#14631=CARTESIAN_POINT('',(0.006200038157,-0.00405,0.0040345565583333));
#14632=CARTESIAN_POINT('',(-0.000429961843000001,-0.00405,0.0025745565583333));
#14633=CARTESIAN_POINT('',(-0.003549961843,-0.00405,0.0047745565583333));
#14634=CARTESIAN_POINT('',(-0.003449961844,-0.00405,0.0048745565573333));
#14635=CARTESIAN_POINT('',(-0.003449961844,-0.00405,0.0048745565573333));
#14636=CARTESIAN_POINT('',(-0.000429961843000001,-0.00405,0.0048745565583333));
#14637=CARTESIAN_POINT('',(-0.000429961843000001,-0.00405,0.0048745565583333));
#14638=CARTESIAN_POINT('',(-0.000429961843000001,-0.00405,0.0051745565583333));
#14639=CARTESIAN_POINT('',(-0.000429961843000001,-0.00405,0.0051745565583333));
#14640=CARTESIAN_POINT('',(0.007250038157,-0.00405,0.0051745565583333));
#14641=CARTESIAN_POINT('',(0.007250038157,-0.00405,0.0051745565583333));
#14642=CARTESIAN_POINT('',(0.007250038157,-0.00405,0.00423455655766663));
#14643=CARTESIAN_POINT('',(0.007250038157,-0.00405,0.0042345565573333));
#14644=CARTESIAN_POINT('',(0.00640003815516667,-0.00405,0.00423455655749997));
#14645=CARTESIAN_POINT('',(0.006400038155,-0.00405,0.0042345565573333));
#14646=CARTESIAN_POINT('',(-0.000579961844000002,-0.001024999999,0.0014245565573333));
#14647=CARTESIAN_POINT('',(-0.000729961844000001,0.000725,0.00127455655733331));
#14648=CARTESIAN_POINT('',(-0.000729961843000001,-0.000725,0.0012745565583333));
#14649=CARTESIAN_POINT('',(-0.000729961843000001,-0.000725,0.0012745565583333));
#14650=CARTESIAN_POINT('',(0.005290038156,0.00303750000050001,0.000604556558333306));
#14651=CARTESIAN_POINT('',(0.005290038156,0.00505,0.000604556558333306));
#14652=CARTESIAN_POINT('',(0.005290038156,0.00505,0.000604556558333306));
#14653=CARTESIAN_POINT('',(0.005290038156,0.001025,0.000604556558333306));
#14654=CARTESIAN_POINT('',(0.003325038157,0.00555,0.0038345565573333));
#14655=CARTESIAN_POINT('',(-0.000429961843000001,0.00555,0.00502455655833331));
#14656=CARTESIAN_POINT('',(0.007080038157,0.00555,0.00502455655833331));
#14657=CARTESIAN_POINT('',(0.007080038157,0.00555,0.00502455655833331));
#14658=CARTESIAN_POINT('',(0.0024471981565,0.00505,0.000604556558333306));
#14659=CARTESIAN_POINT('',(0.004970038155,0.005050000001,0.000924556558333306));
#14660=CARTESIAN_POINT('',(0.004970038155,0.00505000000066667,0.000924556558333306));
#14661=CARTESIAN_POINT('',(-0.000429961843000001,0.005050000001,0.000924556558333306));
#14662=CARTESIAN_POINT('',(-0.001339961844,-0.00575,4.55655833330066E-6));
#14663=CARTESIAN_POINT('',(0.005470038157,-0.00575,4.55655833330066E-6));
#14664=CARTESIAN_POINT('',(0.005470038157,-0.00575,4.55655833330066E-6));
#14665=CARTESIAN_POINT('',(0.005470038157,-0.00575,0.000424556558333303));
#14666=CARTESIAN_POINT('',(0.005470038157,-0.00575,0.000424556558333303));
#14667=CARTESIAN_POINT('',(0.004970038155,-0.00575,0.000924556558333302));
#14668=CARTESIAN_POINT('',(0.004970038155,-0.00575,0.000924556558333302));
#14669=CARTESIAN_POINT('',(-0.000429961843000001,-0.005749999999,0.000924556558333302));
#14670=CARTESIAN_POINT('',(-0.000429961843000001,-0.00575,0.000154556558333302));
#14671=CARTESIAN_POINT('',(0.003514813951,0.0049,0.00502455655833331));
#14672=CARTESIAN_POINT('',(-0.000429961843000001,0.00489999999799999,0.0056745565583333));
#14673=CARTESIAN_POINT('',(0.00708401275214001,0.00489999999863176,0.0056745565583333));
#14674=CARTESIAN_POINT('',(0.00820984577871961,0.0049,0.00502455655833331));
#14675=CARTESIAN_POINT('',(0.00741253476346734,0.00535890999551293,0.00548488428576615));
#14676=CARTESIAN_POINT('',(0.008211038157,0.0049,0.00502455655833331));
#14677=CARTESIAN_POINT('',(0.008050038157,0.003,0.00867955655833331));
#14678=CARTESIAN_POINT('',(-0.000429961843000001,-5.65519853168439E-18,
0.00257455655833331));
#14679=CARTESIAN_POINT('',(-0.006849961843,0.0005,0.00257455655833331));
#14680=CARTESIAN_POINT('',(-0.006849961843,0.0005,0.00257455655833331));
#14681=CARTESIAN_POINT('',(-0.006849961843,0.00065,0.00257455655833331));
#14682=CARTESIAN_POINT('',(-0.007799961844,0.0005,0.00257455655833331));
#14683=CARTESIAN_POINT('',(-0.007799961844,0.0005,0.00257455655833331));
#14684=CARTESIAN_POINT('',(-0.008199961843,9.99999999999966E-5,0.00257455655833331));
#14685=CARTESIAN_POINT('',(-0.008199961843,9.99999999999966E-5,0.00257455655833331));
#14686=CARTESIAN_POINT('',(-0.008199961843,-0.000100000000000004,0.00257455655833331));
#14687=CARTESIAN_POINT('',(-0.008199961843,-0.000100000000000004,0.00257455655833331));
#14688=CARTESIAN_POINT('',(-0.008199961843,-0.000100000000000004,0.00257455655833331));
#14689=CARTESIAN_POINT('',(-0.007799961844,-0.0005,0.00257455655833331));
#14690=CARTESIAN_POINT('',(-0.007799961844,-0.0005,0.00257455655833331));
#14691=CARTESIAN_POINT('',(-0.006849961843,-0.0005,0.00257455655833331));
#14692=CARTESIAN_POINT('',(-0.006849961843,-0.00065,0.00257455655833331));
#14693=CARTESIAN_POINT('',(-0.006849961843,-0.00065,0.00257455655833331));
#14694=CARTESIAN_POINT('',(-0.006849961843,-0.00065,0.00257455655833331));
#14695=CARTESIAN_POINT('',(-0.004299961843,-0.00065,0.00257455655833331));
#14696=CARTESIAN_POINT('',(-0.004299961843,-0.00135,0.0025745565583333));
#14697=CARTESIAN_POINT('',(-0.004299961843,-0.00135,0.0025745565583333));
#14698=CARTESIAN_POINT('',(-0.006849961843,-0.00135,0.0025745565583333));
#14699=CARTESIAN_POINT('',(-0.006849961843,-0.00135,0.0025745565583333));
#14700=CARTESIAN_POINT('',(-0.006849961843,-0.0015,0.0025745565583333));
#14701=CARTESIAN_POINT('',(-0.006849961843,-0.0015,0.0025745565583333));
#14702=CARTESIAN_POINT('',(-0.007799961844,-0.0015,0.0025745565583333));
#14703=CARTESIAN_POINT('',(-0.007799961844,-0.0015,0.0025745565583333));
#14704=CARTESIAN_POINT('',(-0.008199961843,-0.0019,0.0025745565583333));
#14705=CARTESIAN_POINT('',(-0.008199961843,-0.0019,0.0025745565583333));
#14706=CARTESIAN_POINT('',(-0.008199961843,-0.0026,0.0025745565583333));
#14707=CARTESIAN_POINT('',(-0.008199961843,-0.0026,0.0025745565583333));
#14708=CARTESIAN_POINT('',(-0.008199961843,-0.0026,0.0025745565583333));
#14709=CARTESIAN_POINT('',(-0.007799961844,-0.003,0.0025745565583333));
#14710=CARTESIAN_POINT('',(-0.007799961844,-0.003,0.0025745565583333));
#14711=CARTESIAN_POINT('',(-0.006849961843,-0.003,0.0025745565583333));
#14712=CARTESIAN_POINT('',(-0.006849961843,-0.00315,0.0025745565583333));
#14713=CARTESIAN_POINT('',(-0.006849961843,-0.00315,0.0025745565583333));
#14714=CARTESIAN_POINT('',(-0.006849961843,-0.00315,0.0025745565583333));
#14715=CARTESIAN_POINT('',(-0.004299961843,-0.00315,0.0025745565583333));
#14716=CARTESIAN_POINT('',(-0.004299961843,-0.00385,0.0025745565583333));
#14717=CARTESIAN_POINT('',(-0.004299961843,-0.00385,0.0025745565583333));
#14718=CARTESIAN_POINT('',(-0.006849961843,-0.00385,0.0025745565583333));
#14719=CARTESIAN_POINT('',(-0.006849961843,-0.00385,0.0025745565583333));
#14720=CARTESIAN_POINT('',(-0.006849961843,-0.004,0.0025745565583333));
#14721=CARTESIAN_POINT('',(-0.006849961843,-0.004,0.0025745565583333));
#14722=CARTESIAN_POINT('',(-0.007799961845,-0.004,0.0025745565573333));
#14723=CARTESIAN_POINT('',(-0.000429961843000001,-0.00295,0.0025745565583333));
#14724=CARTESIAN_POINT('',(-0.000429961843000001,-0.00155,0.0025745565583333));
#14725=CARTESIAN_POINT('',(-0.000429961843000001,0.000450000000999998,0.00257455655833331));
#14726=CARTESIAN_POINT('',(-0.008199961844,0.0044,0.00257455655733331));
#14727=CARTESIAN_POINT('',(-0.00779996184466667,0.00400000000033333,0.00257455655766664));
#14728=CARTESIAN_POINT('',(-0.007799961845,0.004,0.00257455655733331));
#14729=CARTESIAN_POINT('',(-0.006849961843,0.004,0.00257455655766664));
#14730=CARTESIAN_POINT('',(-0.006849961843,0.00385,0.00257455655833331));
#14731=CARTESIAN_POINT('',(-0.006849961843,0.00385,0.00257455655833331));
#14732=CARTESIAN_POINT('',(-0.006849961843,0.00385,0.00257455655833331));
#14733=CARTESIAN_POINT('',(-0.004299961843,0.00385,0.00257455655833331));
#14734=CARTESIAN_POINT('',(-0.004299961843,0.00315,0.00257455655833331));
#14735=CARTESIAN_POINT('',(-0.004299961843,0.00315,0.00257455655833331));
#14736=CARTESIAN_POINT('',(-0.006849961843,0.00315,0.00257455655833331));
#14737=CARTESIAN_POINT('',(-0.006849961843,0.00315,0.00257455655833331));
#14738=CARTESIAN_POINT('',(-0.006849961843,0.003,0.00257455655833331));
#14739=CARTESIAN_POINT('',(-0.006849961843,0.003,0.00257455655833331));
#14740=CARTESIAN_POINT('',(-0.007799961844,0.003,0.00257455655833331));
#14741=CARTESIAN_POINT('',(-0.007799961844,0.003,0.00257455655833331));
#14742=CARTESIAN_POINT('',(-0.008199961843,0.002600000001,0.00257455655833331));
#14743=CARTESIAN_POINT('',(-0.008199961843,0.002600000001,0.00257455655833331));
#14744=CARTESIAN_POINT('',(-0.008199961843,0.0019,0.00257455655833331));
#14745=CARTESIAN_POINT('',(-0.008199961843,0.0019,0.00257455655833331));
#14746=CARTESIAN_POINT('',(-0.007799961845,0.0015,0.00257455655833331));
#14747=CARTESIAN_POINT('',(-0.007799961845,0.0015,0.00257455655833331));
#14748=CARTESIAN_POINT('',(-0.007799961845,0.0015,0.00257455655833331));
#14749=CARTESIAN_POINT('',(-0.006849961843,0.0015,0.00257455655833331));
#14750=CARTESIAN_POINT('',(-0.006849961843,0.00135,0.00257455655833331));
#14751=CARTESIAN_POINT('',(-0.006849961843,0.00135,0.00257455655833331));
#14752=CARTESIAN_POINT('',(-0.006849961843,0.00135,0.00257455655833331));
#14753=CARTESIAN_POINT('',(-0.004299961843,0.00135,0.00257455655833331));
#14754=CARTESIAN_POINT('',(-0.004299961843,0.00065,0.00257455655833331));
#14755=CARTESIAN_POINT('',(-0.004299961843,0.00065,0.00257455655833331));
#14756=CARTESIAN_POINT('',(-0.006849961843,0.00065,0.00257455655833331));
#14757=CARTESIAN_POINT('',(0.0018500381565,0.00045,0.00257455655833331));
#14758=CARTESIAN_POINT('',(0.006200038157,0.00045,0.0038345565583333));
#14759=CARTESIAN_POINT('',(0.006200038157,0.00045,0.00403455655833331));
#14760=CARTESIAN_POINT('',(-0.003549961843,0.00045,0.0047745565583333));
#14761=CARTESIAN_POINT('',(-0.003449961844,0.00045,0.00487455655833331));
#14762=CARTESIAN_POINT('',(-0.003449961844,0.00045,0.00487455655833331));
#14763=CARTESIAN_POINT('',(-0.000429961843000001,0.00045,0.00487455655833331));
#14764=CARTESIAN_POINT('',(-0.000429961843000001,0.00045,0.00487455655833331));
#14765=CARTESIAN_POINT('',(-0.000429961843000001,0.00045,0.0051745565583333));
#14766=CARTESIAN_POINT('',(-0.000429961843000001,0.00045,0.0051745565583333));
#14767=CARTESIAN_POINT('',(0.007250038157,0.00045,0.0051745565583333));
#14768=CARTESIAN_POINT('',(0.007250038157,0.00045,0.00423455655733331));
#14769=CARTESIAN_POINT('',(0.007250038157,0.00045,0.00423455655766664));
#14770=CARTESIAN_POINT('',(0.006400038155,0.00045,0.00423455655733331));
#14771=CARTESIAN_POINT('',(0.00640003815516667,0.00045,0.00423455655749997));
#14772=CARTESIAN_POINT('',(0.006200038157,0.00045,0.00403455655833331));
#14773=CARTESIAN_POINT('',(0.007250038157,0.0035,0.0051745565583333));
#14774=CARTESIAN_POINT('',(-0.000429961843000001,0.004225,0.0051745565583333));
#14775=CARTESIAN_POINT('',(-0.000429961843000001,0.004225,0.0051745565583333));
#14776=CARTESIAN_POINT('',(-0.003449961843,0.004225,0.0051745565583333));
#14777=CARTESIAN_POINT('',(-0.000429961843000001,0.00405,0.0051745565583333));
#14778=CARTESIAN_POINT('',(0.007250038157,0.00295,0.0051745565583333));
#14779=CARTESIAN_POINT('',(-0.000429961843000001,0.00295,0.0051745565583333));
#14780=CARTESIAN_POINT('',(-0.000429961843000001,0.002775,0.0051745565583333));
#14781=CARTESIAN_POINT('',(-0.003449961843,0.002775,0.0051745565583333));
#14782=CARTESIAN_POINT('',(-0.003449961843,0.002775,0.0051745565583333));
#14783=CARTESIAN_POINT('',(-0.003449961843,0.004225,0.0051745565583333));
#14784=CARTESIAN_POINT('',(0.004970038155,0.0054000000005,0.000924556558333306));
#14785=CARTESIAN_POINT('',(0.004970038155,0.005050000001,0.000924556558333306));
#14786=CARTESIAN_POINT('',(0.0018500381565,-0.00295,0.0025745565583333));
#14787=CARTESIAN_POINT('',(0.006400038155,-0.00295,0.0042345565573333));
#14788=CARTESIAN_POINT('',(0.00640003815516667,-0.00295,0.00423455655749997));
#14789=CARTESIAN_POINT('',(0.006200038157,-0.00295,0.0040345565583333));
#14790=CARTESIAN_POINT('',(0.007250038157,-0.00295,0.0042345565573333));
#14791=CARTESIAN_POINT('',(0.007250038157,-0.00295,0.00423455655766663));
#14792=CARTESIAN_POINT('',(0.007250038157,-0.00295,0.0051745565583333));
#14793=CARTESIAN_POINT('',(0.007250038157,-0.00295,0.0051745565583333));
#14794=CARTESIAN_POINT('',(-0.000429961843000001,-0.00295,0.0051745565583333));
#14795=CARTESIAN_POINT('',(-0.000429961843000001,-0.00295,0.0051745565583333));
#14796=CARTESIAN_POINT('',(-0.000429961843000001,-0.00295,0.0048745565583333));
#14797=CARTESIAN_POINT('',(-0.000429961843000001,-0.00295,0.0048745565583333));
#14798=CARTESIAN_POINT('',(-0.003449961844,-0.00295,0.0048745565573333));
#14799=CARTESIAN_POINT('',(-0.003449961844,-0.00295,0.0048745565573333));
#14800=CARTESIAN_POINT('',(-0.003549961844,-0.00295,0.0047745565583333));
#14801=CARTESIAN_POINT('',(0.006200038157,-0.00295,0.0040345565583333));
#14802=CARTESIAN_POINT('',(0.004970038156,-1.21430643318376E-18,0.000924556558333306));
#14803=CARTESIAN_POINT('',(-0.000429961844000001,-0.001025,0.000924556557333301));
#14804=CARTESIAN_POINT('',(-0.000729961844000001,-0.000725,0.000924556558333302));
#14805=CARTESIAN_POINT('',(-0.000429961844000001,-0.001025,0.000924556557333301));
#14806=CARTESIAN_POINT('',(0.004970038156,-0.001025,0.000924556557666635));
#14807=CARTESIAN_POINT('',(0.004970038156,-0.001025,0.000924556557333301));
#14808=CARTESIAN_POINT('',(-0.000729961844000001,0.000725,0.000924556558333306));
#14809=CARTESIAN_POINT('',(-0.001929961843,0.000725,0.000924556558333306));
#14810=CARTESIAN_POINT('',(-0.001929961843,0.000725,0.000924556558333306));
#14811=CARTESIAN_POINT('',(-0.001929961843,-0.000725,0.000924556558333302));
#14812=CARTESIAN_POINT('',(-0.000729961844000001,-0.000725,0.000924556558333302));
#14813=CARTESIAN_POINT('',(0.0018500381565,-0.00155,0.0025745565583333));
#14814=CARTESIAN_POINT('',(0.006200038157,-0.00155,0.0038345565583333));
#14815=CARTESIAN_POINT('',(0.006200038157,-0.00155,0.0040345565583333));
#14816=CARTESIAN_POINT('',(-0.003549961843,-0.00155,0.0047745565583333));
#14817=CARTESIAN_POINT('',(-0.003449961844,-0.00155,0.0048745565573333));
#14818=CARTESIAN_POINT('',(-0.003449961844,-0.00155,0.0048745565573333));
#14819=CARTESIAN_POINT('',(-0.000429961843000001,-0.00155,0.0048745565583333));
#14820=CARTESIAN_POINT('',(-0.000429961843000001,-0.00155,0.0048745565583333));
#14821=CARTESIAN_POINT('',(-0.000429961843000001,-0.00155,0.0051745565583333));
#14822=CARTESIAN_POINT('',(-0.000429961843000001,-0.00155,0.0051745565583333));
#14823=CARTESIAN_POINT('',(0.007250038157,-0.00155,0.0051745565583333));
#14824=CARTESIAN_POINT('',(0.007250038157,-0.00155,0.0042345565573333));
#14825=CARTESIAN_POINT('',(0.007250038157,-0.00155,0.00423455655766663));
#14826=CARTESIAN_POINT('',(0.006400038155,-0.00155,0.0042345565573333));
#14827=CARTESIAN_POINT('',(0.00640003815516667,-0.00155,0.00423455655749997));
#14828=CARTESIAN_POINT('',(0.006200038157,-0.00155,0.0040345565583333));
#14829=CARTESIAN_POINT('',(-0.000429961843000001,-0.0059749999995,0.000154556558333302));
#14830=CARTESIAN_POINT('',(-0.001179961842,-0.006,0.0027845565583333));
#14831=CARTESIAN_POINT('',(-0.000429961843000001,-0.005799999999,0.0027845565583333));
#14832=CARTESIAN_POINT('',(-0.002922848098,-0.005949166935,0.0030445565583333));
#14833=CARTESIAN_POINT('',(-0.002922848098,-0.0058,0.0046245565583333));
#14834=CARTESIAN_POINT('',(-0.002922848098,-0.00609833387,0.0046245565583333));
#14835=CARTESIAN_POINT('',(-0.002922848098,-0.0058,0.0030445565583333));
#14836=CARTESIAN_POINT('',(-0.002922848098,-0.00609833387,0.0030445565583333));
#14837=CARTESIAN_POINT('',(-0.002922848098,-0.00609833387,0.0030445565583333));
#14838=CARTESIAN_POINT('',(0.0024471981565,-0.00505,0.000604556557333301));
#14839=CARTESIAN_POINT('',(0.005290038156,-0.00505,0.000604556557333301));
#14840=CARTESIAN_POINT('',(0.005290038156,-0.00505,0.000604556557333301));
#14841=CARTESIAN_POINT('',(0.004970038155,-0.00505,0.000924556558333302));
#14842=CARTESIAN_POINT('',(0.004970038155,-0.00505,0.000924556558333302));
#14843=CARTESIAN_POINT('',(0.004970038155,-0.00505,0.000924556558333302));
#14844=CARTESIAN_POINT('',(-0.000429961844000001,-7.8756445809347E-18,0.00639455655833331));
#14845=CARTESIAN_POINT('',(-0.002429961843,-0.006,0.0027845565583333));
#14846=CARTESIAN_POINT('',(0.007517025455,-0.005423216915,0.0054245565578333));
#14847=CARTESIAN_POINT('',(0.007084012753,-0.004899999999,0.0056745565583333));
#14848=CARTESIAN_POINT('',(0.00708401275213754,-0.00489999999971005,0.0056745565583333));
#14849=CARTESIAN_POINT('',(0.00820984577871961,-0.0049,0.0050245565583333));
#14850=CARTESIAN_POINT('',(0.00741253476418121,-0.00535890999510056,0.00548488428565085));
#14851=CARTESIAN_POINT('',(0.007412534765,-0.005358909995,0.00548488428533331));
#14852=CARTESIAN_POINT('',(0.007950038157,-0.00505,0.0051745565573333));
#14853=CARTESIAN_POINT('',(0.007950038157,-0.00505,0.0051745565573333));
#14854=CARTESIAN_POINT('',(0.007950038157,0.00505,0.00517455655799997));
#14855=CARTESIAN_POINT('',(0.007412534764,0.005358909994,0.00548488428633331));
#14856=CARTESIAN_POINT('',(-0.0079999618435,0.0028000000005,0.000354556558333307));
#14857=CARTESIAN_POINT('',(-0.007799961844,0.003,0.000354556558333307));
#14858=CARTESIAN_POINT('',(-0.007799961844,0.003,0.000354556558333307));
#14859=CARTESIAN_POINT('',(-0.008199961843,0.002600000001,0.000354556558333307));
#14860=CARTESIAN_POINT('',(-0.008199961843,0.002600000001,0.000354556558333307));
#14861=CARTESIAN_POINT('',(-0.007799961844,0.003,0.00257455655833331));
#14862=CARTESIAN_POINT('',(-0.007999961844,0.0017,0.000354556558333307));
#14863=CARTESIAN_POINT('',(-0.008199961843,0.0019,0.000354556558333307));
#14864=CARTESIAN_POINT('',(-0.008199961843,0.0019,0.000354556558333307));
#14865=CARTESIAN_POINT('',(-0.008199961843,0.0019,0.000354556558333307));
#14866=CARTESIAN_POINT('',(-0.007799961845,0.0015,0.000354556558333307));
#14867=CARTESIAN_POINT('',(-0.007799961845,0.0015,0.000354556558333307));
#14868=CARTESIAN_POINT('',(-0.000429961843000001,-0.002975,0.0063945565583333));
#14869=CARTESIAN_POINT('',(-0.000579961844000002,-0.000875,0.000924556557333301));
#14870=CARTESIAN_POINT('',(-0.000729961844000001,-0.000725,0.0012745565583333));
#14871=CARTESIAN_POINT('',(-0.002429961843,-0.005949166935,0.0030445565583333));
#14872=CARTESIAN_POINT('',(-0.002429961843,-0.00609833387,0.0030445565583333));
#14873=CARTESIAN_POINT('',(-0.005874961843,0.00475,4.5565583333051E-6));
#14874=CARTESIAN_POINT('',(-0.003549961843,0.00475,0.000354556557333306));
#14875=CARTESIAN_POINT('',(-0.003549961843,0.00475,0.00035455655766664));
#14876=CARTESIAN_POINT('',(-0.00354996184366667,0.00475,4.55655833330545E-6));
#14877=CARTESIAN_POINT('',(-0.003549961843,0.00475,0.000354556557333306));
#14878=CARTESIAN_POINT('',(-0.003549961844,0.00475,4.5565583333051E-6));
#14879=CARTESIAN_POINT('',(-0.004499961843,-0.005525,0.0074995565583333));
#14880=CARTESIAN_POINT('',(-0.004499961843,0.005525,0.0074995565583333));
#14881=CARTESIAN_POINT('',(-0.004499961843,0.00525,0.0074995565583333));
#14882=CARTESIAN_POINT('',(-0.008199961843,0.0022500000005,0.000354556558333307));
#14883=CARTESIAN_POINT('',(-0.008199961843,0.002600000001,0.000354556558333307));
#14884=CARTESIAN_POINT('',(-0.002429961843,0.006,0.00478455655833331));
#14885=CARTESIAN_POINT('',(-0.002429961843,0.0058,0.00478455655833331));
#14886=CARTESIAN_POINT('',(-0.004499961842,0.0062,0.00478455655833331));
#14887=CARTESIAN_POINT('',(-0.003549961843,1.00613961606655E-18,4.5565583333051E-6));
#14888=CARTESIAN_POINT('',(-0.003549961844,-0.00475,0.000354556557333302));
#14889=CARTESIAN_POINT('',(-0.003549961844,0.00475,4.5565583333051E-6));
#14890=CARTESIAN_POINT('',(-0.004499961843,-0.006,0.0047845565573333));
#14891=CARTESIAN_POINT('',(-0.000429961843000001,0.003,0.00639455655833331));
#14892=CARTESIAN_POINT('',(-0.000429961843000001,0.00599879999949999,0.00478455655833331));
#14893=CARTESIAN_POINT('',(-0.001929961841,0.0062,0.00478455655833331));
#14894=CARTESIAN_POINT('',(-0.002429961843,-0.005949166935,0.0046245565583333));
#14895=CARTESIAN_POINT('',(-0.002922848098,-0.00609833387,0.0046245565583333));
#14896=CARTESIAN_POINT('',(0.007250038157,-0.001,0.0042345565573333));
#14897=CARTESIAN_POINT('',(0.007250038157,-0.00155,0.0042345565573333));
#14898=CARTESIAN_POINT('',(0.007250038157,-0.00155,0.0051745565583333));
#14899=CARTESIAN_POINT('',(-0.001329961843,-0.000725,0.000924556558333302));
#14900=CARTESIAN_POINT('',(-0.001929961843,-0.000725,0.0012745565583333));
#14901=CARTESIAN_POINT('',(-0.001929961843,-0.000725,0.0012745565583333));
#14902=CARTESIAN_POINT('',(-0.001929961843,-0.000725,0.000924556558333302));
#14903=CARTESIAN_POINT('',(-0.0079999618435,-0.000299999999500001,0.000354556558333307));
#14904=CARTESIAN_POINT('',(-0.008199961843,-0.0001,0.000354556558333307));
#14905=CARTESIAN_POINT('',(-0.008199961843,-0.0001,0.000354556558333307));
#14906=CARTESIAN_POINT('',(-0.007799961844,-0.0005,0.000354556558333307));
#14907=CARTESIAN_POINT('',(-0.007799961844,-0.0005,0.00257455655833331));
#14908=CARTESIAN_POINT('',(-0.008199961843,-0.0001,0.000354556558333307));
#14909=CARTESIAN_POINT('',(-0.0026764049705,-0.00609833387,0.0030445565583333));
#14910=CARTESIAN_POINT('',(-0.007999961844,0.0042000000005,0.000354556557333306));
#14911=CARTESIAN_POINT('',(-0.008199961844,0.004400000001,0.000354556557333306));
#14912=CARTESIAN_POINT('',(-0.00779996184483334,0.00400000000083333,0.000354556558333307));
#14913=CARTESIAN_POINT('',(-0.007799961845,0.004000000001,0.000354556558333307));
#14914=CARTESIAN_POINT('',(-0.004499961843,0.006,0.00478455655733331));
#14915=CARTESIAN_POINT('',(0.003514813951,-0.0049,0.0050245565583333));
#14916=CARTESIAN_POINT('',(-0.000429961843000001,-0.004899999999,0.0056745565583333));
#14917=CARTESIAN_POINT('',(-0.000429961843000001,-0.00555,0.0050245565583333));
#14918=CARTESIAN_POINT('',(0.00708003819969779,-0.00554999997503418,0.00502455655879388));
#14919=CARTESIAN_POINT('',(0.00821103815699999,-0.0049,0.0050245565583333));
#14920=CARTESIAN_POINT('',(0.002447198156,-0.001025,0.000604556557333301));
#14921=CARTESIAN_POINT('',(0.005290038156,-0.001025,0.000604556558333301));
#14922=CARTESIAN_POINT('',(0.005290038156,-0.001025,0.000604556558333301));
#14923=CARTESIAN_POINT('',(0.004970038156,-0.001025,0.000924556557333301));
#14924=CARTESIAN_POINT('',(0.007950038157,-1.21430643318376E-18,0.00423455655833331));
#14925=CARTESIAN_POINT('',(0.007950038157,-0.00505,0.0042345565583333));
#14926=CARTESIAN_POINT('',(0.007950038157,0.00505,0.0051745565573333));
#14927=CARTESIAN_POINT('',(0.004970038155,-0.0054,0.000924556558333302));
#14928=CARTESIAN_POINT('',(0.004970038155,-0.00575,0.000924556558333302));
#14929=CARTESIAN_POINT('',(0.007250038157,-0.0035,0.0042345565583333));
#14930=CARTESIAN_POINT('',(0.006400038155,-0.00405,0.0042345565573333));
#14931=CARTESIAN_POINT('',(0.007250038157,-0.00405,0.0042345565573333));
#14932=CARTESIAN_POINT('',(-0.000429961843000001,-0.0059987999995,0.0027845565583333));
#14933=CARTESIAN_POINT('',(-0.002429961843,0.00594916693499999,0.00462455655833331));
#14934=CARTESIAN_POINT('',(-0.002922848098,0.0058,0.00462455655833331));
#14935=CARTESIAN_POINT('',(-0.002922848098,0.00609833386999999,0.00462455655833331));
#14936=CARTESIAN_POINT('',(-0.002429961843,0.0058,0.00462455655833331));
#14937=CARTESIAN_POINT('',(-0.002429961843,0.00609833386999999,0.00462455655833331));
#14938=CARTESIAN_POINT('',(-0.002922848098,0.00609833386999999,0.00462455655833331));
#14939=CARTESIAN_POINT('',(0.007515038157,-0.0053,0.0038345565573333));
#14940=CARTESIAN_POINT('',(0.00708003824449008,-0.00554999994971835,0.00502455655879945));
#14941=CARTESIAN_POINT('',(0.00708003814398886,-0.00555000000747767,0.00462788989197686));
#14942=CARTESIAN_POINT('',(0.00708003804348763,-0.005550000065237,0.00423122322515428));
#14943=CARTESIAN_POINT('',(0.0070800379429864,-0.00555000012299632,0.00383455655833169));
#14944=CARTESIAN_POINT('',(-0.007378111843,0.00392,0.0105199145203333));
#14945=CARTESIAN_POINT('',(-0.0072849618447601,0.00392,0.0105199145203333));
#14946=CARTESIAN_POINT('',(-0.00728496184492003,0.00380000006831155,0.0104299144867477));
#14947=CARTESIAN_POINT('',(-0.0072849618448802,0.00380000000020069,0.0106099145205782));
#14948=CARTESIAN_POINT('',(-0.007284961845,0.0038,0.0106099145193333));
#14949=CARTESIAN_POINT('',(-0.00703496184486655,0.00379999999951982,0.0106099145185357));
#14950=CARTESIAN_POINT('',(-0.007034961844732,0.00392,0.0105199145203333));
#14951=CARTESIAN_POINT('',(-0.00703496184485111,0.00379999999983599,0.0104299145206165));
#14952=CARTESIAN_POINT('',(-0.007034961845,0.0038,0.0104299145203333));
#14953=CARTESIAN_POINT('',(-0.002429961843,0.006,0.00278455655833331));
#14954=CARTESIAN_POINT('',(-0.002429961843,0.0058,0.0030445565583333));
#14955=CARTESIAN_POINT('',(-0.002429961843,0.00609833387,0.0030445565583333));
#14956=CARTESIAN_POINT('',(-0.002429961843,0.00609833386999999,0.00462455655833331));
#14957=CARTESIAN_POINT('',(-0.002429961843,0.0062,0.00278455655833331));
#14958=CARTESIAN_POINT('',(0.008050038157,-7.8756445809347E-18,0.00867955655833331));
#14959=CARTESIAN_POINT('',(-0.002429961843,0.005949166935,0.0030445565583333));
#14960=CARTESIAN_POINT('',(-0.002922848098,0.00609833387,0.0030445565583333));
#14961=CARTESIAN_POINT('',(-0.002922848098,0.00609833387,0.0030445565583333));
#14962=CARTESIAN_POINT('',(-0.002429961843,0.00609833387,0.0030445565583333));
#14963=CARTESIAN_POINT('',(-0.002429961843,0.006,0.00278455655833331));
#14964=CARTESIAN_POINT('',(0.0022473499845,-0.0046,0.0091420565578333));
#14965=CARTESIAN_POINT('',(0.002744661813,-0.0046,0.0086795565573333));
#14966=CARTESIAN_POINT('',(-0.000429961843000001,0.0059988,0.00278455655833331));
#14967=CARTESIAN_POINT('',(-0.000429961843000001,0.0058,0.00278455655833331));
#14968=CARTESIAN_POINT('',(0.008050038157,-0.003,0.0086795565583333));
#14969=CARTESIAN_POINT('',(0.005290038156,-0.0030375,0.000604556558333301));
#14970=CARTESIAN_POINT('',(0.005290038156,-0.00505,0.000604556557333301));
#14971=CARTESIAN_POINT('',(-0.002922848098,0.005949166935,0.0030445565583333));
#14972=CARTESIAN_POINT('',(-0.002922848098,0.00609833387,0.0030445565583333));
#14973=CARTESIAN_POINT('',(0.0048811381575,0.0014,0.00669455655833331));
#14974=CARTESIAN_POINT('',(0.003611831922,0.0014,0.00669455655833331));
#14975=CARTESIAN_POINT('',(0.007550038157,0.0014,0.00669455655833331));
#14976=CARTESIAN_POINT('',(0.001750038158,0.0014,0.00669455655833331));
#14977=CARTESIAN_POINT('',(0.001750038158,0.0014,0.00669455655833331));
#14978=CARTESIAN_POINT('',(0.002744661813,0.0014,0.00761955655833331));
#14979=CARTESIAN_POINT('',(0.002744661813,0.0014,0.00761955655833331));
#14980=CARTESIAN_POINT('',(0.007550038157,0.0014,0.0071945565583333));
#14981=CARTESIAN_POINT('',(-0.000459998741456481,-0.00555000222750659,0.00503416610761597));
#14982=CARTESIAN_POINT('',(-0.000460127298341161,-0.00554998834398219,0.00483343793589277));
#14983=CARTESIAN_POINT('',(-0.000460255914870974,-0.00554999883432349,0.00463270975615175));
#14984=CARTESIAN_POINT('',(-0.00046044879661394,-0.00554999723480737,0.00433161749224256));
#14985=CARTESIAN_POINT('',(-0.000460513092770759,-0.00554999796048431,0.0042312534038587));
#14986=CARTESIAN_POINT('',(-0.000460609532398331,-0.00554999659304556,0.00408070727209086));
#14987=CARTESIAN_POINT('',(-0.000460641675005485,-0.00554999400225182,0.00403052522887058));
#14988=CARTESIAN_POINT('',(-0.000460705977999227,-0.0055499985375544,0.00393016113923347));
#14989=CARTESIAN_POINT('',(-0.000460738140666641,-0.00555000690262915,0.00387997909240904));
#14990=CARTESIAN_POINT('',(-0.000460770267158278,-0.00554999559333142,0.00382979705205691));
#14991=CARTESIAN_POINT('',(0.000170905141716983,-0.00554995575388339,0.00503376195271317));
#14992=CARTESIAN_POINT('',(0.000170776494749637,-0.00554998685184296,0.00483303376619266));
#14993=CARTESIAN_POINT('',(0.000170647851937564,-0.00555001585258098,0.0046323055803618));
#14994=CARTESIAN_POINT('',(0.000170454899524819,-0.00555005096718474,0.00433121330437488));
#14995=CARTESIAN_POINT('',(0.000170390581344208,-0.00555006247043162,0.00423084921244556));
#14996=CARTESIAN_POINT('',(0.000170294134245416,-0.00555006216631678,0.00408030308032804));
#14997=CARTESIAN_POINT('',(0.00017026200765783,-0.00555004966766045,0.00403012104036729));
#14998=CARTESIAN_POINT('',(0.000170197689349894,-0.00555005964678165,0.00392975694893931));
#14999=CARTESIAN_POINT('',(0.000170165483639237,-0.00555008970361294,0.00387957489497874));
#15000=CARTESIAN_POINT('',(0.000170133339452713,-0.00555008572380922,0.00382939285221571));
#15001=CARTESIAN_POINT('',(0.00080180882107198,-0.00554999730046487,0.00503335776885528));
#15002=CARTESIAN_POINT('',(0.000801680165261911,-0.00555005722112609,0.00483262957285132));
#15003=CARTESIAN_POINT('',(0.000801551400553205,-0.00555017107878383,0.00463190135910421));
#15004=CARTESIAN_POINT('',(0.000801358399974995,-0.00555023330557334,0.00433080907419809));
#15005=CARTESIAN_POINT('',(0.000801294091655533,-0.00555023574250732,0.00423044498525158));
#15006=CARTESIAN_POINT('',(0.000801197714545688,-0.00555018869434857,0.00407989886851204));
#15007=CARTESIAN_POINT('',(0.000801165603144167,-0.00555016456644657,0.00402971683237712));
#15008=CARTESIAN_POINT('',(0.00080110141687814,-0.00555009565257596,0.00392935276690325));
#15009=CARTESIAN_POINT('',(0.000801069342119369,-0.00555005080895333,0.00387917073758323));
#15010=CARTESIAN_POINT('',(0.000801037288772333,-0.00554999407507638,0.00382898871217481));
#15011=CARTESIAN_POINT('',(0.0017481644904895,-0.00554999606714554,0.00503275151397484));
#15012=CARTESIAN_POINT('',(0.00174803573804494,-0.00555009029778217,0.00483202330668367));
#15013=CARTESIAN_POINT('',(0.00174790677927538,-0.00555032788222532,0.00463129505223451));
#15014=CARTESIAN_POINT('',(0.00174771369322383,-0.0055504681166264,0.00433020274166606));
#15015=CARTESIAN_POINT('',(0.00174764939103049,-0.00555047725611605,0.00422983865051444));
#15016=CARTESIAN_POINT('',(0.00174755309785523,-0.00555038315865786,0.00407929254925261));
#15017=CARTESIAN_POINT('',(0.00174752102664198,-0.00555033392209026,0.00402911052137768));
#15018=CARTESIAN_POINT('',(0.00174745694707277,-0.0055501929592109,0.00392874647960586));
#15019=CARTESIAN_POINT('',(0.00174742493891276,-0.00555010108904205,0.00387856446575628));
#15020=CARTESIAN_POINT('',(0.00174739296573105,-0.00554998602880782,0.00382838245953565));
#15021=CARTESIAN_POINT('',(0.0020636163810777,-0.00554999543758659,0.00503254942908652));
#15022=CARTESIAN_POINT('',(0.00206348757445578,-0.0055501095229422,0.00483182121526411));
#15023=CARTESIAN_POINT('',(0.00206335854576525,-0.00555043907730859,0.00463109293055974));
#15024=CARTESIAN_POINT('',(0.0020631654485775,-0.00555061803129626,0.00433000060725301));
#15025=CARTESIAN_POINT('',(0.00206310115229665,-0.00555062221372396,0.00422963651773186));
#15026=CARTESIAN_POINT('',(0.00206300488416008,-0.00555049019380258,0.00407909042894543));
#15027=CARTESIAN_POINT('',(0.00206297282446729,-0.00555042361926177,0.00402890840677425));
#15028=CARTESIAN_POINT('',(0.00206290878403129,-0.00555024158036804,0.00392854437851534));
#15029=CARTESIAN_POINT('',(0.00206287680472678,-0.0055501262566491,0.00387836237238134));
#15030=CARTESIAN_POINT('',(0.00206284486589909,-0.00554998396433132,0.0038281803751193));
#15031=CARTESIAN_POINT('',(0.0024579312445696,-0.00554999878237038,0.00503229682161691));
#15032=CARTESIAN_POINT('',(0.00245780236166035,-0.00555002742458479,0.00483156863590378));
#15033=CARTESIAN_POINT('',(0.00245767287506523,-0.00555032980412272,0.0046308403601465));
#15034=CARTESIAN_POINT('',(0.00245747961842287,-0.00555061801086441,0.00432974800090043));
#15035=CARTESIAN_POINT('',(0.00245741536743877,-0.00555068045689797,0.00422938389221106));
#15036=CARTESIAN_POINT('',(0.00245731930154624,-0.00555058671552053,0.00407883779082862));
#15037=CARTESIAN_POINT('',(0.00245728732858165,-0.00555052373217274,0.00402865576747465));
#15038=CARTESIAN_POINT('',(0.0024572234682455,-0.00555031411680078,0.00392829174828525));
#15039=CARTESIAN_POINT('',(0.00245719158028723,-0.00555016712900808,0.00387810975256686));
#15040=CARTESIAN_POINT('',(0.00245715973145792,-0.00554997440131997,0.00382792777189608));
#15041=CARTESIAN_POINT('',(0.00253679421735076,-0.0055499996899307,0.00503224630004449));
#15042=CARTESIAN_POINT('',(0.00253666531791711,-0.00555000447665792,0.00483151812217935));
#15043=CARTESIAN_POINT('',(0.00253653569774054,-0.00555029152297446,0.00463078985146868));
#15044=CARTESIAN_POINT('',(0.00253634242933133,-0.00555060898414406,0.00432969748259871));
#15045=CARTESIAN_POINT('',(0.00253627823915536,-0.00555069027148386,0.00422933336770953));
#15046=CARTESIAN_POINT('',(0.0025361822233765,-0.00555060361280821,0.00407878726399571));
#15047=CARTESIAN_POINT('',(0.0025361502585297,-0.00555054210914024,0.00402860524015496));
#15048=CARTESIAN_POINT('',(0.00253608614330016,-0.00555026023011817,0.0039282412447429));
#15049=CARTESIAN_POINT('',(0.00253605387493947,-0.00555000586229743,0.00387805928435578));
#15050=CARTESIAN_POINT('',(0.00253602208529099,-0.0055498120784187,0.00382787730403169));
#15051=CARTESIAN_POINT('',(0.00269452016233112,-0.00555000233963249,0.0050321452566251));
#15052=CARTESIAN_POINT('',(0.00269439124814662,-0.00554993759833486,0.00483141710163278));
#15053=CARTESIAN_POINT('',(0.0026942612665232,-0.00555014235376008,0.00463068885800009));
#15054=CARTESIAN_POINT('',(0.00269406798436464,-0.00555053218464194,0.00432959646532268));
#15055=CARTESIAN_POINT('',(0.00269400408702004,-0.00555068043625703,0.00422923232839677));
#15056=CARTESIAN_POINT('',(0.00269390824847222,-0.00555062197015219,0.00407868621540238));
#15057=CARTESIAN_POINT('',(0.00269387630067049,-0.00555057781195243,0.00402850418585576));
#15058=CARTESIAN_POINT('',(0.00269381034518252,-0.00554984701616168,0.00392814033815709));
#15059=CARTESIAN_POINT('',(0.00269377537408741,-0.00554888718174812,0.00387795860989249));
#15060=CARTESIAN_POINT('',(0.00269374389744237,-0.00554873809103347,0.00382777661486095));
#15061=CARTESIAN_POINT('',(0.00277338313444478,-0.00555000408821367,0.00503209473477602));
#15062=CARTESIAN_POINT('',(0.00277325422381473,-0.00554989335185048,0.00483136659491457));
#15063=CARTESIAN_POINT('',(0.00277312402646975,-0.00555002932450465,0.00463063837391329));
#15064=CARTESIAN_POINT('',(0.00277293071396247,-0.00555046026024107,0.00432954596771434));
#15065=CARTESIAN_POINT('',(0.00277286701247419,-0.00555065568965571,0.00422918181526347));
#15066=CARTESIAN_POINT('',(0.00277277131066244,-0.00555062451632995,0.00407863569328599));
#15067=CARTESIAN_POINT('',(0.00277273938667599,-0.00555059759862482,0.00402845365806769));
#15068=CARTESIAN_POINT('',(0.00277267205330798,-0.00554953666602972,0.00392808991899877));
#15069=CARTESIAN_POINT('',(0.00277263502668518,-0.00554804548413574,0.0038779083655658));
#15070=CARTESIAN_POINT('',(0.00277260377825939,-0.00554793570589083,0.0038277263575981));
#15071=CARTESIAN_POINT('',(0.00293110907524334,-0.00555000850650448,0.0050319936907749));
#15072=CARTESIAN_POINT('',(0.0029309802604101,-0.00554977888876542,0.00483126559001991));
#15073=CARTESIAN_POINT('',(0.00293084988675924,-0.00554968781044679,0.00463053744371274));
#15074=CARTESIAN_POINT('',(0.00293065617656112,-0.00555013164329767,0.00432944503327816));
#15075=CARTESIAN_POINT('',(0.00293059245826154,-0.00555041048096548,0.00422908085338876));
#15076=CARTESIAN_POINT('',(0.00293049701417754,-0.00555053703882091,0.00407853467951702));
#15077=CARTESIAN_POINT('',(0.00293046525286178,-0.00555058375814559,0.00402835262007181));
#15078=CARTESIAN_POINT('',(0.00293039691803651,-0.00554929910045764,0.00392798895461959));
#15079=CARTESIAN_POINT('',(0.00293035801540623,-0.00554731535359027,0.0038778075632569));
#15080=CARTESIAN_POINT('',(0.00293032701562117,-0.00554722958728351,0.00382762554738638));
#15081=CARTESIAN_POINT('',(0.00300997204384271,-0.00555001118265381,0.00503194316862075));
#15082=CARTESIAN_POINT('',(0.00300984332303272,-0.00554970835607656,0.00483121509194739));
#15083=CARTESIAN_POINT('',(0.00300971300094135,-0.00554945718445505,0.00463048699830295));
#15084=CARTESIAN_POINT('',(0.00300951889503493,-0.00554987079913604,0.00432939459781628));
#15085=CARTESIAN_POINT('',(0.00300945492790081,-0.00555018492208795,0.00422903040632525));
#15086=CARTESIAN_POINT('',(0.00300935961442718,-0.00555044810125557,0.00407848418750848));
#15087=CARTESIAN_POINT('',(0.0030093280068548,-0.00555055259182167,0.00402830210905542));
#15088=CARTESIAN_POINT('',(0.00300926025593734,-0.00554942086215942,0.00392793839328388));
#15089=CARTESIAN_POINT('',(0.0030092217996316,-0.00554754263688345,0.00387775696720021));
#15090=CARTESIAN_POINT('',(0.00300919079466464,-0.00554743513316015,0.003827574958481));
#15091=CARTESIAN_POINT('',(0.00316769797540349,-0.00555001706573121,0.00503184212413794));
#15092=CARTESIAN_POINT('',(0.00316756959428756,-0.00554954938606885,0.00483111410168994));
#15093=CARTESIAN_POINT('',(0.00316743995097464,-0.00554890305162107,0.00463038613802413));
#15094=CARTESIAN_POINT('',(0.00316724496128583,-0.00554908585111479,0.00432929381347861));
#15095=CARTESIAN_POINT('',(0.00316718001810382,-0.00554939448020379,0.0042289296238154));
#15096=CARTESIAN_POINT('',(0.00316708439913852,-0.00554999925822672,0.00407838329263717));
#15097=CARTESIAN_POINT('',(0.00316705294687312,-0.00555025113335506,0.00402820116569754));
#15098=CARTESIAN_POINT('',(0.0031669883967484,-0.00555002605493222,0.00392783715161064));
#15099=CARTESIAN_POINT('',(0.00316695402894251,-0.00554920363728578,0.00387765537813042));
#15100=CARTESIAN_POINT('',(0.00316692270796301,-0.00554897244517532,0.00382747341010669));
#15101=CARTESIAN_POINT('',(0.00324656093827937,-0.00555002027909896,0.00503179160180716));
#15102=CARTESIAN_POINT('',(0.00324643280461514,-0.00554946063266181,0.00483106360960896));
#15103=CARTESIAN_POINT('',(0.00324630380066503,-0.0055485774035895,0.00463033572385905));
#15104=CARTESIAN_POINT('',(0.0032461082945359,-0.00554855759563608,0.00432924346596877));
#15105=CARTESIAN_POINT('',(0.00324604258797366,-0.00554882450040852,0.00422887929004696));
#15106=CARTESIAN_POINT('',(0.00324594654252499,-0.00554964043888467,0.00407833288941843));
#15107=CARTESIAN_POINT('',(0.00324591510671117,-0.00554998330204006,0.00402815073254746));
#15108=CARTESIAN_POINT('',(0.00324585338095637,-0.00555055846314515,0.00392778645515826));
#15109=CARTESIAN_POINT('',(0.00324582292213014,-0.00555075307062122,0.00387760434704283));
#15110=CARTESIAN_POINT('',(0.0032457912647166,-0.00555041349065517,0.00382742241468124));
#15111=CARTESIAN_POINT('',(0.00340428685938731,-0.00555002617617573,0.00503169055731989));
#15112=CARTESIAN_POINT('',(0.00340415937437677,-0.00554929582248237,0.00483096262126845));
#15113=CARTESIAN_POINT('',(0.00340403215211981,-0.00554798546037833,0.00463023487600009));
#15114=CARTESIAN_POINT('',(0.00340383720776395,-0.00554733141252074,0.0043291428267144));
#15115=CARTESIAN_POINT('',(0.00340377102109887,-0.00554737715415326,0.00422877872353929));
#15116=CARTESIAN_POINT('',(0.0034036722582225,-0.00554833958522458,0.00407823227477833));
#15117=CARTESIAN_POINT('',(0.00340363960782184,-0.0055488156274726,0.00402805007412841));
#15118=CARTESIAN_POINT('',(0.00340357681180802,-0.00554978412875409,0.00392768566738005));
#15119=CARTESIAN_POINT('',(0.00340354710729052,-0.00555034381078573,0.00387750343915793));
#15120=CARTESIAN_POINT('',(0.00340351544619867,-0.00554995056554464,0.00382732152445079));
#15121=CARTESIAN_POINT('',(0.00348314981773041,-0.00555002874693603,0.00503164003520053));
#15122=CARTESIAN_POINT('',(0.0034830227318389,-0.00554922270929454,0.00483091212404081));
#15123=CARTESIAN_POINT('',(0.00348289662091233,-0.00554773044354172,0.00463018443859709));
#15124=CARTESIAN_POINT('',(0.00348270290485088,-0.00554667701828676,0.00432909252065149));
#15125=CARTESIAN_POINT('',(0.00348263713808032,-0.00554655736234184,0.00422872847186318));
#15126=CARTESIAN_POINT('',(0.0034825362391472,-0.00554746725137866,0.0040781820404275));
#15127=CARTESIAN_POINT('',(0.00348250238568358,-0.00554798889403887,0.00402799982480636));
#15128=CARTESIAN_POINT('',(0.00348243532144604,-0.00554858034132031,0.00392763554218166));
#15129=CARTESIAN_POINT('',(0.00348240195235857,-0.00554850983149766,0.00387745352133233));
#15130=CARTESIAN_POINT('',(0.00348237067445247,-0.00554816932822128,0.00382727158926885));
#15131=CARTESIAN_POINT('',(0.00364087573667965,-0.0055500315632629,0.00503153899172665));
#15132=CARTESIAN_POINT('',(0.00364074939396878,-0.00554913577813842,0.0048308111100821));
#15133=CARTESIAN_POINT('',(0.00364062528010674,-0.00554742297695908,0.00463008349716299));
#15134=CARTESIAN_POINT('',(0.0036404345776641,-0.00554593113139314,0.00432899172338882));
#15135=CARTESIAN_POINT('',(0.00364037011905388,-0.00554562634612901,0.00422862773547481));
#15136=CARTESIAN_POINT('',(0.00364026656218621,-0.00554655124010862,0.00407808129914831));
#15137=CARTESIAN_POINT('',(0.00364023089762038,-0.00554716519282924,0.00402789905319312));
#15138=CARTESIAN_POINT('',(0.00364015616895433,-0.00554765145327814,0.00392753480527099));
#15139=CARTESIAN_POINT('',(0.00364011603268241,-0.00554718598119906,0.00387735291442524));
#15140=CARTESIAN_POINT('',(0.00364008546678961,-0.00554687361519126,0.00382717097309801));
#15141=CARTESIAN_POINT('',(0.00371973869742675,-0.00555003182789628,0.00503148847036583));
#15142=CARTESIAN_POINT('',(0.00371961269516989,-0.00554912164650618,0.00483076059345422));
#15143=CARTESIAN_POINT('',(0.00371948946245623,-0.00554737039570607,0.00463003299317533));
#15144=CARTESIAN_POINT('',(0.00371930048145137,-0.00554583050431603,0.00432894123519308));
#15145=CARTESIAN_POINT('',(0.00371923686956251,-0.00554550226245215,0.00422857725499078));
#15146=CARTESIAN_POINT('',(0.00371913271500855,-0.00554648116810845,0.00407803080090212));
#15147=CARTESIAN_POINT('',(0.00371909642235981,-0.00554713740161446,0.00402784854104224));
#15148=CARTESIAN_POINT('',(0.0037190183372286,-0.00554782468014828,0.00392748422701024));
#15149=CARTESIAN_POINT('',(0.00371897514758551,-0.00554750679211885,0.00387730228763123));
#15150=CARTESIAN_POINT('',(0.00371894490471076,-0.00554717828132329,0.00382712035161324));
#15151=CARTESIAN_POINT('',(0.00387746462769138,-0.00555003008202899,0.0050313874283925));
#15152=CARTESIAN_POINT('',(0.00387733906144273,-0.00554915598783586,0.00483065953960778));
#15153=CARTESIAN_POINT('',(0.00387721690443455,-0.00554748808213807,0.00462993191190649));
#15154=CARTESIAN_POINT('',(0.00387702995877894,-0.00554618581591854,0.00432884007576158));
#15155=CARTESIAN_POINT('',(0.00387696728897938,-0.00554595471242879,0.00422847606361353));
#15156=CARTESIAN_POINT('',(0.00387686329781328,-0.00554703825363938,0.004077929575085));
#15157=CARTESIAN_POINT('',(0.003876826683799,-0.005547714213151,0.00402774730872245));
#15158=CARTESIAN_POINT('',(0.00387674666102398,-0.00554885664085541,0.00392738284493126));
#15159=CARTESIAN_POINT('',(0.00387670199890088,-0.00554908066364834,0.00387720072726495));
#15160=CARTESIAN_POINT('',(0.00387667193947696,-0.00554870298546983,0.00382701880742263));
#15161=CARTESIAN_POINT('',(0.00395632759734988,-0.00555002809059515,0.00503133690777372));
#15162=CARTESIAN_POINT('',(0.00395620212304783,-0.00554920414713383,0.00483060900249236));
#15163=CARTESIAN_POINT('',(0.00395608015601097,-0.00554765821831607,0.00462988133466874));
#15164=CARTESIAN_POINT('',(0.00395589346038022,-0.0055466326201807,0.00432878940752985));
#15165=CARTESIAN_POINT('',(0.00395583084440413,-0.00554651838680684,0.00422842535694852));
#15166=CARTESIAN_POINT('',(0.00395572753850371,-0.00554763901659442,0.00407787885619625));
#15167=CARTESIAN_POINT('',(0.00395569121116312,-0.00554828799246345,0.00402769659869387));
#15168=CARTESIAN_POINT('',(0.00395561264694907,-0.00554961370217095,0.00392733207456456));
#15169=CARTESIAN_POINT('',(0.00395556961496047,-0.00555014440618835,0.00387714985598016));
#15170=CARTESIAN_POINT('',(0.00395553941015983,-0.00554974216532304,0.00382696794422092));
#15171=CARTESIAN_POINT('',(0.00411405354725638,-0.00555002289221229,0.00503123586693591));
#15172=CARTESIAN_POINT('',(0.00411392795234793,-0.00554933901490349,0.00483050791558324));
#15173=CARTESIAN_POINT('',(0.0041138055699815,-0.00554814545397541,0.00462978013186093));
#15174=CARTESIAN_POINT('',(0.00411361741991798,-0.00554771691725895,0.00432868800835635));
#15175=CARTESIAN_POINT('',(0.0041135539017294,-0.00554784114477087,0.00422832387935127));
#15176=CARTESIAN_POINT('',(0.00411345207129019,-0.00554884707423535,0.00407777741628603));
#15177=CARTESIAN_POINT('',(0.00411341678648556,-0.00554934399375705,0.00402759520877484));
#15178=CARTESIAN_POINT('',(0.00411334411133887,-0.00555036856543658,0.00392723078363257));
#15179=CARTESIAN_POINT('',(0.00411330689730597,-0.00555083579499459,0.00387704858587822));
#15180=CARTESIAN_POINT('',(0.00411327613302465,-0.00555045426745256,0.00382686666730987));
#15181=CARTESIAN_POINT('',(0.00419291652764535,-0.00555001970433009,0.00503118534671061));
#15182=CARTESIAN_POINT('',(0.00419279071657626,-0.00554942540971123,0.00483045736589266));
#15183=CARTESIAN_POINT('',(0.00419266772432317,-0.00554846242194977,0.00462972950633428));
#15184=CARTESIAN_POINT('',(0.00419247780591546,-0.00554834527565756,0.00432863728041862));
#15185=CARTESIAN_POINT('',(0.00419241329014644,-0.0055485873690814,0.00422827311264727));
#15186=CARTESIAN_POINT('',(0.00419231217409429,-0.00554942797434517,0.00407772670394674));
#15187=CARTESIAN_POINT('',(0.00419227762510825,-0.00554979539229934,0.00402754453902471));
#15188=CARTESIAN_POINT('',(0.00419220942020758,-0.00555026469486521,0.00392718029651882));
#15189=CARTESIAN_POINT('',(0.00419217644323918,-0.00555027412319113,0.00387699824934854));
#15190=CARTESIAN_POINT('',(0.00419214525904441,-0.00554994633156755,0.00382681631310466));
#15191=CARTESIAN_POINT('',(0.00435064249191456,-0.00555001361022399,0.00503108430616737));
#15192=CARTESIAN_POINT('',(0.00435051612289546,-0.00554959473820344,0.0048303562676498));
#15193=CARTESIAN_POINT('',(0.00435039149680349,-0.00554907521329445,0.00462962826223446));
#15194=CARTESIAN_POINT('',(0.00435019887446689,-0.00554934129494499,0.00432853591027516));
#15195=CARTESIAN_POINT('',(0.00435013330272395,-0.0055496585390088,0.0042281717177824));
#15196=CARTESIAN_POINT('',(0.0043500337423873,-0.00555013817486746,0.00407762542780148));
#15197=CARTESIAN_POINT('',(0.0043500004645377,-0.00555028080431581,0.00402744333681442));
#15198=CARTESIAN_POINT('',(0.0043499354699352,-0.00555025151719461,0.0039270792583079));
#15199=CARTESIAN_POINT('',(0.00434990382202574,-0.00555006939206102,0.00387689727414687));
#15200=CARTESIAN_POINT('',(0.00434987249950514,-0.00554977807787533,0.00382671532590395));
#15201=CARTESIAN_POINT('',(0.00442950547515061,-0.00555001074315838,0.00503103378583656));
#15202=CARTESIAN_POINT('',(0.00442937878241919,-0.00554967616813785,0.00483030571959205));
#15203=CARTESIAN_POINT('',(0.00442925318765311,-0.00554936176902271,0.00462957764670892));
#15204=CARTESIAN_POINT('',(0.00442905981524848,-0.00554970924345302,0.00432848526797515));
#15205=CARTESIAN_POINT('',(0.00442899427325458,-0.00554999108139765,0.00422812108712487));
#15206=CARTESIAN_POINT('',(0.00442889561764514,-0.00555030497256703,0.00407757485166085));
#15207=CARTESIAN_POINT('',(0.0044288628606933,-0.00555036472866985,0.00402739278793415));
#15208=CARTESIAN_POINT('',(0.00442879666743229,-0.00555047783050109,0.00392702866258839));
#15209=CARTESIAN_POINT('',(0.00442876231242097,-0.00555065109197731,0.00387684656152315));
#15210=CARTESIAN_POINT('',(0.00442873125115254,-0.00555033421159732,0.00382666462169023));
#15211=CARTESIAN_POINT('',(0.00458723143931329,-0.00555000598647206,0.00503093274485344));
#15212=CARTESIAN_POINT('',(0.00458710415774448,-0.00554981365473925,0.00483020463182188));
#15213=CARTESIAN_POINT('',(0.00458697696568753,-0.00554981210922264,0.00462947645603637));
#15214=CARTESIAN_POINT('',(0.00458678276708517,-0.00555022945161793,0.00432838405431756));
#15215=CARTESIAN_POINT('',(0.00458671745128521,-0.00555043361901814,0.0042280198990111));
#15216=CARTESIAN_POINT('',(0.00458662011998367,-0.00555051026356801,0.00407747374158375));
#15217=CARTESIAN_POINT('',(0.00458658801592283,-0.00555046604544096,0.00402729171205855));
#15218=CARTESIAN_POINT('',(0.00458652065354855,-0.00555071755478788,0.0039269275411834));
#15219=CARTESIAN_POINT('',(0.00458648350977392,-0.00555126063684585,0.00387674531846598));
#15220=CARTESIAN_POINT('',(0.00458645268450371,-0.00555092965014389,0.00382656338327335));
#15221=CARTESIAN_POINT('',(0.00466609442028336,-0.00555000408551205,0.00503088222420488));
#15222=CARTESIAN_POINT('',(0.00466596687211015,-0.00554987002701272,0.00483015409200569));
#15223=CARTESIAN_POINT('',(0.00466583904099093,-0.00554997788354203,0.00462942588023495));
#15224=CARTESIAN_POINT('',(0.00466564476320079,-0.00555038333398844,0.00432833348242607));
#15225=CARTESIAN_POINT('',(0.00466557965454547,-0.00555054344213035,0.00422796934161113));
#15226=CARTESIAN_POINT('',(0.00466548276087553,-0.00555054636800641,0.00407742320843279));
#15227=CARTESIAN_POINT('',(0.00466545079839841,-0.00555047995062363,0.00402724118621014));
#15228=CARTESIAN_POINT('',(0.00466538331986865,-0.00555074693814413,0.00392687701024378));
#15229=CARTESIAN_POINT('',(0.00466534587539979,-0.00555133337646621,0.00387669477326447));
#15230=CARTESIAN_POINT('',(0.00466531504746351,-0.005551010870429,0.00382651283528212));
#15231=CARTESIAN_POINT('',(0.00490268335792668,-0.00554999977897624,0.00503073066179988));
#15232=CARTESIAN_POINT('',(0.00490255515975439,-0.00555000082402426,0.00483000248516111));
#15233=CARTESIAN_POINT('',(0.00490242600621331,-0.00555031750861018,0.00462927420469903));
#15234=CARTESIAN_POINT('',(0.00490223182801507,-0.00555065716451538,0.00432818182853119));
#15235=CARTESIAN_POINT('',(0.00490216717077838,-0.00555072502556399,0.00422781771806008));
#15236=CARTESIAN_POINT('',(0.00490207099896974,-0.00555060360930032,0.00407727162578291));
#15237=CARTESIAN_POINT('',(0.00490203916255627,-0.00555051473546498,0.0040270896109468));
#15238=CARTESIAN_POINT('',(0.00490197330082747,-0.00555057504501528,0.00392672550296638));
#15239=CARTESIAN_POINT('',(0.00490193820090334,-0.00555086519916409,0.00387654336344956));
#15240=CARTESIAN_POINT('',(0.0049019070255841,-0.00555061146480984,0.00382636140284484));
#15241=CARTESIAN_POINT('',(0.005060409309155,-0.0055499987162184,0.00503062961960176));
#15242=CARTESIAN_POINT('',(0.00506028088049126,-0.0055500382938871,0.00482990143028795));
#15243=CARTESIAN_POINT('',(0.0050601515767652,-0.00555035095094254,0.00462917315114765));
#15244=CARTESIAN_POINT('',(0.00505995777018365,-0.00555062144616336,0.004328080797732));
#15245=CARTESIAN_POINT('',(0.0050598932166284,-0.00555067283864055,0.00422771669268127));
#15246=CARTESIAN_POINT('',(0.00505979693674252,-0.00555056947496265,0.00407717059446619));
#15247=CARTESIAN_POINT('',(0.00505976493752621,-0.00555050467839972,0.00402698857170905));
#15248=CARTESIAN_POINT('',(0.00505970119711892,-0.00555029766271202,0.00392662455166374));
#15249=CARTESIAN_POINT('',(0.00505966945680958,-0.00555015518306919,0.00387644255446127));
#15250=CARTESIAN_POINT('',(0.00505963786158367,-0.00554997016411508,0.00382626057125267));
#15251=CARTESIAN_POINT('',(0.0058490390493941,-0.00554999599311063,0.00503012440775893));
#15252=CARTESIAN_POINT('',(0.00584890998382047,-0.00555013465799835,0.00482939618585234));
#15253=CARTESIAN_POINT('',(0.00584878036774528,-0.00555040089163761,0.00462866792198062));
#15254=CARTESIAN_POINT('',(0.00584858726636301,-0.00555048153504274,0.00432757563101567));
#15255=CARTESIAN_POINT('',(0.00584852311753626,-0.00555045597094904,0.00422721155127996));
#15256=CARTESIAN_POINT('',(0.00584842714877605,-0.00555033498074894,0.00407666545886397));
#15257=CARTESIAN_POINT('',(0.00584839519729447,-0.00555028157813267,0.00402648343235914));
#15258=CARTESIAN_POINT('',(0.00584833134483742,-0.00555015010736391,0.00392611938746378));
#15259=CARTESIAN_POINT('',(0.00584829944495047,-0.00555007183854821,0.00387593736913921));
#15260=CARTESIAN_POINT('',(0.00584826755456261,-0.00554998227108885,0.00382575535453154));
#15261=CARTESIAN_POINT('',(0.00647994293256966,-0.00554995213309081,0.00502972025199606));
#15262=CARTESIAN_POINT('',(0.00647981424418532,-0.00554999251302784,0.00482899206242155));
#15263=CARTESIAN_POINT('',(0.00647968553021827,-0.00555003516513313,0.00462826387210088));
#15264=CARTESIAN_POINT('',(0.00647949251843867,-0.00555008190054462,0.00432717159229126));
#15265=CARTESIAN_POINT('',(0.00647942818353145,-0.00555009704291669,0.00422680749916488));
#15266=CARTESIAN_POINT('',(0.00647933176206991,-0.00555009061890393,0.00407626136906047));
#15267=CARTESIAN_POINT('',(0.00647929966563788,-0.00555007201869396,0.00402607933110684));
#15268=CARTESIAN_POINT('',(0.0064792353472804,-0.00555008313353516,0.00392571523930528));
#15269=CARTESIAN_POINT('',(0.00647920310800779,-0.00555011947384903,0.00387553318327802));
#15270=CARTESIAN_POINT('',(0.00647917099889616,-0.0055501071163626,0.00382535114327057));
#15271=CARTESIAN_POINT('',(0.00711084658395153,-0.00555000215308228,0.00502931606535099));
#15272=CARTESIAN_POINT('',(0.0071107180343712,-0.00554998744832101,0.00482858789389786));
#15273=CARTESIAN_POINT('',(0.00711058941609079,-0.00554999776322453,0.00462785971421461));
#15274=CARTESIAN_POINT('',(0.00711039653735442,-0.00554999556203924,0.00432676745050334));
#15275=CARTESIAN_POINT('',(0.00711033223906398,-0.00554999684324953,0.00422640336193673));
#15276=CARTESIAN_POINT('',(0.0071102358017162,-0.00554999486165926,0.00407585723037093));
#15277=CARTESIAN_POINT('',(0.00711020366267638,-0.00554999163304039,0.00402567518736047));
#15278=CARTESIAN_POINT('',(0.00711013934896619,-0.00554999864377511,0.00392531109690905));
#15279=CARTESIAN_POINT('',(0.00711010717261013,-0.00555000952393094,0.00387512904925727));
#15280=CARTESIAN_POINT('',(0.0071100750686143,-0.00554999293062007,0.00382494701064337));
#15281=CARTESIAN_POINT('',(-0.001179961842,0.006,0.00278455655833331));
#15282=CARTESIAN_POINT('',(0.005470038157,1.00613961606655E-18,4.5565583333051E-6));
#15283=CARTESIAN_POINT('',(0.005470038157,-0.00575,0.000424556558333303));
#15284=CARTESIAN_POINT('',(0.005470038157,-0.00575,4.55655833330066E-6));
#15285=CARTESIAN_POINT('',(0.007550038157,0.0011,0.0071945565583333));
#15286=CARTESIAN_POINT('',(0.007550038157,0.0008,0.00669455655833331));
#15287=CARTESIAN_POINT('',(0.008050038157,0.003,0.00761955655833331));
#15288=CARTESIAN_POINT('',(0.002744661813,0.0014,0.00761955655833331));
#15289=CARTESIAN_POINT('',(0.002744661813,0.0046,0.0076195565583333));
#15290=CARTESIAN_POINT('',(0.008050038157,0.0046,0.0076195565583333));
#15291=CARTESIAN_POINT('',(-0.003549961843,1.00613961606655E-18,0.000354556558333307));
#15292=CARTESIAN_POINT('',(-0.004299961844,-0.00385,0.000354556558333302));
#15293=CARTESIAN_POINT('',(-0.00429996184366667,-0.00385,0.000354556558333303));
#15294=CARTESIAN_POINT('',(-0.005139961844,-0.00385,0.000354556558333302));
#15295=CARTESIAN_POINT('',(-0.004299961843,-0.00315,0.000354556558333302));
#15296=CARTESIAN_POINT('',(-0.004299961843,-0.00315,0.000354556558333302));
#15297=CARTESIAN_POINT('',(-0.004299961843,-0.00315,0.000354556558333302));
#15298=CARTESIAN_POINT('',(-0.005139961844,-0.00315,0.000354556558333302));
#15299=CARTESIAN_POINT('',(-0.005139961844,-0.00315,0.000354556558333302));
#15300=CARTESIAN_POINT('',(-0.005399961843,-0.003,0.000354556558333302));
#15301=CARTESIAN_POINT('',(-0.007799961844,-0.003,0.000354556558333302));
#15302=CARTESIAN_POINT('',(-0.007799961844,-0.003,0.000354556558333302));
#15303=CARTESIAN_POINT('',(-0.008199961843,-0.0026,0.000354556558333302));
#15304=CARTESIAN_POINT('',(-0.008199961843,-0.0026,0.000354556558333302));
#15305=CARTESIAN_POINT('',(-0.008199961843,-0.0019,0.000354556558333302));
#15306=CARTESIAN_POINT('',(-0.008199961843,-0.0019,0.000354556558333302));
#15307=CARTESIAN_POINT('',(-0.007799961844,-0.0015,0.000354556558333302));
#15308=CARTESIAN_POINT('',(-0.007799961844,-0.0015,0.000354556558333302));
#15309=CARTESIAN_POINT('',(-0.005399961843,-0.0015,0.000354556558333302));
#15310=CARTESIAN_POINT('',(-0.005399961843,-0.0015,0.000354556558333302));
#15311=CARTESIAN_POINT('',(-0.005139961844,-0.00135,0.000354556558333302));
#15312=CARTESIAN_POINT('',(-0.005139961844,-0.00135,0.000354556558333302));
#15313=CARTESIAN_POINT('',(-0.004299961844,-0.00135,0.000354556558333302));
#15314=CARTESIAN_POINT('',(-0.00429996184366667,-0.00135,0.000354556558333304));
#15315=CARTESIAN_POINT('',(-0.004299961843,-0.00065,0.000354556558333307));
#15316=CARTESIAN_POINT('',(-0.004299961843,-0.00065,0.000354556558333307));
#15317=CARTESIAN_POINT('',(-0.004299961843,-0.00065,0.000354556558333307));
#15318=CARTESIAN_POINT('',(-0.005139961844,-0.00065,0.000354556558333307));
#15319=CARTESIAN_POINT('',(-0.005139961844,-0.00065,0.000354556558333307));
#15320=CARTESIAN_POINT('',(-0.005399961843,-0.0005,0.000354556558333307));
#15321=CARTESIAN_POINT('',(-0.007799961844,-0.0005,0.000354556558333307));
#15322=CARTESIAN_POINT('',(-0.008199961843,9.99999999999989E-5,0.000354556558333307));
#15323=CARTESIAN_POINT('',(-0.008199961843,9.99999999999989E-5,0.000354556558333307));
#15324=CARTESIAN_POINT('',(-0.007799961844,0.0005,0.000354556558333307));
#15325=CARTESIAN_POINT('',(-0.007799961844,0.0005,0.000354556558333307));
#15326=CARTESIAN_POINT('',(-0.005399961843,0.0005,0.000354556558333307));
#15327=CARTESIAN_POINT('',(-0.005399961843,0.0005,0.000354556558333307));
#15328=CARTESIAN_POINT('',(-0.005139961844,0.00065,0.000354556558333307));
#15329=CARTESIAN_POINT('',(-0.005139961844,0.00065,0.000354556558333307));
#15330=CARTESIAN_POINT('',(-0.004299961844,0.00065,0.000354556558333307));
#15331=CARTESIAN_POINT('',(-0.00429996184366667,0.00065,0.000354556558333307));
#15332=CARTESIAN_POINT('',(-0.004299961843,0.00135,0.000354556558333307));
#15333=CARTESIAN_POINT('',(-0.004299961843,0.00135,0.000354556558333307));
#15334=CARTESIAN_POINT('',(-0.004299961843,0.00135,0.000354556558333307));
#15335=CARTESIAN_POINT('',(-0.005139961844,0.00135,0.000354556558333307));
#15336=CARTESIAN_POINT('',(-0.005139961844,0.00135,0.000354556558333307));
#15337=CARTESIAN_POINT('',(-0.005399961843,0.0015,0.000354556558333307));
#15338=CARTESIAN_POINT('',(-0.007799961845,0.0015,0.000354556558333307));
#15339=CARTESIAN_POINT('',(-0.005399961842,0.003000000001,0.000354556558333307));
#15340=CARTESIAN_POINT('',(-0.00539996184208324,0.00300000000081095,0.000354556558333307));
#15341=CARTESIAN_POINT('',(-0.005139961844,0.00315,0.000354556558333307));
#15342=CARTESIAN_POINT('',(-0.005139961844,0.00315,0.000354556558333307));
#15343=CARTESIAN_POINT('',(-0.004299961844,0.00315,0.000354556558333307));
#15344=CARTESIAN_POINT('',(-0.00429996184366667,0.00315,0.000354556558333307));
#15345=CARTESIAN_POINT('',(-0.004299961843,0.00385,0.000354556558333307));
#15346=CARTESIAN_POINT('',(-0.004299961843,0.00385,0.000354556558333307));
#15347=CARTESIAN_POINT('',(-0.004299961843,0.00385,0.000354556558333307));
#15348=CARTESIAN_POINT('',(-0.005139961844,0.00385,0.000354556558333307));
#15349=CARTESIAN_POINT('',(-0.005139961844,0.00385,0.000354556558333307));
#15350=CARTESIAN_POINT('',(-0.005399961843,0.004,0.000354556558333307));
#15351=CARTESIAN_POINT('',(-0.007799961845,0.004000000001,0.000354556558333307));
#15352=CARTESIAN_POINT('',(-0.005399961843,-0.004,0.000354556558333302));
#15353=CARTESIAN_POINT('',(-0.005399961843,-0.004,0.000354556558333302));
#15354=CARTESIAN_POINT('',(-0.005139961844,-0.00385,0.000354556558333302));
#15355=CARTESIAN_POINT('',(0.005470038157,1.00613961606655E-18,4.5565583333051E-6));
#15356=CARTESIAN_POINT('',(0.007250038157,0.001,0.00423455655833331));
#15357=CARTESIAN_POINT('',(0.006400038155,0.00045,0.00423455655733331));
#15358=CARTESIAN_POINT('',(0.007250038157,0.00045,0.00423455655733331));
#15359=CARTESIAN_POINT('',(0.007515038157,0.0053,0.0038345565573333));
#15360=CARTESIAN_POINT('',(0.007250038157,0.001,0.00423455655733331));
#15361=CARTESIAN_POINT('',(0.007250038157,0.00045,0.0051745565583333));
#15362=CARTESIAN_POINT('',(0.007250038157,-0.0035,0.0051745565583333));
#15363=CARTESIAN_POINT('',(-0.000429961843000001,-0.002775,0.0051745565583333));
#15364=CARTESIAN_POINT('',(-0.000429961843000001,-0.002775,0.0051745565583333));
#15365=CARTESIAN_POINT('',(-0.00344996184375,-0.002775,0.0051745565583333));
#15366=CARTESIAN_POINT('',(-0.000429961843000001,-0.00295,0.0051745565583333));
#15367=CARTESIAN_POINT('',(0.007250038157,-0.00405,0.0051745565583333));
#15368=CARTESIAN_POINT('',(-0.000429961843000001,-0.00405,0.0051745565583333));
#15369=CARTESIAN_POINT('',(-0.000429961843000001,-0.004225,0.0051745565583333));
#15370=CARTESIAN_POINT('',(-0.003449961843,-0.004225,0.0051745565583333));
#15371=CARTESIAN_POINT('',(-0.003449961843,-0.004225,0.0051745565583333));
#15372=CARTESIAN_POINT('',(-0.003449961843,-0.002775,0.0051745565583333));
#15373=CARTESIAN_POINT('',(0.007250038157,-0.001,0.0051745565583333));
#15374=CARTESIAN_POINT('',(-0.000429961843000001,-0.000275000000000004,
0.0051745565583333));
#15375=CARTESIAN_POINT('',(-0.000429961843000001,-0.000275000000000004,
0.0051745565583333));
#15376=CARTESIAN_POINT('',(-0.000429961843000001,-0.00045,0.0051745565583333));
#15377=CARTESIAN_POINT('',(-0.000429961843000001,-0.00155,0.0051745565583333));
#15378=CARTESIAN_POINT('',(-0.000429961843000001,-0.001725,0.0051745565583333));
#15379=CARTESIAN_POINT('',(-0.003449961843,-0.001725,0.0051745565583333));
#15380=CARTESIAN_POINT('',(0.007250038157,0.0035,0.00423455655833331));
#15381=CARTESIAN_POINT('',(0.006400038155,0.00405,0.00423455655733331));
#15382=CARTESIAN_POINT('',(0.007250038157,0.00295,0.00423455655733331));
#15383=CARTESIAN_POINT('',(-0.0079999618435,0.0003,0.000354556558333307));
#15384=CARTESIAN_POINT('',(-0.008199961843,9.99999999999989E-5,0.000354556558333307));
#15385=CARTESIAN_POINT('',(-0.007799961844,0.0005,0.000354556558333307));
#15386=CARTESIAN_POINT('',(0.007250038157,0.001,0.0051745565583333));
#15387=CARTESIAN_POINT('',(-0.000429961843000001,0.001725,0.0051745565583333));
#15388=CARTESIAN_POINT('',(-0.000429961843000001,0.001725,0.0051745565583333));
#15389=CARTESIAN_POINT('',(-0.003449961843,0.001725,0.0051745565583333));
#15390=CARTESIAN_POINT('',(-0.000429961843000001,0.00155,0.0051745565583333));
#15391=CARTESIAN_POINT('',(-0.000429961843000001,0.00045,0.0051745565583333));
#15392=CARTESIAN_POINT('',(-0.000429961843000001,0.000275,0.0051745565583333));
#15393=CARTESIAN_POINT('',(-0.003449961843,0.000275,0.0051745565583333));
#15394=CARTESIAN_POINT('',(-0.003449961843,0.000275,0.0051745565583333));
#15395=CARTESIAN_POINT('',(-0.003449961843,0.001725,0.0051745565583333));
#15396=CARTESIAN_POINT('',(0.007250038157,0.0035,0.00423455655733331));
#15397=CARTESIAN_POINT('',(0.0075500381565,0.005725,0.00668967798933331));
#15398=CARTESIAN_POINT('',(0.007550038157,0.00572499999952499,0.0071945565583333));
#15399=CARTESIAN_POINT('',(0.007550038157,0.005725,0.00669455655833331));
#15400=CARTESIAN_POINT('',(0.007550038157,0.005725,0.00669455655833331));
#15401=CARTESIAN_POINT('',(0.001775038157,0.00525,0.0074995565583333));
#15402=CARTESIAN_POINT('',(0.007550038157,0.005165875,0.0071945565583333));
#15403=CARTESIAN_POINT('',(0.007550038157,0.0046,0.0071945565583333));
#15404=CARTESIAN_POINT('',(0.00755003815698092,0.00460000004051349,0.00669455655833331));
#15405=CARTESIAN_POINT('',(0.007550038157,0.0046,0.00669455655833331));
#15406=CARTESIAN_POINT('',(0.0048811381575,0.0046,0.00669455655833331));
#15407=CARTESIAN_POINT('',(0.002301740582,0.004600000082,0.00669455655833331));
#15408=CARTESIAN_POINT('',(0.001750038158,0.00460000004051334,0.00669455655833331));
#15409=CARTESIAN_POINT('',(0.002744661813,0.0046,0.0076195565583333));
#15410=CARTESIAN_POINT('',(-0.0079999618435,-0.0017000000005,0.000354556558333302));
#15411=CARTESIAN_POINT('',(-0.008199961843,-0.0019,0.000354556558333302));
#15412=CARTESIAN_POINT('',(-0.007799961844,-0.0015,0.000354556558333302));
#15413=CARTESIAN_POINT('',(0.0022473499855,-0.0046,0.0071570565583333));
#15414=CARTESIAN_POINT('',(0.002744661813,-0.0046,0.0076195565583333));
#15415=CARTESIAN_POINT('',(0.002744661813,-0.0046,0.0076195565583333));
#15416=CARTESIAN_POINT('',(0.001750038158,-0.0046,0.0066945565583333));
#15417=CARTESIAN_POINT('',(0.001750038158,-0.00460000000095311,0.00669455655831276));
#15418=CARTESIAN_POINT('',(0.001750038158,-0.0014,0.0066945565583333));
#15419=CARTESIAN_POINT('',(0.008050038157,-0.003,0.0076195565583333));
#15420=CARTESIAN_POINT('',(0.002744661813,-0.0046,0.0076195565583333));
#15421=CARTESIAN_POINT('',(-0.008199961843,-3.43475248243408E-18,0.000354556558333307));
#15422=CARTESIAN_POINT('',(0.007550038157,-0.005165875,0.0071945565583333));
#15423=CARTESIAN_POINT('',(0.007550038157,-0.005725,0.0066945565583333));
#15424=CARTESIAN_POINT('',(0.007550038157,-0.0046,0.0066945565583333));
#15425=CARTESIAN_POINT('',(0.007550038157,-0.0046,0.0071945565583333));
#15426=CARTESIAN_POINT('',(-0.008199961843,-0.00225,0.000354556558333302));
#15427=CARTESIAN_POINT('',(-0.008199961843,-0.0026,0.000354556558333302));
#15428=CARTESIAN_POINT('',(-0.0079999618435,-0.0027999999995,0.000354556558333302));
#15429=CARTESIAN_POINT('',(-0.007799961844,-0.003,0.0025745565583333));
#15430=CARTESIAN_POINT('',(0.0048811381575,-0.0046,0.0066945565583333));
#15431=CARTESIAN_POINT('',(0.003611831948,-0.0046,0.0066945565583333));
#15432=CARTESIAN_POINT('',(0.007250038157,-0.001,0.0042345565583333));
#15433=CARTESIAN_POINT('',(0.006400038155,-0.00155,0.0042345565573333));
#15434=CARTESIAN_POINT('',(-0.0013299618435,0.000725,0.000924556558333306));
#15435=CARTESIAN_POINT('',(-0.000729961844000001,0.000725,0.00127455655833331));
#15436=CARTESIAN_POINT('',(-0.001929961843,0.000725,0.00127455655833331));
#15437=CARTESIAN_POINT('',(-0.001929961843,0.000725,0.000924556558333306));
#15438=CARTESIAN_POINT('',(0.005220038156,-0.00575,0.000674556558333302));
#15439=CARTESIAN_POINT('',(-0.001929961843,-5.65519853168439E-18,0.000924556558333306));
#15440=CARTESIAN_POINT('',(-0.001929961843,0.000725,0.00127455655833331));
#15441=CARTESIAN_POINT('',(0.007084012753,-5.00005696568717E-13,0.00567455655833331));
#15442=CARTESIAN_POINT('',(0.007250038157,-0.0035,0.0042345565573333));
#15443=CARTESIAN_POINT('',(-0.0026764049705,0.00609833387,0.0030445565583333));
#15444=CARTESIAN_POINT('',(0.0022473499855,0.0014,0.00715705655833331));
#15445=CARTESIAN_POINT('',(0.001750038158,0.0046,0.00669455655833331));
#15446=CARTESIAN_POINT('',(0.00345973173346548,-0.00327938542313668,0.00669455655824434));
#15447=CARTESIAN_POINT('',(0.00345463782982373,0.0033005418996943,0.00669455655833331));
#15448=CARTESIAN_POINT('',(0.006200038157,0.00405,0.00403455655833331));
#15449=CARTESIAN_POINT('',(0.006200038157,0.00405,0.00403455655833331));
#15450=CARTESIAN_POINT('',(-0.000429961843000001,0.00405,0.00487455655833331));
#15451=CARTESIAN_POINT('',(-0.000429961843000001,0.00405,0.00487455655833331));
#15452=CARTESIAN_POINT('',(-0.000429961843000001,0.004225,0.00487455655833331));
#15453=CARTESIAN_POINT('',(-0.003449961844,0.004225,0.00487455655733331));
#15454=CARTESIAN_POINT('',(-0.003449961844,0.004225,0.00487455655733331));
#15455=CARTESIAN_POINT('',(-0.003449961844,0.00405,0.00487455655733331));
#15456=CARTESIAN_POINT('',(-0.000429961843000001,0.00405,0.0051745565583333));
#15457=CARTESIAN_POINT('',(-0.000429961843000001,0.004225,0.00487455655833331));
#15458=CARTESIAN_POINT('',(-0.003449961844,0.00295,0.00487455655833331));
#15459=CARTESIAN_POINT('',(-0.003449961844,0.00295,0.00487455655833331));
#15460=CARTESIAN_POINT('',(-0.003449961844,0.002775,0.00487455655833331));
#15461=CARTESIAN_POINT('',(-0.003449961844,0.002775,0.00487455655833331));
#15462=CARTESIAN_POINT('',(-0.000429961843000001,0.002775,0.00487455655833331));
#15463=CARTESIAN_POINT('',(-0.000429961843000001,0.00295,0.00487455655833331));
#15464=CARTESIAN_POINT('',(-0.000429961843000001,0.00295,0.00487455655833331));
#15465=CARTESIAN_POINT('',(-0.000429961843000001,0.002775,0.00487455655833331));
#15466=CARTESIAN_POINT('',(-0.000429961843000001,0.00155,0.00487455655833331));
#15467=CARTESIAN_POINT('',(-0.000429961843000001,0.00155,0.00487455655833331));
#15468=CARTESIAN_POINT('',(-0.000429961843000001,0.001725,0.00487455655833331));
#15469=CARTESIAN_POINT('',(-0.003449961844,0.001725,0.00487455655733331));
#15470=CARTESIAN_POINT('',(-0.003449961844,0.001725,0.00487455655733331));
#15471=CARTESIAN_POINT('',(-0.003449961844,0.00155,0.00487455655733331));
#15472=CARTESIAN_POINT('',(-0.000429961843000001,0.00155,0.0051745565583333));
#15473=CARTESIAN_POINT('',(-0.000429961843000001,0.001725,0.00487455655833331));
#15474=CARTESIAN_POINT('',(-0.003449961844,0.00045,0.00487455655833331));
#15475=CARTESIAN_POINT('',(-0.003449961844,0.00045,0.00487455655833331));
#15476=CARTESIAN_POINT('',(-0.003449961844,0.000275,0.00487455655833331));
#15477=CARTESIAN_POINT('',(-0.003449961844,0.000275,0.00487455655833331));
#15478=CARTESIAN_POINT('',(-0.000429961843000001,0.000275,0.00487455655833331));
#15479=CARTESIAN_POINT('',(-0.000429961843000001,0.00045,0.00487455655833331));
#15480=CARTESIAN_POINT('',(-0.000429961843000001,0.00045,0.00487455655833331));
#15481=CARTESIAN_POINT('',(-0.000429961843000001,0.000275,0.00487455655833331));
#15482=CARTESIAN_POINT('',(-0.000429961843000001,-0.00045,0.00487455655833331));
#15483=CARTESIAN_POINT('',(-0.000429961843000001,-0.00045,0.00487455655833331));
#15484=CARTESIAN_POINT('',(-0.000429961843000001,-0.000275000000000004,
0.00487455655833331));
#15485=CARTESIAN_POINT('',(-0.003449961844,-0.000275000000000004,0.00487455655733331));
#15486=CARTESIAN_POINT('',(-0.003449961844,-0.000275000000000004,0.00487455655733331));
#15487=CARTESIAN_POINT('',(-0.003449961844,-0.00045,0.00487455655733331));
#15488=CARTESIAN_POINT('',(-0.000429961843000001,-0.00045,0.0051745565583333));
#15489=CARTESIAN_POINT('',(-0.000429961843000001,-0.000275000000000004,
0.00487455655833331));
#15490=CARTESIAN_POINT('',(-0.003449961844,-0.00155,0.0048745565573333));
#15491=CARTESIAN_POINT('',(-0.003449961844,-0.00155,0.0048745565573333));
#15492=CARTESIAN_POINT('',(-0.003449961844,-0.001725,0.0048745565573333));
#15493=CARTESIAN_POINT('',(-0.003449961844,-0.001725,0.0048745565573333));
#15494=CARTESIAN_POINT('',(-0.000429961843000001,-0.001725,0.0048745565583333));
#15495=CARTESIAN_POINT('',(-0.000429961843000001,-0.00155,0.0048745565583333));
#15496=CARTESIAN_POINT('',(-0.000429961843000001,-0.00155,0.0048745565583333));
#15497=CARTESIAN_POINT('',(-0.000429961843000001,-0.001725,0.0048745565583333));
#15498=CARTESIAN_POINT('',(-0.000429961843000001,-0.00295,0.0048745565583333));
#15499=CARTESIAN_POINT('',(-0.000429961843000001,-0.00295,0.0048745565583333));
#15500=CARTESIAN_POINT('',(-0.000429961843000001,-0.002775,0.0048745565583333));
#15501=CARTESIAN_POINT('',(-0.003449961844,-0.002775,0.0048745565573333));
#15502=CARTESIAN_POINT('',(-0.003449961844,-0.002775,0.0048745565573333));
#15503=CARTESIAN_POINT('',(-0.003449961844,-0.00295,0.0048745565573333));
#15504=CARTESIAN_POINT('',(-0.000429961843000001,-0.00295,0.0051745565583333));
#15505=CARTESIAN_POINT('',(-0.000429961843000001,-0.002775,0.0048745565583333));
#15506=CARTESIAN_POINT('',(-0.003449961844,-0.00405,0.0048745565573333));
#15507=CARTESIAN_POINT('',(-0.003449961844,-0.00405,0.0048745565573333));
#15508=CARTESIAN_POINT('',(-0.003449961844,-0.004225,0.0048745565573333));
#15509=CARTESIAN_POINT('',(-0.003449961844,-0.004225,0.0048745565573333));
#15510=CARTESIAN_POINT('',(-0.000429961843000001,-0.004225,0.0048745565583333));
#15511=CARTESIAN_POINT('',(-0.000429961843000001,-0.00405,0.0048745565583333));
#15512=CARTESIAN_POINT('',(-0.000429961843000001,-0.00405,0.0048745565583333));
#15513=CARTESIAN_POINT('',(-0.000429961843000001,-0.004225,0.0048745565583333));
#15514=CARTESIAN_POINT('',(-0.0035086847246733,0.00428372288146691,0.00502455655832837));
#15515=CARTESIAN_POINT('',(-0.003549961843,0.004325,0.0047745565583333));
#15516=CARTESIAN_POINT('',(-0.003449961844,0.004225,0.00487455655733331));
#15517=CARTESIAN_POINT('',(-0.003449961843,0.004225,0.0051745565583333));
#15518=CARTESIAN_POINT('',(-0.00350868472472013,0.00271627711848625,0.00502455655843403));
#15519=CARTESIAN_POINT('',(-0.003549961843,0.002675,0.0047745565583333));
#15520=CARTESIAN_POINT('',(-0.003449961843,0.002775,0.0051745565583333));
#15521=CARTESIAN_POINT('',(-0.003449961844,0.002775,0.00487455655833331));
#15522=CARTESIAN_POINT('',(-0.0035086847246733,0.00178372288146691,0.00502455655832837));
#15523=CARTESIAN_POINT('',(-0.003449961844,0.001725,0.00487455655733331));
#15524=CARTESIAN_POINT('',(-0.003449961843,0.001725,0.0051745565583333));
#15525=CARTESIAN_POINT('',(-0.003549961843,0.001825,0.0047745565583333));
#15526=CARTESIAN_POINT('',(-0.00350868472472013,0.000216277118486253,0.00502455655843403));
#15527=CARTESIAN_POINT('',(-0.003549961843,0.000174999999999995,0.0047745565583333));
#15528=CARTESIAN_POINT('',(-0.003449961843,0.000275,0.0051745565583333));
#15529=CARTESIAN_POINT('',(-0.003449961844,0.000275,0.00487455655833331));
#15530=CARTESIAN_POINT('',(-0.0035086847246733,-0.000216277118533089,0.00502455655832837));
#15531=CARTESIAN_POINT('',(-0.003549961843,-0.000175,0.0047745565583333));
#15532=CARTESIAN_POINT('',(-0.003449961844,-0.000275000000000004,0.00487455655733331));
#15533=CARTESIAN_POINT('',(-0.0035086847246733,-0.00178372288146692,0.00502455655832836));
#15534=CARTESIAN_POINT('',(-0.003449961844,-0.001725,0.0048745565573333));
#15535=CARTESIAN_POINT('',(-0.003549961843,-0.001825,0.0047745565583333));
#15536=CARTESIAN_POINT('',(-0.00349996184325,-0.00427499999975,0.0050245565583333));
#15537=CARTESIAN_POINT('',(-0.003449961844,-0.004225,0.0048745565573333));
#15538=CARTESIAN_POINT('',(-0.003549961843,-0.004325,0.0047745565583333));
#15539=CARTESIAN_POINT('',(-0.003449961843,-0.004225,0.0051745565583333));
#15540=CARTESIAN_POINT('',(-0.0034999618435,-0.002725,0.0050245565583333));
#15541=CARTESIAN_POINT('',(-0.003549961843,-0.002675,0.0047745565583333));
#15542=CARTESIAN_POINT('',(-0.003449961844,-0.002775,0.0048745565573333));
#15543=CARTESIAN_POINT('',(-0.003449961844,-0.002775,0.0051745565583333));
#15544=CARTESIAN_POINT('',(-0.00193996184347741,-0.000275000000000009,0.00502455655806072));
#15545=CARTESIAN_POINT('',(-0.0035065009846132,-0.00282955406891662,0.00481801741699241));
#15546=CARTESIAN_POINT('',(-0.00350650098433595,0.000329554068837655,0.00481801741743196));
#15547=CARTESIAN_POINT('',(-0.00193996184325,0.000275,0.00502455655831072));
#15548=CARTESIAN_POINT('',(-0.00193996184347741,-0.001725,0.00502455655806071));
#15549=CARTESIAN_POINT('',(-0.00350286341314295,0.001,0.00522745812823688));
#15550=CARTESIAN_POINT('',(-0.00350650098434694,-0.00167044593119477,0.00481801741698636));
#15551=CARTESIAN_POINT('',(-0.00193996184325,0.002775,0.00502455655831072));
#15552=CARTESIAN_POINT('',(-0.0019399618435,-0.002775,0.00502455655806071));
#15553=CARTESIAN_POINT('',(-0.00350286341316856,-0.00350000000012984,0.00522745812823736));
#15554=CARTESIAN_POINT('',(-0.00350286341338233,0.0035,0.00522745812823688));
#15555=CARTESIAN_POINT('',(-0.0035065009846132,0.00167044593108338,0.00481801741699241));
#15556=CARTESIAN_POINT('',(-0.0035065009846132,0.00417044593108339,0.00481801741699241));
#15557=CARTESIAN_POINT('',(-0.00193996184347741,0.004225,0.00502455655806072));
#15558=CARTESIAN_POINT('',(-0.00350650098434694,-0.00417044593119477,0.00481801741698636));
#15559=CARTESIAN_POINT('',(-0.0035065009846132,-0.000329554068916621,0.00481801741699241));
#15560=CARTESIAN_POINT('',(-0.00193996184347741,0.001725,0.00502455655806072));
#15561=CARTESIAN_POINT('',(-0.00350650098433595,0.00282955406883766,0.00481801741743196));
#15562=CARTESIAN_POINT('',(-0.00193996184347741,-0.004225,0.00502455655806071));
#15563=CARTESIAN_POINT('',(-0.006849961843,0.003925,0.0017045565573333));
#15564=CARTESIAN_POINT('',(-0.006849961843,0.004,0.0017045565573333));
#15565=CARTESIAN_POINT('',(-0.006849961843,0.004,0.0017045565573333));
#15566=CARTESIAN_POINT('',(-0.006849961843,0.00385,0.0017045565573333));
#15567=CARTESIAN_POINT('',(-0.006849961843,0.00385,0.0017045565573333));
#15568=CARTESIAN_POINT('',(-0.006849961843,0.004,0.00257455655733331));
#15569=CARTESIAN_POINT('',(-0.006699961843,0.00385,0.0015545565578333));
#15570=CARTESIAN_POINT('',(-0.006549961844,0.004,0.00140455655833331));
#15571=CARTESIAN_POINT('',(-0.006549961844,0.004,0.00140455655833331));
#15572=CARTESIAN_POINT('',(-0.006549961844,0.00385,0.00140455655833331));
#15573=CARTESIAN_POINT('',(-0.006849961843,0.00385,0.0017045565573333));
#15574=CARTESIAN_POINT('',(-0.006549961844,0.004,0.00140455655833331));
#15575=CARTESIAN_POINT('',(-0.005269961844,0.003925,0.000354556558333307));
#15576=CARTESIAN_POINT('',(-0.005399961843,0.004,0.00140455655833331));
#15577=CARTESIAN_POINT('',(-0.005399961843,0.004,0.00140455655833331));
#15578=CARTESIAN_POINT('',(-0.005139961844,0.00385,0.00140455655833331));
#15579=CARTESIAN_POINT('',(-0.005399961843,0.004,0.000354556558333307));
#15580=CARTESIAN_POINT('',(-0.005139961844,0.00385,0.00140455655833331));
#15581=CARTESIAN_POINT('',(-0.006849961843,0.003075,0.0017045565573333));
#15582=CARTESIAN_POINT('',(-0.006849961843,0.00315,0.0017045565573333));
#15583=CARTESIAN_POINT('',(-0.006849961843,0.00315,0.0017045565573333));
#15584=CARTESIAN_POINT('',(-0.006849961843,0.003,0.0017045565573333));
#15585=CARTESIAN_POINT('',(-0.006849961843,0.003,0.0017045565573333));
#15586=CARTESIAN_POINT('',(-0.006849961843,0.00315,0.00257455655833331));
#15587=CARTESIAN_POINT('',(-0.006699961843,0.003,0.0015545565578333));
#15588=CARTESIAN_POINT('',(-0.006849961843,0.00315,0.0017045565573333));
#15589=CARTESIAN_POINT('',(-0.006549961843,0.00315,0.00140455655833331));
#15590=CARTESIAN_POINT('',(-0.006549961843,0.00315,0.00140455655833331));
#15591=CARTESIAN_POINT('',(-0.006549961843,0.003,0.00140455655833331));
#15592=CARTESIAN_POINT('',(-0.006549961843,0.003,0.00140455655833331));
#15593=CARTESIAN_POINT('',(-0.0052699618435,0.0030750000005,0.000354556558333307));
#15594=CARTESIAN_POINT('',(-0.005139961844,0.00315,0.00140455655833331));
#15595=CARTESIAN_POINT('',(-0.005139961844,0.00315,0.00140455655833331));
#15596=CARTESIAN_POINT('',(-0.005399961842,0.003000000001,0.000354556558333307));
#15597=CARTESIAN_POINT('',(-0.005399961843,0.003,0.00140455655833331));
#15598=CARTESIAN_POINT('',(-0.005399961843,0.003,0.00140455655833331));
#15599=CARTESIAN_POINT('',(-0.005131501844,0.003075,0.00140455655833331));
#15600=CARTESIAN_POINT('',(-0.005139961844,0.00315,0.00140455655833331));
#15601=CARTESIAN_POINT('',(-0.006549961843,0.003,0.00140455655833331));
#15602=CARTESIAN_POINT('',(-0.005131501844,0.003925,0.00140455655833331));
#15603=CARTESIAN_POINT('',(-0.005399961843,0.004,0.00140455655833331));
#15604=CARTESIAN_POINT('',(-0.006549961844,0.00385,0.00140455655833331));
#15605=CARTESIAN_POINT('',(-0.004299961843,0.0035,0.000354556558333307));
#15606=CARTESIAN_POINT('',(-0.004299961843,0.00315,0.00257455655833331));
#15607=CARTESIAN_POINT('',(-0.004299961843,0.00385,0.00257455655833331));
#15608=CARTESIAN_POINT('',(-0.006849961843,-0.003075,0.0017045565583333));
#15609=CARTESIAN_POINT('',(-0.006849961843,-0.003,0.0017045565583333));
#15610=CARTESIAN_POINT('',(-0.006849961843,-0.003,0.0017045565583333));
#15611=CARTESIAN_POINT('',(-0.006849961843,-0.00315,0.0017045565583333));
#15612=CARTESIAN_POINT('',(-0.006849961843,-0.00315,0.0017045565583333));
#15613=CARTESIAN_POINT('',(-0.006849961843,-0.003,0.0025745565583333));
#15614=CARTESIAN_POINT('',(-0.0066999618435,-0.00315,0.0015545565583333));
#15615=CARTESIAN_POINT('',(-0.006849961843,-0.003,0.0017045565583333));
#15616=CARTESIAN_POINT('',(-0.006549961844,-0.003,0.0014045565583333));
#15617=CARTESIAN_POINT('',(-0.006549961844,-0.003,0.0014045565583333));
#15618=CARTESIAN_POINT('',(-0.006549961844,-0.00315,0.0014045565583333));
#15619=CARTESIAN_POINT('',(-0.006549961844,-0.00315,0.0014045565583333));
#15620=CARTESIAN_POINT('',(-0.0052699618435,-0.0030750000005,0.000354556558333302));
#15621=CARTESIAN_POINT('',(-0.005399961843,-0.003,0.0014045565583333));
#15622=CARTESIAN_POINT('',(-0.005399961843,-0.003,0.0014045565583333));
#15623=CARTESIAN_POINT('',(-0.005139961844,-0.00315,0.0014045565583333));
#15624=CARTESIAN_POINT('',(-0.005399961843,-0.003,0.000354556558333302));
#15625=CARTESIAN_POINT('',(-0.005139961844,-0.00315,0.0014045565583333));
#15626=CARTESIAN_POINT('',(-0.004299961843,-0.0035,0.000354556558333302));
#15627=CARTESIAN_POINT('',(-0.004299961844,-0.00385,0.000354556558333302));
#15628=CARTESIAN_POINT('',(-0.004299961843,-0.00315,0.0025745565583333));
#15629=CARTESIAN_POINT('',(-0.005131501844,-0.003075,0.0014045565583333));
#15630=CARTESIAN_POINT('',(-0.005399961843,-0.003,0.0014045565583333));
#15631=CARTESIAN_POINT('',(-0.006549961844,-0.00315,0.0014045565583333));
#15632=CARTESIAN_POINT('',(-0.006849961843,-0.003925,0.0017045565573333));
#15633=CARTESIAN_POINT('',(-0.006849961843,-0.004,0.0017045565573333));
#15634=CARTESIAN_POINT('',(-0.006849961843,-0.004,0.0017045565573333));
#15635=CARTESIAN_POINT('',(-0.006849961843,-0.00385,0.0017045565573333));
#15636=CARTESIAN_POINT('',(-0.006849961843,-0.004,0.0025745565583333));
#15637=CARTESIAN_POINT('',(-0.006849961843,-0.00385,0.0025745565583333));
#15638=CARTESIAN_POINT('',(-0.006699961843,-0.004,0.0015545565578333));
#15639=CARTESIAN_POINT('',(-0.006849961843,-0.00385,0.0017045565573333));
#15640=CARTESIAN_POINT('',(-0.006549961843,-0.00385,0.0014045565583333));
#15641=CARTESIAN_POINT('',(-0.006549961843,-0.00385,0.0014045565583333));
#15642=CARTESIAN_POINT('',(-0.006549961843,-0.004,0.0014045565583333));
#15643=CARTESIAN_POINT('',(-0.006849961843,-0.004,0.0017045565573333));
#15644=CARTESIAN_POINT('',(-0.0052699618435,-0.003925,0.000354556558333302));
#15645=CARTESIAN_POINT('',(-0.005139961844,-0.00385,0.0014045565583333));
#15646=CARTESIAN_POINT('',(-0.005139961844,-0.00385,0.0014045565583333));
#15647=CARTESIAN_POINT('',(-0.005399961843,-0.004,0.0014045565583333));
#15648=CARTESIAN_POINT('',(-0.005399961843,-0.004,0.0014045565583333));
#15649=CARTESIAN_POINT('',(-0.005399961843,-0.004,0.0014045565583333));
#15650=CARTESIAN_POINT('',(-0.005131501844,-0.003925,0.0014045565583333));
#15651=CARTESIAN_POINT('',(-0.005139961844,-0.00385,0.0014045565583333));
#15652=CARTESIAN_POINT('',(-0.006549961843,-0.004,0.0014045565583333));
#15653=CARTESIAN_POINT('',(-0.004299961843,-0.001,0.000354556558333302));
#15654=CARTESIAN_POINT('',(-0.004299961843,-0.00135,0.0025745565583333));
#15655=CARTESIAN_POINT('',(-0.004299961843,-0.00065,0.00257455655833331));
#15656=CARTESIAN_POINT('',(-0.006849961843,-0.001425,0.0017045565573333));
#15657=CARTESIAN_POINT('',(-0.006849961843,-0.00135,0.0017045565573333));
#15658=CARTESIAN_POINT('',(-0.006849961843,-0.00135,0.0017045565573333));
#15659=CARTESIAN_POINT('',(-0.006849961843,-0.0015,0.0017045565573333));
#15660=CARTESIAN_POINT('',(-0.006849961843,-0.0015,0.0025745565583333));
#15661=CARTESIAN_POINT('',(-0.006849961843,-0.00135,0.0025745565583333));
#15662=CARTESIAN_POINT('',(-0.0052699618435,-0.001425,0.000354556558333302));
#15663=CARTESIAN_POINT('',(-0.005139961844,-0.00135,0.0014045565583333));
#15664=CARTESIAN_POINT('',(-0.005139961844,-0.00135,0.0014045565583333));
#15665=CARTESIAN_POINT('',(-0.005399961843,-0.0015,0.0014045565583333));
#15666=CARTESIAN_POINT('',(-0.005399961843,-0.0015,0.0014045565583333));
#15667=CARTESIAN_POINT('',(-0.005399961843,-0.0015,0.0014045565583333));
#15668=CARTESIAN_POINT('',(-0.006849961843,-0.000575,0.0017045565573333));
#15669=CARTESIAN_POINT('',(-0.006849961843,-0.0005,0.0017045565573333));
#15670=CARTESIAN_POINT('',(-0.006849961843,-0.0005,0.0017045565573333));
#15671=CARTESIAN_POINT('',(-0.006849961843,-0.00065,0.0017045565573333));
#15672=CARTESIAN_POINT('',(-0.006849961843,-0.00065,0.0017045565573333));
#15673=CARTESIAN_POINT('',(-0.006849961843,-0.0005,0.00257455655833331));
#15674=CARTESIAN_POINT('',(-0.0066999618435,-0.00065,0.00155455655783331));
#15675=CARTESIAN_POINT('',(-0.006849961843,-0.0005,0.0017045565573333));
#15676=CARTESIAN_POINT('',(-0.006549961844,-0.0005,0.00140455655833331));
#15677=CARTESIAN_POINT('',(-0.006549961844,-0.0005,0.00140455655833331));
#15678=CARTESIAN_POINT('',(-0.006549961844,-0.00065,0.00140455655833331));
#15679=CARTESIAN_POINT('',(-0.006549961844,-0.00065,0.00140455655833331));
#15680=CARTESIAN_POINT('',(-0.0052699618435,-0.000575,0.000354556558333307));
#15681=CARTESIAN_POINT('',(-0.005399961843,-0.0005,0.00140455655833331));
#15682=CARTESIAN_POINT('',(-0.005399961843,-0.0005,0.00140455655833331));
#15683=CARTESIAN_POINT('',(-0.005139961844,-0.00065,0.00140455655833331));
#15684=CARTESIAN_POINT('',(-0.005399961843,-0.0005,0.000354556558333307));
#15685=CARTESIAN_POINT('',(-0.005139961844,-0.00065,0.00140455655833331));
#15686=CARTESIAN_POINT('',(-0.005131501844,-0.000575,0.00140455655833331));
#15687=CARTESIAN_POINT('',(-0.005399961843,-0.0005,0.00140455655833331));
#15688=CARTESIAN_POINT('',(-0.006549961844,-0.00065,0.00140455655833331));
#15689=CARTESIAN_POINT('',(-0.006699961843,-0.0015,0.0015545565573333));
#15690=CARTESIAN_POINT('',(-0.006849961843,-0.00135,0.0017045565573333));
#15691=CARTESIAN_POINT('',(-0.006549961843,-0.00135,0.0014045565583333));
#15692=CARTESIAN_POINT('',(-0.006549961843,-0.00135,0.0014045565583333));
#15693=CARTESIAN_POINT('',(-0.006549961843,-0.0015,0.0014045565583333));
#15694=CARTESIAN_POINT('',(-0.006849961843,-0.0015,0.0017045565573333));
#15695=CARTESIAN_POINT('',(-0.005131501844,-0.001425,0.0014045565583333));
#15696=CARTESIAN_POINT('',(-0.005139961844,-0.00135,0.0014045565583333));
#15697=CARTESIAN_POINT('',(-0.006549961843,-0.0015,0.0014045565583333));
#15698=CARTESIAN_POINT('',(-0.004299961843,0.001,0.000354556558333307));
#15699=CARTESIAN_POINT('',(-0.004299961844,0.00065,0.000354556558333307));
#15700=CARTESIAN_POINT('',(-0.004299961843,0.00135,0.00257455655833331));
#15701=CARTESIAN_POINT('',(-0.0052699618435,0.001425,0.000354556558333307));
#15702=CARTESIAN_POINT('',(-0.005399961843,0.0015,0.00140455655833331));
#15703=CARTESIAN_POINT('',(-0.005399961843,0.0015,0.00140455655833331));
#15704=CARTESIAN_POINT('',(-0.005139961844,0.00135,0.00140455655833331));
#15705=CARTESIAN_POINT('',(-0.005399961843,0.0015,0.000354556558333307));
#15706=CARTESIAN_POINT('',(-0.005139961844,0.00135,0.00140455655833331));
#15707=CARTESIAN_POINT('',(-0.006849961843,0.001425,0.0017045565573333));
#15708=CARTESIAN_POINT('',(-0.006849961843,0.00135,0.0017045565573333));
#15709=CARTESIAN_POINT('',(-0.006849961843,0.00135,0.0017045565573333));
#15710=CARTESIAN_POINT('',(-0.006849961843,0.0015,0.0017045565573333));
#15711=CARTESIAN_POINT('',(-0.006849961843,0.00135,0.0017045565573333));
#15712=CARTESIAN_POINT('',(-0.006849961843,0.0015,0.00257455655833331));
#15713=CARTESIAN_POINT('',(-0.0066999618435,0.00135,0.00155455655783331));
#15714=CARTESIAN_POINT('',(-0.006849961843,0.0015,0.0017045565573333));
#15715=CARTESIAN_POINT('',(-0.006549961844,0.0015,0.00140455655833331));
#15716=CARTESIAN_POINT('',(-0.006549961844,0.0015,0.00140455655833331));
#15717=CARTESIAN_POINT('',(-0.006549961844,0.00135,0.00140455655833331));
#15718=CARTESIAN_POINT('',(-0.006549961844,0.00135,0.00140455655833331));
#15719=CARTESIAN_POINT('',(-0.006849961843,0.000575,0.0017045565573333));
#15720=CARTESIAN_POINT('',(-0.006849961843,0.0005,0.0017045565573333));
#15721=CARTESIAN_POINT('',(-0.006849961843,0.0005,0.0017045565573333));
#15722=CARTESIAN_POINT('',(-0.006849961843,0.00065,0.0017045565573333));
#15723=CARTESIAN_POINT('',(-0.006849961843,0.0005,0.0017045565573333));
#15724=CARTESIAN_POINT('',(-0.006849961843,0.00065,0.00257455655833331));
#15725=CARTESIAN_POINT('',(-0.006699961843,0.0005,0.00155455655783331));
#15726=CARTESIAN_POINT('',(-0.006849961843,0.00065,0.0017045565573333));
#15727=CARTESIAN_POINT('',(-0.006549961843,0.00065,0.00140455655833331));
#15728=CARTESIAN_POINT('',(-0.006549961843,0.00065,0.00140455655833331));
#15729=CARTESIAN_POINT('',(-0.006549961843,0.0005,0.00140455655833331));
#15730=CARTESIAN_POINT('',(-0.006549961843,0.0005,0.00140455655833331));
#15731=CARTESIAN_POINT('',(-0.005269961843,0.000575,0.000354556558333307));
#15732=CARTESIAN_POINT('',(-0.005139961844,0.00065,0.00140455655833331));
#15733=CARTESIAN_POINT('',(-0.005139961844,0.00065,0.00140455655833331));
#15734=CARTESIAN_POINT('',(-0.005399961843,0.0005,0.000354556558333307));
#15735=CARTESIAN_POINT('',(-0.005399961843,0.0005,0.00140455655833331));
#15736=CARTESIAN_POINT('',(-0.005399961843,0.0005,0.00140455655833331));
#15737=CARTESIAN_POINT('',(-0.005131501844,0.001425,0.00140455655833331));
#15738=CARTESIAN_POINT('',(-0.005399961843,0.0015,0.00140455655833331));
#15739=CARTESIAN_POINT('',(-0.006549961844,0.00135,0.00140455655833331));
#15740=CARTESIAN_POINT('',(-0.005131501844,0.000575,0.00140455655833331));
#15741=CARTESIAN_POINT('',(-0.005139961844,0.00065,0.00140455655833331));
#15742=CARTESIAN_POINT('',(-0.006549961843,0.0005,0.00140455655833331));
#15743=CARTESIAN_POINT('',(-0.006599961844,0.0015,0.000354556558333307));
#15744=CARTESIAN_POINT('',(-0.005574961843,-0.00385,0.000354556558333302));
#15745=CARTESIAN_POINT('',(-0.0065999618435,0.0005,0.000354556558333307));
#15746=CARTESIAN_POINT('',(-0.005574961843,0.00135,0.000354556558333307));
#15747=CARTESIAN_POINT('',(-0.005574961843,0.00315,0.000354556558333307));
#15748=CARTESIAN_POINT('',(-0.005574961843,-0.00135,0.000354556558333302));
#15749=CARTESIAN_POINT('',(-0.006599961843,0.003,0.000354556558333307));
#15750=CARTESIAN_POINT('',(-0.0065999618435,-0.0015,0.000354556558333302));
#15751=CARTESIAN_POINT('',(-0.0065999618435,-0.003,0.000354556558333302));
#15752=CARTESIAN_POINT('',(-0.005574961843,0.00065,0.000354556558333307));
#15753=CARTESIAN_POINT('',(-0.005574961843,-0.00065,0.000354556558333307));
#15754=CARTESIAN_POINT('',(-0.006599961844,0.004,0.000354556558333307));
#15755=CARTESIAN_POINT('',(-0.0065999618435,-0.0005,0.000354556558333307));
#15756=CARTESIAN_POINT('',(-0.006599961844,-0.004,0.000354556557333302));
#15757=CARTESIAN_POINT('',(-0.005574961843,0.00385,0.000354556558333307));
#15758=CARTESIAN_POINT('',(-0.005574961843,-0.00315,0.000354556558333302));
#15759=CARTESIAN_POINT('',(-0.000962260519164261,-0.000344328074591559,
0.00127455655803009));
#15760=CARTESIAN_POINT('',(0.006265038157,-0.003245000001,0.0127295565583333));
#15761=CARTESIAN_POINT('',(0.006200038157,-0.003245000001,0.0126645565583333));
#15762=CARTESIAN_POINT('',(-0.007284961845,-0.0035,-0.0027954434416667));
#15763=CARTESIAN_POINT('',(-0.007284961845,-0.003195000002,0.010423607723473));
#15764=CARTESIAN_POINT('',(-0.00715996184843786,-0.00379500000199999,0.0105199145215142));
#15765=CARTESIAN_POINT('',(-0.007284961845,-0.003795000002,0.0104369988956743));
#15766=CARTESIAN_POINT('',(-0.007034961845,-0.003795000002,0.0104369988962698));
#15767=CARTESIAN_POINT('',(-0.00715996184506099,-0.003195000002,0.010519914520258));
#15768=CARTESIAN_POINT('',(-0.007034961845,-0.003195000002,0.0104236077225012));
#15769=CARTESIAN_POINT('',(-0.007284961845,-0.0035,-0.0027954434416667));
#15770=CARTESIAN_POINT('',(-0.007034961845,2.49991715154486E-6,0.0118765821403762));
#15771=CARTESIAN_POINT('',(-0.007034961845,2.49991715154486E-6,0.0118765821403762));
#15772=CARTESIAN_POINT('',(0.006265038157,-0.000745000001000001,0.0127295565583333));
#15773=CARTESIAN_POINT('',(0.006200038157,-0.000745000001000001,0.0126645565583333));
#15774=CARTESIAN_POINT('',(-0.007284961845,-0.001,-0.0027954434416667));
#15775=CARTESIAN_POINT('',(-0.007284961845,-0.000694999901500001,0.0104236077203333));
#15776=CARTESIAN_POINT('',(-0.00715996185108584,-0.00129500000199999,0.0105199145230271));
#15777=CARTESIAN_POINT('',(-0.007284961845,-0.001295000002,0.0104369988956743));
#15778=CARTESIAN_POINT('',(-0.007034961845,-0.001295000002,0.0104369988962698));
#15779=CARTESIAN_POINT('',(-0.00715996184515458,-0.000694999980132546,0.0105199145200151));
#15780=CARTESIAN_POINT('',(-0.007034961845,-0.000694999901500001,0.0104236077231236));
#15781=CARTESIAN_POINT('',(-0.007284961845,-0.001,-0.0027954434416667));
#15782=CARTESIAN_POINT('',(-0.007034961845,2.49991715154486E-6,0.0118765821403762));
#15783=CARTESIAN_POINT('',(-0.007034961845,2.49991715154486E-6,0.0118765821403762));
#15784=CARTESIAN_POINT('',(0.006265038157,0.00125,0.0127295565583333));
#15785=CARTESIAN_POINT('',(0.006200038157,0.00125,0.0126645565583333));
#15786=CARTESIAN_POINT('',(-0.006849961843,0.00127000000021753,0.0105199145213006));
#15787=CARTESIAN_POINT('',(-0.007906261843,0.00127000000021753,0.0105199145213006));
#15788=CARTESIAN_POINT('',(-0.006849961843,0.00127063898031454,0.010577041717063));
#15789=CARTESIAN_POINT('',(-0.007906261843,0.00127063898031454,0.010577041717063));
#15790=CARTESIAN_POINT('',(-0.006849961843,0.001300837285869,0.0106259315712996));
#15791=CARTESIAN_POINT('',(-0.007906261843,0.001300837285869,0.0106259315712996));
#15792=CARTESIAN_POINT('',(-0.006849961843,0.00134999999987858,0.0106525795118675));
#15793=CARTESIAN_POINT('',(-0.007906261843,0.00134999999987858,0.0106525795118675));
#15794=CARTESIAN_POINT('',(-0.007284961845,0.0012700000002,0.0105199145197333));
#15795=CARTESIAN_POINT('',(-0.007284961845,0.0012702351492721,0.0105409377374642));
#15796=CARTESIAN_POINT('',(-0.007284961845,0.00127419350027799,0.0105604705869486));
#15797=CARTESIAN_POINT('',(-0.007284961845,0.00128189959059243,0.0105785374435591));
#15798=CARTESIAN_POINT('',(-0.007284961845,0.00128465312585768,0.0105849930812144));
#15799=CARTESIAN_POINT('',(-0.007284961845,0.00128788561035623,0.010591261365522));
#15800=CARTESIAN_POINT('',(-0.007284961845,0.0012915996629,0.0105973428083333));
#15801=CARTESIAN_POINT('',(-0.007284961845,0.00129239362134494,0.0105986428472358));
#15802=CARTESIAN_POINT('',(-0.007284961845,0.00129319821869251,0.0105999191902457));
#15803=CARTESIAN_POINT('',(-0.007284961845,0.00129401546416733,0.0106011761731339));
#15804=CARTESIAN_POINT('',(-0.007284961845,0.00129592666392913,0.0106041157371577));
#15805=CARTESIAN_POINT('',(-0.007284961845,0.00129790713731136,0.0106069520824721));
#15806=CARTESIAN_POINT('',(-0.007284961845,0.00130000000018556,0.0106097428916312));
#15807=CARTESIAN_POINT('',(-0.007284961845,0.00130000000712493,0.010609742891638));
#15808=CARTESIAN_POINT('',(-0.007284961845,0.00130000001459258,0.010609742891638));
#15809=CARTESIAN_POINT('',(-0.007034961845,0.00129999998512016,0.0106097428914685));
#15810=CARTESIAN_POINT('',(-0.007034961845,0.00129999999468473,0.0106097428842959));
#15811=CARTESIAN_POINT('',(-0.007034961845,0.00129712523710981,0.0106059094268501));
#15812=CARTESIAN_POINT('',(-0.007034961845,0.00129431678465114,0.0106017918623132));
#15813=CARTESIAN_POINT('',(-0.007034961845,0.0012915996629,0.0105973428083333));
#15814=CARTESIAN_POINT('',(-0.007034961845,0.00128825988690927,0.0105918742113087));
#15815=CARTESIAN_POINT('',(-0.007034961845,0.00128516436106818,0.0105860209748921));
#15816=CARTESIAN_POINT('',(-0.007034961845,0.00128240677129361,0.0105797120117665));
#15817=CARTESIAN_POINT('',(-0.007034961845,0.00128195163083106,0.0105786707167843));
#15818=CARTESIAN_POINT('',(-0.007034961845,0.00128150647894262,0.01057761840767));
#15819=CARTESIAN_POINT('',(-0.007034961845,0.00128107597081574,0.0105765659812998));
#15820=CARTESIAN_POINT('',(-0.007034961845,0.00127368143432733,0.0105584891908512));
#15821=CARTESIAN_POINT('',(-0.007034961845,0.00127021908915094,0.0105395019018014));
#15822=CARTESIAN_POINT('',(-0.007034961845,0.0012700000002,0.0105199145197333));
#15823=CARTESIAN_POINT('',(-0.007284961845,2.50008109892053E-6,0.0118765821388333));
#15824=CARTESIAN_POINT('',(-0.007284961845,0.0013000002,0.0104299145202631));
#15825=CARTESIAN_POINT('',(-0.007284961845,2.50008109892053E-6,0.0118765821388333));
#15826=CARTESIAN_POINT('',(-0.007284961845,0.0007,0.0104299145193333));
#15827=CARTESIAN_POINT('',(-0.005612877465,0.0007,0.0106099145203333));
#15828=CARTESIAN_POINT('',(-0.007034961845,0.0007,0.0106099145203333));
#15829=CARTESIAN_POINT('',(-0.007034961845,2.49991715154486E-6,0.0118765821403762));
#15830=CARTESIAN_POINT('',(-0.007034961845,0.0013,0.0106099145221944));
#15831=CARTESIAN_POINT('',(-0.007034961845,2.49991715154486E-6,0.0118765821403762));
#15832=CARTESIAN_POINT('',(-0.00715996184492342,0.00130000008603785,0.010519914520077));
#15833=CARTESIAN_POINT('',(0.006265038157,0.00375,0.0127295565583333));
#15834=CARTESIAN_POINT('',(0.006200038157,0.00375,0.0126645565583333));
#15835=CARTESIAN_POINT('',(-0.007034961845,2.49991715154486E-6,0.0118765821403762));
#15836=CARTESIAN_POINT('',(-0.007034961845,0.0032,0.0106099145228189));
#15837=CARTESIAN_POINT('',(-0.00715996184486148,0.00380000001718349,0.0105199145202724));
#15838=CARTESIAN_POINT('',(-0.007284961845,0.00380000016419785,0.0104299145682401));
#15839=CARTESIAN_POINT('',(-0.007034961845,0.0038,0.010609914525127));
#15840=CARTESIAN_POINT('',(-0.00715996184508545,0.0032,0.010519914520254));
#15841=CARTESIAN_POINT('',(-0.007284961845,0.0032,0.0104299145193333));
#15842=CARTESIAN_POINT('',(-0.007284961845,2.50008109892053E-6,0.0118765821388333));
#15843=CARTESIAN_POINT('',(-0.007284961845,2.50008109892053E-6,0.0118765821388333));
#15844=CARTESIAN_POINT('',(-0.007034961845,2.49991715154486E-6,0.0118765821403762));
#15845=CARTESIAN_POINT('',(0.006200038157,-0.003250000001,0.0040345565583333));
#15846=CARTESIAN_POINT('',(0.006200038157,-0.003250000001,0.0040345565583333));
#15847=CARTESIAN_POINT('',(0.006200038157,-0.000750000001000003,0.0040345565583333));
#15848=CARTESIAN_POINT('',(0.006200038157,-0.000750000001000003,0.0040345565583333));
#15849=CARTESIAN_POINT('',(0.006265038157,0.00125000000099999,0.0040995565583333));
#15850=CARTESIAN_POINT('',(0.006200038157,0.00125000000099999,0.00403455655833331));
#15851=CARTESIAN_POINT('',(0.006200038157,0.00375,0.0126645565583333));
#15852=CARTESIAN_POINT('',(0.006200038157,0.00125,0.0126645565583333));
#15853=CARTESIAN_POINT('',(0.006200038157,-0.000745000001000001,0.0126645565583333));
#15854=CARTESIAN_POINT('',(0.006200038157,-0.003245000001,0.0126645565583333));
#15855=CARTESIAN_POINT('',(0.006400038155,0.00405,0.00423455655733331));
#15856=CARTESIAN_POINT('',(0.006200038157,0.00125000000099999,0.00403455655833331));
#15857=CARTESIAN_POINT('',(0.006265038157,-0.000750000001000003,0.0040995565583333));
#15858=CARTESIAN_POINT('',(0.006265038157,-0.003250000001,0.0040995565583333));
#15859=MECHANICAL_DESIGN_GEOMETRIC_PRESENTATION_REPRESENTATION('',(#9423),
#15860);
#15860=(
GEOMETRIC_REPRESENTATION_CONTEXT(3)
GLOBAL_UNCERTAINTY_ASSIGNED_CONTEXT((#15861))
GLOBAL_UNIT_ASSIGNED_CONTEXT((#15864,#15863,#15862))
REPRESENTATION_CONTEXT('Component5 (2)','TOP_LEVEL_ASSEMBLY_PART')
);
#15861=UNCERTAINTY_MEASURE_WITH_UNIT(LENGTH_MEASURE(5.E-6),#15864,
'DISTANCE_ACCURACY_VALUE','Maximum Tolerance applied to model');
#15862=(
NAMED_UNIT(*)
SI_UNIT($,.STERADIAN.)
SOLID_ANGLE_UNIT()
);
#15863=(
NAMED_UNIT(*)
PLANE_ANGLE_UNIT()
SI_UNIT($,.RADIAN.)
);
#15864=(
LENGTH_UNIT()
NAMED_UNIT(*)
SI_UNIT($,.METRE.)
);
#15865=PRODUCT_DEFINITION_SHAPE('','',#15866);
#15866=PRODUCT_DEFINITION('','',#15868,#15867);
#15867=PRODUCT_DEFINITION_CONTEXT('',#15874,'design');
#15868=PRODUCT_DEFINITION_FORMATION_WITH_SPECIFIED_SOURCE('','',#15870,
 .NOT_KNOWN.);
#15869=PRODUCT_RELATED_PRODUCT_CATEGORY('','',(#15870));
#15870=PRODUCT('Component5 (2)','Component5 (2)','Component5 (2)',(#15872));
#15871=PRODUCT_CATEGORY('','');
#15872=PRODUCT_CONTEXT('',#15874,'mechanical');
#15873=APPLICATION_PROTOCOL_DEFINITION('international standard',
'automotive_design',2010,#15874);
#15874=APPLICATION_CONTEXT(
'core data for automotive mechanical design processes');
ENDSEC;
END-ISO-10303-21;
