ISO-10303-21;
HEADER;
/* Generated by software containing ST-Developer
 * from STEP Tools, Inc. (www.steptools.com) 
 */
/* OPTION: using custom renumber hook */

FILE_DESCRIPTION(
/* description */ ('STEP AP214'),
/* implementation_level */ '2;1');

FILE_NAME(
/* name */ '654cf56c7f9aa566be172129',
/* time_stamp */ '2023-11-09T15:06:21Z',
/* author */ (''),
/* organization */ (''),
/* preprocessor_version */ 'ST-DEVELOPER v19.4',
/* originating_system */ '  ',
/* authorisation */ '  ');

FILE_SCHEMA (('AUTOMOTIVE_DESIGN {1 0 10303 214 3 1 1}'));
ENDSEC;

DATA;
#10=PROPERTY_DEFINITION_REPRESENTATION(#14,#12);
#11=PROPERTY_DEFINITION_REPRESENTATION(#15,#13);
#12=REPRESENTATION('',(#16),#3318);
#13=REPRESENTATION('',(#17),#3318);
#14=PROPERTY_DEFINITION('pmi validation property','',#3323);
#15=PROPERTY_DEFINITION('pmi validation property','',#3323);
#16=VALUE_REPRESENTATION_ITEM('number of annotations',COUNT_MEASURE(0.));
#17=VALUE_REPRESENTATION_ITEM('number of views',COUNT_MEASURE(0.));
#18=SHAPE_REPRESENTATION_RELATIONSHIP('','',#1958,#19);
#19=ADVANCED_BREP_SHAPE_REPRESENTATION('',(#1956),#3318);
#20=CYLINDRICAL_SURFACE('',#2138,0.000550037);
#21=CYLINDRICAL_SURFACE('',#2139,0.000550037);
#22=CYLINDRICAL_SURFACE('',#2140,0.000550037);
#23=CYLINDRICAL_SURFACE('',#2141,0.000550037);
#24=CYLINDRICAL_SURFACE('',#2142,0.000550037);
#25=CYLINDRICAL_SURFACE('',#2143,0.001400048);
#26=CYLINDRICAL_SURFACE('',#2144,0.000550037);
#27=CYLINDRICAL_SURFACE('',#2145,0.000550037);
#28=CYLINDRICAL_SURFACE('',#2146,0.000550037);
#29=CYLINDRICAL_SURFACE('',#2147,0.000550037);
#30=CYLINDRICAL_SURFACE('',#2148,0.000550037);
#31=CYLINDRICAL_SURFACE('',#2149,0.000550037);
#32=CYLINDRICAL_SURFACE('',#2150,0.000550037);
#33=CYLINDRICAL_SURFACE('',#2151,0.000550037);
#34=CYLINDRICAL_SURFACE('',#2152,0.000550037);
#35=CYLINDRICAL_SURFACE('',#2153,0.000550037);
#36=CYLINDRICAL_SURFACE('',#2154,0.000550037);
#37=CYLINDRICAL_SURFACE('',#2155,0.000550037);
#38=CYLINDRICAL_SURFACE('',#2156,0.000550037);
#39=CYLINDRICAL_SURFACE('',#2157,0.000550037);
#40=CYLINDRICAL_SURFACE('',#2158,0.0003499993);
#41=CYLINDRICAL_SURFACE('',#2159,0.0005499989);
#42=CYLINDRICAL_SURFACE('',#2160,0.0003499993);
#43=CYLINDRICAL_SURFACE('',#2161,0.0005499989);
#44=CYLINDRICAL_SURFACE('',#2162,0.0005499989);
#45=CYLINDRICAL_SURFACE('',#2163,0.0003499993);
#46=CYLINDRICAL_SURFACE('',#2164,0.0003499993);
#47=CYLINDRICAL_SURFACE('',#2165,0.0003499993);
#48=CYLINDRICAL_SURFACE('',#2166,0.0003499993);
#49=CYLINDRICAL_SURFACE('',#2167,0.001400048);
#50=CYLINDRICAL_SURFACE('',#2168,0.000550037);
#51=CYLINDRICAL_SURFACE('',#2169,0.000550037);
#52=CYLINDRICAL_SURFACE('',#2170,0.0005499989);
#53=CYLINDRICAL_SURFACE('',#2171,0.000550037);
#54=CYLINDRICAL_SURFACE('',#2172,0.000550037);
#55=CYLINDRICAL_SURFACE('',#2173,0.0005499989);
#56=CYLINDRICAL_SURFACE('',#2174,0.0005499989);
#57=CYLINDRICAL_SURFACE('',#2175,0.0005499989);
#58=CYLINDRICAL_SURFACE('',#2176,0.000499999);
#59=CYLINDRICAL_SURFACE('',#2177,0.000499999);
#60=CYLINDRICAL_SURFACE('',#2178,0.000550037);
#61=CYLINDRICAL_SURFACE('',#2179,0.000550037);
#62=CYLINDRICAL_SURFACE('',#2180,0.000550037);
#63=CYLINDRICAL_SURFACE('',#2181,0.000550037);
#64=CYLINDRICAL_SURFACE('',#2182,0.000550037);
#65=CYLINDRICAL_SURFACE('',#2183,0.000550037);
#66=CYLINDRICAL_SURFACE('',#2184,0.000550037);
#67=CYLINDRICAL_SURFACE('',#2185,0.000550037);
#68=CYLINDRICAL_SURFACE('',#2186,0.000550037);
#69=CYLINDRICAL_SURFACE('',#2187,0.0005499989);
#70=CYLINDRICAL_SURFACE('',#2188,0.000550037);
#71=CYLINDRICAL_SURFACE('',#2189,0.000550037);
#72=CYLINDRICAL_SURFACE('',#2190,0.000550037);
#73=CYLINDRICAL_SURFACE('',#2191,0.000550037);
#74=CYLINDRICAL_SURFACE('',#2192,0.001400048);
#75=CYLINDRICAL_SURFACE('',#2193,0.000550037);
#76=CYLINDRICAL_SURFACE('',#2194,0.000550037);
#77=CYLINDRICAL_SURFACE('',#2195,0.0005499989);
#78=CYLINDRICAL_SURFACE('',#2196,0.000550037);
#79=CYLINDRICAL_SURFACE('',#2197,0.000550037);
#80=CYLINDRICAL_SURFACE('',#2198,0.0005499989);
#81=CYLINDRICAL_SURFACE('',#2199,0.0005499989);
#82=CYLINDRICAL_SURFACE('',#2200,0.0005499989);
#83=CYLINDRICAL_SURFACE('',#2201,0.0005499989);
#84=CYLINDRICAL_SURFACE('',#2202,0.0005499989);
#85=CYLINDRICAL_SURFACE('',#2203,0.000499999);
#86=CYLINDRICAL_SURFACE('',#2204,0.000499999);
#87=CYLINDRICAL_SURFACE('',#2205,0.000499999);
#88=CYLINDRICAL_SURFACE('',#2206,0.00040005);
#89=CYLINDRICAL_SURFACE('',#2207,0.000550037);
#90=CYLINDRICAL_SURFACE('',#2208,0.0003499993);
#91=CYLINDRICAL_SURFACE('',#2209,0.0003499993);
#92=CYLINDRICAL_SURFACE('',#2210,0.0003499993);
#93=CYLINDRICAL_SURFACE('',#2211,0.0003499993);
#94=CYLINDRICAL_SURFACE('',#2212,0.0003499993);
#95=CYLINDRICAL_SURFACE('',#2213,0.00040005);
#96=CYLINDRICAL_SURFACE('',#2214,0.000550037);
#97=CYLINDRICAL_SURFACE('',#2215,0.0003499993);
#98=CYLINDRICAL_SURFACE('',#2216,0.001400048);
#99=CYLINDRICAL_SURFACE('',#2217,0.003509847594142);
#100=CYLINDRICAL_SURFACE('',#2220,0.003906478103933);
#101=CYLINDRICAL_SURFACE('',#2222,0.00390620823177);
#102=CYLINDRICAL_SURFACE('',#2224,0.00351319911307);
#103=CYLINDRICAL_SURFACE('',#2226,0.001215314463753);
#104=CYLINDRICAL_SURFACE('',#2228,7.127187088668E-5);
#105=CYLINDRICAL_SURFACE('',#2229,0.000959126516418);
#106=CYLINDRICAL_SURFACE('',#2231,0.001215683675185);
#107=CYLINDRICAL_SURFACE('',#2233,7.135028261131E-5);
#108=LINE('',#2980,#141);
#109=LINE('',#2984,#142);
#110=LINE('',#2990,#143);
#111=LINE('',#2994,#144);
#112=LINE('',#2998,#145);
#113=LINE('',#3002,#146);
#114=LINE('',#3006,#147);
#115=LINE('',#3008,#148);
#116=LINE('',#3173,#149);
#117=LINE('',#3175,#150);
#118=LINE('',#3179,#151);
#119=LINE('',#3183,#152);
#120=LINE('',#3187,#153);
#121=LINE('',#3191,#154);
#122=LINE('',#3197,#155);
#123=LINE('',#3201,#156);
#124=LINE('',#3284,#157);
#125=LINE('',#3285,#158);
#126=LINE('',#3287,#159);
#127=LINE('',#3289,#160);
#128=LINE('',#3291,#161);
#129=LINE('',#3293,#162);
#130=LINE('',#3295,#163);
#131=LINE('',#3297,#164);
#132=LINE('',#3299,#165);
#133=LINE('',#3301,#166);
#134=LINE('',#3303,#167);
#135=LINE('',#3305,#168);
#136=LINE('',#3307,#169);
#137=LINE('',#3309,#170);
#138=LINE('',#3311,#171);
#139=LINE('',#3313,#172);
#140=LINE('',#3315,#173);
#141=VECTOR('',#2398,1.);
#142=VECTOR('',#2401,1.);
#143=VECTOR('',#2406,1.);
#144=VECTOR('',#2409,1.);
#145=VECTOR('',#2412,1.);
#146=VECTOR('',#2415,1.);
#147=VECTOR('',#2418,1.);
#148=VECTOR('',#2419,1.);
#149=VECTOR('',#2584,1.);
#150=VECTOR('',#2585,1.);
#151=VECTOR('',#2588,1.);
#152=VECTOR('',#2591,1.);
#153=VECTOR('',#2594,1.);
#154=VECTOR('',#2597,1.);
#155=VECTOR('',#2602,1.);
#156=VECTOR('',#2605,1.);
#157=VECTOR('',#2768,1.);
#158=VECTOR('',#2769,1.);
#159=VECTOR('',#2772,1.);
#160=VECTOR('',#2775,1.);
#161=VECTOR('',#2778,1.);
#162=VECTOR('',#2781,1.);
#163=VECTOR('',#2784,1.);
#164=VECTOR('',#2787,1.);
#165=VECTOR('',#2790,1.);
#166=VECTOR('',#2793,1.);
#167=VECTOR('',#2796,1.);
#168=VECTOR('',#2799,1.);
#169=VECTOR('',#2802,1.);
#170=VECTOR('',#2805,1.);
#171=VECTOR('',#2808,1.);
#172=VECTOR('',#2811,1.);
#173=VECTOR('',#2814,1.);
#174=ORIENTED_EDGE('',*,*,#592,.F.);
#175=ORIENTED_EDGE('',*,*,#593,.F.);
#176=ORIENTED_EDGE('',*,*,#594,.F.);
#177=ORIENTED_EDGE('',*,*,#595,.F.);
#178=ORIENTED_EDGE('',*,*,#596,.F.);
#179=ORIENTED_EDGE('',*,*,#597,.F.);
#180=ORIENTED_EDGE('',*,*,#598,.F.);
#181=ORIENTED_EDGE('',*,*,#599,.F.);
#182=ORIENTED_EDGE('',*,*,#600,.F.);
#183=ORIENTED_EDGE('',*,*,#601,.F.);
#184=ORIENTED_EDGE('',*,*,#602,.F.);
#185=ORIENTED_EDGE('',*,*,#603,.F.);
#186=ORIENTED_EDGE('',*,*,#604,.F.);
#187=ORIENTED_EDGE('',*,*,#605,.F.);
#188=ORIENTED_EDGE('',*,*,#606,.F.);
#189=ORIENTED_EDGE('',*,*,#607,.F.);
#190=ORIENTED_EDGE('',*,*,#608,.F.);
#191=ORIENTED_EDGE('',*,*,#609,.F.);
#192=ORIENTED_EDGE('',*,*,#610,.F.);
#193=ORIENTED_EDGE('',*,*,#611,.F.);
#194=ORIENTED_EDGE('',*,*,#612,.F.);
#195=ORIENTED_EDGE('',*,*,#613,.F.);
#196=ORIENTED_EDGE('',*,*,#614,.F.);
#197=ORIENTED_EDGE('',*,*,#615,.F.);
#198=ORIENTED_EDGE('',*,*,#616,.F.);
#199=ORIENTED_EDGE('',*,*,#617,.F.);
#200=ORIENTED_EDGE('',*,*,#618,.F.);
#201=ORIENTED_EDGE('',*,*,#619,.F.);
#202=ORIENTED_EDGE('',*,*,#620,.F.);
#203=ORIENTED_EDGE('',*,*,#621,.F.);
#204=ORIENTED_EDGE('',*,*,#622,.F.);
#205=ORIENTED_EDGE('',*,*,#623,.F.);
#206=ORIENTED_EDGE('',*,*,#624,.F.);
#207=ORIENTED_EDGE('',*,*,#625,.F.);
#208=ORIENTED_EDGE('',*,*,#626,.F.);
#209=ORIENTED_EDGE('',*,*,#627,.F.);
#210=ORIENTED_EDGE('',*,*,#628,.F.);
#211=ORIENTED_EDGE('',*,*,#629,.F.);
#212=ORIENTED_EDGE('',*,*,#630,.F.);
#213=ORIENTED_EDGE('',*,*,#631,.F.);
#214=ORIENTED_EDGE('',*,*,#632,.F.);
#215=ORIENTED_EDGE('',*,*,#633,.F.);
#216=ORIENTED_EDGE('',*,*,#634,.F.);
#217=ORIENTED_EDGE('',*,*,#635,.F.);
#218=ORIENTED_EDGE('',*,*,#636,.F.);
#219=ORIENTED_EDGE('',*,*,#637,.F.);
#220=ORIENTED_EDGE('',*,*,#638,.F.);
#221=ORIENTED_EDGE('',*,*,#639,.F.);
#222=ORIENTED_EDGE('',*,*,#640,.F.);
#223=ORIENTED_EDGE('',*,*,#641,.F.);
#224=ORIENTED_EDGE('',*,*,#642,.F.);
#225=ORIENTED_EDGE('',*,*,#643,.F.);
#226=ORIENTED_EDGE('',*,*,#644,.F.);
#227=ORIENTED_EDGE('',*,*,#645,.F.);
#228=ORIENTED_EDGE('',*,*,#646,.F.);
#229=ORIENTED_EDGE('',*,*,#647,.F.);
#230=ORIENTED_EDGE('',*,*,#648,.F.);
#231=ORIENTED_EDGE('',*,*,#649,.F.);
#232=ORIENTED_EDGE('',*,*,#650,.F.);
#233=ORIENTED_EDGE('',*,*,#651,.F.);
#234=ORIENTED_EDGE('',*,*,#652,.F.);
#235=ORIENTED_EDGE('',*,*,#653,.F.);
#236=ORIENTED_EDGE('',*,*,#654,.F.);
#237=ORIENTED_EDGE('',*,*,#655,.F.);
#238=ORIENTED_EDGE('',*,*,#656,.F.);
#239=ORIENTED_EDGE('',*,*,#657,.F.);
#240=ORIENTED_EDGE('',*,*,#658,.F.);
#241=ORIENTED_EDGE('',*,*,#659,.F.);
#242=ORIENTED_EDGE('',*,*,#660,.F.);
#243=ORIENTED_EDGE('',*,*,#661,.F.);
#244=ORIENTED_EDGE('',*,*,#662,.F.);
#245=ORIENTED_EDGE('',*,*,#663,.F.);
#246=ORIENTED_EDGE('',*,*,#664,.F.);
#247=ORIENTED_EDGE('',*,*,#665,.F.);
#248=ORIENTED_EDGE('',*,*,#666,.F.);
#249=ORIENTED_EDGE('',*,*,#667,.F.);
#250=ORIENTED_EDGE('',*,*,#668,.F.);
#251=ORIENTED_EDGE('',*,*,#669,.F.);
#252=ORIENTED_EDGE('',*,*,#670,.F.);
#253=ORIENTED_EDGE('',*,*,#671,.T.);
#254=ORIENTED_EDGE('',*,*,#672,.T.);
#255=ORIENTED_EDGE('',*,*,#673,.T.);
#256=ORIENTED_EDGE('',*,*,#674,.T.);
#257=ORIENTED_EDGE('',*,*,#675,.T.);
#258=ORIENTED_EDGE('',*,*,#676,.T.);
#259=ORIENTED_EDGE('',*,*,#677,.T.);
#260=ORIENTED_EDGE('',*,*,#678,.T.);
#261=ORIENTED_EDGE('',*,*,#679,.T.);
#262=ORIENTED_EDGE('',*,*,#680,.T.);
#263=ORIENTED_EDGE('',*,*,#681,.T.);
#264=ORIENTED_EDGE('',*,*,#682,.T.);
#265=ORIENTED_EDGE('',*,*,#683,.T.);
#266=ORIENTED_EDGE('',*,*,#684,.T.);
#267=ORIENTED_EDGE('',*,*,#685,.T.);
#268=ORIENTED_EDGE('',*,*,#686,.T.);
#269=ORIENTED_EDGE('',*,*,#687,.T.);
#270=ORIENTED_EDGE('',*,*,#688,.T.);
#271=ORIENTED_EDGE('',*,*,#689,.T.);
#272=ORIENTED_EDGE('',*,*,#690,.T.);
#273=ORIENTED_EDGE('',*,*,#691,.T.);
#274=ORIENTED_EDGE('',*,*,#692,.T.);
#275=ORIENTED_EDGE('',*,*,#693,.T.);
#276=ORIENTED_EDGE('',*,*,#694,.T.);
#277=ORIENTED_EDGE('',*,*,#695,.T.);
#278=ORIENTED_EDGE('',*,*,#696,.T.);
#279=ORIENTED_EDGE('',*,*,#697,.T.);
#280=ORIENTED_EDGE('',*,*,#698,.T.);
#281=ORIENTED_EDGE('',*,*,#699,.T.);
#282=ORIENTED_EDGE('',*,*,#700,.T.);
#283=ORIENTED_EDGE('',*,*,#701,.T.);
#284=ORIENTED_EDGE('',*,*,#702,.T.);
#285=ORIENTED_EDGE('',*,*,#703,.T.);
#286=ORIENTED_EDGE('',*,*,#704,.T.);
#287=ORIENTED_EDGE('',*,*,#705,.T.);
#288=ORIENTED_EDGE('',*,*,#706,.T.);
#289=ORIENTED_EDGE('',*,*,#707,.T.);
#290=ORIENTED_EDGE('',*,*,#708,.T.);
#291=ORIENTED_EDGE('',*,*,#709,.T.);
#292=ORIENTED_EDGE('',*,*,#710,.T.);
#293=ORIENTED_EDGE('',*,*,#711,.T.);
#294=ORIENTED_EDGE('',*,*,#712,.T.);
#295=ORIENTED_EDGE('',*,*,#713,.T.);
#296=ORIENTED_EDGE('',*,*,#714,.T.);
#297=ORIENTED_EDGE('',*,*,#715,.T.);
#298=ORIENTED_EDGE('',*,*,#716,.T.);
#299=ORIENTED_EDGE('',*,*,#717,.T.);
#300=ORIENTED_EDGE('',*,*,#718,.T.);
#301=ORIENTED_EDGE('',*,*,#719,.T.);
#302=ORIENTED_EDGE('',*,*,#720,.T.);
#303=ORIENTED_EDGE('',*,*,#721,.T.);
#304=ORIENTED_EDGE('',*,*,#722,.T.);
#305=ORIENTED_EDGE('',*,*,#723,.T.);
#306=ORIENTED_EDGE('',*,*,#724,.T.);
#307=ORIENTED_EDGE('',*,*,#725,.T.);
#308=ORIENTED_EDGE('',*,*,#726,.T.);
#309=ORIENTED_EDGE('',*,*,#727,.T.);
#310=ORIENTED_EDGE('',*,*,#728,.T.);
#311=ORIENTED_EDGE('',*,*,#729,.T.);
#312=ORIENTED_EDGE('',*,*,#730,.T.);
#313=ORIENTED_EDGE('',*,*,#731,.T.);
#314=ORIENTED_EDGE('',*,*,#732,.T.);
#315=ORIENTED_EDGE('',*,*,#733,.T.);
#316=ORIENTED_EDGE('',*,*,#734,.T.);
#317=ORIENTED_EDGE('',*,*,#735,.T.);
#318=ORIENTED_EDGE('',*,*,#736,.T.);
#319=ORIENTED_EDGE('',*,*,#737,.T.);
#320=ORIENTED_EDGE('',*,*,#738,.T.);
#321=ORIENTED_EDGE('',*,*,#739,.T.);
#322=ORIENTED_EDGE('',*,*,#740,.T.);
#323=ORIENTED_EDGE('',*,*,#741,.T.);
#324=ORIENTED_EDGE('',*,*,#742,.T.);
#325=ORIENTED_EDGE('',*,*,#743,.T.);
#326=ORIENTED_EDGE('',*,*,#744,.T.);
#327=ORIENTED_EDGE('',*,*,#745,.T.);
#328=ORIENTED_EDGE('',*,*,#746,.T.);
#329=ORIENTED_EDGE('',*,*,#747,.T.);
#330=ORIENTED_EDGE('',*,*,#748,.T.);
#331=ORIENTED_EDGE('',*,*,#749,.T.);
#332=ORIENTED_EDGE('',*,*,#750,.T.);
#333=ORIENTED_EDGE('',*,*,#751,.T.);
#334=ORIENTED_EDGE('',*,*,#752,.T.);
#335=ORIENTED_EDGE('',*,*,#753,.T.);
#336=ORIENTED_EDGE('',*,*,#754,.T.);
#337=ORIENTED_EDGE('',*,*,#755,.T.);
#338=ORIENTED_EDGE('',*,*,#756,.T.);
#339=ORIENTED_EDGE('',*,*,#757,.T.);
#340=ORIENTED_EDGE('',*,*,#758,.T.);
#341=ORIENTED_EDGE('',*,*,#759,.T.);
#342=ORIENTED_EDGE('',*,*,#760,.T.);
#343=ORIENTED_EDGE('',*,*,#761,.T.);
#344=ORIENTED_EDGE('',*,*,#762,.T.);
#345=ORIENTED_EDGE('',*,*,#763,.T.);
#346=ORIENTED_EDGE('',*,*,#764,.T.);
#347=ORIENTED_EDGE('',*,*,#765,.T.);
#348=ORIENTED_EDGE('',*,*,#766,.T.);
#349=ORIENTED_EDGE('',*,*,#767,.F.);
#350=ORIENTED_EDGE('',*,*,#768,.F.);
#351=ORIENTED_EDGE('',*,*,#769,.F.);
#352=ORIENTED_EDGE('',*,*,#770,.F.);
#353=ORIENTED_EDGE('',*,*,#771,.F.);
#354=ORIENTED_EDGE('',*,*,#772,.F.);
#355=ORIENTED_EDGE('',*,*,#773,.F.);
#356=ORIENTED_EDGE('',*,*,#774,.F.);
#357=ORIENTED_EDGE('',*,*,#775,.F.);
#358=ORIENTED_EDGE('',*,*,#776,.F.);
#359=ORIENTED_EDGE('',*,*,#777,.F.);
#360=ORIENTED_EDGE('',*,*,#778,.F.);
#361=ORIENTED_EDGE('',*,*,#779,.F.);
#362=ORIENTED_EDGE('',*,*,#780,.F.);
#363=ORIENTED_EDGE('',*,*,#781,.F.);
#364=ORIENTED_EDGE('',*,*,#782,.F.);
#365=ORIENTED_EDGE('',*,*,#783,.F.);
#366=ORIENTED_EDGE('',*,*,#688,.F.);
#367=ORIENTED_EDGE('',*,*,#592,.T.);
#368=ORIENTED_EDGE('',*,*,#689,.F.);
#369=ORIENTED_EDGE('',*,*,#593,.T.);
#370=ORIENTED_EDGE('',*,*,#690,.F.);
#371=ORIENTED_EDGE('',*,*,#594,.T.);
#372=ORIENTED_EDGE('',*,*,#691,.F.);
#373=ORIENTED_EDGE('',*,*,#595,.T.);
#374=ORIENTED_EDGE('',*,*,#692,.F.);
#375=ORIENTED_EDGE('',*,*,#596,.T.);
#376=ORIENTED_EDGE('',*,*,#693,.F.);
#377=ORIENTED_EDGE('',*,*,#597,.T.);
#378=ORIENTED_EDGE('',*,*,#694,.F.);
#379=ORIENTED_EDGE('',*,*,#598,.T.);
#380=ORIENTED_EDGE('',*,*,#695,.F.);
#381=ORIENTED_EDGE('',*,*,#599,.T.);
#382=ORIENTED_EDGE('',*,*,#696,.F.);
#383=ORIENTED_EDGE('',*,*,#600,.T.);
#384=ORIENTED_EDGE('',*,*,#697,.F.);
#385=ORIENTED_EDGE('',*,*,#601,.T.);
#386=ORIENTED_EDGE('',*,*,#698,.F.);
#387=ORIENTED_EDGE('',*,*,#602,.T.);
#388=ORIENTED_EDGE('',*,*,#699,.F.);
#389=ORIENTED_EDGE('',*,*,#603,.T.);
#390=ORIENTED_EDGE('',*,*,#700,.F.);
#391=ORIENTED_EDGE('',*,*,#604,.T.);
#392=ORIENTED_EDGE('',*,*,#701,.F.);
#393=ORIENTED_EDGE('',*,*,#605,.T.);
#394=ORIENTED_EDGE('',*,*,#702,.F.);
#395=ORIENTED_EDGE('',*,*,#606,.T.);
#396=ORIENTED_EDGE('',*,*,#703,.F.);
#397=ORIENTED_EDGE('',*,*,#607,.T.);
#398=ORIENTED_EDGE('',*,*,#704,.F.);
#399=ORIENTED_EDGE('',*,*,#608,.T.);
#400=ORIENTED_EDGE('',*,*,#705,.F.);
#401=ORIENTED_EDGE('',*,*,#609,.T.);
#402=ORIENTED_EDGE('',*,*,#706,.F.);
#403=ORIENTED_EDGE('',*,*,#610,.T.);
#404=ORIENTED_EDGE('',*,*,#707,.F.);
#405=ORIENTED_EDGE('',*,*,#611,.T.);
#406=ORIENTED_EDGE('',*,*,#708,.F.);
#407=ORIENTED_EDGE('',*,*,#612,.T.);
#408=ORIENTED_EDGE('',*,*,#709,.F.);
#409=ORIENTED_EDGE('',*,*,#613,.T.);
#410=ORIENTED_EDGE('',*,*,#710,.F.);
#411=ORIENTED_EDGE('',*,*,#614,.T.);
#412=ORIENTED_EDGE('',*,*,#711,.F.);
#413=ORIENTED_EDGE('',*,*,#615,.T.);
#414=ORIENTED_EDGE('',*,*,#712,.F.);
#415=ORIENTED_EDGE('',*,*,#616,.T.);
#416=ORIENTED_EDGE('',*,*,#713,.F.);
#417=ORIENTED_EDGE('',*,*,#617,.T.);
#418=ORIENTED_EDGE('',*,*,#714,.F.);
#419=ORIENTED_EDGE('',*,*,#618,.T.);
#420=ORIENTED_EDGE('',*,*,#715,.F.);
#421=ORIENTED_EDGE('',*,*,#619,.T.);
#422=ORIENTED_EDGE('',*,*,#716,.F.);
#423=ORIENTED_EDGE('',*,*,#620,.T.);
#424=ORIENTED_EDGE('',*,*,#717,.F.);
#425=ORIENTED_EDGE('',*,*,#621,.T.);
#426=ORIENTED_EDGE('',*,*,#718,.F.);
#427=ORIENTED_EDGE('',*,*,#622,.T.);
#428=ORIENTED_EDGE('',*,*,#719,.F.);
#429=ORIENTED_EDGE('',*,*,#623,.T.);
#430=ORIENTED_EDGE('',*,*,#720,.F.);
#431=ORIENTED_EDGE('',*,*,#624,.T.);
#432=ORIENTED_EDGE('',*,*,#721,.F.);
#433=ORIENTED_EDGE('',*,*,#625,.T.);
#434=ORIENTED_EDGE('',*,*,#722,.F.);
#435=ORIENTED_EDGE('',*,*,#626,.T.);
#436=ORIENTED_EDGE('',*,*,#723,.F.);
#437=ORIENTED_EDGE('',*,*,#627,.T.);
#438=ORIENTED_EDGE('',*,*,#724,.F.);
#439=ORIENTED_EDGE('',*,*,#628,.T.);
#440=ORIENTED_EDGE('',*,*,#725,.F.);
#441=ORIENTED_EDGE('',*,*,#629,.T.);
#442=ORIENTED_EDGE('',*,*,#726,.F.);
#443=ORIENTED_EDGE('',*,*,#630,.T.);
#444=ORIENTED_EDGE('',*,*,#727,.F.);
#445=ORIENTED_EDGE('',*,*,#631,.T.);
#446=ORIENTED_EDGE('',*,*,#728,.F.);
#447=ORIENTED_EDGE('',*,*,#632,.T.);
#448=ORIENTED_EDGE('',*,*,#729,.F.);
#449=ORIENTED_EDGE('',*,*,#633,.T.);
#450=ORIENTED_EDGE('',*,*,#730,.F.);
#451=ORIENTED_EDGE('',*,*,#634,.T.);
#452=ORIENTED_EDGE('',*,*,#731,.F.);
#453=ORIENTED_EDGE('',*,*,#635,.T.);
#454=ORIENTED_EDGE('',*,*,#732,.F.);
#455=ORIENTED_EDGE('',*,*,#636,.T.);
#456=ORIENTED_EDGE('',*,*,#733,.F.);
#457=ORIENTED_EDGE('',*,*,#637,.T.);
#458=ORIENTED_EDGE('',*,*,#734,.F.);
#459=ORIENTED_EDGE('',*,*,#638,.T.);
#460=ORIENTED_EDGE('',*,*,#735,.F.);
#461=ORIENTED_EDGE('',*,*,#639,.T.);
#462=ORIENTED_EDGE('',*,*,#736,.F.);
#463=ORIENTED_EDGE('',*,*,#640,.T.);
#464=ORIENTED_EDGE('',*,*,#737,.F.);
#465=ORIENTED_EDGE('',*,*,#641,.T.);
#466=ORIENTED_EDGE('',*,*,#738,.F.);
#467=ORIENTED_EDGE('',*,*,#642,.T.);
#468=ORIENTED_EDGE('',*,*,#739,.F.);
#469=ORIENTED_EDGE('',*,*,#643,.T.);
#470=ORIENTED_EDGE('',*,*,#740,.F.);
#471=ORIENTED_EDGE('',*,*,#644,.T.);
#472=ORIENTED_EDGE('',*,*,#741,.F.);
#473=ORIENTED_EDGE('',*,*,#645,.T.);
#474=ORIENTED_EDGE('',*,*,#742,.F.);
#475=ORIENTED_EDGE('',*,*,#646,.T.);
#476=ORIENTED_EDGE('',*,*,#743,.F.);
#477=ORIENTED_EDGE('',*,*,#647,.T.);
#478=ORIENTED_EDGE('',*,*,#744,.F.);
#479=ORIENTED_EDGE('',*,*,#648,.T.);
#480=ORIENTED_EDGE('',*,*,#745,.F.);
#481=ORIENTED_EDGE('',*,*,#649,.T.);
#482=ORIENTED_EDGE('',*,*,#746,.F.);
#483=ORIENTED_EDGE('',*,*,#650,.T.);
#484=ORIENTED_EDGE('',*,*,#747,.F.);
#485=ORIENTED_EDGE('',*,*,#651,.T.);
#486=ORIENTED_EDGE('',*,*,#748,.F.);
#487=ORIENTED_EDGE('',*,*,#652,.T.);
#488=ORIENTED_EDGE('',*,*,#749,.F.);
#489=ORIENTED_EDGE('',*,*,#653,.T.);
#490=ORIENTED_EDGE('',*,*,#750,.F.);
#491=ORIENTED_EDGE('',*,*,#654,.T.);
#492=ORIENTED_EDGE('',*,*,#751,.F.);
#493=ORIENTED_EDGE('',*,*,#655,.T.);
#494=ORIENTED_EDGE('',*,*,#752,.F.);
#495=ORIENTED_EDGE('',*,*,#656,.T.);
#496=ORIENTED_EDGE('',*,*,#753,.F.);
#497=ORIENTED_EDGE('',*,*,#657,.T.);
#498=ORIENTED_EDGE('',*,*,#754,.F.);
#499=ORIENTED_EDGE('',*,*,#658,.T.);
#500=ORIENTED_EDGE('',*,*,#755,.F.);
#501=ORIENTED_EDGE('',*,*,#659,.T.);
#502=ORIENTED_EDGE('',*,*,#756,.F.);
#503=ORIENTED_EDGE('',*,*,#660,.T.);
#504=ORIENTED_EDGE('',*,*,#757,.F.);
#505=ORIENTED_EDGE('',*,*,#661,.T.);
#506=ORIENTED_EDGE('',*,*,#758,.F.);
#507=ORIENTED_EDGE('',*,*,#662,.T.);
#508=ORIENTED_EDGE('',*,*,#759,.F.);
#509=ORIENTED_EDGE('',*,*,#663,.T.);
#510=ORIENTED_EDGE('',*,*,#760,.F.);
#511=ORIENTED_EDGE('',*,*,#664,.T.);
#512=ORIENTED_EDGE('',*,*,#761,.F.);
#513=ORIENTED_EDGE('',*,*,#665,.T.);
#514=ORIENTED_EDGE('',*,*,#762,.F.);
#515=ORIENTED_EDGE('',*,*,#666,.T.);
#516=ORIENTED_EDGE('',*,*,#763,.F.);
#517=ORIENTED_EDGE('',*,*,#667,.T.);
#518=ORIENTED_EDGE('',*,*,#764,.F.);
#519=ORIENTED_EDGE('',*,*,#668,.T.);
#520=ORIENTED_EDGE('',*,*,#765,.F.);
#521=ORIENTED_EDGE('',*,*,#669,.T.);
#522=ORIENTED_EDGE('',*,*,#766,.F.);
#523=ORIENTED_EDGE('',*,*,#670,.T.);
#524=ORIENTED_EDGE('',*,*,#767,.T.);
#525=ORIENTED_EDGE('',*,*,#784,.T.);
#526=ORIENTED_EDGE('',*,*,#687,.F.);
#527=ORIENTED_EDGE('',*,*,#785,.F.);
#528=ORIENTED_EDGE('',*,*,#768,.T.);
#529=ORIENTED_EDGE('',*,*,#785,.T.);
#530=ORIENTED_EDGE('',*,*,#686,.F.);
#531=ORIENTED_EDGE('',*,*,#786,.F.);
#532=ORIENTED_EDGE('',*,*,#769,.T.);
#533=ORIENTED_EDGE('',*,*,#786,.T.);
#534=ORIENTED_EDGE('',*,*,#685,.F.);
#535=ORIENTED_EDGE('',*,*,#787,.F.);
#536=ORIENTED_EDGE('',*,*,#770,.T.);
#537=ORIENTED_EDGE('',*,*,#787,.T.);
#538=ORIENTED_EDGE('',*,*,#684,.F.);
#539=ORIENTED_EDGE('',*,*,#788,.F.);
#540=ORIENTED_EDGE('',*,*,#771,.T.);
#541=ORIENTED_EDGE('',*,*,#788,.T.);
#542=ORIENTED_EDGE('',*,*,#683,.F.);
#543=ORIENTED_EDGE('',*,*,#789,.F.);
#544=ORIENTED_EDGE('',*,*,#772,.T.);
#545=ORIENTED_EDGE('',*,*,#789,.T.);
#546=ORIENTED_EDGE('',*,*,#682,.F.);
#547=ORIENTED_EDGE('',*,*,#790,.F.);
#548=ORIENTED_EDGE('',*,*,#773,.T.);
#549=ORIENTED_EDGE('',*,*,#790,.T.);
#550=ORIENTED_EDGE('',*,*,#681,.F.);
#551=ORIENTED_EDGE('',*,*,#791,.F.);
#552=ORIENTED_EDGE('',*,*,#774,.T.);
#553=ORIENTED_EDGE('',*,*,#791,.T.);
#554=ORIENTED_EDGE('',*,*,#680,.F.);
#555=ORIENTED_EDGE('',*,*,#792,.F.);
#556=ORIENTED_EDGE('',*,*,#775,.T.);
#557=ORIENTED_EDGE('',*,*,#792,.T.);
#558=ORIENTED_EDGE('',*,*,#679,.F.);
#559=ORIENTED_EDGE('',*,*,#793,.F.);
#560=ORIENTED_EDGE('',*,*,#776,.T.);
#561=ORIENTED_EDGE('',*,*,#793,.T.);
#562=ORIENTED_EDGE('',*,*,#678,.F.);
#563=ORIENTED_EDGE('',*,*,#794,.F.);
#564=ORIENTED_EDGE('',*,*,#777,.T.);
#565=ORIENTED_EDGE('',*,*,#794,.T.);
#566=ORIENTED_EDGE('',*,*,#677,.F.);
#567=ORIENTED_EDGE('',*,*,#795,.F.);
#568=ORIENTED_EDGE('',*,*,#778,.T.);
#569=ORIENTED_EDGE('',*,*,#795,.T.);
#570=ORIENTED_EDGE('',*,*,#676,.F.);
#571=ORIENTED_EDGE('',*,*,#796,.F.);
#572=ORIENTED_EDGE('',*,*,#779,.T.);
#573=ORIENTED_EDGE('',*,*,#796,.T.);
#574=ORIENTED_EDGE('',*,*,#675,.F.);
#575=ORIENTED_EDGE('',*,*,#797,.F.);
#576=ORIENTED_EDGE('',*,*,#780,.T.);
#577=ORIENTED_EDGE('',*,*,#797,.T.);
#578=ORIENTED_EDGE('',*,*,#674,.F.);
#579=ORIENTED_EDGE('',*,*,#798,.F.);
#580=ORIENTED_EDGE('',*,*,#781,.T.);
#581=ORIENTED_EDGE('',*,*,#798,.T.);
#582=ORIENTED_EDGE('',*,*,#673,.F.);
#583=ORIENTED_EDGE('',*,*,#799,.F.);
#584=ORIENTED_EDGE('',*,*,#782,.T.);
#585=ORIENTED_EDGE('',*,*,#799,.T.);
#586=ORIENTED_EDGE('',*,*,#672,.F.);
#587=ORIENTED_EDGE('',*,*,#800,.F.);
#588=ORIENTED_EDGE('',*,*,#783,.T.);
#589=ORIENTED_EDGE('',*,*,#800,.T.);
#590=ORIENTED_EDGE('',*,*,#671,.F.);
#591=ORIENTED_EDGE('',*,*,#784,.F.);
#592=EDGE_CURVE('',#801,#801,#993,.T.);
#593=EDGE_CURVE('',#802,#802,#994,.T.);
#594=EDGE_CURVE('',#803,#803,#995,.T.);
#595=EDGE_CURVE('',#804,#804,#996,.T.);
#596=EDGE_CURVE('',#805,#805,#997,.T.);
#597=EDGE_CURVE('',#806,#806,#998,.T.);
#598=EDGE_CURVE('',#807,#807,#999,.T.);
#599=EDGE_CURVE('',#808,#808,#1000,.T.);
#600=EDGE_CURVE('',#809,#809,#1001,.T.);
#601=EDGE_CURVE('',#810,#810,#1002,.T.);
#602=EDGE_CURVE('',#811,#811,#1003,.T.);
#603=EDGE_CURVE('',#812,#812,#1004,.T.);
#604=EDGE_CURVE('',#813,#813,#1005,.T.);
#605=EDGE_CURVE('',#814,#814,#1006,.T.);
#606=EDGE_CURVE('',#815,#815,#1007,.T.);
#607=EDGE_CURVE('',#816,#816,#1008,.T.);
#608=EDGE_CURVE('',#817,#817,#1009,.T.);
#609=EDGE_CURVE('',#818,#818,#1010,.T.);
#610=EDGE_CURVE('',#819,#819,#1011,.T.);
#611=EDGE_CURVE('',#820,#820,#1012,.T.);
#612=EDGE_CURVE('',#821,#821,#1013,.T.);
#613=EDGE_CURVE('',#822,#822,#1014,.T.);
#614=EDGE_CURVE('',#823,#823,#1015,.T.);
#615=EDGE_CURVE('',#824,#824,#1016,.T.);
#616=EDGE_CURVE('',#825,#825,#1017,.T.);
#617=EDGE_CURVE('',#826,#826,#1018,.T.);
#618=EDGE_CURVE('',#827,#827,#1019,.T.);
#619=EDGE_CURVE('',#828,#828,#1020,.T.);
#620=EDGE_CURVE('',#829,#829,#1021,.T.);
#621=EDGE_CURVE('',#830,#830,#1022,.T.);
#622=EDGE_CURVE('',#831,#831,#1023,.T.);
#623=EDGE_CURVE('',#832,#832,#1024,.T.);
#624=EDGE_CURVE('',#833,#833,#1025,.T.);
#625=EDGE_CURVE('',#834,#834,#1026,.T.);
#626=EDGE_CURVE('',#835,#835,#1027,.T.);
#627=EDGE_CURVE('',#836,#836,#1028,.T.);
#628=EDGE_CURVE('',#837,#837,#1029,.T.);
#629=EDGE_CURVE('',#838,#838,#1030,.T.);
#630=EDGE_CURVE('',#839,#839,#1031,.T.);
#631=EDGE_CURVE('',#840,#840,#1032,.T.);
#632=EDGE_CURVE('',#841,#841,#1033,.T.);
#633=EDGE_CURVE('',#842,#842,#1034,.T.);
#634=EDGE_CURVE('',#843,#843,#1035,.T.);
#635=EDGE_CURVE('',#844,#844,#1036,.T.);
#636=EDGE_CURVE('',#845,#845,#1037,.T.);
#637=EDGE_CURVE('',#846,#846,#1038,.T.);
#638=EDGE_CURVE('',#847,#847,#1039,.T.);
#639=EDGE_CURVE('',#848,#848,#1040,.T.);
#640=EDGE_CURVE('',#849,#849,#1041,.T.);
#641=EDGE_CURVE('',#850,#850,#1042,.T.);
#642=EDGE_CURVE('',#851,#851,#1043,.T.);
#643=EDGE_CURVE('',#852,#852,#1044,.T.);
#644=EDGE_CURVE('',#853,#853,#1045,.T.);
#645=EDGE_CURVE('',#854,#854,#1046,.T.);
#646=EDGE_CURVE('',#855,#855,#1047,.T.);
#647=EDGE_CURVE('',#856,#856,#1048,.T.);
#648=EDGE_CURVE('',#857,#857,#1049,.T.);
#649=EDGE_CURVE('',#858,#858,#1050,.T.);
#650=EDGE_CURVE('',#859,#859,#1051,.T.);
#651=EDGE_CURVE('',#860,#860,#1052,.T.);
#652=EDGE_CURVE('',#861,#861,#1053,.T.);
#653=EDGE_CURVE('',#862,#862,#1054,.T.);
#654=EDGE_CURVE('',#863,#863,#1055,.T.);
#655=EDGE_CURVE('',#864,#864,#1056,.T.);
#656=EDGE_CURVE('',#865,#865,#1057,.T.);
#657=EDGE_CURVE('',#866,#866,#1058,.T.);
#658=EDGE_CURVE('',#867,#867,#1059,.T.);
#659=EDGE_CURVE('',#868,#868,#1060,.T.);
#660=EDGE_CURVE('',#869,#869,#1061,.T.);
#661=EDGE_CURVE('',#870,#870,#1062,.T.);
#662=EDGE_CURVE('',#871,#871,#1063,.T.);
#663=EDGE_CURVE('',#872,#872,#1064,.T.);
#664=EDGE_CURVE('',#873,#873,#1065,.T.);
#665=EDGE_CURVE('',#874,#874,#1066,.T.);
#666=EDGE_CURVE('',#875,#875,#1067,.T.);
#667=EDGE_CURVE('',#876,#876,#1068,.T.);
#668=EDGE_CURVE('',#877,#877,#1069,.T.);
#669=EDGE_CURVE('',#878,#878,#1070,.T.);
#670=EDGE_CURVE('',#879,#879,#1071,.T.);
#671=EDGE_CURVE('',#880,#881,#1072,.T.);
#672=EDGE_CURVE('',#881,#882,#108,.T.);
#673=EDGE_CURVE('',#882,#883,#1073,.T.);
#674=EDGE_CURVE('',#883,#884,#109,.T.);
#675=EDGE_CURVE('',#884,#885,#1074,.T.);
#676=EDGE_CURVE('',#885,#886,#1075,.T.);
#677=EDGE_CURVE('',#886,#887,#110,.T.);
#678=EDGE_CURVE('',#887,#888,#1076,.T.);
#679=EDGE_CURVE('',#888,#889,#111,.T.);
#680=EDGE_CURVE('',#889,#890,#1077,.T.);
#681=EDGE_CURVE('',#890,#891,#112,.T.);
#682=EDGE_CURVE('',#891,#892,#1078,.T.);
#683=EDGE_CURVE('',#892,#893,#113,.T.);
#684=EDGE_CURVE('',#893,#894,#1079,.T.);
#685=EDGE_CURVE('',#894,#895,#114,.T.);
#686=EDGE_CURVE('',#895,#896,#115,.T.);
#687=EDGE_CURVE('',#896,#880,#1080,.T.);
#688=EDGE_CURVE('',#897,#897,#1081,.T.);
#689=EDGE_CURVE('',#898,#898,#1082,.T.);
#690=EDGE_CURVE('',#899,#899,#1083,.T.);
#691=EDGE_CURVE('',#900,#900,#1084,.T.);
#692=EDGE_CURVE('',#901,#901,#1085,.T.);
#693=EDGE_CURVE('',#902,#902,#1086,.T.);
#694=EDGE_CURVE('',#903,#903,#1087,.T.);
#695=EDGE_CURVE('',#904,#904,#1088,.T.);
#696=EDGE_CURVE('',#905,#905,#1089,.T.);
#697=EDGE_CURVE('',#906,#906,#1090,.T.);
#698=EDGE_CURVE('',#907,#907,#1091,.T.);
#699=EDGE_CURVE('',#908,#908,#1092,.T.);
#700=EDGE_CURVE('',#909,#909,#1093,.T.);
#701=EDGE_CURVE('',#910,#910,#1094,.T.);
#702=EDGE_CURVE('',#911,#911,#1095,.T.);
#703=EDGE_CURVE('',#912,#912,#1096,.T.);
#704=EDGE_CURVE('',#913,#913,#1097,.T.);
#705=EDGE_CURVE('',#914,#914,#1098,.T.);
#706=EDGE_CURVE('',#915,#915,#1099,.T.);
#707=EDGE_CURVE('',#916,#916,#1100,.T.);
#708=EDGE_CURVE('',#917,#917,#1101,.T.);
#709=EDGE_CURVE('',#918,#918,#1102,.T.);
#710=EDGE_CURVE('',#919,#919,#1103,.T.);
#711=EDGE_CURVE('',#920,#920,#1104,.T.);
#712=EDGE_CURVE('',#921,#921,#1105,.T.);
#713=EDGE_CURVE('',#922,#922,#1106,.T.);
#714=EDGE_CURVE('',#923,#923,#1107,.T.);
#715=EDGE_CURVE('',#924,#924,#1108,.T.);
#716=EDGE_CURVE('',#925,#925,#1109,.T.);
#717=EDGE_CURVE('',#926,#926,#1110,.T.);
#718=EDGE_CURVE('',#927,#927,#1111,.T.);
#719=EDGE_CURVE('',#928,#928,#1112,.T.);
#720=EDGE_CURVE('',#929,#929,#1113,.T.);
#721=EDGE_CURVE('',#930,#930,#1114,.T.);
#722=EDGE_CURVE('',#931,#931,#1115,.T.);
#723=EDGE_CURVE('',#932,#932,#1116,.T.);
#724=EDGE_CURVE('',#933,#933,#1117,.T.);
#725=EDGE_CURVE('',#934,#934,#1118,.T.);
#726=EDGE_CURVE('',#935,#935,#1119,.T.);
#727=EDGE_CURVE('',#936,#936,#1120,.T.);
#728=EDGE_CURVE('',#937,#937,#1121,.T.);
#729=EDGE_CURVE('',#938,#938,#1122,.T.);
#730=EDGE_CURVE('',#939,#939,#1123,.T.);
#731=EDGE_CURVE('',#940,#940,#1124,.T.);
#732=EDGE_CURVE('',#941,#941,#1125,.T.);
#733=EDGE_CURVE('',#942,#942,#1126,.T.);
#734=EDGE_CURVE('',#943,#943,#1127,.T.);
#735=EDGE_CURVE('',#944,#944,#1128,.T.);
#736=EDGE_CURVE('',#945,#945,#1129,.T.);
#737=EDGE_CURVE('',#946,#946,#1130,.T.);
#738=EDGE_CURVE('',#947,#947,#1131,.T.);
#739=EDGE_CURVE('',#948,#948,#1132,.T.);
#740=EDGE_CURVE('',#949,#949,#1133,.T.);
#741=EDGE_CURVE('',#950,#950,#1134,.T.);
#742=EDGE_CURVE('',#951,#951,#1135,.T.);
#743=EDGE_CURVE('',#952,#952,#1136,.T.);
#744=EDGE_CURVE('',#953,#953,#1137,.T.);
#745=EDGE_CURVE('',#954,#954,#1138,.T.);
#746=EDGE_CURVE('',#955,#955,#1139,.T.);
#747=EDGE_CURVE('',#956,#956,#1140,.T.);
#748=EDGE_CURVE('',#957,#957,#1141,.T.);
#749=EDGE_CURVE('',#958,#958,#1142,.T.);
#750=EDGE_CURVE('',#959,#959,#1143,.T.);
#751=EDGE_CURVE('',#960,#960,#1144,.T.);
#752=EDGE_CURVE('',#961,#961,#1145,.T.);
#753=EDGE_CURVE('',#962,#962,#1146,.T.);
#754=EDGE_CURVE('',#963,#963,#1147,.T.);
#755=EDGE_CURVE('',#964,#964,#1148,.T.);
#756=EDGE_CURVE('',#965,#965,#1149,.T.);
#757=EDGE_CURVE('',#966,#966,#1150,.T.);
#758=EDGE_CURVE('',#967,#967,#1151,.T.);
#759=EDGE_CURVE('',#968,#968,#1152,.T.);
#760=EDGE_CURVE('',#969,#969,#1153,.T.);
#761=EDGE_CURVE('',#970,#970,#1154,.T.);
#762=EDGE_CURVE('',#971,#971,#1155,.T.);
#763=EDGE_CURVE('',#972,#972,#1156,.T.);
#764=EDGE_CURVE('',#973,#973,#1157,.T.);
#765=EDGE_CURVE('',#974,#974,#1158,.T.);
#766=EDGE_CURVE('',#975,#975,#1159,.T.);
#767=EDGE_CURVE('',#976,#977,#1160,.T.);
#768=EDGE_CURVE('',#978,#976,#116,.T.);
#769=EDGE_CURVE('',#979,#978,#117,.T.);
#770=EDGE_CURVE('',#980,#979,#1161,.T.);
#771=EDGE_CURVE('',#981,#980,#118,.T.);
#772=EDGE_CURVE('',#982,#981,#1162,.T.);
#773=EDGE_CURVE('',#983,#982,#119,.T.);
#774=EDGE_CURVE('',#984,#983,#1163,.T.);
#775=EDGE_CURVE('',#985,#984,#120,.T.);
#776=EDGE_CURVE('',#986,#985,#1164,.T.);
#777=EDGE_CURVE('',#987,#986,#121,.T.);
#778=EDGE_CURVE('',#988,#987,#1165,.T.);
#779=EDGE_CURVE('',#989,#988,#1166,.T.);
#780=EDGE_CURVE('',#990,#989,#122,.T.);
#781=EDGE_CURVE('',#991,#990,#1167,.T.);
#782=EDGE_CURVE('',#992,#991,#123,.T.);
#783=EDGE_CURVE('',#977,#992,#1168,.T.);
#784=EDGE_CURVE('',#977,#880,#124,.T.);
#785=EDGE_CURVE('',#976,#896,#125,.T.);
#786=EDGE_CURVE('',#978,#895,#126,.T.);
#787=EDGE_CURVE('',#979,#894,#127,.T.);
#788=EDGE_CURVE('',#980,#893,#128,.T.);
#789=EDGE_CURVE('',#981,#892,#129,.T.);
#790=EDGE_CURVE('',#982,#891,#130,.T.);
#791=EDGE_CURVE('',#983,#890,#131,.T.);
#792=EDGE_CURVE('',#984,#889,#132,.T.);
#793=EDGE_CURVE('',#985,#888,#133,.T.);
#794=EDGE_CURVE('',#986,#887,#134,.T.);
#795=EDGE_CURVE('',#987,#886,#135,.T.);
#796=EDGE_CURVE('',#988,#885,#136,.T.);
#797=EDGE_CURVE('',#989,#884,#137,.T.);
#798=EDGE_CURVE('',#990,#883,#138,.T.);
#799=EDGE_CURVE('',#991,#882,#139,.T.);
#800=EDGE_CURVE('',#992,#881,#140,.T.);
#801=VERTEX_POINT('',#2820);
#802=VERTEX_POINT('',#2822);
#803=VERTEX_POINT('',#2824);
#804=VERTEX_POINT('',#2826);
#805=VERTEX_POINT('',#2828);
#806=VERTEX_POINT('',#2830);
#807=VERTEX_POINT('',#2832);
#808=VERTEX_POINT('',#2834);
#809=VERTEX_POINT('',#2836);
#810=VERTEX_POINT('',#2838);
#811=VERTEX_POINT('',#2840);
#812=VERTEX_POINT('',#2842);
#813=VERTEX_POINT('',#2844);
#814=VERTEX_POINT('',#2846);
#815=VERTEX_POINT('',#2848);
#816=VERTEX_POINT('',#2850);
#817=VERTEX_POINT('',#2852);
#818=VERTEX_POINT('',#2854);
#819=VERTEX_POINT('',#2856);
#820=VERTEX_POINT('',#2858);
#821=VERTEX_POINT('',#2860);
#822=VERTEX_POINT('',#2862);
#823=VERTEX_POINT('',#2864);
#824=VERTEX_POINT('',#2866);
#825=VERTEX_POINT('',#2868);
#826=VERTEX_POINT('',#2870);
#827=VERTEX_POINT('',#2872);
#828=VERTEX_POINT('',#2874);
#829=VERTEX_POINT('',#2876);
#830=VERTEX_POINT('',#2878);
#831=VERTEX_POINT('',#2880);
#832=VERTEX_POINT('',#2882);
#833=VERTEX_POINT('',#2884);
#834=VERTEX_POINT('',#2886);
#835=VERTEX_POINT('',#2888);
#836=VERTEX_POINT('',#2890);
#837=VERTEX_POINT('',#2892);
#838=VERTEX_POINT('',#2894);
#839=VERTEX_POINT('',#2896);
#840=VERTEX_POINT('',#2898);
#841=VERTEX_POINT('',#2900);
#842=VERTEX_POINT('',#2902);
#843=VERTEX_POINT('',#2904);
#844=VERTEX_POINT('',#2906);
#845=VERTEX_POINT('',#2908);
#846=VERTEX_POINT('',#2910);
#847=VERTEX_POINT('',#2912);
#848=VERTEX_POINT('',#2914);
#849=VERTEX_POINT('',#2916);
#850=VERTEX_POINT('',#2918);
#851=VERTEX_POINT('',#2920);
#852=VERTEX_POINT('',#2922);
#853=VERTEX_POINT('',#2924);
#854=VERTEX_POINT('',#2926);
#855=VERTEX_POINT('',#2928);
#856=VERTEX_POINT('',#2930);
#857=VERTEX_POINT('',#2932);
#858=VERTEX_POINT('',#2934);
#859=VERTEX_POINT('',#2936);
#860=VERTEX_POINT('',#2938);
#861=VERTEX_POINT('',#2940);
#862=VERTEX_POINT('',#2942);
#863=VERTEX_POINT('',#2944);
#864=VERTEX_POINT('',#2946);
#865=VERTEX_POINT('',#2948);
#866=VERTEX_POINT('',#2950);
#867=VERTEX_POINT('',#2952);
#868=VERTEX_POINT('',#2954);
#869=VERTEX_POINT('',#2956);
#870=VERTEX_POINT('',#2958);
#871=VERTEX_POINT('',#2960);
#872=VERTEX_POINT('',#2962);
#873=VERTEX_POINT('',#2964);
#874=VERTEX_POINT('',#2966);
#875=VERTEX_POINT('',#2968);
#876=VERTEX_POINT('',#2970);
#877=VERTEX_POINT('',#2972);
#878=VERTEX_POINT('',#2974);
#879=VERTEX_POINT('',#2976);
#880=VERTEX_POINT('',#2978);
#881=VERTEX_POINT('',#2979);
#882=VERTEX_POINT('',#2981);
#883=VERTEX_POINT('',#2983);
#884=VERTEX_POINT('',#2985);
#885=VERTEX_POINT('',#2987);
#886=VERTEX_POINT('',#2989);
#887=VERTEX_POINT('',#2991);
#888=VERTEX_POINT('',#2993);
#889=VERTEX_POINT('',#2995);
#890=VERTEX_POINT('',#2997);
#891=VERTEX_POINT('',#2999);
#892=VERTEX_POINT('',#3001);
#893=VERTEX_POINT('',#3003);
#894=VERTEX_POINT('',#3005);
#895=VERTEX_POINT('',#3007);
#896=VERTEX_POINT('',#3009);
#897=VERTEX_POINT('',#3013);
#898=VERTEX_POINT('',#3015);
#899=VERTEX_POINT('',#3017);
#900=VERTEX_POINT('',#3019);
#901=VERTEX_POINT('',#3021);
#902=VERTEX_POINT('',#3023);
#903=VERTEX_POINT('',#3025);
#904=VERTEX_POINT('',#3027);
#905=VERTEX_POINT('',#3029);
#906=VERTEX_POINT('',#3031);
#907=VERTEX_POINT('',#3033);
#908=VERTEX_POINT('',#3035);
#909=VERTEX_POINT('',#3037);
#910=VERTEX_POINT('',#3039);
#911=VERTEX_POINT('',#3041);
#912=VERTEX_POINT('',#3043);
#913=VERTEX_POINT('',#3045);
#914=VERTEX_POINT('',#3047);
#915=VERTEX_POINT('',#3049);
#916=VERTEX_POINT('',#3051);
#917=VERTEX_POINT('',#3053);
#918=VERTEX_POINT('',#3055);
#919=VERTEX_POINT('',#3057);
#920=VERTEX_POINT('',#3059);
#921=VERTEX_POINT('',#3061);
#922=VERTEX_POINT('',#3063);
#923=VERTEX_POINT('',#3065);
#924=VERTEX_POINT('',#3067);
#925=VERTEX_POINT('',#3069);
#926=VERTEX_POINT('',#3071);
#927=VERTEX_POINT('',#3073);
#928=VERTEX_POINT('',#3075);
#929=VERTEX_POINT('',#3077);
#930=VERTEX_POINT('',#3079);
#931=VERTEX_POINT('',#3081);
#932=VERTEX_POINT('',#3083);
#933=VERTEX_POINT('',#3085);
#934=VERTEX_POINT('',#3087);
#935=VERTEX_POINT('',#3089);
#936=VERTEX_POINT('',#3091);
#937=VERTEX_POINT('',#3093);
#938=VERTEX_POINT('',#3095);
#939=VERTEX_POINT('',#3097);
#940=VERTEX_POINT('',#3099);
#941=VERTEX_POINT('',#3101);
#942=VERTEX_POINT('',#3103);
#943=VERTEX_POINT('',#3105);
#944=VERTEX_POINT('',#3107);
#945=VERTEX_POINT('',#3109);
#946=VERTEX_POINT('',#3111);
#947=VERTEX_POINT('',#3113);
#948=VERTEX_POINT('',#3115);
#949=VERTEX_POINT('',#3117);
#950=VERTEX_POINT('',#3119);
#951=VERTEX_POINT('',#3121);
#952=VERTEX_POINT('',#3123);
#953=VERTEX_POINT('',#3125);
#954=VERTEX_POINT('',#3127);
#955=VERTEX_POINT('',#3129);
#956=VERTEX_POINT('',#3131);
#957=VERTEX_POINT('',#3133);
#958=VERTEX_POINT('',#3135);
#959=VERTEX_POINT('',#3137);
#960=VERTEX_POINT('',#3139);
#961=VERTEX_POINT('',#3141);
#962=VERTEX_POINT('',#3143);
#963=VERTEX_POINT('',#3145);
#964=VERTEX_POINT('',#3147);
#965=VERTEX_POINT('',#3149);
#966=VERTEX_POINT('',#3151);
#967=VERTEX_POINT('',#3153);
#968=VERTEX_POINT('',#3155);
#969=VERTEX_POINT('',#3157);
#970=VERTEX_POINT('',#3159);
#971=VERTEX_POINT('',#3161);
#972=VERTEX_POINT('',#3163);
#973=VERTEX_POINT('',#3165);
#974=VERTEX_POINT('',#3167);
#975=VERTEX_POINT('',#3169);
#976=VERTEX_POINT('',#3171);
#977=VERTEX_POINT('',#3172);
#978=VERTEX_POINT('',#3174);
#979=VERTEX_POINT('',#3176);
#980=VERTEX_POINT('',#3178);
#981=VERTEX_POINT('',#3180);
#982=VERTEX_POINT('',#3182);
#983=VERTEX_POINT('',#3184);
#984=VERTEX_POINT('',#3186);
#985=VERTEX_POINT('',#3188);
#986=VERTEX_POINT('',#3190);
#987=VERTEX_POINT('',#3192);
#988=VERTEX_POINT('',#3194);
#989=VERTEX_POINT('',#3196);
#990=VERTEX_POINT('',#3198);
#991=VERTEX_POINT('',#3200);
#992=VERTEX_POINT('',#3202);
#993=CIRCLE('',#1961,0.000550037);
#994=CIRCLE('',#1962,0.000550037);
#995=CIRCLE('',#1963,0.000550037);
#996=CIRCLE('',#1964,0.000550037);
#997=CIRCLE('',#1965,0.000550037);
#998=CIRCLE('',#1966,0.001400048);
#999=CIRCLE('',#1967,0.000550037);
#1000=CIRCLE('',#1968,0.000550037);
#1001=CIRCLE('',#1969,0.000550037);
#1002=CIRCLE('',#1970,0.000550037);
#1003=CIRCLE('',#1971,0.000550037);
#1004=CIRCLE('',#1972,0.000550037);
#1005=CIRCLE('',#1973,0.000550037);
#1006=CIRCLE('',#1974,0.000550037);
#1007=CIRCLE('',#1975,0.000550037);
#1008=CIRCLE('',#1976,0.000550037);
#1009=CIRCLE('',#1977,0.000550037);
#1010=CIRCLE('',#1978,0.000550037);
#1011=CIRCLE('',#1979,0.000550037);
#1012=CIRCLE('',#1980,0.000550037);
#1013=CIRCLE('',#1981,0.0003499993);
#1014=CIRCLE('',#1982,0.0005499989);
#1015=CIRCLE('',#1983,0.0003499993);
#1016=CIRCLE('',#1984,0.0005499989);
#1017=CIRCLE('',#1985,0.0005499989);
#1018=CIRCLE('',#1986,0.0003499993);
#1019=CIRCLE('',#1987,0.0003499993);
#1020=CIRCLE('',#1988,0.0003499993);
#1021=CIRCLE('',#1989,0.0003499993);
#1022=CIRCLE('',#1990,0.001400048);
#1023=CIRCLE('',#1991,0.000550037);
#1024=CIRCLE('',#1992,0.000550037);
#1025=CIRCLE('',#1993,0.0005499989);
#1026=CIRCLE('',#1994,0.000550037);
#1027=CIRCLE('',#1995,0.000550037);
#1028=CIRCLE('',#1996,0.0005499989);
#1029=CIRCLE('',#1997,0.0005499989);
#1030=CIRCLE('',#1998,0.0005499989);
#1031=CIRCLE('',#1999,0.000499999);
#1032=CIRCLE('',#2000,0.000499999);
#1033=CIRCLE('',#2001,0.000550037);
#1034=CIRCLE('',#2002,0.000550037);
#1035=CIRCLE('',#2003,0.000550037);
#1036=CIRCLE('',#2004,0.000550037);
#1037=CIRCLE('',#2005,0.000550037);
#1038=CIRCLE('',#2006,0.000550037);
#1039=CIRCLE('',#2007,0.000550037);
#1040=CIRCLE('',#2008,0.000550037);
#1041=CIRCLE('',#2009,0.000550037);
#1042=CIRCLE('',#2010,0.0005499989);
#1043=CIRCLE('',#2011,0.000550037);
#1044=CIRCLE('',#2012,0.000550037);
#1045=CIRCLE('',#2013,0.000550037);
#1046=CIRCLE('',#2014,0.000550037);
#1047=CIRCLE('',#2015,0.001400048);
#1048=CIRCLE('',#2016,0.000550037);
#1049=CIRCLE('',#2017,0.000550037);
#1050=CIRCLE('',#2018,0.0005499989);
#1051=CIRCLE('',#2019,0.000550037);
#1052=CIRCLE('',#2020,0.000550037);
#1053=CIRCLE('',#2021,0.0005499989);
#1054=CIRCLE('',#2022,0.0005499989);
#1055=CIRCLE('',#2023,0.0005499989);
#1056=CIRCLE('',#2024,0.0005499989);
#1057=CIRCLE('',#2025,0.0005499989);
#1058=CIRCLE('',#2026,0.000499999);
#1059=CIRCLE('',#2027,0.000499999);
#1060=CIRCLE('',#2028,0.000499999);
#1061=CIRCLE('',#2029,0.00040005);
#1062=CIRCLE('',#2030,0.000550037);
#1063=CIRCLE('',#2031,0.0003499993);
#1064=CIRCLE('',#2032,0.0003499993);
#1065=CIRCLE('',#2033,0.0003499993);
#1066=CIRCLE('',#2034,0.0003499993);
#1067=CIRCLE('',#2035,0.0003499993);
#1068=CIRCLE('',#2036,0.00040005);
#1069=CIRCLE('',#2037,0.000550037);
#1070=CIRCLE('',#2038,0.0003499993);
#1071=CIRCLE('',#2039,0.001400048);
#1072=CIRCLE('',#2040,7.135028261131E-5);
#1073=CIRCLE('',#2041,0.001215683675185);
#1074=CIRCLE('',#2042,0.000959126516418);
#1075=CIRCLE('',#2043,7.127187088668E-5);
#1076=CIRCLE('',#2044,0.001215314463753);
#1077=CIRCLE('',#2045,0.00351319911307);
#1078=CIRCLE('',#2046,0.00390620823177);
#1079=CIRCLE('',#2047,0.003906478103933);
#1080=CIRCLE('',#2048,0.003509847594142);
#1081=CIRCLE('',#2050,0.000550037);
#1082=CIRCLE('',#2051,0.000550037);
#1083=CIRCLE('',#2052,0.000550037);
#1084=CIRCLE('',#2053,0.000550037);
#1085=CIRCLE('',#2054,0.000550037);
#1086=CIRCLE('',#2055,0.001400048);
#1087=CIRCLE('',#2056,0.000550037);
#1088=CIRCLE('',#2057,0.000550037);
#1089=CIRCLE('',#2058,0.000550037);
#1090=CIRCLE('',#2059,0.000550037);
#1091=CIRCLE('',#2060,0.000550037);
#1092=CIRCLE('',#2061,0.000550037);
#1093=CIRCLE('',#2062,0.000550037);
#1094=CIRCLE('',#2063,0.000550037);
#1095=CIRCLE('',#2064,0.000550037);
#1096=CIRCLE('',#2065,0.000550037);
#1097=CIRCLE('',#2066,0.000550037);
#1098=CIRCLE('',#2067,0.000550037);
#1099=CIRCLE('',#2068,0.000550037);
#1100=CIRCLE('',#2069,0.000550037);
#1101=CIRCLE('',#2070,0.0003499993);
#1102=CIRCLE('',#2071,0.0005499989);
#1103=CIRCLE('',#2072,0.0003499993);
#1104=CIRCLE('',#2073,0.0005499989);
#1105=CIRCLE('',#2074,0.0005499989);
#1106=CIRCLE('',#2075,0.0003499993);
#1107=CIRCLE('',#2076,0.0003499993);
#1108=CIRCLE('',#2077,0.0003499993);
#1109=CIRCLE('',#2078,0.0003499993);
#1110=CIRCLE('',#2079,0.001400048);
#1111=CIRCLE('',#2080,0.000550037);
#1112=CIRCLE('',#2081,0.000550037);
#1113=CIRCLE('',#2082,0.0005499989);
#1114=CIRCLE('',#2083,0.000550037);
#1115=CIRCLE('',#2084,0.000550037);
#1116=CIRCLE('',#2085,0.0005499989);
#1117=CIRCLE('',#2086,0.0005499989);
#1118=CIRCLE('',#2087,0.0005499989);
#1119=CIRCLE('',#2088,0.000499999);
#1120=CIRCLE('',#2089,0.000499999);
#1121=CIRCLE('',#2090,0.000550037);
#1122=CIRCLE('',#2091,0.000550037);
#1123=CIRCLE('',#2092,0.000550037);
#1124=CIRCLE('',#2093,0.000550037);
#1125=CIRCLE('',#2094,0.000550037);
#1126=CIRCLE('',#2095,0.000550037);
#1127=CIRCLE('',#2096,0.000550037);
#1128=CIRCLE('',#2097,0.000550037);
#1129=CIRCLE('',#2098,0.000550037);
#1130=CIRCLE('',#2099,0.0005499989);
#1131=CIRCLE('',#2100,0.000550037);
#1132=CIRCLE('',#2101,0.000550037);
#1133=CIRCLE('',#2102,0.000550037);
#1134=CIRCLE('',#2103,0.000550037);
#1135=CIRCLE('',#2104,0.001400048);
#1136=CIRCLE('',#2105,0.000550037);
#1137=CIRCLE('',#2106,0.000550037);
#1138=CIRCLE('',#2107,0.0005499989);
#1139=CIRCLE('',#2108,0.000550037);
#1140=CIRCLE('',#2109,0.000550037);
#1141=CIRCLE('',#2110,0.0005499989);
#1142=CIRCLE('',#2111,0.0005499989);
#1143=CIRCLE('',#2112,0.0005499989);
#1144=CIRCLE('',#2113,0.0005499989);
#1145=CIRCLE('',#2114,0.0005499989);
#1146=CIRCLE('',#2115,0.000499999);
#1147=CIRCLE('',#2116,0.000499999);
#1148=CIRCLE('',#2117,0.000499999);
#1149=CIRCLE('',#2118,0.00040005);
#1150=CIRCLE('',#2119,0.000550037);
#1151=CIRCLE('',#2120,0.0003499993);
#1152=CIRCLE('',#2121,0.0003499993);
#1153=CIRCLE('',#2122,0.0003499993);
#1154=CIRCLE('',#2123,0.0003499993);
#1155=CIRCLE('',#2124,0.0003499993);
#1156=CIRCLE('',#2125,0.00040005);
#1157=CIRCLE('',#2126,0.000550037);
#1158=CIRCLE('',#2127,0.0003499993);
#1159=CIRCLE('',#2128,0.001400048);
#1160=CIRCLE('',#2129,0.003509847594142);
#1161=CIRCLE('',#2130,0.003906478103933);
#1162=CIRCLE('',#2131,0.00390620823177);
#1163=CIRCLE('',#2132,0.00351319911307);
#1164=CIRCLE('',#2133,0.001215314463753);
#1165=CIRCLE('',#2134,7.127187088668E-5);
#1166=CIRCLE('',#2135,0.000959126516418);
#1167=CIRCLE('',#2136,0.001215683675185);
#1168=CIRCLE('',#2137,7.135028261131E-5);
#1169=EDGE_LOOP('',(#174));
#1170=EDGE_LOOP('',(#175));
#1171=EDGE_LOOP('',(#176));
#1172=EDGE_LOOP('',(#177));
#1173=EDGE_LOOP('',(#178));
#1174=EDGE_LOOP('',(#179));
#1175=EDGE_LOOP('',(#180));
#1176=EDGE_LOOP('',(#181));
#1177=EDGE_LOOP('',(#182));
#1178=EDGE_LOOP('',(#183));
#1179=EDGE_LOOP('',(#184));
#1180=EDGE_LOOP('',(#185));
#1181=EDGE_LOOP('',(#186));
#1182=EDGE_LOOP('',(#187));
#1183=EDGE_LOOP('',(#188));
#1184=EDGE_LOOP('',(#189));
#1185=EDGE_LOOP('',(#190));
#1186=EDGE_LOOP('',(#191));
#1187=EDGE_LOOP('',(#192));
#1188=EDGE_LOOP('',(#193));
#1189=EDGE_LOOP('',(#194));
#1190=EDGE_LOOP('',(#195));
#1191=EDGE_LOOP('',(#196));
#1192=EDGE_LOOP('',(#197));
#1193=EDGE_LOOP('',(#198));
#1194=EDGE_LOOP('',(#199));
#1195=EDGE_LOOP('',(#200));
#1196=EDGE_LOOP('',(#201));
#1197=EDGE_LOOP('',(#202));
#1198=EDGE_LOOP('',(#203));
#1199=EDGE_LOOP('',(#204));
#1200=EDGE_LOOP('',(#205));
#1201=EDGE_LOOP('',(#206));
#1202=EDGE_LOOP('',(#207));
#1203=EDGE_LOOP('',(#208));
#1204=EDGE_LOOP('',(#209));
#1205=EDGE_LOOP('',(#210));
#1206=EDGE_LOOP('',(#211));
#1207=EDGE_LOOP('',(#212));
#1208=EDGE_LOOP('',(#213));
#1209=EDGE_LOOP('',(#214));
#1210=EDGE_LOOP('',(#215));
#1211=EDGE_LOOP('',(#216));
#1212=EDGE_LOOP('',(#217));
#1213=EDGE_LOOP('',(#218));
#1214=EDGE_LOOP('',(#219));
#1215=EDGE_LOOP('',(#220));
#1216=EDGE_LOOP('',(#221));
#1217=EDGE_LOOP('',(#222));
#1218=EDGE_LOOP('',(#223));
#1219=EDGE_LOOP('',(#224));
#1220=EDGE_LOOP('',(#225));
#1221=EDGE_LOOP('',(#226));
#1222=EDGE_LOOP('',(#227));
#1223=EDGE_LOOP('',(#228));
#1224=EDGE_LOOP('',(#229));
#1225=EDGE_LOOP('',(#230));
#1226=EDGE_LOOP('',(#231));
#1227=EDGE_LOOP('',(#232));
#1228=EDGE_LOOP('',(#233));
#1229=EDGE_LOOP('',(#234));
#1230=EDGE_LOOP('',(#235));
#1231=EDGE_LOOP('',(#236));
#1232=EDGE_LOOP('',(#237));
#1233=EDGE_LOOP('',(#238));
#1234=EDGE_LOOP('',(#239));
#1235=EDGE_LOOP('',(#240));
#1236=EDGE_LOOP('',(#241));
#1237=EDGE_LOOP('',(#242));
#1238=EDGE_LOOP('',(#243));
#1239=EDGE_LOOP('',(#244));
#1240=EDGE_LOOP('',(#245));
#1241=EDGE_LOOP('',(#246));
#1242=EDGE_LOOP('',(#247));
#1243=EDGE_LOOP('',(#248));
#1244=EDGE_LOOP('',(#249));
#1245=EDGE_LOOP('',(#250));
#1246=EDGE_LOOP('',(#251));
#1247=EDGE_LOOP('',(#252));
#1248=EDGE_LOOP('',(#253,#254,#255,#256,#257,#258,#259,#260,#261,#262,#263,
#264,#265,#266,#267,#268,#269));
#1249=EDGE_LOOP('',(#270));
#1250=EDGE_LOOP('',(#271));
#1251=EDGE_LOOP('',(#272));
#1252=EDGE_LOOP('',(#273));
#1253=EDGE_LOOP('',(#274));
#1254=EDGE_LOOP('',(#275));
#1255=EDGE_LOOP('',(#276));
#1256=EDGE_LOOP('',(#277));
#1257=EDGE_LOOP('',(#278));
#1258=EDGE_LOOP('',(#279));
#1259=EDGE_LOOP('',(#280));
#1260=EDGE_LOOP('',(#281));
#1261=EDGE_LOOP('',(#282));
#1262=EDGE_LOOP('',(#283));
#1263=EDGE_LOOP('',(#284));
#1264=EDGE_LOOP('',(#285));
#1265=EDGE_LOOP('',(#286));
#1266=EDGE_LOOP('',(#287));
#1267=EDGE_LOOP('',(#288));
#1268=EDGE_LOOP('',(#289));
#1269=EDGE_LOOP('',(#290));
#1270=EDGE_LOOP('',(#291));
#1271=EDGE_LOOP('',(#292));
#1272=EDGE_LOOP('',(#293));
#1273=EDGE_LOOP('',(#294));
#1274=EDGE_LOOP('',(#295));
#1275=EDGE_LOOP('',(#296));
#1276=EDGE_LOOP('',(#297));
#1277=EDGE_LOOP('',(#298));
#1278=EDGE_LOOP('',(#299));
#1279=EDGE_LOOP('',(#300));
#1280=EDGE_LOOP('',(#301));
#1281=EDGE_LOOP('',(#302));
#1282=EDGE_LOOP('',(#303));
#1283=EDGE_LOOP('',(#304));
#1284=EDGE_LOOP('',(#305));
#1285=EDGE_LOOP('',(#306));
#1286=EDGE_LOOP('',(#307));
#1287=EDGE_LOOP('',(#308));
#1288=EDGE_LOOP('',(#309));
#1289=EDGE_LOOP('',(#310));
#1290=EDGE_LOOP('',(#311));
#1291=EDGE_LOOP('',(#312));
#1292=EDGE_LOOP('',(#313));
#1293=EDGE_LOOP('',(#314));
#1294=EDGE_LOOP('',(#315));
#1295=EDGE_LOOP('',(#316));
#1296=EDGE_LOOP('',(#317));
#1297=EDGE_LOOP('',(#318));
#1298=EDGE_LOOP('',(#319));
#1299=EDGE_LOOP('',(#320));
#1300=EDGE_LOOP('',(#321));
#1301=EDGE_LOOP('',(#322));
#1302=EDGE_LOOP('',(#323));
#1303=EDGE_LOOP('',(#324));
#1304=EDGE_LOOP('',(#325));
#1305=EDGE_LOOP('',(#326));
#1306=EDGE_LOOP('',(#327));
#1307=EDGE_LOOP('',(#328));
#1308=EDGE_LOOP('',(#329));
#1309=EDGE_LOOP('',(#330));
#1310=EDGE_LOOP('',(#331));
#1311=EDGE_LOOP('',(#332));
#1312=EDGE_LOOP('',(#333));
#1313=EDGE_LOOP('',(#334));
#1314=EDGE_LOOP('',(#335));
#1315=EDGE_LOOP('',(#336));
#1316=EDGE_LOOP('',(#337));
#1317=EDGE_LOOP('',(#338));
#1318=EDGE_LOOP('',(#339));
#1319=EDGE_LOOP('',(#340));
#1320=EDGE_LOOP('',(#341));
#1321=EDGE_LOOP('',(#342));
#1322=EDGE_LOOP('',(#343));
#1323=EDGE_LOOP('',(#344));
#1324=EDGE_LOOP('',(#345));
#1325=EDGE_LOOP('',(#346));
#1326=EDGE_LOOP('',(#347));
#1327=EDGE_LOOP('',(#348));
#1328=EDGE_LOOP('',(#349,#350,#351,#352,#353,#354,#355,#356,#357,#358,#359,
#360,#361,#362,#363,#364,#365));
#1329=EDGE_LOOP('',(#366));
#1330=EDGE_LOOP('',(#367));
#1331=EDGE_LOOP('',(#368));
#1332=EDGE_LOOP('',(#369));
#1333=EDGE_LOOP('',(#370));
#1334=EDGE_LOOP('',(#371));
#1335=EDGE_LOOP('',(#372));
#1336=EDGE_LOOP('',(#373));
#1337=EDGE_LOOP('',(#374));
#1338=EDGE_LOOP('',(#375));
#1339=EDGE_LOOP('',(#376));
#1340=EDGE_LOOP('',(#377));
#1341=EDGE_LOOP('',(#378));
#1342=EDGE_LOOP('',(#379));
#1343=EDGE_LOOP('',(#380));
#1344=EDGE_LOOP('',(#381));
#1345=EDGE_LOOP('',(#382));
#1346=EDGE_LOOP('',(#383));
#1347=EDGE_LOOP('',(#384));
#1348=EDGE_LOOP('',(#385));
#1349=EDGE_LOOP('',(#386));
#1350=EDGE_LOOP('',(#387));
#1351=EDGE_LOOP('',(#388));
#1352=EDGE_LOOP('',(#389));
#1353=EDGE_LOOP('',(#390));
#1354=EDGE_LOOP('',(#391));
#1355=EDGE_LOOP('',(#392));
#1356=EDGE_LOOP('',(#393));
#1357=EDGE_LOOP('',(#394));
#1358=EDGE_LOOP('',(#395));
#1359=EDGE_LOOP('',(#396));
#1360=EDGE_LOOP('',(#397));
#1361=EDGE_LOOP('',(#398));
#1362=EDGE_LOOP('',(#399));
#1363=EDGE_LOOP('',(#400));
#1364=EDGE_LOOP('',(#401));
#1365=EDGE_LOOP('',(#402));
#1366=EDGE_LOOP('',(#403));
#1367=EDGE_LOOP('',(#404));
#1368=EDGE_LOOP('',(#405));
#1369=EDGE_LOOP('',(#406));
#1370=EDGE_LOOP('',(#407));
#1371=EDGE_LOOP('',(#408));
#1372=EDGE_LOOP('',(#409));
#1373=EDGE_LOOP('',(#410));
#1374=EDGE_LOOP('',(#411));
#1375=EDGE_LOOP('',(#412));
#1376=EDGE_LOOP('',(#413));
#1377=EDGE_LOOP('',(#414));
#1378=EDGE_LOOP('',(#415));
#1379=EDGE_LOOP('',(#416));
#1380=EDGE_LOOP('',(#417));
#1381=EDGE_LOOP('',(#418));
#1382=EDGE_LOOP('',(#419));
#1383=EDGE_LOOP('',(#420));
#1384=EDGE_LOOP('',(#421));
#1385=EDGE_LOOP('',(#422));
#1386=EDGE_LOOP('',(#423));
#1387=EDGE_LOOP('',(#424));
#1388=EDGE_LOOP('',(#425));
#1389=EDGE_LOOP('',(#426));
#1390=EDGE_LOOP('',(#427));
#1391=EDGE_LOOP('',(#428));
#1392=EDGE_LOOP('',(#429));
#1393=EDGE_LOOP('',(#430));
#1394=EDGE_LOOP('',(#431));
#1395=EDGE_LOOP('',(#432));
#1396=EDGE_LOOP('',(#433));
#1397=EDGE_LOOP('',(#434));
#1398=EDGE_LOOP('',(#435));
#1399=EDGE_LOOP('',(#436));
#1400=EDGE_LOOP('',(#437));
#1401=EDGE_LOOP('',(#438));
#1402=EDGE_LOOP('',(#439));
#1403=EDGE_LOOP('',(#440));
#1404=EDGE_LOOP('',(#441));
#1405=EDGE_LOOP('',(#442));
#1406=EDGE_LOOP('',(#443));
#1407=EDGE_LOOP('',(#444));
#1408=EDGE_LOOP('',(#445));
#1409=EDGE_LOOP('',(#446));
#1410=EDGE_LOOP('',(#447));
#1411=EDGE_LOOP('',(#448));
#1412=EDGE_LOOP('',(#449));
#1413=EDGE_LOOP('',(#450));
#1414=EDGE_LOOP('',(#451));
#1415=EDGE_LOOP('',(#452));
#1416=EDGE_LOOP('',(#453));
#1417=EDGE_LOOP('',(#454));
#1418=EDGE_LOOP('',(#455));
#1419=EDGE_LOOP('',(#456));
#1420=EDGE_LOOP('',(#457));
#1421=EDGE_LOOP('',(#458));
#1422=EDGE_LOOP('',(#459));
#1423=EDGE_LOOP('',(#460));
#1424=EDGE_LOOP('',(#461));
#1425=EDGE_LOOP('',(#462));
#1426=EDGE_LOOP('',(#463));
#1427=EDGE_LOOP('',(#464));
#1428=EDGE_LOOP('',(#465));
#1429=EDGE_LOOP('',(#466));
#1430=EDGE_LOOP('',(#467));
#1431=EDGE_LOOP('',(#468));
#1432=EDGE_LOOP('',(#469));
#1433=EDGE_LOOP('',(#470));
#1434=EDGE_LOOP('',(#471));
#1435=EDGE_LOOP('',(#472));
#1436=EDGE_LOOP('',(#473));
#1437=EDGE_LOOP('',(#474));
#1438=EDGE_LOOP('',(#475));
#1439=EDGE_LOOP('',(#476));
#1440=EDGE_LOOP('',(#477));
#1441=EDGE_LOOP('',(#478));
#1442=EDGE_LOOP('',(#479));
#1443=EDGE_LOOP('',(#480));
#1444=EDGE_LOOP('',(#481));
#1445=EDGE_LOOP('',(#482));
#1446=EDGE_LOOP('',(#483));
#1447=EDGE_LOOP('',(#484));
#1448=EDGE_LOOP('',(#485));
#1449=EDGE_LOOP('',(#486));
#1450=EDGE_LOOP('',(#487));
#1451=EDGE_LOOP('',(#488));
#1452=EDGE_LOOP('',(#489));
#1453=EDGE_LOOP('',(#490));
#1454=EDGE_LOOP('',(#491));
#1455=EDGE_LOOP('',(#492));
#1456=EDGE_LOOP('',(#493));
#1457=EDGE_LOOP('',(#494));
#1458=EDGE_LOOP('',(#495));
#1459=EDGE_LOOP('',(#496));
#1460=EDGE_LOOP('',(#497));
#1461=EDGE_LOOP('',(#498));
#1462=EDGE_LOOP('',(#499));
#1463=EDGE_LOOP('',(#500));
#1464=EDGE_LOOP('',(#501));
#1465=EDGE_LOOP('',(#502));
#1466=EDGE_LOOP('',(#503));
#1467=EDGE_LOOP('',(#504));
#1468=EDGE_LOOP('',(#505));
#1469=EDGE_LOOP('',(#506));
#1470=EDGE_LOOP('',(#507));
#1471=EDGE_LOOP('',(#508));
#1472=EDGE_LOOP('',(#509));
#1473=EDGE_LOOP('',(#510));
#1474=EDGE_LOOP('',(#511));
#1475=EDGE_LOOP('',(#512));
#1476=EDGE_LOOP('',(#513));
#1477=EDGE_LOOP('',(#514));
#1478=EDGE_LOOP('',(#515));
#1479=EDGE_LOOP('',(#516));
#1480=EDGE_LOOP('',(#517));
#1481=EDGE_LOOP('',(#518));
#1482=EDGE_LOOP('',(#519));
#1483=EDGE_LOOP('',(#520));
#1484=EDGE_LOOP('',(#521));
#1485=EDGE_LOOP('',(#522));
#1486=EDGE_LOOP('',(#523));
#1487=EDGE_LOOP('',(#524,#525,#526,#527));
#1488=EDGE_LOOP('',(#528,#529,#530,#531));
#1489=EDGE_LOOP('',(#532,#533,#534,#535));
#1490=EDGE_LOOP('',(#536,#537,#538,#539));
#1491=EDGE_LOOP('',(#540,#541,#542,#543));
#1492=EDGE_LOOP('',(#544,#545,#546,#547));
#1493=EDGE_LOOP('',(#548,#549,#550,#551));
#1494=EDGE_LOOP('',(#552,#553,#554,#555));
#1495=EDGE_LOOP('',(#556,#557,#558,#559));
#1496=EDGE_LOOP('',(#560,#561,#562,#563));
#1497=EDGE_LOOP('',(#564,#565,#566,#567));
#1498=EDGE_LOOP('',(#568,#569,#570,#571));
#1499=EDGE_LOOP('',(#572,#573,#574,#575));
#1500=EDGE_LOOP('',(#576,#577,#578,#579));
#1501=EDGE_LOOP('',(#580,#581,#582,#583));
#1502=EDGE_LOOP('',(#584,#585,#586,#587));
#1503=EDGE_LOOP('',(#588,#589,#590,#591));
#1504=FACE_BOUND('',#1169,.T.);
#1505=FACE_BOUND('',#1170,.T.);
#1506=FACE_BOUND('',#1171,.T.);
#1507=FACE_BOUND('',#1172,.T.);
#1508=FACE_BOUND('',#1173,.T.);
#1509=FACE_BOUND('',#1174,.T.);
#1510=FACE_BOUND('',#1175,.T.);
#1511=FACE_BOUND('',#1176,.T.);
#1512=FACE_BOUND('',#1177,.T.);
#1513=FACE_BOUND('',#1178,.T.);
#1514=FACE_BOUND('',#1179,.T.);
#1515=FACE_BOUND('',#1180,.T.);
#1516=FACE_BOUND('',#1181,.T.);
#1517=FACE_BOUND('',#1182,.T.);
#1518=FACE_BOUND('',#1183,.T.);
#1519=FACE_BOUND('',#1184,.T.);
#1520=FACE_BOUND('',#1185,.T.);
#1521=FACE_BOUND('',#1186,.T.);
#1522=FACE_BOUND('',#1187,.T.);
#1523=FACE_BOUND('',#1188,.T.);
#1524=FACE_BOUND('',#1189,.T.);
#1525=FACE_BOUND('',#1190,.T.);
#1526=FACE_BOUND('',#1191,.T.);
#1527=FACE_BOUND('',#1192,.T.);
#1528=FACE_BOUND('',#1193,.T.);
#1529=FACE_BOUND('',#1194,.T.);
#1530=FACE_BOUND('',#1195,.T.);
#1531=FACE_BOUND('',#1196,.T.);
#1532=FACE_BOUND('',#1197,.T.);
#1533=FACE_BOUND('',#1198,.T.);
#1534=FACE_BOUND('',#1199,.T.);
#1535=FACE_BOUND('',#1200,.T.);
#1536=FACE_BOUND('',#1201,.T.);
#1537=FACE_BOUND('',#1202,.T.);
#1538=FACE_BOUND('',#1203,.T.);
#1539=FACE_BOUND('',#1204,.T.);
#1540=FACE_BOUND('',#1205,.T.);
#1541=FACE_BOUND('',#1206,.T.);
#1542=FACE_BOUND('',#1207,.T.);
#1543=FACE_BOUND('',#1208,.T.);
#1544=FACE_BOUND('',#1209,.T.);
#1545=FACE_BOUND('',#1210,.T.);
#1546=FACE_BOUND('',#1211,.T.);
#1547=FACE_BOUND('',#1212,.T.);
#1548=FACE_BOUND('',#1213,.T.);
#1549=FACE_BOUND('',#1214,.T.);
#1550=FACE_BOUND('',#1215,.T.);
#1551=FACE_BOUND('',#1216,.T.);
#1552=FACE_BOUND('',#1217,.T.);
#1553=FACE_BOUND('',#1218,.T.);
#1554=FACE_BOUND('',#1219,.T.);
#1555=FACE_BOUND('',#1220,.T.);
#1556=FACE_BOUND('',#1221,.T.);
#1557=FACE_BOUND('',#1222,.T.);
#1558=FACE_BOUND('',#1223,.T.);
#1559=FACE_BOUND('',#1224,.T.);
#1560=FACE_BOUND('',#1225,.T.);
#1561=FACE_BOUND('',#1226,.T.);
#1562=FACE_BOUND('',#1227,.T.);
#1563=FACE_BOUND('',#1228,.T.);
#1564=FACE_BOUND('',#1229,.T.);
#1565=FACE_BOUND('',#1230,.T.);
#1566=FACE_BOUND('',#1231,.T.);
#1567=FACE_BOUND('',#1232,.T.);
#1568=FACE_BOUND('',#1233,.T.);
#1569=FACE_BOUND('',#1234,.T.);
#1570=FACE_BOUND('',#1235,.T.);
#1571=FACE_BOUND('',#1236,.T.);
#1572=FACE_BOUND('',#1237,.T.);
#1573=FACE_BOUND('',#1238,.T.);
#1574=FACE_BOUND('',#1239,.T.);
#1575=FACE_BOUND('',#1240,.T.);
#1576=FACE_BOUND('',#1241,.T.);
#1577=FACE_BOUND('',#1242,.T.);
#1578=FACE_BOUND('',#1243,.T.);
#1579=FACE_BOUND('',#1244,.T.);
#1580=FACE_BOUND('',#1245,.T.);
#1581=FACE_BOUND('',#1246,.T.);
#1582=FACE_BOUND('',#1247,.T.);
#1583=FACE_BOUND('',#1248,.T.);
#1584=FACE_BOUND('',#1249,.T.);
#1585=FACE_BOUND('',#1250,.T.);
#1586=FACE_BOUND('',#1251,.T.);
#1587=FACE_BOUND('',#1252,.T.);
#1588=FACE_BOUND('',#1253,.T.);
#1589=FACE_BOUND('',#1254,.T.);
#1590=FACE_BOUND('',#1255,.T.);
#1591=FACE_BOUND('',#1256,.T.);
#1592=FACE_BOUND('',#1257,.T.);
#1593=FACE_BOUND('',#1258,.T.);
#1594=FACE_BOUND('',#1259,.T.);
#1595=FACE_BOUND('',#1260,.T.);
#1596=FACE_BOUND('',#1261,.T.);
#1597=FACE_BOUND('',#1262,.T.);
#1598=FACE_BOUND('',#1263,.T.);
#1599=FACE_BOUND('',#1264,.T.);
#1600=FACE_BOUND('',#1265,.T.);
#1601=FACE_BOUND('',#1266,.T.);
#1602=FACE_BOUND('',#1267,.T.);
#1603=FACE_BOUND('',#1268,.T.);
#1604=FACE_BOUND('',#1269,.T.);
#1605=FACE_BOUND('',#1270,.T.);
#1606=FACE_BOUND('',#1271,.T.);
#1607=FACE_BOUND('',#1272,.T.);
#1608=FACE_BOUND('',#1273,.T.);
#1609=FACE_BOUND('',#1274,.T.);
#1610=FACE_BOUND('',#1275,.T.);
#1611=FACE_BOUND('',#1276,.T.);
#1612=FACE_BOUND('',#1277,.T.);
#1613=FACE_BOUND('',#1278,.T.);
#1614=FACE_BOUND('',#1279,.T.);
#1615=FACE_BOUND('',#1280,.T.);
#1616=FACE_BOUND('',#1281,.T.);
#1617=FACE_BOUND('',#1282,.T.);
#1618=FACE_BOUND('',#1283,.T.);
#1619=FACE_BOUND('',#1284,.T.);
#1620=FACE_BOUND('',#1285,.T.);
#1621=FACE_BOUND('',#1286,.T.);
#1622=FACE_BOUND('',#1287,.T.);
#1623=FACE_BOUND('',#1288,.T.);
#1624=FACE_BOUND('',#1289,.T.);
#1625=FACE_BOUND('',#1290,.T.);
#1626=FACE_BOUND('',#1291,.T.);
#1627=FACE_BOUND('',#1292,.T.);
#1628=FACE_BOUND('',#1293,.T.);
#1629=FACE_BOUND('',#1294,.T.);
#1630=FACE_BOUND('',#1295,.T.);
#1631=FACE_BOUND('',#1296,.T.);
#1632=FACE_BOUND('',#1297,.T.);
#1633=FACE_BOUND('',#1298,.T.);
#1634=FACE_BOUND('',#1299,.T.);
#1635=FACE_BOUND('',#1300,.T.);
#1636=FACE_BOUND('',#1301,.T.);
#1637=FACE_BOUND('',#1302,.T.);
#1638=FACE_BOUND('',#1303,.T.);
#1639=FACE_BOUND('',#1304,.T.);
#1640=FACE_BOUND('',#1305,.T.);
#1641=FACE_BOUND('',#1306,.T.);
#1642=FACE_BOUND('',#1307,.T.);
#1643=FACE_BOUND('',#1308,.T.);
#1644=FACE_BOUND('',#1309,.T.);
#1645=FACE_BOUND('',#1310,.T.);
#1646=FACE_BOUND('',#1311,.T.);
#1647=FACE_BOUND('',#1312,.T.);
#1648=FACE_BOUND('',#1313,.T.);
#1649=FACE_BOUND('',#1314,.T.);
#1650=FACE_BOUND('',#1315,.T.);
#1651=FACE_BOUND('',#1316,.T.);
#1652=FACE_BOUND('',#1317,.T.);
#1653=FACE_BOUND('',#1318,.T.);
#1654=FACE_BOUND('',#1319,.T.);
#1655=FACE_BOUND('',#1320,.T.);
#1656=FACE_BOUND('',#1321,.T.);
#1657=FACE_BOUND('',#1322,.T.);
#1658=FACE_BOUND('',#1323,.T.);
#1659=FACE_BOUND('',#1324,.T.);
#1660=FACE_BOUND('',#1325,.T.);
#1661=FACE_BOUND('',#1326,.T.);
#1662=FACE_BOUND('',#1327,.T.);
#1663=FACE_BOUND('',#1328,.T.);
#1664=FACE_BOUND('',#1329,.T.);
#1665=FACE_BOUND('',#1330,.T.);
#1666=FACE_BOUND('',#1331,.T.);
#1667=FACE_BOUND('',#1332,.T.);
#1668=FACE_BOUND('',#1333,.T.);
#1669=FACE_BOUND('',#1334,.T.);
#1670=FACE_BOUND('',#1335,.T.);
#1671=FACE_BOUND('',#1336,.T.);
#1672=FACE_BOUND('',#1337,.T.);
#1673=FACE_BOUND('',#1338,.T.);
#1674=FACE_BOUND('',#1339,.T.);
#1675=FACE_BOUND('',#1340,.T.);
#1676=FACE_BOUND('',#1341,.T.);
#1677=FACE_BOUND('',#1342,.T.);
#1678=FACE_BOUND('',#1343,.T.);
#1679=FACE_BOUND('',#1344,.T.);
#1680=FACE_BOUND('',#1345,.T.);
#1681=FACE_BOUND('',#1346,.T.);
#1682=FACE_BOUND('',#1347,.T.);
#1683=FACE_BOUND('',#1348,.T.);
#1684=FACE_BOUND('',#1349,.T.);
#1685=FACE_BOUND('',#1350,.T.);
#1686=FACE_BOUND('',#1351,.T.);
#1687=FACE_BOUND('',#1352,.T.);
#1688=FACE_BOUND('',#1353,.T.);
#1689=FACE_BOUND('',#1354,.T.);
#1690=FACE_BOUND('',#1355,.T.);
#1691=FACE_BOUND('',#1356,.T.);
#1692=FACE_BOUND('',#1357,.T.);
#1693=FACE_BOUND('',#1358,.T.);
#1694=FACE_BOUND('',#1359,.T.);
#1695=FACE_BOUND('',#1360,.T.);
#1696=FACE_BOUND('',#1361,.T.);
#1697=FACE_BOUND('',#1362,.T.);
#1698=FACE_BOUND('',#1363,.T.);
#1699=FACE_BOUND('',#1364,.T.);
#1700=FACE_BOUND('',#1365,.T.);
#1701=FACE_BOUND('',#1366,.T.);
#1702=FACE_BOUND('',#1367,.T.);
#1703=FACE_BOUND('',#1368,.T.);
#1704=FACE_BOUND('',#1369,.T.);
#1705=FACE_BOUND('',#1370,.T.);
#1706=FACE_BOUND('',#1371,.T.);
#1707=FACE_BOUND('',#1372,.T.);
#1708=FACE_BOUND('',#1373,.T.);
#1709=FACE_BOUND('',#1374,.T.);
#1710=FACE_BOUND('',#1375,.T.);
#1711=FACE_BOUND('',#1376,.T.);
#1712=FACE_BOUND('',#1377,.T.);
#1713=FACE_BOUND('',#1378,.T.);
#1714=FACE_BOUND('',#1379,.T.);
#1715=FACE_BOUND('',#1380,.T.);
#1716=FACE_BOUND('',#1381,.T.);
#1717=FACE_BOUND('',#1382,.T.);
#1718=FACE_BOUND('',#1383,.T.);
#1719=FACE_BOUND('',#1384,.T.);
#1720=FACE_BOUND('',#1385,.T.);
#1721=FACE_BOUND('',#1386,.T.);
#1722=FACE_BOUND('',#1387,.T.);
#1723=FACE_BOUND('',#1388,.T.);
#1724=FACE_BOUND('',#1389,.T.);
#1725=FACE_BOUND('',#1390,.T.);
#1726=FACE_BOUND('',#1391,.T.);
#1727=FACE_BOUND('',#1392,.T.);
#1728=FACE_BOUND('',#1393,.T.);
#1729=FACE_BOUND('',#1394,.T.);
#1730=FACE_BOUND('',#1395,.T.);
#1731=FACE_BOUND('',#1396,.T.);
#1732=FACE_BOUND('',#1397,.T.);
#1733=FACE_BOUND('',#1398,.T.);
#1734=FACE_BOUND('',#1399,.T.);
#1735=FACE_BOUND('',#1400,.T.);
#1736=FACE_BOUND('',#1401,.T.);
#1737=FACE_BOUND('',#1402,.T.);
#1738=FACE_BOUND('',#1403,.T.);
#1739=FACE_BOUND('',#1404,.T.);
#1740=FACE_BOUND('',#1405,.T.);
#1741=FACE_BOUND('',#1406,.T.);
#1742=FACE_BOUND('',#1407,.T.);
#1743=FACE_BOUND('',#1408,.T.);
#1744=FACE_BOUND('',#1409,.T.);
#1745=FACE_BOUND('',#1410,.T.);
#1746=FACE_BOUND('',#1411,.T.);
#1747=FACE_BOUND('',#1412,.T.);
#1748=FACE_BOUND('',#1413,.T.);
#1749=FACE_BOUND('',#1414,.T.);
#1750=FACE_BOUND('',#1415,.T.);
#1751=FACE_BOUND('',#1416,.T.);
#1752=FACE_BOUND('',#1417,.T.);
#1753=FACE_BOUND('',#1418,.T.);
#1754=FACE_BOUND('',#1419,.T.);
#1755=FACE_BOUND('',#1420,.T.);
#1756=FACE_BOUND('',#1421,.T.);
#1757=FACE_BOUND('',#1422,.T.);
#1758=FACE_BOUND('',#1423,.T.);
#1759=FACE_BOUND('',#1424,.T.);
#1760=FACE_BOUND('',#1425,.T.);
#1761=FACE_BOUND('',#1426,.T.);
#1762=FACE_BOUND('',#1427,.T.);
#1763=FACE_BOUND('',#1428,.T.);
#1764=FACE_BOUND('',#1429,.T.);
#1765=FACE_BOUND('',#1430,.T.);
#1766=FACE_BOUND('',#1431,.T.);
#1767=FACE_BOUND('',#1432,.T.);
#1768=FACE_BOUND('',#1433,.T.);
#1769=FACE_BOUND('',#1434,.T.);
#1770=FACE_BOUND('',#1435,.T.);
#1771=FACE_BOUND('',#1436,.T.);
#1772=FACE_BOUND('',#1437,.T.);
#1773=FACE_BOUND('',#1438,.T.);
#1774=FACE_BOUND('',#1439,.T.);
#1775=FACE_BOUND('',#1440,.T.);
#1776=FACE_BOUND('',#1441,.T.);
#1777=FACE_BOUND('',#1442,.T.);
#1778=FACE_BOUND('',#1443,.T.);
#1779=FACE_BOUND('',#1444,.T.);
#1780=FACE_BOUND('',#1445,.T.);
#1781=FACE_BOUND('',#1446,.T.);
#1782=FACE_BOUND('',#1447,.T.);
#1783=FACE_BOUND('',#1448,.T.);
#1784=FACE_BOUND('',#1449,.T.);
#1785=FACE_BOUND('',#1450,.T.);
#1786=FACE_BOUND('',#1451,.T.);
#1787=FACE_BOUND('',#1452,.T.);
#1788=FACE_BOUND('',#1453,.T.);
#1789=FACE_BOUND('',#1454,.T.);
#1790=FACE_BOUND('',#1455,.T.);
#1791=FACE_BOUND('',#1456,.T.);
#1792=FACE_BOUND('',#1457,.T.);
#1793=FACE_BOUND('',#1458,.T.);
#1794=FACE_BOUND('',#1459,.T.);
#1795=FACE_BOUND('',#1460,.T.);
#1796=FACE_BOUND('',#1461,.T.);
#1797=FACE_BOUND('',#1462,.T.);
#1798=FACE_BOUND('',#1463,.T.);
#1799=FACE_BOUND('',#1464,.T.);
#1800=FACE_BOUND('',#1465,.T.);
#1801=FACE_BOUND('',#1466,.T.);
#1802=FACE_BOUND('',#1467,.T.);
#1803=FACE_BOUND('',#1468,.T.);
#1804=FACE_BOUND('',#1469,.T.);
#1805=FACE_BOUND('',#1470,.T.);
#1806=FACE_BOUND('',#1471,.T.);
#1807=FACE_BOUND('',#1472,.T.);
#1808=FACE_BOUND('',#1473,.T.);
#1809=FACE_BOUND('',#1474,.T.);
#1810=FACE_BOUND('',#1475,.T.);
#1811=FACE_BOUND('',#1476,.T.);
#1812=FACE_BOUND('',#1477,.T.);
#1813=FACE_BOUND('',#1478,.T.);
#1814=FACE_BOUND('',#1479,.T.);
#1815=FACE_BOUND('',#1480,.T.);
#1816=FACE_BOUND('',#1481,.T.);
#1817=FACE_BOUND('',#1482,.T.);
#1818=FACE_BOUND('',#1483,.T.);
#1819=FACE_BOUND('',#1484,.T.);
#1820=FACE_BOUND('',#1485,.T.);
#1821=FACE_BOUND('',#1486,.T.);
#1822=FACE_BOUND('',#1487,.T.);
#1823=FACE_BOUND('',#1488,.T.);
#1824=FACE_BOUND('',#1489,.T.);
#1825=FACE_BOUND('',#1490,.T.);
#1826=FACE_BOUND('',#1491,.T.);
#1827=FACE_BOUND('',#1492,.T.);
#1828=FACE_BOUND('',#1493,.T.);
#1829=FACE_BOUND('',#1494,.T.);
#1830=FACE_BOUND('',#1495,.T.);
#1831=FACE_BOUND('',#1496,.T.);
#1832=FACE_BOUND('',#1497,.T.);
#1833=FACE_BOUND('',#1498,.T.);
#1834=FACE_BOUND('',#1499,.T.);
#1835=FACE_BOUND('',#1500,.T.);
#1836=FACE_BOUND('',#1501,.T.);
#1837=FACE_BOUND('',#1502,.T.);
#1838=FACE_BOUND('',#1503,.T.);
#1839=PLANE('',#1960);
#1840=PLANE('',#2049);
#1841=PLANE('',#2218);
#1842=PLANE('',#2219);
#1843=PLANE('',#2221);
#1844=PLANE('',#2223);
#1845=PLANE('',#2225);
#1846=PLANE('',#2227);
#1847=PLANE('',#2230);
#1848=PLANE('',#2232);
#1849=ADVANCED_FACE('',(#1504,#1505,#1506,#1507,#1508,#1509,#1510,#1511,
#1512,#1513,#1514,#1515,#1516,#1517,#1518,#1519,#1520,#1521,#1522,#1523,
#1524,#1525,#1526,#1527,#1528,#1529,#1530,#1531,#1532,#1533,#1534,#1535,
#1536,#1537,#1538,#1539,#1540,#1541,#1542,#1543,#1544,#1545,#1546,#1547,
#1548,#1549,#1550,#1551,#1552,#1553,#1554,#1555,#1556,#1557,#1558,#1559,
#1560,#1561,#1562,#1563,#1564,#1565,#1566,#1567,#1568,#1569,#1570,#1571,
#1572,#1573,#1574,#1575,#1576,#1577,#1578,#1579,#1580,#1581,#1582,#1583),
#1839,.F.);
#1850=ADVANCED_FACE('',(#1584,#1585,#1586,#1587,#1588,#1589,#1590,#1591,
#1592,#1593,#1594,#1595,#1596,#1597,#1598,#1599,#1600,#1601,#1602,#1603,
#1604,#1605,#1606,#1607,#1608,#1609,#1610,#1611,#1612,#1613,#1614,#1615,
#1616,#1617,#1618,#1619,#1620,#1621,#1622,#1623,#1624,#1625,#1626,#1627,
#1628,#1629,#1630,#1631,#1632,#1633,#1634,#1635,#1636,#1637,#1638,#1639,
#1640,#1641,#1642,#1643,#1644,#1645,#1646,#1647,#1648,#1649,#1650,#1651,
#1652,#1653,#1654,#1655,#1656,#1657,#1658,#1659,#1660,#1661,#1662,#1663),
#1840,.T.);
#1851=ADVANCED_FACE('',(#1664,#1665),#20,.F.);
#1852=ADVANCED_FACE('',(#1666,#1667),#21,.F.);
#1853=ADVANCED_FACE('',(#1668,#1669),#22,.F.);
#1854=ADVANCED_FACE('',(#1670,#1671),#23,.F.);
#1855=ADVANCED_FACE('',(#1672,#1673),#24,.F.);
#1856=ADVANCED_FACE('',(#1674,#1675),#25,.F.);
#1857=ADVANCED_FACE('',(#1676,#1677),#26,.F.);
#1858=ADVANCED_FACE('',(#1678,#1679),#27,.F.);
#1859=ADVANCED_FACE('',(#1680,#1681),#28,.F.);
#1860=ADVANCED_FACE('',(#1682,#1683),#29,.F.);
#1861=ADVANCED_FACE('',(#1684,#1685),#30,.F.);
#1862=ADVANCED_FACE('',(#1686,#1687),#31,.F.);
#1863=ADVANCED_FACE('',(#1688,#1689),#32,.F.);
#1864=ADVANCED_FACE('',(#1690,#1691),#33,.F.);
#1865=ADVANCED_FACE('',(#1692,#1693),#34,.F.);
#1866=ADVANCED_FACE('',(#1694,#1695),#35,.F.);
#1867=ADVANCED_FACE('',(#1696,#1697),#36,.F.);
#1868=ADVANCED_FACE('',(#1698,#1699),#37,.F.);
#1869=ADVANCED_FACE('',(#1700,#1701),#38,.F.);
#1870=ADVANCED_FACE('',(#1702,#1703),#39,.F.);
#1871=ADVANCED_FACE('',(#1704,#1705),#40,.F.);
#1872=ADVANCED_FACE('',(#1706,#1707),#41,.F.);
#1873=ADVANCED_FACE('',(#1708,#1709),#42,.F.);
#1874=ADVANCED_FACE('',(#1710,#1711),#43,.F.);
#1875=ADVANCED_FACE('',(#1712,#1713),#44,.F.);
#1876=ADVANCED_FACE('',(#1714,#1715),#45,.F.);
#1877=ADVANCED_FACE('',(#1716,#1717),#46,.F.);
#1878=ADVANCED_FACE('',(#1718,#1719),#47,.F.);
#1879=ADVANCED_FACE('',(#1720,#1721),#48,.F.);
#1880=ADVANCED_FACE('',(#1722,#1723),#49,.F.);
#1881=ADVANCED_FACE('',(#1724,#1725),#50,.F.);
#1882=ADVANCED_FACE('',(#1726,#1727),#51,.F.);
#1883=ADVANCED_FACE('',(#1728,#1729),#52,.F.);
#1884=ADVANCED_FACE('',(#1730,#1731),#53,.F.);
#1885=ADVANCED_FACE('',(#1732,#1733),#54,.F.);
#1886=ADVANCED_FACE('',(#1734,#1735),#55,.F.);
#1887=ADVANCED_FACE('',(#1736,#1737),#56,.F.);
#1888=ADVANCED_FACE('',(#1738,#1739),#57,.F.);
#1889=ADVANCED_FACE('',(#1740,#1741),#58,.F.);
#1890=ADVANCED_FACE('',(#1742,#1743),#59,.F.);
#1891=ADVANCED_FACE('',(#1744,#1745),#60,.F.);
#1892=ADVANCED_FACE('',(#1746,#1747),#61,.F.);
#1893=ADVANCED_FACE('',(#1748,#1749),#62,.F.);
#1894=ADVANCED_FACE('',(#1750,#1751),#63,.F.);
#1895=ADVANCED_FACE('',(#1752,#1753),#64,.F.);
#1896=ADVANCED_FACE('',(#1754,#1755),#65,.F.);
#1897=ADVANCED_FACE('',(#1756,#1757),#66,.F.);
#1898=ADVANCED_FACE('',(#1758,#1759),#67,.F.);
#1899=ADVANCED_FACE('',(#1760,#1761),#68,.F.);
#1900=ADVANCED_FACE('',(#1762,#1763),#69,.F.);
#1901=ADVANCED_FACE('',(#1764,#1765),#70,.F.);
#1902=ADVANCED_FACE('',(#1766,#1767),#71,.F.);
#1903=ADVANCED_FACE('',(#1768,#1769),#72,.F.);
#1904=ADVANCED_FACE('',(#1770,#1771),#73,.F.);
#1905=ADVANCED_FACE('',(#1772,#1773),#74,.F.);
#1906=ADVANCED_FACE('',(#1774,#1775),#75,.F.);
#1907=ADVANCED_FACE('',(#1776,#1777),#76,.F.);
#1908=ADVANCED_FACE('',(#1778,#1779),#77,.F.);
#1909=ADVANCED_FACE('',(#1780,#1781),#78,.F.);
#1910=ADVANCED_FACE('',(#1782,#1783),#79,.F.);
#1911=ADVANCED_FACE('',(#1784,#1785),#80,.F.);
#1912=ADVANCED_FACE('',(#1786,#1787),#81,.F.);
#1913=ADVANCED_FACE('',(#1788,#1789),#82,.F.);
#1914=ADVANCED_FACE('',(#1790,#1791),#83,.F.);
#1915=ADVANCED_FACE('',(#1792,#1793),#84,.F.);
#1916=ADVANCED_FACE('',(#1794,#1795),#85,.F.);
#1917=ADVANCED_FACE('',(#1796,#1797),#86,.F.);
#1918=ADVANCED_FACE('',(#1798,#1799),#87,.F.);
#1919=ADVANCED_FACE('',(#1800,#1801),#88,.F.);
#1920=ADVANCED_FACE('',(#1802,#1803),#89,.F.);
#1921=ADVANCED_FACE('',(#1804,#1805),#90,.F.);
#1922=ADVANCED_FACE('',(#1806,#1807),#91,.F.);
#1923=ADVANCED_FACE('',(#1808,#1809),#92,.F.);
#1924=ADVANCED_FACE('',(#1810,#1811),#93,.F.);
#1925=ADVANCED_FACE('',(#1812,#1813),#94,.F.);
#1926=ADVANCED_FACE('',(#1814,#1815),#95,.F.);
#1927=ADVANCED_FACE('',(#1816,#1817),#96,.F.);
#1928=ADVANCED_FACE('',(#1818,#1819),#97,.F.);
#1929=ADVANCED_FACE('',(#1820,#1821),#98,.F.);
#1930=ADVANCED_FACE('',(#1822),#99,.T.);
#1931=ADVANCED_FACE('',(#1823),#1841,.F.);
#1932=ADVANCED_FACE('',(#1824),#1842,.F.);
#1933=ADVANCED_FACE('',(#1825),#100,.T.);
#1934=ADVANCED_FACE('',(#1826),#1843,.F.);
#1935=ADVANCED_FACE('',(#1827),#101,.T.);
#1936=ADVANCED_FACE('',(#1828),#1844,.F.);
#1937=ADVANCED_FACE('',(#1829),#102,.T.);
#1938=ADVANCED_FACE('',(#1830),#1845,.F.);
#1939=ADVANCED_FACE('',(#1831),#103,.T.);
#1940=ADVANCED_FACE('',(#1832),#1846,.F.);
#1941=ADVANCED_FACE('',(#1833),#104,.T.);
#1942=ADVANCED_FACE('',(#1834),#105,.F.);
#1943=ADVANCED_FACE('',(#1835),#1847,.F.);
#1944=ADVANCED_FACE('',(#1836),#106,.T.);
#1945=ADVANCED_FACE('',(#1837),#1848,.F.);
#1946=ADVANCED_FACE('',(#1838),#107,.T.);
#1947=CLOSED_SHELL('',(#1849,#1850,#1851,#1852,#1853,#1854,#1855,#1856,
#1857,#1858,#1859,#1860,#1861,#1862,#1863,#1864,#1865,#1866,#1867,#1868,
#1869,#1870,#1871,#1872,#1873,#1874,#1875,#1876,#1877,#1878,#1879,#1880,
#1881,#1882,#1883,#1884,#1885,#1886,#1887,#1888,#1889,#1890,#1891,#1892,
#1893,#1894,#1895,#1896,#1897,#1898,#1899,#1900,#1901,#1902,#1903,#1904,
#1905,#1906,#1907,#1908,#1909,#1910,#1911,#1912,#1913,#1914,#1915,#1916,
#1917,#1918,#1919,#1920,#1921,#1922,#1923,#1924,#1925,#1926,#1927,#1928,
#1929,#1930,#1931,#1932,#1933,#1934,#1935,#1936,#1937,#1938,#1939,#1940,
#1941,#1942,#1943,#1944,#1945,#1946));
#1948=STYLED_ITEM('',(#1949),#1956);
#1949=PRESENTATION_STYLE_ASSIGNMENT((#1950));
#1950=SURFACE_STYLE_USAGE(.BOTH.,#1951);
#1951=SURFACE_SIDE_STYLE('',(#1952));
#1952=SURFACE_STYLE_FILL_AREA(#1953);
#1953=FILL_AREA_STYLE('',(#1954));
#1954=FILL_AREA_STYLE_COLOUR('',#1955);
#1955=COLOUR_RGB('',0.,0.227450980392157,0.);
#1956=MANIFOLD_SOLID_BREP('duckiehat_pcb',#1947);
#1957=SHAPE_DEFINITION_REPRESENTATION(#3323,#1958);
#1958=SHAPE_REPRESENTATION('duckiehat_pcb',(#1959),#3318);
#1959=AXIS2_PLACEMENT_3D('',#2817,#2234,#2235);
#1960=AXIS2_PLACEMENT_3D('',#2818,#2236,#2237);
#1961=AXIS2_PLACEMENT_3D('',#2819,#2238,#2239);
#1962=AXIS2_PLACEMENT_3D('',#2821,#2240,#2241);
#1963=AXIS2_PLACEMENT_3D('',#2823,#2242,#2243);
#1964=AXIS2_PLACEMENT_3D('',#2825,#2244,#2245);
#1965=AXIS2_PLACEMENT_3D('',#2827,#2246,#2247);
#1966=AXIS2_PLACEMENT_3D('',#2829,#2248,#2249);
#1967=AXIS2_PLACEMENT_3D('',#2831,#2250,#2251);
#1968=AXIS2_PLACEMENT_3D('',#2833,#2252,#2253);
#1969=AXIS2_PLACEMENT_3D('',#2835,#2254,#2255);
#1970=AXIS2_PLACEMENT_3D('',#2837,#2256,#2257);
#1971=AXIS2_PLACEMENT_3D('',#2839,#2258,#2259);
#1972=AXIS2_PLACEMENT_3D('',#2841,#2260,#2261);
#1973=AXIS2_PLACEMENT_3D('',#2843,#2262,#2263);
#1974=AXIS2_PLACEMENT_3D('',#2845,#2264,#2265);
#1975=AXIS2_PLACEMENT_3D('',#2847,#2266,#2267);
#1976=AXIS2_PLACEMENT_3D('',#2849,#2268,#2269);
#1977=AXIS2_PLACEMENT_3D('',#2851,#2270,#2271);
#1978=AXIS2_PLACEMENT_3D('',#2853,#2272,#2273);
#1979=AXIS2_PLACEMENT_3D('',#2855,#2274,#2275);
#1980=AXIS2_PLACEMENT_3D('',#2857,#2276,#2277);
#1981=AXIS2_PLACEMENT_3D('',#2859,#2278,#2279);
#1982=AXIS2_PLACEMENT_3D('',#2861,#2280,#2281);
#1983=AXIS2_PLACEMENT_3D('',#2863,#2282,#2283);
#1984=AXIS2_PLACEMENT_3D('',#2865,#2284,#2285);
#1985=AXIS2_PLACEMENT_3D('',#2867,#2286,#2287);
#1986=AXIS2_PLACEMENT_3D('',#2869,#2288,#2289);
#1987=AXIS2_PLACEMENT_3D('',#2871,#2290,#2291);
#1988=AXIS2_PLACEMENT_3D('',#2873,#2292,#2293);
#1989=AXIS2_PLACEMENT_3D('',#2875,#2294,#2295);
#1990=AXIS2_PLACEMENT_3D('',#2877,#2296,#2297);
#1991=AXIS2_PLACEMENT_3D('',#2879,#2298,#2299);
#1992=AXIS2_PLACEMENT_3D('',#2881,#2300,#2301);
#1993=AXIS2_PLACEMENT_3D('',#2883,#2302,#2303);
#1994=AXIS2_PLACEMENT_3D('',#2885,#2304,#2305);
#1995=AXIS2_PLACEMENT_3D('',#2887,#2306,#2307);
#1996=AXIS2_PLACEMENT_3D('',#2889,#2308,#2309);
#1997=AXIS2_PLACEMENT_3D('',#2891,#2310,#2311);
#1998=AXIS2_PLACEMENT_3D('',#2893,#2312,#2313);
#1999=AXIS2_PLACEMENT_3D('',#2895,#2314,#2315);
#2000=AXIS2_PLACEMENT_3D('',#2897,#2316,#2317);
#2001=AXIS2_PLACEMENT_3D('',#2899,#2318,#2319);
#2002=AXIS2_PLACEMENT_3D('',#2901,#2320,#2321);
#2003=AXIS2_PLACEMENT_3D('',#2903,#2322,#2323);
#2004=AXIS2_PLACEMENT_3D('',#2905,#2324,#2325);
#2005=AXIS2_PLACEMENT_3D('',#2907,#2326,#2327);
#2006=AXIS2_PLACEMENT_3D('',#2909,#2328,#2329);
#2007=AXIS2_PLACEMENT_3D('',#2911,#2330,#2331);
#2008=AXIS2_PLACEMENT_3D('',#2913,#2332,#2333);
#2009=AXIS2_PLACEMENT_3D('',#2915,#2334,#2335);
#2010=AXIS2_PLACEMENT_3D('',#2917,#2336,#2337);
#2011=AXIS2_PLACEMENT_3D('',#2919,#2338,#2339);
#2012=AXIS2_PLACEMENT_3D('',#2921,#2340,#2341);
#2013=AXIS2_PLACEMENT_3D('',#2923,#2342,#2343);
#2014=AXIS2_PLACEMENT_3D('',#2925,#2344,#2345);
#2015=AXIS2_PLACEMENT_3D('',#2927,#2346,#2347);
#2016=AXIS2_PLACEMENT_3D('',#2929,#2348,#2349);
#2017=AXIS2_PLACEMENT_3D('',#2931,#2350,#2351);
#2018=AXIS2_PLACEMENT_3D('',#2933,#2352,#2353);
#2019=AXIS2_PLACEMENT_3D('',#2935,#2354,#2355);
#2020=AXIS2_PLACEMENT_3D('',#2937,#2356,#2357);
#2021=AXIS2_PLACEMENT_3D('',#2939,#2358,#2359);
#2022=AXIS2_PLACEMENT_3D('',#2941,#2360,#2361);
#2023=AXIS2_PLACEMENT_3D('',#2943,#2362,#2363);
#2024=AXIS2_PLACEMENT_3D('',#2945,#2364,#2365);
#2025=AXIS2_PLACEMENT_3D('',#2947,#2366,#2367);
#2026=AXIS2_PLACEMENT_3D('',#2949,#2368,#2369);
#2027=AXIS2_PLACEMENT_3D('',#2951,#2370,#2371);
#2028=AXIS2_PLACEMENT_3D('',#2953,#2372,#2373);
#2029=AXIS2_PLACEMENT_3D('',#2955,#2374,#2375);
#2030=AXIS2_PLACEMENT_3D('',#2957,#2376,#2377);
#2031=AXIS2_PLACEMENT_3D('',#2959,#2378,#2379);
#2032=AXIS2_PLACEMENT_3D('',#2961,#2380,#2381);
#2033=AXIS2_PLACEMENT_3D('',#2963,#2382,#2383);
#2034=AXIS2_PLACEMENT_3D('',#2965,#2384,#2385);
#2035=AXIS2_PLACEMENT_3D('',#2967,#2386,#2387);
#2036=AXIS2_PLACEMENT_3D('',#2969,#2388,#2389);
#2037=AXIS2_PLACEMENT_3D('',#2971,#2390,#2391);
#2038=AXIS2_PLACEMENT_3D('',#2973,#2392,#2393);
#2039=AXIS2_PLACEMENT_3D('',#2975,#2394,#2395);
#2040=AXIS2_PLACEMENT_3D('',#2977,#2396,#2397);
#2041=AXIS2_PLACEMENT_3D('',#2982,#2399,#2400);
#2042=AXIS2_PLACEMENT_3D('',#2986,#2402,#2403);
#2043=AXIS2_PLACEMENT_3D('',#2988,#2404,#2405);
#2044=AXIS2_PLACEMENT_3D('',#2992,#2407,#2408);
#2045=AXIS2_PLACEMENT_3D('',#2996,#2410,#2411);
#2046=AXIS2_PLACEMENT_3D('',#3000,#2413,#2414);
#2047=AXIS2_PLACEMENT_3D('',#3004,#2416,#2417);
#2048=AXIS2_PLACEMENT_3D('',#3010,#2420,#2421);
#2049=AXIS2_PLACEMENT_3D('',#3011,#2422,#2423);
#2050=AXIS2_PLACEMENT_3D('',#3012,#2424,#2425);
#2051=AXIS2_PLACEMENT_3D('',#3014,#2426,#2427);
#2052=AXIS2_PLACEMENT_3D('',#3016,#2428,#2429);
#2053=AXIS2_PLACEMENT_3D('',#3018,#2430,#2431);
#2054=AXIS2_PLACEMENT_3D('',#3020,#2432,#2433);
#2055=AXIS2_PLACEMENT_3D('',#3022,#2434,#2435);
#2056=AXIS2_PLACEMENT_3D('',#3024,#2436,#2437);
#2057=AXIS2_PLACEMENT_3D('',#3026,#2438,#2439);
#2058=AXIS2_PLACEMENT_3D('',#3028,#2440,#2441);
#2059=AXIS2_PLACEMENT_3D('',#3030,#2442,#2443);
#2060=AXIS2_PLACEMENT_3D('',#3032,#2444,#2445);
#2061=AXIS2_PLACEMENT_3D('',#3034,#2446,#2447);
#2062=AXIS2_PLACEMENT_3D('',#3036,#2448,#2449);
#2063=AXIS2_PLACEMENT_3D('',#3038,#2450,#2451);
#2064=AXIS2_PLACEMENT_3D('',#3040,#2452,#2453);
#2065=AXIS2_PLACEMENT_3D('',#3042,#2454,#2455);
#2066=AXIS2_PLACEMENT_3D('',#3044,#2456,#2457);
#2067=AXIS2_PLACEMENT_3D('',#3046,#2458,#2459);
#2068=AXIS2_PLACEMENT_3D('',#3048,#2460,#2461);
#2069=AXIS2_PLACEMENT_3D('',#3050,#2462,#2463);
#2070=AXIS2_PLACEMENT_3D('',#3052,#2464,#2465);
#2071=AXIS2_PLACEMENT_3D('',#3054,#2466,#2467);
#2072=AXIS2_PLACEMENT_3D('',#3056,#2468,#2469);
#2073=AXIS2_PLACEMENT_3D('',#3058,#2470,#2471);
#2074=AXIS2_PLACEMENT_3D('',#3060,#2472,#2473);
#2075=AXIS2_PLACEMENT_3D('',#3062,#2474,#2475);
#2076=AXIS2_PLACEMENT_3D('',#3064,#2476,#2477);
#2077=AXIS2_PLACEMENT_3D('',#3066,#2478,#2479);
#2078=AXIS2_PLACEMENT_3D('',#3068,#2480,#2481);
#2079=AXIS2_PLACEMENT_3D('',#3070,#2482,#2483);
#2080=AXIS2_PLACEMENT_3D('',#3072,#2484,#2485);
#2081=AXIS2_PLACEMENT_3D('',#3074,#2486,#2487);
#2082=AXIS2_PLACEMENT_3D('',#3076,#2488,#2489);
#2083=AXIS2_PLACEMENT_3D('',#3078,#2490,#2491);
#2084=AXIS2_PLACEMENT_3D('',#3080,#2492,#2493);
#2085=AXIS2_PLACEMENT_3D('',#3082,#2494,#2495);
#2086=AXIS2_PLACEMENT_3D('',#3084,#2496,#2497);
#2087=AXIS2_PLACEMENT_3D('',#3086,#2498,#2499);
#2088=AXIS2_PLACEMENT_3D('',#3088,#2500,#2501);
#2089=AXIS2_PLACEMENT_3D('',#3090,#2502,#2503);
#2090=AXIS2_PLACEMENT_3D('',#3092,#2504,#2505);
#2091=AXIS2_PLACEMENT_3D('',#3094,#2506,#2507);
#2092=AXIS2_PLACEMENT_3D('',#3096,#2508,#2509);
#2093=AXIS2_PLACEMENT_3D('',#3098,#2510,#2511);
#2094=AXIS2_PLACEMENT_3D('',#3100,#2512,#2513);
#2095=AXIS2_PLACEMENT_3D('',#3102,#2514,#2515);
#2096=AXIS2_PLACEMENT_3D('',#3104,#2516,#2517);
#2097=AXIS2_PLACEMENT_3D('',#3106,#2518,#2519);
#2098=AXIS2_PLACEMENT_3D('',#3108,#2520,#2521);
#2099=AXIS2_PLACEMENT_3D('',#3110,#2522,#2523);
#2100=AXIS2_PLACEMENT_3D('',#3112,#2524,#2525);
#2101=AXIS2_PLACEMENT_3D('',#3114,#2526,#2527);
#2102=AXIS2_PLACEMENT_3D('',#3116,#2528,#2529);
#2103=AXIS2_PLACEMENT_3D('',#3118,#2530,#2531);
#2104=AXIS2_PLACEMENT_3D('',#3120,#2532,#2533);
#2105=AXIS2_PLACEMENT_3D('',#3122,#2534,#2535);
#2106=AXIS2_PLACEMENT_3D('',#3124,#2536,#2537);
#2107=AXIS2_PLACEMENT_3D('',#3126,#2538,#2539);
#2108=AXIS2_PLACEMENT_3D('',#3128,#2540,#2541);
#2109=AXIS2_PLACEMENT_3D('',#3130,#2542,#2543);
#2110=AXIS2_PLACEMENT_3D('',#3132,#2544,#2545);
#2111=AXIS2_PLACEMENT_3D('',#3134,#2546,#2547);
#2112=AXIS2_PLACEMENT_3D('',#3136,#2548,#2549);
#2113=AXIS2_PLACEMENT_3D('',#3138,#2550,#2551);
#2114=AXIS2_PLACEMENT_3D('',#3140,#2552,#2553);
#2115=AXIS2_PLACEMENT_3D('',#3142,#2554,#2555);
#2116=AXIS2_PLACEMENT_3D('',#3144,#2556,#2557);
#2117=AXIS2_PLACEMENT_3D('',#3146,#2558,#2559);
#2118=AXIS2_PLACEMENT_3D('',#3148,#2560,#2561);
#2119=AXIS2_PLACEMENT_3D('',#3150,#2562,#2563);
#2120=AXIS2_PLACEMENT_3D('',#3152,#2564,#2565);
#2121=AXIS2_PLACEMENT_3D('',#3154,#2566,#2567);
#2122=AXIS2_PLACEMENT_3D('',#3156,#2568,#2569);
#2123=AXIS2_PLACEMENT_3D('',#3158,#2570,#2571);
#2124=AXIS2_PLACEMENT_3D('',#3160,#2572,#2573);
#2125=AXIS2_PLACEMENT_3D('',#3162,#2574,#2575);
#2126=AXIS2_PLACEMENT_3D('',#3164,#2576,#2577);
#2127=AXIS2_PLACEMENT_3D('',#3166,#2578,#2579);
#2128=AXIS2_PLACEMENT_3D('',#3168,#2580,#2581);
#2129=AXIS2_PLACEMENT_3D('',#3170,#2582,#2583);
#2130=AXIS2_PLACEMENT_3D('',#3177,#2586,#2587);
#2131=AXIS2_PLACEMENT_3D('',#3181,#2589,#2590);
#2132=AXIS2_PLACEMENT_3D('',#3185,#2592,#2593);
#2133=AXIS2_PLACEMENT_3D('',#3189,#2595,#2596);
#2134=AXIS2_PLACEMENT_3D('',#3193,#2598,#2599);
#2135=AXIS2_PLACEMENT_3D('',#3195,#2600,#2601);
#2136=AXIS2_PLACEMENT_3D('',#3199,#2603,#2604);
#2137=AXIS2_PLACEMENT_3D('',#3203,#2606,#2607);
#2138=AXIS2_PLACEMENT_3D('',#3204,#2608,#2609);
#2139=AXIS2_PLACEMENT_3D('',#3205,#2610,#2611);
#2140=AXIS2_PLACEMENT_3D('',#3206,#2612,#2613);
#2141=AXIS2_PLACEMENT_3D('',#3207,#2614,#2615);
#2142=AXIS2_PLACEMENT_3D('',#3208,#2616,#2617);
#2143=AXIS2_PLACEMENT_3D('',#3209,#2618,#2619);
#2144=AXIS2_PLACEMENT_3D('',#3210,#2620,#2621);
#2145=AXIS2_PLACEMENT_3D('',#3211,#2622,#2623);
#2146=AXIS2_PLACEMENT_3D('',#3212,#2624,#2625);
#2147=AXIS2_PLACEMENT_3D('',#3213,#2626,#2627);
#2148=AXIS2_PLACEMENT_3D('',#3214,#2628,#2629);
#2149=AXIS2_PLACEMENT_3D('',#3215,#2630,#2631);
#2150=AXIS2_PLACEMENT_3D('',#3216,#2632,#2633);
#2151=AXIS2_PLACEMENT_3D('',#3217,#2634,#2635);
#2152=AXIS2_PLACEMENT_3D('',#3218,#2636,#2637);
#2153=AXIS2_PLACEMENT_3D('',#3219,#2638,#2639);
#2154=AXIS2_PLACEMENT_3D('',#3220,#2640,#2641);
#2155=AXIS2_PLACEMENT_3D('',#3221,#2642,#2643);
#2156=AXIS2_PLACEMENT_3D('',#3222,#2644,#2645);
#2157=AXIS2_PLACEMENT_3D('',#3223,#2646,#2647);
#2158=AXIS2_PLACEMENT_3D('',#3224,#2648,#2649);
#2159=AXIS2_PLACEMENT_3D('',#3225,#2650,#2651);
#2160=AXIS2_PLACEMENT_3D('',#3226,#2652,#2653);
#2161=AXIS2_PLACEMENT_3D('',#3227,#2654,#2655);
#2162=AXIS2_PLACEMENT_3D('',#3228,#2656,#2657);
#2163=AXIS2_PLACEMENT_3D('',#3229,#2658,#2659);
#2164=AXIS2_PLACEMENT_3D('',#3230,#2660,#2661);
#2165=AXIS2_PLACEMENT_3D('',#3231,#2662,#2663);
#2166=AXIS2_PLACEMENT_3D('',#3232,#2664,#2665);
#2167=AXIS2_PLACEMENT_3D('',#3233,#2666,#2667);
#2168=AXIS2_PLACEMENT_3D('',#3234,#2668,#2669);
#2169=AXIS2_PLACEMENT_3D('',#3235,#2670,#2671);
#2170=AXIS2_PLACEMENT_3D('',#3236,#2672,#2673);
#2171=AXIS2_PLACEMENT_3D('',#3237,#2674,#2675);
#2172=AXIS2_PLACEMENT_3D('',#3238,#2676,#2677);
#2173=AXIS2_PLACEMENT_3D('',#3239,#2678,#2679);
#2174=AXIS2_PLACEMENT_3D('',#3240,#2680,#2681);
#2175=AXIS2_PLACEMENT_3D('',#3241,#2682,#2683);
#2176=AXIS2_PLACEMENT_3D('',#3242,#2684,#2685);
#2177=AXIS2_PLACEMENT_3D('',#3243,#2686,#2687);
#2178=AXIS2_PLACEMENT_3D('',#3244,#2688,#2689);
#2179=AXIS2_PLACEMENT_3D('',#3245,#2690,#2691);
#2180=AXIS2_PLACEMENT_3D('',#3246,#2692,#2693);
#2181=AXIS2_PLACEMENT_3D('',#3247,#2694,#2695);
#2182=AXIS2_PLACEMENT_3D('',#3248,#2696,#2697);
#2183=AXIS2_PLACEMENT_3D('',#3249,#2698,#2699);
#2184=AXIS2_PLACEMENT_3D('',#3250,#2700,#2701);
#2185=AXIS2_PLACEMENT_3D('',#3251,#2702,#2703);
#2186=AXIS2_PLACEMENT_3D('',#3252,#2704,#2705);
#2187=AXIS2_PLACEMENT_3D('',#3253,#2706,#2707);
#2188=AXIS2_PLACEMENT_3D('',#3254,#2708,#2709);
#2189=AXIS2_PLACEMENT_3D('',#3255,#2710,#2711);
#2190=AXIS2_PLACEMENT_3D('',#3256,#2712,#2713);
#2191=AXIS2_PLACEMENT_3D('',#3257,#2714,#2715);
#2192=AXIS2_PLACEMENT_3D('',#3258,#2716,#2717);
#2193=AXIS2_PLACEMENT_3D('',#3259,#2718,#2719);
#2194=AXIS2_PLACEMENT_3D('',#3260,#2720,#2721);
#2195=AXIS2_PLACEMENT_3D('',#3261,#2722,#2723);
#2196=AXIS2_PLACEMENT_3D('',#3262,#2724,#2725);
#2197=AXIS2_PLACEMENT_3D('',#3263,#2726,#2727);
#2198=AXIS2_PLACEMENT_3D('',#3264,#2728,#2729);
#2199=AXIS2_PLACEMENT_3D('',#3265,#2730,#2731);
#2200=AXIS2_PLACEMENT_3D('',#3266,#2732,#2733);
#2201=AXIS2_PLACEMENT_3D('',#3267,#2734,#2735);
#2202=AXIS2_PLACEMENT_3D('',#3268,#2736,#2737);
#2203=AXIS2_PLACEMENT_3D('',#3269,#2738,#2739);
#2204=AXIS2_PLACEMENT_3D('',#3270,#2740,#2741);
#2205=AXIS2_PLACEMENT_3D('',#3271,#2742,#2743);
#2206=AXIS2_PLACEMENT_3D('',#3272,#2744,#2745);
#2207=AXIS2_PLACEMENT_3D('',#3273,#2746,#2747);
#2208=AXIS2_PLACEMENT_3D('',#3274,#2748,#2749);
#2209=AXIS2_PLACEMENT_3D('',#3275,#2750,#2751);
#2210=AXIS2_PLACEMENT_3D('',#3276,#2752,#2753);
#2211=AXIS2_PLACEMENT_3D('',#3277,#2754,#2755);
#2212=AXIS2_PLACEMENT_3D('',#3278,#2756,#2757);
#2213=AXIS2_PLACEMENT_3D('',#3279,#2758,#2759);
#2214=AXIS2_PLACEMENT_3D('',#3280,#2760,#2761);
#2215=AXIS2_PLACEMENT_3D('',#3281,#2762,#2763);
#2216=AXIS2_PLACEMENT_3D('',#3282,#2764,#2765);
#2217=AXIS2_PLACEMENT_3D('',#3283,#2766,#2767);
#2218=AXIS2_PLACEMENT_3D('',#3286,#2770,#2771);
#2219=AXIS2_PLACEMENT_3D('',#3288,#2773,#2774);
#2220=AXIS2_PLACEMENT_3D('',#3290,#2776,#2777);
#2221=AXIS2_PLACEMENT_3D('',#3292,#2779,#2780);
#2222=AXIS2_PLACEMENT_3D('',#3294,#2782,#2783);
#2223=AXIS2_PLACEMENT_3D('',#3296,#2785,#2786);
#2224=AXIS2_PLACEMENT_3D('',#3298,#2788,#2789);
#2225=AXIS2_PLACEMENT_3D('',#3300,#2791,#2792);
#2226=AXIS2_PLACEMENT_3D('',#3302,#2794,#2795);
#2227=AXIS2_PLACEMENT_3D('',#3304,#2797,#2798);
#2228=AXIS2_PLACEMENT_3D('',#3306,#2800,#2801);
#2229=AXIS2_PLACEMENT_3D('',#3308,#2803,#2804);
#2230=AXIS2_PLACEMENT_3D('',#3310,#2806,#2807);
#2231=AXIS2_PLACEMENT_3D('',#3312,#2809,#2810);
#2232=AXIS2_PLACEMENT_3D('',#3314,#2812,#2813);
#2233=AXIS2_PLACEMENT_3D('',#3316,#2815,#2816);
#2234=DIRECTION('',(0.,0.,1.));
#2235=DIRECTION('',(1.,0.,0.));
#2236=DIRECTION('',(0.,0.,-1.));
#2237=DIRECTION('',(1.,0.,0.));
#2238=DIRECTION('',(0.,0.,1.));
#2239=DIRECTION('',(1.,0.,0.));
#2240=DIRECTION('',(0.,0.,1.));
#2241=DIRECTION('',(1.,0.,0.));
#2242=DIRECTION('',(0.,0.,1.));
#2243=DIRECTION('',(1.,0.,0.));
#2244=DIRECTION('',(0.,0.,1.));
#2245=DIRECTION('',(1.,0.,0.));
#2246=DIRECTION('',(0.,0.,1.));
#2247=DIRECTION('',(1.,0.,0.));
#2248=DIRECTION('',(0.,0.,1.));
#2249=DIRECTION('',(1.,0.,0.));
#2250=DIRECTION('',(0.,0.,1.));
#2251=DIRECTION('',(1.,0.,0.));
#2252=DIRECTION('',(0.,0.,1.));
#2253=DIRECTION('',(1.,0.,0.));
#2254=DIRECTION('',(0.,0.,1.));
#2255=DIRECTION('',(1.,0.,0.));
#2256=DIRECTION('',(0.,0.,1.));
#2257=DIRECTION('',(1.,0.,0.));
#2258=DIRECTION('',(0.,0.,1.));
#2259=DIRECTION('',(1.,0.,0.));
#2260=DIRECTION('',(0.,0.,1.));
#2261=DIRECTION('',(1.,0.,0.));
#2262=DIRECTION('',(0.,0.,1.));
#2263=DIRECTION('',(1.,0.,0.));
#2264=DIRECTION('',(0.,0.,1.));
#2265=DIRECTION('',(1.,0.,0.));
#2266=DIRECTION('',(0.,0.,1.));
#2267=DIRECTION('',(1.,0.,0.));
#2268=DIRECTION('',(0.,0.,1.));
#2269=DIRECTION('',(1.,0.,0.));
#2270=DIRECTION('',(0.,0.,1.));
#2271=DIRECTION('',(1.,0.,0.));
#2272=DIRECTION('',(0.,0.,1.));
#2273=DIRECTION('',(1.,0.,0.));
#2274=DIRECTION('',(0.,0.,1.));
#2275=DIRECTION('',(1.,0.,0.));
#2276=DIRECTION('',(0.,0.,1.));
#2277=DIRECTION('',(1.,0.,0.));
#2278=DIRECTION('',(0.,0.,1.));
#2279=DIRECTION('',(1.,0.,0.));
#2280=DIRECTION('',(0.,0.,1.));
#2281=DIRECTION('',(1.,0.,0.));
#2282=DIRECTION('',(0.,0.,1.));
#2283=DIRECTION('',(1.,0.,0.));
#2284=DIRECTION('',(0.,0.,1.));
#2285=DIRECTION('',(1.,0.,0.));
#2286=DIRECTION('',(0.,0.,1.));
#2287=DIRECTION('',(1.,0.,0.));
#2288=DIRECTION('',(0.,0.,1.));
#2289=DIRECTION('',(1.,0.,0.));
#2290=DIRECTION('',(0.,0.,1.));
#2291=DIRECTION('',(1.,0.,0.));
#2292=DIRECTION('',(0.,0.,1.));
#2293=DIRECTION('',(1.,0.,0.));
#2294=DIRECTION('',(0.,0.,1.));
#2295=DIRECTION('',(1.,0.,0.));
#2296=DIRECTION('',(0.,0.,1.));
#2297=DIRECTION('',(1.,0.,0.));
#2298=DIRECTION('',(0.,0.,1.));
#2299=DIRECTION('',(1.,0.,0.));
#2300=DIRECTION('',(0.,0.,1.));
#2301=DIRECTION('',(1.,0.,0.));
#2302=DIRECTION('',(0.,0.,1.));
#2303=DIRECTION('',(1.,0.,0.));
#2304=DIRECTION('',(0.,0.,1.));
#2305=DIRECTION('',(1.,0.,0.));
#2306=DIRECTION('',(0.,0.,1.));
#2307=DIRECTION('',(1.,0.,0.));
#2308=DIRECTION('',(0.,0.,1.));
#2309=DIRECTION('',(1.,0.,0.));
#2310=DIRECTION('',(0.,0.,1.));
#2311=DIRECTION('',(1.,0.,0.));
#2312=DIRECTION('',(0.,0.,1.));
#2313=DIRECTION('',(1.,0.,0.));
#2314=DIRECTION('',(0.,0.,1.));
#2315=DIRECTION('',(1.,0.,0.));
#2316=DIRECTION('',(0.,0.,1.));
#2317=DIRECTION('',(1.,0.,0.));
#2318=DIRECTION('',(0.,0.,1.));
#2319=DIRECTION('',(1.,0.,0.));
#2320=DIRECTION('',(0.,0.,1.));
#2321=DIRECTION('',(1.,0.,0.));
#2322=DIRECTION('',(0.,0.,1.));
#2323=DIRECTION('',(1.,0.,0.));
#2324=DIRECTION('',(0.,0.,1.));
#2325=DIRECTION('',(1.,0.,0.));
#2326=DIRECTION('',(0.,0.,1.));
#2327=DIRECTION('',(1.,0.,0.));
#2328=DIRECTION('',(0.,0.,1.));
#2329=DIRECTION('',(1.,0.,0.));
#2330=DIRECTION('',(0.,0.,1.));
#2331=DIRECTION('',(1.,0.,0.));
#2332=DIRECTION('',(0.,0.,1.));
#2333=DIRECTION('',(1.,0.,0.));
#2334=DIRECTION('',(0.,0.,1.));
#2335=DIRECTION('',(1.,0.,0.));
#2336=DIRECTION('',(0.,0.,1.));
#2337=DIRECTION('',(1.,0.,0.));
#2338=DIRECTION('',(0.,0.,1.));
#2339=DIRECTION('',(1.,0.,0.));
#2340=DIRECTION('',(0.,0.,1.));
#2341=DIRECTION('',(1.,0.,0.));
#2342=DIRECTION('',(0.,0.,1.));
#2343=DIRECTION('',(1.,0.,0.));
#2344=DIRECTION('',(0.,0.,1.));
#2345=DIRECTION('',(1.,0.,0.));
#2346=DIRECTION('',(0.,0.,1.));
#2347=DIRECTION('',(1.,0.,0.));
#2348=DIRECTION('',(0.,0.,1.));
#2349=DIRECTION('',(1.,0.,0.));
#2350=DIRECTION('',(0.,0.,1.));
#2351=DIRECTION('',(1.,0.,0.));
#2352=DIRECTION('',(0.,0.,1.));
#2353=DIRECTION('',(1.,0.,0.));
#2354=DIRECTION('',(0.,0.,1.));
#2355=DIRECTION('',(1.,0.,0.));
#2356=DIRECTION('',(0.,0.,1.));
#2357=DIRECTION('',(1.,0.,0.));
#2358=DIRECTION('',(0.,0.,1.));
#2359=DIRECTION('',(1.,0.,0.));
#2360=DIRECTION('',(0.,0.,1.));
#2361=DIRECTION('',(1.,0.,0.));
#2362=DIRECTION('',(0.,0.,1.));
#2363=DIRECTION('',(1.,0.,0.));
#2364=DIRECTION('',(0.,0.,1.));
#2365=DIRECTION('',(1.,0.,0.));
#2366=DIRECTION('',(0.,0.,1.));
#2367=DIRECTION('',(1.,0.,0.));
#2368=DIRECTION('',(0.,0.,1.));
#2369=DIRECTION('',(1.,0.,0.));
#2370=DIRECTION('',(0.,0.,1.));
#2371=DIRECTION('',(1.,0.,0.));
#2372=DIRECTION('',(0.,0.,1.));
#2373=DIRECTION('',(1.,0.,0.));
#2374=DIRECTION('',(0.,0.,1.));
#2375=DIRECTION('',(1.,0.,0.));
#2376=DIRECTION('',(0.,0.,1.));
#2377=DIRECTION('',(1.,0.,0.));
#2378=DIRECTION('',(0.,0.,1.));
#2379=DIRECTION('',(1.,0.,0.));
#2380=DIRECTION('',(0.,0.,1.));
#2381=DIRECTION('',(1.,0.,0.));
#2382=DIRECTION('',(0.,0.,1.));
#2383=DIRECTION('',(1.,0.,0.));
#2384=DIRECTION('',(0.,0.,1.));
#2385=DIRECTION('',(1.,0.,0.));
#2386=DIRECTION('',(0.,0.,1.));
#2387=DIRECTION('',(1.,0.,0.));
#2388=DIRECTION('',(0.,0.,1.));
#2389=DIRECTION('',(1.,0.,0.));
#2390=DIRECTION('',(0.,0.,1.));
#2391=DIRECTION('',(1.,0.,0.));
#2392=DIRECTION('',(0.,0.,1.));
#2393=DIRECTION('',(1.,0.,0.));
#2394=DIRECTION('',(0.,0.,1.));
#2395=DIRECTION('',(1.,0.,0.));
#2396=DIRECTION('',(0.,0.,1.));
#2397=DIRECTION('',(0.0262419478228444,-0.999655620788711,0.));
#2398=DIRECTION('',(1.,0.,0.));
#2399=DIRECTION('',(0.,0.,1.));
#2400=DIRECTION('',(0.0558775880394881,-0.998437627072863,0.));
#2401=DIRECTION('',(0.,1.,0.));
#2402=DIRECTION('',(0.,0.,-1.));
#2403=DIRECTION('',(-0.999999997889056,6.49760595922546E-5,0.));
#2404=DIRECTION('',(0.,0.,1.));
#2405=DIRECTION('',(-0.901390131922664,0.433007886847853,0.));
#2406=DIRECTION('',(0.,-1.,0.));
#2407=DIRECTION('',(0.,0.,1.));
#2408=DIRECTION('',(-0.99855333207475,0.0537702799175761,0.));
#2409=DIRECTION('',(1.,0.,0.));
#2410=DIRECTION('',(0.,0.,1.));
#2411=DIRECTION('',(0.00034060674445157,-0.999999941993521,0.));
#2412=DIRECTION('',(0.,1.,0.));
#2413=DIRECTION('',(0.,0.,1.));
#2414=DIRECTION('',(0.99852046276181,-0.0543772511804492,0.));
#2415=DIRECTION('',(-1.,0.,0.));
#2416=DIRECTION('',(0.,0.,1.));
#2417=DIRECTION('',(-0.0544491613637723,0.998516544092677,0.));
#2418=DIRECTION('',(0.,-1.,0.));
#2419=DIRECTION('',(0.000197632526781539,-0.999999980470692,0.));
#2420=DIRECTION('',(0.,0.,1.));
#2421=DIRECTION('',(-0.999991051205245,-0.00423054481458213,0.));
#2422=DIRECTION('',(0.,0.,-1.));
#2423=DIRECTION('',(1.,0.,0.));
#2424=DIRECTION('',(0.,0.,1.));
#2425=DIRECTION('',(1.,0.,0.));
#2426=DIRECTION('',(0.,0.,1.));
#2427=DIRECTION('',(1.,0.,0.));
#2428=DIRECTION('',(0.,0.,1.));
#2429=DIRECTION('',(1.,0.,0.));
#2430=DIRECTION('',(0.,0.,1.));
#2431=DIRECTION('',(1.,0.,0.));
#2432=DIRECTION('',(0.,0.,1.));
#2433=DIRECTION('',(1.,0.,0.));
#2434=DIRECTION('',(0.,0.,1.));
#2435=DIRECTION('',(1.,0.,0.));
#2436=DIRECTION('',(0.,0.,1.));
#2437=DIRECTION('',(1.,0.,0.));
#2438=DIRECTION('',(0.,0.,1.));
#2439=DIRECTION('',(1.,0.,0.));
#2440=DIRECTION('',(0.,0.,1.));
#2441=DIRECTION('',(1.,0.,0.));
#2442=DIRECTION('',(0.,0.,1.));
#2443=DIRECTION('',(1.,0.,0.));
#2444=DIRECTION('',(0.,0.,1.));
#2445=DIRECTION('',(1.,0.,0.));
#2446=DIRECTION('',(0.,0.,1.));
#2447=DIRECTION('',(1.,0.,0.));
#2448=DIRECTION('',(0.,0.,1.));
#2449=DIRECTION('',(1.,0.,0.));
#2450=DIRECTION('',(0.,0.,1.));
#2451=DIRECTION('',(1.,0.,0.));
#2452=DIRECTION('',(0.,0.,1.));
#2453=DIRECTION('',(1.,0.,0.));
#2454=DIRECTION('',(0.,0.,1.));
#2455=DIRECTION('',(1.,0.,0.));
#2456=DIRECTION('',(0.,0.,1.));
#2457=DIRECTION('',(1.,0.,0.));
#2458=DIRECTION('',(0.,0.,1.));
#2459=DIRECTION('',(1.,0.,0.));
#2460=DIRECTION('',(0.,0.,1.));
#2461=DIRECTION('',(1.,0.,0.));
#2462=DIRECTION('',(0.,0.,1.));
#2463=DIRECTION('',(1.,0.,0.));
#2464=DIRECTION('',(0.,0.,1.));
#2465=DIRECTION('',(1.,0.,0.));
#2466=DIRECTION('',(0.,0.,1.));
#2467=DIRECTION('',(1.,0.,0.));
#2468=DIRECTION('',(0.,0.,1.));
#2469=DIRECTION('',(1.,0.,0.));
#2470=DIRECTION('',(0.,0.,1.));
#2471=DIRECTION('',(1.,0.,0.));
#2472=DIRECTION('',(0.,0.,1.));
#2473=DIRECTION('',(1.,0.,0.));
#2474=DIRECTION('',(0.,0.,1.));
#2475=DIRECTION('',(1.,0.,0.));
#2476=DIRECTION('',(0.,0.,1.));
#2477=DIRECTION('',(1.,0.,0.));
#2478=DIRECTION('',(0.,0.,1.));
#2479=DIRECTION('',(1.,0.,0.));
#2480=DIRECTION('',(0.,0.,1.));
#2481=DIRECTION('',(1.,0.,0.));
#2482=DIRECTION('',(0.,0.,1.));
#2483=DIRECTION('',(1.,0.,0.));
#2484=DIRECTION('',(0.,0.,1.));
#2485=DIRECTION('',(1.,0.,0.));
#2486=DIRECTION('',(0.,0.,1.));
#2487=DIRECTION('',(1.,0.,0.));
#2488=DIRECTION('',(0.,0.,1.));
#2489=DIRECTION('',(1.,0.,0.));
#2490=DIRECTION('',(0.,0.,1.));
#2491=DIRECTION('',(1.,0.,0.));
#2492=DIRECTION('',(0.,0.,1.));
#2493=DIRECTION('',(1.,0.,0.));
#2494=DIRECTION('',(0.,0.,1.));
#2495=DIRECTION('',(1.,0.,0.));
#2496=DIRECTION('',(0.,0.,1.));
#2497=DIRECTION('',(1.,0.,0.));
#2498=DIRECTION('',(0.,0.,1.));
#2499=DIRECTION('',(1.,0.,0.));
#2500=DIRECTION('',(0.,0.,1.));
#2501=DIRECTION('',(1.,0.,0.));
#2502=DIRECTION('',(0.,0.,1.));
#2503=DIRECTION('',(1.,0.,0.));
#2504=DIRECTION('',(0.,0.,1.));
#2505=DIRECTION('',(1.,0.,0.));
#2506=DIRECTION('',(0.,0.,1.));
#2507=DIRECTION('',(1.,0.,0.));
#2508=DIRECTION('',(0.,0.,1.));
#2509=DIRECTION('',(1.,0.,0.));
#2510=DIRECTION('',(0.,0.,1.));
#2511=DIRECTION('',(1.,0.,0.));
#2512=DIRECTION('',(0.,0.,1.));
#2513=DIRECTION('',(1.,0.,0.));
#2514=DIRECTION('',(0.,0.,1.));
#2515=DIRECTION('',(1.,0.,0.));
#2516=DIRECTION('',(0.,0.,1.));
#2517=DIRECTION('',(1.,0.,0.));
#2518=DIRECTION('',(0.,0.,1.));
#2519=DIRECTION('',(1.,0.,0.));
#2520=DIRECTION('',(0.,0.,1.));
#2521=DIRECTION('',(1.,0.,0.));
#2522=DIRECTION('',(0.,0.,1.));
#2523=DIRECTION('',(1.,0.,0.));
#2524=DIRECTION('',(0.,0.,1.));
#2525=DIRECTION('',(1.,0.,0.));
#2526=DIRECTION('',(0.,0.,1.));
#2527=DIRECTION('',(1.,0.,0.));
#2528=DIRECTION('',(0.,0.,1.));
#2529=DIRECTION('',(1.,0.,0.));
#2530=DIRECTION('',(0.,0.,1.));
#2531=DIRECTION('',(1.,0.,0.));
#2532=DIRECTION('',(0.,0.,1.));
#2533=DIRECTION('',(1.,0.,0.));
#2534=DIRECTION('',(0.,0.,1.));
#2535=DIRECTION('',(1.,0.,0.));
#2536=DIRECTION('',(0.,0.,1.));
#2537=DIRECTION('',(1.,0.,0.));
#2538=DIRECTION('',(0.,0.,1.));
#2539=DIRECTION('',(1.,0.,0.));
#2540=DIRECTION('',(0.,0.,1.));
#2541=DIRECTION('',(1.,0.,0.));
#2542=DIRECTION('',(0.,0.,1.));
#2543=DIRECTION('',(1.,0.,0.));
#2544=DIRECTION('',(0.,0.,1.));
#2545=DIRECTION('',(1.,0.,0.));
#2546=DIRECTION('',(0.,0.,1.));
#2547=DIRECTION('',(1.,0.,0.));
#2548=DIRECTION('',(0.,0.,1.));
#2549=DIRECTION('',(1.,0.,0.));
#2550=DIRECTION('',(0.,0.,1.));
#2551=DIRECTION('',(1.,0.,0.));
#2552=DIRECTION('',(0.,0.,1.));
#2553=DIRECTION('',(1.,0.,0.));
#2554=DIRECTION('',(0.,0.,1.));
#2555=DIRECTION('',(1.,0.,0.));
#2556=DIRECTION('',(0.,0.,1.));
#2557=DIRECTION('',(1.,0.,0.));
#2558=DIRECTION('',(0.,0.,1.));
#2559=DIRECTION('',(1.,0.,0.));
#2560=DIRECTION('',(0.,0.,1.));
#2561=DIRECTION('',(1.,0.,0.));
#2562=DIRECTION('',(0.,0.,1.));
#2563=DIRECTION('',(1.,0.,0.));
#2564=DIRECTION('',(0.,0.,1.));
#2565=DIRECTION('',(1.,0.,0.));
#2566=DIRECTION('',(0.,0.,1.));
#2567=DIRECTION('',(1.,0.,0.));
#2568=DIRECTION('',(0.,0.,1.));
#2569=DIRECTION('',(1.,0.,0.));
#2570=DIRECTION('',(0.,0.,1.));
#2571=DIRECTION('',(1.,0.,0.));
#2572=DIRECTION('',(0.,0.,1.));
#2573=DIRECTION('',(1.,0.,0.));
#2574=DIRECTION('',(0.,0.,1.));
#2575=DIRECTION('',(1.,0.,0.));
#2576=DIRECTION('',(0.,0.,1.));
#2577=DIRECTION('',(1.,0.,0.));
#2578=DIRECTION('',(0.,0.,1.));
#2579=DIRECTION('',(1.,0.,0.));
#2580=DIRECTION('',(0.,0.,1.));
#2581=DIRECTION('',(1.,0.,0.));
#2582=DIRECTION('',(0.,0.,1.));
#2583=DIRECTION('',(-0.999991051205245,-0.00423054481458213,0.));
#2584=DIRECTION('',(0.000197632526781539,-0.999999980470692,0.));
#2585=DIRECTION('',(0.,-1.,0.));
#2586=DIRECTION('',(0.,0.,1.));
#2587=DIRECTION('',(-0.0544491613637723,0.998516544092677,0.));
#2588=DIRECTION('',(-1.,0.,0.));
#2589=DIRECTION('',(0.,0.,1.));
#2590=DIRECTION('',(0.99852046276181,-0.0543772511804492,0.));
#2591=DIRECTION('',(0.,1.,0.));
#2592=DIRECTION('',(0.,0.,1.));
#2593=DIRECTION('',(0.00034060674445157,-0.999999941993521,0.));
#2594=DIRECTION('',(1.,0.,0.));
#2595=DIRECTION('',(0.,0.,1.));
#2596=DIRECTION('',(-0.99855333207475,0.0537702799175761,0.));
#2597=DIRECTION('',(0.,-1.,0.));
#2598=DIRECTION('',(0.,0.,1.));
#2599=DIRECTION('',(-0.901390131922664,0.433007886847853,0.));
#2600=DIRECTION('',(0.,0.,-1.));
#2601=DIRECTION('',(-0.999999997889056,6.49760595922546E-5,0.));
#2602=DIRECTION('',(0.,1.,0.));
#2603=DIRECTION('',(0.,0.,1.));
#2604=DIRECTION('',(0.0558775880394881,-0.998437627072863,0.));
#2605=DIRECTION('',(1.,0.,0.));
#2606=DIRECTION('',(0.,0.,1.));
#2607=DIRECTION('',(0.0262419478228444,-0.999655620788711,0.));
#2608=DIRECTION('',(0.,0.,-1.));
#2609=DIRECTION('',(-1.,0.,0.));
#2610=DIRECTION('',(0.,0.,-1.));
#2611=DIRECTION('',(-1.,0.,0.));
#2612=DIRECTION('',(0.,0.,-1.));
#2613=DIRECTION('',(-1.,0.,0.));
#2614=DIRECTION('',(0.,0.,-1.));
#2615=DIRECTION('',(-1.,0.,0.));
#2616=DIRECTION('',(0.,0.,-1.));
#2617=DIRECTION('',(-1.,0.,0.));
#2618=DIRECTION('',(0.,0.,-1.));
#2619=DIRECTION('',(-1.,0.,0.));
#2620=DIRECTION('',(0.,0.,-1.));
#2621=DIRECTION('',(-1.,0.,0.));
#2622=DIRECTION('',(0.,0.,-1.));
#2623=DIRECTION('',(-1.,0.,0.));
#2624=DIRECTION('',(0.,0.,-1.));
#2625=DIRECTION('',(-1.,0.,0.));
#2626=DIRECTION('',(0.,0.,-1.));
#2627=DIRECTION('',(-1.,0.,0.));
#2628=DIRECTION('',(0.,0.,-1.));
#2629=DIRECTION('',(-1.,0.,0.));
#2630=DIRECTION('',(0.,0.,-1.));
#2631=DIRECTION('',(-1.,0.,0.));
#2632=DIRECTION('',(0.,0.,-1.));
#2633=DIRECTION('',(-1.,0.,0.));
#2634=DIRECTION('',(0.,0.,-1.));
#2635=DIRECTION('',(-1.,0.,0.));
#2636=DIRECTION('',(0.,0.,-1.));
#2637=DIRECTION('',(-1.,0.,0.));
#2638=DIRECTION('',(0.,0.,-1.));
#2639=DIRECTION('',(-1.,0.,0.));
#2640=DIRECTION('',(0.,0.,-1.));
#2641=DIRECTION('',(-1.,0.,0.));
#2642=DIRECTION('',(0.,0.,-1.));
#2643=DIRECTION('',(-1.,0.,0.));
#2644=DIRECTION('',(0.,0.,-1.));
#2645=DIRECTION('',(-1.,0.,0.));
#2646=DIRECTION('',(0.,0.,-1.));
#2647=DIRECTION('',(-1.,0.,0.));
#2648=DIRECTION('',(0.,0.,-1.));
#2649=DIRECTION('',(-1.,0.,0.));
#2650=DIRECTION('',(0.,0.,-1.));
#2651=DIRECTION('',(-1.,0.,0.));
#2652=DIRECTION('',(0.,0.,-1.));
#2653=DIRECTION('',(-1.,0.,0.));
#2654=DIRECTION('',(0.,0.,-1.));
#2655=DIRECTION('',(-1.,0.,0.));
#2656=DIRECTION('',(0.,0.,-1.));
#2657=DIRECTION('',(-1.,0.,0.));
#2658=DIRECTION('',(0.,0.,-1.));
#2659=DIRECTION('',(-1.,0.,0.));
#2660=DIRECTION('',(0.,0.,-1.));
#2661=DIRECTION('',(-1.,0.,0.));
#2662=DIRECTION('',(0.,0.,-1.));
#2663=DIRECTION('',(-1.,0.,0.));
#2664=DIRECTION('',(0.,0.,-1.));
#2665=DIRECTION('',(-1.,0.,0.));
#2666=DIRECTION('',(0.,0.,-1.));
#2667=DIRECTION('',(-1.,0.,0.));
#2668=DIRECTION('',(0.,0.,-1.));
#2669=DIRECTION('',(-1.,0.,0.));
#2670=DIRECTION('',(0.,0.,-1.));
#2671=DIRECTION('',(-1.,0.,0.));
#2672=DIRECTION('',(0.,0.,-1.));
#2673=DIRECTION('',(-1.,0.,0.));
#2674=DIRECTION('',(0.,0.,-1.));
#2675=DIRECTION('',(-1.,0.,0.));
#2676=DIRECTION('',(0.,0.,-1.));
#2677=DIRECTION('',(-1.,0.,0.));
#2678=DIRECTION('',(0.,0.,-1.));
#2679=DIRECTION('',(-1.,0.,0.));
#2680=DIRECTION('',(0.,0.,-1.));
#2681=DIRECTION('',(-1.,0.,0.));
#2682=DIRECTION('',(0.,0.,-1.));
#2683=DIRECTION('',(-1.,0.,0.));
#2684=DIRECTION('',(0.,0.,-1.));
#2685=DIRECTION('',(-1.,0.,0.));
#2686=DIRECTION('',(0.,0.,-1.));
#2687=DIRECTION('',(-1.,0.,0.));
#2688=DIRECTION('',(0.,0.,-1.));
#2689=DIRECTION('',(-1.,0.,0.));
#2690=DIRECTION('',(0.,0.,-1.));
#2691=DIRECTION('',(-1.,0.,0.));
#2692=DIRECTION('',(0.,0.,-1.));
#2693=DIRECTION('',(-1.,0.,0.));
#2694=DIRECTION('',(0.,0.,-1.));
#2695=DIRECTION('',(-1.,0.,0.));
#2696=DIRECTION('',(0.,0.,-1.));
#2697=DIRECTION('',(-1.,0.,0.));
#2698=DIRECTION('',(0.,0.,-1.));
#2699=DIRECTION('',(-1.,0.,0.));
#2700=DIRECTION('',(0.,0.,-1.));
#2701=DIRECTION('',(-1.,0.,0.));
#2702=DIRECTION('',(0.,0.,-1.));
#2703=DIRECTION('',(-1.,0.,0.));
#2704=DIRECTION('',(0.,0.,-1.));
#2705=DIRECTION('',(-1.,0.,0.));
#2706=DIRECTION('',(0.,0.,-1.));
#2707=DIRECTION('',(-1.,0.,0.));
#2708=DIRECTION('',(0.,0.,-1.));
#2709=DIRECTION('',(-1.,0.,0.));
#2710=DIRECTION('',(0.,0.,-1.));
#2711=DIRECTION('',(-1.,0.,0.));
#2712=DIRECTION('',(0.,0.,-1.));
#2713=DIRECTION('',(-1.,0.,0.));
#2714=DIRECTION('',(0.,0.,-1.));
#2715=DIRECTION('',(-1.,0.,0.));
#2716=DIRECTION('',(0.,0.,-1.));
#2717=DIRECTION('',(-1.,0.,0.));
#2718=DIRECTION('',(0.,0.,-1.));
#2719=DIRECTION('',(-1.,0.,0.));
#2720=DIRECTION('',(0.,0.,-1.));
#2721=DIRECTION('',(-1.,0.,0.));
#2722=DIRECTION('',(0.,0.,-1.));
#2723=DIRECTION('',(-1.,0.,0.));
#2724=DIRECTION('',(0.,0.,-1.));
#2725=DIRECTION('',(-1.,0.,0.));
#2726=DIRECTION('',(0.,0.,-1.));
#2727=DIRECTION('',(-1.,0.,0.));
#2728=DIRECTION('',(0.,0.,-1.));
#2729=DIRECTION('',(-1.,0.,0.));
#2730=DIRECTION('',(0.,0.,-1.));
#2731=DIRECTION('',(-1.,0.,0.));
#2732=DIRECTION('',(0.,0.,-1.));
#2733=DIRECTION('',(-1.,0.,0.));
#2734=DIRECTION('',(0.,0.,-1.));
#2735=DIRECTION('',(-1.,0.,0.));
#2736=DIRECTION('',(0.,0.,-1.));
#2737=DIRECTION('',(-1.,0.,0.));
#2738=DIRECTION('',(0.,0.,-1.));
#2739=DIRECTION('',(-1.,0.,0.));
#2740=DIRECTION('',(0.,0.,-1.));
#2741=DIRECTION('',(-1.,0.,0.));
#2742=DIRECTION('',(0.,0.,-1.));
#2743=DIRECTION('',(-1.,0.,0.));
#2744=DIRECTION('',(0.,0.,-1.));
#2745=DIRECTION('',(-1.,0.,0.));
#2746=DIRECTION('',(0.,0.,-1.));
#2747=DIRECTION('',(-1.,0.,0.));
#2748=DIRECTION('',(0.,0.,-1.));
#2749=DIRECTION('',(-1.,0.,0.));
#2750=DIRECTION('',(0.,0.,-1.));
#2751=DIRECTION('',(-1.,0.,0.));
#2752=DIRECTION('',(0.,0.,-1.));
#2753=DIRECTION('',(-1.,0.,0.));
#2754=DIRECTION('',(0.,0.,-1.));
#2755=DIRECTION('',(-1.,0.,0.));
#2756=DIRECTION('',(0.,0.,-1.));
#2757=DIRECTION('',(-1.,0.,0.));
#2758=DIRECTION('',(0.,0.,-1.));
#2759=DIRECTION('',(-1.,0.,0.));
#2760=DIRECTION('',(0.,0.,-1.));
#2761=DIRECTION('',(-1.,0.,0.));
#2762=DIRECTION('',(0.,0.,-1.));
#2763=DIRECTION('',(-1.,0.,0.));
#2764=DIRECTION('',(0.,0.,-1.));
#2765=DIRECTION('',(-1.,0.,0.));
#2766=DIRECTION('',(0.,0.,-1.));
#2767=DIRECTION('',(0.999991051205245,0.00423054481458213,0.));
#2768=DIRECTION('',(0.,0.,1.));
#2769=DIRECTION('',(0.,0.,1.));
#2770=DIRECTION('',(0.999999980470692,0.000197632526781539,0.));
#2771=DIRECTION('',(-0.000197632526781539,0.999999980470692,0.));
#2772=DIRECTION('',(0.,0.,1.));
#2773=DIRECTION('',(1.,0.,0.));
#2774=DIRECTION('',(0.,1.,0.));
#2775=DIRECTION('',(0.,0.,1.));
#2776=DIRECTION('',(0.,0.,-1.));
#2777=DIRECTION('',(0.0544491613637723,-0.998516544092677,0.));
#2778=DIRECTION('',(0.,0.,1.));
#2779=DIRECTION('',(0.,-1.,0.));
#2780=DIRECTION('',(1.,0.,0.));
#2781=DIRECTION('',(0.,0.,1.));
#2782=DIRECTION('',(0.,0.,-1.));
#2783=DIRECTION('',(-0.99852046276181,0.0543772511804492,0.));
#2784=DIRECTION('',(0.,0.,1.));
#2785=DIRECTION('',(-1.,0.,0.));
#2786=DIRECTION('',(0.,-1.,0.));
#2787=DIRECTION('',(0.,0.,1.));
#2788=DIRECTION('',(0.,0.,-1.));
#2789=DIRECTION('',(-0.00034060674445157,0.999999941993521,0.));
#2790=DIRECTION('',(0.,0.,1.));
#2791=DIRECTION('',(0.,1.,0.));
#2792=DIRECTION('',(-1.,0.,0.));
#2793=DIRECTION('',(0.,0.,1.));
#2794=DIRECTION('',(0.,0.,-1.));
#2795=DIRECTION('',(0.99855333207475,-0.0537702799175761,0.));
#2796=DIRECTION('',(0.,0.,1.));
#2797=DIRECTION('',(1.,0.,0.));
#2798=DIRECTION('',(0.,1.,0.));
#2799=DIRECTION('',(0.,0.,1.));
#2800=DIRECTION('',(0.,0.,-1.));
#2801=DIRECTION('',(0.901390131922664,-0.433007886847853,0.));
#2802=DIRECTION('',(0.,0.,1.));
#2803=DIRECTION('',(0.,0.,-1.));
#2804=DIRECTION('',(0.999999997889056,-6.49760595922546E-5,0.));
#2805=DIRECTION('',(0.,0.,1.));
#2806=DIRECTION('',(-1.,0.,0.));
#2807=DIRECTION('',(0.,-1.,0.));
#2808=DIRECTION('',(0.,0.,1.));
#2809=DIRECTION('',(0.,0.,-1.));
#2810=DIRECTION('',(-0.0558775880394881,0.998437627072863,0.));
#2811=DIRECTION('',(0.,0.,1.));
#2812=DIRECTION('',(0.,1.,0.));
#2813=DIRECTION('',(-1.,0.,0.));
#2814=DIRECTION('',(0.,0.,1.));
#2815=DIRECTION('',(0.,0.,-1.));
#2816=DIRECTION('',(-0.0262419478228444,0.999655620788711,0.));
#2817=CARTESIAN_POINT('',(0.,0.,0.));
#2818=CARTESIAN_POINT('',(0.028721000671387,0.027298000335693,0.));
#2819=CARTESIAN_POINT('',(0.079490062,0.081170018,0.));
#2820=CARTESIAN_POINT('',(0.080040099,0.081170018,0.));
#2821=CARTESIAN_POINT('',(0.076950062,0.081170018,0.));
#2822=CARTESIAN_POINT('',(0.077500099,0.081170018,0.));
#2823=CARTESIAN_POINT('',(0.082030062,0.081170018,0.));
#2824=CARTESIAN_POINT('',(0.082580099,0.081170018,0.));
#2825=CARTESIAN_POINT('',(0.071870062,0.081170018,0.));
#2826=CARTESIAN_POINT('',(0.072420099,0.081170018,0.));
#2827=CARTESIAN_POINT('',(0.074410062,0.081170018,0.));
#2828=CARTESIAN_POINT('',(0.074960099,0.081170018,0.));
#2829=CARTESIAN_POINT('',(0.086900004,0.079900018,0.));
#2830=CARTESIAN_POINT('',(0.088300052,0.079900018,0.));
#2831=CARTESIAN_POINT('',(0.082030062,0.078630018,0.));
#2832=CARTESIAN_POINT('',(0.082580099,0.078630018,0.));
#2833=CARTESIAN_POINT('',(0.079490062,0.078630018,0.));
#2834=CARTESIAN_POINT('',(0.080040099,0.078630018,0.));
#2835=CARTESIAN_POINT('',(0.074410062,0.078630018,0.));
#2836=CARTESIAN_POINT('',(0.074960099,0.078630018,0.));
#2837=CARTESIAN_POINT('',(0.076950062,0.078630018,0.));
#2838=CARTESIAN_POINT('',(0.077500099,0.078630018,0.));
#2839=CARTESIAN_POINT('',(0.066790062,0.081170018,0.));
#2840=CARTESIAN_POINT('',(0.067340099,0.081170018,0.));
#2841=CARTESIAN_POINT('',(0.064250062,0.081170018,0.));
#2842=CARTESIAN_POINT('',(0.064800099,0.081170018,0.));
#2843=CARTESIAN_POINT('',(0.069330062,0.081170018,0.));
#2844=CARTESIAN_POINT('',(0.069880099,0.081170018,0.));
#2845=CARTESIAN_POINT('',(0.056630062,0.081170018,0.));
#2846=CARTESIAN_POINT('',(0.057180099,0.081170018,0.));
#2847=CARTESIAN_POINT('',(0.061710062,0.081170018,0.));
#2848=CARTESIAN_POINT('',(0.062260099,0.081170018,0.));
#2849=CARTESIAN_POINT('',(0.064250062,0.078630018,0.));
#2850=CARTESIAN_POINT('',(0.064800099,0.078630018,0.));
#2851=CARTESIAN_POINT('',(0.061710062,0.078630018,0.));
#2852=CARTESIAN_POINT('',(0.062260099,0.078630018,0.));
#2853=CARTESIAN_POINT('',(0.071870062,0.078630018,0.));
#2854=CARTESIAN_POINT('',(0.072420099,0.078630018,0.));
#2855=CARTESIAN_POINT('',(0.059170062,0.081170018,0.));
#2856=CARTESIAN_POINT('',(0.059720099,0.081170018,0.));
#2857=CARTESIAN_POINT('',(0.054090062,0.078630018,0.));
#2858=CARTESIAN_POINT('',(0.054640099,0.078630018,0.));
#2859=CARTESIAN_POINT('',(0.087884,0.04607699954,0.));
#2860=CARTESIAN_POINT('',(0.0882339993,0.04607699954,0.));
#2861=CARTESIAN_POINT('',(0.08255,0.066421,0.));
#2862=CARTESIAN_POINT('',(0.0830999989,0.066421,0.));
#2863=CARTESIAN_POINT('',(0.087884,0.044577,0.));
#2864=CARTESIAN_POINT('',(0.0882339993,0.044577,0.));
#2865=CARTESIAN_POINT('',(0.08255,0.071501,0.));
#2866=CARTESIAN_POINT('',(0.0830999989,0.071501,0.));
#2867=CARTESIAN_POINT('',(0.08255,0.068961,0.));
#2868=CARTESIAN_POINT('',(0.0830999989,0.068961,0.));
#2869=CARTESIAN_POINT('',(0.087884,0.04157700092,0.));
#2870=CARTESIAN_POINT('',(0.0882339993,0.04157700092,0.));
#2871=CARTESIAN_POINT('',(0.087884,0.04307700046,0.));
#2872=CARTESIAN_POINT('',(0.0882339993,0.04307700046,0.));
#2873=CARTESIAN_POINT('',(0.087884,0.04007700138,0.));
#2874=CARTESIAN_POINT('',(0.0882339993,0.04007700138,0.));
#2875=CARTESIAN_POINT('',(0.087884,0.03857700184,0.));
#2876=CARTESIAN_POINT('',(0.0882339993,0.03857700184,0.));
#2877=CARTESIAN_POINT('',(0.086900004,0.030900116,0.));
#2878=CARTESIAN_POINT('',(0.088300052,0.030900116,0.));
#2879=CARTESIAN_POINT('',(0.069330062,0.078630018,0.));
#2880=CARTESIAN_POINT('',(0.069880099,0.078630018,0.));
#2881=CARTESIAN_POINT('',(0.066790062,0.078630018,0.));
#2882=CARTESIAN_POINT('',(0.067340099,0.078630018,0.));
#2883=CARTESIAN_POINT('',(0.076073,0.036703,0.));
#2884=CARTESIAN_POINT('',(0.0766229989,0.036703,0.));
#2885=CARTESIAN_POINT('',(0.056630062,0.078630018,0.));
#2886=CARTESIAN_POINT('',(0.057180099,0.078630018,0.));
#2887=CARTESIAN_POINT('',(0.059170062,0.078630018,0.));
#2888=CARTESIAN_POINT('',(0.059720099,0.078630018,0.));
#2889=CARTESIAN_POINT('',(0.078613,0.036703,0.));
#2890=CARTESIAN_POINT('',(0.0791629989,0.036703,0.));
#2891=CARTESIAN_POINT('',(0.073533,0.036703,0.));
#2892=CARTESIAN_POINT('',(0.0740829989,0.036703,0.));
#2893=CARTESIAN_POINT('',(0.081153,0.036703,0.));
#2894=CARTESIAN_POINT('',(0.0817029989,0.036703,0.));
#2895=CARTESIAN_POINT('',(0.05607812,0.030988,0.));
#2896=CARTESIAN_POINT('',(0.056578119,0.030988,0.));
#2897=CARTESIAN_POINT('',(0.059577986,0.030988,0.));
#2898=CARTESIAN_POINT('',(0.060077985,0.030988,0.));
#2899=CARTESIAN_POINT('',(0.051550062,0.081170018,0.));
#2900=CARTESIAN_POINT('',(0.052100099,0.081170018,0.));
#2901=CARTESIAN_POINT('',(0.049010062,0.081170018,0.));
#2902=CARTESIAN_POINT('',(0.049560099,0.081170018,0.));
#2903=CARTESIAN_POINT('',(0.054090062,0.081170018,0.));
#2904=CARTESIAN_POINT('',(0.054640099,0.081170018,0.));
#2905=CARTESIAN_POINT('',(0.043930062,0.081170018,0.));
#2906=CARTESIAN_POINT('',(0.044480099,0.081170018,0.));
#2907=CARTESIAN_POINT('',(0.046470062,0.081170018,0.));
#2908=CARTESIAN_POINT('',(0.047020099,0.081170018,0.));
#2909=CARTESIAN_POINT('',(0.049010062,0.078630018,0.));
#2910=CARTESIAN_POINT('',(0.049560099,0.078630018,0.));
#2911=CARTESIAN_POINT('',(0.046470062,0.078630018,0.));
#2912=CARTESIAN_POINT('',(0.047020099,0.078630018,0.));
#2913=CARTESIAN_POINT('',(0.051550062,0.078630018,0.));
#2914=CARTESIAN_POINT('',(0.052100099,0.078630018,0.));
#2915=CARTESIAN_POINT('',(0.043930062,0.078630018,0.));
#2916=CARTESIAN_POINT('',(0.044480099,0.078630018,0.));
#2917=CARTESIAN_POINT('',(0.04337100038,0.06994500108,0.));
#2918=CARTESIAN_POINT('',(0.04392099928,0.06994500108,0.));
#2919=CARTESIAN_POINT('',(0.038850062,0.081170018,0.));
#2920=CARTESIAN_POINT('',(0.039400099,0.081170018,0.));
#2921=CARTESIAN_POINT('',(0.036310062,0.081170018,0.));
#2922=CARTESIAN_POINT('',(0.036860099,0.081170018,0.));
#2923=CARTESIAN_POINT('',(0.041390062,0.081170018,0.));
#2924=CARTESIAN_POINT('',(0.041940099,0.081170018,0.));
#2925=CARTESIAN_POINT('',(0.033770062,0.081170018,0.));
#2926=CARTESIAN_POINT('',(0.034320099,0.081170018,0.));
#2927=CARTESIAN_POINT('',(0.02890012,0.079900018,0.));
#2928=CARTESIAN_POINT('',(0.030300168,0.079900018,0.));
#2929=CARTESIAN_POINT('',(0.041390062,0.078630018,0.));
#2930=CARTESIAN_POINT('',(0.041940099,0.078630018,0.));
#2931=CARTESIAN_POINT('',(0.038850062,0.078630018,0.));
#2932=CARTESIAN_POINT('',(0.039400099,0.078630018,0.));
#2933=CARTESIAN_POINT('',(0.04337100038,0.07248500108,0.));
#2934=CARTESIAN_POINT('',(0.04392099928,0.07248500108,0.));
#2935=CARTESIAN_POINT('',(0.033770062,0.078630018,0.));
#2936=CARTESIAN_POINT('',(0.034320099,0.078630018,0.));
#2937=CARTESIAN_POINT('',(0.036310062,0.078630018,0.));
#2938=CARTESIAN_POINT('',(0.036860099,0.078630018,0.));
#2939=CARTESIAN_POINT('',(0.04337100038,0.048768,0.));
#2940=CARTESIAN_POINT('',(0.04392099928,0.048768,0.));
#2941=CARTESIAN_POINT('',(0.04337100038,0.057277,0.));
#2942=CARTESIAN_POINT('',(0.04392099928,0.057277,0.));
#2943=CARTESIAN_POINT('',(0.04337100038,0.046228,0.));
#2944=CARTESIAN_POINT('',(0.04392099928,0.046228,0.));
#2945=CARTESIAN_POINT('',(0.04337100038,0.06740500108,0.));
#2946=CARTESIAN_POINT('',(0.04392099928,0.06740500108,0.));
#2947=CARTESIAN_POINT('',(0.04337100038,0.059817,0.));
#2948=CARTESIAN_POINT('',(0.04392099928,0.059817,0.));
#2949=CARTESIAN_POINT('',(0.04907788,0.030988,0.));
#2950=CARTESIAN_POINT('',(0.049577879,0.030988,0.));
#2951=CARTESIAN_POINT('',(0.045578014,0.030988,0.));
#2952=CARTESIAN_POINT('',(0.046078013,0.030988,0.));
#2953=CARTESIAN_POINT('',(0.052578,0.030988,0.));
#2954=CARTESIAN_POINT('',(0.053077999,0.030988,0.));
#2955=CARTESIAN_POINT('',(0.040092122,0.031550102,0.));
#2956=CARTESIAN_POINT('',(0.040492172,0.031550102,0.));
#2957=CARTESIAN_POINT('',(0.04109212,0.028850082,0.));
#2958=CARTESIAN_POINT('',(0.041642157,0.028850082,0.));
#2959=CARTESIAN_POINT('',(0.027051,0.04157700092,0.));
#2960=CARTESIAN_POINT('',(0.0274009993,0.04157700092,0.));
#2961=CARTESIAN_POINT('',(0.027051,0.04307700046,0.));
#2962=CARTESIAN_POINT('',(0.0274009993,0.04307700046,0.));
#2963=CARTESIAN_POINT('',(0.027051,0.04007700138,0.));
#2964=CARTESIAN_POINT('',(0.0274009993,0.04007700138,0.));
#2965=CARTESIAN_POINT('',(0.027051,0.04607699954,0.));
#2966=CARTESIAN_POINT('',(0.0274009993,0.04607699954,0.));
#2967=CARTESIAN_POINT('',(0.027051,0.044577,0.));
#2968=CARTESIAN_POINT('',(0.0274009993,0.044577,0.));
#2969=CARTESIAN_POINT('',(0.035091878,0.031550102,0.));
#2970=CARTESIAN_POINT('',(0.035491928,0.031550102,0.));
#2971=CARTESIAN_POINT('',(0.03409188,0.028850082,0.));
#2972=CARTESIAN_POINT('',(0.034641917,0.028850082,0.));
#2973=CARTESIAN_POINT('',(0.027051,0.03857700184,0.));
#2974=CARTESIAN_POINT('',(0.0274009993,0.03857700184,0.));
#2975=CARTESIAN_POINT('',(0.02890012,0.030900116,0.));
#2976=CARTESIAN_POINT('',(0.030300168,0.030900116,0.));
#2977=CARTESIAN_POINT('',(0.028719128300993,0.027369326046751,0.));
#2978=CARTESIAN_POINT('',(0.028721000671387,0.027298000335693,0.));
#2979=CARTESIAN_POINT('',(0.02875,0.027305000305176,0.));
#2980=CARTESIAN_POINT('',(0.02875,0.027305000305176,0.));
#2981=CARTESIAN_POINT('',(0.068252998352051,0.027305000305176,0.));
#2982=CARTESIAN_POINT('',(0.068185068880462,0.028518784629099,0.));
#2983=CARTESIAN_POINT('',(0.069399002075195,0.028583999633789,0.));
#2984=CARTESIAN_POINT('',(0.069399002075195,0.028583999633789,0.));
#2985=CARTESIAN_POINT('',(0.069399002075195,0.046347999572754,0.));
#2986=CARTESIAN_POINT('',(0.070358128589589,0.046347937252492,0.));
#2987=CARTESIAN_POINT('',(0.071317001342773,0.046369998931885,0.));
#2988=CARTESIAN_POINT('',(0.071381245103874,0.04633913764968,0.));
#2989=CARTESIAN_POINT('',(0.071309997558594,0.046340999603271,0.));
#2990=CARTESIAN_POINT('',(0.071309997558594,0.046340999603271,0.));
#2991=CARTESIAN_POINT('',(0.071309997558594,0.028576999664307,0.));
#2992=CARTESIAN_POINT('',(0.072523553865893,0.028511651865403,0.));
#2993=CARTESIAN_POINT('',(0.072459999084473,0.027298000335693,0.));
#2994=CARTESIAN_POINT('',(0.072459999084473,0.027298000335693,0.));
#2995=CARTESIAN_POINT('',(0.087079002380371,0.027298000335693,0.));
#2996=CARTESIAN_POINT('',(0.087077805761059,0.030811199244975,0.));
#2997=CARTESIAN_POINT('',(0.090591003417969,0.030808000564575,0.));
#2998=CARTESIAN_POINT('',(0.090591003417969,0.030808000564575,0.));
#2999=CARTESIAN_POINT('',(0.090591003417969,0.079898002624512,0.));
#3000=CARTESIAN_POINT('',(0.086690574566738,0.080110411490694,0.));
#3001=CARTESIAN_POINT('',(0.086900001525879,0.084011001586914,0.));
#3002=CARTESIAN_POINT('',(0.086900001525879,0.084011001586914,0.));
#3003=CARTESIAN_POINT('',(0.028896999359131,0.084011001586914,0.));
#3004=CARTESIAN_POINT('',(0.029109703815776,0.080110318571002,0.));
#3005=CARTESIAN_POINT('',(0.025208999633789,0.079898002624512,0.));
#3006=CARTESIAN_POINT('',(0.025208999633789,0.079898002624512,0.));
#3007=CARTESIAN_POINT('',(0.025208999633789,0.045973999023438,0.));
#3008=CARTESIAN_POINT('',(0.025208999633789,0.045973999023438,0.));
#3009=CARTESIAN_POINT('',(0.025211999893188,0.030792999267578,0.));
#3010=CARTESIAN_POINT('',(0.028721816078424,0.030807847835117,0.));
#3011=CARTESIAN_POINT('',(0.028721000671387,0.027298000335693,-0.00160635188));
#3012=CARTESIAN_POINT('',(0.079490062,0.081170018,-0.00160635188));
#3013=CARTESIAN_POINT('',(0.080040099,0.081170018,-0.00160635188));
#3014=CARTESIAN_POINT('',(0.076950062,0.081170018,-0.00160635188));
#3015=CARTESIAN_POINT('',(0.077500099,0.081170018,-0.00160635188));
#3016=CARTESIAN_POINT('',(0.082030062,0.081170018,-0.00160635188));
#3017=CARTESIAN_POINT('',(0.082580099,0.081170018,-0.00160635188));
#3018=CARTESIAN_POINT('',(0.071870062,0.081170018,-0.00160635188));
#3019=CARTESIAN_POINT('',(0.072420099,0.081170018,-0.00160635188));
#3020=CARTESIAN_POINT('',(0.074410062,0.081170018,-0.00160635188));
#3021=CARTESIAN_POINT('',(0.074960099,0.081170018,-0.00160635188));
#3022=CARTESIAN_POINT('',(0.086900004,0.079900018,-0.00160635188));
#3023=CARTESIAN_POINT('',(0.088300052,0.079900018,-0.00160635188));
#3024=CARTESIAN_POINT('',(0.082030062,0.078630018,-0.00160635188));
#3025=CARTESIAN_POINT('',(0.082580099,0.078630018,-0.00160635188));
#3026=CARTESIAN_POINT('',(0.079490062,0.078630018,-0.00160635188));
#3027=CARTESIAN_POINT('',(0.080040099,0.078630018,-0.00160635188));
#3028=CARTESIAN_POINT('',(0.074410062,0.078630018,-0.00160635188));
#3029=CARTESIAN_POINT('',(0.074960099,0.078630018,-0.00160635188));
#3030=CARTESIAN_POINT('',(0.076950062,0.078630018,-0.00160635188));
#3031=CARTESIAN_POINT('',(0.077500099,0.078630018,-0.00160635188));
#3032=CARTESIAN_POINT('',(0.066790062,0.081170018,-0.00160635188));
#3033=CARTESIAN_POINT('',(0.067340099,0.081170018,-0.00160635188));
#3034=CARTESIAN_POINT('',(0.064250062,0.081170018,-0.00160635188));
#3035=CARTESIAN_POINT('',(0.064800099,0.081170018,-0.00160635188));
#3036=CARTESIAN_POINT('',(0.069330062,0.081170018,-0.00160635188));
#3037=CARTESIAN_POINT('',(0.069880099,0.081170018,-0.00160635188));
#3038=CARTESIAN_POINT('',(0.056630062,0.081170018,-0.00160635188));
#3039=CARTESIAN_POINT('',(0.057180099,0.081170018,-0.00160635188));
#3040=CARTESIAN_POINT('',(0.061710062,0.081170018,-0.00160635188));
#3041=CARTESIAN_POINT('',(0.062260099,0.081170018,-0.00160635188));
#3042=CARTESIAN_POINT('',(0.064250062,0.078630018,-0.00160635188));
#3043=CARTESIAN_POINT('',(0.064800099,0.078630018,-0.00160635188));
#3044=CARTESIAN_POINT('',(0.061710062,0.078630018,-0.00160635188));
#3045=CARTESIAN_POINT('',(0.062260099,0.078630018,-0.00160635188));
#3046=CARTESIAN_POINT('',(0.071870062,0.078630018,-0.00160635188));
#3047=CARTESIAN_POINT('',(0.072420099,0.078630018,-0.00160635188));
#3048=CARTESIAN_POINT('',(0.059170062,0.081170018,-0.00160635188));
#3049=CARTESIAN_POINT('',(0.059720099,0.081170018,-0.00160635188));
#3050=CARTESIAN_POINT('',(0.054090062,0.078630018,-0.00160635188));
#3051=CARTESIAN_POINT('',(0.054640099,0.078630018,-0.00160635188));
#3052=CARTESIAN_POINT('',(0.087884,0.04607699954,-0.00160635188));
#3053=CARTESIAN_POINT('',(0.0882339993,0.04607699954,-0.00160635188));
#3054=CARTESIAN_POINT('',(0.08255,0.066421,-0.00160635188));
#3055=CARTESIAN_POINT('',(0.0830999989,0.066421,-0.00160635188));
#3056=CARTESIAN_POINT('',(0.087884,0.044577,-0.00160635188));
#3057=CARTESIAN_POINT('',(0.0882339993,0.044577,-0.00160635188));
#3058=CARTESIAN_POINT('',(0.08255,0.071501,-0.00160635188));
#3059=CARTESIAN_POINT('',(0.0830999989,0.071501,-0.00160635188));
#3060=CARTESIAN_POINT('',(0.08255,0.068961,-0.00160635188));
#3061=CARTESIAN_POINT('',(0.0830999989,0.068961,-0.00160635188));
#3062=CARTESIAN_POINT('',(0.087884,0.04157700092,-0.00160635188));
#3063=CARTESIAN_POINT('',(0.0882339993,0.04157700092,-0.00160635188));
#3064=CARTESIAN_POINT('',(0.087884,0.04307700046,-0.00160635188));
#3065=CARTESIAN_POINT('',(0.0882339993,0.04307700046,-0.00160635188));
#3066=CARTESIAN_POINT('',(0.087884,0.04007700138,-0.00160635188));
#3067=CARTESIAN_POINT('',(0.0882339993,0.04007700138,-0.00160635188));
#3068=CARTESIAN_POINT('',(0.087884,0.03857700184,-0.00160635188));
#3069=CARTESIAN_POINT('',(0.0882339993,0.03857700184,-0.00160635188));
#3070=CARTESIAN_POINT('',(0.086900004,0.030900116,-0.00160635188));
#3071=CARTESIAN_POINT('',(0.088300052,0.030900116,-0.00160635188));
#3072=CARTESIAN_POINT('',(0.069330062,0.078630018,-0.00160635188));
#3073=CARTESIAN_POINT('',(0.069880099,0.078630018,-0.00160635188));
#3074=CARTESIAN_POINT('',(0.066790062,0.078630018,-0.00160635188));
#3075=CARTESIAN_POINT('',(0.067340099,0.078630018,-0.00160635188));
#3076=CARTESIAN_POINT('',(0.076073,0.036703,-0.00160635188));
#3077=CARTESIAN_POINT('',(0.0766229989,0.036703,-0.00160635188));
#3078=CARTESIAN_POINT('',(0.056630062,0.078630018,-0.00160635188));
#3079=CARTESIAN_POINT('',(0.057180099,0.078630018,-0.00160635188));
#3080=CARTESIAN_POINT('',(0.059170062,0.078630018,-0.00160635188));
#3081=CARTESIAN_POINT('',(0.059720099,0.078630018,-0.00160635188));
#3082=CARTESIAN_POINT('',(0.078613,0.036703,-0.00160635188));
#3083=CARTESIAN_POINT('',(0.0791629989,0.036703,-0.00160635188));
#3084=CARTESIAN_POINT('',(0.073533,0.036703,-0.00160635188));
#3085=CARTESIAN_POINT('',(0.0740829989,0.036703,-0.00160635188));
#3086=CARTESIAN_POINT('',(0.081153,0.036703,-0.00160635188));
#3087=CARTESIAN_POINT('',(0.0817029989,0.036703,-0.00160635188));
#3088=CARTESIAN_POINT('',(0.05607812,0.030988,-0.00160635188));
#3089=CARTESIAN_POINT('',(0.056578119,0.030988,-0.00160635188));
#3090=CARTESIAN_POINT('',(0.059577986,0.030988,-0.00160635188));
#3091=CARTESIAN_POINT('',(0.060077985,0.030988,-0.00160635188));
#3092=CARTESIAN_POINT('',(0.051550062,0.081170018,-0.00160635188));
#3093=CARTESIAN_POINT('',(0.052100099,0.081170018,-0.00160635188));
#3094=CARTESIAN_POINT('',(0.049010062,0.081170018,-0.00160635188));
#3095=CARTESIAN_POINT('',(0.049560099,0.081170018,-0.00160635188));
#3096=CARTESIAN_POINT('',(0.054090062,0.081170018,-0.00160635188));
#3097=CARTESIAN_POINT('',(0.054640099,0.081170018,-0.00160635188));
#3098=CARTESIAN_POINT('',(0.043930062,0.081170018,-0.00160635188));
#3099=CARTESIAN_POINT('',(0.044480099,0.081170018,-0.00160635188));
#3100=CARTESIAN_POINT('',(0.046470062,0.081170018,-0.00160635188));
#3101=CARTESIAN_POINT('',(0.047020099,0.081170018,-0.00160635188));
#3102=CARTESIAN_POINT('',(0.049010062,0.078630018,-0.00160635188));
#3103=CARTESIAN_POINT('',(0.049560099,0.078630018,-0.00160635188));
#3104=CARTESIAN_POINT('',(0.046470062,0.078630018,-0.00160635188));
#3105=CARTESIAN_POINT('',(0.047020099,0.078630018,-0.00160635188));
#3106=CARTESIAN_POINT('',(0.051550062,0.078630018,-0.00160635188));
#3107=CARTESIAN_POINT('',(0.052100099,0.078630018,-0.00160635188));
#3108=CARTESIAN_POINT('',(0.043930062,0.078630018,-0.00160635188));
#3109=CARTESIAN_POINT('',(0.044480099,0.078630018,-0.00160635188));
#3110=CARTESIAN_POINT('',(0.04337100038,0.06994500108,-0.00160635188));
#3111=CARTESIAN_POINT('',(0.04392099928,0.06994500108,-0.00160635188));
#3112=CARTESIAN_POINT('',(0.038850062,0.081170018,-0.00160635188));
#3113=CARTESIAN_POINT('',(0.039400099,0.081170018,-0.00160635188));
#3114=CARTESIAN_POINT('',(0.036310062,0.081170018,-0.00160635188));
#3115=CARTESIAN_POINT('',(0.036860099,0.081170018,-0.00160635188));
#3116=CARTESIAN_POINT('',(0.041390062,0.081170018,-0.00160635188));
#3117=CARTESIAN_POINT('',(0.041940099,0.081170018,-0.00160635188));
#3118=CARTESIAN_POINT('',(0.033770062,0.081170018,-0.00160635188));
#3119=CARTESIAN_POINT('',(0.034320099,0.081170018,-0.00160635188));
#3120=CARTESIAN_POINT('',(0.02890012,0.079900018,-0.00160635188));
#3121=CARTESIAN_POINT('',(0.030300168,0.079900018,-0.00160635188));
#3122=CARTESIAN_POINT('',(0.041390062,0.078630018,-0.00160635188));
#3123=CARTESIAN_POINT('',(0.041940099,0.078630018,-0.00160635188));
#3124=CARTESIAN_POINT('',(0.038850062,0.078630018,-0.00160635188));
#3125=CARTESIAN_POINT('',(0.039400099,0.078630018,-0.00160635188));
#3126=CARTESIAN_POINT('',(0.04337100038,0.07248500108,-0.00160635188));
#3127=CARTESIAN_POINT('',(0.04392099928,0.07248500108,-0.00160635188));
#3128=CARTESIAN_POINT('',(0.033770062,0.078630018,-0.00160635188));
#3129=CARTESIAN_POINT('',(0.034320099,0.078630018,-0.00160635188));
#3130=CARTESIAN_POINT('',(0.036310062,0.078630018,-0.00160635188));
#3131=CARTESIAN_POINT('',(0.036860099,0.078630018,-0.00160635188));
#3132=CARTESIAN_POINT('',(0.04337100038,0.048768,-0.00160635188));
#3133=CARTESIAN_POINT('',(0.04392099928,0.048768,-0.00160635188));
#3134=CARTESIAN_POINT('',(0.04337100038,0.057277,-0.00160635188));
#3135=CARTESIAN_POINT('',(0.04392099928,0.057277,-0.00160635188));
#3136=CARTESIAN_POINT('',(0.04337100038,0.046228,-0.00160635188));
#3137=CARTESIAN_POINT('',(0.04392099928,0.046228,-0.00160635188));
#3138=CARTESIAN_POINT('',(0.04337100038,0.06740500108,-0.00160635188));
#3139=CARTESIAN_POINT('',(0.04392099928,0.06740500108,-0.00160635188));
#3140=CARTESIAN_POINT('',(0.04337100038,0.059817,-0.00160635188));
#3141=CARTESIAN_POINT('',(0.04392099928,0.059817,-0.00160635188));
#3142=CARTESIAN_POINT('',(0.04907788,0.030988,-0.00160635188));
#3143=CARTESIAN_POINT('',(0.049577879,0.030988,-0.00160635188));
#3144=CARTESIAN_POINT('',(0.045578014,0.030988,-0.00160635188));
#3145=CARTESIAN_POINT('',(0.046078013,0.030988,-0.00160635188));
#3146=CARTESIAN_POINT('',(0.052578,0.030988,-0.00160635188));
#3147=CARTESIAN_POINT('',(0.053077999,0.030988,-0.00160635188));
#3148=CARTESIAN_POINT('',(0.040092122,0.031550102,-0.00160635188));
#3149=CARTESIAN_POINT('',(0.040492172,0.031550102,-0.00160635188));
#3150=CARTESIAN_POINT('',(0.04109212,0.028850082,-0.00160635188));
#3151=CARTESIAN_POINT('',(0.041642157,0.028850082,-0.00160635188));
#3152=CARTESIAN_POINT('',(0.027051,0.04157700092,-0.00160635188));
#3153=CARTESIAN_POINT('',(0.0274009993,0.04157700092,-0.00160635188));
#3154=CARTESIAN_POINT('',(0.027051,0.04307700046,-0.00160635188));
#3155=CARTESIAN_POINT('',(0.0274009993,0.04307700046,-0.00160635188));
#3156=CARTESIAN_POINT('',(0.027051,0.04007700138,-0.00160635188));
#3157=CARTESIAN_POINT('',(0.0274009993,0.04007700138,-0.00160635188));
#3158=CARTESIAN_POINT('',(0.027051,0.04607699954,-0.00160635188));
#3159=CARTESIAN_POINT('',(0.0274009993,0.04607699954,-0.00160635188));
#3160=CARTESIAN_POINT('',(0.027051,0.044577,-0.00160635188));
#3161=CARTESIAN_POINT('',(0.0274009993,0.044577,-0.00160635188));
#3162=CARTESIAN_POINT('',(0.035091878,0.031550102,-0.00160635188));
#3163=CARTESIAN_POINT('',(0.035491928,0.031550102,-0.00160635188));
#3164=CARTESIAN_POINT('',(0.03409188,0.028850082,-0.00160635188));
#3165=CARTESIAN_POINT('',(0.034641917,0.028850082,-0.00160635188));
#3166=CARTESIAN_POINT('',(0.027051,0.03857700184,-0.00160635188));
#3167=CARTESIAN_POINT('',(0.0274009993,0.03857700184,-0.00160635188));
#3168=CARTESIAN_POINT('',(0.02890012,0.030900116,-0.00160635188));
#3169=CARTESIAN_POINT('',(0.030300168,0.030900116,-0.00160635188));
#3170=CARTESIAN_POINT('',(0.028721816078424,0.030807847835117,-0.00160635188));
#3171=CARTESIAN_POINT('',(0.025211999893188,0.030792999267578,-0.00160635188));
#3172=CARTESIAN_POINT('',(0.028721000671387,0.027298000335693,-0.00160635188));
#3173=CARTESIAN_POINT('',(0.025208999633789,0.045973999023438,-0.00160635188));
#3174=CARTESIAN_POINT('',(0.025208999633789,0.045973999023438,-0.00160635188));
#3175=CARTESIAN_POINT('',(0.025208999633789,0.079898002624512,-0.00160635188));
#3176=CARTESIAN_POINT('',(0.025208999633789,0.079898002624512,-0.00160635188));
#3177=CARTESIAN_POINT('',(0.029109703815776,0.080110318571002,-0.00160635188));
#3178=CARTESIAN_POINT('',(0.028896999359131,0.084011001586914,-0.00160635188));
#3179=CARTESIAN_POINT('',(0.086900001525879,0.084011001586914,-0.00160635188));
#3180=CARTESIAN_POINT('',(0.086900001525879,0.084011001586914,-0.00160635188));
#3181=CARTESIAN_POINT('',(0.086690574566738,0.080110411490694,-0.00160635188));
#3182=CARTESIAN_POINT('',(0.090591003417969,0.079898002624512,-0.00160635188));
#3183=CARTESIAN_POINT('',(0.090591003417969,0.030808000564575,-0.00160635188));
#3184=CARTESIAN_POINT('',(0.090591003417969,0.030808000564575,-0.00160635188));
#3185=CARTESIAN_POINT('',(0.087077805761059,0.030811199244975,-0.00160635188));
#3186=CARTESIAN_POINT('',(0.087079002380371,0.027298000335693,-0.00160635188));
#3187=CARTESIAN_POINT('',(0.072459999084473,0.027298000335693,-0.00160635188));
#3188=CARTESIAN_POINT('',(0.072459999084473,0.027298000335693,-0.00160635188));
#3189=CARTESIAN_POINT('',(0.072523553865893,0.028511651865403,-0.00160635188));
#3190=CARTESIAN_POINT('',(0.071309997558594,0.028576999664307,-0.00160635188));
#3191=CARTESIAN_POINT('',(0.071309997558594,0.046340999603271,-0.00160635188));
#3192=CARTESIAN_POINT('',(0.071309997558594,0.046340999603271,-0.00160635188));
#3193=CARTESIAN_POINT('',(0.071381245103874,0.04633913764968,-0.00160635188));
#3194=CARTESIAN_POINT('',(0.071317001342773,0.046369998931885,-0.00160635188));
#3195=CARTESIAN_POINT('',(0.070358128589589,0.046347937252492,-0.00160635188));
#3196=CARTESIAN_POINT('',(0.069399002075195,0.046347999572754,-0.00160635188));
#3197=CARTESIAN_POINT('',(0.069399002075195,0.028583999633789,-0.00160635188));
#3198=CARTESIAN_POINT('',(0.069399002075195,0.028583999633789,-0.00160635188));
#3199=CARTESIAN_POINT('',(0.068185068880462,0.028518784629099,-0.00160635188));
#3200=CARTESIAN_POINT('',(0.068252998352051,0.027305000305176,-0.00160635188));
#3201=CARTESIAN_POINT('',(0.02875,0.027305000305176,-0.00160635188));
#3202=CARTESIAN_POINT('',(0.02875,0.027305000305176,-0.00160635188));
#3203=CARTESIAN_POINT('',(0.028719128300993,0.027369326046751,-0.00160635188));
#3204=CARTESIAN_POINT('',(0.079490062,0.081170018,-0.00160635188));
#3205=CARTESIAN_POINT('',(0.076950062,0.081170018,-0.00160635188));
#3206=CARTESIAN_POINT('',(0.082030062,0.081170018,-0.00160635188));
#3207=CARTESIAN_POINT('',(0.071870062,0.081170018,-0.00160635188));
#3208=CARTESIAN_POINT('',(0.074410062,0.081170018,-0.00160635188));
#3209=CARTESIAN_POINT('',(0.086900004,0.079900018,-0.00160635188));
#3210=CARTESIAN_POINT('',(0.082030062,0.078630018,-0.00160635188));
#3211=CARTESIAN_POINT('',(0.079490062,0.078630018,-0.00160635188));
#3212=CARTESIAN_POINT('',(0.074410062,0.078630018,-0.00160635188));
#3213=CARTESIAN_POINT('',(0.076950062,0.078630018,-0.00160635188));
#3214=CARTESIAN_POINT('',(0.066790062,0.081170018,-0.00160635188));
#3215=CARTESIAN_POINT('',(0.064250062,0.081170018,-0.00160635188));
#3216=CARTESIAN_POINT('',(0.069330062,0.081170018,-0.00160635188));
#3217=CARTESIAN_POINT('',(0.056630062,0.081170018,-0.00160635188));
#3218=CARTESIAN_POINT('',(0.061710062,0.081170018,-0.00160635188));
#3219=CARTESIAN_POINT('',(0.064250062,0.078630018,-0.00160635188));
#3220=CARTESIAN_POINT('',(0.061710062,0.078630018,-0.00160635188));
#3221=CARTESIAN_POINT('',(0.071870062,0.078630018,-0.00160635188));
#3222=CARTESIAN_POINT('',(0.059170062,0.081170018,-0.00160635188));
#3223=CARTESIAN_POINT('',(0.054090062,0.078630018,-0.00160635188));
#3224=CARTESIAN_POINT('',(0.087884,0.04607699954,-0.00160635188));
#3225=CARTESIAN_POINT('',(0.08255,0.066421,-0.00160635188));
#3226=CARTESIAN_POINT('',(0.087884,0.044577,-0.00160635188));
#3227=CARTESIAN_POINT('',(0.08255,0.071501,-0.00160635188));
#3228=CARTESIAN_POINT('',(0.08255,0.068961,-0.00160635188));
#3229=CARTESIAN_POINT('',(0.087884,0.04157700092,-0.00160635188));
#3230=CARTESIAN_POINT('',(0.087884,0.04307700046,-0.00160635188));
#3231=CARTESIAN_POINT('',(0.087884,0.04007700138,-0.00160635188));
#3232=CARTESIAN_POINT('',(0.087884,0.03857700184,-0.00160635188));
#3233=CARTESIAN_POINT('',(0.086900004,0.030900116,-0.00160635188));
#3234=CARTESIAN_POINT('',(0.069330062,0.078630018,-0.00160635188));
#3235=CARTESIAN_POINT('',(0.066790062,0.078630018,-0.00160635188));
#3236=CARTESIAN_POINT('',(0.076073,0.036703,-0.00160635188));
#3237=CARTESIAN_POINT('',(0.056630062,0.078630018,-0.00160635188));
#3238=CARTESIAN_POINT('',(0.059170062,0.078630018,-0.00160635188));
#3239=CARTESIAN_POINT('',(0.078613,0.036703,-0.00160635188));
#3240=CARTESIAN_POINT('',(0.073533,0.036703,-0.00160635188));
#3241=CARTESIAN_POINT('',(0.081153,0.036703,-0.00160635188));
#3242=CARTESIAN_POINT('',(0.05607812,0.030988,-0.00160635188));
#3243=CARTESIAN_POINT('',(0.059577986,0.030988,-0.00160635188));
#3244=CARTESIAN_POINT('',(0.051550062,0.081170018,-0.00160635188));
#3245=CARTESIAN_POINT('',(0.049010062,0.081170018,-0.00160635188));
#3246=CARTESIAN_POINT('',(0.054090062,0.081170018,-0.00160635188));
#3247=CARTESIAN_POINT('',(0.043930062,0.081170018,-0.00160635188));
#3248=CARTESIAN_POINT('',(0.046470062,0.081170018,-0.00160635188));
#3249=CARTESIAN_POINT('',(0.049010062,0.078630018,-0.00160635188));
#3250=CARTESIAN_POINT('',(0.046470062,0.078630018,-0.00160635188));
#3251=CARTESIAN_POINT('',(0.051550062,0.078630018,-0.00160635188));
#3252=CARTESIAN_POINT('',(0.043930062,0.078630018,-0.00160635188));
#3253=CARTESIAN_POINT('',(0.04337100038,0.06994500108,-0.00160635188));
#3254=CARTESIAN_POINT('',(0.038850062,0.081170018,-0.00160635188));
#3255=CARTESIAN_POINT('',(0.036310062,0.081170018,-0.00160635188));
#3256=CARTESIAN_POINT('',(0.041390062,0.081170018,-0.00160635188));
#3257=CARTESIAN_POINT('',(0.033770062,0.081170018,-0.00160635188));
#3258=CARTESIAN_POINT('',(0.02890012,0.079900018,-0.00160635188));
#3259=CARTESIAN_POINT('',(0.041390062,0.078630018,-0.00160635188));
#3260=CARTESIAN_POINT('',(0.038850062,0.078630018,-0.00160635188));
#3261=CARTESIAN_POINT('',(0.04337100038,0.07248500108,-0.00160635188));
#3262=CARTESIAN_POINT('',(0.033770062,0.078630018,-0.00160635188));
#3263=CARTESIAN_POINT('',(0.036310062,0.078630018,-0.00160635188));
#3264=CARTESIAN_POINT('',(0.04337100038,0.048768,-0.00160635188));
#3265=CARTESIAN_POINT('',(0.04337100038,0.057277,-0.00160635188));
#3266=CARTESIAN_POINT('',(0.04337100038,0.046228,-0.00160635188));
#3267=CARTESIAN_POINT('',(0.04337100038,0.06740500108,-0.00160635188));
#3268=CARTESIAN_POINT('',(0.04337100038,0.059817,-0.00160635188));
#3269=CARTESIAN_POINT('',(0.04907788,0.030988,-0.00160635188));
#3270=CARTESIAN_POINT('',(0.045578014,0.030988,-0.00160635188));
#3271=CARTESIAN_POINT('',(0.052578,0.030988,-0.00160635188));
#3272=CARTESIAN_POINT('',(0.040092122,0.031550102,-0.00160635188));
#3273=CARTESIAN_POINT('',(0.04109212,0.028850082,-0.00160635188));
#3274=CARTESIAN_POINT('',(0.027051,0.04157700092,-0.00160635188));
#3275=CARTESIAN_POINT('',(0.027051,0.04307700046,-0.00160635188));
#3276=CARTESIAN_POINT('',(0.027051,0.04007700138,-0.00160635188));
#3277=CARTESIAN_POINT('',(0.027051,0.04607699954,-0.00160635188));
#3278=CARTESIAN_POINT('',(0.027051,0.044577,-0.00160635188));
#3279=CARTESIAN_POINT('',(0.035091878,0.031550102,-0.00160635188));
#3280=CARTESIAN_POINT('',(0.03409188,0.028850082,-0.00160635188));
#3281=CARTESIAN_POINT('',(0.027051,0.03857700184,-0.00160635188));
#3282=CARTESIAN_POINT('',(0.02890012,0.030900116,-0.00160635188));
#3283=CARTESIAN_POINT('',(0.028721816078424,0.030807847835117,-0.00160635188));
#3284=CARTESIAN_POINT('',(0.028721000671387,0.027298000335693,-0.00160635188));
#3285=CARTESIAN_POINT('',(0.025211999893188,0.030792999267578,-0.00160635188));
#3286=CARTESIAN_POINT('',(0.025208999633789,0.045973999023438,-0.00160635188));
#3287=CARTESIAN_POINT('',(0.025208999633789,0.045973999023438,-0.00160635188));
#3288=CARTESIAN_POINT('',(0.025208999633789,0.079898002624512,-0.00160635188));
#3289=CARTESIAN_POINT('',(0.025208999633789,0.079898002624512,-0.00160635188));
#3290=CARTESIAN_POINT('',(0.029109703815776,0.080110318571002,-0.00160635188));
#3291=CARTESIAN_POINT('',(0.028896999359131,0.084011001586914,-0.00160635188));
#3292=CARTESIAN_POINT('',(0.086900001525879,0.084011001586914,-0.00160635188));
#3293=CARTESIAN_POINT('',(0.086900001525879,0.084011001586914,-0.00160635188));
#3294=CARTESIAN_POINT('',(0.086690574566738,0.080110411490694,-0.00160635188));
#3295=CARTESIAN_POINT('',(0.090591003417969,0.079898002624512,-0.00160635188));
#3296=CARTESIAN_POINT('',(0.090591003417969,0.030808000564575,-0.00160635188));
#3297=CARTESIAN_POINT('',(0.090591003417969,0.030808000564575,-0.00160635188));
#3298=CARTESIAN_POINT('',(0.087077805761059,0.030811199244975,-0.00160635188));
#3299=CARTESIAN_POINT('',(0.087079002380371,0.027298000335693,-0.00160635188));
#3300=CARTESIAN_POINT('',(0.072459999084473,0.027298000335693,-0.00160635188));
#3301=CARTESIAN_POINT('',(0.072459999084473,0.027298000335693,-0.00160635188));
#3302=CARTESIAN_POINT('',(0.072523553865893,0.028511651865403,-0.00160635188));
#3303=CARTESIAN_POINT('',(0.071309997558594,0.028576999664307,-0.00160635188));
#3304=CARTESIAN_POINT('',(0.071309997558594,0.046340999603271,-0.00160635188));
#3305=CARTESIAN_POINT('',(0.071309997558594,0.046340999603271,-0.00160635188));
#3306=CARTESIAN_POINT('',(0.071381245103874,0.04633913764968,-0.00160635188));
#3307=CARTESIAN_POINT('',(0.071317001342773,0.046369998931885,-0.00160635188));
#3308=CARTESIAN_POINT('',(0.070358128589589,0.046347937252492,-0.00160635188));
#3309=CARTESIAN_POINT('',(0.069399002075195,0.046347999572754,-0.00160635188));
#3310=CARTESIAN_POINT('',(0.069399002075195,0.028583999633789,-0.00160635188));
#3311=CARTESIAN_POINT('',(0.069399002075195,0.028583999633789,-0.00160635188));
#3312=CARTESIAN_POINT('',(0.068185068880462,0.028518784629099,-0.00160635188));
#3313=CARTESIAN_POINT('',(0.068252998352051,0.027305000305176,-0.00160635188));
#3314=CARTESIAN_POINT('',(0.02875,0.027305000305176,-0.00160635188));
#3315=CARTESIAN_POINT('',(0.02875,0.027305000305176,-0.00160635188));
#3316=CARTESIAN_POINT('',(0.028719128300993,0.027369326046751,-0.00160635188));
#3317=MECHANICAL_DESIGN_GEOMETRIC_PRESENTATION_REPRESENTATION('',(#1948),
#3318);
#3318=(
GEOMETRIC_REPRESENTATION_CONTEXT(3)
GLOBAL_UNCERTAINTY_ASSIGNED_CONTEXT((#3319))
GLOBAL_UNIT_ASSIGNED_CONTEXT((#3322,#3321,#3320))
REPRESENTATION_CONTEXT('duckiehat_pcb','TOP_LEVEL_ASSEMBLY_PART')
);
#3319=UNCERTAINTY_MEASURE_WITH_UNIT(LENGTH_MEASURE(5.E-6),#3322,
'DISTANCE_ACCURACY_VALUE','Maximum Tolerance applied to model');
#3320=(
NAMED_UNIT(*)
SI_UNIT($,.STERADIAN.)
SOLID_ANGLE_UNIT()
);
#3321=(
NAMED_UNIT(*)
PLANE_ANGLE_UNIT()
SI_UNIT($,.RADIAN.)
);
#3322=(
LENGTH_UNIT()
NAMED_UNIT(*)
SI_UNIT($,.METRE.)
);
#3323=PRODUCT_DEFINITION_SHAPE('','',#3324);
#3324=PRODUCT_DEFINITION('','',#3326,#3325);
#3325=PRODUCT_DEFINITION_CONTEXT('',#3332,'design');
#3326=PRODUCT_DEFINITION_FORMATION_WITH_SPECIFIED_SOURCE('','',#3328,
 .NOT_KNOWN.);
#3327=PRODUCT_RELATED_PRODUCT_CATEGORY('','',(#3328));
#3328=PRODUCT('duckiehat_pcb','duckiehat_pcb','duckiehat_pcb',(#3330));
#3329=PRODUCT_CATEGORY('','');
#3330=PRODUCT_CONTEXT('',#3332,'mechanical');
#3331=APPLICATION_PROTOCOL_DEFINITION('international standard',
'automotive_design',2010,#3332);
#3332=APPLICATION_CONTEXT(
'core data for automotive mechanical design processes');
ENDSEC;
END-ISO-10303-21;
