ISO-10303-21;
HEADER;
/* Generated by software containing ST-Developer
 * from STEP Tools, Inc. (www.steptools.com) 
 */
/* OPTION: using custom renumber hook */

FILE_DESCRIPTION(
/* description */ ('STEP AP214'),
/* implementation_level */ '2;1');

FILE_NAME(
/* name */ '654cf5857f9aa566be1721ae',
/* time_stamp */ '2023-11-09T15:06:46Z',
/* author */ (''),
/* organization */ (''),
/* preprocessor_version */ 'ST-DEVELOPER v19.4',
/* originating_system */ '  ',
/* authorisation */ '  ');

FILE_SCHEMA (('AUTOMOTIVE_DESIGN {1 0 10303 214 3 1 1}'));
ENDSEC;

DATA;
#10=PROPERTY_DEFINITION_REPRESENTATION(#14,#12);
#11=PROPERTY_DEFINITION_REPRESENTATION(#15,#13);
#12=REPRESENTATION('',(#16),#4317);
#13=REPRESENTATION('',(#17),#4317);
#14=PROPERTY_DEFINITION('pmi validation property','',#4322);
#15=PROPERTY_DEFINITION('pmi validation property','',#4322);
#16=VALUE_REPRESENTATION_ITEM('number of annotations',COUNT_MEASURE(0.));
#17=VALUE_REPRESENTATION_ITEM('number of views',COUNT_MEASURE(0.));
#18=SHAPE_REPRESENTATION_RELATIONSHIP('','',#1971,#19);
#19=ADVANCED_BREP_SHAPE_REPRESENTATION('',(#1969),#4317);
#20=CONICAL_SURFACE('',#2165,0.012,0.463647609000806);
#21=CONICAL_SURFACE('',#2169,0.012,0.463647609000806);
#22=PLANE('',#2162);
#23=PLANE('',#2173);
#24=PLANE('',#2174);
#25=PLANE('',#2175);
#26=PLANE('',#2176);
#27=PLANE('',#2177);
#28=PLANE('',#2178);
#29=PLANE('',#2187);
#30=PLANE('',#2188);
#31=PLANE('',#2189);
#32=PLANE('',#2190);
#33=PLANE('',#2191);
#34=PLANE('',#2192);
#35=PLANE('',#2193);
#36=PLANE('',#2197);
#37=PLANE('',#2198);
#38=PLANE('',#2199);
#39=PLANE('',#2204);
#40=PLANE('',#2205);
#41=PLANE('',#2206);
#42=PLANE('',#2207);
#43=PLANE('',#2210);
#44=PLANE('',#2211);
#45=PLANE('',#2212);
#46=PLANE('',#2214);
#47=PLANE('',#2216);
#48=ELLIPSE('',#2087,0.000670820393249937,0.0003);
#49=ELLIPSE('',#2092,0.000670820393249937,0.0003);
#50=ELLIPSE('',#2151,0.000670820393249937,0.0003);
#51=ELLIPSE('',#2158,0.000670820393249937,0.0003);
#52=(
BOUNDED_SURFACE()
B_SPLINE_SURFACE(3,2,((#3105,#3106,#3107),(#3108,#3109,#3110),(#3111,#3112,
#3113),(#3114,#3115,#3116)),.UNSPECIFIED.,.F.,.F.,.F.)
B_SPLINE_SURFACE_WITH_KNOTS((4,4),(3,3),(0.,1.),(0.,1.),
 .PIECEWISE_BEZIER_KNOTS.)
GEOMETRIC_REPRESENTATION_ITEM()
RATIONAL_B_SPLINE_SURFACE(((1.,0.707106781186548,1.),(1.,0.816927905604035,
1.),(1.,0.931451769672725,1.),(1.,0.939775276379121,1.)))
REPRESENTATION_ITEM('')
SURFACE()
);
#53=SPHERICAL_SURFACE('',#1993,0.0003);
#54=SPHERICAL_SURFACE('',#2021,0.0003);
#55=SPHERICAL_SURFACE('',#2050,0.0003);
#56=SPHERICAL_SURFACE('',#2061,0.0003);
#57=SPHERICAL_SURFACE('',#2096,0.0003);
#58=SPHERICAL_SURFACE('',#2104,0.0003);
#59=SPHERICAL_SURFACE('',#2115,0.0003);
#60=SPHERICAL_SURFACE('',#2130,0.0003);
#61=SPHERICAL_SURFACE('',#2132,0.0003);
#62=SPHERICAL_SURFACE('',#2140,0.0003);
#63=SPHERICAL_SURFACE('',#2147,0.0003);
#64=SPHERICAL_SURFACE('',#2154,0.0003);
#65=TOROIDAL_SURFACE('',#1977,0.0006,0.0003);
#66=TOROIDAL_SURFACE('',#1981,0.0113,0.0003);
#67=TOROIDAL_SURFACE('',#1988,0.0113,0.0003);
#68=TOROIDAL_SURFACE('',#1996,0.0006,0.0003);
#69=TOROIDAL_SURFACE('',#1999,0.0006,0.0003);
#70=TOROIDAL_SURFACE('',#2003,0.0113,0.0003);
#71=TOROIDAL_SURFACE('',#2018,0.0006,0.0003);
#72=TOROIDAL_SURFACE('',#2024,0.0047,0.0003);
#73=TOROIDAL_SURFACE('',#2029,0.0006,0.0003);
#74=TOROIDAL_SURFACE('',#2042,0.0113,0.0003);
#75=TOROIDAL_SURFACE('',#2047,0.0006,0.0003);
#76=TOROIDAL_SURFACE('',#2053,0.0047,0.0003);
#77=TOROIDAL_SURFACE('',#2057,0.0047,0.0003);
#78=TOROIDAL_SURFACE('',#2064,0.0113,0.0003);
#79=TOROIDAL_SURFACE('',#2074,0.0047,0.0003);
#80=TOROIDAL_SURFACE('',#2080,0.0006,0.0003);
#81=TOROIDAL_SURFACE('',#2088,0.0006,0.0003);
#82=TOROIDAL_SURFACE('',#2101,0.0107,0.0003);
#83=TOROIDAL_SURFACE('',#2111,0.0107,0.0003);
#84=TOROIDAL_SURFACE('',#2118,0.0006,0.0003);
#85=TOROIDAL_SURFACE('',#2143,0.0117,0.0003);
#86=TOROIDAL_SURFACE('',#2159,0.0117,0.0003);
#87=B_SPLINE_CURVE_WITH_KNOTS('',3,(#2850,#2851,#2852,#2853,#2854,#2855,
#2856,#2857,#2858,#2859,#2860,#2861,#2862,#2863,#2864,#2865,#2866,#2867,
#2868),.UNSPECIFIED.,.F.,.F.,(4,3,3,3,3,3,4),(0.738095898329899,0.797867805946366,
0.851244708412946,0.901403954870061,0.95070197743503,0.99468526966981,1.),
 .UNSPECIFIED.);
#88=B_SPLINE_CURVE_WITH_KNOTS('',3,(#2870,#2871,#2872,#2873,#2874),
 .UNSPECIFIED.,.F.,.F.,(4,1,4),(0.,0.5,1.),.UNSPECIFIED.);
#89=B_SPLINE_CURVE_WITH_KNOTS('',3,(#2875,#2876,#2877,#2878,#2879),
 .UNSPECIFIED.,.F.,.F.,(4,1,4),(0.,0.5,1.),.UNSPECIFIED.);
#90=B_SPLINE_CURVE_WITH_KNOTS('',3,(#2881,#2882,#2883,#2884),
 .UNSPECIFIED.,.F.,.F.,(4,4),(0.,1.),.UNSPECIFIED.);
#91=B_SPLINE_CURVE_WITH_KNOTS('',3,(#2892,#2893,#2894,#2895),
 .UNSPECIFIED.,.F.,.F.,(4,4),(0.,1.),.UNSPECIFIED.);
#92=B_SPLINE_CURVE_WITH_KNOTS('',3,(#2901,#2902,#2903,#2904,#2905,#2906),
 .UNSPECIFIED.,.F.,.F.,(4,1,1,4),(0.,0.5,0.75,1.),.UNSPECIFIED.);
#93=B_SPLINE_CURVE_WITH_KNOTS('',3,(#2987,#2988,#2989,#2990,#2991,#2992),
 .UNSPECIFIED.,.F.,.F.,(4,2,4),(0.,0.5,1.),.UNSPECIFIED.);
#94=B_SPLINE_CURVE_WITH_KNOTS('',3,(#2994,#2995,#2996,#2997,#2998,#2999),
 .UNSPECIFIED.,.F.,.F.,(4,2,4),(0.,0.5,1.),.UNSPECIFIED.);
#95=B_SPLINE_CURVE_WITH_KNOTS('',3,(#3005,#3006,#3007,#3008),
 .UNSPECIFIED.,.F.,.F.,(4,4),(1.35486234660355E-17,0.000620777938759221),
 .UNSPECIFIED.);
#96=B_SPLINE_CURVE_WITH_KNOTS('',3,(#3025,#3026,#3027,#3028,#3029),
 .UNSPECIFIED.,.F.,.F.,(4,1,4),(0.,0.5,1.),.UNSPECIFIED.);
#97=B_SPLINE_CURVE_WITH_KNOTS('',3,(#3031,#3032,#3033,#3034),
 .UNSPECIFIED.,.F.,.F.,(4,4),(0.,1.),.UNSPECIFIED.);
#98=B_SPLINE_CURVE_WITH_KNOTS('',3,(#3043,#3044,#3045,#3046),
 .UNSPECIFIED.,.F.,.F.,(4,4),(0.,1.),.UNSPECIFIED.);
#99=B_SPLINE_CURVE_WITH_KNOTS('',3,(#3048,#3049,#3050,#3051,#3052),
 .UNSPECIFIED.,.F.,.F.,(4,1,4),(0.,0.5,1.),.UNSPECIFIED.);
#100=B_SPLINE_CURVE_WITH_KNOTS('',3,(#3055,#3056,#3057,#3058),
 .UNSPECIFIED.,.F.,.F.,(4,4),(0.,1.),.UNSPECIFIED.);
#101=B_SPLINE_CURVE_WITH_KNOTS('',3,(#3063,#3064,#3065,#3066,#3067),
 .UNSPECIFIED.,.F.,.F.,(4,1,4),(0.,0.5,1.),.UNSPECIFIED.);
#102=B_SPLINE_CURVE_WITH_KNOTS('',3,(#3120,#3121,#3122,#3123),
 .UNSPECIFIED.,.F.,.F.,(4,4),(0.,1.),.UNSPECIFIED.);
#103=B_SPLINE_CURVE_WITH_KNOTS('',3,(#3125,#3126,#3127,#3128),
 .UNSPECIFIED.,.F.,.F.,(4,4),(0.,1.),.UNSPECIFIED.);
#104=B_SPLINE_CURVE_WITH_KNOTS('',3,(#3129,#3130,#3131,#3132,#3133,#3134,
#3135),.UNSPECIFIED.,.F.,.F.,(4,1,1,1,4),(0.,0.25,0.5,0.75,1.),
 .UNSPECIFIED.);
#105=B_SPLINE_CURVE_WITH_KNOTS('',3,(#3137,#3138,#3139,#3140),
 .UNSPECIFIED.,.F.,.F.,(4,4),(-3.51232809966402E-6,0.000618174560889775),
 .UNSPECIFIED.);
#106=B_SPLINE_CURVE_WITH_KNOTS('',3,(#3176,#3177,#3178,#3179),
 .UNSPECIFIED.,.F.,.F.,(4,4),(0.,1.),.UNSPECIFIED.);
#107=B_SPLINE_CURVE_WITH_KNOTS('',3,(#3185,#3186,#3187,#3188),
 .UNSPECIFIED.,.F.,.F.,(4,4),(0.,1.),.UNSPECIFIED.);
#108=B_SPLINE_CURVE_WITH_KNOTS('',3,(#3282,#3283,#3284,#3285,#3286),
 .UNSPECIFIED.,.F.,.F.,(4,1,4),(0.,0.5,1.),.UNSPECIFIED.);
#109=B_SPLINE_CURVE_WITH_KNOTS('',3,(#3288,#3289,#3290,#3291,#3292,#3293),
 .UNSPECIFIED.,.F.,.F.,(4,2,4),(0.,0.5,1.),.UNSPECIFIED.);
#110=B_SPLINE_CURVE_WITH_KNOTS('',3,(#3295,#3296,#3297,#3298,#3299,#3300),
 .UNSPECIFIED.,.F.,.F.,(4,2,4),(0.,0.5,1.),.UNSPECIFIED.);
#111=B_SPLINE_CURVE_WITH_KNOTS('',3,(#3304,#3305,#3306,#3307),
 .UNSPECIFIED.,.F.,.F.,(4,4),(0.,1.),.UNSPECIFIED.);
#112=B_SPLINE_CURVE_WITH_KNOTS('',3,(#3309,#3310,#3311,#3312,#3313),
 .UNSPECIFIED.,.F.,.F.,(4,1,4),(0.,0.5,1.),.UNSPECIFIED.);
#113=B_SPLINE_CURVE_WITH_KNOTS('',3,(#3318,#3319,#3320,#3321,#3322),
 .UNSPECIFIED.,.F.,.F.,(4,1,4),(0.,0.5,1.),.UNSPECIFIED.);
#114=B_SPLINE_CURVE_WITH_KNOTS('',3,(#3324,#3325,#3326,#3327),
 .UNSPECIFIED.,.F.,.F.,(4,4),(0.,1.),.UNSPECIFIED.);
#115=B_SPLINE_CURVE_WITH_KNOTS('',3,(#3348,#3349,#3350,#3351),
 .UNSPECIFIED.,.F.,.F.,(4,4),(0.,1.),.UNSPECIFIED.);
#116=B_SPLINE_CURVE_WITH_KNOTS('',3,(#3416,#3417,#3418,#3419,#3420,#3421),
 .UNSPECIFIED.,.F.,.F.,(4,2,4),(0.,0.5,1.),.UNSPECIFIED.);
#117=B_SPLINE_CURVE_WITH_KNOTS('',3,(#3484,#3485,#3486,#3487,#3488,#3489),
 .UNSPECIFIED.,.F.,.F.,(4,2,4),(0.,0.5,1.),.UNSPECIFIED.);
#118=B_SPLINE_CURVE_WITH_KNOTS('',3,(#3555,#3556,#3557,#3558,#3559,#3560),
 .UNSPECIFIED.,.F.,.F.,(4,2,4),(0.,0.5,1.),.UNSPECIFIED.);
#119=B_SPLINE_CURVE_WITH_KNOTS('',3,(#3609,#3610,#3611,#3612,#3613,#3614),
 .UNSPECIFIED.,.F.,.F.,(4,2,4),(0.,0.5,1.),.UNSPECIFIED.);
#120=B_SPLINE_CURVE_WITH_KNOTS('',3,(#3730,#3731,#3732,#3733,#3734,#3735),
 .UNSPECIFIED.,.F.,.F.,(4,2,4),(0.,0.5,1.),.UNSPECIFIED.);
#121=B_SPLINE_CURVE_WITH_KNOTS('',3,(#3784,#3785,#3786,#3787,#3788,#3789),
 .UNSPECIFIED.,.F.,.F.,(4,2,4),(0.,0.5,1.),.UNSPECIFIED.);
#122=B_SPLINE_CURVE_WITH_KNOTS('',3,(#3840,#3841,#3842,#3843,#3844,#3845),
 .UNSPECIFIED.,.F.,.F.,(4,2,4),(0.,0.5,1.),.UNSPECIFIED.);
#123=B_SPLINE_CURVE_WITH_KNOTS('',3,(#3911,#3912,#3913,#3914,#3915,#3916),
 .UNSPECIFIED.,.F.,.F.,(4,2,4),(0.,0.5,1.),.UNSPECIFIED.);
#124=B_SPLINE_CURVE_WITH_KNOTS('',3,(#3979,#3980,#3981,#3982),
 .UNSPECIFIED.,.F.,.F.,(4,4),(-3.50823208695634E-6,0.000617646530220756),
 .UNSPECIFIED.);
#125=B_SPLINE_CURVE_WITH_KNOTS('',3,(#4003,#4004,#4005,#4006),
 .UNSPECIFIED.,.F.,.F.,(4,4),(6.5583998234524E-14,0.0001068123709719),
 .UNSPECIFIED.);
#126=B_SPLINE_CURVE_WITH_KNOTS('',3,(#4008,#4009,#4010,#4011),
 .UNSPECIFIED.,.F.,.F.,(4,4),(0.,0.000620219539438469),.UNSPECIFIED.);
#127=B_SPLINE_CURVE_WITH_KNOTS('',3,(#4017,#4018,#4019,#4020),
 .UNSPECIFIED.,.F.,.F.,(4,4),(2.4532694666934E-18,0.00010629372090067),
 .UNSPECIFIED.);
#128=B_SPLINE_CURVE_WITH_KNOTS('',3,(#4047,#4048,#4049,#4050,#4051,#4052,
#4053,#4054,#4055,#4056,#4057,#4058,#4059,#4060),.UNSPECIFIED.,.F.,.F.,
(4,2,2,2,2,2,4),(-0.0973360726387951,-0.097075296513339,-0.0901250864628546,
-0.0832142653485702,-0.0710678657542966,-0.0596345456265907,-0.0485376482567843),
 .UNSPECIFIED.);
#129=B_SPLINE_CURVE_WITH_KNOTS('',3,(#4138,#4139,#4140,#4141,#4142),
 .UNSPECIFIED.,.F.,.F.,(4,1,4),(0.,0.000282306489390083,0.000564612978780166),
 .UNSPECIFIED.);
#130=B_SPLINE_CURVE_WITH_KNOTS('',3,(#4152,#4153,#4154,#4155,#4156),
 .UNSPECIFIED.,.F.,.F.,(4,1,4),(0.,0.000280933889199319,0.000561867778398638),
 .UNSPECIFIED.);
#131=B_SPLINE_CURVE_WITH_KNOTS('',3,(#4160,#4161,#4162,#4163,#4164),
 .UNSPECIFIED.,.F.,.F.,(4,1,4),(0.,0.000288405902075233,0.000576811804150466),
 .UNSPECIFIED.);
#132=B_SPLINE_CURVE_WITH_KNOTS('',3,(#4183,#4184,#4185,#4186),
 .UNSPECIFIED.,.F.,.F.,(4,4),(1.20713155893205E-14,0.000106812370985011),
 .UNSPECIFIED.);
#133=B_SPLINE_CURVE_WITH_KNOTS('',3,(#4198,#4199,#4200,#4201),
 .UNSPECIFIED.,.F.,.F.,(4,4),(0.,0.000106293721026871),.UNSPECIFIED.);
#134=B_SPLINE_CURVE_WITH_KNOTS('',3,(#4209,#4210,#4211,#4212,#4213),
 .UNSPECIFIED.,.F.,.F.,(4,1,4),(0.,0.000286687357603396,0.000573374715206791),
 .UNSPECIFIED.);
#135=B_SPLINE_SURFACE_WITH_KNOTS('',3,3,((#2823,#2824,#2825,#2826,#2827,
#2828),(#2829,#2830,#2831,#2832,#2833,#2834),(#2835,#2836,#2837,#2838,#2839,
#2840),(#2841,#2842,#2843,#2844,#2845,#2846)),.UNSPECIFIED.,.F.,.F.,.F.,
(4,4),(4,2,4),(0.,1.),(0.,0.503000438353484,1.00600087670697),
 .UNSPECIFIED.);
#136=B_SPLINE_SURFACE_WITH_KNOTS('',3,3,((#2925,#2926,#2927,#2928,#2929,
#2930),(#2931,#2932,#2933,#2934,#2935,#2936),(#2937,#2938,#2939,#2940,#2941,
#2942),(#2943,#2944,#2945,#2946,#2947,#2948),(#2949,#2950,#2951,#2952,#2953,
#2954),(#2955,#2956,#2957,#2958,#2959,#2960),(#2961,#2962,#2963,#2964,#2965,
#2966),(#2967,#2968,#2969,#2970,#2971,#2972),(#2973,#2974,#2975,#2976,#2977,
#2978),(#2979,#2980,#2981,#2982,#2983,#2984)),.UNSPECIFIED.,.F.,.F.,.F.,
(4,2,2,2,4),(4,2,4),(0.,0.25,0.5,0.75,1.),(0.,0.5,1.),.UNSPECIFIED.);
#137=B_SPLINE_SURFACE_WITH_KNOTS('',3,3,((#3218,#3219,#3220,#3221,#3222,
#3223,#3224,#3225),(#3226,#3227,#3228,#3229,#3230,#3231,#3232,#3233),(#3234,
#3235,#3236,#3237,#3238,#3239,#3240,#3241),(#3242,#3243,#3244,#3245,#3246,
#3247,#3248,#3249),(#3250,#3251,#3252,#3253,#3254,#3255,#3256,#3257),(#3258,
#3259,#3260,#3261,#3262,#3263,#3264,#3265),(#3266,#3267,#3268,#3269,#3270,
#3271,#3272,#3273),(#3274,#3275,#3276,#3277,#3278,#3279,#3280,#3281)),
 .UNSPECIFIED.,.F.,.F.,.F.,(4,2,2,4),(4,2,2,4),(0.,0.25,0.5,1.),(0.,0.25,
0.5,1.),.UNSPECIFIED.);
#138=B_SPLINE_SURFACE_WITH_KNOTS('',3,3,((#3356,#3357,#3358,#3359,#3360,
#3361,#3362,#3363,#3364,#3365),(#3366,#3367,#3368,#3369,#3370,#3371,#3372,
#3373,#3374,#3375),(#3376,#3377,#3378,#3379,#3380,#3381,#3382,#3383,#3384,
#3385),(#3386,#3387,#3388,#3389,#3390,#3391,#3392,#3393,#3394,#3395),(#3396,
#3397,#3398,#3399,#3400,#3401,#3402,#3403,#3404,#3405),(#3406,#3407,#3408,
#3409,#3410,#3411,#3412,#3413,#3414,#3415)),.UNSPECIFIED.,.F.,.F.,.F.,(4,
2,4),(4,2,2,2,4),(0.,0.5,1.),(0.,0.25,0.5,0.75,1.),.UNSPECIFIED.);
#139=B_SPLINE_SURFACE_WITH_KNOTS('',3,3,((#3424,#3425,#3426,#3427,#3428,
#3429),(#3430,#3431,#3432,#3433,#3434,#3435),(#3436,#3437,#3438,#3439,#3440,
#3441),(#3442,#3443,#3444,#3445,#3446,#3447),(#3448,#3449,#3450,#3451,#3452,
#3453),(#3454,#3455,#3456,#3457,#3458,#3459),(#3460,#3461,#3462,#3463,#3464,
#3465),(#3466,#3467,#3468,#3469,#3470,#3471),(#3472,#3473,#3474,#3475,#3476,
#3477),(#3478,#3479,#3480,#3481,#3482,#3483)),.UNSPECIFIED.,.F.,.F.,.F.,
(4,2,2,2,4),(4,2,4),(0.,0.25,0.5,0.75,1.),(0.,0.5,1.),.UNSPECIFIED.);
#140=B_SPLINE_SURFACE_WITH_KNOTS('',3,3,((#3491,#3492,#3493,#3494,#3495,
#3496,#3497,#3498),(#3499,#3500,#3501,#3502,#3503,#3504,#3505,#3506),(#3507,
#3508,#3509,#3510,#3511,#3512,#3513,#3514),(#3515,#3516,#3517,#3518,#3519,
#3520,#3521,#3522),(#3523,#3524,#3525,#3526,#3527,#3528,#3529,#3530),(#3531,
#3532,#3533,#3534,#3535,#3536,#3537,#3538),(#3539,#3540,#3541,#3542,#3543,
#3544,#3545,#3546),(#3547,#3548,#3549,#3550,#3551,#3552,#3553,#3554)),
 .UNSPECIFIED.,.F.,.F.,.F.,(4,2,2,4),(4,2,2,4),(0.,0.25,0.5,1.),(0.,0.25,
0.5,1.),.UNSPECIFIED.);
#141=B_SPLINE_SURFACE_WITH_KNOTS('',3,3,((#3561,#3562,#3563,#3564,#3565,
#3566,#3567,#3568),(#3569,#3570,#3571,#3572,#3573,#3574,#3575,#3576),(#3577,
#3578,#3579,#3580,#3581,#3582,#3583,#3584),(#3585,#3586,#3587,#3588,#3589,
#3590,#3591,#3592),(#3593,#3594,#3595,#3596,#3597,#3598,#3599,#3600),(#3601,
#3602,#3603,#3604,#3605,#3606,#3607,#3608)),.UNSPECIFIED.,.F.,.F.,.F.,(4,
2,4),(4,2,2,4),(0.,0.5,1.),(0.,0.25,0.5,1.),.UNSPECIFIED.);
#142=B_SPLINE_SURFACE_WITH_KNOTS('',3,3,((#3617,#3618,#3619,#3620,#3621,
#3622),(#3623,#3624,#3625,#3626,#3627,#3628),(#3629,#3630,#3631,#3632,#3633,
#3634),(#3635,#3636,#3637,#3638,#3639,#3640),(#3641,#3642,#3643,#3644,#3645,
#3646),(#3647,#3648,#3649,#3650,#3651,#3652),(#3653,#3654,#3655,#3656,#3657,
#3658),(#3659,#3660,#3661,#3662,#3663,#3664)),.UNSPECIFIED.,.F.,.F.,.F.,
(4,2,2,4),(4,2,4),(0.,0.25,0.5,1.),(0.,0.5,1.),.UNSPECIFIED.);
#143=B_SPLINE_SURFACE_WITH_KNOTS('',3,3,((#3666,#3667,#3668,#3669,#3670,
#3671,#3672,#3673),(#3674,#3675,#3676,#3677,#3678,#3679,#3680,#3681),(#3682,
#3683,#3684,#3685,#3686,#3687,#3688,#3689),(#3690,#3691,#3692,#3693,#3694,
#3695,#3696,#3697),(#3698,#3699,#3700,#3701,#3702,#3703,#3704,#3705),(#3706,
#3707,#3708,#3709,#3710,#3711,#3712,#3713),(#3714,#3715,#3716,#3717,#3718,
#3719,#3720,#3721),(#3722,#3723,#3724,#3725,#3726,#3727,#3728,#3729)),
 .UNSPECIFIED.,.F.,.F.,.F.,(4,2,2,4),(4,2,2,4),(0.,0.25,0.5,1.),(0.,0.25,
0.5,1.),.UNSPECIFIED.);
#144=B_SPLINE_SURFACE_WITH_KNOTS('',3,3,((#3736,#3737,#3738,#3739,#3740,
#3741,#3742,#3743),(#3744,#3745,#3746,#3747,#3748,#3749,#3750,#3751),(#3752,
#3753,#3754,#3755,#3756,#3757,#3758,#3759),(#3760,#3761,#3762,#3763,#3764,
#3765,#3766,#3767),(#3768,#3769,#3770,#3771,#3772,#3773,#3774,#3775),(#3776,
#3777,#3778,#3779,#3780,#3781,#3782,#3783)),.UNSPECIFIED.,.F.,.F.,.F.,(4,
2,4),(4,2,2,4),(0.,0.5,1.),(0.,0.25,0.5,1.),.UNSPECIFIED.);
#145=B_SPLINE_SURFACE_WITH_KNOTS('',3,3,((#3792,#3793,#3794,#3795,#3796,
#3797),(#3798,#3799,#3800,#3801,#3802,#3803),(#3804,#3805,#3806,#3807,#3808,
#3809),(#3810,#3811,#3812,#3813,#3814,#3815),(#3816,#3817,#3818,#3819,#3820,
#3821),(#3822,#3823,#3824,#3825,#3826,#3827),(#3828,#3829,#3830,#3831,#3832,
#3833),(#3834,#3835,#3836,#3837,#3838,#3839)),.UNSPECIFIED.,.F.,.F.,.F.,
(4,2,2,4),(4,2,4),(0.,0.25,0.5,1.),(0.,0.5,1.),.UNSPECIFIED.);
#146=B_SPLINE_SURFACE_WITH_KNOTS('',3,3,((#3847,#3848,#3849,#3850,#3851,
#3852,#3853,#3854),(#3855,#3856,#3857,#3858,#3859,#3860,#3861,#3862),(#3863,
#3864,#3865,#3866,#3867,#3868,#3869,#3870),(#3871,#3872,#3873,#3874,#3875,
#3876,#3877,#3878),(#3879,#3880,#3881,#3882,#3883,#3884,#3885,#3886),(#3887,
#3888,#3889,#3890,#3891,#3892,#3893,#3894),(#3895,#3896,#3897,#3898,#3899,
#3900,#3901,#3902),(#3903,#3904,#3905,#3906,#3907,#3908,#3909,#3910)),
 .UNSPECIFIED.,.F.,.F.,.F.,(4,2,2,4),(4,2,2,4),(0.,0.25,0.5,1.),(0.,0.25,
0.5,1.),.UNSPECIFIED.);
#147=B_SPLINE_SURFACE_WITH_KNOTS('',3,3,((#3917,#3918,#3919,#3920,#3921,
#3922,#3923,#3924,#3925,#3926),(#3927,#3928,#3929,#3930,#3931,#3932,#3933,
#3934,#3935,#3936),(#3937,#3938,#3939,#3940,#3941,#3942,#3943,#3944,#3945,
#3946),(#3947,#3948,#3949,#3950,#3951,#3952,#3953,#3954,#3955,#3956),(#3957,
#3958,#3959,#3960,#3961,#3962,#3963,#3964,#3965,#3966),(#3967,#3968,#3969,
#3970,#3971,#3972,#3973,#3974,#3975,#3976)),.UNSPECIFIED.,.F.,.F.,.F.,(4,
2,4),(4,2,2,2,4),(0.,0.5,1.),(0.,0.25,0.5,0.75,1.),.UNSPECIFIED.);
#148=LINE('',#2818,#254);
#149=LINE('',#2822,#255);
#150=LINE('',#2911,#256);
#151=LINE('',#2912,#257);
#152=LINE('',#2917,#258);
#153=LINE('',#2918,#259);
#154=LINE('',#3041,#260);
#155=LINE('',#3053,#261);
#156=LINE('',#3061,#262);
#157=LINE('',#3062,#263);
#158=LINE('',#3072,#264);
#159=LINE('',#3073,#265);
#160=LINE('',#3078,#266);
#161=LINE('',#3079,#267);
#162=LINE('',#3084,#268);
#163=LINE('',#3085,#269);
#164=LINE('',#3089,#270);
#165=LINE('',#3090,#271);
#166=LINE('',#3149,#272);
#167=LINE('',#3150,#273);
#168=LINE('',#3155,#274);
#169=LINE('',#3156,#275);
#170=LINE('',#3161,#276);
#171=LINE('',#3162,#277);
#172=LINE('',#3167,#278);
#173=LINE('',#3168,#279);
#174=LINE('',#3173,#280);
#175=LINE('',#3174,#281);
#176=LINE('',#3192,#282);
#177=LINE('',#3193,#283);
#178=LINE('',#3317,#284);
#179=LINE('',#3329,#285);
#180=LINE('',#3334,#286);
#181=LINE('',#3335,#287);
#182=LINE('',#3340,#288);
#183=LINE('',#3341,#289);
#184=LINE('',#3343,#290);
#185=LINE('',#3344,#291);
#186=LINE('',#3346,#292);
#187=LINE('',#3352,#293);
#188=LINE('',#3616,#294);
#189=LINE('',#3665,#295);
#190=LINE('',#3791,#296);
#191=LINE('',#3846,#297);
#192=LINE('',#3994,#298);
#193=LINE('',#3995,#299);
#194=LINE('',#4000,#300);
#195=LINE('',#4001,#301);
#196=LINE('',#4023,#302);
#197=LINE('',#4024,#303);
#198=LINE('',#4031,#304);
#199=LINE('',#4035,#305);
#200=LINE('',#4044,#306);
#201=LINE('',#4045,#307);
#202=LINE('',#4073,#308);
#203=LINE('',#4074,#309);
#204=LINE('',#4079,#310);
#205=LINE('',#4080,#311);
#206=LINE('',#4101,#312);
#207=LINE('',#4102,#313);
#208=LINE('',#4107,#314);
#209=LINE('',#4108,#315);
#210=LINE('',#4113,#316);
#211=LINE('',#4114,#317);
#212=LINE('',#4118,#318);
#213=LINE('',#4119,#319);
#214=LINE('',#4130,#320);
#215=LINE('',#4131,#321);
#216=LINE('',#4135,#322);
#217=LINE('',#4136,#323);
#218=LINE('',#4145,#324);
#219=LINE('',#4146,#325);
#220=LINE('',#4150,#326);
#221=LINE('',#4158,#327);
#222=LINE('',#4180,#328);
#223=LINE('',#4181,#329);
#224=LINE('',#4191,#330);
#225=LINE('',#4192,#331);
#226=LINE('',#4204,#332);
#227=LINE('',#4205,#333);
#228=LINE('',#4219,#334);
#229=LINE('',#4222,#335);
#230=LINE('',#4236,#336);
#231=LINE('',#4237,#337);
#232=LINE('',#4239,#338);
#233=LINE('',#4242,#339);
#234=LINE('',#4244,#340);
#235=LINE('',#4246,#341);
#236=LINE('',#4248,#342);
#237=LINE('',#4251,#343);
#238=LINE('',#4252,#344);
#239=LINE('',#4254,#345);
#240=LINE('',#4256,#346);
#241=LINE('',#4258,#347);
#242=LINE('',#4260,#348);
#243=LINE('',#4262,#349);
#244=LINE('',#4274,#350);
#245=LINE('',#4275,#351);
#246=LINE('',#4277,#352);
#247=LINE('',#4278,#353);
#248=LINE('',#4292,#354);
#249=LINE('',#4298,#355);
#250=LINE('',#4300,#356);
#251=LINE('',#4301,#357);
#252=LINE('',#4304,#358);
#253=LINE('',#4305,#359);
#254=VECTOR('',#2223,1.);
#255=VECTOR('',#2226,1.);
#256=VECTOR('',#2247,1.);
#257=VECTOR('',#2248,1.);
#258=VECTOR('',#2253,1.);
#259=VECTOR('',#2254,1.);
#260=VECTOR('',#2297,1.);
#261=VECTOR('',#2298,1.);
#262=VECTOR('',#2301,1.);
#263=VECTOR('',#2302,1.);
#264=VECTOR('',#2307,1.);
#265=VECTOR('',#2308,1.);
#266=VECTOR('',#2313,1.);
#267=VECTOR('',#2314,1.);
#268=VECTOR('',#2319,1.);
#269=VECTOR('',#2320,1.);
#270=VECTOR('',#2325,1.);
#271=VECTOR('',#2326,1.);
#272=VECTOR('',#2359,1.);
#273=VECTOR('',#2360,1.);
#274=VECTOR('',#2365,1.);
#275=VECTOR('',#2366,1.);
#276=VECTOR('',#2371,1.);
#277=VECTOR('',#2372,1.);
#278=VECTOR('',#2377,1.);
#279=VECTOR('',#2378,1.);
#280=VECTOR('',#2383,1.);
#281=VECTOR('',#2384,1.);
#282=VECTOR('',#2395,1.);
#283=VECTOR('',#2396,1.);
#284=VECTOR('',#2439,1.);
#285=VECTOR('',#2440,1.);
#286=VECTOR('',#2445,1.);
#287=VECTOR('',#2446,1.);
#288=VECTOR('',#2451,1.);
#289=VECTOR('',#2452,1.);
#290=VECTOR('',#2455,1.);
#291=VECTOR('',#2456,1.);
#292=VECTOR('',#2459,1.);
#293=VECTOR('',#2460,1.);
#294=VECTOR('',#2471,1.);
#295=VECTOR('',#2472,1.);
#296=VECTOR('',#2473,1.);
#297=VECTOR('',#2474,1.);
#298=VECTOR('',#2489,1.);
#299=VECTOR('',#2490,1.);
#300=VECTOR('',#2495,1.);
#301=VECTOR('',#2496,1.);
#302=VECTOR('',#2505,1.);
#303=VECTOR('',#2506,1.);
#304=VECTOR('',#2513,1.);
#305=VECTOR('',#2516,1.);
#306=VECTOR('',#2527,1.);
#307=VECTOR('',#2528,1.);
#308=VECTOR('',#2545,1.);
#309=VECTOR('',#2546,1.);
#310=VECTOR('',#2551,1.);
#311=VECTOR('',#2552,1.);
#312=VECTOR('',#2579,1.);
#313=VECTOR('',#2580,1.);
#314=VECTOR('',#2585,1.);
#315=VECTOR('',#2586,1.);
#316=VECTOR('',#2591,1.);
#317=VECTOR('',#2592,1.);
#318=VECTOR('',#2597,1.);
#319=VECTOR('',#2598,1.);
#320=VECTOR('',#2613,1.);
#321=VECTOR('',#2614,1.);
#322=VECTOR('',#2619,1.);
#323=VECTOR('',#2620,1.);
#324=VECTOR('',#2623,1.);
#325=VECTOR('',#2624,1.);
#326=VECTOR('',#2631,1.);
#327=VECTOR('',#2632,1.);
#328=VECTOR('',#2651,1.);
#329=VECTOR('',#2652,1.);
#330=VECTOR('',#2657,1.);
#331=VECTOR('',#2658,1.);
#332=VECTOR('',#2667,1.);
#333=VECTOR('',#2668,1.);
#334=VECTOR('',#2679,1.);
#335=VECTOR('',#2682,1.);
#336=VECTOR('',#2703,1.);
#337=VECTOR('',#2704,1.);
#338=VECTOR('',#2707,1.);
#339=VECTOR('',#2708,1.);
#340=VECTOR('',#2709,1.);
#341=VECTOR('',#2710,1.);
#342=VECTOR('',#2713,1.);
#343=VECTOR('',#2714,1.);
#344=VECTOR('',#2715,1.);
#345=VECTOR('',#2718,1.);
#346=VECTOR('',#2719,1.);
#347=VECTOR('',#2722,1.);
#348=VECTOR('',#2723,1.);
#349=VECTOR('',#2726,1.);
#350=VECTOR('',#2741,1.);
#351=VECTOR('',#2742,1.);
#352=VECTOR('',#2745,1.);
#353=VECTOR('',#2746,1.);
#354=VECTOR('',#2773,1.);
#355=VECTOR('',#2782,1.);
#356=VECTOR('',#2785,1.);
#357=VECTOR('',#2786,1.);
#358=VECTOR('',#2791,1.);
#359=VECTOR('',#2792,1.);
#360=ORIENTED_EDGE('',*,*,#936,.T.);
#361=ORIENTED_EDGE('',*,*,#937,.F.);
#362=ORIENTED_EDGE('',*,*,#938,.T.);
#363=ORIENTED_EDGE('',*,*,#939,.F.);
#364=ORIENTED_EDGE('',*,*,#940,.T.);
#365=ORIENTED_EDGE('',*,*,#941,.F.);
#366=ORIENTED_EDGE('',*,*,#942,.F.);
#367=ORIENTED_EDGE('',*,*,#938,.F.);
#368=ORIENTED_EDGE('',*,*,#943,.T.);
#369=ORIENTED_EDGE('',*,*,#944,.T.);
#370=ORIENTED_EDGE('',*,*,#945,.T.);
#371=ORIENTED_EDGE('',*,*,#946,.T.);
#372=ORIENTED_EDGE('',*,*,#936,.F.);
#373=ORIENTED_EDGE('',*,*,#947,.T.);
#374=ORIENTED_EDGE('',*,*,#948,.T.);
#375=ORIENTED_EDGE('',*,*,#949,.F.);
#376=ORIENTED_EDGE('',*,*,#944,.F.);
#377=ORIENTED_EDGE('',*,*,#943,.F.);
#378=ORIENTED_EDGE('',*,*,#950,.F.);
#379=ORIENTED_EDGE('',*,*,#951,.T.);
#380=ORIENTED_EDGE('',*,*,#952,.T.);
#381=ORIENTED_EDGE('',*,*,#953,.F.);
#382=ORIENTED_EDGE('',*,*,#940,.F.);
#383=ORIENTED_EDGE('',*,*,#954,.F.);
#384=ORIENTED_EDGE('',*,*,#955,.T.);
#385=ORIENTED_EDGE('',*,*,#956,.F.);
#386=ORIENTED_EDGE('',*,*,#947,.F.);
#387=ORIENTED_EDGE('',*,*,#957,.F.);
#388=ORIENTED_EDGE('',*,*,#958,.T.);
#389=ORIENTED_EDGE('',*,*,#959,.F.);
#390=ORIENTED_EDGE('',*,*,#946,.F.);
#391=ORIENTED_EDGE('',*,*,#960,.F.);
#392=ORIENTED_EDGE('',*,*,#961,.T.);
#393=ORIENTED_EDGE('',*,*,#962,.T.);
#394=ORIENTED_EDGE('',*,*,#963,.F.);
#395=ORIENTED_EDGE('',*,*,#951,.F.);
#396=ORIENTED_EDGE('',*,*,#964,.T.);
#397=ORIENTED_EDGE('',*,*,#965,.T.);
#398=ORIENTED_EDGE('',*,*,#952,.F.);
#399=ORIENTED_EDGE('',*,*,#966,.F.);
#400=ORIENTED_EDGE('',*,*,#967,.F.);
#401=ORIENTED_EDGE('',*,*,#955,.F.);
#402=ORIENTED_EDGE('',*,*,#968,.T.);
#403=ORIENTED_EDGE('',*,*,#969,.T.);
#404=ORIENTED_EDGE('',*,*,#970,.T.);
#405=ORIENTED_EDGE('',*,*,#958,.F.);
#406=ORIENTED_EDGE('',*,*,#971,.T.);
#407=ORIENTED_EDGE('',*,*,#972,.T.);
#408=ORIENTED_EDGE('',*,*,#973,.F.);
#409=ORIENTED_EDGE('',*,*,#974,.F.);
#410=ORIENTED_EDGE('',*,*,#975,.F.);
#411=ORIENTED_EDGE('',*,*,#976,.F.);
#412=ORIENTED_EDGE('',*,*,#977,.T.);
#413=ORIENTED_EDGE('',*,*,#978,.F.);
#414=ORIENTED_EDGE('',*,*,#979,.F.);
#415=ORIENTED_EDGE('',*,*,#980,.F.);
#416=ORIENTED_EDGE('',*,*,#981,.F.);
#417=ORIENTED_EDGE('',*,*,#982,.F.);
#418=ORIENTED_EDGE('',*,*,#983,.F.);
#419=ORIENTED_EDGE('',*,*,#964,.F.);
#420=ORIENTED_EDGE('',*,*,#984,.F.);
#421=ORIENTED_EDGE('',*,*,#985,.F.);
#422=ORIENTED_EDGE('',*,*,#986,.T.);
#423=ORIENTED_EDGE('',*,*,#987,.F.);
#424=ORIENTED_EDGE('',*,*,#965,.F.);
#425=ORIENTED_EDGE('',*,*,#988,.F.);
#426=ORIENTED_EDGE('',*,*,#989,.T.);
#427=ORIENTED_EDGE('',*,*,#990,.F.);
#428=ORIENTED_EDGE('',*,*,#968,.F.);
#429=ORIENTED_EDGE('',*,*,#991,.F.);
#430=ORIENTED_EDGE('',*,*,#992,.T.);
#431=ORIENTED_EDGE('',*,*,#993,.F.);
#432=ORIENTED_EDGE('',*,*,#969,.F.);
#433=ORIENTED_EDGE('',*,*,#994,.F.);
#434=ORIENTED_EDGE('',*,*,#995,.T.);
#435=ORIENTED_EDGE('',*,*,#996,.F.);
#436=ORIENTED_EDGE('',*,*,#970,.F.);
#437=ORIENTED_EDGE('',*,*,#997,.F.);
#438=ORIENTED_EDGE('',*,*,#972,.F.);
#439=ORIENTED_EDGE('',*,*,#995,.F.);
#440=ORIENTED_EDGE('',*,*,#998,.T.);
#441=ORIENTED_EDGE('',*,*,#999,.T.);
#442=ORIENTED_EDGE('',*,*,#1000,.T.);
#443=ORIENTED_EDGE('',*,*,#1001,.T.);
#444=ORIENTED_EDGE('',*,*,#977,.F.);
#445=ORIENTED_EDGE('',*,*,#1002,.T.);
#446=ORIENTED_EDGE('',*,*,#1003,.F.);
#447=ORIENTED_EDGE('',*,*,#986,.F.);
#448=ORIENTED_EDGE('',*,*,#1004,.F.);
#449=ORIENTED_EDGE('',*,*,#1005,.T.);
#450=ORIENTED_EDGE('',*,*,#1006,.T.);
#451=ORIENTED_EDGE('',*,*,#1007,.T.);
#452=ORIENTED_EDGE('',*,*,#989,.F.);
#453=ORIENTED_EDGE('',*,*,#1008,.F.);
#454=ORIENTED_EDGE('',*,*,#1009,.F.);
#455=ORIENTED_EDGE('',*,*,#1010,.T.);
#456=ORIENTED_EDGE('',*,*,#992,.F.);
#457=ORIENTED_EDGE('',*,*,#1011,.F.);
#458=ORIENTED_EDGE('',*,*,#1012,.T.);
#459=ORIENTED_EDGE('',*,*,#1013,.F.);
#460=ORIENTED_EDGE('',*,*,#998,.F.);
#461=ORIENTED_EDGE('',*,*,#1014,.F.);
#462=ORIENTED_EDGE('',*,*,#1015,.T.);
#463=ORIENTED_EDGE('',*,*,#1016,.F.);
#464=ORIENTED_EDGE('',*,*,#1000,.F.);
#465=ORIENTED_EDGE('',*,*,#1017,.F.);
#466=ORIENTED_EDGE('',*,*,#1018,.T.);
#467=ORIENTED_EDGE('',*,*,#1019,.F.);
#468=ORIENTED_EDGE('',*,*,#1001,.F.);
#469=ORIENTED_EDGE('',*,*,#1020,.F.);
#470=ORIENTED_EDGE('',*,*,#1021,.T.);
#471=ORIENTED_EDGE('',*,*,#1022,.F.);
#472=ORIENTED_EDGE('',*,*,#1002,.F.);
#473=ORIENTED_EDGE('',*,*,#1023,.F.);
#474=ORIENTED_EDGE('',*,*,#1024,.T.);
#475=ORIENTED_EDGE('',*,*,#1025,.F.);
#476=ORIENTED_EDGE('',*,*,#1005,.F.);
#477=ORIENTED_EDGE('',*,*,#1026,.F.);
#478=ORIENTED_EDGE('',*,*,#1027,.T.);
#479=ORIENTED_EDGE('',*,*,#1028,.F.);
#480=ORIENTED_EDGE('',*,*,#1007,.F.);
#481=ORIENTED_EDGE('',*,*,#1006,.F.);
#482=ORIENTED_EDGE('',*,*,#1029,.F.);
#483=ORIENTED_EDGE('',*,*,#1030,.T.);
#484=ORIENTED_EDGE('',*,*,#1031,.T.);
#485=ORIENTED_EDGE('',*,*,#1032,.F.);
#486=ORIENTED_EDGE('',*,*,#1010,.F.);
#487=ORIENTED_EDGE('',*,*,#1033,.F.);
#488=ORIENTED_EDGE('',*,*,#1012,.F.);
#489=ORIENTED_EDGE('',*,*,#1031,.F.);
#490=ORIENTED_EDGE('',*,*,#1034,.T.);
#491=ORIENTED_EDGE('',*,*,#1035,.T.);
#492=ORIENTED_EDGE('',*,*,#1036,.T.);
#493=ORIENTED_EDGE('',*,*,#1037,.T.);
#494=ORIENTED_EDGE('',*,*,#1015,.F.);
#495=ORIENTED_EDGE('',*,*,#1038,.T.);
#496=ORIENTED_EDGE('',*,*,#1039,.F.);
#497=ORIENTED_EDGE('',*,*,#1018,.F.);
#498=ORIENTED_EDGE('',*,*,#1040,.F.);
#499=ORIENTED_EDGE('',*,*,#1041,.T.);
#500=ORIENTED_EDGE('',*,*,#1042,.F.);
#501=ORIENTED_EDGE('',*,*,#1021,.F.);
#502=ORIENTED_EDGE('',*,*,#1043,.F.);
#503=ORIENTED_EDGE('',*,*,#1044,.T.);
#504=ORIENTED_EDGE('',*,*,#1045,.T.);
#505=ORIENTED_EDGE('',*,*,#1024,.F.);
#506=ORIENTED_EDGE('',*,*,#1046,.T.);
#507=ORIENTED_EDGE('',*,*,#1047,.T.);
#508=ORIENTED_EDGE('',*,*,#1048,.F.);
#509=ORIENTED_EDGE('',*,*,#1030,.F.);
#510=ORIENTED_EDGE('',*,*,#1034,.F.);
#511=ORIENTED_EDGE('',*,*,#1049,.F.);
#512=ORIENTED_EDGE('',*,*,#1050,.F.);
#513=ORIENTED_EDGE('',*,*,#1051,.F.);
#514=ORIENTED_EDGE('',*,*,#1052,.F.);
#515=ORIENTED_EDGE('',*,*,#1036,.F.);
#516=ORIENTED_EDGE('',*,*,#1053,.F.);
#517=ORIENTED_EDGE('',*,*,#1054,.F.);
#518=ORIENTED_EDGE('',*,*,#1055,.F.);
#519=ORIENTED_EDGE('',*,*,#1056,.F.);
#520=ORIENTED_EDGE('',*,*,#1057,.T.);
#521=ORIENTED_EDGE('',*,*,#1058,.F.);
#522=ORIENTED_EDGE('',*,*,#1037,.F.);
#523=ORIENTED_EDGE('',*,*,#1059,.F.);
#524=ORIENTED_EDGE('',*,*,#1060,.T.);
#525=ORIENTED_EDGE('',*,*,#1061,.F.);
#526=ORIENTED_EDGE('',*,*,#1038,.F.);
#527=ORIENTED_EDGE('',*,*,#1062,.F.);
#528=ORIENTED_EDGE('',*,*,#1041,.F.);
#529=ORIENTED_EDGE('',*,*,#1063,.F.);
#530=ORIENTED_EDGE('',*,*,#1044,.F.);
#531=ORIENTED_EDGE('',*,*,#1064,.F.);
#532=ORIENTED_EDGE('',*,*,#1045,.F.);
#533=ORIENTED_EDGE('',*,*,#1065,.F.);
#534=ORIENTED_EDGE('',*,*,#1066,.F.);
#535=ORIENTED_EDGE('',*,*,#1046,.F.);
#536=ORIENTED_EDGE('',*,*,#1067,.F.);
#537=ORIENTED_EDGE('',*,*,#1057,.F.);
#538=ORIENTED_EDGE('',*,*,#1068,.F.);
#539=ORIENTED_EDGE('',*,*,#1060,.F.);
#540=ORIENTED_EDGE('',*,*,#1069,.F.);
#541=ORIENTED_EDGE('',*,*,#1070,.F.);
#542=ORIENTED_EDGE('',*,*,#1071,.T.);
#543=ORIENTED_EDGE('',*,*,#1027,.F.);
#544=ORIENTED_EDGE('',*,*,#1048,.T.);
#545=ORIENTED_EDGE('',*,*,#1072,.F.);
#546=ORIENTED_EDGE('',*,*,#1050,.T.);
#547=ORIENTED_EDGE('',*,*,#1073,.T.);
#548=ORIENTED_EDGE('',*,*,#1070,.T.);
#549=ORIENTED_EDGE('',*,*,#1074,.F.);
#550=ORIENTED_EDGE('',*,*,#1054,.T.);
#551=ORIENTED_EDGE('',*,*,#1051,.T.);
#552=ORIENTED_EDGE('',*,*,#1072,.T.);
#553=ORIENTED_EDGE('',*,*,#1075,.F.);
#554=ORIENTED_EDGE('',*,*,#1076,.T.);
#555=ORIENTED_EDGE('',*,*,#1055,.T.);
#556=ORIENTED_EDGE('',*,*,#1074,.T.);
#557=ORIENTED_EDGE('',*,*,#1047,.F.);
#558=ORIENTED_EDGE('',*,*,#1066,.T.);
#559=ORIENTED_EDGE('',*,*,#1077,.T.);
#560=ORIENTED_EDGE('',*,*,#1075,.T.);
#561=ORIENTED_EDGE('',*,*,#1078,.F.);
#562=ORIENTED_EDGE('',*,*,#985,.T.);
#563=ORIENTED_EDGE('',*,*,#948,.F.);
#564=ORIENTED_EDGE('',*,*,#963,.T.);
#565=ORIENTED_EDGE('',*,*,#1079,.F.);
#566=ORIENTED_EDGE('',*,*,#1080,.T.);
#567=ORIENTED_EDGE('',*,*,#982,.T.);
#568=ORIENTED_EDGE('',*,*,#1078,.T.);
#569=ORIENTED_EDGE('',*,*,#1081,.F.);
#570=ORIENTED_EDGE('',*,*,#979,.T.);
#571=ORIENTED_EDGE('',*,*,#1082,.T.);
#572=ORIENTED_EDGE('',*,*,#1079,.T.);
#573=ORIENTED_EDGE('',*,*,#1083,.F.);
#574=ORIENTED_EDGE('',*,*,#974,.T.);
#575=ORIENTED_EDGE('',*,*,#980,.T.);
#576=ORIENTED_EDGE('',*,*,#1081,.T.);
#577=ORIENTED_EDGE('',*,*,#962,.F.);
#578=ORIENTED_EDGE('',*,*,#1084,.T.);
#579=ORIENTED_EDGE('',*,*,#975,.T.);
#580=ORIENTED_EDGE('',*,*,#1083,.T.);
#581=ORIENTED_EDGE('',*,*,#1085,.F.);
#582=ORIENTED_EDGE('',*,*,#1086,.T.);
#583=ORIENTED_EDGE('',*,*,#1087,.T.);
#584=ORIENTED_EDGE('',*,*,#1088,.F.);
#585=ORIENTED_EDGE('',*,*,#1089,.T.);
#586=ORIENTED_EDGE('',*,*,#1090,.F.);
#587=ORIENTED_EDGE('',*,*,#1087,.F.);
#588=ORIENTED_EDGE('',*,*,#1091,.F.);
#589=ORIENTED_EDGE('',*,*,#1092,.F.);
#590=ORIENTED_EDGE('',*,*,#1093,.F.);
#591=ORIENTED_EDGE('',*,*,#1086,.F.);
#592=ORIENTED_EDGE('',*,*,#1094,.F.);
#593=ORIENTED_EDGE('',*,*,#1095,.F.);
#594=ORIENTED_EDGE('',*,*,#1096,.F.);
#595=ORIENTED_EDGE('',*,*,#1097,.F.);
#596=ORIENTED_EDGE('',*,*,#1089,.F.);
#597=ORIENTED_EDGE('',*,*,#1098,.T.);
#598=ORIENTED_EDGE('',*,*,#1099,.F.);
#599=ORIENTED_EDGE('',*,*,#1100,.F.);
#600=ORIENTED_EDGE('',*,*,#1098,.F.);
#601=ORIENTED_EDGE('',*,*,#1101,.F.);
#602=ORIENTED_EDGE('',*,*,#1102,.F.);
#603=ORIENTED_EDGE('',*,*,#1103,.T.);
#604=ORIENTED_EDGE('',*,*,#1104,.F.);
#605=ORIENTED_EDGE('',*,*,#1105,.F.);
#606=ORIENTED_EDGE('',*,*,#1106,.F.);
#607=ORIENTED_EDGE('',*,*,#1107,.T.);
#608=ORIENTED_EDGE('',*,*,#1108,.T.);
#609=ORIENTED_EDGE('',*,*,#1103,.F.);
#610=ORIENTED_EDGE('',*,*,#1109,.T.);
#611=ORIENTED_EDGE('',*,*,#1110,.F.);
#612=ORIENTED_EDGE('',*,*,#1107,.F.);
#613=ORIENTED_EDGE('',*,*,#1111,.F.);
#614=ORIENTED_EDGE('',*,*,#1112,.T.);
#615=ORIENTED_EDGE('',*,*,#1113,.F.);
#616=ORIENTED_EDGE('',*,*,#1108,.F.);
#617=ORIENTED_EDGE('',*,*,#1114,.F.);
#618=ORIENTED_EDGE('',*,*,#1115,.T.);
#619=ORIENTED_EDGE('',*,*,#1116,.T.);
#620=ORIENTED_EDGE('',*,*,#1109,.F.);
#621=ORIENTED_EDGE('',*,*,#1117,.T.);
#622=ORIENTED_EDGE('',*,*,#1118,.F.);
#623=ORIENTED_EDGE('',*,*,#1112,.F.);
#624=ORIENTED_EDGE('',*,*,#1119,.F.);
#625=ORIENTED_EDGE('',*,*,#1120,.F.);
#626=ORIENTED_EDGE('',*,*,#1121,.F.);
#627=ORIENTED_EDGE('',*,*,#1115,.F.);
#628=ORIENTED_EDGE('',*,*,#1122,.F.);
#629=ORIENTED_EDGE('',*,*,#1123,.T.);
#630=ORIENTED_EDGE('',*,*,#1124,.F.);
#631=ORIENTED_EDGE('',*,*,#1116,.F.);
#632=ORIENTED_EDGE('',*,*,#1125,.F.);
#633=ORIENTED_EDGE('',*,*,#1126,.T.);
#634=ORIENTED_EDGE('',*,*,#1127,.T.);
#635=ORIENTED_EDGE('',*,*,#1117,.F.);
#636=ORIENTED_EDGE('',*,*,#1128,.T.);
#637=ORIENTED_EDGE('',*,*,#1129,.T.);
#638=ORIENTED_EDGE('',*,*,#1123,.F.);
#639=ORIENTED_EDGE('',*,*,#1130,.T.);
#640=ORIENTED_EDGE('',*,*,#1131,.T.);
#641=ORIENTED_EDGE('',*,*,#1132,.F.);
#642=ORIENTED_EDGE('',*,*,#1126,.F.);
#643=ORIENTED_EDGE('',*,*,#1133,.F.);
#644=ORIENTED_EDGE('',*,*,#1134,.T.);
#645=ORIENTED_EDGE('',*,*,#1135,.F.);
#646=ORIENTED_EDGE('',*,*,#1127,.F.);
#647=ORIENTED_EDGE('',*,*,#1136,.F.);
#648=ORIENTED_EDGE('',*,*,#1137,.F.);
#649=ORIENTED_EDGE('',*,*,#1138,.F.);
#650=ORIENTED_EDGE('',*,*,#1130,.F.);
#651=ORIENTED_EDGE('',*,*,#1139,.F.);
#652=ORIENTED_EDGE('',*,*,#1140,.T.);
#653=ORIENTED_EDGE('',*,*,#1141,.F.);
#654=ORIENTED_EDGE('',*,*,#1128,.F.);
#655=ORIENTED_EDGE('',*,*,#1142,.F.);
#656=ORIENTED_EDGE('',*,*,#1131,.F.);
#657=ORIENTED_EDGE('',*,*,#1140,.F.);
#658=ORIENTED_EDGE('',*,*,#1143,.T.);
#659=ORIENTED_EDGE('',*,*,#1144,.T.);
#660=ORIENTED_EDGE('',*,*,#1145,.T.);
#661=ORIENTED_EDGE('',*,*,#1134,.F.);
#662=ORIENTED_EDGE('',*,*,#1146,.T.);
#663=ORIENTED_EDGE('',*,*,#1147,.F.);
#664=ORIENTED_EDGE('',*,*,#1143,.F.);
#665=ORIENTED_EDGE('',*,*,#1148,.F.);
#666=ORIENTED_EDGE('',*,*,#1149,.T.);
#667=ORIENTED_EDGE('',*,*,#1150,.F.);
#668=ORIENTED_EDGE('',*,*,#1144,.F.);
#669=ORIENTED_EDGE('',*,*,#1151,.F.);
#670=ORIENTED_EDGE('',*,*,#1152,.F.);
#671=ORIENTED_EDGE('',*,*,#1153,.F.);
#672=ORIENTED_EDGE('',*,*,#1145,.F.);
#673=ORIENTED_EDGE('',*,*,#1154,.F.);
#674=ORIENTED_EDGE('',*,*,#1146,.F.);
#675=ORIENTED_EDGE('',*,*,#1155,.T.);
#676=ORIENTED_EDGE('',*,*,#1149,.F.);
#677=ORIENTED_EDGE('',*,*,#1155,.F.);
#678=ORIENTED_EDGE('',*,*,#1156,.F.);
#679=ORIENTED_EDGE('',*,*,#1157,.F.);
#680=ORIENTED_EDGE('',*,*,#1158,.F.);
#681=ORIENTED_EDGE('',*,*,#1159,.F.);
#682=ORIENTED_EDGE('',*,*,#1160,.F.);
#683=ORIENTED_EDGE('',*,*,#1161,.T.);
#684=ORIENTED_EDGE('',*,*,#1162,.F.);
#685=ORIENTED_EDGE('',*,*,#1163,.T.);
#686=ORIENTED_EDGE('',*,*,#1164,.T.);
#687=ORIENTED_EDGE('',*,*,#1161,.F.);
#688=ORIENTED_EDGE('',*,*,#1165,.F.);
#689=ORIENTED_EDGE('',*,*,#1166,.F.);
#690=ORIENTED_EDGE('',*,*,#1163,.F.);
#691=ORIENTED_EDGE('',*,*,#1167,.F.);
#692=ORIENTED_EDGE('',*,*,#1168,.F.);
#693=ORIENTED_EDGE('',*,*,#1169,.T.);
#694=ORIENTED_EDGE('',*,*,#1170,.F.);
#695=ORIENTED_EDGE('',*,*,#1164,.F.);
#696=ORIENTED_EDGE('',*,*,#1171,.F.);
#697=ORIENTED_EDGE('',*,*,#1172,.T.);
#698=ORIENTED_EDGE('',*,*,#1173,.T.);
#699=ORIENTED_EDGE('',*,*,#1169,.F.);
#700=ORIENTED_EDGE('',*,*,#1174,.F.);
#701=ORIENTED_EDGE('',*,*,#1175,.F.);
#702=ORIENTED_EDGE('',*,*,#1172,.F.);
#703=ORIENTED_EDGE('',*,*,#1176,.F.);
#704=ORIENTED_EDGE('',*,*,#1177,.F.);
#705=ORIENTED_EDGE('',*,*,#1178,.F.);
#706=ORIENTED_EDGE('',*,*,#1179,.F.);
#707=ORIENTED_EDGE('',*,*,#1173,.F.);
#708=ORIENTED_EDGE('',*,*,#1180,.F.);
#709=ORIENTED_EDGE('',*,*,#1181,.F.);
#710=ORIENTED_EDGE('',*,*,#1165,.T.);
#711=ORIENTED_EDGE('',*,*,#1182,.T.);
#712=ORIENTED_EDGE('',*,*,#1183,.F.);
#713=ORIENTED_EDGE('',*,*,#1184,.T.);
#714=ORIENTED_EDGE('',*,*,#1177,.T.);
#715=ORIENTED_EDGE('',*,*,#1185,.F.);
#716=ORIENTED_EDGE('',*,*,#1174,.T.);
#717=ORIENTED_EDGE('',*,*,#1184,.F.);
#718=ORIENTED_EDGE('',*,*,#1186,.F.);
#719=ORIENTED_EDGE('',*,*,#1187,.T.);
#720=ORIENTED_EDGE('',*,*,#1095,.T.);
#721=ORIENTED_EDGE('',*,*,#1182,.F.);
#722=ORIENTED_EDGE('',*,*,#1168,.T.);
#723=ORIENTED_EDGE('',*,*,#1188,.F.);
#724=ORIENTED_EDGE('',*,*,#1099,.T.);
#725=ORIENTED_EDGE('',*,*,#1189,.T.);
#726=ORIENTED_EDGE('',*,*,#1190,.F.);
#727=ORIENTED_EDGE('',*,*,#1189,.F.);
#728=ORIENTED_EDGE('',*,*,#1102,.T.);
#729=ORIENTED_EDGE('',*,*,#1191,.F.);
#730=ORIENTED_EDGE('',*,*,#1092,.T.);
#731=ORIENTED_EDGE('',*,*,#1187,.F.);
#732=ORIENTED_EDGE('',*,*,#1192,.F.);
#733=ORIENTED_EDGE('',*,*,#1193,.T.);
#734=ORIENTED_EDGE('',*,*,#1194,.T.);
#735=ORIENTED_EDGE('',*,*,#1195,.T.);
#736=ORIENTED_EDGE('',*,*,#1196,.T.);
#737=ORIENTED_EDGE('',*,*,#1197,.F.);
#738=ORIENTED_EDGE('',*,*,#1198,.T.);
#739=ORIENTED_EDGE('',*,*,#1194,.F.);
#740=ORIENTED_EDGE('',*,*,#1199,.F.);
#741=ORIENTED_EDGE('',*,*,#1200,.F.);
#742=ORIENTED_EDGE('',*,*,#1201,.T.);
#743=ORIENTED_EDGE('',*,*,#1195,.F.);
#744=ORIENTED_EDGE('',*,*,#1198,.F.);
#745=ORIENTED_EDGE('',*,*,#1202,.F.);
#746=ORIENTED_EDGE('',*,*,#1203,.T.);
#747=ORIENTED_EDGE('',*,*,#1196,.F.);
#748=ORIENTED_EDGE('',*,*,#1201,.F.);
#749=ORIENTED_EDGE('',*,*,#1204,.F.);
#750=ORIENTED_EDGE('',*,*,#1199,.T.);
#751=ORIENTED_EDGE('',*,*,#1193,.F.);
#752=ORIENTED_EDGE('',*,*,#1203,.F.);
#753=ORIENTED_EDGE('',*,*,#1205,.T.);
#754=ORIENTED_EDGE('',*,*,#1206,.F.);
#755=ORIENTED_EDGE('',*,*,#1207,.T.);
#756=ORIENTED_EDGE('',*,*,#1208,.F.);
#757=ORIENTED_EDGE('',*,*,#1209,.F.);
#758=ORIENTED_EDGE('',*,*,#1043,.T.);
#759=ORIENTED_EDGE('',*,*,#1210,.F.);
#760=ORIENTED_EDGE('',*,*,#1068,.T.);
#761=ORIENTED_EDGE('',*,*,#1211,.F.);
#762=ORIENTED_EDGE('',*,*,#1004,.T.);
#763=ORIENTED_EDGE('',*,*,#1212,.F.);
#764=ORIENTED_EDGE('',*,*,#1039,.T.);
#765=ORIENTED_EDGE('',*,*,#1212,.T.);
#766=ORIENTED_EDGE('',*,*,#988,.T.);
#767=ORIENTED_EDGE('',*,*,#983,.T.);
#768=ORIENTED_EDGE('',*,*,#1080,.F.);
#769=ORIENTED_EDGE('',*,*,#1082,.F.);
#770=ORIENTED_EDGE('',*,*,#978,.T.);
#771=ORIENTED_EDGE('',*,*,#1019,.T.);
#772=ORIENTED_EDGE('',*,*,#1065,.T.);
#773=ORIENTED_EDGE('',*,*,#1063,.T.);
#774=ORIENTED_EDGE('',*,*,#1209,.T.);
#775=ORIENTED_EDGE('',*,*,#1059,.T.);
#776=ORIENTED_EDGE('',*,*,#1056,.T.);
#777=ORIENTED_EDGE('',*,*,#1076,.F.);
#778=ORIENTED_EDGE('',*,*,#1077,.F.);
#779=ORIENTED_EDGE('',*,*,#1210,.T.);
#780=ORIENTED_EDGE('',*,*,#1023,.T.);
#781=ORIENTED_EDGE('',*,*,#1211,.T.);
#782=ORIENTED_EDGE('',*,*,#1061,.T.);
#783=ORIENTED_EDGE('',*,*,#1207,.F.);
#784=ORIENTED_EDGE('',*,*,#1205,.F.);
#785=ORIENTED_EDGE('',*,*,#1020,.T.);
#786=ORIENTED_EDGE('',*,*,#1016,.T.);
#787=ORIENTED_EDGE('',*,*,#1058,.T.);
#788=ORIENTED_EDGE('',*,*,#1069,.T.);
#789=ORIENTED_EDGE('',*,*,#1062,.T.);
#790=ORIENTED_EDGE('',*,*,#1040,.T.);
#791=ORIENTED_EDGE('',*,*,#1067,.T.);
#792=ORIENTED_EDGE('',*,*,#1029,.T.);
#793=ORIENTED_EDGE('',*,*,#1025,.T.);
#794=ORIENTED_EDGE('',*,*,#981,.T.);
#795=ORIENTED_EDGE('',*,*,#973,.T.);
#796=ORIENTED_EDGE('',*,*,#999,.F.);
#797=ORIENTED_EDGE('',*,*,#1013,.T.);
#798=ORIENTED_EDGE('',*,*,#1035,.F.);
#799=ORIENTED_EDGE('',*,*,#1052,.T.);
#800=ORIENTED_EDGE('',*,*,#1053,.T.);
#801=ORIENTED_EDGE('',*,*,#1017,.T.);
#802=ORIENTED_EDGE('',*,*,#954,.T.);
#803=ORIENTED_EDGE('',*,*,#949,.T.);
#804=ORIENTED_EDGE('',*,*,#984,.T.);
#805=ORIENTED_EDGE('',*,*,#1213,.F.);
#806=ORIENTED_EDGE('',*,*,#966,.T.);
#807=ORIENTED_EDGE('',*,*,#990,.T.);
#808=ORIENTED_EDGE('',*,*,#1028,.T.);
#809=ORIENTED_EDGE('',*,*,#1071,.F.);
#810=ORIENTED_EDGE('',*,*,#1073,.F.);
#811=ORIENTED_EDGE('',*,*,#1049,.T.);
#812=ORIENTED_EDGE('',*,*,#1033,.T.);
#813=ORIENTED_EDGE('',*,*,#1009,.T.);
#814=ORIENTED_EDGE('',*,*,#961,.F.);
#815=ORIENTED_EDGE('',*,*,#950,.T.);
#816=ORIENTED_EDGE('',*,*,#937,.T.);
#817=ORIENTED_EDGE('',*,*,#959,.T.);
#818=ORIENTED_EDGE('',*,*,#996,.T.);
#819=ORIENTED_EDGE('',*,*,#976,.T.);
#820=ORIENTED_EDGE('',*,*,#1084,.F.);
#821=ORIENTED_EDGE('',*,*,#1208,.T.);
#822=ORIENTED_EDGE('',*,*,#1206,.T.);
#823=ORIENTED_EDGE('',*,*,#1026,.T.);
#824=ORIENTED_EDGE('',*,*,#1008,.T.);
#825=ORIENTED_EDGE('',*,*,#991,.T.);
#826=ORIENTED_EDGE('',*,*,#957,.T.);
#827=ORIENTED_EDGE('',*,*,#939,.T.);
#828=ORIENTED_EDGE('',*,*,#942,.T.);
#829=ORIENTED_EDGE('',*,*,#941,.T.);
#830=ORIENTED_EDGE('',*,*,#953,.T.);
#831=ORIENTED_EDGE('',*,*,#987,.T.);
#832=ORIENTED_EDGE('',*,*,#1003,.T.);
#833=ORIENTED_EDGE('',*,*,#1022,.T.);
#834=ORIENTED_EDGE('',*,*,#1042,.T.);
#835=ORIENTED_EDGE('',*,*,#1064,.T.);
#836=ORIENTED_EDGE('',*,*,#997,.T.);
#837=ORIENTED_EDGE('',*,*,#993,.T.);
#838=ORIENTED_EDGE('',*,*,#1032,.T.);
#839=ORIENTED_EDGE('',*,*,#1014,.T.);
#840=ORIENTED_EDGE('',*,*,#1111,.T.);
#841=ORIENTED_EDGE('',*,*,#1106,.T.);
#842=ORIENTED_EDGE('',*,*,#1214,.T.);
#843=ORIENTED_EDGE('',*,*,#1122,.T.);
#844=ORIENTED_EDGE('',*,*,#1125,.T.);
#845=ORIENTED_EDGE('',*,*,#1121,.T.);
#846=ORIENTED_EDGE('',*,*,#1215,.T.);
#847=ORIENTED_EDGE('',*,*,#1139,.T.);
#848=ORIENTED_EDGE('',*,*,#1216,.T.);
#849=ORIENTED_EDGE('',*,*,#1104,.T.);
#850=ORIENTED_EDGE('',*,*,#1113,.T.);
#851=ORIENTED_EDGE('',*,*,#1217,.T.);
#852=ORIENTED_EDGE('',*,*,#1135,.T.);
#853=ORIENTED_EDGE('',*,*,#1153,.T.);
#854=ORIENTED_EDGE('',*,*,#1218,.T.);
#855=ORIENTED_EDGE('',*,*,#1159,.T.);
#856=ORIENTED_EDGE('',*,*,#1219,.T.);
#857=ORIENTED_EDGE('',*,*,#1217,.F.);
#858=ORIENTED_EDGE('',*,*,#1118,.T.);
#859=ORIENTED_EDGE('',*,*,#1133,.T.);
#860=ORIENTED_EDGE('',*,*,#1119,.T.);
#861=ORIENTED_EDGE('',*,*,#1114,.T.);
#862=ORIENTED_EDGE('',*,*,#1110,.T.);
#863=ORIENTED_EDGE('',*,*,#1124,.T.);
#864=ORIENTED_EDGE('',*,*,#1129,.F.);
#865=ORIENTED_EDGE('',*,*,#1141,.T.);
#866=ORIENTED_EDGE('',*,*,#1142,.T.);
#867=ORIENTED_EDGE('',*,*,#1138,.T.);
#868=ORIENTED_EDGE('',*,*,#1220,.T.);
#869=ORIENTED_EDGE('',*,*,#1178,.T.);
#870=ORIENTED_EDGE('',*,*,#1221,.T.);
#871=ORIENTED_EDGE('',*,*,#1156,.T.);
#872=ORIENTED_EDGE('',*,*,#1148,.T.);
#873=ORIENTED_EDGE('',*,*,#1222,.T.);
#874=ORIENTED_EDGE('',*,*,#1154,.T.);
#875=ORIENTED_EDGE('',*,*,#1150,.T.);
#876=ORIENTED_EDGE('',*,*,#1158,.T.);
#877=ORIENTED_EDGE('',*,*,#1223,.T.);
#878=ORIENTED_EDGE('',*,*,#1088,.T.);
#879=ORIENTED_EDGE('',*,*,#1090,.T.);
#880=ORIENTED_EDGE('',*,*,#1097,.T.);
#881=ORIENTED_EDGE('',*,*,#1219,.F.);
#882=ORIENTED_EDGE('',*,*,#1162,.T.);
#883=ORIENTED_EDGE('',*,*,#1170,.T.);
#884=ORIENTED_EDGE('',*,*,#1179,.T.);
#885=ORIENTED_EDGE('',*,*,#1220,.F.);
#886=ORIENTED_EDGE('',*,*,#1137,.T.);
#887=ORIENTED_EDGE('',*,*,#1215,.F.);
#888=ORIENTED_EDGE('',*,*,#1120,.T.);
#889=ORIENTED_EDGE('',*,*,#1214,.F.);
#890=ORIENTED_EDGE('',*,*,#1105,.T.);
#891=ORIENTED_EDGE('',*,*,#1216,.F.);
#892=ORIENTED_EDGE('',*,*,#971,.F.);
#893=ORIENTED_EDGE('',*,*,#960,.T.);
#894=ORIENTED_EDGE('',*,*,#945,.F.);
#895=ORIENTED_EDGE('',*,*,#956,.T.);
#896=ORIENTED_EDGE('',*,*,#967,.T.);
#897=ORIENTED_EDGE('',*,*,#1213,.T.);
#898=ORIENTED_EDGE('',*,*,#1011,.T.);
#899=ORIENTED_EDGE('',*,*,#994,.T.);
#900=ORIENTED_EDGE('',*,*,#1186,.T.);
#901=ORIENTED_EDGE('',*,*,#1183,.T.);
#902=ORIENTED_EDGE('',*,*,#1190,.T.);
#903=ORIENTED_EDGE('',*,*,#1192,.T.);
#904=ORIENTED_EDGE('',*,*,#1191,.T.);
#905=ORIENTED_EDGE('',*,*,#1101,.T.);
#906=ORIENTED_EDGE('',*,*,#1091,.T.);
#907=ORIENTED_EDGE('',*,*,#1093,.T.);
#908=ORIENTED_EDGE('',*,*,#1221,.F.);
#909=ORIENTED_EDGE('',*,*,#1180,.T.);
#910=ORIENTED_EDGE('',*,*,#1175,.T.);
#911=ORIENTED_EDGE('',*,*,#1185,.T.);
#912=ORIENTED_EDGE('',*,*,#1094,.T.);
#913=ORIENTED_EDGE('',*,*,#1085,.T.);
#914=ORIENTED_EDGE('',*,*,#1223,.F.);
#915=ORIENTED_EDGE('',*,*,#1157,.T.);
#916=ORIENTED_EDGE('',*,*,#1171,.T.);
#917=ORIENTED_EDGE('',*,*,#1166,.T.);
#918=ORIENTED_EDGE('',*,*,#1181,.T.);
#919=ORIENTED_EDGE('',*,*,#1176,.T.);
#920=ORIENTED_EDGE('',*,*,#1167,.T.);
#921=ORIENTED_EDGE('',*,*,#1160,.T.);
#922=ORIENTED_EDGE('',*,*,#1218,.F.);
#923=ORIENTED_EDGE('',*,*,#1152,.T.);
#924=ORIENTED_EDGE('',*,*,#1222,.F.);
#925=ORIENTED_EDGE('',*,*,#1096,.T.);
#926=ORIENTED_EDGE('',*,*,#1100,.T.);
#927=ORIENTED_EDGE('',*,*,#1188,.T.);
#928=ORIENTED_EDGE('',*,*,#1204,.T.);
#929=ORIENTED_EDGE('',*,*,#1202,.T.);
#930=ORIENTED_EDGE('',*,*,#1200,.T.);
#931=ORIENTED_EDGE('',*,*,#1197,.T.);
#932=ORIENTED_EDGE('',*,*,#1151,.T.);
#933=ORIENTED_EDGE('',*,*,#1136,.T.);
#934=ORIENTED_EDGE('',*,*,#1132,.T.);
#935=ORIENTED_EDGE('',*,*,#1147,.T.);
#936=EDGE_CURVE('',#1224,#1225,#1394,.T.);
#937=EDGE_CURVE('',#1226,#1225,#148,.T.);
#938=EDGE_CURVE('',#1226,#1227,#1395,.T.);
#939=EDGE_CURVE('',#1224,#1227,#149,.T.);
#940=EDGE_CURVE('',#1228,#1229,#1396,.T.);
#941=EDGE_CURVE('',#1230,#1229,#87,.T.);
#942=EDGE_CURVE('',#1227,#1230,#88,.T.);
#943=EDGE_CURVE('',#1226,#1231,#89,.F.);
#944=EDGE_CURVE('',#1231,#1228,#90,.F.);
#945=EDGE_CURVE('',#1232,#1233,#1397,.T.);
#946=EDGE_CURVE('',#1233,#1225,#1398,.T.);
#947=EDGE_CURVE('',#1224,#1232,#1399,.T.);
#948=EDGE_CURVE('',#1234,#1235,#91,.T.);
#949=EDGE_CURVE('',#1228,#1235,#1400,.T.);
#950=EDGE_CURVE('',#1236,#1226,#1401,.T.);
#951=EDGE_CURVE('',#1236,#1234,#92,.T.);
#952=EDGE_CURVE('',#1237,#1238,#1402,.T.);
#953=EDGE_CURVE('',#1229,#1238,#150,.T.);
#954=EDGE_CURVE('',#1237,#1228,#151,.T.);
#955=EDGE_CURVE('',#1239,#1240,#1403,.T.);
#956=EDGE_CURVE('',#1232,#1240,#152,.T.);
#957=EDGE_CURVE('',#1239,#1224,#153,.T.);
#958=EDGE_CURVE('',#1241,#1242,#1404,.T.);
#959=EDGE_CURVE('',#1225,#1242,#1405,.T.);
#960=EDGE_CURVE('',#1241,#1233,#1406,.T.);
#961=EDGE_CURVE('',#1236,#1243,#1407,.T.);
#962=EDGE_CURVE('',#1243,#1244,#93,.T.);
#963=EDGE_CURVE('',#1234,#1244,#94,.T.);
#964=EDGE_CURVE('',#1237,#1245,#1408,.T.);
#965=EDGE_CURVE('',#1245,#1238,#1409,.T.);
#966=EDGE_CURVE('',#1246,#1247,#95,.T.);
#967=EDGE_CURVE('',#1240,#1246,#1410,.T.);
#968=EDGE_CURVE('',#1239,#1247,#1411,.T.);
#969=EDGE_CURVE('',#1248,#1249,#1412,.T.);
#970=EDGE_CURVE('',#1249,#1242,#1413,.T.);
#971=EDGE_CURVE('',#1241,#1248,#1414,.T.);
#972=EDGE_CURVE('',#1250,#1251,#1415,.T.);
#973=EDGE_CURVE('',#1252,#1251,#1416,.T.);
#974=EDGE_CURVE('',#1253,#1252,#96,.F.);
#975=EDGE_CURVE('',#1254,#1253,#97,.F.);
#976=EDGE_CURVE('',#1250,#1254,#1417,.T.);
#977=EDGE_CURVE('',#1255,#1256,#1418,.T.);
#978=EDGE_CURVE('',#1257,#1256,#154,.T.);
#979=EDGE_CURVE('',#1258,#1257,#98,.F.);
#980=EDGE_CURVE('',#1252,#1258,#99,.F.);
#981=EDGE_CURVE('',#1255,#1252,#155,.T.);
#982=EDGE_CURVE('',#1259,#1260,#100,.F.);
#983=EDGE_CURVE('',#1245,#1259,#156,.T.);
#984=EDGE_CURVE('',#1235,#1237,#157,.T.);
#985=EDGE_CURVE('',#1260,#1235,#101,.F.);
#986=EDGE_CURVE('',#1261,#1262,#1419,.T.);
#987=EDGE_CURVE('',#1238,#1262,#158,.T.);
#988=EDGE_CURVE('',#1261,#1245,#159,.T.);
#989=EDGE_CURVE('',#1263,#1264,#1420,.T.);
#990=EDGE_CURVE('',#1247,#1264,#160,.T.);
#991=EDGE_CURVE('',#1263,#1239,#161,.T.);
#992=EDGE_CURVE('',#1265,#1266,#1421,.T.);
#993=EDGE_CURVE('',#1249,#1266,#162,.T.);
#994=EDGE_CURVE('',#1265,#1248,#163,.T.);
#995=EDGE_CURVE('',#1267,#1250,#1422,.T.);
#996=EDGE_CURVE('',#1242,#1250,#164,.T.);
#997=EDGE_CURVE('',#1267,#1249,#165,.T.);
#998=EDGE_CURVE('',#1267,#1268,#1423,.T.);
#999=EDGE_CURVE('',#1268,#1251,#1424,.T.);
#1000=EDGE_CURVE('',#1255,#1269,#1425,.T.);
#1001=EDGE_CURVE('',#1269,#1256,#1426,.T.);
#1002=EDGE_CURVE('',#1270,#1271,#1427,.T.);
#1003=EDGE_CURVE('',#1262,#1271,#1428,.T.);
#1004=EDGE_CURVE('',#1270,#1261,#1429,.T.);
#1005=EDGE_CURVE('',#1272,#1273,#1430,.T.);
#1006=EDGE_CURVE('',#1273,#1274,#102,.F.);
#1007=EDGE_CURVE('',#1274,#1264,#103,.F.);
#1008=EDGE_CURVE('',#1272,#1263,#104,.T.);
#1009=EDGE_CURVE('',#1275,#1276,#105,.T.);
#1010=EDGE_CURVE('',#1275,#1266,#1431,.T.);
#1011=EDGE_CURVE('',#1276,#1265,#1432,.T.);
#1012=EDGE_CURVE('',#1277,#1278,#1433,.T.);
#1013=EDGE_CURVE('',#1268,#1278,#166,.T.);
#1014=EDGE_CURVE('',#1277,#1267,#167,.T.);
#1015=EDGE_CURVE('',#1279,#1280,#1434,.T.);
#1016=EDGE_CURVE('',#1269,#1280,#168,.T.);
#1017=EDGE_CURVE('',#1279,#1255,#169,.T.);
#1018=EDGE_CURVE('',#1281,#1282,#1435,.T.);
#1019=EDGE_CURVE('',#1256,#1282,#170,.T.);
#1020=EDGE_CURVE('',#1281,#1269,#171,.T.);
#1021=EDGE_CURVE('',#1283,#1284,#1436,.T.);
#1022=EDGE_CURVE('',#1271,#1284,#172,.T.);
#1023=EDGE_CURVE('',#1283,#1270,#173,.T.);
#1024=EDGE_CURVE('',#1285,#1286,#1437,.T.);
#1025=EDGE_CURVE('',#1273,#1286,#174,.T.);
#1026=EDGE_CURVE('',#1285,#1272,#175,.T.);
#1027=EDGE_CURVE('',#1287,#1288,#106,.T.);
#1028=EDGE_CURVE('',#1264,#1288,#1438,.T.);
#1029=EDGE_CURVE('',#1289,#1273,#1439,.T.);
#1030=EDGE_CURVE('',#1289,#1287,#107,.T.);
#1031=EDGE_CURVE('',#1290,#1277,#1440,.T.);
#1032=EDGE_CURVE('',#1266,#1277,#176,.T.);
#1033=EDGE_CURVE('',#1290,#1275,#177,.T.);
#1034=EDGE_CURVE('',#1290,#1291,#1441,.T.);
#1035=EDGE_CURVE('',#1291,#1278,#1442,.T.);
#1036=EDGE_CURVE('',#1279,#1292,#1443,.T.);
#1037=EDGE_CURVE('',#1292,#1280,#1444,.T.);
#1038=EDGE_CURVE('',#1293,#1294,#1445,.T.);
#1039=EDGE_CURVE('',#1282,#1294,#1446,.T.);
#1040=EDGE_CURVE('',#1293,#1281,#1447,.T.);
#1041=EDGE_CURVE('',#1295,#1296,#1448,.T.);
#1042=EDGE_CURVE('',#1284,#1296,#1449,.T.);
#1043=EDGE_CURVE('',#1295,#1283,#1450,.T.);
#1044=EDGE_CURVE('',#1285,#1297,#1451,.T.);
#1045=EDGE_CURVE('',#1297,#1286,#1452,.T.);
#1046=EDGE_CURVE('',#1289,#1298,#108,.F.);
#1047=EDGE_CURVE('',#1298,#1299,#109,.T.);
#1048=EDGE_CURVE('',#1287,#1299,#110,.T.);
#1049=EDGE_CURVE('',#1300,#1290,#1453,.T.);
#1050=EDGE_CURVE('',#1301,#1300,#111,.F.);
#1051=EDGE_CURVE('',#1302,#1301,#112,.F.);
#1052=EDGE_CURVE('',#1291,#1302,#1454,.T.);
#1053=EDGE_CURVE('',#1302,#1279,#178,.T.);
#1054=EDGE_CURVE('',#1303,#1302,#113,.F.);
#1055=EDGE_CURVE('',#1304,#1303,#114,.F.);
#1056=EDGE_CURVE('',#1292,#1304,#179,.T.);
#1057=EDGE_CURVE('',#1305,#1306,#1455,.T.);
#1058=EDGE_CURVE('',#1280,#1306,#180,.T.);
#1059=EDGE_CURVE('',#1305,#1292,#181,.T.);
#1060=EDGE_CURVE('',#1307,#1308,#1456,.T.);
#1061=EDGE_CURVE('',#1294,#1308,#182,.T.);
#1062=EDGE_CURVE('',#1307,#1293,#183,.T.);
#1063=EDGE_CURVE('',#1297,#1295,#184,.T.);
#1064=EDGE_CURVE('',#1296,#1285,#185,.T.);
#1065=EDGE_CURVE('',#1309,#1297,#186,.T.);
#1066=EDGE_CURVE('',#1298,#1309,#115,.F.);
#1067=EDGE_CURVE('',#1286,#1289,#187,.T.);
#1068=EDGE_CURVE('',#1308,#1305,#1457,.T.);
#1069=EDGE_CURVE('',#1306,#1307,#1458,.T.);
#1070=EDGE_CURVE('',#1310,#1299,#116,.T.);
#1071=EDGE_CURVE('',#1310,#1288,#1459,.T.);
#1072=EDGE_CURVE('',#1301,#1299,#117,.T.);
#1073=EDGE_CURVE('',#1300,#1310,#1460,.T.);
#1074=EDGE_CURVE('',#1303,#1299,#118,.T.);
#1075=EDGE_CURVE('',#1311,#1299,#119,.T.);
#1076=EDGE_CURVE('',#1311,#1304,#188,.T.);
#1077=EDGE_CURVE('',#1309,#1311,#189,.T.);
#1078=EDGE_CURVE('',#1260,#1244,#120,.T.);
#1079=EDGE_CURVE('',#1312,#1244,#121,.T.);
#1080=EDGE_CURVE('',#1312,#1259,#190,.T.);
#1081=EDGE_CURVE('',#1258,#1244,#122,.T.);
#1082=EDGE_CURVE('',#1257,#1312,#191,.T.);
#1083=EDGE_CURVE('',#1253,#1244,#123,.T.);
#1084=EDGE_CURVE('',#1243,#1254,#1461,.T.);
#1085=EDGE_CURVE('',#1313,#1314,#124,.T.);
#1086=EDGE_CURVE('',#1313,#1315,#1462,.T.);
#1087=EDGE_CURVE('',#1315,#1316,#1463,.T.);
#1088=EDGE_CURVE('',#1314,#1316,#1464,.T.);
#1089=EDGE_CURVE('',#1317,#1318,#1465,.T.);
#1090=EDGE_CURVE('',#1316,#1318,#192,.T.);
#1091=EDGE_CURVE('',#1317,#1315,#193,.T.);
#1092=EDGE_CURVE('',#1319,#1320,#48,.T.);
#1093=EDGE_CURVE('',#1315,#1319,#194,.T.);
#1094=EDGE_CURVE('',#1321,#1313,#195,.T.);
#1095=EDGE_CURVE('',#1320,#1321,#125,.T.);
#1096=EDGE_CURVE('',#1322,#1323,#126,.T.);
#1097=EDGE_CURVE('',#1318,#1322,#1466,.T.);
#1098=EDGE_CURVE('',#1317,#1323,#1467,.T.);
#1099=EDGE_CURVE('',#1324,#1325,#127,.T.);
#1100=EDGE_CURVE('',#1323,#1324,#196,.T.);
#1101=EDGE_CURVE('',#1326,#1317,#197,.T.);
#1102=EDGE_CURVE('',#1325,#1326,#49,.T.);
#1103=EDGE_CURVE('',#1327,#1328,#1468,.T.);
#1104=EDGE_CURVE('',#1329,#1328,#198,.T.);
#1105=EDGE_CURVE('',#1330,#1329,#1469,.T.);
#1106=EDGE_CURVE('',#1327,#1330,#199,.T.);
#1107=EDGE_CURVE('',#1327,#1331,#1470,.T.);
#1108=EDGE_CURVE('',#1331,#1328,#1471,.T.);
#1109=EDGE_CURVE('',#1332,#1333,#1472,.T.);
#1110=EDGE_CURVE('',#1331,#1333,#200,.T.);
#1111=EDGE_CURVE('',#1332,#1327,#201,.T.);
#1112=EDGE_CURVE('',#1334,#1335,#128,.T.);
#1113=EDGE_CURVE('',#1328,#1335,#1473,.T.);
#1114=EDGE_CURVE('',#1334,#1331,#1474,.T.);
#1115=EDGE_CURVE('',#1332,#1336,#1475,.T.);
#1116=EDGE_CURVE('',#1336,#1333,#1476,.T.);
#1117=EDGE_CURVE('',#1337,#1338,#1477,.T.);
#1118=EDGE_CURVE('',#1335,#1338,#202,.T.);
#1119=EDGE_CURVE('',#1337,#1334,#203,.T.);
#1120=EDGE_CURVE('',#1339,#1340,#1478,.T.);
#1121=EDGE_CURVE('',#1336,#1339,#204,.T.);
#1122=EDGE_CURVE('',#1340,#1332,#205,.T.);
#1123=EDGE_CURVE('',#1341,#1342,#1479,.T.);
#1124=EDGE_CURVE('',#1333,#1342,#1480,.T.);
#1125=EDGE_CURVE('',#1341,#1336,#1481,.T.);
#1126=EDGE_CURVE('',#1337,#1343,#1482,.T.);
#1127=EDGE_CURVE('',#1343,#1338,#1483,.T.);
#1128=EDGE_CURVE('',#1344,#1345,#1484,.T.);
#1129=EDGE_CURVE('',#1345,#1342,#1485,.T.);
#1130=EDGE_CURVE('',#1341,#1344,#1486,.T.);
#1131=EDGE_CURVE('',#1346,#1347,#1487,.T.);
#1132=EDGE_CURVE('',#1343,#1347,#206,.T.);
#1133=EDGE_CURVE('',#1346,#1337,#207,.T.);
#1134=EDGE_CURVE('',#1348,#1349,#1488,.T.);
#1135=EDGE_CURVE('',#1338,#1349,#208,.T.);
#1136=EDGE_CURVE('',#1348,#1343,#209,.T.);
#1137=EDGE_CURVE('',#1350,#1351,#1489,.T.);
#1138=EDGE_CURVE('',#1344,#1350,#210,.T.);
#1139=EDGE_CURVE('',#1351,#1341,#211,.T.);
#1140=EDGE_CURVE('',#1352,#1346,#1490,.T.);
#1141=EDGE_CURVE('',#1345,#1346,#212,.T.);
#1142=EDGE_CURVE('',#1352,#1344,#213,.T.);
#1143=EDGE_CURVE('',#1352,#1347,#1491,.T.);
#1144=EDGE_CURVE('',#1348,#1353,#1492,.T.);
#1145=EDGE_CURVE('',#1353,#1349,#1493,.T.);
#1146=EDGE_CURVE('',#1354,#1355,#1494,.T.);
#1147=EDGE_CURVE('',#1347,#1355,#214,.T.);
#1148=EDGE_CURVE('',#1354,#1352,#215,.T.);
#1149=EDGE_CURVE('',#1355,#1356,#1495,.T.);
#1150=EDGE_CURVE('',#1353,#1356,#216,.T.);
#1151=EDGE_CURVE('',#1355,#1348,#217,.T.);
#1152=EDGE_CURVE('',#1357,#1358,#129,.T.);
#1153=EDGE_CURVE('',#1349,#1357,#218,.T.);
#1154=EDGE_CURVE('',#1358,#1353,#219,.T.);
#1155=EDGE_CURVE('',#1354,#1356,#1496,.T.);
#1156=EDGE_CURVE('',#1359,#1354,#220,.T.);
#1157=EDGE_CURVE('',#1360,#1359,#130,.T.);
#1158=EDGE_CURVE('',#1356,#1360,#221,.T.);
#1159=EDGE_CURVE('',#1361,#1362,#131,.T.);
#1160=EDGE_CURVE('',#1363,#1361,#1497,.T.);
#1161=EDGE_CURVE('',#1363,#1364,#1498,.T.);
#1162=EDGE_CURVE('',#1362,#1364,#1499,.T.);
#1163=EDGE_CURVE('',#1363,#1365,#1500,.T.);
#1164=EDGE_CURVE('',#1365,#1364,#1501,.T.);
#1165=EDGE_CURVE('',#1366,#1367,#50,.T.);
#1166=EDGE_CURVE('',#1365,#1366,#222,.T.);
#1167=EDGE_CURVE('',#1368,#1363,#223,.T.);
#1168=EDGE_CURVE('',#1367,#1368,#132,.T.);
#1169=EDGE_CURVE('',#1369,#1370,#1502,.T.);
#1170=EDGE_CURVE('',#1364,#1370,#224,.T.);
#1171=EDGE_CURVE('',#1369,#1365,#225,.T.);
#1172=EDGE_CURVE('',#1369,#1371,#1503,.T.);
#1173=EDGE_CURVE('',#1371,#1370,#1504,.T.);
#1174=EDGE_CURVE('',#1372,#1373,#133,.T.);
#1175=EDGE_CURVE('',#1371,#1372,#226,.T.);
#1176=EDGE_CURVE('',#1374,#1369,#227,.T.);
#1177=EDGE_CURVE('',#1373,#1374,#51,.T.);
#1178=EDGE_CURVE('',#1375,#1376,#134,.T.);
#1179=EDGE_CURVE('',#1370,#1375,#1505,.T.);
#1180=EDGE_CURVE('',#1376,#1371,#1506,.T.);
#1181=EDGE_CURVE('',#1366,#1374,#228,.T.);
#1182=EDGE_CURVE('',#1367,#1377,#1507,.T.);
#1183=EDGE_CURVE('',#1378,#1377,#229,.T.);
#1184=EDGE_CURVE('',#1378,#1373,#1508,.T.);
#1185=EDGE_CURVE('',#1372,#1321,#1509,.T.);
#1186=EDGE_CURVE('',#1379,#1378,#1510,.T.);
#1187=EDGE_CURVE('',#1379,#1320,#1511,.T.);
#1188=EDGE_CURVE('',#1324,#1368,#1512,.T.);
#1189=EDGE_CURVE('',#1325,#1380,#1513,.T.);
#1190=EDGE_CURVE('',#1377,#1380,#1514,.T.);
#1191=EDGE_CURVE('',#1319,#1326,#230,.T.);
#1192=EDGE_CURVE('',#1380,#1379,#231,.T.);
#1193=EDGE_CURVE('',#1381,#1382,#232,.T.);
#1194=EDGE_CURVE('',#1382,#1383,#233,.T.);
#1195=EDGE_CURVE('',#1383,#1384,#234,.T.);
#1196=EDGE_CURVE('',#1384,#1381,#235,.T.);
#1197=EDGE_CURVE('',#1385,#1386,#236,.T.);
#1198=EDGE_CURVE('',#1385,#1383,#237,.T.);
#1199=EDGE_CURVE('',#1386,#1382,#238,.T.);
#1200=EDGE_CURVE('',#1387,#1385,#239,.T.);
#1201=EDGE_CURVE('',#1387,#1384,#240,.T.);
#1202=EDGE_CURVE('',#1388,#1387,#241,.T.);
#1203=EDGE_CURVE('',#1388,#1381,#242,.T.);
#1204=EDGE_CURVE('',#1386,#1388,#243,.T.);
#1205=EDGE_CURVE('',#1389,#1389,#1515,.T.);
#1206=EDGE_CURVE('',#1390,#1390,#1516,.T.);
#1207=EDGE_CURVE('',#1391,#1391,#1517,.T.);
#1208=EDGE_CURVE('',#1392,#1392,#1518,.T.);
#1209=EDGE_CURVE('',#1295,#1305,#244,.T.);
#1210=EDGE_CURVE('',#1308,#1283,#245,.T.);
#1211=EDGE_CURVE('',#1270,#1294,#246,.T.);
#1212=EDGE_CURVE('',#1282,#1261,#247,.T.);
#1213=EDGE_CURVE('',#1246,#1276,#1519,.T.);
#1214=EDGE_CURVE('',#1330,#1340,#248,.T.);
#1215=EDGE_CURVE('',#1339,#1351,#1520,.T.);
#1216=EDGE_CURVE('',#1393,#1329,#1521,.T.);
#1217=EDGE_CURVE('',#1335,#1393,#249,.T.);
#1218=EDGE_CURVE('',#1357,#1361,#250,.T.);
#1219=EDGE_CURVE('',#1362,#1393,#251,.T.);
#1220=EDGE_CURVE('',#1350,#1375,#252,.T.);
#1221=EDGE_CURVE('',#1376,#1359,#253,.T.);
#1222=EDGE_CURVE('',#1322,#1358,#1522,.T.);
#1223=EDGE_CURVE('',#1360,#1314,#1523,.T.);
#1224=VERTEX_POINT('',#2816);
#1225=VERTEX_POINT('',#2817);
#1226=VERTEX_POINT('',#2819);
#1227=VERTEX_POINT('',#2821);
#1228=VERTEX_POINT('',#2848);
#1229=VERTEX_POINT('',#2849);
#1230=VERTEX_POINT('',#2869);
#1231=VERTEX_POINT('',#2880);
#1232=VERTEX_POINT('',#2887);
#1233=VERTEX_POINT('',#2888);
#1234=VERTEX_POINT('',#2896);
#1235=VERTEX_POINT('',#2897);
#1236=VERTEX_POINT('',#2900);
#1237=VERTEX_POINT('',#2909);
#1238=VERTEX_POINT('',#2910);
#1239=VERTEX_POINT('',#2915);
#1240=VERTEX_POINT('',#2916);
#1241=VERTEX_POINT('',#2921);
#1242=VERTEX_POINT('',#2922);
#1243=VERTEX_POINT('',#2986);
#1244=VERTEX_POINT('',#2993);
#1245=VERTEX_POINT('',#3002);
#1246=VERTEX_POINT('',#3009);
#1247=VERTEX_POINT('',#3010);
#1248=VERTEX_POINT('',#3015);
#1249=VERTEX_POINT('',#3016);
#1250=VERTEX_POINT('',#3021);
#1251=VERTEX_POINT('',#3022);
#1252=VERTEX_POINT('',#3024);
#1253=VERTEX_POINT('',#3030);
#1254=VERTEX_POINT('',#3035);
#1255=VERTEX_POINT('',#3039);
#1256=VERTEX_POINT('',#3040);
#1257=VERTEX_POINT('',#3042);
#1258=VERTEX_POINT('',#3047);
#1259=VERTEX_POINT('',#3059);
#1260=VERTEX_POINT('',#3060);
#1261=VERTEX_POINT('',#3070);
#1262=VERTEX_POINT('',#3071);
#1263=VERTEX_POINT('',#3076);
#1264=VERTEX_POINT('',#3077);
#1265=VERTEX_POINT('',#3082);
#1266=VERTEX_POINT('',#3083);
#1267=VERTEX_POINT('',#3088);
#1268=VERTEX_POINT('',#3093);
#1269=VERTEX_POINT('',#3097);
#1270=VERTEX_POINT('',#3101);
#1271=VERTEX_POINT('',#3102);
#1272=VERTEX_POINT('',#3118);
#1273=VERTEX_POINT('',#3119);
#1274=VERTEX_POINT('',#3124);
#1275=VERTEX_POINT('',#3141);
#1276=VERTEX_POINT('',#3142);
#1277=VERTEX_POINT('',#3147);
#1278=VERTEX_POINT('',#3148);
#1279=VERTEX_POINT('',#3153);
#1280=VERTEX_POINT('',#3154);
#1281=VERTEX_POINT('',#3159);
#1282=VERTEX_POINT('',#3160);
#1283=VERTEX_POINT('',#3165);
#1284=VERTEX_POINT('',#3166);
#1285=VERTEX_POINT('',#3171);
#1286=VERTEX_POINT('',#3172);
#1287=VERTEX_POINT('',#3180);
#1288=VERTEX_POINT('',#3181);
#1289=VERTEX_POINT('',#3184);
#1290=VERTEX_POINT('',#3191);
#1291=VERTEX_POINT('',#3196);
#1292=VERTEX_POINT('',#3200);
#1293=VERTEX_POINT('',#3204);
#1294=VERTEX_POINT('',#3205);
#1295=VERTEX_POINT('',#3210);
#1296=VERTEX_POINT('',#3211);
#1297=VERTEX_POINT('',#3216);
#1298=VERTEX_POINT('',#3287);
#1299=VERTEX_POINT('',#3294);
#1300=VERTEX_POINT('',#3303);
#1301=VERTEX_POINT('',#3308);
#1302=VERTEX_POINT('',#3314);
#1303=VERTEX_POINT('',#3323);
#1304=VERTEX_POINT('',#3328);
#1305=VERTEX_POINT('',#3332);
#1306=VERTEX_POINT('',#3333);
#1307=VERTEX_POINT('',#3338);
#1308=VERTEX_POINT('',#3339);
#1309=VERTEX_POINT('',#3347);
#1310=VERTEX_POINT('',#3422);
#1311=VERTEX_POINT('',#3615);
#1312=VERTEX_POINT('',#3790);
#1313=VERTEX_POINT('',#3983);
#1314=VERTEX_POINT('',#3984);
#1315=VERTEX_POINT('',#3986);
#1316=VERTEX_POINT('',#3988);
#1317=VERTEX_POINT('',#3992);
#1318=VERTEX_POINT('',#3993);
#1319=VERTEX_POINT('',#3998);
#1320=VERTEX_POINT('',#3999);
#1321=VERTEX_POINT('',#4002);
#1322=VERTEX_POINT('',#4012);
#1323=VERTEX_POINT('',#4013);
#1324=VERTEX_POINT('',#4021);
#1325=VERTEX_POINT('',#4022);
#1326=VERTEX_POINT('',#4025);
#1327=VERTEX_POINT('',#4029);
#1328=VERTEX_POINT('',#4030);
#1329=VERTEX_POINT('',#4032);
#1330=VERTEX_POINT('',#4034);
#1331=VERTEX_POINT('',#4038);
#1332=VERTEX_POINT('',#4042);
#1333=VERTEX_POINT('',#4043);
#1334=VERTEX_POINT('',#4061);
#1335=VERTEX_POINT('',#4062);
#1336=VERTEX_POINT('',#4067);
#1337=VERTEX_POINT('',#4071);
#1338=VERTEX_POINT('',#4072);
#1339=VERTEX_POINT('',#4077);
#1340=VERTEX_POINT('',#4078);
#1341=VERTEX_POINT('',#4083);
#1342=VERTEX_POINT('',#4084);
#1343=VERTEX_POINT('',#4089);
#1344=VERTEX_POINT('',#4093);
#1345=VERTEX_POINT('',#4094);
#1346=VERTEX_POINT('',#4099);
#1347=VERTEX_POINT('',#4100);
#1348=VERTEX_POINT('',#4105);
#1349=VERTEX_POINT('',#4106);
#1350=VERTEX_POINT('',#4111);
#1351=VERTEX_POINT('',#4112);
#1352=VERTEX_POINT('',#4117);
#1353=VERTEX_POINT('',#4124);
#1354=VERTEX_POINT('',#4128);
#1355=VERTEX_POINT('',#4129);
#1356=VERTEX_POINT('',#4134);
#1357=VERTEX_POINT('',#4143);
#1358=VERTEX_POINT('',#4144);
#1359=VERTEX_POINT('',#4151);
#1360=VERTEX_POINT('',#4157);
#1361=VERTEX_POINT('',#4165);
#1362=VERTEX_POINT('',#4166);
#1363=VERTEX_POINT('',#4168);
#1364=VERTEX_POINT('',#4170);
#1365=VERTEX_POINT('',#4174);
#1366=VERTEX_POINT('',#4178);
#1367=VERTEX_POINT('',#4179);
#1368=VERTEX_POINT('',#4182);
#1369=VERTEX_POINT('',#4189);
#1370=VERTEX_POINT('',#4190);
#1371=VERTEX_POINT('',#4195);
#1372=VERTEX_POINT('',#4202);
#1373=VERTEX_POINT('',#4203);
#1374=VERTEX_POINT('',#4206);
#1375=VERTEX_POINT('',#4214);
#1376=VERTEX_POINT('',#4215);
#1377=VERTEX_POINT('',#4221);
#1378=VERTEX_POINT('',#4223);
#1379=VERTEX_POINT('',#4228);
#1380=VERTEX_POINT('',#4233);
#1381=VERTEX_POINT('',#4240);
#1382=VERTEX_POINT('',#4241);
#1383=VERTEX_POINT('',#4243);
#1384=VERTEX_POINT('',#4245);
#1385=VERTEX_POINT('',#4249);
#1386=VERTEX_POINT('',#4250);
#1387=VERTEX_POINT('',#4255);
#1388=VERTEX_POINT('',#4259);
#1389=VERTEX_POINT('',#4265);
#1390=VERTEX_POINT('',#4267);
#1391=VERTEX_POINT('',#4270);
#1392=VERTEX_POINT('',#4272);
#1393=VERTEX_POINT('',#4297);
#1394=CIRCLE('',#1974,0.0003);
#1395=CIRCLE('',#1975,0.0003);
#1396=CIRCLE('',#1976,0.0003);
#1397=CIRCLE('',#1978,0.0006);
#1398=CIRCLE('',#1979,0.0003);
#1399=CIRCLE('',#1980,0.0003);
#1400=CIRCLE('',#1982,0.0113);
#1401=CIRCLE('',#1983,0.011);
#1402=CIRCLE('',#1985,0.0003);
#1403=CIRCLE('',#1987,0.0003);
#1404=CIRCLE('',#1989,0.0003);
#1405=CIRCLE('',#1990,0.011);
#1406=CIRCLE('',#1991,0.0113);
#1407=CIRCLE('',#1992,0.010999999999999);
#1408=CIRCLE('',#1994,0.0003);
#1409=CIRCLE('',#1995,0.0003);
#1410=CIRCLE('',#1997,0.0006);
#1411=CIRCLE('',#1998,0.0003);
#1412=CIRCLE('',#2000,0.0003);
#1413=CIRCLE('',#2001,0.0003);
#1414=CIRCLE('',#2002,0.0006);
#1415=CIRCLE('',#2004,0.0003);
#1416=CIRCLE('',#2005,0.0113);
#1417=CIRCLE('',#2006,0.011);
#1418=CIRCLE('',#2008,0.0003);
#1419=CIRCLE('',#2011,0.0003);
#1420=CIRCLE('',#2013,0.0003);
#1421=CIRCLE('',#2015,0.0003);
#1422=CIRCLE('',#2017,0.0003);
#1423=CIRCLE('',#2019,0.0003);
#1424=CIRCLE('',#2020,0.0006);
#1425=CIRCLE('',#2022,0.0003);
#1426=CIRCLE('',#2023,0.0003);
#1427=CIRCLE('',#2025,0.0003);
#1428=CIRCLE('',#2026,0.0047);
#1429=CIRCLE('',#2027,0.005);
#1430=CIRCLE('',#2028,0.0003);
#1431=CIRCLE('',#2030,0.0003);
#1432=CIRCLE('',#2031,0.0006);
#1433=CIRCLE('',#2033,0.0003);
#1434=CIRCLE('',#2035,0.0003);
#1435=CIRCLE('',#2037,0.0003);
#1436=CIRCLE('',#2039,0.0003);
#1437=CIRCLE('',#2041,0.0003);
#1438=CIRCLE('',#2043,0.011);
#1439=CIRCLE('',#2044,0.0113);
#1440=CIRCLE('',#2046,0.0003);
#1441=CIRCLE('',#2048,0.0003);
#1442=CIRCLE('',#2049,0.0006);
#1443=CIRCLE('',#2051,0.0003);
#1444=CIRCLE('',#2052,0.0003);
#1445=CIRCLE('',#2054,0.0003);
#1446=CIRCLE('',#2055,0.005);
#1447=CIRCLE('',#2056,0.0047);
#1448=CIRCLE('',#2058,0.0003);
#1449=CIRCLE('',#2059,0.0047);
#1450=CIRCLE('',#2060,0.005);
#1451=CIRCLE('',#2062,0.0003);
#1452=CIRCLE('',#2063,0.0003);
#1453=CIRCLE('',#2065,0.011);
#1454=CIRCLE('',#2066,0.0113);
#1455=CIRCLE('',#2069,0.0003);
#1456=CIRCLE('',#2071,0.0003);
#1457=CIRCLE('',#2075,0.005);
#1458=CIRCLE('',#2076,0.0047);
#1459=CIRCLE('',#2077,0.0109999999999992);
#1460=CIRCLE('',#2078,0.0109999999999993);
#1461=CIRCLE('',#2079,0.0109999999999989);
#1462=CIRCLE('',#2081,0.0003);
#1463=CIRCLE('',#2082,0.0003);
#1464=CIRCLE('',#2083,0.0006);
#1465=CIRCLE('',#2085,0.0003);
#1466=CIRCLE('',#2089,0.0006);
#1467=CIRCLE('',#2090,0.0003);
#1468=CIRCLE('',#2094,0.0003);
#1469=CIRCLE('',#2095,0.0003);
#1470=CIRCLE('',#2097,0.0003);
#1471=CIRCLE('',#2098,0.0003);
#1472=CIRCLE('',#2100,0.0003);
#1473=CIRCLE('',#2102,0.011);
#1474=CIRCLE('',#2103,0.0107);
#1475=CIRCLE('',#2105,0.0003);
#1476=CIRCLE('',#2106,0.0003);
#1477=CIRCLE('',#2108,0.0003);
#1478=CIRCLE('',#2110,0.0003);
#1479=CIRCLE('',#2112,0.0003);
#1480=CIRCLE('',#2113,0.0107);
#1481=CIRCLE('',#2114,0.011);
#1482=CIRCLE('',#2116,0.0003);
#1483=CIRCLE('',#2117,0.0003);
#1484=CIRCLE('',#2119,0.0003);
#1485=CIRCLE('',#2120,0.0006);
#1486=CIRCLE('',#2121,0.0003);
#1487=CIRCLE('',#2123,0.0003);
#1488=CIRCLE('',#2125,0.0003);
#1489=CIRCLE('',#2127,0.0003);
#1490=CIRCLE('',#2129,0.0003);
#1491=CIRCLE('',#2131,0.0003);
#1492=CIRCLE('',#2133,0.0003);
#1493=CIRCLE('',#2134,0.0003);
#1494=CIRCLE('',#2136,0.0003);
#1495=CIRCLE('',#2138,0.0003);
#1496=CIRCLE('',#2141,0.0003);
#1497=CIRCLE('',#2144,0.012);
#1498=CIRCLE('',#2145,0.0003);
#1499=CIRCLE('',#2146,0.0117);
#1500=CIRCLE('',#2148,0.0003);
#1501=CIRCLE('',#2149,0.0003);
#1502=CIRCLE('',#2153,0.0003);
#1503=CIRCLE('',#2155,0.0003);
#1504=CIRCLE('',#2156,0.0003);
#1505=CIRCLE('',#2160,0.0117);
#1506=CIRCLE('',#2161,0.012);
#1507=CIRCLE('',#2163,0.314793479786291);
#1508=CIRCLE('',#2164,0.314793479786773);
#1509=CIRCLE('',#2166,0.012);
#1510=CIRCLE('',#2167,0.0115);
#1511=CIRCLE('',#2168,0.314793479787072);
#1512=CIRCLE('',#2170,0.012);
#1513=CIRCLE('',#2171,0.314793479779673);
#1514=CIRCLE('',#2172,0.0115);
#1515=CIRCLE('',#2180,0.0015);
#1516=CIRCLE('',#2181,0.0015);
#1517=CIRCLE('',#2183,0.0015);
#1518=CIRCLE('',#2184,0.0015);
#1519=CIRCLE('',#2195,0.011);
#1520=CIRCLE('',#2201,0.011);
#1521=CIRCLE('',#2203,0.011);
#1522=CIRCLE('',#2208,0.012);
#1523=CIRCLE('',#2209,0.012);
#1524=EDGE_LOOP('',(#360,#361,#362,#363));
#1525=EDGE_LOOP('',(#364,#365,#366,#367,#368,#369));
#1526=EDGE_LOOP('',(#370,#371,#372,#373));
#1527=EDGE_LOOP('',(#374,#375,#376,#377,#378,#379));
#1528=EDGE_LOOP('',(#380,#381,#382,#383));
#1529=EDGE_LOOP('',(#384,#385,#386,#387));
#1530=EDGE_LOOP('',(#388,#389,#390,#391));
#1531=EDGE_LOOP('',(#392,#393,#394,#395));
#1532=EDGE_LOOP('',(#396,#397,#398));
#1533=EDGE_LOOP('',(#399,#400,#401,#402));
#1534=EDGE_LOOP('',(#403,#404,#405,#406));
#1535=EDGE_LOOP('',(#407,#408,#409,#410,#411));
#1536=EDGE_LOOP('',(#412,#413,#414,#415,#416));
#1537=EDGE_LOOP('',(#417,#418,#419,#420,#421));
#1538=EDGE_LOOP('',(#422,#423,#424,#425));
#1539=EDGE_LOOP('',(#426,#427,#428,#429));
#1540=EDGE_LOOP('',(#430,#431,#432,#433));
#1541=EDGE_LOOP('',(#434,#435,#436,#437));
#1542=EDGE_LOOP('',(#438,#439,#440,#441));
#1543=EDGE_LOOP('',(#442,#443,#444));
#1544=EDGE_LOOP('',(#445,#446,#447,#448));
#1545=EDGE_LOOP('',(#449,#450,#451,#452,#453));
#1546=EDGE_LOOP('',(#454,#455,#456,#457));
#1547=EDGE_LOOP('',(#458,#459,#460,#461));
#1548=EDGE_LOOP('',(#462,#463,#464,#465));
#1549=EDGE_LOOP('',(#466,#467,#468,#469));
#1550=EDGE_LOOP('',(#470,#471,#472,#473));
#1551=EDGE_LOOP('',(#474,#475,#476,#477));
#1552=EDGE_LOOP('',(#478,#479,#480,#481,#482,#483));
#1553=EDGE_LOOP('',(#484,#485,#486,#487));
#1554=EDGE_LOOP('',(#488,#489,#490,#491));
#1555=EDGE_LOOP('',(#492,#493,#494));
#1556=EDGE_LOOP('',(#495,#496,#497,#498));
#1557=EDGE_LOOP('',(#499,#500,#501,#502));
#1558=EDGE_LOOP('',(#503,#504,#505));
#1559=EDGE_LOOP('',(#506,#507,#508,#509));
#1560=EDGE_LOOP('',(#510,#511,#512,#513,#514));
#1561=EDGE_LOOP('',(#515,#516,#517,#518,#519));
#1562=EDGE_LOOP('',(#520,#521,#522,#523));
#1563=EDGE_LOOP('',(#524,#525,#526,#527));
#1564=EDGE_LOOP('',(#528,#529,#530,#531));
#1565=EDGE_LOOP('',(#532,#533,#534,#535,#536));
#1566=EDGE_LOOP('',(#537,#538,#539,#540));
#1567=EDGE_LOOP('',(#541,#542,#543,#544));
#1568=EDGE_LOOP('',(#545,#546,#547,#548));
#1569=EDGE_LOOP('',(#549,#550,#551,#552));
#1570=EDGE_LOOP('',(#553,#554,#555,#556));
#1571=EDGE_LOOP('',(#557,#558,#559,#560));
#1572=EDGE_LOOP('',(#561,#562,#563,#564));
#1573=EDGE_LOOP('',(#565,#566,#567,#568));
#1574=EDGE_LOOP('',(#569,#570,#571,#572));
#1575=EDGE_LOOP('',(#573,#574,#575,#576));
#1576=EDGE_LOOP('',(#577,#578,#579,#580));
#1577=EDGE_LOOP('',(#581,#582,#583,#584));
#1578=EDGE_LOOP('',(#585,#586,#587,#588));
#1579=EDGE_LOOP('',(#589,#590,#591,#592,#593));
#1580=EDGE_LOOP('',(#594,#595,#596,#597));
#1581=EDGE_LOOP('',(#598,#599,#600,#601,#602));
#1582=EDGE_LOOP('',(#603,#604,#605,#606));
#1583=EDGE_LOOP('',(#607,#608,#609));
#1584=EDGE_LOOP('',(#610,#611,#612,#613));
#1585=EDGE_LOOP('',(#614,#615,#616,#617));
#1586=EDGE_LOOP('',(#618,#619,#620));
#1587=EDGE_LOOP('',(#621,#622,#623,#624));
#1588=EDGE_LOOP('',(#625,#626,#627,#628));
#1589=EDGE_LOOP('',(#629,#630,#631,#632));
#1590=EDGE_LOOP('',(#633,#634,#635));
#1591=EDGE_LOOP('',(#636,#637,#638,#639));
#1592=EDGE_LOOP('',(#640,#641,#642,#643));
#1593=EDGE_LOOP('',(#644,#645,#646,#647));
#1594=EDGE_LOOP('',(#648,#649,#650,#651));
#1595=EDGE_LOOP('',(#652,#653,#654,#655));
#1596=EDGE_LOOP('',(#656,#657,#658));
#1597=EDGE_LOOP('',(#659,#660,#661));
#1598=EDGE_LOOP('',(#662,#663,#664,#665));
#1599=EDGE_LOOP('',(#666,#667,#668,#669));
#1600=EDGE_LOOP('',(#670,#671,#672,#673));
#1601=EDGE_LOOP('',(#674,#675,#676));
#1602=EDGE_LOOP('',(#677,#678,#679,#680));
#1603=EDGE_LOOP('',(#681,#682,#683,#684));
#1604=EDGE_LOOP('',(#685,#686,#687));
#1605=EDGE_LOOP('',(#688,#689,#690,#691,#692));
#1606=EDGE_LOOP('',(#693,#694,#695,#696));
#1607=EDGE_LOOP('',(#697,#698,#699));
#1608=EDGE_LOOP('',(#700,#701,#702,#703,#704));
#1609=EDGE_LOOP('',(#705,#706,#707,#708));
#1610=EDGE_LOOP('',(#709,#710,#711,#712,#713,#714));
#1611=EDGE_LOOP('',(#715,#716,#717,#718,#719,#720));
#1612=EDGE_LOOP('',(#721,#722,#723,#724,#725,#726));
#1613=EDGE_LOOP('',(#727,#728,#729,#730,#731,#732));
#1614=EDGE_LOOP('',(#733,#734,#735,#736));
#1615=EDGE_LOOP('',(#737,#738,#739,#740));
#1616=EDGE_LOOP('',(#741,#742,#743,#744));
#1617=EDGE_LOOP('',(#745,#746,#747,#748));
#1618=EDGE_LOOP('',(#749,#750,#751,#752));
#1619=EDGE_LOOP('',(#753));
#1620=EDGE_LOOP('',(#754));
#1621=EDGE_LOOP('',(#755));
#1622=EDGE_LOOP('',(#756));
#1623=EDGE_LOOP('',(#757,#758,#759,#760));
#1624=EDGE_LOOP('',(#761,#762,#763,#764));
#1625=EDGE_LOOP('',(#765,#766,#767,#768,#769,#770,#771));
#1626=EDGE_LOOP('',(#772,#773,#774,#775,#776,#777,#778));
#1627=EDGE_LOOP('',(#779,#780,#781,#782));
#1628=EDGE_LOOP('',(#783));
#1629=EDGE_LOOP('',(#784));
#1630=EDGE_LOOP('',(#785,#786,#787,#788,#789,#790));
#1631=EDGE_LOOP('',(#791,#792,#793));
#1632=EDGE_LOOP('',(#794,#795,#796,#797,#798,#799,#800,#801));
#1633=EDGE_LOOP('',(#802,#803,#804));
#1634=EDGE_LOOP('',(#805,#806,#807,#808,#809,#810,#811,#812,#813));
#1635=EDGE_LOOP('',(#814,#815,#816,#817,#818,#819,#820));
#1636=EDGE_LOOP('',(#821));
#1637=EDGE_LOOP('',(#822));
#1638=EDGE_LOOP('',(#823,#824,#825,#826,#827,#828,#829,#830,#831,#832,#833,
#834,#835));
#1639=EDGE_LOOP('',(#836,#837,#838,#839));
#1640=EDGE_LOOP('',(#840,#841,#842,#843));
#1641=EDGE_LOOP('',(#844,#845,#846,#847));
#1642=EDGE_LOOP('',(#848,#849,#850,#851));
#1643=EDGE_LOOP('',(#852,#853,#854,#855,#856,#857,#858));
#1644=EDGE_LOOP('',(#859,#860,#861,#862,#863,#864,#865));
#1645=EDGE_LOOP('',(#866,#867,#868,#869,#870,#871,#872));
#1646=EDGE_LOOP('',(#873,#874,#875,#876,#877,#878,#879,#880));
#1647=EDGE_LOOP('',(#881,#882,#883,#884,#885,#886,#887,#888,#889,#890,#891));
#1648=EDGE_LOOP('',(#892,#893,#894,#895,#896,#897,#898,#899));
#1649=EDGE_LOOP('',(#900,#901,#902,#903));
#1650=EDGE_LOOP('',(#904,#905,#906,#907));
#1651=EDGE_LOOP('',(#908,#909,#910,#911,#912,#913,#914,#915));
#1652=EDGE_LOOP('',(#916,#917,#918,#919));
#1653=EDGE_LOOP('',(#920,#921,#922,#923,#924,#925,#926,#927));
#1654=EDGE_LOOP('',(#928,#929,#930,#931));
#1655=EDGE_LOOP('',(#932,#933,#934,#935));
#1656=FACE_BOUND('',#1524,.T.);
#1657=FACE_BOUND('',#1525,.T.);
#1658=FACE_BOUND('',#1526,.T.);
#1659=FACE_BOUND('',#1527,.T.);
#1660=FACE_BOUND('',#1528,.T.);
#1661=FACE_BOUND('',#1529,.T.);
#1662=FACE_BOUND('',#1530,.T.);
#1663=FACE_BOUND('',#1531,.T.);
#1664=FACE_BOUND('',#1532,.T.);
#1665=FACE_BOUND('',#1533,.T.);
#1666=FACE_BOUND('',#1534,.T.);
#1667=FACE_BOUND('',#1535,.T.);
#1668=FACE_BOUND('',#1536,.T.);
#1669=FACE_BOUND('',#1537,.T.);
#1670=FACE_BOUND('',#1538,.T.);
#1671=FACE_BOUND('',#1539,.T.);
#1672=FACE_BOUND('',#1540,.T.);
#1673=FACE_BOUND('',#1541,.T.);
#1674=FACE_BOUND('',#1542,.T.);
#1675=FACE_BOUND('',#1543,.T.);
#1676=FACE_BOUND('',#1544,.T.);
#1677=FACE_BOUND('',#1545,.T.);
#1678=FACE_BOUND('',#1546,.T.);
#1679=FACE_BOUND('',#1547,.T.);
#1680=FACE_BOUND('',#1548,.T.);
#1681=FACE_BOUND('',#1549,.T.);
#1682=FACE_BOUND('',#1550,.T.);
#1683=FACE_BOUND('',#1551,.T.);
#1684=FACE_BOUND('',#1552,.T.);
#1685=FACE_BOUND('',#1553,.T.);
#1686=FACE_BOUND('',#1554,.T.);
#1687=FACE_BOUND('',#1555,.T.);
#1688=FACE_BOUND('',#1556,.T.);
#1689=FACE_BOUND('',#1557,.T.);
#1690=FACE_BOUND('',#1558,.T.);
#1691=FACE_BOUND('',#1559,.T.);
#1692=FACE_BOUND('',#1560,.T.);
#1693=FACE_BOUND('',#1561,.T.);
#1694=FACE_BOUND('',#1562,.T.);
#1695=FACE_BOUND('',#1563,.T.);
#1696=FACE_BOUND('',#1564,.T.);
#1697=FACE_BOUND('',#1565,.T.);
#1698=FACE_BOUND('',#1566,.T.);
#1699=FACE_BOUND('',#1567,.T.);
#1700=FACE_BOUND('',#1568,.T.);
#1701=FACE_BOUND('',#1569,.T.);
#1702=FACE_BOUND('',#1570,.T.);
#1703=FACE_BOUND('',#1571,.T.);
#1704=FACE_BOUND('',#1572,.T.);
#1705=FACE_BOUND('',#1573,.T.);
#1706=FACE_BOUND('',#1574,.T.);
#1707=FACE_BOUND('',#1575,.T.);
#1708=FACE_BOUND('',#1576,.T.);
#1709=FACE_BOUND('',#1577,.T.);
#1710=FACE_BOUND('',#1578,.T.);
#1711=FACE_BOUND('',#1579,.T.);
#1712=FACE_BOUND('',#1580,.T.);
#1713=FACE_BOUND('',#1581,.T.);
#1714=FACE_BOUND('',#1582,.T.);
#1715=FACE_BOUND('',#1583,.T.);
#1716=FACE_BOUND('',#1584,.T.);
#1717=FACE_BOUND('',#1585,.T.);
#1718=FACE_BOUND('',#1586,.T.);
#1719=FACE_BOUND('',#1587,.T.);
#1720=FACE_BOUND('',#1588,.T.);
#1721=FACE_BOUND('',#1589,.T.);
#1722=FACE_BOUND('',#1590,.T.);
#1723=FACE_BOUND('',#1591,.T.);
#1724=FACE_BOUND('',#1592,.T.);
#1725=FACE_BOUND('',#1593,.T.);
#1726=FACE_BOUND('',#1594,.T.);
#1727=FACE_BOUND('',#1595,.T.);
#1728=FACE_BOUND('',#1596,.T.);
#1729=FACE_BOUND('',#1597,.T.);
#1730=FACE_BOUND('',#1598,.T.);
#1731=FACE_BOUND('',#1599,.T.);
#1732=FACE_BOUND('',#1600,.T.);
#1733=FACE_BOUND('',#1601,.T.);
#1734=FACE_BOUND('',#1602,.T.);
#1735=FACE_BOUND('',#1603,.T.);
#1736=FACE_BOUND('',#1604,.T.);
#1737=FACE_BOUND('',#1605,.T.);
#1738=FACE_BOUND('',#1606,.T.);
#1739=FACE_BOUND('',#1607,.T.);
#1740=FACE_BOUND('',#1608,.T.);
#1741=FACE_BOUND('',#1609,.T.);
#1742=FACE_BOUND('',#1610,.T.);
#1743=FACE_BOUND('',#1611,.T.);
#1744=FACE_BOUND('',#1612,.T.);
#1745=FACE_BOUND('',#1613,.T.);
#1746=FACE_BOUND('',#1614,.T.);
#1747=FACE_BOUND('',#1615,.T.);
#1748=FACE_BOUND('',#1616,.T.);
#1749=FACE_BOUND('',#1617,.T.);
#1750=FACE_BOUND('',#1618,.T.);
#1751=FACE_BOUND('',#1619,.T.);
#1752=FACE_BOUND('',#1620,.T.);
#1753=FACE_BOUND('',#1621,.T.);
#1754=FACE_BOUND('',#1622,.T.);
#1755=FACE_BOUND('',#1623,.T.);
#1756=FACE_BOUND('',#1624,.T.);
#1757=FACE_BOUND('',#1625,.T.);
#1758=FACE_BOUND('',#1626,.T.);
#1759=FACE_BOUND('',#1627,.T.);
#1760=FACE_BOUND('',#1628,.T.);
#1761=FACE_BOUND('',#1629,.T.);
#1762=FACE_BOUND('',#1630,.T.);
#1763=FACE_BOUND('',#1631,.T.);
#1764=FACE_BOUND('',#1632,.T.);
#1765=FACE_BOUND('',#1633,.T.);
#1766=FACE_BOUND('',#1634,.T.);
#1767=FACE_BOUND('',#1635,.T.);
#1768=FACE_BOUND('',#1636,.T.);
#1769=FACE_BOUND('',#1637,.T.);
#1770=FACE_BOUND('',#1638,.T.);
#1771=FACE_BOUND('',#1639,.T.);
#1772=FACE_BOUND('',#1640,.T.);
#1773=FACE_BOUND('',#1641,.T.);
#1774=FACE_BOUND('',#1642,.T.);
#1775=FACE_BOUND('',#1643,.T.);
#1776=FACE_BOUND('',#1644,.T.);
#1777=FACE_BOUND('',#1645,.T.);
#1778=FACE_BOUND('',#1646,.T.);
#1779=FACE_BOUND('',#1647,.T.);
#1780=FACE_BOUND('',#1648,.T.);
#1781=FACE_BOUND('',#1649,.T.);
#1782=FACE_BOUND('',#1650,.T.);
#1783=FACE_BOUND('',#1651,.T.);
#1784=FACE_BOUND('',#1652,.T.);
#1785=FACE_BOUND('',#1653,.T.);
#1786=FACE_BOUND('',#1654,.T.);
#1787=FACE_BOUND('',#1655,.T.);
#1788=CYLINDRICAL_SURFACE('',#1973,0.0003);
#1789=CYLINDRICAL_SURFACE('',#1984,0.0003);
#1790=CYLINDRICAL_SURFACE('',#1986,0.0003);
#1791=CYLINDRICAL_SURFACE('',#2007,0.0003);
#1792=CYLINDRICAL_SURFACE('',#2009,0.0003);
#1793=CYLINDRICAL_SURFACE('',#2010,0.0003);
#1794=CYLINDRICAL_SURFACE('',#2012,0.0003);
#1795=CYLINDRICAL_SURFACE('',#2014,0.0003);
#1796=CYLINDRICAL_SURFACE('',#2016,0.0003);
#1797=CYLINDRICAL_SURFACE('',#2032,0.0003);
#1798=CYLINDRICAL_SURFACE('',#2034,0.0003);
#1799=CYLINDRICAL_SURFACE('',#2036,0.0003);
#1800=CYLINDRICAL_SURFACE('',#2038,0.0003);
#1801=CYLINDRICAL_SURFACE('',#2040,0.0003);
#1802=CYLINDRICAL_SURFACE('',#2045,0.0003);
#1803=CYLINDRICAL_SURFACE('',#2067,0.0003);
#1804=CYLINDRICAL_SURFACE('',#2068,0.0003);
#1805=CYLINDRICAL_SURFACE('',#2070,0.0003);
#1806=CYLINDRICAL_SURFACE('',#2072,0.0003);
#1807=CYLINDRICAL_SURFACE('',#2073,0.0003);
#1808=CYLINDRICAL_SURFACE('',#2084,0.0003);
#1809=CYLINDRICAL_SURFACE('',#2086,0.0003);
#1810=CYLINDRICAL_SURFACE('',#2091,0.0003);
#1811=CYLINDRICAL_SURFACE('',#2093,0.0003);
#1812=CYLINDRICAL_SURFACE('',#2099,0.0003);
#1813=CYLINDRICAL_SURFACE('',#2107,0.0003);
#1814=CYLINDRICAL_SURFACE('',#2109,0.0003);
#1815=CYLINDRICAL_SURFACE('',#2122,0.0003);
#1816=CYLINDRICAL_SURFACE('',#2124,0.0003);
#1817=CYLINDRICAL_SURFACE('',#2126,0.0003);
#1818=CYLINDRICAL_SURFACE('',#2128,0.0003);
#1819=CYLINDRICAL_SURFACE('',#2135,0.0003);
#1820=CYLINDRICAL_SURFACE('',#2137,0.0003);
#1821=CYLINDRICAL_SURFACE('',#2139,0.0003);
#1822=CYLINDRICAL_SURFACE('',#2142,0.0003);
#1823=CYLINDRICAL_SURFACE('',#2150,0.0003);
#1824=CYLINDRICAL_SURFACE('',#2152,0.0003);
#1825=CYLINDRICAL_SURFACE('',#2157,0.0003);
#1826=CYLINDRICAL_SURFACE('',#2179,0.0015);
#1827=CYLINDRICAL_SURFACE('',#2182,0.0015);
#1828=CYLINDRICAL_SURFACE('',#2185,0.005);
#1829=CYLINDRICAL_SURFACE('',#2186,0.005);
#1830=CYLINDRICAL_SURFACE('',#2194,0.011);
#1831=CYLINDRICAL_SURFACE('',#2196,0.011);
#1832=CYLINDRICAL_SURFACE('',#2200,0.011);
#1833=CYLINDRICAL_SURFACE('',#2202,0.011);
#1834=CYLINDRICAL_SURFACE('',#2213,0.012);
#1835=CYLINDRICAL_SURFACE('',#2215,0.012);
#1836=ADVANCED_FACE('',(#1656),#1788,.T.);
#1837=ADVANCED_FACE('',(#1657),#135,.T.);
#1838=ADVANCED_FACE('',(#1658),#65,.F.);
#1839=ADVANCED_FACE('',(#1659),#66,.F.);
#1840=ADVANCED_FACE('',(#1660),#1789,.T.);
#1841=ADVANCED_FACE('',(#1661),#1790,.F.);
#1842=ADVANCED_FACE('',(#1662),#67,.F.);
#1843=ADVANCED_FACE('',(#1663),#136,.T.);
#1844=ADVANCED_FACE('',(#1664),#53,.T.);
#1845=ADVANCED_FACE('',(#1665),#68,.F.);
#1846=ADVANCED_FACE('',(#1666),#69,.F.);
#1847=ADVANCED_FACE('',(#1667),#70,.F.);
#1848=ADVANCED_FACE('',(#1668),#1791,.T.);
#1849=ADVANCED_FACE('',(#1669),#1792,.T.);
#1850=ADVANCED_FACE('',(#1670),#1793,.T.);
#1851=ADVANCED_FACE('',(#1671),#1794,.T.);
#1852=ADVANCED_FACE('',(#1672),#1795,.F.);
#1853=ADVANCED_FACE('',(#1673),#1796,.T.);
#1854=ADVANCED_FACE('',(#1674),#71,.F.);
#1855=ADVANCED_FACE('',(#1675),#54,.T.);
#1856=ADVANCED_FACE('',(#1676),#72,.T.);
#1857=ADVANCED_FACE('',(#1677),#52,.T.);
#1858=ADVANCED_FACE('',(#1678),#73,.F.);
#1859=ADVANCED_FACE('',(#1679),#1797,.F.);
#1860=ADVANCED_FACE('',(#1680),#1798,.T.);
#1861=ADVANCED_FACE('',(#1681),#1799,.T.);
#1862=ADVANCED_FACE('',(#1682),#1800,.T.);
#1863=ADVANCED_FACE('',(#1683),#1801,.T.);
#1864=ADVANCED_FACE('',(#1684),#74,.F.);
#1865=ADVANCED_FACE('',(#1685),#1802,.T.);
#1866=ADVANCED_FACE('',(#1686),#75,.F.);
#1867=ADVANCED_FACE('',(#1687),#55,.T.);
#1868=ADVANCED_FACE('',(#1688),#76,.T.);
#1869=ADVANCED_FACE('',(#1689),#77,.T.);
#1870=ADVANCED_FACE('',(#1690),#56,.T.);
#1871=ADVANCED_FACE('',(#1691),#137,.T.);
#1872=ADVANCED_FACE('',(#1692),#78,.F.);
#1873=ADVANCED_FACE('',(#1693),#1803,.T.);
#1874=ADVANCED_FACE('',(#1694),#1804,.T.);
#1875=ADVANCED_FACE('',(#1695),#1805,.T.);
#1876=ADVANCED_FACE('',(#1696),#1806,.T.);
#1877=ADVANCED_FACE('',(#1697),#1807,.T.);
#1878=ADVANCED_FACE('',(#1698),#79,.T.);
#1879=ADVANCED_FACE('',(#1699),#138,.T.);
#1880=ADVANCED_FACE('',(#1700),#139,.T.);
#1881=ADVANCED_FACE('',(#1701),#140,.T.);
#1882=ADVANCED_FACE('',(#1702),#141,.T.);
#1883=ADVANCED_FACE('',(#1703),#142,.T.);
#1884=ADVANCED_FACE('',(#1704),#143,.T.);
#1885=ADVANCED_FACE('',(#1705),#144,.T.);
#1886=ADVANCED_FACE('',(#1706),#145,.T.);
#1887=ADVANCED_FACE('',(#1707),#146,.T.);
#1888=ADVANCED_FACE('',(#1708),#147,.T.);
#1889=ADVANCED_FACE('',(#1709),#80,.F.);
#1890=ADVANCED_FACE('',(#1710),#1808,.F.);
#1891=ADVANCED_FACE('',(#1711),#1809,.T.);
#1892=ADVANCED_FACE('',(#1712),#81,.F.);
#1893=ADVANCED_FACE('',(#1713),#1810,.T.);
#1894=ADVANCED_FACE('',(#1714),#1811,.T.);
#1895=ADVANCED_FACE('',(#1715),#57,.T.);
#1896=ADVANCED_FACE('',(#1716),#1812,.T.);
#1897=ADVANCED_FACE('',(#1717),#82,.T.);
#1898=ADVANCED_FACE('',(#1718),#58,.T.);
#1899=ADVANCED_FACE('',(#1719),#1813,.T.);
#1900=ADVANCED_FACE('',(#1720),#1814,.T.);
#1901=ADVANCED_FACE('',(#1721),#83,.T.);
#1902=ADVANCED_FACE('',(#1722),#59,.T.);
#1903=ADVANCED_FACE('',(#1723),#84,.T.);
#1904=ADVANCED_FACE('',(#1724),#1815,.T.);
#1905=ADVANCED_FACE('',(#1725),#1816,.T.);
#1906=ADVANCED_FACE('',(#1726),#1817,.F.);
#1907=ADVANCED_FACE('',(#1727),#1818,.T.);
#1908=ADVANCED_FACE('',(#1728),#60,.T.);
#1909=ADVANCED_FACE('',(#1729),#61,.T.);
#1910=ADVANCED_FACE('',(#1730),#1819,.T.);
#1911=ADVANCED_FACE('',(#1731),#1820,.T.);
#1912=ADVANCED_FACE('',(#1732),#1821,.T.);
#1913=ADVANCED_FACE('',(#1733),#62,.T.);
#1914=ADVANCED_FACE('',(#1734),#1822,.T.);
#1915=ADVANCED_FACE('',(#1735),#85,.T.);
#1916=ADVANCED_FACE('',(#1736),#63,.T.);
#1917=ADVANCED_FACE('',(#1737),#1823,.T.);
#1918=ADVANCED_FACE('',(#1738),#1824,.T.);
#1919=ADVANCED_FACE('',(#1739),#64,.T.);
#1920=ADVANCED_FACE('',(#1740),#1825,.T.);
#1921=ADVANCED_FACE('',(#1741),#86,.T.);
#1922=ADVANCED_FACE('',(#1742),#22,.T.);
#1923=ADVANCED_FACE('',(#1743),#20,.T.);
#1924=ADVANCED_FACE('',(#1744),#21,.T.);
#1925=ADVANCED_FACE('',(#1745),#23,.T.);
#1926=ADVANCED_FACE('',(#1746),#24,.F.);
#1927=ADVANCED_FACE('',(#1747),#25,.T.);
#1928=ADVANCED_FACE('',(#1748),#26,.T.);
#1929=ADVANCED_FACE('',(#1749),#27,.T.);
#1930=ADVANCED_FACE('',(#1750),#28,.T.);
#1931=ADVANCED_FACE('',(#1751,#1752),#1826,.F.);
#1932=ADVANCED_FACE('',(#1753,#1754),#1827,.F.);
#1933=ADVANCED_FACE('',(#1755),#1828,.T.);
#1934=ADVANCED_FACE('',(#1756),#1829,.T.);
#1935=ADVANCED_FACE('',(#1757),#29,.T.);
#1936=ADVANCED_FACE('',(#1758),#30,.F.);
#1937=ADVANCED_FACE('',(#1759),#31,.T.);
#1938=ADVANCED_FACE('',(#1760,#1761,#1762),#32,.T.);
#1939=ADVANCED_FACE('',(#1763),#33,.T.);
#1940=ADVANCED_FACE('',(#1764),#34,.T.);
#1941=ADVANCED_FACE('',(#1765),#35,.T.);
#1942=ADVANCED_FACE('',(#1766),#1830,.T.);
#1943=ADVANCED_FACE('',(#1767),#1831,.T.);
#1944=ADVANCED_FACE('',(#1768,#1769,#1770),#36,.T.);
#1945=ADVANCED_FACE('',(#1771),#37,.T.);
#1946=ADVANCED_FACE('',(#1772),#38,.T.);
#1947=ADVANCED_FACE('',(#1773),#1832,.T.);
#1948=ADVANCED_FACE('',(#1774),#1833,.T.);
#1949=ADVANCED_FACE('',(#1775),#39,.T.);
#1950=ADVANCED_FACE('',(#1776),#40,.T.);
#1951=ADVANCED_FACE('',(#1777),#41,.T.);
#1952=ADVANCED_FACE('',(#1778),#42,.T.);
#1953=ADVANCED_FACE('',(#1779),#43,.T.);
#1954=ADVANCED_FACE('',(#1780,#1781),#44,.F.);
#1955=ADVANCED_FACE('',(#1782),#45,.T.);
#1956=ADVANCED_FACE('',(#1783),#1834,.T.);
#1957=ADVANCED_FACE('',(#1784),#46,.T.);
#1958=ADVANCED_FACE('',(#1785),#1835,.T.);
#1959=ADVANCED_FACE('',(#1786,#1787),#47,.F.);
#1960=CLOSED_SHELL('',(#1836,#1837,#1838,#1839,#1840,#1841,#1842,#1843,
#1844,#1845,#1846,#1847,#1848,#1849,#1850,#1851,#1852,#1853,#1854,#1855,
#1856,#1857,#1858,#1859,#1860,#1861,#1862,#1863,#1864,#1865,#1866,#1867,
#1868,#1869,#1870,#1871,#1872,#1873,#1874,#1875,#1876,#1877,#1878,#1879,
#1880,#1881,#1882,#1883,#1884,#1885,#1886,#1887,#1888,#1889,#1890,#1891,
#1892,#1893,#1894,#1895,#1896,#1897,#1898,#1899,#1900,#1901,#1902,#1903,
#1904,#1905,#1906,#1907,#1908,#1909,#1910,#1911,#1912,#1913,#1914,#1915,
#1916,#1917,#1918,#1919,#1920,#1921,#1922,#1923,#1924,#1925,#1926,#1927,
#1928,#1929,#1930,#1931,#1932,#1933,#1934,#1935,#1936,#1937,#1938,#1939,
#1940,#1941,#1942,#1943,#1944,#1945,#1946,#1947,#1948,#1949,#1950,#1951,
#1952,#1953,#1954,#1955,#1956,#1957,#1958,#1959));
#1961=STYLED_ITEM('',(#1962),#1969);
#1962=PRESENTATION_STYLE_ASSIGNMENT((#1963));
#1963=SURFACE_STYLE_USAGE(.BOTH.,#1964);
#1964=SURFACE_SIDE_STYLE('',(#1965));
#1965=SURFACE_STYLE_FILL_AREA(#1966);
#1966=FILL_AREA_STYLE('',(#1967));
#1967=FILL_AREA_STYLE_COLOUR('',#1968);
#1968=COLOUR_RGB('',0.4,0.8,1.);
#1969=MANIFOLD_SOLID_BREP('right_motor',#1960);
#1970=SHAPE_DEFINITION_REPRESENTATION(#4322,#1971);
#1971=SHAPE_REPRESENTATION('right_motor',(#1972),#4317);
#1972=AXIS2_PLACEMENT_3D('',#2813,#2217,#2218);
#1973=AXIS2_PLACEMENT_3D('',#2814,#2219,#2220);
#1974=AXIS2_PLACEMENT_3D('',#2815,#2221,#2222);
#1975=AXIS2_PLACEMENT_3D('',#2820,#2224,#2225);
#1976=AXIS2_PLACEMENT_3D('',#2847,#2227,#2228);
#1977=AXIS2_PLACEMENT_3D('',#2885,#2229,#2230);
#1978=AXIS2_PLACEMENT_3D('',#2886,#2231,#2232);
#1979=AXIS2_PLACEMENT_3D('',#2889,#2233,#2234);
#1980=AXIS2_PLACEMENT_3D('',#2890,#2235,#2236);
#1981=AXIS2_PLACEMENT_3D('',#2891,#2237,#2238);
#1982=AXIS2_PLACEMENT_3D('',#2898,#2239,#2240);
#1983=AXIS2_PLACEMENT_3D('',#2899,#2241,#2242);
#1984=AXIS2_PLACEMENT_3D('',#2907,#2243,#2244);
#1985=AXIS2_PLACEMENT_3D('',#2908,#2245,#2246);
#1986=AXIS2_PLACEMENT_3D('',#2913,#2249,#2250);
#1987=AXIS2_PLACEMENT_3D('',#2914,#2251,#2252);
#1988=AXIS2_PLACEMENT_3D('',#2919,#2255,#2256);
#1989=AXIS2_PLACEMENT_3D('',#2920,#2257,#2258);
#1990=AXIS2_PLACEMENT_3D('',#2923,#2259,#2260);
#1991=AXIS2_PLACEMENT_3D('',#2924,#2261,#2262);
#1992=AXIS2_PLACEMENT_3D('',#2985,#2263,#2264);
#1993=AXIS2_PLACEMENT_3D('',#3000,#2265,#2266);
#1994=AXIS2_PLACEMENT_3D('',#3001,#2267,#2268);
#1995=AXIS2_PLACEMENT_3D('',#3003,#2269,#2270);
#1996=AXIS2_PLACEMENT_3D('',#3004,#2271,#2272);
#1997=AXIS2_PLACEMENT_3D('',#3011,#2273,#2274);
#1998=AXIS2_PLACEMENT_3D('',#3012,#2275,#2276);
#1999=AXIS2_PLACEMENT_3D('',#3013,#2277,#2278);
#2000=AXIS2_PLACEMENT_3D('',#3014,#2279,#2280);
#2001=AXIS2_PLACEMENT_3D('',#3017,#2281,#2282);
#2002=AXIS2_PLACEMENT_3D('',#3018,#2283,#2284);
#2003=AXIS2_PLACEMENT_3D('',#3019,#2285,#2286);
#2004=AXIS2_PLACEMENT_3D('',#3020,#2287,#2288);
#2005=AXIS2_PLACEMENT_3D('',#3023,#2289,#2290);
#2006=AXIS2_PLACEMENT_3D('',#3036,#2291,#2292);
#2007=AXIS2_PLACEMENT_3D('',#3037,#2293,#2294);
#2008=AXIS2_PLACEMENT_3D('',#3038,#2295,#2296);
#2009=AXIS2_PLACEMENT_3D('',#3054,#2299,#2300);
#2010=AXIS2_PLACEMENT_3D('',#3068,#2303,#2304);
#2011=AXIS2_PLACEMENT_3D('',#3069,#2305,#2306);
#2012=AXIS2_PLACEMENT_3D('',#3074,#2309,#2310);
#2013=AXIS2_PLACEMENT_3D('',#3075,#2311,#2312);
#2014=AXIS2_PLACEMENT_3D('',#3080,#2315,#2316);
#2015=AXIS2_PLACEMENT_3D('',#3081,#2317,#2318);
#2016=AXIS2_PLACEMENT_3D('',#3086,#2321,#2322);
#2017=AXIS2_PLACEMENT_3D('',#3087,#2323,#2324);
#2018=AXIS2_PLACEMENT_3D('',#3091,#2327,#2328);
#2019=AXIS2_PLACEMENT_3D('',#3092,#2329,#2330);
#2020=AXIS2_PLACEMENT_3D('',#3094,#2331,#2332);
#2021=AXIS2_PLACEMENT_3D('',#3095,#2333,#2334);
#2022=AXIS2_PLACEMENT_3D('',#3096,#2335,#2336);
#2023=AXIS2_PLACEMENT_3D('',#3098,#2337,#2338);
#2024=AXIS2_PLACEMENT_3D('',#3099,#2339,#2340);
#2025=AXIS2_PLACEMENT_3D('',#3100,#2341,#2342);
#2026=AXIS2_PLACEMENT_3D('',#3103,#2343,#2344);
#2027=AXIS2_PLACEMENT_3D('',#3104,#2345,#2346);
#2028=AXIS2_PLACEMENT_3D('',#3117,#2347,#2348);
#2029=AXIS2_PLACEMENT_3D('',#3136,#2349,#2350);
#2030=AXIS2_PLACEMENT_3D('',#3143,#2351,#2352);
#2031=AXIS2_PLACEMENT_3D('',#3144,#2353,#2354);
#2032=AXIS2_PLACEMENT_3D('',#3145,#2355,#2356);
#2033=AXIS2_PLACEMENT_3D('',#3146,#2357,#2358);
#2034=AXIS2_PLACEMENT_3D('',#3151,#2361,#2362);
#2035=AXIS2_PLACEMENT_3D('',#3152,#2363,#2364);
#2036=AXIS2_PLACEMENT_3D('',#3157,#2367,#2368);
#2037=AXIS2_PLACEMENT_3D('',#3158,#2369,#2370);
#2038=AXIS2_PLACEMENT_3D('',#3163,#2373,#2374);
#2039=AXIS2_PLACEMENT_3D('',#3164,#2375,#2376);
#2040=AXIS2_PLACEMENT_3D('',#3169,#2379,#2380);
#2041=AXIS2_PLACEMENT_3D('',#3170,#2381,#2382);
#2042=AXIS2_PLACEMENT_3D('',#3175,#2385,#2386);
#2043=AXIS2_PLACEMENT_3D('',#3182,#2387,#2388);
#2044=AXIS2_PLACEMENT_3D('',#3183,#2389,#2390);
#2045=AXIS2_PLACEMENT_3D('',#3189,#2391,#2392);
#2046=AXIS2_PLACEMENT_3D('',#3190,#2393,#2394);
#2047=AXIS2_PLACEMENT_3D('',#3194,#2397,#2398);
#2048=AXIS2_PLACEMENT_3D('',#3195,#2399,#2400);
#2049=AXIS2_PLACEMENT_3D('',#3197,#2401,#2402);
#2050=AXIS2_PLACEMENT_3D('',#3198,#2403,#2404);
#2051=AXIS2_PLACEMENT_3D('',#3199,#2405,#2406);
#2052=AXIS2_PLACEMENT_3D('',#3201,#2407,#2408);
#2053=AXIS2_PLACEMENT_3D('',#3202,#2409,#2410);
#2054=AXIS2_PLACEMENT_3D('',#3203,#2411,#2412);
#2055=AXIS2_PLACEMENT_3D('',#3206,#2413,#2414);
#2056=AXIS2_PLACEMENT_3D('',#3207,#2415,#2416);
#2057=AXIS2_PLACEMENT_3D('',#3208,#2417,#2418);
#2058=AXIS2_PLACEMENT_3D('',#3209,#2419,#2420);
#2059=AXIS2_PLACEMENT_3D('',#3212,#2421,#2422);
#2060=AXIS2_PLACEMENT_3D('',#3213,#2423,#2424);
#2061=AXIS2_PLACEMENT_3D('',#3214,#2425,#2426);
#2062=AXIS2_PLACEMENT_3D('',#3215,#2427,#2428);
#2063=AXIS2_PLACEMENT_3D('',#3217,#2429,#2430);
#2064=AXIS2_PLACEMENT_3D('',#3301,#2431,#2432);
#2065=AXIS2_PLACEMENT_3D('',#3302,#2433,#2434);
#2066=AXIS2_PLACEMENT_3D('',#3315,#2435,#2436);
#2067=AXIS2_PLACEMENT_3D('',#3316,#2437,#2438);
#2068=AXIS2_PLACEMENT_3D('',#3330,#2441,#2442);
#2069=AXIS2_PLACEMENT_3D('',#3331,#2443,#2444);
#2070=AXIS2_PLACEMENT_3D('',#3336,#2447,#2448);
#2071=AXIS2_PLACEMENT_3D('',#3337,#2449,#2450);
#2072=AXIS2_PLACEMENT_3D('',#3342,#2453,#2454);
#2073=AXIS2_PLACEMENT_3D('',#3345,#2457,#2458);
#2074=AXIS2_PLACEMENT_3D('',#3353,#2461,#2462);
#2075=AXIS2_PLACEMENT_3D('',#3354,#2463,#2464);
#2076=AXIS2_PLACEMENT_3D('',#3355,#2465,#2466);
#2077=AXIS2_PLACEMENT_3D('',#3423,#2467,#2468);
#2078=AXIS2_PLACEMENT_3D('',#3490,#2469,#2470);
#2079=AXIS2_PLACEMENT_3D('',#3977,#2475,#2476);
#2080=AXIS2_PLACEMENT_3D('',#3978,#2477,#2478);
#2081=AXIS2_PLACEMENT_3D('',#3985,#2479,#2480);
#2082=AXIS2_PLACEMENT_3D('',#3987,#2481,#2482);
#2083=AXIS2_PLACEMENT_3D('',#3989,#2483,#2484);
#2084=AXIS2_PLACEMENT_3D('',#3990,#2485,#2486);
#2085=AXIS2_PLACEMENT_3D('',#3991,#2487,#2488);
#2086=AXIS2_PLACEMENT_3D('',#3996,#2491,#2492);
#2087=AXIS2_PLACEMENT_3D('',#3997,#2493,#2494);
#2088=AXIS2_PLACEMENT_3D('',#4007,#2497,#2498);
#2089=AXIS2_PLACEMENT_3D('',#4014,#2499,#2500);
#2090=AXIS2_PLACEMENT_3D('',#4015,#2501,#2502);
#2091=AXIS2_PLACEMENT_3D('',#4016,#2503,#2504);
#2092=AXIS2_PLACEMENT_3D('',#4026,#2507,#2508);
#2093=AXIS2_PLACEMENT_3D('',#4027,#2509,#2510);
#2094=AXIS2_PLACEMENT_3D('',#4028,#2511,#2512);
#2095=AXIS2_PLACEMENT_3D('',#4033,#2514,#2515);
#2096=AXIS2_PLACEMENT_3D('',#4036,#2517,#2518);
#2097=AXIS2_PLACEMENT_3D('',#4037,#2519,#2520);
#2098=AXIS2_PLACEMENT_3D('',#4039,#2521,#2522);
#2099=AXIS2_PLACEMENT_3D('',#4040,#2523,#2524);
#2100=AXIS2_PLACEMENT_3D('',#4041,#2525,#2526);
#2101=AXIS2_PLACEMENT_3D('',#4046,#2529,#2530);
#2102=AXIS2_PLACEMENT_3D('',#4063,#2531,#2532);
#2103=AXIS2_PLACEMENT_3D('',#4064,#2533,#2534);
#2104=AXIS2_PLACEMENT_3D('',#4065,#2535,#2536);
#2105=AXIS2_PLACEMENT_3D('',#4066,#2537,#2538);
#2106=AXIS2_PLACEMENT_3D('',#4068,#2539,#2540);
#2107=AXIS2_PLACEMENT_3D('',#4069,#2541,#2542);
#2108=AXIS2_PLACEMENT_3D('',#4070,#2543,#2544);
#2109=AXIS2_PLACEMENT_3D('',#4075,#2547,#2548);
#2110=AXIS2_PLACEMENT_3D('',#4076,#2549,#2550);
#2111=AXIS2_PLACEMENT_3D('',#4081,#2553,#2554);
#2112=AXIS2_PLACEMENT_3D('',#4082,#2555,#2556);
#2113=AXIS2_PLACEMENT_3D('',#4085,#2557,#2558);
#2114=AXIS2_PLACEMENT_3D('',#4086,#2559,#2560);
#2115=AXIS2_PLACEMENT_3D('',#4087,#2561,#2562);
#2116=AXIS2_PLACEMENT_3D('',#4088,#2563,#2564);
#2117=AXIS2_PLACEMENT_3D('',#4090,#2565,#2566);
#2118=AXIS2_PLACEMENT_3D('',#4091,#2567,#2568);
#2119=AXIS2_PLACEMENT_3D('',#4092,#2569,#2570);
#2120=AXIS2_PLACEMENT_3D('',#4095,#2571,#2572);
#2121=AXIS2_PLACEMENT_3D('',#4096,#2573,#2574);
#2122=AXIS2_PLACEMENT_3D('',#4097,#2575,#2576);
#2123=AXIS2_PLACEMENT_3D('',#4098,#2577,#2578);
#2124=AXIS2_PLACEMENT_3D('',#4103,#2581,#2582);
#2125=AXIS2_PLACEMENT_3D('',#4104,#2583,#2584);
#2126=AXIS2_PLACEMENT_3D('',#4109,#2587,#2588);
#2127=AXIS2_PLACEMENT_3D('',#4110,#2589,#2590);
#2128=AXIS2_PLACEMENT_3D('',#4115,#2593,#2594);
#2129=AXIS2_PLACEMENT_3D('',#4116,#2595,#2596);
#2130=AXIS2_PLACEMENT_3D('',#4120,#2599,#2600);
#2131=AXIS2_PLACEMENT_3D('',#4121,#2601,#2602);
#2132=AXIS2_PLACEMENT_3D('',#4122,#2603,#2604);
#2133=AXIS2_PLACEMENT_3D('',#4123,#2605,#2606);
#2134=AXIS2_PLACEMENT_3D('',#4125,#2607,#2608);
#2135=AXIS2_PLACEMENT_3D('',#4126,#2609,#2610);
#2136=AXIS2_PLACEMENT_3D('',#4127,#2611,#2612);
#2137=AXIS2_PLACEMENT_3D('',#4132,#2615,#2616);
#2138=AXIS2_PLACEMENT_3D('',#4133,#2617,#2618);
#2139=AXIS2_PLACEMENT_3D('',#4137,#2621,#2622);
#2140=AXIS2_PLACEMENT_3D('',#4147,#2625,#2626);
#2141=AXIS2_PLACEMENT_3D('',#4148,#2627,#2628);
#2142=AXIS2_PLACEMENT_3D('',#4149,#2629,#2630);
#2143=AXIS2_PLACEMENT_3D('',#4159,#2633,#2634);
#2144=AXIS2_PLACEMENT_3D('',#4167,#2635,#2636);
#2145=AXIS2_PLACEMENT_3D('',#4169,#2637,#2638);
#2146=AXIS2_PLACEMENT_3D('',#4171,#2639,#2640);
#2147=AXIS2_PLACEMENT_3D('',#4172,#2641,#2642);
#2148=AXIS2_PLACEMENT_3D('',#4173,#2643,#2644);
#2149=AXIS2_PLACEMENT_3D('',#4175,#2645,#2646);
#2150=AXIS2_PLACEMENT_3D('',#4176,#2647,#2648);
#2151=AXIS2_PLACEMENT_3D('',#4177,#2649,#2650);
#2152=AXIS2_PLACEMENT_3D('',#4187,#2653,#2654);
#2153=AXIS2_PLACEMENT_3D('',#4188,#2655,#2656);
#2154=AXIS2_PLACEMENT_3D('',#4193,#2659,#2660);
#2155=AXIS2_PLACEMENT_3D('',#4194,#2661,#2662);
#2156=AXIS2_PLACEMENT_3D('',#4196,#2663,#2664);
#2157=AXIS2_PLACEMENT_3D('',#4197,#2665,#2666);
#2158=AXIS2_PLACEMENT_3D('',#4207,#2669,#2670);
#2159=AXIS2_PLACEMENT_3D('',#4208,#2671,#2672);
#2160=AXIS2_PLACEMENT_3D('',#4216,#2673,#2674);
#2161=AXIS2_PLACEMENT_3D('',#4217,#2675,#2676);
#2162=AXIS2_PLACEMENT_3D('',#4218,#2677,#2678);
#2163=AXIS2_PLACEMENT_3D('',#4220,#2680,#2681);
#2164=AXIS2_PLACEMENT_3D('',#4224,#2683,#2684);
#2165=AXIS2_PLACEMENT_3D('',#4225,#2685,#2686);
#2166=AXIS2_PLACEMENT_3D('',#4226,#2687,#2688);
#2167=AXIS2_PLACEMENT_3D('',#4227,#2689,#2690);
#2168=AXIS2_PLACEMENT_3D('',#4229,#2691,#2692);
#2169=AXIS2_PLACEMENT_3D('',#4230,#2693,#2694);
#2170=AXIS2_PLACEMENT_3D('',#4231,#2695,#2696);
#2171=AXIS2_PLACEMENT_3D('',#4232,#2697,#2698);
#2172=AXIS2_PLACEMENT_3D('',#4234,#2699,#2700);
#2173=AXIS2_PLACEMENT_3D('',#4235,#2701,#2702);
#2174=AXIS2_PLACEMENT_3D('',#4238,#2705,#2706);
#2175=AXIS2_PLACEMENT_3D('',#4247,#2711,#2712);
#2176=AXIS2_PLACEMENT_3D('',#4253,#2716,#2717);
#2177=AXIS2_PLACEMENT_3D('',#4257,#2720,#2721);
#2178=AXIS2_PLACEMENT_3D('',#4261,#2724,#2725);
#2179=AXIS2_PLACEMENT_3D('',#4263,#2727,#2728);
#2180=AXIS2_PLACEMENT_3D('',#4264,#2729,#2730);
#2181=AXIS2_PLACEMENT_3D('',#4266,#2731,#2732);
#2182=AXIS2_PLACEMENT_3D('',#4268,#2733,#2734);
#2183=AXIS2_PLACEMENT_3D('',#4269,#2735,#2736);
#2184=AXIS2_PLACEMENT_3D('',#4271,#2737,#2738);
#2185=AXIS2_PLACEMENT_3D('',#4273,#2739,#2740);
#2186=AXIS2_PLACEMENT_3D('',#4276,#2743,#2744);
#2187=AXIS2_PLACEMENT_3D('',#4279,#2747,#2748);
#2188=AXIS2_PLACEMENT_3D('',#4280,#2749,#2750);
#2189=AXIS2_PLACEMENT_3D('',#4281,#2751,#2752);
#2190=AXIS2_PLACEMENT_3D('',#4282,#2753,#2754);
#2191=AXIS2_PLACEMENT_3D('',#4283,#2755,#2756);
#2192=AXIS2_PLACEMENT_3D('',#4284,#2757,#2758);
#2193=AXIS2_PLACEMENT_3D('',#4285,#2759,#2760);
#2194=AXIS2_PLACEMENT_3D('',#4286,#2761,#2762);
#2195=AXIS2_PLACEMENT_3D('',#4287,#2763,#2764);
#2196=AXIS2_PLACEMENT_3D('',#4288,#2765,#2766);
#2197=AXIS2_PLACEMENT_3D('',#4289,#2767,#2768);
#2198=AXIS2_PLACEMENT_3D('',#4290,#2769,#2770);
#2199=AXIS2_PLACEMENT_3D('',#4291,#2771,#2772);
#2200=AXIS2_PLACEMENT_3D('',#4293,#2774,#2775);
#2201=AXIS2_PLACEMENT_3D('',#4294,#2776,#2777);
#2202=AXIS2_PLACEMENT_3D('',#4295,#2778,#2779);
#2203=AXIS2_PLACEMENT_3D('',#4296,#2780,#2781);
#2204=AXIS2_PLACEMENT_3D('',#4299,#2783,#2784);
#2205=AXIS2_PLACEMENT_3D('',#4302,#2787,#2788);
#2206=AXIS2_PLACEMENT_3D('',#4303,#2789,#2790);
#2207=AXIS2_PLACEMENT_3D('',#4306,#2793,#2794);
#2208=AXIS2_PLACEMENT_3D('',#4307,#2795,#2796);
#2209=AXIS2_PLACEMENT_3D('',#4308,#2797,#2798);
#2210=AXIS2_PLACEMENT_3D('',#4309,#2799,#2800);
#2211=AXIS2_PLACEMENT_3D('',#4310,#2801,#2802);
#2212=AXIS2_PLACEMENT_3D('',#4311,#2803,#2804);
#2213=AXIS2_PLACEMENT_3D('',#4312,#2805,#2806);
#2214=AXIS2_PLACEMENT_3D('',#4313,#2807,#2808);
#2215=AXIS2_PLACEMENT_3D('',#4314,#2809,#2810);
#2216=AXIS2_PLACEMENT_3D('',#4315,#2811,#2812);
#2217=DIRECTION('',(0.,0.,1.));
#2218=DIRECTION('',(1.,0.,0.));
#2219=DIRECTION('',(0.,-1.,0.));
#2220=DIRECTION('',(0.,0.,-1.));
#2221=DIRECTION('',(0.,-1.,0.));
#2222=DIRECTION('',(0.,0.,1.));
#2223=DIRECTION('',(0.,1.,0.));
#2224=DIRECTION('',(0.,1.,0.));
#2225=DIRECTION('',(0.,0.,-1.));
#2226=DIRECTION('',(-1.4065325480893E-16,-1.,0.));
#2227=DIRECTION('',(0.,0.,1.));
#2228=DIRECTION('',(1.,0.,0.));
#2229=DIRECTION('',(0.,1.,0.));
#2230=DIRECTION('',(0.,0.,1.));
#2231=DIRECTION('',(0.,-1.,0.));
#2232=DIRECTION('',(0.,0.,1.));
#2233=DIRECTION('',(0.642417153498486,0.,-0.766355140186913));
#2234=DIRECTION('',(-0.766355140186913,0.,-0.642417153498486));
#2235=DIRECTION('',(0.,0.,1.));
#2236=DIRECTION('',(1.,0.,0.));
#2237=DIRECTION('',(0.,1.,0.));
#2238=DIRECTION('',(0.,0.,1.));
#2239=DIRECTION('',(0.,-1.,0.));
#2240=DIRECTION('',(0.,0.,1.));
#2241=DIRECTION('',(0.,1.,0.));
#2242=DIRECTION('',(0.,0.,1.));
#2243=DIRECTION('',(0.,0.,-1.));
#2244=DIRECTION('',(-1.,0.,0.));
#2245=DIRECTION('',(0.,0.,1.));
#2246=DIRECTION('',(-1.,0.,0.));
#2247=DIRECTION('',(0.,0.,-1.));
#2248=DIRECTION('',(0.,0.,1.));
#2249=DIRECTION('',(0.,0.,-1.));
#2250=DIRECTION('',(-1.,0.,0.));
#2251=DIRECTION('',(0.,0.,1.));
#2252=DIRECTION('',(1.,0.,0.));
#2253=DIRECTION('',(0.,0.,1.));
#2254=DIRECTION('',(0.,0.,-1.));
#2255=DIRECTION('',(0.,1.,0.));
#2256=DIRECTION('',(1.45477499778469E-15,0.,-1.));
#2257=DIRECTION('',(0.64241715349848,1.49902997078379E-15,0.766355140186918));
#2258=DIRECTION('',(-0.766355140186918,0.,0.64241715349848));
#2259=DIRECTION('',(0.,-1.,0.));
#2260=DIRECTION('',(0.,0.,1.));
#2261=DIRECTION('',(0.,1.,0.));
#2262=DIRECTION('',(0.,0.,1.));
#2263=DIRECTION('',(0.,-1.,0.));
#2264=DIRECTION('',(-3.78485122031337E-15,0.,-1.));
#2265=DIRECTION('',(0.,0.,1.));
#2266=DIRECTION('',(1.,0.,0.));
#2267=DIRECTION('',(-1.,0.,0.));
#2268=DIRECTION('',(0.,0.,1.));
#2269=DIRECTION('',(0.,1.,0.));
#2270=DIRECTION('',(0.,0.,1.));
#2271=DIRECTION('',(0.,1.,0.));
#2272=DIRECTION('',(0.,0.,1.));
#2273=DIRECTION('',(0.,1.,0.));
#2274=DIRECTION('',(0.,0.,1.));
#2275=DIRECTION('',(0.,1.,0.));
#2276=DIRECTION('',(0.,0.,1.));
#2277=DIRECTION('',(0.,1.,0.));
#2278=DIRECTION('',(0.,0.,1.));
#2279=DIRECTION('',(0.,0.,1.));
#2280=DIRECTION('',(1.,0.,0.));
#2281=DIRECTION('',(0.,1.,0.));
#2282=DIRECTION('',(0.,0.,1.));
#2283=DIRECTION('',(0.,-1.,0.));
#2284=DIRECTION('',(0.,0.,1.));
#2285=DIRECTION('',(0.,1.,0.));
#2286=DIRECTION('',(0.,0.,1.));
#2287=DIRECTION('',(0.642417153498481,0.,0.766355140186917));
#2288=DIRECTION('',(-0.766355140186917,0.,0.642417153498481));
#2289=DIRECTION('',(0.,-1.,0.));
#2290=DIRECTION('',(0.,0.,1.));
#2291=DIRECTION('',(0.,1.,0.));
#2292=DIRECTION('',(0.,0.,1.));
#2293=DIRECTION('',(1.,0.,0.));
#2294=DIRECTION('',(0.,0.,-1.));
#2295=DIRECTION('',(-1.,-5.78241158658932E-15,0.));
#2296=DIRECTION('',(-5.78241158658932E-15,1.,0.));
#2297=DIRECTION('',(1.,0.,0.));
#2298=DIRECTION('',(-1.,0.,0.));
#2299=DIRECTION('',(1.,0.,0.));
#2300=DIRECTION('',(0.,0.,-1.));
#2301=DIRECTION('',(1.,0.,0.));
#2302=DIRECTION('',(-1.,0.,0.));
#2303=DIRECTION('',(1.4065325480893E-16,1.,0.));
#2304=DIRECTION('',(-1.,1.4065325480893E-16,0.));
#2305=DIRECTION('',(0.,1.,0.));
#2306=DIRECTION('',(0.,0.,1.));
#2307=DIRECTION('',(-1.4065325480893E-16,-1.,0.));
#2308=DIRECTION('',(1.4065325480893E-16,1.,0.));
#2309=DIRECTION('',(0.,-1.,0.));
#2310=DIRECTION('',(0.,0.,-1.));
#2311=DIRECTION('',(0.,1.,0.));
#2312=DIRECTION('',(0.,0.,-1.));
#2313=DIRECTION('',(0.,-1.,0.));
#2314=DIRECTION('',(1.4065325480893E-16,1.,0.));
#2315=DIRECTION('',(0.,0.,-1.));
#2316=DIRECTION('',(-1.,0.,0.));
#2317=DIRECTION('',(0.,0.,1.));
#2318=DIRECTION('',(1.,0.,0.));
#2319=DIRECTION('',(0.,0.,1.));
#2320=DIRECTION('',(0.,0.,-1.));
#2321=DIRECTION('',(0.,-1.,0.));
#2322=DIRECTION('',(0.,0.,-1.));
#2323=DIRECTION('',(0.,1.,0.));
#2324=DIRECTION('',(0.,0.,1.));
#2325=DIRECTION('',(0.,-1.,0.));
#2326=DIRECTION('',(0.,1.,0.));
#2327=DIRECTION('',(0.,1.,0.));
#2328=DIRECTION('',(0.,0.,1.));
#2329=DIRECTION('',(0.,0.,1.));
#2330=DIRECTION('',(1.,0.,0.));
#2331=DIRECTION('',(0.,1.,0.));
#2332=DIRECTION('',(0.,0.,1.));
#2333=DIRECTION('',(0.,0.,1.));
#2334=DIRECTION('',(1.,0.,0.));
#2335=DIRECTION('',(0.,0.,-1.));
#2336=DIRECTION('',(-1.,0.,0.));
#2337=DIRECTION('',(0.,1.,0.));
#2338=DIRECTION('',(0.,0.,1.));
#2339=DIRECTION('',(-1.,1.4065325480893E-16,0.));
#2340=DIRECTION('',(0.,-1.,0.));
#2341=DIRECTION('',(0.,0.,-1.));
#2342=DIRECTION('',(-1.,0.,0.));
#2343=DIRECTION('',(-1.,1.4065325480893E-16,0.));
#2344=DIRECTION('',(-1.4065325480893E-16,-1.,0.));
#2345=DIRECTION('',(1.,-1.4065325480893E-16,0.));
#2346=DIRECTION('',(-1.4065325480893E-16,-1.,0.));
#2347=DIRECTION('',(0.,0.,-1.));
#2348=DIRECTION('',(-1.,0.,0.));
#2349=DIRECTION('',(0.,1.,0.));
#2350=DIRECTION('',(0.,0.,1.));
#2351=DIRECTION('',(0.,1.,0.));
#2352=DIRECTION('',(0.,0.,1.));
#2353=DIRECTION('',(0.,1.,0.));
#2354=DIRECTION('',(0.,0.,1.));
#2355=DIRECTION('',(0.,0.,-1.));
#2356=DIRECTION('',(-1.,0.,0.));
#2357=DIRECTION('',(0.,0.,1.));
#2358=DIRECTION('',(-1.,0.,0.));
#2359=DIRECTION('',(0.,0.,1.));
#2360=DIRECTION('',(0.,0.,-1.));
#2361=DIRECTION('',(0.,0.,-1.));
#2362=DIRECTION('',(-1.,0.,0.));
#2363=DIRECTION('',(0.,0.,-1.));
#2364=DIRECTION('',(1.,0.,0.));
#2365=DIRECTION('',(0.,0.,1.));
#2366=DIRECTION('',(0.,0.,-1.));
#2367=DIRECTION('',(1.4065325480893E-16,-1.,0.));
#2368=DIRECTION('',(1.,1.4065325480893E-16,0.));
#2369=DIRECTION('',(0.,1.,0.));
#2370=DIRECTION('',(0.,0.,1.));
#2371=DIRECTION('',(1.4065325480893E-16,-1.,0.));
#2372=DIRECTION('',(-1.4065325480893E-16,1.,0.));
#2373=DIRECTION('',(0.,0.,-1.));
#2374=DIRECTION('',(-1.,0.,0.));
#2375=DIRECTION('',(0.,0.,-1.));
#2376=DIRECTION('',(-1.,0.,0.));
#2377=DIRECTION('',(0.,0.,1.));
#2378=DIRECTION('',(0.,0.,-1.));
#2379=DIRECTION('',(0.,0.,-1.));
#2380=DIRECTION('',(-1.,0.,0.));
#2381=DIRECTION('',(0.,0.,-1.));
#2382=DIRECTION('',(1.,0.,0.));
#2383=DIRECTION('',(0.,0.,1.));
#2384=DIRECTION('',(0.,0.,-1.));
#2385=DIRECTION('',(0.,1.,0.));
#2386=DIRECTION('',(0.,0.,1.));
#2387=DIRECTION('',(0.,1.,0.));
#2388=DIRECTION('',(0.,0.,1.));
#2389=DIRECTION('',(0.,-1.,0.));
#2390=DIRECTION('',(0.,0.,1.));
#2391=DIRECTION('',(0.,-1.,0.));
#2392=DIRECTION('',(0.,0.,-1.));
#2393=DIRECTION('',(0.,1.,0.));
#2394=DIRECTION('',(0.,0.,1.));
#2395=DIRECTION('',(0.,-1.,0.));
#2396=DIRECTION('',(0.,1.,0.));
#2397=DIRECTION('',(0.,1.,0.));
#2398=DIRECTION('',(0.,0.,1.));
#2399=DIRECTION('',(-0.64241715349848,0.,0.766355140186918));
#2400=DIRECTION('',(0.766355140186918,0.,0.64241715349848));
#2401=DIRECTION('',(0.,1.,0.));
#2402=DIRECTION('',(0.,0.,1.));
#2403=DIRECTION('',(0.,0.,1.));
#2404=DIRECTION('',(1.,0.,0.));
#2405=DIRECTION('',(1.,0.,-5.78241158658936E-15));
#2406=DIRECTION('',(-5.78241158658936E-15,0.,-1.));
#2407=DIRECTION('',(0.,1.,0.));
#2408=DIRECTION('',(0.,0.,1.));
#2409=DIRECTION('',(1.,1.4065325480893E-16,0.));
#2410=DIRECTION('',(0.,1.,0.));
#2411=DIRECTION('',(0.,0.,-1.));
#2412=DIRECTION('',(-1.,0.,0.));
#2413=DIRECTION('',(-1.,-1.4065325480893E-16,0.));
#2414=DIRECTION('',(-1.4065325480893E-16,1.,0.));
#2415=DIRECTION('',(1.,1.4065325480893E-16,0.));
#2416=DIRECTION('',(-1.4065325480893E-16,1.,0.));
#2417=DIRECTION('',(-1.,1.4065325480893E-16,0.));
#2418=DIRECTION('',(0.,-1.,0.));
#2419=DIRECTION('',(0.,-1.,0.));
#2420=DIRECTION('',(0.,0.,-1.));
#2421=DIRECTION('',(-1.,1.4065325480893E-16,0.));
#2422=DIRECTION('',(-1.4065325480893E-16,-1.,0.));
#2423=DIRECTION('',(1.,-1.4065325480893E-16,0.));
#2424=DIRECTION('',(-1.4065325480893E-16,-1.,0.));
#2425=DIRECTION('',(0.,0.,1.));
#2426=DIRECTION('',(1.,0.,0.));
#2427=DIRECTION('',(0.,1.,0.));
#2428=DIRECTION('',(0.,0.,1.));
#2429=DIRECTION('',(-1.,0.,0.));
#2430=DIRECTION('',(0.,0.,1.));
#2431=DIRECTION('',(0.,1.,0.));
#2432=DIRECTION('',(0.,0.,1.));
#2433=DIRECTION('',(0.,1.,0.));
#2434=DIRECTION('',(0.,0.,1.));
#2435=DIRECTION('',(0.,-1.,0.));
#2436=DIRECTION('',(0.,0.,1.));
#2437=DIRECTION('',(-1.,0.,0.));
#2438=DIRECTION('',(0.,0.,1.));
#2439=DIRECTION('',(1.,0.,0.));
#2440=DIRECTION('',(-1.,0.,0.));
#2441=DIRECTION('',(-1.4065325480893E-16,1.,0.));
#2442=DIRECTION('',(-1.,-1.4065325480893E-16,0.));
#2443=DIRECTION('',(0.,1.,0.));
#2444=DIRECTION('',(0.,0.,1.));
#2445=DIRECTION('',(1.4065325480893E-16,-1.,0.));
#2446=DIRECTION('',(-1.4065325480893E-16,1.,0.));
#2447=DIRECTION('',(0.,0.,-1.));
#2448=DIRECTION('',(-1.,0.,0.));
#2449=DIRECTION('',(0.,0.,-1.));
#2450=DIRECTION('',(-1.,0.,0.));
#2451=DIRECTION('',(0.,0.,1.));
#2452=DIRECTION('',(0.,0.,-1.));
#2453=DIRECTION('',(-1.4065325480893E-16,-1.,0.));
#2454=DIRECTION('',(1.,-1.4065325480893E-16,0.));
#2455=DIRECTION('',(-1.4065325480893E-16,-1.,0.));
#2456=DIRECTION('',(1.4065325480893E-16,1.,0.));
#2457=DIRECTION('',(-1.,0.,0.));
#2458=DIRECTION('',(0.,0.,1.));
#2459=DIRECTION('',(-1.,0.,0.));
#2460=DIRECTION('',(1.,0.,0.));
#2461=DIRECTION('',(1.,1.4065325480893E-16,0.));
#2462=DIRECTION('',(0.,1.,0.));
#2463=DIRECTION('',(-1.,-1.4065325480893E-16,0.));
#2464=DIRECTION('',(-1.4065325480893E-16,1.,0.));
#2465=DIRECTION('',(1.,1.4065325480893E-16,0.));
#2466=DIRECTION('',(-1.4065325480893E-16,1.,0.));
#2467=DIRECTION('',(0.,-1.,0.));
#2468=DIRECTION('',(-0.321520391585672,0.,0.946902654867223));
#2469=DIRECTION('',(0.,-1.,0.));
#2470=DIRECTION('',(1.33731409784402E-15,0.,1.));
#2471=DIRECTION('',(1.,0.,0.));
#2472=DIRECTION('',(1.,0.,0.));
#2473=DIRECTION('',(-1.,0.,0.));
#2474=DIRECTION('',(-1.,0.,0.));
#2475=DIRECTION('',(0.,-1.,0.));
#2476=DIRECTION('',(0.321520391585675,0.,-0.946902654867222));
#2477=DIRECTION('',(0.,-1.,0.));
#2478=DIRECTION('',(0.,0.,-1.));
#2479=DIRECTION('',(0.,1.,0.));
#2480=DIRECTION('',(0.,0.,-1.));
#2481=DIRECTION('',(0.,0.,1.));
#2482=DIRECTION('',(1.,0.,0.));
#2483=DIRECTION('',(0.,1.,0.));
#2484=DIRECTION('',(0.,0.,-1.));
#2485=DIRECTION('',(0.,0.,-1.));
#2486=DIRECTION('',(-1.,0.,0.));
#2487=DIRECTION('',(0.,0.,1.));
#2488=DIRECTION('',(1.,0.,0.));
#2489=DIRECTION('',(0.,0.,1.));
#2490=DIRECTION('',(0.,0.,-1.));
#2491=DIRECTION('',(0.,1.,0.));
#2492=DIRECTION('',(0.,0.,1.));
#2493=DIRECTION('',(-0.894427190999916,-0.447213595499958,0.));
#2494=DIRECTION('',(-0.447213595499958,0.894427190999916,0.));
#2495=DIRECTION('',(0.,-1.,0.));
#2496=DIRECTION('',(0.,1.,0.));
#2497=DIRECTION('',(0.,-1.,0.));
#2498=DIRECTION('',(-0.646650169409273,0.,0.762786705706752));
#2499=DIRECTION('',(0.,1.,0.));
#2500=DIRECTION('',(0.,0.,-1.));
#2501=DIRECTION('',(0.,1.,0.));
#2502=DIRECTION('',(0.,0.,-1.));
#2503=DIRECTION('',(0.,1.,0.));
#2504=DIRECTION('',(0.,0.,1.));
#2505=DIRECTION('',(0.,-1.,0.));
#2506=DIRECTION('',(0.,1.,0.));
#2507=DIRECTION('',(-0.894427190999916,-0.447213595499958,0.));
#2508=DIRECTION('',(-0.447213595499958,0.894427190999916,0.));
#2509=DIRECTION('',(0.,-1.,0.));
#2510=DIRECTION('',(0.,0.,-1.));
#2511=DIRECTION('',(0.,-1.,0.));
#2512=DIRECTION('',(0.,0.,1.));
#2513=DIRECTION('',(0.,1.,0.));
#2514=DIRECTION('',(0.,-1.,0.));
#2515=DIRECTION('',(0.,0.,1.));
#2516=DIRECTION('',(0.,-1.,0.));
#2517=DIRECTION('',(0.,0.,1.));
#2518=DIRECTION('',(1.,0.,0.));
#2519=DIRECTION('',(0.,5.78241158658946E-15,1.));
#2520=DIRECTION('',(0.,-1.,5.78241158658946E-15));
#2521=DIRECTION('',(0.642417153498485,0.,-0.766355140186913));
#2522=DIRECTION('',(-0.766355140186913,0.,-0.642417153498485));
#2523=DIRECTION('',(0.,0.,1.));
#2524=DIRECTION('',(1.,0.,0.));
#2525=DIRECTION('',(-2.89120579329468E-15,0.,1.));
#2526=DIRECTION('',(-1.,0.,-2.89120579329468E-15));
#2527=DIRECTION('',(0.,0.,-1.));
#2528=DIRECTION('',(0.,0.,1.));
#2529=DIRECTION('',(0.,1.,0.));
#2530=DIRECTION('',(0.,0.,1.));
#2531=DIRECTION('',(0.,-1.,0.));
#2532=DIRECTION('',(0.,0.,1.));
#2533=DIRECTION('',(0.,1.,0.));
#2534=DIRECTION('',(0.,0.,1.));
#2535=DIRECTION('',(0.,0.,1.));
#2536=DIRECTION('',(1.,0.,0.));
#2537=DIRECTION('',(0.,1.,0.));
#2538=DIRECTION('',(0.,0.,1.));
#2539=DIRECTION('',(0.642417153498482,3.71472039181344E-15,0.766355140186916));
#2540=DIRECTION('',(0.766355140186916,-2.76101316827354E-30,-0.642417153498482));
#2541=DIRECTION('',(-1.,0.,0.));
#2542=DIRECTION('',(0.,0.,1.));
#2543=DIRECTION('',(1.,0.,0.));
#2544=DIRECTION('',(0.,0.,1.));
#2545=DIRECTION('',(-1.,0.,0.));
#2546=DIRECTION('',(1.,0.,0.));
#2547=DIRECTION('',(0.,-1.,0.));
#2548=DIRECTION('',(0.,0.,-1.));
#2549=DIRECTION('',(0.,-1.,0.));
#2550=DIRECTION('',(0.,0.,1.));
#2551=DIRECTION('',(0.,-1.,0.));
#2552=DIRECTION('',(0.,1.,0.));
#2553=DIRECTION('',(0.,1.,0.));
#2554=DIRECTION('',(0.0973656106000253,0.,-0.995248681422128));
#2555=DIRECTION('',(0.778761061946904,0.,-0.627320658352115));
#2556=DIRECTION('',(0.627320658352115,0.,0.778761061946904));
#2557=DIRECTION('',(0.,1.,0.));
#2558=DIRECTION('',(0.,0.,1.));
#2559=DIRECTION('',(0.,-1.,0.));
#2560=DIRECTION('',(0.,0.,1.));
#2561=DIRECTION('',(0.,0.,1.));
#2562=DIRECTION('',(1.,0.,0.));
#2563=DIRECTION('',(0.,0.,1.));
#2564=DIRECTION('',(1.,0.,0.));
#2565=DIRECTION('',(0.,1.,0.));
#2566=DIRECTION('',(0.,0.,1.));
#2567=DIRECTION('',(0.,1.,0.));
#2568=DIRECTION('',(0.,0.,1.));
#2569=DIRECTION('',(1.,0.,0.));
#2570=DIRECTION('',(0.,0.,-1.));
#2571=DIRECTION('',(0.,1.,0.));
#2572=DIRECTION('',(0.,0.,1.));
#2573=DIRECTION('',(0.,-1.,0.));
#2574=DIRECTION('',(0.,0.,1.));
#2575=DIRECTION('',(0.,0.,1.));
#2576=DIRECTION('',(1.,0.,0.));
#2577=DIRECTION('',(0.,0.,1.));
#2578=DIRECTION('',(-1.,0.,0.));
#2579=DIRECTION('',(0.,0.,-1.));
#2580=DIRECTION('',(0.,0.,1.));
#2581=DIRECTION('',(0.,-1.,2.66880534765663E-16));
#2582=DIRECTION('',(0.,-2.66880534765663E-16,-1.));
#2583=DIRECTION('',(0.,1.,0.));
#2584=DIRECTION('',(0.,0.,-1.));
#2585=DIRECTION('',(0.,-1.,2.66880534765663E-16));
#2586=DIRECTION('',(0.,1.,-2.66880534765663E-16));
#2587=DIRECTION('',(0.,-1.,0.));
#2588=DIRECTION('',(0.,0.,-1.));
#2589=DIRECTION('',(0.,1.,0.));
#2590=DIRECTION('',(0.,0.,1.));
#2591=DIRECTION('',(0.,-1.,-2.66880534765663E-16));
#2592=DIRECTION('',(0.,1.,0.));
#2593=DIRECTION('',(-1.,0.,0.));
#2594=DIRECTION('',(0.,0.,1.));
#2595=DIRECTION('',(1.,0.,0.));
#2596=DIRECTION('',(0.,0.,1.));
#2597=DIRECTION('',(-1.,0.,0.));
#2598=DIRECTION('',(1.,0.,0.));
#2599=DIRECTION('',(0.,0.,1.));
#2600=DIRECTION('',(1.,0.,0.));
#2601=DIRECTION('',(0.,1.,0.));
#2602=DIRECTION('',(0.,0.,1.));
#2603=DIRECTION('',(0.,0.,1.));
#2604=DIRECTION('',(1.,0.,0.));
#2605=DIRECTION('',(0.,0.,1.));
#2606=DIRECTION('',(1.,0.,0.));
#2607=DIRECTION('',(-1.,0.,0.));
#2608=DIRECTION('',(0.,0.,1.));
#2609=DIRECTION('',(0.,1.,2.66880534765663E-16));
#2610=DIRECTION('',(0.,-2.66880534765663E-16,1.));
#2611=DIRECTION('',(0.,1.,0.));
#2612=DIRECTION('',(0.,0.,-1.));
#2613=DIRECTION('',(0.,-1.,-2.66880534765663E-16));
#2614=DIRECTION('',(0.,1.,2.66880534765663E-16));
#2615=DIRECTION('',(0.,0.,-1.));
#2616=DIRECTION('',(-1.,0.,0.));
#2617=DIRECTION('',(0.,0.,1.));
#2618=DIRECTION('',(-1.,0.,0.));
#2619=DIRECTION('',(0.,0.,-1.));
#2620=DIRECTION('',(0.,0.,1.));
#2621=DIRECTION('',(-1.,0.,0.));
#2622=DIRECTION('',(0.,0.,1.));
#2623=DIRECTION('',(1.,0.,0.));
#2624=DIRECTION('',(-1.,0.,0.));
#2625=DIRECTION('',(0.,0.,1.));
#2626=DIRECTION('',(1.,0.,0.));
#2627=DIRECTION('',(-1.,0.,0.));
#2628=DIRECTION('',(0.,0.,1.));
#2629=DIRECTION('',(-1.,0.,0.));
#2630=DIRECTION('',(0.,0.,1.));
#2631=DIRECTION('',(-1.,0.,0.));
#2632=DIRECTION('',(1.,0.,0.));
#2633=DIRECTION('',(0.,1.,0.));
#2634=DIRECTION('',(0.,0.,1.));
#2635=DIRECTION('',(0.,-1.,0.));
#2636=DIRECTION('',(0.,0.,1.));
#2637=DIRECTION('',(-0.617813345931679,0.,0.786324786324775));
#2638=DIRECTION('',(-0.786324786324775,0.,-0.617813345931679));
#2639=DIRECTION('',(0.,1.,0.));
#2640=DIRECTION('',(0.,0.,1.));
#2641=DIRECTION('',(0.,0.,1.));
#2642=DIRECTION('',(1.,0.,0.));
#2643=DIRECTION('',(0.,1.,0.));
#2644=DIRECTION('',(0.,0.,1.));
#2645=DIRECTION('',(0.,1.44560289664736E-14,1.));
#2646=DIRECTION('',(0.,-1.,1.44560289664736E-14));
#2647=DIRECTION('',(0.,1.,0.));
#2648=DIRECTION('',(0.,0.,1.));
#2649=DIRECTION('',(0.894427190999916,-0.447213595499958,0.));
#2650=DIRECTION('',(0.447213595499958,0.894427190999916,0.));
#2651=DIRECTION('',(0.,-1.,0.));
#2652=DIRECTION('',(0.,1.,0.));
#2653=DIRECTION('',(0.,0.,-1.));
#2654=DIRECTION('',(-1.,0.,0.));
#2655=DIRECTION('',(8.67361737988404E-15,0.,1.));
#2656=DIRECTION('',(-1.,0.,8.67361737988404E-15));
#2657=DIRECTION('',(0.,0.,-1.));
#2658=DIRECTION('',(0.,0.,1.));
#2659=DIRECTION('',(0.,0.,1.));
#2660=DIRECTION('',(1.,0.,0.));
#2661=DIRECTION('',(0.,1.,0.));
#2662=DIRECTION('',(0.,0.,1.));
#2663=DIRECTION('',(0.617813345931664,-1.39651824326301E-14,0.786324786324787));
#2664=DIRECTION('',(0.786324786324787,2.83989925879564E-29,-0.617813345931664));
#2665=DIRECTION('',(0.,1.,0.));
#2666=DIRECTION('',(0.,0.,1.));
#2667=DIRECTION('',(0.,-1.,0.));
#2668=DIRECTION('',(0.,1.,0.));
#2669=DIRECTION('',(0.894427190999916,-0.447213595499958,0.));
#2670=DIRECTION('',(0.447213595499958,0.894427190999916,0.));
#2671=DIRECTION('',(0.,1.,0.));
#2672=DIRECTION('',(0.0605506767534318,0.,-0.998165124388095));
#2673=DIRECTION('',(0.,1.,0.));
#2674=DIRECTION('',(0.,0.,1.));
#2675=DIRECTION('',(0.,-1.,0.));
#2676=DIRECTION('',(0.,0.,1.));
#2677=DIRECTION('',(0.894427190999916,-0.447213595499958,0.));
#2678=DIRECTION('',(0.,0.,1.));
#2679=DIRECTION('',(0.,0.,-1.));
#2680=DIRECTION('',(0.894427190997346,-0.447213595505098,3.71560497287354E-11));
#2681=DIRECTION('',(-0.0689979069327816,-0.137995813781535,0.988026540239516));
#2682=DIRECTION('',(0.,0.,1.));
#2683=DIRECTION('',(0.894427190997204,-0.447213595505381,-3.92387879394054E-11));
#2684=DIRECTION('',(-0.0674612670905092,-0.134922534092274,-0.988556972175434));
#2685=DIRECTION('',(0.,1.,0.));
#2686=DIRECTION('',(-7.6571373978539E-16,0.,-1.));
#2687=DIRECTION('',(0.,1.,0.));
#2688=DIRECTION('',(0.,0.,1.));
#2689=DIRECTION('',(0.,-1.,0.));
#2690=DIRECTION('',(0.,0.,1.));
#2691=DIRECTION('',(0.894427190996979,0.447213595505831,4.22379309666597E-11));
#2692=DIRECTION('',(0.0674612670931155,-0.134922534090537,-0.988556972175493));
#2693=DIRECTION('',(0.,1.,0.));
#2694=DIRECTION('',(0.,0.,1.));
#2695=DIRECTION('',(0.,1.,0.));
#2696=DIRECTION('',(0.,0.,1.));
#2697=DIRECTION('',(0.894427190996979,0.447213595505831,-4.23212404937557E-11));
#2698=DIRECTION('',(0.0689979069377908,-0.137995813780011,0.988026540239379));
#2699=DIRECTION('',(0.,-1.,0.));
#2700=DIRECTION('',(0.,0.,1.));
#2701=DIRECTION('',(-0.894427190999916,-0.447213595499958,0.));
#2702=DIRECTION('',(0.,0.,-1.));
#2703=DIRECTION('',(0.,0.,1.));
#2704=DIRECTION('',(0.,0.,-1.));
#2705=DIRECTION('',(1.,0.,0.));
#2706=DIRECTION('',(0.,0.,-1.));
#2707=DIRECTION('',(0.,0.,1.));
#2708=DIRECTION('',(0.,1.,0.));
#2709=DIRECTION('',(0.,0.,-1.));
#2710=DIRECTION('',(0.,-1.,0.));
#2711=DIRECTION('',(0.,0.,-1.));
#2712=DIRECTION('',(-1.,0.,0.));
#2713=DIRECTION('',(0.,-1.,0.));
#2714=DIRECTION('',(1.,0.,0.));
#2715=DIRECTION('',(1.,0.,0.));
#2716=DIRECTION('',(0.,-1.,0.));
#2717=DIRECTION('',(0.,0.,-1.));
#2718=DIRECTION('',(0.,0.,1.));
#2719=DIRECTION('',(1.,0.,0.));
#2720=DIRECTION('',(0.,0.,1.));
#2721=DIRECTION('',(1.,0.,0.));
#2722=DIRECTION('',(0.,1.,0.));
#2723=DIRECTION('',(1.,0.,0.));
#2724=DIRECTION('',(0.,1.,0.));
#2725=DIRECTION('',(0.,0.,1.));
#2726=DIRECTION('',(0.,0.,-1.));
#2727=DIRECTION('',(1.,0.,0.));
#2728=DIRECTION('',(0.,0.,-1.));
#2729=DIRECTION('',(1.,0.,0.));
#2730=DIRECTION('',(0.,-1.,0.));
#2731=DIRECTION('',(1.,-1.4065325480893E-16,0.));
#2732=DIRECTION('',(-1.4065325480893E-16,-1.,0.));
#2733=DIRECTION('',(1.,0.,0.));
#2734=DIRECTION('',(0.,0.,-1.));
#2735=DIRECTION('',(1.,0.,0.));
#2736=DIRECTION('',(0.,-1.,0.));
#2737=DIRECTION('',(1.,-1.4065325480893E-16,0.));
#2738=DIRECTION('',(-1.4065325480893E-16,-1.,0.));
#2739=DIRECTION('',(1.,-3.58136459556502E-17,0.));
#2740=DIRECTION('',(3.58136459556502E-17,1.,0.));
#2741=DIRECTION('',(1.,-3.58136459556502E-17,0.));
#2742=DIRECTION('',(-1.,3.58136459556502E-17,0.));
#2743=DIRECTION('',(-1.,3.58136459556502E-17,0.));
#2744=DIRECTION('',(-3.58136459556502E-17,-1.,0.));
#2745=DIRECTION('',(1.,-3.58136459556502E-17,0.));
#2746=DIRECTION('',(-1.,3.58136459556502E-17,0.));
#2747=DIRECTION('',(0.,0.,-1.));
#2748=DIRECTION('',(-1.,0.,0.));
#2749=DIRECTION('',(0.,0.,-1.));
#2750=DIRECTION('',(-1.,0.,0.));
#2751=DIRECTION('',(-3.58136459556502E-17,-1.,0.));
#2752=DIRECTION('',(1.,-3.58136459556502E-17,0.));
#2753=DIRECTION('',(1.,1.4065325480893E-16,0.));
#2754=DIRECTION('',(-1.4065325480893E-16,1.,0.));
#2755=DIRECTION('',(0.,1.,0.));
#2756=DIRECTION('',(0.,0.,1.));
#2757=DIRECTION('',(0.,1.,0.));
#2758=DIRECTION('',(0.,0.,1.));
#2759=DIRECTION('',(0.,1.,0.));
#2760=DIRECTION('',(0.,0.,1.));
#2761=DIRECTION('',(0.,-1.,0.));
#2762=DIRECTION('',(1.45473230946492E-15,0.,1.));
#2763=DIRECTION('',(0.,1.,0.));
#2764=DIRECTION('',(0.,0.,1.));
#2765=DIRECTION('',(0.,-1.,0.));
#2766=DIRECTION('',(0.,0.,-1.));
#2767=DIRECTION('',(-1.,1.4065325480893E-16,0.));
#2768=DIRECTION('',(-1.4065325480893E-16,-1.,0.));
#2769=DIRECTION('',(1.,0.,0.));
#2770=DIRECTION('',(0.,0.,-1.));
#2771=DIRECTION('',(1.,0.,0.));
#2772=DIRECTION('',(0.,0.,-1.));
#2773=DIRECTION('',(0.,0.,-1.));
#2774=DIRECTION('',(0.,-1.,0.));
#2775=DIRECTION('',(0.,0.,-1.));
#2776=DIRECTION('',(0.,1.,0.));
#2777=DIRECTION('',(0.,0.,1.));
#2778=DIRECTION('',(0.,-1.,0.));
#2779=DIRECTION('',(0.0926063582859668,0.,0.995702798230984));
#2780=DIRECTION('',(0.,1.,0.));
#2781=DIRECTION('',(0.,0.,1.));
#2782=DIRECTION('',(0.,-1.,0.));
#2783=DIRECTION('',(0.,2.66880534765663E-16,1.));
#2784=DIRECTION('',(0.,-1.,2.66880534765663E-16));
#2785=DIRECTION('',(0.,1.,0.));
#2786=DIRECTION('',(1.,0.,0.));
#2787=DIRECTION('',(0.,1.,0.));
#2788=DIRECTION('',(0.,0.,1.));
#2789=DIRECTION('',(0.,2.66880534765663E-16,-1.));
#2790=DIRECTION('',(0.,1.,2.66880534765663E-16));
#2791=DIRECTION('',(-1.,0.,0.));
#2792=DIRECTION('',(0.,-1.,0.));
#2793=DIRECTION('',(0.,-1.,0.));
#2794=DIRECTION('',(0.,0.,-1.));
#2795=DIRECTION('',(0.,1.,0.));
#2796=DIRECTION('',(0.,0.,-1.));
#2797=DIRECTION('',(0.,1.,0.));
#2798=DIRECTION('',(0.,0.,-1.));
#2799=DIRECTION('',(0.,1.,0.));
#2800=DIRECTION('',(0.,0.,1.));
#2801=DIRECTION('',(0.,1.,0.));
#2802=DIRECTION('',(0.,0.,1.));
#2803=DIRECTION('',(-1.,0.,0.));
#2804=DIRECTION('',(0.,0.,1.));
#2805=DIRECTION('',(0.,1.,0.));
#2806=DIRECTION('',(7.6571373978539E-16,0.,-1.));
#2807=DIRECTION('',(1.,0.,0.));
#2808=DIRECTION('',(0.,0.,-1.));
#2809=DIRECTION('',(0.,1.,0.));
#2810=DIRECTION('',(0.,0.,1.));
#2811=DIRECTION('',(1.,0.,0.));
#2812=DIRECTION('',(0.,0.,-1.));
#2813=CARTESIAN_POINT('',(0.,0.,0.));
#2814=CARTESIAN_POINT('',(-0.009,0.075,-0.00687386354243377));
#2815=CARTESIAN_POINT('',(-0.009,0.0457,-0.00687386354243377));
#2816=CARTESIAN_POINT('',(-0.0093,0.0457,-0.00687386354243377));
#2817=CARTESIAN_POINT('',(-0.00922990654205607,0.0457,-0.00706658868848331));
#2818=CARTESIAN_POINT('',(-0.00922990654205607,0.075,-0.00706658868848331));
#2819=CARTESIAN_POINT('',(-0.00922990654205607,0.0373,-0.00706658868848331));
#2820=CARTESIAN_POINT('',(-0.009,0.0373,-0.00687386354243377));
#2821=CARTESIAN_POINT('',(-0.0093,0.0373,-0.00687386354243377));
#2822=CARTESIAN_POINT('',(-0.0093,0.,-0.00687386354243377));
#2823=CARTESIAN_POINT('',(-0.00922990654205607,0.0373,-0.00706658868848331));
#2824=CARTESIAN_POINT('',(-0.00925199567177441,0.0373,-0.00704023802519589));
#2825=CARTESIAN_POINT('',(-0.00927010206487439,0.0373,-0.00700914736283855));
#2826=CARTESIAN_POINT('',(-0.00929419552100457,0.0373,-0.00694246261628737));
#2827=CARTESIAN_POINT('',(-0.0093,0.0373,-0.00690701731006832));
#2828=CARTESIAN_POINT('',(-0.0093,0.0373,-0.00687263290797375));
#2829=CARTESIAN_POINT('',(-0.00922990625775652,0.037086688925223,-0.0070665890276312));
#2830=CARTESIAN_POINT('',(-0.00925179745189823,0.0370519584267117,-0.00704047466369044));
#2831=CARTESIAN_POINT('',(-0.00926997177263264,0.0370145212027492,-0.0070092613803332));
#2832=CARTESIAN_POINT('',(-0.00929417060984235,0.0369407845322859,-0.00694228735111505));
#2833=CARTESIAN_POINT('',(-0.0093,0.0369047069289654,-0.00690672065412016));
#2834=CARTESIAN_POINT('',(-0.0093,0.0368722149493654,-0.00687264450197791));
#2835=CARTESIAN_POINT('',(-0.00908347075547133,0.037,-0.00751974784949065));
#2836=CARTESIAN_POINT('',(-0.00914589107492191,0.0369800834434258,-0.0075193679080352));
#2837=CARTESIAN_POINT('',(-0.00920442613094783,0.0369372854808829,-0.00751071222750815));
#2838=CARTESIAN_POINT('',(-0.00928145199482726,0.0368267552442626,-0.00747734704924389));
#2839=CARTESIAN_POINT('',(-0.0093,0.0367600664956609,-0.00745418181592553));
#2840=CARTESIAN_POINT('',(-0.0093,0.0366977704338449,-0.00743451957612198));
#2841=CARTESIAN_POINT('',(-0.009,0.037,-0.00777495980697007));
#2842=CARTESIAN_POINT('',(-0.00907113500417991,0.037,-0.00777495980697007));
#2843=CARTESIAN_POINT('',(-0.00915454785679566,0.0369702968799241,-0.00777495980697007));
#2844=CARTESIAN_POINT('',(-0.00927182009566029,0.0368518528199675,-0.00777495980697007));
#2845=CARTESIAN_POINT('',(-0.0093,0.0367685890478124,-0.00777495980697007));
#2846=CARTESIAN_POINT('',(-0.0093,0.0366974540436325,-0.00777495980697007));
#2847=CARTESIAN_POINT('',(-0.009,0.0367,-0.00777495980697007));
#2848=CARTESIAN_POINT('',(-0.009,0.037,-0.00777495980697007));
#2849=CARTESIAN_POINT('',(-0.0093,0.0367,-0.00777495980697007));
#2850=CARTESIAN_POINT('',(-0.0093,0.0367392811334006,-0.00746756098732112));
#2851=CARTESIAN_POINT('',(-0.0093,0.0367336514962447,-0.0074903988669851));
#2852=CARTESIAN_POINT('',(-0.0093,0.0367286147403922,-0.00751333130295372));
#2853=CARTESIAN_POINT('',(-0.0093,0.0367241483613463,-0.00753641171478855));
#2854=CARTESIAN_POINT('',(-0.0093,0.0367201598408486,-0.0075570227499809));
#2855=CARTESIAN_POINT('',(-0.0093,0.0367166267654709,-0.00757775261133596));
#2856=CARTESIAN_POINT('',(-0.0093,0.0367135631431742,-0.00759861279268233));
#2857=CARTESIAN_POINT('',(-0.0093,0.0367106842015584,-0.00761821548465096));
#2858=CARTESIAN_POINT('',(-0.0093,0.0367082200221735,-0.0076379339848617));
#2859=CARTESIAN_POINT('',(-0.0093,0.0367062054486441,-0.00765774239375987));
#2860=CARTESIAN_POINT('',(-0.0093,0.0367042254649257,-0.00767721069637228));
#2861=CARTESIAN_POINT('',(-0.0093,0.0367026797820463,-0.00769676688614309));
#2862=CARTESIAN_POINT('',(-0.0093,0.0367016234348119,-0.00771633797735326));
#2863=CARTESIAN_POINT('',(-0.0093,0.0367006809704554,-0.00773379914474423));
#2864=CARTESIAN_POINT('',(-0.0093,0.0367001282786703,-0.00775127224205082));
#2865=CARTESIAN_POINT('',(-0.0093,0.0367000197303886,-0.00776866056090523));
#2866=CARTESIAN_POINT('',(-0.0093,0.0367000066139342,-0.00777076168205626));
#2867=CARTESIAN_POINT('',(-0.0093,0.0367000000002481,-0.00777286150490802));
#2868=CARTESIAN_POINT('',(-0.0093,0.0367,-0.00777495980697007));
#2869=CARTESIAN_POINT('',(-0.0093,0.0367392811334006,-0.00746756098732112));
#2870=CARTESIAN_POINT('',(-0.00929999999999999,0.0373,-0.00687386354243375));
#2871=CARTESIAN_POINT('',(-0.00929999999999999,0.0371579066105527,-0.00687386372947988));
#2872=CARTESIAN_POINT('',(-0.0093,0.0368851875172193,-0.0070551450922637));
#2873=CARTESIAN_POINT('',(-0.00929999999999999,0.0367759158393187,-0.0073189441258607));
#2874=CARTESIAN_POINT('',(-0.00929999999999999,0.0367392811334006,-0.0074675609873211));
#2875=CARTESIAN_POINT('',(-0.00915901111226414,0.0370842419831357,-0.00729037517781928));
#2876=CARTESIAN_POINT('',(-0.00917998900285481,0.0371090113260535,-0.00722731582962033));
#2877=CARTESIAN_POINT('',(-0.00920769034241378,0.0371424061946273,-0.0071479748168037));
#2878=CARTESIAN_POINT('',(-0.00922990654205606,0.0372501471031966,-0.00706658868848331));
#2879=CARTESIAN_POINT('',(-0.00922990654205606,0.0373,-0.00706658868848331));
#2880=CARTESIAN_POINT('',(-0.00915786097839632,0.03708266231571,-0.00728937207981062));
#2881=CARTESIAN_POINT('',(-0.00899999999999999,0.037,-0.00777495980697007));
#2882=CARTESIAN_POINT('',(-0.0090894899877528,0.037,-0.00750134403794805));
#2883=CARTESIAN_POINT('',(-0.00914117529832375,0.037063182602079,-0.00734398947220342));
#2884=CARTESIAN_POINT('',(-0.00915901111226414,0.0370842419831357,-0.00729037517781928));
#2885=CARTESIAN_POINT('',(-0.009,0.0457,-0.00687386354243377));
#2886=CARTESIAN_POINT('',(-0.009,0.046,-0.00687386354243377));
#2887=CARTESIAN_POINT('',(-0.0096,0.046,-0.00687386354243377));
#2888=CARTESIAN_POINT('',(-0.00945981308411214,0.046,-0.00725931383453286));
#2889=CARTESIAN_POINT('',(-0.00945981308411214,0.0457,-0.00725931383453286));
#2890=CARTESIAN_POINT('',(-0.0096,0.0457,-0.00687386354243377));
#2891=CARTESIAN_POINT('',(-0.0008,0.0373,1.06251812903579E-17));
#2892=CARTESIAN_POINT('',(-0.00435171804126785,0.037087863546749,-0.0105036285622254));
#2893=CARTESIAN_POINT('',(-0.00437779366428544,0.0369703838025336,-0.0106188307910609));
#2894=CARTESIAN_POINT('',(-0.004409470934827,0.037,-0.0106999999999999));
#2895=CARTESIAN_POINT('',(-0.00443318042491757,0.037,-0.0106999999999999));
#2896=CARTESIAN_POINT('',(-0.00435171804126786,0.037087863546749,-0.0105036285622254));
#2897=CARTESIAN_POINT('',(-0.00443318042491785,0.037,-0.0107));
#2898=CARTESIAN_POINT('',(-0.0008,0.037,1.06251812903579E-17));
#2899=CARTESIAN_POINT('',(-0.0008,0.0373,1.06251812903579E-17));
#2900=CARTESIAN_POINT('',(-0.00433672430744216,0.0373,-0.0104159292035395));
#2901=CARTESIAN_POINT('',(-0.00433672430744216,0.0373,-0.0104159292035395));
#2902=CARTESIAN_POINT('',(-0.0043344740015613,0.0372596818153715,-0.0104166932939392));
#2903=CARTESIAN_POINT('',(-0.00433475874755634,0.0371964782144075,-0.0104318173820071));
#2904=CARTESIAN_POINT('',(-0.00434209947495722,0.0371328634387266,-0.0104649386454594));
#2905=CARTESIAN_POINT('',(-0.0043494608369371,0.0370972396853081,-0.0104944937375083));
#2906=CARTESIAN_POINT('',(-0.00435171804126785,0.037087863546749,-0.0105036285622254));
#2907=CARTESIAN_POINT('',(-0.009,0.0367,0.011));
#2908=CARTESIAN_POINT('',(-0.009,0.0367,-0.0107));
#2909=CARTESIAN_POINT('',(-0.009,0.037,-0.0107));
#2910=CARTESIAN_POINT('',(-0.0093,0.0367,-0.0107));
#2911=CARTESIAN_POINT('',(-0.0093,0.0367,0.011));
#2912=CARTESIAN_POINT('',(-0.009,0.037,0.011));
#2913=CARTESIAN_POINT('',(-0.0096,0.0457,0.011));
#2914=CARTESIAN_POINT('',(-0.0096,0.0457,0.00687386354243379));
#2915=CARTESIAN_POINT('',(-0.0093,0.0457,0.00687386354243379));
#2916=CARTESIAN_POINT('',(-0.0096,0.046,0.00687386354243379));
#2917=CARTESIAN_POINT('',(-0.0096,0.046,1.06251812903579E-17));
#2918=CARTESIAN_POINT('',(-0.0093,0.0457,0.011));
#2919=CARTESIAN_POINT('',(-0.0008,0.0457,1.06251812903579E-17));
#2920=CARTESIAN_POINT('',(0.00785981308411215,0.0457,-0.00725931383453284));
#2921=CARTESIAN_POINT('',(0.00785981308411214,0.046,-0.00725931383453283));
#2922=CARTESIAN_POINT('',(0.00762990654205607,0.0457,-0.00706658868848329));
#2923=CARTESIAN_POINT('',(-0.0008,0.0457,1.06251812903579E-17));
#2924=CARTESIAN_POINT('',(-0.0008,0.046,1.06251812903579E-17));
#2925=CARTESIAN_POINT('',(-0.0008,0.0370015747466536,-0.0109989818510341));
#2926=CARTESIAN_POINT('',(-0.0008,0.0370505961690204,-0.0109990128756717));
#2927=CARTESIAN_POINT('',(-0.000800000000000009,0.0371027020101569,-0.0109993626967123));
#2928=CARTESIAN_POINT('',(-0.000800000000000009,0.0372096402173087,-0.010994643854101));
#2929=CARTESIAN_POINT('',(-0.000800000000000009,0.0372490032770407,-0.011));
#2930=CARTESIAN_POINT('',(-0.000800000000000009,0.0373,-0.011));
#2931=CARTESIAN_POINT('',(-0.00110086489541214,0.0370138301022453,-0.0109989896071935));
#2932=CARTESIAN_POINT('',(-0.00103262861112105,0.0370557594940419,-0.0109990689508224));
#2933=CARTESIAN_POINT('',(-0.00101783005171239,0.0371025189292638,-0.0109993756799071));
#2934=CARTESIAN_POINT('',(-0.00103626187589975,0.0372097123871607,-0.0109946357650573));
#2935=CARTESIAN_POINT('',(-0.00106949225949577,0.0372490032770407,-0.011));
#2936=CARTESIAN_POINT('',(-0.00109731386121404,0.0373,-0.011));
#2937=CARTESIAN_POINT('',(-0.00140012694440369,0.0370314811283525,-0.0109885806810079));
#2938=CARTESIAN_POINT('',(-0.00128471189805404,0.037068116145992,-0.0109934387112601));
#2939=CARTESIAN_POINT('',(-0.00126295202398414,0.0371105271816656,-0.0109949005836292));
#2940=CARTESIAN_POINT('',(-0.00129732997371678,0.037213230350841,-0.0109883606070633));
#2941=CARTESIAN_POINT('',(-0.00135345275628852,0.0372509023187368,-0.0109900604447134));
#2942=CARTESIAN_POINT('',(-0.00139462863550635,0.0373,-0.0109879533308416));
#2943=CARTESIAN_POINT('',(-0.00199543246566633,0.0370698181020162,-0.0109445455271303));
#2944=CARTESIAN_POINT('',(-0.0018306158578868,0.0371002987189352,-0.0109583685163662));
#2945=CARTESIAN_POINT('',(-0.00180459678312629,0.03713562519344,-0.0109616226863019));
#2946=CARTESIAN_POINT('',(-0.00185853800770886,0.037224119350244,-0.0109511321387721));
#2947=CARTESIAN_POINT('',(-0.00193843828848617,0.0372564149977828,-0.0109449766426056));
#2948=CARTESIAN_POINT('',(-0.00198832559586077,0.0373,-0.0109396793322812));
#2949=CARTESIAN_POINT('',(-0.00229147593793742,0.0370905040495727,-0.0109109192994383));
#2950=CARTESIAN_POINT('',(-0.00212447050227069,0.0371201598775579,-0.0109289729504846));
#2951=CARTESIAN_POINT('',(-0.00210112927943484,0.0371527501904423,-0.0109328616689221));
#2952=CARTESIAN_POINT('',(-0.00215864686271983,0.0372315080047814,-0.0109201957523739));
#2953=CARTESIAN_POINT('',(-0.00223941571417072,0.0372600286351327,-0.0109098270656933));
#2954=CARTESIAN_POINT('',(-0.00228470961066602,0.0373,-0.0109034517658188));
#2955=CARTESIAN_POINT('',(-0.00288033142187985,0.0371271544465536,-0.0108180656057315));
#2956=CARTESIAN_POINT('',(-0.00275662010380027,0.0371604189101493,-0.0108315518321338));
#2957=CARTESIAN_POINT('',(-0.00274178349320669,0.0371887653629157,-0.0108350883245532));
#2958=CARTESIAN_POINT('',(-0.00278631354400469,0.0372470922858427,-0.0108238885783464));
#2959=CARTESIAN_POINT('',(-0.00284553067123271,0.0372668870177476,-0.0108125341038698));
#2960=CARTESIAN_POINT('',(-0.0028755594812886,0.0373,-0.010806557077866));
#2961=CARTESIAN_POINT('',(-0.00317592482968194,0.0371342632346563,-0.0107641333748866));
#2962=CARTESIAN_POINT('',(-0.00307311801337469,0.0371696769595082,-0.0107726147242831));
#2963=CARTESIAN_POINT('',(-0.00306338881300942,0.0371987296291075,-0.0107738448831428));
#2964=CARTESIAN_POINT('',(-0.00310222995412536,0.037251931915392,-0.0107617465824206));
#2965=CARTESIAN_POINT('',(-0.00315062111805361,0.0372701317630126,-0.0107503989758268));
#2966=CARTESIAN_POINT('',(-0.00317002717221926,0.0373,-0.0107458894711014));
#2967=CARTESIAN_POINT('',(-0.00376575795683822,0.0371269679981852,-0.0106431985948785));
#2968=CARTESIAN_POINT('',(-0.00370745813278297,0.0371643851064113,-0.0106354202580352));
#2969=CARTESIAN_POINT('',(-0.00370437710601877,0.0371979536217352,-0.0106273899995191));
#2970=CARTESIAN_POINT('',(-0.00372703256419928,0.0372529247134299,-0.0106101792735299));
#2971=CARTESIAN_POINT('',(-0.00375254606511521,0.0372741688737191,-0.0106008766410886));
#2972=CARTESIAN_POINT('',(-0.00375594906963432,0.0373,-0.0105996950154197));
#2973=CARTESIAN_POINT('',(-0.00405999767619242,0.0371125639736115,-0.0105761960457153));
#2974=CARTESIAN_POINT('',(-0.00402530034261682,0.0371498352039555,-0.010557162899638));
#2975=CARTESIAN_POINT('',(-0.00402373752765365,0.0371872133481711,-0.0105421898542585));
#2976=CARTESIAN_POINT('',(-0.00403587412126801,0.0372490778819185,-0.0105207763655682));
#2977=CARTESIAN_POINT('',(-0.00404933638273033,0.0372749612391607,-0.0105135116504947));
#2978=CARTESIAN_POINT('',(-0.00404740511715446,0.0373,-0.0105141674108953));
#2979=CARTESIAN_POINT('',(-0.00435171804126786,0.037087863546749,-0.0105036285622254));
#2980=CARTESIAN_POINT('',(-0.00434406374390048,0.0371223488166219,-0.0104698118393693));
#2981=CARTESIAN_POINT('',(-0.00434006080505072,0.0371638118548961,-0.0104461693708674));
#2982=CARTESIAN_POINT('',(-0.00433650907494959,0.0372394971003277,-0.0104196424305059));
#2983=CARTESIAN_POINT('',(-0.00433672430744216,0.0372734856708212,-0.0104159292035395));
#2984=CARTESIAN_POINT('',(-0.00433672430744216,0.0373,-0.0104159292035395));
#2985=CARTESIAN_POINT('',(-0.000799999999999967,0.0373,-9.63673585374636E-16));
#2986=CARTESIAN_POINT('',(-0.0008,0.0373,-0.011));
#2987=CARTESIAN_POINT('',(-0.000800000000000009,0.0373,-0.011));
#2988=CARTESIAN_POINT('',(-0.000800000000000009,0.0372490032770407,-0.011));
#2989=CARTESIAN_POINT('',(-0.000800000000000009,0.0372096402173087,-0.010994643854101));
#2990=CARTESIAN_POINT('',(-0.000800000000000009,0.0371027020101569,-0.0109993626967123));
#2991=CARTESIAN_POINT('',(-0.0008,0.0370505961690204,-0.0109990128756717));
#2992=CARTESIAN_POINT('',(-0.0008,0.0370015747466536,-0.0109989818510341));
#2993=CARTESIAN_POINT('',(-0.0008,0.0370015747466536,-0.0109989818510341));
#2994=CARTESIAN_POINT('',(-0.00435171804126786,0.037087863546749,-0.0105036285622254));
#2995=CARTESIAN_POINT('',(-0.00376827731111698,0.0371372644004739,-0.0106487635292053));
#2996=CARTESIAN_POINT('',(-0.00317475916385107,0.0371454796450441,-0.010771638758878));
#2997=CARTESIAN_POINT('',(-0.0019970481959662,0.0370721788510822,-0.0109573461462917));
#2998=CARTESIAN_POINT('',(-0.00140172979082428,0.0370260854578368,-0.0109989973633529));
#2999=CARTESIAN_POINT('',(-0.0008,0.0370015747466536,-0.0109989818510341));
#3000=CARTESIAN_POINT('',(-0.009,0.0367,-0.0107));
#3001=CARTESIAN_POINT('',(-0.009,0.0367,-0.0107));
#3002=CARTESIAN_POINT('',(-0.009,0.0367,-0.011));
#3003=CARTESIAN_POINT('',(-0.009,0.0367,-0.0107));
#3004=CARTESIAN_POINT('',(-0.009,0.0457,0.00687386354243379));
#3005=CARTESIAN_POINT('',(-0.00888187766855133,0.046,0.00746212123665728));
#3006=CARTESIAN_POINT('',(-0.00902435968833787,0.046,0.00730780556456311));
#3007=CARTESIAN_POINT('',(-0.00913526054687763,0.045845302579845,0.00717949421179961));
#3008=CARTESIAN_POINT('',(-0.00922990654205606,0.0457,0.00706658868848334));
#3009=CARTESIAN_POINT('',(-0.00888187766855134,0.046,0.00746212123665727));
#3010=CARTESIAN_POINT('',(-0.00922990654205606,0.0457,0.00706658868848333));
#3011=CARTESIAN_POINT('',(-0.009,0.046,0.00687386354243379));
#3012=CARTESIAN_POINT('',(-0.009,0.0457,0.00687386354243379));
#3013=CARTESIAN_POINT('',(0.0074,0.0457,-0.00687386354243375));
#3014=CARTESIAN_POINT('',(0.008,0.0457,-0.00687386354243375));
#3015=CARTESIAN_POINT('',(0.008,0.046,-0.00687386354243375));
#3016=CARTESIAN_POINT('',(0.0077,0.0457,-0.00687386354243375));
#3017=CARTESIAN_POINT('',(0.0074,0.0457,-0.00687386354243375));
#3018=CARTESIAN_POINT('',(0.0074,0.046,-0.00687386354243375));
#3019=CARTESIAN_POINT('',(-0.0008,0.0373,1.06251812903579E-17));
#3020=CARTESIAN_POINT('',(0.00785981308411214,0.0373,-0.00725931383453283));
#3021=CARTESIAN_POINT('',(0.00762990654205607,0.0373,-0.00706658868848329));
#3022=CARTESIAN_POINT('',(0.00785981308411214,0.037,-0.00725931383453283));
#3023=CARTESIAN_POINT('',(-0.0008,0.037,1.06251812903579E-17));
#3024=CARTESIAN_POINT('',(0.00283318042491784,0.037,-0.0107));
#3025=CARTESIAN_POINT('',(0.00283318042491785,0.037,-0.0106999999999998));
#3026=CARTESIAN_POINT('',(0.00281868925509236,0.037,-0.0106999999999998));
#3027=CARTESIAN_POINT('',(0.00277992014933524,0.0370052352911353,-0.0106235151847151));
#3028=CARTESIAN_POINT('',(0.00276199646103169,0.0370415556934725,-0.0105490386705438));
#3029=CARTESIAN_POINT('',(0.00275171804126787,0.037087863546749,-0.0105036285622254));
#3030=CARTESIAN_POINT('',(0.00275171804126785,0.037087863546749,-0.0105036285622254));
#3031=CARTESIAN_POINT('',(0.00275171804126787,0.037087863546749,-0.0105036285622254));
#3032=CARTESIAN_POINT('',(0.00273754823898233,0.0371517034307262,-0.0104410263070717));
#3033=CARTESIAN_POINT('',(0.00273672430744217,0.0372384459969522,-0.0104159292035395));
#3034=CARTESIAN_POINT('',(0.00273672430744217,0.0373,-0.0104159292035395));
#3035=CARTESIAN_POINT('',(0.00273672430744214,0.0373,-0.0104159292035395));
#3036=CARTESIAN_POINT('',(-0.0008,0.0373,1.06251812903579E-17));
#3037=CARTESIAN_POINT('',(0.,0.0367,-0.0107));
#3038=CARTESIAN_POINT('',(0.009,0.0367,-0.0107));
#3039=CARTESIAN_POINT('',(0.009,0.037,-0.0107));
#3040=CARTESIAN_POINT('',(0.009,0.0367,-0.011));
#3041=CARTESIAN_POINT('',(0.,0.0367,-0.011));
#3042=CARTESIAN_POINT('',(0.00283318042491784,0.0367,-0.011));
#3043=CARTESIAN_POINT('',(0.00283318042491784,0.0367,-0.011));
#3044=CARTESIAN_POINT('',(0.00283318042491784,0.0367299890093675,-0.011));
#3045=CARTESIAN_POINT('',(0.00282842479365377,0.0368222653927837,-0.0110019986759248));
#3046=CARTESIAN_POINT('',(0.00281891353112563,0.0369121320343519,-0.01091213203436));
#3047=CARTESIAN_POINT('',(0.00281891353112563,0.0369121320343519,-0.01091213203436));
#3048=CARTESIAN_POINT('',(0.00281891353112563,0.0369121320343519,-0.01091213203436));
#3049=CARTESIAN_POINT('',(0.00281401328200286,0.0369584317690306,-0.0108658322996831));
#3050=CARTESIAN_POINT('',(0.00280716225453352,0.0369947686503859,-0.0107895158532716));
#3051=CARTESIAN_POINT('',(0.00281945642914928,0.037,-0.0107046599768949));
#3052=CARTESIAN_POINT('',(0.00283318042491783,0.037,-0.0106999999999998));
#3053=CARTESIAN_POINT('',(-0.0093,0.037,-0.0107));
#3054=CARTESIAN_POINT('',(0.,0.0367,-0.0107));
#3055=CARTESIAN_POINT('',(-0.00441891353112564,0.0369121320343519,-0.01091213203436));
#3056=CARTESIAN_POINT('',(-0.00442842479365378,0.0368222653927833,-0.0110019986759252));
#3057=CARTESIAN_POINT('',(-0.00443318042491785,0.0367299890093668,-0.011));
#3058=CARTESIAN_POINT('',(-0.00443318042491785,0.0367,-0.011));
#3059=CARTESIAN_POINT('',(-0.00443318042491785,0.0367,-0.011));
#3060=CARTESIAN_POINT('',(-0.00441891353112564,0.0369121320343519,-0.01091213203436));
#3061=CARTESIAN_POINT('',(0.,0.0367,-0.011));
#3062=CARTESIAN_POINT('',(-0.0093,0.037,-0.0107));
#3063=CARTESIAN_POINT('',(-0.00443318042491785,0.037,-0.0106999999999998));
#3064=CARTESIAN_POINT('',(-0.00441945837924025,0.037,-0.0107046593147424));
#3065=CARTESIAN_POINT('',(-0.00440716180405497,0.0369947636940442,-0.0107895211406897));
#3066=CARTESIAN_POINT('',(-0.00441401223286906,0.0369584416817139,-0.0108658223869998));
#3067=CARTESIAN_POINT('',(-0.00441891353112564,0.0369121320343519,-0.01091213203436));
#3068=CARTESIAN_POINT('',(-0.009,1.26587929328037E-18,-0.0107));
#3069=CARTESIAN_POINT('',(-0.009,0.005,-0.0107));
#3070=CARTESIAN_POINT('',(-0.009,0.005,-0.011));
#3071=CARTESIAN_POINT('',(-0.0093,0.005,-0.0107));
#3072=CARTESIAN_POINT('',(-0.0093,0.,-0.0107));
#3073=CARTESIAN_POINT('',(-0.009,1.26587929328037E-18,-0.011));
#3074=CARTESIAN_POINT('',(-0.009,0.075,0.00687386354243379));
#3075=CARTESIAN_POINT('',(-0.009,0.0373,0.00687386354243379));
#3076=CARTESIAN_POINT('',(-0.0093,0.0373,0.00687386354243379));
#3077=CARTESIAN_POINT('',(-0.00922990654205606,0.0373,0.00706658868848333));
#3078=CARTESIAN_POINT('',(-0.00922990654205606,0.075,0.00706658868848333));
#3079=CARTESIAN_POINT('',(-0.0093,0.,0.00687386354243379));
#3080=CARTESIAN_POINT('',(0.008,0.0457,1.06251812903579E-17));
#3081=CARTESIAN_POINT('',(0.008,0.0457,0.00687386354243376));
#3082=CARTESIAN_POINT('',(0.008,0.046,0.00687386354243376));
#3083=CARTESIAN_POINT('',(0.0077,0.0457,0.00687386354243376));
#3084=CARTESIAN_POINT('',(0.0077,0.0457,-0.00698212002188446));
#3085=CARTESIAN_POINT('',(0.008,0.046,1.06251812903579E-17));
#3086=CARTESIAN_POINT('',(0.0074,0.075,-0.00687386354243375));
#3087=CARTESIAN_POINT('',(0.0074,0.0373,-0.00687386354243375));
#3088=CARTESIAN_POINT('',(0.0077,0.0373,-0.00687386354243375));
#3089=CARTESIAN_POINT('',(0.00762990654205607,0.075,-0.00706658868848329));
#3090=CARTESIAN_POINT('',(0.0077,0.075,-0.00687386354243375));
#3091=CARTESIAN_POINT('',(0.0074,0.0373,-0.00687386354243375));
#3092=CARTESIAN_POINT('',(0.008,0.0373,-0.00687386354243375));
#3093=CARTESIAN_POINT('',(0.008,0.037,-0.00687386354243375));
#3094=CARTESIAN_POINT('',(0.0074,0.037,-0.00687386354243375));
#3095=CARTESIAN_POINT('',(0.009,0.0367,-0.0107));
#3096=CARTESIAN_POINT('',(0.009,0.0367,-0.0107));
#3097=CARTESIAN_POINT('',(0.0093,0.0367,-0.0107));
#3098=CARTESIAN_POINT('',(0.009,0.0367,-0.0107));
#3099=CARTESIAN_POINT('',(-0.009,0.005,-0.006));
#3100=CARTESIAN_POINT('',(-0.009,0.0003,-0.006));
#3101=CARTESIAN_POINT('',(-0.009,-1.07440937866948E-20,-0.006));
#3102=CARTESIAN_POINT('',(-0.0093,0.0003,-0.006));
#3103=CARTESIAN_POINT('',(-0.0093,0.005,-0.006));
#3104=CARTESIAN_POINT('',(-0.009,0.005,-0.006));
#3105=CARTESIAN_POINT('',(-0.009,0.037,0.00777495980697008));
#3106=CARTESIAN_POINT('',(-0.0093,0.037,0.00777495980697008));
#3107=CARTESIAN_POINT('',(-0.0093,0.0367,0.00777495980697008));
#3108=CARTESIAN_POINT('',(-0.00908325604758374,0.037,0.00752040431905748));
#3109=CARTESIAN_POINT('',(-0.0093,0.0369274950581863,0.00755327560609412));
#3110=CARTESIAN_POINT('',(-0.0093,0.0367000000538322,0.00743606216987261));
#3111=CARTESIAN_POINT('',(-0.0092299063962698,0.0370865848051042,0.00706658886239544));
#3112=CARTESIAN_POINT('',(-0.00929999999999921,0.0369733361936229,0.00698297277850419));
#3113=CARTESIAN_POINT('',(-0.0093,0.0368731695864506,0.00687386383034675));
#3114=CARTESIAN_POINT('',(-0.00922990654205607,0.0373,0.00706658868848345));
#3115=CARTESIAN_POINT('',(-0.00930000000000001,0.0373,0.00698297248755191));
#3116=CARTESIAN_POINT('',(-0.0093,0.0373,0.0068738635424339));
#3117=CARTESIAN_POINT('',(-0.009,0.0367,0.00777495980697008));
#3118=CARTESIAN_POINT('',(-0.0093,0.0367,0.00777495980697008));
#3119=CARTESIAN_POINT('',(-0.009,0.037,0.00777495980697008));
#3120=CARTESIAN_POINT('',(-0.00917349817572187,0.0371025774609408,0.00724710536987834));
#3121=CARTESIAN_POINT('',(-0.00915384115131806,0.0370752417895921,0.00730632512742373));
#3122=CARTESIAN_POINT('',(-0.00909738604474387,0.037,0.00747720183196292));
#3123=CARTESIAN_POINT('',(-0.00899999999999998,0.037,0.00777495980697009));
#3124=CARTESIAN_POINT('',(-0.00917194204677902,0.0371007787735782,0.00724575856951109));
#3125=CARTESIAN_POINT('',(-0.00922990654205605,0.0373,0.00706658868848334));
#3126=CARTESIAN_POINT('',(-0.00922990654205605,0.0372296540497293,0.00706658868848334));
#3127=CARTESIAN_POINT('',(-0.00921318941547608,0.0371577733371344,0.00712752951004274));
#3128=CARTESIAN_POINT('',(-0.00917349817572187,0.0371025774609408,0.00724710536987834));
#3129=CARTESIAN_POINT('',(-0.00929999999999999,0.0367,0.00777495980697008));
#3130=CARTESIAN_POINT('',(-0.00929999999999999,0.0367000000149529,0.00768082423967134));
#3131=CARTESIAN_POINT('',(-0.0093,0.0367263134203964,0.00747601472886862));
#3132=CARTESIAN_POINT('',(-0.00929999999999999,0.0368253408839184,0.00720013712578322));
#3133=CARTESIAN_POINT('',(-0.00929999999999999,0.037006961164062,0.00695680572347175));
#3134=CARTESIAN_POINT('',(-0.00929999999999999,0.0372034870480445,0.00687386360753544));
#3135=CARTESIAN_POINT('',(-0.00929999999999999,0.0373,0.0068738635424339));
#3136=CARTESIAN_POINT('',(0.0074,0.0457,0.00687386354243376));
#3137=CARTESIAN_POINT('',(0.00762990654205607,0.0457,0.00706658868848331));
#3138=CARTESIAN_POINT('',(0.00753512196501202,0.0458455153333939,0.00717965952949771));
#3139=CARTESIAN_POINT('',(0.00742361135373014,0.046,0.00730861605109409));
#3140=CARTESIAN_POINT('',(0.00728187766855135,0.046,0.00746212123665726));
#3141=CARTESIAN_POINT('',(0.00762990654205607,0.0457,0.00706658868848331));
#3142=CARTESIAN_POINT('',(0.00728187766855134,0.046,0.00746212123665725));
#3143=CARTESIAN_POINT('',(0.0074,0.0457,0.00687386354243376));
#3144=CARTESIAN_POINT('',(0.0074,0.046,0.00687386354243376));
#3145=CARTESIAN_POINT('',(0.008,0.0373,0.011));
#3146=CARTESIAN_POINT('',(0.008,0.0373,0.00687386354243376));
#3147=CARTESIAN_POINT('',(0.0077,0.0373,0.00687386354243376));
#3148=CARTESIAN_POINT('',(0.008,0.037,0.00687386354243376));
#3149=CARTESIAN_POINT('',(0.008,0.037,0.00698212002188447));
#3150=CARTESIAN_POINT('',(0.0077,0.0373,-0.00698212002188446));
#3151=CARTESIAN_POINT('',(0.009,0.0367,0.011));
#3152=CARTESIAN_POINT('',(0.009,0.0367,0.0107));
#3153=CARTESIAN_POINT('',(0.009,0.037,0.0107));
#3154=CARTESIAN_POINT('',(0.0093,0.0367,0.0107));
#3155=CARTESIAN_POINT('',(0.0093,0.0367,0.011));
#3156=CARTESIAN_POINT('',(0.009,0.037,0.011));
#3157=CARTESIAN_POINT('',(0.009,1.26587929328037E-18,-0.0107));
#3158=CARTESIAN_POINT('',(0.009,0.005,-0.0107));
#3159=CARTESIAN_POINT('',(0.0093,0.005,-0.0107));
#3160=CARTESIAN_POINT('',(0.009,0.005,-0.011));
#3161=CARTESIAN_POINT('',(0.009,1.26587929328037E-18,-0.011));
#3162=CARTESIAN_POINT('',(0.0093,0.037,-0.0107));
#3163=CARTESIAN_POINT('',(-0.009,0.0003,0.011));
#3164=CARTESIAN_POINT('',(-0.009,0.0003,0.006));
#3165=CARTESIAN_POINT('',(-0.009,-1.07440937866948E-20,0.006));
#3166=CARTESIAN_POINT('',(-0.0093,0.0003,0.006));
#3167=CARTESIAN_POINT('',(-0.0093,0.0003,0.011));
#3168=CARTESIAN_POINT('',(-0.009,-1.07440937866948E-20,0.011));
#3169=CARTESIAN_POINT('',(-0.009,0.0367,0.011));
#3170=CARTESIAN_POINT('',(-0.009,0.0367,0.0107));
#3171=CARTESIAN_POINT('',(-0.0093,0.0367,0.0107));
#3172=CARTESIAN_POINT('',(-0.009,0.037,0.0107));
#3173=CARTESIAN_POINT('',(-0.009,0.037,0.011));
#3174=CARTESIAN_POINT('',(-0.0093,0.0367,0.011));
#3175=CARTESIAN_POINT('',(-0.0008,0.0373,1.06251812903579E-17));
#3176=CARTESIAN_POINT('',(-0.0043517180412679,0.037087863546749,0.0105036285622254));
#3177=CARTESIAN_POINT('',(-0.00433870475797917,0.0371419190638145,0.0104509642729479));
#3178=CARTESIAN_POINT('',(-0.00433080813260846,0.0372193639070123,0.0104179380381747));
#3179=CARTESIAN_POINT('',(-0.00433672430744222,0.0373,0.0104159292035395));
#3180=CARTESIAN_POINT('',(-0.00435171804126794,0.037087863546749,0.0105036285622254));
#3181=CARTESIAN_POINT('',(-0.00433672430744221,0.0373,0.0104159292035395));
#3182=CARTESIAN_POINT('',(-0.0008,0.0373,1.06251812903579E-17));
#3183=CARTESIAN_POINT('',(-0.0008,0.037,1.06251812903579E-17));
#3184=CARTESIAN_POINT('',(-0.00443318042491791,0.037,0.0107));
#3185=CARTESIAN_POINT('',(-0.00443318042491794,0.037,0.0106999999999998));
#3186=CARTESIAN_POINT('',(-0.00440947666588833,0.037,0.0106999999999998));
#3187=CARTESIAN_POINT('',(-0.00437779972805518,0.0369703564831426,0.0106188575808259));
#3188=CARTESIAN_POINT('',(-0.0043517180412679,0.037087863546749,0.0105036285622254));
#3189=CARTESIAN_POINT('',(0.0074,0.075,0.00687386354243376));
#3190=CARTESIAN_POINT('',(0.0074,0.0373,0.00687386354243376));
#3191=CARTESIAN_POINT('',(0.00762990654205607,0.0373,0.00706658868848331));
#3192=CARTESIAN_POINT('',(0.0077,0.075,0.00687386354243376));
#3193=CARTESIAN_POINT('',(0.00762990654205607,0.075,0.00706658868848331));
#3194=CARTESIAN_POINT('',(0.0074,0.0373,0.00687386354243376));
#3195=CARTESIAN_POINT('',(0.00785981308411214,0.0373,0.00725931383453285));
#3196=CARTESIAN_POINT('',(0.00785981308411214,0.037,0.00725931383453285));
#3197=CARTESIAN_POINT('',(0.0074,0.037,0.00687386354243376));
#3198=CARTESIAN_POINT('',(0.009,0.0367,0.0107));
#3199=CARTESIAN_POINT('',(0.009,0.0367,0.0107));
#3200=CARTESIAN_POINT('',(0.009,0.0367,0.011));
#3201=CARTESIAN_POINT('',(0.009,0.0367,0.0107));
#3202=CARTESIAN_POINT('',(0.009,0.005,-0.006));
#3203=CARTESIAN_POINT('',(0.009,0.0003,-0.006));
#3204=CARTESIAN_POINT('',(0.0093,0.0003,-0.006));
#3205=CARTESIAN_POINT('',(0.009,-6.55389720988399E-19,-0.006));
#3206=CARTESIAN_POINT('',(0.009,0.005,-0.006));
#3207=CARTESIAN_POINT('',(0.0093,0.005,-0.006));
#3208=CARTESIAN_POINT('',(-0.009,0.005,0.006));
#3209=CARTESIAN_POINT('',(-0.009,0.005,0.0107));
#3210=CARTESIAN_POINT('',(-0.009,0.005,0.011));
#3211=CARTESIAN_POINT('',(-0.0093,0.005,0.0107));
#3212=CARTESIAN_POINT('',(-0.0093,0.005,0.006));
#3213=CARTESIAN_POINT('',(-0.009,0.005,0.006));
#3214=CARTESIAN_POINT('',(-0.009,0.0367,0.0107));
#3215=CARTESIAN_POINT('',(-0.009,0.0367,0.0107));
#3216=CARTESIAN_POINT('',(-0.009,0.0367,0.011));
#3217=CARTESIAN_POINT('',(-0.009,0.0367,0.0107));
#3218=CARTESIAN_POINT('',(-0.000800000000000009,0.0370015747466536,0.0109989818510341));
#3219=CARTESIAN_POINT('',(-0.00110086489541214,0.0369893193910619,0.0109989740948748));
#3220=CARTESIAN_POINT('',(-0.00140139353223434,0.0369803395946363,0.0109885483145961));
#3221=CARTESIAN_POINT('',(-0.00200405926368426,0.0369632868456328,0.0109625852462274));
#3222=CARTESIAN_POINT('',(-0.00230619635831199,0.036955213893055,0.0109470479581374));
#3223=CARTESIAN_POINT('',(-0.00321844179138159,0.0369238888893667,0.0109163556427915));
#3224=CARTESIAN_POINT('',(-0.00381562730047156,0.0369122474286393,0.0109120166400726));
#3225=CARTESIAN_POINT('',(-0.0044189135311257,0.0369121320343519,0.01091213203436));
#3226=CARTESIAN_POINT('',(-0.00110086489541214,0.0370138301022453,0.0109989896071935));
#3227=CARTESIAN_POINT('',(-0.00133463952690199,0.0370035978199111,0.0109920099962652));
#3228=CARTESIAN_POINT('',(-0.00158383165241732,0.0369957247492628,0.0109798280991491));
#3229=CARTESIAN_POINT('',(-0.00211206618868118,0.0369802047572848,0.0109510657162474));
#3230=CARTESIAN_POINT('',(-0.0023910655962939,0.0369721455381087,0.0109345519634604));
#3231=CARTESIAN_POINT('',(-0.00327173278369275,0.0369406728092249,0.0108999949485194));
#3232=CARTESIAN_POINT('',(-0.00384790388451104,0.0369289720760822,0.0108952732332331));
#3233=CARTESIAN_POINT('',(-0.0044170885831453,0.0369293749551051,0.0108948891136074));
#3234=CARTESIAN_POINT('',(-0.0014001269444037,0.0370314811283525,0.0109885806810079));
#3235=CARTESIAN_POINT('',(-0.00158226116657961,0.0370208322223491,0.0109789110245452));
#3236=CARTESIAN_POINT('',(-0.00179188815183322,0.0370119699316495,0.0109662990458546));
#3237=CARTESIAN_POINT('',(-0.00225926361641851,0.0369948127277857,0.0109364851813444));
#3238=CARTESIAN_POINT('',(-0.0025169475910465,0.0369858993678522,0.0109193833950225));
#3239=CARTESIAN_POINT('',(-0.00335244159433785,0.0369541577483673,0.0108819950076506));
#3240=CARTESIAN_POINT('',(-0.00389922166323348,0.0369442498825054,0.0108752035363137));
#3241=CARTESIAN_POINT('',(-0.00441525774266892,0.036944797403773,0.0108745155302999));
#3242=CARTESIAN_POINT('',(-0.00199543246566635,0.0370698181020161,0.0109445455271304));
#3243=CARTESIAN_POINT('',(-0.00210242656973026,0.0370568669654062,0.0109338434239144));
#3244=CARTESIAN_POINT('',(-0.00225111734302331,0.037044503453791,0.010922294501831));
#3245=CARTESIAN_POINT('',(-0.0026147790089536,0.0370213275338135,0.0108944305331883));
#3246=CARTESIAN_POINT('',(-0.00282966927071122,0.0370097420669894,0.0108782406110011));
#3247=CARTESIAN_POINT('',(-0.00354878526433701,0.0369761963183171,0.0108414875854861));
#3248=CARTESIAN_POINT('',(-0.00401789963951243,0.0369697923201959,0.0108325412466523));
#3249=CARTESIAN_POINT('',(-0.00441259813216503,0.0369703134503388,0.0108315756477236));
#3250=CARTESIAN_POINT('',(-0.00229147593793744,0.0370905040495727,0.0109109192994384));
#3251=CARTESIAN_POINT('',(-0.0023749867219643,0.0370756846485257,0.0109018903461265));
#3252=CARTESIAN_POINT('',(-0.00250231461793903,0.0370608178072966,0.0108918423377861));
#3253=CARTESIAN_POINT('',(-0.00282312770267826,0.0370332668865286,0.0108669855782906));
#3254=CARTESIAN_POINT('',(-0.00301653763595512,0.0370198612857588,0.0108522936098827));
#3255=CARTESIAN_POINT('',(-0.00366443651245208,0.0369847672916248,0.0108189956553131));
#3256=CARTESIAN_POINT('',(-0.00408525983706895,0.0369800569514632,0.0108099486539103));
#3257=CARTESIAN_POINT('',(-0.00441176936213753,0.0369804070482369,0.010809009348455));
#3258=CARTESIAN_POINT('',(-0.0031747591638511,0.0371454796450441,0.0107716387588781));
#3259=CARTESIAN_POINT('',(-0.00322579792971003,0.03712795573129,0.0107660335621361));
#3260=CARTESIAN_POINT('',(-0.00330825798839331,0.037107292466081,0.0107613832493118));
#3261=CARTESIAN_POINT('',(-0.00351378651972596,0.0370678891250088,0.0107517907463439));
#3262=CARTESIAN_POINT('',(-0.00363681198923953,0.0370487367512993,0.0107469152891989));
#3263=CARTESIAN_POINT('',(-0.00403382035214298,0.0370055713683191,0.0107411217849177));
#3264=CARTESIAN_POINT('',(-0.0042783441021919,0.0370001518428568,0.0107445810584553));
#3265=CARTESIAN_POINT('',(-0.00441230694088956,0.037000162705878,0.0107441242904309));
#3266=CARTESIAN_POINT('',(-0.00376827731111703,0.0371372644004739,0.0106487635292053));
#3267=CARTESIAN_POINT('',(-0.00379914749600894,0.0371172358050662,0.0106508883138546));
#3268=CARTESIAN_POINT('',(-0.00385204183872748,0.0370949684079668,0.0106535974096959));
#3269=CARTESIAN_POINT('',(-0.00397785348892252,0.0370544251924605,0.0106616654605763));
#3270=CARTESIAN_POINT('',(-0.00405077079639902,0.0370361493740535,0.0106670244156153));
#3271=CARTESIAN_POINT('',(-0.00426351913962248,0.0370000130599852,0.0106892979247494));
#3272=CARTESIAN_POINT('',(-0.00439495521448718,0.037,0.010705556372584));
#3273=CARTESIAN_POINT('',(-0.0044165805507791,0.037,0.0107056364801659));
#3274=CARTESIAN_POINT('',(-0.00435171804126792,0.037087863546749,0.0105036285622254));
#3275=CARTESIAN_POINT('',(-0.00435554518995161,0.0370706209118126,0.0105205369236535));
#3276=CARTESIAN_POINT('',(-0.00436035663257681,0.0370551990207969,0.0105404163641483));
#3277=CARTESIAN_POINT('',(-0.00437160786646785,0.037029684202796,0.0105819387983711));
#3278=CARTESIAN_POINT('',(-0.0043780476577337,0.0370195912758109,0.0106035817920991));
#3279=CARTESIAN_POINT('',(-0.00439929919562865,0.0369998371551855,0.0106648881957823));
#3280=CARTESIAN_POINT('',(-0.00441565033196628,0.037,0.0106999999999998));
#3281=CARTESIAN_POINT('',(-0.00443318042491791,0.037,0.0106999999999998));
#3282=CARTESIAN_POINT('',(-0.0044189135311257,0.0369121320343519,0.01091213203436));
#3283=CARTESIAN_POINT('',(-0.00441401328200293,0.0369584317690302,0.0108658322996835));
#3284=CARTESIAN_POINT('',(-0.00440716225453359,0.0369947686503861,0.0107895158532714));
#3285=CARTESIAN_POINT('',(-0.00441945642914936,0.037,0.0107046599768949));
#3286=CARTESIAN_POINT('',(-0.00443318042491791,0.037,0.0106999999999998));
#3287=CARTESIAN_POINT('',(-0.0044189135311257,0.0369121320343519,0.01091213203436));
#3288=CARTESIAN_POINT('',(-0.0044189135311257,0.0369121320343519,0.01091213203436));
#3289=CARTESIAN_POINT('',(-0.00381562730047156,0.0369122474286393,0.0109120166400726));
#3290=CARTESIAN_POINT('',(-0.00321844179138159,0.0369238888893667,0.0109163556427915));
#3291=CARTESIAN_POINT('',(-0.00200211454728879,0.0369656555609511,0.0109572787299194));
#3292=CARTESIAN_POINT('',(-0.00140172979082427,0.0369770640354701,0.0109989663387154));
#3293=CARTESIAN_POINT('',(-0.000800000000000009,0.0370015747466536,0.0109989818510341));
#3294=CARTESIAN_POINT('',(-0.000800000000000009,0.0370015747466536,0.0109989818510341));
#3295=CARTESIAN_POINT('',(-0.00435171804126792,0.037087863546749,0.0105036285622254));
#3296=CARTESIAN_POINT('',(-0.00376827731111702,0.0371372644004738,0.0106487635292052));
#3297=CARTESIAN_POINT('',(-0.00317475916385112,0.0371454796450442,0.0107716387588782));
#3298=CARTESIAN_POINT('',(-0.00199704819596621,0.0370721788510822,0.0109573461462918));
#3299=CARTESIAN_POINT('',(-0.00140172979082431,0.0370260854578368,0.010998997363353));
#3300=CARTESIAN_POINT('',(-0.000800000000000009,0.0370015747466536,0.0109989818510341));
#3301=CARTESIAN_POINT('',(-0.0008,0.0373,1.06251812903579E-17));
#3302=CARTESIAN_POINT('',(-0.0008,0.0373,1.06251812903579E-17));
#3303=CARTESIAN_POINT('',(0.0027367243074422,0.0373,0.0104159292035395));
#3304=CARTESIAN_POINT('',(0.00273672430744222,0.0373,0.0104159292035395));
#3305=CARTESIAN_POINT('',(0.00273672430744222,0.0372488675448486,0.0104159292035395));
#3306=CARTESIAN_POINT('',(0.00273834967275999,0.0371517033984122,0.0104407553427585));
#3307=CARTESIAN_POINT('',(0.00275171804126791,0.037087863546749,0.0105036285622254));
#3308=CARTESIAN_POINT('',(0.00275171804126791,0.037087863546749,0.0105036285622254));
#3309=CARTESIAN_POINT('',(0.00275171804126791,0.037087863546749,0.0105036285622254));
#3310=CARTESIAN_POINT('',(0.00276199426046269,0.0370415656078013,0.0105490289484187));
#3311=CARTESIAN_POINT('',(0.00277992227955879,0.0370052303339709,0.0106235200457778));
#3312=CARTESIAN_POINT('',(0.00281868719521443,0.037,0.0106999999999998));
#3313=CARTESIAN_POINT('',(0.0028331804249179,0.037,0.0106999999999998));
#3314=CARTESIAN_POINT('',(0.00283318042491789,0.037,0.0107));
#3315=CARTESIAN_POINT('',(-0.0008,0.037,1.06251812903579E-17));
#3316=CARTESIAN_POINT('',(-0.0093,0.0367,0.0107));
#3317=CARTESIAN_POINT('',(0.0093,0.037,0.0107));
#3318=CARTESIAN_POINT('',(0.0028331804249179,0.037,0.0106999999999998));
#3319=CARTESIAN_POINT('',(0.0028194583792403,0.037,0.0107046593147424));
#3320=CARTESIAN_POINT('',(0.00280716180405502,0.0369947636940443,0.0107895211406896));
#3321=CARTESIAN_POINT('',(0.0028140122328691,0.0369584416817136,0.0108658223870001));
#3322=CARTESIAN_POINT('',(0.0028189135311257,0.0369121320343519,0.01091213203436));
#3323=CARTESIAN_POINT('',(0.00281891353112569,0.0369121320343519,0.01091213203436));
#3324=CARTESIAN_POINT('',(0.0028189135311257,0.0369121320343519,0.01091213203436));
#3325=CARTESIAN_POINT('',(0.00282842479365383,0.0368222653927837,0.0110019986759248));
#3326=CARTESIAN_POINT('',(0.0028331804249179,0.0367299890093674,0.011));
#3327=CARTESIAN_POINT('',(0.0028331804249179,0.0367,0.011));
#3328=CARTESIAN_POINT('',(0.00283318042491789,0.0367,0.011));
#3329=CARTESIAN_POINT('',(-0.0008,0.0367,0.011));
#3330=CARTESIAN_POINT('',(0.009,0.037,0.0107));
#3331=CARTESIAN_POINT('',(0.009,0.005,0.0107));
#3332=CARTESIAN_POINT('',(0.009,0.005,0.011));
#3333=CARTESIAN_POINT('',(0.0093,0.005,0.0107));
#3334=CARTESIAN_POINT('',(0.0093,0.005,0.0107));
#3335=CARTESIAN_POINT('',(0.009,0.037,0.011));
#3336=CARTESIAN_POINT('',(0.009,0.0003,0.011));
#3337=CARTESIAN_POINT('',(0.009,0.0003,0.006));
#3338=CARTESIAN_POINT('',(0.0093,0.0003,0.006));
#3339=CARTESIAN_POINT('',(0.009,-6.55389720988399E-19,0.006));
#3340=CARTESIAN_POINT('',(0.009,-6.55389720988399E-19,0.011));
#3341=CARTESIAN_POINT('',(0.0093,0.0003,0.011));
#3342=CARTESIAN_POINT('',(-0.009,-4.21959764426791E-20,0.0107));
#3343=CARTESIAN_POINT('',(-0.009,0.005,0.011));
#3344=CARTESIAN_POINT('',(-0.0093,0.037,0.0107));
#3345=CARTESIAN_POINT('',(-0.0093,0.0367,0.0107));
#3346=CARTESIAN_POINT('',(-0.0093,0.0367,0.011));
#3347=CARTESIAN_POINT('',(-0.00443318042491791,0.0367,0.011));
#3348=CARTESIAN_POINT('',(-0.00443318042491791,0.0367,0.011));
#3349=CARTESIAN_POINT('',(-0.00443318042491791,0.0367299890093674,0.011));
#3350=CARTESIAN_POINT('',(-0.00442842479365384,0.0368222653927837,0.0110019986759248));
#3351=CARTESIAN_POINT('',(-0.0044189135311257,0.0369121320343519,0.01091213203436));
#3352=CARTESIAN_POINT('',(-0.0008,0.037,0.0107));
#3353=CARTESIAN_POINT('',(0.009,0.005,0.006));
#3354=CARTESIAN_POINT('',(0.009,0.005,0.006));
#3355=CARTESIAN_POINT('',(0.0093,0.005,0.006));
#3356=CARTESIAN_POINT('',(-0.000800000000000009,0.0370015747466536,0.0109989818510341));
#3357=CARTESIAN_POINT('',(-0.00110086489541214,0.0370138301022453,0.0109989896071935));
#3358=CARTESIAN_POINT('',(-0.0014001269444037,0.0370314811283525,0.0109885806810079));
#3359=CARTESIAN_POINT('',(-0.00199543246566635,0.0370698181020161,0.0109445455271304));
#3360=CARTESIAN_POINT('',(-0.00229147593793744,0.0370905040495727,0.0109109192994384));
#3361=CARTESIAN_POINT('',(-0.00288033142187988,0.0371271544465536,0.0108180656057315));
#3362=CARTESIAN_POINT('',(-0.00317592482968198,0.0371342632346563,0.0107641333748866));
#3363=CARTESIAN_POINT('',(-0.00376575795683827,0.0371269679981852,0.0106431985948785));
#3364=CARTESIAN_POINT('',(-0.00405999767619247,0.0371125639736114,0.0105761960457153));
#3365=CARTESIAN_POINT('',(-0.00435171804126792,0.037087863546749,0.0105036285622254));
#3366=CARTESIAN_POINT('',(-0.0008,0.0370505961690204,0.0109990128756717));
#3367=CARTESIAN_POINT('',(-0.00103262861112105,0.0370557594940419,0.0109990689508224));
#3368=CARTESIAN_POINT('',(-0.00128471189805404,0.037068116145992,0.0109934387112601));
#3369=CARTESIAN_POINT('',(-0.00183061585788682,0.0371002987189352,0.0109583685163662));
#3370=CARTESIAN_POINT('',(-0.00212447050227071,0.0371201598775579,0.0109289729504846));
#3371=CARTESIAN_POINT('',(-0.0027566201038003,0.0371604189101493,0.0108315518321338));
#3372=CARTESIAN_POINT('',(-0.00307311801337473,0.0371696769595082,0.0107726147242831));
#3373=CARTESIAN_POINT('',(-0.00370745813278302,0.0371643851064113,0.0106354202580353));
#3374=CARTESIAN_POINT('',(-0.00402530034261688,0.0371498352039555,0.010557162899638));
#3375=CARTESIAN_POINT('',(-0.00434406374390054,0.0371223488166219,0.0104698118393693));
#3376=CARTESIAN_POINT('',(-0.000800000000000009,0.0371027020101569,0.0109993626967123));
#3377=CARTESIAN_POINT('',(-0.00101783005171239,0.0371025189292638,0.0109993756799071));
#3378=CARTESIAN_POINT('',(-0.00126295202398414,0.0371105271816656,0.0109949005836293));
#3379=CARTESIAN_POINT('',(-0.0018045967831263,0.03713562519344,0.0109616226863019));
#3380=CARTESIAN_POINT('',(-0.00210112927943486,0.0371527501904423,0.0109328616689221));
#3381=CARTESIAN_POINT('',(-0.00274178349320672,0.0371887653629157,0.0108350883245532));
#3382=CARTESIAN_POINT('',(-0.00306338881300946,0.0371987296291075,0.0107738448831428));
#3383=CARTESIAN_POINT('',(-0.00370437710601881,0.0371979536217352,0.0106273899995192));
#3384=CARTESIAN_POINT('',(-0.0040237375276537,0.0371872133481711,0.0105421898542585));
#3385=CARTESIAN_POINT('',(-0.00434006080505077,0.0371638118548961,0.0104461693708674));
#3386=CARTESIAN_POINT('',(-0.0008,0.0372096402173087,0.010994643854101));
#3387=CARTESIAN_POINT('',(-0.00103626187589976,0.0372097123871607,0.0109946357650573));
#3388=CARTESIAN_POINT('',(-0.00129732997371678,0.037213230350841,0.0109883606070633));
#3389=CARTESIAN_POINT('',(-0.00185853800770887,0.037224119350244,0.0109511321387721));
#3390=CARTESIAN_POINT('',(-0.00215864686271985,0.0372315080047814,0.0109201957523739));
#3391=CARTESIAN_POINT('',(-0.00278631354400472,0.0372470922858427,0.0108238885783464));
#3392=CARTESIAN_POINT('',(-0.00310222995412539,0.037251931915392,0.0107617465824206));
#3393=CARTESIAN_POINT('',(-0.00372703256419933,0.0372529247134299,0.0106101792735299));
#3394=CARTESIAN_POINT('',(-0.00403587412126807,0.0372490778819185,0.0105207763655683));
#3395=CARTESIAN_POINT('',(-0.00433650907494964,0.0372394971003277,0.0104196424305059));
#3396=CARTESIAN_POINT('',(-0.0008,0.0372490032770407,0.011));
#3397=CARTESIAN_POINT('',(-0.00106949225949578,0.0372490032770407,0.011));
#3398=CARTESIAN_POINT('',(-0.00135345275628853,0.0372509023187368,0.0109900604447134));
#3399=CARTESIAN_POINT('',(-0.00193843828848619,0.0372564149977828,0.0109449766426056));
#3400=CARTESIAN_POINT('',(-0.00223941571417074,0.0372600286351327,0.0109098270656933));
#3401=CARTESIAN_POINT('',(-0.00284553067123274,0.0372668870177476,0.0108125341038698));
#3402=CARTESIAN_POINT('',(-0.00315062111805365,0.0372701317630126,0.0107503989758268));
#3403=CARTESIAN_POINT('',(-0.00375254606511526,0.0372741688737191,0.0106008766410886));
#3404=CARTESIAN_POINT('',(-0.00404933638273038,0.0372749612391607,0.0105135116504947));
#3405=CARTESIAN_POINT('',(-0.00433672430744221,0.0372734856708212,0.0104159292035395));
#3406=CARTESIAN_POINT('',(-0.0008,0.0373,0.011));
#3407=CARTESIAN_POINT('',(-0.00109731386121404,0.0373,0.011));
#3408=CARTESIAN_POINT('',(-0.00139462863550636,0.0373,0.0109879533308416));
#3409=CARTESIAN_POINT('',(-0.00198832559586079,0.0373,0.0109396793322812));
#3410=CARTESIAN_POINT('',(-0.00228470961066605,0.0373,0.0109034517658188));
#3411=CARTESIAN_POINT('',(-0.00287555948128864,0.0373,0.010806557077866));
#3412=CARTESIAN_POINT('',(-0.0031700271722193,0.0373,0.0107458894711014));
#3413=CARTESIAN_POINT('',(-0.00375594906963437,0.0373,0.0105996950154197));
#3414=CARTESIAN_POINT('',(-0.00404740511715451,0.0373,0.0105141674108953));
#3415=CARTESIAN_POINT('',(-0.00433672430744221,0.0373,0.0104159292035395));
#3416=CARTESIAN_POINT('',(-0.0008,0.0373,0.011));
#3417=CARTESIAN_POINT('',(-0.0008,0.0372490032770407,0.011));
#3418=CARTESIAN_POINT('',(-0.0008,0.0372096402173087,0.010994643854101));
#3419=CARTESIAN_POINT('',(-0.000800000000000009,0.0371027020101569,0.0109993626967123));
#3420=CARTESIAN_POINT('',(-0.0008,0.0370505961690204,0.0109990128756717));
#3421=CARTESIAN_POINT('',(-0.000800000000000009,0.0370015747466536,0.0109989818510341));
#3422=CARTESIAN_POINT('',(-0.0008,0.0373,0.011));
#3423=CARTESIAN_POINT('',(-0.000800000000000066,0.0373,7.74935671188359E-16));
#3424=CARTESIAN_POINT('',(-0.000800000000000009,0.0370015747466536,0.0109989818510341));
#3425=CARTESIAN_POINT('',(-0.0008,0.0370505961690204,0.0109990128756717));
#3426=CARTESIAN_POINT('',(-0.000800000000000009,0.0371027020101569,0.0109993626967123));
#3427=CARTESIAN_POINT('',(-0.0008,0.0372096402173087,0.010994643854101));
#3428=CARTESIAN_POINT('',(-0.0008,0.0372490032770407,0.011));
#3429=CARTESIAN_POINT('',(-0.0008,0.0373,0.011));
#3430=CARTESIAN_POINT('',(-0.000499135104587873,0.0370138301022453,0.0109989896071935));
#3431=CARTESIAN_POINT('',(-0.000567371388878965,0.0370557594940419,0.0109990689508224));
#3432=CARTESIAN_POINT('',(-0.000582169948287623,0.0371025189292638,0.0109993756799071));
#3433=CARTESIAN_POINT('',(-0.00056373812410026,0.0372097123871607,0.0109946357650573));
#3434=CARTESIAN_POINT('',(-0.000530507740504239,0.0372490032770407,0.011));
#3435=CARTESIAN_POINT('',(-0.000502686138785974,0.0373,0.011));
#3436=CARTESIAN_POINT('',(-0.000199873055596319,0.0370314811283525,0.0109885806810079));
#3437=CARTESIAN_POINT('',(-0.000315288101945973,0.037068116145992,0.0109934387112601));
#3438=CARTESIAN_POINT('',(-0.000337047976015874,0.0371105271816656,0.0109949005836293));
#3439=CARTESIAN_POINT('',(-0.000302670026283232,0.0372132303508411,0.0109883606070633));
#3440=CARTESIAN_POINT('',(-0.000246547243711482,0.0372509023187368,0.0109900604447134));
#3441=CARTESIAN_POINT('',(-0.000205371364493657,0.0373,0.0109879533308416));
#3442=CARTESIAN_POINT('',(0.00039543246566633,0.0370698181020161,0.0109445455271303));
#3443=CARTESIAN_POINT('',(0.000230615857886803,0.0371002987189352,0.0109583685163662));
#3444=CARTESIAN_POINT('',(0.000204596783126283,0.03713562519344,0.0109616226863019));
#3445=CARTESIAN_POINT('',(0.000258538007708855,0.037224119350244,0.0109511321387721));
#3446=CARTESIAN_POINT('',(0.000338438288486173,0.0372564149977828,0.0109449766426056));
#3447=CARTESIAN_POINT('',(0.000388325595860777,0.0373,0.0109396793322812));
#3448=CARTESIAN_POINT('',(0.000691475937937425,0.0370905040495727,0.0109109192994383));
#3449=CARTESIAN_POINT('',(0.000524470502270694,0.0371201598775579,0.0109289729504846));
#3450=CARTESIAN_POINT('',(0.000501129279434838,0.0371527501904423,0.0109328616689221));
#3451=CARTESIAN_POINT('',(0.000558646862719834,0.0372315080047814,0.0109201957523739));
#3452=CARTESIAN_POINT('',(0.000639415714170721,0.0372600286351327,0.0109098270656933));
#3453=CARTESIAN_POINT('',(0.000684709610666032,0.0373,0.0109034517658188));
#3454=CARTESIAN_POINT('',(0.00128033142187986,0.0371271544465536,0.0108180656057315));
#3455=CARTESIAN_POINT('',(0.00115662010380028,0.0371604189101493,0.0108315518321338));
#3456=CARTESIAN_POINT('',(0.0011417834932067,0.0371887653629157,0.0108350883245532));
#3457=CARTESIAN_POINT('',(0.0011863135440047,0.0372470922858427,0.0108238885783464));
#3458=CARTESIAN_POINT('',(0.00124553067123273,0.0372668870177476,0.0108125341038698));
#3459=CARTESIAN_POINT('',(0.00127555948128862,0.0373,0.010806557077866));
#3460=CARTESIAN_POINT('',(0.00157592482968196,0.0371342632346563,0.0107641333748866));
#3461=CARTESIAN_POINT('',(0.00147311801337471,0.0371696769595082,0.0107726147242831));
#3462=CARTESIAN_POINT('',(0.00146338881300943,0.0371987296291075,0.0107738448831428));
#3463=CARTESIAN_POINT('',(0.00150222995412537,0.037251931915392,0.0107617465824206));
#3464=CARTESIAN_POINT('',(0.00155062111805363,0.0372701317630126,0.0107503989758268));
#3465=CARTESIAN_POINT('',(0.00157002717221928,0.0373,0.0107458894711014));
#3466=CARTESIAN_POINT('',(0.00216575795683825,0.0371269679981852,0.0106431985948785));
#3467=CARTESIAN_POINT('',(0.002107458132783,0.0371643851064113,0.0106354202580352));
#3468=CARTESIAN_POINT('',(0.00210437710601879,0.0371979536217352,0.0106273899995192));
#3469=CARTESIAN_POINT('',(0.00212703256419931,0.0372529247134299,0.0106101792735299));
#3470=CARTESIAN_POINT('',(0.00215254606511524,0.0372741688737191,0.0106008766410886));
#3471=CARTESIAN_POINT('',(0.00215594906963435,0.0373,0.0105996950154197));
#3472=CARTESIAN_POINT('',(0.00245999767619246,0.0371125639736114,0.0105761960457153));
#3473=CARTESIAN_POINT('',(0.00242530034261686,0.0371498352039555,0.010557162899638));
#3474=CARTESIAN_POINT('',(0.00242373752765368,0.0371872133481711,0.0105421898542585));
#3475=CARTESIAN_POINT('',(0.00243587412126805,0.0372490778819185,0.0105207763655682));
#3476=CARTESIAN_POINT('',(0.00244933638273037,0.0372749612391607,0.0105135116504947));
#3477=CARTESIAN_POINT('',(0.0024474051171545,0.0373,0.0105141674108953));
#3478=CARTESIAN_POINT('',(0.0027517180412679,0.037087863546749,0.0105036285622254));
#3479=CARTESIAN_POINT('',(0.00274406374390052,0.0371223488166219,0.0104698118393693));
#3480=CARTESIAN_POINT('',(0.00274006080505076,0.0371638118548961,0.0104461693708674));
#3481=CARTESIAN_POINT('',(0.00273650907494963,0.0372394971003277,0.0104196424305059));
#3482=CARTESIAN_POINT('',(0.0027367243074422,0.0372734856708212,0.0104159292035395));
#3483=CARTESIAN_POINT('',(0.0027367243074422,0.0373,0.0104159292035395));
#3484=CARTESIAN_POINT('',(0.0027517180412679,0.037087863546749,0.0105036285622254));
#3485=CARTESIAN_POINT('',(0.00216827731111702,0.0371372644004738,0.0106487635292052));
#3486=CARTESIAN_POINT('',(0.00157475916385106,0.0371454796450442,0.0107716387588782));
#3487=CARTESIAN_POINT('',(0.000397048195966213,0.0370721788510822,0.0109573461462917));
#3488=CARTESIAN_POINT('',(-0.000198270209175743,0.0370260854578368,0.0109989973633529));
#3489=CARTESIAN_POINT('',(-0.000800000000000009,0.0370015747466536,0.0109989818510341));
#3490=CARTESIAN_POINT('',(-0.000800000000000022,0.0373,6.77236045021345E-16));
#3491=CARTESIAN_POINT('',(-0.000800000000000009,0.0370015747466536,0.0109989818510341));
#3492=CARTESIAN_POINT('',(-0.000499135104587873,0.0370138301022453,0.0109989896071935));
#3493=CARTESIAN_POINT('',(-0.000199873055596319,0.0370314811283525,0.0109885806810079));
#3494=CARTESIAN_POINT('',(0.00039543246566633,0.0370698181020161,0.0109445455271304));
#3495=CARTESIAN_POINT('',(0.000691475937937426,0.0370905040495727,0.0109109192994383));
#3496=CARTESIAN_POINT('',(0.00157475916385108,0.0371454796450441,0.0107716387588781));
#3497=CARTESIAN_POINT('',(0.00216827731111701,0.0371372644004739,0.0106487635292053));
#3498=CARTESIAN_POINT('',(0.0027517180412679,0.037087863546749,0.0105036285622254));
#3499=CARTESIAN_POINT('',(-0.000499135104587873,0.0369893193910619,0.0109989740948748));
#3500=CARTESIAN_POINT('',(-0.000265360473098026,0.0370035978199111,0.0109920099962652));
#3501=CARTESIAN_POINT('',(-1.77388334204092E-5,0.0370208322223491,0.0109789110245452));
#3502=CARTESIAN_POINT('',(0.000502426569730237,0.0370568669654062,0.0109338434239144));
#3503=CARTESIAN_POINT('',(0.000774986721964283,0.0370756846485258,0.0109018903461265));
#3504=CARTESIAN_POINT('',(0.00162579792971001,0.03712795573129,0.0107660335621361));
#3505=CARTESIAN_POINT('',(0.00219914749600892,0.0371172358050662,0.0106508883138546));
#3506=CARTESIAN_POINT('',(0.0027555451899516,0.0370706209118126,0.0105205369236535));
#3507=CARTESIAN_POINT('',(-0.00019860646776568,0.0369803395946363,0.0109885483145961));
#3508=CARTESIAN_POINT('',(-1.61683475826957E-5,0.0369957247492628,0.010979828099149));
#3509=CARTESIAN_POINT('',(0.000191888151833204,0.0370119699316495,0.0109662990458546));
#3510=CARTESIAN_POINT('',(0.000651117343023295,0.037044503453791,0.010922294501831));
#3511=CARTESIAN_POINT('',(0.00090231461793901,0.0370608178072966,0.0108918423377861));
#3512=CARTESIAN_POINT('',(0.00170825798839329,0.037107292466081,0.0107613832493118));
#3513=CARTESIAN_POINT('',(0.00225204183872746,0.0370949684079668,0.0106535974096959));
#3514=CARTESIAN_POINT('',(0.00276035663257679,0.0370551990207969,0.0105404163641483));
#3515=CARTESIAN_POINT('',(0.000404059263684239,0.0369632868456328,0.0109625852462274));
#3516=CARTESIAN_POINT('',(0.000512066188681157,0.0369802047572848,0.0109510657162474));
#3517=CARTESIAN_POINT('',(0.000659263616418495,0.0369948127277857,0.0109364851813444));
#3518=CARTESIAN_POINT('',(0.00101477900895358,0.0370213275338135,0.0108944305331883));
#3519=CARTESIAN_POINT('',(0.00122312770267824,0.0370332668865286,0.0108669855782906));
#3520=CARTESIAN_POINT('',(0.00191378651972594,0.0370678891250088,0.0107517907463439));
#3521=CARTESIAN_POINT('',(0.0023778534889225,0.0370544251924605,0.0106616654605763));
#3522=CARTESIAN_POINT('',(0.00277160786646784,0.037029684202796,0.0105819387983711));
#3523=CARTESIAN_POINT('',(0.000706196358311965,0.036955213893055,0.0109470479581374));
#3524=CARTESIAN_POINT('',(0.000791065596293883,0.0369721455381088,0.0109345519634604));
#3525=CARTESIAN_POINT('',(0.000916947591046479,0.0369858993678522,0.0109193833950225));
#3526=CARTESIAN_POINT('',(0.00122966927071119,0.0370097420669894,0.0108782406110011));
#3527=CARTESIAN_POINT('',(0.00141653763595509,0.0370198612857588,0.0108522936098827));
#3528=CARTESIAN_POINT('',(0.0020368119892395,0.0370487367512992,0.0107469152891989));
#3529=CARTESIAN_POINT('',(0.002450770796399,0.0370361493740535,0.0106670244156153));
#3530=CARTESIAN_POINT('',(0.00277804765773368,0.0370195912758109,0.0106035817920991));
#3531=CARTESIAN_POINT('',(0.00161844179138157,0.0369238888893667,0.0109163556427915));
#3532=CARTESIAN_POINT('',(0.00167173278369273,0.0369406728092249,0.0108999949485194));
#3533=CARTESIAN_POINT('',(0.00175244159433783,0.0369541577483674,0.0108819950076506));
#3534=CARTESIAN_POINT('',(0.00194878526433699,0.0369761963183171,0.0108414875854861));
#3535=CARTESIAN_POINT('',(0.00206443651245206,0.0369847672916248,0.0108189956553131));
#3536=CARTESIAN_POINT('',(0.00243382035214296,0.0370055713683191,0.0107411217849177));
#3537=CARTESIAN_POINT('',(0.00266351913962246,0.0370000130599852,0.0106892979247494));
#3538=CARTESIAN_POINT('',(0.00279929919562863,0.0369998371551855,0.0106648881957823));
#3539=CARTESIAN_POINT('',(0.00221562730047155,0.0369122474286393,0.0109120166400726));
#3540=CARTESIAN_POINT('',(0.00224790388451102,0.0369289720760823,0.0108952732332331));
#3541=CARTESIAN_POINT('',(0.00229922166323346,0.0369442498825054,0.0108752035363137));
#3542=CARTESIAN_POINT('',(0.00241789963951241,0.0369697923201959,0.0108325412466523));
#3543=CARTESIAN_POINT('',(0.00248525983706893,0.0369800569514632,0.0108099486539103));
#3544=CARTESIAN_POINT('',(0.00267834410219187,0.0370001518428569,0.0107445810584553));
#3545=CARTESIAN_POINT('',(0.00279495521448716,0.037,0.010705556372584));
#3546=CARTESIAN_POINT('',(0.00281565033196626,0.037,0.0106999999999998));
#3547=CARTESIAN_POINT('',(0.00281891353112569,0.0369121320343519,0.01091213203436));
#3548=CARTESIAN_POINT('',(0.00281708858314528,0.0369293749551051,0.0108948891136074));
#3549=CARTESIAN_POINT('',(0.0028152577426689,0.036944797403773,0.0108745155302999));
#3550=CARTESIAN_POINT('',(0.00281259813216502,0.0369703134503388,0.0108315756477236));
#3551=CARTESIAN_POINT('',(0.00281176936213751,0.0369804070482369,0.010809009348455));
#3552=CARTESIAN_POINT('',(0.00281230694088954,0.037000162705878,0.0107441242904309));
#3553=CARTESIAN_POINT('',(0.00281658055077909,0.037,0.0107056364801659));
#3554=CARTESIAN_POINT('',(0.00283318042491789,0.037,0.0106999999999998));
#3555=CARTESIAN_POINT('',(0.00281891353112569,0.0369121320343519,0.01091213203436));
#3556=CARTESIAN_POINT('',(0.00221562730047155,0.0369122474286393,0.0109120166400726));
#3557=CARTESIAN_POINT('',(0.00161844179138157,0.0369238888893667,0.0109163556427915));
#3558=CARTESIAN_POINT('',(0.000402114547288763,0.0369656555609511,0.0109572787299194));
#3559=CARTESIAN_POINT('',(-0.000198270209175737,0.0369770640354701,0.0109989663387154));
#3560=CARTESIAN_POINT('',(-0.000800000000000009,0.0370015747466536,0.0109989818510341));
#3561=CARTESIAN_POINT('',(-0.000800000000000009,0.0370015747466536,0.0109989818510341));
#3562=CARTESIAN_POINT('',(-0.000499135104587873,0.0369893193910619,0.0109989740948748));
#3563=CARTESIAN_POINT('',(-0.00019860646776568,0.0369803395946363,0.0109885483145961));
#3564=CARTESIAN_POINT('',(0.000404059263684239,0.0369632868456328,0.0109625852462274));
#3565=CARTESIAN_POINT('',(0.000706196358311965,0.036955213893055,0.0109470479581374));
#3566=CARTESIAN_POINT('',(0.00161844179138157,0.0369238888893667,0.0109163556427915));
#3567=CARTESIAN_POINT('',(0.00221562730047155,0.0369122474286393,0.0109120166400726));
#3568=CARTESIAN_POINT('',(0.00281891353112569,0.0369121320343519,0.01091213203436));
#3569=CARTESIAN_POINT('',(-0.000800000000000009,0.0369525533242869,0.0109989508263966));
#3570=CARTESIAN_POINT('',(-0.000565079348141358,0.0369472897620788,0.0109990003025875));
#3571=CARTESIAN_POINT('',(-0.000312090656875622,0.0369425563758943,0.0109961306453763));
#3572=CARTESIAN_POINT('',(0.000238851598449079,0.0369310931318317,0.0109818571667443));
#3573=CARTESIAN_POINT('',(0.000536742489341147,0.0369236389031171,0.0109710024555784));
#3574=CARTESIAN_POINT('',(0.00151189539053155,0.0368923070823238,0.0109473097251868));
#3575=CARTESIAN_POINT('',(0.00215107413239259,0.0368787981337535,0.0109455034537517));
#3576=CARTESIAN_POINT('',(0.0028225634270865,0.0368776461928455,0.0109466178758651));
#3577=CARTESIAN_POINT('',(-0.0008,0.0368999852236899,0.0109992344014789));
#3578=CARTESIAN_POINT('',(-0.00057879358304655,0.0369001825990681,0.0109992177796489));
#3579=CARTESIAN_POINT('',(-0.000332383511205951,0.036898554147233,0.0109989187341121));
#3580=CARTESIAN_POINT('',(0.000213846142447607,0.0368911075581554,0.0109911050640793));
#3581=CARTESIAN_POINT('',(0.000513603051093671,0.0368845650500764,0.0109841395498384));
#3582=CARTESIAN_POINT('',(0.00149828107064329,0.0368564567597581,0.0109681600368884));
#3583=CARTESIAN_POINT('',(0.00215373522284136,0.0368410688055117,0.0109674992937335));
#3584=CARTESIAN_POINT('',(0.00282613015053455,0.0368378696816454,0.0109685848672751));
#3585=CARTESIAN_POINT('',(-0.0008,0.0367912556652941,0.0110051105819278));
#3586=CARTESIAN_POINT('',(-0.000559060661175578,0.0367911919502194,0.0110051199802201));
#3587=CARTESIAN_POINT('',(-0.000294900136334979,0.0367904750967418,0.0110059466677947));
#3588=CARTESIAN_POINT('',(0.000273194738552479,0.0367875195740223,0.0110042853476008));
#3589=CARTESIAN_POINT('',(0.000577097752015892,0.0367849187193621,0.0110020718949597));
#3590=CARTESIAN_POINT('',(0.0015388595741543,0.0367738155275472,0.0109958938309246));
#3591=CARTESIAN_POINT('',(0.00219167866073629,0.0367670022675531,0.0109947475668577));
#3592=CARTESIAN_POINT('',(0.00283143864945025,0.0367623030826105,0.0109952759293426));
#3593=CARTESIAN_POINT('',(-0.0008,0.0367513687806242,0.011));
#3594=CARTESIAN_POINT('',(-0.000525613504399413,0.0367513687806242,0.011));
#3595=CARTESIAN_POINT('',(-0.000237123907133678,0.0367503343018912,0.011));
#3596=CARTESIAN_POINT('',(0.000357548790658823,0.036746971361751,0.011));
#3597=CARTESIAN_POINT('',(0.000663731891185589,0.0367446429003438,0.011));
#3598=CARTESIAN_POINT('',(0.00159305239755356,0.0367368790042982,0.011));
#3599=CARTESIAN_POINT('',(0.00222696100818244,0.0367306650578361,0.011));
#3600=CARTESIAN_POINT('',(0.00283318042491789,0.0367265129947758,0.011));
#3601=CARTESIAN_POINT('',(-0.0008,0.0367,0.011));
#3602=CARTESIAN_POINT('',(-0.000497234964590183,0.0367,0.011));
#3603=CARTESIAN_POINT('',(-0.000194469929180357,0.0367,0.011));
#3604=CARTESIAN_POINT('',(0.000411060141639293,0.0367,0.011));
#3605=CARTESIAN_POINT('',(0.000713825177049118,0.0367,0.011));
#3606=CARTESIAN_POINT('',(0.00162212028327859,0.0367,0.011));
#3607=CARTESIAN_POINT('',(0.00222765035409824,0.0367,0.011));
#3608=CARTESIAN_POINT('',(0.00283318042491789,0.0367,0.011));
#3609=CARTESIAN_POINT('',(-0.0008,0.0367,0.011));
#3610=CARTESIAN_POINT('',(-0.0008,0.0367513687806242,0.011));
#3611=CARTESIAN_POINT('',(-0.0008,0.0367912556652941,0.0110051105819278));
#3612=CARTESIAN_POINT('',(-0.0008,0.0368999852236899,0.0109992344014789));
#3613=CARTESIAN_POINT('',(-0.000800000000000009,0.0369525533242869,0.0109989508263966));
#3614=CARTESIAN_POINT('',(-0.000800000000000009,0.0370015747466536,0.0109989818510341));
#3615=CARTESIAN_POINT('',(-0.0008,0.0367,0.011));
#3616=CARTESIAN_POINT('',(-0.0008,0.0367,0.011));
#3617=CARTESIAN_POINT('',(-0.000800000000000009,0.0370015747466536,0.0109989818510341));
#3618=CARTESIAN_POINT('',(-0.000800000000000009,0.0369525533242869,0.0109989508263966));
#3619=CARTESIAN_POINT('',(-0.0008,0.0368999852236899,0.0109992344014789));
#3620=CARTESIAN_POINT('',(-0.0008,0.0367912556652941,0.0110051105819278));
#3621=CARTESIAN_POINT('',(-0.0008,0.0367513687806242,0.011));
#3622=CARTESIAN_POINT('',(-0.0008,0.0367,0.011));
#3623=CARTESIAN_POINT('',(-0.00110086489541214,0.0369893193910619,0.0109989740948748));
#3624=CARTESIAN_POINT('',(-0.00103492065185866,0.0369472897620788,0.0109990003025875));
#3625=CARTESIAN_POINT('',(-0.00102120641695346,0.0369001825990681,0.0109992177796489));
#3626=CARTESIAN_POINT('',(-0.00104093933882444,0.0367911919502194,0.0110051199802201));
#3627=CARTESIAN_POINT('',(-0.0010743864956006,0.0367513687806242,0.011));
#3628=CARTESIAN_POINT('',(-0.00110276503540983,0.0367,0.011));
#3629=CARTESIAN_POINT('',(-0.00140139353223434,0.0369803395946363,0.0109885483145961));
#3630=CARTESIAN_POINT('',(-0.0012879093431244,0.0369425563758943,0.0109961306453763));
#3631=CARTESIAN_POINT('',(-0.00126761648879407,0.036898554147233,0.0109989187341121));
#3632=CARTESIAN_POINT('',(-0.00130509986366504,0.0367904750967418,0.0110059466677947));
#3633=CARTESIAN_POINT('',(-0.00136287609286634,0.0367503343018912,0.011));
#3634=CARTESIAN_POINT('',(-0.00140553007081966,0.0367,0.011));
#3635=CARTESIAN_POINT('',(-0.00200405926368426,0.0369632868456328,0.0109625852462274));
#3636=CARTESIAN_POINT('',(-0.0018388515984491,0.0369310931318317,0.0109818571667443));
#3637=CARTESIAN_POINT('',(-0.00181384614244762,0.0368911075581555,0.0109911050640793));
#3638=CARTESIAN_POINT('',(-0.0018731947385525,0.0367875195740223,0.0110042853476008));
#3639=CARTESIAN_POINT('',(-0.00195754879065884,0.036746971361751,0.011));
#3640=CARTESIAN_POINT('',(-0.00201106014163931,0.0367,0.011));
#3641=CARTESIAN_POINT('',(-0.00230619635831199,0.036955213893055,0.0109470479581374));
#3642=CARTESIAN_POINT('',(-0.00213674248934117,0.0369236389031172,0.0109710024555784));
#3643=CARTESIAN_POINT('',(-0.00211360305109369,0.0368845650500764,0.0109841395498384));
#3644=CARTESIAN_POINT('',(-0.00217709775201591,0.0367849187193621,0.0110020718949597));
#3645=CARTESIAN_POINT('',(-0.00226373189118561,0.0367446429003438,0.011));
#3646=CARTESIAN_POINT('',(-0.00231382517704913,0.0367,0.011));
#3647=CARTESIAN_POINT('',(-0.00321844179138159,0.0369238888893667,0.0109163556427915));
#3648=CARTESIAN_POINT('',(-0.00311189539053157,0.0368923070823238,0.0109473097251868));
#3649=CARTESIAN_POINT('',(-0.00309828107064331,0.0368564567597581,0.0109681600368884));
#3650=CARTESIAN_POINT('',(-0.00313885957415431,0.0367738155275472,0.0109958938309246));
#3651=CARTESIAN_POINT('',(-0.00319305239755358,0.0367368790042982,0.011));
#3652=CARTESIAN_POINT('',(-0.00322212028327861,0.0367,0.011));
#3653=CARTESIAN_POINT('',(-0.00381562730047156,0.0369122474286393,0.0109120166400726));
#3654=CARTESIAN_POINT('',(-0.0037510741323926,0.0368787981337535,0.0109455034537517));
#3655=CARTESIAN_POINT('',(-0.00375373522284138,0.0368410688055118,0.0109674992937335));
#3656=CARTESIAN_POINT('',(-0.0037916786607363,0.0367670022675531,0.0109947475668577));
#3657=CARTESIAN_POINT('',(-0.00382696100818246,0.0367306650578361,0.011));
#3658=CARTESIAN_POINT('',(-0.00382765035409826,0.0367,0.011));
#3659=CARTESIAN_POINT('',(-0.0044189135311257,0.0369121320343519,0.01091213203436));
#3660=CARTESIAN_POINT('',(-0.00442256342708651,0.0368776461928455,0.0109466178758651));
#3661=CARTESIAN_POINT('',(-0.00442613015053456,0.0368378696816454,0.0109685848672751));
#3662=CARTESIAN_POINT('',(-0.00443143864945026,0.0367623030826105,0.0109952759293426));
#3663=CARTESIAN_POINT('',(-0.00443318042491791,0.0367265129947758,0.011));
#3664=CARTESIAN_POINT('',(-0.00443318042491791,0.0367,0.011));
#3665=CARTESIAN_POINT('',(-0.00443318042491791,0.0367,0.011));
#3666=CARTESIAN_POINT('',(-0.0008,0.0370015747466536,-0.0109989818510341));
#3667=CARTESIAN_POINT('',(-0.00110086489541214,0.0370138301022453,-0.0109989896071935));
#3668=CARTESIAN_POINT('',(-0.00140012694440369,0.0370314811283525,-0.0109885806810079));
#3669=CARTESIAN_POINT('',(-0.00199543246566633,0.0370698181020161,-0.0109445455271303));
#3670=CARTESIAN_POINT('',(-0.00229147593793742,0.0370905040495727,-0.0109109192994383));
#3671=CARTESIAN_POINT('',(-0.00317475916385107,0.0371454796450441,-0.010771638758878));
#3672=CARTESIAN_POINT('',(-0.00376827731111698,0.0371372644004739,-0.0106487635292053));
#3673=CARTESIAN_POINT('',(-0.00435171804126786,0.037087863546749,-0.0105036285622254));
#3674=CARTESIAN_POINT('',(-0.00110086489541214,0.0369893193910619,-0.0109989740948747));
#3675=CARTESIAN_POINT('',(-0.00133463952690198,0.0370035978199111,-0.0109920099962652));
#3676=CARTESIAN_POINT('',(-0.0015822611665796,0.0370208322223491,-0.0109789110245452));
#3677=CARTESIAN_POINT('',(-0.00210242656973024,0.0370568669654062,-0.0109338434239144));
#3678=CARTESIAN_POINT('',(-0.00237498672196428,0.0370756846485258,-0.0109018903461265));
#3679=CARTESIAN_POINT('',(-0.00322579792971,0.0371279557312899,-0.0107660335621361));
#3680=CARTESIAN_POINT('',(-0.00379914749600889,0.0371172358050662,-0.0106508883138546));
#3681=CARTESIAN_POINT('',(-0.00435554518995155,0.0370706209118126,-0.0105205369236535));
#3682=CARTESIAN_POINT('',(-0.00140139353223433,0.0369803395946363,-0.0109885483145961));
#3683=CARTESIAN_POINT('',(-0.00158383165241731,0.0369957247492629,-0.010979828099149));
#3684=CARTESIAN_POINT('',(-0.00179188815183321,0.0370119699316495,-0.0109662990458546));
#3685=CARTESIAN_POINT('',(-0.00225111734302329,0.037044503453791,-0.010922294501831));
#3686=CARTESIAN_POINT('',(-0.002502314617939,0.0370608178072966,-0.0108918423377861));
#3687=CARTESIAN_POINT('',(-0.00330825798839328,0.037107292466081,-0.0107613832493118));
#3688=CARTESIAN_POINT('',(-0.00385204183872743,0.0370949684079668,-0.0106535974096959));
#3689=CARTESIAN_POINT('',(-0.00436035663257675,0.0370551990207969,-0.0105404163641483));
#3690=CARTESIAN_POINT('',(-0.00200405926368424,0.0369632868456328,-0.0109625852462274));
#3691=CARTESIAN_POINT('',(-0.00211206618868116,0.0369802047572848,-0.0109510657162474));
#3692=CARTESIAN_POINT('',(-0.00225926361641849,0.0369948127277858,-0.0109364851813444));
#3693=CARTESIAN_POINT('',(-0.00261477900895358,0.0370213275338135,-0.0108944305331883));
#3694=CARTESIAN_POINT('',(-0.00282312770267823,0.0370332668865286,-0.0108669855782906));
#3695=CARTESIAN_POINT('',(-0.00351378651972592,0.0370678891250088,-0.0107517907463439));
#3696=CARTESIAN_POINT('',(-0.00397785348892247,0.0370544251924605,-0.0106616654605763));
#3697=CARTESIAN_POINT('',(-0.00437160786646779,0.037029684202796,-0.0105819387983711));
#3698=CARTESIAN_POINT('',(-0.00230619635831196,0.036955213893055,-0.0109470479581374));
#3699=CARTESIAN_POINT('',(-0.00239106559629388,0.0369721455381087,-0.0109345519634604));
#3700=CARTESIAN_POINT('',(-0.00251694759104647,0.0369858993678522,-0.0109193833950225));
#3701=CARTESIAN_POINT('',(-0.00282966927071118,0.0370097420669894,-0.0108782406110011));
#3702=CARTESIAN_POINT('',(-0.00301653763595508,0.0370198612857588,-0.0108522936098827));
#3703=CARTESIAN_POINT('',(-0.00363681198923948,0.0370487367512992,-0.0107469152891989));
#3704=CARTESIAN_POINT('',(-0.00405077079639896,0.0370361493740535,-0.0106670244156153));
#3705=CARTESIAN_POINT('',(-0.00437804765773364,0.0370195912758109,-0.0106035817920991));
#3706=CARTESIAN_POINT('',(-0.00321844179138155,0.0369238888893667,-0.0109163556427915));
#3707=CARTESIAN_POINT('',(-0.00327173278369271,0.0369406728092249,-0.0108999949485194));
#3708=CARTESIAN_POINT('',(-0.00335244159433781,0.0369541577483673,-0.0108819950076506));
#3709=CARTESIAN_POINT('',(-0.00354878526433697,0.0369761963183171,-0.0108414875854861));
#3710=CARTESIAN_POINT('',(-0.00366443651245204,0.0369847672916248,-0.0108189956553131));
#3711=CARTESIAN_POINT('',(-0.00403382035214293,0.0370055713683191,-0.0107411217849177));
#3712=CARTESIAN_POINT('',(-0.00426351913962242,0.0370000130599852,-0.0106892979247494));
#3713=CARTESIAN_POINT('',(-0.00439929919562859,0.0369998371551855,-0.0106648881957823));
#3714=CARTESIAN_POINT('',(-0.00381562730047151,0.0369122474286393,-0.0109120166400726));
#3715=CARTESIAN_POINT('',(-0.00384790388451099,0.0369289720760822,-0.0108952732332331));
#3716=CARTESIAN_POINT('',(-0.00389922166323343,0.0369442498825054,-0.0108752035363137));
#3717=CARTESIAN_POINT('',(-0.00401789963951238,0.0369697923201959,-0.0108325412466523));
#3718=CARTESIAN_POINT('',(-0.00408525983706889,0.0369800569514632,-0.0108099486539103));
#3719=CARTESIAN_POINT('',(-0.00427834410219184,0.0370001518428569,-0.0107445810584553));
#3720=CARTESIAN_POINT('',(-0.00439495521448712,0.037,-0.010705556372584));
#3721=CARTESIAN_POINT('',(-0.00441565033196621,0.037,-0.0106999999999998));
#3722=CARTESIAN_POINT('',(-0.00441891353112564,0.0369121320343519,-0.01091213203436));
#3723=CARTESIAN_POINT('',(-0.00441708858314524,0.0369293749551051,-0.0108948891136074));
#3724=CARTESIAN_POINT('',(-0.00441525774266886,0.036944797403773,-0.0108745155302999));
#3725=CARTESIAN_POINT('',(-0.00441259813216498,0.0369703134503388,-0.0108315756477236));
#3726=CARTESIAN_POINT('',(-0.00441176936213747,0.0369804070482369,-0.010809009348455));
#3727=CARTESIAN_POINT('',(-0.0044123069408895,0.037000162705878,-0.0107441242904309));
#3728=CARTESIAN_POINT('',(-0.00441658055077904,0.037,-0.0107056364801659));
#3729=CARTESIAN_POINT('',(-0.00443318042491785,0.037,-0.0106999999999998));
#3730=CARTESIAN_POINT('',(-0.00441891353112564,0.0369121320343519,-0.01091213203436));
#3731=CARTESIAN_POINT('',(-0.00381562730047151,0.0369122474286393,-0.0109120166400726));
#3732=CARTESIAN_POINT('',(-0.00321844179138155,0.0369238888893667,-0.0109163556427915));
#3733=CARTESIAN_POINT('',(-0.00200211454728876,0.0369656555609511,-0.0109572787299194));
#3734=CARTESIAN_POINT('',(-0.00140172979082428,0.0369770640354701,-0.0109989663387154));
#3735=CARTESIAN_POINT('',(-0.0008,0.0370015747466536,-0.0109989818510341));
#3736=CARTESIAN_POINT('',(-0.0008,0.0370015747466536,-0.0109989818510341));
#3737=CARTESIAN_POINT('',(-0.00110086489541214,0.0369893193910619,-0.0109989740948748));
#3738=CARTESIAN_POINT('',(-0.00140139353223433,0.0369803395946363,-0.0109885483145961));
#3739=CARTESIAN_POINT('',(-0.00200405926368424,0.0369632868456328,-0.0109625852462274));
#3740=CARTESIAN_POINT('',(-0.00230619635831196,0.036955213893055,-0.0109470479581374));
#3741=CARTESIAN_POINT('',(-0.00321844179138155,0.0369238888893667,-0.0109163556427915));
#3742=CARTESIAN_POINT('',(-0.00381562730047151,0.0369122474286393,-0.0109120166400726));
#3743=CARTESIAN_POINT('',(-0.00441891353112564,0.0369121320343519,-0.01091213203436));
#3744=CARTESIAN_POINT('',(-0.0008,0.0369525533242869,-0.0109989508263966));
#3745=CARTESIAN_POINT('',(-0.00103492065185865,0.0369472897620788,-0.0109990003025875));
#3746=CARTESIAN_POINT('',(-0.00128790934312439,0.0369425563758943,-0.0109961306453763));
#3747=CARTESIAN_POINT('',(-0.00183885159844908,0.0369310931318317,-0.0109818571667443));
#3748=CARTESIAN_POINT('',(-0.00213674248934114,0.0369236389031171,-0.0109710024555784));
#3749=CARTESIAN_POINT('',(-0.00311189539053153,0.0368923070823237,-0.0109473097251868));
#3750=CARTESIAN_POINT('',(-0.00375107413239255,0.0368787981337535,-0.0109455034537517));
#3751=CARTESIAN_POINT('',(-0.00442256342708645,0.0368776461928455,-0.0109466178758651));
#3752=CARTESIAN_POINT('',(-0.0008,0.0368999852236899,-0.0109992344014789));
#3753=CARTESIAN_POINT('',(-0.00102120641695346,0.0369001825990681,-0.0109992177796489));
#3754=CARTESIAN_POINT('',(-0.00126761648879406,0.036898554147233,-0.010998918734112));
#3755=CARTESIAN_POINT('',(-0.00181384614244761,0.0368911075581554,-0.0109911050640793));
#3756=CARTESIAN_POINT('',(-0.00211360305109367,0.0368845650500764,-0.0109841395498384));
#3757=CARTESIAN_POINT('',(-0.00309828107064327,0.0368564567597581,-0.0109681600368884));
#3758=CARTESIAN_POINT('',(-0.00375373522284133,0.0368410688055117,-0.0109674992937335));
#3759=CARTESIAN_POINT('',(-0.0044261301505345,0.0368378696816454,-0.0109685848672751));
#3760=CARTESIAN_POINT('',(-0.0008,0.0367912556652941,-0.0110051105819278));
#3761=CARTESIAN_POINT('',(-0.00104093933882443,0.0367911919502194,-0.0110051199802201));
#3762=CARTESIAN_POINT('',(-0.00130509986366503,0.0367904750967418,-0.0110059466677947));
#3763=CARTESIAN_POINT('',(-0.00187319473855248,0.0367875195740223,-0.0110042853476008));
#3764=CARTESIAN_POINT('',(-0.00217709775201588,0.0367849187193621,-0.0110020718949597));
#3765=CARTESIAN_POINT('',(-0.00313885957415427,0.0367738155275472,-0.0109958938309246));
#3766=CARTESIAN_POINT('',(-0.00379167866073626,0.0367670022675531,-0.0109947475668577));
#3767=CARTESIAN_POINT('',(-0.0044314386494502,0.0367623030826105,-0.0109952759293426));
#3768=CARTESIAN_POINT('',(-0.0008,0.0367513687806242,-0.011));
#3769=CARTESIAN_POINT('',(-0.0010743864956006,0.0367513687806242,-0.011));
#3770=CARTESIAN_POINT('',(-0.00136287609286633,0.0367503343018912,-0.011));
#3771=CARTESIAN_POINT('',(-0.00195754879065882,0.036746971361751,-0.011));
#3772=CARTESIAN_POINT('',(-0.00226373189118558,0.0367446429003438,-0.011));
#3773=CARTESIAN_POINT('',(-0.00319305239755354,0.0367368790042982,-0.011));
#3774=CARTESIAN_POINT('',(-0.00382696100818241,0.0367306650578361,-0.011));
#3775=CARTESIAN_POINT('',(-0.00443318042491785,0.0367265129947758,-0.011));
#3776=CARTESIAN_POINT('',(-0.0008,0.0367,-0.011));
#3777=CARTESIAN_POINT('',(-0.00110276503540983,0.0367,-0.011));
#3778=CARTESIAN_POINT('',(-0.00140553007081965,0.0367,-0.011));
#3779=CARTESIAN_POINT('',(-0.00201106014163929,0.0367,-0.011));
#3780=CARTESIAN_POINT('',(-0.00231382517704911,0.0367,-0.011));
#3781=CARTESIAN_POINT('',(-0.00322212028327857,0.0367,-0.011));
#3782=CARTESIAN_POINT('',(-0.00382765035409821,0.0367,-0.011));
#3783=CARTESIAN_POINT('',(-0.00443318042491785,0.0367,-0.011));
#3784=CARTESIAN_POINT('',(-0.0008,0.0367,-0.011));
#3785=CARTESIAN_POINT('',(-0.0008,0.0367513687806242,-0.011));
#3786=CARTESIAN_POINT('',(-0.0008,0.0367912556652941,-0.0110051105819278));
#3787=CARTESIAN_POINT('',(-0.0008,0.0368999852236899,-0.0109992344014789));
#3788=CARTESIAN_POINT('',(-0.0008,0.0369525533242869,-0.0109989508263966));
#3789=CARTESIAN_POINT('',(-0.0008,0.0370015747466536,-0.0109989818510341));
#3790=CARTESIAN_POINT('',(-0.0008,0.0367,-0.011));
#3791=CARTESIAN_POINT('',(-0.0008,0.0367,-0.011));
#3792=CARTESIAN_POINT('',(-0.0008,0.0370015747466536,-0.0109989818510341));
#3793=CARTESIAN_POINT('',(-0.0008,0.0369525533242869,-0.0109989508263966));
#3794=CARTESIAN_POINT('',(-0.0008,0.0368999852236899,-0.0109992344014789));
#3795=CARTESIAN_POINT('',(-0.0008,0.0367912556652941,-0.0110051105819278));
#3796=CARTESIAN_POINT('',(-0.0008,0.0367513687806242,-0.011));
#3797=CARTESIAN_POINT('',(-0.0008,0.0367,-0.011));
#3798=CARTESIAN_POINT('',(-0.000499135104587876,0.0369893193910619,-0.0109989740948748));
#3799=CARTESIAN_POINT('',(-0.000565079348141361,0.0369472897620788,-0.0109990003025875));
#3800=CARTESIAN_POINT('',(-0.000578793583046553,0.0369001825990681,-0.0109992177796489));
#3801=CARTESIAN_POINT('',(-0.000559060661175583,0.0367911919502194,-0.0110051199802201));
#3802=CARTESIAN_POINT('',(-0.000525613504399418,0.0367513687806242,-0.011));
#3803=CARTESIAN_POINT('',(-0.000497234964590188,0.0367,-0.011));
#3804=CARTESIAN_POINT('',(-0.000198606467765687,0.0369803395946363,-0.0109885483145961));
#3805=CARTESIAN_POINT('',(-0.000312090656875628,0.0369425563758943,-0.0109961306453763));
#3806=CARTESIAN_POINT('',(-0.000332383511205958,0.036898554147233,-0.010998918734112));
#3807=CARTESIAN_POINT('',(-0.000294900136334989,0.0367904750967418,-0.0110059466677947));
#3808=CARTESIAN_POINT('',(-0.000237123907133689,0.0367503343018912,-0.011));
#3809=CARTESIAN_POINT('',(-0.000194469929180367,0.0367,-0.011));
#3810=CARTESIAN_POINT('',(0.000404059263684222,0.0369632868456328,-0.0109625852462274));
#3811=CARTESIAN_POINT('',(0.000238851598449064,0.0369310931318317,-0.0109818571667443));
#3812=CARTESIAN_POINT('',(0.000213846142447592,0.0368911075581554,-0.0109911050640793));
#3813=CARTESIAN_POINT('',(0.000273194738552461,0.0367875195740223,-0.0110042853476008));
#3814=CARTESIAN_POINT('',(0.000357548790658802,0.036746971361751,-0.011));
#3815=CARTESIAN_POINT('',(0.000411060141639273,0.0367,-0.011));
#3816=CARTESIAN_POINT('',(0.000706196358311943,0.036955213893055,-0.0109470479581374));
#3817=CARTESIAN_POINT('',(0.000536742489341128,0.0369236389031171,-0.0109710024555784));
#3818=CARTESIAN_POINT('',(0.000513603051093651,0.0368845650500764,-0.0109841395498384));
#3819=CARTESIAN_POINT('',(0.000577097752015869,0.0367849187193621,-0.0110020718949597));
#3820=CARTESIAN_POINT('',(0.000663731891185564,0.0367446429003438,-0.011));
#3821=CARTESIAN_POINT('',(0.000713825177049094,0.0367,-0.011));
#3822=CARTESIAN_POINT('',(0.00161844179138153,0.0369238888893667,-0.0109163556427915));
#3823=CARTESIAN_POINT('',(0.00151189539053152,0.0368923070823238,-0.0109473097251868));
#3824=CARTESIAN_POINT('',(0.00149828107064326,0.0368564567597581,-0.0109681600368884));
#3825=CARTESIAN_POINT('',(0.00153885957415426,0.0367738155275472,-0.0109958938309246));
#3826=CARTESIAN_POINT('',(0.00159305239755352,0.0367368790042982,-0.011));
#3827=CARTESIAN_POINT('',(0.00162212028327855,0.0367,-0.011));
#3828=CARTESIAN_POINT('',(0.0022156273004715,0.0369122474286393,-0.0109120166400726));
#3829=CARTESIAN_POINT('',(0.00215107413239254,0.0368787981337535,-0.0109455034537517));
#3830=CARTESIAN_POINT('',(0.00215373522284131,0.0368410688055118,-0.0109674992937335));
#3831=CARTESIAN_POINT('',(0.00219167866073624,0.0367670022675531,-0.0109947475668577));
#3832=CARTESIAN_POINT('',(0.00222696100818239,0.0367306650578361,-0.011));
#3833=CARTESIAN_POINT('',(0.00222765035409819,0.0367,-0.011));
#3834=CARTESIAN_POINT('',(0.00281891353112563,0.0369121320343519,-0.01091213203436));
#3835=CARTESIAN_POINT('',(0.00282256342708644,0.0368776461928455,-0.0109466178758651));
#3836=CARTESIAN_POINT('',(0.00282613015053449,0.0368378696816454,-0.0109685848672751));
#3837=CARTESIAN_POINT('',(0.00283143864945019,0.0367623030826105,-0.0109952759293426));
#3838=CARTESIAN_POINT('',(0.00283318042491784,0.0367265129947758,-0.011));
#3839=CARTESIAN_POINT('',(0.00283318042491784,0.0367,-0.011));
#3840=CARTESIAN_POINT('',(0.00281891353112563,0.0369121320343519,-0.01091213203436));
#3841=CARTESIAN_POINT('',(0.0022156273004715,0.0369122474286393,-0.0109120166400726));
#3842=CARTESIAN_POINT('',(0.00161844179138153,0.0369238888893667,-0.0109163556427915));
#3843=CARTESIAN_POINT('',(0.000402114547288747,0.0369656555609511,-0.0109572787299194));
#3844=CARTESIAN_POINT('',(-0.000198270209175746,0.0369770640354701,-0.0109989663387154));
#3845=CARTESIAN_POINT('',(-0.0008,0.0370015747466536,-0.0109989818510341));
#3846=CARTESIAN_POINT('',(0.00283318042491784,0.0367,-0.011));
#3847=CARTESIAN_POINT('',(-0.0008,0.0370015747466536,-0.0109989818510341));
#3848=CARTESIAN_POINT('',(-0.000499135104587876,0.0369893193910619,-0.0109989740948748));
#3849=CARTESIAN_POINT('',(-0.000198606467765687,0.0369803395946363,-0.0109885483145961));
#3850=CARTESIAN_POINT('',(0.000404059263684222,0.0369632868456328,-0.0109625852462274));
#3851=CARTESIAN_POINT('',(0.000706196358311943,0.036955213893055,-0.0109470479581374));
#3852=CARTESIAN_POINT('',(0.00161844179138153,0.0369238888893667,-0.0109163556427915));
#3853=CARTESIAN_POINT('',(0.0022156273004715,0.0369122474286393,-0.0109120166400726));
#3854=CARTESIAN_POINT('',(0.00281891353112563,0.0369121320343519,-0.01091213203436));
#3855=CARTESIAN_POINT('',(-0.000499135104587876,0.0370138301022453,-0.0109989896071935));
#3856=CARTESIAN_POINT('',(-0.000265360473098033,0.0370035978199111,-0.0109920099962652));
#3857=CARTESIAN_POINT('',(-1.61683475827062E-5,0.0369957247492628,-0.010979828099149));
#3858=CARTESIAN_POINT('',(0.000512066188681138,0.0369802047572848,-0.0109510657162474));
#3859=CARTESIAN_POINT('',(0.000791065596293859,0.0369721455381087,-0.0109345519634604));
#3860=CARTESIAN_POINT('',(0.00167173278369269,0.0369406728092249,-0.0108999949485194));
#3861=CARTESIAN_POINT('',(0.00224790388451098,0.0369289720760822,-0.0108952732332331));
#3862=CARTESIAN_POINT('',(0.00281708858314522,0.0369293749551051,-0.0108948891136074));
#3863=CARTESIAN_POINT('',(-0.000199873055596327,0.0370314811283524,-0.0109885806810079));
#3864=CARTESIAN_POINT('',(-1.77388334204198E-5,0.037020832222349,-0.0109789110245452));
#3865=CARTESIAN_POINT('',(0.00019188815183319,0.0370119699316494,-0.0109662990458546));
#3866=CARTESIAN_POINT('',(0.000659263616418473,0.0369948127277857,-0.0109364851813444));
#3867=CARTESIAN_POINT('',(0.000916947591046453,0.0369858993678522,-0.0109193833950225));
#3868=CARTESIAN_POINT('',(0.00175244159433779,0.0369541577483673,-0.0108819950076506));
#3869=CARTESIAN_POINT('',(0.00229922166323341,0.0369442498825054,-0.0108752035363137));
#3870=CARTESIAN_POINT('',(0.00281525774266884,0.036944797403773,-0.0108745155302999));
#3871=CARTESIAN_POINT('',(0.000395432465666313,0.0370698181020161,-0.0109445455271303));
#3872=CARTESIAN_POINT('',(0.000502426569730218,0.0370568669654062,-0.0109338434239144));
#3873=CARTESIAN_POINT('',(0.000651117343023273,0.037044503453791,-0.010922294501831));
#3874=CARTESIAN_POINT('',(0.00101477900895355,0.0370213275338135,-0.0108944305331883));
#3875=CARTESIAN_POINT('',(0.00122966927071116,0.0370097420669893,-0.0108782406110011));
#3876=CARTESIAN_POINT('',(0.00194878526433694,0.0369761963183171,-0.0108414875854861));
#3877=CARTESIAN_POINT('',(0.00241789963951236,0.0369697923201959,-0.0108325412466523));
#3878=CARTESIAN_POINT('',(0.00281259813216496,0.0369703134503388,-0.0108315756477236));
#3879=CARTESIAN_POINT('',(0.000691475937937403,0.0370905040495727,-0.0109109192994384));
#3880=CARTESIAN_POINT('',(0.000774986721964259,0.0370756846485257,-0.0109018903461265));
#3881=CARTESIAN_POINT('',(0.000902314617938984,0.0370608178072965,-0.0108918423377861));
#3882=CARTESIAN_POINT('',(0.00122312770267821,0.0370332668865286,-0.0108669855782906));
#3883=CARTESIAN_POINT('',(0.00141653763595506,0.0370198612857588,-0.0108522936098827));
#3884=CARTESIAN_POINT('',(0.00206443651245201,0.0369847672916248,-0.0108189956553131));
#3885=CARTESIAN_POINT('',(0.00248525983706888,0.0369800569514632,-0.0108099486539103));
#3886=CARTESIAN_POINT('',(0.00281176936213745,0.0369804070482369,-0.010809009348455));
#3887=CARTESIAN_POINT('',(0.00157475916385104,0.0371454796450441,-0.0107716387588781));
#3888=CARTESIAN_POINT('',(0.00162579792970998,0.0371279557312899,-0.0107660335621361));
#3889=CARTESIAN_POINT('',(0.00170825798839325,0.037107292466081,-0.0107613832493118));
#3890=CARTESIAN_POINT('',(0.00191378651972589,0.0370678891250088,-0.0107517907463439));
#3891=CARTESIAN_POINT('',(0.00203681198923946,0.0370487367512993,-0.0107469152891989));
#3892=CARTESIAN_POINT('',(0.00243382035214291,0.0370055713683191,-0.0107411217849177));
#3893=CARTESIAN_POINT('',(0.00267834410219182,0.0370001518428568,-0.0107445810584553));
#3894=CARTESIAN_POINT('',(0.00281230694088948,0.037000162705878,-0.0107441242904309));
#3895=CARTESIAN_POINT('',(0.00216827731111697,0.0371372644004739,-0.0106487635292053));
#3896=CARTESIAN_POINT('',(0.00219914749600887,0.0371172358050662,-0.0106508883138546));
#3897=CARTESIAN_POINT('',(0.00225204183872741,0.0370949684079668,-0.0106535974096959));
#3898=CARTESIAN_POINT('',(0.00237785348892245,0.0370544251924605,-0.0106616654605763));
#3899=CARTESIAN_POINT('',(0.00245077079639895,0.0370361493740535,-0.0106670244156153));
#3900=CARTESIAN_POINT('',(0.0026635191396224,0.0370000130599852,-0.0106892979247494));
#3901=CARTESIAN_POINT('',(0.00279495521448711,0.037,-0.010705556372584));
#3902=CARTESIAN_POINT('',(0.00281658055077903,0.037,-0.0107056364801659));
#3903=CARTESIAN_POINT('',(0.00275171804126785,0.037087863546749,-0.0105036285622254));
#3904=CARTESIAN_POINT('',(0.00275554518995154,0.0370706209118126,-0.0105205369236535));
#3905=CARTESIAN_POINT('',(0.00276035663257674,0.0370551990207969,-0.0105404163641483));
#3906=CARTESIAN_POINT('',(0.00277160786646778,0.037029684202796,-0.0105819387983711));
#3907=CARTESIAN_POINT('',(0.00277804765773362,0.0370195912758109,-0.0106035817920991));
#3908=CARTESIAN_POINT('',(0.00279929919562858,0.0369998371551855,-0.0106648881957823));
#3909=CARTESIAN_POINT('',(0.0028156503319662,0.037,-0.0106999999999998));
#3910=CARTESIAN_POINT('',(0.00283318042491783,0.037,-0.0106999999999998));
#3911=CARTESIAN_POINT('',(0.00275171804126785,0.037087863546749,-0.0105036285622254));
#3912=CARTESIAN_POINT('',(0.00216827731111697,0.0371372644004739,-0.0106487635292053));
#3913=CARTESIAN_POINT('',(0.00157475916385104,0.0371454796450441,-0.0107716387588781));
#3914=CARTESIAN_POINT('',(0.000397048195966191,0.0370721788510822,-0.0109573461462918));
#3915=CARTESIAN_POINT('',(-0.000198270209175745,0.0370260854578368,-0.0109989973633526));
#3916=CARTESIAN_POINT('',(-0.0008,0.0370015747466536,-0.0109989818510341));
#3917=CARTESIAN_POINT('',(-0.0008,0.0370015747466536,-0.0109989818510341));
#3918=CARTESIAN_POINT('',(-0.000499135104587876,0.0370138301022453,-0.0109989896071935));
#3919=CARTESIAN_POINT('',(-0.000199873055596327,0.0370314811283524,-0.0109885806810079));
#3920=CARTESIAN_POINT('',(0.000395432465666313,0.0370698181020161,-0.0109445455271303));
#3921=CARTESIAN_POINT('',(0.000691475937937403,0.0370905040495727,-0.0109109192994384));
#3922=CARTESIAN_POINT('',(0.00128033142187983,0.0371271544465536,-0.0108180656057315));
#3923=CARTESIAN_POINT('',(0.00157592482968192,0.0371342632346563,-0.0107641333748866));
#3924=CARTESIAN_POINT('',(0.00216575795683821,0.0371269679981852,-0.0106431985948785));
#3925=CARTESIAN_POINT('',(0.00245999767619241,0.0371125639736114,-0.0105761960457153));
#3926=CARTESIAN_POINT('',(0.00275171804126785,0.037087863546749,-0.0105036285622254));
#3927=CARTESIAN_POINT('',(-0.0008,0.0370505961690204,-0.0109990128756717));
#3928=CARTESIAN_POINT('',(-0.000567371388878968,0.0370557594940419,-0.0109990689508224));
#3929=CARTESIAN_POINT('',(-0.00031528810194598,0.037068116145992,-0.0109934387112601));
#3930=CARTESIAN_POINT('',(0.000230615857886787,0.0371002987189352,-0.0109583685163662));
#3931=CARTESIAN_POINT('',(0.000524470502270674,0.0371201598775579,-0.0109289729504846));
#3932=CARTESIAN_POINT('',(0.00115662010380025,0.0371604189101493,-0.0108315518321338));
#3933=CARTESIAN_POINT('',(0.00147311801337467,0.0371696769595082,-0.0107726147242831));
#3934=CARTESIAN_POINT('',(0.00210745813278295,0.0371643851064113,-0.0106354202580352));
#3935=CARTESIAN_POINT('',(0.00242530034261681,0.0371498352039555,-0.010557162899638));
#3936=CARTESIAN_POINT('',(0.00274406374390047,0.0371223488166219,-0.0104698118393693));
#3937=CARTESIAN_POINT('',(-0.000800000000000009,0.0371027020101569,-0.0109993626967123));
#3938=CARTESIAN_POINT('',(-0.000582169948287626,0.0371025189292638,-0.0109993756799071));
#3939=CARTESIAN_POINT('',(-0.000337047976015882,0.0371105271816656,-0.0109949005836292));
#3940=CARTESIAN_POINT('',(0.000204596783126266,0.03713562519344,-0.0109616226863019));
#3941=CARTESIAN_POINT('',(0.000501129279434817,0.0371527501904423,-0.0109328616689221));
#3942=CARTESIAN_POINT('',(0.00114178349320666,0.0371887653629157,-0.0108350883245532));
#3943=CARTESIAN_POINT('',(0.0014633888130094,0.0371987296291075,-0.0107738448831428));
#3944=CARTESIAN_POINT('',(0.00210437710601874,0.0371979536217352,-0.0106273899995192));
#3945=CARTESIAN_POINT('',(0.00242373752765363,0.0371872133481711,-0.0105421898542585));
#3946=CARTESIAN_POINT('',(0.0027400608050507,0.0371638118548961,-0.0104461693708674));
#3947=CARTESIAN_POINT('',(-0.000800000000000009,0.0372096402173087,-0.010994643854101));
#3948=CARTESIAN_POINT('',(-0.000563738124100265,0.0372097123871607,-0.0109946357650573));
#3949=CARTESIAN_POINT('',(-0.000302670026283242,0.037213230350841,-0.0109883606070633));
#3950=CARTESIAN_POINT('',(0.000258538007708836,0.037224119350244,-0.0109511321387721));
#3951=CARTESIAN_POINT('',(0.000558646862719813,0.0372315080047814,-0.0109201957523739));
#3952=CARTESIAN_POINT('',(0.00118631354400467,0.0372470922858427,-0.0108238885783464));
#3953=CARTESIAN_POINT('',(0.00150222995412534,0.037251931915392,-0.0107617465824206));
#3954=CARTESIAN_POINT('',(0.00212703256419927,0.0372529247134299,-0.0106101792735299));
#3955=CARTESIAN_POINT('',(0.002435874121268,0.0372490778819185,-0.0105207763655682));
#3956=CARTESIAN_POINT('',(0.00273650907494957,0.0372394971003277,-0.0104196424305059));
#3957=CARTESIAN_POINT('',(-0.000800000000000009,0.0372490032770407,-0.011));
#3958=CARTESIAN_POINT('',(-0.000530507740504245,0.0372490032770407,-0.011));
#3959=CARTESIAN_POINT('',(-0.000246547243711494,0.0372509023187368,-0.0109900604447134));
#3960=CARTESIAN_POINT('',(0.000338438288486151,0.0372564149977828,-0.0109449766426056));
#3961=CARTESIAN_POINT('',(0.000639415714170698,0.0372600286351327,-0.0109098270656933));
#3962=CARTESIAN_POINT('',(0.00124553067123269,0.0372668870177476,-0.0108125341038698));
#3963=CARTESIAN_POINT('',(0.00155062111805359,0.0372701317630126,-0.0107503989758268));
#3964=CARTESIAN_POINT('',(0.0021525460651152,0.0372741688737191,-0.0106008766410886));
#3965=CARTESIAN_POINT('',(0.00244933638273031,0.0372749612391607,-0.0105135116504947));
#3966=CARTESIAN_POINT('',(0.00273672430744214,0.0372734856708212,-0.0104159292035395));
#3967=CARTESIAN_POINT('',(-0.000800000000000009,0.0373,-0.011));
#3968=CARTESIAN_POINT('',(-0.000502686138785983,0.0373,-0.011));
#3969=CARTESIAN_POINT('',(-0.000205371364493671,0.0373,-0.0109879533308416));
#3970=CARTESIAN_POINT('',(0.000388325595860753,0.0373,-0.0109396793322812));
#3971=CARTESIAN_POINT('',(0.000684709610666006,0.0373,-0.0109034517658188));
#3972=CARTESIAN_POINT('',(0.00127555948128859,0.0373,-0.010806557077866));
#3973=CARTESIAN_POINT('',(0.00157002717221924,0.0373,-0.0107458894711014));
#3974=CARTESIAN_POINT('',(0.00215594906963431,0.0373,-0.0105996950154197));
#3975=CARTESIAN_POINT('',(0.00244740511715444,0.0373,-0.0105141674108953));
#3976=CARTESIAN_POINT('',(0.00273672430744214,0.0373,-0.0104159292035395));
#3977=CARTESIAN_POINT('',(-0.000799999999999951,0.0373,-1.0502709812954E-15));
#3978=CARTESIAN_POINT('',(-0.01,0.0617,-0.00722841614740047));
#3979=CARTESIAN_POINT('',(-0.0102358974358974,0.0617,-0.00741376015117997));
#3980=CARTESIAN_POINT('',(-0.0101448734354253,0.0618454767577948,-0.00752961136772141));
#3981=CARTESIAN_POINT('',(-0.0100378435265561,0.062,-0.0076619731787907));
#3982=CARTESIAN_POINT('',(-0.00990178772991645,0.062,-0.00782032353036256));
#3983=CARTESIAN_POINT('',(-0.0102358974358974,0.0617,-0.00741376015117998));
#3984=CARTESIAN_POINT('',(-0.00990178772991645,0.062,-0.00782032353036256));
#3985=CARTESIAN_POINT('',(-0.01,0.0617,-0.00722841614740047));
#3986=CARTESIAN_POINT('',(-0.0103,0.0617,-0.00722841614740047));
#3987=CARTESIAN_POINT('',(-0.0106,0.0617,-0.00722841614740047));
#3988=CARTESIAN_POINT('',(-0.0106,0.062,-0.00722841614740047));
#3989=CARTESIAN_POINT('',(-0.01,0.062,-0.00722841614740047));
#3990=CARTESIAN_POINT('',(-0.0106,0.0617,0.0085));
#3991=CARTESIAN_POINT('',(-0.0106,0.0617,0.00722841614740049));
#3992=CARTESIAN_POINT('',(-0.0103,0.0617,0.00722841614740049));
#3993=CARTESIAN_POINT('',(-0.0106,0.062,0.00722841614740049));
#3994=CARTESIAN_POINT('',(-0.0106,0.062,0.00733143914930759));
#3995=CARTESIAN_POINT('',(-0.0103,0.0617,-0.00733143914930757));
#3996=CARTESIAN_POINT('',(-0.01,0.046,-0.00722841614740047));
#3997=CARTESIAN_POINT('',(-0.01,0.0464,-0.00722841614740047));
#3998=CARTESIAN_POINT('',(-0.0103,0.047,-0.00722841614740046));
#3999=CARTESIAN_POINT('',(-0.0102837242038805,0.0469674484077679,-0.00732588704659596));
#4000=CARTESIAN_POINT('',(-0.0103,0.046,-0.00722841614740047));
#4001=CARTESIAN_POINT('',(-0.0102358974358974,0.046,-0.00741376015117997));
#4002=CARTESIAN_POINT('',(-0.0102358974358974,0.047,-0.00741376015117998));
#4003=CARTESIAN_POINT('',(-0.0102837242037878,0.0469674484075896,-0.00732588704657033));
#4004=CARTESIAN_POINT('',(-0.0102738960718584,0.0469868704242736,-0.00735449536895307));
#4005=CARTESIAN_POINT('',(-0.0102582025071634,0.047,-0.00738537126882142));
#4006=CARTESIAN_POINT('',(-0.0102358974358974,0.047,-0.00741376015117999));
#4007=CARTESIAN_POINT('',(-0.01,0.0617,0.00722841614740049));
#4008=CARTESIAN_POINT('',(-0.00990178772991645,0.062,0.00782032353036258));
#4009=CARTESIAN_POINT('',(-0.0100385516819841,0.062,0.00766114898266116));
#4010=CARTESIAN_POINT('',(-0.0101450104830584,0.0618452577252836,0.00752943693971409));
#4011=CARTESIAN_POINT('',(-0.0102358974358974,0.0617,0.00741376015117999));
#4012=CARTESIAN_POINT('',(-0.00990178772991645,0.062,0.00782032353036258));
#4013=CARTESIAN_POINT('',(-0.0102358974358974,0.0617,0.00741376015118));
#4014=CARTESIAN_POINT('',(-0.01,0.062,0.00722841614740049));
#4015=CARTESIAN_POINT('',(-0.01,0.0617,0.00722841614740049));
#4016=CARTESIAN_POINT('',(-0.01,0.046,0.00722841614740049));
#4017=CARTESIAN_POINT('',(-0.0102358974358974,0.047,0.00741376015118001));
#4018=CARTESIAN_POINT('',(-0.010258212734889,0.047,0.0073853582514365));
#4019=CARTESIAN_POINT('',(-0.0102738910419387,0.0469868803642276,0.00735451001034804));
#4020=CARTESIAN_POINT('',(-0.0102837242037873,0.0469674484075905,0.00732588704657169));
#4021=CARTESIAN_POINT('',(-0.0102358974358974,0.047,0.00741376015118));
#4022=CARTESIAN_POINT('',(-0.0102837242039373,0.0469674484078825,0.00732588704661617));
#4023=CARTESIAN_POINT('',(-0.0102358974358974,0.046,0.00741376015117999));
#4024=CARTESIAN_POINT('',(-0.0103,0.046,0.00722841614740049));
#4025=CARTESIAN_POINT('',(-0.0103,0.047,0.00722841614740049));
#4026=CARTESIAN_POINT('',(-0.01,0.0464,0.00722841614740049));
#4027=CARTESIAN_POINT('',(0.0074,0.075,0.00687386354243376));
#4028=CARTESIAN_POINT('',(0.0074,0.0747,0.00687386354243376));
#4029=CARTESIAN_POINT('',(0.0077,0.0747,0.00687386354243376));
#4030=CARTESIAN_POINT('',(0.00762990654205607,0.0747,0.00706658868848331));
#4031=CARTESIAN_POINT('',(0.00762990654205607,0.075,0.00706658868848331));
#4032=CARTESIAN_POINT('',(0.00762990654205607,0.0685,0.00706658868848331));
#4033=CARTESIAN_POINT('',(0.0074,0.0685,0.00687386354243376));
#4034=CARTESIAN_POINT('',(0.0077,0.0685,0.00687386354243376));
#4035=CARTESIAN_POINT('',(0.0077,0.075,0.00687386354243376));
#4036=CARTESIAN_POINT('',(0.0074,0.0747,0.00687386354243376));
#4037=CARTESIAN_POINT('',(0.0074,0.0747,0.00687386354243376));
#4038=CARTESIAN_POINT('',(0.0074,0.075,0.00687386354243376));
#4039=CARTESIAN_POINT('',(0.0074,0.0747,0.00687386354243376));
#4040=CARTESIAN_POINT('',(0.0074,0.0747,-0.00698212002188446));
#4041=CARTESIAN_POINT('',(0.0074,0.0747,-0.00687386354243375));
#4042=CARTESIAN_POINT('',(0.0077,0.0747,-0.00687386354243375));
#4043=CARTESIAN_POINT('',(0.0074,0.075,-0.00687386354243375));
#4044=CARTESIAN_POINT('',(0.0074,0.075,-0.0085));
#4045=CARTESIAN_POINT('',(0.0077,0.0747,-0.00698212002188446));
#4046=CARTESIAN_POINT('',(-0.0008,0.0747,1.06251812903579E-17));
#4047=CARTESIAN_POINT('',(-0.00767386354243378,0.075,0.0082));
#4048=CARTESIAN_POINT('',(-0.00767416064724956,0.075,0.00820081690318458));
#4049=CARTESIAN_POINT('',(-0.00767445773439229,0.0749999966633459,0.00820163381074033));
#4050=CARTESIAN_POINT('',(-0.00768267209941904,0.0749998121299462,0.00822422250888462));
#4051=CARTESIAN_POINT('',(-0.0076905580791186,0.0749972643689681,0.00824594622374132));
#4052=CARTESIAN_POINT('',(-0.00770594455817683,0.0749875009646285,0.00828840227809352));
#4053=CARTESIAN_POINT('',(-0.00771342010744243,0.07498032879608,0.00830906531055612));
#4054=CARTESIAN_POINT('',(-0.00773311888726607,0.0749543963825149,0.00836359597384762));
#4055=CARTESIAN_POINT('',(-0.00774450975164811,0.0749311545085917,0.00839522501070229));
#4056=CARTESIAN_POINT('',(-0.00776299147381886,0.0748747592110573,0.00844663399140596));
#4057=CARTESIAN_POINT('',(-0.00777012984742111,0.0748427638647563,0.00846653731764912));
#4058=CARTESIAN_POINT('',(-0.00777968290332378,0.0747733524771556,0.00849319025839982));
#4059=CARTESIAN_POINT('',(-0.00778212002188448,0.0747369109118235,0.0085));
#4060=CARTESIAN_POINT('',(-0.00778212002188448,0.0747,0.0085));
#4061=CARTESIAN_POINT('',(-0.00767386354243378,0.075,0.0082));
#4062=CARTESIAN_POINT('',(-0.00778212002188449,0.0747,0.0085));
#4063=CARTESIAN_POINT('',(-0.0008,0.0747,1.06251812903579E-17));
#4064=CARTESIAN_POINT('',(-0.0008,0.075,1.06251812903579E-17));
#4065=CARTESIAN_POINT('',(0.0074,0.0747,-0.00687386354243375));
#4066=CARTESIAN_POINT('',(0.0074,0.0747,-0.00687386354243375));
#4067=CARTESIAN_POINT('',(0.00762990654205607,0.0747,-0.00706658868848329));
#4068=CARTESIAN_POINT('',(0.0074,0.0747,-0.00687386354243375));
#4069=CARTESIAN_POINT('',(-0.017,0.0747,0.0082));
#4070=CARTESIAN_POINT('',(-0.0167,0.0747,0.0082));
#4071=CARTESIAN_POINT('',(-0.0167,0.075,0.0082));
#4072=CARTESIAN_POINT('',(-0.0167,0.0747,0.0085));
#4073=CARTESIAN_POINT('',(-0.017,0.0747,0.0085));
#4074=CARTESIAN_POINT('',(-0.017,0.075,0.0082));
#4075=CARTESIAN_POINT('',(0.0074,0.075,-0.00687386354243375));
#4076=CARTESIAN_POINT('',(0.0074,0.0685,-0.00687386354243375));
#4077=CARTESIAN_POINT('',(0.00762990654205607,0.0685,-0.00706658868848329));
#4078=CARTESIAN_POINT('',(0.0077,0.0685,-0.00687386354243375));
#4079=CARTESIAN_POINT('',(0.00762990654205607,0.075,-0.00706658868848329));
#4080=CARTESIAN_POINT('',(0.0077,0.075,-0.00687386354243375));
#4081=CARTESIAN_POINT('',(-0.0008,0.0747,1.06251812903579E-17));
#4082=CARTESIAN_POINT('',(-0.00751233104436764,0.0747,-0.00833274336283186));
#4083=CARTESIAN_POINT('',(-0.00770052724187327,0.0747,-0.00856637168141593));
#4084=CARTESIAN_POINT('',(-0.00751233104436764,0.075,-0.00833274336283186));
#4085=CARTESIAN_POINT('',(-0.0008,0.075,1.06251812903579E-17));
#4086=CARTESIAN_POINT('',(-0.0008,0.0747,1.06251812903579E-17));
#4087=CARTESIAN_POINT('',(-0.0167,0.0747,0.0082));
#4088=CARTESIAN_POINT('',(-0.0167,0.0747,0.0082));
#4089=CARTESIAN_POINT('',(-0.017,0.0747,0.0082));
#4090=CARTESIAN_POINT('',(-0.0167,0.0747,0.0082));
#4091=CARTESIAN_POINT('',(-0.00788872343937891,0.0747,-0.0088));
#4092=CARTESIAN_POINT('',(-0.00788872343937891,0.0747,-0.0082));
#4093=CARTESIAN_POINT('',(-0.00788872343937891,0.0747,-0.0085));
#4094=CARTESIAN_POINT('',(-0.00788872343937891,0.075,-0.0082));
#4095=CARTESIAN_POINT('',(-0.00788872343937891,0.075,-0.0088));
#4096=CARTESIAN_POINT('',(-0.00788872343937891,0.0747,-0.0088));
#4097=CARTESIAN_POINT('',(-0.0167,0.0747,0.));
#4098=CARTESIAN_POINT('',(-0.0167,0.0747,-0.0082));
#4099=CARTESIAN_POINT('',(-0.0167,0.075,-0.0082));
#4100=CARTESIAN_POINT('',(-0.017,0.0747,-0.0082));
#4101=CARTESIAN_POINT('',(-0.017,0.0747,-0.0085));
#4102=CARTESIAN_POINT('',(-0.0167,0.075,0.0085));
#4103=CARTESIAN_POINT('',(-0.0167,2.18842038507844E-18,0.0082));
#4104=CARTESIAN_POINT('',(-0.0167,0.0623,0.0082));
#4105=CARTESIAN_POINT('',(-0.017,0.0623,0.0082));
#4106=CARTESIAN_POINT('',(-0.0167,0.0623,0.0085));
#4107=CARTESIAN_POINT('',(-0.0167,0.062,0.0085));
#4108=CARTESIAN_POINT('',(-0.017,0.075,0.0082));
#4109=CARTESIAN_POINT('',(-0.00788872343937891,0.075,-0.0088));
#4110=CARTESIAN_POINT('',(-0.00788872343937891,0.0685,-0.0088));
#4111=CARTESIAN_POINT('',(-0.00788872343937891,0.0685,-0.0085));
#4112=CARTESIAN_POINT('',(-0.00770052724187327,0.0685,-0.00856637168141593));
#4113=CARTESIAN_POINT('',(-0.00788872343937891,0.0685,-0.0085));
#4114=CARTESIAN_POINT('',(-0.00770052724187327,0.075,-0.00856637168141593));
#4115=CARTESIAN_POINT('',(-0.017,0.0747,-0.0082));
#4116=CARTESIAN_POINT('',(-0.0167,0.0747,-0.0082));
#4117=CARTESIAN_POINT('',(-0.0167,0.0747,-0.0085));
#4118=CARTESIAN_POINT('',(-0.017,0.075,-0.0082));
#4119=CARTESIAN_POINT('',(-0.017,0.0747,-0.0085));
#4120=CARTESIAN_POINT('',(-0.0167,0.0747,-0.0082));
#4121=CARTESIAN_POINT('',(-0.0167,0.0747,-0.0082));
#4122=CARTESIAN_POINT('',(-0.0167,0.0623,0.0082));
#4123=CARTESIAN_POINT('',(-0.0167,0.0623,0.0082));
#4124=CARTESIAN_POINT('',(-0.0167,0.062,0.0082));
#4125=CARTESIAN_POINT('',(-0.0167,0.0623,0.0082));
#4126=CARTESIAN_POINT('',(-0.0167,2.18842038507844E-18,-0.0082));
#4127=CARTESIAN_POINT('',(-0.0167,0.0623,-0.0082));
#4128=CARTESIAN_POINT('',(-0.0167,0.0623,-0.0085));
#4129=CARTESIAN_POINT('',(-0.017,0.0623,-0.0082));
#4130=CARTESIAN_POINT('',(-0.017,0.062,-0.0082));
#4131=CARTESIAN_POINT('',(-0.0167,0.075,-0.0085));
#4132=CARTESIAN_POINT('',(-0.0167,0.0623,0.));
#4133=CARTESIAN_POINT('',(-0.0167,0.0623,-0.0082));
#4134=CARTESIAN_POINT('',(-0.0167,0.062,-0.0082));
#4135=CARTESIAN_POINT('',(-0.0167,0.062,-0.0085));
#4136=CARTESIAN_POINT('',(-0.017,0.0623,0.0085));
#4137=CARTESIAN_POINT('',(-0.017,0.0623,0.0082));
#4138=CARTESIAN_POINT('',(-0.00927053717304873,0.0623,0.0085));
#4139=CARTESIAN_POINT('',(-0.00927053717304873,0.062204233966098,0.0085));
#4140=CARTESIAN_POINT('',(-0.00936560549148458,0.0620420539514573,0.00840549396736198));
#4141=CARTESIAN_POINT('',(-0.00949639994177909,0.062,0.0082693193459069));
#4142=CARTESIAN_POINT('',(-0.00956127844552382,0.062,0.0082));
#4143=CARTESIAN_POINT('',(-0.00927053717304872,0.0623,0.0085));
#4144=CARTESIAN_POINT('',(-0.00956127844552382,0.062,0.0082));
#4145=CARTESIAN_POINT('',(-0.017,0.0623,0.0085));
#4146=CARTESIAN_POINT('',(-0.017,0.062,0.0082));
#4147=CARTESIAN_POINT('',(-0.0167,0.0623,-0.0082));
#4148=CARTESIAN_POINT('',(-0.0167,0.0623,-0.0082));
#4149=CARTESIAN_POINT('',(-0.017,0.0623,-0.0082));
#4150=CARTESIAN_POINT('',(-0.017,0.0623,-0.0085));
#4151=CARTESIAN_POINT('',(-0.0092705371730487,0.0623,-0.0085));
#4152=CARTESIAN_POINT('',(-0.0095612784455238,0.062,-0.0082));
#4153=CARTESIAN_POINT('',(-0.00949637514611235,0.062,-0.00826934583880206));
#4154=CARTESIAN_POINT('',(-0.0093661764715294,0.0620415763167149,-0.00840491017899611));
#4155=CARTESIAN_POINT('',(-0.00927053717304871,0.0622042137939938,-0.0085));
#4156=CARTESIAN_POINT('',(-0.00927053717304871,0.0623,-0.0085));
#4157=CARTESIAN_POINT('',(-0.0095612784455238,0.062,-0.0082));
#4158=CARTESIAN_POINT('',(-0.017,0.062,-0.0082));
#4159=CARTESIAN_POINT('',(-0.0008,0.0682,1.06251812903579E-17));
#4160=CARTESIAN_POINT('',(-0.00927053717304872,0.0682,0.0085));
#4161=CARTESIAN_POINT('',(-0.00927053717304872,0.0682978217291166,0.0085));
#4162=CARTESIAN_POINT('',(-0.00913025341597908,0.0684619592504468,0.0085));
#4163=CARTESIAN_POINT('',(-0.00893680802513971,0.0685,0.0085));
#4164=CARTESIAN_POINT('',(-0.00883990049689673,0.0685,0.0085));
#4165=CARTESIAN_POINT('',(-0.00927053717304872,0.0682,0.0085));
#4166=CARTESIAN_POINT('',(-0.00883990049689673,0.0685,0.0085));
#4167=CARTESIAN_POINT('',(-0.0008,0.0682,1.06251812903579E-17));
#4168=CARTESIAN_POINT('',(0.00863589743589743,0.0682,0.00741376015117999));
#4169=CARTESIAN_POINT('',(0.0084,0.0682,0.00722841614740048));
#4170=CARTESIAN_POINT('',(0.0084,0.0685,0.00722841614740048));
#4171=CARTESIAN_POINT('',(-0.0008,0.0685,1.06251812903579E-17));
#4172=CARTESIAN_POINT('',(0.0084,0.0682,0.00722841614740048));
#4173=CARTESIAN_POINT('',(0.0084,0.0682,0.00722841614740049));
#4174=CARTESIAN_POINT('',(0.0087,0.0682,0.00722841614740048));
#4175=CARTESIAN_POINT('',(0.0084,0.0682,0.00722841614740048));
#4176=CARTESIAN_POINT('',(0.0084,0.046,0.00722841614740048));
#4177=CARTESIAN_POINT('',(0.0084,0.0464,0.00722841614740048));
#4178=CARTESIAN_POINT('',(0.0087,0.047,0.00722841614740048));
#4179=CARTESIAN_POINT('',(0.00868372420380677,0.0469674484076136,0.00732588704656504));
#4180=CARTESIAN_POINT('',(0.0087,0.046,0.00722841614740048));
#4181=CARTESIAN_POINT('',(0.00863589743589743,0.046,0.00741376015117999));
#4182=CARTESIAN_POINT('',(0.00863589743589743,0.047,0.00741376015117999));
#4183=CARTESIAN_POINT('',(0.00868372420379132,0.0469674484075826,0.00732588704656006));
#4184=CARTESIAN_POINT('',(0.00867389607185715,0.0469868704242801,0.0073544953689601));
#4185=CARTESIAN_POINT('',(0.00865820250717736,0.047,0.00738537126880369));
#4186=CARTESIAN_POINT('',(0.00863589743589742,0.047,0.00741376015117999));
#4187=CARTESIAN_POINT('',(0.0084,0.0682,1.06251812903579E-17));
#4188=CARTESIAN_POINT('',(0.0084,0.0682,-0.00722841614740046));
#4189=CARTESIAN_POINT('',(0.0087,0.0682,-0.00722841614740046));
#4190=CARTESIAN_POINT('',(0.0084,0.0685,-0.00722841614740046));
#4191=CARTESIAN_POINT('',(0.0084,0.0685,1.06251812903579E-17));
#4192=CARTESIAN_POINT('',(0.0087,0.0682,0.0073314391493076));
#4193=CARTESIAN_POINT('',(0.0084,0.0682,-0.00722841614740046));
#4194=CARTESIAN_POINT('',(0.0084,0.0682,-0.00722841614740046));
#4195=CARTESIAN_POINT('',(0.00863589743589743,0.0682,-0.00741376015117996));
#4196=CARTESIAN_POINT('',(0.0084,0.0682,-0.00722841614740046));
#4197=CARTESIAN_POINT('',(0.0084,0.046,-0.00722841614740046));
#4198=CARTESIAN_POINT('',(0.00863589743589743,0.047,-0.00741376015117996));
#4199=CARTESIAN_POINT('',(0.00865821273491555,0.047,-0.00738535825140272));
#4200=CARTESIAN_POINT('',(0.00867389104192761,0.04698688036425,-0.00735451001038061));
#4201=CARTESIAN_POINT('',(0.00868372420378778,0.0469674484075896,-0.00732588704657034));
#4202=CARTESIAN_POINT('',(0.00863589743589743,0.047,-0.00741376015117996));
#4203=CARTESIAN_POINT('',(0.00868372420379788,0.0469674484075958,-0.00732588704655656));
#4204=CARTESIAN_POINT('',(0.00863589743589743,0.046,-0.00741376015117996));
#4205=CARTESIAN_POINT('',(0.0087,0.046,-0.00722841614740046));
#4206=CARTESIAN_POINT('',(0.0087,0.047,-0.00722841614740046));
#4207=CARTESIAN_POINT('',(0.0084,0.0464,-0.00722841614740046));
#4208=CARTESIAN_POINT('',(-0.0008,0.0682,1.06251812903579E-17));
#4209=CARTESIAN_POINT('',(-0.00883990049689671,0.0685,-0.0085));
#4210=CARTESIAN_POINT('',(-0.0089368290407558,0.0685,-0.0085));
#4211=CARTESIAN_POINT('',(-0.00912943514125156,0.0684624097286673,-0.0085));
#4212=CARTESIAN_POINT('',(-0.0092705371730487,0.0682978614462678,-0.0085));
#4213=CARTESIAN_POINT('',(-0.0092705371730487,0.0682,-0.0085));
#4214=CARTESIAN_POINT('',(-0.00883990049689671,0.0685,-0.0085));
#4215=CARTESIAN_POINT('',(-0.0092705371730487,0.0682,-0.0085));
#4216=CARTESIAN_POINT('',(-0.0008,0.0685,1.06251812903579E-17));
#4217=CARTESIAN_POINT('',(-0.0008,0.0682,1.06251812903579E-17));
#4218=CARTESIAN_POINT('',(0.0087,0.047,0.0073314391493076));
#4219=CARTESIAN_POINT('',(0.0087,0.047,-0.00733143914930758));
#4220=CARTESIAN_POINT('',(0.029920091221341,0.0894401824162306,-0.303865402191569));
#4221=CARTESIAN_POINT('',(0.0082,0.046,0.00715891053163818));
#4222=CARTESIAN_POINT('',(0.0082,0.046,0.0073314391493076));
#4223=CARTESIAN_POINT('',(0.0082,0.046,-0.00715891053163815));
#4224=CARTESIAN_POINT('',(0.0299200912220495,0.0894401824161629,0.303865402192017));
#4225=CARTESIAN_POINT('',(-0.0008,0.047,1.06251812903579E-17));
#4226=CARTESIAN_POINT('',(-0.0008,0.047,1.06251812903579E-17));
#4227=CARTESIAN_POINT('',(-0.0008,0.046,1.06251812903579E-17));
#4228=CARTESIAN_POINT('',(-0.0098,0.046,-0.00715891053163816));
#4229=CARTESIAN_POINT('',(-0.0315200912228901,0.0894401824156562,0.303865402192331));
#4230=CARTESIAN_POINT('',(-0.0008,0.047,1.06251812903579E-17));
#4231=CARTESIAN_POINT('',(-0.0008,0.047,1.06251812903579E-17));
#4232=CARTESIAN_POINT('',(-0.0315200912224612,0.0894401824148373,-0.303865402184987));
#4233=CARTESIAN_POINT('',(-0.0098,0.046,0.00715891053163818));
#4234=CARTESIAN_POINT('',(-0.0008,0.046,1.06251812903579E-17));
#4235=CARTESIAN_POINT('',(-0.0103,0.047,-0.00733143914930757));
#4236=CARTESIAN_POINT('',(-0.0103,0.047,0.00733143914930759));
#4237=CARTESIAN_POINT('',(-0.0098,0.046,-0.00733143914930757));
#4238=CARTESIAN_POINT('',(-0.013,0.,0.));
#4239=CARTESIAN_POINT('',(-0.013,0.064,0.0075));
#4240=CARTESIAN_POINT('',(-0.013,0.064,-0.0075));
#4241=CARTESIAN_POINT('',(-0.013,0.064,0.0075));
#4242=CARTESIAN_POINT('',(-0.013,0.069,0.0075));
#4243=CARTESIAN_POINT('',(-0.013,0.069,0.0075));
#4244=CARTESIAN_POINT('',(-0.013,0.069,-0.0075));
#4245=CARTESIAN_POINT('',(-0.013,0.069,-0.0075));
#4246=CARTESIAN_POINT('',(-0.013,0.064,-0.0075));
#4247=CARTESIAN_POINT('',(-0.013,0.069,0.0075));
#4248=CARTESIAN_POINT('',(-0.017,0.069,0.0075));
#4249=CARTESIAN_POINT('',(-0.017,0.069,0.0075));
#4250=CARTESIAN_POINT('',(-0.017,0.064,0.0075));
#4251=CARTESIAN_POINT('',(-0.013,0.069,0.0075));
#4252=CARTESIAN_POINT('',(-0.013,0.064,0.0075));
#4253=CARTESIAN_POINT('',(-0.013,0.069,-0.0075));
#4254=CARTESIAN_POINT('',(-0.017,0.069,-0.0075));
#4255=CARTESIAN_POINT('',(-0.017,0.069,-0.0075));
#4256=CARTESIAN_POINT('',(-0.013,0.069,-0.0075));
#4257=CARTESIAN_POINT('',(-0.013,0.064,-0.0075));
#4258=CARTESIAN_POINT('',(-0.017,0.064,-0.0075));
#4259=CARTESIAN_POINT('',(-0.017,0.064,-0.0075));
#4260=CARTESIAN_POINT('',(-0.013,0.064,-0.0075));
#4261=CARTESIAN_POINT('',(-0.013,0.064,0.0075));
#4262=CARTESIAN_POINT('',(-0.017,0.064,0.0075));
#4263=CARTESIAN_POINT('',(-0.01963,0.03145,0.0088));
#4264=CARTESIAN_POINT('',(0.0093,0.03145,0.0088));
#4265=CARTESIAN_POINT('',(0.0093,0.02995,0.0088));
#4266=CARTESIAN_POINT('',(-0.0093,0.03145,0.0088));
#4267=CARTESIAN_POINT('',(-0.0093,0.02995,0.0088));
#4268=CARTESIAN_POINT('',(-0.01963,0.03145,-0.0088));
#4269=CARTESIAN_POINT('',(0.0093,0.03145,-0.0088));
#4270=CARTESIAN_POINT('',(0.0093,0.02995,-0.0088));
#4271=CARTESIAN_POINT('',(-0.0093,0.03145,-0.0088));
#4272=CARTESIAN_POINT('',(-0.0093,0.02995,-0.0088));
#4273=CARTESIAN_POINT('',(0.0093,0.005,0.006));
#4274=CARTESIAN_POINT('',(0.0093,0.005,0.011));
#4275=CARTESIAN_POINT('',(-0.0093,1.92592994438724E-34,0.006));
#4276=CARTESIAN_POINT('',(1.79068229778251E-19,0.005,-0.006));
#4277=CARTESIAN_POINT('',(0.0093,-6.66133814775094E-19,-0.006));
#4278=CARTESIAN_POINT('',(1.79068229778251E-19,0.005,-0.011));
#4279=CARTESIAN_POINT('',(0.,0.,-0.011));
#4280=CARTESIAN_POINT('',(0.,0.,0.011));
#4281=CARTESIAN_POINT('',(0.0093,-6.66133814775094E-19,0.011));
#4282=CARTESIAN_POINT('',(0.0093,0.037,0.011));
#4283=CARTESIAN_POINT('',(-0.0093,0.037,0.011));
#4284=CARTESIAN_POINT('',(-0.0093,0.037,0.011));
#4285=CARTESIAN_POINT('',(-0.0093,0.037,0.011));
#4286=CARTESIAN_POINT('',(-0.0008,0.075,1.06251812903579E-17));
#4287=CARTESIAN_POINT('',(-0.0008,0.046,1.06251812903579E-17));
#4288=CARTESIAN_POINT('',(-0.0008,0.075,1.06251812903579E-17));
#4289=CARTESIAN_POINT('',(-0.0093,0.,0.011));
#4290=CARTESIAN_POINT('',(0.0077,0.075,-0.00698212002188446));
#4291=CARTESIAN_POINT('',(0.0077,0.075,-0.00698212002188446));
#4292=CARTESIAN_POINT('',(0.0077,0.0685,1.06251812903579E-17));
#4293=CARTESIAN_POINT('',(-0.0008,0.075,1.06251812903579E-17));
#4294=CARTESIAN_POINT('',(-0.0008,0.0685,1.06251812903579E-17));
#4295=CARTESIAN_POINT('',(-0.0008,0.075,1.06251812903579E-17));
#4296=CARTESIAN_POINT('',(-0.0008,0.0685,1.06251812903579E-17));
#4297=CARTESIAN_POINT('',(-0.00778212002188449,0.0685,0.0085));
#4298=CARTESIAN_POINT('',(-0.00778212002188449,0.075,0.0085));
#4299=CARTESIAN_POINT('',(-0.017,0.075,0.0085));
#4300=CARTESIAN_POINT('',(-0.00927053717304872,0.046,0.0085));
#4301=CARTESIAN_POINT('',(-0.0008,0.0685,0.0085));
#4302=CARTESIAN_POINT('',(-0.017,0.075,-0.0085));
#4303=CARTESIAN_POINT('',(-0.017,0.062,-0.0085));
#4304=CARTESIAN_POINT('',(-0.0008,0.0685,-0.0085));
#4305=CARTESIAN_POINT('',(-0.0092705371730487,0.046,-0.0085));
#4306=CARTESIAN_POINT('',(-0.017,0.062,0.0085));
#4307=CARTESIAN_POINT('',(-0.0008,0.062,1.06251812903579E-17));
#4308=CARTESIAN_POINT('',(-0.0008,0.062,1.06251812903579E-17));
#4309=CARTESIAN_POINT('',(-0.0008,0.0685,1.06251812903579E-17));
#4310=CARTESIAN_POINT('',(-0.0008,0.046,1.06251812903579E-17));
#4311=CARTESIAN_POINT('',(-0.0103,0.046,-0.00733143914930757));
#4312=CARTESIAN_POINT('',(-0.0008,0.046,1.06251812903579E-17));
#4313=CARTESIAN_POINT('',(0.0087,0.046,0.0073314391493076));
#4314=CARTESIAN_POINT('',(-0.0008,0.046,1.06251812903579E-17));
#4315=CARTESIAN_POINT('',(-0.017,0.,0.));
#4316=MECHANICAL_DESIGN_GEOMETRIC_PRESENTATION_REPRESENTATION('',(#1961),
#4317);
#4317=(
GEOMETRIC_REPRESENTATION_CONTEXT(3)
GLOBAL_UNCERTAINTY_ASSIGNED_CONTEXT((#4318))
GLOBAL_UNIT_ASSIGNED_CONTEXT((#4321,#4320,#4319))
REPRESENTATION_CONTEXT('right_motor','TOP_LEVEL_ASSEMBLY_PART')
);
#4318=UNCERTAINTY_MEASURE_WITH_UNIT(LENGTH_MEASURE(5.E-6),#4321,
'DISTANCE_ACCURACY_VALUE','Maximum Tolerance applied to model');
#4319=(
NAMED_UNIT(*)
SI_UNIT($,.STERADIAN.)
SOLID_ANGLE_UNIT()
);
#4320=(
NAMED_UNIT(*)
PLANE_ANGLE_UNIT()
SI_UNIT($,.RADIAN.)
);
#4321=(
LENGTH_UNIT()
NAMED_UNIT(*)
SI_UNIT($,.METRE.)
);
#4322=PRODUCT_DEFINITION_SHAPE('','',#4323);
#4323=PRODUCT_DEFINITION('','',#4325,#4324);
#4324=PRODUCT_DEFINITION_CONTEXT('',#4331,'design');
#4325=PRODUCT_DEFINITION_FORMATION_WITH_SPECIFIED_SOURCE('','',#4327,
 .NOT_KNOWN.);
#4326=PRODUCT_RELATED_PRODUCT_CATEGORY('','',(#4327));
#4327=PRODUCT('right_motor','right_motor','right_motor',(#4329));
#4328=PRODUCT_CATEGORY('','');
#4329=PRODUCT_CONTEXT('',#4331,'mechanical');
#4330=APPLICATION_PROTOCOL_DEFINITION('international standard',
'automotive_design',2010,#4331);
#4331=APPLICATION_CONTEXT(
'core data for automotive mechanical design processes');
ENDSEC;
END-ISO-10303-21;
