ISO-10303-21;
HEADER;
/* Generated by software containing ST-Developer
 * from STEP Tools, Inc. (www.steptools.com) 
 */
/* OPTION: using custom renumber hook */

FILE_DESCRIPTION(
/* description */ ('STEP AP214'),
/* implementation_level */ '2;1');

FILE_NAME(
/* name */ '654cf5a07f9aa566be172263',
/* time_stamp */ '2023-11-09T15:07:13Z',
/* author */ (''),
/* organization */ (''),
/* preprocessor_version */ 'ST-DEVELOPER v19.4',
/* originating_system */ '  ',
/* authorisation */ '  ');

FILE_SCHEMA (('AUTOMOTIVE_DESIGN {1 0 10303 214 3 1 1}'));
ENDSEC;

DATA;
#10=PROPERTY_DEFINITION_REPRESENTATION(#14,#12);
#11=PROPERTY_DEFINITION_REPRESENTATION(#15,#13);
#12=REPRESENTATION('',(#16),#1823);
#13=REPRESENTATION('',(#17),#1823);
#14=PROPERTY_DEFINITION('pmi validation property','',#1828);
#15=PROPERTY_DEFINITION('pmi validation property','',#1828);
#16=VALUE_REPRESENTATION_ITEM('number of annotations',COUNT_MEASURE(0.));
#17=VALUE_REPRESENTATION_ITEM('number of views',COUNT_MEASURE(0.));
#18=SHAPE_REPRESENTATION_RELATIONSHIP('','',#966,#19);
#19=ADVANCED_BREP_SHAPE_REPRESENTATION('',(#964),#1823);
#20=CONICAL_SURFACE('',#1043,0.0208429532287592,1.43116998663535);
#21=CONICAL_SURFACE('',#1063,0.008,1.43116998663535);
#22=(
BOUNDED_CURVE()
B_SPLINE_CURVE(2,(#1378,#1379,#1380),.UNSPECIFIED.,.F.,.F.)
B_SPLINE_CURVE_WITH_KNOTS((3,3),(5.5850321458198,5.91631071278267),
 .UNSPECIFIED.)
CURVE()
GEOMETRIC_REPRESENTATION_ITEM()
RATIONAL_B_SPLINE_CURVE((1.86859846140952,1.64946088789789,1.40127082962124))
REPRESENTATION_ITEM('')
);
#23=(
BOUNDED_CURVE()
B_SPLINE_CURVE(2,(#1381,#1382,#1383),.UNSPECIFIED.,.F.,.F.)
B_SPLINE_CURVE_WITH_KNOTS((3,3),(-7.22317611684094,-6.81976921647802),
 .UNSPECIFIED.)
CURVE()
GEOMETRIC_REPRESENTATION_ITEM()
RATIONAL_B_SPLINE_CURVE((1.67120251743675,1.97382581536694,2.24055316587135))
REPRESENTATION_ITEM('')
);
#24=(
BOUNDED_CURVE()
B_SPLINE_CURVE(2,(#1395,#1396,#1397),.UNSPECIFIED.,.F.,.F.)
B_SPLINE_CURVE_WITH_KNOTS((3,3),(-0.824682783277904,-0.421275882950124),
 .UNSPECIFIED.)
CURVE()
GEOMETRIC_REPRESENTATION_ITEM()
RATIONAL_B_SPLINE_CURVE((2.24055316582638,1.97382581534205,1.67120251743821))
REPRESENTATION_ITEM('')
);
#25=(
BOUNDED_CURVE()
B_SPLINE_CURVE(2,(#1398,#1399,#1400),.UNSPECIFIED.,.F.,.F.)
B_SPLINE_CURVE_WITH_KNOTS((3,3),(0.256188306060341,0.587459947071469),
 .UNSPECIFIED.)
CURVE()
GEOMETRIC_REPRESENTATION_ITEM()
RATIONAL_B_SPLINE_CURVE((1.40124161441928,1.64942649816254,1.86855950285824))
REPRESENTATION_ITEM('')
);
#26=(
BOUNDED_CURVE()
B_SPLINE_CURVE(2,(#1473,#1474,#1475),.UNSPECIFIED.,.F.,.F.)
B_SPLINE_CURVE_WITH_KNOTS((3,3),(5.58503214581982,5.91631071278267),
 .UNSPECIFIED.)
CURVE()
GEOMETRIC_REPRESENTATION_ITEM()
RATIONAL_B_SPLINE_CURVE((1.86859846140948,1.64946088789787,1.40127082962123))
REPRESENTATION_ITEM('')
);
#27=(
BOUNDED_CURVE()
B_SPLINE_CURVE(2,(#1476,#1477,#1478),.UNSPECIFIED.,.F.,.F.)
B_SPLINE_CURVE_WITH_KNOTS((3,3),(-7.22317611684095,-6.81976921647799),
 .UNSPECIFIED.)
CURVE()
GEOMETRIC_REPRESENTATION_ITEM()
RATIONAL_B_SPLINE_CURVE((1.67120251743673,1.97382581536696,2.24055316587139))
REPRESENTATION_ITEM('')
);
#28=(
BOUNDED_CURVE()
B_SPLINE_CURVE(2,(#1490,#1491,#1492),.UNSPECIFIED.,.F.,.F.)
B_SPLINE_CURVE_WITH_KNOTS((3,3),(-0.824682783277904,-0.421275882950133),
 .UNSPECIFIED.)
CURVE()
GEOMETRIC_REPRESENTATION_ITEM()
RATIONAL_B_SPLINE_CURVE((2.24055316582636,1.97382581534204,1.67120251743822))
REPRESENTATION_ITEM('')
);
#29=(
BOUNDED_CURVE()
B_SPLINE_CURVE(2,(#1493,#1494,#1495),.UNSPECIFIED.,.F.,.F.)
B_SPLINE_CURVE_WITH_KNOTS((3,3),(0.256188306060346,0.587459947071503),
 .UNSPECIFIED.)
CURVE()
GEOMETRIC_REPRESENTATION_ITEM()
RATIONAL_B_SPLINE_CURVE((1.40124161441929,1.64942649816257,1.86855950285828))
REPRESENTATION_ITEM('')
);
#30=(
BOUNDED_CURVE()
B_SPLINE_CURVE(2,(#1568,#1569,#1570),.UNSPECIFIED.,.F.,.F.)
B_SPLINE_CURVE_WITH_KNOTS((3,3),(5.58503214582698,5.91631071279023),
 .UNSPECIFIED.)
CURVE()
GEOMETRIC_REPRESENTATION_ITEM()
RATIONAL_B_SPLINE_CURVE((1.86859846141166,1.64946088789979,1.40127082962285))
REPRESENTATION_ITEM('')
);
#31=(
BOUNDED_CURVE()
B_SPLINE_CURVE(2,(#1571,#1572,#1573),.UNSPECIFIED.,.F.,.F.)
B_SPLINE_CURVE_WITH_KNOTS((3,3),(-7.22317611684849,-6.81976921648516),
 .UNSPECIFIED.)
CURVE()
GEOMETRIC_REPRESENTATION_ITEM()
RATIONAL_B_SPLINE_CURVE((1.67120251743835,1.97382581536884,2.24055316587352))
REPRESENTATION_ITEM('')
);
#32=(
BOUNDED_CURVE()
B_SPLINE_CURVE(2,(#1585,#1586,#1587),.UNSPECIFIED.,.F.,.F.)
B_SPLINE_CURVE_WITH_KNOTS((3,3),(-0.824682783277877,-0.42127588295013),
 .UNSPECIFIED.)
CURVE()
GEOMETRIC_REPRESENTATION_ITEM()
RATIONAL_B_SPLINE_CURVE((2.24055316582633,1.97382581534202,1.67120251743822))
REPRESENTATION_ITEM('')
);
#33=(
BOUNDED_CURVE()
B_SPLINE_CURVE(2,(#1588,#1589,#1590),.UNSPECIFIED.,.F.,.F.)
B_SPLINE_CURVE_WITH_KNOTS((3,3),(0.256188306060343,0.587459947071491),
 .UNSPECIFIED.)
CURVE()
GEOMETRIC_REPRESENTATION_ITEM()
RATIONAL_B_SPLINE_CURVE((1.40124161441929,1.64942649816256,1.86855950285827))
REPRESENTATION_ITEM('')
);
#34=(
BOUNDED_CURVE()
B_SPLINE_CURVE(2,(#1663,#1664,#1665),.UNSPECIFIED.,.F.,.F.)
B_SPLINE_CURVE_WITH_KNOTS((3,3),(5.58503214581979,5.91631071278267),
 .UNSPECIFIED.)
CURVE()
GEOMETRIC_REPRESENTATION_ITEM()
RATIONAL_B_SPLINE_CURVE((1.86859846140952,1.64946088789789,1.40127082962123))
REPRESENTATION_ITEM('')
);
#35=(
BOUNDED_CURVE()
B_SPLINE_CURVE(2,(#1666,#1667,#1668),.UNSPECIFIED.,.F.,.F.)
B_SPLINE_CURVE_WITH_KNOTS((3,3),(-7.22317611684096,-6.81976921647799),
 .UNSPECIFIED.)
CURVE()
GEOMETRIC_REPRESENTATION_ITEM()
RATIONAL_B_SPLINE_CURVE((1.67120251743673,1.97382581536696,2.24055316587138))
REPRESENTATION_ITEM('')
);
#36=(
BOUNDED_CURVE()
B_SPLINE_CURVE(2,(#1680,#1681,#1682),.UNSPECIFIED.,.F.,.F.)
B_SPLINE_CURVE_WITH_KNOTS((3,3),(-0.824682783277875,-0.421275882950128),
 .UNSPECIFIED.)
CURVE()
GEOMETRIC_REPRESENTATION_ITEM()
RATIONAL_B_SPLINE_CURVE((2.24055316582633,1.97382581534202,1.67120251743822))
REPRESENTATION_ITEM('')
);
#37=(
BOUNDED_CURVE()
B_SPLINE_CURVE(2,(#1683,#1684,#1685),.UNSPECIFIED.,.F.,.F.)
B_SPLINE_CURVE_WITH_KNOTS((3,3),(0.256188306060345,0.587459947071489),
 .UNSPECIFIED.)
CURVE()
GEOMETRIC_REPRESENTATION_ITEM()
RATIONAL_B_SPLINE_CURVE((1.40124161441929,1.64942649816256,1.86855950285827))
REPRESENTATION_ITEM('')
);
#38=(
BOUNDED_CURVE()
B_SPLINE_CURVE(2,(#1758,#1759,#1760),.UNSPECIFIED.,.F.,.F.)
B_SPLINE_CURVE_WITH_KNOTS((3,3),(5.58501286352142,5.91629039941536),
 .UNSPECIFIED.)
CURVE()
GEOMETRIC_REPRESENTATION_ITEM()
RATIONAL_B_SPLINE_CURVE((1.86859266163608,1.64945576828572,1.40126648034371))
REPRESENTATION_ITEM('')
);
#39=(
BOUNDED_CURVE()
B_SPLINE_CURVE(2,(#1761,#1762,#1763),.UNSPECIFIED.,.F.,.F.)
B_SPLINE_CURVE_WITH_KNOTS((3,3),(-7.22317611684795,-6.81976921648463),
 .UNSPECIFIED.)
CURVE()
GEOMETRIC_REPRESENTATION_ITEM()
RATIONAL_B_SPLINE_CURVE((1.67120251743822,1.97382581536872,2.24055316587339))
REPRESENTATION_ITEM('')
);
#40=(
BOUNDED_CURVE()
B_SPLINE_CURVE(2,(#1775,#1776,#1777),.UNSPECIFIED.,.F.,.F.)
B_SPLINE_CURVE_WITH_KNOTS((3,3),(-0.82468278327791,-0.421275882950127),
 .UNSPECIFIED.)
CURVE()
GEOMETRIC_REPRESENTATION_ITEM()
RATIONAL_B_SPLINE_CURVE((2.24055316582639,1.97382581534206,1.67120251743822))
REPRESENTATION_ITEM('')
);
#41=(
BOUNDED_CURVE()
B_SPLINE_CURVE(2,(#1778,#1779,#1780),.UNSPECIFIED.,.F.,.F.)
B_SPLINE_CURVE_WITH_KNOTS((3,3),(0.256186899779066,0.587458003147696),
 .UNSPECIFIED.)
CURVE()
GEOMETRIC_REPRESENTATION_ITEM()
RATIONAL_B_SPLINE_CURVE((1.40123934652388,1.64942382858241,1.86855647861356))
REPRESENTATION_ITEM('')
);
#42=ELLIPSE('',#980,0.00322001129461712,0.00313247894068208);
#43=ELLIPSE('',#993,0.00322001608558646,0.00313248568573918);
#44=ELLIPSE('',#1006,0.00322001699398436,0.00313248696463257);
#45=ELLIPSE('',#1019,0.00322001454036381,0.00313248351027789);
#46=ELLIPSE('',#1032,0.00322443924485502,0.00313862565971976);
#47=PLANE('',#979);
#48=PLANE('',#981);
#49=PLANE('',#985);
#50=PLANE('',#992);
#51=PLANE('',#994);
#52=PLANE('',#998);
#53=PLANE('',#1005);
#54=PLANE('',#1007);
#55=PLANE('',#1011);
#56=PLANE('',#1018);
#57=PLANE('',#1020);
#58=PLANE('',#1024);
#59=PLANE('',#1031);
#60=PLANE('',#1033);
#61=PLANE('',#1037);
#62=PLANE('',#1039);
#63=PLANE('',#1053);
#64=PLANE('',#1067);
#65=LINE('',#1320,#95);
#66=LINE('',#1329,#96);
#67=LINE('',#1339,#97);
#68=LINE('',#1348,#98);
#69=LINE('',#1359,#99);
#70=LINE('',#1369,#100);
#71=LINE('',#1415,#101);
#72=LINE('',#1424,#102);
#73=LINE('',#1434,#103);
#74=LINE('',#1443,#104);
#75=LINE('',#1454,#105);
#76=LINE('',#1464,#106);
#77=LINE('',#1510,#107);
#78=LINE('',#1519,#108);
#79=LINE('',#1529,#109);
#80=LINE('',#1538,#110);
#81=LINE('',#1549,#111);
#82=LINE('',#1559,#112);
#83=LINE('',#1605,#113);
#84=LINE('',#1614,#114);
#85=LINE('',#1624,#115);
#86=LINE('',#1633,#116);
#87=LINE('',#1644,#117);
#88=LINE('',#1654,#118);
#89=LINE('',#1700,#119);
#90=LINE('',#1709,#120);
#91=LINE('',#1719,#121);
#92=LINE('',#1728,#122);
#93=LINE('',#1739,#123);
#94=LINE('',#1749,#124);
#95=VECTOR('',#1084,1.);
#96=VECTOR('',#1087,1.);
#97=VECTOR('',#1090,1.);
#98=VECTOR('',#1093,1.);
#99=VECTOR('',#1096,1.);
#100=VECTOR('',#1097,1.);
#101=VECTOR('',#1116,1.);
#102=VECTOR('',#1119,1.);
#103=VECTOR('',#1122,1.);
#104=VECTOR('',#1125,1.);
#105=VECTOR('',#1128,1.);
#106=VECTOR('',#1129,1.);
#107=VECTOR('',#1148,1.);
#108=VECTOR('',#1151,1.);
#109=VECTOR('',#1154,1.);
#110=VECTOR('',#1157,1.);
#111=VECTOR('',#1160,1.);
#112=VECTOR('',#1161,1.);
#113=VECTOR('',#1180,1.);
#114=VECTOR('',#1183,1.);
#115=VECTOR('',#1186,1.);
#116=VECTOR('',#1189,1.);
#117=VECTOR('',#1192,1.);
#118=VECTOR('',#1193,1.);
#119=VECTOR('',#1212,1.);
#120=VECTOR('',#1215,1.);
#121=VECTOR('',#1218,1.);
#122=VECTOR('',#1221,1.);
#123=VECTOR('',#1224,1.);
#124=VECTOR('',#1225,1.);
#125=B_SPLINE_CURVE_WITH_KNOTS('',3,(#1312,#1313,#1314,#1315,#1316,#1317),
 .UNSPECIFIED.,.F.,.F.,(4,1,1,4),(1.76108611237768E-17,0.00108406303029394,
0.0016260945454409,0.00216812606058786),.UNSPECIFIED.);
#126=B_SPLINE_CURVE_WITH_KNOTS('',3,(#1322,#1323,#1324,#1325),
 .UNSPECIFIED.,.F.,.F.,(4,4),(0.,0.000791525570745298),.UNSPECIFIED.);
#127=B_SPLINE_CURVE_WITH_KNOTS('',3,(#1331,#1332,#1333,#1334,#1335,#1336),
 .UNSPECIFIED.,.F.,.F.,(4,1,1,4),(0.,0.00054575137605619,0.00109150275211238,
0.00218300550422476),.UNSPECIFIED.);
#128=B_SPLINE_CURVE_WITH_KNOTS('',3,(#1343,#1344,#1345,#1346),
 .UNSPECIFIED.,.F.,.F.,(4,4),(2.25229243940746E-15,0.000789573250825399),
 .UNSPECIFIED.);
#129=B_SPLINE_CURVE_WITH_KNOTS('',3,(#1350,#1351,#1352,#1353,#1354,#1355,
#1356),.UNSPECIFIED.,.F.,.F.,(4,1,1,1,4),(5.4856772946511E-18,0.00261440056789172,
0.00522880113578344,0.00784320170367516,0.0104576022715669),
 .UNSPECIFIED.);
#130=B_SPLINE_CURVE_WITH_KNOTS('',3,(#1361,#1362,#1363,#1364,#1365,#1366,
#1367),.UNSPECIFIED.,.F.,.F.,(4,1,1,1,4),(5.95775012962513E-18,0.00261440056789173,
0.00522880113578345,0.00784320170367517,0.0104576022715669),
 .UNSPECIFIED.);
#131=B_SPLINE_CURVE_WITH_KNOTS('',3,(#1373,#1374,#1375,#1376),
 .UNSPECIFIED.,.F.,.F.,(4,4),(2.4532694666934E-18,0.00116996023348848),
 .UNSPECIFIED.);
#132=B_SPLINE_CURVE_WITH_KNOTS('',3,(#1385,#1386,#1387,#1388),
 .UNSPECIFIED.,.F.,.F.,(4,4),(3.5762240613455E-18,0.00116971456181874),
 .UNSPECIFIED.);
#133=B_SPLINE_CURVE_WITH_KNOTS('',3,(#1390,#1391,#1392,#1393),
 .UNSPECIFIED.,.F.,.F.,(4,4),(4.33680868994202E-19,0.000965200182597843),
 .UNSPECIFIED.);
#134=B_SPLINE_CURVE_WITH_KNOTS('',3,(#1407,#1408,#1409,#1410,#1411,#1412),
 .UNSPECIFIED.,.F.,.F.,(4,1,1,4),(2.33745539906583E-17,0.00108406303029396,
0.00162609454544093,0.0021681260605879),.UNSPECIFIED.);
#135=B_SPLINE_CURVE_WITH_KNOTS('',3,(#1417,#1418,#1419,#1420),
 .UNSPECIFIED.,.F.,.F.,(4,4),(4.33680868994202E-19,0.000791525570745225),
 .UNSPECIFIED.);
#136=B_SPLINE_CURVE_WITH_KNOTS('',3,(#1426,#1427,#1428,#1429,#1430,#1431),
 .UNSPECIFIED.,.F.,.F.,(4,1,1,4),(0.,0.000545751376114598,0.0010915027522292,
0.00218300550445839),.UNSPECIFIED.);
#137=B_SPLINE_CURVE_WITH_KNOTS('',3,(#1438,#1439,#1440,#1441),
 .UNSPECIFIED.,.F.,.F.,(4,4),(2.23469822582051E-15,0.000789573250825393),
 .UNSPECIFIED.);
#138=B_SPLINE_CURVE_WITH_KNOTS('',3,(#1445,#1446,#1447,#1448,#1449,#1450,
#1451),.UNSPECIFIED.,.F.,.F.,(4,1,1,1,4),(2.03288572317277E-16,0.00261440056789179,
0.00522880113578337,0.00784320170367496,0.0104576022715665),
 .UNSPECIFIED.);
#139=B_SPLINE_CURVE_WITH_KNOTS('',3,(#1456,#1457,#1458,#1459,#1460,#1461,
#1462),.UNSPECIFIED.,.F.,.F.,(4,1,1,1,4),(2.35368480488277E-16,0.00261440056789183,
0.00522880113578343,0.00784320170367503,0.0104576022715666),
 .UNSPECIFIED.);
#140=B_SPLINE_CURVE_WITH_KNOTS('',3,(#1468,#1469,#1470,#1471),
 .UNSPECIFIED.,.F.,.F.,(4,4),(1.47196168001604E-17,0.00116996023348848),
 .UNSPECIFIED.);
#141=B_SPLINE_CURVE_WITH_KNOTS('',3,(#1480,#1481,#1482,#1483),
 .UNSPECIFIED.,.F.,.F.,(4,4),(1.55400630446897E-17,0.00116971456181882),
 .UNSPECIFIED.);
#142=B_SPLINE_CURVE_WITH_KNOTS('',3,(#1485,#1486,#1487,#1488),
 .UNSPECIFIED.,.F.,.F.,(4,4),(0.,0.0009652001825978),.UNSPECIFIED.);
#143=B_SPLINE_CURVE_WITH_KNOTS('',3,(#1502,#1503,#1504,#1505,#1506,#1507),
 .UNSPECIFIED.,.F.,.F.,(4,1,1,4),(0.,0.00108406303029386,0.0016260945454408,
0.00216812606058773),.UNSPECIFIED.);
#144=B_SPLINE_CURVE_WITH_KNOTS('',3,(#1512,#1513,#1514,#1515),
 .UNSPECIFIED.,.F.,.F.,(4,4),(2.98453111774546E-17,0.000791525570745295),
 .UNSPECIFIED.);
#145=B_SPLINE_CURVE_WITH_KNOTS('',3,(#1521,#1522,#1523,#1524,#1525,#1526),
 .UNSPECIFIED.,.F.,.F.,(4,1,1,4),(1.26289775326258E-17,0.000545751376108798,
0.00109150275221758,0.00218300550443515),.UNSPECIFIED.);
#146=B_SPLINE_CURVE_WITH_KNOTS('',3,(#1533,#1534,#1535,#1536),
 .UNSPECIFIED.,.F.,.F.,(4,4),(2.06691137426849E-16,0.000789573250816169),
 .UNSPECIFIED.);
#147=B_SPLINE_CURVE_WITH_KNOTS('',3,(#1540,#1541,#1542,#1543,#1544,#1545,
#1546),.UNSPECIFIED.,.F.,.F.,(4,1,1,1,4),(1.73472347597681E-18,0.00261440056789175,
0.00522880113578351,0.00784320170367526,0.010457602271567),
 .UNSPECIFIED.);
#148=B_SPLINE_CURVE_WITH_KNOTS('',3,(#1551,#1552,#1553,#1554,#1555,#1556,
#1557),.UNSPECIFIED.,.F.,.F.,(4,1,1,1,4),(1.99854901083932E-16,0.00261440056789178,
0.00522880113578335,0.00784320170367493,0.0104576022715665),
 .UNSPECIFIED.);
#149=B_SPLINE_CURVE_WITH_KNOTS('',3,(#1563,#1564,#1565,#1566),
 .UNSPECIFIED.,.F.,.F.,(4,4),(3.29854145209835E-17,0.00116996023349477),
 .UNSPECIFIED.);
#150=B_SPLINE_CURVE_WITH_KNOTS('',3,(#1575,#1576,#1577,#1578),
 .UNSPECIFIED.,.F.,.F.,(4,4),(1.29814818157976E-17,0.00116971456181884),
 .UNSPECIFIED.);
#151=B_SPLINE_CURVE_WITH_KNOTS('',3,(#1580,#1581,#1582,#1583),
 .UNSPECIFIED.,.F.,.F.,(4,4),(3.46944695195361E-18,0.000965200182597834),
 .UNSPECIFIED.);
#152=B_SPLINE_CURVE_WITH_KNOTS('',3,(#1597,#1598,#1599,#1600,#1601,#1602),
 .UNSPECIFIED.,.F.,.F.,(4,1,1,4),(0.,0.00108406303029387,0.0016260945454408,
0.00216812606058774),.UNSPECIFIED.);
#153=B_SPLINE_CURVE_WITH_KNOTS('',3,(#1607,#1608,#1609,#1610),
 .UNSPECIFIED.,.F.,.F.,(4,4),(0.,0.000791525570745272),.UNSPECIFIED.);
#154=B_SPLINE_CURVE_WITH_KNOTS('',3,(#1616,#1617,#1618,#1619,#1620,#1621),
 .UNSPECIFIED.,.F.,.F.,(4,1,1,4),(1.39048664439199E-17,0.000545751376105437,
0.00109150275221086,0.00218300550442171),.UNSPECIFIED.);
#155=B_SPLINE_CURVE_WITH_KNOTS('',3,(#1628,#1629,#1630,#1631),
 .UNSPECIFIED.,.F.,.F.,(4,4),(2.26679593001847E-15,0.000789573250825367),
 .UNSPECIFIED.);
#156=B_SPLINE_CURVE_WITH_KNOTS('',3,(#1635,#1636,#1637,#1638,#1639,#1640,
#1641),.UNSPECIFIED.,.F.,.F.,(4,1,1,1,4),(1.53763857887227E-16,0.00261440056789178,
0.00522880113578341,0.00784320170367504,0.0104576022715667),
 .UNSPECIFIED.);
#157=B_SPLINE_CURVE_WITH_KNOTS('',3,(#1646,#1647,#1648,#1649,#1650,#1651,
#1652),.UNSPECIFIED.,.F.,.F.,(4,1,1,1,4),(1.2672983144022E-16,0.00261440056789173,
0.00522880113578332,0.00784320170367492,0.0104576022715665),
 .UNSPECIFIED.);
#158=B_SPLINE_CURVE_WITH_KNOTS('',3,(#1658,#1659,#1660,#1661),
 .UNSPECIFIED.,.F.,.F.,(4,4),(1.16449572051966E-17,0.00116996023348852),
 .UNSPECIFIED.);
#159=B_SPLINE_CURVE_WITH_KNOTS('',3,(#1670,#1671,#1672,#1673),
 .UNSPECIFIED.,.F.,.F.,(4,4),(0.,0.00116971456181881),.UNSPECIFIED.);
#160=B_SPLINE_CURVE_WITH_KNOTS('',3,(#1675,#1676,#1677,#1678),
 .UNSPECIFIED.,.F.,.F.,(4,4),(1.06935536865904E-17,0.000965200182597857),
 .UNSPECIFIED.);
#161=B_SPLINE_CURVE_WITH_KNOTS('',3,(#1692,#1693,#1694,#1695,#1696,#1697),
 .UNSPECIFIED.,.F.,.F.,(4,1,1,4),(5.20417042793042E-18,0.00108406303029387,
0.0016260945454408,0.00216812606058773),.UNSPECIFIED.);
#162=B_SPLINE_CURVE_WITH_KNOTS('',3,(#1702,#1703,#1704,#1705),
 .UNSPECIFIED.,.F.,.F.,(4,4),(3.02956430716042E-17,0.000791525570745294),
 .UNSPECIFIED.);
#163=B_SPLINE_CURVE_WITH_KNOTS('',3,(#1711,#1712,#1713,#1714,#1715,#1716),
 .UNSPECIFIED.,.F.,.F.,(4,1,1,4),(1.44096954211131E-17,0.000545751376119311,
0.00109150275223861,0.0021830055044772),.UNSPECIFIED.);
#164=B_SPLINE_CURVE_WITH_KNOTS('',3,(#1723,#1724,#1725,#1726),
 .UNSPECIFIED.,.F.,.F.,(4,4),(5.20417042793042E-18,0.000789573250816804),
 .UNSPECIFIED.);
#165=B_SPLINE_CURVE_WITH_KNOTS('',3,(#1730,#1731,#1732,#1733,#1734,#1735,
#1736),.UNSPECIFIED.,.F.,.F.,(4,1,1,1,4),(1.48065025449901E-16,0.00261440056789173,
0.0052288011357833,0.00784320170367488,0.0104576022715665),
 .UNSPECIFIED.);
#166=B_SPLINE_CURVE_WITH_KNOTS('',3,(#1741,#1742,#1743,#1744,#1745,#1746,
#1747),.UNSPECIFIED.,.F.,.F.,(4,1,1,1,4),(1.28942592257293E-17,0.00261440056789175,
0.00522880113578349,0.00784320170367524,0.010457602271567),
 .UNSPECIFIED.);
#167=B_SPLINE_CURVE_WITH_KNOTS('',3,(#1753,#1754,#1755,#1756),
 .UNSPECIFIED.,.F.,.F.,(4,4),(1.97026712507607E-17,0.0011699602334944),
 .UNSPECIFIED.);
#168=B_SPLINE_CURVE_WITH_KNOTS('',3,(#1765,#1766,#1767,#1768),
 .UNSPECIFIED.,.F.,.F.,(4,4),(2.4532694666934E-17,0.00116971456181874),
 .UNSPECIFIED.);
#169=B_SPLINE_CURVE_WITH_KNOTS('',3,(#1770,#1771,#1772,#1773),
 .UNSPECIFIED.,.F.,.F.,(4,4),(0.,0.000965200182597865),.UNSPECIFIED.);
#170=CYLINDRICAL_SURFACE('',#974,0.001);
#171=CYLINDRICAL_SURFACE('',#976,0.001);
#172=CYLINDRICAL_SURFACE('',#978,0.006);
#173=CYLINDRICAL_SURFACE('',#982,0.023);
#174=CYLINDRICAL_SURFACE('',#987,0.001);
#175=CYLINDRICAL_SURFACE('',#989,0.001);
#176=CYLINDRICAL_SURFACE('',#991,0.006);
#177=CYLINDRICAL_SURFACE('',#995,0.023);
#178=CYLINDRICAL_SURFACE('',#1000,0.001);
#179=CYLINDRICAL_SURFACE('',#1002,0.001);
#180=CYLINDRICAL_SURFACE('',#1004,0.006);
#181=CYLINDRICAL_SURFACE('',#1008,0.023);
#182=CYLINDRICAL_SURFACE('',#1013,0.001);
#183=CYLINDRICAL_SURFACE('',#1015,0.001);
#184=CYLINDRICAL_SURFACE('',#1017,0.006);
#185=CYLINDRICAL_SURFACE('',#1021,0.023);
#186=CYLINDRICAL_SURFACE('',#1026,0.001);
#187=CYLINDRICAL_SURFACE('',#1028,0.001);
#188=CYLINDRICAL_SURFACE('',#1030,0.006);
#189=CYLINDRICAL_SURFACE('',#1034,0.023);
#190=CYLINDRICAL_SURFACE('',#1040,0.004);
#191=CYLINDRICAL_SURFACE('',#1051,0.0235);
#192=CYLINDRICAL_SURFACE('',#1055,0.0225);
#193=CYLINDRICAL_SURFACE('',#1065,0.008);
#194=ORIENTED_EDGE('',*,*,#486,.F.);
#195=ORIENTED_EDGE('',*,*,#487,.F.);
#196=ORIENTED_EDGE('',*,*,#488,.F.);
#197=ORIENTED_EDGE('',*,*,#489,.F.);
#198=ORIENTED_EDGE('',*,*,#490,.F.);
#199=ORIENTED_EDGE('',*,*,#491,.F.);
#200=ORIENTED_EDGE('',*,*,#492,.F.);
#201=ORIENTED_EDGE('',*,*,#493,.F.);
#202=ORIENTED_EDGE('',*,*,#494,.F.);
#203=ORIENTED_EDGE('',*,*,#495,.F.);
#204=ORIENTED_EDGE('',*,*,#496,.F.);
#205=ORIENTED_EDGE('',*,*,#497,.F.);
#206=ORIENTED_EDGE('',*,*,#498,.F.);
#207=ORIENTED_EDGE('',*,*,#499,.F.);
#208=ORIENTED_EDGE('',*,*,#500,.F.);
#209=ORIENTED_EDGE('',*,*,#501,.F.);
#210=ORIENTED_EDGE('',*,*,#502,.F.);
#211=ORIENTED_EDGE('',*,*,#503,.F.);
#212=ORIENTED_EDGE('',*,*,#504,.F.);
#213=ORIENTED_EDGE('',*,*,#499,.T.);
#214=ORIENTED_EDGE('',*,*,#505,.F.);
#215=ORIENTED_EDGE('',*,*,#506,.F.);
#216=ORIENTED_EDGE('',*,*,#501,.T.);
#217=ORIENTED_EDGE('',*,*,#507,.F.);
#218=ORIENTED_EDGE('',*,*,#508,.F.);
#219=ORIENTED_EDGE('',*,*,#491,.T.);
#220=ORIENTED_EDGE('',*,*,#509,.F.);
#221=ORIENTED_EDGE('',*,*,#510,.F.);
#222=ORIENTED_EDGE('',*,*,#503,.T.);
#223=ORIENTED_EDGE('',*,*,#511,.F.);
#224=ORIENTED_EDGE('',*,*,#512,.T.);
#225=ORIENTED_EDGE('',*,*,#496,.T.);
#226=ORIENTED_EDGE('',*,*,#513,.F.);
#227=ORIENTED_EDGE('',*,*,#494,.T.);
#228=ORIENTED_EDGE('',*,*,#514,.T.);
#229=ORIENTED_EDGE('',*,*,#497,.T.);
#230=ORIENTED_EDGE('',*,*,#512,.F.);
#231=ORIENTED_EDGE('',*,*,#493,.T.);
#232=ORIENTED_EDGE('',*,*,#515,.F.);
#233=ORIENTED_EDGE('',*,*,#516,.F.);
#234=ORIENTED_EDGE('',*,*,#517,.F.);
#235=ORIENTED_EDGE('',*,*,#518,.F.);
#236=ORIENTED_EDGE('',*,*,#519,.F.);
#237=ORIENTED_EDGE('',*,*,#520,.F.);
#238=ORIENTED_EDGE('',*,*,#521,.F.);
#239=ORIENTED_EDGE('',*,*,#522,.F.);
#240=ORIENTED_EDGE('',*,*,#523,.F.);
#241=ORIENTED_EDGE('',*,*,#524,.F.);
#242=ORIENTED_EDGE('',*,*,#525,.F.);
#243=ORIENTED_EDGE('',*,*,#526,.F.);
#244=ORIENTED_EDGE('',*,*,#527,.F.);
#245=ORIENTED_EDGE('',*,*,#528,.F.);
#246=ORIENTED_EDGE('',*,*,#529,.F.);
#247=ORIENTED_EDGE('',*,*,#524,.T.);
#248=ORIENTED_EDGE('',*,*,#530,.F.);
#249=ORIENTED_EDGE('',*,*,#531,.F.);
#250=ORIENTED_EDGE('',*,*,#526,.T.);
#251=ORIENTED_EDGE('',*,*,#532,.F.);
#252=ORIENTED_EDGE('',*,*,#533,.F.);
#253=ORIENTED_EDGE('',*,*,#516,.T.);
#254=ORIENTED_EDGE('',*,*,#534,.F.);
#255=ORIENTED_EDGE('',*,*,#535,.F.);
#256=ORIENTED_EDGE('',*,*,#528,.T.);
#257=ORIENTED_EDGE('',*,*,#536,.F.);
#258=ORIENTED_EDGE('',*,*,#537,.T.);
#259=ORIENTED_EDGE('',*,*,#521,.T.);
#260=ORIENTED_EDGE('',*,*,#538,.F.);
#261=ORIENTED_EDGE('',*,*,#519,.T.);
#262=ORIENTED_EDGE('',*,*,#539,.T.);
#263=ORIENTED_EDGE('',*,*,#522,.T.);
#264=ORIENTED_EDGE('',*,*,#537,.F.);
#265=ORIENTED_EDGE('',*,*,#518,.T.);
#266=ORIENTED_EDGE('',*,*,#540,.F.);
#267=ORIENTED_EDGE('',*,*,#541,.F.);
#268=ORIENTED_EDGE('',*,*,#542,.F.);
#269=ORIENTED_EDGE('',*,*,#543,.F.);
#270=ORIENTED_EDGE('',*,*,#544,.F.);
#271=ORIENTED_EDGE('',*,*,#545,.F.);
#272=ORIENTED_EDGE('',*,*,#546,.F.);
#273=ORIENTED_EDGE('',*,*,#547,.F.);
#274=ORIENTED_EDGE('',*,*,#548,.F.);
#275=ORIENTED_EDGE('',*,*,#549,.F.);
#276=ORIENTED_EDGE('',*,*,#550,.F.);
#277=ORIENTED_EDGE('',*,*,#551,.F.);
#278=ORIENTED_EDGE('',*,*,#552,.F.);
#279=ORIENTED_EDGE('',*,*,#553,.F.);
#280=ORIENTED_EDGE('',*,*,#554,.F.);
#281=ORIENTED_EDGE('',*,*,#549,.T.);
#282=ORIENTED_EDGE('',*,*,#555,.F.);
#283=ORIENTED_EDGE('',*,*,#556,.F.);
#284=ORIENTED_EDGE('',*,*,#551,.T.);
#285=ORIENTED_EDGE('',*,*,#557,.F.);
#286=ORIENTED_EDGE('',*,*,#558,.F.);
#287=ORIENTED_EDGE('',*,*,#541,.T.);
#288=ORIENTED_EDGE('',*,*,#559,.F.);
#289=ORIENTED_EDGE('',*,*,#560,.F.);
#290=ORIENTED_EDGE('',*,*,#553,.T.);
#291=ORIENTED_EDGE('',*,*,#561,.F.);
#292=ORIENTED_EDGE('',*,*,#562,.T.);
#293=ORIENTED_EDGE('',*,*,#546,.T.);
#294=ORIENTED_EDGE('',*,*,#563,.F.);
#295=ORIENTED_EDGE('',*,*,#544,.T.);
#296=ORIENTED_EDGE('',*,*,#564,.T.);
#297=ORIENTED_EDGE('',*,*,#547,.T.);
#298=ORIENTED_EDGE('',*,*,#562,.F.);
#299=ORIENTED_EDGE('',*,*,#543,.T.);
#300=ORIENTED_EDGE('',*,*,#565,.F.);
#301=ORIENTED_EDGE('',*,*,#566,.F.);
#302=ORIENTED_EDGE('',*,*,#567,.F.);
#303=ORIENTED_EDGE('',*,*,#568,.F.);
#304=ORIENTED_EDGE('',*,*,#569,.F.);
#305=ORIENTED_EDGE('',*,*,#570,.F.);
#306=ORIENTED_EDGE('',*,*,#571,.F.);
#307=ORIENTED_EDGE('',*,*,#572,.F.);
#308=ORIENTED_EDGE('',*,*,#573,.F.);
#309=ORIENTED_EDGE('',*,*,#574,.F.);
#310=ORIENTED_EDGE('',*,*,#575,.F.);
#311=ORIENTED_EDGE('',*,*,#576,.F.);
#312=ORIENTED_EDGE('',*,*,#577,.F.);
#313=ORIENTED_EDGE('',*,*,#578,.F.);
#314=ORIENTED_EDGE('',*,*,#579,.F.);
#315=ORIENTED_EDGE('',*,*,#574,.T.);
#316=ORIENTED_EDGE('',*,*,#580,.F.);
#317=ORIENTED_EDGE('',*,*,#581,.F.);
#318=ORIENTED_EDGE('',*,*,#576,.T.);
#319=ORIENTED_EDGE('',*,*,#582,.F.);
#320=ORIENTED_EDGE('',*,*,#583,.F.);
#321=ORIENTED_EDGE('',*,*,#566,.T.);
#322=ORIENTED_EDGE('',*,*,#584,.F.);
#323=ORIENTED_EDGE('',*,*,#585,.F.);
#324=ORIENTED_EDGE('',*,*,#578,.T.);
#325=ORIENTED_EDGE('',*,*,#586,.F.);
#326=ORIENTED_EDGE('',*,*,#587,.T.);
#327=ORIENTED_EDGE('',*,*,#571,.T.);
#328=ORIENTED_EDGE('',*,*,#588,.F.);
#329=ORIENTED_EDGE('',*,*,#569,.T.);
#330=ORIENTED_EDGE('',*,*,#589,.T.);
#331=ORIENTED_EDGE('',*,*,#572,.T.);
#332=ORIENTED_EDGE('',*,*,#587,.F.);
#333=ORIENTED_EDGE('',*,*,#568,.T.);
#334=ORIENTED_EDGE('',*,*,#590,.F.);
#335=ORIENTED_EDGE('',*,*,#591,.F.);
#336=ORIENTED_EDGE('',*,*,#592,.F.);
#337=ORIENTED_EDGE('',*,*,#593,.F.);
#338=ORIENTED_EDGE('',*,*,#594,.F.);
#339=ORIENTED_EDGE('',*,*,#595,.F.);
#340=ORIENTED_EDGE('',*,*,#596,.F.);
#341=ORIENTED_EDGE('',*,*,#597,.F.);
#342=ORIENTED_EDGE('',*,*,#598,.F.);
#343=ORIENTED_EDGE('',*,*,#599,.F.);
#344=ORIENTED_EDGE('',*,*,#600,.F.);
#345=ORIENTED_EDGE('',*,*,#601,.F.);
#346=ORIENTED_EDGE('',*,*,#602,.F.);
#347=ORIENTED_EDGE('',*,*,#603,.F.);
#348=ORIENTED_EDGE('',*,*,#604,.F.);
#349=ORIENTED_EDGE('',*,*,#599,.T.);
#350=ORIENTED_EDGE('',*,*,#605,.F.);
#351=ORIENTED_EDGE('',*,*,#606,.F.);
#352=ORIENTED_EDGE('',*,*,#601,.T.);
#353=ORIENTED_EDGE('',*,*,#607,.F.);
#354=ORIENTED_EDGE('',*,*,#608,.F.);
#355=ORIENTED_EDGE('',*,*,#591,.T.);
#356=ORIENTED_EDGE('',*,*,#609,.F.);
#357=ORIENTED_EDGE('',*,*,#610,.F.);
#358=ORIENTED_EDGE('',*,*,#603,.T.);
#359=ORIENTED_EDGE('',*,*,#611,.F.);
#360=ORIENTED_EDGE('',*,*,#612,.T.);
#361=ORIENTED_EDGE('',*,*,#596,.T.);
#362=ORIENTED_EDGE('',*,*,#613,.F.);
#363=ORIENTED_EDGE('',*,*,#594,.T.);
#364=ORIENTED_EDGE('',*,*,#614,.T.);
#365=ORIENTED_EDGE('',*,*,#597,.T.);
#366=ORIENTED_EDGE('',*,*,#612,.F.);
#367=ORIENTED_EDGE('',*,*,#593,.T.);
#368=ORIENTED_EDGE('',*,*,#488,.T.);
#369=ORIENTED_EDGE('',*,*,#615,.T.);
#370=ORIENTED_EDGE('',*,*,#489,.T.);
#371=ORIENTED_EDGE('',*,*,#486,.T.);
#372=ORIENTED_EDGE('',*,*,#615,.F.);
#373=ORIENTED_EDGE('',*,*,#487,.T.);
#374=ORIENTED_EDGE('',*,*,#507,.T.);
#375=ORIENTED_EDGE('',*,*,#500,.T.);
#376=ORIENTED_EDGE('',*,*,#510,.T.);
#377=ORIENTED_EDGE('',*,*,#616,.T.);
#378=ORIENTED_EDGE('',*,*,#532,.T.);
#379=ORIENTED_EDGE('',*,*,#525,.T.);
#380=ORIENTED_EDGE('',*,*,#535,.T.);
#381=ORIENTED_EDGE('',*,*,#617,.T.);
#382=ORIENTED_EDGE('',*,*,#557,.T.);
#383=ORIENTED_EDGE('',*,*,#550,.T.);
#384=ORIENTED_EDGE('',*,*,#560,.T.);
#385=ORIENTED_EDGE('',*,*,#618,.T.);
#386=ORIENTED_EDGE('',*,*,#582,.T.);
#387=ORIENTED_EDGE('',*,*,#575,.T.);
#388=ORIENTED_EDGE('',*,*,#585,.T.);
#389=ORIENTED_EDGE('',*,*,#619,.T.);
#390=ORIENTED_EDGE('',*,*,#607,.T.);
#391=ORIENTED_EDGE('',*,*,#600,.T.);
#392=ORIENTED_EDGE('',*,*,#610,.T.);
#393=ORIENTED_EDGE('',*,*,#620,.T.);
#394=ORIENTED_EDGE('',*,*,#621,.T.);
#395=ORIENTED_EDGE('',*,*,#616,.F.);
#396=ORIENTED_EDGE('',*,*,#509,.T.);
#397=ORIENTED_EDGE('',*,*,#490,.T.);
#398=ORIENTED_EDGE('',*,*,#513,.T.);
#399=ORIENTED_EDGE('',*,*,#495,.T.);
#400=ORIENTED_EDGE('',*,*,#504,.T.);
#401=ORIENTED_EDGE('',*,*,#620,.F.);
#402=ORIENTED_EDGE('',*,*,#609,.T.);
#403=ORIENTED_EDGE('',*,*,#590,.T.);
#404=ORIENTED_EDGE('',*,*,#613,.T.);
#405=ORIENTED_EDGE('',*,*,#595,.T.);
#406=ORIENTED_EDGE('',*,*,#604,.T.);
#407=ORIENTED_EDGE('',*,*,#619,.F.);
#408=ORIENTED_EDGE('',*,*,#584,.T.);
#409=ORIENTED_EDGE('',*,*,#565,.T.);
#410=ORIENTED_EDGE('',*,*,#588,.T.);
#411=ORIENTED_EDGE('',*,*,#570,.T.);
#412=ORIENTED_EDGE('',*,*,#579,.T.);
#413=ORIENTED_EDGE('',*,*,#618,.F.);
#414=ORIENTED_EDGE('',*,*,#559,.T.);
#415=ORIENTED_EDGE('',*,*,#540,.T.);
#416=ORIENTED_EDGE('',*,*,#563,.T.);
#417=ORIENTED_EDGE('',*,*,#545,.T.);
#418=ORIENTED_EDGE('',*,*,#554,.T.);
#419=ORIENTED_EDGE('',*,*,#617,.F.);
#420=ORIENTED_EDGE('',*,*,#534,.T.);
#421=ORIENTED_EDGE('',*,*,#515,.T.);
#422=ORIENTED_EDGE('',*,*,#538,.T.);
#423=ORIENTED_EDGE('',*,*,#520,.T.);
#424=ORIENTED_EDGE('',*,*,#529,.T.);
#425=ORIENTED_EDGE('',*,*,#622,.T.);
#426=ORIENTED_EDGE('',*,*,#621,.F.);
#427=ORIENTED_EDGE('',*,*,#623,.T.);
#428=ORIENTED_EDGE('',*,*,#622,.F.);
#429=ORIENTED_EDGE('',*,*,#624,.T.);
#430=ORIENTED_EDGE('',*,*,#623,.F.);
#431=ORIENTED_EDGE('',*,*,#598,.T.);
#432=ORIENTED_EDGE('',*,*,#614,.F.);
#433=ORIENTED_EDGE('',*,*,#592,.T.);
#434=ORIENTED_EDGE('',*,*,#608,.T.);
#435=ORIENTED_EDGE('',*,*,#625,.T.);
#436=ORIENTED_EDGE('',*,*,#505,.T.);
#437=ORIENTED_EDGE('',*,*,#498,.T.);
#438=ORIENTED_EDGE('',*,*,#514,.F.);
#439=ORIENTED_EDGE('',*,*,#492,.T.);
#440=ORIENTED_EDGE('',*,*,#508,.T.);
#441=ORIENTED_EDGE('',*,*,#626,.T.);
#442=ORIENTED_EDGE('',*,*,#530,.T.);
#443=ORIENTED_EDGE('',*,*,#523,.T.);
#444=ORIENTED_EDGE('',*,*,#539,.F.);
#445=ORIENTED_EDGE('',*,*,#517,.T.);
#446=ORIENTED_EDGE('',*,*,#533,.T.);
#447=ORIENTED_EDGE('',*,*,#627,.T.);
#448=ORIENTED_EDGE('',*,*,#555,.T.);
#449=ORIENTED_EDGE('',*,*,#548,.T.);
#450=ORIENTED_EDGE('',*,*,#564,.F.);
#451=ORIENTED_EDGE('',*,*,#542,.T.);
#452=ORIENTED_EDGE('',*,*,#558,.T.);
#453=ORIENTED_EDGE('',*,*,#628,.T.);
#454=ORIENTED_EDGE('',*,*,#580,.T.);
#455=ORIENTED_EDGE('',*,*,#573,.T.);
#456=ORIENTED_EDGE('',*,*,#589,.F.);
#457=ORIENTED_EDGE('',*,*,#567,.T.);
#458=ORIENTED_EDGE('',*,*,#583,.T.);
#459=ORIENTED_EDGE('',*,*,#629,.T.);
#460=ORIENTED_EDGE('',*,*,#605,.T.);
#461=ORIENTED_EDGE('',*,*,#624,.F.);
#462=ORIENTED_EDGE('',*,*,#556,.T.);
#463=ORIENTED_EDGE('',*,*,#627,.F.);
#464=ORIENTED_EDGE('',*,*,#536,.T.);
#465=ORIENTED_EDGE('',*,*,#527,.T.);
#466=ORIENTED_EDGE('',*,*,#531,.T.);
#467=ORIENTED_EDGE('',*,*,#626,.F.);
#468=ORIENTED_EDGE('',*,*,#511,.T.);
#469=ORIENTED_EDGE('',*,*,#502,.T.);
#470=ORIENTED_EDGE('',*,*,#506,.T.);
#471=ORIENTED_EDGE('',*,*,#625,.F.);
#472=ORIENTED_EDGE('',*,*,#611,.T.);
#473=ORIENTED_EDGE('',*,*,#602,.T.);
#474=ORIENTED_EDGE('',*,*,#606,.T.);
#475=ORIENTED_EDGE('',*,*,#629,.F.);
#476=ORIENTED_EDGE('',*,*,#586,.T.);
#477=ORIENTED_EDGE('',*,*,#577,.T.);
#478=ORIENTED_EDGE('',*,*,#581,.T.);
#479=ORIENTED_EDGE('',*,*,#628,.F.);
#480=ORIENTED_EDGE('',*,*,#561,.T.);
#481=ORIENTED_EDGE('',*,*,#552,.T.);
#482=ORIENTED_EDGE('',*,*,#630,.T.);
#483=ORIENTED_EDGE('',*,*,#631,.T.);
#484=ORIENTED_EDGE('',*,*,#630,.F.);
#485=ORIENTED_EDGE('',*,*,#631,.F.);
#486=EDGE_CURVE('',#632,#632,#733,.T.);
#487=EDGE_CURVE('',#633,#633,#734,.T.);
#488=EDGE_CURVE('',#634,#634,#735,.T.);
#489=EDGE_CURVE('',#635,#635,#736,.T.);
#490=EDGE_CURVE('',#636,#637,#125,.T.);
#491=EDGE_CURVE('',#638,#636,#65,.T.);
#492=EDGE_CURVE('',#639,#638,#126,.T.);
#493=EDGE_CURVE('',#640,#639,#737,.T.);
#494=EDGE_CURVE('',#637,#640,#66,.T.);
#495=EDGE_CURVE('',#641,#642,#127,.T.);
#496=EDGE_CURVE('',#643,#641,#67,.T.);
#497=EDGE_CURVE('',#644,#643,#738,.T.);
#498=EDGE_CURVE('',#645,#644,#128,.T.);
#499=EDGE_CURVE('',#642,#645,#68,.T.);
#500=EDGE_CURVE('',#646,#647,#129,.T.);
#501=EDGE_CURVE('',#648,#646,#69,.T.);
#502=EDGE_CURVE('',#649,#648,#130,.T.);
#503=EDGE_CURVE('',#647,#649,#70,.T.);
#504=EDGE_CURVE('',#642,#650,#42,.T.);
#505=EDGE_CURVE('',#651,#645,#131,.T.);
#506=EDGE_CURVE('',#648,#651,#22,.T.);
#507=EDGE_CURVE('',#650,#646,#23,.T.);
#508=EDGE_CURVE('',#638,#652,#132,.T.);
#509=EDGE_CURVE('',#653,#636,#133,.T.);
#510=EDGE_CURVE('',#647,#653,#24,.T.);
#511=EDGE_CURVE('',#652,#649,#25,.T.);
#512=EDGE_CURVE('',#640,#643,#739,.T.);
#513=EDGE_CURVE('',#637,#641,#740,.T.);
#514=EDGE_CURVE('',#639,#644,#741,.T.);
#515=EDGE_CURVE('',#654,#655,#134,.T.);
#516=EDGE_CURVE('',#656,#654,#71,.T.);
#517=EDGE_CURVE('',#657,#656,#135,.T.);
#518=EDGE_CURVE('',#658,#657,#742,.T.);
#519=EDGE_CURVE('',#655,#658,#72,.T.);
#520=EDGE_CURVE('',#659,#660,#136,.T.);
#521=EDGE_CURVE('',#661,#659,#73,.T.);
#522=EDGE_CURVE('',#662,#661,#743,.T.);
#523=EDGE_CURVE('',#663,#662,#137,.T.);
#524=EDGE_CURVE('',#660,#663,#74,.T.);
#525=EDGE_CURVE('',#664,#665,#138,.T.);
#526=EDGE_CURVE('',#666,#664,#75,.T.);
#527=EDGE_CURVE('',#667,#666,#139,.T.);
#528=EDGE_CURVE('',#665,#667,#76,.T.);
#529=EDGE_CURVE('',#660,#668,#43,.T.);
#530=EDGE_CURVE('',#669,#663,#140,.T.);
#531=EDGE_CURVE('',#666,#669,#26,.T.);
#532=EDGE_CURVE('',#668,#664,#27,.T.);
#533=EDGE_CURVE('',#656,#670,#141,.T.);
#534=EDGE_CURVE('',#671,#654,#142,.T.);
#535=EDGE_CURVE('',#665,#671,#28,.T.);
#536=EDGE_CURVE('',#670,#667,#29,.T.);
#537=EDGE_CURVE('',#658,#661,#744,.T.);
#538=EDGE_CURVE('',#655,#659,#745,.T.);
#539=EDGE_CURVE('',#657,#662,#746,.T.);
#540=EDGE_CURVE('',#672,#673,#143,.T.);
#541=EDGE_CURVE('',#674,#672,#77,.T.);
#542=EDGE_CURVE('',#675,#674,#144,.T.);
#543=EDGE_CURVE('',#676,#675,#747,.T.);
#544=EDGE_CURVE('',#673,#676,#78,.T.);
#545=EDGE_CURVE('',#677,#678,#145,.T.);
#546=EDGE_CURVE('',#679,#677,#79,.T.);
#547=EDGE_CURVE('',#680,#679,#748,.T.);
#548=EDGE_CURVE('',#681,#680,#146,.T.);
#549=EDGE_CURVE('',#678,#681,#80,.T.);
#550=EDGE_CURVE('',#682,#683,#147,.T.);
#551=EDGE_CURVE('',#684,#682,#81,.T.);
#552=EDGE_CURVE('',#685,#684,#148,.T.);
#553=EDGE_CURVE('',#683,#685,#82,.T.);
#554=EDGE_CURVE('',#678,#686,#44,.T.);
#555=EDGE_CURVE('',#687,#681,#149,.T.);
#556=EDGE_CURVE('',#684,#687,#30,.T.);
#557=EDGE_CURVE('',#686,#682,#31,.T.);
#558=EDGE_CURVE('',#674,#688,#150,.T.);
#559=EDGE_CURVE('',#689,#672,#151,.T.);
#560=EDGE_CURVE('',#683,#689,#32,.T.);
#561=EDGE_CURVE('',#688,#685,#33,.T.);
#562=EDGE_CURVE('',#676,#679,#749,.T.);
#563=EDGE_CURVE('',#673,#677,#750,.T.);
#564=EDGE_CURVE('',#675,#680,#751,.T.);
#565=EDGE_CURVE('',#690,#691,#152,.T.);
#566=EDGE_CURVE('',#692,#690,#83,.T.);
#567=EDGE_CURVE('',#693,#692,#153,.T.);
#568=EDGE_CURVE('',#694,#693,#752,.T.);
#569=EDGE_CURVE('',#691,#694,#84,.T.);
#570=EDGE_CURVE('',#695,#696,#154,.T.);
#571=EDGE_CURVE('',#697,#695,#85,.T.);
#572=EDGE_CURVE('',#698,#697,#753,.T.);
#573=EDGE_CURVE('',#699,#698,#155,.T.);
#574=EDGE_CURVE('',#696,#699,#86,.T.);
#575=EDGE_CURVE('',#700,#701,#156,.T.);
#576=EDGE_CURVE('',#702,#700,#87,.T.);
#577=EDGE_CURVE('',#703,#702,#157,.T.);
#578=EDGE_CURVE('',#701,#703,#88,.T.);
#579=EDGE_CURVE('',#696,#704,#45,.T.);
#580=EDGE_CURVE('',#705,#699,#158,.T.);
#581=EDGE_CURVE('',#702,#705,#34,.T.);
#582=EDGE_CURVE('',#704,#700,#35,.T.);
#583=EDGE_CURVE('',#692,#706,#159,.T.);
#584=EDGE_CURVE('',#707,#690,#160,.T.);
#585=EDGE_CURVE('',#701,#707,#36,.T.);
#586=EDGE_CURVE('',#706,#703,#37,.T.);
#587=EDGE_CURVE('',#694,#697,#754,.T.);
#588=EDGE_CURVE('',#691,#695,#755,.T.);
#589=EDGE_CURVE('',#693,#698,#756,.T.);
#590=EDGE_CURVE('',#708,#709,#161,.T.);
#591=EDGE_CURVE('',#710,#708,#89,.T.);
#592=EDGE_CURVE('',#711,#710,#162,.T.);
#593=EDGE_CURVE('',#712,#711,#757,.T.);
#594=EDGE_CURVE('',#709,#712,#90,.T.);
#595=EDGE_CURVE('',#713,#714,#163,.T.);
#596=EDGE_CURVE('',#715,#713,#91,.T.);
#597=EDGE_CURVE('',#716,#715,#758,.T.);
#598=EDGE_CURVE('',#717,#716,#164,.T.);
#599=EDGE_CURVE('',#714,#717,#92,.T.);
#600=EDGE_CURVE('',#718,#719,#165,.T.);
#601=EDGE_CURVE('',#720,#718,#93,.T.);
#602=EDGE_CURVE('',#721,#720,#166,.T.);
#603=EDGE_CURVE('',#719,#721,#94,.T.);
#604=EDGE_CURVE('',#714,#722,#46,.T.);
#605=EDGE_CURVE('',#723,#717,#167,.T.);
#606=EDGE_CURVE('',#720,#723,#38,.T.);
#607=EDGE_CURVE('',#722,#718,#39,.T.);
#608=EDGE_CURVE('',#710,#724,#168,.T.);
#609=EDGE_CURVE('',#725,#708,#169,.T.);
#610=EDGE_CURVE('',#719,#725,#40,.T.);
#611=EDGE_CURVE('',#724,#721,#41,.T.);
#612=EDGE_CURVE('',#712,#715,#759,.T.);
#613=EDGE_CURVE('',#709,#713,#760,.T.);
#614=EDGE_CURVE('',#711,#716,#761,.T.);
#615=EDGE_CURVE('',#726,#726,#762,.T.);
#616=EDGE_CURVE('',#653,#668,#763,.T.);
#617=EDGE_CURVE('',#671,#686,#764,.T.);
#618=EDGE_CURVE('',#689,#704,#765,.T.);
#619=EDGE_CURVE('',#707,#722,#766,.T.);
#620=EDGE_CURVE('',#725,#650,#767,.T.);
#621=EDGE_CURVE('',#727,#727,#768,.T.);
#622=EDGE_CURVE('',#728,#728,#769,.T.);
#623=EDGE_CURVE('',#729,#729,#770,.T.);
#624=EDGE_CURVE('',#730,#730,#771,.T.);
#625=EDGE_CURVE('',#724,#651,#772,.T.);
#626=EDGE_CURVE('',#652,#669,#773,.T.);
#627=EDGE_CURVE('',#670,#687,#774,.T.);
#628=EDGE_CURVE('',#688,#705,#775,.T.);
#629=EDGE_CURVE('',#706,#723,#776,.T.);
#630=EDGE_CURVE('',#731,#731,#777,.T.);
#631=EDGE_CURVE('',#732,#732,#778,.T.);
#632=VERTEX_POINT('',#1303);
#633=VERTEX_POINT('',#1305);
#634=VERTEX_POINT('',#1308);
#635=VERTEX_POINT('',#1310);
#636=VERTEX_POINT('',#1318);
#637=VERTEX_POINT('',#1319);
#638=VERTEX_POINT('',#1321);
#639=VERTEX_POINT('',#1326);
#640=VERTEX_POINT('',#1328);
#641=VERTEX_POINT('',#1337);
#642=VERTEX_POINT('',#1338);
#643=VERTEX_POINT('',#1340);
#644=VERTEX_POINT('',#1342);
#645=VERTEX_POINT('',#1347);
#646=VERTEX_POINT('',#1357);
#647=VERTEX_POINT('',#1358);
#648=VERTEX_POINT('',#1360);
#649=VERTEX_POINT('',#1368);
#650=VERTEX_POINT('',#1372);
#651=VERTEX_POINT('',#1377);
#652=VERTEX_POINT('',#1389);
#653=VERTEX_POINT('',#1394);
#654=VERTEX_POINT('',#1413);
#655=VERTEX_POINT('',#1414);
#656=VERTEX_POINT('',#1416);
#657=VERTEX_POINT('',#1421);
#658=VERTEX_POINT('',#1423);
#659=VERTEX_POINT('',#1432);
#660=VERTEX_POINT('',#1433);
#661=VERTEX_POINT('',#1435);
#662=VERTEX_POINT('',#1437);
#663=VERTEX_POINT('',#1442);
#664=VERTEX_POINT('',#1452);
#665=VERTEX_POINT('',#1453);
#666=VERTEX_POINT('',#1455);
#667=VERTEX_POINT('',#1463);
#668=VERTEX_POINT('',#1467);
#669=VERTEX_POINT('',#1472);
#670=VERTEX_POINT('',#1484);
#671=VERTEX_POINT('',#1489);
#672=VERTEX_POINT('',#1508);
#673=VERTEX_POINT('',#1509);
#674=VERTEX_POINT('',#1511);
#675=VERTEX_POINT('',#1516);
#676=VERTEX_POINT('',#1518);
#677=VERTEX_POINT('',#1527);
#678=VERTEX_POINT('',#1528);
#679=VERTEX_POINT('',#1530);
#680=VERTEX_POINT('',#1532);
#681=VERTEX_POINT('',#1537);
#682=VERTEX_POINT('',#1547);
#683=VERTEX_POINT('',#1548);
#684=VERTEX_POINT('',#1550);
#685=VERTEX_POINT('',#1558);
#686=VERTEX_POINT('',#1562);
#687=VERTEX_POINT('',#1567);
#688=VERTEX_POINT('',#1579);
#689=VERTEX_POINT('',#1584);
#690=VERTEX_POINT('',#1603);
#691=VERTEX_POINT('',#1604);
#692=VERTEX_POINT('',#1606);
#693=VERTEX_POINT('',#1611);
#694=VERTEX_POINT('',#1613);
#695=VERTEX_POINT('',#1622);
#696=VERTEX_POINT('',#1623);
#697=VERTEX_POINT('',#1625);
#698=VERTEX_POINT('',#1627);
#699=VERTEX_POINT('',#1632);
#700=VERTEX_POINT('',#1642);
#701=VERTEX_POINT('',#1643);
#702=VERTEX_POINT('',#1645);
#703=VERTEX_POINT('',#1653);
#704=VERTEX_POINT('',#1657);
#705=VERTEX_POINT('',#1662);
#706=VERTEX_POINT('',#1674);
#707=VERTEX_POINT('',#1679);
#708=VERTEX_POINT('',#1698);
#709=VERTEX_POINT('',#1699);
#710=VERTEX_POINT('',#1701);
#711=VERTEX_POINT('',#1706);
#712=VERTEX_POINT('',#1708);
#713=VERTEX_POINT('',#1717);
#714=VERTEX_POINT('',#1718);
#715=VERTEX_POINT('',#1720);
#716=VERTEX_POINT('',#1722);
#717=VERTEX_POINT('',#1727);
#718=VERTEX_POINT('',#1737);
#719=VERTEX_POINT('',#1738);
#720=VERTEX_POINT('',#1740);
#721=VERTEX_POINT('',#1748);
#722=VERTEX_POINT('',#1752);
#723=VERTEX_POINT('',#1757);
#724=VERTEX_POINT('',#1769);
#725=VERTEX_POINT('',#1774);
#726=VERTEX_POINT('',#1789);
#727=VERTEX_POINT('',#1799);
#728=VERTEX_POINT('',#1802);
#729=VERTEX_POINT('',#1805);
#730=VERTEX_POINT('',#1808);
#731=VERTEX_POINT('',#1817);
#732=VERTEX_POINT('',#1820);
#733=CIRCLE('',#969,0.00696013994646095);
#734=CIRCLE('',#970,0.00752308315468447);
#735=CIRCLE('',#972,0.0035);
#736=CIRCLE('',#973,0.004);
#737=CIRCLE('',#975,0.001);
#738=CIRCLE('',#977,0.001);
#739=CIRCLE('',#983,0.023);
#740=CIRCLE('',#984,0.023);
#741=CIRCLE('',#986,0.0222436296283812);
#742=CIRCLE('',#988,0.001);
#743=CIRCLE('',#990,0.001);
#744=CIRCLE('',#996,0.023);
#745=CIRCLE('',#997,0.023);
#746=CIRCLE('',#999,0.0222436296283812);
#747=CIRCLE('',#1001,0.001);
#748=CIRCLE('',#1003,0.001);
#749=CIRCLE('',#1009,0.023);
#750=CIRCLE('',#1010,0.023);
#751=CIRCLE('',#1012,0.0222436296283812);
#752=CIRCLE('',#1014,0.001);
#753=CIRCLE('',#1016,0.001);
#754=CIRCLE('',#1022,0.023);
#755=CIRCLE('',#1023,0.023);
#756=CIRCLE('',#1025,0.0222436296283812);
#757=CIRCLE('',#1027,0.001);
#758=CIRCLE('',#1029,0.001);
#759=CIRCLE('',#1035,0.023);
#760=CIRCLE('',#1036,0.023);
#761=CIRCLE('',#1038,0.0222436296283812);
#762=CIRCLE('',#1041,0.004);
#763=CIRCLE('',#1044,0.0208429532287592);
#764=CIRCLE('',#1045,0.0208429532287592);
#765=CIRCLE('',#1046,0.0208429532287592);
#766=CIRCLE('',#1047,0.0208429532287592);
#767=CIRCLE('',#1048,0.0208429532287592);
#768=CIRCLE('',#1050,0.0235);
#769=CIRCLE('',#1052,0.0235);
#770=CIRCLE('',#1054,0.0225);
#771=CIRCLE('',#1056,0.0225);
#772=CIRCLE('',#1058,0.0207037801277991);
#773=CIRCLE('',#1059,0.0207037801277991);
#774=CIRCLE('',#1060,0.0207037801277991);
#775=CIRCLE('',#1061,0.0207037801277991);
#776=CIRCLE('',#1062,0.0207037801277991);
#777=CIRCLE('',#1064,0.008);
#778=CIRCLE('',#1066,0.008);
#779=EDGE_LOOP('',(#194));
#780=EDGE_LOOP('',(#195));
#781=EDGE_LOOP('',(#196));
#782=EDGE_LOOP('',(#197));
#783=EDGE_LOOP('',(#198,#199,#200,#201,#202));
#784=EDGE_LOOP('',(#203,#204,#205,#206,#207));
#785=EDGE_LOOP('',(#208,#209,#210,#211));
#786=EDGE_LOOP('',(#212,#213,#214,#215,#216,#217));
#787=EDGE_LOOP('',(#218,#219,#220,#221,#222,#223));
#788=EDGE_LOOP('',(#224,#225,#226,#227));
#789=EDGE_LOOP('',(#228,#229,#230,#231));
#790=EDGE_LOOP('',(#232,#233,#234,#235,#236));
#791=EDGE_LOOP('',(#237,#238,#239,#240,#241));
#792=EDGE_LOOP('',(#242,#243,#244,#245));
#793=EDGE_LOOP('',(#246,#247,#248,#249,#250,#251));
#794=EDGE_LOOP('',(#252,#253,#254,#255,#256,#257));
#795=EDGE_LOOP('',(#258,#259,#260,#261));
#796=EDGE_LOOP('',(#262,#263,#264,#265));
#797=EDGE_LOOP('',(#266,#267,#268,#269,#270));
#798=EDGE_LOOP('',(#271,#272,#273,#274,#275));
#799=EDGE_LOOP('',(#276,#277,#278,#279));
#800=EDGE_LOOP('',(#280,#281,#282,#283,#284,#285));
#801=EDGE_LOOP('',(#286,#287,#288,#289,#290,#291));
#802=EDGE_LOOP('',(#292,#293,#294,#295));
#803=EDGE_LOOP('',(#296,#297,#298,#299));
#804=EDGE_LOOP('',(#300,#301,#302,#303,#304));
#805=EDGE_LOOP('',(#305,#306,#307,#308,#309));
#806=EDGE_LOOP('',(#310,#311,#312,#313));
#807=EDGE_LOOP('',(#314,#315,#316,#317,#318,#319));
#808=EDGE_LOOP('',(#320,#321,#322,#323,#324,#325));
#809=EDGE_LOOP('',(#326,#327,#328,#329));
#810=EDGE_LOOP('',(#330,#331,#332,#333));
#811=EDGE_LOOP('',(#334,#335,#336,#337,#338));
#812=EDGE_LOOP('',(#339,#340,#341,#342,#343));
#813=EDGE_LOOP('',(#344,#345,#346,#347));
#814=EDGE_LOOP('',(#348,#349,#350,#351,#352,#353));
#815=EDGE_LOOP('',(#354,#355,#356,#357,#358,#359));
#816=EDGE_LOOP('',(#360,#361,#362,#363));
#817=EDGE_LOOP('',(#364,#365,#366,#367));
#818=EDGE_LOOP('',(#368));
#819=EDGE_LOOP('',(#369));
#820=EDGE_LOOP('',(#370));
#821=EDGE_LOOP('',(#371));
#822=EDGE_LOOP('',(#372));
#823=EDGE_LOOP('',(#373));
#824=EDGE_LOOP('',(#374,#375,#376,#377,#378,#379,#380,#381,#382,#383,#384,
#385,#386,#387,#388,#389,#390,#391,#392,#393));
#825=EDGE_LOOP('',(#394));
#826=EDGE_LOOP('',(#395,#396,#397,#398,#399,#400,#401,#402,#403,#404,#405,
#406,#407,#408,#409,#410,#411,#412,#413,#414,#415,#416,#417,#418,#419,#420,
#421,#422,#423,#424));
#827=EDGE_LOOP('',(#425));
#828=EDGE_LOOP('',(#426));
#829=EDGE_LOOP('',(#427));
#830=EDGE_LOOP('',(#428));
#831=EDGE_LOOP('',(#429));
#832=EDGE_LOOP('',(#430));
#833=EDGE_LOOP('',(#431,#432,#433,#434,#435,#436,#437,#438,#439,#440,#441,
#442,#443,#444,#445,#446,#447,#448,#449,#450,#451,#452,#453,#454,#455,#456,
#457,#458,#459,#460));
#834=EDGE_LOOP('',(#461));
#835=EDGE_LOOP('',(#462,#463,#464,#465,#466,#467,#468,#469,#470,#471,#472,
#473,#474,#475,#476,#477,#478,#479,#480,#481));
#836=EDGE_LOOP('',(#482));
#837=EDGE_LOOP('',(#483));
#838=EDGE_LOOP('',(#484));
#839=EDGE_LOOP('',(#485));
#840=FACE_BOUND('',#779,.T.);
#841=FACE_BOUND('',#780,.T.);
#842=FACE_BOUND('',#781,.T.);
#843=FACE_BOUND('',#782,.T.);
#844=FACE_BOUND('',#783,.T.);
#845=FACE_BOUND('',#784,.T.);
#846=FACE_BOUND('',#785,.T.);
#847=FACE_BOUND('',#786,.T.);
#848=FACE_BOUND('',#787,.T.);
#849=FACE_BOUND('',#788,.T.);
#850=FACE_BOUND('',#789,.T.);
#851=FACE_BOUND('',#790,.T.);
#852=FACE_BOUND('',#791,.T.);
#853=FACE_BOUND('',#792,.T.);
#854=FACE_BOUND('',#793,.T.);
#855=FACE_BOUND('',#794,.T.);
#856=FACE_BOUND('',#795,.T.);
#857=FACE_BOUND('',#796,.T.);
#858=FACE_BOUND('',#797,.T.);
#859=FACE_BOUND('',#798,.T.);
#860=FACE_BOUND('',#799,.T.);
#861=FACE_BOUND('',#800,.T.);
#862=FACE_BOUND('',#801,.T.);
#863=FACE_BOUND('',#802,.T.);
#864=FACE_BOUND('',#803,.T.);
#865=FACE_BOUND('',#804,.T.);
#866=FACE_BOUND('',#805,.T.);
#867=FACE_BOUND('',#806,.T.);
#868=FACE_BOUND('',#807,.T.);
#869=FACE_BOUND('',#808,.T.);
#870=FACE_BOUND('',#809,.T.);
#871=FACE_BOUND('',#810,.T.);
#872=FACE_BOUND('',#811,.T.);
#873=FACE_BOUND('',#812,.T.);
#874=FACE_BOUND('',#813,.T.);
#875=FACE_BOUND('',#814,.T.);
#876=FACE_BOUND('',#815,.T.);
#877=FACE_BOUND('',#816,.T.);
#878=FACE_BOUND('',#817,.T.);
#879=FACE_BOUND('',#818,.T.);
#880=FACE_BOUND('',#819,.T.);
#881=FACE_BOUND('',#820,.T.);
#882=FACE_BOUND('',#821,.T.);
#883=FACE_BOUND('',#822,.T.);
#884=FACE_BOUND('',#823,.T.);
#885=FACE_BOUND('',#824,.T.);
#886=FACE_BOUND('',#825,.T.);
#887=FACE_BOUND('',#826,.T.);
#888=FACE_BOUND('',#827,.T.);
#889=FACE_BOUND('',#828,.T.);
#890=FACE_BOUND('',#829,.T.);
#891=FACE_BOUND('',#830,.T.);
#892=FACE_BOUND('',#831,.T.);
#893=FACE_BOUND('',#832,.T.);
#894=FACE_BOUND('',#833,.T.);
#895=FACE_BOUND('',#834,.T.);
#896=FACE_BOUND('',#835,.T.);
#897=FACE_BOUND('',#836,.T.);
#898=FACE_BOUND('',#837,.T.);
#899=FACE_BOUND('',#838,.T.);
#900=FACE_BOUND('',#839,.T.);
#901=TOROIDAL_SURFACE('',#968,0.00745349660420444,0.0005);
#902=TOROIDAL_SURFACE('',#971,0.0035,0.0005);
#903=TOROIDAL_SURFACE('',#1042,0.004,0.003);
#904=TOROIDAL_SURFACE('',#1049,0.0204133785500846,0.00308662144991539);
#905=TOROIDAL_SURFACE('',#1057,0.0204133785500846,0.00208662144991539);
#906=ADVANCED_FACE('',(#840,#841),#901,.T.);
#907=ADVANCED_FACE('',(#842,#843),#902,.T.);
#908=ADVANCED_FACE('',(#844),#170,.F.);
#909=ADVANCED_FACE('',(#845),#171,.F.);
#910=ADVANCED_FACE('',(#846),#172,.F.);
#911=ADVANCED_FACE('',(#847),#47,.F.);
#912=ADVANCED_FACE('',(#848),#48,.F.);
#913=ADVANCED_FACE('',(#849),#173,.F.);
#914=ADVANCED_FACE('',(#850),#49,.T.);
#915=ADVANCED_FACE('',(#851),#174,.F.);
#916=ADVANCED_FACE('',(#852),#175,.F.);
#917=ADVANCED_FACE('',(#853),#176,.F.);
#918=ADVANCED_FACE('',(#854),#50,.F.);
#919=ADVANCED_FACE('',(#855),#51,.F.);
#920=ADVANCED_FACE('',(#856),#177,.F.);
#921=ADVANCED_FACE('',(#857),#52,.T.);
#922=ADVANCED_FACE('',(#858),#178,.F.);
#923=ADVANCED_FACE('',(#859),#179,.F.);
#924=ADVANCED_FACE('',(#860),#180,.F.);
#925=ADVANCED_FACE('',(#861),#53,.F.);
#926=ADVANCED_FACE('',(#862),#54,.F.);
#927=ADVANCED_FACE('',(#863),#181,.F.);
#928=ADVANCED_FACE('',(#864),#55,.T.);
#929=ADVANCED_FACE('',(#865),#182,.F.);
#930=ADVANCED_FACE('',(#866),#183,.F.);
#931=ADVANCED_FACE('',(#867),#184,.F.);
#932=ADVANCED_FACE('',(#868),#56,.F.);
#933=ADVANCED_FACE('',(#869),#57,.F.);
#934=ADVANCED_FACE('',(#870),#185,.F.);
#935=ADVANCED_FACE('',(#871),#58,.T.);
#936=ADVANCED_FACE('',(#872),#186,.F.);
#937=ADVANCED_FACE('',(#873),#187,.F.);
#938=ADVANCED_FACE('',(#874),#188,.F.);
#939=ADVANCED_FACE('',(#875),#59,.F.);
#940=ADVANCED_FACE('',(#876),#60,.F.);
#941=ADVANCED_FACE('',(#877),#189,.F.);
#942=ADVANCED_FACE('',(#878),#61,.T.);
#943=ADVANCED_FACE('',(#879),#62,.F.);
#944=ADVANCED_FACE('',(#880,#881),#190,.T.);
#945=ADVANCED_FACE('',(#882,#883),#903,.F.);
#946=ADVANCED_FACE('',(#884,#885),#20,.T.);
#947=ADVANCED_FACE('',(#886,#887),#904,.T.);
#948=ADVANCED_FACE('',(#888,#889),#191,.T.);
#949=ADVANCED_FACE('',(#890,#891),#63,.F.);
#950=ADVANCED_FACE('',(#892,#893),#192,.F.);
#951=ADVANCED_FACE('',(#894,#895),#905,.F.);
#952=ADVANCED_FACE('',(#896,#897),#21,.F.);
#953=ADVANCED_FACE('',(#898,#899),#193,.T.);
#954=ADVANCED_FACE('',(#900),#64,.F.);
#955=CLOSED_SHELL('',(#906,#907,#908,#909,#910,#911,#912,#913,#914,#915,
#916,#917,#918,#919,#920,#921,#922,#923,#924,#925,#926,#927,#928,#929,#930,
#931,#932,#933,#934,#935,#936,#937,#938,#939,#940,#941,#942,#943,#944,#945,
#946,#947,#948,#949,#950,#951,#952,#953,#954));
#956=STYLED_ITEM('',(#957),#964);
#957=PRESENTATION_STYLE_ASSIGNMENT((#958));
#958=SURFACE_STYLE_USAGE(.BOTH.,#959);
#959=SURFACE_SIDE_STYLE('',(#960));
#960=SURFACE_STYLE_FILL_AREA(#961);
#961=FILL_AREA_STYLE('',(#962));
#962=FILL_AREA_STYLE_COLOUR('',#963);
#963=COLOUR_RGB('',1.,0.792156862745098,0.);
#964=MANIFOLD_SOLID_BREP('right_wheel',#955);
#965=SHAPE_DEFINITION_REPRESENTATION(#1828,#966);
#966=SHAPE_REPRESENTATION('right_wheel',(#967),#1823);
#967=AXIS2_PLACEMENT_3D('',#1300,#1068,#1069);
#968=AXIS2_PLACEMENT_3D('',#1301,#1070,#1071);
#969=AXIS2_PLACEMENT_3D('',#1302,#1072,#1073);
#970=AXIS2_PLACEMENT_3D('',#1304,#1074,#1075);
#971=AXIS2_PLACEMENT_3D('',#1306,#1076,#1077);
#972=AXIS2_PLACEMENT_3D('',#1307,#1078,#1079);
#973=AXIS2_PLACEMENT_3D('',#1309,#1080,#1081);
#974=AXIS2_PLACEMENT_3D('',#1311,#1082,#1083);
#975=AXIS2_PLACEMENT_3D('',#1327,#1085,#1086);
#976=AXIS2_PLACEMENT_3D('',#1330,#1088,#1089);
#977=AXIS2_PLACEMENT_3D('',#1341,#1091,#1092);
#978=AXIS2_PLACEMENT_3D('',#1349,#1094,#1095);
#979=AXIS2_PLACEMENT_3D('',#1370,#1098,#1099);
#980=AXIS2_PLACEMENT_3D('',#1371,#1100,#1101);
#981=AXIS2_PLACEMENT_3D('',#1384,#1102,#1103);
#982=AXIS2_PLACEMENT_3D('',#1401,#1104,#1105);
#983=AXIS2_PLACEMENT_3D('',#1402,#1106,#1107);
#984=AXIS2_PLACEMENT_3D('',#1403,#1108,#1109);
#985=AXIS2_PLACEMENT_3D('',#1404,#1110,#1111);
#986=AXIS2_PLACEMENT_3D('',#1405,#1112,#1113);
#987=AXIS2_PLACEMENT_3D('',#1406,#1114,#1115);
#988=AXIS2_PLACEMENT_3D('',#1422,#1117,#1118);
#989=AXIS2_PLACEMENT_3D('',#1425,#1120,#1121);
#990=AXIS2_PLACEMENT_3D('',#1436,#1123,#1124);
#991=AXIS2_PLACEMENT_3D('',#1444,#1126,#1127);
#992=AXIS2_PLACEMENT_3D('',#1465,#1130,#1131);
#993=AXIS2_PLACEMENT_3D('',#1466,#1132,#1133);
#994=AXIS2_PLACEMENT_3D('',#1479,#1134,#1135);
#995=AXIS2_PLACEMENT_3D('',#1496,#1136,#1137);
#996=AXIS2_PLACEMENT_3D('',#1497,#1138,#1139);
#997=AXIS2_PLACEMENT_3D('',#1498,#1140,#1141);
#998=AXIS2_PLACEMENT_3D('',#1499,#1142,#1143);
#999=AXIS2_PLACEMENT_3D('',#1500,#1144,#1145);
#1000=AXIS2_PLACEMENT_3D('',#1501,#1146,#1147);
#1001=AXIS2_PLACEMENT_3D('',#1517,#1149,#1150);
#1002=AXIS2_PLACEMENT_3D('',#1520,#1152,#1153);
#1003=AXIS2_PLACEMENT_3D('',#1531,#1155,#1156);
#1004=AXIS2_PLACEMENT_3D('',#1539,#1158,#1159);
#1005=AXIS2_PLACEMENT_3D('',#1560,#1162,#1163);
#1006=AXIS2_PLACEMENT_3D('',#1561,#1164,#1165);
#1007=AXIS2_PLACEMENT_3D('',#1574,#1166,#1167);
#1008=AXIS2_PLACEMENT_3D('',#1591,#1168,#1169);
#1009=AXIS2_PLACEMENT_3D('',#1592,#1170,#1171);
#1010=AXIS2_PLACEMENT_3D('',#1593,#1172,#1173);
#1011=AXIS2_PLACEMENT_3D('',#1594,#1174,#1175);
#1012=AXIS2_PLACEMENT_3D('',#1595,#1176,#1177);
#1013=AXIS2_PLACEMENT_3D('',#1596,#1178,#1179);
#1014=AXIS2_PLACEMENT_3D('',#1612,#1181,#1182);
#1015=AXIS2_PLACEMENT_3D('',#1615,#1184,#1185);
#1016=AXIS2_PLACEMENT_3D('',#1626,#1187,#1188);
#1017=AXIS2_PLACEMENT_3D('',#1634,#1190,#1191);
#1018=AXIS2_PLACEMENT_3D('',#1655,#1194,#1195);
#1019=AXIS2_PLACEMENT_3D('',#1656,#1196,#1197);
#1020=AXIS2_PLACEMENT_3D('',#1669,#1198,#1199);
#1021=AXIS2_PLACEMENT_3D('',#1686,#1200,#1201);
#1022=AXIS2_PLACEMENT_3D('',#1687,#1202,#1203);
#1023=AXIS2_PLACEMENT_3D('',#1688,#1204,#1205);
#1024=AXIS2_PLACEMENT_3D('',#1689,#1206,#1207);
#1025=AXIS2_PLACEMENT_3D('',#1690,#1208,#1209);
#1026=AXIS2_PLACEMENT_3D('',#1691,#1210,#1211);
#1027=AXIS2_PLACEMENT_3D('',#1707,#1213,#1214);
#1028=AXIS2_PLACEMENT_3D('',#1710,#1216,#1217);
#1029=AXIS2_PLACEMENT_3D('',#1721,#1219,#1220);
#1030=AXIS2_PLACEMENT_3D('',#1729,#1222,#1223);
#1031=AXIS2_PLACEMENT_3D('',#1750,#1226,#1227);
#1032=AXIS2_PLACEMENT_3D('',#1751,#1228,#1229);
#1033=AXIS2_PLACEMENT_3D('',#1764,#1230,#1231);
#1034=AXIS2_PLACEMENT_3D('',#1781,#1232,#1233);
#1035=AXIS2_PLACEMENT_3D('',#1782,#1234,#1235);
#1036=AXIS2_PLACEMENT_3D('',#1783,#1236,#1237);
#1037=AXIS2_PLACEMENT_3D('',#1784,#1238,#1239);
#1038=AXIS2_PLACEMENT_3D('',#1785,#1240,#1241);
#1039=AXIS2_PLACEMENT_3D('',#1786,#1242,#1243);
#1040=AXIS2_PLACEMENT_3D('',#1787,#1244,#1245);
#1041=AXIS2_PLACEMENT_3D('',#1788,#1246,#1247);
#1042=AXIS2_PLACEMENT_3D('',#1790,#1248,#1249);
#1043=AXIS2_PLACEMENT_3D('',#1791,#1250,#1251);
#1044=AXIS2_PLACEMENT_3D('',#1792,#1252,#1253);
#1045=AXIS2_PLACEMENT_3D('',#1793,#1254,#1255);
#1046=AXIS2_PLACEMENT_3D('',#1794,#1256,#1257);
#1047=AXIS2_PLACEMENT_3D('',#1795,#1258,#1259);
#1048=AXIS2_PLACEMENT_3D('',#1796,#1260,#1261);
#1049=AXIS2_PLACEMENT_3D('',#1797,#1262,#1263);
#1050=AXIS2_PLACEMENT_3D('',#1798,#1264,#1265);
#1051=AXIS2_PLACEMENT_3D('',#1800,#1266,#1267);
#1052=AXIS2_PLACEMENT_3D('',#1801,#1268,#1269);
#1053=AXIS2_PLACEMENT_3D('',#1803,#1270,#1271);
#1054=AXIS2_PLACEMENT_3D('',#1804,#1272,#1273);
#1055=AXIS2_PLACEMENT_3D('',#1806,#1274,#1275);
#1056=AXIS2_PLACEMENT_3D('',#1807,#1276,#1277);
#1057=AXIS2_PLACEMENT_3D('',#1809,#1278,#1279);
#1058=AXIS2_PLACEMENT_3D('',#1810,#1280,#1281);
#1059=AXIS2_PLACEMENT_3D('',#1811,#1282,#1283);
#1060=AXIS2_PLACEMENT_3D('',#1812,#1284,#1285);
#1061=AXIS2_PLACEMENT_3D('',#1813,#1286,#1287);
#1062=AXIS2_PLACEMENT_3D('',#1814,#1288,#1289);
#1063=AXIS2_PLACEMENT_3D('',#1815,#1290,#1291);
#1064=AXIS2_PLACEMENT_3D('',#1816,#1292,#1293);
#1065=AXIS2_PLACEMENT_3D('',#1818,#1294,#1295);
#1066=AXIS2_PLACEMENT_3D('',#1819,#1296,#1297);
#1067=AXIS2_PLACEMENT_3D('',#1821,#1298,#1299);
#1068=DIRECTION('',(0.,0.,1.));
#1069=DIRECTION('',(1.,0.,0.));
#1070=DIRECTION('',(0.,1.,0.));
#1071=DIRECTION('',(0.,0.,1.));
#1072=DIRECTION('',(0.,-1.,0.));
#1073=DIRECTION('',(0.,0.,-1.));
#1074=DIRECTION('',(0.,1.,0.));
#1075=DIRECTION('',(0.,0.,-1.));
#1076=DIRECTION('',(0.,1.,0.));
#1077=DIRECTION('',(0.,0.,1.));
#1078=DIRECTION('',(0.,-1.,0.));
#1079=DIRECTION('',(0.,0.,1.));
#1080=DIRECTION('',(0.,1.,0.));
#1081=DIRECTION('',(0.,0.,1.));
#1082=DIRECTION('',(0.,-1.,0.));
#1083=DIRECTION('',(0.,0.,-1.));
#1084=DIRECTION('',(0.,-1.,0.));
#1085=DIRECTION('',(0.,-1.,0.));
#1086=DIRECTION('',(0.,0.,-1.));
#1087=DIRECTION('',(0.,1.,0.));
#1088=DIRECTION('',(0.,-1.,0.));
#1089=DIRECTION('',(0.0853108885791627,0.,0.996354380875517));
#1090=DIRECTION('',(0.,-1.,0.));
#1091=DIRECTION('',(0.,-1.,0.));
#1092=DIRECTION('',(0.,0.,-1.));
#1093=DIRECTION('',(0.,1.,0.));
#1094=DIRECTION('',(0.,-1.,0.));
#1095=DIRECTION('',(0.,0.,-1.));
#1096=DIRECTION('',(0.,-1.,0.));
#1097=DIRECTION('',(0.,1.,0.));
#1098=DIRECTION('',(0.848048096156424,0.,0.529919264233208));
#1099=DIRECTION('',(0.529919264233208,0.,-0.848048096156424));
#1100=DIRECTION('',(0.848041493615837,-4.26616028322769E-5,0.529929828643197));
#1101=DIRECTION('',(0.517533305190242,0.215097631209735,-0.828186142764309));
#1102=DIRECTION('',(0.374606593415916,0.,-0.927183854566786));
#1103=DIRECTION('',(-0.927183854566786,0.,-0.374606593415916));
#1104=DIRECTION('',(0.,-1.,0.));
#1105=DIRECTION('',(0.,0.,-1.));
#1106=DIRECTION('',(0.,1.,0.));
#1107=DIRECTION('',(0.309016994374944,0.,0.951056516295155));
#1108=DIRECTION('',(0.,1.,0.));
#1109=DIRECTION('',(0.,0.,1.));
#1110=DIRECTION('',(0.,-1.,0.));
#1111=DIRECTION('',(0.,0.,-1.));
#1112=DIRECTION('',(0.,1.,0.));
#1113=DIRECTION('',(0.,0.,-1.));
#1114=DIRECTION('',(0.,-1.,0.));
#1115=DIRECTION('',(0.,0.,-1.));
#1116=DIRECTION('',(0.,-1.,0.));
#1117=DIRECTION('',(0.,-1.,0.));
#1118=DIRECTION('',(0.,0.,-1.));
#1119=DIRECTION('',(0.,1.,0.));
#1120=DIRECTION('',(0.,-1.,0.));
#1121=DIRECTION('',(0.,0.,-1.));
#1122=DIRECTION('',(0.,-1.,0.));
#1123=DIRECTION('',(0.,-1.,0.));
#1124=DIRECTION('',(0.,0.,-1.));
#1125=DIRECTION('',(0.,1.,0.));
#1126=DIRECTION('',(0.,-1.,0.));
#1127=DIRECTION('',(0.587785252292476,0.,0.809016994374945));
#1128=DIRECTION('',(0.,-1.,0.));
#1129=DIRECTION('',(0.,1.,0.));
#1130=DIRECTION('',(-0.241921895599671,0.,0.970295726275996));
#1131=DIRECTION('',(0.970295726275996,0.,0.241921895599671));
#1132=DIRECTION('',(-0.241933969437034,-4.26128584306447E-5,0.970292714914723));
#1133=DIRECTION('',(0.94757452188048,0.215115870398454,0.236278834823804));
#1134=DIRECTION('',(0.997564050259824,0.,0.0697564737441286));
#1135=DIRECTION('',(0.0697564737441286,0.,-0.997564050259824));
#1136=DIRECTION('',(0.,-1.,0.));
#1137=DIRECTION('',(0.,0.,-1.));
#1138=DIRECTION('',(0.,1.,0.));
#1139=DIRECTION('',(-0.809016994374949,0.,0.58778525229247));
#1140=DIRECTION('',(0.,1.,0.));
#1141=DIRECTION('',(0.,0.,1.));
#1142=DIRECTION('',(0.,-1.,0.));
#1143=DIRECTION('',(0.,0.,-1.));
#1144=DIRECTION('',(0.,1.,0.));
#1145=DIRECTION('',(0.,0.,-1.));
#1146=DIRECTION('',(0.,-1.,0.));
#1147=DIRECTION('',(0.,0.,-1.));
#1148=DIRECTION('',(0.,-1.,0.));
#1149=DIRECTION('',(0.,-1.,0.));
#1150=DIRECTION('',(0.,0.,-1.));
#1151=DIRECTION('',(0.,1.,0.));
#1152=DIRECTION('',(0.,-1.,0.));
#1153=DIRECTION('',(0.,0.,-1.));
#1154=DIRECTION('',(0.,-1.,0.));
#1155=DIRECTION('',(0.,-1.,0.));
#1156=DIRECTION('',(0.,0.,-1.));
#1157=DIRECTION('',(0.,1.,0.));
#1158=DIRECTION('',(0.,-1.,0.));
#1159=DIRECTION('',(-0.587785252292471,0.,0.809016994374949));
#1160=DIRECTION('',(0.,-1.,0.));
#1161=DIRECTION('',(0.,1.,0.));
#1162=DIRECTION('',(-0.997564050259824,0.,0.0697564737441233));
#1163=DIRECTION('',(0.0697564737441233,0.,0.997564050259824));
#1164=DIRECTION('',(-0.997564917118204,-4.26036184713818E-5,0.0697440629722909));
#1165=DIRECTION('',(0.0681020565108494,0.215119328716367,0.97421033884455));
#1166=DIRECTION('',(0.241921895599666,0.,0.970295726275997));
#1167=DIRECTION('',(0.970295726275997,0.,-0.241921895599666));
#1168=DIRECTION('',(0.,-1.,0.));
#1169=DIRECTION('',(0.,0.,-1.));
#1170=DIRECTION('',(0.,1.,0.));
#1171=DIRECTION('',(-0.809016994374947,0.,-0.587785252292474));
#1172=DIRECTION('',(0.,1.,0.));
#1173=DIRECTION('',(0.,0.,1.));
#1174=DIRECTION('',(0.,-1.,0.));
#1175=DIRECTION('',(0.,0.,-1.));
#1176=DIRECTION('',(0.,1.,0.));
#1177=DIRECTION('',(0.,0.,-1.));
#1178=DIRECTION('',(0.,-1.,0.));
#1179=DIRECTION('',(-0.0853108885758041,0.,0.996354380875804));
#1180=DIRECTION('',(0.,-1.,0.));
#1181=DIRECTION('',(0.,-1.,0.));
#1182=DIRECTION('',(0.,0.,-1.));
#1183=DIRECTION('',(0.,1.,0.));
#1184=DIRECTION('',(0.,-1.,0.));
#1185=DIRECTION('',(0.,0.,-1.));
#1186=DIRECTION('',(0.,-1.,0.));
#1187=DIRECTION('',(0.,-1.,0.));
#1188=DIRECTION('',(0.,0.,-1.));
#1189=DIRECTION('',(0.,1.,0.));
#1190=DIRECTION('',(0.,-1.,0.));
#1191=DIRECTION('',(0.,0.,-1.));
#1192=DIRECTION('',(0.,-1.,0.));
#1193=DIRECTION('',(0.,1.,0.));
#1194=DIRECTION('',(-0.374606593415911,0.,-0.927183854566788));
#1195=DIRECTION('',(-0.927183854566788,0.,0.374606593415911));
#1196=DIRECTION('',(-0.374595051186079,-4.26285780941372E-5,-0.927188516866825));
#1197=DIRECTION('',(0.905486310461541,-0.215109987694578,-0.36581721495958));
#1198=DIRECTION('',(-0.848048096156427,0.,0.529919264233204));
#1199=DIRECTION('',(0.529919264233204,0.,0.848048096156427));
#1200=DIRECTION('',(0.,-1.,0.));
#1201=DIRECTION('',(0.,0.,-1.));
#1202=DIRECTION('',(0.,1.,0.));
#1203=DIRECTION('',(0.309016994374948,0.,-0.951056516295153));
#1204=DIRECTION('',(0.,1.,0.));
#1205=DIRECTION('',(0.,0.,1.));
#1206=DIRECTION('',(0.,-1.,0.));
#1207=DIRECTION('',(0.,0.,-1.));
#1208=DIRECTION('',(0.,1.,0.));
#1209=DIRECTION('',(0.,0.,-1.));
#1210=DIRECTION('',(0.,-1.,0.));
#1211=DIRECTION('',(0.,0.,-1.));
#1212=DIRECTION('',(0.,-1.,0.));
#1213=DIRECTION('',(0.,-1.,0.));
#1214=DIRECTION('',(0.,0.,-1.));
#1215=DIRECTION('',(0.,1.,0.));
#1216=DIRECTION('',(0.,-1.,0.));
#1217=DIRECTION('',(0.,0.,-1.));
#1218=DIRECTION('',(0.,-1.,0.));
#1219=DIRECTION('',(0.,-1.,0.));
#1220=DIRECTION('',(0.,0.,-1.));
#1221=DIRECTION('',(0.,1.,0.));
#1222=DIRECTION('',(0.,-1.,0.));
#1223=DIRECTION('',(0.,0.,-1.));
#1224=DIRECTION('',(0.,-1.,0.));
#1225=DIRECTION('',(0.,1.,0.));
#1226=DIRECTION('',(0.766044443118978,0.,-0.642787609686539));
#1227=DIRECTION('',(-0.642787609686539,0.,-0.766044443118978));
#1228=DIRECTION('',(0.766046258491559,-9.67160304838946E-6,-0.642785446130778));
#1229=DIRECTION('',(0.625216088188199,-0.232193913807556,0.745111286628632));
#1230=DIRECTION('',(-0.766044443118978,0.,-0.642787609686539));
#1231=DIRECTION('',(-0.642787609686539,0.,0.766044443118978));
#1232=DIRECTION('',(0.,-1.,0.));
#1233=DIRECTION('',(1.22464679914735E-16,0.,1.));
#1234=DIRECTION('',(0.,1.,0.));
#1235=DIRECTION('',(1.,0.,-6.12323399573677E-17));
#1236=DIRECTION('',(0.,1.,0.));
#1237=DIRECTION('',(0.,0.,1.));
#1238=DIRECTION('',(0.,-1.,0.));
#1239=DIRECTION('',(0.,0.,-1.));
#1240=DIRECTION('',(0.,1.,0.));
#1241=DIRECTION('',(0.,0.,-1.));
#1242=DIRECTION('',(0.,1.,0.));
#1243=DIRECTION('',(0.,0.,1.));
#1244=DIRECTION('',(0.,-1.,0.));
#1245=DIRECTION('',(0.,0.,-1.));
#1246=DIRECTION('',(0.,-1.,0.));
#1247=DIRECTION('',(0.,0.,-1.));
#1248=DIRECTION('',(0.,-1.,0.));
#1249=DIRECTION('',(0.,0.,-1.));
#1250=DIRECTION('',(0.,1.,0.));
#1251=DIRECTION('',(0.,0.,1.));
#1252=DIRECTION('',(0.,-1.,0.));
#1253=DIRECTION('',(0.,0.,-1.));
#1254=DIRECTION('',(0.,-1.,0.));
#1255=DIRECTION('',(0.,0.,-1.));
#1256=DIRECTION('',(0.,-1.,0.));
#1257=DIRECTION('',(0.,0.,-1.));
#1258=DIRECTION('',(0.,-1.,0.));
#1259=DIRECTION('',(0.,0.,-1.));
#1260=DIRECTION('',(0.,-1.,0.));
#1261=DIRECTION('',(0.,0.,-1.));
#1262=DIRECTION('',(0.,-1.,0.));
#1263=DIRECTION('',(0.,0.,-1.));
#1264=DIRECTION('',(0.,-1.,0.));
#1265=DIRECTION('',(0.,0.,-1.));
#1266=DIRECTION('',(0.,-1.,0.));
#1267=DIRECTION('',(0.,0.,-1.));
#1268=DIRECTION('',(0.,-1.,0.));
#1269=DIRECTION('',(0.,0.,-1.));
#1270=DIRECTION('',(0.,-1.,0.));
#1271=DIRECTION('',(0.,0.,-1.));
#1272=DIRECTION('',(0.,-1.,0.));
#1273=DIRECTION('',(0.,0.,-1.));
#1274=DIRECTION('',(0.,-1.,0.));
#1275=DIRECTION('',(0.,0.,-1.));
#1276=DIRECTION('',(0.,-1.,0.));
#1277=DIRECTION('',(0.,0.,-1.));
#1278=DIRECTION('',(0.,-1.,0.));
#1279=DIRECTION('',(0.,0.,-1.));
#1280=DIRECTION('',(0.,-1.,0.));
#1281=DIRECTION('',(0.,0.,-1.));
#1282=DIRECTION('',(0.,-1.,0.));
#1283=DIRECTION('',(0.,0.,-1.));
#1284=DIRECTION('',(0.,-1.,0.));
#1285=DIRECTION('',(0.,0.,-1.));
#1286=DIRECTION('',(0.,-1.,0.));
#1287=DIRECTION('',(0.,0.,-1.));
#1288=DIRECTION('',(0.,-1.,0.));
#1289=DIRECTION('',(0.,0.,-1.));
#1290=DIRECTION('',(0.,1.,0.));
#1291=DIRECTION('',(0.,0.,1.));
#1292=DIRECTION('',(0.,-1.,0.));
#1293=DIRECTION('',(0.,0.,-1.));
#1294=DIRECTION('',(0.,-1.,0.));
#1295=DIRECTION('',(0.,0.,-1.));
#1296=DIRECTION('',(0.,-1.,0.));
#1297=DIRECTION('',(0.,0.,-1.));
#1298=DIRECTION('',(0.,-1.,0.));
#1299=DIRECTION('',(0.,0.,-1.));
#1300=CARTESIAN_POINT('',(0.,0.,0.));
#1301=CARTESIAN_POINT('',(0.,0.0175686485775489,0.));
#1302=CARTESIAN_POINT('',(0.,0.0174874130664705,0.));
#1303=CARTESIAN_POINT('',(0.,0.0174874130664705,-0.00696013994646095));
#1304=CARTESIAN_POINT('',(0.,0.0170735145431781,0.));
#1305=CARTESIAN_POINT('',(0.,0.0170735145431781,-0.00752308315468447));
#1306=CARTESIAN_POINT('',(0.,0.01950208286366,0.));
#1307=CARTESIAN_POINT('',(0.,0.01900208286366,0.));
#1308=CARTESIAN_POINT('',(0.,0.01900208286366,0.0035));
#1309=CARTESIAN_POINT('',(0.,0.01950208286366,0.));
#1310=CARTESIAN_POINT('',(0.,0.01950208286366,0.004));
#1311=CARTESIAN_POINT('',(-0.0218878483059739,0.021,-0.00221857984636066));
#1312=CARTESIAN_POINT('',(-0.021513241712558,0.0192160559366404,-0.00314576370092742));
#1313=CARTESIAN_POINT('',(-0.021822125076644,0.0193704216670939,-0.0032705606807424));
#1314=CARTESIAN_POINT('',(-0.0222927064156356,0.0197056910691735,-0.00320532473689673));
#1315=CARTESIAN_POINT('',(-0.0227259867495799,0.0201608925158016,-0.00282659968365022));
#1316=CARTESIAN_POINT('',(-0.0228641330567271,0.0203178556076416,-0.00250309855463023));
#1317=CARTESIAN_POINT('',(-0.0228827505017,0.0203178556076417,-0.00231942438483161));
#1318=CARTESIAN_POINT('',(-0.0215132417125579,0.0192160559366404,-0.00314576370092744));
#1319=CARTESIAN_POINT('',(-0.0228827505016999,0.0203178556076416,-0.0023194243848316));
#1320=CARTESIAN_POINT('',(-0.0215132417125579,0.0203178556076416,-0.00314576370092745));
#1321=CARTESIAN_POINT('',(-0.0215132417125579,0.0203931381355081,-0.00314576370092744));
#1322=CARTESIAN_POINT('',(-0.022010644297435,0.021,-0.00321101178079299));
#1323=CARTESIAN_POINT('',(-0.0218801741486878,0.0207684555449101,-0.00322715516626421));
#1324=CARTESIAN_POINT('',(-0.0217063787205008,0.020560272616583,-0.0032237961173157));
#1325=CARTESIAN_POINT('',(-0.0215132417125579,0.0203931381355081,-0.00314576370092741));
#1326=CARTESIAN_POINT('',(-0.022010644297435,0.021,-0.00321101178079299));
#1327=CARTESIAN_POINT('',(-0.0218878483059739,0.021,-0.00221857984636066));
#1328=CARTESIAN_POINT('',(-0.0228827505016999,0.021,-0.0023194243848316));
#1329=CARTESIAN_POINT('',(-0.0228827505016999,0.021,-0.0023194243848316));
#1330=CARTESIAN_POINT('',(-0.0164035927351098,0.021,0.0146602232377496));
#1331=CARTESIAN_POINT('',(-0.0171492105867057,0.0203178556076416,0.0153265970212837));
#1332=CARTESIAN_POINT('',(-0.0170260462940069,0.0203178556076416,0.0154644078079392));
#1333=CARTESIAN_POINT('',(-0.016723390015776,0.0201603039366582,0.0156451598827939));
#1334=CARTESIAN_POINT('',(-0.0161504874355609,0.0197050998715877,0.0156960424122826));
#1335=CARTESIAN_POINT('',(-0.0157323496240165,0.0193706550619112,0.0154730896244859));
#1336=CARTESIAN_POINT('',(-0.0155555446389533,0.0192160559366404,0.0151901425019828));
#1337=CARTESIAN_POINT('',(-0.0171492105867057,0.0203178556076416,0.0153265970212837));
#1338=CARTESIAN_POINT('',(-0.0155555446389533,0.0192160559371024,0.0151901425019828));
#1339=CARTESIAN_POINT('',(-0.0171492105867057,0.021,0.0153265970212837));
#1340=CARTESIAN_POINT('',(-0.0171492105867057,0.021,0.0153265970212837));
#1341=CARTESIAN_POINT('',(-0.0164035927351098,0.021,0.0146602232377496));
#1342=CARTESIAN_POINT('',(-0.0159195999240796,0.021,0.0155352952112872));
#1343=CARTESIAN_POINT('',(-0.0155555446389498,0.0203931381355027,0.0151901425019771));
#1344=CARTESIAN_POINT('',(-0.0156662577038689,0.0205607696175263,0.0153673204425857));
#1345=CARTESIAN_POINT('',(-0.0158043576233902,0.0207680512141743,0.0154715559455503));
#1346=CARTESIAN_POINT('',(-0.0159195999240796,0.021,0.0155352952112872));
#1347=CARTESIAN_POINT('',(-0.0155555446389515,0.0203931381355027,0.0151901425019799));
#1348=CARTESIAN_POINT('',(-0.0155555446389533,0.021,0.0151901425019828));
#1349=CARTESIAN_POINT('',(-0.0164859398289086,0.021,0.00535660656132289));
#1350=CARTESIAN_POINT('',(-0.0113976512519701,0.0180174871961832,0.00853612214672216));
#1351=CARTESIAN_POINT('',(-0.0109332602488496,0.0179026363621103,0.00779294118945242));
#1352=CARTESIAN_POINT('',(-0.0103418865611977,0.0176965196957011,0.00612218845171086));
#1353=CARTESIAN_POINT('',(-0.0105919726732434,0.0175656276448718,0.003446266917743));
#1354=CARTESIAN_POINT('',(-0.0119609688293626,0.017695884263946,0.00112890131578469));
#1355=CARTESIAN_POINT('',(-0.0134257410760692,0.017902632379968,0.000121798657672622));
#1356=CARTESIAN_POINT('',(-0.0142383002684127,0.0180174871961831,-0.000206496566077661));
#1357=CARTESIAN_POINT('',(-0.0113976512519701,0.0180174871961831,0.00853612214672215));
#1358=CARTESIAN_POINT('',(-0.0142383002684129,0.0180174871961831,-0.000206496566077736));
#1359=CARTESIAN_POINT('',(-0.0113976512519701,0.0171405408347023,0.00853612214672214));
#1360=CARTESIAN_POINT('',(-0.01139765125197,0.0190273147687017,0.00853612214672198));
#1361=CARTESIAN_POINT('',(-0.0142383002684131,0.0190273147687018,-0.000206496566077822));
#1362=CARTESIAN_POINT('',(-0.013425769248386,0.0189124639346289,0.000121787275317711));
#1363=CARTESIAN_POINT('',(-0.0119652940655778,0.0187063472682197,0.00112585390135355));
#1364=CARTESIAN_POINT('',(-0.0105947507663217,0.0185754552173904,0.00343771682641103));
#1365=CARTESIAN_POINT('',(-0.0103401785968553,0.0187057118364646,0.00611718073158731));
#1366=CARTESIAN_POINT('',(-0.0109332441473468,0.0189124599524866,0.00779291542166141));
#1367=CARTESIAN_POINT('',(-0.0113976512519698,0.0190273147687017,0.00853612214672171));
#1368=CARTESIAN_POINT('',(-0.0142383002684131,0.0190273147687017,-0.000206496566077822));
#1369=CARTESIAN_POINT('',(-0.0142383002684131,0.018150368407221,-0.000206496566077824));
#1370=CARTESIAN_POINT('',(-0.00760845213036124,0.021,0.00247213595499955));
#1371=CARTESIAN_POINT('',(-0.0148096091246365,0.02205203873941,0.0139966575423803));
#1372=CARTESIAN_POINT('',(-0.0150645719421403,0.018945500201516,0.0144044219424565));
#1373=CARTESIAN_POINT('',(-0.0149884523289824,0.0199357682702576,0.0142826050971828));
#1374=CARTESIAN_POINT('',(-0.0151961049753528,0.0199891144634889,0.0146149187972161));
#1375=CARTESIAN_POINT('',(-0.0153920423427228,0.0201455780824,0.0149284841317476));
#1376=CARTESIAN_POINT('',(-0.0155555446389498,0.0203931381355027,0.0151901425019771));
#1377=CARTESIAN_POINT('',(-0.0149884523289824,0.0199357682702576,0.0142826050971828));
#1378=CARTESIAN_POINT('',(-0.0113976512519699,0.0190273147687017,0.00853612214672181));
#1379=CARTESIAN_POINT('',(-0.0128609324572437,0.0193892060753368,0.0108778615852184));
#1380=CARTESIAN_POINT('',(-0.0149884523289629,0.0199357682702525,0.0142826050971515));
#1381=CARTESIAN_POINT('',(-0.0150645719421402,0.018945500201516,0.0144044219424563));
#1382=CARTESIAN_POINT('',(-0.0128860239473635,0.0183855840032441,0.010918016363242));
#1383=CARTESIAN_POINT('',(-0.011397651251739,0.018017487196126,0.00853612214635242));
#1384=CARTESIAN_POINT('',(-0.0227117410359057,0.021,-0.00362998885920564));
#1385=CARTESIAN_POINT('',(-0.0215132417125579,0.0203931381355081,-0.00314576370092743));
#1386=CARTESIAN_POINT('',(-0.0212271109828047,0.0201455299140376,-0.0030301593820898));
#1387=CARTESIAN_POINT('',(-0.0208843972525211,0.0199891227367798,-0.00289169404710142));
#1388=CARTESIAN_POINT('',(-0.0205210172939668,0.0199357682702576,-0.00274487901390259));
#1389=CARTESIAN_POINT('',(-0.0205210172939497,0.0199357682702551,-0.00274487901389571));
#1390=CARTESIAN_POINT('',(-0.0206542014997495,0.018945500201516,-0.00279868892590582));
#1391=CARTESIAN_POINT('',(-0.0209530793621376,0.0189894031305147,-0.00291944342063218));
#1392=CARTESIAN_POINT('',(-0.0212395150345993,0.0190792599045435,-0.00303517094432144));
#1393=CARTESIAN_POINT('',(-0.0215132417125579,0.0192160559366404,-0.00314576370092744));
#1394=CARTESIAN_POINT('',(-0.0206542014997495,0.018945500201516,-0.00279868892590582));
#1395=CARTESIAN_POINT('',(-0.0142383002684127,0.0180174871961831,-0.000206496566077647));
#1396=CARTESIAN_POINT('',(-0.0168424613662252,0.0183855840032859,-0.00125864594589359));
#1397=CARTESIAN_POINT('',(-0.0206542014997495,0.018945500201516,-0.00279868892590582));
#1398=CARTESIAN_POINT('',(-0.0205210172939327,0.0199357682702525,-0.00274487901388882));
#1399=CARTESIAN_POINT('',(-0.016798559537689,0.0193892060753369,-0.00124090845580282));
#1400=CARTESIAN_POINT('',(-0.0142383002684131,0.0190273147687017,-0.000206496566077812));
#1401=CARTESIAN_POINT('',(0.,0.021,0.));
#1402=CARTESIAN_POINT('',(0.,0.021,0.));
#1403=CARTESIAN_POINT('',(0.,0.0203178556076416,0.));
#1404=CARTESIAN_POINT('',(0.,0.021,0.));
#1405=CARTESIAN_POINT('',(0.,0.021,0.));
#1406=CARTESIAN_POINT('',(-0.00465372227704443,0.021,-0.0215021596349795));
#1407=CARTESIAN_POINT('',(-0.00365615822678461,0.0192160559366404,-0.0214324031612353));
#1408=CARTESIAN_POINT('',(-0.00363291945469991,0.0193704216670939,-0.021764733085034));
#1409=CARTESIAN_POINT('',(-0.00384038015517513,0.0197056910691735,-0.0221921235186365));
#1410=CARTESIAN_POINT('',(-0.0043344600714667,0.0201608925158016,-0.022487165125968));
#1411=CARTESIAN_POINT('',(-0.00468481748486862,0.0203178556076417,-0.0225185827250158));
#1412=CARTESIAN_POINT('',(-0.00486525510781918,0.0203178556076417,-0.0224795305274786));
#1413=CARTESIAN_POINT('',(-0.00365615822678461,0.0192160559366404,-0.0214324031612353));
#1414=CARTESIAN_POINT('',(-0.00486525510781917,0.0203178556076416,-0.0224795305274785));
#1415=CARTESIAN_POINT('',(-0.0036561582267846,0.0203178556076416,-0.0214324031612353));
#1416=CARTESIAN_POINT('',(-0.0036561582267846,0.0203931381355082,-0.0214324031612353));
#1417=CARTESIAN_POINT('',(-0.00374780946702577,0.021,-0.0219256238963335));
#1418=CARTESIAN_POINT('',(-0.0036921387018568,0.0207684555449101,-0.0218065279916428));
#1419=CARTESIAN_POINT('',(-0.00364162760639337,0.0205602726165831,-0.0216402007139533));
#1420=CARTESIAN_POINT('',(-0.00365615822678461,0.0203931381355081,-0.0214324031612353));
#1421=CARTESIAN_POINT('',(-0.00374780946702576,0.021,-0.0219256238963335));
#1422=CARTESIAN_POINT('',(-0.00465372227704443,0.021,-0.0215021596349795));
#1423=CARTESIAN_POINT('',(-0.00486525510781917,0.021,-0.0224795305274785));
#1424=CARTESIAN_POINT('',(-0.00486525510781917,0.021,-0.0224795305274785));
#1425=CARTESIAN_POINT('',(-0.0190116897645578,0.021,-0.0110704856395828));
#1426=CARTESIAN_POINT('',(-0.0198758574811286,0.0203178556076416,-0.0115736895322911));
#1427=CARTESIAN_POINT('',(-0.0199688634682589,0.0203178556076416,-0.0114139674540432));
#1428=CARTESIAN_POINT('',(-0.0200472429734595,0.0201603039366322,-0.0110702687655045));
#1429=CARTESIAN_POINT('',(-0.0199185985011915,0.0197050998714703,-0.0105096824669857));
#1430=CARTESIAN_POINT('',(-0.0195773461098903,0.0193706550619277,-0.0101809059771102));
#1431=CARTESIAN_POINT('',(-0.0192536116601574,0.0192160559366404,-0.0101001899133068));
#1432=CARTESIAN_POINT('',(-0.0198758574811286,0.0203178556076416,-0.0115736895322911));
#1433=CARTESIAN_POINT('',(-0.0192536116601574,0.0192160559365886,-0.0101001899133068));
#1434=CARTESIAN_POINT('',(-0.0198758574811286,0.021,-0.0115736895322911));
#1435=CARTESIAN_POINT('',(-0.0198758574811286,0.021,-0.0115736895322911));
#1436=CARTESIAN_POINT('',(-0.0190116897645578,0.021,-0.0110704856395828));
#1437=CARTESIAN_POINT('',(-0.0196943706634544,0.021,-0.0103397690116881));
#1438=CARTESIAN_POINT('',(-0.0192536116601509,0.0203931381355027,-0.0101001899133052));
#1439=CARTESIAN_POINT('',(-0.0194563301136698,0.0205607696175263,-0.010150733300459));
#1440=CARTESIAN_POINT('',(-0.0195981391900475,0.0207680512141743,-0.0102498635869863));
#1441=CARTESIAN_POINT('',(-0.0196943706634544,0.021,-0.0103397690116881));
#1442=CARTESIAN_POINT('',(-0.0192536116601542,0.0203931381355027,-0.010100189913306));
#1443=CARTESIAN_POINT('',(-0.0192536116601574,0.021,-0.0101001899133068));
#1444=CARTESIAN_POINT('',(-0.0101888711507511,0.021,-0.0140237780419042));
#1445=CARTESIAN_POINT('',(-0.0116404025243487,0.0180174871961831,-0.00820200368424812));
#1446=CARTESIAN_POINT('',(-0.0107900907201518,0.0179026363621102,-0.00798999714031379));
#1447=CARTESIAN_POINT('',(-0.00901836592229394,0.017696519695701,-0.00794385833046777));
#1448=CARTESIAN_POINT('',(-0.00655069416899886,0.0175656276448718,-0.00900860958657381));
#1449=CARTESIAN_POINT('',(-0.00476979159009318,0.017695884263946,-0.0110267076548191));
#1450=CARTESIAN_POINT('',(-0.00426461956163869,0.017902632379968,-0.0127310006813745));
#1451=CARTESIAN_POINT('',(-0.00420348684919217,0.0180174871961831,-0.0136052391994392));
#1452=CARTESIAN_POINT('',(-0.0116404025243489,0.0180174871961831,-0.00820200368424819));
#1453=CARTESIAN_POINT('',(-0.00420348684919216,0.0180174871961832,-0.0136052391994393));
#1454=CARTESIAN_POINT('',(-0.0116404025243491,0.0171405408347024,-0.00820200368424825));
#1455=CARTESIAN_POINT('',(-0.0116404025243491,0.0190273147687017,-0.00820200368424825));
#1456=CARTESIAN_POINT('',(-0.00420348684919219,0.0190273147687017,-0.013605239199439));
#1457=CARTESIAN_POINT('',(-0.00426461744210069,0.0189124639346288,-0.0127310309921804));
#1458=CARTESIAN_POINT('',(-0.00476822989823616,0.0187063472682196,-0.0110317629017533));
#1459=CARTESIAN_POINT('',(-0.00654342102689651,0.0185754552173904,-0.00901389383362341));
#1460=CARTESIAN_POINT('',(-0.00901307550743179,0.0187057118364646,-0.00794378143047136));
#1461=CARTESIAN_POINT('',(-0.0107900612378892,0.0189124599524867,-0.00798998978956007));
#1462=CARTESIAN_POINT('',(-0.0116404025243491,0.0190273147687018,-0.00820200368424822));
#1463=CARTESIAN_POINT('',(-0.00420348684919217,0.0190273147687017,-0.0136052391994392));
#1464=CARTESIAN_POINT('',(-0.00420348684919215,0.018150368407221,-0.0136052391994395));
#1465=CARTESIAN_POINT('',(-0.00470228201833976,0.021,-0.00647213595499959));
#1466=CARTESIAN_POINT('',(-0.017888031070227,0.0220520460834694,-0.00975956983312438));
#1467=CARTESIAN_POINT('',(-0.0183546280949435,0.018945500201516,-0.00987604813640319));
#1468=CARTESIAN_POINT('',(-0.0182152511363804,0.0199357682702576,-0.00984129755768229));
#1469=CARTESIAN_POINT('',(-0.0185954684429066,0.0199891144634889,-0.00993609637936489));
#1470=CARTESIAN_POINT('',(-0.0189542347739475,0.0201455780824,-0.0100255468721707));
#1471=CARTESIAN_POINT('',(-0.0192536116601509,0.0203931381355028,-0.0101001899133052));
#1472=CARTESIAN_POINT('',(-0.0182152511363804,0.0199357682702576,-0.00984129755768229));
#1473=CARTESIAN_POINT('',(-0.0116404025243491,0.0190273147687017,-0.00820200368424824));
#1474=CARTESIAN_POINT('',(-0.0143197078367757,0.0193892060753369,-0.0088700295268027));
#1475=CARTESIAN_POINT('',(-0.0182152511363449,0.0199357682702526,-0.00984129755767344));
#1476=CARTESIAN_POINT('',(-0.0183546280949436,0.018945500201516,-0.0098760481364032));
#1477=CARTESIAN_POINT('',(-0.0143656509969361,0.0183855840032441,-0.0088814844431698));
#1478=CARTESIAN_POINT('',(-0.0116404025239257,0.018017487196126,-0.00820200368414269));
#1479=CARTESIAN_POINT('',(-0.00356598939331141,0.021,-0.0227218775554924));
#1480=CARTESIAN_POINT('',(-0.0036561582267846,0.0203931381355081,-0.0214324031612353));
#1481=CARTESIAN_POINT('',(-0.00367768520942036,0.0201455299140376,-0.0211245529670473));
#1482=CARTESIAN_POINT('',(-0.00370346920167878,0.0199891227367798,-0.020755824698994));
#1483=CARTESIAN_POINT('',(-0.00373080801308408,0.0199357682702576,-0.0203648614812318));
#1484=CARTESIAN_POINT('',(-0.00373080801308536,0.019935768270255,-0.0203648614812133));
#1485=CARTESIAN_POINT('',(-0.00372078792860131,0.018945500201516,-0.0205081553652838));
#1486=CARTESIAN_POINT('',(-0.00369830191824027,0.0189894031305147,-0.020829720294902));
#1487=CARTESIAN_POINT('',(-0.00367675199330678,0.0190792599045435,-0.021137898579233));
#1488=CARTESIAN_POINT('',(-0.0036561582267846,0.0192160559366404,-0.0214324031612353));
#1489=CARTESIAN_POINT('',(-0.00372078792860131,0.018945500201516,-0.0205081553652838));
#1490=CARTESIAN_POINT('',(-0.00420348684919217,0.0180174871961831,-0.0136052391994392));
#1491=CARTESIAN_POINT('',(-0.0040075633607165,0.0183855840032859,-0.0164070756199803));
#1492=CARTESIAN_POINT('',(-0.00372078792860131,0.018945500201516,-0.0205081553652838));
#1493=CARTESIAN_POINT('',(-0.00373080801308664,0.0199357682702525,-0.020364861481195));
#1494=CARTESIAN_POINT('',(-0.00401086630514824,0.0193892060753368,-0.0163598413139975));
#1495=CARTESIAN_POINT('',(-0.00420348684919218,0.0190273147687017,-0.013605239199439));
#1496=CARTESIAN_POINT('',(0.,0.021,0.));
#1497=CARTESIAN_POINT('',(0.,0.021,0.));
#1498=CARTESIAN_POINT('',(0.,0.0203178556076416,0.));
#1499=CARTESIAN_POINT('',(0.,0.021,0.));
#1500=CARTESIAN_POINT('',(0.,0.021,0.));
#1501=CARTESIAN_POINT('',(0.0190116897645578,0.021,-0.0110704856395827));
#1502=CARTESIAN_POINT('',(0.0192536116601575,0.0192160559366404,-0.0101001899133067));
#1503=CARTESIAN_POINT('',(0.0195768573752487,0.019370421667094,-0.010180784121878));
#1504=CARTESIAN_POINT('',(0.0199192209500167,0.0197056910691735,-0.0105101618801566));
#1505=CARTESIAN_POINT('',(0.0200471431025341,0.0201608925158015,-0.0110712326748294));
#1506=CARTESIAN_POINT('',(0.0199687566199884,0.0203178556076416,-0.0114141509479058));
#1507=CARTESIAN_POINT('',(0.0198758574811286,0.0203178556076416,-0.011573689532291));
#1508=CARTESIAN_POINT('',(0.0192536116601575,0.0192160559366404,-0.0101001899133067));
#1509=CARTESIAN_POINT('',(0.0198758574811286,0.0203178556076416,-0.011573689532291));
#1510=CARTESIAN_POINT('',(0.0192536116601575,0.0203178556076416,-0.0101001899133067));
#1511=CARTESIAN_POINT('',(0.0192536116601575,0.0203931381355081,-0.0101001899133067));
#1512=CARTESIAN_POINT('',(0.0196943706634545,0.021,-0.0103397690116881));
#1513=CARTESIAN_POINT('',(0.0195983069397614,0.0207684555449101,-0.0102500203091971));
#1514=CARTESIAN_POINT('',(0.0194557290853798,0.0205602726165831,-0.0101505834472772));
#1515=CARTESIAN_POINT('',(0.0192536116601575,0.0203931381355082,-0.0101001899133067));
#1516=CARTESIAN_POINT('',(0.0196943706634544,0.021,-0.0103397690116881));
#1517=CARTESIAN_POINT('',(0.0190116897645578,0.021,-0.0110704856395827));
#1518=CARTESIAN_POINT('',(0.0198758574811286,0.021,-0.011573689532291));
#1519=CARTESIAN_POINT('',(0.0198758574811286,0.021,-0.011573689532291));
#1520=CARTESIAN_POINT('',(0.00465372227704454,0.021,-0.0215021596349794));
#1521=CARTESIAN_POINT('',(0.00486525510781928,0.0203178556076415,-0.0224795305274785));
#1522=CARTESIAN_POINT('',(0.00468460995390548,0.0203178556076415,-0.0225186276410373));
#1523=CARTESIAN_POINT('',(0.00433351247741393,0.0201603039366347,-0.0224869622445001));
#1524=CARTESIAN_POINT('',(0.00384011655342909,0.0197050998714819,-0.0221913833878195));
#1525=CARTESIAN_POINT('',(0.00363288431860284,0.0193706550619262,-0.0217652355546338));
#1526=CARTESIAN_POINT('',(0.00365615822678472,0.0192160559366404,-0.0214324031612353));
#1527=CARTESIAN_POINT('',(0.00486525510781929,0.0203178556076416,-0.0224795305274785));
#1528=CARTESIAN_POINT('',(0.00365615822678471,0.0192160559366394,-0.0214324031612353));
#1529=CARTESIAN_POINT('',(0.00486525510781929,0.021,-0.0224795305274785));
#1530=CARTESIAN_POINT('',(0.00486525510781929,0.021,-0.0224795305274785));
#1531=CARTESIAN_POINT('',(0.00465372227704454,0.021,-0.0215021596349794));
#1532=CARTESIAN_POINT('',(0.00374780946702591,0.021,-0.0219256238963335));
#1533=CARTESIAN_POINT('',(0.00365615822678467,0.0203931381355086,-0.0214324031612359));
#1534=CARTESIAN_POINT('',(0.00364158439728398,0.0205607696175317,-0.0216408186330094));
#1535=CARTESIAN_POINT('',(0.00369204148768993,0.0207680512141764,-0.0218063200223589));
#1536=CARTESIAN_POINT('',(0.00374780946702592,0.021,-0.0219256238963335));
#1537=CARTESIAN_POINT('',(0.00365615822678469,0.0203931381355086,-0.0214324031612356));
#1538=CARTESIAN_POINT('',(0.00365615822678471,0.021,-0.0214324031612353));
#1539=CARTESIAN_POINT('',(0.0101888711507512,0.021,-0.0140237780419042));
#1540=CARTESIAN_POINT('',(0.00420348684919226,0.0180174871961832,-0.0136052391994394));
#1541=CARTESIAN_POINT('',(0.00426461744210071,0.0179026363621103,-0.0127310309921808));
#1542=CARTESIAN_POINT('',(0.00476822989823597,0.0176965196957011,-0.0110317629017538));
#1543=CARTESIAN_POINT('',(0.00654342102689634,0.0175656276448718,-0.00901389383362355));
#1544=CARTESIAN_POINT('',(0.0090130755074317,0.017695884263946,-0.00794378143047138));
#1545=CARTESIAN_POINT('',(0.0107900612378893,0.0179026323799681,-0.00798998978956006));
#1546=CARTESIAN_POINT('',(0.0116404025243492,0.0180174871961832,-0.00820200368424822));
#1547=CARTESIAN_POINT('',(0.00420348684919224,0.0180174871961831,-0.0136052391994394));
#1548=CARTESIAN_POINT('',(0.0116404025243492,0.0180174871961832,-0.0082020036842482));
#1549=CARTESIAN_POINT('',(0.00420348684919222,0.0171405408347024,-0.0136052391994394));
#1550=CARTESIAN_POINT('',(0.00420348684919223,0.0190273147687017,-0.0136052391994393));
#1551=CARTESIAN_POINT('',(0.0116404025243488,0.0190273147687017,-0.00820200368424812));
#1552=CARTESIAN_POINT('',(0.0107900907201519,0.0189124639346288,-0.00798999714031379));
#1553=CARTESIAN_POINT('',(0.00901836592229405,0.0187063472682196,-0.00794385833046777));
#1554=CARTESIAN_POINT('',(0.00655069416899898,0.0185754552173904,-0.0090086095865738));
#1555=CARTESIAN_POINT('',(0.00476979159009329,0.0187057118364646,-0.0110267076548191));
#1556=CARTESIAN_POINT('',(0.00426461956163881,0.0189124599524866,-0.0127310006813744));
#1557=CARTESIAN_POINT('',(0.00420348684919228,0.0190273147687017,-0.0136052391994391));
#1558=CARTESIAN_POINT('',(0.011640402524349,0.0190273147687017,-0.00820200368424815));
#1559=CARTESIAN_POINT('',(0.0116404025243492,0.018150368407221,-0.00820200368424819));
#1560=CARTESIAN_POINT('',(0.0047022820183398,0.021,-0.00647213595499957));
#1561=CARTESIAN_POINT('',(0.00375419694863745,0.0220520474759431,-0.0200284010316227));
#1562=CARTESIAN_POINT('',(0.00372078792860142,0.018945500201516,-0.0205081553652838));
#1563=CARTESIAN_POINT('',(0.00373080801308418,0.0199357682702576,-0.0203648614812318));
#1564=CARTESIAN_POINT('',(0.0037034734409103,0.0199891144634892,-0.0207557640751605));
#1565=CARTESIAN_POINT('',(0.00367768102167756,0.0201455780824032,-0.021124612854561));
#1566=CARTESIAN_POINT('',(0.00365615822678467,0.0203931381355086,-0.0214324031612359));
#1567=CARTESIAN_POINT('',(0.00373080801308418,0.0199357682702576,-0.0203648614812318));
#1568=CARTESIAN_POINT('',(0.00420348684919224,0.0190273147687017,-0.0136052391994392));
#1569=CARTESIAN_POINT('',(0.00401086630514832,0.0193892060753369,-0.0163598413139977));
#1570=CARTESIAN_POINT('',(0.00373080801308674,0.0199357682702526,-0.0203648614811952));
#1571=CARTESIAN_POINT('',(0.00372078792860142,0.018945500201516,-0.0205081553652838));
#1572=CARTESIAN_POINT('',(0.00400756336073798,0.0183855840032441,-0.0164070756196744));
#1573=CARTESIAN_POINT('',(0.00420348684922265,0.018017487196126,-0.0136052391990044));
#1574=CARTESIAN_POINT('',(0.0205078383873176,0.021,-0.0104129037583021));
#1575=CARTESIAN_POINT('',(0.0192536116601574,0.0203931381355081,-0.0101001899133067));
#1576=CARTESIAN_POINT('',(0.0189541765234601,0.0201455299140376,-0.0100255323486929));
#1577=CARTESIAN_POINT('',(0.0185955274095952,0.0199891227367797,-0.00993611108141147));
#1578=CARTESIAN_POINT('',(0.0182152511363803,0.0199357682702576,-0.00984129755768218));
#1579=CARTESIAN_POINT('',(0.0182152511363624,0.019935768270255,-0.00984129755767773));
#1580=CARTESIAN_POINT('',(0.0183546280949436,0.018945500201516,-0.00987604813640311));
#1581=CARTESIAN_POINT('',(0.0186674030760062,0.0189894031305147,-0.00995403169777077));
#1582=CARTESIAN_POINT('',(0.0189671573345318,0.0190792599045436,-0.0100287688283927));
#1583=CARTESIAN_POINT('',(0.0192536116601575,0.0192160559366404,-0.0101001899133067));
#1584=CARTESIAN_POINT('',(0.0183546280949436,0.018945500201516,-0.00987604813640312));
#1585=CARTESIAN_POINT('',(0.0116404025243492,0.0180174871961831,-0.00820200368424821));
#1586=CARTESIAN_POINT('',(0.014365650997234,0.0183855840032859,-0.008881484443244));
#1587=CARTESIAN_POINT('',(0.0183546280949436,0.018945500201516,-0.00987604813640313));
#1588=CARTESIAN_POINT('',(0.0182152511363446,0.0199357682702525,-0.00984129755767328));
#1589=CARTESIAN_POINT('',(0.0143197078367754,0.0193892060753368,-0.00887002952680255));
#1590=CARTESIAN_POINT('',(0.0116404025243488,0.0190273147687017,-0.00820200368424811));
#1591=CARTESIAN_POINT('',(0.,0.021,0.));
#1592=CARTESIAN_POINT('',(0.,0.021,0.));
#1593=CARTESIAN_POINT('',(0.,0.0203178556076416,0.));
#1594=CARTESIAN_POINT('',(0.,0.021,0.));
#1595=CARTESIAN_POINT('',(0.,0.021,0.));
#1596=CARTESIAN_POINT('',(0.0164035927351097,0.021,0.0146602232377497));
#1597=CARTESIAN_POINT('',(0.0155555446389533,0.0192160559366404,0.0151901425019829));
#1598=CARTESIAN_POINT('',(0.0157320827055128,0.019370421667094,0.0154726624655882));
#1599=CARTESIAN_POINT('',(0.0161511357317045,0.0197056910691735,0.0156964862494362));
#1600=CARTESIAN_POINT('',(0.0167242758861659,0.0201608925158016,0.015644767035565));
#1601=CARTESIAN_POINT('',(0.017026187789096,0.0203178556076416,0.0154642494864881));
#1602=CARTESIAN_POINT('',(0.0171492105867056,0.0203178556076416,0.0153265970212838));
#1603=CARTESIAN_POINT('',(0.0155555446389533,0.0192160559366404,0.0151901425019829));
#1604=CARTESIAN_POINT('',(0.0171492105867056,0.0203178556076416,0.0153265970212838));
#1605=CARTESIAN_POINT('',(0.0155555446389533,0.0203178556076416,0.0151901425019829));
#1606=CARTESIAN_POINT('',(0.0155555446389533,0.0203931381355081,0.0151901425019829));
#1607=CARTESIAN_POINT('',(0.0159195999240795,0.021,0.0155352952112873));
#1608=CARTESIAN_POINT('',(0.0158045585125823,0.0207684555449101,0.0154716670551823));
#1609=CARTESIAN_POINT('',(0.015665929457068,0.0205602726165831,0.0153667951378939));
#1610=CARTESIAN_POINT('',(0.0155555446389532,0.0203931381355081,0.0151901425019829));
#1611=CARTESIAN_POINT('',(0.0159195999240795,0.021,0.0155352952112873));
#1612=CARTESIAN_POINT('',(0.0164035927351097,0.021,0.0146602232377497));
#1613=CARTESIAN_POINT('',(0.0171492105867056,0.021,0.0153265970212838));
#1614=CARTESIAN_POINT('',(0.0171492105867056,0.021,0.0153265970212838));
#1615=CARTESIAN_POINT('',(0.0218878483059739,0.021,-0.00221857984636056));
#1616=CARTESIAN_POINT('',(0.0228827505017,0.0203178556076417,-0.0023194243848315));
#1617=CARTESIAN_POINT('',(0.0228641116438077,0.0203178556076417,-0.00250330980811791));
#1618=CARTESIAN_POINT('',(0.0227255009751727,0.0201603039366363,-0.00282743820532476));
#1619=CARTESIAN_POINT('',(0.022291921051988,0.0197050998714888,-0.00320534672405161));
#1620=CARTESIAN_POINT('',(0.0218225920959781,0.0193706550619252,-0.00327074936880123));
#1621=CARTESIAN_POINT('',(0.021513241712558,0.0192160559366404,-0.00314576370092735));
#1622=CARTESIAN_POINT('',(0.0228827505016999,0.0203178556076416,-0.00231942438483149));
#1623=CARTESIAN_POINT('',(0.021513241712558,0.0192160559366692,-0.00314576370092735));
#1624=CARTESIAN_POINT('',(0.0228827505016999,0.021,-0.00231942438483149));
#1625=CARTESIAN_POINT('',(0.0228827505016999,0.021,-0.00231942438483149));
#1626=CARTESIAN_POINT('',(0.0218878483059739,0.021,-0.00221857984636056));
#1627=CARTESIAN_POINT('',(0.022010644297435,0.021,-0.00321101178079288));
#1628=CARTESIAN_POINT('',(0.0215132417125517,0.0203931381355027,-0.0031457637009248));
#1629=CARTESIAN_POINT('',(0.0217069530440919,0.0205607696175263,-0.00322402815911));
#1630=CARTESIAN_POINT('',(0.0218799463173143,0.0207680512141743,-0.00322718335638821));
#1631=CARTESIAN_POINT('',(0.022010644297435,0.021,-0.00321101178079288));
#1632=CARTESIAN_POINT('',(0.0215132417125549,0.0203931381355027,-0.00314576370092608));
#1633=CARTESIAN_POINT('',(0.021513241712558,0.021,-0.00314576370092735));
#1634=CARTESIAN_POINT('',(0.0164859398289086,0.021,0.00535660656132297));
#1635=CARTESIAN_POINT('',(0.0142383002684128,0.0180174871961831,-0.000206496566077624));
#1636=CARTESIAN_POINT('',(0.0134257692483858,0.0179026363621102,0.000121787275317942));
#1637=CARTESIAN_POINT('',(0.0119652940655774,0.017696519695701,0.00112585390135395));
#1638=CARTESIAN_POINT('',(0.0105947507663217,0.0175656276448718,0.00343771682641144));
#1639=CARTESIAN_POINT('',(0.0103401785968552,0.017695884263946,0.00611718073158743));
#1640=CARTESIAN_POINT('',(0.010933244147347,0.0179026323799681,0.00779291542166192));
#1641=CARTESIAN_POINT('',(0.01139765125197,0.0180174871961832,0.00853612214672217));
#1642=CARTESIAN_POINT('',(0.0142383002684129,0.0180174871961831,-0.000206496566077691));
#1643=CARTESIAN_POINT('',(0.01139765125197,0.0180174871961831,0.00853612214672218));
#1644=CARTESIAN_POINT('',(0.0142383002684131,0.0171405408347024,-0.000206496566077757));
#1645=CARTESIAN_POINT('',(0.0142383002684129,0.0190273147687017,-0.000206496566077664));
#1646=CARTESIAN_POINT('',(0.0113976512519699,0.0190273147687017,0.00853612214672195));
#1647=CARTESIAN_POINT('',(0.0109332602488495,0.0189124639346288,0.00779294118945221));
#1648=CARTESIAN_POINT('',(0.0103418865611977,0.0187063472682196,0.00612218845171054));
#1649=CARTESIAN_POINT('',(0.0105919726732435,0.0185754552173904,0.00344626691774288));
#1650=CARTESIAN_POINT('',(0.0119609688293627,0.0187057118364646,0.00112890131578469));
#1651=CARTESIAN_POINT('',(0.0134257410760692,0.0189124599524866,0.000121798657672684));
#1652=CARTESIAN_POINT('',(0.0142383002684127,0.0190273147687017,-0.000206496566077586));
#1653=CARTESIAN_POINT('',(0.0113976512519699,0.0190273147687017,0.00853612214672207));
#1654=CARTESIAN_POINT('',(0.01139765125197,0.018150368407221,0.0085361221467222));
#1655=CARTESIAN_POINT('',(0.00760845213036123,0.021,0.00247213595499959));
#1656=CARTESIAN_POINT('',(0.0202082529928631,0.0220520437148075,-0.00261866331817413));
#1657=CARTESIAN_POINT('',(0.0206542014997495,0.018945500201516,-0.00279868892590573));
#1658=CARTESIAN_POINT('',(0.0205210172939669,0.0199357682702576,-0.00274487901390251));
#1659=CARTESIAN_POINT('',(0.0208843409058218,0.0199891144634889,-0.00289167128155706));
#1660=CARTESIAN_POINT('',(0.021227166645125,0.0201455780824,-0.00303018187112684));
#1661=CARTESIAN_POINT('',(0.0215132417125517,0.0203931381355027,-0.0031457637009248));
#1662=CARTESIAN_POINT('',(0.0205210172939669,0.0199357682702576,-0.0027448790139025));
#1663=CARTESIAN_POINT('',(0.0142383002684127,0.0190273147687017,-0.00020649656607757));
#1664=CARTESIAN_POINT('',(0.0167985595376887,0.0193892060753368,-0.00124090845580264));
#1665=CARTESIAN_POINT('',(0.0205210172939329,0.0199357682702526,-0.00274487901388878));
#1666=CARTESIAN_POINT('',(0.0206542014997497,0.018945500201516,-0.00279868892590578));
#1667=CARTESIAN_POINT('',(0.016842461365941,0.0183855840032441,-0.00125864594577868));
#1668=CARTESIAN_POINT('',(0.0142383002680086,0.018017487196126,-0.000206496565914301));
#1669=CARTESIAN_POINT('',(0.0162405305524636,0.021,0.0162863491112802));
#1670=CARTESIAN_POINT('',(0.0155555446389532,0.0203931381355081,0.0151901425019829));
#1671=CARTESIAN_POINT('',(0.0153920105296841,0.0201455299140376,0.0149284332202435));
#1672=CARTESIAN_POINT('',(0.0151961371795389,0.0199891227367797,0.0146149703346872));
#1673=CARTESIAN_POINT('',(0.0149884523289823,0.0199357682702576,0.0142826050971827));
#1674=CARTESIAN_POINT('',(0.0149884523289726,0.019935768270255,0.0142826050971672));
#1675=CARTESIAN_POINT('',(0.0150645719421403,0.018945500201516,0.0144044219424566));
#1676=CARTESIAN_POINT('',(0.0152353915009065,0.0189894031305147,0.0146777903805858));
#1677=CARTESIAN_POINT('',(0.0153990998960144,0.0190792599045436,0.0149397785779708));
#1678=CARTESIAN_POINT('',(0.0155555446389533,0.0192160559366404,0.0151901425019829));
#1679=CARTESIAN_POINT('',(0.0150645719421402,0.018945500201516,0.0144044219424566));
#1680=CARTESIAN_POINT('',(0.01139765125197,0.0180174871961831,0.00853612214672217));
#1681=CARTESIAN_POINT('',(0.0128860239475259,0.0183855840032859,0.0109180163635022));
#1682=CARTESIAN_POINT('',(0.0150645719421402,0.018945500201516,0.0144044219424566));
#1683=CARTESIAN_POINT('',(0.0149884523289628,0.0199357682702525,0.0142826050971516));
#1684=CARTESIAN_POINT('',(0.0128609324572437,0.0193892060753368,0.0108778615852185));
#1685=CARTESIAN_POINT('',(0.0113976512519699,0.0190273147687017,0.00853612214672196));
#1686=CARTESIAN_POINT('',(0.,0.021,0.));
#1687=CARTESIAN_POINT('',(0.,0.021,0.));
#1688=CARTESIAN_POINT('',(0.,0.0203178556076416,0.));
#1689=CARTESIAN_POINT('',(0.,0.021,0.));
#1690=CARTESIAN_POINT('',(0.,0.021,0.));
#1691=CARTESIAN_POINT('',(-0.00887371191664915,0.021,0.0201310018831731));
#1692=CARTESIAN_POINT('',(-0.00963975635976816,0.0192160559366404,0.0194882142734866));
#1693=CARTESIAN_POINT('',(-0.00985389554941742,0.019370421667094,0.0197434154220663));
#1694=CARTESIAN_POINT('',(-0.00993727011091041,0.0197056910691735,0.0202111238862536));
#1695=CARTESIAN_POINT('',(-0.00971097216765329,0.0201608925158016,0.0207402304488825));
#1696=CARTESIAN_POINT('',(-0.00944599386748864,0.0203178556076416,0.0209715827410636));
#1697=CARTESIAN_POINT('',(-0.00927706245831504,0.0203178556076416,0.0210460474233173));
#1698=CARTESIAN_POINT('',(-0.00963975635976815,0.0192160559366404,0.0194882142734866));
#1699=CARTESIAN_POINT('',(-0.00927706245831502,0.0203178556076416,0.0210460474233173));
#1700=CARTESIAN_POINT('',(-0.00963975635976814,0.0203178556076416,0.0194882142734866));
#1701=CARTESIAN_POINT('',(-0.00963975635976815,0.0203931381355081,0.0194882142734865));
#1702=CARTESIAN_POINT('',(-0.00985551682307303,0.021,0.0199411094775272));
#1703=CARTESIAN_POINT('',(-0.009830552601799,0.0207684555449101,0.0198120364119218));
#1704=CARTESIAN_POINT('',(-0.00977365221555354,0.0205602726165831,0.0196477851406523));
#1705=CARTESIAN_POINT('',(-0.00963975635976813,0.0203931381355081,0.0194882142734865));
#1706=CARTESIAN_POINT('',(-0.00985551682307303,0.021,0.0199411094775271));
#1707=CARTESIAN_POINT('',(-0.00887371191664915,0.021,0.0201310018831731));
#1708=CARTESIAN_POINT('',(-0.00927706245831503,0.021,0.0210460474233173));
#1709=CARTESIAN_POINT('',(-0.00927706245831503,0.021,0.0210460474233173));
#1710=CARTESIAN_POINT('',(0.00887371191664915,0.021,0.0201310018831731));
#1711=CARTESIAN_POINT('',(0.00927706245831504,0.0203178556076416,0.0210460474233173));
#1712=CARTESIAN_POINT('',(0.00944618816454312,0.0203178556076416,0.0209714970952474));
#1713=CARTESIAN_POINT('',(0.00971161953661816,0.0201603039366301,0.0207395093325122));
#1714=CARTESIAN_POINT('',(0.00993704833122479,0.0197050998714609,0.0202103701665993));
#1715=CARTESIAN_POINT('',(0.00985421931934177,0.0193706550619291,0.0197438012760369));
#1716=CARTESIAN_POINT('',(0.00963975635976815,0.0192160559366404,0.0194882142734866));
#1717=CARTESIAN_POINT('',(0.00927706245831503,0.0203178556076416,0.0210460474233173));
#1718=CARTESIAN_POINT('',(0.00963975635976813,0.0192160559365472,0.0194882142734866));
#1719=CARTESIAN_POINT('',(0.00927706245831503,0.021,0.0210460474233173));
#1720=CARTESIAN_POINT('',(0.00927706245831503,0.021,0.0210460474233173));
#1721=CARTESIAN_POINT('',(0.00887371191664915,0.021,0.0201310018831731));
#1722=CARTESIAN_POINT('',(0.00985551682307303,0.021,0.0199411094775271));
#1723=CARTESIAN_POINT('',(0.00963975635976816,0.0203931381355082,0.0194882142734866));
#1724=CARTESIAN_POINT('',(0.00977405037616569,0.0205607696175314,0.0196482596499923));
#1725=CARTESIAN_POINT('',(0.00983050900843415,0.0207680512141762,0.019811811020183));
#1726=CARTESIAN_POINT('',(0.00985551682307303,0.021,0.0199411094775272));
#1727=CARTESIAN_POINT('',(0.00963975635976814,0.0203931381355082,0.0194882142734866));
#1728=CARTESIAN_POINT('',(0.00963975635976813,0.021,0.0194882142734866));
#1729=CARTESIAN_POINT('',(0.,0.021,0.0173343429611625));
#1730=CARTESIAN_POINT('',(0.00459626665871365,0.0180174871961831,0.013477617303043));
#1731=CARTESIAN_POINT('',(0.00403296427851484,0.0179026363621102,0.0128062996677243));
#1732=CARTESIAN_POINT('',(0.00262672851967821,0.017696519695701,0.0117275788791569));
#1733=CARTESIAN_POINT('',(4.49504902445941E-6,0.0175656276448718,0.0111385196760431));
#1734=CARTESIAN_POINT('',(-0.00262249368483093,0.017695884263946,0.0117244070379184));
#1735=CARTESIAN_POINT('',(-0.00403294474752758,0.017902632379968,0.0128062763916001));
#1736=CARTESIAN_POINT('',(-0.00459626665871356,0.0180174871961831,0.0134776173030429));
#1737=CARTESIAN_POINT('',(0.00459626665871376,0.0180174871961831,0.0134776173030431));
#1738=CARTESIAN_POINT('',(-0.00459626665871373,0.0180174871961831,0.013477617303043));
#1739=CARTESIAN_POINT('',(0.00459626665871387,0.0171405408347024,0.0134776173030432));
#1740=CARTESIAN_POINT('',(0.00459626665871385,0.0190273147687017,0.0134776173030432));
#1741=CARTESIAN_POINT('',(-0.00459626665871384,0.0190273147687018,0.0134776173030432));
#1742=CARTESIAN_POINT('',(-0.00403296427851503,0.0189124639346289,0.0128062996677244));
#1743=CARTESIAN_POINT('',(-0.00262672851967853,0.0187063472682197,0.0117275788791571));
#1744=CARTESIAN_POINT('',(-4.49504902454856E-6,0.0185754552173904,0.0111385196760431));
#1745=CARTESIAN_POINT('',(0.0026224936848309,0.0187057118364646,0.0117244070379183));
#1746=CARTESIAN_POINT('',(0.00403294474752786,0.0189124599524867,0.0128062763916003));
#1747=CARTESIAN_POINT('',(0.00459626665871383,0.0190273147687018,0.0134776173030432));
#1748=CARTESIAN_POINT('',(-0.00459626665871385,0.0190273147687017,0.0134776173030432));
#1749=CARTESIAN_POINT('',(-0.00459626665871387,0.018150368407221,0.0134776173030432));
#1750=CARTESIAN_POINT('',(0.,0.021,0.008));
#1751=CARTESIAN_POINT('',(0.00873378741936857,0.0220587644501193,0.0184084735686702));
#1752=CARTESIAN_POINT('',(0.00904421060873288,0.018945500201516,0.0187784704851361));
#1753=CARTESIAN_POINT('',(0.00895187815831178,0.0199357682702576,0.0186684329556337));
#1754=CARTESIAN_POINT('',(0.0092037590715285,0.0199891144634892,0.0189686129388656));
#1755=CARTESIAN_POINT('',(0.00944142944987132,0.020145578082403,0.0192518574661089));
#1756=CARTESIAN_POINT('',(0.00963975635976816,0.0203931381355082,0.0194882142734866));
#1757=CARTESIAN_POINT('',(0.00895187815831179,0.0199357682702576,0.0186684329556337));
#1758=CARTESIAN_POINT('',(0.00459626665871382,0.0190273147687017,0.0134776173030432));
#1759=CARTESIAN_POINT('',(0.00637121445118221,0.0193892060753369,0.0155929177113846));
#1760=CARTESIAN_POINT('',(0.00895187815828814,0.0199357682702525,0.0186684329556055));
#1761=CARTESIAN_POINT('',(0.00904421060873297,0.018945500201516,0.0187784704851362));
#1762=CARTESIAN_POINT('',(0.00640165021762055,0.0183855840032441,0.0156291896453808));
#1763=CARTESIAN_POINT('',(0.00459626665843337,0.018017487196126,0.013477617302709));
#1764=CARTESIAN_POINT('',(-0.010470638510564,0.021,0.0204784210617199));
#1765=CARTESIAN_POINT('',(-0.00963975635976815,0.0203931381355081,0.0194882142734865));
#1766=CARTESIAN_POINT('',(-0.00944139086091913,0.0201455299140376,0.0192518114775865));
#1767=CARTESIAN_POINT('',(-0.00920379813493416,0.0199891227367798,0.0189686594928197));
#1768=CARTESIAN_POINT('',(-0.0089518781583118,0.0199357682702576,0.0186684329556337));
#1769=CARTESIAN_POINT('',(-0.00895187815829998,0.0199357682702551,0.0186684329556196));
#1770=CARTESIAN_POINT('',(-0.00904421060873291,0.018945500201516,0.0187784704851361));
#1771=CARTESIAN_POINT('',(-0.00925141329653473,0.0189894031305147,0.0190254050327191));
#1772=CARTESIAN_POINT('',(-0.00944999020264001,0.0190792599045436,0.0192620597739763));
#1773=CARTESIAN_POINT('',(-0.00963975635976818,0.0192160559366404,0.0194882142734866));
#1774=CARTESIAN_POINT('',(-0.00904421060873291,0.018945500201516,0.0187784704851361));
#1775=CARTESIAN_POINT('',(-0.00459626665871359,0.0180174871961831,0.0134776173030429));
#1776=CARTESIAN_POINT('',(-0.00640165021781764,0.0183855840032859,0.0156291896456156));
#1777=CARTESIAN_POINT('',(-0.00904421060873291,0.018945500201516,0.0187784704851361));
#1778=CARTESIAN_POINT('',(-0.00895187815828816,0.0199357682702525,0.0186684329556055));
#1779=CARTESIAN_POINT('',(-0.00637121445118225,0.0193892060753369,0.0155929177113846));
#1780=CARTESIAN_POINT('',(-0.00459626665871387,0.0190273147687017,0.0134776173030432));
#1781=CARTESIAN_POINT('',(0.,0.021,0.));
#1782=CARTESIAN_POINT('',(0.,0.021,0.));
#1783=CARTESIAN_POINT('',(0.,0.0203178556076416,0.));
#1784=CARTESIAN_POINT('',(0.,0.021,0.));
#1785=CARTESIAN_POINT('',(0.,0.021,0.));
#1786=CARTESIAN_POINT('',(0.004,0.01900208286366,0.));
#1787=CARTESIAN_POINT('',(0.,0.017,0.));
#1788=CARTESIAN_POINT('',(0.,0.02,0.));
#1789=CARTESIAN_POINT('',(0.,0.02,-0.004));
#1790=CARTESIAN_POINT('',(0.,0.017,0.));
#1791=CARTESIAN_POINT('',(0.,0.018945500201516,0.));
#1792=CARTESIAN_POINT('',(0.,0.018945500201516,0.));
#1793=CARTESIAN_POINT('',(0.,0.018945500201516,0.));
#1794=CARTESIAN_POINT('',(0.,0.018945500201516,0.));
#1795=CARTESIAN_POINT('',(0.,0.018945500201516,0.));
#1796=CARTESIAN_POINT('',(0.,0.018945500201516,0.));
#1797=CARTESIAN_POINT('',(0.,0.02200208286366,0.));
#1798=CARTESIAN_POINT('',(0.,0.02200208286366,0.));
#1799=CARTESIAN_POINT('',(0.,0.02200208286366,-0.0235));
#1800=CARTESIAN_POINT('',(0.,0.017,0.));
#1801=CARTESIAN_POINT('',(0.,0.02300208286366,0.));
#1802=CARTESIAN_POINT('',(0.,0.02300208286366,-0.0235));
#1803=CARTESIAN_POINT('',(0.0225,0.02300208286366,0.));
#1804=CARTESIAN_POINT('',(0.,0.02300208286366,0.));
#1805=CARTESIAN_POINT('',(0.,0.02300208286366,-0.0225));
#1806=CARTESIAN_POINT('',(0.,0.017,0.));
#1807=CARTESIAN_POINT('',(0.,0.02200208286366,0.));
#1808=CARTESIAN_POINT('',(0.,0.02200208286366,-0.0225));
#1809=CARTESIAN_POINT('',(0.,0.02200208286366,0.));
#1810=CARTESIAN_POINT('',(0.,0.0199357682702576,0.));
#1811=CARTESIAN_POINT('',(0.,0.0199357682702576,0.));
#1812=CARTESIAN_POINT('',(0.,0.0199357682702576,0.));
#1813=CARTESIAN_POINT('',(0.,0.0199357682702576,0.));
#1814=CARTESIAN_POINT('',(0.,0.0199357682702576,0.));
#1815=CARTESIAN_POINT('',(0.,0.018150368407221,0.));
#1816=CARTESIAN_POINT('',(0.,0.018150368407221,0.));
#1817=CARTESIAN_POINT('',(0.,0.018150368407221,-0.008));
#1818=CARTESIAN_POINT('',(0.,0.017,0.));
#1819=CARTESIAN_POINT('',(0.,0.02150208286366,0.));
#1820=CARTESIAN_POINT('',(0.,0.02150208286366,-0.008));
#1821=CARTESIAN_POINT('',(0.,0.02150208286366,0.));
#1822=MECHANICAL_DESIGN_GEOMETRIC_PRESENTATION_REPRESENTATION('',(#956),
#1823);
#1823=(
GEOMETRIC_REPRESENTATION_CONTEXT(3)
GLOBAL_UNCERTAINTY_ASSIGNED_CONTEXT((#1824))
GLOBAL_UNIT_ASSIGNED_CONTEXT((#1827,#1826,#1825))
REPRESENTATION_CONTEXT('right_wheel','TOP_LEVEL_ASSEMBLY_PART')
);
#1824=UNCERTAINTY_MEASURE_WITH_UNIT(LENGTH_MEASURE(5.E-6),#1827,
'DISTANCE_ACCURACY_VALUE','Maximum Tolerance applied to model');
#1825=(
NAMED_UNIT(*)
SI_UNIT($,.STERADIAN.)
SOLID_ANGLE_UNIT()
);
#1826=(
NAMED_UNIT(*)
PLANE_ANGLE_UNIT()
SI_UNIT($,.RADIAN.)
);
#1827=(
LENGTH_UNIT()
NAMED_UNIT(*)
SI_UNIT($,.METRE.)
);
#1828=PRODUCT_DEFINITION_SHAPE('','',#1829);
#1829=PRODUCT_DEFINITION('','',#1831,#1830);
#1830=PRODUCT_DEFINITION_CONTEXT('',#1837,'design');
#1831=PRODUCT_DEFINITION_FORMATION_WITH_SPECIFIED_SOURCE('','',#1833,
 .NOT_KNOWN.);
#1832=PRODUCT_RELATED_PRODUCT_CATEGORY('','',(#1833));
#1833=PRODUCT('right_wheel','right_wheel','right_wheel',(#1835));
#1834=PRODUCT_CATEGORY('','');
#1835=PRODUCT_CONTEXT('',#1837,'mechanical');
#1836=APPLICATION_PROTOCOL_DEFINITION('international standard',
'automotive_design',2010,#1837);
#1837=APPLICATION_CONTEXT(
'core data for automotive mechanical design processes');
ENDSEC;
END-ISO-10303-21;
