ISO-10303-21;
HEADER;
/* Generated by software containing ST-Developer
 * from STEP Tools, Inc. (www.steptools.com) 
 */
/* OPTION: using custom renumber hook */

FILE_DESCRIPTION(
/* description */ ('STEP AP214'),
/* implementation_level */ '2;1');

FILE_NAME(
/* name */ '654cf5747f9aa566be172157',
/* time_stamp */ '2023-11-09T15:06:29Z',
/* author */ (''),
/* organization */ (''),
/* preprocessor_version */ 'ST-DEVELOPER v19.4',
/* originating_system */ '  ',
/* authorisation */ '  ');

FILE_SCHEMA (('AUTOMOTIVE_DESIGN {1 0 10303 214 3 1 1}'));
ENDSEC;

DATA;
#10=PROPERTY_DEFINITION_REPRESENTATION(#14,#12);
#11=PROPERTY_DEFINITION_REPRESENTATION(#15,#13);
#12=REPRESENTATION('',(#16),#4891);
#13=REPRESENTATION('',(#17),#4891);
#14=PROPERTY_DEFINITION('pmi validation property','',#4896);
#15=PROPERTY_DEFINITION('pmi validation property','',#4896);
#16=VALUE_REPRESENTATION_ITEM('number of annotations',COUNT_MEASURE(0.));
#17=VALUE_REPRESENTATION_ITEM('number of views',COUNT_MEASURE(0.));
#18=SHAPE_REPRESENTATION_RELATIONSHIP('','',#870,#19);
#19=ADVANCED_BREP_SHAPE_REPRESENTATION('',(#868),#4891);
#20=TOROIDAL_SURFACE('',#903,0.00202806180473974,0.000753436804739736);
#21=CYLINDRICAL_SURFACE('',#897,0.00275);
#22=CYLINDRICAL_SURFACE('',#905,0.001437);
#23=CYLINDRICAL_SURFACE('',#906,0.001187);
#24=CIRCLE('',#895,0.00149530153091274);
#25=CIRCLE('',#896,0.00275);
#26=CIRCLE('',#898,0.00275);
#27=CIRCLE('',#901,0.001437);
#28=CIRCLE('',#902,0.001187);
#29=CIRCLE('',#904,0.001437);
#30=CONICAL_SURFACE('',#894,0.00275,0.785398163397447);
#31=PLANE('',#872);
#32=PLANE('',#873);
#33=PLANE('',#874);
#34=PLANE('',#875);
#35=PLANE('',#876);
#36=PLANE('',#877);
#37=PLANE('',#878);
#38=PLANE('',#879);
#39=PLANE('',#880);
#40=PLANE('',#881);
#41=PLANE('',#882);
#42=PLANE('',#883);
#43=PLANE('',#884);
#44=PLANE('',#885);
#45=PLANE('',#886);
#46=PLANE('',#887);
#47=PLANE('',#888);
#48=PLANE('',#889);
#49=PLANE('',#890);
#50=PLANE('',#891);
#51=PLANE('',#892);
#52=PLANE('',#893);
#53=PLANE('',#899);
#54=PLANE('',#900);
#55=LINE('',#2089,#119);
#56=LINE('',#3159,#120);
#57=LINE('',#4750,#121);
#58=LINE('',#4751,#122);
#59=LINE('',#4753,#123);
#60=LINE('',#4756,#124);
#61=LINE('',#4758,#125);
#62=LINE('',#4760,#126);
#63=LINE('',#4762,#127);
#64=LINE('',#4765,#128);
#65=LINE('',#4766,#129);
#66=LINE('',#4768,#130);
#67=LINE('',#4770,#131);
#68=LINE('',#4772,#132);
#69=LINE('',#4774,#133);
#70=LINE('',#4776,#134);
#71=LINE('',#4778,#135);
#72=LINE('',#4780,#136);
#73=LINE('',#4782,#137);
#74=LINE('',#4784,#138);
#75=LINE('',#4786,#139);
#76=LINE('',#4788,#140);
#77=LINE('',#4790,#141);
#78=LINE('',#4792,#142);
#79=LINE('',#4794,#143);
#80=LINE('',#4796,#144);
#81=LINE('',#4798,#145);
#82=LINE('',#4800,#146);
#83=LINE('',#4802,#147);
#84=LINE('',#4804,#148);
#85=LINE('',#4806,#149);
#86=LINE('',#4808,#150);
#87=LINE('',#4810,#151);
#88=LINE('',#4812,#152);
#89=LINE('',#4814,#153);
#90=LINE('',#4816,#154);
#91=LINE('',#4818,#155);
#92=LINE('',#4820,#156);
#93=LINE('',#4822,#157);
#94=LINE('',#4824,#158);
#95=LINE('',#4826,#159);
#96=LINE('',#4828,#160);
#97=LINE('',#4830,#161);
#98=LINE('',#4832,#162);
#99=LINE('',#4834,#163);
#100=LINE('',#4836,#164);
#101=LINE('',#4838,#165);
#102=LINE('',#4840,#166);
#103=LINE('',#4842,#167);
#104=LINE('',#4844,#168);
#105=LINE('',#4846,#169);
#106=LINE('',#4848,#170);
#107=LINE('',#4850,#171);
#108=LINE('',#4852,#172);
#109=LINE('',#4854,#173);
#110=LINE('',#4856,#174);
#111=LINE('',#4858,#175);
#112=LINE('',#4860,#176);
#113=LINE('',#4862,#177);
#114=LINE('',#4864,#178);
#115=LINE('',#4866,#179);
#116=LINE('',#4868,#180);
#117=LINE('',#4870,#181);
#118=LINE('',#4872,#182);
#119=VECTOR('',#909,1.);
#120=VECTOR('',#910,1.);
#121=VECTOR('',#913,1.);
#122=VECTOR('',#914,1.);
#123=VECTOR('',#917,1.);
#124=VECTOR('',#918,1.);
#125=VECTOR('',#919,1.);
#126=VECTOR('',#920,1.);
#127=VECTOR('',#923,1.);
#128=VECTOR('',#924,1.);
#129=VECTOR('',#925,1.);
#130=VECTOR('',#928,1.);
#131=VECTOR('',#929,1.);
#132=VECTOR('',#930,1.);
#133=VECTOR('',#933,1.);
#134=VECTOR('',#934,1.);
#135=VECTOR('',#935,1.);
#136=VECTOR('',#936,1.);
#137=VECTOR('',#937,1.);
#138=VECTOR('',#938,1.);
#139=VECTOR('',#939,1.);
#140=VECTOR('',#940,1.);
#141=VECTOR('',#941,1.);
#142=VECTOR('',#942,1.);
#143=VECTOR('',#943,1.);
#144=VECTOR('',#944,1.);
#145=VECTOR('',#945,1.);
#146=VECTOR('',#946,1.);
#147=VECTOR('',#947,1.);
#148=VECTOR('',#948,1.);
#149=VECTOR('',#949,1.);
#150=VECTOR('',#952,1.);
#151=VECTOR('',#953,1.);
#152=VECTOR('',#956,1.);
#153=VECTOR('',#957,1.);
#154=VECTOR('',#960,1.);
#155=VECTOR('',#961,1.);
#156=VECTOR('',#964,1.);
#157=VECTOR('',#965,1.);
#158=VECTOR('',#968,1.);
#159=VECTOR('',#969,1.);
#160=VECTOR('',#972,1.);
#161=VECTOR('',#973,1.);
#162=VECTOR('',#976,1.);
#163=VECTOR('',#977,1.);
#164=VECTOR('',#980,1.);
#165=VECTOR('',#981,1.);
#166=VECTOR('',#984,1.);
#167=VECTOR('',#985,1.);
#168=VECTOR('',#988,1.);
#169=VECTOR('',#989,1.);
#170=VECTOR('',#992,1.);
#171=VECTOR('',#993,1.);
#172=VECTOR('',#996,1.);
#173=VECTOR('',#997,1.);
#174=VECTOR('',#1000,1.);
#175=VECTOR('',#1001,1.);
#176=VECTOR('',#1004,1.);
#177=VECTOR('',#1005,1.);
#178=VECTOR('',#1008,1.);
#179=VECTOR('',#1009,1.);
#180=VECTOR('',#1012,1.);
#181=VECTOR('',#1013,1.);
#182=VECTOR('',#1016,1.);
#183=ORIENTED_EDGE('',*,*,#449,.T.);
#184=ORIENTED_EDGE('',*,*,#450,.F.);
#185=ORIENTED_EDGE('',*,*,#451,.F.);
#186=ORIENTED_EDGE('',*,*,#452,.F.);
#187=ORIENTED_EDGE('',*,*,#453,.F.);
#188=ORIENTED_EDGE('',*,*,#454,.F.);
#189=ORIENTED_EDGE('',*,*,#455,.F.);
#190=ORIENTED_EDGE('',*,*,#456,.F.);
#191=ORIENTED_EDGE('',*,*,#457,.F.);
#192=ORIENTED_EDGE('',*,*,#458,.F.);
#193=ORIENTED_EDGE('',*,*,#459,.F.);
#194=ORIENTED_EDGE('',*,*,#460,.F.);
#195=ORIENTED_EDGE('',*,*,#461,.F.);
#196=ORIENTED_EDGE('',*,*,#462,.F.);
#197=ORIENTED_EDGE('',*,*,#463,.F.);
#198=ORIENTED_EDGE('',*,*,#464,.F.);
#199=ORIENTED_EDGE('',*,*,#465,.T.);
#200=ORIENTED_EDGE('',*,*,#466,.F.);
#201=ORIENTED_EDGE('',*,*,#467,.F.);
#202=ORIENTED_EDGE('',*,*,#468,.F.);
#203=ORIENTED_EDGE('',*,*,#469,.F.);
#204=ORIENTED_EDGE('',*,*,#470,.F.);
#205=ORIENTED_EDGE('',*,*,#471,.F.);
#206=ORIENTED_EDGE('',*,*,#472,.F.);
#207=ORIENTED_EDGE('',*,*,#473,.F.);
#208=ORIENTED_EDGE('',*,*,#474,.F.);
#209=ORIENTED_EDGE('',*,*,#475,.F.);
#210=ORIENTED_EDGE('',*,*,#476,.F.);
#211=ORIENTED_EDGE('',*,*,#477,.F.);
#212=ORIENTED_EDGE('',*,*,#478,.F.);
#213=ORIENTED_EDGE('',*,*,#479,.F.);
#214=ORIENTED_EDGE('',*,*,#480,.F.);
#215=ORIENTED_EDGE('',*,*,#481,.F.);
#216=ORIENTED_EDGE('',*,*,#482,.T.);
#217=ORIENTED_EDGE('',*,*,#483,.F.);
#218=ORIENTED_EDGE('',*,*,#484,.F.);
#219=ORIENTED_EDGE('',*,*,#485,.F.);
#220=ORIENTED_EDGE('',*,*,#486,.F.);
#221=ORIENTED_EDGE('',*,*,#487,.F.);
#222=ORIENTED_EDGE('',*,*,#488,.F.);
#223=ORIENTED_EDGE('',*,*,#489,.F.);
#224=ORIENTED_EDGE('',*,*,#490,.F.);
#225=ORIENTED_EDGE('',*,*,#491,.F.);
#226=ORIENTED_EDGE('',*,*,#492,.F.);
#227=ORIENTED_EDGE('',*,*,#493,.F.);
#228=ORIENTED_EDGE('',*,*,#494,.F.);
#229=ORIENTED_EDGE('',*,*,#495,.F.);
#230=ORIENTED_EDGE('',*,*,#496,.F.);
#231=ORIENTED_EDGE('',*,*,#497,.F.);
#232=ORIENTED_EDGE('',*,*,#498,.T.);
#233=ORIENTED_EDGE('',*,*,#499,.F.);
#234=ORIENTED_EDGE('',*,*,#500,.F.);
#235=ORIENTED_EDGE('',*,*,#501,.F.);
#236=ORIENTED_EDGE('',*,*,#502,.F.);
#237=ORIENTED_EDGE('',*,*,#503,.F.);
#238=ORIENTED_EDGE('',*,*,#504,.F.);
#239=ORIENTED_EDGE('',*,*,#505,.F.);
#240=ORIENTED_EDGE('',*,*,#506,.F.);
#241=ORIENTED_EDGE('',*,*,#507,.F.);
#242=ORIENTED_EDGE('',*,*,#508,.F.);
#243=ORIENTED_EDGE('',*,*,#509,.F.);
#244=ORIENTED_EDGE('',*,*,#510,.F.);
#245=ORIENTED_EDGE('',*,*,#511,.F.);
#246=ORIENTED_EDGE('',*,*,#512,.F.);
#247=ORIENTED_EDGE('',*,*,#513,.F.);
#248=ORIENTED_EDGE('',*,*,#514,.T.);
#249=ORIENTED_EDGE('',*,*,#465,.F.);
#250=ORIENTED_EDGE('',*,*,#515,.T.);
#251=ORIENTED_EDGE('',*,*,#482,.F.);
#252=ORIENTED_EDGE('',*,*,#516,.F.);
#253=ORIENTED_EDGE('',*,*,#517,.T.);
#254=ORIENTED_EDGE('',*,*,#518,.T.);
#255=ORIENTED_EDGE('',*,*,#519,.F.);
#256=ORIENTED_EDGE('',*,*,#520,.F.);
#257=ORIENTED_EDGE('',*,*,#521,.T.);
#258=ORIENTED_EDGE('',*,*,#516,.T.);
#259=ORIENTED_EDGE('',*,*,#522,.F.);
#260=ORIENTED_EDGE('',*,*,#518,.F.);
#261=ORIENTED_EDGE('',*,*,#523,.T.);
#262=ORIENTED_EDGE('',*,*,#524,.T.);
#263=ORIENTED_EDGE('',*,*,#525,.F.);
#264=ORIENTED_EDGE('',*,*,#526,.F.);
#265=ORIENTED_EDGE('',*,*,#527,.F.);
#266=ORIENTED_EDGE('',*,*,#528,.F.);
#267=ORIENTED_EDGE('',*,*,#529,.F.);
#268=ORIENTED_EDGE('',*,*,#530,.F.);
#269=ORIENTED_EDGE('',*,*,#531,.F.);
#270=ORIENTED_EDGE('',*,*,#532,.F.);
#271=ORIENTED_EDGE('',*,*,#533,.F.);
#272=ORIENTED_EDGE('',*,*,#534,.F.);
#273=ORIENTED_EDGE('',*,*,#535,.F.);
#274=ORIENTED_EDGE('',*,*,#536,.F.);
#275=ORIENTED_EDGE('',*,*,#537,.F.);
#276=ORIENTED_EDGE('',*,*,#538,.F.);
#277=ORIENTED_EDGE('',*,*,#539,.F.);
#278=ORIENTED_EDGE('',*,*,#540,.F.);
#279=ORIENTED_EDGE('',*,*,#541,.F.);
#280=ORIENTED_EDGE('',*,*,#542,.F.);
#281=ORIENTED_EDGE('',*,*,#523,.F.);
#282=ORIENTED_EDGE('',*,*,#517,.F.);
#283=ORIENTED_EDGE('',*,*,#521,.F.);
#284=ORIENTED_EDGE('',*,*,#524,.F.);
#285=ORIENTED_EDGE('',*,*,#542,.T.);
#286=ORIENTED_EDGE('',*,*,#543,.T.);
#287=ORIENTED_EDGE('',*,*,#544,.F.);
#288=ORIENTED_EDGE('',*,*,#543,.F.);
#289=ORIENTED_EDGE('',*,*,#541,.T.);
#290=ORIENTED_EDGE('',*,*,#545,.T.);
#291=ORIENTED_EDGE('',*,*,#546,.F.);
#292=ORIENTED_EDGE('',*,*,#545,.F.);
#293=ORIENTED_EDGE('',*,*,#540,.T.);
#294=ORIENTED_EDGE('',*,*,#547,.T.);
#295=ORIENTED_EDGE('',*,*,#548,.F.);
#296=ORIENTED_EDGE('',*,*,#547,.F.);
#297=ORIENTED_EDGE('',*,*,#539,.T.);
#298=ORIENTED_EDGE('',*,*,#549,.T.);
#299=ORIENTED_EDGE('',*,*,#550,.F.);
#300=ORIENTED_EDGE('',*,*,#549,.F.);
#301=ORIENTED_EDGE('',*,*,#538,.T.);
#302=ORIENTED_EDGE('',*,*,#551,.T.);
#303=ORIENTED_EDGE('',*,*,#552,.F.);
#304=ORIENTED_EDGE('',*,*,#551,.F.);
#305=ORIENTED_EDGE('',*,*,#537,.T.);
#306=ORIENTED_EDGE('',*,*,#553,.T.);
#307=ORIENTED_EDGE('',*,*,#554,.F.);
#308=ORIENTED_EDGE('',*,*,#553,.F.);
#309=ORIENTED_EDGE('',*,*,#536,.T.);
#310=ORIENTED_EDGE('',*,*,#555,.T.);
#311=ORIENTED_EDGE('',*,*,#556,.F.);
#312=ORIENTED_EDGE('',*,*,#555,.F.);
#313=ORIENTED_EDGE('',*,*,#535,.T.);
#314=ORIENTED_EDGE('',*,*,#557,.T.);
#315=ORIENTED_EDGE('',*,*,#558,.F.);
#316=ORIENTED_EDGE('',*,*,#557,.F.);
#317=ORIENTED_EDGE('',*,*,#534,.T.);
#318=ORIENTED_EDGE('',*,*,#559,.T.);
#319=ORIENTED_EDGE('',*,*,#560,.F.);
#320=ORIENTED_EDGE('',*,*,#559,.F.);
#321=ORIENTED_EDGE('',*,*,#533,.T.);
#322=ORIENTED_EDGE('',*,*,#561,.T.);
#323=ORIENTED_EDGE('',*,*,#562,.F.);
#324=ORIENTED_EDGE('',*,*,#561,.F.);
#325=ORIENTED_EDGE('',*,*,#532,.T.);
#326=ORIENTED_EDGE('',*,*,#563,.T.);
#327=ORIENTED_EDGE('',*,*,#564,.F.);
#328=ORIENTED_EDGE('',*,*,#563,.F.);
#329=ORIENTED_EDGE('',*,*,#531,.T.);
#330=ORIENTED_EDGE('',*,*,#565,.T.);
#331=ORIENTED_EDGE('',*,*,#566,.F.);
#332=ORIENTED_EDGE('',*,*,#565,.F.);
#333=ORIENTED_EDGE('',*,*,#530,.T.);
#334=ORIENTED_EDGE('',*,*,#567,.T.);
#335=ORIENTED_EDGE('',*,*,#568,.F.);
#336=ORIENTED_EDGE('',*,*,#567,.F.);
#337=ORIENTED_EDGE('',*,*,#529,.T.);
#338=ORIENTED_EDGE('',*,*,#569,.T.);
#339=ORIENTED_EDGE('',*,*,#570,.F.);
#340=ORIENTED_EDGE('',*,*,#569,.F.);
#341=ORIENTED_EDGE('',*,*,#528,.T.);
#342=ORIENTED_EDGE('',*,*,#571,.T.);
#343=ORIENTED_EDGE('',*,*,#572,.F.);
#344=ORIENTED_EDGE('',*,*,#571,.F.);
#345=ORIENTED_EDGE('',*,*,#527,.T.);
#346=ORIENTED_EDGE('',*,*,#573,.T.);
#347=ORIENTED_EDGE('',*,*,#574,.F.);
#348=ORIENTED_EDGE('',*,*,#573,.F.);
#349=ORIENTED_EDGE('',*,*,#526,.T.);
#350=ORIENTED_EDGE('',*,*,#520,.T.);
#351=ORIENTED_EDGE('',*,*,#575,.F.);
#352=ORIENTED_EDGE('',*,*,#576,.F.);
#353=ORIENTED_EDGE('',*,*,#577,.T.);
#354=ORIENTED_EDGE('',*,*,#578,.T.);
#355=ORIENTED_EDGE('',*,*,#577,.F.);
#356=ORIENTED_EDGE('',*,*,#575,.T.);
#357=ORIENTED_EDGE('',*,*,#522,.T.);
#358=ORIENTED_EDGE('',*,*,#519,.T.);
#359=ORIENTED_EDGE('',*,*,#525,.T.);
#360=ORIENTED_EDGE('',*,*,#544,.T.);
#361=ORIENTED_EDGE('',*,*,#546,.T.);
#362=ORIENTED_EDGE('',*,*,#548,.T.);
#363=ORIENTED_EDGE('',*,*,#550,.T.);
#364=ORIENTED_EDGE('',*,*,#552,.T.);
#365=ORIENTED_EDGE('',*,*,#554,.T.);
#366=ORIENTED_EDGE('',*,*,#556,.T.);
#367=ORIENTED_EDGE('',*,*,#558,.T.);
#368=ORIENTED_EDGE('',*,*,#560,.T.);
#369=ORIENTED_EDGE('',*,*,#562,.T.);
#370=ORIENTED_EDGE('',*,*,#564,.T.);
#371=ORIENTED_EDGE('',*,*,#566,.T.);
#372=ORIENTED_EDGE('',*,*,#568,.T.);
#373=ORIENTED_EDGE('',*,*,#570,.T.);
#374=ORIENTED_EDGE('',*,*,#572,.T.);
#375=ORIENTED_EDGE('',*,*,#574,.T.);
#376=ORIENTED_EDGE('',*,*,#578,.F.);
#377=ORIENTED_EDGE('',*,*,#579,.T.);
#378=ORIENTED_EDGE('',*,*,#498,.F.);
#379=ORIENTED_EDGE('',*,*,#580,.T.);
#380=ORIENTED_EDGE('',*,*,#449,.F.);
#381=ORIENTED_EDGE('',*,*,#576,.T.);
#382=ORIENTED_EDGE('',*,*,#581,.F.);
#383=ORIENTED_EDGE('',*,*,#581,.T.);
#384=ORIENTED_EDGE('',*,*,#513,.T.);
#385=ORIENTED_EDGE('',*,*,#512,.T.);
#386=ORIENTED_EDGE('',*,*,#511,.T.);
#387=ORIENTED_EDGE('',*,*,#510,.T.);
#388=ORIENTED_EDGE('',*,*,#509,.T.);
#389=ORIENTED_EDGE('',*,*,#508,.T.);
#390=ORIENTED_EDGE('',*,*,#507,.T.);
#391=ORIENTED_EDGE('',*,*,#506,.T.);
#392=ORIENTED_EDGE('',*,*,#505,.T.);
#393=ORIENTED_EDGE('',*,*,#504,.T.);
#394=ORIENTED_EDGE('',*,*,#503,.T.);
#395=ORIENTED_EDGE('',*,*,#502,.T.);
#396=ORIENTED_EDGE('',*,*,#501,.T.);
#397=ORIENTED_EDGE('',*,*,#500,.T.);
#398=ORIENTED_EDGE('',*,*,#499,.T.);
#399=ORIENTED_EDGE('',*,*,#579,.F.);
#400=ORIENTED_EDGE('',*,*,#481,.T.);
#401=ORIENTED_EDGE('',*,*,#480,.T.);
#402=ORIENTED_EDGE('',*,*,#479,.T.);
#403=ORIENTED_EDGE('',*,*,#478,.T.);
#404=ORIENTED_EDGE('',*,*,#477,.T.);
#405=ORIENTED_EDGE('',*,*,#476,.T.);
#406=ORIENTED_EDGE('',*,*,#475,.T.);
#407=ORIENTED_EDGE('',*,*,#474,.T.);
#408=ORIENTED_EDGE('',*,*,#473,.T.);
#409=ORIENTED_EDGE('',*,*,#472,.T.);
#410=ORIENTED_EDGE('',*,*,#471,.T.);
#411=ORIENTED_EDGE('',*,*,#470,.T.);
#412=ORIENTED_EDGE('',*,*,#469,.T.);
#413=ORIENTED_EDGE('',*,*,#468,.T.);
#414=ORIENTED_EDGE('',*,*,#467,.T.);
#415=ORIENTED_EDGE('',*,*,#466,.T.);
#416=ORIENTED_EDGE('',*,*,#514,.F.);
#417=ORIENTED_EDGE('',*,*,#497,.T.);
#418=ORIENTED_EDGE('',*,*,#496,.T.);
#419=ORIENTED_EDGE('',*,*,#495,.T.);
#420=ORIENTED_EDGE('',*,*,#494,.T.);
#421=ORIENTED_EDGE('',*,*,#493,.T.);
#422=ORIENTED_EDGE('',*,*,#492,.T.);
#423=ORIENTED_EDGE('',*,*,#491,.T.);
#424=ORIENTED_EDGE('',*,*,#490,.T.);
#425=ORIENTED_EDGE('',*,*,#489,.T.);
#426=ORIENTED_EDGE('',*,*,#488,.T.);
#427=ORIENTED_EDGE('',*,*,#487,.T.);
#428=ORIENTED_EDGE('',*,*,#486,.T.);
#429=ORIENTED_EDGE('',*,*,#485,.T.);
#430=ORIENTED_EDGE('',*,*,#484,.T.);
#431=ORIENTED_EDGE('',*,*,#483,.T.);
#432=ORIENTED_EDGE('',*,*,#515,.F.);
#433=ORIENTED_EDGE('',*,*,#464,.T.);
#434=ORIENTED_EDGE('',*,*,#463,.T.);
#435=ORIENTED_EDGE('',*,*,#462,.T.);
#436=ORIENTED_EDGE('',*,*,#461,.T.);
#437=ORIENTED_EDGE('',*,*,#460,.T.);
#438=ORIENTED_EDGE('',*,*,#459,.T.);
#439=ORIENTED_EDGE('',*,*,#458,.T.);
#440=ORIENTED_EDGE('',*,*,#457,.T.);
#441=ORIENTED_EDGE('',*,*,#456,.T.);
#442=ORIENTED_EDGE('',*,*,#455,.T.);
#443=ORIENTED_EDGE('',*,*,#454,.T.);
#444=ORIENTED_EDGE('',*,*,#453,.T.);
#445=ORIENTED_EDGE('',*,*,#452,.T.);
#446=ORIENTED_EDGE('',*,*,#451,.T.);
#447=ORIENTED_EDGE('',*,*,#450,.T.);
#448=ORIENTED_EDGE('',*,*,#580,.F.);
#449=EDGE_CURVE('',#582,#583,#691,.T.);
#450=EDGE_CURVE('',#584,#583,#692,.T.);
#451=EDGE_CURVE('',#585,#584,#693,.T.);
#452=EDGE_CURVE('',#586,#585,#694,.T.);
#453=EDGE_CURVE('',#587,#586,#695,.T.);
#454=EDGE_CURVE('',#588,#587,#696,.T.);
#455=EDGE_CURVE('',#589,#588,#697,.T.);
#456=EDGE_CURVE('',#590,#589,#698,.T.);
#457=EDGE_CURVE('',#591,#590,#699,.T.);
#458=EDGE_CURVE('',#592,#591,#700,.T.);
#459=EDGE_CURVE('',#593,#592,#701,.T.);
#460=EDGE_CURVE('',#594,#593,#702,.T.);
#461=EDGE_CURVE('',#595,#594,#703,.T.);
#462=EDGE_CURVE('',#596,#595,#704,.T.);
#463=EDGE_CURVE('',#597,#596,#705,.T.);
#464=EDGE_CURVE('',#598,#597,#706,.T.);
#465=EDGE_CURVE('',#598,#599,#55,.T.);
#466=EDGE_CURVE('',#600,#599,#707,.T.);
#467=EDGE_CURVE('',#601,#600,#708,.T.);
#468=EDGE_CURVE('',#602,#601,#709,.T.);
#469=EDGE_CURVE('',#603,#602,#710,.T.);
#470=EDGE_CURVE('',#604,#603,#711,.T.);
#471=EDGE_CURVE('',#605,#604,#712,.T.);
#472=EDGE_CURVE('',#606,#605,#713,.T.);
#473=EDGE_CURVE('',#607,#606,#714,.T.);
#474=EDGE_CURVE('',#608,#607,#715,.T.);
#475=EDGE_CURVE('',#609,#608,#716,.T.);
#476=EDGE_CURVE('',#610,#609,#717,.T.);
#477=EDGE_CURVE('',#611,#610,#718,.T.);
#478=EDGE_CURVE('',#612,#611,#719,.T.);
#479=EDGE_CURVE('',#613,#612,#720,.T.);
#480=EDGE_CURVE('',#614,#613,#721,.T.);
#481=EDGE_CURVE('',#582,#614,#722,.T.);
#482=EDGE_CURVE('',#615,#616,#56,.T.);
#483=EDGE_CURVE('',#617,#616,#723,.T.);
#484=EDGE_CURVE('',#618,#617,#724,.T.);
#485=EDGE_CURVE('',#619,#618,#725,.T.);
#486=EDGE_CURVE('',#620,#619,#726,.T.);
#487=EDGE_CURVE('',#621,#620,#727,.T.);
#488=EDGE_CURVE('',#622,#621,#728,.T.);
#489=EDGE_CURVE('',#623,#622,#729,.T.);
#490=EDGE_CURVE('',#624,#623,#730,.T.);
#491=EDGE_CURVE('',#625,#624,#731,.T.);
#492=EDGE_CURVE('',#626,#625,#732,.T.);
#493=EDGE_CURVE('',#627,#626,#733,.T.);
#494=EDGE_CURVE('',#628,#627,#734,.T.);
#495=EDGE_CURVE('',#629,#628,#735,.T.);
#496=EDGE_CURVE('',#630,#629,#736,.T.);
#497=EDGE_CURVE('',#631,#630,#737,.T.);
#498=EDGE_CURVE('',#631,#632,#738,.T.);
#499=EDGE_CURVE('',#633,#632,#739,.T.);
#500=EDGE_CURVE('',#634,#633,#740,.T.);
#501=EDGE_CURVE('',#635,#634,#741,.T.);
#502=EDGE_CURVE('',#636,#635,#742,.T.);
#503=EDGE_CURVE('',#637,#636,#743,.T.);
#504=EDGE_CURVE('',#638,#637,#744,.T.);
#505=EDGE_CURVE('',#639,#638,#745,.T.);
#506=EDGE_CURVE('',#640,#639,#746,.T.);
#507=EDGE_CURVE('',#641,#640,#747,.T.);
#508=EDGE_CURVE('',#642,#641,#748,.T.);
#509=EDGE_CURVE('',#643,#642,#749,.T.);
#510=EDGE_CURVE('',#644,#643,#750,.T.);
#511=EDGE_CURVE('',#645,#644,#751,.T.);
#512=EDGE_CURVE('',#646,#645,#752,.T.);
#513=EDGE_CURVE('',#615,#646,#753,.T.);
#514=EDGE_CURVE('',#615,#599,#57,.T.);
#515=EDGE_CURVE('',#598,#616,#58,.T.);
#516=EDGE_CURVE('',#647,#648,#59,.T.);
#517=EDGE_CURVE('',#647,#649,#60,.T.);
#518=EDGE_CURVE('',#649,#650,#61,.T.);
#519=EDGE_CURVE('',#648,#650,#62,.T.);
#520=EDGE_CURVE('',#651,#652,#63,.T.);
#521=EDGE_CURVE('',#651,#647,#64,.T.);
#522=EDGE_CURVE('',#652,#648,#65,.T.);
#523=EDGE_CURVE('',#649,#653,#66,.T.);
#524=EDGE_CURVE('',#653,#654,#67,.T.);
#525=EDGE_CURVE('',#650,#654,#68,.T.);
#526=EDGE_CURVE('',#655,#651,#69,.T.);
#527=EDGE_CURVE('',#656,#655,#70,.T.);
#528=EDGE_CURVE('',#657,#656,#71,.T.);
#529=EDGE_CURVE('',#658,#657,#72,.T.);
#530=EDGE_CURVE('',#659,#658,#73,.T.);
#531=EDGE_CURVE('',#660,#659,#74,.T.);
#532=EDGE_CURVE('',#661,#660,#75,.T.);
#533=EDGE_CURVE('',#662,#661,#76,.T.);
#534=EDGE_CURVE('',#663,#662,#77,.T.);
#535=EDGE_CURVE('',#664,#663,#78,.T.);
#536=EDGE_CURVE('',#665,#664,#79,.T.);
#537=EDGE_CURVE('',#666,#665,#80,.T.);
#538=EDGE_CURVE('',#667,#666,#81,.T.);
#539=EDGE_CURVE('',#668,#667,#82,.T.);
#540=EDGE_CURVE('',#669,#668,#83,.T.);
#541=EDGE_CURVE('',#670,#669,#84,.T.);
#542=EDGE_CURVE('',#653,#670,#85,.T.);
#543=EDGE_CURVE('',#670,#671,#86,.T.);
#544=EDGE_CURVE('',#654,#671,#87,.T.);
#545=EDGE_CURVE('',#669,#672,#88,.T.);
#546=EDGE_CURVE('',#671,#672,#89,.T.);
#547=EDGE_CURVE('',#668,#673,#90,.T.);
#548=EDGE_CURVE('',#672,#673,#91,.T.);
#549=EDGE_CURVE('',#667,#674,#92,.T.);
#550=EDGE_CURVE('',#673,#674,#93,.T.);
#551=EDGE_CURVE('',#666,#675,#94,.T.);
#552=EDGE_CURVE('',#674,#675,#95,.T.);
#553=EDGE_CURVE('',#665,#676,#96,.T.);
#554=EDGE_CURVE('',#675,#676,#97,.T.);
#555=EDGE_CURVE('',#664,#677,#98,.T.);
#556=EDGE_CURVE('',#676,#677,#99,.T.);
#557=EDGE_CURVE('',#663,#678,#100,.T.);
#558=EDGE_CURVE('',#677,#678,#101,.T.);
#559=EDGE_CURVE('',#662,#679,#102,.T.);
#560=EDGE_CURVE('',#678,#679,#103,.T.);
#561=EDGE_CURVE('',#661,#680,#104,.T.);
#562=EDGE_CURVE('',#679,#680,#105,.T.);
#563=EDGE_CURVE('',#660,#681,#106,.T.);
#564=EDGE_CURVE('',#680,#681,#107,.T.);
#565=EDGE_CURVE('',#659,#682,#108,.T.);
#566=EDGE_CURVE('',#681,#682,#109,.T.);
#567=EDGE_CURVE('',#658,#683,#110,.T.);
#568=EDGE_CURVE('',#682,#683,#111,.T.);
#569=EDGE_CURVE('',#657,#684,#112,.T.);
#570=EDGE_CURVE('',#683,#684,#113,.T.);
#571=EDGE_CURVE('',#656,#685,#114,.T.);
#572=EDGE_CURVE('',#684,#685,#115,.T.);
#573=EDGE_CURVE('',#655,#686,#116,.T.);
#574=EDGE_CURVE('',#685,#686,#117,.T.);
#575=EDGE_CURVE('',#686,#652,#118,.T.);
#576=EDGE_CURVE('',#687,#687,#24,.T.);
#577=EDGE_CURVE('',#688,#688,#25,.T.);
#578=EDGE_CURVE('',#689,#689,#26,.T.);
#579=EDGE_CURVE('',#582,#632,#27,.T.);
#580=EDGE_CURVE('',#631,#583,#28,.T.);
#581=EDGE_CURVE('',#690,#690,#29,.T.);
#582=VERTEX_POINT('',#1376);
#583=VERTEX_POINT('',#1377);
#584=VERTEX_POINT('',#1415);
#585=VERTEX_POINT('',#1468);
#586=VERTEX_POINT('',#1522);
#587=VERTEX_POINT('',#1570);
#588=VERTEX_POINT('',#1615);
#589=VERTEX_POINT('',#1655);
#590=VERTEX_POINT('',#1712);
#591=VERTEX_POINT('',#1761);
#592=VERTEX_POINT('',#1801);
#593=VERTEX_POINT('',#1850);
#594=VERTEX_POINT('',#1896);
#595=VERTEX_POINT('',#1940);
#596=VERTEX_POINT('',#1993);
#597=VERTEX_POINT('',#2046);
#598=VERTEX_POINT('',#2088);
#599=VERTEX_POINT('',#2090);
#600=VERTEX_POINT('',#2105);
#601=VERTEX_POINT('',#2159);
#602=VERTEX_POINT('',#2215);
#603=VERTEX_POINT('',#2269);
#604=VERTEX_POINT('',#2328);
#605=VERTEX_POINT('',#2382);
#606=VERTEX_POINT('',#2436);
#607=VERTEX_POINT('',#2492);
#608=VERTEX_POINT('',#2555);
#609=VERTEX_POINT('',#2618);
#610=VERTEX_POINT('',#2672);
#611=VERTEX_POINT('',#2726);
#612=VERTEX_POINT('',#2785);
#613=VERTEX_POINT('',#2839);
#614=VERTEX_POINT('',#2899);
#615=VERTEX_POINT('',#3160);
#616=VERTEX_POINT('',#3161);
#617=VERTEX_POINT('',#3204);
#618=VERTEX_POINT('',#3250);
#619=VERTEX_POINT('',#3293);
#620=VERTEX_POINT('',#3344);
#621=VERTEX_POINT('',#3397);
#622=VERTEX_POINT('',#3451);
#623=VERTEX_POINT('',#3495);
#624=VERTEX_POINT('',#3540);
#625=VERTEX_POINT('',#3580);
#626=VERTEX_POINT('',#3632);
#627=VERTEX_POINT('',#3681);
#628=VERTEX_POINT('',#3721);
#629=VERTEX_POINT('',#3770);
#630=VERTEX_POINT('',#3816);
#631=VERTEX_POINT('',#3840);
#632=VERTEX_POINT('',#3923);
#633=VERTEX_POINT('',#3967);
#634=VERTEX_POINT('',#4024);
#635=VERTEX_POINT('',#4081);
#636=VERTEX_POINT('',#4138);
#637=VERTEX_POINT('',#4197);
#638=VERTEX_POINT('',#4260);
#639=VERTEX_POINT('',#4322);
#640=VERTEX_POINT('',#4374);
#641=VERTEX_POINT('',#4435);
#642=VERTEX_POINT('',#4493);
#643=VERTEX_POINT('',#4558);
#644=VERTEX_POINT('',#4613);
#645=VERTEX_POINT('',#4663);
#646=VERTEX_POINT('',#4728);
#647=VERTEX_POINT('',#4754);
#648=VERTEX_POINT('',#4755);
#649=VERTEX_POINT('',#4757);
#650=VERTEX_POINT('',#4759);
#651=VERTEX_POINT('',#4763);
#652=VERTEX_POINT('',#4764);
#653=VERTEX_POINT('',#4769);
#654=VERTEX_POINT('',#4771);
#655=VERTEX_POINT('',#4775);
#656=VERTEX_POINT('',#4777);
#657=VERTEX_POINT('',#4779);
#658=VERTEX_POINT('',#4781);
#659=VERTEX_POINT('',#4783);
#660=VERTEX_POINT('',#4785);
#661=VERTEX_POINT('',#4787);
#662=VERTEX_POINT('',#4789);
#663=VERTEX_POINT('',#4791);
#664=VERTEX_POINT('',#4793);
#665=VERTEX_POINT('',#4795);
#666=VERTEX_POINT('',#4797);
#667=VERTEX_POINT('',#4799);
#668=VERTEX_POINT('',#4801);
#669=VERTEX_POINT('',#4803);
#670=VERTEX_POINT('',#4805);
#671=VERTEX_POINT('',#4809);
#672=VERTEX_POINT('',#4813);
#673=VERTEX_POINT('',#4817);
#674=VERTEX_POINT('',#4821);
#675=VERTEX_POINT('',#4825);
#676=VERTEX_POINT('',#4829);
#677=VERTEX_POINT('',#4833);
#678=VERTEX_POINT('',#4837);
#679=VERTEX_POINT('',#4841);
#680=VERTEX_POINT('',#4845);
#681=VERTEX_POINT('',#4849);
#682=VERTEX_POINT('',#4853);
#683=VERTEX_POINT('',#4857);
#684=VERTEX_POINT('',#4861);
#685=VERTEX_POINT('',#4865);
#686=VERTEX_POINT('',#4869);
#687=VERTEX_POINT('',#4875);
#688=VERTEX_POINT('',#4877);
#689=VERTEX_POINT('',#4880);
#690=VERTEX_POINT('',#4887);
#691=B_SPLINE_CURVE_WITH_KNOTS('',3,(#1288,#1289,#1290,#1291,#1292,#1293,
#1294,#1295,#1296,#1297,#1298,#1299,#1300,#1301,#1302,#1303,#1304,#1305,
#1306,#1307,#1308,#1309,#1310,#1311,#1312,#1313,#1314,#1315,#1316,#1317,
#1318,#1319,#1320,#1321,#1322,#1323,#1324,#1325,#1326,#1327,#1328,#1329,
#1330,#1331,#1332,#1333,#1334,#1335,#1336,#1337,#1338,#1339,#1340,#1341,
#1342,#1343,#1344,#1345,#1346,#1347,#1348,#1349,#1350,#1351,#1352,#1353,
#1354,#1355,#1356,#1357,#1358,#1359,#1360,#1361,#1362,#1363,#1364,#1365,
#1366,#1367,#1368,#1369,#1370,#1371,#1372,#1373,#1374,#1375),
 .UNSPECIFIED.,.F.,.F.,(4,3,3,3,3,3,3,3,3,3,3,3,3,3,3,3,3,3,3,3,3,3,3,3,
3,3,3,3,3,4),(0.,0.0581946522545721,0.115690715027486,0.13146640840852,
0.143652352744847,0.153960915903055,0.213288108298144,0.273644211819992,
0.311490299536931,0.333307607282826,0.343115059346143,0.401680777152335,
0.460268781909411,0.518340847732458,0.534673027895557,0.543652059811188,
0.576412913555505,0.630871026917057,0.686228687846082,0.708839204565581,
0.722097998878762,0.730788123330212,0.788368316297855,0.846836999412954,
0.881428041394385,0.89936623206551,0.907639493129446,0.95329186495584,0.985201167338678,
1.),.UNSPECIFIED.);
#692=B_SPLINE_CURVE_WITH_KNOTS('',3,(#1378,#1379,#1380,#1381,#1382,#1383,
#1384,#1385,#1386,#1387,#1388,#1389,#1390,#1391,#1392,#1393,#1394,#1395,
#1396,#1397,#1398,#1399,#1400,#1401,#1402,#1403,#1404,#1405,#1406,#1407,
#1408,#1409,#1410,#1411,#1412,#1413,#1414),.UNSPECIFIED.,.F.,.F.,(4,1,1,
1,1,1,1,1,1,1,1,1,1,1,1,1,1,1,1,1,1,1,1,1,1,1,1,1,1,1,1,1,1,1,4),(0.,0.03125,
0.0625,0.09375,0.125,0.15625,0.1875,0.21875,0.25,0.3125,0.34375,0.375,0.4375,
0.46875,0.5,0.53125,0.5625,0.59375,0.625,0.65625,0.6875,0.71875,0.734375,
0.75,0.765625,0.78125,0.8125,0.84375,0.875,0.90625,0.921875,0.9375,0.953125,
0.96875,1.),.UNSPECIFIED.);
#693=B_SPLINE_CURVE_WITH_KNOTS('',3,(#1416,#1417,#1418,#1419,#1420,#1421,
#1422,#1423,#1424,#1425,#1426,#1427,#1428,#1429,#1430,#1431,#1432,#1433,
#1434,#1435,#1436,#1437,#1438,#1439,#1440,#1441,#1442,#1443,#1444,#1445,
#1446,#1447,#1448,#1449,#1450,#1451,#1452,#1453,#1454,#1455,#1456,#1457,
#1458,#1459,#1460,#1461,#1462,#1463,#1464,#1465,#1466,#1467),
 .UNSPECIFIED.,.F.,.F.,(4,1,1,1,1,1,1,1,1,1,1,1,1,1,1,1,1,1,1,1,1,1,1,1,
1,1,1,1,1,1,1,1,1,1,1,1,1,1,1,1,1,1,1,1,1,1,1,1,1,4),(0.,0.03125,0.0625,
0.0703125,0.078125,0.09375,0.109375,0.125,0.1875,0.21875,0.234375,0.25,
0.265625,0.28125,0.296875,0.3125,0.34375,0.359375,0.375,0.390625,0.40625,
0.421875,0.4375,0.46875,0.484375,0.5,0.515625,0.53125,0.546875,0.5625,0.59375,
0.625,0.65625,0.671875,0.6875,0.703125,0.71875,0.734375,0.75,0.765625,0.78125,
0.796875,0.8125,0.84375,0.859375,0.875,0.890625,0.90625,0.9375,1.),
 .UNSPECIFIED.);
#694=B_SPLINE_CURVE_WITH_KNOTS('',3,(#1469,#1470,#1471,#1472,#1473,#1474,
#1475,#1476,#1477,#1478,#1479,#1480,#1481,#1482,#1483,#1484,#1485,#1486,
#1487,#1488,#1489,#1490,#1491,#1492,#1493,#1494,#1495,#1496,#1497,#1498,
#1499,#1500,#1501,#1502,#1503,#1504,#1505,#1506,#1507,#1508,#1509,#1510,
#1511,#1512,#1513,#1514,#1515,#1516,#1517,#1518,#1519,#1520,#1521),
 .UNSPECIFIED.,.F.,.F.,(4,1,1,1,1,1,1,1,1,1,1,1,1,1,1,1,1,1,1,1,1,1,1,1,
1,1,1,1,1,1,1,1,1,1,1,1,1,1,1,1,1,1,1,1,1,1,1,1,1,1,4),(0.,0.03125,0.0625,
0.0703125,0.078125,0.09375,0.109375,0.125,0.15625,0.1875,0.21875,0.234375,
0.25,0.265625,0.28125,0.296875,0.3125,0.34375,0.359375,0.375,0.390625,0.40625,
0.421875,0.4375,0.5,0.53125,0.5625,0.578125,0.59375,0.6015625,0.609375,
0.625,0.65625,0.671875,0.6875,0.71875,0.734375,0.75,0.765625,0.78125,0.796875,
0.8125,0.828125,0.84375,0.875,0.90625,0.921875,0.9375,0.953125,0.96875,
1.),.UNSPECIFIED.);
#695=B_SPLINE_CURVE_WITH_KNOTS('',3,(#1523,#1524,#1525,#1526,#1527,#1528,
#1529,#1530,#1531,#1532,#1533,#1534,#1535,#1536,#1537,#1538,#1539,#1540,
#1541,#1542,#1543,#1544,#1545,#1546,#1547,#1548,#1549,#1550,#1551,#1552,
#1553,#1554,#1555,#1556,#1557,#1558,#1559,#1560,#1561,#1562,#1563,#1564,
#1565,#1566,#1567,#1568,#1569),.UNSPECIFIED.,.F.,.F.,(4,1,1,1,1,1,1,1,1,
1,1,1,1,1,1,1,1,1,1,1,1,1,1,1,1,1,1,1,1,1,1,1,1,1,1,1,1,1,1,1,1,1,1,1,4),
(0.,0.03125,0.0625,0.0703125,0.078125,0.09375,0.109375,0.125,0.140625,0.15625,
0.1875,0.21875,0.25,0.28125,0.3125,0.34375,0.375,0.390625,0.40625,0.4375,
0.46875,0.5,0.53125,0.5625,0.578125,0.59375,0.625,0.65625,0.671875,0.6875,
0.703125,0.71875,0.734375,0.75,0.765625,0.78125,0.796875,0.8125,0.84375,
0.859375,0.875,0.890625,0.90625,0.9375,1.),.UNSPECIFIED.);
#696=B_SPLINE_CURVE_WITH_KNOTS('',3,(#1571,#1572,#1573,#1574,#1575,#1576,
#1577,#1578,#1579,#1580,#1581,#1582,#1583,#1584,#1585,#1586,#1587,#1588,
#1589,#1590,#1591,#1592,#1593,#1594,#1595,#1596,#1597,#1598,#1599,#1600,
#1601,#1602,#1603,#1604,#1605,#1606,#1607,#1608,#1609,#1610,#1611,#1612,
#1613,#1614),.UNSPECIFIED.,.F.,.F.,(4,1,1,1,1,1,1,1,1,1,1,1,1,1,1,1,1,1,
1,1,1,1,1,1,1,1,1,1,1,1,1,1,1,1,1,1,1,1,1,1,1,4),(0.,0.03125,0.0625,0.0703125,
0.078125,0.09375,0.109375,0.125,0.15625,0.1875,0.21875,0.234375,0.25,0.265625,
0.28125,0.296875,0.3125,0.34375,0.359375,0.375,0.390625,0.40625,0.4375,
0.5,0.5625,0.625,0.65625,0.671875,0.6796875,0.6875,0.703125,0.71875,0.734375,
0.75,0.8125,0.84375,0.859375,0.875,0.890625,0.90625,0.9375,1.),
 .UNSPECIFIED.);
#697=B_SPLINE_CURVE_WITH_KNOTS('',3,(#1616,#1617,#1618,#1619,#1620,#1621,
#1622,#1623,#1624,#1625,#1626,#1627,#1628,#1629,#1630,#1631,#1632,#1633,
#1634,#1635,#1636,#1637,#1638,#1639,#1640,#1641,#1642,#1643,#1644,#1645,
#1646,#1647,#1648,#1649,#1650,#1651,#1652,#1653,#1654),.UNSPECIFIED.,.F.,
 .F.,(4,1,1,1,1,1,1,1,1,1,1,1,1,1,1,1,1,1,1,1,1,1,1,1,1,1,1,1,1,1,1,1,1,
1,1,1,4),(0.,0.03125,0.0625,0.0703125,0.078125,0.09375,0.109375,0.125,0.15625,
0.1875,0.21875,0.25,0.28125,0.3125,0.34375,0.375,0.390625,0.40625,0.4375,
0.5,0.5625,0.59375,0.625,0.65625,0.6875,0.71875,0.75,0.78125,0.796875,0.8125,
0.828125,0.84375,0.8515625,0.859375,0.875,0.9375,1.),.UNSPECIFIED.);
#698=B_SPLINE_CURVE_WITH_KNOTS('',3,(#1656,#1657,#1658,#1659,#1660,#1661,
#1662,#1663,#1664,#1665,#1666,#1667,#1668,#1669,#1670,#1671,#1672,#1673,
#1674,#1675,#1676,#1677,#1678,#1679,#1680,#1681,#1682,#1683,#1684,#1685,
#1686,#1687,#1688,#1689,#1690,#1691,#1692,#1693,#1694,#1695,#1696,#1697,
#1698,#1699,#1700,#1701,#1702,#1703,#1704,#1705,#1706,#1707,#1708,#1709,
#1710,#1711),.UNSPECIFIED.,.F.,.F.,(4,1,1,1,1,1,1,1,1,1,1,1,1,1,1,1,1,1,
1,1,1,1,1,1,1,1,1,1,1,1,1,1,1,1,1,1,1,1,1,1,1,1,1,1,1,1,1,1,1,1,1,1,1,4),
(0.,0.03125,0.0625,0.0703125,0.078125,0.09375,0.109375,0.125,0.15625,0.1875,
0.21875,0.234375,0.25,0.265625,0.28125,0.296875,0.3125,0.34375,0.359375,
0.375,0.390625,0.40625,0.421875,0.4375,0.46875,0.484375,0.4921875,0.5,0.5078125,
0.515625,0.53125,0.546875,0.5546875,0.5625,0.578125,0.59375,0.609375,0.625,
0.65625,0.6875,0.703125,0.71875,0.75,0.78125,0.796875,0.8125,0.828125,0.84375,
0.8515625,0.859375,0.875,0.90625,0.9375,1.),.UNSPECIFIED.);
#699=B_SPLINE_CURVE_WITH_KNOTS('',3,(#1713,#1714,#1715,#1716,#1717,#1718,
#1719,#1720,#1721,#1722,#1723,#1724,#1725,#1726,#1727,#1728,#1729,#1730,
#1731,#1732,#1733,#1734,#1735,#1736,#1737,#1738,#1739,#1740,#1741,#1742,
#1743,#1744,#1745,#1746,#1747,#1748,#1749,#1750,#1751,#1752,#1753,#1754,
#1755,#1756,#1757,#1758,#1759,#1760),.UNSPECIFIED.,.F.,.F.,(4,1,1,1,1,1,
1,1,1,1,1,1,1,1,1,1,1,1,1,1,1,1,1,1,1,1,1,1,1,1,1,1,1,1,1,1,1,1,1,1,1,1,
1,1,1,4),(0.,0.03125,0.0625,0.0703125,0.078125,0.09375,0.109375,0.125,0.15625,
0.1875,0.21875,0.234375,0.25,0.265625,0.28125,0.3125,0.34375,0.359375,0.375,
0.390625,0.40625,0.421875,0.4375,0.46875,0.484375,0.5,0.515625,0.53125,
0.5625,0.625,0.65625,0.6875,0.71875,0.734375,0.75,0.765625,0.78125,0.8125,
0.8203125,0.828125,0.84375,0.859375,0.875,0.90625,0.9375,1.),
 .UNSPECIFIED.);
#700=B_SPLINE_CURVE_WITH_KNOTS('',3,(#1762,#1763,#1764,#1765,#1766,#1767,
#1768,#1769,#1770,#1771,#1772,#1773,#1774,#1775,#1776,#1777,#1778,#1779,
#1780,#1781,#1782,#1783,#1784,#1785,#1786,#1787,#1788,#1789,#1790,#1791,
#1792,#1793,#1794,#1795,#1796,#1797,#1798,#1799,#1800),.UNSPECIFIED.,.F.,
 .F.,(4,1,1,1,1,1,1,1,1,1,1,1,1,1,1,1,1,1,1,1,1,1,1,1,1,1,1,1,1,1,1,1,1,
1,1,1,4),(0.,0.03125,0.0390625,0.046875,0.0625,0.09375,0.125,0.1875,0.21875,
0.25,0.3125,0.34375,0.375,0.390625,0.40625,0.4375,0.5,0.625,0.65625,0.671875,
0.6875,0.703125,0.71875,0.734375,0.75,0.765625,0.78125,0.796875,0.8125,
0.84375,0.859375,0.875,0.890625,0.90625,0.921875,0.9375,1.),
 .UNSPECIFIED.);
#701=B_SPLINE_CURVE_WITH_KNOTS('',3,(#1802,#1803,#1804,#1805,#1806,#1807,
#1808,#1809,#1810,#1811,#1812,#1813,#1814,#1815,#1816,#1817,#1818,#1819,
#1820,#1821,#1822,#1823,#1824,#1825,#1826,#1827,#1828,#1829,#1830,#1831,
#1832,#1833,#1834,#1835,#1836,#1837,#1838,#1839,#1840,#1841,#1842,#1843,
#1844,#1845,#1846,#1847,#1848,#1849),.UNSPECIFIED.,.F.,.F.,(4,1,1,1,1,1,
1,1,1,1,1,1,1,1,1,1,1,1,1,1,1,1,1,1,1,1,1,1,1,1,1,1,1,1,1,1,1,1,1,1,1,1,
1,1,1,4),(0.,0.03125,0.0625,0.0703125,0.078125,0.09375,0.109375,0.125,0.15625,
0.1875,0.21875,0.234375,0.25,0.265625,0.28125,0.296875,0.3125,0.34375,0.359375,
0.375,0.390625,0.40625,0.4375,0.5,0.5625,0.625,0.65625,0.671875,0.6875,
0.6953125,0.703125,0.71875,0.734375,0.75,0.765625,0.78125,0.796875,0.8125,
0.84375,0.875,0.90625,0.921875,0.9375,0.953125,0.96875,1.),
 .UNSPECIFIED.);
#702=B_SPLINE_CURVE_WITH_KNOTS('',3,(#1851,#1852,#1853,#1854,#1855,#1856,
#1857,#1858,#1859,#1860,#1861,#1862,#1863,#1864,#1865,#1866,#1867,#1868,
#1869,#1870,#1871,#1872,#1873,#1874,#1875,#1876,#1877,#1878,#1879,#1880,
#1881,#1882,#1883,#1884,#1885,#1886,#1887,#1888,#1889,#1890,#1891,#1892,
#1893,#1894,#1895),.UNSPECIFIED.,.F.,.F.,(4,1,1,1,1,1,1,1,1,1,1,1,1,1,1,
1,1,1,1,1,1,1,1,1,1,1,1,1,1,1,1,1,1,1,1,1,1,1,1,1,1,1,4),(0.,0.03125,0.0625,
0.0703125,0.078125,0.09375,0.109375,0.125,0.140625,0.15625,0.1875,0.21875,
0.25,0.28125,0.3125,0.34375,0.375,0.390625,0.40625,0.4375,0.5,0.5625,0.625,
0.65625,0.671875,0.6875,0.6953125,0.703125,0.71875,0.734375,0.75,0.765625,
0.78125,0.796875,0.8125,0.84375,0.859375,0.875,0.890625,0.90625,0.921875,
0.9375,1.),.UNSPECIFIED.);
#703=B_SPLINE_CURVE_WITH_KNOTS('',3,(#1897,#1898,#1899,#1900,#1901,#1902,
#1903,#1904,#1905,#1906,#1907,#1908,#1909,#1910,#1911,#1912,#1913,#1914,
#1915,#1916,#1917,#1918,#1919,#1920,#1921,#1922,#1923,#1924,#1925,#1926,
#1927,#1928,#1929,#1930,#1931,#1932,#1933,#1934,#1935,#1936,#1937,#1938,
#1939),.UNSPECIFIED.,.F.,.F.,(4,1,1,1,1,1,1,1,1,1,1,1,1,1,1,1,1,1,1,1,1,
1,1,1,1,1,1,1,1,1,1,1,1,1,1,1,1,1,1,1,4),(0.,0.03125,0.0625,0.0703125,0.078125,
0.09375,0.109375,0.125,0.1875,0.21875,0.234375,0.25,0.265625,0.28125,0.296875,
0.3125,0.34375,0.359375,0.375,0.390625,0.40625,0.4375,0.5,0.5625,0.625,
0.65625,0.671875,0.6796875,0.6875,0.703125,0.71875,0.734375,0.75,0.8125,
0.84375,0.859375,0.875,0.890625,0.90625,0.9375,1.),.UNSPECIFIED.);
#704=B_SPLINE_CURVE_WITH_KNOTS('',3,(#1941,#1942,#1943,#1944,#1945,#1946,
#1947,#1948,#1949,#1950,#1951,#1952,#1953,#1954,#1955,#1956,#1957,#1958,
#1959,#1960,#1961,#1962,#1963,#1964,#1965,#1966,#1967,#1968,#1969,#1970,
#1971,#1972,#1973,#1974,#1975,#1976,#1977,#1978,#1979,#1980,#1981,#1982,
#1983,#1984,#1985,#1986,#1987,#1988,#1989,#1990,#1991,#1992),
 .UNSPECIFIED.,.F.,.F.,(4,1,1,1,1,1,1,1,1,1,1,1,1,1,1,1,1,1,1,1,1,1,1,1,
1,1,1,1,1,1,1,1,1,1,1,1,1,1,1,1,1,1,1,1,1,1,1,1,1,4),(0.,0.03125,0.046875,
0.0625,0.078125,0.09375,0.109375,0.125,0.140625,0.15625,0.171875,0.1875,
0.203125,0.21875,0.234375,0.25,0.28125,0.3125,0.3203125,0.328125,0.34375,
0.359375,0.375,0.40625,0.4375,0.5,0.53125,0.5625,0.59375,0.625,0.65625,
0.671875,0.6875,0.71875,0.734375,0.75,0.765625,0.78125,0.796875,0.8125,
0.828125,0.84375,0.875,0.90625,0.921875,0.9375,0.9453125,0.953125,0.96875,
1.),.UNSPECIFIED.);
#705=B_SPLINE_CURVE_WITH_KNOTS('',3,(#1994,#1995,#1996,#1997,#1998,#1999,
#2000,#2001,#2002,#2003,#2004,#2005,#2006,#2007,#2008,#2009,#2010,#2011,
#2012,#2013,#2014,#2015,#2016,#2017,#2018,#2019,#2020,#2021,#2022,#2023,
#2024,#2025,#2026,#2027,#2028,#2029,#2030,#2031,#2032,#2033,#2034,#2035,
#2036,#2037,#2038,#2039,#2040,#2041,#2042,#2043,#2044,#2045),
 .UNSPECIFIED.,.F.,.F.,(4,1,1,1,1,1,1,1,1,1,1,1,1,1,1,1,1,1,1,1,1,1,1,1,
1,1,1,1,1,1,1,1,1,1,1,1,1,1,1,1,1,1,1,1,1,1,1,1,1,4),(0.,0.03125,0.0625,
0.0703125,0.078125,0.09375,0.109375,0.125,0.1875,0.21875,0.234375,0.25,
0.265625,0.28125,0.296875,0.3125,0.34375,0.359375,0.375,0.390625,0.40625,
0.421875,0.4375,0.46875,0.484375,0.5,0.515625,0.53125,0.546875,0.5625,0.59375,
0.625,0.65625,0.671875,0.6875,0.703125,0.71875,0.734375,0.75,0.765625,0.78125,
0.796875,0.8125,0.84375,0.859375,0.875,0.890625,0.90625,0.9375,1.),
 .UNSPECIFIED.);
#706=B_SPLINE_CURVE_WITH_KNOTS('',3,(#2047,#2048,#2049,#2050,#2051,#2052,
#2053,#2054,#2055,#2056,#2057,#2058,#2059,#2060,#2061,#2062,#2063,#2064,
#2065,#2066,#2067,#2068,#2069,#2070,#2071,#2072,#2073,#2074,#2075,#2076,
#2077,#2078,#2079,#2080,#2081,#2082,#2083,#2084,#2085,#2086,#2087),
 .UNSPECIFIED.,.F.,.F.,(4,1,1,1,1,1,1,1,1,1,1,1,1,1,1,1,1,1,1,1,1,1,1,1,
1,1,1,1,1,1,1,1,1,1,1,1,1,1,4),(0.,0.03125,0.0625,0.09375,0.125,0.15625,
0.171875,0.1875,0.203125,0.21875,0.234375,0.25,0.265625,0.28125,0.3125,
0.34375,0.359375,0.375,0.40625,0.4375,0.46875,0.484375,0.5,0.515625,0.53125,
0.5625,0.59375,0.625,0.65625,0.6875,0.71875,0.734375,0.75,0.765625,0.78125,
0.8125,0.84375,0.875,1.),.UNSPECIFIED.);
#707=B_SPLINE_CURVE_WITH_KNOTS('',3,(#2091,#2092,#2093,#2094,#2095,#2096,
#2097,#2098,#2099,#2100,#2101,#2102,#2103,#2104),.UNSPECIFIED.,.F.,.F.,
(4,1,1,1,1,1,1,1,1,1,1,4),(0.,0.0625,0.125,0.15625,0.1875,0.25,0.375,0.5,
0.5625,0.625,0.75,1.),.UNSPECIFIED.);
#708=B_SPLINE_CURVE_WITH_KNOTS('',3,(#2106,#2107,#2108,#2109,#2110,#2111,
#2112,#2113,#2114,#2115,#2116,#2117,#2118,#2119,#2120,#2121,#2122,#2123,
#2124,#2125,#2126,#2127,#2128,#2129,#2130,#2131,#2132,#2133,#2134,#2135,
#2136,#2137,#2138,#2139,#2140,#2141,#2142,#2143,#2144,#2145,#2146,#2147,
#2148,#2149,#2150,#2151,#2152,#2153,#2154,#2155,#2156,#2157,#2158),
 .UNSPECIFIED.,.F.,.F.,(4,1,1,1,1,1,1,1,1,1,1,1,1,1,1,1,1,1,1,1,1,1,1,1,
1,1,1,1,1,1,1,1,1,1,1,1,1,1,1,1,1,1,1,1,1,1,1,1,1,1,4),(0.,0.03125,0.046875,
0.0625,0.078125,0.09375,0.109375,0.125,0.140625,0.15625,0.171875,0.1875,
0.203125,0.21875,0.234375,0.25,0.265625,0.28125,0.296875,0.3125,0.328125,
0.34375,0.359375,0.375,0.390625,0.40625,0.421875,0.4375,0.453125,0.46875,
0.484375,0.5,0.515625,0.53125,0.546875,0.5625,0.578125,0.59375,0.609375,
0.625,0.65625,0.6875,0.71875,0.75,0.8125,0.84375,0.875,0.890625,0.90625,
0.9375,1.),.UNSPECIFIED.);
#709=B_SPLINE_CURVE_WITH_KNOTS('',3,(#2160,#2161,#2162,#2163,#2164,#2165,
#2166,#2167,#2168,#2169,#2170,#2171,#2172,#2173,#2174,#2175,#2176,#2177,
#2178,#2179,#2180,#2181,#2182,#2183,#2184,#2185,#2186,#2187,#2188,#2189,
#2190,#2191,#2192,#2193,#2194,#2195,#2196,#2197,#2198,#2199,#2200,#2201,
#2202,#2203,#2204,#2205,#2206,#2207,#2208,#2209,#2210,#2211,#2212,#2213,
#2214),.UNSPECIFIED.,.F.,.F.,(4,1,1,1,1,1,1,1,1,1,1,1,1,1,1,1,1,1,1,1,1,
1,1,1,1,1,1,1,1,1,1,1,1,1,1,1,1,1,1,1,1,1,1,1,1,1,1,1,1,1,1,1,4),(0.,0.015625,
0.03125,0.046875,0.0625,0.0703125,0.078125,0.09375,0.109375,0.125,0.1328125,
0.140625,0.1484375,0.15625,0.171875,0.1875,0.21875,0.25,0.3125,0.34375,
0.359375,0.375,0.390625,0.40625,0.4375,0.5,0.53125,0.546875,0.5625,0.5703125,
0.578125,0.59375,0.625,0.6328125,0.640625,0.65625,0.671875,0.6875,0.71875,
0.734375,0.75,0.765625,0.78125,0.796875,0.8125,0.84375,0.859375,0.875,0.890625,
0.90625,0.921875,0.9375,1.),.UNSPECIFIED.);
#710=B_SPLINE_CURVE_WITH_KNOTS('',3,(#2216,#2217,#2218,#2219,#2220,#2221,
#2222,#2223,#2224,#2225,#2226,#2227,#2228,#2229,#2230,#2231,#2232,#2233,
#2234,#2235,#2236,#2237,#2238,#2239,#2240,#2241,#2242,#2243,#2244,#2245,
#2246,#2247,#2248,#2249,#2250,#2251,#2252,#2253,#2254,#2255,#2256,#2257,
#2258,#2259,#2260,#2261,#2262,#2263,#2264,#2265,#2266,#2267,#2268),
 .UNSPECIFIED.,.F.,.F.,(4,1,1,1,1,1,1,1,1,1,1,1,1,1,1,1,1,1,1,1,1,1,1,1,
1,1,1,1,1,1,1,1,1,1,1,1,1,1,1,1,1,1,1,1,1,1,1,1,1,1,4),(0.,0.015625,0.03125,
0.046875,0.0625,0.09375,0.125,0.15625,0.171875,0.1875,0.1953125,0.203125,
0.21875,0.234375,0.2421875,0.25,0.2578125,0.265625,0.28125,0.2890625,0.296875,
0.3125,0.3203125,0.328125,0.34375,0.375,0.3828125,0.390625,0.40625,0.421875,
0.4375,0.46875,0.5,0.53125,0.5625,0.5703125,0.578125,0.59375,0.609375,0.625,
0.640625,0.65625,0.6875,0.71875,0.75,0.78125,0.8125,0.875,0.90625,0.9375,
1.),.UNSPECIFIED.);
#711=B_SPLINE_CURVE_WITH_KNOTS('',3,(#2270,#2271,#2272,#2273,#2274,#2275,
#2276,#2277,#2278,#2279,#2280,#2281,#2282,#2283,#2284,#2285,#2286,#2287,
#2288,#2289,#2290,#2291,#2292,#2293,#2294,#2295,#2296,#2297,#2298,#2299,
#2300,#2301,#2302,#2303,#2304,#2305,#2306,#2307,#2308,#2309,#2310,#2311,
#2312,#2313,#2314,#2315,#2316,#2317,#2318,#2319,#2320,#2321,#2322,#2323,
#2324,#2325,#2326,#2327),.UNSPECIFIED.,.F.,.F.,(4,1,1,1,1,1,1,1,1,1,1,1,
1,1,1,1,1,1,1,1,1,1,1,1,1,1,1,1,1,1,1,1,1,1,1,1,1,1,1,1,1,1,1,1,1,1,1,1,
1,1,1,1,1,1,1,4),(0.,0.03125,0.046875,0.0625,0.0703125,0.078125,0.09375,
0.109375,0.125,0.15625,0.1875,0.21875,0.234375,0.25,0.265625,0.28125,0.296875,
0.3125,0.34375,0.359375,0.375,0.390625,0.40625,0.421875,0.4375,0.46875,
0.5,0.53125,0.546875,0.5625,0.5703125,0.578125,0.59375,0.625,0.6328125,
0.640625,0.65625,0.671875,0.6875,0.71875,0.734375,0.75,0.765625,0.78125,
0.8125,0.84375,0.859375,0.8671875,0.875,0.8828125,0.890625,0.90625,0.921875,
0.9375,0.96875,1.),.UNSPECIFIED.);
#712=B_SPLINE_CURVE_WITH_KNOTS('',3,(#2329,#2330,#2331,#2332,#2333,#2334,
#2335,#2336,#2337,#2338,#2339,#2340,#2341,#2342,#2343,#2344,#2345,#2346,
#2347,#2348,#2349,#2350,#2351,#2352,#2353,#2354,#2355,#2356,#2357,#2358,
#2359,#2360,#2361,#2362,#2363,#2364,#2365,#2366,#2367,#2368,#2369,#2370,
#2371,#2372,#2373,#2374,#2375,#2376,#2377,#2378,#2379,#2380,#2381),
 .UNSPECIFIED.,.F.,.F.,(4,1,1,1,1,1,1,1,1,1,1,1,1,1,1,1,1,1,1,1,1,1,1,1,
1,1,1,1,1,1,1,1,1,1,1,1,1,1,1,1,1,1,1,1,1,1,1,1,1,1,4),(0.,0.015625,0.03125,
0.046875,0.0625,0.0703125,0.078125,0.09375,0.125,0.1328125,0.140625,0.15625,
0.171875,0.1875,0.21875,0.234375,0.25,0.265625,0.28125,0.296875,0.3125,
0.34375,0.359375,0.3671875,0.375,0.3828125,0.390625,0.40625,0.421875,0.4375,
0.46875,0.5,0.5625,0.625,0.65625,0.671875,0.6796875,0.6875,0.703125,0.7109375,
0.71875,0.734375,0.75,0.78125,0.8125,0.84375,0.875,0.890625,0.90625,0.9375,
1.),.UNSPECIFIED.);
#713=B_SPLINE_CURVE_WITH_KNOTS('',3,(#2383,#2384,#2385,#2386,#2387,#2388,
#2389,#2390,#2391,#2392,#2393,#2394,#2395,#2396,#2397,#2398,#2399,#2400,
#2401,#2402,#2403,#2404,#2405,#2406,#2407,#2408,#2409,#2410,#2411,#2412,
#2413,#2414,#2415,#2416,#2417,#2418,#2419,#2420,#2421,#2422,#2423,#2424,
#2425,#2426,#2427,#2428,#2429,#2430,#2431,#2432,#2433,#2434,#2435),
 .UNSPECIFIED.,.F.,.F.,(4,1,1,1,1,1,1,1,1,1,1,1,1,1,1,1,1,1,1,1,1,1,1,1,
1,1,1,1,1,1,1,1,1,1,1,1,1,1,1,1,1,1,1,1,1,1,1,1,1,1,4),(0.,0.03125,0.046875,
0.0625,0.078125,0.09375,0.109375,0.125,0.140625,0.15625,0.171875,0.1875,
0.203125,0.21875,0.234375,0.25,0.265625,0.28125,0.296875,0.3125,0.328125,
0.34375,0.359375,0.375,0.390625,0.40625,0.421875,0.4375,0.453125,0.46875,
0.484375,0.5,0.515625,0.53125,0.546875,0.5625,0.578125,0.59375,0.609375,
0.625,0.65625,0.6875,0.71875,0.75,0.8125,0.84375,0.875,0.890625,0.90625,
0.9375,1.),.UNSPECIFIED.);
#714=B_SPLINE_CURVE_WITH_KNOTS('',3,(#2437,#2438,#2439,#2440,#2441,#2442,
#2443,#2444,#2445,#2446,#2447,#2448,#2449,#2450,#2451,#2452,#2453,#2454,
#2455,#2456,#2457,#2458,#2459,#2460,#2461,#2462,#2463,#2464,#2465,#2466,
#2467,#2468,#2469,#2470,#2471,#2472,#2473,#2474,#2475,#2476,#2477,#2478,
#2479,#2480,#2481,#2482,#2483,#2484,#2485,#2486,#2487,#2488,#2489,#2490,
#2491),.UNSPECIFIED.,.F.,.F.,(4,1,1,1,1,1,1,1,1,1,1,1,1,1,1,1,1,1,1,1,1,
1,1,1,1,1,1,1,1,1,1,1,1,1,1,1,1,1,1,1,1,1,1,1,1,1,1,1,1,1,1,1,4),(0.,0.015625,
0.03125,0.046875,0.0625,0.0703125,0.078125,0.09375,0.109375,0.125,0.1328125,
0.140625,0.1484375,0.15625,0.171875,0.1875,0.21875,0.25,0.3125,0.34375,
0.359375,0.375,0.390625,0.40625,0.4375,0.5,0.53125,0.546875,0.5625,0.5703125,
0.578125,0.59375,0.625,0.6328125,0.640625,0.65625,0.671875,0.6875,0.71875,
0.734375,0.75,0.765625,0.78125,0.796875,0.8125,0.84375,0.859375,0.875,0.890625,
0.90625,0.921875,0.9375,1.),.UNSPECIFIED.);
#715=B_SPLINE_CURVE_WITH_KNOTS('',3,(#2493,#2494,#2495,#2496,#2497,#2498,
#2499,#2500,#2501,#2502,#2503,#2504,#2505,#2506,#2507,#2508,#2509,#2510,
#2511,#2512,#2513,#2514,#2515,#2516,#2517,#2518,#2519,#2520,#2521,#2522,
#2523,#2524,#2525,#2526,#2527,#2528,#2529,#2530,#2531,#2532,#2533,#2534,
#2535,#2536,#2537,#2538,#2539,#2540,#2541,#2542,#2543,#2544,#2545,#2546,
#2547,#2548,#2549,#2550,#2551,#2552,#2553,#2554),.UNSPECIFIED.,.F.,.F.,
(4,1,1,1,1,1,1,1,1,1,1,1,1,1,1,1,1,1,1,1,1,1,1,1,1,1,1,1,1,1,1,1,1,1,1,
1,1,1,1,1,1,1,1,1,1,1,1,1,1,1,1,1,1,1,1,1,1,1,1,4),(0.,0.015625,0.03125,
0.046875,0.0625,0.09375,0.125,0.15625,0.171875,0.1875,0.1953125,0.203125,
0.21875,0.234375,0.25,0.265625,0.28125,0.296875,0.3125,0.328125,0.34375,
0.359375,0.3671875,0.375,0.3828125,0.390625,0.3984375,0.40625,0.421875,
0.4375,0.46875,0.484375,0.5,0.515625,0.53125,0.5625,0.59375,0.609375,0.6171875,
0.625,0.6328125,0.640625,0.65625,0.671875,0.6875,0.71875,0.734375,0.75,
0.765625,0.78125,0.796875,0.8125,0.84375,0.859375,0.875,0.890625,0.90625,
0.921875,0.9375,1.),.UNSPECIFIED.);
#716=B_SPLINE_CURVE_WITH_KNOTS('',3,(#2556,#2557,#2558,#2559,#2560,#2561,
#2562,#2563,#2564,#2565,#2566,#2567,#2568,#2569,#2570,#2571,#2572,#2573,
#2574,#2575,#2576,#2577,#2578,#2579,#2580,#2581,#2582,#2583,#2584,#2585,
#2586,#2587,#2588,#2589,#2590,#2591,#2592,#2593,#2594,#2595,#2596,#2597,
#2598,#2599,#2600,#2601,#2602,#2603,#2604,#2605,#2606,#2607,#2608,#2609,
#2610,#2611,#2612,#2613,#2614,#2615,#2616,#2617),.UNSPECIFIED.,.F.,.F.,
(4,1,1,1,1,1,1,1,1,1,1,1,1,1,1,1,1,1,1,1,1,1,1,1,1,1,1,1,1,1,1,1,1,1,1,
1,1,1,1,1,1,1,1,1,1,1,1,1,1,1,1,1,1,1,1,1,1,1,1,4),(0.,0.015625,0.03125,
0.046875,0.0625,0.0703125,0.078125,0.09375,0.109375,0.125,0.15625,0.1875,
0.21875,0.234375,0.25,0.265625,0.28125,0.296875,0.3125,0.34375,0.359375,
0.375,0.390625,0.40625,0.421875,0.4375,0.46875,0.484375,0.5,0.515625,0.53125,
0.546875,0.5625,0.5703125,0.578125,0.59375,0.625,0.6328125,0.640625,0.65625,
0.671875,0.6875,0.71875,0.734375,0.75,0.765625,0.78125,0.796875,0.8125,
0.84375,0.859375,0.8671875,0.875,0.8828125,0.890625,0.90625,0.921875,0.9375,
0.96875,1.),.UNSPECIFIED.);
#717=B_SPLINE_CURVE_WITH_KNOTS('',3,(#2619,#2620,#2621,#2622,#2623,#2624,
#2625,#2626,#2627,#2628,#2629,#2630,#2631,#2632,#2633,#2634,#2635,#2636,
#2637,#2638,#2639,#2640,#2641,#2642,#2643,#2644,#2645,#2646,#2647,#2648,
#2649,#2650,#2651,#2652,#2653,#2654,#2655,#2656,#2657,#2658,#2659,#2660,
#2661,#2662,#2663,#2664,#2665,#2666,#2667,#2668,#2669,#2670,#2671),
 .UNSPECIFIED.,.F.,.F.,(4,1,1,1,1,1,1,1,1,1,1,1,1,1,1,1,1,1,1,1,1,1,1,1,
1,1,1,1,1,1,1,1,1,1,1,1,1,1,1,1,1,1,1,1,1,1,1,1,1,1,4),(0.,0.015625,0.03125,
0.046875,0.0625,0.0703125,0.078125,0.09375,0.125,0.1328125,0.140625,0.15625,
0.171875,0.1875,0.21875,0.234375,0.25,0.265625,0.28125,0.296875,0.3125,
0.34375,0.359375,0.3671875,0.375,0.3828125,0.390625,0.40625,0.421875,0.4375,
0.46875,0.5,0.5625,0.625,0.65625,0.671875,0.6796875,0.6875,0.703125,0.7109375,
0.71875,0.734375,0.75,0.78125,0.8125,0.84375,0.875,0.890625,0.90625,0.9375,
1.),.UNSPECIFIED.);
#718=B_SPLINE_CURVE_WITH_KNOTS('',3,(#2673,#2674,#2675,#2676,#2677,#2678,
#2679,#2680,#2681,#2682,#2683,#2684,#2685,#2686,#2687,#2688,#2689,#2690,
#2691,#2692,#2693,#2694,#2695,#2696,#2697,#2698,#2699,#2700,#2701,#2702,
#2703,#2704,#2705,#2706,#2707,#2708,#2709,#2710,#2711,#2712,#2713,#2714,
#2715,#2716,#2717,#2718,#2719,#2720,#2721,#2722,#2723,#2724,#2725),
 .UNSPECIFIED.,.F.,.F.,(4,1,1,1,1,1,1,1,1,1,1,1,1,1,1,1,1,1,1,1,1,1,1,1,
1,1,1,1,1,1,1,1,1,1,1,1,1,1,1,1,1,1,1,1,1,1,1,1,1,1,4),(0.,0.03125,0.046875,
0.0625,0.078125,0.09375,0.109375,0.125,0.140625,0.15625,0.171875,0.1875,
0.203125,0.21875,0.234375,0.25,0.265625,0.28125,0.296875,0.3125,0.328125,
0.34375,0.359375,0.375,0.390625,0.40625,0.421875,0.4375,0.453125,0.46875,
0.484375,0.5,0.515625,0.53125,0.546875,0.5625,0.578125,0.59375,0.609375,
0.625,0.65625,0.6875,0.71875,0.75,0.8125,0.84375,0.875,0.890625,0.90625,
0.9375,1.),.UNSPECIFIED.);
#719=B_SPLINE_CURVE_WITH_KNOTS('',3,(#2727,#2728,#2729,#2730,#2731,#2732,
#2733,#2734,#2735,#2736,#2737,#2738,#2739,#2740,#2741,#2742,#2743,#2744,
#2745,#2746,#2747,#2748,#2749,#2750,#2751,#2752,#2753,#2754,#2755,#2756,
#2757,#2758,#2759,#2760,#2761,#2762,#2763,#2764,#2765,#2766,#2767,#2768,
#2769,#2770,#2771,#2772,#2773,#2774,#2775,#2776,#2777,#2778,#2779,#2780,
#2781,#2782,#2783,#2784),.UNSPECIFIED.,.F.,.F.,(4,1,1,1,1,1,1,1,1,1,1,1,
1,1,1,1,1,1,1,1,1,1,1,1,1,1,1,1,1,1,1,1,1,1,1,1,1,1,1,1,1,1,1,1,1,1,1,1,
1,1,1,1,1,1,1,4),(0.,0.015625,0.03125,0.046875,0.0625,0.0703125,0.078125,
0.09375,0.109375,0.125,0.1328125,0.140625,0.1484375,0.15625,0.171875,0.1875,
0.21875,0.25,0.3125,0.34375,0.359375,0.375,0.390625,0.40625,0.4375,0.5,
0.53125,0.546875,0.5625,0.5703125,0.578125,0.59375,0.625,0.6328125,0.640625,
0.65625,0.671875,0.6875,0.71875,0.734375,0.75,0.765625,0.78125,0.796875,
0.8125,0.84375,0.859375,0.8671875,0.875,0.8828125,0.890625,0.8984375,0.90625,
0.921875,0.9375,1.),.UNSPECIFIED.);
#720=B_SPLINE_CURVE_WITH_KNOTS('',3,(#2786,#2787,#2788,#2789,#2790,#2791,
#2792,#2793,#2794,#2795,#2796,#2797,#2798,#2799,#2800,#2801,#2802,#2803,
#2804,#2805,#2806,#2807,#2808,#2809,#2810,#2811,#2812,#2813,#2814,#2815,
#2816,#2817,#2818,#2819,#2820,#2821,#2822,#2823,#2824,#2825,#2826,#2827,
#2828,#2829,#2830,#2831,#2832,#2833,#2834,#2835,#2836,#2837,#2838),
 .UNSPECIFIED.,.F.,.F.,(4,1,1,1,1,1,1,1,1,1,1,1,1,1,1,1,1,1,1,1,1,1,1,1,
1,1,1,1,1,1,1,1,1,1,1,1,1,1,1,1,1,1,1,1,1,1,1,1,1,1,4),(0.,0.03125,0.046875,
0.0625,0.078125,0.09375,0.125,0.15625,0.171875,0.1875,0.203125,0.21875,
0.234375,0.25,0.265625,0.28125,0.296875,0.3125,0.328125,0.34375,0.359375,
0.375,0.390625,0.40625,0.421875,0.4375,0.453125,0.46875,0.484375,0.5,0.5078125,
0.515625,0.53125,0.5390625,0.546875,0.5625,0.578125,0.59375,0.625,0.65625,
0.6875,0.71875,0.75,0.78125,0.8125,0.84375,0.875,0.890625,0.90625,0.9375,
1.),.UNSPECIFIED.);
#721=B_SPLINE_CURVE_WITH_KNOTS('',3,(#2840,#2841,#2842,#2843,#2844,#2845,
#2846,#2847,#2848,#2849,#2850,#2851,#2852,#2853,#2854,#2855,#2856,#2857,
#2858,#2859,#2860,#2861,#2862,#2863,#2864,#2865,#2866,#2867,#2868,#2869,
#2870,#2871,#2872,#2873,#2874,#2875,#2876,#2877,#2878,#2879,#2880,#2881,
#2882,#2883,#2884,#2885,#2886,#2887,#2888,#2889,#2890,#2891,#2892,#2893,
#2894,#2895,#2896,#2897,#2898),.UNSPECIFIED.,.F.,.F.,(4,1,1,1,1,1,1,1,1,
1,1,1,1,1,1,1,1,1,1,1,1,1,1,1,1,1,1,1,1,1,1,1,1,1,1,1,1,1,1,1,1,1,1,1,1,
1,1,1,1,1,1,1,1,1,1,1,4),(0.,0.015625,0.03125,0.046875,0.0625,0.0703125,
0.078125,0.09375,0.109375,0.125,0.15625,0.1875,0.21875,0.234375,0.25,0.265625,
0.28125,0.296875,0.3125,0.34375,0.359375,0.375,0.390625,0.40625,0.421875,
0.4375,0.5,0.53125,0.546875,0.5625,0.5703125,0.578125,0.59375,0.625,0.6328125,
0.640625,0.65625,0.671875,0.6875,0.71875,0.734375,0.75,0.765625,0.78125,
0.796875,0.8125,0.84375,0.859375,0.8671875,0.875,0.8828125,0.890625,0.90625,
0.921875,0.9375,0.96875,1.),.UNSPECIFIED.);
#722=B_SPLINE_CURVE_WITH_KNOTS('',3,(#2900,#2901,#2902,#2903,#2904,#2905,
#2906,#2907,#2908,#2909,#2910,#2911,#2912,#2913,#2914,#2915,#2916,#2917,
#2918,#2919,#2920,#2921,#2922),.UNSPECIFIED.,.F.,.F.,(4,1,1,1,1,1,1,1,1,
1,1,1,1,1,1,1,1,1,1,1,4),(0.,0.125,0.1875,0.21875,0.25,0.28125,0.3125,0.34375,
0.375,0.40625,0.4375,0.46875,0.484375,0.5,0.515625,0.53125,0.5625,0.625,
0.6875,0.75,1.),.UNSPECIFIED.);
#723=B_SPLINE_CURVE_WITH_KNOTS('',3,(#3162,#3163,#3164,#3165,#3166,#3167,
#3168,#3169,#3170,#3171,#3172,#3173,#3174,#3175,#3176,#3177,#3178,#3179,
#3180,#3181,#3182,#3183,#3184,#3185,#3186,#3187,#3188,#3189,#3190,#3191,
#3192,#3193,#3194,#3195,#3196,#3197,#3198,#3199,#3200,#3201,#3202,#3203),
 .UNSPECIFIED.,.F.,.F.,(4,1,1,1,1,1,1,1,1,1,1,1,1,1,1,1,1,1,1,1,1,1,1,1,
1,1,1,1,1,1,1,1,1,1,1,1,1,1,1,4),(0.,0.03125,0.046875,0.0625,0.078125,0.09375,
0.125,0.1875,0.21875,0.234375,0.25,0.265625,0.28125,0.296875,0.3125,0.34375,
0.359375,0.375,0.390625,0.40625,0.4375,0.46875,0.5,0.53125,0.5625,0.625,
0.640625,0.65625,0.671875,0.6875,0.71875,0.75,0.8125,0.84375,0.859375,0.875,
0.890625,0.90625,0.9375,1.),.UNSPECIFIED.);
#724=B_SPLINE_CURVE_WITH_KNOTS('',3,(#3205,#3206,#3207,#3208,#3209,#3210,
#3211,#3212,#3213,#3214,#3215,#3216,#3217,#3218,#3219,#3220,#3221,#3222,
#3223,#3224,#3225,#3226,#3227,#3228,#3229,#3230,#3231,#3232,#3233,#3234,
#3235,#3236,#3237,#3238,#3239,#3240,#3241,#3242,#3243,#3244,#3245,#3246,
#3247,#3248,#3249),.UNSPECIFIED.,.F.,.F.,(4,1,1,1,1,1,1,1,1,1,1,1,1,1,1,
1,1,1,1,1,1,1,1,1,1,1,1,1,1,1,1,1,1,1,1,1,1,1,1,1,1,1,4),(0.,0.03125,0.0625,
0.0703125,0.078125,0.09375,0.109375,0.125,0.140625,0.15625,0.1875,0.21875,
0.25,0.28125,0.3125,0.34375,0.375,0.390625,0.40625,0.4375,0.5,0.5625,0.625,
0.65625,0.671875,0.6875,0.6953125,0.703125,0.71875,0.734375,0.75,0.765625,
0.78125,0.796875,0.8125,0.84375,0.859375,0.875,0.890625,0.90625,0.921875,
0.9375,1.),.UNSPECIFIED.);
#725=B_SPLINE_CURVE_WITH_KNOTS('',3,(#3251,#3252,#3253,#3254,#3255,#3256,
#3257,#3258,#3259,#3260,#3261,#3262,#3263,#3264,#3265,#3266,#3267,#3268,
#3269,#3270,#3271,#3272,#3273,#3274,#3275,#3276,#3277,#3278,#3279,#3280,
#3281,#3282,#3283,#3284,#3285,#3286,#3287,#3288,#3289,#3290,#3291,#3292),
 .UNSPECIFIED.,.F.,.F.,(4,1,1,1,1,1,1,1,1,1,1,1,1,1,1,1,1,1,1,1,1,1,1,1,
1,1,1,1,1,1,1,1,1,1,1,1,1,1,1,4),(0.,0.03125,0.0625,0.0703125,0.078125,
0.09375,0.109375,0.125,0.1875,0.21875,0.234375,0.25,0.265625,0.28125,0.296875,
0.3125,0.34375,0.359375,0.375,0.390625,0.40625,0.4375,0.5,0.5625,0.625,
0.65625,0.671875,0.6796875,0.6875,0.703125,0.71875,0.734375,0.75,0.8125,
0.84375,0.875,0.890625,0.90625,0.9375,1.),.UNSPECIFIED.);
#726=B_SPLINE_CURVE_WITH_KNOTS('',3,(#3294,#3295,#3296,#3297,#3298,#3299,
#3300,#3301,#3302,#3303,#3304,#3305,#3306,#3307,#3308,#3309,#3310,#3311,
#3312,#3313,#3314,#3315,#3316,#3317,#3318,#3319,#3320,#3321,#3322,#3323,
#3324,#3325,#3326,#3327,#3328,#3329,#3330,#3331,#3332,#3333,#3334,#3335,
#3336,#3337,#3338,#3339,#3340,#3341,#3342,#3343),.UNSPECIFIED.,.F.,.F.,
(4,1,1,1,1,1,1,1,1,1,1,1,1,1,1,1,1,1,1,1,1,1,1,1,1,1,1,1,1,1,1,1,1,1,1,
1,1,1,1,1,1,1,1,1,1,1,1,4),(0.,0.03125,0.046875,0.0625,0.078125,0.09375,
0.109375,0.125,0.140625,0.15625,0.171875,0.1875,0.203125,0.21875,0.234375,
0.25,0.28125,0.296875,0.3125,0.328125,0.34375,0.359375,0.375,0.390625,0.40625,
0.421875,0.4375,0.453125,0.46875,0.484375,0.5,0.515625,0.53125,0.5390625,
0.546875,0.5625,0.59375,0.625,0.6875,0.71875,0.75,0.8125,0.84375,0.875,
0.890625,0.90625,0.9375,1.),.UNSPECIFIED.);
#727=B_SPLINE_CURVE_WITH_KNOTS('',3,(#3345,#3346,#3347,#3348,#3349,#3350,
#3351,#3352,#3353,#3354,#3355,#3356,#3357,#3358,#3359,#3360,#3361,#3362,
#3363,#3364,#3365,#3366,#3367,#3368,#3369,#3370,#3371,#3372,#3373,#3374,
#3375,#3376,#3377,#3378,#3379,#3380,#3381,#3382,#3383,#3384,#3385,#3386,
#3387,#3388,#3389,#3390,#3391,#3392,#3393,#3394,#3395,#3396),
 .UNSPECIFIED.,.F.,.F.,(4,1,1,1,1,1,1,1,1,1,1,1,1,1,1,1,1,1,1,1,1,1,1,1,
1,1,1,1,1,1,1,1,1,1,1,1,1,1,1,1,1,1,1,1,1,1,1,1,1,4),(0.,0.03125,0.0625,
0.0703125,0.078125,0.09375,0.109375,0.125,0.1875,0.21875,0.234375,0.25,
0.265625,0.28125,0.296875,0.3125,0.34375,0.359375,0.375,0.390625,0.40625,
0.421875,0.4375,0.46875,0.484375,0.5,0.515625,0.53125,0.546875,0.5625,0.59375,
0.625,0.65625,0.671875,0.6875,0.703125,0.71875,0.734375,0.75,0.765625,0.78125,
0.796875,0.8125,0.84375,0.859375,0.875,0.890625,0.90625,0.9375,1.),
 .UNSPECIFIED.);
#728=B_SPLINE_CURVE_WITH_KNOTS('',3,(#3398,#3399,#3400,#3401,#3402,#3403,
#3404,#3405,#3406,#3407,#3408,#3409,#3410,#3411,#3412,#3413,#3414,#3415,
#3416,#3417,#3418,#3419,#3420,#3421,#3422,#3423,#3424,#3425,#3426,#3427,
#3428,#3429,#3430,#3431,#3432,#3433,#3434,#3435,#3436,#3437,#3438,#3439,
#3440,#3441,#3442,#3443,#3444,#3445,#3446,#3447,#3448,#3449,#3450),
 .UNSPECIFIED.,.F.,.F.,(4,1,1,1,1,1,1,1,1,1,1,1,1,1,1,1,1,1,1,1,1,1,1,1,
1,1,1,1,1,1,1,1,1,1,1,1,1,1,1,1,1,1,1,1,1,1,1,1,1,1,4),(0.,0.03125,0.0625,
0.0703125,0.078125,0.09375,0.109375,0.125,0.15625,0.1875,0.21875,0.234375,
0.25,0.265625,0.28125,0.296875,0.3125,0.34375,0.359375,0.375,0.390625,0.40625,
0.421875,0.4375,0.5,0.53125,0.5625,0.578125,0.59375,0.6015625,0.609375,
0.625,0.65625,0.671875,0.6875,0.71875,0.734375,0.75,0.765625,0.78125,0.796875,
0.8125,0.828125,0.84375,0.875,0.90625,0.921875,0.9375,0.953125,0.96875,
1.),.UNSPECIFIED.);
#729=B_SPLINE_CURVE_WITH_KNOTS('',3,(#3452,#3453,#3454,#3455,#3456,#3457,
#3458,#3459,#3460,#3461,#3462,#3463,#3464,#3465,#3466,#3467,#3468,#3469,
#3470,#3471,#3472,#3473,#3474,#3475,#3476,#3477,#3478,#3479,#3480,#3481,
#3482,#3483,#3484,#3485,#3486,#3487,#3488,#3489,#3490,#3491,#3492,#3493,
#3494),.UNSPECIFIED.,.F.,.F.,(4,1,1,1,1,1,1,1,1,1,1,1,1,1,1,1,1,1,1,1,1,
1,1,1,1,1,1,1,1,1,1,1,1,1,1,1,1,1,1,1,4),(0.,0.03125,0.0625,0.0703125,0.078125,
0.09375,0.109375,0.125,0.140625,0.15625,0.1875,0.21875,0.25,0.28125,0.3125,
0.34375,0.375,0.390625,0.40625,0.4375,0.5,0.625,0.65625,0.671875,0.6875,
0.6953125,0.703125,0.71875,0.734375,0.75,0.765625,0.78125,0.796875,0.8125,
0.84375,0.859375,0.875,0.890625,0.90625,0.9375,1.),.UNSPECIFIED.);
#730=B_SPLINE_CURVE_WITH_KNOTS('',3,(#3496,#3497,#3498,#3499,#3500,#3501,
#3502,#3503,#3504,#3505,#3506,#3507,#3508,#3509,#3510,#3511,#3512,#3513,
#3514,#3515,#3516,#3517,#3518,#3519,#3520,#3521,#3522,#3523,#3524,#3525,
#3526,#3527,#3528,#3529,#3530,#3531,#3532,#3533,#3534,#3535,#3536,#3537,
#3538,#3539),.UNSPECIFIED.,.F.,.F.,(4,1,1,1,1,1,1,1,1,1,1,1,1,1,1,1,1,1,
1,1,1,1,1,1,1,1,1,1,1,1,1,1,1,1,1,1,1,1,1,1,1,4),(0.,0.03125,0.0625,0.0703125,
0.078125,0.09375,0.109375,0.125,0.15625,0.1875,0.21875,0.234375,0.25,0.265625,
0.28125,0.296875,0.3125,0.34375,0.359375,0.375,0.390625,0.40625,0.4375,
0.5,0.5625,0.625,0.65625,0.671875,0.6796875,0.6875,0.703125,0.71875,0.734375,
0.75,0.8125,0.84375,0.859375,0.875,0.890625,0.90625,0.9375,1.),
 .UNSPECIFIED.);
#731=B_SPLINE_CURVE_WITH_KNOTS('',3,(#3541,#3542,#3543,#3544,#3545,#3546,
#3547,#3548,#3549,#3550,#3551,#3552,#3553,#3554,#3555,#3556,#3557,#3558,
#3559,#3560,#3561,#3562,#3563,#3564,#3565,#3566,#3567,#3568,#3569,#3570,
#3571,#3572,#3573,#3574,#3575,#3576,#3577,#3578,#3579),.UNSPECIFIED.,.F.,
 .F.,(4,1,1,1,1,1,1,1,1,1,1,1,1,1,1,1,1,1,1,1,1,1,1,1,1,1,1,1,1,1,1,1,1,
1,1,1,4),(0.,0.03125,0.0625,0.0703125,0.078125,0.09375,0.109375,0.125,0.15625,
0.1875,0.21875,0.25,0.28125,0.3125,0.34375,0.375,0.390625,0.40625,0.4375,
0.5,0.5625,0.59375,0.625,0.65625,0.6875,0.71875,0.75,0.78125,0.796875,0.8125,
0.828125,0.84375,0.8515625,0.859375,0.875,0.9375,1.),.UNSPECIFIED.);
#732=B_SPLINE_CURVE_WITH_KNOTS('',3,(#3581,#3582,#3583,#3584,#3585,#3586,
#3587,#3588,#3589,#3590,#3591,#3592,#3593,#3594,#3595,#3596,#3597,#3598,
#3599,#3600,#3601,#3602,#3603,#3604,#3605,#3606,#3607,#3608,#3609,#3610,
#3611,#3612,#3613,#3614,#3615,#3616,#3617,#3618,#3619,#3620,#3621,#3622,
#3623,#3624,#3625,#3626,#3627,#3628,#3629,#3630,#3631),.UNSPECIFIED.,.F.,
 .F.,(4,1,1,1,1,1,1,1,1,1,1,1,1,1,1,1,1,1,1,1,1,1,1,1,1,1,1,1,1,1,1,1,1,
1,1,1,1,1,1,1,1,1,1,1,1,1,1,1,4),(0.,0.03125,0.0625,0.0703125,0.078125,
0.09375,0.109375,0.125,0.15625,0.1875,0.21875,0.234375,0.25,0.265625,0.28125,
0.296875,0.3125,0.34375,0.359375,0.375,0.390625,0.40625,0.421875,0.4375,
0.5,0.53125,0.5625,0.5703125,0.578125,0.59375,0.609375,0.625,0.65625,0.6875,
0.71875,0.734375,0.75,0.765625,0.78125,0.796875,0.8125,0.84375,0.859375,
0.875,0.890625,0.90625,0.921875,0.9375,1.),.UNSPECIFIED.);
#733=B_SPLINE_CURVE_WITH_KNOTS('',3,(#3633,#3634,#3635,#3636,#3637,#3638,
#3639,#3640,#3641,#3642,#3643,#3644,#3645,#3646,#3647,#3648,#3649,#3650,
#3651,#3652,#3653,#3654,#3655,#3656,#3657,#3658,#3659,#3660,#3661,#3662,
#3663,#3664,#3665,#3666,#3667,#3668,#3669,#3670,#3671,#3672,#3673,#3674,
#3675,#3676,#3677,#3678,#3679,#3680),.UNSPECIFIED.,.F.,.F.,(4,1,1,1,1,1,
1,1,1,1,1,1,1,1,1,1,1,1,1,1,1,1,1,1,1,1,1,1,1,1,1,1,1,1,1,1,1,1,1,1,1,1,
1,1,1,4),(0.,0.03125,0.0625,0.0703125,0.078125,0.09375,0.109375,0.125,0.15625,
0.1875,0.21875,0.234375,0.25,0.265625,0.28125,0.3125,0.34375,0.359375,0.375,
0.390625,0.40625,0.421875,0.4375,0.46875,0.484375,0.5,0.515625,0.53125,
0.5625,0.625,0.65625,0.6875,0.71875,0.734375,0.75,0.765625,0.78125,0.8125,
0.8203125,0.828125,0.84375,0.859375,0.875,0.90625,0.9375,1.),
 .UNSPECIFIED.);
#734=B_SPLINE_CURVE_WITH_KNOTS('',3,(#3682,#3683,#3684,#3685,#3686,#3687,
#3688,#3689,#3690,#3691,#3692,#3693,#3694,#3695,#3696,#3697,#3698,#3699,
#3700,#3701,#3702,#3703,#3704,#3705,#3706,#3707,#3708,#3709,#3710,#3711,
#3712,#3713,#3714,#3715,#3716,#3717,#3718,#3719,#3720),.UNSPECIFIED.,.F.,
 .F.,(4,1,1,1,1,1,1,1,1,1,1,1,1,1,1,1,1,1,1,1,1,1,1,1,1,1,1,1,1,1,1,1,1,
1,1,1,4),(0.,0.03125,0.0390625,0.046875,0.0625,0.09375,0.125,0.1875,0.21875,
0.25,0.3125,0.34375,0.375,0.390625,0.40625,0.4375,0.5,0.625,0.65625,0.671875,
0.6875,0.703125,0.71875,0.734375,0.75,0.765625,0.78125,0.796875,0.8125,
0.84375,0.859375,0.875,0.890625,0.90625,0.921875,0.9375,1.),
 .UNSPECIFIED.);
#735=B_SPLINE_CURVE_WITH_KNOTS('',3,(#3722,#3723,#3724,#3725,#3726,#3727,
#3728,#3729,#3730,#3731,#3732,#3733,#3734,#3735,#3736,#3737,#3738,#3739,
#3740,#3741,#3742,#3743,#3744,#3745,#3746,#3747,#3748,#3749,#3750,#3751,
#3752,#3753,#3754,#3755,#3756,#3757,#3758,#3759,#3760,#3761,#3762,#3763,
#3764,#3765,#3766,#3767,#3768,#3769),.UNSPECIFIED.,.F.,.F.,(4,1,1,1,1,1,
1,1,1,1,1,1,1,1,1,1,1,1,1,1,1,1,1,1,1,1,1,1,1,1,1,1,1,1,1,1,1,1,1,1,1,1,
1,1,1,4),(0.,0.03125,0.0625,0.0703125,0.078125,0.09375,0.109375,0.125,0.15625,
0.1875,0.21875,0.234375,0.25,0.265625,0.28125,0.296875,0.3125,0.34375,0.359375,
0.375,0.390625,0.40625,0.4375,0.5,0.5625,0.625,0.65625,0.671875,0.6875,
0.6953125,0.703125,0.71875,0.734375,0.75,0.765625,0.78125,0.796875,0.8125,
0.84375,0.875,0.90625,0.921875,0.9375,0.953125,0.96875,1.),
 .UNSPECIFIED.);
#736=B_SPLINE_CURVE_WITH_KNOTS('',3,(#3771,#3772,#3773,#3774,#3775,#3776,
#3777,#3778,#3779,#3780,#3781,#3782,#3783,#3784,#3785,#3786,#3787,#3788,
#3789,#3790,#3791,#3792,#3793,#3794,#3795,#3796,#3797,#3798,#3799,#3800,
#3801,#3802,#3803,#3804,#3805,#3806,#3807,#3808,#3809,#3810,#3811,#3812,
#3813,#3814,#3815),.UNSPECIFIED.,.F.,.F.,(4,1,1,1,1,1,1,1,1,1,1,1,1,1,1,
1,1,1,1,1,1,1,1,1,1,1,1,1,1,1,1,1,1,1,1,1,1,1,1,1,1,1,4),(0.,0.03125,0.0625,
0.0703125,0.078125,0.09375,0.109375,0.125,0.140625,0.15625,0.1875,0.21875,
0.25,0.28125,0.3125,0.34375,0.375,0.390625,0.40625,0.4375,0.5,0.5625,0.625,
0.65625,0.671875,0.6875,0.6953125,0.703125,0.71875,0.734375,0.75,0.765625,
0.78125,0.796875,0.8125,0.84375,0.859375,0.875,0.890625,0.90625,0.921875,
0.9375,1.),.UNSPECIFIED.);
#737=B_SPLINE_CURVE_WITH_KNOTS('',3,(#3817,#3818,#3819,#3820,#3821,#3822,
#3823,#3824,#3825,#3826,#3827,#3828,#3829,#3830,#3831,#3832,#3833,#3834,
#3835,#3836,#3837,#3838,#3839),.UNSPECIFIED.,.F.,.F.,(4,1,1,1,1,1,1,1,1,
1,1,1,1,1,1,1,1,1,1,1,4),(0.,0.0625,0.125,0.15625,0.1875,0.25,0.28125,0.3125,
0.375,0.4375,0.46875,0.5,0.53125,0.5625,0.59375,0.625,0.65625,0.6875,0.75,
0.875,1.),.UNSPECIFIED.);
#738=B_SPLINE_CURVE_WITH_KNOTS('',3,(#3841,#3842,#3843,#3844,#3845,#3846,
#3847,#3848,#3849,#3850,#3851,#3852,#3853,#3854,#3855,#3856,#3857,#3858,
#3859,#3860,#3861,#3862,#3863,#3864,#3865,#3866,#3867,#3868,#3869,#3870,
#3871,#3872,#3873,#3874,#3875,#3876,#3877,#3878,#3879,#3880,#3881,#3882,
#3883,#3884,#3885,#3886,#3887,#3888,#3889,#3890,#3891,#3892,#3893,#3894,
#3895,#3896,#3897,#3898,#3899,#3900,#3901,#3902,#3903,#3904,#3905,#3906,
#3907,#3908,#3909,#3910,#3911,#3912,#3913,#3914,#3915,#3916,#3917,#3918,
#3919,#3920,#3921,#3922),.UNSPECIFIED.,.F.,.F.,(4,3,3,3,3,3,3,3,3,3,3,3,
3,3,3,3,3,3,3,3,3,3,3,3,3,3,3,4),(0.,0.0149109078436626,0.0662400483432661,
0.118206646345299,0.152181018545992,0.209199975165842,0.2656550082157,0.305254338674837,
0.31588283829432,0.32553907218341,0.379702912683677,0.424052330052246,0.479628730381135,
0.492272190674422,0.502248808330055,0.560768191207699,0.61942570009553,
0.650580429169009,0.664344402317645,0.677975280570639,0.738956963222504,
0.799229792181889,0.833946662432623,0.854999612726465,0.868663532683357,
0.92568378925348,0.983456165801286,1.),.UNSPECIFIED.);
#739=B_SPLINE_CURVE_WITH_KNOTS('',3,(#3924,#3925,#3926,#3927,#3928,#3929,
#3930,#3931,#3932,#3933,#3934,#3935,#3936,#3937,#3938,#3939,#3940,#3941,
#3942,#3943,#3944,#3945,#3946,#3947,#3948,#3949,#3950,#3951,#3952,#3953,
#3954,#3955,#3956,#3957,#3958,#3959,#3960,#3961,#3962,#3963,#3964,#3965,
#3966),.UNSPECIFIED.,.F.,.F.,(4,1,1,1,1,1,1,1,1,1,1,1,1,1,1,1,1,1,1,1,1,
1,1,1,1,1,1,1,1,1,1,1,1,1,1,1,1,1,1,1,4),(0.,0.03125,0.0625,0.0703125,0.078125,
0.09375,0.125,0.1875,0.25,0.28125,0.3125,0.34375,0.375,0.390625,0.40625,
0.4375,0.46875,0.484375,0.4921875,0.5,0.5078125,0.515625,0.53125,0.5625,
0.59375,0.609375,0.625,0.640625,0.65625,0.6875,0.71875,0.75,0.8125,0.84375,
0.875,0.890625,0.90625,0.921875,0.9375,0.96875,1.),.UNSPECIFIED.);
#740=B_SPLINE_CURVE_WITH_KNOTS('',3,(#3968,#3969,#3970,#3971,#3972,#3973,
#3974,#3975,#3976,#3977,#3978,#3979,#3980,#3981,#3982,#3983,#3984,#3985,
#3986,#3987,#3988,#3989,#3990,#3991,#3992,#3993,#3994,#3995,#3996,#3997,
#3998,#3999,#4000,#4001,#4002,#4003,#4004,#4005,#4006,#4007,#4008,#4009,
#4010,#4011,#4012,#4013,#4014,#4015,#4016,#4017,#4018,#4019,#4020,#4021,
#4022,#4023),.UNSPECIFIED.,.F.,.F.,(4,1,1,1,1,1,1,1,1,1,1,1,1,1,1,1,1,1,
1,1,1,1,1,1,1,1,1,1,1,1,1,1,1,1,1,1,1,1,1,1,1,1,1,1,1,1,1,1,1,1,1,1,1,4),
(0.,0.03125,0.046875,0.0625,0.078125,0.09375,0.109375,0.125,0.15625,0.171875,
0.1875,0.203125,0.21875,0.234375,0.25,0.265625,0.28125,0.296875,0.3125,
0.328125,0.34375,0.359375,0.375,0.390625,0.40625,0.421875,0.4375,0.453125,
0.46875,0.484375,0.5,0.5078125,0.515625,0.53125,0.5390625,0.546875,0.5625,
0.578125,0.59375,0.625,0.65625,0.6875,0.71875,0.7265625,0.734375,0.75,0.78125,
0.8125,0.84375,0.875,0.890625,0.90625,0.9375,1.),.UNSPECIFIED.);
#741=B_SPLINE_CURVE_WITH_KNOTS('',3,(#4025,#4026,#4027,#4028,#4029,#4030,
#4031,#4032,#4033,#4034,#4035,#4036,#4037,#4038,#4039,#4040,#4041,#4042,
#4043,#4044,#4045,#4046,#4047,#4048,#4049,#4050,#4051,#4052,#4053,#4054,
#4055,#4056,#4057,#4058,#4059,#4060,#4061,#4062,#4063,#4064,#4065,#4066,
#4067,#4068,#4069,#4070,#4071,#4072,#4073,#4074,#4075,#4076,#4077,#4078,
#4079,#4080),.UNSPECIFIED.,.F.,.F.,(4,1,1,1,1,1,1,1,1,1,1,1,1,1,1,1,1,1,
1,1,1,1,1,1,1,1,1,1,1,1,1,1,1,1,1,1,1,1,1,1,1,1,1,1,1,1,1,1,1,1,1,1,1,4),
(0.,0.015625,0.03125,0.046875,0.0625,0.078125,0.09375,0.125,0.15625,0.1875,
0.21875,0.234375,0.25,0.265625,0.28125,0.3125,0.34375,0.359375,0.375,0.390625,
0.40625,0.421875,0.4375,0.46875,0.484375,0.5,0.515625,0.53125,0.546875,
0.5625,0.59375,0.609375,0.625,0.640625,0.65625,0.671875,0.6875,0.71875,
0.734375,0.75,0.765625,0.78125,0.796875,0.8125,0.84375,0.859375,0.8671875,
0.875,0.8828125,0.890625,0.90625,0.921875,0.9375,1.),.UNSPECIFIED.);
#742=B_SPLINE_CURVE_WITH_KNOTS('',3,(#4082,#4083,#4084,#4085,#4086,#4087,
#4088,#4089,#4090,#4091,#4092,#4093,#4094,#4095,#4096,#4097,#4098,#4099,
#4100,#4101,#4102,#4103,#4104,#4105,#4106,#4107,#4108,#4109,#4110,#4111,
#4112,#4113,#4114,#4115,#4116,#4117,#4118,#4119,#4120,#4121,#4122,#4123,
#4124,#4125,#4126,#4127,#4128,#4129,#4130,#4131,#4132,#4133,#4134,#4135,
#4136,#4137),.UNSPECIFIED.,.F.,.F.,(4,1,1,1,1,1,1,1,1,1,1,1,1,1,1,1,1,1,
1,1,1,1,1,1,1,1,1,1,1,1,1,1,1,1,1,1,1,1,1,1,1,1,1,1,1,1,1,1,1,1,1,1,1,4),
(0.,0.015625,0.03125,0.046875,0.0625,0.0703125,0.078125,0.09375,0.125,0.1328125,
0.140625,0.15625,0.171875,0.1875,0.21875,0.234375,0.25,0.265625,0.28125,
0.296875,0.3125,0.34375,0.359375,0.375,0.390625,0.40625,0.421875,0.4375,
0.5,0.53125,0.5625,0.59375,0.609375,0.625,0.640625,0.65625,0.671875,0.6875,
0.71875,0.734375,0.75,0.765625,0.78125,0.796875,0.8125,0.84375,0.859375,
0.875,0.890625,0.90625,0.921875,0.9375,0.96875,1.),.UNSPECIFIED.);
#743=B_SPLINE_CURVE_WITH_KNOTS('',3,(#4139,#4140,#4141,#4142,#4143,#4144,
#4145,#4146,#4147,#4148,#4149,#4150,#4151,#4152,#4153,#4154,#4155,#4156,
#4157,#4158,#4159,#4160,#4161,#4162,#4163,#4164,#4165,#4166,#4167,#4168,
#4169,#4170,#4171,#4172,#4173,#4174,#4175,#4176,#4177,#4178,#4179,#4180,
#4181,#4182,#4183,#4184,#4185,#4186,#4187,#4188,#4189,#4190,#4191,#4192,
#4193,#4194,#4195,#4196),.UNSPECIFIED.,.F.,.F.,(4,1,1,1,1,1,1,1,1,1,1,1,
1,1,1,1,1,1,1,1,1,1,1,1,1,1,1,1,1,1,1,1,1,1,1,1,1,1,1,1,1,1,1,1,1,1,1,1,
1,1,1,1,1,1,1,4),(0.,0.03125,0.046875,0.0625,0.078125,0.09375,0.109375,
0.125,0.140625,0.15625,0.171875,0.1875,0.203125,0.21875,0.234375,0.25,0.265625,
0.28125,0.296875,0.3125,0.328125,0.34375,0.359375,0.375,0.40625,0.421875,
0.4375,0.453125,0.46875,0.484375,0.5,0.515625,0.53125,0.546875,0.5625,0.5703125,
0.578125,0.59375,0.609375,0.625,0.6328125,0.640625,0.6484375,0.65625,0.671875,
0.6875,0.71875,0.75,0.8125,0.84375,0.859375,0.875,0.890625,0.90625,0.9375,
1.),.UNSPECIFIED.);
#744=B_SPLINE_CURVE_WITH_KNOTS('',3,(#4198,#4199,#4200,#4201,#4202,#4203,
#4204,#4205,#4206,#4207,#4208,#4209,#4210,#4211,#4212,#4213,#4214,#4215,
#4216,#4217,#4218,#4219,#4220,#4221,#4222,#4223,#4224,#4225,#4226,#4227,
#4228,#4229,#4230,#4231,#4232,#4233,#4234,#4235,#4236,#4237,#4238,#4239,
#4240,#4241,#4242,#4243,#4244,#4245,#4246,#4247,#4248,#4249,#4250,#4251,
#4252,#4253,#4254,#4255,#4256,#4257,#4258,#4259),.UNSPECIFIED.,.F.,.F.,
(4,1,1,1,1,1,1,1,1,1,1,1,1,1,1,1,1,1,1,1,1,1,1,1,1,1,1,1,1,1,1,1,1,1,1,
1,1,1,1,1,1,1,1,1,1,1,1,1,1,1,1,1,1,1,1,1,1,1,1,4),(0.,0.015625,0.03125,
0.046875,0.0625,0.0703125,0.078125,0.09375,0.125,0.1328125,0.140625,0.15625,
0.171875,0.1875,0.21875,0.234375,0.25,0.265625,0.28125,0.296875,0.3125,
0.34375,0.359375,0.3671875,0.375,0.3828125,0.390625,0.40625,0.421875,0.4375,
0.46875,0.5,0.5625,0.625,0.65625,0.671875,0.6875,0.6953125,0.703125,0.71875,
0.734375,0.7421875,0.75,0.7578125,0.765625,0.78125,0.7890625,0.796875,0.8125,
0.8203125,0.828125,0.84375,0.875,0.8828125,0.890625,0.90625,0.921875,0.9375,
0.96875,1.),.UNSPECIFIED.);
#745=B_SPLINE_CURVE_WITH_KNOTS('',3,(#4261,#4262,#4263,#4264,#4265,#4266,
#4267,#4268,#4269,#4270,#4271,#4272,#4273,#4274,#4275,#4276,#4277,#4278,
#4279,#4280,#4281,#4282,#4283,#4284,#4285,#4286,#4287,#4288,#4289,#4290,
#4291,#4292,#4293,#4294,#4295,#4296,#4297,#4298,#4299,#4300,#4301,#4302,
#4303,#4304,#4305,#4306,#4307,#4308,#4309,#4310,#4311,#4312,#4313,#4314,
#4315,#4316,#4317,#4318,#4319,#4320,#4321),.UNSPECIFIED.,.F.,.F.,(4,1,1,
1,1,1,1,1,1,1,1,1,1,1,1,1,1,1,1,1,1,1,1,1,1,1,1,1,1,1,1,1,1,1,1,1,1,1,1,
1,1,1,1,1,1,1,1,1,1,1,1,1,1,1,1,1,1,1,4),(0.,0.03125,0.046875,0.0625,0.078125,
0.09375,0.109375,0.125,0.15625,0.171875,0.1875,0.203125,0.21875,0.234375,
0.25,0.265625,0.28125,0.296875,0.3125,0.328125,0.34375,0.359375,0.375,0.390625,
0.40625,0.421875,0.4375,0.453125,0.46875,0.5,0.53125,0.5625,0.59375,0.609375,
0.6171875,0.625,0.6328125,0.640625,0.65625,0.671875,0.6875,0.71875,0.734375,
0.7421875,0.75,0.7578125,0.765625,0.78125,0.7890625,0.796875,0.8125,0.875,
0.90625,0.921875,0.9375,0.9453125,0.953125,0.96875,1.),.UNSPECIFIED.);
#746=B_SPLINE_CURVE_WITH_KNOTS('',3,(#4323,#4324,#4325,#4326,#4327,#4328,
#4329,#4330,#4331,#4332,#4333,#4334,#4335,#4336,#4337,#4338,#4339,#4340,
#4341,#4342,#4343,#4344,#4345,#4346,#4347,#4348,#4349,#4350,#4351,#4352,
#4353,#4354,#4355,#4356,#4357,#4358,#4359,#4360,#4361,#4362,#4363,#4364,
#4365,#4366,#4367,#4368,#4369,#4370,#4371,#4372,#4373),.UNSPECIFIED.,.F.,
 .F.,(4,1,1,1,1,1,1,1,1,1,1,1,1,1,1,1,1,1,1,1,1,1,1,1,1,1,1,1,1,1,1,1,1,
1,1,1,1,1,1,1,1,1,1,1,1,1,1,1,4),(0.,0.015625,0.03125,0.046875,0.0625,0.078125,
0.09375,0.109375,0.125,0.15625,0.1875,0.21875,0.25,0.3125,0.34375,0.375,
0.390625,0.40625,0.4375,0.5,0.53125,0.546875,0.5625,0.5703125,0.578125,
0.59375,0.625,0.6328125,0.640625,0.65625,0.671875,0.6875,0.71875,0.734375,
0.75,0.765625,0.78125,0.796875,0.8125,0.84375,0.859375,0.8671875,0.875,
0.8828125,0.890625,0.90625,0.921875,0.9375,1.),.UNSPECIFIED.);
#747=B_SPLINE_CURVE_WITH_KNOTS('',3,(#4375,#4376,#4377,#4378,#4379,#4380,
#4381,#4382,#4383,#4384,#4385,#4386,#4387,#4388,#4389,#4390,#4391,#4392,
#4393,#4394,#4395,#4396,#4397,#4398,#4399,#4400,#4401,#4402,#4403,#4404,
#4405,#4406,#4407,#4408,#4409,#4410,#4411,#4412,#4413,#4414,#4415,#4416,
#4417,#4418,#4419,#4420,#4421,#4422,#4423,#4424,#4425,#4426,#4427,#4428,
#4429,#4430,#4431,#4432,#4433,#4434),.UNSPECIFIED.,.F.,.F.,(4,1,1,1,1,1,
1,1,1,1,1,1,1,1,1,1,1,1,1,1,1,1,1,1,1,1,1,1,1,1,1,1,1,1,1,1,1,1,1,1,1,1,
1,1,1,1,1,1,1,1,1,1,1,1,1,1,1,4),(0.,0.015625,0.03125,0.046875,0.0625,0.0703125,
0.078125,0.09375,0.125,0.1328125,0.140625,0.15625,0.171875,0.1875,0.21875,
0.234375,0.25,0.265625,0.28125,0.296875,0.3125,0.34375,0.359375,0.3671875,
0.375,0.3828125,0.390625,0.3984375,0.40625,0.421875,0.4375,0.5,0.53125,
0.5625,0.59375,0.609375,0.6171875,0.625,0.6328125,0.640625,0.65625,0.671875,
0.6875,0.71875,0.734375,0.75,0.765625,0.78125,0.796875,0.8125,0.84375,0.859375,
0.875,0.890625,0.90625,0.921875,0.9375,1.),.UNSPECIFIED.);
#748=B_SPLINE_CURVE_WITH_KNOTS('',3,(#4436,#4437,#4438,#4439,#4440,#4441,
#4442,#4443,#4444,#4445,#4446,#4447,#4448,#4449,#4450,#4451,#4452,#4453,
#4454,#4455,#4456,#4457,#4458,#4459,#4460,#4461,#4462,#4463,#4464,#4465,
#4466,#4467,#4468,#4469,#4470,#4471,#4472,#4473,#4474,#4475,#4476,#4477,
#4478,#4479,#4480,#4481,#4482,#4483,#4484,#4485,#4486,#4487,#4488,#4489,
#4490,#4491,#4492),.UNSPECIFIED.,.F.,.F.,(4,1,1,1,1,1,1,1,1,1,1,1,1,1,1,
1,1,1,1,1,1,1,1,1,1,1,1,1,1,1,1,1,1,1,1,1,1,1,1,1,1,1,1,1,1,1,1,1,1,1,1,
1,1,1,4),(0.,0.03125,0.046875,0.0625,0.078125,0.09375,0.109375,0.125,0.140625,
0.15625,0.171875,0.1875,0.203125,0.21875,0.234375,0.25,0.265625,0.28125,
0.296875,0.3125,0.328125,0.34375,0.359375,0.375,0.40625,0.421875,0.4375,
0.453125,0.46875,0.484375,0.5,0.515625,0.53125,0.546875,0.5625,0.5703125,
0.578125,0.59375,0.609375,0.625,0.6328125,0.640625,0.6484375,0.65625,0.671875,
0.6875,0.71875,0.75,0.8125,0.84375,0.875,0.890625,0.90625,0.9375,1.),
 .UNSPECIFIED.);
#749=B_SPLINE_CURVE_WITH_KNOTS('',3,(#4494,#4495,#4496,#4497,#4498,#4499,
#4500,#4501,#4502,#4503,#4504,#4505,#4506,#4507,#4508,#4509,#4510,#4511,
#4512,#4513,#4514,#4515,#4516,#4517,#4518,#4519,#4520,#4521,#4522,#4523,
#4524,#4525,#4526,#4527,#4528,#4529,#4530,#4531,#4532,#4533,#4534,#4535,
#4536,#4537,#4538,#4539,#4540,#4541,#4542,#4543,#4544,#4545,#4546,#4547,
#4548,#4549,#4550,#4551,#4552,#4553,#4554,#4555,#4556,#4557),
 .UNSPECIFIED.,.F.,.F.,(4,1,1,1,1,1,1,1,1,1,1,1,1,1,1,1,1,1,1,1,1,1,1,1,
1,1,1,1,1,1,1,1,1,1,1,1,1,1,1,1,1,1,1,1,1,1,1,1,1,1,1,1,1,1,1,1,1,1,1,1,
1,4),(0.,0.015625,0.03125,0.046875,0.0625,0.0703125,0.078125,0.09375,0.125,
0.1328125,0.140625,0.15625,0.171875,0.1875,0.21875,0.234375,0.25,0.265625,
0.28125,0.296875,0.3125,0.34375,0.359375,0.3671875,0.375,0.3828125,0.390625,
0.40625,0.421875,0.4375,0.46875,0.5,0.53125,0.5625,0.59375,0.609375,0.625,
0.640625,0.65625,0.671875,0.6875,0.71875,0.734375,0.7421875,0.75,0.7578125,
0.765625,0.78125,0.7890625,0.796875,0.8125,0.8203125,0.828125,0.84375,0.875,
0.8828125,0.890625,0.90625,0.921875,0.9375,0.96875,1.),.UNSPECIFIED.);
#750=B_SPLINE_CURVE_WITH_KNOTS('',3,(#4559,#4560,#4561,#4562,#4563,#4564,
#4565,#4566,#4567,#4568,#4569,#4570,#4571,#4572,#4573,#4574,#4575,#4576,
#4577,#4578,#4579,#4580,#4581,#4582,#4583,#4584,#4585,#4586,#4587,#4588,
#4589,#4590,#4591,#4592,#4593,#4594,#4595,#4596,#4597,#4598,#4599,#4600,
#4601,#4602,#4603,#4604,#4605,#4606,#4607,#4608,#4609,#4610,#4611,#4612),
 .UNSPECIFIED.,.F.,.F.,(4,1,1,1,1,1,1,1,1,1,1,1,1,1,1,1,1,1,1,1,1,1,1,1,
1,1,1,1,1,1,1,1,1,1,1,1,1,1,1,1,1,1,1,1,1,1,1,1,1,1,1,4),(0.,0.03125,0.046875,
0.0625,0.078125,0.09375,0.109375,0.125,0.15625,0.171875,0.1875,0.203125,
0.21875,0.234375,0.25,0.265625,0.28125,0.296875,0.3125,0.328125,0.34375,
0.359375,0.375,0.390625,0.40625,0.421875,0.4375,0.453125,0.46875,0.484375,
0.5,0.515625,0.53125,0.546875,0.5625,0.5703125,0.578125,0.59375,0.609375,
0.625,0.65625,0.6875,0.71875,0.75,0.78125,0.8125,0.84375,0.875,0.890625,
0.90625,0.9375,1.),.UNSPECIFIED.);
#751=B_SPLINE_CURVE_WITH_KNOTS('',3,(#4614,#4615,#4616,#4617,#4618,#4619,
#4620,#4621,#4622,#4623,#4624,#4625,#4626,#4627,#4628,#4629,#4630,#4631,
#4632,#4633,#4634,#4635,#4636,#4637,#4638,#4639,#4640,#4641,#4642,#4643,
#4644,#4645,#4646,#4647,#4648,#4649,#4650,#4651,#4652,#4653,#4654,#4655,
#4656,#4657,#4658,#4659,#4660,#4661,#4662),.UNSPECIFIED.,.F.,.F.,(4,1,1,
1,1,1,1,1,1,1,1,1,1,1,1,1,1,1,1,1,1,1,1,1,1,1,1,1,1,1,1,1,1,1,1,1,1,1,1,
1,1,1,1,1,1,1,4),(0.,0.015625,0.03125,0.046875,0.0625,0.078125,0.09375,
0.109375,0.125,0.15625,0.1875,0.21875,0.25,0.3125,0.34375,0.375,0.390625,
0.40625,0.4375,0.5,0.53125,0.546875,0.5625,0.5703125,0.578125,0.59375,0.625,
0.6328125,0.640625,0.65625,0.671875,0.6875,0.71875,0.734375,0.75,0.765625,
0.78125,0.796875,0.8125,0.84375,0.859375,0.875,0.890625,0.90625,0.921875,
0.9375,1.),.UNSPECIFIED.);
#752=B_SPLINE_CURVE_WITH_KNOTS('',3,(#4664,#4665,#4666,#4667,#4668,#4669,
#4670,#4671,#4672,#4673,#4674,#4675,#4676,#4677,#4678,#4679,#4680,#4681,
#4682,#4683,#4684,#4685,#4686,#4687,#4688,#4689,#4690,#4691,#4692,#4693,
#4694,#4695,#4696,#4697,#4698,#4699,#4700,#4701,#4702,#4703,#4704,#4705,
#4706,#4707,#4708,#4709,#4710,#4711,#4712,#4713,#4714,#4715,#4716,#4717,
#4718,#4719,#4720,#4721,#4722,#4723,#4724,#4725,#4726,#4727),
 .UNSPECIFIED.,.F.,.F.,(4,1,1,1,1,1,1,1,1,1,1,1,1,1,1,1,1,1,1,1,1,1,1,1,
1,1,1,1,1,1,1,1,1,1,1,1,1,1,1,1,1,1,1,1,1,1,1,1,1,1,1,1,1,1,1,1,1,1,1,1,
1,4),(0.,0.015625,0.03125,0.046875,0.0625,0.0703125,0.078125,0.09375,0.125,
0.1328125,0.140625,0.15625,0.171875,0.1875,0.21875,0.234375,0.2421875,0.25,
0.2578125,0.265625,0.28125,0.2890625,0.296875,0.3125,0.3203125,0.328125,
0.34375,0.359375,0.375,0.3828125,0.390625,0.40625,0.421875,0.4375,0.46875,
0.5,0.53125,0.5625,0.59375,0.609375,0.6171875,0.625,0.6328125,0.640625,
0.65625,0.671875,0.6875,0.71875,0.734375,0.75,0.765625,0.78125,0.796875,
0.8125,0.84375,0.859375,0.875,0.890625,0.90625,0.921875,0.9375,1.),
 .UNSPECIFIED.);
#753=B_SPLINE_CURVE_WITH_KNOTS('',3,(#4729,#4730,#4731,#4732,#4733,#4734,
#4735,#4736,#4737,#4738,#4739,#4740,#4741,#4742,#4743,#4744,#4745,#4746,
#4747,#4748),.UNSPECIFIED.,.F.,.F.,(4,1,1,1,1,1,1,1,1,1,1,1,1,1,1,1,1,4),
(0.,0.125,0.1875,0.21875,0.25,0.28125,0.3125,0.375,0.4375,0.5,0.5625,0.625,
0.6875,0.75,0.8125,0.875,0.9375,1.),.UNSPECIFIED.);
#754=EDGE_LOOP('',(#183,#184,#185,#186,#187,#188,#189,#190,#191,#192,#193,
#194,#195,#196,#197,#198,#199,#200,#201,#202,#203,#204,#205,#206,#207,#208,
#209,#210,#211,#212,#213,#214,#215));
#755=EDGE_LOOP('',(#216,#217,#218,#219,#220,#221,#222,#223,#224,#225,#226,
#227,#228,#229,#230,#231,#232,#233,#234,#235,#236,#237,#238,#239,#240,#241,
#242,#243,#244,#245,#246,#247));
#756=EDGE_LOOP('',(#248,#249,#250,#251));
#757=EDGE_LOOP('',(#252,#253,#254,#255));
#758=EDGE_LOOP('',(#256,#257,#258,#259));
#759=EDGE_LOOP('',(#260,#261,#262,#263));
#760=EDGE_LOOP('',(#264,#265,#266,#267,#268,#269,#270,#271,#272,#273,#274,
#275,#276,#277,#278,#279,#280,#281,#282,#283));
#761=EDGE_LOOP('',(#284,#285,#286,#287));
#762=EDGE_LOOP('',(#288,#289,#290,#291));
#763=EDGE_LOOP('',(#292,#293,#294,#295));
#764=EDGE_LOOP('',(#296,#297,#298,#299));
#765=EDGE_LOOP('',(#300,#301,#302,#303));
#766=EDGE_LOOP('',(#304,#305,#306,#307));
#767=EDGE_LOOP('',(#308,#309,#310,#311));
#768=EDGE_LOOP('',(#312,#313,#314,#315));
#769=EDGE_LOOP('',(#316,#317,#318,#319));
#770=EDGE_LOOP('',(#320,#321,#322,#323));
#771=EDGE_LOOP('',(#324,#325,#326,#327));
#772=EDGE_LOOP('',(#328,#329,#330,#331));
#773=EDGE_LOOP('',(#332,#333,#334,#335));
#774=EDGE_LOOP('',(#336,#337,#338,#339));
#775=EDGE_LOOP('',(#340,#341,#342,#343));
#776=EDGE_LOOP('',(#344,#345,#346,#347));
#777=EDGE_LOOP('',(#348,#349,#350,#351));
#778=EDGE_LOOP('',(#352));
#779=EDGE_LOOP('',(#353));
#780=EDGE_LOOP('',(#354));
#781=EDGE_LOOP('',(#355));
#782=EDGE_LOOP('',(#356,#357,#358,#359,#360,#361,#362,#363,#364,#365,#366,
#367,#368,#369,#370,#371,#372,#373,#374,#375));
#783=EDGE_LOOP('',(#376));
#784=EDGE_LOOP('',(#377,#378,#379,#380));
#785=EDGE_LOOP('',(#381));
#786=EDGE_LOOP('',(#382));
#787=EDGE_LOOP('',(#383));
#788=EDGE_LOOP('',(#384,#385,#386,#387,#388,#389,#390,#391,#392,#393,#394,
#395,#396,#397,#398,#399,#400,#401,#402,#403,#404,#405,#406,#407,#408,#409,
#410,#411,#412,#413,#414,#415,#416));
#789=EDGE_LOOP('',(#417,#418,#419,#420,#421,#422,#423,#424,#425,#426,#427,
#428,#429,#430,#431,#432,#433,#434,#435,#436,#437,#438,#439,#440,#441,#442,
#443,#444,#445,#446,#447,#448));
#790=FACE_BOUND('',#754,.T.);
#791=FACE_BOUND('',#755,.T.);
#792=FACE_BOUND('',#756,.T.);
#793=FACE_BOUND('',#757,.T.);
#794=FACE_BOUND('',#758,.T.);
#795=FACE_BOUND('',#759,.T.);
#796=FACE_BOUND('',#760,.T.);
#797=FACE_BOUND('',#761,.T.);
#798=FACE_BOUND('',#762,.T.);
#799=FACE_BOUND('',#763,.T.);
#800=FACE_BOUND('',#764,.T.);
#801=FACE_BOUND('',#765,.T.);
#802=FACE_BOUND('',#766,.T.);
#803=FACE_BOUND('',#767,.T.);
#804=FACE_BOUND('',#768,.T.);
#805=FACE_BOUND('',#769,.T.);
#806=FACE_BOUND('',#770,.T.);
#807=FACE_BOUND('',#771,.T.);
#808=FACE_BOUND('',#772,.T.);
#809=FACE_BOUND('',#773,.T.);
#810=FACE_BOUND('',#774,.T.);
#811=FACE_BOUND('',#775,.T.);
#812=FACE_BOUND('',#776,.T.);
#813=FACE_BOUND('',#777,.T.);
#814=FACE_BOUND('',#778,.T.);
#815=FACE_BOUND('',#779,.T.);
#816=FACE_BOUND('',#780,.T.);
#817=FACE_BOUND('',#781,.T.);
#818=FACE_BOUND('',#782,.T.);
#819=FACE_BOUND('',#783,.T.);
#820=FACE_BOUND('',#784,.T.);
#821=FACE_BOUND('',#785,.T.);
#822=FACE_BOUND('',#786,.T.);
#823=FACE_BOUND('',#787,.T.);
#824=FACE_BOUND('',#788,.T.);
#825=FACE_BOUND('',#789,.T.);
#826=B_SPLINE_SURFACE_WITH_KNOTS('',1,3,((#1044,#1045,#1046,#1047,#1048,
#1049,#1050,#1051,#1052,#1053,#1054,#1055,#1056,#1057,#1058,#1059,#1060,
#1061,#1062,#1063,#1064,#1065,#1066,#1067,#1068,#1069,#1070,#1071,#1072,
#1073,#1074,#1075,#1076,#1077,#1078,#1079,#1080,#1081,#1082,#1083,#1084,
#1085,#1086,#1087,#1088,#1089,#1090,#1091,#1092,#1093,#1094,#1095,#1096,
#1097,#1098,#1099,#1100,#1101,#1102,#1103,#1104,#1105,#1106,#1107,#1108,
#1109,#1110,#1111,#1112,#1113,#1114,#1115,#1116,#1117,#1118,#1119,#1120,
#1121,#1122,#1123,#1124,#1125,#1126,#1127,#1128,#1129,#1130,#1131,#1132,
#1133,#1134,#1135,#1136,#1137,#1138,#1139,#1140,#1141,#1142,#1143,#1144,
#1145,#1146,#1147,#1148,#1149,#1150,#1151,#1152,#1153,#1154,#1155,#1156,
#1157,#1158,#1159,#1160,#1161,#1162,#1163,#1164,#1165),(#1166,#1167,#1168,
#1169,#1170,#1171,#1172,#1173,#1174,#1175,#1176,#1177,#1178,#1179,#1180,
#1181,#1182,#1183,#1184,#1185,#1186,#1187,#1188,#1189,#1190,#1191,#1192,
#1193,#1194,#1195,#1196,#1197,#1198,#1199,#1200,#1201,#1202,#1203,#1204,
#1205,#1206,#1207,#1208,#1209,#1210,#1211,#1212,#1213,#1214,#1215,#1216,
#1217,#1218,#1219,#1220,#1221,#1222,#1223,#1224,#1225,#1226,#1227,#1228,
#1229,#1230,#1231,#1232,#1233,#1234,#1235,#1236,#1237,#1238,#1239,#1240,
#1241,#1242,#1243,#1244,#1245,#1246,#1247,#1248,#1249,#1250,#1251,#1252,
#1253,#1254,#1255,#1256,#1257,#1258,#1259,#1260,#1261,#1262,#1263,#1264,
#1265,#1266,#1267,#1268,#1269,#1270,#1271,#1272,#1273,#1274,#1275,#1276,
#1277,#1278,#1279,#1280,#1281,#1282,#1283,#1284,#1285,#1286,#1287)),
 .RULED_SURF.,.F.,.F.,.F.,(2,2),(4,1,1,1,1,1,1,1,1,1,1,1,1,1,1,1,1,1,1,
1,1,1,1,1,1,1,1,1,1,1,1,1,1,1,1,1,1,1,1,1,1,1,1,1,1,1,1,1,1,1,1,1,1,1,1,
1,1,1,1,1,1,1,1,1,1,1,1,1,1,1,1,1,1,1,1,1,1,1,1,1,1,1,1,1,1,1,1,1,1,1,1,
1,1,1,1,1,1,1,1,1,1,1,1,1,1,1,1,1,1,1,1,1,1,1,1,1,1,1,1,4),(0.204181607224937,
0.848480561170262),(0.0634978802303695,0.0713093465520128,0.0792326072800142,
0.0871558680080157,0.0950791287360171,0.103002389464019,0.11092565019202,
0.118848910920021,0.126772171648023,0.134695432376024,0.142618693104026,
0.150541953832027,0.158465214560028,0.16638847528803,0.174311736016031,
0.182234996744033,0.190158257472034,0.198081518200036,0.206004778928037,
0.213928039656038,0.22185130038404,0.229774561112041,0.237697821840043,
0.245621082568044,0.253544343296046,0.261467604024047,0.269390864752048,
0.27731412548005,0.285237386208051,0.293160646936053,0.301083907664054,
0.309007168392055,0.316930429120057,0.324853689848058,0.33277695057606,
0.340700211304061,0.348623472032063,0.356546732760064,0.364469993488065,
0.372393254216067,0.380316514944068,0.38823977567207,0.396163036400071,
0.404086297128073,0.412009557856074,0.419932818584075,0.427856079312077,
0.435779340040078,0.44370260076808,0.451625861496081,0.459549122224083,
0.467472382952084,0.475395643680085,0.483318904408087,0.491242165136088,
0.49916542586409,0.507088686592091,0.515011947320092,0.522935208048094,
0.530858468776095,0.538781729504097,0.546704990232098,0.5546282509601,0.562551511688101,
0.570474772416102,0.578398033144104,0.586321293872105,0.594244554600107,
0.602167815328108,0.61009107605611,0.618014336784111,0.625937597512112,
0.633860858240114,0.641784118968115,0.649707379696117,0.657630640424118,
0.66555390115212,0.673477161880121,0.681400422608122,0.689323683336124,
0.697246944064125,0.705170204792127,0.713093465520128,0.72101672624813,
0.728939986976131,0.736863247704132,0.744786508432134,0.752709769160135,
0.760633029888137,0.768556290616138,0.776479551344139,0.784402812072141,
0.792326072800142,0.800249333528144,0.808172594256145,0.816095854984147,
0.824019115712148,0.831942376440149,0.839865637168151,0.847788897896152,
0.855712158624154,0.863635419352155,0.871558680080157,0.879481940808158,
0.887405201536159,0.895328462264161,0.903251722992162,0.911174983720164,
0.919098244448165,0.927021505176167,0.934944765904168,0.942868026632169,
0.950791287360171,0.958714548088172,0.966637808816174,0.974561069544175,
0.982484330272177,0.990407591000178,0.998330851728179,1.),.UNSPECIFIED.);
#827=B_SPLINE_SURFACE_WITH_KNOTS('',1,3,((#2923,#2924,#2925,#2926,#2927,
#2928,#2929,#2930,#2931,#2932,#2933,#2934,#2935,#2936,#2937,#2938,#2939,
#2940,#2941,#2942,#2943,#2944,#2945,#2946,#2947,#2948,#2949,#2950,#2951,
#2952,#2953,#2954,#2955,#2956,#2957,#2958,#2959,#2960,#2961,#2962,#2963,
#2964,#2965,#2966,#2967,#2968,#2969,#2970,#2971,#2972,#2973,#2974,#2975,
#2976,#2977,#2978,#2979,#2980,#2981,#2982,#2983,#2984,#2985,#2986,#2987,
#2988,#2989,#2990,#2991,#2992,#2993,#2994,#2995,#2996,#2997,#2998,#2999,
#3000,#3001,#3002,#3003,#3004,#3005,#3006,#3007,#3008,#3009,#3010,#3011,
#3012,#3013,#3014,#3015,#3016,#3017,#3018,#3019,#3020,#3021,#3022,#3023,
#3024,#3025,#3026,#3027,#3028,#3029,#3030,#3031,#3032,#3033,#3034,#3035,
#3036,#3037,#3038,#3039,#3040),(#3041,#3042,#3043,#3044,#3045,#3046,#3047,
#3048,#3049,#3050,#3051,#3052,#3053,#3054,#3055,#3056,#3057,#3058,#3059,
#3060,#3061,#3062,#3063,#3064,#3065,#3066,#3067,#3068,#3069,#3070,#3071,
#3072,#3073,#3074,#3075,#3076,#3077,#3078,#3079,#3080,#3081,#3082,#3083,
#3084,#3085,#3086,#3087,#3088,#3089,#3090,#3091,#3092,#3093,#3094,#3095,
#3096,#3097,#3098,#3099,#3100,#3101,#3102,#3103,#3104,#3105,#3106,#3107,
#3108,#3109,#3110,#3111,#3112,#3113,#3114,#3115,#3116,#3117,#3118,#3119,
#3120,#3121,#3122,#3123,#3124,#3125,#3126,#3127,#3128,#3129,#3130,#3131,
#3132,#3133,#3134,#3135,#3136,#3137,#3138,#3139,#3140,#3141,#3142,#3143,
#3144,#3145,#3146,#3147,#3148,#3149,#3150,#3151,#3152,#3153,#3154,#3155,
#3156,#3157,#3158)),.RULED_SURF.,.F.,.F.,.F.,(2,2),(4,1,1,1,1,1,1,1,1,1,
1,1,1,1,1,1,1,1,1,1,1,1,1,1,1,1,1,1,1,1,1,1,1,1,1,1,1,1,1,1,1,1,1,1,1,1,
1,1,1,1,1,1,1,1,1,1,1,1,1,1,1,1,1,1,1,1,1,1,1,1,1,1,1,1,1,1,1,1,1,1,1,1,
1,1,1,1,1,1,1,1,1,1,1,1,1,1,1,1,1,1,1,1,1,1,1,1,1,1,1,1,1,1,1,1,1,4),(0.151387127134593,
0.795816996533919),(0.0973169963411065,0.103002389464019,0.11092565019202,
0.118848910920021,0.126772171648023,0.134695432376024,0.142618693104026,
0.150541953832027,0.158465214560028,0.16638847528803,0.174311736016031,
0.182234996744033,0.190158257472034,0.198081518200036,0.206004778928037,
0.213928039656038,0.22185130038404,0.229774561112041,0.237697821840043,
0.245621082568044,0.253544343296046,0.261467604024047,0.269390864752048,
0.27731412548005,0.285237386208051,0.293160646936053,0.301083907664054,
0.309007168392055,0.316930429120057,0.324853689848058,0.33277695057606,
0.340700211304061,0.348623472032063,0.356546732760064,0.364469993488065,
0.372393254216067,0.380316514944068,0.38823977567207,0.396163036400071,
0.404086297128073,0.412009557856074,0.419932818584075,0.427856079312077,
0.435779340040078,0.44370260076808,0.451625861496081,0.459549122224083,
0.467472382952084,0.475395643680085,0.483318904408087,0.491242165136088,
0.49916542586409,0.507088686592091,0.515011947320092,0.522935208048094,
0.530858468776095,0.538781729504097,0.546704990232098,0.5546282509601,0.562551511688101,
0.570474772416102,0.578398033144104,0.586321293872105,0.594244554600107,
0.602167815328108,0.61009107605611,0.618014336784111,0.625937597512112,
0.633860858240114,0.641784118968115,0.649707379696117,0.657630640424118,
0.66555390115212,0.673477161880121,0.681400422608122,0.689323683336124,
0.697246944064125,0.705170204792127,0.713093465520128,0.72101672624813,
0.728939986976131,0.736863247704132,0.744786508432134,0.752709769160135,
0.760633029888137,0.768556290616138,0.776479551344139,0.784402812072141,
0.792326072800142,0.800249333528144,0.808172594256145,0.816095854984147,
0.824019115712148,0.831942376440149,0.839865637168151,0.847788897896152,
0.855712158624154,0.863635419352155,0.871558680080157,0.879481940808158,
0.887405201536159,0.895328462264161,0.903251722992162,0.911174983720164,
0.919098244448165,0.927021505176167,0.934944765904168,0.942868026632169,
0.950791287360171,0.958714548088172,0.966637808816174,0.974561069544175,
0.982484330272177,0.990407591000178,0.998330851728179,1.),.UNSPECIFIED.);
#828=ADVANCED_FACE('',(#790),#826,.F.);
#829=ADVANCED_FACE('',(#791),#827,.F.);
#830=ADVANCED_FACE('',(#792),#31,.T.);
#831=ADVANCED_FACE('',(#793),#32,.T.);
#832=ADVANCED_FACE('',(#794),#33,.T.);
#833=ADVANCED_FACE('',(#795),#34,.T.);
#834=ADVANCED_FACE('',(#796),#35,.F.);
#835=ADVANCED_FACE('',(#797),#36,.T.);
#836=ADVANCED_FACE('',(#798),#37,.T.);
#837=ADVANCED_FACE('',(#799),#38,.T.);
#838=ADVANCED_FACE('',(#800),#39,.T.);
#839=ADVANCED_FACE('',(#801),#40,.T.);
#840=ADVANCED_FACE('',(#802),#41,.T.);
#841=ADVANCED_FACE('',(#803),#42,.T.);
#842=ADVANCED_FACE('',(#804),#43,.T.);
#843=ADVANCED_FACE('',(#805),#44,.T.);
#844=ADVANCED_FACE('',(#806),#45,.T.);
#845=ADVANCED_FACE('',(#807),#46,.T.);
#846=ADVANCED_FACE('',(#808),#47,.T.);
#847=ADVANCED_FACE('',(#809),#48,.T.);
#848=ADVANCED_FACE('',(#810),#49,.T.);
#849=ADVANCED_FACE('',(#811),#50,.T.);
#850=ADVANCED_FACE('',(#812),#51,.T.);
#851=ADVANCED_FACE('',(#813),#52,.T.);
#852=ADVANCED_FACE('',(#814,#815),#30,.T.);
#853=ADVANCED_FACE('',(#816,#817),#21,.T.);
#854=ADVANCED_FACE('',(#818,#819),#53,.F.);
#855=ADVANCED_FACE('',(#820),#54,.F.);
#856=ADVANCED_FACE('',(#821,#822),#20,.F.);
#857=ADVANCED_FACE('',(#823,#824),#22,.T.);
#858=ADVANCED_FACE('',(#825),#23,.T.);
#859=CLOSED_SHELL('',(#828,#829,#830,#831,#832,#833,#834,#835,#836,#837,
#838,#839,#840,#841,#842,#843,#844,#845,#846,#847,#848,#849,#850,#851,#852,
#853,#854,#855,#856,#857,#858));
#860=STYLED_ITEM('',(#861),#868);
#861=PRESENTATION_STYLE_ASSIGNMENT((#862));
#862=SURFACE_STYLE_USAGE(.BOTH.,#863);
#863=SURFACE_SIDE_STYLE('',(#864));
#864=SURFACE_STYLE_FILL_AREA(#865);
#865=FILL_AREA_STYLE('',(#866));
#866=FILL_AREA_STYLE_COLOUR('',#867);
#867=COLOUR_RGB('',0.6,0.6,0.6);
#868=MANIFOLD_SOLID_BREP('screw_chassis_countersunk_M3x10',#859);
#869=SHAPE_DEFINITION_REPRESENTATION(#4896,#870);
#870=SHAPE_REPRESENTATION('screw_chassis_countersunk_M3x10',(#871),#4891);
#871=AXIS2_PLACEMENT_3D('',#1043,#907,#908);
#872=AXIS2_PLACEMENT_3D('',#4749,#911,#912);
#873=AXIS2_PLACEMENT_3D('',#4752,#915,#916);
#874=AXIS2_PLACEMENT_3D('',#4761,#921,#922);
#875=AXIS2_PLACEMENT_3D('',#4767,#926,#927);
#876=AXIS2_PLACEMENT_3D('',#4773,#931,#932);
#877=AXIS2_PLACEMENT_3D('',#4807,#950,#951);
#878=AXIS2_PLACEMENT_3D('',#4811,#954,#955);
#879=AXIS2_PLACEMENT_3D('',#4815,#958,#959);
#880=AXIS2_PLACEMENT_3D('',#4819,#962,#963);
#881=AXIS2_PLACEMENT_3D('',#4823,#966,#967);
#882=AXIS2_PLACEMENT_3D('',#4827,#970,#971);
#883=AXIS2_PLACEMENT_3D('',#4831,#974,#975);
#884=AXIS2_PLACEMENT_3D('',#4835,#978,#979);
#885=AXIS2_PLACEMENT_3D('',#4839,#982,#983);
#886=AXIS2_PLACEMENT_3D('',#4843,#986,#987);
#887=AXIS2_PLACEMENT_3D('',#4847,#990,#991);
#888=AXIS2_PLACEMENT_3D('',#4851,#994,#995);
#889=AXIS2_PLACEMENT_3D('',#4855,#998,#999);
#890=AXIS2_PLACEMENT_3D('',#4859,#1002,#1003);
#891=AXIS2_PLACEMENT_3D('',#4863,#1006,#1007);
#892=AXIS2_PLACEMENT_3D('',#4867,#1010,#1011);
#893=AXIS2_PLACEMENT_3D('',#4871,#1014,#1015);
#894=AXIS2_PLACEMENT_3D('',#4873,#1017,#1018);
#895=AXIS2_PLACEMENT_3D('',#4874,#1019,#1020);
#896=AXIS2_PLACEMENT_3D('',#4876,#1021,#1022);
#897=AXIS2_PLACEMENT_3D('',#4878,#1023,#1024);
#898=AXIS2_PLACEMENT_3D('',#4879,#1025,#1026);
#899=AXIS2_PLACEMENT_3D('',#4881,#1027,#1028);
#900=AXIS2_PLACEMENT_3D('',#4882,#1029,#1030);
#901=AXIS2_PLACEMENT_3D('',#4883,#1031,#1032);
#902=AXIS2_PLACEMENT_3D('',#4884,#1033,#1034);
#903=AXIS2_PLACEMENT_3D('',#4885,#1035,#1036);
#904=AXIS2_PLACEMENT_3D('',#4886,#1037,#1038);
#905=AXIS2_PLACEMENT_3D('',#4888,#1039,#1040);
#906=AXIS2_PLACEMENT_3D('',#4889,#1041,#1042);
#907=DIRECTION('',(0.,0.,1.));
#908=DIRECTION('',(1.,0.,0.));
#909=DIRECTION('',(-0.14234611699896,0.854131060099484,0.500197676072821));
#910=DIRECTION('',(0.142346116998962,-0.854131060099492,0.500197676072806));
#911=DIRECTION('',(0.986395620417694,0.164388807468123,0.));
#912=DIRECTION('',(2.94415943933825E-17,-1.76660809303444E-16,-1.));
#913=DIRECTION('',(0.,0.,1.));
#914=DIRECTION('',(0.,0.,-1.));
#915=DIRECTION('',(-0.873301031361716,0.423581094597486,0.240674811565644));
#916=DIRECTION('',(-0.436408983937201,-0.899748408578143,-1.66533453693774E-16));
#917=DIRECTION('',(0.179500537249621,-0.179500537249621,0.967243048180857));
#918=DIRECTION('',(-0.4364089839372,-0.899748408578143,0.));
#919=DIRECTION('',(0.05139469094388,-0.411157527551036,0.910114318797865));
#920=DIRECTION('',(-0.4364089839372,-0.899748408578143,0.));
#921=DIRECTION('',(-0.423581094597485,0.873301031361717,0.240674811565644));
#922=DIRECTION('',(-0.899748408578143,-0.4364089839372,8.32667268468867E-17));
#923=DIRECTION('',(0.411157527551036,-0.0513946909438803,0.910114318797865));
#924=DIRECTION('',(-0.899748408578143,-0.4364089839372,0.));
#925=DIRECTION('',(-0.899748408578143,-0.4364089839372,0.));
#926=DIRECTION('',(-0.992277876713668,-0.124034734589208,6.93651567851677E-16));
#927=DIRECTION('',(0.124034734589208,-0.992277876713668,-1.23259516440783E-32));
#928=DIRECTION('',(0.124034734589209,-0.992277876713668,1.68098410881604E-15));
#929=DIRECTION('',(0.0613491801312012,-0.490793441049606,0.869113385192011));
#930=DIRECTION('',(0.124034734589208,-0.992277876713668,0.));
#931=DIRECTION('',(0.,0.,-1.));
#932=DIRECTION('',(-1.,0.,0.));
#933=DIRECTION('',(-0.992277876713668,0.124034734589209,0.));
#934=DIRECTION('',(1.35525271560689E-15,-1.,0.));
#935=DIRECTION('',(0.992277876713668,0.124034734589209,0.));
#936=DIRECTION('',(0.899748408578143,-0.4364089839372,6.46725333815936E-16));
#937=DIRECTION('',(0.4364089839372,-0.899748408578143,0.));
#938=DIRECTION('',(-0.124034734589209,-0.992277876713668,0.));
#939=DIRECTION('',(1.,0.,0.));
#940=DIRECTION('',(-0.124034734589209,0.992277876713668,-1.68098410881604E-15));
#941=DIRECTION('',(0.4364089839372,0.899748408578143,6.46725333815936E-16));
#942=DIRECTION('',(0.899748408578143,0.4364089839372,0.));
#943=DIRECTION('',(0.992277876713668,-0.124034734589209,0.));
#944=DIRECTION('',(-1.35525271560689E-15,1.,0.));
#945=DIRECTION('',(-0.992277876713668,-0.124034734589209,0.));
#946=DIRECTION('',(-0.899748408578143,0.4364089839372,0.));
#947=DIRECTION('',(-0.4364089839372,0.899748408578143,0.));
#948=DIRECTION('',(0.124034734589209,0.992277876713668,1.68098410881604E-15));
#949=DIRECTION('',(-1.,0.,0.));
#950=DIRECTION('',(9.04839333020291E-16,0.870753567080177,0.491719661409982));
#951=DIRECTION('',(0.,-0.491719661409982,0.870753567080177));
#952=DIRECTION('',(-0.0613491801312012,-0.490793441049606,0.869113385192011));
#953=DIRECTION('',(-1.,1.0842021724855E-15,0.));
#954=DIRECTION('',(0.992277876713668,-0.124034734589208,6.93651567851678E-16));
#955=DIRECTION('',(0.124034734589208,0.992277876713668,0.));
#956=DIRECTION('',(-0.05139469094388,-0.411157527551036,0.910114318797865));
#957=DIRECTION('',(0.124034734589208,0.992277876713668,0.));
#958=DIRECTION('',(0.873301031361716,0.423581094597486,0.240674811565644));
#959=DIRECTION('',(-0.4364089839372,0.899748408578143,6.93889390390722E-17));
#960=DIRECTION('',(-0.179500537249621,-0.179500537249621,0.967243048180857));
#961=DIRECTION('',(-0.4364089839372,0.899748408578143,0.));
#962=DIRECTION('',(0.423581094597485,0.873301031361717,0.240674811565644));
#963=DIRECTION('',(-0.899748408578143,0.4364089839372,-8.32667268468867E-17));
#964=DIRECTION('',(-0.411157527551036,-0.0513946909438803,0.910114318797865));
#965=DIRECTION('',(-0.899748408578143,0.4364089839372,0.));
#966=DIRECTION('',(-0.124034734589208,0.992277876713668,9.63404955349553E-16));
#967=DIRECTION('',(-0.992277876713668,-0.124034734589208,0.));
#968=DIRECTION('',(-0.490793441049606,-0.0613491801312015,0.869113385192011));
#969=DIRECTION('',(-0.992277876713668,-0.124034734589209,0.));
#970=DIRECTION('',(0.870753567080177,9.04839333020282E-16,0.491719661409982));
#971=DIRECTION('',(0.491719661409982,-4.93038065763133E-32,-0.870753567080177));
#972=DIRECTION('',(-0.490793441049606,0.0613491801312015,0.869113385192011));
#973=DIRECTION('',(-1.08420217248549E-15,1.,0.));
#974=DIRECTION('',(-0.124034734589208,-0.992277876713668,9.63404955349553E-16));
#975=DIRECTION('',(0.992277876713668,-0.124034734589208,0.));
#976=DIRECTION('',(-0.411157527551036,0.0513946909438803,0.910114318797865));
#977=DIRECTION('',(0.992277876713668,-0.124034734589209,0.));
#978=DIRECTION('',(0.423581094597485,-0.873301031361717,0.240674811565644));
#979=DIRECTION('',(0.899748408578143,0.4364089839372,8.32667268468867E-17));
#980=DIRECTION('',(-0.179500537249621,0.179500537249621,0.967243048180857));
#981=DIRECTION('',(0.899748408578143,0.4364089839372,0.));
#982=DIRECTION('',(0.873301031361716,-0.423581094597486,0.240674811565644));
#983=DIRECTION('',(0.436408983937201,0.899748408578143,-1.66533453693774E-16));
#984=DIRECTION('',(-0.05139469094388,0.411157527551036,0.910114318797865));
#985=DIRECTION('',(0.4364089839372,0.899748408578143,0.));
#986=DIRECTION('',(0.992277876713668,0.124034734589208,6.93651567851679E-16));
#987=DIRECTION('',(-0.124034734589208,0.992277876713668,0.));
#988=DIRECTION('',(-0.0613491801312012,0.490793441049606,0.869113385192011));
#989=DIRECTION('',(-0.124034734589208,0.992277876713668,0.));
#990=DIRECTION('',(9.04839333020291E-16,-0.870753567080177,0.491719661409982));
#991=DIRECTION('',(0.,-0.491719661409982,-0.870753567080177));
#992=DIRECTION('',(0.0613491801312012,0.490793441049606,0.869113385192011));
#993=DIRECTION('',(1.,0.,0.));
#994=DIRECTION('',(-0.992277876713668,0.124034734589208,6.93651567851678E-16));
#995=DIRECTION('',(-0.124034734589208,-0.992277876713668,0.));
#996=DIRECTION('',(0.05139469094388,0.411157527551036,0.910114318797865));
#997=DIRECTION('',(-0.124034734589208,-0.992277876713668,0.));
#998=DIRECTION('',(-0.873301031361716,-0.423581094597486,0.240674811565644));
#999=DIRECTION('',(0.436408983937201,-0.899748408578143,1.66533453693774E-16));
#1000=DIRECTION('',(0.179500537249621,0.179500537249621,0.967243048180857));
#1001=DIRECTION('',(0.4364089839372,-0.899748408578143,0.));
#1002=DIRECTION('',(-0.423581094597485,-0.873301031361717,0.240674811565644));
#1003=DIRECTION('',(0.899748408578143,-0.436408983937199,-1.94289029309402E-16));
#1004=DIRECTION('',(0.411157527551036,0.0513946909438803,0.910114318797865));
#1005=DIRECTION('',(0.899748408578143,-0.4364089839372,0.));
#1006=DIRECTION('',(0.124034734589208,-0.992277876713668,9.63404955349553E-16));
#1007=DIRECTION('',(0.992277876713668,0.124034734589208,0.));
#1008=DIRECTION('',(0.490793441049606,0.0613491801312015,0.869113385192011));
#1009=DIRECTION('',(0.992277876713668,0.124034734589209,0.));
#1010=DIRECTION('',(-0.870753567080177,-9.04839333020282E-16,0.491719661409982));
#1011=DIRECTION('',(0.491719661409982,-4.93038065763133E-32,0.870753567080177));
#1012=DIRECTION('',(0.490793441049606,-0.0613491801312016,0.869113385192011));
#1013=DIRECTION('',(1.08420217248549E-15,-1.,0.));
#1014=DIRECTION('',(0.124034734589208,0.992277876713668,9.63404955349553E-16));
#1015=DIRECTION('',(-0.992277876713668,0.124034734589208,0.));
#1016=DIRECTION('',(-0.992277876713668,0.124034734589209,0.));
#1017=DIRECTION('',(0.,0.,1.));
#1018=DIRECTION('',(1.,0.,0.));
#1019=DIRECTION('',(0.,0.,-1.));
#1020=DIRECTION('',(-1.,0.,0.));
#1021=DIRECTION('',(0.,0.,-1.));
#1022=DIRECTION('',(-1.,0.,0.));
#1023=DIRECTION('',(0.,0.,-1.));
#1024=DIRECTION('',(-1.,0.,0.));
#1025=DIRECTION('',(0.,0.,-1.));
#1026=DIRECTION('',(-1.,0.,0.));
#1027=DIRECTION('',(0.,0.,-1.));
#1028=DIRECTION('',(-1.,0.,0.));
#1029=DIRECTION('',(0.,0.,1.));
#1030=DIRECTION('',(1.,0.,0.));
#1031=DIRECTION('',(0.,0.,-1.));
#1032=DIRECTION('',(-1.,0.,0.));
#1033=DIRECTION('',(0.,0.,-1.));
#1034=DIRECTION('',(1.,0.,0.));
#1035=DIRECTION('',(0.,0.,-1.));
#1036=DIRECTION('',(-1.,0.,0.));
#1037=DIRECTION('',(0.,0.,-1.));
#1038=DIRECTION('',(-1.,0.,0.));
#1039=DIRECTION('',(0.,0.,-1.));
#1040=DIRECTION('',(-1.,0.,0.));
#1041=DIRECTION('',(0.,0.,1.));
#1042=DIRECTION('',(1.,0.,0.));
#1043=CARTESIAN_POINT('',(0.,0.,0.));
#1044=CARTESIAN_POINT('',(-0.00118536536033364,-1.31015840575635E-5,-0.0101900807038806));
#1045=CARTESIAN_POINT('',(-0.00118179960663129,-0.000318240909123105,-0.0101695413215117));
#1046=CARTESIAN_POINT('',(-0.000924205848770188,-0.000930385292421873,-0.0101281686058095));
#1047=CARTESIAN_POINT('',(1.11022302462516E-19,-0.00131387637721733,-0.0100659625567739));
#1048=CARTESIAN_POINT('',(0.000928573128235668,-0.00092857312823567,-0.0100034625567739));
#1049=CARTESIAN_POINT('',(0.00131387637721733,-6.66133814775094E-19,-0.00994096255677395));
#1050=CARTESIAN_POINT('',(0.000928573128235668,0.00092857312823567,-0.00987846255677395));
#1051=CARTESIAN_POINT('',(2.9005074138886E-19,0.00131387637721733,-0.00981596255677395));
#1052=CARTESIAN_POINT('',(-0.000928573128235668,0.000928573128235671,-0.00975346255677395));
#1053=CARTESIAN_POINT('',(-0.00131387637721734,6.66133814775094E-19,-0.00969096255677395));
#1054=CARTESIAN_POINT('',(-0.000928573128235668,-0.00092857312823567,-0.00962846255677395));
#1055=CARTESIAN_POINT('',(-7.11471239084313E-19,-0.00131387637721733,-0.00956596255677395));
#1056=CARTESIAN_POINT('',(0.000928573128235668,-0.000928573128235671,-0.00950346255677395));
#1057=CARTESIAN_POINT('',(0.00131387637721734,-8.88178419700125E-19,-0.00944096255677395));
#1058=CARTESIAN_POINT('',(0.000928573128235668,0.00092857312823567,-0.00937846255677395));
#1059=CARTESIAN_POINT('',(4.62456305404803E-18,0.00131387637721733,-0.00931596255677395));
#1060=CARTESIAN_POINT('',(-0.000928573128235668,0.000928573128235671,-0.00925346255677395));
#1061=CARTESIAN_POINT('',(-0.00131387637721733,9.99200722162641E-19,-0.00919096255677395));
#1062=CARTESIAN_POINT('',(-0.000928573128235669,-0.000928573128235669,-0.00912846255677395));
#1063=CARTESIAN_POINT('',(2.80054753202804E-18,-0.00131387637721733,-0.00906596255677395));
#1064=CARTESIAN_POINT('',(0.000928573128235667,-0.000928573128235671,-0.00900346255677395));
#1065=CARTESIAN_POINT('',(0.00131387637721734,-1.33226762955019E-18,-0.00894096255677395));
#1066=CARTESIAN_POINT('',(0.000928573128235668,0.00092857312823567,-0.00887846255677395));
#1067=CARTESIAN_POINT('',(4.58154688804934E-18,0.00131387637721733,-0.00881596255677395));
#1068=CARTESIAN_POINT('',(-0.000928573128235668,0.000928573128235671,-0.00875346255677395));
#1069=CARTESIAN_POINT('',(-0.00131387637721733,1.55431223447522E-18,-0.00869096255677395));
#1070=CARTESIAN_POINT('',(-0.00092857312823567,-0.000928573128235669,-0.00862846255677395));
#1071=CARTESIAN_POINT('',(2.578502927103E-18,-0.00131387637721733,-0.00856596255677395));
#1072=CARTESIAN_POINT('',(0.000928573128235667,-0.000928573128235671,-0.00850346255677395));
#1073=CARTESIAN_POINT('',(0.00131387637721734,-1.77635683940025E-18,-0.00844096255677395));
#1074=CARTESIAN_POINT('',(0.000928573128235668,0.000928573128235669,-0.00837846255677395));
#1075=CARTESIAN_POINT('',(5.22501199066984E-18,0.00131387637721733,-0.00831596255677395));
#1076=CARTESIAN_POINT('',(-0.000928573128235668,0.000928573128235671,-0.00825346255677395));
#1077=CARTESIAN_POINT('',(-0.00131387637721733,0.,-0.00819096255677395));
#1078=CARTESIAN_POINT('',(-0.000928573128235677,-0.000928573128235664,-0.00812846255677395));
#1079=CARTESIAN_POINT('',(3.33531159049653E-18,-0.00131387637721734,-0.00806596255677395));
#1080=CARTESIAN_POINT('',(0.000928573128235668,-0.00092857312823567,-0.00800346255677395));
#1081=CARTESIAN_POINT('',(0.00131387637721734,-1.14352971536391E-17,-0.00794096255677395));
#1082=CARTESIAN_POINT('',(0.000928573128235668,0.000928573128235672,-0.00787846255677395));
#1083=CARTESIAN_POINT('',(7.11471239084313E-18,0.00131387637721733,-0.00781596255677395));
#1084=CARTESIAN_POINT('',(-0.000928573128235674,0.000928573128235667,-0.00775346255677395));
#1085=CARTESIAN_POINT('',(-0.00131387637721733,2.33146835171283E-18,-0.00769096255677395));
#1086=CARTESIAN_POINT('',(-0.000928573128235677,-0.000928573128235663,-0.00762846255677395));
#1087=CARTESIAN_POINT('',(3.73406337603738E-18,-0.00131387637721733,-0.00756596255677395));
#1088=CARTESIAN_POINT('',(0.000928573128235666,-0.000928573128235674,-0.00750346255677395));
#1089=CARTESIAN_POINT('',(0.00131387637721734,6.55031584528842E-18,-0.00744096255677395));
#1090=CARTESIAN_POINT('',(0.000928573128235668,0.000928573128235668,-0.00737846255677395));
#1091=CARTESIAN_POINT('',(7.33675699576816E-18,0.00131387637721734,-0.00731596255677395));
#1092=CARTESIAN_POINT('',(-0.000928573128235674,0.000928573128235668,-0.00725346255677395));
#1093=CARTESIAN_POINT('',(-0.00131387637721733,2.55351295663786E-18,-0.00719096255677395));
#1094=CARTESIAN_POINT('',(-0.000928573128235677,-0.000928573128235663,-0.00712846255677395));
#1095=CARTESIAN_POINT('',(2.64650906356683E-18,-0.00131387637721734,-0.00706596255677395));
#1096=CARTESIAN_POINT('',(0.000928573128235667,-0.000928573128235671,-0.00700346255677395));
#1097=CARTESIAN_POINT('',(0.00131387637721734,-1.23234755733392E-17,-0.00694096255677395));
#1098=CARTESIAN_POINT('',(0.000928573128235668,0.000928573128235672,-0.00687846255677395));
#1099=CARTESIAN_POINT('',(7.84885234208204E-18,0.00131387637721733,-0.00681596255677395));
#1100=CARTESIAN_POINT('',(-0.000928573128235674,0.000928573128235667,-0.00675346255677395));
#1101=CARTESIAN_POINT('',(-0.00131387637721733,3.21964677141295E-18,-0.00669096255677395));
#1102=CARTESIAN_POINT('',(-0.000928573128235677,-0.000928573128235662,-0.00662846255677395));
#1103=CARTESIAN_POINT('',(2.44713317079641E-18,-0.00131387637721733,-0.00656596255677395));
#1104=CARTESIAN_POINT('',(0.000928573128235666,-0.000928573128235677,-0.00650346255677395));
#1105=CARTESIAN_POINT('',(0.00131387637721734,6.10622663543836E-18,-0.00644096255677395));
#1106=CARTESIAN_POINT('',(0.000928573128235669,0.000928573128235668,-0.00637846255677395));
#1107=CARTESIAN_POINT('',(7.76049875177415E-18,0.00131387637721734,-0.00631596255677395));
#1108=CARTESIAN_POINT('',(-0.000928573128235674,0.000928573128235668,-0.00625346255677395));
#1109=CARTESIAN_POINT('',(-0.00131387637721733,3.5527136788005E-18,-0.00619096255677395));
#1110=CARTESIAN_POINT('',(-0.000928573128235677,-0.000928573128235663,-0.00612846255677395));
#1111=CARTESIAN_POINT('',(2.44481191248588E-18,-0.00131387637721734,-0.00606596255677395));
#1112=CARTESIAN_POINT('',(0.000928573128235666,-0.000928573128235671,-0.00600346255677395));
#1113=CARTESIAN_POINT('',(0.00131387637721734,-1.32116539930394E-17,-0.00594096255677395));
#1114=CARTESIAN_POINT('',(0.000928573128235668,0.000928573128235671,-0.00587846255677395));
#1115=CARTESIAN_POINT('',(8.24992538593343E-18,0.00131387637721733,-0.00581596255677395));
#1116=CARTESIAN_POINT('',(-0.000928573128235674,0.000928573128235667,-0.00575346255677395));
#1117=CARTESIAN_POINT('',(-0.00131387637721733,4.21884749357559E-18,-0.00569096255677395));
#1118=CARTESIAN_POINT('',(-0.000928573128235674,-0.000928573128235663,-0.00562846255677395));
#1119=CARTESIAN_POINT('',(-1.56093510938562E-17,-0.00131387637721734,-0.00556596255677395));
#1120=CARTESIAN_POINT('',(0.000928573128235682,-0.000928573128235663,-0.00550346255677395));
#1121=CARTESIAN_POINT('',(0.00131387637721733,1.11022302462516E-18,-0.00544096255677395));
#1122=CARTESIAN_POINT('',(0.000928573128235669,0.000928573128235668,-0.00537846255677395));
#1123=CARTESIAN_POINT('',(5.64875374667582E-18,0.00131387637721733,-0.00531596255677395));
#1124=CARTESIAN_POINT('',(-0.000928573128235662,0.000928573128235675,-0.00525346255677395));
#1125=CARTESIAN_POINT('',(-0.00131387637721734,2.29816166097407E-17,-0.00519096255677395));
#1126=CARTESIAN_POINT('',(-0.000928573128235666,-0.000928573128235678,-0.00512846255677395));
#1127=CARTESIAN_POINT('',(-1.66765579524827E-18,-0.00131387637721733,-0.00506596255677395));
#1128=CARTESIAN_POINT('',(0.000928573128235666,-0.000928573128235671,-0.00500346255677395));
#1129=CARTESIAN_POINT('',(0.00131387637721733,-9.99200722162641E-18,-0.00494096255677395));
#1130=CARTESIAN_POINT('',(0.000928573128235685,0.000928573128235659,-0.00487846255677395));
#1131=CARTESIAN_POINT('',(-8.87072177639929E-18,0.00131387637721734,-0.00481596255677395));
#1132=CARTESIAN_POINT('',(-0.000928573128235668,0.000928573128235668,-0.00475346255677395));
#1133=CARTESIAN_POINT('',(-0.00131387637721733,4.88498130835069E-18,-0.00469096255677395));
#1134=CARTESIAN_POINT('',(-0.000928573128235674,-0.000928573128235663,-0.00462846255677395));
#1135=CARTESIAN_POINT('',(-1.61214464401701E-17,-0.00131387637721734,-0.00456596255677395));
#1136=CARTESIAN_POINT('',(0.000928573128235679,-0.000928573128235663,-0.00450346255677395));
#1137=CARTESIAN_POINT('',(0.00131387637721733,-1.11022302462516E-19,-0.00444096255677395));
#1138=CARTESIAN_POINT('',(0.00092857312823567,0.000928573128235668,-0.00437846255677395));
#1139=CARTESIAN_POINT('',(5.5377314442133E-18,0.00131387637721733,-0.00431596255677395));
#1140=CARTESIAN_POINT('',(-0.000928573128235659,0.000928573128235684,-0.00425346255677395));
#1141=CARTESIAN_POINT('',(-0.00131387637721734,-1.35447209004269E-17,-0.00419096255677395));
#1142=CARTESIAN_POINT('',(-0.000928573128235668,-0.000928573128235669,-0.00412846255677395));
#1143=CARTESIAN_POINT('',(-1.80134680986539E-18,-0.00131387637721733,-0.00406596255677395));
#1144=CARTESIAN_POINT('',(0.000928573128235666,-0.000928573128235674,-0.00400346255677395));
#1145=CARTESIAN_POINT('',(0.00131387637721733,-1.04360964314765E-17,-0.00394096255677394));
#1146=CARTESIAN_POINT('',(0.000928573128235686,0.000928573128235658,-0.00387846255677394));
#1147=CARTESIAN_POINT('',(-7.80583617608337E-18,0.00131387637721734,-0.00381596255677395));
#1148=CARTESIAN_POINT('',(-0.000928573128235668,0.000928573128235668,-0.00375346255677395));
#1149=CARTESIAN_POINT('',(-0.00131387637721733,5.77315972805081E-18,-0.00369096255677395));
#1150=CARTESIAN_POINT('',(-0.000928573128235674,-0.000928573128235663,-0.00362846255677395));
#1151=CARTESIAN_POINT('',(-1.70096248598702E-17,-0.00131387637721734,-0.00356596255677395));
#1152=CARTESIAN_POINT('',(0.000928573128235678,-0.000928573128235664,-0.00350346255677395));
#1153=CARTESIAN_POINT('',(0.00131387637721733,-6.66133814775094E-19,-0.00344096255677395));
#1154=CARTESIAN_POINT('',(0.000928573128235671,0.000928573128235667,-0.00337846255677395));
#1155=CARTESIAN_POINT('',(7.02635880053522E-18,0.00131387637721733,-0.00331596255677395));
#1156=CARTESIAN_POINT('',(-0.000928573128235661,0.000928573128235675,-0.00325346255677395));
#1157=CARTESIAN_POINT('',(-0.00131387637721734,2.4980018054066E-17,-0.00319096255677395));
#1158=CARTESIAN_POINT('',(-0.000928573128235666,-0.000928573128235677,-0.00312846255677395));
#1159=CARTESIAN_POINT('',(-2.71451520003065E-18,-0.00131387637721733,-0.00306596255677395));
#1160=CARTESIAN_POINT('',(0.000928573128235666,-0.000928573128235674,-0.00300346255677395));
#1161=CARTESIAN_POINT('',(0.00131387637721733,-1.15463194561016E-17,-0.00294096255677395));
#1162=CARTESIAN_POINT('',(0.000928573128235686,0.000928573128235658,-0.00287846255677395));
#1163=CARTESIAN_POINT('',(0.000244318636275998,0.00121249850887133,-0.00283240705026932));
#1164=CARTESIAN_POINT('',(-0.000130411479605117,0.00117974211181855,-0.00280718487709802));
#1165=CARTESIAN_POINT('',(-0.000194770699285568,0.00116869857333949,-0.00280279603726007));
#1166=CARTESIAN_POINT('',(-0.001440307494707,-1.59194037063234E-5,-0.0100428802822168));
#1167=CARTESIAN_POINT('',(-0.00143597483749123,-0.000386686486606428,-0.0100223408998479));
#1168=CARTESIAN_POINT('',(-0.00112297917180664,-0.0011304876576309,-0.00998096818414567));
#1169=CARTESIAN_POINT('',(1.11022302462516E-19,-0.0015964579838,-0.0099187621351101));
#1170=CARTESIAN_POINT('',(0.00112828574272233,-0.00112828574272233,-0.0098562621351101));
#1171=CARTESIAN_POINT('',(0.0015964579838,-6.66133814775094E-19,-0.0097937621351101));
#1172=CARTESIAN_POINT('',(0.00112828574272233,0.00112828574272233,-0.0097312621351101));
#1173=CARTESIAN_POINT('',(5.04645401412461E-19,0.0015964579838,-0.0096687621351101));
#1174=CARTESIAN_POINT('',(-0.00112828574272233,0.00112828574272233,-0.0096062621351101));
#1175=CARTESIAN_POINT('',(-0.00159645798380001,6.66133814775094E-19,-0.0095437621351101));
#1176=CARTESIAN_POINT('',(-0.00112828574272233,-0.00112828574272233,-0.0094812621351101));
#1177=CARTESIAN_POINT('',(-8.54534345766714E-19,-0.0015964579838,-0.0094187621351101));
#1178=CARTESIAN_POINT('',(0.00112828574272233,-0.00112828574272233,-0.0093562621351101));
#1179=CARTESIAN_POINT('',(0.00159645798380001,-8.88178419700125E-19,-0.0092937621351101));
#1180=CARTESIAN_POINT('',(0.00112828574272233,0.00112828574272233,-0.0092312621351101));
#1181=CARTESIAN_POINT('',(5.55447324748363E-18,0.0015964579838,-0.0091687621351101));
#1182=CARTESIAN_POINT('',(-0.00112828574272233,0.00112828574272233,-0.0091062621351101));
#1183=CARTESIAN_POINT('',(-0.0015964579838,9.99200722162641E-19,-0.0090437621351101));
#1184=CARTESIAN_POINT('',(-0.00112828574272233,-0.00112828574272233,-0.0089812621351101));
#1185=CARTESIAN_POINT('',(3.22973685207524E-18,-0.0015964579838,-0.0089187621351101));
#1186=CARTESIAN_POINT('',(0.00112828574272233,-0.00112828574272233,-0.0088562621351101));
#1187=CARTESIAN_POINT('',(0.00159645798380001,-1.33226762955019E-18,-0.0087937621351101));
#1188=CARTESIAN_POINT('',(0.00112828574272233,0.00112828574272233,-0.0087312621351101));
#1189=CARTESIAN_POINT('',(5.72605174150856E-18,0.0015964579838,-0.0086687621351101));
#1190=CARTESIAN_POINT('',(-0.00112828574272233,0.00112828574272233,-0.0086062621351101));
#1191=CARTESIAN_POINT('',(-0.0015964579838,1.55431223447522E-18,-0.0085437621351101));
#1192=CARTESIAN_POINT('',(-0.00112828574272233,-0.00112828574272233,-0.0084812621351101));
#1193=CARTESIAN_POINT('',(3.00769224715021E-18,-0.0015964579838,-0.0084187621351101));
#1194=CARTESIAN_POINT('',(0.00112828574272233,-0.00112828574272233,-0.0083562621351101));
#1195=CARTESIAN_POINT('',(0.00159645798380001,-1.77635683940025E-18,-0.0082937621351101));
#1196=CARTESIAN_POINT('',(0.00112828574272233,0.00112828574272233,-0.0082312621351101));
#1197=CARTESIAN_POINT('',(6.29798529078784E-18,0.0015964579838,-0.0081687621351101));
#1198=CARTESIAN_POINT('',(-0.00112828574272233,0.00112828574272233,-0.0081062621351101));
#1199=CARTESIAN_POINT('',(-0.0015964579838,0.,-0.0080437621351101));
#1200=CARTESIAN_POINT('',(-0.00112828574272234,-0.00112828574272232,-0.0079812621351101));
#1201=CARTESIAN_POINT('',(4.05062712390853E-18,-0.00159645798380001,-0.0079187621351101));
#1202=CARTESIAN_POINT('',(0.00112828574272233,-0.00112828574272233,-0.0078562621351101));
#1203=CARTESIAN_POINT('',(0.00159645798380001,-1.14352971536391E-17,-0.0077937621351101));
#1204=CARTESIAN_POINT('',(0.00112828574272233,0.00112828574272233,-0.0077312621351101));
#1205=CARTESIAN_POINT('',(8.54534345766714E-18,0.0015964579838,-0.0076687621351101));
#1206=CARTESIAN_POINT('',(-0.00112828574272233,0.00112828574272233,-0.0076062621351101));
#1207=CARTESIAN_POINT('',(-0.0015964579838,2.33146835171283E-18,-0.0075437621351101));
#1208=CARTESIAN_POINT('',(-0.00112828574272234,-0.00112828574272232,-0.0074812621351101));
#1209=CARTESIAN_POINT('',(4.30631580276698E-18,-0.0015964579838,-0.0074187621351101));
#1210=CARTESIAN_POINT('',(0.00112828574272233,-0.00112828574272233,-0.0073562621351101));
#1211=CARTESIAN_POINT('',(0.00159645798380001,6.55031584528842E-18,-0.0072937621351101));
#1212=CARTESIAN_POINT('',(0.00112828574272233,0.00112828574272233,-0.0072312621351101));
#1213=CARTESIAN_POINT('',(8.76738806259217E-18,0.00159645798380001,-0.0071687621351101));
#1214=CARTESIAN_POINT('',(-0.00112828574272233,0.00112828574272233,-0.0071062621351101));
#1215=CARTESIAN_POINT('',(-0.0015964579838,2.55351295663786E-18,-0.0070437621351101));
#1216=CARTESIAN_POINT('',(-0.00112828574272234,-0.00112828574272232,-0.0069812621351101));
#1217=CARTESIAN_POINT('',(3.29029304363764E-18,-0.00159645798380001,-0.0069187621351101));
#1218=CARTESIAN_POINT('',(0.00112828574272233,-0.00112828574272233,-0.0068562621351101));
#1219=CARTESIAN_POINT('',(0.00159645798380001,-1.23234755733392E-17,-0.0067937621351101));
#1220=CARTESIAN_POINT('',(0.00112828574272233,0.00112828574272233,-0.0067312621351101));
#1221=CARTESIAN_POINT('',(9.49407806892965E-18,0.0015964579838,-0.0066687621351101));
#1222=CARTESIAN_POINT('',(-0.00112828574272233,0.00112828574272233,-0.0066062621351101));
#1223=CARTESIAN_POINT('',(-0.0015964579838,3.21964677141295E-18,-0.0065437621351101));
#1224=CARTESIAN_POINT('',(-0.00112828574272234,-0.00112828574272232,-0.0064812621351101));
#1225=CARTESIAN_POINT('',(3.16244870420841E-18,-0.0015964579838,-0.0064187621351101));
#1226=CARTESIAN_POINT('',(0.00112828574272233,-0.00112828574272234,-0.0063562621351101));
#1227=CARTESIAN_POINT('',(0.00159645798380001,6.10622663543836E-18,-0.0062937621351101));
#1228=CARTESIAN_POINT('',(0.00112828574272233,0.00112828574272233,-0.0062312621351101));
#1229=CARTESIAN_POINT('',(9.47725603196295E-18,0.00159645798380001,-0.0061687621351101));
#1230=CARTESIAN_POINT('',(-0.00112828574272233,0.00112828574272233,-0.0061062621351101));
#1231=CARTESIAN_POINT('',(-0.0015964579838,3.5527136788005E-18,-0.0060437621351101));
#1232=CARTESIAN_POINT('',(-0.00112828574272234,-0.00112828574272232,-0.0059812621351101));
#1233=CARTESIAN_POINT('',(2.80246967919188E-18,-0.00159645798380001,-0.0059187621351101));
#1234=CARTESIAN_POINT('',(0.00112828574272233,-0.00112828574272233,-0.0058562621351101));
#1235=CARTESIAN_POINT('',(0.00159645798380001,-1.32116539930394E-17,-0.0057937621351101));
#1236=CARTESIAN_POINT('',(0.00112828574272233,0.00112828574272233,-0.0057312621351101));
#1237=CARTESIAN_POINT('',(1.01097457728046E-17,0.0015964579838,-0.0056687621351101));
#1238=CARTESIAN_POINT('',(-0.00112828574272233,0.00112828574272233,-0.0056062621351101));
#1239=CARTESIAN_POINT('',(-0.0015964579838,4.21884749357559E-18,-0.0055437621351101));
#1240=CARTESIAN_POINT('',(-0.00112828574272233,-0.00112828574272232,-0.0054812621351101));
#1241=CARTESIAN_POINT('',(-1.89713341008926E-17,-0.00159645798380001,-0.0054187621351101));
#1242=CARTESIAN_POINT('',(0.00112828574272234,-0.00112828574272232,-0.0053562621351101));
#1243=CARTESIAN_POINT('',(0.0015964579838,1.11022302462516E-18,-0.0052937621351101));
#1244=CARTESIAN_POINT('',(0.00112828574272233,0.00112828574272233,-0.0052312621351101));
#1245=CARTESIAN_POINT('',(7.00785326015862E-18,0.0015964579838,-0.0051687621351101));
#1246=CARTESIAN_POINT('',(-0.00112828574272232,0.00112828574272234,-0.0051062621351101));
#1247=CARTESIAN_POINT('',(-0.00159645798380001,2.29816166097407E-17,-0.0050437621351101));
#1248=CARTESIAN_POINT('',(-0.00112828574272233,-0.00112828574272234,-0.0049812621351101));
#1249=CARTESIAN_POINT('',(-2.02531356195427E-18,-0.0015964579838,-0.0049187621351101));
#1250=CARTESIAN_POINT('',(0.00112828574272233,-0.00112828574272233,-0.0048562621351101));
#1251=CARTESIAN_POINT('',(0.0015964579838,-9.99200722162641E-18,-0.0047937621351101));
#1252=CARTESIAN_POINT('',(0.00112828574272235,0.00112828574272232,-0.0047312621351101));
#1253=CARTESIAN_POINT('',(-1.05874790565881E-17,0.00159645798380001,-0.0046687621351101));
#1254=CARTESIAN_POINT('',(-0.00112828574272233,0.00112828574272233,-0.0046062621351101));
#1255=CARTESIAN_POINT('',(-0.0015964579838,4.88498130835069E-18,-0.0045437621351101));
#1256=CARTESIAN_POINT('',(-0.00112828574272233,-0.00112828574272232,-0.00448126213511011));
#1257=CARTESIAN_POINT('',(-1.96980241072301E-17,-0.00159645798380001,-0.00441876213511011));
#1258=CARTESIAN_POINT('',(0.00112828574272234,-0.00112828574272232,-0.00435626213511011));
#1259=CARTESIAN_POINT('',(0.0015964579838,-1.11022302462516E-19,-0.00429376213511011));
#1260=CARTESIAN_POINT('',(0.00112828574272233,0.00112828574272233,-0.00423126213511011));
#1261=CARTESIAN_POINT('',(6.89683095769611E-18,0.0015964579838,-0.00416876213511011));
#1262=CARTESIAN_POINT('',(-0.00112828574272232,0.00112828574272235,-0.00410626213511011));
#1263=CARTESIAN_POINT('',(-0.00159645798380001,-1.35447209004269E-17,-0.00404376213511011));
#1264=CARTESIAN_POINT('',(-0.00112828574272233,-0.00112828574272233,-0.00398126213511011));
#1265=CARTESIAN_POINT('',(-2.2305361299126E-18,-0.0015964579838,-0.00391876213511011));
#1266=CARTESIAN_POINT('',(0.00112828574272233,-0.00112828574272233,-0.00385626213511011));
#1267=CARTESIAN_POINT('',(0.0015964579838,-1.04360964314765E-17,-0.00379376213511011));
#1268=CARTESIAN_POINT('',(0.00112828574272235,0.00112828574272232,-0.00373126213511011));
#1269=CARTESIAN_POINT('',(-9.66565656295455E-18,0.00159645798380001,-0.00366876213511011));
#1270=CARTESIAN_POINT('',(-0.00112828574272233,0.00112828574272233,-0.00360626213511011));
#1271=CARTESIAN_POINT('',(-0.0015964579838,5.77315972805081E-18,-0.00354376213511011));
#1272=CARTESIAN_POINT('',(-0.00112828574272233,-0.00112828574272232,-0.00348126213511011));
#1273=CARTESIAN_POINT('',(-2.05862025269302E-17,-0.00159645798380001,-0.00341876213511011));
#1274=CARTESIAN_POINT('',(0.00112828574272234,-0.00112828574272232,-0.00335626213511011));
#1275=CARTESIAN_POINT('',(0.0015964579838,-6.66133814775094E-19,-0.00329376213511011));
#1276=CARTESIAN_POINT('',(0.00112828574272233,0.00112828574272233,-0.00323126213511011));
#1277=CARTESIAN_POINT('',(8.52852142070043E-18,0.0015964579838,-0.00316876213511011));
#1278=CARTESIAN_POINT('',(-0.00112828574272232,0.00112828574272234,-0.00310626213511011));
#1279=CARTESIAN_POINT('',(-0.00159645798380001,2.4980018054066E-17,-0.00304376213511011));
#1280=CARTESIAN_POINT('',(-0.00112828574272233,-0.00112828574272234,-0.00298126213511011));
#1281=CARTESIAN_POINT('',(-3.57289384012506E-18,-0.0015964579838,-0.00291876213511011));
#1282=CARTESIAN_POINT('',(0.00112828574272233,-0.00112828574272233,-0.00285626213511011));
#1283=CARTESIAN_POINT('',(0.0015964579838,-1.15463194561016E-17,-0.00279376213511011));
#1284=CARTESIAN_POINT('',(0.00112828574272235,0.00112828574272232,-0.00273126213511011));
#1285=CARTESIAN_POINT('',(0.000296865400913915,0.00147327629783014,-0.00268520662860548));
#1286=CARTESIAN_POINT('',(-0.000158459693320387,0.00143347482753795,-0.00265998445543419));
#1287=CARTESIAN_POINT('',(-0.000236660954772095,0.00142005610300647,-0.00265559561559623));
#1288=CARTESIAN_POINT('',(-0.00121372710874429,-0.000769308459266664,-0.01));
#1289=CARTESIAN_POINT('',(-0.00118543554397249,-0.000806017805385359,-0.01));
#1290=CARTESIAN_POINT('',(-0.00115528028511086,-0.000841490653048829,-0.01));
#1291=CARTESIAN_POINT('',(-0.00112341632151967,-0.000875387879582125,-0.01));
#1292=CARTESIAN_POINT('',(-0.00109193486437789,-0.000908878191648264,-0.01));
#1293=CARTESIAN_POINT('',(-0.00105878599493551,-0.000940829843310477,-0.01));
#1294=CARTESIAN_POINT('',(-0.00102415706434941,-0.000970949438648163,-0.01));
#1295=CARTESIAN_POINT('',(-0.00101465562434304,-0.000979213613234949,-0.01));
#1296=CARTESIAN_POINT('',(-0.00100504295694418,-0.000987340091652707,-0.01));
#1297=CARTESIAN_POINT('',(-0.000995323358994674,-0.000995323358994674,-0.01));
#1298=CARTESIAN_POINT('',(-0.00098781544940722,-0.00100149003890544,-0.01));
#1299=CARTESIAN_POINT('',(-0.0009802437404778,-0.0010075712728233,-0.01));
#1300=CARTESIAN_POINT('',(-0.000972611414397006,-0.00101356575958507,-0.01));
#1301=CARTESIAN_POINT('',(-0.000966154933612554,-0.00101863672853743,-0.01));
#1302=CARTESIAN_POINT('',(-0.000959647723511684,-0.00102365140654766,-0.01));
#1303=CARTESIAN_POINT('',(-0.000953090270646009,-0.00102860948868637,-0.01));
#1304=CARTESIAN_POINT('',(-0.000915351231575965,-0.00105714393024137,-0.01));
#1305=CARTESIAN_POINT('',(-0.000875956677136037,-0.00108379145435827,-0.01));
#1306=CARTESIAN_POINT('',(-0.000835226217330156,-0.001108357003737,-0.01));
#1307=CARTESIAN_POINT('',(-0.000793789369414533,-0.001133348593285,-0.01));
#1308=CARTESIAN_POINT('',(-0.000750970707813169,-0.00115618499729295,-0.01));
#1309=CARTESIAN_POINT('',(-0.000707138674227999,-0.00117670534715466,-0.01));
#1310=CARTESIAN_POINT('',(-0.000679653947894139,-0.00118957256215915,-0.01));
#1311=CARTESIAN_POINT('',(-0.000651771367671305,-0.00120153004358593,-0.01));
#1312=CARTESIAN_POINT('',(-0.000623585703117901,-0.00121254773605065,-0.01));
#1313=CARTESIAN_POINT('',(-0.000607337383815166,-0.00121889915575221,-0.01));
#1314=CARTESIAN_POINT('',(-0.000590988386707784,-0.00122493840155789,-0.01));
#1315=CARTESIAN_POINT('',(-0.000574557106371579,-0.00123066087594359,-0.01));
#1316=CARTESIAN_POINT('',(-0.000567170814895419,-0.0012332332782709,-0.01));
#1317=CARTESIAN_POINT('',(-0.000559769342255091,-0.00123574120599774,-0.01));
#1318=CARTESIAN_POINT('',(-0.000552349865414761,-0.00123818577772212,-0.01));
#1319=CARTESIAN_POINT('',(-0.000508044067732044,-0.0012527836668418,-0.01));
#1320=CARTESIAN_POINT('',(-0.000462784607466371,-0.00126521950523054,-0.01));
#1321=CARTESIAN_POINT('',(-0.000416928198499947,-0.00127530805977371,-0.01));
#1322=CARTESIAN_POINT('',(-0.00037105433905955,-0.00128540045347616,-0.01));
#1323=CARTESIAN_POINT('',(-0.000324583991268431,-0.00129314352214267,-0.01));
#1324=CARTESIAN_POINT('',(-0.000277892487581886,-0.00129840076570791,-0.01));
#1325=CARTESIAN_POINT('',(-0.000231612159608528,-0.00130361171282301,-0.01));
#1326=CARTESIAN_POINT('',(-0.0001851154496416,-0.00130638031493717,-0.01));
#1327=CARTESIAN_POINT('',(-0.000138772186747499,-0.00130662431121564,-0.01));
#1328=CARTESIAN_POINT('',(-0.000125738613579315,-0.00130669293269694,-0.01));
#1329=CARTESIAN_POINT('',(-0.000112717159098983,-0.00130656218312999,-0.01));
#1330=CARTESIAN_POINT('',(-9.97159652773109E-5,-0.00130623097822845,-0.01));
#1331=CARTESIAN_POINT('',(-9.2568227920736E-5,-0.00130604888990026,-0.01));
#1332=CARTESIAN_POINT('',(-8.54224983577629E-5,-0.00130580615917503,-0.01));
#1333=CARTESIAN_POINT('',(-7.8272315739897E-5,-0.00130550197157925,-0.01));
#1334=CARTESIAN_POINT('',(-5.21841929678538E-5,-0.00130439211414362,-0.01));
#1335=CARTESIAN_POINT('',(-2.60686671425672E-5,-0.001302464395709,-0.01));
#1336=CARTESIAN_POINT('',(-4.09994364221241E-18,-0.00129969246061973,-0.01));
#1337=CARTESIAN_POINT('',(4.33337434217619E-5,-0.00129508469439665,-0.01));
#1338=CARTESIAN_POINT('',(8.65375662076573E-5,-0.00128814105201143,-0.01));
#1339=CARTESIAN_POINT('',(0.000129270874190024,-0.00127895595915549,-0.01));
#1340=CARTESIAN_POINT('',(0.000172710057585122,-0.0012696191455104,-0.01));
#1341=CARTESIAN_POINT('',(0.000215662201081509,-0.00125796660027337,-0.01));
#1342=CARTESIAN_POINT('',(0.000257781257423334,-0.00124415112422217,-0.01));
#1343=CARTESIAN_POINT('',(0.000274984542599117,-0.00123850827286246,-0.01));
#1344=CARTESIAN_POINT('',(0.000292049053697849,-0.00123250516759267,-0.01));
#1345=CARTESIAN_POINT('',(0.000308952263050586,-0.00122615448767295,-0.01));
#1346=CARTESIAN_POINT('',(0.000318864295527371,-0.00122243045253263,-0.01));
#1347=CARTESIAN_POINT('',(0.00032872087537726,-0.00121858692231832,-0.01));
#1348=CARTESIAN_POINT('',(0.000338517585788916,-0.00121462664337135,-0.01));
#1349=CARTESIAN_POINT('',(0.000344938579333365,-0.00121203098375866,-0.01));
#1350=CARTESIAN_POINT('',(0.000351334284323716,-0.001209385081087,-0.01));
#1351=CARTESIAN_POINT('',(0.00035771605968614,-0.00120668415127355,-0.01));
#1352=CARTESIAN_POINT('',(0.000400001283436094,-0.00118878796800028,-0.01));
#1353=CARTESIAN_POINT('',(0.000441530382890346,-0.00116852905075532,-0.01));
#1354=CARTESIAN_POINT('',(0.000481906806159715,-0.00114602793256451,-0.01));
#1355=CARTESIAN_POINT('',(0.000522906257113005,-0.0011231796112681,-0.01));
#1356=CARTESIAN_POINT('',(0.000562716271284104,-0.00109801974072572,-0.01));
#1357=CARTESIAN_POINT('',(0.000600938300693666,-0.00107072506298432,-0.01));
#1358=CARTESIAN_POINT('',(0.000623551086778124,-0.00105457707925492,-0.01));
#1359=CARTESIAN_POINT('',(0.000645608446342705,-0.00103768282149558,-0.01));
#1360=CARTESIAN_POINT('',(0.000667032508970594,-0.0010200861094471,-0.01));
#1361=CARTESIAN_POINT('',(0.000678142579623438,-0.00101096082273038,-0.01));
#1362=CARTESIAN_POINT('',(0.000689082407046118,-0.00100164671110339,-0.01));
#1363=CARTESIAN_POINT('',(0.000699841601273507,-0.000992150383988324,-0.01));
#1364=CARTESIAN_POINT('',(0.000704803842132284,-0.000987770589235781,-0.01));
#1365=CARTESIAN_POINT('',(0.00070973036626328,-0.000983349712795795,-0.01));
#1366=CARTESIAN_POINT('',(0.000714625783983674,-0.000978882896187772,-0.01));
#1367=CARTESIAN_POINT('',(0.00074163900504485,-0.000954234722862423,-0.01));
#1368=CARTESIAN_POINT('',(0.000767645150834055,-0.000928234896479216,-0.01));
#1369=CARTESIAN_POINT('',(0.00079237229329588,-0.000901027288211222,-0.01));
#1370=CARTESIAN_POINT('',(0.000809655642097086,-0.000882010186479056,-0.01));
#1371=CARTESIAN_POINT('',(0.000826314736610273,-0.0008624038941617,-0.01));
#1372=CARTESIAN_POINT('',(0.000842267855328082,-0.000842267855328082,-0.01));
#1373=CARTESIAN_POINT('',(0.000849666560931186,-0.000832929203370562,-0.01));
#1374=CARTESIAN_POINT('',(0.000856913560941164,-0.000823476719556519,-0.01));
#1375=CARTESIAN_POINT('',(0.000864004392234986,-0.000813919781181576,-0.01));
#1376=CARTESIAN_POINT('',(-0.00121372710874429,-0.00076930845926666,-0.01));
#1377=CARTESIAN_POINT('',(0.000864004392234986,-0.000813919781181577,-0.01));
#1378=CARTESIAN_POINT('',(-0.001187,9.63377563271523E-18,-0.0096900502211846));
#1379=CARTESIAN_POINT('',(-0.001187,2.11529803786201E-5,-0.00969147607420007));
#1380=CARTESIAN_POINT('',(-0.00118834341208714,8.3677700573047E-5,-0.00969559292441482));
#1381=CARTESIAN_POINT('',(-0.00115498673675333,0.000298516982901268,-0.00970958264382006));
#1382=CARTESIAN_POINT('',(-0.00110362311805666,0.000439326318642114,-0.00971932977271344));
#1383=CARTESIAN_POINT('',(-0.00106293275298907,0.000539172071373776,-0.00972655916334654));
#1384=CARTESIAN_POINT('',(-0.000939018984556635,0.000736214543833171,-0.00974246519983923));
#1385=CARTESIAN_POINT('',(-0.000834067613245744,0.000847899149756222,-0.00975278135080874));
#1386=CARTESIAN_POINT('',(-0.000733766898442357,0.000935017969699357,-0.00976171130312136));
#1387=CARTESIAN_POINT('',(-0.000650897255799116,0.000995032705892531,-0.00976837201988585));
#1388=CARTESIAN_POINT('',(-0.000510248616802911,0.00107884027852156,-0.00977914226209825));
#1389=CARTESIAN_POINT('',(-0.000317726363740941,0.00114877473166959,-0.00979301342922891));
#1390=CARTESIAN_POINT('',(-5.68944832669928E-5,0.00119670675942784,-0.00981125875979289));
#1391=CARTESIAN_POINT('',(0.000110149424631142,0.0011863788358916,-0.00982241541520902));
#1392=CARTESIAN_POINT('',(0.000297288886825641,0.00115372678129394,-0.00983484601307532));
#1393=CARTESIAN_POINT('',(0.000456390551527481,0.00109701119113373,-0.00984549790329749));
#1394=CARTESIAN_POINT('',(0.000503728596398635,0.00107819545828657,-0.00984890511768823));
#1395=CARTESIAN_POINT('',(0.000703041238340442,0.000965660713166962,-0.00986466019881178));
#1396=CARTESIAN_POINT('',(0.00082840285184972,0.000851198579087056,-0.0098763009718854));
#1397=CARTESIAN_POINT('',(0.000890599781247816,0.000791110393670774,-0.00988207005161706));
#1398=CARTESIAN_POINT('',(0.00102829077802187,0.000605649462147994,-0.00989713354940374));
#1399=CARTESIAN_POINT('',(0.00109320115590786,0.000467312456162679,-0.0099072154047449));
#1400=CARTESIAN_POINT('',(0.00112992044345259,0.000368472205589962,-0.00991426835162448));
#1401=CARTESIAN_POINT('',(0.00114990202772936,0.000294192699065341,-0.00991951293311586));
#1402=CARTESIAN_POINT('',(0.00115570075337155,0.000275461034878874,-0.0099208549302593));
#1403=CARTESIAN_POINT('',(0.00117931419239403,0.000150673404328983,-0.0099296989536061));
#1404=CARTESIAN_POINT('',(0.0011863997682135,5.31712916109072E-5,-0.00993644805599253));
#1405=CARTESIAN_POINT('',(0.00118926262822044,-1.59620195517848E-5,-0.00994116006083554));
#1406=CARTESIAN_POINT('',(0.0011769845861185,-0.000177634537463971,-0.00995188016520106));
#1407=CARTESIAN_POINT('',(0.00114871902745125,-0.000311717221867981,-0.00996078522874255));
#1408=CARTESIAN_POINT('',(0.00110455804395765,-0.000437006738803148,-0.00996914897460197));
#1409=CARTESIAN_POINT('',(0.00108540117631989,-0.000480932894392933,-0.00997235708266936));
#1410=CARTESIAN_POINT('',(0.00105332934483254,-0.000550902004874111,-0.00997757645133907));
#1411=CARTESIAN_POINT('',(0.000993342017498439,-0.000652052819820229,-0.00998567310940819));
#1412=CARTESIAN_POINT('',(0.000946206451526552,-0.00071833837137986,-0.00999128434525395));
#1413=CARTESIAN_POINT('',(0.000897034404246271,-0.000778857265055108,-0.0099966675963731));
#1414=CARTESIAN_POINT('',(0.000864004392234984,-0.000813919781181571,-0.01));
#1415=CARTESIAN_POINT('',(-0.001187,-8.14194166332355E-18,-0.00969005022118459));
#1416=CARTESIAN_POINT('',(-0.001187,-2.49030388540133E-18,-0.00919002384611127));
#1417=CARTESIAN_POINT('',(-0.001187,7.77293351293793E-5,-0.00919522057708291));
#1418=CARTESIAN_POINT('',(-0.0011690524769418,0.000238551491034462,-0.00920590537261018));
#1419=CARTESIAN_POINT('',(-0.0011268836004399,0.00038860413715557,-0.00921601603439938));
#1420=CARTESIAN_POINT('',(-0.00106825536811358,0.000518352928265286,-0.00922516729561298));
#1421=CARTESIAN_POINT('',(-0.00106647704844547,0.000520062279262842,-0.00922535542441779));
#1422=CARTESIAN_POINT('',(-0.00103446097088524,0.000592047083770231,-0.00923071119042622));
#1423=CARTESIAN_POINT('',(-0.000907104871159909,0.000772384421404381,-0.00924589132063361));
#1424=CARTESIAN_POINT('',(-0.000763980984466442,0.000917671829020632,-0.00925966685106835));
#1425=CARTESIAN_POINT('',(-0.00053313715408163,0.00108324816355687,-0.00927784374055268));
#1426=CARTESIAN_POINT('',(-0.000267714607869819,0.00116006581417446,-0.00929649898209654));
#1427=CARTESIAN_POINT('',(-0.00012066238757112,0.00118355936658542,-0.00930667796316764));
#1428=CARTESIAN_POINT('',(1.69131496717073E-5,0.00118766573196933,-0.00931626579149261));
#1429=CARTESIAN_POINT('',(5.43607072468916E-5,0.00118777757741449,-0.00931871102399246));
#1430=CARTESIAN_POINT('',(0.000240549365186865,0.00116737262796768,-0.00933080789350723));
#1431=CARTESIAN_POINT('',(0.000373349080780838,0.00112779038146521,-0.00933971522919565));
#1432=CARTESIAN_POINT('',(0.000474854141514532,0.00109142695373804,-0.0093468015603586));
#1433=CARTESIAN_POINT('',(0.000633915827522612,0.00100844557038759,-0.00935892183792722));
#1434=CARTESIAN_POINT('',(0.000750201668916086,0.000923305442250275,-0.00936879267443535));
#1435=CARTESIAN_POINT('',(0.000853953869376119,0.000825327321587576,-0.00937881813224789));
#1436=CARTESIAN_POINT('',(0.000869463651586692,0.000811933408060106,-0.00938008429130199));
#1437=CARTESIAN_POINT('',(0.000999929723312728,0.0006487450329682,-0.00939367252909286));
#1438=CARTESIAN_POINT('',(0.00105338923262036,0.000548592437923583,-0.00940102145228816));
#1439=CARTESIAN_POINT('',(0.00111220010517992,0.000427197757128928,-0.00940999884199109));
#1440=CARTESIAN_POINT('',(0.00116064992538592,0.000266508556390373,-0.00942139648092838));
#1441=CARTESIAN_POINT('',(0.00118339352236316,0.000121504426534508,-0.00943147474600691));
#1442=CARTESIAN_POINT('',(0.001187811024546,-1.83526726684108E-5,-0.00944128266406729));
#1443=CARTESIAN_POINT('',(0.00118736237448359,-4.83597848745979E-5,-0.00944322762332412));
#1444=CARTESIAN_POINT('',(0.00117194273980879,-0.000214955156723893,-0.00945412427503241));
#1445=CARTESIAN_POINT('',(0.00113273670022638,-0.000361717846884349,-0.00946389906024907));
#1446=CARTESIAN_POINT('',(0.00108231728908905,-0.000496055469582749,-0.00947335785726671));
#1447=CARTESIAN_POINT('',(0.000994136293969152,-0.0006624338864264,-0.0094860883066661));
#1448=CARTESIAN_POINT('',(0.000845015376262389,-0.000844573935597361,-0.00950192856088821));
#1449=CARTESIAN_POINT('',(0.000692745978470205,-0.000969770172259899,-0.00951567607589714));
#1450=CARTESIAN_POINT('',(0.000562521982621501,-0.00104630725336585,-0.00952490742708246));
#1451=CARTESIAN_POINT('',(0.000489552636757252,-0.00108398417259886,-0.00953035063573592));
#1452=CARTESIAN_POINT('',(0.000336420537920439,-0.00114152493231565,-0.00954150167569643));
#1453=CARTESIAN_POINT('',(0.000233343658037345,-0.00116488984796134,-0.00954876784386363));
#1454=CARTESIAN_POINT('',(0.000120960071099118,-0.00118380535708389,-0.00955661369564079));
#1455=CARTESIAN_POINT('',(-1.76408859432363E-5,-0.00118744990595162,-0.00956630622759776));
#1456=CARTESIAN_POINT('',(-4.88002463718408E-5,-0.00118839484021935,-0.0095683128980519));
#1457=CARTESIAN_POINT('',(-0.000245117190383107,-0.0011662316329623,-0.00958108648731178));
#1458=CARTESIAN_POINT('',(-0.000360834214834771,-0.0011316981003546,-0.00958885573421404));
#1459=CARTESIAN_POINT('',(-0.00048190037504717,-0.00108921141334958,-0.00959732476504529));
#1460=CARTESIAN_POINT('',(-0.000632271432737184,-0.00100930922018051,-0.00960880985493308));
#1461=CARTESIAN_POINT('',(-0.000751076522353226,-0.000922509129628924,-0.00961886035852408));
#1462=CARTESIAN_POINT('',(-0.000851293986777401,-0.000828207548002836,-0.00962846740940049));
#1463=CARTESIAN_POINT('',(-0.000879318465674423,-0.000801118695379323,-0.00963103604292551));
#1464=CARTESIAN_POINT('',(-0.00103417782244857,-0.000602835751846659,-0.00964740674644334));
#1465=CARTESIAN_POINT('',(-0.00112376499990343,-0.000408099002104323,-0.00966125250050818));
#1466=CARTESIAN_POINT('',(-0.001187,-0.000155362555589857,-0.00967906516805463));
#1467=CARTESIAN_POINT('',(-0.001187,8.2887766984136E-18,-0.0096900502211846));
#1468=CARTESIAN_POINT('',(-0.001187,5.82931760266424E-19,-0.00919002384611127));
#1469=CARTESIAN_POINT('',(-0.001187,-8.2887766984136E-18,-0.00868999845135895));
#1470=CARTESIAN_POINT('',(-0.001187,7.76813038888079E-5,-0.00869524526801627));
#1471=CARTESIAN_POINT('',(-0.00116918221830859,0.000238178447418729,-0.00870596185803128));
#1472=CARTESIAN_POINT('',(-0.001126701991777,0.000388908193640438,-0.00871609798683221));
#1473=CARTESIAN_POINT('',(-0.00106860812756696,0.000517615888833386,-0.00872508250089087));
#1474=CARTESIAN_POINT('',(-0.0010654731396585,0.000522182929441383,-0.008725477311841));
#1475=CARTESIAN_POINT('',(-0.00103276251459394,0.000594839712029243,-0.00873091183527738));
#1476=CARTESIAN_POINT('',(-0.000907408525095557,0.00077154029627392,-0.00874590855980598));
#1477=CARTESIAN_POINT('',(-0.000820169488137318,0.000860649084507029,-0.00875434459401856));
#1478=CARTESIAN_POINT('',(-0.000661818829528613,0.000996134997949825,-0.00876787988537532));
#1479=CARTESIAN_POINT('',(-0.000458772582761942,0.00110288863102564,-0.00878295558506978));
#1480=CARTESIAN_POINT('',(-0.000267946308907401,0.00116021104587631,-0.00879641908378734));
#1481=CARTESIAN_POINT('',(-0.000121294246737854,0.00118349230927678,-0.0088065644809279));
#1482=CARTESIAN_POINT('',(1.71042095418785E-5,0.0011875790364348,-0.00881622368795019));
#1483=CARTESIAN_POINT('',(5.16049120393153E-5,0.00118819143130475,-0.00881847109458817));
#1484=CARTESIAN_POINT('',(0.000244437434889701,0.00116626457252509,-0.00883104346234752));
#1485=CARTESIAN_POINT('',(0.000360779169021759,0.00113176366160061,-0.00883886337085574));
#1486=CARTESIAN_POINT('',(0.000482157337512615,0.00108909878285238,-0.00884734590356734));
#1487=CARTESIAN_POINT('',(0.00063257433085096,0.00100905624845073,-0.00885882603760196));
#1488=CARTESIAN_POINT('',(0.000750960566398507,0.000922660388271798,-0.00886884660186626));
#1489=CARTESIAN_POINT('',(0.000852500237222323,0.000826982518156204,-0.00887861182955512));
#1490=CARTESIAN_POINT('',(0.000875516632783844,0.000804960339561747,-0.00888068675516845));
#1491=CARTESIAN_POINT('',(0.000997558250516275,0.000651861235662019,-0.00889343557295322));
#1492=CARTESIAN_POINT('',(0.00105543508402168,0.000545176747895554,-0.0089013091072919));
#1493=CARTESIAN_POINT('',(0.00114002134451788,0.00036784957974743,-0.00891424187629833));
#1494=CARTESIAN_POINT('',(0.00120392859097382,7.40182338763734E-5,-0.00893574656529351));
#1495=CARTESIAN_POINT('',(0.00117140202251613,-0.000232238760982615,-0.00895485731134125));
#1496=CARTESIAN_POINT('',(0.00111510735102746,-0.00041989472920852,-0.0089678889047238));
#1497=CARTESIAN_POINT('',(0.00104852047691259,-0.000560334753953864,-0.00897836416832005));
#1498=CARTESIAN_POINT('',(0.000998404227831769,-0.00064436228518431,-0.00898505078703637));
#1499=CARTESIAN_POINT('',(0.000953719608482131,-0.000706933360238331,-0.00899037589116031));
#1500=CARTESIAN_POINT('',(0.000947937125153037,-0.000714545127012144,-0.00899100738861709));
#1501=CARTESIAN_POINT('',(0.000892482034652419,-0.000784880407483872,-0.00899704974529145));
#1502=CARTESIAN_POINT('',(0.000795264015350743,-0.000897622481870985,-0.00900677150882755));
#1503=CARTESIAN_POINT('',(0.000564517849893947,-0.00104917081844584,-0.00902499280411708));
#1504=CARTESIAN_POINT('',(0.00041789343431246,-0.00111467360034735,-0.0090355819902957));
#1505=CARTESIAN_POINT('',(0.000267791531131235,-0.00116026944397335,-0.00904623530819304));
#1506=CARTESIAN_POINT('',(0.000121346365065414,-0.00118348850832595,-0.00905643245060405));
#1507=CARTESIAN_POINT('',(-1.93312546817203E-5,-0.00118776041942892,-0.00906637559613501));
#1508=CARTESIAN_POINT('',(-4.51830382105304E-5,-0.00118746971921476,-0.00906802627050661));
#1509=CARTESIAN_POINT('',(-0.00021374957904843,-0.00117232855259465,-0.00907905060014362));
#1510=CARTESIAN_POINT('',(-0.000364454656207996,-0.00113203763759345,-0.00908908326048881));
#1511=CARTESIAN_POINT('',(-0.000465678962403187,-0.0010932723312697,-0.00909622535641364));
#1512=CARTESIAN_POINT('',(-0.000557926849881996,-0.00104972747653978,-0.00910309583362742));
#1513=CARTESIAN_POINT('',(-0.000695654073347502,-0.000967630443998755,-0.00911395238309669));
#1514=CARTESIAN_POINT('',(-0.000843722734723302,-0.000845457541619252,-0.00912687537900191));
#1515=CARTESIAN_POINT('',(-0.000970060416638712,-0.000692471719759864,-0.00914070355416852));
#1516=CARTESIAN_POINT('',(-0.00104631282106158,-0.000562391705837378,-0.00914990843886918));
#1517=CARTESIAN_POINT('',(-0.00108361068698261,-0.000490555227188478,-0.00915528374126535));
#1518=CARTESIAN_POINT('',(-0.00114162045599198,-0.00033571865795634,-0.00916655815122161));
#1519=CARTESIAN_POINT('',(-0.00117318083947936,-0.000199825760670614,-0.00917613077814299));
#1520=CARTESIAN_POINT('',(-0.001187,-7.76820548290994E-5,-0.00918461513547274));
#1521=CARTESIAN_POINT('',(-0.001187,2.49030388540133E-18,-0.00919002384611127));
#1522=CARTESIAN_POINT('',(-0.001187,9.3078051838564E-18,-0.00868999845135895));
#1523=CARTESIAN_POINT('',(-0.001187,-1.40872495114259E-17,-0.00819006128848968));
#1524=CARTESIAN_POINT('',(-0.001187,7.77000559035912E-5,-0.00819528030017779));
#1525=CARTESIAN_POINT('',(-0.00116915401002269,0.000238277218075626,-0.00820596713812698));
#1526=CARTESIAN_POINT('',(-0.00112671959784039,0.000388900805038173,-0.00821609543754299));
#1527=CARTESIAN_POINT('',(-0.00106851389855438,0.00051781283161895,-0.00822512608920415));
#1528=CARTESIAN_POINT('',(-0.00106562523112116,0.00052185593405805,-0.00822548219980081));
#1529=CARTESIAN_POINT('',(-0.00103304548196529,0.00059440626891295,-0.0082308917535856));
#1530=CARTESIAN_POINT('',(-0.00090738280001767,0.000771521212860271,-0.0082458745468438));
#1531=CARTESIAN_POINT('',(-0.000848915196743479,0.000830200763398185,-0.00825143685787519));
#1532=CARTESIAN_POINT('',(-0.00076178378881645,0.000914711548604186,-0.00825949621588995));
#1533=CARTESIAN_POINT('',(-0.000583972520933324,0.00104327641255477,-0.00827379861629639));
#1534=CARTESIAN_POINT('',(-0.000387803665133866,0.00112565017177179,-0.00828785167162547));
#1535=CARTESIAN_POINT('',(-0.000252150244677967,0.00116646475246577,-0.00829758313370172));
#1536=CARTESIAN_POINT('',(1.75150619045681E-5,0.00119573258610252,-0.00831617146326237));
#1537=CARTESIAN_POINT('',(0.000227908721062737,0.00117245751635133,-0.00832993196996274));
#1538=CARTESIAN_POINT('',(0.000470717316729895,0.00109750656240532,-0.00834634942625796));
#1539=CARTESIAN_POINT('',(0.000662316304851654,0.000997457700462243,-0.00836111594444061));
#1540=CARTESIAN_POINT('',(0.000851206674886604,0.000832224770623398,-0.00837827903754819));
#1541=CARTESIAN_POINT('',(0.000917363468784877,0.000754850398694155,-0.00838500468324565));
#1542=CARTESIAN_POINT('',(0.00101263722409587,0.000629184321876396,-0.00839523669736652));
#1543=CARTESIAN_POINT('',(0.00110316437919882,0.000455914574707639,-0.00840819218175976));
#1544=CARTESIAN_POINT('',(0.0011724815782969,0.000238455557722416,-0.00842337946264071));
#1545=CARTESIAN_POINT('',(0.0011919432550017,-1.97063189404202E-5,-0.00844165590271964));
#1546=CARTESIAN_POINT('',(0.00118174536754121,-0.000158932782930164,-0.0084498517108193));
#1547=CARTESIAN_POINT('',(0.00112929463827781,-0.000390591337468293,-0.00846567197343549));
#1548=CARTESIAN_POINT('',(0.0010458083053487,-0.000566010424577093,-0.00847871101553779));
#1549=CARTESIAN_POINT('',(0.000969971815286073,-0.000690866906121918,-0.00848860070487392));
#1550=CARTESIAN_POINT('',(0.000844670436870726,-0.000845357906387022,-0.00850199332938967));
#1551=CARTESIAN_POINT('',(0.000692743428709729,-0.000969690312248715,-0.00851564729886954));
#1552=CARTESIAN_POINT('',(0.000562590595696202,-0.00104629752450908,-0.00852492049250255));
#1553=CARTESIAN_POINT('',(0.000489000762325916,-0.0010842278425948,-0.00853039689552761));
#1554=CARTESIAN_POINT('',(0.000336378564597987,-0.00114151467645357,-0.00854148215602313));
#1555=CARTESIAN_POINT('',(0.000233234836735344,-0.00116493865161198,-0.00854875192705442));
#1556=CARTESIAN_POINT('',(0.000120572986744187,-0.00118379244129742,-0.00855662559686254));
#1557=CARTESIAN_POINT('',(-1.68760917376371E-5,-0.00118754078519781,-0.00856627914602829));
#1558=CARTESIAN_POINT('',(-5.23844300974598E-5,-0.00118804438504728,-0.0085685892639874));
#1559=CARTESIAN_POINT('',(-0.000242512385363197,-0.00116682740522698,-0.00858093485506154));
#1560=CARTESIAN_POINT('',(-0.00036701713611387,-0.001129795213597,-0.0085892736397808));
#1561=CARTESIAN_POINT('',(-0.000478234132922915,-0.00109036378344458,-0.00859705101075873));
#1562=CARTESIAN_POINT('',(-0.000632980894057472,-0.0010089463166672,-0.00860886601382488));
#1563=CARTESIAN_POINT('',(-0.000750557751415116,-0.000922985550859774,-0.00861882267058535));
#1564=CARTESIAN_POINT('',(-0.000852500765503548,-0.000826837176536341,-0.00862862371209768));
#1565=CARTESIAN_POINT('',(-0.00087448733835757,-0.000806646397036283,-0.00863054887787027));
#1566=CARTESIAN_POINT('',(-0.00103718586462037,-0.000599301345007243,-0.00864770301513664));
#1567=CARTESIAN_POINT('',(-0.00112142617439678,-0.000410941508646615,-0.00866102757180915));
#1568=CARTESIAN_POINT('',(-0.001187,-0.000155399933864903,-0.00867907650070283));
#1569=CARTESIAN_POINT('',(-0.001187,-9.63377563271523E-18,-0.00868999845135895));
#1570=CARTESIAN_POINT('',(-0.001187,-1.57038904864432E-17,-0.00819006128848968));
#1571=CARTESIAN_POINT('',(-0.001187,9.63377563271523E-18,-0.00768996658655873));
#1572=CARTESIAN_POINT('',(-0.001187,7.77234125132523E-5,-0.00769519025782862));
#1573=CARTESIAN_POINT('',(-0.00116932642785784,0.000237961545536195,-0.00770586773351866));
#1574=CARTESIAN_POINT('',(-0.00112624857293417,0.000389933503145019,-0.00771611684122535));
#1575=CARTESIAN_POINT('',(-0.0010687986526907,0.000517208151609014,-0.00772506603955202));
#1576=CARTESIAN_POINT('',(-0.00106359640045635,0.000526137201611327,-0.00772576771698121));
#1577=CARTESIAN_POINT('',(-0.00102980089734509,0.000599453558502617,-0.00773126459269311));
#1578=CARTESIAN_POINT('',(-0.000908220329440395,0.000770381677773803,-0.00774578019285394));
#1579=CARTESIAN_POINT('',(-0.000817518214374992,0.000863497717058612,-0.00775459299618899));
#1580=CARTESIAN_POINT('',(-0.00066262137779779,0.000995232636184543,-0.00776779310279362));
#1581=CARTESIAN_POINT('',(-0.000458483002211808,0.00110318092752025,-0.00778298908579191));
#1582=CARTESIAN_POINT('',(-0.000267823097425979,0.00116019132414481,-0.00779644929451703));
#1583=CARTESIAN_POINT('',(-0.000121349333752069,0.00118351406173284,-0.00780659664331769));
#1584=CARTESIAN_POINT('',(1.76895858421673E-5,0.00118754514374855,-0.00781631870894605));
#1585=CARTESIAN_POINT('',(4.97520966475053E-5,0.0011883053138667,-0.007818389789703));
#1586=CARTESIAN_POINT('',(0.000244920925163687,0.00116625773141642,-0.00783107748868437));
#1587=CARTESIAN_POINT('',(0.0003613599551483,0.00113154537542469,-0.00783888797282157));
#1588=CARTESIAN_POINT('',(0.000481771982782794,0.00108922594955106,-0.00784731326738454));
#1589=CARTESIAN_POINT('',(0.00063237860328948,0.00100927533329992,-0.00785881917124603));
#1590=CARTESIAN_POINT('',(0.000751235598252496,0.000922354668856713,-0.00786887762303687));
#1591=CARTESIAN_POINT('',(0.000851140461151677,0.000828394664146087,-0.00787845110958143));
#1592=CARTESIAN_POINT('',(0.000880341568154474,0.000799956651687727,-0.00788114166521428));
#1593=CARTESIAN_POINT('',(0.00103375343653219,0.000603248743391993,-0.00789737026208602));
#1594=CARTESIAN_POINT('',(0.00112488216718141,0.000406731866678536,-0.00791126565047318));
#1595=CARTESIAN_POINT('',(0.00122332418477626,-6.57319452442383E-6,-0.00794125846487225));
#1596=CARTESIAN_POINT('',(0.00112350935186725,-0.000464539052748665,-0.00797003296088858));
#1597=CARTESIAN_POINT('',(0.000905710275309463,-0.000795428238271336,-0.00799653135583051));
#1598=CARTESIAN_POINT('',(0.000693228771509511,-0.000968724588557066,-0.0080155155605656));
#1599=CARTESIAN_POINT('',(0.000577970739840875,-0.00103827986710456,-0.00802419599997336));
#1600=CARTESIAN_POINT('',(0.000506228047206976,-0.00107390307079309,-0.00802908014930092));
#1601=CARTESIAN_POINT('',(0.000485203389844173,-0.0010833217267818,-0.00803062304315916));
#1602=CARTESIAN_POINT('',(0.000392954324317848,-0.00112437058096485,-0.00803741420778437));
#1603=CARTESIAN_POINT('',(0.000217997318323183,-0.00117002311741609,-0.0080499680100462));
#1604=CARTESIAN_POINT('',(0.000112939952133593,-0.00118297717618809,-0.00805720251898152));
#1605=CARTESIAN_POINT('',(-0.000127990807863017,-0.00119544858236747,-0.00807354120224843));
#1606=CARTESIAN_POINT('',(-0.000401268915283831,-0.00113176161138037,-0.00809108274230651));
#1607=CARTESIAN_POINT('',(-0.000626242886899523,-0.00101630896110063,-0.00810830322762345));
#1608=CARTESIAN_POINT('',(-0.000789326897443883,-0.00089060537480873,-0.00812245369680443));
#1609=CARTESIAN_POINT('',(-0.000870438084340124,-0.000808264186566838,-0.00813026383213479));
#1610=CARTESIAN_POINT('',(-0.000917778663453937,-0.000754722623045918,-0.00813502288696681));
#1611=CARTESIAN_POINT('',(-0.00101242459221225,-0.000629010173964359,-0.00814523521041935));
#1612=CARTESIAN_POINT('',(-0.00114004392143311,-0.000388551620144776,-0.00816322771518349));
#1613=CARTESIAN_POINT('',(-0.001187,-0.000155378484450083,-0.00817920334168649));
#1614=CARTESIAN_POINT('',(-0.001187,-1.54322484457275E-17,-0.00819006128848968));
#1615=CARTESIAN_POINT('',(-0.001187,9.88926748409156E-18,-0.00768996658655873));
#1616=CARTESIAN_POINT('',(-0.001187,2.75563279638441E-17,-0.00719006184118464));
#1617=CARTESIAN_POINT('',(-0.001187,7.76546691495113E-5,-0.00719528319984983));
#1618=CARTESIAN_POINT('',(-0.0011693164424304,0.000237842381984298,-0.0072059463683584));
#1619=CARTESIAN_POINT('',(-0.00112645333921644,0.00038938364943683,-0.0072161326279822));
#1620=CARTESIAN_POINT('',(-0.00106892438358376,0.000516956834203964,-0.00722505165746035));
#1621=CARTESIAN_POINT('',(-0.00106425074035468,0.000524739712091267,-0.0072256725430087));
#1622=CARTESIAN_POINT('',(-0.00103088620356633,0.000597962533497477,-0.00723114874752001));
#1623=CARTESIAN_POINT('',(-0.00090744161477703,0.000770870724372931,-0.00724585242637382));
#1624=CARTESIAN_POINT('',(-0.00082858982135014,0.000852834946650578,-0.00725354393905136));
#1625=CARTESIAN_POINT('',(-0.000639733116114214,0.00101579893882739,-0.00726972953377843));
#1626=CARTESIAN_POINT('',(-0.000405949465620566,0.00112026598377385,-0.00728653696474682));
#1627=CARTESIAN_POINT('',(-0.000247229646228857,0.00116789256681369,-0.00729794565434686));
#1628=CARTESIAN_POINT('',(1.48902090435742E-5,0.00119519066726718,-0.00731596809313362));
#1629=CARTESIAN_POINT('',(0.000226768802359244,0.00117323743324719,-0.00732983806965932));
#1630=CARTESIAN_POINT('',(0.000475282307271679,0.00109545343049342,-0.00734667975837883));
#1631=CARTESIAN_POINT('',(0.000660919283267839,0.000998221461201617,-0.00736098514570541));
#1632=CARTESIAN_POINT('',(0.000852196422999832,0.000831265128502486,-0.007378361482891));
#1633=CARTESIAN_POINT('',(0.000917185106680523,0.000755030481942671,-0.00738498101907738));
#1634=CARTESIAN_POINT('',(0.00101258606673907,0.000629225299888343,-0.00739525355904907));
#1635=CARTESIAN_POINT('',(0.00113934079535651,0.000387727980012787,-0.00741318769042917));
#1636=CARTESIAN_POINT('',(0.00122183693928456,8.83213453242602E-6,-0.00744000774964785));
#1637=CARTESIAN_POINT('',(0.00113014826230421,-0.000413008799713224,-0.00746689419022067));
#1638=CARTESIAN_POINT('',(0.000994237854089249,-0.00066157156958751,-0.00748615968623631));
#1639=CARTESIAN_POINT('',(0.00083660817040465,-0.000853230556035736,-0.0075032744625204));
#1640=CARTESIAN_POINT('',(0.000660117297582232,-0.000996502661249364,-0.00751788594186847));
#1641=CARTESIAN_POINT('',(0.000434893469445805,-0.00111217612795875,-0.0075344419216107));
#1642=CARTESIAN_POINT('',(0.000239579591541204,-0.00116971034862003,-0.00754833850307893));
#1643=CARTESIAN_POINT('',(-4.52316814551636E-6,-0.00119428331466572,-0.00756544453259752));
#1644=CARTESIAN_POINT('',(-0.000185984312842663,-0.00117834417656426,-0.00757779089495157));
#1645=CARTESIAN_POINT('',(-0.000359559477473806,-0.00113259687987714,-0.00758884893591258));
#1646=CARTESIAN_POINT('',(-0.000400933551349649,-0.00111768764429982,-0.00759152385768673));
#1647=CARTESIAN_POINT('',(-0.000498077713524784,-0.00107980560483963,-0.00759856329740603));
#1648=CARTESIAN_POINT('',(-0.000608556783585597,-0.00102268644800792,-0.00760706278702208));
#1649=CARTESIAN_POINT('',(-0.000714055907582441,-0.000949223691354724,-0.00761596692777209));
#1650=CARTESIAN_POINT('',(-0.000766109139955337,-0.000907567741544709,-0.00762054872274581));
#1651=CARTESIAN_POINT('',(-0.000933942995025375,-0.000757005658817238,-0.0076358328861693));
#1652=CARTESIAN_POINT('',(-0.00112241387536515,-0.000468198598525233,-0.00765738262568332));
#1653=CARTESIAN_POINT('',(-0.001187,-0.000155349204032033,-0.00767904457387516));
#1654=CARTESIAN_POINT('',(-0.001187,8.2887766984136E-18,-0.00768996658655873));
#1655=CARTESIAN_POINT('',(-0.001187,1.86141409076815E-17,-0.00719006184118464));
#1656=CARTESIAN_POINT('',(-0.001187,-8.2887766984136E-18,-0.00668999593248027));
#1657=CARTESIAN_POINT('',(-0.001187,7.77340243859969E-5,-0.00669519331540391));
#1658=CARTESIAN_POINT('',(-0.00116919919282135,0.000238249562467602,-0.00670586023605894));
#1659=CARTESIAN_POINT('',(-0.00112652279333815,0.000389378029330277,-0.00671605520554905));
#1660=CARTESIAN_POINT('',(-0.00106852972888158,0.000517769332581889,-0.00672512171747824));
#1661=CARTESIAN_POINT('',(-0.00106487164728769,0.000523471338865415,-0.00672559288014976));
#1662=CARTESIAN_POINT('',(-0.00103186328286458,0.000596041652765288,-0.00673101468755427));
#1663=CARTESIAN_POINT('',(-0.00090779826802041,0.00077168131891863,-0.00674582181705842));
#1664=CARTESIAN_POINT('',(-0.00080544431999022,0.000874913644645945,-0.00675568479848041));
#1665=CARTESIAN_POINT('',(-0.000666438537435366,0.000991569176612297,-0.00676742877345162));
#1666=CARTESIAN_POINT('',(-0.000457087536607085,0.00110432433569612,-0.00678308448904876));
#1667=CARTESIAN_POINT('',(-0.000267828120107072,0.00116013414114277,-0.00679642842982869));
#1668=CARTESIAN_POINT('',(-0.000120861949043214,0.0011835389803391,-0.00680662501873769));
#1669=CARTESIAN_POINT('',(1.71307523213152E-5,0.00118763074640745,-0.00681629234672873));
#1670=CARTESIAN_POINT('',(5.29876641031036E-5,0.00118793800448582,-0.00681862787922933));
#1671=CARTESIAN_POINT('',(0.000241899111314111,0.00116702711333968,-0.00683089578342937));
#1672=CARTESIAN_POINT('',(0.00036971341354443,0.00112893434369008,-0.00683946046040008));
#1673=CARTESIAN_POINT('',(0.000476863474873559,0.00109079677283719,-0.00684695015978567));
#1674=CARTESIAN_POINT('',(0.000633472282867203,0.00100866241962498,-0.00685890137818528));
#1675=CARTESIAN_POINT('',(0.000750399101689169,0.000923134569081571,-0.00686881017352231));
#1676=CARTESIAN_POINT('',(0.000853426880708786,0.000825907764466358,-0.00687873000731098));
#1677=CARTESIAN_POINT('',(0.000871466578482568,0.000809690122601385,-0.00688026642822879));
#1678=CARTESIAN_POINT('',(0.000999416413071659,0.00064925407420155,-0.00689362801156469));
#1679=CARTESIAN_POINT('',(0.00105333007653746,0.000548963462993097,-0.00690100430703789));
#1680=CARTESIAN_POINT('',(0.00111225051999537,0.000426269240793637,-0.00691006676273469));
#1681=CARTESIAN_POINT('',(0.00116087082974209,0.000270710021657684,-0.0069210840071855));
#1682=CARTESIAN_POINT('',(0.00118026548246446,0.000133740786187453,-0.00693064174897824));
#1683=CARTESIAN_POINT('',(0.00118612087848011,6.17022950779156E-5,-0.00693565453074694));
#1684=CARTESIAN_POINT('',(0.00118723932679927,-1.37105944275517E-5,-0.00694097772120032));
#1685=CARTESIAN_POINT('',(0.00118692177680468,-7.59094979316685E-6,-0.00694039827791922));
#1686=CARTESIAN_POINT('',(0.00118645826690896,-5.11593420917172E-5,-0.00694323349681042));
#1687=CARTESIAN_POINT('',(0.00118110219016295,-0.000132042802112748,-0.00694849285277125));
#1688=CARTESIAN_POINT('',(0.00116392431793075,-0.000251749546971745,-0.00695639843943442));
#1689=CARTESIAN_POINT('',(0.00112074492081669,-0.000394636671543852,-0.00696621354720631));
#1690=CARTESIAN_POINT('',(0.0010928833633123,-0.000464368773734671,-0.00697116297465534));
#1691=CARTESIAN_POINT('',(0.00106140560168598,-0.000535723761751351,-0.0069764312901951));
#1692=CARTESIAN_POINT('',(0.000994502586135062,-0.000652944630892003,-0.00698568345217497));
#1693=CARTESIAN_POINT('',(0.000916966173685633,-0.000756904973355665,-0.00699469001757707));
#1694=CARTESIAN_POINT('',(0.000815061265629572,-0.000868497516120236,-0.0070049455300148));
#1695=CARTESIAN_POINT('',(0.000658456127000944,-0.00100022162932903,-0.00701813959334746));
#1696=CARTESIAN_POINT('',(0.000456441998266098,-0.00109894080753735,-0.00703281741334897));
#1697=CARTESIAN_POINT('',(0.000351690947593047,-0.00113513160595345,-0.00704039515776212));
#1698=CARTESIAN_POINT('',(0.000190974040379588,-0.0011770659854733,-0.00705180543691114));
#1699=CARTESIAN_POINT('',(-1.2320928468326E-6,-0.00119315129791437,-0.00706517275104091));
#1700=CARTESIAN_POINT('',(-0.000186155112222244,-0.00117848001460479,-0.00707768596529431));
#1701=CARTESIAN_POINT('',(-0.000358773647021282,-0.00113280484327347,-0.00708878631151533));
#1702=CARTESIAN_POINT('',(-0.000401840645839158,-0.00111740100591775,-0.00709160368726289));
#1703=CARTESIAN_POINT('',(-0.000499299494522917,-0.0010792459195873,-0.00709866155652184));
#1704=CARTESIAN_POINT('',(-0.000609070158756993,-0.00102228504340326,-0.00710709770227967));
#1705=CARTESIAN_POINT('',(-0.000713738519560908,-0.000949517504013873,-0.00711590426778875));
#1706=CARTESIAN_POINT('',(-0.000771880628805681,-0.000902953495941527,-0.007121017000627));
#1707=CARTESIAN_POINT('',(-0.000880518556525091,-0.000803287538211772,-0.00713103151888687));
#1708=CARTESIAN_POINT('',(-0.000989511485456131,-0.000667644910090274,-0.0071422407396328));
#1709=CARTESIAN_POINT('',(-0.00114278617838481,-0.000386136314723438,-0.00716326061953948));
#1710=CARTESIAN_POINT('',(-0.001187,-0.000155410810090938,-0.00717909589493082));
#1711=CARTESIAN_POINT('',(-0.001187,2.62113290295424E-17,-0.00719006184118464));
#1712=CARTESIAN_POINT('',(-0.001187,-6.39755476261806E-18,-0.00668999593248027));
#1713=CARTESIAN_POINT('',(-0.001187,-8.2887766984136E-18,-0.00619002636269742));
#1714=CARTESIAN_POINT('',(-0.001187,7.76579540607635E-5,-0.00619527124332781));
#1715=CARTESIAN_POINT('',(-0.00116917313977113,0.000238148907392469,-0.0062059832242654));
#1716=CARTESIAN_POINT('',(-0.00112678503508554,0.000388695450992454,-0.00621609747804779));
#1717=CARTESIAN_POINT('',(-0.00106863980477007,0.000517551705567454,-0.00622507924405402));
#1718=CARTESIAN_POINT('',(-0.00106575613004988,0.000521591360919888,-0.00622543696520533));
#1719=CARTESIAN_POINT('',(-0.00103316893116514,0.000594179252297916,-0.00623086203356602));
#1720=CARTESIAN_POINT('',(-0.000907307983531737,0.000771779610618693,-0.00624591868028599));
#1721=CARTESIAN_POINT('',(-0.000818542172031243,0.000862188926264359,-0.00625449046753911));
#1722=CARTESIAN_POINT('',(-0.00066237573653149,0.000995632301677195,-0.00626782048025311));
#1723=CARTESIAN_POINT('',(-0.000458481027090848,0.00110303668560592,-0.00628296230130011));
#1724=CARTESIAN_POINT('',(-0.000268290249017362,0.00116020887349542,-0.00629637376878379));
#1725=CARTESIAN_POINT('',(-0.000120662218273051,0.00118348079335731,-0.00630658545631251));
#1726=CARTESIAN_POINT('',(1.48184492418691E-5,0.00118764365858758,-0.0063160401835948));
#1727=CARTESIAN_POINT('',(6.02568274348913E-5,0.00118794448239455,-0.00631904945571504));
#1728=CARTESIAN_POINT('',(0.000302976066564281,0.00115753317333908,-0.00633487718436952));
#1729=CARTESIAN_POINT('',(0.000445258564223679,0.00110541184190353,-0.0063445638465643));
#1730=CARTESIAN_POINT('',(0.000632603647506381,0.00100940279345949,-0.00635881603660919));
#1731=CARTESIAN_POINT('',(0.000750831901793316,0.000922732551821148,-0.00636883636786831));
#1732=CARTESIAN_POINT('',(0.000853110576428776,0.000826345733949825,-0.00637870619655343));
#1733=CARTESIAN_POINT('',(0.000873249470253151,0.000807389774351488,-0.00638048150441081));
#1734=CARTESIAN_POINT('',(0.00099757554243566,0.000652377797104214,-0.00639341595235138));
#1735=CARTESIAN_POINT('',(0.001057587645514,0.000540749042170521,-0.00640162237923596));
#1736=CARTESIAN_POINT('',(0.00110987054058996,0.000431587618369244,-0.00640963063185699));
#1737=CARTESIAN_POINT('',(0.00116107491757746,0.00026495172295247,-0.00642146632241075));
#1738=CARTESIAN_POINT('',(0.00118325112015371,0.000123036176922016,-0.00643136296938496));
#1739=CARTESIAN_POINT('',(0.00118806765829425,-2.33921006680111E-5,-0.0064417802063474));
#1740=CARTESIAN_POINT('',(0.00118647822643408,-2.89309033765235E-5,-0.00644185799745639));
#1741=CARTESIAN_POINT('',(0.00118384932495527,-0.000103086274271428,-0.00644677356386867));
#1742=CARTESIAN_POINT('',(0.00116748354847195,-0.000244232870943383,-0.00645610645303426));
#1743=CARTESIAN_POINT('',(0.00109898086053951,-0.00049640731374874,-0.0064733008991305));
#1744=CARTESIAN_POINT('',(0.00090885711616066,-0.000779524657830318,-0.00649604943703696));
#1745=CARTESIAN_POINT('',(0.000691687575470805,-0.000983109749848557,-0.00651589425716793));
#1746=CARTESIAN_POINT('',(0.000433712117760396,-0.00111472573247007,-0.00653526933511998));
#1747=CARTESIAN_POINT('',(0.000203942752524835,-0.00117617301554925,-0.00655122513536861));
#1748=CARTESIAN_POINT('',(-2.370529922267E-5,-0.00119073646447141,-0.0065666156299838));
#1749=CARTESIAN_POINT('',(-0.000110146779005998,-0.00118288105277382,-0.0065724126744709));
#1750=CARTESIAN_POINT('',(-0.000276508673879025,-0.0011594840634491,-0.00658354877283559));
#1751=CARTESIAN_POINT('',(-0.000388664180195936,-0.00112668667914362,-0.00659108641636027));
#1752=CARTESIAN_POINT('',(-0.000517848703252792,-0.00106851382912586,-0.00660009961610323));
#1753=CARTESIAN_POINT('',(-0.000522047835706182,-0.00106552398756864,-0.00660046869480465));
#1754=CARTESIAN_POINT('',(-0.00059460639237628,-0.00103291713293103,-0.00660589457584104));
#1755=CARTESIAN_POINT('',(-0.000771834416516562,-0.000907211703729274,-0.00662093105225363));
#1756=CARTESIAN_POINT('',(-0.000861367965887175,-0.000819374915116245,-0.00662941721453118));
#1757=CARTESIAN_POINT('',(-0.00099600888982039,-0.000662122820535286,-0.00664285217932525));
#1758=CARTESIAN_POINT('',(-0.00113895071905453,-0.000389303627534447,-0.00666311817149456));
#1759=CARTESIAN_POINT('',(-0.001187,-0.000155380334994961,-0.0066791671729774));
#1760=CARTESIAN_POINT('',(-0.001187,-3.83530281970296E-18,-0.00668999593248027));
#1761=CARTESIAN_POINT('',(-0.001187,-6.10682361250048E-18,-0.00619002636269742));
#1762=CARTESIAN_POINT('',(-0.001187,3.83530281970296E-18,-0.00569004856383693));
#1763=CARTESIAN_POINT('',(-0.001187,2.59431046944396E-5,-0.00569178641272448));
#1764=CARTESIAN_POINT('',(-0.00119149457882734,9.83312035779396E-5,-0.00569643986259572));
#1765=CARTESIAN_POINT('',(-0.00115286401848977,0.000286826212396738,-0.00570887763109913));
#1766=CARTESIAN_POINT('',(-0.00113105011523022,0.000362700349528943,-0.00571398603825253));
#1767=CARTESIAN_POINT('',(-0.00108851225723075,0.000484758809472208,-0.00572250840348188));
#1768=CARTESIAN_POINT('',(-0.000984995749563987,0.000681969044028297,-0.00573764552820503));
#1769=CARTESIAN_POINT('',(-0.000752191381623284,0.000939378380962441,-0.0057611073078747));
#1770=CARTESIAN_POINT('',(-0.000557719953655239,0.00106828959514136,-0.00577559861005056));
#1771=CARTESIAN_POINT('',(-0.000229171585085833,0.00117278653834282,-0.0057992152583712));
#1772=CARTESIAN_POINT('',(4.93560269461634E-5,0.00120234553362039,-0.00581855398217501));
#1773=CARTESIAN_POINT('',(0.000400428330540888,0.0011354114517254,-0.00584094807078593));
#1774=CARTESIAN_POINT('',(0.000663662407297971,0.000996538231334715,-0.00586122009964832));
#1775=CARTESIAN_POINT('',(0.000851281795324947,0.000832069493965988,-0.00587827647505096));
#1776=CARTESIAN_POINT('',(0.000917451497622613,0.000754795184091712,-0.00588499174600182));
#1777=CARTESIAN_POINT('',(0.00101263404528438,0.000628932700079603,-0.00589524798127391));
#1778=CARTESIAN_POINT('',(0.00113986594823581,0.00038866957826887,-0.00591311008339781));
#1779=CARTESIAN_POINT('',(0.00125009010092727,-0.000156367709778824,-0.0059512762399372));
#1780=CARTESIAN_POINT('',(0.00102854064638888,-0.000694283363155307,-0.00598518303346239));
#1781=CARTESIAN_POINT('',(0.000692664213557406,-0.000969808480319722,-0.00601572502038036));
#1782=CARTESIAN_POINT('',(0.000562638608331578,-0.00104621678400329,-0.00602489705713602));
#1783=CARTESIAN_POINT('',(0.000490566706491978,-0.00108355284801745,-0.00603027486714987));
#1784=CARTESIAN_POINT('',(0.000336095673515001,-0.00114165405746891,-0.00604151464624515));
#1785=CARTESIAN_POINT('',(0.000233420085734569,-0.00116486809502086,-0.00604875377587215));
#1786=CARTESIAN_POINT('',(0.000120762885487279,-0.00118380631532296,-0.00605662541705937));
#1787=CARTESIAN_POINT('',(-1.71502913794444E-5,-0.00118748970624041,-0.00606629194353975));
#1788=CARTESIAN_POINT('',(-5.07904481976361E-5,-0.00118823472770289,-0.00606847069935306));
#1789=CARTESIAN_POINT('',(-0.000244118035354835,-0.00116641235936492,-0.00608103042620046));
#1790=CARTESIAN_POINT('',(-0.000362544355240517,-0.00113119426360443,-0.00608896673085172));
#1791=CARTESIAN_POINT('',(-0.000480850399845319,-0.00108951970052156,-0.0060972446259884));
#1792=CARTESIAN_POINT('',(-0.000632334468636919,-0.00100935130146165,-0.00610881446716207));
#1793=CARTESIAN_POINT('',(-0.000751071229758316,-0.00092246360240171,-0.00611886771426354));
#1794=CARTESIAN_POINT('',(-0.000850935051141974,-0.000828643633928834,-0.00612843301050377));
#1795=CARTESIAN_POINT('',(-0.000880416013044513,-0.00079976328274962,-0.00613116616794345));
#1796=CARTESIAN_POINT('',(-0.000998100116318774,-0.000649746328491481,-0.00614355565789643));
#1797=CARTESIAN_POINT('',(-0.00104848724258802,-0.000558655381243429,-0.0061502898271697));
#1798=CARTESIAN_POINT('',(-0.0011483537221874,-0.000351793473057699,-0.00616556352449034));
#1799=CARTESIAN_POINT('',(-0.001187,-0.000155384654474686,-0.00617907089581954));
#1800=CARTESIAN_POINT('',(-0.001187,-3.83530281970296E-18,-0.00619002636269742));
#1801=CARTESIAN_POINT('',(-0.001187,2.6180498110895E-18,-0.00569004856383693));
#1802=CARTESIAN_POINT('',(-0.001187,-2.49030388540133E-18,-0.00518997560290012));
#1803=CARTESIAN_POINT('',(-0.001187,7.77065946115618E-5,-0.00519521419826496));
#1804=CARTESIAN_POINT('',(-0.00116925863553687,0.000238069777715111,-0.00520591490353682));
#1805=CARTESIAN_POINT('',(-0.00112645388797997,0.000389472695653703,-0.00521611168047038));
#1806=CARTESIAN_POINT('',(-0.00106870280873498,0.000517412858427763,-0.00522507276349035));
#1807=CARTESIAN_POINT('',(-0.00106445494827702,0.000524327014699819,-0.00522563237429917));
#1808=CARTESIAN_POINT('',(-0.00103116546925643,0.000597359585617988,-0.00523110316376429));
#1809=CARTESIAN_POINT('',(-0.000907831357770136,0.000770838000865549,-0.00524584505559012));
#1810=CARTESIAN_POINT('',(-0.000820768985230115,0.000860213837664527,-0.00525429131712348));
#1811=CARTESIAN_POINT('',(-0.000661581599411042,0.000996298230724755,-0.00526789766921169));
#1812=CARTESIAN_POINT('',(-0.000458855978556093,0.00110285660571428,-0.00528295758123818));
#1813=CARTESIAN_POINT('',(-0.000267794016524868,0.00116021202979979,-0.00529644634359931));
#1814=CARTESIAN_POINT('',(-0.00012150047045914,0.0011835071415452,-0.00530657263937781));
#1815=CARTESIAN_POINT('',(1.7966850806682E-5,0.00118752516841023,-0.00531631417933722));
#1816=CARTESIAN_POINT('',(4.84579077992536E-5,0.00118839208786079,-0.00531827812198155));
#1817=CARTESIAN_POINT('',(0.000245286454205542,0.00116622365057673,-0.00533109572235469));
#1818=CARTESIAN_POINT('',(0.000361024834811661,0.00113162821337187,-0.0053388732349807));
#1819=CARTESIAN_POINT('',(0.000481984149438153,0.00108918016005132,-0.00534733277189522));
#1820=CARTESIAN_POINT('',(0.000632456786139767,0.00100917220510782,-0.00535882299678526));
#1821=CARTESIAN_POINT('',(0.000751132646778166,0.000922488519086034,-0.00536886262091911));
#1822=CARTESIAN_POINT('',(0.000851715145548844,0.000827742468735875,-0.00537851554566997));
#1823=CARTESIAN_POINT('',(0.000878356130203582,0.000802221215746705,-0.0053809356724353));
#1824=CARTESIAN_POINT('',(0.00103478357745411,0.000602111879820282,-0.00539748558380893));
#1825=CARTESIAN_POINT('',(0.0011241705748998,0.00040748158364051,-0.00541116716751916));
#1826=CARTESIAN_POINT('',(0.00122351157607472,-6.71840637649255E-6,-0.00544135356582342));
#1827=CARTESIAN_POINT('',(0.00112365121894879,-0.000464653831188787,-0.00546988255386928));
#1828=CARTESIAN_POINT('',(0.000905074321878024,-0.000795017484566008,-0.00549633913016666));
#1829=CARTESIAN_POINT('',(0.000693994712555547,-0.000969431436140583,-0.00551565106961134));
#1830=CARTESIAN_POINT('',(0.000559955873964706,-0.0010471078223362,-0.00552505376533382));
#1831=CARTESIAN_POINT('',(0.000519293156492252,-0.00106993374058881,-0.00552818345060822));
#1832=CARTESIAN_POINT('',(0.000398733802501625,-0.0011191389157453,-0.00553700343904788));
#1833=CARTESIAN_POINT('',(0.000326904072570419,-0.00114190547959262,-0.00554214531870522));
#1834=CARTESIAN_POINT('',(0.000230288097121725,-0.00116621418437422,-0.00554897064049265));
#1835=CARTESIAN_POINT('',(0.000121126002131248,-0.00118343674099023,-0.00555655168819936));
#1836=CARTESIAN_POINT('',(-1.75877710229809E-5,-0.00118783047640822,-0.00556621711357156));
#1837=CARTESIAN_POINT('',(-5.15850645717504E-5,-0.00118724130729871,-0.00556843814617793));
#1838=CARTESIAN_POINT('',(-0.000215997893028405,-0.00117160419752947,-0.00557919135036096));
#1839=CARTESIAN_POINT('',(-0.000360570301490794,-0.00113307673360017,-0.00558882035730799));
#1840=CARTESIAN_POINT('',(-0.000495759028090223,-0.00108253031321879,-0.00559833651777778));
#1841=CARTESIAN_POINT('',(-0.000662732222703151,-0.000993945410461829,-0.0056111115300056));
#1842=CARTESIAN_POINT('',(-0.00084467320597393,-0.00084489880385574,-0.00562693760929967));
#1843=CARTESIAN_POINT('',(-0.000969884509214655,-0.000692596905875027,-0.00564068552381276));
#1844=CARTESIAN_POINT('',(-0.00104641592187397,-0.00056231320745612,-0.0056499256978216));
#1845=CARTESIAN_POINT('',(-0.00108424978416845,-0.000489054429577114,-0.0056553859113331));
#1846=CARTESIAN_POINT('',(-0.00114145333449595,-0.000336110286972823,-0.00566652115420997));
#1847=CARTESIAN_POINT('',(-0.00117328171561255,-0.000199587864834448,-0.00567614645609452));
#1848=CARTESIAN_POINT('',(-0.001187,-7.76814821682771E-5,-0.00568462702823992));
#1849=CARTESIAN_POINT('',(-0.001187,2.49030388540133E-18,-0.00569004856383693));
#1850=CARTESIAN_POINT('',(-0.001187,-1.30829017552912E-18,-0.00518997560290012));
#1851=CARTESIAN_POINT('',(-0.001187,-8.2887766984136E-18,-0.00469006302292784));
#1852=CARTESIAN_POINT('',(-0.001187,7.76749869627538E-5,-0.0046952841187109));
#1853=CARTESIAN_POINT('',(-0.00116945982895322,0.000237582072393802,-0.00470592665288406));
#1854=CARTESIAN_POINT('',(-0.00112605930122056,0.000390248050501771,-0.00471619497993987));
#1855=CARTESIAN_POINT('',(-0.00106915932789346,0.000516458533019048,-0.00472502443146694));
#1856=CARTESIAN_POINT('',(-0.0010625564907215,0.000528311239219591,-0.00472593179704202));
#1857=CARTESIAN_POINT('',(-0.00102807734043275,0.000602289311839857,-0.00473148134353399));
#1858=CARTESIAN_POINT('',(-0.000908468034034194,0.000769479074942758,-0.00474573911871727));
#1859=CARTESIAN_POINT('',(-0.000852642505994162,0.000826695681499969,-0.0047511175177505));
#1860=CARTESIAN_POINT('',(-0.000760992727166734,0.000915348282151608,-0.00475956610338112));
#1861=CARTESIAN_POINT('',(-0.000589419630185004,0.00103945619212133,-0.00477333602840612));
#1862=CARTESIAN_POINT('',(-0.000396068393020628,0.00112330566406174,-0.00478725749260958));
#1863=CARTESIAN_POINT('',(-0.000249843951381694,0.00116693615226432,-0.00479774840536471));
#1864=CARTESIAN_POINT('',(1.27652841192049E-5,0.00119544262529542,-0.00481584789195789));
#1865=CARTESIAN_POINT('',(0.000226838708383199,0.0011732380856573,-0.00482984900949373));
#1866=CARTESIAN_POINT('',(0.00047503026046638,0.00109561816368075,-0.00484665940359728));
#1867=CARTESIAN_POINT('',(0.000660914497538712,0.000997963128414478,-0.0048610104289508));
#1868=CARTESIAN_POINT('',(0.000849914971407231,0.000833652376213473,-0.00487815394470282));
#1869=CARTESIAN_POINT('',(0.000917331411810476,0.000754953560812517,-0.00488499524740752));
#1870=CARTESIAN_POINT('',(0.00101252301922766,0.000629102974539588,-0.00489526076070509));
#1871=CARTESIAN_POINT('',(0.00113987099695105,0.000388757487325684,-0.00491310872234683));
#1872=CARTESIAN_POINT('',(0.00121812601015899,2.24194736318812E-7,-0.0049405773076431));
#1873=CARTESIAN_POINT('',(0.00112527586307496,-0.00046615568716769,-0.00497005499063028));
#1874=CARTESIAN_POINT('',(0.000904945657567364,-0.000794772336136661,-0.00499632870357139));
#1875=CARTESIAN_POINT('',(0.000694125812902449,-0.000969295258003691,-0.00501565247984307));
#1876=CARTESIAN_POINT('',(0.000560023593898802,-0.00104720011545544,-0.00502508460959777));
#1877=CARTESIAN_POINT('',(0.000515347707544737,-0.00107168923912654,-0.00502846241336095));
#1878=CARTESIAN_POINT('',(0.000399014328516434,-0.00111897568412185,-0.00503695274978746));
#1879=CARTESIAN_POINT('',(0.000326872071390093,-0.00114196140788012,-0.00504211587595419));
#1880=CARTESIAN_POINT('',(0.000230401461622126,-0.00116615462556433,-0.00504894437671324));
#1881=CARTESIAN_POINT('',(0.000121263776417428,-0.00118349054781873,-0.00505655803325235));
#1882=CARTESIAN_POINT('',(-1.76871730879014E-5,-0.00118761920198316,-0.00506633873999235));
#1883=CARTESIAN_POINT('',(-5.07301867700923E-5,-0.00118803264100032,-0.0050684760118955));
#1884=CARTESIAN_POINT('',(-0.000241643129038666,-0.00116723327659467,-0.0050808797874163));
#1885=CARTESIAN_POINT('',(-0.000371616691673228,-0.00112828921685171,-0.00508959389803367));
#1886=CARTESIAN_POINT('',(-0.000475654938719347,-0.00109121675603089,-0.00509686033197051));
#1887=CARTESIAN_POINT('',(-0.000633617715381847,-0.00100859343688018,-0.00510890672396139));
#1888=CARTESIAN_POINT('',(-0.000750172899474294,-0.000923333215730297,-0.00511879062856774));
#1889=CARTESIAN_POINT('',(-0.000853727880771218,-0.000825567564306679,-0.00512877901878539));
#1890=CARTESIAN_POINT('',(-0.000869945949739045,-0.000811394953689011,-0.00513012165473272));
#1891=CARTESIAN_POINT('',(-0.000999702179241645,-0.00064899180686183,-0.00514365144484621));
#1892=CARTESIAN_POINT('',(-0.00105332777548724,-0.000548876379399551,-0.00515100547755474));
#1893=CARTESIAN_POINT('',(-0.00114224242297847,-0.000364161325931544,-0.00516465904296753));
#1894=CARTESIAN_POINT('',(-0.001187,-0.000155408782208935,-0.00517908260661064));
#1895=CARTESIAN_POINT('',(-0.001187,-3.83530281970296E-18,-0.00518997560290012));
#1896=CARTESIAN_POINT('',(-0.001187,-1.01755902541154E-18,-0.00469006302292784));
#1897=CARTESIAN_POINT('',(-0.001187,3.83530281970296E-18,-0.00418997432970924));
#1898=CARTESIAN_POINT('',(-0.001187,7.77323900959757E-5,-0.00419518199456139));
#1899=CARTESIAN_POINT('',(-0.00116931225605423,0.000238009280592044,-0.00420584493091868));
#1900=CARTESIAN_POINT('',(-0.00112625857483984,0.000389928898864156,-0.00421609721989772));
#1901=CARTESIAN_POINT('',(-0.00106875223971765,0.000517303301732552,-0.00422508140161436));
#1902=CARTESIAN_POINT('',(-0.0010636763101568,0.000525975852196296,-0.00422576462250709));
#1903=CARTESIAN_POINT('',(-0.00102993611252355,0.00059917692719261,-0.00423124694127176));
#1904=CARTESIAN_POINT('',(-0.000908242434953964,0.000770579278344428,-0.00424576510023047));
#1905=CARTESIAN_POINT('',(-0.000762727589068501,0.000919737429999373,-0.00425988448999757));
#1906=CARTESIAN_POINT('',(-0.000533739002421993,0.00108268843921864,-0.00427770605622038));
#1907=CARTESIAN_POINT('',(-0.000267899593369054,0.00116002950286001,-0.00429642962264514));
#1908=CARTESIAN_POINT('',(-0.000121050342446355,0.001183544228776,-0.00430661652170809));
#1909=CARTESIAN_POINT('',(1.70729865116751E-5,0.00118759711927525,-0.00431628707416004));
#1910=CARTESIAN_POINT('',(5.25051260724549E-5,0.00118806728961965,-0.004318593086365));
#1911=CARTESIAN_POINT('',(0.000243357277563328,0.00116657868963633,-0.00433098604081213));
#1912=CARTESIAN_POINT('',(0.000364704243275571,0.00113053088035834,-0.00433911409447226));
#1913=CARTESIAN_POINT('',(0.000479790253786445,0.00108983935975605,-0.00434716577944118));
#1914=CARTESIAN_POINT('',(0.000632756131180975,0.0010090880720075,-0.0043588490059914));
#1915=CARTESIAN_POINT('',(0.000750967501550701,0.000922597744357616,-0.00436885864182235));
#1916=CARTESIAN_POINT('',(0.00085173441888504,0.000827717300974025,-0.00437852925693287));
#1917=CARTESIAN_POINT('',(0.000877928889941991,0.000802727969470515,-0.00438089921956099));
#1918=CARTESIAN_POINT('',(0.00103526390285556,0.000601462642207306,-0.00439752002347595));
#1919=CARTESIAN_POINT('',(0.00112373770071052,0.000408152815811468,-0.00441116437018982));
#1920=CARTESIAN_POINT('',(0.00122370827642406,-7.01160785976764E-6,-0.0044412159539059));
#1921=CARTESIAN_POINT('',(0.00112342320775953,-0.000464338563905809,-0.00447013568616206));
#1922=CARTESIAN_POINT('',(0.00090580900668884,-0.000795345355209666,-0.00449660139476183));
#1923=CARTESIAN_POINT('',(0.000693309777531464,-0.000968670768742361,-0.00451549965124935));
#1924=CARTESIAN_POINT('',(0.000577969954140775,-0.00103828204567613,-0.00452418219626785));
#1925=CARTESIAN_POINT('',(0.00050618765463682,-0.00107392289781956,-0.00452908037444277));
#1926=CARTESIAN_POINT('',(0.000484987393493535,-0.00108342038508428,-0.00453063679316117));
#1927=CARTESIAN_POINT('',(0.000392830949742437,-0.00112440189458905,-0.00453742535873009));
#1928=CARTESIAN_POINT('',(0.000217990406216814,-0.00117003567416384,-0.00454997772315906));
#1929=CARTESIAN_POINT('',(0.000111915298023009,-0.00118312736967585,-0.00455728430555415));
#1930=CARTESIAN_POINT('',(-0.000129813796713107,-0.00119510013458962,-0.00457367838288759));
#1931=CARTESIAN_POINT('',(-0.000395676641316492,-0.00113402491876939,-0.00459065643598627));
#1932=CARTESIAN_POINT('',(-0.000626737381303938,-0.00101611459622321,-0.00460834128162511));
#1933=CARTESIAN_POINT('',(-0.000789351102424844,-0.00089054479643749,-0.00462246275293153));
#1934=CARTESIAN_POINT('',(-0.00087055946927976,-0.000808145664014027,-0.0046302793119882));
#1935=CARTESIAN_POINT('',(-0.000917778476066231,-0.000754715247989332,-0.00463502320868775));
#1936=CARTESIAN_POINT('',(-0.00101243646462109,-0.000628997214552234,-0.00464521810617451));
#1937=CARTESIAN_POINT('',(-0.00114004150096098,-0.000388546313768446,-0.00466319727684885));
#1938=CARTESIAN_POINT('',(-0.001187,-0.000155375615764543,-0.00467918545045396));
#1939=CARTESIAN_POINT('',(-0.001187,-3.83530281970296E-18,-0.00469006302292784));
#1940=CARTESIAN_POINT('',(-0.001187,1.38170769307414E-18,-0.00418997432970924));
#1941=CARTESIAN_POINT('',(-0.001187,3.83530281970296E-18,-0.00369004988542575));
#1942=CARTESIAN_POINT('',(-0.001187,7.76740673659549E-5,-0.00369528588256663));
#1943=CARTESIAN_POINT('',(-0.0011742806053765,0.00019667960863227,-0.00370317868014247));
#1944=CARTESIAN_POINT('',(-0.00113980153536832,0.000340894400956536,-0.00371277784175451));
#1945=CARTESIAN_POINT('',(-0.00109057886984703,0.000470711555882695,-0.00372151927315523));
#1946=CARTESIAN_POINT('',(-0.00107795828157396,0.000501235172583592,-0.00372378538700269));
#1947=CARTESIAN_POINT('',(-0.000988974500455699,0.000666490756750373,-0.00373668668577362));
#1948=CARTESIAN_POINT('',(-0.000888021815452839,0.000789346224829413,-0.00374764999054048));
#1949=CARTESIAN_POINT('',(-0.000849190938395033,0.000831020671779142,-0.0037515450477357));
#1950=CARTESIAN_POINT('',(-0.000752515027122729,0.000921299154590426,-0.00376034684800261));
#1951=CARTESIAN_POINT('',(-0.000660209887357643,0.000988086195664243,-0.00376784049846375));
#1952=CARTESIAN_POINT('',(-0.000564726679074731,0.00104720708045656,-0.00377517214432024));
#1953=CARTESIAN_POINT('',(-0.0004394532300917,0.00110344316912547,-0.00378397209764504));
#1954=CARTESIAN_POINT('',(-0.000404162699853196,0.00111838028570688,-0.00378657296494517));
#1955=CARTESIAN_POINT('',(-0.000222553717927662,0.00117067252401168,-0.00379965181594533));
#1956=CARTESIAN_POINT('',(-9.47534821466641E-5,0.00118414249371532,-0.00380854258647625));
#1957=CARTESIAN_POINT('',(2.55288028635898E-5,0.00119051186012859,-0.0038167260191935));
#1958=CARTESIAN_POINT('',(0.000242084335713644,0.00116968068632912,-0.00383112803466689));
#1959=CARTESIAN_POINT('',(0.000389634304163122,0.00112624315814925,-0.00384109109540805));
#1960=CARTESIAN_POINT('',(0.000517114203811848,0.00106885946737744,-0.00385006106315502));
#1961=CARTESIAN_POINT('',(0.000526242154641733,0.00106354109864383,-0.00385077692654962));
#1962=CARTESIAN_POINT('',(0.000599603806828725,0.00102968403382138,-0.00385627709815113));
#1963=CARTESIAN_POINT('',(0.000770279831470108,0.000908371659353351,-0.00387076070031218));
#1964=CARTESIAN_POINT('',(0.000864823165012964,0.00081603697643401,-0.00387972376013282));
#1965=CARTESIAN_POINT('',(0.000994803926786388,0.000664145030737591,-0.00389269811640969));
#1966=CARTESIAN_POINT('',(0.00113901292737691,0.000385095409772541,-0.00391330170852404));
#1967=CARTESIAN_POINT('',(0.00120645556618441,0.000101056035817321,-0.00393379413995105));
#1968=CARTESIAN_POINT('',(0.0011649494741611,-0.000272506536656269,-0.00395766370005344));
#1969=CARTESIAN_POINT('',(0.00109103857581812,-0.000487113304013215,-0.00397263277902919));
#1970=CARTESIAN_POINT('',(0.000971020630404722,-0.000689584299976694,-0.00398864938198154));
#1971=CARTESIAN_POINT('',(0.000918247015278289,-0.000753436377204628,-0.00399439046497848));
#1972=CARTESIAN_POINT('',(0.000787110463722463,-0.000904373292477907,-0.00400750991095332));
#1973=CARTESIAN_POINT('',(0.000564465667933815,-0.00104878385845612,-0.0040249958476333));
#1974=CARTESIAN_POINT('',(0.000417951770251145,-0.00111489517949287,-0.00403558845225162));
#1975=CARTESIAN_POINT('',(0.000267679760675107,-0.00116022983819016,-0.00404625028249768));
#1976=CARTESIAN_POINT('',(0.000121542076027647,-0.00118349950142775,-0.0040564443511436));
#1977=CARTESIAN_POINT('',(-2.00581201856194E-5,-0.00118774132955941,-0.00406648570968278));
#1978=CARTESIAN_POINT('',(-4.24588958905936E-5,-0.00118753508760141,-0.00406788555272443));
#1979=CARTESIAN_POINT('',(-0.000212432476688116,-0.00117274541224951,-0.00407897668511559));
#1980=CARTESIAN_POINT('',(-0.000367151434673893,-0.00113125830734272,-0.00408925936900919));
#1981=CARTESIAN_POINT('',(-0.000467340820454178,-0.00109246078850078,-0.00409633592486669));
#1982=CARTESIAN_POINT('',(-0.000557147483173473,-0.00105010724500506,-0.00410305382574709));
#1983=CARTESIAN_POINT('',(-0.000695770495525765,-0.000967674726494557,-0.0041139985621218));
#1984=CARTESIAN_POINT('',(-0.000843815440632515,-0.000845002128837807,-0.00412694587374877));
#1985=CARTESIAN_POINT('',(-0.000969410629390737,-0.000694048932235224,-0.00414054886072255));
#1986=CARTESIAN_POINT('',(-0.0010473416779316,-0.000559826767982467,-0.00415008807995205));
#1987=CARTESIAN_POINT('',(-0.00107237836159325,-0.000513784522853915,-0.00415357677850752));
#1988=CARTESIAN_POINT('',(-0.00111895352458744,-0.000399041552907527,-0.00416197675545428));
#1989=CARTESIAN_POINT('',(-0.00114194533388802,-0.000326781653863634,-0.00416716184952961));
#1990=CARTESIAN_POINT('',(-0.00117589678204484,-0.000193784611510921,-0.00417656151477521));
#1991=CARTESIAN_POINT('',(-0.001187,-7.76813474226131E-5,-0.00418457970769504));
#1992=CARTESIAN_POINT('',(-0.001187,8.2887766984136E-18,-0.00418997432970924));
#1993=CARTESIAN_POINT('',(-0.001187,3.78097441155982E-18,-0.00369004988542575));
#1994=CARTESIAN_POINT('',(-0.001187,-2.49030388540133E-18,-0.00319002435492321));
#1995=CARTESIAN_POINT('',(-0.001187,7.77291893447838E-5,-0.00319522117283663));
#1996=CARTESIAN_POINT('',(-0.00116905024376554,0.00023855593679305,-0.00320590632539553));
#1997=CARTESIAN_POINT('',(-0.00112688928838579,0.000388591812250086,-0.00321601560361878));
#1998=CARTESIAN_POINT('',(-0.00106825134914641,0.000518361498674612,-0.00322516794524782));
#1999=CARTESIAN_POINT('',(-0.0010665020774416,0.000520009100843009,-0.00322535171306065));
#2000=CARTESIAN_POINT('',(-0.00103450035220822,0.000591986095765452,-0.00323070660525734));
#2001=CARTESIAN_POINT('',(-0.000907096908545044,0.000772391852612615,-0.00324589222011111));
#2002=CARTESIAN_POINT('',(-0.0007641822191243,0.000917473857644584,-0.00325964707225725));
#2003=CARTESIAN_POINT('',(-0.00053309588644175,0.0010832874109703,-0.00327784857474237));
#2004=CARTESIAN_POINT('',(-0.000267717204828552,0.00116006293034891,-0.00329649941645686));
#2005=CARTESIAN_POINT('',(-0.000120659017251598,0.00118355999827213,-0.00330667858046869));
#2006=CARTESIAN_POINT('',(1.69095735211151E-5,0.00118766607514502,-0.00331626527963625));
#2007=CARTESIAN_POINT('',(5.43802670640106E-5,0.00118777557138369,-0.00331871212362864));
#2008=CARTESIAN_POINT('',(0.000240533291444265,0.00116737639313285,-0.00333080684634842));
#2009=CARTESIAN_POINT('',(0.000373386185994802,0.00112777884505849,-0.00333971789419377));
#2010=CARTESIAN_POINT('',(0.000474835583282715,0.00109143246252841,-0.00334680015672987));
#2011=CARTESIAN_POINT('',(0.000633920296056201,0.00100844363438616,-0.00335892183751444));
#2012=CARTESIAN_POINT('',(0.000750201039015854,0.00092330574902692,-0.00336879256354281));
#2013=CARTESIAN_POINT('',(0.000853955501202581,0.000825325577459335,-0.00337881887801052));
#2014=CARTESIAN_POINT('',(0.000869457635104015,0.000811940196848247,-0.0033800841393548));
#2015=CARTESIAN_POINT('',(0.000999931518872145,0.000648742926339194,-0.00339367275391556));
#2016=CARTESIAN_POINT('',(0.00105338854970558,0.000548593352695614,-0.00340102121715201));
#2017=CARTESIAN_POINT('',(0.00111219978472423,0.000427198816708676,-0.00340999870268061));
#2018=CARTESIAN_POINT('',(0.00116064958651611,0.00026651030779644,-0.00342139647106216));
#2019=CARTESIAN_POINT('',(0.00118339344035573,0.000121504893160445,-0.00343147474587422));
#2020=CARTESIAN_POINT('',(0.00118781082940468,-1.834786715263E-5,-0.00344128212046469));
#2021=CARTESIAN_POINT('',(0.00118736323737022,-4.83709324391136E-5,-0.00344322821499812));
#2022=CARTESIAN_POINT('',(0.00117193567821629,-0.000214978758099758,-0.00345412573668783));
#2023=CARTESIAN_POINT('',(0.0011327588473652,-0.000361641189982307,-0.00346389378201855));
#2024=CARTESIAN_POINT('',(0.00108233806541542,-0.000496020392964425,-0.00347335536518919));
#2025=CARTESIAN_POINT('',(0.000994128866312034,-0.00066244643335989,-0.00348608919064264));
#2026=CARTESIAN_POINT('',(0.000845016849350789,-0.000844571073320547,-0.00350192822934934));
#2027=CARTESIAN_POINT('',(0.000692746817070934,-0.000969769466821659,-0.00351567588579964));
#2028=CARTESIAN_POINT('',(0.00056252143876193,-0.00104630825349397,-0.00352490766265371));
#2029=CARTESIAN_POINT('',(0.000489527823656682,-0.0010839948452275,-0.00353035234574392));
#2030=CARTESIAN_POINT('',(0.000336427117220765,-0.00114152206622614,-0.00354150102480036));
#2031=CARTESIAN_POINT('',(0.000233342182858621,-0.0011648906309119,-0.00354876786566461));
#2032=CARTESIAN_POINT('',(0.00012095947841686,-0.00118380507426705,-0.00355661379798926));
#2033=CARTESIAN_POINT('',(-1.7636895782509E-5,-0.00118745024003063,-0.00356630643363697));
#2034=CARTESIAN_POINT('',(-4.88154120140343E-5,-0.0011883937866748,-0.00356831439550451));
#2035=CARTESIAN_POINT('',(-0.000245111932661805,-0.00116623219994984,-0.00358108625174105));
#2036=CARTESIAN_POINT('',(-0.00036083712809643,-0.00113169747342829,-0.00358885578022533));
#2037=CARTESIAN_POINT('',(-0.000481896932911464,-0.00108921230198876,-0.00359732443356898));
#2038=CARTESIAN_POINT('',(-0.000632268983639917,-0.00100931167276254,-0.00360880970601422));
#2039=CARTESIAN_POINT('',(-0.000751077752849501,-0.000922507231319574,-0.00361886057540743));
#2040=CARTESIAN_POINT('',(-0.000851282786931275,-0.000828220182093057,-0.00362846616506334));
#2041=CARTESIAN_POINT('',(-0.000879354412150378,-0.000801077678385978,-0.00363103977083891));
#2042=CARTESIAN_POINT('',(-0.00103415839557648,-0.00060285745450818,-0.00364740458047801));
#2043=CARTESIAN_POINT('',(-0.0011237785390946,-0.000408085114554082,-0.00366125414743367));
#2044=CARTESIAN_POINT('',(-0.001187,-0.000155363011765123,-0.00367906527075922));
#2045=CARTESIAN_POINT('',(-0.001187,8.2887766984136E-18,-0.00369004988542575));
#2046=CARTESIAN_POINT('',(-0.001187,-1.45365575058791E-19,-0.00319002435492321));
#2047=CARTESIAN_POINT('',(-0.000195129514464664,0.0011708516014358,-0.00280153517730472));
#2048=CARTESIAN_POINT('',(-0.000136086832124795,0.00118069142223251,-0.0028057167786719));
#2049=CARTESIAN_POINT('',(-1.07580822617807E-5,0.00118982668745986,-0.00281433543204804));
#2050=CARTESIAN_POINT('',(0.000148338359578115,0.00118595640403695,-0.00282471531278142));
#2051=CARTESIAN_POINT('',(0.000413827697532464,0.00111829956082593,-0.00284249044795246));
#2052=CARTESIAN_POINT('',(0.000493382381544018,0.00108224951977722,-0.00284819727876333));
#2053=CARTESIAN_POINT('',(0.000648475025280973,0.000997505431452362,-0.00286022482605258));
#2054=CARTESIAN_POINT('',(0.00073750681589803,0.000932009719234494,-0.00286780892416807));
#2055=CARTESIAN_POINT('',(0.000822600112828611,0.000856746687477054,-0.00287573753550324));
#2056=CARTESIAN_POINT('',(0.000826163227893223,0.000852613994864009,-0.00287604952008144));
#2057=CARTESIAN_POINT('',(0.000883906074359175,0.000793545152007115,-0.0028815318837716));
#2058=CARTESIAN_POINT('',(0.000948512726661394,0.000719108391659879,-0.00288797364573485));
#2059=CARTESIAN_POINT('',(0.00104333027627017,0.000571454543794684,-0.00289943172345767));
#2060=CARTESIAN_POINT('',(0.00107240484045756,0.000509940610143516,-0.00290388942783303));
#2061=CARTESIAN_POINT('',(0.00112376006096933,0.000392468125489121,-0.00291242490484004));
#2062=CARTESIAN_POINT('',(0.00116437173021277,0.000252162667583785,-0.0029223169839428));
#2063=CARTESIAN_POINT('',(0.0011861352993601,9.57500802108242E-5,-0.00293323912597743));
#2064=CARTESIAN_POINT('',(0.00118691327454293,-1.32679339771867E-5,-0.00294105516891294));
#2065=CARTESIAN_POINT('',(0.00118818428585147,-7.78914572139242E-5,-0.00294523302606663));
#2066=CARTESIAN_POINT('',(0.00114123683650503,-0.00035702726414915,-0.00296348833135624));
#2067=CARTESIAN_POINT('',(0.00111001344842811,-0.000418289272793335,-0.00296782886183185));
#2068=CARTESIAN_POINT('',(0.00106627597779947,-0.000526693467641484,-0.00297583833803123));
#2069=CARTESIAN_POINT('',(0.000998469621053286,-0.000648344849993405,-0.00298533747740588));
#2070=CARTESIAN_POINT('',(0.000891123138239025,-0.000787363800731686,-0.00299742213779492));
#2071=CARTESIAN_POINT('',(0.000869850431172255,-0.000807352626088386,-0.00299936672993438));
#2072=CARTESIAN_POINT('',(0.000790130692357146,-0.000891408328586498,-0.00300709657651644));
#2073=CARTESIAN_POINT('',(0.0006238719118699,-0.00101678886369435,-0.00302059639183704));
#2074=CARTESIAN_POINT('',(0.000480455737680718,-0.00109046511314948,-0.00303108886790892));
#2075=CARTESIAN_POINT('',(0.000287890980132001,-0.00115539041972935,-0.00304498684252462));
#2076=CARTESIAN_POINT('',(0.000183780678039543,-0.00117460904402033,-0.0030522336454713));
#2077=CARTESIAN_POINT('',(1.33010192879713E-5,-0.00119237350201276,-0.00306373825278325));
#2078=CARTESIAN_POINT('',(-0.000152731260605507,-0.00118015725482138,-0.00307477075535951));
#2079=CARTESIAN_POINT('',(-0.000290774961588743,-0.00115345000822123,-0.00308405628446455));
#2080=CARTESIAN_POINT('',(-0.000424814399553851,-0.00110994386731407,-0.00309331756786078));
#2081=CARTESIAN_POINT('',(-0.000464159639434401,-0.00109256726902582,-0.00309618915185809));
#2082=CARTESIAN_POINT('',(-0.000568181634882428,-0.00104665848590729,-0.00310385835958548));
#2083=CARTESIAN_POINT('',(-0.000741261157730254,-0.000934191839794741,-0.00311812005823191));
#2084=CARTESIAN_POINT('',(-0.000848481148215476,-0.000835506125070221,-0.00312803753603924));
#2085=CARTESIAN_POINT('',(-0.0011091806235709,-0.000525631256416488,-0.00315437548448892));
#2086=CARTESIAN_POINT('',(-0.001187,-0.000241163720892233,-0.00317298797072666));
#2087=CARTESIAN_POINT('',(-0.001187,2.49030388540133E-18,-0.00319002435492321));
#2088=CARTESIAN_POINT('',(-0.000195129514464663,0.00117085160143581,-0.00280153517730472));
#2089=CARTESIAN_POINT('',(-0.000195129514464663,0.00117085160143581,-0.00280153517730472));
#2090=CARTESIAN_POINT('',(-0.000236226716331693,0.00141745050654023,-0.00265712150940583));
#2091=CARTESIAN_POINT('',(0.001437,-3.01479922773523E-18,-0.00279572551163082));
#2092=CARTESIAN_POINT('',(0.001437,1.83140849902474E-5,-0.00279470834796733));
#2093=CARTESIAN_POINT('',(0.00143728149361862,8.15953016825409E-5,-0.002791112130377));
#2094=CARTESIAN_POINT('',(0.00141913847478949,0.000247951788655569,-0.00278148296647559));
#2095=CARTESIAN_POINT('',(0.00138362867644998,0.000391523135000803,-0.00277291179946562));
#2096=CARTESIAN_POINT('',(0.00135571088157881,0.000479672965094954,-0.00276764625368908));
#2097=CARTESIAN_POINT('',(0.00129090146931899,0.000649607951854784,-0.00275751156561626));
#2098=CARTESIAN_POINT('',(0.0011213650130573,0.000923932605953066,-0.00274041057954659));
#2099=CARTESIAN_POINT('',(0.000926712425680081,0.00110283453935405,-0.00272584874432531));
#2100=CARTESIAN_POINT('',(0.00080663348618593,0.00119168536791329,-0.0027173803608876));
#2101=CARTESIAN_POINT('',(0.000631342374229496,0.00129825517879465,-0.00270561564230403));
#2102=CARTESIAN_POINT('',(0.000294313420305672,0.00143571210905978,-0.00268601050389273));
#2103=CARTESIAN_POINT('',(-5.30067706085684E-5,0.00144798522076477,-0.00266792981785816));
#2104=CARTESIAN_POINT('',(-0.00023622671633169,0.00141745050654023,-0.00265712150940583));
#2105=CARTESIAN_POINT('',(0.001437,4.08437754018401E-17,-0.00279572551163082));
#2106=CARTESIAN_POINT('',(0.001437,-1.00345173678352E-17,-0.00329562895717741));
#2107=CARTESIAN_POINT('',(0.001437,9.40707124165533E-5,-0.00329038103397051));
#2108=CARTESIAN_POINT('',(0.00142172610836844,0.000237883747922718,-0.00328223728773649));
#2109=CARTESIAN_POINT('',(0.00137958797025884,0.000413374766728744,-0.00327193946177963));
#2110=CARTESIAN_POINT('',(0.00132104497583835,0.00056807711849013,-0.00326228789308461));
#2111=CARTESIAN_POINT('',(0.00130165578478575,0.00061445462646626,-0.00325954192678204));
#2112=CARTESIAN_POINT('',(0.00119450821022902,0.000809058978030728,-0.00324765822114288));
#2113=CARTESIAN_POINT('',(0.00108963096670273,0.000938854385718806,-0.00323878969169928));
#2114=CARTESIAN_POINT('',(0.00102354298280849,0.00101114402591929,-0.00323346342511697));
#2115=CARTESIAN_POINT('',(0.00091163772709578,0.00111447797061748,-0.00322501884432174));
#2116=CARTESIAN_POINT('',(0.000798365727947001,0.00119688989050912,-0.00321712117174657));
#2117=CARTESIAN_POINT('',(0.00068372493632534,0.00126776257684861,-0.0032094641029282));
#2118=CARTESIAN_POINT('',(0.000529816873251194,0.00133667983504772,-0.00319960763328671));
#2119=CARTESIAN_POINT('',(0.000495225319003962,0.00135173699060886,-0.00319761808560501));
#2120=CARTESIAN_POINT('',(0.000270156132098811,0.00141759896270662,-0.00318521748252703));
#2121=CARTESIAN_POINT('',(0.000106158605081026,0.00143420984117781,-0.0031765415644287));
#2122=CARTESIAN_POINT('',(9.22235042589994E-6,0.00143877119130228,-0.0031712659210549));
#2123=CARTESIAN_POINT('',(-0.000143157635480235,0.00143270539291611,-0.00316274230766391));
#2124=CARTESIAN_POINT('',(-0.000281478874711066,0.00141091129246951,-0.00315478478677005));
#2125=CARTESIAN_POINT('',(-0.000412460932969311,0.00138008646355036,-0.00314707223777979));
#2126=CARTESIAN_POINT('',(-0.000570676884044506,0.00131973567533981,-0.00313707508055291));
#2127=CARTESIAN_POINT('',(-0.00060321944276394,0.00130711928855005,-0.00313523275624383));
#2128=CARTESIAN_POINT('',(-0.000811421983096368,0.00119368850769893,-0.00312255190617587));
#2129=CARTESIAN_POINT('',(-0.000942500889651249,0.00108620109712063,-0.00311353764954432));
#2130=CARTESIAN_POINT('',(-0.00100979915870343,0.00102482107997294,-0.00310855074458471));
#2131=CARTESIAN_POINT('',(-0.00111455890835529,0.000911607456259063,-0.00309991271056741));
#2132=CARTESIAN_POINT('',(-0.00119660137393315,0.000798804741332556,-0.00309204453792916));
#2133=CARTESIAN_POINT('',(-0.00126783987219359,0.000683489773440883,-0.00308436963128069));
#2134=CARTESIAN_POINT('',(-0.00133594240342971,0.000531659754938262,-0.00307477338174232));
#2135=CARTESIAN_POINT('',(-0.00135398145029908,0.000489605292599176,-0.00307231340604871));
#2136=CARTESIAN_POINT('',(-0.00141711940183836,0.000267912092319519,-0.00306006839926533));
#2137=CARTESIAN_POINT('',(-0.00143374228778771,0.000121465211070617,-0.00305229285226455));
#2138=CARTESIAN_POINT('',(-0.00143789537770543,-1.14387326155097E-5,-0.00304505219375482));
#2139=CARTESIAN_POINT('',(-0.00143667609977138,-7.70340332283983E-5,-0.00304132988346146));
#2140=CARTESIAN_POINT('',(-0.00141774855540359,-0.000262221638060865,-0.0030306526848333));
#2141=CARTESIAN_POINT('',(-0.00137093365032265,-0.000440016415473802,-0.00302005122429543));
#2142=CARTESIAN_POINT('',(-0.00132358082970385,-0.000563676044652244,-0.00301259378339587));
#2143=CARTESIAN_POINT('',(-0.00127099298476594,-0.000674970885735379,-0.00300587554550226));
#2144=CARTESIAN_POINT('',(-0.00119639402086267,-0.000800782575717734,-0.00299802737067696));
#2145=CARTESIAN_POINT('',(-0.00111204766560328,-0.000912495655587261,-0.00299075815842791));
#2146=CARTESIAN_POINT('',(-0.00101150077117628,-0.00102786089794426,-0.00298250550534213));
#2147=CARTESIAN_POINT('',(-0.000778217324610582,-0.00122551748005523,-0.00296496723280435));
#2148=CARTESIAN_POINT('',(-0.000510099941697119,-0.00135017622209689,-0.00294848571465072));
#2149=CARTESIAN_POINT('',(-0.000293509339372311,-0.00141452094787405,-0.00293647676717456));
#2150=CARTESIAN_POINT('',(9.45201311875609E-5,-0.00145804394714585,-0.0029155575390689));
#2151=CARTESIAN_POINT('',(0.000466490974634274,-0.00137954747562365,-0.00289342002164419));
#2152=CARTESIAN_POINT('',(0.000806682359950222,-0.0012053986057362,-0.00287314710288941));
#2153=CARTESIAN_POINT('',(0.00102789739258453,-0.00100979844293781,-0.00285727855416776));
#2154=CARTESIAN_POINT('',(0.00111081412573734,-0.000913748751537735,-0.00285013891564729));
#2155=CARTESIAN_POINT('',(0.00122579111138562,-0.000761471315421925,-0.00283915856782148));
#2156=CARTESIAN_POINT('',(0.00138004481079257,-0.000470419300819304,-0.00282080624733335));
#2157=CARTESIAN_POINT('',(0.001437,-0.000188107247669326,-0.00280556190148787));
#2158=CARTESIAN_POINT('',(0.001437,3.01479922773523E-18,-0.00279572551163082));
#2159=CARTESIAN_POINT('',(0.001437,-9.85675667244814E-18,-0.00329562895717741));
#2160=CARTESIAN_POINT('',(0.001437,-3.01479922773523E-18,-0.0037956929890475));
#2161=CARTESIAN_POINT('',(0.001437,2.00470361711689E-5,-0.00379458617888284));
#2162=CARTESIAN_POINT('',(0.00143718569934689,8.03548475464678E-5,-0.00379118367047465));
#2163=CARTESIAN_POINT('',(0.00141731943269748,0.000261227294278261,-0.00378071496984483));
#2164=CARTESIAN_POINT('',(0.00137296102999385,0.000436223991605086,-0.00377027615254023));
#2165=CARTESIAN_POINT('',(0.00132628095107744,0.000553133610318301,-0.00376321997685831));
#2166=CARTESIAN_POINT('',(0.00130697624312377,0.000600194883505951,-0.00376040056722586));
#2167=CARTESIAN_POINT('',(0.0012187019462433,0.00077231493638427,-0.00374989304906305));
#2168=CARTESIAN_POINT('',(0.00111042528162097,0.000917920962448529,-0.00374006339297208));
#2169=CARTESIAN_POINT('',(0.000996180469865042,0.00103856257379344,-0.00373102039664708));
#2170=CARTESIAN_POINT('',(0.000934904595632777,0.00109173870567116,-0.00372662022778777));
#2171=CARTESIAN_POINT('',(0.000901185847263529,0.0011193059359028,-0.00372422858192587));
#2172=CARTESIAN_POINT('',(0.00090703343824079,0.00111475872387262,-0.00372469076208483));
#2173=CARTESIAN_POINT('',(0.000850981769811078,0.00115896138593154,-0.00372058022546209));
#2174=CARTESIAN_POINT('',(0.000758765659097841,0.00122245870300098,-0.00371419029704708));
#2175=CARTESIAN_POINT('',(0.000650148211270486,0.00128433929786071,-0.00370713862699633));
#2176=CARTESIAN_POINT('',(0.00047663075066705,0.00136060294397486,-0.00369658706427775));
#2177=CARTESIAN_POINT('',(0.000292518925293901,0.00141428949173759,-0.00368642488509246));
#2178=CARTESIAN_POINT('',(-8.80412957610174E-5,0.00145870367283549,-0.00366587688105319));
#2179=CARTESIAN_POINT('',(-0.000476535808859,0.0013757432856392,-0.00364289698458365));
#2180=CARTESIAN_POINT('',(-0.000758985877919758,0.00122924840629162,-0.00362593396952957));
#2181=CARTESIAN_POINT('',(-0.000948292508387416,0.00108423372486428,-0.00361317012088411));
#2182=CARTESIAN_POINT('',(-0.00104772486150138,0.000985278130743812,-0.00360549033432671));
#2183=CARTESIAN_POINT('',(-0.00111112758551987,0.000913710044955185,-0.00360012648801135));
#2184=CARTESIAN_POINT('',(-0.00122544822265757,0.000762083692526113,-0.00358923620020553));
#2185=CARTESIAN_POINT('',(-0.00137957119027515,0.000466824642524668,-0.00357042905855805));
#2186=CARTESIAN_POINT('',(-0.00145958634197855,0.000116752284134408,-0.0035529652640588));
#2187=CARTESIAN_POINT('',(-0.00141780047534281,-0.00026579898767209,-0.00353016407822981));
#2188=CARTESIAN_POINT('',(-0.00137117909353963,-0.00043818227358657,-0.00352010160148392));
#2189=CARTESIAN_POINT('',(-0.0013272990273745,-0.000551107033145945,-0.00351335299323597));
#2190=CARTESIAN_POINT('',(-0.00130655257368462,-0.000600967047636701,-0.00351038554044229));
#2191=CARTESIAN_POINT('',(-0.00122068636426516,-0.000768737581617621,-0.00350013018285859));
#2192=CARTESIAN_POINT('',(-0.00107121734488035,-0.000971046477198682,-0.00348648162962127));
#2193=CARTESIAN_POINT('',(-0.000955859246200417,-0.00107444114007946,-0.00347807762352634));
#2194=CARTESIAN_POINT('',(-0.000904794980059727,-0.00111635853856443,-0.00347444479205607));
#2195=CARTESIAN_POINT('',(-0.000903907761727187,-0.00111753976779143,-0.00347439802877707));
#2196=CARTESIAN_POINT('',(-0.000796146773463528,-0.00119997988175869,-0.00346666027276493));
#2197=CARTESIAN_POINT('',(-0.000679077794547755,-0.00126862893944063,-0.00345905769680726));
#2198=CARTESIAN_POINT('',(-0.000508066887101994,-0.00135048380196219,-0.00344851902718279));
#2199=CARTESIAN_POINT('',(-0.000323809080282364,-0.00140447210882926,-0.00343808009585136));
#2200=CARTESIAN_POINT('',(-0.000146666184873763,-0.00143285451565037,-0.00342843371894244));
#2201=CARTESIAN_POINT('',(2.25236924394545E-5,-0.0014376385849332,-0.00341951187774115));
#2202=CARTESIAN_POINT('',(5.80660789975675E-5,-0.00143859101506334,-0.00341746888876762));
#2203=CARTESIAN_POINT('',(0.000295012538998687,-0.0014124498858027,-0.00340373831319445));
#2204=CARTESIAN_POINT('',(0.000442634391951806,-0.00136820221482467,-0.00339487278571544));
#2205=CARTESIAN_POINT('',(0.000580564571405792,-0.00131952047226686,-0.00338660438376086));
#2206=CARTESIAN_POINT('',(0.000766652913278775,-0.00122103602404166,-0.003375119217793));
#2207=CARTESIAN_POINT('',(0.000908448563603611,-0.00111765939039939,-0.00336574810696667));
#2208=CARTESIAN_POINT('',(0.00103391272213458,-0.000999009330392507,-0.00335676702759296));
#2209=CARTESIAN_POINT('',(0.00105241560544456,-0.000983137561046479,-0.00335532398531575));
#2210=CARTESIAN_POINT('',(0.00121046452478264,-0.000785455027021387,-0.0033407766810139));
#2211=CARTESIAN_POINT('',(0.00127525678088388,-0.000664271560929328,-0.00333291923860024));
#2212=CARTESIAN_POINT('',(0.00138266155568984,-0.000441239196977166,-0.00331915161884749));
#2213=CARTESIAN_POINT('',(0.001437,-0.000188158755983696,-0.00330553590524781));
#2214=CARTESIAN_POINT('',(0.001437,-1.16627932470192E-17,-0.00329562895717741));
#2215=CARTESIAN_POINT('',(0.001437,7.05705930499454E-19,-0.0037956929890475));
#2216=CARTESIAN_POINT('',(0.001437,-1.00345173678352E-17,-0.00429570266881806));
#2217=CARTESIAN_POINT('',(0.001437,2.08828897787781E-5,-0.0042945381550655));
#2218=CARTESIAN_POINT('',(0.00143727423976904,8.13809310156966E-5,-0.00429111051422926));
#2219=CARTESIAN_POINT('',(0.00141639180921159,0.000265589875369565,-0.00428042316979389));
#2220=CARTESIAN_POINT('',(0.00137534470693832,0.000424456952084455,-0.00427094007174053));
#2221=CARTESIAN_POINT('',(0.00131384495837825,0.000594171123964134,-0.0042608270395356));
#2222=CARTESIAN_POINT('',(0.00120243441929107,0.000804125823741482,-0.00424801136613755));
#2223=CARTESIAN_POINT('',(0.00102235713588098,0.00102250417023841,-0.00423253940241926));
#2224=CARTESIAN_POINT('',(0.000840037437644994,0.0011735591265813,-0.0042199859307637));
#2225=CARTESIAN_POINT('',(0.000678188818468342,0.00126778248225454,-0.00420873969880148));
#2226=CARTESIAN_POINT('',(0.000619259540763575,0.00129946049821975,-0.00420502064255541));
#2227=CARTESIAN_POINT('',(0.000482910360839947,0.00135465234105553,-0.00419698601434909));
#2228=CARTESIAN_POINT('',(0.000395263105216611,0.00138254640050257,-0.00419201692419443));
#2229=CARTESIAN_POINT('',(0.000281004127078564,0.0014119318003588,-0.00418566945215918));
#2230=CARTESIAN_POINT('',(0.000161982192372258,0.00142889194173427,-0.00417927602085729));
#2231=CARTESIAN_POINT('',(7.38634841796465E-5,0.00143593997822152,-0.00417459216066738));
#2232=CARTESIAN_POINT('',(-1.42179553204505E-5,0.00143729236964905,-0.00416997295788372));
#2233=CARTESIAN_POINT('',(-1.88939910390387E-5,0.00143689033332074,-0.00416966939080821));
#2234=CARTESIAN_POINT('',(-9.38002286598861E-5,0.00143512972340344,-0.00416543126685463));
#2235=CARTESIAN_POINT('',(-0.000214164252596536,0.00142454364635103,-0.00415847171062773));
#2236=CARTESIAN_POINT('',(-0.000361345497579039,0.00139182067348576,-0.00414973370112967));
#2237=CARTESIAN_POINT('',(-0.000450640542198428,0.00136602321306087,-0.00414439962442215));
#2238=CARTESIAN_POINT('',(-0.000552461545291098,0.00132683200828158,-0.00413826227875989));
#2239=CARTESIAN_POINT('',(-0.000600852994178244,0.0013065813677588,-0.00413536385524116));
#2240=CARTESIAN_POINT('',(-0.000769313162172675,0.00122038978368477,-0.00412509018825095));
#2241=CARTESIAN_POINT('',(-0.000971674647461993,0.00107061716437577,-0.00411145183876566));
#2242=CARTESIAN_POINT('',(-0.0010749276720045,0.000955292406217199,-0.00410307141008711));
#2243=CARTESIAN_POINT('',(-0.00111649482295926,0.000904623976410263,-0.00409946939104656));
#2244=CARTESIAN_POINT('',(-0.00111727154891243,0.000904242869567175,-0.00409946642577175));
#2245=CARTESIAN_POINT('',(-0.0011999310855758,0.000796214914861452,-0.00409164998358758));
#2246=CARTESIAN_POINT('',(-0.00126852177240698,0.000679336475465841,-0.00408401537429322));
#2247=CARTESIAN_POINT('',(-0.00135040894921135,0.000507908332222396,-0.00407343579538461));
#2248=CARTESIAN_POINT('',(-0.00141796215997139,0.000280815835647957,-0.00406037151581259));
#2249=CARTESIAN_POINT('',(-0.00144757602969578,5.51734762408574E-6,-0.00404635229680563));
#2250=CARTESIAN_POINT('',(-0.00141373372056192,-0.000302776657115526,-0.00402788069899384));
#2251=CARTESIAN_POINT('',(-0.00135866648814908,-0.000482961752484352,-0.0040174893029912));
#2252=CARTESIAN_POINT('',(-0.00129445352112992,-0.00062488872970908,-0.00400890347866556));
#2253=CARTESIAN_POINT('',(-0.00128541404592503,-0.000641620194533176,-0.00400788081476101));
#2254=CARTESIAN_POINT('',(-0.00124318368004287,-0.000731058477378322,-0.00400259078072393));
#2255=CARTESIAN_POINT('',(-0.00110069366408738,-0.000931089715181703,-0.00398953574733263));
#2256=CARTESIAN_POINT('',(-0.0010180964751474,-0.00101534654537525,-0.00398311290952937));
#2257=CARTESIAN_POINT('',(-0.000918501033813143,-0.00110928858681706,-0.00397541540608103));
#2258=CARTESIAN_POINT('',(-0.000730372298154725,-0.0012470199471071,-0.00396203803861304));
#2259=CARTESIAN_POINT('',(-0.00050497113679791,-0.00135245861413594,-0.00394816055358399));
#2260=CARTESIAN_POINT('',(-0.000294823556435633,-0.00141344392805255,-0.00393657155071938));
#2261=CARTESIAN_POINT('',(-8.04186059488279E-6,-0.00144805335875921,-0.00392109941633761));
#2262=CARTESIAN_POINT('',(0.000285754695233363,-0.00141624402623691,-0.00390429932608837));
#2263=CARTESIAN_POINT('',(0.000622009232032241,-0.00132140583527977,-0.00388428853425347));
#2264=CARTESIAN_POINT('',(0.00100171892969624,-0.00105769394063929,-0.00386037319726208));
#2265=CARTESIAN_POINT('',(0.00119530275583161,-0.000810517141163472,-0.00384246554483301));
#2266=CARTESIAN_POINT('',(0.00138513504868921,-0.000465895158664179,-0.00382054461771429));
#2267=CARTESIAN_POINT('',(0.001437,-0.000188098067728456,-0.00380562951715916));
#2268=CARTESIAN_POINT('',(0.001437,3.01479922773523E-18,-0.0037956929890475));
#2269=CARTESIAN_POINT('',(0.001437,1.1268168533447E-17,-0.00429570266881806));
#2270=CARTESIAN_POINT('',(0.001437,4.03798220019735E-17,-0.00479562075393276));
#2271=CARTESIAN_POINT('',(0.001437,9.40522419761009E-5,-0.00479042132352912));
#2272=CARTESIAN_POINT('',(0.0014238147162688,0.000233665649617821,-0.00478262303772633));
#2273=CARTESIAN_POINT('',(0.00137613939114995,0.000420248048233862,-0.00477165144707835));
#2274=CARTESIAN_POINT('',(0.00134125636657932,0.000521334693371393,-0.00476551441423761));
#2275=CARTESIAN_POINT('',(0.00129334973398722,0.000627309720867416,-0.00475873453135511));
#2276=CARTESIAN_POINT('',(0.00129088739821541,0.000630019968337164,-0.00475857428734404));
#2277=CARTESIAN_POINT('',(0.00125181617115676,0.000717756127941632,-0.0047534487371053));
#2278=CARTESIAN_POINT('',(0.00109813019741467,0.000934447821482319,-0.00473934048927046));
#2279=CARTESIAN_POINT('',(0.00099771897233462,0.00103709515270008,-0.00473153190598771));
#2280=CARTESIAN_POINT('',(0.000799543254702375,0.00120756140964834,-0.00471653989495139));
#2281=CARTESIAN_POINT('',(0.000556014023285373,0.00133473804403918,-0.00470125209833453));
#2282=CARTESIAN_POINT('',(0.000323820096753231,0.00140459037810648,-0.00468803130374602));
#2283=CARTESIAN_POINT('',(0.000147696587598546,0.00143280755538223,-0.00467846763420881));
#2284=CARTESIAN_POINT('',(-2.40149042461003E-5,0.00143746420420708,-0.00466945203260096));
#2285=CARTESIAN_POINT('',(-5.02205285860461E-5,0.00143933551144126,-0.00466790632608019));
#2286=CARTESIAN_POINT('',(-0.000300844391117469,0.00141114982533518,-0.00465335611610101));
#2287=CARTESIAN_POINT('',(-0.000429506333287947,0.00137218980136733,-0.00464563794118736));
#2288=CARTESIAN_POINT('',(-0.000587721970282502,0.00131737840004055,-0.0046362289925137));
#2289=CARTESIAN_POINT('',(-0.000765148552505461,0.00122170180335403,-0.00462526620785635));
#2290=CARTESIAN_POINT('',(-0.000909023467792781,0.00111720912250848,-0.00461570289834592));
#2291=CARTESIAN_POINT('',(-0.00103261993415166,0.00100040534578705,-0.00460673598192749));
#2292=CARTESIAN_POINT('',(-0.00105750909055149,0.00097750651547472,-0.00460481383519234));
#2293=CARTESIAN_POINT('',(-0.00120952156122218,0.000786040990198033,-0.00459082894388661));
#2294=CARTESIAN_POINT('',(-0.00127262089644793,0.000669525622088504,-0.00458327842981304));
#2295=CARTESIAN_POINT('',(-0.00134816602074201,0.000513403704392785,-0.00457361529676139));
#2296=CARTESIAN_POINT('',(-0.00141871936097744,0.000277836582918455,-0.00456011647790443));
#2297=CARTESIAN_POINT('',(-0.00144763039651978,9.03598954400655E-6,-0.00454676479372745));
#2298=CARTESIAN_POINT('',(-0.00141857085011719,-0.000261303106356589,-0.00453035319349979));
#2299=CARTESIAN_POINT('',(-0.00137245530491513,-0.000434262073981151,-0.00452030004248855));
#2300=CARTESIAN_POINT('',(-0.00132851967342695,-0.000548338904064177,-0.00451349199003375));
#2301=CARTESIAN_POINT('',(-0.00130639447925714,-0.000601303730315795,-0.00451034527174428));
#2302=CARTESIAN_POINT('',(-0.00122152647309537,-0.000767139525791985,-0.00450022868180793));
#2303=CARTESIAN_POINT('',(-0.00107396307526209,-0.00096784708265614,-0.00448673323813512));
#2304=CARTESIAN_POINT('',(-0.000958842956532259,-0.00107186068931312,-0.00447832619651457));
#2305=CARTESIAN_POINT('',(-0.000906447300788932,-0.00111502083449562,-0.00447458828628224));
#2306=CARTESIAN_POINT('',(-0.000903823537247535,-0.00111761624067679,-0.00447441822623595));
#2307=CARTESIAN_POINT('',(-0.000796236266998972,-0.00119991027946139,-0.00446664280692431));
#2308=CARTESIAN_POINT('',(-0.000679124847145013,-0.00126861057197903,-0.00445900358626098));
#2309=CARTESIAN_POINT('',(-0.000508099050098593,-0.00135045726503102,-0.00444843033003495));
#2310=CARTESIAN_POINT('',(-0.000324074060476696,-0.00140445046608706,-0.00443799525633988));
#2311=CARTESIAN_POINT('',(-0.000146385770120582,-0.00143286099227477,-0.00442833258818514));
#2312=CARTESIAN_POINT('',(2.11308853227623E-5,-0.00143758797479511,-0.00441952641954412));
#2313=CARTESIAN_POINT('',(6.29436453433487E-5,-0.00143878704072631,-0.00441716820598414));
#2314=CARTESIAN_POINT('',(0.000372321914705374,-0.00140112686204262,-0.00439920176177291));
#2315=CARTESIAN_POINT('',(0.000538512227183397,-0.00133695743551892,-0.0043891621107451));
#2316=CARTESIAN_POINT('',(0.0007630888607444,-0.00122550887951818,-0.0043754033227811));
#2317=CARTESIAN_POINT('',(0.000895678833064983,-0.00112497271177653,-0.00436654769690872));
#2318=CARTESIAN_POINT('',(0.000963252724101052,-0.00106748402355412,-0.00436185513358621));
#2319=CARTESIAN_POINT('',(0.00102616700341128,-0.00100652165258817,-0.00435730151230102));
#2320=CARTESIAN_POINT('',(0.00103028568766919,-0.00100157189051565,-0.00435689463098655));
#2321=CARTESIAN_POINT('',(0.00108476024782447,-0.000945617722987231,-0.00435250260624674));
#2322=CARTESIAN_POINT('',(0.00120701213388052,-0.000789699917492128,-0.00434109483416079));
#2323=CARTESIAN_POINT('',(0.00128087741068689,-0.000654069368920824,-0.00433227822334612));
#2324=CARTESIAN_POINT('',(0.00134326686870584,-0.000522254309172775,-0.00432412889610018));
#2325=CARTESIAN_POINT('',(0.00142089622016948,-0.000276990861001382,-0.00431025231507466));
#2326=CARTESIAN_POINT('',(0.001437,-9.40380218450778E-5,-0.00430060919667696));
#2327=CARTESIAN_POINT('',(0.001437,-1.16627932470192E-17,-0.00429570266881806));
#2328=CARTESIAN_POINT('',(0.001437,2.18306311363946E-17,-0.00479562075393276));
#2329=CARTESIAN_POINT('',(0.001437,-1.70542355079351E-17,-0.0052957254573806));
#2330=CARTESIAN_POINT('',(0.001437,2.36432007914458E-5,-0.00529441259083665));
#2331=CARTESIAN_POINT('',(0.00143685234797484,8.79205071329715E-5,-0.00529077957845441));
#2332=CARTESIAN_POINT('',(0.00141595765308126,0.000266158009898321,-0.00528042350893804));
#2333=CARTESIAN_POINT('',(0.0013754440316305,0.000426736919036443,-0.0052708150276585));
#2334=CARTESIAN_POINT('',(0.0013307537834781,0.000543060255220101,-0.00526383764302402));
#2335=CARTESIAN_POINT('',(0.00130616201484757,0.000601870183991057,-0.00526032017968948));
#2336=CARTESIAN_POINT('',(0.00122225639728868,0.000765706896120057,-0.00525032265021845));
#2337=CARTESIAN_POINT('',(0.00107574885687832,0.000965874045545923,-0.00523686944026012));
#2338=CARTESIAN_POINT('',(0.000960822480856402,0.00107013338239874,-0.00522845499052907));
#2339=CARTESIAN_POINT('',(0.000907496803445125,0.00111417121786858,-0.00522464368878274));
#2340=CARTESIAN_POINT('',(0.000903664631675399,0.00111774876343257,-0.00522438167845046));
#2341=CARTESIAN_POINT('',(0.000796320157039552,0.00119984483254948,-0.00521665279458419));
#2342=CARTESIAN_POINT('',(0.000679134941328223,0.00126860792559023,-0.0052090266431286));
#2343=CARTESIAN_POINT('',(0.000508166183732879,0.0013504333070617,-0.00519847620598515));
#2344=CARTESIAN_POINT('',(0.000323998923704669,0.00140444855015401,-0.00518803814475706));
#2345=CARTESIAN_POINT('',(0.000146649961839612,0.00143284061549779,-0.00517838661948528));
#2346=CARTESIAN_POINT('',(-2.18594977519897E-5,0.00143764277236056,-0.00516951297904755));
#2347=CARTESIAN_POINT('',(-5.99192478463322E-5,0.00143858826605042,-0.00516734404810087));
#2348=CARTESIAN_POINT('',(-0.00029596227318658,0.00141196134196947,-0.00515367105473125));
#2349=CARTESIAN_POINT('',(-0.000436619587011858,0.00137023121769975,-0.00514523815542095));
#2350=CARTESIAN_POINT('',(-0.000584456598741876,0.00131782572123996,-0.00513637659202739));
#2351=CARTESIAN_POINT('',(-0.00076270217798245,0.00122510055892506,-0.00512540684518834));
#2352=CARTESIAN_POINT('',(-0.000895426441088692,0.0011252377852188,-0.00511656215872553));
#2353=CARTESIAN_POINT('',(-0.000963064987256935,0.0010676343157777,-0.00511187095783811));
#2354=CARTESIAN_POINT('',(-0.00102568920845186,0.00100701222688542,-0.00510734901402365));
#2355=CARTESIAN_POINT('',(-0.0010308905529801,0.00100095373718375,-0.00510686016148941));
#2356=CARTESIAN_POINT('',(-0.00108552576107617,0.000944762322196795,-0.00510245296453713));
#2357=CARTESIAN_POINT('',(-0.00120718104971039,0.000789120632620433,-0.00509105852849284));
#2358=CARTESIAN_POINT('',(-0.00127893993469186,0.000657861352395547,-0.00508250661075467));
#2359=CARTESIAN_POINT('',(-0.00134416423484726,0.000520550906812825,-0.00507404445677804));
#2360=CARTESIAN_POINT('',(-0.0014203378777094,0.000278597907224055,-0.00506028362789609));
#2361=CARTESIAN_POINT('',(-0.00145419319494596,-9.24058334791874E-5,-0.00504117227510261));
#2362=CARTESIAN_POINT('',(-0.00136557153178102,-0.000557593029669783,-0.00501317698561015));
#2363=CARTESIAN_POINT('',(-0.00109578041240705,-0.000963507243392574,-0.00498770991067768));
#2364=CARTESIAN_POINT('',(-0.000839424297832865,-0.00117264513689424,-0.00496989162882564));
#2365=CARTESIAN_POINT('',(-0.000699565648318468,-0.00125700502158709,-0.00496051661285356));
#2366=CARTESIAN_POINT('',(-0.000613075818461448,-0.00130000629687371,-0.00495471250385275));
#2367=CARTESIAN_POINT('',(-0.000577127549879478,-0.00131621720635792,-0.00495248131768495));
#2368=CARTESIAN_POINT('',(-0.000490990537535073,-0.00135321180458432,-0.00494735621019503));
#2369=CARTESIAN_POINT('',(-0.000362604405690338,-0.00139164368063052,-0.0049402536966283));
#2370=CARTESIAN_POINT('',(-0.000251658825682983,-0.00141635426107184,-0.00493428006524039));
#2371=CARTESIAN_POINT('',(-0.000147982532415512,-0.00143127952710624,-0.00492865386027086));
#2372=CARTESIAN_POINT('',(4.23403735687969E-5,-0.00144230816604102,-0.00491823388892836));
#2373=CARTESIAN_POINT('',(0.000284638395954738,-0.00141770112074693,-0.00490443525986247));
#2374=CARTESIAN_POINT('',(0.000542914859008764,-0.0013396304551289,-0.00488886277761863));
#2375=CARTESIAN_POINT('',(0.000808445643335615,-0.00120377292592438,-0.00487304823318298));
#2376=CARTESIAN_POINT('',(0.00101863017790031,-0.00101931158994803,-0.00485798449040082));
#2377=CARTESIAN_POINT('',(0.00111126769216329,-0.000913536876065942,-0.00485007029583424));
#2378=CARTESIAN_POINT('',(0.00122554983266644,-0.000761566256203859,-0.00483917158662244));
#2379=CARTESIAN_POINT('',(0.00138023563563194,-0.000470325232221238,-0.0048208117124588));
#2380=CARTESIAN_POINT('',(0.00143700000000001,-0.000188102882748643,-0.0048055255019384));
#2381=CARTESIAN_POINT('',(0.001437,4.57712642628894E-17,-0.00479562075393276));
#2382=CARTESIAN_POINT('',(0.001437,1.7615964007243E-18,-0.0052957254573806));
#2383=CARTESIAN_POINT('',(0.001437,-1.00345173678352E-17,-0.00579562413214914));
#2384=CARTESIAN_POINT('',(0.001437,9.4071597111076E-5,-0.00579037892191059));
#2385=CARTESIAN_POINT('',(0.00142173460936127,0.000237872492127628,-0.0057822385332707));
#2386=CARTESIAN_POINT('',(0.00137957224825803,0.000413401040682317,-0.0057719388554587));
#2387=CARTESIAN_POINT('',(0.00132109848322854,0.000567996753797387,-0.00576229254340958));
#2388=CARTESIAN_POINT('',(0.00130144528672005,0.000614779234913677,-0.00575951923984656));
#2389=CARTESIAN_POINT('',(0.00119498276397096,0.000808472984866819,-0.00574769789742854));
#2390=CARTESIAN_POINT('',(0.00108801608293317,0.000940764726500461,-0.00573865789457697));
#2391=CARTESIAN_POINT('',(0.00102397438376627,0.00101063262805634,-0.00573350708348756));
#2392=CARTESIAN_POINT('',(0.000911530459241352,0.00111460977047569,-0.00572501540704591));
#2393=CARTESIAN_POINT('',(0.00079838886817978,0.00119685319453488,-0.00571712761678832));
#2394=CARTESIAN_POINT('',(0.000683790374055662,0.00126774367670047,-0.00570947009584256));
#2395=CARTESIAN_POINT('',(0.000529610540614281,0.00133675015796042,-0.00569959256016123));
#2396=CARTESIAN_POINT('',(0.000496093433804452,0.00135142979158464,-0.00569766976280616));
#2397=CARTESIAN_POINT('',(0.00027007419703251,0.00141767175411815,-0.00568521291054339));
#2398=CARTESIAN_POINT('',(0.000105535578971018,0.00143424231394368,-0.00567650742385153));
#2399=CARTESIAN_POINT('',(9.4309140931595E-6,0.00143876197659453,-0.00567127739751418));
#2400=CARTESIAN_POINT('',(-0.000143183849626524,0.00143270977934862,-0.00566274006112634));
#2401=CARTESIAN_POINT('',(-0.000281443781618948,0.00141091662739796,-0.00565478627795728));
#2402=CARTESIAN_POINT('',(-0.000412482966528785,0.00138007905556179,-0.00564707087819665));
#2403=CARTESIAN_POINT('',(-0.000570577539778643,0.00131977401300473,-0.00563708367781657));
#2404=CARTESIAN_POINT('',(-0.00060359216044825,0.00130697443310045,-0.00563521058273886));
#2405=CARTESIAN_POINT('',(-0.000811686439221371,0.00119341763159529,-0.00562253053085032));
#2406=CARTESIAN_POINT('',(-0.000941081318395186,0.00108742212359505,-0.00561363547208048));
#2407=CARTESIAN_POINT('',(-0.0010101953312259,0.00102447903611049,-0.00560851565529899));
#2408=CARTESIAN_POINT('',(-0.00111446861447114,0.000911679789631643,-0.0055999165550762));
#2409=CARTESIAN_POINT('',(-0.0011966403537111,0.000798767318249793,-0.00559204049201205));
#2410=CARTESIAN_POINT('',(-0.00126784502701095,0.000683461206948154,-0.00558436805033261));
#2411=CARTESIAN_POINT('',(-0.00133594794623255,0.000531689571390624,-0.00557477457253366));
#2412=CARTESIAN_POINT('',(-0.00135401118283421,0.000489376849973022,-0.00557230068488401));
#2413=CARTESIAN_POINT('',(-0.00141705309015174,0.000268623770694146,-0.00556010504522034));
#2414=CARTESIAN_POINT('',(-0.00143397300761845,0.000118871033317312,-0.00555215472010159));
#2415=CARTESIAN_POINT('',(-0.00143782603599217,-1.09401642032736E-5,-0.00554508674694977));
#2416=CARTESIAN_POINT('',(-0.00143672272702928,-7.65571446882796E-5,-0.00554136239970294));
#2417=CARTESIAN_POINT('',(-0.00141780925623123,-0.000261991832751701,-0.00553066820048658));
#2418=CARTESIAN_POINT('',(-0.0013708412540068,-0.000440345327615943,-0.0055200310567657));
#2419=CARTESIAN_POINT('',(-0.00132349382064786,-0.000563849066323058,-0.00551258164524334));
#2420=CARTESIAN_POINT('',(-0.00127102603801626,-0.000674909179707676,-0.00550588146041568));
#2421=CARTESIAN_POINT('',(-0.00119637962491968,-0.000800798739175432,-0.0054980290375287));
#2422=CARTESIAN_POINT('',(-0.00111204158910902,-0.000912538507599143,-0.00549075450807357));
#2423=CARTESIAN_POINT('',(-0.00101063421920081,-0.00102872447738313,-0.00548243802062201));
#2424=CARTESIAN_POINT('',(-0.000778812002460208,-0.00122495608028275,-0.0054650111214287));
#2425=CARTESIAN_POINT('',(-0.000510907409600217,-0.0013499621148501,-0.00544852973895643));
#2426=CARTESIAN_POINT('',(-0.000293237315094024,-0.00141456288838097,-0.00543646036923052));
#2427=CARTESIAN_POINT('',(9.39692945405407E-5,-0.00145807460769804,-0.0054155842233248));
#2428=CARTESIAN_POINT('',(0.000467314297893328,-0.00137915980377622,-0.00539337101030869));
#2429=CARTESIAN_POINT('',(0.000806597773271548,-0.00120556552293633,-0.00537315690111228));
#2430=CARTESIAN_POINT('',(0.00102921263232318,-0.0010084262614533,-0.00535717581974484));
#2431=CARTESIAN_POINT('',(0.00111075259643186,-0.000913779022009971,-0.00535014443767177));
#2432=CARTESIAN_POINT('',(0.00122582076471687,-0.00076146205511954,-0.00533914717819695));
#2433=CARTESIAN_POINT('',(0.00138001953629872,-0.000470433278068679,-0.0053207893520165));
#2434=CARTESIAN_POINT('',(0.001437,-0.000188108590199882,-0.00530555034592035));
#2435=CARTESIAN_POINT('',(0.001437,-1.86825113871191E-17,-0.0052957254573806));
#2436=CARTESIAN_POINT('',(0.001437,-8.09693922207339E-18,-0.00579562413214913));
#2437=CARTESIAN_POINT('',(0.001437,-3.17318279826895E-17,-0.00629569869513783));
#2438=CARTESIAN_POINT('',(0.001437,2.01287504690383E-5,-0.00629458683984816));
#2439=CARTESIAN_POINT('',(0.0014371823875472,8.05119089320051E-5,-0.00629117903557706));
#2440=CARTESIAN_POINT('',(0.001417274651471,0.000261401431744933,-0.00628070580400269));
#2441=CARTESIAN_POINT('',(0.00137306168958269,0.000435814393345321,-0.00627029877953786));
#2442=CARTESIAN_POINT('',(0.00132653613890285,0.000552575574553179,-0.00626325394045523));
#2443=CARTESIAN_POINT('',(0.00130687803413572,0.000600381931845216,-0.00626039011128733));
#2444=CARTESIAN_POINT('',(0.00121925578203353,0.000771287312671933,-0.00624995979854062));
#2445=CARTESIAN_POINT('',(0.00111170548510048,0.000916341289296113,-0.00624017798206781));
#2446=CARTESIAN_POINT('',(0.00099788731774441,0.00103692503853908,-0.00623115299162345));
#2447=CARTESIAN_POINT('',(0.000936321588716757,0.00109054023955942,-0.00622672286410203));
#2448=CARTESIAN_POINT('',(0.000902079302644229,0.0011185866804125,-0.0062242901495099));
#2449=CARTESIAN_POINT('',(0.000907103566389725,0.00111470415011443,-0.00622469127527433));
#2450=CARTESIAN_POINT('',(0.000850994915223472,0.00115895075545736,-0.00622057688895407));
#2451=CARTESIAN_POINT('',(0.000758904034911116,0.00122236743105424,-0.0062141959584954));
#2452=CARTESIAN_POINT('',(0.000650329978160363,0.00128424499944835,-0.0062071469916539));
#2453=CARTESIAN_POINT('',(0.000476848806098822,0.00136053710679065,-0.00619659774505637));
#2454=CARTESIAN_POINT('',(0.000292404292928583,0.00141427802427219,-0.00618641662968878));
#2455=CARTESIAN_POINT('',(-8.74065647003218E-5,0.00145879802233085,-0.00616591104207788));
#2456=CARTESIAN_POINT('',(-0.000478176296600895,0.00137511804834122,-0.00614280223623709));
#2457=CARTESIAN_POINT('',(-0.000758848986773945,0.00122926165263997,-0.0061259405109908));
#2458=CARTESIAN_POINT('',(-0.000947856111942921,0.00108460899954104,-0.00611320254930309));
#2459=CARTESIAN_POINT('',(-0.00104732126492216,0.000985718937698979,-0.00610552452582053));
#2460=CARTESIAN_POINT('',(-0.00111113154255696,0.000913724898305914,-0.00610012791445491));
#2461=CARTESIAN_POINT('',(-0.00122542134247738,0.000762078887978222,-0.00608924011522027));
#2462=CARTESIAN_POINT('',(-0.00137962532584296,0.000467183470838024,-0.0060704552634241));
#2463=CARTESIAN_POINT('',(-0.00145925168981815,0.000114731768135496,-0.00605284812394332));
#2464=CARTESIAN_POINT('',(-0.00141825922822786,-0.000262968785418863,-0.00603032265038572));
#2465=CARTESIAN_POINT('',(-0.0013719307370305,-0.000435958074319155,-0.00602023195280471));
#2466=CARTESIAN_POINT('',(-0.00132787764052848,-0.000549756115914863,-0.00601343501774348));
#2467=CARTESIAN_POINT('',(-0.00130661188648285,-0.000600884996867214,-0.00601039218561627));
#2468=CARTESIAN_POINT('',(-0.00122022464219722,-0.000769583697682355,-0.00600007605760548));
#2469=CARTESIAN_POINT('',(-0.00106970285639829,-0.000972825529752674,-0.00598635065199876));
#2470=CARTESIAN_POINT('',(-0.000954242694072572,-0.00107583029199058,-0.00597795759927908));
#2471=CARTESIAN_POINT('',(-0.000903925400853405,-0.00111706125396984,-0.00597438284346582));
#2472=CARTESIAN_POINT('',(-0.000904009671115482,-0.00111745363367449,-0.00597440731950061));
#2473=CARTESIAN_POINT('',(-0.000796118243047922,-0.00120000495172465,-0.00596666229300476));
#2474=CARTESIAN_POINT('',(-0.000679090958480117,-0.00126861897260503,-0.00595906451629959));
#2475=CARTESIAN_POINT('',(-0.000508069074375627,-0.00135048615300904,-0.00594852670995705));
#2476=CARTESIAN_POINT('',(-0.000323802780637351,-0.00140446998630003,-0.00593808797395206));
#2477=CARTESIAN_POINT('',(-0.000146693447384473,-0.00143285430637513,-0.00592844282206368));
#2478=CARTESIAN_POINT('',(2.26003458948956E-5,-0.00143763767530077,-0.00591951435253757));
#2479=CARTESIAN_POINT('',(5.77516465980707E-5,-0.00143859486887842,-0.00591749099144413));
#2480=CARTESIAN_POINT('',(0.000294859148974131,-0.00141252054494269,-0.00590374884522319));
#2481=CARTESIAN_POINT('',(0.000443435218212841,-0.00136794099778757,-0.00589482351061029));
#2482=CARTESIAN_POINT('',(0.000580061738496797,-0.00131968823487546,-0.00588663277635562));
#2483=CARTESIAN_POINT('',(0.000766714092675982,-0.00122101235963979,-0.00587511744063504));
#2484=CARTESIAN_POINT('',(0.000908383473893682,-0.00111771481601224,-0.00586575421114031));
#2485=CARTESIAN_POINT('',(0.00103398113809488,-0.000998924740791372,-0.0058567601082297));
#2486=CARTESIAN_POINT('',(0.00105205246668835,-0.000983575046452303,-0.00585535319668645));
#2487=CARTESIAN_POINT('',(0.00121067902919023,-0.000785109824339389,-0.00584075000949556));
#2488=CARTESIAN_POINT('',(0.00127472626045226,-0.000665268241637471,-0.00583298278536785));
#2489=CARTESIAN_POINT('',(0.00138331501492014,-0.000440016357592859,-0.00581907780158819));
#2490=CARTESIAN_POINT('',(0.001437,-0.000188162784161686,-0.00580553539571399));
#2491=CARTESIAN_POINT('',(0.001437,-4.64307510691925E-18,-0.00579562413214914));
#2492=CARTESIAN_POINT('',(0.001437,-2.81659739577437E-17,-0.00629569869513783));
#2493=CARTESIAN_POINT('',(0.001437,-1.70542355079351E-17,-0.00679569730450641));
#2494=CARTESIAN_POINT('',(0.001437,2.10972289618542E-5,-0.00679452024712083));
#2495=CARTESIAN_POINT('',(0.00143724414688694,8.1868896440464E-5,-0.00679107708985828));
#2496=CARTESIAN_POINT('',(0.00141635114688992,0.000265715207707198,-0.00678041366098906));
#2497=CARTESIAN_POINT('',(0.0013753696261723,0.000424374691502225,-0.00677094623564817));
#2498=CARTESIAN_POINT('',(0.00131384486151087,0.000594185220860912,-0.00676082736752692));
#2499=CARTESIAN_POINT('',(0.00120242437945455,0.000804136770513962,-0.00674800717528305));
#2500=CARTESIAN_POINT('',(0.00102235791138755,0.00102250174868844,-0.00673253745044454));
#2501=CARTESIAN_POINT('',(0.000840046925697618,0.00117355409666961,-0.0067199952152043));
#2502=CARTESIAN_POINT('',(0.000678162437502777,0.00126779813122679,-0.00670873781471042));
#2503=CARTESIAN_POINT('',(0.00061906217874339,0.00129956337545764,-0.0067050061409523));
#2504=CARTESIAN_POINT('',(0.000482868020847928,0.00135464090525774,-0.00669698216419871));
#2505=CARTESIAN_POINT('',(0.000395567151543699,0.00138256546321173,-0.00669203151431358));
#2506=CARTESIAN_POINT('',(0.000278588654735496,0.00141178429972109,-0.00668554727284632));
#2507=CARTESIAN_POINT('',(0.000147034835551434,0.00143281303509291,-0.00667844903619113));
#2508=CARTESIAN_POINT('',(-2.34214825188885E-5,0.00143762309881991,-0.00666951742707987));
#2509=CARTESIAN_POINT('',(-5.52107567419195E-5,0.00143869436860156,-0.006667661008076));
#2510=CARTESIAN_POINT('',(-0.000294947732405056,0.00141272198012509,-0.00665374924412415));
#2511=CARTESIAN_POINT('',(-0.000447039584679139,0.00136675386567064,-0.00664459815008645));
#2512=CARTESIAN_POINT('',(-0.000542924638186385,0.00133262194495488,-0.00663884364043145));
#2513=CARTESIAN_POINT('',(-0.000680670456427157,0.00126848411747812,-0.0066304898547799));
#2514=CARTESIAN_POINT('',(-0.000798486496437098,0.00119752156957381,-0.00662303348984084));
#2515=CARTESIAN_POINT('',(-0.000895616916845644,0.00112514750304064,-0.00661656604868067));
#2516=CARTESIAN_POINT('',(-0.000962754394481587,0.00106793041917294,-0.00661189543550272));
#2517=CARTESIAN_POINT('',(-0.00102608689111212,0.00100652791490112,-0.00660729192949535));
#2518=CARTESIAN_POINT('',(-0.0010288455221375,0.00100335968821035,-0.00660701039870861));
#2519=CARTESIAN_POINT('',(-0.00107273639710609,0.000956866568624778,-0.00660339687525646));
#2520=CARTESIAN_POINT('',(-0.00112444485221234,0.000897237135414349,-0.00659887336874051));
#2521=CARTESIAN_POINT('',(-0.00122562687172804,0.000757201015373847,-0.00658891662194035));
#2522=CARTESIAN_POINT('',(-0.00127132048879222,0.000671538746557023,-0.00658339623567933));
#2523=CARTESIAN_POINT('',(-0.00134865205215143,0.000513033769075127,-0.0065735749307765));
#2524=CARTESIAN_POINT('',(-0.00140466742698777,0.000323689431882933,-0.00656295217343356));
#2525=CARTESIAN_POINT('',(-0.00143277921718141,0.000146596471418078,-0.00655334978310024));
#2526=CARTESIAN_POINT('',(-0.00143764277853124,-2.0417183449044E-5,-0.00654456132929946));
#2527=CARTESIAN_POINT('',(-0.00143864966869365,-6.4927737621902E-5,-0.00654205799455567));
#2528=CARTESIAN_POINT('',(-0.00140123699263111,-0.000370994749038295,-0.00652427041366951));
#2529=CARTESIAN_POINT('',(-0.0013370163790874,-0.000538709147719682,-0.00651415760798525));
#2530=CARTESIAN_POINT('',(-0.00122562178856363,-0.000762860256126022,-0.00650042351291375));
#2531=CARTESIAN_POINT('',(-0.00112510660915773,-0.000895515152681243,-0.0064915594794292));
#2532=CARTESIAN_POINT('',(-0.00106762314305929,-0.000963097353451025,-0.00648686270982591));
#2533=CARTESIAN_POINT('',(-0.00100668731799189,-0.00102600447918235,-0.00648230443428307));
#2534=CARTESIAN_POINT('',(-0.00100167514237826,-0.00103018644269679,-0.00648189390046914));
#2535=CARTESIAN_POINT('',(-0.000945723707585305,-0.00108466335519525,-0.00647750306839123));
#2536=CARTESIAN_POINT('',(-0.000789950229563168,-0.0012068532929303,-0.00646611194376927));
#2537=CARTESIAN_POINT('',(-0.000654465080499358,-0.00128061224584603,-0.00645730922125311));
#2538=CARTESIAN_POINT('',(-0.000522982306491116,-0.00134327153359458,-0.00644916394535975));
#2539=CARTESIAN_POINT('',(-0.000321591835840684,-0.00140547581841127,-0.00643778632427657));
#2540=CARTESIAN_POINT('',(-0.000148141474433454,-0.0014326377453144,-0.00642845035021823));
#2541=CARTESIAN_POINT('',(2.41076382521109E-5,-0.00143750930148821,-0.00641949235500592));
#2542=CARTESIAN_POINT('',(4.98299286754013E-5,-0.00143932484355217,-0.0064179619824329));
#2543=CARTESIAN_POINT('',(0.000300558328087901,-0.0014112544780374,-0.00640338160236747));
#2544=CARTESIAN_POINT('',(0.000430352529177964,-0.0013719188992002,-0.00639557776928963));
#2545=CARTESIAN_POINT('',(0.000586930906969388,-0.00131764351274939,-0.00638626875602973));
#2546=CARTESIAN_POINT('',(0.000764932886236609,-0.00122191010211928,-0.00637528801739318));
#2547=CARTESIAN_POINT('',(0.000908978802874182,-0.00111719238747017,-0.00636570847287561));
#2548=CARTESIAN_POINT('',(0.00103173811968378,-0.0010013323002859,-0.00635679673933912));
#2549=CARTESIAN_POINT('',(0.00105987882661329,-0.000975017515360154,-0.00635462923055772));
#2550=CARTESIAN_POINT('',(0.00120973049050648,-0.000785049209526814,-0.00634076379765135));
#2551=CARTESIAN_POINT('',(0.00126902962388812,-0.000676558927610116,-0.00633371959442016));
#2552=CARTESIAN_POINT('',(0.00139050385765703,-0.00042574132448183,-0.00631818027379716));
#2553=CARTESIAN_POINT('',(0.001437,-0.000188135471804052,-0.00630549754024916));
#2554=CARTESIAN_POINT('',(0.001437,-2.57022295272191E-17,-0.00629569869513783));
#2555=CARTESIAN_POINT('',(0.001437,-7.39301224192349E-18,-0.00679569730450641));
#2556=CARTESIAN_POINT('',(0.001437,-1.00345173678352E-17,-0.00729562514189955));
#2557=CARTESIAN_POINT('',(0.001437,2.25064433068229E-5,-0.00729438165503354));
#2558=CARTESIAN_POINT('',(0.00143667955774823,8.62066457167795E-5,-0.0072907948590298));
#2559=CARTESIAN_POINT('',(0.00141740536923957,0.000261844978647306,-0.0072806602662895));
#2560=CARTESIAN_POINT('',(0.00137115305299461,0.000438563620471786,-0.00727013607057319));
#2561=CARTESIAN_POINT('',(0.00133475032851672,0.000536220891288094,-0.00726426632918485));
#2562=CARTESIAN_POINT('',(0.00129377402977023,0.00062620019565203,-0.00725880968142919));
#2563=CARTESIAN_POINT('',(0.0012890822325394,0.000633962325745769,-0.00725833723487667));
#2564=CARTESIAN_POINT('',(0.001248976073234,0.000722187896337963,-0.00725317491296458));
#2565=CARTESIAN_POINT('',(0.00109887165215546,0.000933287069276815,-0.00723941631669727));
#2566=CARTESIAN_POINT('',(0.000997360375438595,0.0010376952068092,-0.00723149760597297));
#2567=CARTESIAN_POINT('',(0.00079967476758883,0.00120735099362082,-0.00721655357488616));
#2568=CARTESIAN_POINT('',(0.000555983876077142,0.00133479129891993,-0.00720124768415604));
#2569=CARTESIAN_POINT('',(0.000323841734286204,0.00140458226188709,-0.0071880293623791));
#2570=CARTESIAN_POINT('',(0.00014768606103662,0.00143280705550126,-0.00717846218887919));
#2571=CARTESIAN_POINT('',(-2.39413492718599E-5,0.00143746797145524,-0.00716944897949367));
#2572=CARTESIAN_POINT('',(-5.04593560837357E-5,0.00143932093484219,-0.00716788772839179));
#2573=CARTESIAN_POINT('',(-0.000300765893572047,0.00141115525552566,-0.00715336069165692));
#2574=CARTESIAN_POINT('',(-0.000429478898306854,0.00137220307756492,-0.00714564162212522));
#2575=CARTESIAN_POINT('',(-0.000587744033843839,0.00131737017153647,-0.00713622825509606));
#2576=CARTESIAN_POINT('',(-0.00076517149166266,0.00122167828757606,-0.00712526280466457));
#2577=CARTESIAN_POINT('',(-0.000908995070398857,0.00111724079876382,-0.00711570502909146));
#2578=CARTESIAN_POINT('',(-0.00103275741367684,0.00100026045865331,-0.00710672946264405));
#2579=CARTESIAN_POINT('',(-0.00105702040238312,0.000978021551402292,-0.00710485480210789));
#2580=CARTESIAN_POINT('',(-0.00120947003205426,0.000786248314271625,-0.00709084114456857));
#2581=CARTESIAN_POINT('',(-0.00127326030947962,0.000668264161759831,-0.00708320429325838));
#2582=CARTESIAN_POINT('',(-0.00134774627365253,0.000514316754917517,-0.00707364318255319));
#2583=CARTESIAN_POINT('',(-0.00140497721011883,0.00032363362188073,-0.00706289827429727));
#2584=CARTESIAN_POINT('',(-0.00143263414247381,0.000145515561547347,-0.00705328529605974));
#2585=CARTESIAN_POINT('',(-0.0014381734267648,-1.72688887519994E-5,-0.00704491637240507));
#2586=CARTESIAN_POINT('',(-0.0014366720605585,-7.76851497968895E-5,-0.00704131585430615));
#2587=CARTESIAN_POINT('',(-0.00141666031905359,-0.000265878960383022,-0.00703045908173661));
#2588=CARTESIAN_POINT('',(-0.00137410827545707,-0.00043112429578463,-0.00702056041673542));
#2589=CARTESIAN_POINT('',(-0.00132865137660738,-0.000547956419467518,-0.00701353767055522));
#2590=CARTESIAN_POINT('',(-0.0013062445350896,-0.000601628909034094,-0.00701032387433036));
#2591=CARTESIAN_POINT('',(-0.00122184039270333,-0.000766528875925512,-0.00700026958515299));
#2592=CARTESIAN_POINT('',(-0.00107465198186361,-0.000967098580579605,-0.00698678688828431));
#2593=CARTESIAN_POINT('',(-0.00095962981007647,-0.00107117397707489,-0.00697838195048223));
#2594=CARTESIAN_POINT('',(-0.000906854745030486,-0.00111469136507495,-0.00697461383081539));
#2595=CARTESIAN_POINT('',(-0.000903742409951385,-0.00111768333650652,-0.00697440724935735));
#2596=CARTESIAN_POINT('',(-0.000796249838038548,-0.00119989747286617,-0.00696664265458771));
#2597=CARTESIAN_POINT('',(-0.000679105223735175,-0.0012686224152059,-0.00695900348889115));
#2598=CARTESIAN_POINT('',(-0.000508097194368369,-0.00135045797294863,-0.00694843400308133));
#2599=CARTESIAN_POINT('',(-0.000324012460758246,-0.00140446152671117,-0.00693799648876872));
#2600=CARTESIAN_POINT('',(-0.000146451353317804,-0.00143284994342114,-0.0069283398173239));
#2601=CARTESIAN_POINT('',(2.14521099498549E-5,-0.00143763536141832,-0.00691951162233832));
#2602=CARTESIAN_POINT('',(6.18155471065948E-5,-0.00143860853116367,-0.00691722831065907));
#2603=CARTESIAN_POINT('',(0.000297628952415436,-0.00141131004305873,-0.00690355916813672));
#2604=CARTESIAN_POINT('',(0.000429237571487848,-0.00137258139088609,-0.00689567666068427));
#2605=CARTESIAN_POINT('',(0.000589033927080734,-0.00131634765701908,-0.00688611998877085));
#2606=CARTESIAN_POINT('',(0.000762161056774363,-0.00122522909521946,-0.00687544837051799));
#2607=CARTESIAN_POINT('',(0.000895750467131815,-0.00112500314958486,-0.00686654375605069));
#2608=CARTESIAN_POINT('',(0.000963233724805084,-0.00106748266187191,-0.00686185733004037));
#2609=CARTESIAN_POINT('',(0.00102614762402236,-0.0010065466871131,-0.00685730641916539));
#2610=CARTESIAN_POINT('',(0.00103032750260225,-0.00100152784302306,-0.00685689451985274));
#2611=CARTESIAN_POINT('',(0.00108481608118379,-0.000945555994374229,-0.00685250097225612));
#2612=CARTESIAN_POINT('',(0.00120703484194349,-0.000789648336403045,-0.00684109144219335));
#2613=CARTESIAN_POINT('',(0.00128078551276801,-0.000654247556715237,-0.00683228777099807));
#2614=CARTESIAN_POINT('',(0.0013433018564367,-0.000522193861984996,-0.00682412623221625));
#2615=CARTESIAN_POINT('',(0.00142087848165634,-0.000277035917755627,-0.0068102602558049));
#2616=CARTESIAN_POINT('',(0.001437,-9.40427358256293E-5,-0.00680060862306938));
#2617=CARTESIAN_POINT('',(0.001437,-1.86825113871191E-17,-0.00679569730450641));
#2618=CARTESIAN_POINT('',(0.001437,-7.04104875184854E-18,-0.00729562514189955));
#2619=CARTESIAN_POINT('',(0.001437,4.64307510691925E-18,-0.00779572551051699));
#2620=CARTESIAN_POINT('',(0.001437,2.3484571913722E-5,-0.00779442196141943));
#2621=CARTESIAN_POINT('',(0.0014368952893465,8.74932056729691E-5,-0.00779080466200948));
#2622=CARTESIAN_POINT('',(0.00141591697813173,0.000266342327352678,-0.00778041136600438));
#2623=CARTESIAN_POINT('',(0.00137565564967965,0.000425933855755913,-0.00777086095284598));
#2624=CARTESIAN_POINT('',(0.00133110561123649,0.000542241138243825,-0.00776388808120339));
#2625=CARTESIAN_POINT('',(0.00130615893414588,0.000601897785102821,-0.00776032050718333));
#2626=CARTESIAN_POINT('',(0.00122211574589711,0.000765953460442239,-0.00775030694248958));
#2627=CARTESIAN_POINT('',(0.00107536671996205,0.000966325859997273,-0.00773683498698303));
#2628=CARTESIAN_POINT('',(0.000960414958070264,0.00107048767540198,-0.00772842246429059));
#2629=CARTESIAN_POINT('',(0.000907266080840542,0.00111435852612935,-0.00772462524857186));
#2630=CARTESIAN_POINT('',(0.000903666637510542,0.00111774610791046,-0.00772438006432987));
#2631=CARTESIAN_POINT('',(0.000796275031251899,0.00119987684280725,-0.00771665248841822));
#2632=CARTESIAN_POINT('',(0.000679102401613543,0.00126862415761593,-0.00770903046595186));
#2633=CARTESIAN_POINT('',(0.000508130355458685,0.00135044848148224,-0.00769848298658539));
#2634=CARTESIAN_POINT('',(0.000323946733094054,0.00140445676860808,-0.00768804487675333));
#2635=CARTESIAN_POINT('',(0.000146639246497381,0.00143284450913638,-0.00767839435311783));
#2636=CARTESIAN_POINT('',(-2.1996077572046E-5,0.001437641831906,-0.00766951144000839));
#2637=CARTESIAN_POINT('',(-5.95805190677066E-5,0.00143858811355835,-0.00766736622049276));
#2638=CARTESIAN_POINT('',(-0.000295773010685725,0.00141205398294494,-0.00765368446848169));
#2639=CARTESIAN_POINT('',(-0.000437858468691351,0.00136983236966282,-0.00764516381581713));
#2640=CARTESIAN_POINT('',(-0.000583755772079837,0.00131804975586161,-0.00763641565345611));
#2641=CARTESIAN_POINT('',(-0.000762827127640432,0.0012250553309634,-0.00762539862147486));
#2642=CARTESIAN_POINT('',(-0.000895403699511136,0.00112525260463407,-0.00761656328120765));
#2643=CARTESIAN_POINT('',(-0.000963070563915913,0.0010676286910045,-0.00761187038441286));
#2644=CARTESIAN_POINT('',(-0.00102562882337066,0.00100707372630792,-0.0076073535718549));
#2645=CARTESIAN_POINT('',(-0.00103105835325163,0.00100078152774234,-0.00760684761281932));
#2646=CARTESIAN_POINT('',(-0.00108571999859585,0.000944546587906105,-0.00760243792712842));
#2647=CARTESIAN_POINT('',(-0.00120727748915653,0.000788894769943904,-0.00759104352491042));
#2648=CARTESIAN_POINT('',(-0.0012784492569054,0.000658815566876253,-0.00758256601286575));
#2649=CARTESIAN_POINT('',(-0.0013444492987716,0.000519997408907911,-0.00757401223575009));
#2650=CARTESIAN_POINT('',(-0.00142024423119483,0.00027876358280051,-0.00756029737237929));
#2651=CARTESIAN_POINT('',(-0.00145426045996463,-9.25036623093014E-5,-0.00754115259666744));
#2652=CARTESIAN_POINT('',(-0.00136543442777131,-0.000557831975010894,-0.0075131694469657));
#2653=CARTESIAN_POINT('',(-0.00109580746975307,-0.000963464590584598,-0.00748770629187036));
#2654=CARTESIAN_POINT('',(-0.000839436095506002,-0.00117263813042283,-0.00746989701329857));
#2655=CARTESIAN_POINT('',(-0.000699567719966184,-0.0012570053942796,-0.00746051903996601));
#2656=CARTESIAN_POINT('',(-0.000613049815870561,-0.00130001754692346,-0.0074547090954703));
#2657=CARTESIAN_POINT('',(-0.000577432112418949,-0.00131607738379574,-0.0074524993225057));
#2658=CARTESIAN_POINT('',(-0.00049131472409427,-0.00135310358777033,-0.00744737499024855));
#2659=CARTESIAN_POINT('',(-0.000362677195279504,-0.00139162863663154,-0.00744025960084848));
#2660=CARTESIAN_POINT('',(-0.000251637399616258,-0.00141635863554313,-0.00743428171058052));
#2661=CARTESIAN_POINT('',(-0.00014808125466929,-0.00143126142586286,-0.00742866201395449));
#2662=CARTESIAN_POINT('',(4.21859422500965E-5,-0.00144233267415186,-0.00741824503770572));
#2663=CARTESIAN_POINT('',(0.000284978074677676,-0.00141756568350726,-0.00740441327999597));
#2664=CARTESIAN_POINT('',(0.000541715431809326,-0.00134013431968845,-0.00738893494082934));
#2665=CARTESIAN_POINT('',(0.000808747181166506,-0.00120359212874309,-0.00737302715832043));
#2666=CARTESIAN_POINT('',(0.0010180546916801,-0.00101988449381137,-0.00735802417399249));
#2667=CARTESIAN_POINT('',(0.00111130069165253,-0.000913521100825211,-0.00735006422708676));
#2668=CARTESIAN_POINT('',(0.0012255348968802,-0.000761569547113871,-0.00733917471519485));
#2669=CARTESIAN_POINT('',(0.00138024899835788,-0.000470317756320183,-0.0073208193331985));
#2670=CARTESIAN_POINT('',(0.001437,-0.00018810192669656,-0.00730553325309102));
#2671=CARTESIAN_POINT('',(0.001437,-4.64307510691925E-18,-0.00729562514189955));
#2672=CARTESIAN_POINT('',(0.001437,8.62666340753537E-18,-0.00779572551051699));
#2673=CARTESIAN_POINT('',(0.001437,-3.01479922773523E-18,-0.00829561988261241));
#2674=CARTESIAN_POINT('',(0.001437,9.40722985512297E-5,-0.00829037773788602));
#2675=CARTESIAN_POINT('',(0.00142174331487255,0.000237859831818908,-0.00828224091010402));
#2676=CARTESIAN_POINT('',(0.00137955650720995,0.000413428098988977,-0.00827193886782918));
#2677=CARTESIAN_POINT('',(0.00132115335471885,0.00056790937424871,-0.00826229730120169));
#2678=CARTESIAN_POINT('',(0.00130123187634949,0.000615125023627121,-0.00825949496220729));
#2679=CARTESIAN_POINT('',(0.00119539295757234,0.000807959398119504,-0.00824773279816866));
#2680=CARTESIAN_POINT('',(0.00108665488148009,0.000942374243340801,-0.00823854806476617));
#2681=CARTESIAN_POINT('',(0.00102433973392183,0.00101019989540194,-0.00823354513285736));
#2682=CARTESIAN_POINT('',(0.000911442805583744,0.00111471864377858,-0.00822501293948349));
#2683=CARTESIAN_POINT('',(0.000798410775522578,0.00119682037331803,-0.00821713310168842));
#2684=CARTESIAN_POINT('',(0.000683854472620258,0.0012677232909475,-0.00820947542521552));
#2685=CARTESIAN_POINT('',(0.000529426356479935,0.0013368142340466,-0.0081995790700475));
#2686=CARTESIAN_POINT('',(0.000496892065706722,0.00135114170512125,-0.0081977175905101));
#2687=CARTESIAN_POINT('',(0.000270066749226262,0.00141773488581574,-0.0081852122283335));
#2688=CARTESIAN_POINT('',(0.000104685081140145,0.00143429411438956,-0.0081764609566855));
#2689=CARTESIAN_POINT('',(9.69686505672399E-6,0.00143874772872216,-0.00817129185514098));
#2690=CARTESIAN_POINT('',(-0.000143229412484831,0.00143271496729386,-0.00816273521889014));
#2691=CARTESIAN_POINT('',(-0.000281404308862051,0.00141092224885526,-0.00815478636989685));
#2692=CARTESIAN_POINT('',(-0.000412517034477182,0.00138006694230641,-0.0081470673848236));
#2693=CARTESIAN_POINT('',(-0.00057044646517908,0.00131982723787171,-0.00813709463505655));
#2694=CARTESIAN_POINT('',(-0.000604089929089496,0.00130677052569457,-0.00813518055838858));
#2695=CARTESIAN_POINT('',(-0.000811940605056115,0.00119314278135462,-0.00812250951404627));
#2696=CARTESIAN_POINT('',(-0.000939566377200859,0.0010887257723424,-0.00811374033471503));
#2697=CARTESIAN_POINT('',(-0.00101061779247313,0.00102411424041929,-0.00810847907004784));
#2698=CARTESIAN_POINT('',(-0.00111437198480427,0.00091175705733377,-0.0080999217874817));
#2699=CARTESIAN_POINT('',(-0.00119668045846984,0.000798730384293679,-0.00809203737344183));
#2700=CARTESIAN_POINT('',(-0.00126785293417255,0.000683424374605283,-0.00808436665154043));
#2701=CARTESIAN_POINT('',(-0.00133594137120249,0.000531751926500304,-0.00807477744090349));
#2702=CARTESIAN_POINT('',(-0.00135408631644494,0.000489027279347623,-0.00807228017589726));
#2703=CARTESIAN_POINT('',(-0.00141698169102142,0.000269300356005164,-0.00806014023489162));
#2704=CARTESIAN_POINT('',(-0.0014341816141508,0.000116523591427922,-0.00805203077974123));
#2705=CARTESIAN_POINT('',(-0.00143776338204613,-1.0480275139129E-5,-0.00804511923050478));
#2706=CARTESIAN_POINT('',(-0.00143676471617354,-7.61645002597718E-5,-0.00804139014781288));
#2707=CARTESIAN_POINT('',(-0.00141785140750021,-0.000261827926156423,-0.00803067971199045));
#2708=CARTESIAN_POINT('',(-0.00137079082973425,-0.00044052551424211,-0.00802001955614103));
#2709=CARTESIAN_POINT('',(-0.00132345559795436,-0.000563920840087769,-0.00801257600544538));
#2710=CARTESIAN_POINT('',(-0.00127104413961257,-0.000674877930311063,-0.00800588559279841));
#2711=CARTESIAN_POINT('',(-0.00119636832819081,-0.00080080914288193,-0.00799803093141404));
#2712=CARTESIAN_POINT('',(-0.00111203568574956,-0.000912577505154864,-0.00799075096872184));
#2713=CARTESIAN_POINT('',(-0.00100987689729689,-0.00102947717649574,-0.00798237825378539));
#2714=CARTESIAN_POINT('',(-0.000779388097618215,-0.00122441534152559,-0.00796505254428845));
#2715=CARTESIAN_POINT('',(-0.000511767357832592,-0.00134972863716972,-0.00794857651048764));
#2716=CARTESIAN_POINT('',(-0.000292975163031252,-0.00141458175898696,-0.00793644484666615));
#2717=CARTESIAN_POINT('',(9.26342725230964E-5,-0.001458080231344,-0.00791565093058635));
#2718=CARTESIAN_POINT('',(0.000467773078383005,-0.00137902142570894,-0.00789335223924323));
#2719=CARTESIAN_POINT('',(0.000806541393456446,-0.00120563552054317,-0.00787316015673986));
#2720=CARTESIAN_POINT('',(0.00102981333321352,-0.00100780180342891,-0.00785712281563708));
#2721=CARTESIAN_POINT('',(0.00111072353962834,-0.000913793551939673,-0.00785014545625798));
#2722=CARTESIAN_POINT('',(0.00122583401970488,-0.000761458640415324,-0.00783915222978534));
#2723=CARTESIAN_POINT('',(0.00138000774948611,-0.00047044011592604,-0.00782080038915314));
#2724=CARTESIAN_POINT('',(0.001437,-0.000188109406717842,-0.00780555684825));
#2725=CARTESIAN_POINT('',(0.001437,1.00345173678352E-17,-0.00779572551051699));
#2726=CARTESIAN_POINT('',(0.001437,-6.33712177169864E-18,-0.00829561988261241));
#2727=CARTESIAN_POINT('',(0.001437,-3.01479922773523E-18,-0.00879570395255793));
#2728=CARTESIAN_POINT('',(0.001437,2.02740136456589E-5,-0.00879458345938391));
#2729=CARTESIAN_POINT('',(0.00143717176268082,8.08090959385034E-5,-0.00879116607342324));
#2730=CARTESIAN_POINT('',(0.00141721232789659,0.000261634461986186,-0.00878069296611166));
#2731=CARTESIAN_POINT('',(0.00137318605157168,0.000435320812590788,-0.00877032631902751));
#2732=CARTESIAN_POINT('',(0.00132681812894869,0.000551954528541107,-0.00876329181524604));
#2733=CARTESIAN_POINT('',(0.00130678487118936,0.000600561606397293,-0.00876038030796524));
#2734=CARTESIAN_POINT('',(0.00121976670547517,0.000770337014955236,-0.00875002146145148));
#2735=CARTESIAN_POINT('',(0.00111288640992532,0.000914880508828618,-0.00874028357414571));
#2736=CARTESIAN_POINT('',(0.000999462170527663,0.0010354091550144,-0.00873127503426234));
#2737=CARTESIAN_POINT('',(0.000937631164329653,0.00108943005350024,-0.00872681720946706));
#2738=CARTESIAN_POINT('',(0.000902900732843653,0.00111792450991439,-0.00872434614843179));
#2739=CARTESIAN_POINT('',(0.000907176693583024,0.00111464748855241,-0.00872469165231354));
#2740=CARTESIAN_POINT('',(0.000850964779721889,0.00115897360848966,-0.00872057033891238));
#2741=CARTESIAN_POINT('',(0.00075892372126153,0.00122235270218847,-0.00871419376709375));
#2742=CARTESIAN_POINT('',(0.000650341237496593,0.00128423878568146,-0.00870714484560802));
#2743=CARTESIAN_POINT('',(0.000476881574414355,0.00136053075041074,-0.00869659784904991));
#2744=CARTESIAN_POINT('',(0.000292350723472025,0.00141425015292269,-0.00868641179728884));
#2745=CARTESIAN_POINT('',(-8.6890299079606E-5,0.00145890281067477,-0.00866593946229321));
#2746=CARTESIAN_POINT('',(-0.000479822611445533,0.0013744878333767,-0.0086427065028932));
#2747=CARTESIAN_POINT('',(-0.000758721290815737,0.00122926015770885,-0.00862594648341165));
#2748=CARTESIAN_POINT('',(-0.000947310359527124,0.00108507449172464,-0.00861324349139789));
#2749=CARTESIAN_POINT('',(-0.00104682443605336,0.000986262817381003,-0.00860556700534088));
#2750=CARTESIAN_POINT('',(-0.00111114197916744,0.000913735769932461,-0.00860012911819865));
#2751=CARTESIAN_POINT('',(-0.00122539363796859,0.000762067795742559,-0.00858924334614681));
#2752=CARTESIAN_POINT('',(-0.00137968896320437,0.000467585863037217,-0.00857048288596301));
#2753=CARTESIAN_POINT('',(-0.00145887664353253,0.000112419102695898,-0.00855271419572641));
#2754=CARTESIAN_POINT('',(-0.00141877270716462,-0.000259746427519951,-0.00853050244771699));
#2755=CARTESIAN_POINT('',(-0.00137279430100639,-0.000433387192371236,-0.00852038206804777));
#2756=CARTESIAN_POINT('',(-0.00132853948642562,-0.000548203306369153,-0.00851352887166674));
#2757=CARTESIAN_POINT('',(-0.00130669774653883,-0.000600758001105453,-0.00851040156410681));
#2758=CARTESIAN_POINT('',(-0.00121963107364191,-0.000770667623470551,-0.00850000678531295));
#2759=CARTESIAN_POINT('',(-0.00106792995509157,-0.000974879426099252,-0.00848619883360222));
#2760=CARTESIAN_POINT('',(-0.00095235703149848,-0.00107744644239252,-0.0084778181087675));
#2761=CARTESIAN_POINT('',(-0.000902934887921713,-0.00111786017054245,-0.00847431262972833));
#2762=CARTESIAN_POINT('',(-0.000904182471457457,-0.00111731094939173,-0.00847442232386835));
#2763=CARTESIAN_POINT('',(-0.000796067439596931,-0.00120004796033846,-0.00846666262200848));
#2764=CARTESIAN_POINT('',(-0.000679111831655457,-0.00126860326096472,-0.00845907144420038));
#2765=CARTESIAN_POINT('',(-0.000508069059919466,-0.00135049084157044,-0.00844853341560023));
#2766=CARTESIAN_POINT('',(-0.000323800006937438,-0.00140446663359207,-0.00843809525800534));
#2767=CARTESIAN_POINT('',(-0.000146720347551319,-0.00143285462049702,-0.00842845136907413));
#2768=CARTESIAN_POINT('',(2.26672027702124E-5,-0.00143763439181305,-0.00841951731341687));
#2769=CARTESIAN_POINT('',(5.74648518055108E-5,-0.00143860769641567,-0.00841751170462156));
#2770=CARTESIAN_POINT('',(0.000294777749321494,-0.0014125464894315,-0.00840375448428904));
#2771=CARTESIAN_POINT('',(0.000444050807727816,-0.00136782375711611,-0.00839478682366192));
#2772=CARTESIAN_POINT('',(0.000580139182840039,-0.00131921723920038,-0.00838661784383614));
#2773=CARTESIAN_POINT('',(0.000763342314473798,-0.00122493048292972,-0.00837537729869548));
#2774=CARTESIAN_POINT('',(0.000895325642141207,-0.00112526947873057,-0.00836657237212083));
#2775=CARTESIAN_POINT('',(0.000962948351185849,-0.00106777405173278,-0.00836188320157999));
#2776=CARTESIAN_POINT('',(0.00102579749079173,-0.00100681421912335,-0.00835733299331702));
#2777=CARTESIAN_POINT('',(0.00103007887296201,-0.00100210118491421,-0.00835693683900721));
#2778=CARTESIAN_POINT('',(0.00107399135967353,-0.000955474968288525,-0.00835331966446352));
#2779=CARTESIAN_POINT('',(0.00112545750912066,-0.000895877284738789,-0.00834880323964811));
#2780=CARTESIAN_POINT('',(0.00122481007302201,-0.000758389265802609,-0.00833901073194408));
#2781=CARTESIAN_POINT('',(0.00127313858905335,-0.000668347063280427,-0.00833318283941097));
#2782=CARTESIAN_POINT('',(0.00138528966437182,-0.000436191481774449,-0.00831883337072848));
#2783=CARTESIAN_POINT('',(0.001437,-0.000188166379837671,-0.00830553468077158));
#2784=CARTESIAN_POINT('',(0.001437,-4.64307510691925E-18,-0.00829561988261241));
#2785=CARTESIAN_POINT('',(0.001437,1.67271605303079E-18,-0.00879570395255793));
#2786=CARTESIAN_POINT('',(0.001437,4.64307510691925E-18,-0.00929569151371629));
#2787=CARTESIAN_POINT('',(0.001437,9.40536270536438E-5,-0.00929044179089363));
#2788=CARTESIAN_POINT('',(0.00142171417485567,0.000237812316889541,-0.00928228927334141));
#2789=CARTESIAN_POINT('',(0.00137963786152964,0.000413348700587735,-0.00927196680655227));
#2790=CARTESIAN_POINT('',(0.0013209758126388,0.000567800036179624,-0.00926229188826679));
#2791=CARTESIAN_POINT('',(0.00130211795008002,0.000615020778955482,-0.00925951128778983));
#2792=CARTESIAN_POINT('',(0.00115331926882225,0.000877016939725698,-0.0092434273325692));
#2793=CARTESIAN_POINT('',(0.00103010790125583,0.00100968827468075,-0.00923385438531597));
#2794=CARTESIAN_POINT('',(0.000836202000873509,0.00117519760717597,-0.00921951042904726));
#2795=CARTESIAN_POINT('',(0.000683276450706699,0.00126757408210054,-0.00920940494596631));
#2796=CARTESIAN_POINT('',(0.000531928549614003,0.00133607332198534,-0.00919976355973713));
#2797=CARTESIAN_POINT('',(0.000486956435649461,0.00135446359381961,-0.00919714253919765));
#2798=CARTESIAN_POINT('',(0.000273126841364015,0.00141678398926646,-0.00918535880037291));
#2799=CARTESIAN_POINT('',(0.000103219067608824,0.00143460895903998,-0.00917636130893305));
#2800=CARTESIAN_POINT('',(9.64331907775797E-6,0.00143867103047866,-0.0091712797421736));
#2801=CARTESIAN_POINT('',(-0.000143592268336101,0.00143270673116971,-0.00916272336394285));
#2802=CARTESIAN_POINT('',(-0.000281652159920477,0.00141085917181432,-0.00915478170231534));
#2803=CARTESIAN_POINT('',(-0.000412613910200602,0.0013800388340782,-0.00914706708445197));
#2804=CARTESIAN_POINT('',(-0.000570957370097196,0.00131965508594993,-0.0091370406736346));
#2805=CARTESIAN_POINT('',(-0.000602795809879567,0.00130713674582544,-0.0091352454895749));
#2806=CARTESIAN_POINT('',(-0.000809683736408874,0.00119524368369946,-0.0091226868421938));
#2807=CARTESIAN_POINT('',(-0.000949402867383175,0.00108028018145707,-0.00911308348234141));
#2808=CARTESIAN_POINT('',(-0.00100788677295646,0.00102646489772602,-0.00910875345086397));
#2809=CARTESIAN_POINT('',(-0.00111498675869605,0.000911272755203051,-0.00909994769681845));
#2810=CARTESIAN_POINT('',(-0.0011964003605613,0.000798989479320814,-0.00909211265505494));
#2811=CARTESIAN_POINT('',(-0.00126776317277536,0.000683763230967876,-0.00908441905676028));
#2812=CARTESIAN_POINT('',(-0.00133598035620004,0.000531260096277555,-0.00907473754233705));
#2813=CARTESIAN_POINT('',(-0.00135360559359618,0.00049165637768399,-0.0090724148189881));
#2814=CARTESIAN_POINT('',(-0.00141755360890217,0.000263160071028631,-0.00905982187369923));
#2815=CARTESIAN_POINT('',(-0.00143262899751224,0.000137177054479918,-0.00905315381036));
#2816=CARTESIAN_POINT('',(-0.00143753949313217,-3.19440928656566E-6,-0.00904544745676958));
#2817=CARTESIAN_POINT('',(-0.00143690311241112,-2.17476616094877E-5,-0.0090443885495216));
#2818=CARTESIAN_POINT('',(-0.00143483366171572,-9.16313703752103E-5,-0.00904041211025065));
#2819=CARTESIAN_POINT('',(-0.00142821460687234,-0.000187424294766373,-0.00903493096631327));
#2820=CARTESIAN_POINT('',(-0.00139643447598843,-0.000344652464364938,-0.00902572429450746));
#2821=CARTESIAN_POINT('',(-0.00136665537555943,-0.000448626773595499,-0.0090195222858841));
#2822=CARTESIAN_POINT('',(-0.00132462469820682,-0.000562238916784105,-0.00901271395748516));
#2823=CARTESIAN_POINT('',(-0.00127049470926702,-0.000676389597895372,-0.00900579235819283));
#2824=CARTESIAN_POINT('',(-0.00116219420341681,-0.000856689257236694,-0.00899454845189946));
#2825=CARTESIAN_POINT('',(-0.00100151116059278,-0.00104411492830119,-0.00898113045809176));
#2826=CARTESIAN_POINT('',(-0.000786341434203072,-0.00120902027307794,-0.00896590818802414));
#2827=CARTESIAN_POINT('',(-0.000602876904590998,-0.0013155473614445,-0.00895380685394545));
#2828=CARTESIAN_POINT('',(-0.000274439114246008,-0.00142069112229821,-0.00893536674511385));
#2829=CARTESIAN_POINT('',(-4.64710477761188E-5,-0.0014448220570314,-0.00892334000562833));
#2830=CARTESIAN_POINT('',(0.000285099382161363,-0.00142023993778122,-0.00890437167345069));
#2831=CARTESIAN_POINT('',(0.000540534580530195,-0.00133987947958542,-0.00888900427257712));
#2832=CARTESIAN_POINT('',(0.000809148973137005,-0.00120365180436221,-0.00887297960147968));
#2833=CARTESIAN_POINT('',(0.00101838297104615,-0.00101949003487646,-0.00885797165027168));
#2834=CARTESIAN_POINT('',(0.00111129162095425,-0.000913531265679739,-0.00885006732120406));
#2835=CARTESIAN_POINT('',(0.00122555350902637,-0.000761544136413426,-0.00883922902083649));
#2836=CARTESIAN_POINT('',(0.00138024243986269,-0.000470319663669968,-0.00882092740259937));
#2837=CARTESIAN_POINT('',(0.001437,-0.0001880986523679,-0.00880563778855372));
#2838=CARTESIAN_POINT('',(0.001437,3.01479922773523E-18,-0.00879570395255793));
#2839=CARTESIAN_POINT('',(0.001437,4.5773043213239E-18,-0.00929569151371629));
#2840=CARTESIAN_POINT('',(0.001437,4.64307510691925E-18,-0.00979563009483359));
#2841=CARTESIAN_POINT('',(0.001437,2.21012741637914E-5,-0.00979440961940359));
#2842=CARTESIAN_POINT('',(0.00143672224436091,8.53372189248805E-5,-0.00979084869516945));
#2843=CARTESIAN_POINT('',(0.001417539753061,0.00026139516462806,-0.00978068915910494));
#2844=CARTESIAN_POINT('',(0.00137091094980412,0.000439407982042465,-0.00977008616209979));
#2845=CARTESIAN_POINT('',(0.0013345141577111,0.000536770396805157,-0.00976423098861454));
#2846=CARTESIAN_POINT('',(0.00129365824047632,0.000626435077961279,-0.00975879450321217));
#2847=CARTESIAN_POINT('',(0.00128985103363441,0.000632345215408803,-0.00975843444647094));
#2848=CARTESIAN_POINT('',(0.00125021403799303,0.000720235666705785,-0.009753301491718));
#2849=CARTESIAN_POINT('',(0.0010985460353447,0.00093380517853154,-0.00973938614069969));
#2850=CARTESIAN_POINT('',(0.000997430474432963,0.00103751398950134,-0.00973150910145112));
#2851=CARTESIAN_POINT('',(0.000799658990457933,0.00120740811656402,-0.00971655132162309));
#2852=CARTESIAN_POINT('',(0.000555988921578959,0.00133477216554998,-0.00970124679689606));
#2853=CARTESIAN_POINT('',(0.000323865690208642,0.00140458414734434,-0.00968802682235367));
#2854=CARTESIAN_POINT('',(0.000147658825266093,0.00143280412472168,-0.00967845557543632));
#2855=CARTESIAN_POINT('',(-2.38094500829758E-5,0.00143747564713147,-0.00966944885106216));
#2856=CARTESIAN_POINT('',(-5.09256087116415E-5,0.00143929315706853,-0.00966785704147539));
#2857=CARTESIAN_POINT('',(-0.000300637577947374,0.00141116035277475,-0.00965336844273204));
#2858=CARTESIAN_POINT('',(-0.000429408906968066,0.00137223375190949,-0.00964564778830964));
#2859=CARTESIAN_POINT('',(-0.000587791621201084,0.00131735173958631,-0.00963622581401324));
#2860=CARTESIAN_POINT('',(-0.000765191023780705,0.00122165451840579,-0.00962525937914929));
#2861=CARTESIAN_POINT('',(-0.000908965792429255,0.00111727577784678,-0.00961570754152799));
#2862=CARTESIAN_POINT('',(-0.00103289884961309,0.00100010364581723,-0.00960672287950868));
#2863=CARTESIAN_POINT('',(-0.00105651327156828,0.000978584484996594,-0.00960489975231946));
#2864=CARTESIAN_POINT('',(-0.00120944675037546,0.000786321734627122,-0.0095908439317463));
#2865=CARTESIAN_POINT('',(-0.00127381208195679,0.000667480083711927,-0.00958316335736868));
#2866=CARTESIAN_POINT('',(-0.00138469896156987,0.000435441503134121,-0.0095686679072014));
#2867=CARTESIAN_POINT('',(-0.00145909942686245,0.000104738257340989,-0.00955237422404025));
#2868=CARTESIAN_POINT('',(-0.00141968851815872,-0.00025334734086392,-0.00953081789654699));
#2869=CARTESIAN_POINT('',(-0.00137433271540367,-0.00042870695536609,-0.00952061673053475));
#2870=CARTESIAN_POINT('',(-0.00133019863603923,-0.000544464307079094,-0.00951372594762013));
#2871=CARTESIAN_POINT('',(-0.00130626194919319,-0.000601625557534267,-0.00951032977693964));
#2872=CARTESIAN_POINT('',(-0.0012220124209087,-0.000766191920506803,-0.00950028933650749));
#2873=CARTESIAN_POINT('',(-0.00107525901394473,-0.000966390093305011,-0.009486838799163));
#2874=CARTESIAN_POINT('',(-0.000960252848503003,-0.00107063417995897,-0.00947842504337789));
#2875=CARTESIAN_POINT('',(-0.000907179791508341,-0.00111442782631759,-0.00947463364483661));
#2876=CARTESIAN_POINT('',(-0.000903676523869324,-0.00111773821095811,-0.0094743976916821));
#2877=CARTESIAN_POINT('',(-0.000796259638019963,-0.00119988770890921,-0.00946664288968472));
#2878=CARTESIAN_POINT('',(-0.00067908920665838,-0.00126863230719922,-0.00945900450860704));
#2879=CARTESIAN_POINT('',(-0.000508090855706655,-0.00135045984211044,-0.00944843853943558));
#2880=CARTESIAN_POINT('',(-0.000323985336881022,-0.00140446500715226,-0.00943800064679584));
#2881=CARTESIAN_POINT('',(-0.000146462562217441,-0.0014328509075387,-0.00942834517493392));
#2882=CARTESIAN_POINT('',(2.15580927745076E-5,-0.00143763639285888,-0.00941950878674439));
#2883=CARTESIAN_POINT('',(6.14837940371997E-5,-0.00143860342989146,-0.0094172473617197));
#2884=CARTESIAN_POINT('',(0.000297332648373196,-0.00141142916535298,-0.00940357921073321));
#2885=CARTESIAN_POINT('',(0.000430679407377203,-0.00137212494297011,-0.00939559151357966));
#2886=CARTESIAN_POINT('',(0.000588196278422737,-0.00131661239156168,-0.00938616683160709));
#2887=CARTESIAN_POINT('',(0.000762297967531067,-0.0012251848708056,-0.00937543788287168));
#2888=CARTESIAN_POINT('',(0.000895726235743839,-0.00112501741443126,-0.00936654477982565));
#2889=CARTESIAN_POINT('',(0.000963231105684797,-0.00106748552815083,-0.00936185833178205));
#2890=CARTESIAN_POINT('',(0.0010261114480493,-0.00100658318293028,-0.0093573118174433));
#2891=CARTESIAN_POINT('',(0.00103040118500937,-0.00100145266888584,-0.00935689145221254));
#2892=CARTESIAN_POINT('',(0.00108490662512161,-0.000945454473910217,-0.00935249610664107));
#2893=CARTESIAN_POINT('',(0.00120706757172112,-0.00078956749549575,-0.00934108618032516));
#2894=CARTESIAN_POINT('',(0.00128060875430214,-0.0006545923515726,-0.00933230795625714));
#2895=CARTESIAN_POINT('',(0.0013433868826274,-0.000522034825186885,-0.0093241176933285));
#2896=CARTESIAN_POINT('',(0.00142084279752421,-0.000277115673138641,-0.0093102698644554));
#2897=CARTESIAN_POINT('',(0.001437,-9.40472144554323E-5,-0.00930060756104674));
#2898=CARTESIAN_POINT('',(0.001437,1.00345173678352E-17,-0.00929569151371629));
#2899=CARTESIAN_POINT('',(0.001437,2.37664303318069E-18,-0.00979563009483359));
#2900=CARTESIAN_POINT('',(-0.00121372710874428,-0.000769308459266658,-0.01));
#2901=CARTESIAN_POINT('',(-0.00113112436231897,-0.000899629647582597,-0.00999180210764372));
#2902=CARTESIAN_POINT('',(-0.000977533759222508,-0.00107427930218188,-0.00997934554031636));
#2903=CARTESIAN_POINT('',(-0.00074957113595206,-0.00122942809362884,-0.00996384455086693));
#2904=CARTESIAN_POINT('',(-0.000620391641012336,-0.00129870436816471,-0.00995549738008209));
#2905=CARTESIAN_POINT('',(-0.000490438826047162,-0.00135125801735921,-0.00994732746387846));
#2906=CARTESIAN_POINT('',(-0.000468304262951297,-0.00136060677351505,-0.0099461040375866));
#2907=CARTESIAN_POINT('',(-0.000275703239205566,-0.00141440038102055,-0.00993552824892601));
#2908=CARTESIAN_POINT('',(-0.00014835751735979,-0.00143059579696903,-0.00992880019705164));
#2909=CARTESIAN_POINT('',(-4.21337333007557E-5,-0.00143692486901186,-0.00992307272174855));
#2910=CARTESIAN_POINT('',(-2.35370273984696E-5,-0.00143698137782503,-0.00992198268098985));
#2911=CARTESIAN_POINT('',(7.56982886754299E-5,-0.00143693676812529,-0.00991634514651708));
#2912=CARTESIAN_POINT('',(0.00019260206163633,-0.00142535345090274,-0.0099096066233793));
#2913=CARTESIAN_POINT('',(0.000299440284117035,-0.00140695899122708,-0.00990338632150903));
#2914=CARTESIAN_POINT('',(0.000416281260539649,-0.00137623543223461,-0.00989643342923109));
#2915=CARTESIAN_POINT('',(0.000439335832187461,-0.00136820454609407,-0.00989504563373301));
#2916=CARTESIAN_POINT('',(0.000507959281109354,-0.00134516987297281,-0.00989096152058955));
#2917=CARTESIAN_POINT('',(0.000619297409606458,-0.00130083314293765,-0.00988433000435475));
#2918=CARTESIAN_POINT('',(0.00083071781306993,-0.00118277608376592,-0.00987139730452633));
#2919=CARTESIAN_POINT('',(0.00100138505033767,-0.00103785931772087,-0.0098594383924192));
#2920=CARTESIAN_POINT('',(0.0013067064528525,-0.00069615644063292,-0.00983340757372606));
#2921=CARTESIAN_POINT('',(0.001437,-0.000308525741099508,-0.00981176865816407));
#2922=CARTESIAN_POINT('',(0.001437,4.64307510691925E-18,-0.00979563009483359));
#2923=CARTESIAN_POINT('',(0.00140414099653188,0.000316208731329188,-0.0101886154212995));
#2924=CARTESIAN_POINT('',(0.00134351819274383,0.000579790439849122,-0.010173666312072));
#2925=CARTESIAN_POINT('',(0.00102209751534975,0.00117240564359712,-0.0101378838695112));
#2926=CARTESIAN_POINT('',(5.04689470059574E-19,0.00159651601408416,-0.0100812680936171));
#2927=CARTESIAN_POINT('',(-0.00112832675522809,0.00112832675522809,-0.0100187680936171));
#2928=CARTESIAN_POINT('',(-0.00159651601408417,6.66133814775094E-19,-0.00995626809361709));
#2929=CARTESIAN_POINT('',(-0.00112832675522809,-0.00112832675522809,-0.00989376809361709));
#2930=CARTESIAN_POINT('',(-8.54563724864789E-19,-0.00159651601408416,-0.00983126809361709));
#2931=CARTESIAN_POINT('',(0.00112832675522809,-0.00112832675522809,-0.0097687680936171));
#2932=CARTESIAN_POINT('',(0.00159651601408417,-8.88178419700125E-19,-0.00970626809361709));
#2933=CARTESIAN_POINT('',(0.00112832675522809,0.00112832675522809,-0.00964376809361709));
#2934=CARTESIAN_POINT('',(5.55466421162113E-18,0.00159651601408416,-0.00958126809361709));
#2935=CARTESIAN_POINT('',(-0.00112832675522809,0.00112832675522809,-0.00951876809361709));
#2936=CARTESIAN_POINT('',(-0.00159651601408416,9.99200722162641E-19,-0.00945626809361709));
#2937=CARTESIAN_POINT('',(-0.00112832675522809,-0.00112832675522809,-0.00939376809361709));
#2938=CARTESIAN_POINT('',(3.22982498936946E-18,-0.00159651601408416,-0.00933126809361709));
#2939=CARTESIAN_POINT('',(0.00112832675522809,-0.00112832675522809,-0.00926876809361709));
#2940=CARTESIAN_POINT('',(0.00159651601408417,-1.33226762955019E-18,-0.00920626809361709));
#2941=CARTESIAN_POINT('',(0.00112832675522809,0.00112832675522809,-0.00914376809361709));
#2942=CARTESIAN_POINT('',(5.72628677429315E-18,0.00159651601408416,-0.00908126809361709));
#2943=CARTESIAN_POINT('',(-0.00112832675522809,0.00112832675522809,-0.00901876809361709));
#2944=CARTESIAN_POINT('',(-0.00159651601408416,1.55431223447522E-18,-0.00895626809361709));
#2945=CARTESIAN_POINT('',(-0.00112832675522809,-0.00112832675522809,-0.00889376809361709));
#2946=CARTESIAN_POINT('',(3.00778038444443E-18,-0.00159651601408416,-0.00883126809361709));
#2947=CARTESIAN_POINT('',(0.00112832675522809,-0.00112832675522809,-0.00876876809361709));
#2948=CARTESIAN_POINT('',(0.00159651601408417,-1.77635683940025E-18,-0.0087062680936171));
#2949=CARTESIAN_POINT('',(0.00112832675522809,0.00112832675522809,-0.0086437680936171));
#2950=CARTESIAN_POINT('',(6.2982056340234E-18,0.00159651601408416,-0.00858126809361709));
#2951=CARTESIAN_POINT('',(-0.00112832675522809,0.00112832675522809,-0.00851876809361709));
#2952=CARTESIAN_POINT('',(-0.00159651601408416,0.,-0.00845626809361709));
#2953=CARTESIAN_POINT('',(-0.0011283267552281,-0.00112832675522808,-0.00839376809361709));
#2954=CARTESIAN_POINT('',(4.05077401939891E-18,-0.00159651601408417,-0.00833126809361709));
#2955=CARTESIAN_POINT('',(0.00112832675522809,-0.00112832675522809,-0.0082687680936171));
#2956=CARTESIAN_POINT('',(0.00159651601408417,-1.14352971536391E-17,-0.00820626809361709));
#2957=CARTESIAN_POINT('',(0.00112832675522809,0.00112832675522809,-0.0081437680936171));
#2958=CARTESIAN_POINT('',(8.54563724864789E-18,0.00159651601408416,-0.0080812680936171));
#2959=CARTESIAN_POINT('',(-0.0011283267552281,0.00112832675522809,-0.00801876809361709));
#2960=CARTESIAN_POINT('',(-0.00159651601408416,2.33146835171283E-18,-0.00795626809361709));
#2961=CARTESIAN_POINT('',(-0.0011283267552281,-0.00112832675522808,-0.0078937680936171));
#2962=CARTESIAN_POINT('',(4.30643331915928E-18,-0.00159651601408416,-0.00783126809361709));
#2963=CARTESIAN_POINT('',(0.00112832675522809,-0.0011283267552281,-0.00776876809361709));
#2964=CARTESIAN_POINT('',(0.00159651601408417,6.55031584528842E-18,-0.0077062680936171));
#2965=CARTESIAN_POINT('',(0.00112832675522809,0.00112832675522809,-0.0076437680936171));
#2966=CARTESIAN_POINT('',(8.76768185357292E-18,0.00159651601408417,-0.00758126809361709));
#2967=CARTESIAN_POINT('',(-0.0011283267552281,0.00112832675522809,-0.0075187680936171));
#2968=CARTESIAN_POINT('',(-0.00159651601408416,2.55351295663786E-18,-0.0074562680936171));
#2969=CARTESIAN_POINT('',(-0.0011283267552281,-0.00112832675522808,-0.0073937680936171));
#2970=CARTESIAN_POINT('',(3.29042524957898E-18,-0.00159651601408417,-0.0073312680936171));
#2971=CARTESIAN_POINT('',(0.00112832675522809,-0.00112832675522809,-0.0072687680936171));
#2972=CARTESIAN_POINT('',(0.00159651601408417,-1.23234755733392E-17,-0.0072062680936171));
#2973=CARTESIAN_POINT('',(0.00112832675522809,0.00112832675522809,-0.00714376809361711));
#2974=CARTESIAN_POINT('',(9.49441592855752E-18,0.00159651601408416,-0.0070812680936171));
#2975=CARTESIAN_POINT('',(-0.0011283267552281,0.00112832675522809,-0.00701876809361709));
#2976=CARTESIAN_POINT('',(-0.00159651601408416,3.21964677141295E-18,-0.0069562680936171));
#2977=CARTESIAN_POINT('',(-0.0011283267552281,-0.00112832675522808,-0.00689376809361709));
#2978=CARTESIAN_POINT('',(3.16259559969879E-18,-0.00159651601408416,-0.00683126809361709));
#2979=CARTESIAN_POINT('',(0.00112832675522809,-0.0011283267552281,-0.0067687680936171));
#2980=CARTESIAN_POINT('',(0.00159651601408417,6.10622663543836E-18,-0.00670626809361709));
#2981=CARTESIAN_POINT('',(0.00112832675522809,0.00112832675522809,-0.00664376809361709));
#2982=CARTESIAN_POINT('',(9.47760858113986E-18,0.00159651601408417,-0.0065812680936171));
#2983=CARTESIAN_POINT('',(-0.0011283267552281,0.00112832675522809,-0.00651876809361709));
#2984=CARTESIAN_POINT('',(-0.00159651601408416,3.5527136788005E-18,-0.00645626809361709));
#2985=CARTESIAN_POINT('',(-0.0011283267552281,-0.00112832675522808,-0.0063937680936171));
#2986=CARTESIAN_POINT('',(2.80254312693707E-18,-0.00159651601408417,-0.0063312680936171));
#2987=CARTESIAN_POINT('',(0.00112832675522809,-0.00112832675522809,-0.0062687680936171));
#2988=CARTESIAN_POINT('',(0.00159651601408417,-1.32116539930394E-17,-0.00620626809361711));
#2989=CARTESIAN_POINT('',(0.00112832675522809,0.00112832675522809,-0.00614376809361709));
#2990=CARTESIAN_POINT('',(1.01101277010796E-17,0.00159651601408416,-0.0060812680936171));
#2991=CARTESIAN_POINT('',(-0.0011283267552281,0.00112832675522809,-0.0060187680936171));
#2992=CARTESIAN_POINT('',(-0.00159651601408416,4.21884749357559E-18,-0.00595626809361709));
#2993=CARTESIAN_POINT('',(-0.0011283267552281,-0.00112832675522808,-0.0058937680936171));
#2994=CARTESIAN_POINT('',(-1.89720245096974E-17,-0.00159651601408417,-0.0058312680936171));
#2995=CARTESIAN_POINT('',(0.00112832675522811,-0.00112832675522808,-0.00576876809361709));
#2996=CARTESIAN_POINT('',(0.00159651601408416,1.11022302462516E-18,-0.0057062680936171));
#2997=CARTESIAN_POINT('',(0.00112832675522809,0.00112832675522809,-0.0056437680936171));
#2998=CARTESIAN_POINT('',(7.00813236159033E-18,0.00159651601408416,-0.00558126809361709));
#2999=CARTESIAN_POINT('',(-0.00112832675522808,0.0011283267552281,-0.0055187680936171));
#3000=CARTESIAN_POINT('',(-0.00159651601408417,2.29816166097407E-17,-0.0054562680936171));
#3001=CARTESIAN_POINT('',(-0.00112832675522809,-0.0011283267552281,-0.0053937680936171));
#3002=CARTESIAN_POINT('',(-2.02538700969946E-18,-0.00159651601408416,-0.0053312680936171));
#3003=CARTESIAN_POINT('',(0.00112832675522809,-0.00112832675522809,-0.0052687680936171));
#3004=CARTESIAN_POINT('',(0.00159651601408416,-9.99200722162641E-18,-0.0052062680936171));
#3005=CARTESIAN_POINT('',(0.00112832675522811,0.00112832675522808,-0.0051437680936171));
#3006=CARTESIAN_POINT('',(-1.0587831605765E-17,0.00159651601408417,-0.00508126809361709));
#3007=CARTESIAN_POINT('',(-0.00112832675522809,0.00112832675522809,-0.00501876809361709));
#3008=CARTESIAN_POINT('',(-0.00159651601408416,4.88498130835069E-18,-0.0049562680936171));
#3009=CARTESIAN_POINT('',(-0.0011283267552281,-0.00112832675522808,-0.00489376809361709));
#3010=CARTESIAN_POINT('',(-1.9698758584682E-17,-0.00159651601408417,-0.00483126809361709));
#3011=CARTESIAN_POINT('',(0.0011283267552281,-0.00112832675522808,-0.0047687680936171));
#3012=CARTESIAN_POINT('',(0.00159651601408416,-1.11022302462516E-19,-0.00470626809361709));
#3013=CARTESIAN_POINT('',(0.00112832675522809,0.00112832675522809,-0.00464376809361709));
#3014=CARTESIAN_POINT('',(6.89711005912782E-18,0.00159651601408416,-0.00458126809361709));
#3015=CARTESIAN_POINT('',(-0.00112832675522808,0.00112832675522811,-0.0045187680936171));
#3016=CARTESIAN_POINT('',(-0.00159651601408417,-1.35447209004269E-17,-0.0044562680936171));
#3017=CARTESIAN_POINT('',(-0.00112832675522809,-0.00112832675522809,-0.0043937680936171));
#3018=CARTESIAN_POINT('',(-2.23062426720682E-18,-0.00159651601408416,-0.0043312680936171));
#3019=CARTESIAN_POINT('',(0.00112832675522809,-0.0011283267552281,-0.0042687680936171));
#3020=CARTESIAN_POINT('',(0.00159651601408416,-1.04360964314765E-17,-0.0042062680936171));
#3021=CARTESIAN_POINT('',(0.00112832675522811,0.00112832675522808,-0.0041437680936171));
#3022=CARTESIAN_POINT('',(-9.66603849122953E-18,0.00159651601408417,-0.0040812680936171));
#3023=CARTESIAN_POINT('',(-0.00112832675522809,0.00112832675522809,-0.0040187680936171));
#3024=CARTESIAN_POINT('',(-0.00159651601408416,5.77315972805081E-18,-0.0039562680936171));
#3025=CARTESIAN_POINT('',(-0.0011283267552281,-0.00112832675522808,-0.0038937680936171));
#3026=CARTESIAN_POINT('',(-2.05869370043821E-17,-0.00159651601408417,-0.0038312680936171));
#3027=CARTESIAN_POINT('',(0.0011283267552281,-0.00112832675522808,-0.0037687680936171));
#3028=CARTESIAN_POINT('',(0.00159651601408416,-6.66133814775094E-19,-0.0037062680936171));
#3029=CARTESIAN_POINT('',(0.00112832675522809,0.00112832675522809,-0.0036437680936171));
#3030=CARTESIAN_POINT('',(8.52882990123022E-18,0.00159651601408416,-0.0035812680936171));
#3031=CARTESIAN_POINT('',(-0.00112832675522808,0.0011283267552281,-0.0035187680936171));
#3032=CARTESIAN_POINT('',(-0.00159651601408417,2.4980018054066E-17,-0.0034562680936171));
#3033=CARTESIAN_POINT('',(-0.00112832675522809,-0.0011283267552281,-0.0033937680936171));
#3034=CARTESIAN_POINT('',(-3.57307011471351E-18,-0.00159651601408416,-0.0033312680936171));
#3035=CARTESIAN_POINT('',(0.00112832675522809,-0.0011283267552281,-0.0032687680936171));
#3036=CARTESIAN_POINT('',(0.00159651601408416,-1.15463194561016E-17,-0.0032062680936171));
#3037=CARTESIAN_POINT('',(0.00112832675522811,0.00112832675522808,-0.0031437680936171));
#3038=CARTESIAN_POINT('',(0.000296876191792064,0.00147332985053437,-0.00309771258711248));
#3039=CARTESIAN_POINT('',(-0.0001584654532346,0.00143352693348275,-0.00307249041394118));
#3040=CARTESIAN_POINT('',(-0.000236669557254963,0.00142010772118874,-0.00306810157410322));
#3041=CARTESIAN_POINT('',(0.00115555906061091,0.000260228755825968,-0.0100413850899022));
#3042=CARTESIAN_POINT('',(0.00110566860775045,0.000477147307626546,-0.0100264359806747));
#3043=CARTESIAN_POINT('',(0.000841150602117249,0.000964848948585817,-0.00999065353811386));
#3044=CARTESIAN_POINT('',(2.9005120643058E-19,0.00131387698959154,-0.00993403776221972));
#3045=CARTESIAN_POINT('',(-0.000928573561026948,0.000928573561026952,-0.00987153776221972));
#3046=CARTESIAN_POINT('',(-0.00131387698959155,6.66133814775094E-19,-0.00980903776221972));
#3047=CARTESIAN_POINT('',(-0.000928573561026949,-0.000928573561026951,-0.00974653776221972));
#3048=CARTESIAN_POINT('',(-7.11471549112126E-19,-0.00131387698959154,-0.00968403776221972));
#3049=CARTESIAN_POINT('',(0.000928573561026948,-0.000928573561026952,-0.00962153776221972));
#3050=CARTESIAN_POINT('',(0.00131387698959155,-8.88178419700125E-19,-0.00955903776221971));
#3051=CARTESIAN_POINT('',(0.000928573561026948,0.000928573561026951,-0.00949653776221971));
#3052=CARTESIAN_POINT('',(4.62456506922882E-18,0.00131387698959154,-0.00943403776221971));
#3053=CARTESIAN_POINT('',(-0.000928573561026949,0.000928573561026952,-0.00937153776221971));
#3054=CARTESIAN_POINT('',(-0.00131387698959154,9.99200722162641E-19,-0.00930903776221971));
#3055=CARTESIAN_POINT('',(-0.00092857356102695,-0.00092857356102695,-0.00924653776221971));
#3056=CARTESIAN_POINT('',(2.80054846211147E-18,-0.00131387698959154,-0.00918403776221971));
#3057=CARTESIAN_POINT('',(0.000928573561026948,-0.000928573561026952,-0.00912153776221971));
#3058=CARTESIAN_POINT('',(0.00131387698959155,-1.33226762955019E-18,-0.00905903776221971));
#3059=CARTESIAN_POINT('',(0.000928573561026949,0.000928573561026951,-0.00899653776221971));
#3060=CARTESIAN_POINT('',(4.58154936827185E-18,0.00131387698959154,-0.00893403776221971));
#3061=CARTESIAN_POINT('',(-0.000928573561026949,0.000928573561026952,-0.00887153776221971));
#3062=CARTESIAN_POINT('',(-0.00131387698959154,1.55431223447522E-18,-0.00880903776221971));
#3063=CARTESIAN_POINT('',(-0.000928573561026951,-0.00092857356102695,-0.00874653776221971));
#3064=CARTESIAN_POINT('',(2.57850385718644E-18,-0.00131387698959154,-0.00868403776221971));
#3065=CARTESIAN_POINT('',(0.000928573561026948,-0.000928573561026952,-0.00862153776221972));
#3066=CARTESIAN_POINT('',(0.00131387698959155,-1.77635683940025E-18,-0.00855903776221972));
#3067=CARTESIAN_POINT('',(0.000928573561026949,0.00092857356102695,-0.00849653776221972));
#3068=CARTESIAN_POINT('',(5.22501431587843E-18,0.00131387698959154,-0.00843403776221972));
#3069=CARTESIAN_POINT('',(-0.000928573561026949,0.000928573561026952,-0.00837153776221972));
#3070=CARTESIAN_POINT('',(-0.00131387698959154,0.,-0.00830903776221972));
#3071=CARTESIAN_POINT('',(-0.000928573561026957,-0.000928573561026944,-0.00824653776221972));
#3072=CARTESIAN_POINT('',(3.3353131406356E-18,-0.00131387698959155,-0.00818403776221972));
#3073=CARTESIAN_POINT('',(0.000928573561026948,-0.000928573561026951,-0.00812153776221972));
#3074=CARTESIAN_POINT('',(0.00131387698959155,-1.14352971536391E-17,-0.00805903776221972));
#3075=CARTESIAN_POINT('',(0.000928573561026948,0.000928573561026953,-0.00799653776221972));
#3076=CARTESIAN_POINT('',(7.11471549112126E-18,0.00131387698959154,-0.00793403776221972));
#3077=CARTESIAN_POINT('',(-0.000928573561026955,0.000928573561026948,-0.00787153776221972));
#3078=CARTESIAN_POINT('',(-0.00131387698959154,2.33146835171283E-18,-0.00780903776221972));
#3079=CARTESIAN_POINT('',(-0.000928573561026957,-0.000928573561026943,-0.00774653776221972));
#3080=CARTESIAN_POINT('',(3.73406461614863E-18,-0.00131387698959154,-0.00768403776221972));
#3081=CARTESIAN_POINT('',(0.000928573561026946,-0.000928573561026955,-0.00762153776221972));
#3082=CARTESIAN_POINT('',(0.00131387698959155,6.55031584528842E-18,-0.00755903776221972));
#3083=CARTESIAN_POINT('',(0.000928573561026949,0.000928573561026948,-0.00749653776221972));
#3084=CARTESIAN_POINT('',(7.33676009604629E-18,0.00131387698959155,-0.00743403776221972));
#3085=CARTESIAN_POINT('',(-0.000928573561026955,0.000928573561026948,-0.00737153776221972));
#3086=CARTESIAN_POINT('',(-0.00131387698959154,2.55351295663786E-18,-0.00730903776221972));
#3087=CARTESIAN_POINT('',(-0.000928573561026957,-0.000928573561026943,-0.00724653776221972));
#3088=CARTESIAN_POINT('',(2.64651045869199E-18,-0.00131387698959155,-0.00718403776221972));
#3089=CARTESIAN_POINT('',(0.000928573561026948,-0.000928573561026952,-0.00712153776221972));
#3090=CARTESIAN_POINT('',(0.00131387698959155,-1.23234755733392E-17,-0.00705903776221972));
#3091=CARTESIAN_POINT('',(0.000928573561026949,0.000928573561026953,-0.00699653776221973));
#3092=CARTESIAN_POINT('',(7.8488559074019E-18,0.00131387698959154,-0.00693403776221972));
#3093=CARTESIAN_POINT('',(-0.000928573561026955,0.000928573561026948,-0.00687153776221972));
#3094=CARTESIAN_POINT('',(-0.00131387698959154,3.21964677141295E-18,-0.00680903776221972));
#3095=CARTESIAN_POINT('',(-0.000928573561026957,-0.000928573561026943,-0.00674653776221972));
#3096=CARTESIAN_POINT('',(2.44713472093547E-18,-0.00131387698959154,-0.00668403776221972));
#3097=CARTESIAN_POINT('',(0.000928573561026946,-0.000928573561026957,-0.00662153776221972));
#3098=CARTESIAN_POINT('',(0.00131387698959155,6.10622663543836E-18,-0.00655903776221972));
#3099=CARTESIAN_POINT('',(0.00092857356102695,0.000928573561026948,-0.00649653776221972));
#3100=CARTESIAN_POINT('',(7.7605024721079E-18,0.00131387698959155,-0.00643403776221972));
#3101=CARTESIAN_POINT('',(-0.000928573561026955,0.000928573561026948,-0.00637153776221972));
#3102=CARTESIAN_POINT('',(-0.00131387698959154,3.5527136788005E-18,-0.00630903776221971));
#3103=CARTESIAN_POINT('',(-0.000928573561026957,-0.000928573561026943,-0.00624653776221972));
#3104=CARTESIAN_POINT('',(2.44481268755541E-18,-0.00131387698959155,-0.00618403776221972));
#3105=CARTESIAN_POINT('',(0.000928573561026946,-0.000928573561026952,-0.00612153776221972));
#3106=CARTESIAN_POINT('',(0.00131387698959155,-1.32116539930394E-17,-0.00605903776221973));
#3107=CARTESIAN_POINT('',(0.000928573561026949,0.000928573561026952,-0.00599653776221972));
#3108=CARTESIAN_POINT('',(8.249929416295E-18,0.00131387698959154,-0.00593403776221972));
#3109=CARTESIAN_POINT('',(-0.000928573561026955,0.000928573561026948,-0.00587153776221972));
#3110=CARTESIAN_POINT('',(-0.00131387698959154,4.21884749357559E-18,-0.00580903776221972));
#3111=CARTESIAN_POINT('',(-0.000928573561026955,-0.000928573561026943,-0.00574653776221972));
#3112=CARTESIAN_POINT('',(-1.56093583795098E-17,-0.00131387698959155,-0.00568403776221972));
#3113=CARTESIAN_POINT('',(0.000928573561026962,-0.000928573561026943,-0.00562153776221972));
#3114=CARTESIAN_POINT('',(0.00131387698959154,1.11022302462516E-18,-0.00555903776221972));
#3115=CARTESIAN_POINT('',(0.00092857356102695,0.000928573561026948,-0.00549653776221972));
#3116=CARTESIAN_POINT('',(5.64875669194004E-18,0.00131387698959154,-0.00543403776221972));
#3117=CARTESIAN_POINT('',(-0.000928573561026943,0.000928573561026956,-0.00537153776221972));
#3118=CARTESIAN_POINT('',(-0.00131387698959155,2.29816166097407E-17,-0.00530903776221972));
#3119=CARTESIAN_POINT('',(-0.000928573561026946,-0.000928573561026958,-0.00524653776221972));
#3120=CARTESIAN_POINT('',(-1.6676565703178E-18,-0.00131387698959154,-0.00518403776221972));
#3121=CARTESIAN_POINT('',(0.000928573561026946,-0.000928573561026952,-0.00512153776221972));
#3122=CARTESIAN_POINT('',(0.00131387698959154,-9.99200722162641E-18,-0.00505903776221973));
#3123=CARTESIAN_POINT('',(0.000928573561026965,0.00092857356102694,-0.00499653776221972));
#3124=CARTESIAN_POINT('',(-8.87072549673305E-18,0.00131387698959155,-0.00493403776221972));
#3125=CARTESIAN_POINT('',(-0.000928573561026949,0.000928573561026949,-0.00487153776221972));
#3126=CARTESIAN_POINT('',(-0.00131387698959154,4.88498130835069E-18,-0.00480903776221972));
#3127=CARTESIAN_POINT('',(-0.000928573561026955,-0.000928573561026943,-0.00474653776221972));
#3128=CARTESIAN_POINT('',(-1.61214541908654E-17,-0.00131387698959155,-0.00468403776221972));
#3129=CARTESIAN_POINT('',(0.00092857356102696,-0.000928573561026943,-0.00462153776221972));
#3130=CARTESIAN_POINT('',(0.00131387698959154,-1.11022302462516E-19,-0.00455903776221972));
#3131=CARTESIAN_POINT('',(0.000928573561026951,0.000928573561026948,-0.00449653776221972));
#3132=CARTESIAN_POINT('',(5.53773438947753E-18,0.00131387698959154,-0.00443403776221972));
#3133=CARTESIAN_POINT('',(-0.00092857356102694,0.000928573561026964,-0.00437153776221972));
#3134=CARTESIAN_POINT('',(-0.00131387698959155,-1.35447209004269E-17,-0.00430903776221972));
#3135=CARTESIAN_POINT('',(-0.000928573561026948,-0.00092857356102695,-0.00424653776221972));
#3136=CARTESIAN_POINT('',(-1.80134773994883E-18,-0.00131387698959154,-0.00418403776221972));
#3137=CARTESIAN_POINT('',(0.000928573561026946,-0.000928573561026955,-0.00412153776221973));
#3138=CARTESIAN_POINT('',(0.00131387698959154,-1.04360964314765E-17,-0.00405903776221973));
#3139=CARTESIAN_POINT('',(0.000928573561026966,0.000928573561026939,-0.00399653776221973));
#3140=CARTESIAN_POINT('',(-7.80584020644493E-18,0.00131387698959155,-0.00393403776221972));
#3141=CARTESIAN_POINT('',(-0.000928573561026948,0.000928573561026949,-0.00387153776221973));
#3142=CARTESIAN_POINT('',(-0.00131387698959154,5.77315972805081E-18,-0.00380903776221973));
#3143=CARTESIAN_POINT('',(-0.000928573561026955,-0.000928573561026943,-0.00374653776221972));
#3144=CARTESIAN_POINT('',(-1.70096326105655E-17,-0.00131387698959155,-0.00368403776221972));
#3145=CARTESIAN_POINT('',(0.000928573561026959,-0.000928573561026944,-0.00362153776221972));
#3146=CARTESIAN_POINT('',(0.00131387698959154,-6.66133814775094E-19,-0.00355903776221972));
#3147=CARTESIAN_POINT('',(0.000928573561026952,0.000928573561026948,-0.00349653776221972));
#3148=CARTESIAN_POINT('',(7.02636205582726E-18,0.00131387698959154,-0.00343403776221972));
#3149=CARTESIAN_POINT('',(-0.000928573561026942,0.000928573561026956,-0.00337153776221973));
#3150=CARTESIAN_POINT('',(-0.00131387698959155,2.4980018054066E-17,-0.00330903776221973));
#3151=CARTESIAN_POINT('',(-0.000928573561026946,-0.000928573561026957,-0.00324653776221972));
#3152=CARTESIAN_POINT('',(-2.71451706019754E-18,-0.00131387698959154,-0.00318403776221972));
#3153=CARTESIAN_POINT('',(0.000928573561026946,-0.000928573561026955,-0.00312153776221972));
#3154=CARTESIAN_POINT('',(0.00131387698959154,-1.15463194561016E-17,-0.00305903776221972));
#3155=CARTESIAN_POINT('',(0.000928573561026966,0.000928573561026938,-0.00299653776221972));
#3156=CARTESIAN_POINT('',(0.000244318750148532,0.00121249907399514,-0.0029504822557151));
#3157=CARTESIAN_POINT('',(-0.000130411540387569,0.00117974266167519,-0.00292526008254381));
#3158=CARTESIAN_POINT('',(-0.000194770790064698,0.00116869911804894,-0.00292087124270585));
#3159=CARTESIAN_POINT('',(-0.000236226716331694,0.00141745050654023,-0.00306654545156641));
#3160=CARTESIAN_POINT('',(-0.000236226716331693,0.00141745050654023,-0.00306654545156641));
#3161=CARTESIAN_POINT('',(-0.000195129514464663,0.00117085160143581,-0.00292213178366752));
#3162=CARTESIAN_POINT('',(-0.001187,2.75563279638441E-17,-0.00331002604050735));
#3163=CARTESIAN_POINT('',(-0.001187,-2.69305543848475E-6,-0.00330984453851452));
#3164=CARTESIAN_POINT('',(-0.00118706419688828,-5.46262388643331E-5,-0.00330644140543383));
#3165=CARTESIAN_POINT('',(-0.00117561615985088,-0.000191230837063642,-0.00329752537673804));
#3166=CARTESIAN_POINT('',(-0.00112778554605439,-0.000379320717198351,-0.0032848826117327));
#3167=CARTESIAN_POINT('',(-0.00110695621833055,-0.000428850662856873,-0.00328135004133478));
#3168=CARTESIAN_POINT('',(-0.00105821387199819,-0.000545815916530995,-0.00327288047749223));
#3169=CARTESIAN_POINT('',(-0.000942825337254226,-0.000738913515800269,-0.00325738173608812));
#3170=CARTESIAN_POINT('',(-0.000780005977824009,-0.000909584733567493,-0.00324141974508639));
#3171=CARTESIAN_POINT('',(-0.000598389727994085,-0.00102764185531433,-0.00322720966488071));
#3172=CARTESIAN_POINT('',(-0.000496944680192175,-0.0010798276456279,-0.00321980557366718));
#3173=CARTESIAN_POINT('',(-0.000393743717478467,-0.0011202413072085,-0.00321276128245968));
#3174=CARTESIAN_POINT('',(-0.000380693280756207,-0.00112557940816564,-0.0032117153157271));
#3175=CARTESIAN_POINT('',(-0.000230135074243817,-0.00116822669633573,-0.00320088257326766));
#3176=CARTESIAN_POINT('',(-0.000106128883262672,-0.00118307630376842,-0.00319220623502993));
#3177=CARTESIAN_POINT('',(-3.97121803561818E-5,-0.00118683114161004,-0.00318759769838545));
#3178=CARTESIAN_POINT('',(3.7346094477454E-5,-0.0011883378918792,-0.00318251634574903));
#3179=CARTESIAN_POINT('',(0.000169412080956222,-0.00117759568401315,-0.00317388408391885));
#3180=CARTESIAN_POINT('',(0.000316885237767238,-0.00114590217055911,-0.00316413371449075));
#3181=CARTESIAN_POINT('',(0.00038221613556643,-0.00112454232816809,-0.00315966234746226));
#3182=CARTESIAN_POINT('',(0.000500277268399164,-0.00107937075003097,-0.00315126687525967));
#3183=CARTESIAN_POINT('',(0.000625568713721611,-0.0010174147729234,-0.00314179101739447));
#3184=CARTESIAN_POINT('',(0.000825151373760679,-0.000860436933797176,-0.00312433808732366));
#3185=CARTESIAN_POINT('',(0.00089772640811536,-0.000780385834872028,-0.0031171603393848));
#3186=CARTESIAN_POINT('',(0.00101874226029399,-0.000620827666730893,-0.0031039538368841));
#3187=CARTESIAN_POINT('',(0.00112433170777393,-0.000407182446225261,-0.00308804216291407));
#3188=CARTESIAN_POINT('',(0.00117839584726437,-0.000212993870751234,-0.00307458070866382));
#3189=CARTESIAN_POINT('',(0.00118780126299694,-9.9753631363665E-6,-0.00306062638487685));
#3190=CARTESIAN_POINT('',(0.00118668901997032,3.16029114578429E-5,-0.00305779614626933));
#3191=CARTESIAN_POINT('',(0.00118373691487348,0.000113282806758583,-0.00305246118341632));
#3192=CARTESIAN_POINT('',(0.00115501319614056,0.000297739373331463,-0.00304043708701102));
#3193=CARTESIAN_POINT('',(0.00110549117488123,0.000439878379664323,-0.00303074398851569));
#3194=CARTESIAN_POINT('',(0.0010155157011753,0.000633784514908093,-0.00301627022872872));
#3195=CARTESIAN_POINT('',(0.000855762114641577,0.000837500304543787,-0.00299880721791212));
#3196=CARTESIAN_POINT('',(0.0006971286253815,0.000964605324243599,-0.00298486922120907));
#3197=CARTESIAN_POINT('',(0.000585074132788306,0.0010338994664919,-0.00297650569412342));
#3198=CARTESIAN_POINT('',(0.000534529782324884,0.00106012363263925,-0.00297305398051508));
#3199=CARTESIAN_POINT('',(0.00047331766536367,0.00108997571963813,-0.00296847105586828));
#3200=CARTESIAN_POINT('',(0.000319605044349122,0.00114936147657091,-0.00295723099598335));
#3201=CARTESIAN_POINT('',(1.61018959105908E-5,0.00120539681169712,-0.00293604907166539));
#3202=CARTESIAN_POINT('',(-0.000131676823957583,0.00118142637681719,-0.00292626907071819));
#3203=CARTESIAN_POINT('',(-0.000195129514464673,0.0011708516014358,-0.00292213178366752));
#3204=CARTESIAN_POINT('',(-0.001187,2.50102262102683E-17,-0.00331002604050735));
#3205=CARTESIAN_POINT('',(-0.001187,-1.98857223244381E-17,-0.00380993695047374));
#3206=CARTESIAN_POINT('',(-0.001187,-7.76722097780143E-5,-0.00380471702156724));
#3207=CARTESIAN_POINT('',(-0.00116944385483829,-0.000237609628965681,-0.00379407346306563));
#3208=CARTESIAN_POINT('',(-0.00112610455264043,-0.000390148956095747,-0.00378381390647603));
#3209=CARTESIAN_POINT('',(-0.00106913423802693,-0.000516511097498895,-0.00377497258829236));
#3210=CARTESIAN_POINT('',(-0.00106274933332115,-0.000527908818731317,-0.00377409725530387));
#3211=CARTESIAN_POINT('',(-0.00102837934508417,-0.000601808840960002,-0.00376855505442992));
#3212=CARTESIAN_POINT('',(-0.000908403399428181,-0.000769618795681909,-0.00375425114679718));
#3213=CARTESIAN_POINT('',(-0.000851990291465096,-0.000827362024115776,-0.00374881913245192));
#3214=CARTESIAN_POINT('',(-0.000760831714360244,-0.000915426269119732,-0.00374042139942776));
#3215=CARTESIAN_POINT('',(-0.000590319936967003,-0.0010388522233354,-0.00372673701278176));
#3216=CARTESIAN_POINT('',(-0.00039740101607234,-0.00112289881161958,-0.00371283656036296));
#3217=CARTESIAN_POINT('',(-0.000249496846415765,-0.00116706818304163,-0.0037022266398688));
#3218=CARTESIAN_POINT('',(1.31224372058482E-5,-0.00119540306780312,-0.00368413097203269));
#3219=CARTESIAN_POINT('',(0.00022677024056151,-0.00117325735474987,-0.00367015630408968));
#3220=CARTESIAN_POINT('',(0.000475273348972948,-0.00109551544002256,-0.00365332309388266));
#3221=CARTESIAN_POINT('',(0.000660837967680686,-0.000998002742287043,-0.00363899676525748));
#3222=CARTESIAN_POINT('',(0.000849963332705901,-0.000833606690297803,-0.00362184240869817));
#3223=CARTESIAN_POINT('',(0.000917320993850499,-0.000754963441260377,-0.00361500615429693));
#3224=CARTESIAN_POINT('',(0.00101251962298936,-0.000629110942577698,-0.00360473952665211));
#3225=CARTESIAN_POINT('',(0.00113986647281075,-0.000388766668280248,-0.00358689074900805));
#3226=CARTESIAN_POINT('',(0.00121812761782438,-2.36002363128842E-7,-0.00355941948595975));
#3227=CARTESIAN_POINT('',(0.00112527517458609,0.000466163322885721,-0.00352994347982665));
#3228=CARTESIAN_POINT('',(0.000904938084985109,0.000794778311947537,-0.00350367031789434));
#3229=CARTESIAN_POINT('',(0.000694120583328317,0.000969301586475812,-0.00348434895010252));
#3230=CARTESIAN_POINT('',(0.00056003182921171,0.00104718921846719,-0.00347491599487589));
#3231=CARTESIAN_POINT('',(0.000515538400728842,0.00107160480961741,-0.00347154998235945));
#3232=CARTESIAN_POINT('',(0.000398999953931884,0.00111898384342834,-0.0034630455858586));
#3233=CARTESIAN_POINT('',(0.000326864500667422,0.0011419617628594,-0.00345788408101627));
#3234=CARTESIAN_POINT('',(0.000230386571016635,0.00116615760997801,-0.00345105561299043));
#3235=CARTESIAN_POINT('',(0.000121264464299501,0.00118349170249514,-0.00344344325112852));
#3236=CARTESIAN_POINT('',(-1.77424685399453E-5,0.00118761823729601,-0.00343365755807845));
#3237=CARTESIAN_POINT('',(-5.0578960297432E-5,0.0011880353426436,-0.00343153471874344));
#3238=CARTESIAN_POINT('',(-0.000241585341947666,0.0011672629148789,-0.0034191239308149));
#3239=CARTESIAN_POINT('',(-0.000371963204561469,0.00112817509261826,-0.00341038170605527));
#3240=CARTESIAN_POINT('',(-0.000475468356393304,0.00109127781049761,-0.00340315357767593));
#3241=CARTESIAN_POINT('',(-0.000633662131435327,0.0010085710413897,-0.00339109130702092));
#3242=CARTESIAN_POINT('',(-0.000750157892683978,0.000923346406379527,-0.0033812107250904));
#3243=CARTESIAN_POINT('',(-0.000853777894999945,0.000825512264242638,-0.00337121230566426));
#3244=CARTESIAN_POINT('',(-0.000869769318157756,0.000811594548027868,-0.00336989409865164));
#3245=CARTESIAN_POINT('',(-0.000999754914945637,0.000648930839480154,-0.00335634342700266));
#3246=CARTESIAN_POINT('',(-0.00105331987640899,0.000548881118018555,-0.00334899596358071));
#3247=CARTESIAN_POINT('',(-0.00114225099706867,0.000364158494507762,-0.00333534020643));
#3248=CARTESIAN_POINT('',(-0.001187,0.00015540926630687,-0.00332091673888779));
#3249=CARTESIAN_POINT('',(-0.001187,2.36299879772254E-17,-0.00331002604050735));
#3250=CARTESIAN_POINT('',(-0.001187,-1.74512163072112E-17,-0.00380993695047374));
#3251=CARTESIAN_POINT('',(-0.001187,9.63377563271523E-18,-0.00431002398905123));
#3252=CARTESIAN_POINT('',(-0.001187,-7.77328507643384E-5,-0.00430481773054875));
#3253=CARTESIAN_POINT('',(-0.00116930484351179,-0.000238025765106467,-0.00429415528643717));
#3254=CARTESIAN_POINT('',(-0.00112627496568414,-0.000389895329282141,-0.00428390628647311));
#3255=CARTESIAN_POINT('',(-0.00106873690521645,-0.000517335377114067,-0.00427491549179184));
#3256=CARTESIAN_POINT('',(-0.00106375185995585,-0.000525817572909066,-0.00427424584674748));
#3257=CARTESIAN_POINT('',(-0.00103006348884305,-0.000598969640875702,-0.00426876837745775));
#3258=CARTESIAN_POINT('',(-0.000908200672368579,-0.000770673271426682,-0.00425423058781461));
#3259=CARTESIAN_POINT('',(-0.000761763171100463,-0.000920624463317679,-0.00424002800667941));
#3260=CARTESIAN_POINT('',(-0.000533906047940227,-0.00108252366581024,-0.00422231225452515));
#3261=CARTESIAN_POINT('',(-0.000267878308371627,-0.00116004785437046,-0.00420357058045112));
#3262=CARTESIAN_POINT('',(-0.000121027917023446,-0.00118354126427108,-0.00419338307120539));
#3263=CARTESIAN_POINT('',(1.70374075225037E-5,-0.0011876034120329,-0.00418371489686441));
#3264=CARTESIAN_POINT('',(5.26994601161855E-5,-0.00118804508535225,-0.00418139281170826));
#3265=CARTESIAN_POINT('',(0.000243178883724928,-0.00116662389654045,-0.00416902462922174));
#3266=CARTESIAN_POINT('',(0.000365190850801367,-0.0011303787540469,-0.00416085246851512));
#3267=CARTESIAN_POINT('',(0.000479501317243529,-0.00108993333053453,-0.00415285557836282));
#3268=CARTESIAN_POINT('',(0.000632829791666318,-0.00100903980274397,-0.00414114504612258));
#3269=CARTESIAN_POINT('',(0.000750900433404971,-0.000922665668773509,-0.00413114734804602));
#3270=CARTESIAN_POINT('',(0.000851935732292833,-0.000827488195619026,-0.00412144696226));
#3271=CARTESIAN_POINT('',(0.000877156281938057,-0.000803610886291425,-0.00411918044042283));
#3272=CARTESIAN_POINT('',(0.00103571500221164,-0.00060094285881742,-0.00410243404761624));
#3273=CARTESIAN_POINT('',(0.00112340570782909,-0.000408543890037859,-0.00408886876389495));
#3274=CARTESIAN_POINT('',(0.00122382033562737,7.13436402832909E-6,-0.0040587796857744));
#3275=CARTESIAN_POINT('',(0.00112339578221944,0.000464293047501699,-0.00402986188355983));
#3276=CARTESIAN_POINT('',(0.000905822645298429,0.000795338498600047,-0.00400339518352556));
#3277=CARTESIAN_POINT('',(0.000693318982190343,0.000968664493099752,-0.00398450197942037));
#3278=CARTESIAN_POINT('',(0.000577968355660497,0.00103828301899971,-0.0039758185733541));
#3279=CARTESIAN_POINT('',(0.000506183444677978,0.00107392512080498,-0.00397091934647921));
#3280=CARTESIAN_POINT('',(0.000484917563960143,0.00108345235651605,-0.00396935839046941));
#3281=CARTESIAN_POINT('',(0.000392779238687307,0.00112441764233365,-0.00396257107175235));
#3282=CARTESIAN_POINT('',(0.000217987255669396,0.00117003383933043,-0.00395002108477607));
#3283=CARTESIAN_POINT('',(0.000111748947463447,0.00118316440258524,-0.00394270289486864));
#3284=CARTESIAN_POINT('',(-0.000130347845597668,0.00119495903766778,-0.00392628235461604));
#3285=CARTESIAN_POINT('',(-0.000391976423587894,0.001135442129103,-0.00390961287453818));
#3286=CARTESIAN_POINT('',(-0.00066567680199602,0.000996989867651087,-0.00388870591890184));
#3287=CARTESIAN_POINT('',(-0.00085755394293719,0.000825211426497971,-0.00387111585143577));
#3288=CARTESIAN_POINT('',(-0.000917216861980572,0.000754923884685369,-0.00386501671743263));
#3289=CARTESIAN_POINT('',(-0.00101275957407381,0.000628874801024541,-0.00385476009205936));
#3290=CARTESIAN_POINT('',(-0.00113980037418392,0.0003886353306336,-0.00383682242712701));
#3291=CARTESIAN_POINT('',(-0.001187,0.000155375082484776,-0.00382081607671758));
#3292=CARTESIAN_POINT('',(-0.001187,-1.22151166850322E-17,-0.00380993695047374));
#3293=CARTESIAN_POINT('',(-0.001187,-9.3078051838564E-18,-0.00431002398905123));
#3294=CARTESIAN_POINT('',(-0.001187,-3.7808274655567E-17,-0.00480995207897204));
#3295=CARTESIAN_POINT('',(-0.001187,-7.76762743274061E-5,-0.00480471459185904));
#3296=CARTESIAN_POINT('',(-0.00117428241723599,-0.000196679394837124,-0.00479682074143477));
#3297=CARTESIAN_POINT('',(-0.00113979464127041,-0.000340913502761042,-0.00478721995827578));
#3298=CARTESIAN_POINT('',(-0.00109058951637937,-0.000470687556587393,-0.00477848236577734));
#3299=CARTESIAN_POINT('',(-0.00107789219022805,-0.00050138547287725,-0.00477620449014659));
#3300=CARTESIAN_POINT('',(-0.000988930448655874,-0.00066651917326481,-0.00476330979947681));
#3301=CARTESIAN_POINT('',(-0.000888294746517402,-0.000789036409488033,-0.0047523768996915));
#3302=CARTESIAN_POINT('',(-0.000849114567072659,-0.000831106537102145,-0.00474844579637738));
#3303=CARTESIAN_POINT('',(-0.000752537137358531,-0.000921275957943683,-0.00473965177916587));
#3304=CARTESIAN_POINT('',(-0.000660195189453937,-0.000988095274951659,-0.00473215494482532));
#3305=CARTESIAN_POINT('',(-0.00056476998822735,-0.00104718952929019,-0.00472482842087621));
#3306=CARTESIAN_POINT('',(-0.00043931175062962,-0.00110349517163913,-0.00471601960046822));
#3307=CARTESIAN_POINT('',(-0.000404713686481375,-0.00111817806600221,-0.00471346578348219));
#3308=CARTESIAN_POINT('',(-0.00022264716297962,-0.00117070097120622,-0.0047003533307587));
#3309=CARTESIAN_POINT('',(-9.37895518097468E-5,-0.00118423871287095,-0.00469139164589967));
#3310=CARTESIAN_POINT('',(2.50361030828714E-5,-0.00119034126670659,-0.00468330162980377));
#3311=CARTESIAN_POINT('',(0.000198271448909331,-0.00117465618784372,-0.00467182266733047));
#3312=CARTESIAN_POINT('',(0.000341389499490079,-0.00113936125076059,-0.00466224227401279));
#3313=CARTESIAN_POINT('',(0.000467916992363582,-0.00109201567268655,-0.00465363605912775));
#3314=CARTESIAN_POINT('',(0.00051281805678131,-0.00107227868233948,-0.00465035480004711));
#3315=CARTESIAN_POINT('',(0.000664010417189459,-0.000989907509713039,-0.00463852262301969));
#3316=CARTESIAN_POINT('',(0.000786746070935821,-0.000890596389223525,-0.00462762308726178));
#3317=CARTESIAN_POINT('',(0.000832105899360314,-0.000848123659494494,-0.00462337104489425));
#3318=CARTESIAN_POINT('',(0.000921322127684494,-0.00075244612271652,-0.00461461398374723));
#3319=CARTESIAN_POINT('',(0.000988373520947095,-0.000659768629741366,-0.00460708421050066));
#3320=CARTESIAN_POINT('',(0.00104721403052216,-0.000564796056068124,-0.00459980015323453));
#3321=CARTESIAN_POINT('',(0.00110404098795336,-0.000437909261157701,-0.00459095579294896));
#3322=CARTESIAN_POINT('',(0.00111665206926856,-0.000408651947512659,-0.00458875677756349));
#3323=CARTESIAN_POINT('',(0.00117070385068334,-0.000224664301949148,-0.00457546976246816));
#3324=CARTESIAN_POINT('',(0.00118569265807066,-8.20871010712865E-5,-0.00456552197448837));
#3325=CARTESIAN_POINT('',(0.00118750693550013,6.25234318760863E-6,-0.0045594886222945));
#3326=CARTESIAN_POINT('',(0.00118627950206876,5.58970850145132E-5,-0.00455625508465656));
#3327=CARTESIAN_POINT('',(0.00117892711020455,0.000160994218862739,-0.00454941820802502));
#3328=CARTESIAN_POINT('',(0.0011528684032067,0.000286585764655266,-0.00454113505939823));
#3329=CARTESIAN_POINT('',(0.0011311963101024,0.000362330066943206,-0.00453604092503643));
#3330=CARTESIAN_POINT('',(0.001088696199055,0.000484249256679625,-0.00452753001659829));
#3331=CARTESIAN_POINT('',(0.000985855736503181,0.000680471943513369,-0.00451246171725649));
#3332=CARTESIAN_POINT('',(0.000755274974879425,0.000936648328364871,-0.00448916097533508));
#3333=CARTESIAN_POINT('',(0.000560603035681946,0.00106704725235018,-0.00447460981537236));
#3334=CARTESIAN_POINT('',(0.000230308881117558,0.00117267821228,-0.00445086454416262));
#3335=CARTESIAN_POINT('',(-5.13569978639051E-5,0.00120267518369484,-0.00443133373084909));
#3336=CARTESIAN_POINT('',(-0.000404041969842412,0.00113368792415328,-0.00440878417956372));
#3337=CARTESIAN_POINT('',(-0.000662881049709222,0.000996932220535979,-0.00438884101874613));
#3338=CARTESIAN_POINT('',(-0.000851412449773249,0.000831985853041917,-0.00437170238734093));
#3339=CARTESIAN_POINT('',(-0.000917426540701271,0.000754810114003981,-0.00436499727501026));
#3340=CARTESIAN_POINT('',(-0.0010126249331237,0.000628961452095713,-0.00435475066008928));
#3341=CARTESIAN_POINT('',(-0.00113989318514253,0.000388589275314484,-0.00433680592277488));
#3342=CARTESIAN_POINT('',(-0.001187,0.000155378697086797,-0.00432085267545887));
#3343=CARTESIAN_POINT('',(-0.001187,1.09787745670169E-17,-0.00431002398905123));
#3344=CARTESIAN_POINT('',(-0.001187,-1.80326786074464E-17,-0.00480995207897204));
#3345=CARTESIAN_POINT('',(-0.001187,-2.49030388540133E-18,-0.00530997281007275));
#3346=CARTESIAN_POINT('',(-0.001187,-7.77283290814613E-5,-0.00530477543968403));
#3347=CARTESIAN_POINT('',(-0.00116903833524949,-0.000238579483852222,-0.00529408831079121));
#3348=CARTESIAN_POINT('',(-0.00112691983794897,-0.000388525465605533,-0.00528398652106197));
#3349=CARTESIAN_POINT('',(-0.00106823009275912,-0.000518406865892139,-0.00527482862777199));
#3350=CARTESIAN_POINT('',(-0.00106663620609021,-0.000519724016610892,-0.00527466817679767));
#3351=CARTESIAN_POINT('',(-0.00103471089603178,-0.000591660505835784,-0.00526931785404993));
#3352=CARTESIAN_POINT('',(-0.000907055201070185,-0.000772428120651056,-0.00525410304018871));
#3353=CARTESIAN_POINT('',(-0.00076533726476888,-0.00091633980323646,-0.00524046614656656));
#3354=CARTESIAN_POINT('',(-0.000532859850344707,-0.00108351185597473,-0.00522212428749234));
#3355=CARTESIAN_POINT('',(-0.000267732676324298,-0.00116004624228956,-0.00520349854033644));
#3356=CARTESIAN_POINT('',(-0.000120640487985852,-0.00118356359935424,-0.00519331820960115));
#3357=CARTESIAN_POINT('',(1.68890003868132E-5,-0.00118766786415805,-0.0051837376854629));
#3358=CARTESIAN_POINT('',(5.4489673129978E-5,-0.00118776480539029,-0.00518128177105766));
#3359=CARTESIAN_POINT('',(0.000240449318275353,-0.00116739539782703,-0.00516919862096047));
#3360=CARTESIAN_POINT('',(0.000373569433738757,-0.00112772219588221,-0.00516026884982696));
#3361=CARTESIAN_POINT('',(0.000474746725157807,-0.00109145830314911,-0.00515320661698336));
#3362=CARTESIAN_POINT('',(0.000633942600763659,-0.001008434131517,-0.00514107843981959));
#3363=CARTESIAN_POINT('',(0.000750199325755978,-0.000923305826549773,-0.00513120795024742));
#3364=CARTESIAN_POINT('',(0.000853960302976547,-0.000825320683024429,-0.00512117743698785));
#3365=CARTESIAN_POINT('',(0.000869440516442913,-0.000811959321969628,-0.00511991497917038));
#3366=CARTESIAN_POINT('',(0.000999936120079117,-0.000648738021017638,-0.00510632650508758));
#3367=CARTESIAN_POINT('',(0.00105338894553508,-0.000548591330408699,-0.00509897954430017));
#3368=CARTESIAN_POINT('',(0.00111219558787983,-0.0004272088222857,-0.00509000242555983));
#3369=CARTESIAN_POINT('',(0.00116064806669796,-0.00026651912355606,-0.00507860352763914));
#3370=CARTESIAN_POINT('',(0.00118339293718711,-0.000121508139916462,-0.00506852527292445));
#3371=CARTESIAN_POINT('',(0.00118780963675079,1.8322874831833E-5,-0.0050587206750119));
#3372=CARTESIAN_POINT('',(0.00118736851273005,4.8426084712251E-5,-0.00505676887870988));
#3373=CARTESIAN_POINT('',(0.00117189602294673,0.000215111923066284,-0.00504586599752921));
#3374=CARTESIAN_POINT('',(0.0011328846855184,0.000361205164029619,-0.00503613626482979));
#3375=CARTESIAN_POINT('',(0.00108245659825171,0.000495820029240063,-0.00502665888730052));
#3376=CARTESIAN_POINT('',(0.000994086612475594,0.000662517917010017,-0.0050139056921353));
#3377=CARTESIAN_POINT('',(0.000845025140320228,0.000844554887366878,-0.00499807356938486));
#3378=CARTESIAN_POINT('',(0.000692751051871512,0.000969765875511185,-0.00498432520113105));
#3379=CARTESIAN_POINT('',(0.000562518788531211,0.00104631352433431,-0.00497509104396093));
#3380=CARTESIAN_POINT('',(0.000489392109706205,0.0010840532572685,-0.00496963827530693));
#3381=CARTESIAN_POINT('',(0.000336462452380362,0.00114150654945051,-0.00495850253276282));
#3382=CARTESIAN_POINT('',(0.000233334114280497,0.00116489502717043,-0.00495123207367486));
#3383=CARTESIAN_POINT('',(0.00012095416804473,0.00118380345390913,-0.0049433855531408));
#3384=CARTESIAN_POINT('',(-1.76096113357881E-5,0.00118745252513243,-0.00493369281864705));
#3385=CARTESIAN_POINT('',(-4.89210166711648E-5,0.0011883862670237,-0.00493167582515015));
#3386=CARTESIAN_POINT('',(-0.000245073033685448,0.00116623702774877,-0.00491891563281502));
#3387=CARTESIAN_POINT('',(-0.000360870100016756,0.00113168906890639,-0.00491114280395404));
#3388=CARTESIAN_POINT('',(-0.000481868400306621,0.00108921995494988,-0.00490267809310676));
#3389=CARTESIAN_POINT('',(-0.000632257098755683,0.0010093247286705,-0.00489119101793211));
#3390=CARTESIAN_POINT('',(-0.000751084404937123,0.000922496684939225,-0.00488113820182839));
#3391=CARTESIAN_POINT('',(-0.000851220755419692,0.00082829022591185,-0.00487154061538677));
#3392=CARTESIAN_POINT('',(-0.000879554008599198,0.000800849919150197,-0.00486893942254605));
#3393=CARTESIAN_POINT('',(-0.00103405123112905,0.000602976911540885,-0.0048526074036508));
#3394=CARTESIAN_POINT('',(-0.00112385320520383,0.000408008749183167,-0.00483873674817353));
#3395=CARTESIAN_POINT('',(-0.001187,0.000155365537046897,-0.00482093414957715));
#3396=CARTESIAN_POINT('',(-0.001187,-3.54090079370813E-17,-0.00480995207897204));
#3397=CARTESIAN_POINT('',(-0.001187,-1.45512521061917E-18,-0.00530997281007275));
#3398=CARTESIAN_POINT('',(-0.001187,-1.98857223244381E-17,-0.00581000476086694));
#3399=CARTESIAN_POINT('',(-0.001187,-7.76847550479322E-5,-0.00580475839378344));
#3400=CARTESIAN_POINT('',(-0.00116918805058806,-0.000238173329541105,-0.00579404262442865));
#3401=CARTESIAN_POINT('',(-0.00112667905141475,-0.000388962161603276,-0.00578390088473071));
#3402=CARTESIAN_POINT('',(-0.0010686121447102,-0.000517606999342604,-0.00577491785444461));
#3403=CARTESIAN_POINT('',(-0.00106538331674297,-0.000522371723380806,-0.00577450917878728));
#3404=CARTESIAN_POINT('',(-0.0010326246765145,-0.000595060544430225,-0.00576907141677989));
#3405=CARTESIAN_POINT('',(-0.000907443758261334,-0.000771470395630485,-0.00575409639354588));
#3406=CARTESIAN_POINT('',(-0.000820452137555633,-0.000860387143871134,-0.00574568147772709));
#3407=CARTESIAN_POINT('',(-0.000661720317215589,-0.000996223937680874,-0.00573211118229872));
#3408=CARTESIAN_POINT('',(-0.000458808181261112,-0.00110286470070037,-0.00571704604790057));
#3409=CARTESIAN_POINT('',(-0.000267916295276835,-0.00116021245128815,-0.00570357646844625));
#3410=CARTESIAN_POINT('',(-0.000121341688929374,-0.00118349445861201,-0.00569343596908762));
#3411=CARTESIAN_POINT('',(1.72820944771798E-5,-0.00118756872592267,-0.00568376032170424));
#3412=CARTESIAN_POINT('',(5.09394299981968E-5,-0.00118823052377056,-0.00568157220986042));
#3413=CARTESIAN_POINT('',(0.000244561172893966,-0.00116627354265354,-0.00566894930213001));
#3414=CARTESIAN_POINT('',(0.000361025740828466,-0.0011316735546114,-0.00566112014456135));
#3415=CARTESIAN_POINT('',(0.000482008347803593,-0.00108915223345998,-0.00565266440954368));
#3416=CARTESIAN_POINT('',(0.000632582902245178,-0.00100906243238118,-0.00564117265202338));
#3417=CARTESIAN_POINT('',(0.000750974170105671,-0.00092264197981678,-0.00563115206139128));
#3418=CARTESIAN_POINT('',(0.000852421939746023,-0.000827067650811881,-0.00562139958860394));
#3419=CARTESIAN_POINT('',(0.000875805210738187,-0.00080464922764096,-0.00561928661719132));
#3420=CARTESIAN_POINT('',(0.0009975619189026,-0.000651790432847532,-0.00560656129667914));
#3421=CARTESIAN_POINT('',(0.00105514755928842,-0.000545747541179379,-0.00559873288081862));
#3422=CARTESIAN_POINT('',(0.00114037768296596,-0.00036712380109052,-0.00558570262436054));
#3423=CARTESIAN_POINT('',(0.00120389321633561,-7.43438287341476E-5,-0.00556427774202472));
#3424=CARTESIAN_POINT('',(0.00117136084953203,0.000232643886269031,-0.00554511353345945));
#3425=CARTESIAN_POINT('',(0.00111496949138584,0.000420233294572115,-0.00553208498084771));
#3426=CARTESIAN_POINT('',(0.00104839912700741,0.00056055599114049,-0.00552161732602631));
#3427=CARTESIAN_POINT('',(0.000998332691212949,0.00064446491579558,-0.00551493960763437));
#3428=CARTESIAN_POINT('',(0.000953729510075462,0.000706918503459047,-0.00550962450717724));
#3429=CARTESIAN_POINT('',(0.000948015140807007,0.000714441416073878,-0.00550900080343032));
#3430=CARTESIAN_POINT('',(0.00089264184243604,0.000784686188376281,-0.00550296705541143));
#3431=CARTESIAN_POINT('',(0.000795472252773253,0.000897466248163903,-0.00549324631531931));
#3432=CARTESIAN_POINT('',(0.000564523687375207,0.00104917529582153,-0.00547500829886015));
#3433=CARTESIAN_POINT('',(0.000417885250696084,0.00111467278820665,-0.00546441853848799));
#3434=CARTESIAN_POINT('',(0.00026779633436831,0.00116026928680204,-0.00545376635335183));
#3435=CARTESIAN_POINT('',(0.000121343290967564,0.00118348833310627,-0.00544356910794587));
#3436=CARTESIAN_POINT('',(-1.93039452465813E-5,0.0011877595263423,-0.00543362884543152));
#3437=CARTESIAN_POINT('',(-4.52600356343046E-5,0.00118747347147858,-0.00543197047086943));
#3438=CARTESIAN_POINT('',(-0.000213877150592442,0.00117229066387213,-0.00542094178908308));
#3439=CARTESIAN_POINT('',(-0.000364050400060326,0.00113215241321229,-0.00541094419891509));
#3440=CARTESIAN_POINT('',(-0.000465393075218465,0.00109340936713454,-0.00540379463126664));
#3441=CARTESIAN_POINT('',(-0.00055801706172702,0.00104968368403649,-0.00539689757475349));
#3442=CARTESIAN_POINT('',(-0.00069561530255109,0.000967647089311026,-0.00538605203085603));
#3443=CARTESIAN_POINT('',(-0.000843743204807097,0.000845444754399921,-0.00537312489028034));
#3444=CARTESIAN_POINT('',(-0.000970050583460785,0.00069248062854466,-0.00535929715679923));
#3445=CARTESIAN_POINT('',(-0.00104632667782232,0.000562377851610316,-0.0053500893138616));
#3446=CARTESIAN_POINT('',(-0.00108369679832653,0.000490354104012086,-0.00534470272838922));
#3447=CARTESIAN_POINT('',(-0.00114159786712354,0.000335771360136879,-0.00533344651619027));
#3448=CARTESIAN_POINT('',(-0.00117319443370532,0.000199793941466966,-0.00532386665617631));
#3449=CARTESIAN_POINT('',(-0.001187,7.76820159975746E-5,-0.00531538297419041));
#3450=CARTESIAN_POINT('',(-0.001187,4.36096725176372E-19,-0.00530997281007275));
#3451=CARTESIAN_POINT('',(-0.001187,-1.86141409076815E-17,-0.00581000476086694));
#3452=CARTESIAN_POINT('',(-0.001187,1.54322484457275E-17,-0.00630993806023752));
#3453=CARTESIAN_POINT('',(-0.001187,-7.76974301148314E-5,-0.00630471781642049));
#3454=CARTESIAN_POINT('',(-0.00116918803054151,-0.000238200088899677,-0.00629403493603944));
#3455=CARTESIAN_POINT('',(-0.00112664571555757,-0.000389052173993084,-0.00628389147625153));
#3456=CARTESIAN_POINT('',(-0.00106858535546552,-0.000517662613583224,-0.00627488512292473));
#3457=CARTESIAN_POINT('',(-0.00106528255680589,-0.000522578226705415,-0.00627446733927021));
#3458=CARTESIAN_POINT('',(-0.00103249713959825,-0.000595289079912256,-0.00626904225947137));
#3459=CARTESIAN_POINT('',(-0.000907487991268343,-0.000771291156789013,-0.00625413906339511));
#3460=CARTESIAN_POINT('',(-0.000849687855594481,-0.000829449854125479,-0.00624863290256805));
#3461=CARTESIAN_POINT('',(-0.000761694668511193,-0.000914800726378441,-0.00624049597958875));
#3462=CARTESIAN_POINT('',(-0.000584573199992779,-0.00104284598855122,-0.00622625302191303));
#3463=CARTESIAN_POINT('',(-0.000388718198724625,-0.00112539602178132,-0.00621221376549777));
#3464=CARTESIAN_POINT('',(-0.00025189803066334,-0.00116651648002429,-0.00620239883049142));
#3465=CARTESIAN_POINT('',(1.70008914663992E-5,-0.0011956969583153,-0.00618386367276875));
#3466=CARTESIAN_POINT('',(0.000227750994174473,-0.00117256065347926,-0.0061700799837849));
#3467=CARTESIAN_POINT('',(0.00047134201572583,-0.00109723393975682,-0.00615360534492963));
#3468=CARTESIAN_POINT('',(0.000662122235776799,-0.00099753703507055,-0.00613889922662915));
#3469=CARTESIAN_POINT('',(0.000851072564354376,-0.000832356054389093,-0.00612173080878682));
#3470=CARTESIAN_POINT('',(0.000917364095838758,-0.000754892554428737,-0.0061149990476108));
#3471=CARTESIAN_POINT('',(0.00101259476750423,-0.000629012638564041,-0.00610474055337878));
#3472=CARTESIAN_POINT('',(0.00113978446358168,-0.00038875045580999,-0.00608687955770961));
#3473=CARTESIAN_POINT('',(0.00125058607209081,0.000156056094373048,-0.00604871040571671));
#3474=CARTESIAN_POINT('',(0.00102613867867046,0.000695367620355331,-0.00601480701635643));
#3475=CARTESIAN_POINT('',(0.000694142974940457,0.00096920308258374,-0.00598434961417347));
#3476=CARTESIAN_POINT('',(0.000559986182138853,0.00104730584672439,-0.00597491091064505));
#3477=CARTESIAN_POINT('',(0.000513030329517141,0.00107271466069632,-0.00597138243570234));
#3478=CARTESIAN_POINT('',(0.00039915781647967,0.00111888795966272,-0.00596306125793203));
#3479=CARTESIAN_POINT('',(0.000326973924625887,0.00114195327115424,-0.00595788263236216));
#3480=CARTESIAN_POINT('',(0.000230564369884974,0.00116612139052023,-0.00595105313335265));
#3481=CARTESIAN_POINT('',(0.00012127036228154,0.00118347784884466,-0.00594342806537716));
#3482=CARTESIAN_POINT('',(-1.71062792254193E-5,0.00118762737182286,-0.00593370383334665));
#3483=CARTESIAN_POINT('',(-5.22751145739769E-5,0.00118801264104384,-0.00593141813871355));
#3484=CARTESIAN_POINT('',(-0.000242352479066455,0.0011668920003741,-0.00591907493722472));
#3485=CARTESIAN_POINT('',(-0.000367633506242852,0.00112959494598425,-0.00591068372419333));
#3486=CARTESIAN_POINT('',(-0.000477888653258805,0.00109047765359012,-0.00590297445611618));
#3487=CARTESIAN_POINT('',(-0.00063306572931157,0.00100889566296304,-0.00589112779044371));
#3488=CARTESIAN_POINT('',(-0.000750499237357467,0.000923043337711732,-0.00588118238097713));
#3489=CARTESIAN_POINT('',(-0.000852683168930406,0.000826631750653497,-0.00587135352638789));
#3490=CARTESIAN_POINT('',(-0.000873805295837609,0.000807421252363741,-0.00586952009353668));
#3491=CARTESIAN_POINT('',(-0.0010375829411739,0.000598847445566329,-0.00585225767494391));
#3492=CARTESIAN_POINT('',(-0.00112112612709611,0.000411287030988312,-0.00583900240335364));
#3493=CARTESIAN_POINT('',(-0.001187,0.00015540134625598,-0.00582092279723714));
#3494=CARTESIAN_POINT('',(-0.001187,-2.48663300952408E-17,-0.00581000476086694));
#3495=CARTESIAN_POINT('',(-0.001187,1.48316970360904E-17,-0.00630993806023752));
#3496=CARTESIAN_POINT('',(-0.001187,-2.49030388540133E-18,-0.00681003338951073));
#3497=CARTESIAN_POINT('',(-0.001187,-7.77249149795355E-5,-0.00680481171467942));
#3498=CARTESIAN_POINT('',(-0.00116933011155963,-0.000237956830385,-0.0067941367312294));
#3499=CARTESIAN_POINT('',(-0.00112623586529857,-0.000389962904558339,-0.0067838840241181));
#3500=CARTESIAN_POINT('',(-0.00106880261772141,-0.000517199461843849,-0.0067749335416252));
#3501=CARTESIAN_POINT('',(-0.00106354505677431,-0.000526245972420106,-0.00677422357053021));
#3502=CARTESIAN_POINT('',(-0.00102971940719333,-0.000599572422349989,-0.00676872589842357));
#3503=CARTESIAN_POINT('',(-0.000908247324686475,-0.000770369934404128,-0.00675422496299003));
#3504=CARTESIAN_POINT('',(-0.000816899295421333,-0.00086410507055589,-0.00674535002220891));
#3505=CARTESIAN_POINT('',(-0.000662821208803464,-0.000995034727255148,-0.00673222656432765));
#3506=CARTESIAN_POINT('',(-0.000458412008223079,-0.00110324047421887,-0.00671700575087018));
#3507=CARTESIAN_POINT('',(-0.000267833217076908,-0.001160187642264,-0.00670355185512988));
#3508=CARTESIAN_POINT('',(-0.0001213160030567,-0.00118351461417711,-0.00669340033355378));
#3509=CARTESIAN_POINT('',(1.76136216323846E-5,-0.00118755128643545,-0.00668368449315451));
#3510=CARTESIAN_POINT('',(5.00796111821355E-5,-0.00118828019715945,-0.00668158542219315));
#3511=CARTESIAN_POINT('',(0.000244780813642527,-0.00116628091412535,-0.0066689304971124));
#3512=CARTESIAN_POINT('',(0.000361591524236728,-0.00113147803258285,-0.00666109688537224));
#3513=CARTESIAN_POINT('',(0.000481635578251248,-0.00108926469275693,-0.006652697067113));
#3514=CARTESIAN_POINT('',(0.000632387540697031,-0.00100928162697562,-0.00664118026379293));
#3515=CARTESIAN_POINT('',(0.000751242600448999,-0.000922341625148871,-0.00663112074949688));
#3516=CARTESIAN_POINT('',(0.000851076144126277,-0.000828468239463939,-0.00662155485813323));
#3517=CARTESIAN_POINT('',(0.000880560363954838,-0.000799706865588475,-0.00661883442907043));
#3518=CARTESIAN_POINT('',(0.00103364402387561,-0.000603367831190134,-0.00660264234287044));
#3519=CARTESIAN_POINT('',(0.00112495580021146,-0.00040665858498029,-0.00658872384542067));
#3520=CARTESIAN_POINT('',(0.00122329889312199,6.54890932409871E-6,-0.00655875458972113));
#3521=CARTESIAN_POINT('',(0.00112351710114154,0.000464540306226702,-0.00652994792934983));
#3522=CARTESIAN_POINT('',(0.000905718097070369,0.0007954172727175,-0.00650345737312371));
#3523=CARTESIAN_POINT('',(0.000693237005652054,0.000968719339770821,-0.00648448638072511));
#3524=CARTESIAN_POINT('',(0.000577971429058954,0.00103827974476097,-0.00647580616982946));
#3525=CARTESIAN_POINT('',(0.000506222856118645,0.00107390550960199,-0.00647091996966911));
#3526=CARTESIAN_POINT('',(0.000485220074923238,0.0010833138097777,-0.00646937829429062));
#3527=CARTESIAN_POINT('',(0.000392976965859623,0.0011243637255942,-0.00646258676987814));
#3528=CARTESIAN_POINT('',(0.000217988334798668,0.00117002564738461,-0.00645003032237993));
#3529=CARTESIAN_POINT('',(0.000112884399233873,0.00118298748726544,-0.00644279262894646));
#3530=CARTESIAN_POINT('',(-0.000128143203042869,0.00119541330867635,-0.00642644752436819));
#3531=CARTESIAN_POINT('',(-0.000400423569747635,0.00113209436960627,-0.00640897922010709));
#3532=CARTESIAN_POINT('',(-0.000626305323544934,0.00101630745498004,-0.00639169305793371));
#3533=CARTESIAN_POINT('',(-0.000789551875959162,0.000890410109381966,-0.00637752678692557));
#3534=CARTESIAN_POINT('',(-0.00087064495473383,0.000808034376873724,-0.00636971597605103));
#3535=CARTESIAN_POINT('',(-0.000917770661279377,0.000754725958942013,-0.00636497789091137));
#3536=CARTESIAN_POINT('',(-0.00101243033797608,0.000629006555405196,-0.00635476613461064));
#3537=CARTESIAN_POINT('',(-0.00114004025859808,0.000388552835877491,-0.00633677513203132));
#3538=CARTESIAN_POINT('',(-0.001187,0.000155378198422477,-0.00632079792234243));
#3539=CARTESIAN_POINT('',(-0.001187,1.09787745670169E-17,-0.00630993806023752));
#3540=CARTESIAN_POINT('',(-0.001187,-2.32731866097191E-18,-0.00681003338951073));
#3541=CARTESIAN_POINT('',(-0.001187,-1.98857223244381E-17,-0.00730993887085436));
#3542=CARTESIAN_POINT('',(-0.001187,-7.76532006768796E-5,-0.00730471626172633));
#3543=CARTESIAN_POINT('',(-0.00116930154891983,-0.000237870564595868,-0.00729404962761132));
#3544=CARTESIAN_POINT('',(-0.00112649257712708,-0.000389298923963891,-0.00728387197489697));
#3545=CARTESIAN_POINT('',(-0.00106889862523606,-0.000517011000588348,-0.0072749455487632));
#3546=CARTESIAN_POINT('',(-0.00106442160772444,-0.000524381451114663,-0.0072743537355206));
#3547=CARTESIAN_POINT('',(-0.00103115606336978,-0.000597527037128413,-0.00726888440385745));
#3548=CARTESIAN_POINT('',(-0.000907382530811069,-0.000771008650838199,-0.00725413749423954));
#3549=CARTESIAN_POINT('',(-0.000827753343361295,-0.000853624270717661,-0.00724637658532535));
#3550=CARTESIAN_POINT('',(-0.000640422616543734,-0.00101518590118226,-0.00723033045718741));
#3551=CARTESIAN_POINT('',(-0.0004069332178506,-0.00111998831309471,-0.00721353103742636));
#3552=CARTESIAN_POINT('',(-0.000246961357275782,-0.00116797357660345,-0.00720203475017363));
#3553=CARTESIAN_POINT('',(1.49671511581495E-5,-0.00119517715095793,-0.00718402821427156));
#3554=CARTESIAN_POINT('',(0.000226855372172778,-0.00117320681996972,-0.00717015680503916));
#3555=CARTESIAN_POINT('',(0.000474987865637713,-0.0010955636329765,-0.00715334092660994));
#3556=CARTESIAN_POINT('',(0.000661030243431635,-0.000998228328423684,-0.0071390107989143));
#3557=CARTESIAN_POINT('',(0.000852677486702089,-0.000830751611336989,-0.00712159358090283));
#3558=CARTESIAN_POINT('',(0.000917164774670493,-0.000755038473706361,-0.00711502077984307));
#3559=CARTESIAN_POINT('',(0.0010125991217202,-0.000629233161130369,-0.00710474708426896));
#3560=CARTESIAN_POINT('',(0.00113929118426613,-0.000387603082165975,-0.0070868038794107));
#3561=CARTESIAN_POINT('',(0.00122216661911092,-9.8384486902283E-6,-0.00706005698018711));
#3562=CARTESIAN_POINT('',(0.00112920883418614,0.000415904166415621,-0.00703290535303795));
#3563=CARTESIAN_POINT('',(0.000993433374651211,0.000662214279684806,-0.0070137727766937));
#3564=CARTESIAN_POINT('',(0.000838969609944035,0.000850946339881866,-0.00699694581448819));
#3565=CARTESIAN_POINT('',(0.000659098308762917,0.000997468741050933,-0.00698202029519415));
#3566=CARTESIAN_POINT('',(0.000433714543927765,0.00111249692757373,-0.00696547407179897));
#3567=CARTESIAN_POINT('',(0.000239878075406326,0.00116962746161614,-0.00695168358432957));
#3568=CARTESIAN_POINT('',(-4.61107790608439E-6,0.00119430855526808,-0.00693455151885717));
#3569=CARTESIAN_POINT('',(-0.000186000524300808,0.00117833331523216,-0.0069222096952844));
#3570=CARTESIAN_POINT('',(-0.000359531646552075,0.00113260761343473,-0.00691115210677561));
#3571=CARTESIAN_POINT('',(-0.000401068760580037,0.00111764134402321,-0.006908466278723));
#3572=CARTESIAN_POINT('',(-0.000498235751961676,0.00107973289186361,-0.00690142495388217));
#3573=CARTESIAN_POINT('',(-0.000608642511413329,0.0010226275019209,-0.0068929299158773));
#3574=CARTESIAN_POINT('',(-0.000714046095162503,0.000949232488078526,-0.00688403316386407));
#3575=CARTESIAN_POINT('',(-0.000766344322268233,0.000907379442080952,-0.00687942927832812));
#3576=CARTESIAN_POINT('',(-0.000934182991432277,0.000756693316849629,-0.00686413791971589));
#3577=CARTESIAN_POINT('',(-0.00112231282717126,0.000468330104507162,-0.00684263118069672));
#3578=CARTESIAN_POINT('',(-0.001187,0.000155349202687095,-0.00682095713447343));
#3579=CARTESIAN_POINT('',(-0.001187,4.36096725176372E-19,-0.00681003338951073));
#3580=CARTESIAN_POINT('',(-0.001187,-1.10521920845619E-17,-0.00730993887085436));
#3581=CARTESIAN_POINT('',(-0.001187,-1.40872495114259E-17,-0.00781000082583683));
#3582=CARTESIAN_POINT('',(-0.001187,-7.77337937179626E-5,-0.00780480408439896));
#3583=CARTESIAN_POINT('',(-0.00116918094899154,-0.000238287691154269,-0.00779413547045876));
#3584=CARTESIAN_POINT('',(-0.00112656673029577,-0.000389284679086192,-0.0077839504817125));
#3585=CARTESIAN_POINT('',(-0.00106849486852397,-0.000517843138500319,-0.00777487234814913));
#3586=CARTESIAN_POINT('',(-0.00106506846678379,-0.000523054876079974,-0.00777443605228098));
#3587=CARTESIAN_POINT('',(-0.00103218307589883,-0.000595545549696994,-0.00776902289884083));
#3588=CARTESIAN_POINT('',(-0.000907712417509146,-0.000771789872247126,-0.00775416965602713));
#3589=CARTESIAN_POINT('',(-0.00080601346371179,-0.000874342796528172,-0.00774437405676565));
#3590=CARTESIAN_POINT('',(-0.000666222772776738,-0.000991780148013079,-0.0077325453788269));
#3591=CARTESIAN_POINT('',(-0.000457120591977028,-0.00110427705241412,-0.00771690655621471));
#3592=CARTESIAN_POINT('',(-0.000267811021005107,-0.00116014625146758,-0.00770355937100867));
#3593=CARTESIAN_POINT('',(-0.000120829891831054,-0.00118353781589346,-0.00769336630001226));
#3594=CARTESIAN_POINT('',(1.70932276615498E-5,-0.00118763758696334,-0.00768371152009383));
#3595=CARTESIAN_POINT('',(5.32152187053187E-5,-0.00118791179589065,-0.00768135774495338));
#3596=CARTESIAN_POINT('',(0.000241686461389426,-0.00116708133167498,-0.00766911803741415));
#3597=CARTESIAN_POINT('',(0.000370291670972522,-0.00112875259337681,-0.00766049935600169));
#3598=CARTESIAN_POINT('',(0.000476533594774365,-0.00109090159309333,-0.00765307408252766));
#3599=CARTESIAN_POINT('',(0.000633545183337832,-0.00100862388377244,-0.00764109409759535));
#3600=CARTESIAN_POINT('',(0.000750356669031805,-0.000923174015875241,-0.00763119340438495));
#3601=CARTESIAN_POINT('',(0.000853543940873989,-0.000825776076894539,-0.0076212537044986));
#3602=CARTESIAN_POINT('',(0.000871020483625915,-0.000810197709311595,-0.0076197770678181));
#3603=CARTESIAN_POINT('',(0.000999539886705697,-0.000649103306309751,-0.00760636073442172));
#3604=CARTESIAN_POINT('',(0.0010533041954485,-0.000549026130954622,-0.00759899685506101));
#3605=CARTESIAN_POINT('',(0.00114238291416493,-0.000363348171101742,-0.0075853239939896));
#3606=CARTESIAN_POINT('',(0.00120482171555366,-7.76392841331908E-5,-0.00756504572740456));
#3607=CARTESIAN_POINT('',(0.0011691962104626,0.000237246927005972,-0.0075441428929029));
#3608=CARTESIAN_POINT('',(0.00112653156884346,0.00038937159945574,-0.00753388386579319));
#3609=CARTESIAN_POINT('',(0.00106862248178645,0.000517575302370595,-0.00752491788595412));
#3610=CARTESIAN_POINT('',(0.00106486240387869,0.00052347021906622,-0.00752442973521968));
#3611=CARTESIAN_POINT('',(0.00103182620681057,0.000596327622927468,-0.00751897519302804));
#3612=CARTESIAN_POINT('',(0.00090761148312247,0.000771160408242714,-0.00750412268175342));
#3613=CARTESIAN_POINT('',(0.000821009006298823,0.000859915039458419,-0.00749573210813258));
#3614=CARTESIAN_POINT('',(0.000661484419158929,0.000996412031609453,-0.00748209149370994));
#3615=CARTESIAN_POINT('',(0.000458875817043904,0.00110282377533466,-0.00746704698834705));
#3616=CARTESIAN_POINT('',(0.000267832590911744,0.00116021269927174,-0.00745356175007125));
#3617=CARTESIAN_POINT('',(0.000121489302216054,0.0011835001121888,-0.00744343457937818));
#3618=CARTESIAN_POINT('',(-1.77720657702982E-5,0.0011875371501022,-0.00743371071293237));
#3619=CARTESIAN_POINT('',(-4.89985758769113E-5,0.00118835114931596,-0.00743169407760858));
#3620=CARTESIAN_POINT('',(-0.000244999966770925,0.00116626708936502,-0.00741892286796426));
#3621=CARTESIAN_POINT('',(-0.000361220249617753,0.00113157698476248,-0.00741111000219748));
#3622=CARTESIAN_POINT('',(-0.000481788348529304,0.00108924559101437,-0.00740268018733983));
#3623=CARTESIAN_POINT('',(-0.000632478936825001,0.00100915383817185,-0.00739117793890224));
#3624=CARTESIAN_POINT('',(-0.000750975989213946,0.00092261578180292,-0.00738115108584955));
#3625=CARTESIAN_POINT('',(-0.00085201755008749,0.000827499975177141,-0.00737145245642512));
#3626=CARTESIAN_POINT('',(-0.000876952527295964,0.000803414591800391,-0.00736918026314113));
#3627=CARTESIAN_POINT('',(-0.000997536317073349,0.000651552518623085,-0.00735655045036321));
#3628=CARTESIAN_POINT('',(-0.00105381408617766,0.000548365541925342,-0.00734893605596634));
#3629=CARTESIAN_POINT('',(-0.00114181984553717,0.000364359094934126,-0.00733540773663131));
#3630=CARTESIAN_POINT('',(-0.001187,0.000155338176028404,-0.00732093931038558));
#3631=CARTESIAN_POINT('',(-0.001187,-2.48663300952408E-17,-0.00730993887085436));
#3632=CARTESIAN_POINT('',(-0.001187,-1.13429232346795E-17,-0.00781000082583683));
#3633=CARTESIAN_POINT('',(-0.001187,3.83530281970296E-18,-0.00830997698406462));
#3634=CARTESIAN_POINT('',(-0.001187,-7.76600255543135E-5,-0.00830473134980945));
#3635=CARTESIAN_POINT('',(-0.00116917156178662,-0.000238156548672663,-0.00829401792136064));
#3636=CARTESIAN_POINT('',(-0.00112678332914424,-0.000388702400755275,-0.0082839029622641));
#3637=CARTESIAN_POINT('',(-0.00106863237722937,-0.000517567127431107,-0.00827492012478251));
#3638=CARTESIAN_POINT('',(-0.00106575649908285,-0.000521590184925578,-0.00827456354460665));
#3639=CARTESIAN_POINT('',(-0.00103317392307426,-0.000594171164873053,-0.00826913866971888));
#3640=CARTESIAN_POINT('',(-0.000907306769615454,-0.000771781325786199,-0.0082540803173008));
#3641=CARTESIAN_POINT('',(-0.000818547752131571,-0.000862183469150095,-0.00824550878563369));
#3642=CARTESIAN_POINT('',(-0.000662375116627659,-0.000995629475450428,-0.00823217762656398));
#3643=CARTESIAN_POINT('',(-0.000458503901709308,-0.00110303578259241,-0.00821703704422097));
#3644=CARTESIAN_POINT('',(-0.000268242585806193,-0.00116020403612821,-0.00820362045369031));
#3645=CARTESIAN_POINT('',(-0.000120758286427545,-0.00118348672498514,-0.00819341880736616));
#3646=CARTESIAN_POINT('',(1.51614668138249E-5,-0.00118761916442935,-0.00818393339080613));
#3647=CARTESIAN_POINT('',(5.89517706979376E-5,-0.00118803652272397,-0.00818103957735514));
#3648=CARTESIAN_POINT('',(0.000303763831320339,-0.0011574734905423,-0.00816506985295277));
#3649=CARTESIAN_POINT('',(0.000444980355125402,-0.00110543182083144,-0.00815545474317738));
#3650=CARTESIAN_POINT('',(0.000632624900298687,-0.00100941314801397,-0.00814118157579905));
#3651=CARTESIAN_POINT('',(0.000750842077260779,-0.000922714736929126,-0.00813116270191942));
#3652=CARTESIAN_POINT('',(0.00085304413455402,-0.000826419637601215,-0.00812130478266182));
#3653=CARTESIAN_POINT('',(0.000873504051700457,-0.00080711298542639,-0.0081194956765572));
#3654=CARTESIAN_POINT('',(0.000997562331079454,-0.000652345484871434,-0.00810658337213266));
#3655=CARTESIAN_POINT('',(0.00105738363480341,-0.000541158483242464,-0.00809840713568939));
#3656=CARTESIAN_POINT('',(0.00110999628606154,-0.000431334180668852,-0.00809034970665891));
#3657=CARTESIAN_POINT('',(0.00116105868497578,-0.000264972230007649,-0.00807853578793485));
#3658=CARTESIAN_POINT('',(0.00118325678585192,-0.000123019927064577,-0.00806863626296425));
#3659=CARTESIAN_POINT('',(0.00118806579217379,2.34403289334327E-5,-0.00805821648645942));
#3660=CARTESIAN_POINT('',(0.00118648003299665,2.88373903758202E-5,-0.00805814775004534));
#3661=CARTESIAN_POINT('',(0.00118386132681856,0.000102922604271798,-0.00805323647004111));
#3662=CARTESIAN_POINT('',(0.00116753594068426,0.000243936600778268,-0.00804391216323379));
#3663=CARTESIAN_POINT('',(0.00109912769065334,0.000496084107594845,-0.00802672118782483));
#3664=CARTESIAN_POINT('',(0.000909070946019193,0.000779279688405173,-0.00800397161446112));
#3665=CARTESIAN_POINT('',(0.00069190793004131,0.000982965118307429,-0.00798412359017537));
#3666=CARTESIAN_POINT('',(0.000433872257103353,0.00111466939827043,-0.00796474343168422));
#3667=CARTESIAN_POINT('',(0.000204029462533866,0.00117616406780693,-0.00794878313786362));
#3668=CARTESIAN_POINT('',(-2.37266535109797E-5,0.00119073902095026,-0.0079333864358082));
#3669=CARTESIAN_POINT('',(-0.000110146849190285,0.00118287977477664,-0.00792759103354329));
#3670=CARTESIAN_POINT('',(-0.00027651970781761,0.00115948396006702,-0.00791645377865995));
#3671=CARTESIAN_POINT('',(-0.000388702664232561,0.00112667088405926,-0.00790891318519668));
#3672=CARTESIAN_POINT('',(-0.000517852087759486,0.00106851206371949,-0.0078999000745369));
#3673=CARTESIAN_POINT('',(-0.000522168035852887,0.00106546655446604,-0.00789952279264149));
#3674=CARTESIAN_POINT('',(-0.000594745255923862,0.00103283178116011,-0.00789409486842407));
#3675=CARTESIAN_POINT('',(-0.000771784945530209,0.00090723233892309,-0.0078790716066048));
#3676=CARTESIAN_POINT('',(-0.000861045548661055,0.000819714834511765,-0.00787061423663944));
#3677=CARTESIAN_POINT('',(-0.000996115841867633,0.000662010243614337,-0.00785713716881416));
#3678=CARTESIAN_POINT('',(-0.0011388862600186,0.000389371840649431,-0.00783688595871321));
#3679=CARTESIAN_POINT('',(-0.001187,0.000155380474266471,-0.00782082998486118));
#3680=CARTESIAN_POINT('',(-0.001187,-1.22151166850322E-17,-0.00781000082583683));
#3681=CARTESIAN_POINT('',(-0.001187,1.01755902541154E-18,-0.00830997698406462));
#3682=CARTESIAN_POINT('',(-0.001187,-2.49030388540133E-18,-0.00880994918304449));
#3683=CARTESIAN_POINT('',(-0.001187,-2.57785102057924E-5,-0.0088082217974572));
#3684=CARTESIAN_POINT('',(-0.00119153979712303,-9.80722267248228E-5,-0.00880357501800041));
#3685=CARTESIAN_POINT('',(-0.00115286230339519,-0.00028683981628783,-0.00879112112236896));
#3686=CARTESIAN_POINT('',(-0.00113106805012442,-0.000362633860026577,-0.00878601875839128));
#3687=CARTESIAN_POINT('',(-0.00108854746064313,-0.000484679193875724,-0.0087774976455927));
#3688=CARTESIAN_POINT('',(-0.000985139496216582,-0.000681700302672455,-0.00876237316250113));
#3689=CARTESIAN_POINT('',(-0.000752839276821674,-0.000938813460798857,-0.00873894907635746));
#3690=CARTESIAN_POINT('',(-0.000558123201521044,-0.00106812634950475,-0.00872443010817366));
#3691=CARTESIAN_POINT('',(-0.000229358494038816,-0.00117276491367162,-0.00870079834214759));
#3692=CARTESIAN_POINT('',(4.97682140160619E-5,-0.00120241333474796,-0.00868142264342036));
#3693=CARTESIAN_POINT('',(0.000401166628917464,-0.00113505753351257,-0.00865899712063928));
#3694=CARTESIAN_POINT('',(0.000663514004249241,-0.000996617735126674,-0.00863879166360897));
#3695=CARTESIAN_POINT('',(0.000851363049531996,-0.000831993871466577,-0.00862171348302017));
#3696=CARTESIAN_POINT('',(0.000917438555032559,-0.000754806241935873,-0.00861500676578278));
#3697=CARTESIAN_POINT('',(0.00101263204557059,-0.000628940008480092,-0.0086047507359362));
#3698=CARTESIAN_POINT('',(0.00113986015747611,-0.000388680331221814,-0.00858689041764506));
#3699=CARTESIAN_POINT('',(0.00125009350796979,0.000156357056188001,-0.00854871826334538));
#3700=CARTESIAN_POINT('',(0.00102854506724913,0.000694283536535556,-0.00851484088797919));
#3701=CARTESIAN_POINT('',(0.00069265199693651,0.000969817978750162,-0.00848426930134794));
#3702=CARTESIAN_POINT('',(0.000562660579627839,0.00104619926932804,-0.00847510493359406));
#3703=CARTESIAN_POINT('',(0.000490746853496875,0.00108347645554873,-0.00846973783627636));
#3704=CARTESIAN_POINT('',(0.00033603483129253,0.00114167805495066,-0.00845848233916196));
#3705=CARTESIAN_POINT('',(0.000233429851738428,0.00116486472123828,-0.00845124845654057));
#3706=CARTESIAN_POINT('',(0.000120728881330969,0.00118380691772104,-0.00844337323717606));
#3707=CARTESIAN_POINT('',(-1.70816513542158E-5,0.00118749635454654,-0.00843371145167928));
#3708=CARTESIAN_POINT('',(-5.10899078439239E-5,0.00118820754317802,-0.00843150696884297));
#3709=CARTESIAN_POINT('',(-0.000243930158740315,0.00116645287141868,-0.00841898050336839));
#3710=CARTESIAN_POINT('',(-0.000362968519203079,0.00113106494765059,-0.00841100451835189));
#3711=CARTESIAN_POINT('',(-0.00048059949378982,0.00108959728343106,-0.00840277399731871));
#3712=CARTESIAN_POINT('',(-0.000632379227097111,0.00100933166501995,-0.00839118214607743));
#3713=CARTESIAN_POINT('',(-0.000751044970115093,0.000922485689747857,-0.00838113389885204));
#3714=CARTESIAN_POINT('',(-0.000850986692739898,0.000828586142839737,-0.00837155962394091));
#3715=CARTESIAN_POINT('',(-0.000880205549463816,0.000800001306987739,-0.00836885418754782));
#3716=CARTESIAN_POINT('',(-0.000998150457267801,0.000649701117104778,-0.00835644014564943));
#3717=CARTESIAN_POINT('',(-0.00104856563097083,0.00055849452685676,-0.0083496987151026));
#3718=CARTESIAN_POINT('',(-0.00114824983778247,0.000352008575530585,-0.00833445089835449));
#3719=CARTESIAN_POINT('',(-0.001187,0.000155386851778083,-0.00832092843374577));
#3720=CARTESIAN_POINT('',(-0.001187,4.36096725176372E-19,-0.00830997698406462));
#3721=CARTESIAN_POINT('',(-0.001187,-1.38170769307414E-18,-0.00880994918304449));
#3722=CARTESIAN_POINT('',(-0.001187,3.83530281970296E-18,-0.00931002631698598));
#3723=CARTESIAN_POINT('',(-0.001187,-7.77090595424721E-5,-0.0093047892792321));
#3724=CARTESIAN_POINT('',(-0.0011692691872887,-0.000238052635654707,-0.00929409136531756));
#3725=CARTESIAN_POINT('',(-0.00112642233407777,-0.000389543271856698,-0.0092838867811586));
#3726=CARTESIAN_POINT('',(-0.0010687180495632,-0.000517380377780515,-0.00927492870537113));
#3727=CARTESIAN_POINT('',(-0.00106432253580367,-0.000524605995192791,-0.00927434717453485));
#3728=CARTESIAN_POINT('',(-0.00103095541818656,-0.000597686548203487,-0.00926887187967314));
#3729=CARTESIAN_POINT('',(-0.000907888765086349,-0.000770756620404623,-0.00925416403188599));
#3730=CARTESIAN_POINT('',(-0.000820567987273461,-0.000860428799672384,-0.00924568977102745));
#3731=CARTESIAN_POINT('',(-0.000661643867046327,-0.000996229432219289,-0.00923210893356362));
#3732=CARTESIAN_POINT('',(-0.000458833272277913,-0.0011028783247835,-0.00921703992897629));
#3733=CARTESIAN_POINT('',(-0.000267789964013448,-0.0011602105580306,-0.00920355203734279));
#3734=CARTESIAN_POINT('',(-0.000121497741873668,-0.00118350834644894,-0.00919342491325865));
#3735=CARTESIAN_POINT('',(1.79809953450378E-5,-0.00118752399078845,-0.00918368142921017));
#3736=CARTESIAN_POINT('',(4.84267409630364E-5,-0.00118839559803176,-0.00918172104382264));
#3737=CARTESIAN_POINT('',(0.000245320533906726,-0.0011662157033017,-0.00916890181152413));
#3738=CARTESIAN_POINT('',(0.00036095690377745,-0.00113164908187221,-0.00916113252800621));
#3739=CARTESIAN_POINT('',(0.000482021149655084,-0.00108916785045283,-0.00915266501704981));
#3740=CARTESIAN_POINT('',(0.000632436405957422,-0.00100918860840956,-0.00914117806004398));
#3741=CARTESIAN_POINT('',(0.000751149165278249,-0.00092246950369578,-0.00913113542492592));
#3742=CARTESIAN_POINT('',(0.00085163954882915,-0.000827827953187576,-0.00912149388937638));
#3743=CARTESIAN_POINT('',(0.000878621001312878,-0.00080191929330464,-0.00911903773666219));
#3744=CARTESIAN_POINT('',(0.00103464247482236,-0.00060226900346902,-0.00910252984259659));
#3745=CARTESIAN_POINT('',(0.00112427107996988,-0.000407372470457772,-0.00908881941917944));
#3746=CARTESIAN_POINT('',(0.0012234781225731,6.69527047787395E-6,-0.00905865789422898));
#3747=CARTESIAN_POINT('',(0.00112365772704869,0.00046466353533442,-0.0090300955594506));
#3748=CARTESIAN_POINT('',(0.000905079403148218,0.000795011314008016,-0.00900364731244303));
#3749=CARTESIAN_POINT('',(0.00069399827482297,0.000969426619033025,-0.00898435154718459));
#3750=CARTESIAN_POINT('',(0.000559937724065184,0.00104712487028061,-0.00897494451022356));
#3751=CARTESIAN_POINT('',(0.000519070303731144,0.00107003302196382,-0.00897180132332172));
#3752=CARTESIAN_POINT('',(0.000398747924117129,0.00111913027496071,-0.00896299767644949));
#3753=CARTESIAN_POINT('',(0.000326909538693189,0.00114190616979679,-0.00895785415076071));
#3754=CARTESIAN_POINT('',(0.000230300253105504,0.00116621116703369,-0.00895102897054288));
#3755=CARTESIAN_POINT('',(0.000121128383044462,0.00118343641938868,-0.00894344740490469));
#3756=CARTESIAN_POINT('',(-1.75524588603198E-5,0.00118782917381502,-0.00893378610129454));
#3757=CARTESIAN_POINT('',(-5.16703720424142E-5,0.00118724684566858,-0.00893155672649892));
#3758=CARTESIAN_POINT('',(-0.000216166609627969,0.00117155395648305,-0.00892079803784965));
#3759=CARTESIAN_POINT('',(-0.000360031810601639,0.00113323178034504,-0.00891121685890496));
#3760=CARTESIAN_POINT('',(-0.000495510030386191,0.00108267719913252,-0.0089016812928075));
#3761=CARTESIAN_POINT('',(-0.000662818937350209,0.000993894367854733,-0.00888888189785311));
#3762=CARTESIAN_POINT('',(-0.000844652884896201,0.000844909552338769,-0.00887306428590104));
#3763=CARTESIAN_POINT('',(-0.000969881129069727,0.000692600871924459,-0.00885931592265854));
#3764=CARTESIAN_POINT('',(-0.00104641937176133,0.00056231394704655,-0.00885007308285887));
#3765=CARTESIAN_POINT('',(-0.00108430874597864,0.000488917379801454,-0.00884460449685041));
#3766=CARTESIAN_POINT('',(-0.00114143800668863,0.000336145763935374,-0.0088334826523839));
#3767=CARTESIAN_POINT('',(-0.00117329101934746,0.00019956606074902,-0.0088238527471277));
#3768=CARTESIAN_POINT('',(-0.001187,7.76813805431417E-5,-0.00881537227563537));
#3769=CARTESIAN_POINT('',(-0.001187,4.36096725176372E-19,-0.00880994918304449));
#3770=CARTESIAN_POINT('',(-0.001187,4.65316786191257E-18,-0.00931002631698598));
#3771=CARTESIAN_POINT('',(-0.001187,-2.49030388540133E-18,-0.00980993694274732));
#3772=CARTESIAN_POINT('',(-0.001187,-7.76717324299265E-5,-0.00980471718412837));
#3773=CARTESIAN_POINT('',(-0.001169441017132,-0.000237614559767474,-0.00979407340553281));
#3774=CARTESIAN_POINT('',(-0.00112611254912222,-0.000390131462028473,-0.00978381541937957));
#3775=CARTESIAN_POINT('',(-0.00106912974717713,-0.000516520508875275,-0.00977497205623663));
#3776=CARTESIAN_POINT('',(-0.00106278346313036,-0.000527837573045866,-0.00977410240538552));
#3777=CARTESIAN_POINT('',(-0.0010284328058629,-0.000601723723990373,-0.00976856150827839));
#3778=CARTESIAN_POINT('',(-0.000908392003424274,-0.000769643541201709,-0.00975424941537106));
#3779=CARTESIAN_POINT('',(-0.000851874314332558,-0.000827480389672291,-0.00974880786226909));
#3780=CARTESIAN_POINT('',(-0.000760803418912259,-0.000915439948777036,-0.00974041918657411));
#3781=CARTESIAN_POINT('',(-0.000590478070710366,-0.00103874608308939,-0.00972674983461727));
#3782=CARTESIAN_POINT('',(-0.000397635146756579,-0.00112282724193588,-0.00971285308230034));
#3783=CARTESIAN_POINT('',(-0.000249435718841664,-0.0011670912338778,-0.00970222223871178));
#3784=CARTESIAN_POINT('',(1.31818558256989E-5,-0.0011953962430821,-0.00968412747211796));
#3785=CARTESIAN_POINT('',(0.000226759601905081,-0.00117326039271026,-0.00967015714632231));
#3786=CARTESIAN_POINT('',(0.000475311472683055,-0.00109549912547262,-0.00965332034109377));
#3787=CARTESIAN_POINT('',(0.000660826250787333,-0.000998009581506219,-0.00963899794237633));
#3788=CARTESIAN_POINT('',(0.000849977425935796,-0.000833592668190472,-0.00962184123785125));
#3789=CARTESIAN_POINT('',(0.000917319005280151,-0.000754965211534845,-0.00961500641114979));
#3790=CARTESIAN_POINT('',(0.00101251918132437,-0.000629112228514607,-0.0096047395706219));
#3791=CARTESIAN_POINT('',(0.00113986561876696,-0.00038876825258354,-0.00958689065988384));
#3792=CARTESIAN_POINT('',(0.00121812792096916,-2.37961646385505E-7,-0.00955941893053478));
#3793=CARTESIAN_POINT('',(0.00112527504606794,0.000466164624036353,-0.00952994310616536));
#3794=CARTESIAN_POINT('',(0.000904936771598512,0.00079477936865025,-0.00950367007833324));
#3795=CARTESIAN_POINT('',(0.000694119661257183,0.000969302675388751,-0.00948434925640091));
#3796=CARTESIAN_POINT('',(0.000560033253167495,0.00104718736335598,-0.00947491609257437));
#3797=CARTESIAN_POINT('',(0.000515570486749297,0.00107159060413334,-0.00947155205751814));
#3798=CARTESIAN_POINT('',(0.000398997473163847,0.00111898523962976,-0.00946304529190885));
#3799=CARTESIAN_POINT('',(0.000326863164581333,0.00114196183959194,-0.00945788406353455));
#3800=CARTESIAN_POINT('',(0.000230384001465325,0.00116615812581979,-0.00945105560538878));
#3801=CARTESIAN_POINT('',(0.00012126450447692,0.0011834919025923,-0.00944344346694243));
#3802=CARTESIAN_POINT('',(-1.77518163148279E-5,0.00118761807835146,-0.00943365694889597));
#3803=CARTESIAN_POINT('',(-5.05536870691382E-5,0.00118803577783213,-0.00943153652735094));
#3804=CARTESIAN_POINT('',(-0.000241575477096482,0.00116726793251688,-0.00941912456580276));
#3805=CARTESIAN_POINT('',(-0.000372021743290751,0.00112815581841226,-0.00941037757702386));
#3806=CARTESIAN_POINT('',(-0.000475437143716412,0.00109128798926867,-0.0094031559083702));
#3807=CARTESIAN_POINT('',(-0.000633669648993409,0.00100856728614625,-0.00939109099772206));
#3808=CARTESIAN_POINT('',(-0.000750155605204213,0.000923348386017624,-0.00938121093770825));
#3809=CARTESIAN_POINT('',(-0.000853785800859838,0.000825503531487772,-0.00937121086921486));
#3810=CARTESIAN_POINT('',(-0.000869741761554022,0.00081162572074182,-0.00936989649818769));
#3811=CARTESIAN_POINT('',(-0.000999763402454821,0.000648920872476037,-0.00935634258749235));
#3812=CARTESIAN_POINT('',(-0.00105331806310911,0.000548882957224906,-0.00934899629216413));
#3813=CARTESIAN_POINT('',(-0.00114225306249012,0.000364156674130753,-0.00933533998564715));
#3814=CARTESIAN_POINT('',(-0.001187,0.000155409341124415,-0.00932091662158393));
#3815=CARTESIAN_POINT('',(-0.001187,4.36096725176372E-19,-0.00931002631698598));
#3816=CARTESIAN_POINT('',(-0.001187,1.45365575058791E-19,-0.00980993694274732));
#3817=CARTESIAN_POINT('',(0.000864004392219243,0.00081391978119828,-0.00999999999999844));
#3818=CARTESIAN_POINT('',(0.000823513682863774,0.000856902089203736,-0.00999598398905905));
#3819=CARTESIAN_POINT('',(0.000739483178937951,0.000935018135193304,-0.00998832964915622));
#3820=CARTESIAN_POINT('',(0.000603920700128451,0.00102427707040384,-0.00997785945675278));
#3821=CARTESIAN_POINT('',(0.000524388787606736,0.00106533290468567,-0.00997226559275169));
#3822=CARTESIAN_POINT('',(0.000465864246972683,0.00109244854137456,-0.0099679239617795));
#3823=CARTESIAN_POINT('',(0.000356219097865288,0.00113883953721923,-0.0099598653897092));
#3824=CARTESIAN_POINT('',(0.000168668446510053,0.00117707364805285,-0.00994657110273399));
#3825=CARTESIAN_POINT('',(5.39946742171749E-5,0.00118761060763628,-0.0099385791122725));
#3826=CARTESIAN_POINT('',(-9.43290423322589E-5,0.00118825569751889,-0.00992855402687423));
#3827=CARTESIAN_POINT('',(-0.000243398816064341,0.00116379263957245,-0.00991867039689449));
#3828=CARTESIAN_POINT('',(-0.000350590018882714,0.00113574149752557,-0.00991154978727907));
#3829=CARTESIAN_POINT('',(-0.000454719342092509,0.0010971343720465,-0.009904588855848));
#3830=CARTESIAN_POINT('',(-0.000458120827758511,0.00109528778050009,-0.0099042655288686));
#3831=CARTESIAN_POINT('',(-0.000531803746625834,0.00106205753351333,-0.00989879757891658));
#3832=CARTESIAN_POINT('',(-0.000616863204782106,0.00101799176809535,-0.00989225652950237));
#3833=CARTESIAN_POINT('',(-0.000759800236946564,0.000915138638229919,-0.00988013851400853));
#3834=CARTESIAN_POINT('',(-0.000799968832608779,0.000877230315515037,-0.00987638747539442));
#3835=CARTESIAN_POINT('',(-0.000888395304174791,0.000792373575974625,-0.00986813578685598));
#3836=CARTESIAN_POINT('',(-0.00102615444451262,0.000617897337994643,-0.00985370957628674));
#3837=CARTESIAN_POINT('',(-0.00115017688095519,0.000355946652708664,-0.00983481826493033));
#3838=CARTESIAN_POINT('',(-0.001187,0.000118028422002741,-0.00981828656346479));
#3839=CARTESIAN_POINT('',(-0.001187,-2.49030388540133E-18,-0.00980993694274732));
#3840=CARTESIAN_POINT('',(0.000864004392219247,0.000813919781198283,-0.00999999999999844));
#3841=CARTESIAN_POINT('',(0.000864004392219248,0.000813919781198283,-0.00999999999999844));
#3842=CARTESIAN_POINT('',(0.000856916083369693,0.000823473319852338,-0.00999999999999844));
#3843=CARTESIAN_POINT('',(0.0008496695652526,0.000832925411309455,-0.00999999999999846));
#3844=CARTESIAN_POINT('',(0.000842267855326199,0.000842267855326252,-0.00999999999999848));
#3845=CARTESIAN_POINT('',(0.000816788292798353,0.000874428178934694,-0.00999999999999857));
#3846=CARTESIAN_POINT('',(0.000789466388403198,0.00090528681680049,-0.00999999999999881));
#3847=CARTESIAN_POINT('',(0.000760572975103458,0.000934646339218179,-0.00999999999999907));
#3848=CARTESIAN_POINT('',(0.000731320733993638,0.000964370478063316,-0.00999999999999933));
#3849=CARTESIAN_POINT('',(0.000700458355284357,0.000992557451782822,-0.00999999999999961));
#3850=CARTESIAN_POINT('',(0.00066830598817716,0.00101903869289151,-0.0099999999999998));
#3851=CARTESIAN_POINT('',(0.000647285630308237,0.001036351420227,-0.01));
#3852=CARTESIAN_POINT('',(0.000625714690449696,0.00105293585055328,-0.01));
#3853=CARTESIAN_POINT('',(0.000603689350139376,0.00106875486729154,-0.01));
#3854=CARTESIAN_POINT('',(0.000566724372059044,0.00109530381494652,-0.01));
#3855=CARTESIAN_POINT('',(0.000528144986215664,0.001119934471711,-0.01));
#3856=CARTESIAN_POINT('',(0.000488299321133194,0.00114244134303695,-0.01));
#3857=CARTESIAN_POINT('',(0.000448847733933484,0.001164725619002,-0.01));
#3858=CARTESIAN_POINT('',(0.000408155637026731,0.00118492743692125,-0.01));
#3859=CARTESIAN_POINT('',(0.000366587288615493,0.00120289020480574,-0.01));
#3860=CARTESIAN_POINT('',(0.000337429945568269,0.001215489853464,-0.01));
#3861=CARTESIAN_POINT('',(0.000307842047324674,0.00122698876188013,-0.01));
#3862=CARTESIAN_POINT('',(0.000277953744182556,0.00123734750078863,-0.01));
#3863=CARTESIAN_POINT('',(0.00026993169393853,0.00124012779659846,-0.01));
#3864=CARTESIAN_POINT('',(0.000261888015081608,0.00124282602752539,-0.01));
#3865=CARTESIAN_POINT('',(0.000253825245398444,0.00124544159260729,-0.01));
#3866=CARTESIAN_POINT('',(0.000246500035571858,0.00124781789303418,-0.01));
#3867=CARTESIAN_POINT('',(0.000239152096992229,0.00125012826672499,-0.01));
#3868=CARTESIAN_POINT('',(0.000231776500033426,0.00125237384468142,-0.01));
#3869=CARTESIAN_POINT('',(0.000190405230254822,0.00126496976226793,-0.01));
#3870=CARTESIAN_POINT('',(0.000148227991020332,0.00127550181924654,-0.01));
#3871=CARTESIAN_POINT('',(0.000105569064933856,0.00128381131475238,-0.01));
#3872=CARTESIAN_POINT('',(7.06398852444148E-5,0.00129061513960872,-0.01));
#3873=CARTESIAN_POINT('',(3.53884298337177E-5,0.00129592953596103,-0.01));
#3874=CARTESIAN_POINT('',(-2.07654516438673E-18,0.00129969246061973,-0.01));
#3875=CARTESIAN_POINT('',(-4.43469533569019E-5,0.00130440796354283,-0.01));
#3876=CARTESIAN_POINT('',(-8.89084491730978E-5,0.00130668556424521,-0.01));
#3877=CARTESIAN_POINT('',(-0.00013331648472903,0.00130664138999663,-0.01));
#3878=CARTESIAN_POINT('',(-0.000143419176355902,0.00130663134049082,-0.01));
#3879=CARTESIAN_POINT('',(-0.000153513939614691,0.00130650135646577,-0.01));
#3880=CARTESIAN_POINT('',(-0.000163596485855586,0.00130625320374608,-0.01));
#3881=CARTESIAN_POINT('',(-0.000171552354463333,0.00130605739304655,-0.01));
#3882=CARTESIAN_POINT('',(-0.000179499944531129,0.00130578812552637,-0.01));
#3883=CARTESIAN_POINT('',(-0.000187453430753853,0.00130544536806592,-0.01));
#3884=CARTESIAN_POINT('',(-0.000234105825537855,0.00130343487154749,-0.01));
#3885=CARTESIAN_POINT('',(-0.000280829662380881,0.00129889387172577,-0.01));
#3886=CARTESIAN_POINT('',(-0.000327248166134976,0.00129190947729227,-0.01));
#3887=CARTESIAN_POINT('',(-0.000373776233633716,0.00128490859726905,-0.01));
#3888=CARTESIAN_POINT('',(-0.000419996604551867,0.00127545294399357,-0.01));
#3889=CARTESIAN_POINT('',(-0.000465535910695862,0.0012636821113099,-0.01));
#3890=CARTESIAN_POINT('',(-0.000489723176265278,0.00125743027569359,-0.01));
#3891=CARTESIAN_POINT('',(-0.000513718501234877,0.0012505261917736,-0.01));
#3892=CARTESIAN_POINT('',(-0.00053746800648999,0.00124299641272895,-0.01));
#3893=CARTESIAN_POINT('',(-0.000547960396003434,0.00123966980133903,-0.01));
#3894=CARTESIAN_POINT('',(-0.000558404830225299,0.00123622111525495,-0.01));
#3895=CARTESIAN_POINT('',(-0.000568796791776437,0.00123265287614097,-0.01));
#3896=CARTESIAN_POINT('',(-0.000579088265116561,0.00122911914119285,-0.01));
#3897=CARTESIAN_POINT('',(-0.000589322853263446,0.00122547028985303,-0.01));
#3898=CARTESIAN_POINT('',(-0.000599527243074259,0.00122169705611733,-0.01));
#3899=CARTESIAN_POINT('',(-0.000645179537046016,0.00120481640191655,-0.01));
#3900=CARTESIAN_POINT('',(-0.000690128043785671,0.00118547321472044,-0.01));
#3901=CARTESIAN_POINT('',(-0.000733978357406456,0.00116378823001814,-0.01));
#3902=CARTESIAN_POINT('',(-0.000777318953102533,0.00114235531250731,-0.01));
#3903=CARTESIAN_POINT('',(-0.000819585837159321,0.00111863501123726,-0.01));
#3904=CARTESIAN_POINT('',(-0.000860417524795175,0.00109279059102423,-0.01));
#3905=CARTESIAN_POINT('',(-0.0008839363877098,0.00107790432471266,-0.01));
#3906=CARTESIAN_POINT('',(-0.000906979524364628,0.0010623141821599,-0.01));
#3907=CARTESIAN_POINT('',(-0.000929482575154147,0.00104605792731609,-0.01));
#3908=CARTESIAN_POINT('',(-0.000943128840105739,0.00103619983461595,-0.01));
#3909=CARTESIAN_POINT('',(-0.000956576566579829,0.00102609687465731,-0.01));
#3910=CARTESIAN_POINT('',(-0.000969812191105323,0.00101575828103929,-0.01));
#3911=CARTESIAN_POINT('',(-0.000978402460477151,0.00100904826112798,-0.01));
#3912=CARTESIAN_POINT('',(-0.000986900770097589,0.00100224131786768,-0.01));
#3913=CARTESIAN_POINT('',(-0.000995323358994637,0.000995323358994702,-0.01));
#3914=CARTESIAN_POINT('',(-0.00103047126540872,0.000966454352800039,-0.01));
#3915=CARTESIAN_POINT('',(-0.00106422773995956,0.000935701698675598,-0.01));
#3916=CARTESIAN_POINT('',(-0.00109639645456805,0.000903340687388215,-0.01));
#3917=CARTESIAN_POINT('',(-0.00112898948738147,0.000870552821425823,-0.01));
#3918=CARTESIAN_POINT('',(-0.00115995206026314,0.000836114505589465,-0.01));
#3919=CARTESIAN_POINT('',(-0.00118911682963663,0.000800350403565671,-0.01));
#3920=CARTESIAN_POINT('',(-0.00119746852187764,0.0007901089108402,-0.01));
#3921=CARTESIAN_POINT('',(-0.00120567304465892,0.000779758903720966,-0.01));
#3922=CARTESIAN_POINT('',(-0.00121372710874428,0.000769308459266718,-0.01));
#3923=CARTESIAN_POINT('',(-0.00121372710874428,0.00076930845926672,-0.01));
#3924=CARTESIAN_POINT('',(0.001437,-1.00345173678352E-17,-0.00970427888520508));
#3925=CARTESIAN_POINT('',(0.001437,-1.13296712032746E-5,-0.00970490694584232));
#3926=CARTESIAN_POINT('',(0.00143633510878352,-7.66749783713487E-5,-0.00970865008599782));
#3927=CARTESIAN_POINT('',(0.00142535358477124,-0.000218516367686496,-0.0097167986964934));
#3928=CARTESIAN_POINT('',(0.00138834313978459,-0.000372596438344494,-0.00972594452924276));
#3929=CARTESIAN_POINT('',(0.00137444380348663,-0.000420083924678603,-0.00972879433825211));
#3930=CARTESIAN_POINT('',(0.00134531327905534,-0.000510974110632273,-0.00973421658590814));
#3931=CARTESIAN_POINT('',(0.00126593210476498,-0.000695551851345372,-0.00974527181691902));
#3932=CARTESIAN_POINT('',(0.00113300524027494,-0.000895887102469683,-0.00975802732800786));
#3933=CARTESIAN_POINT('',(0.00095873530042032,-0.00108874537171398,-0.00977232347275518));
#3934=CARTESIAN_POINT('',(0.000705989267268495,-0.00125491184942961,-0.00978943864938359));
#3935=CARTESIAN_POINT('',(0.000653411557602356,-0.00128084465833684,-0.00979272116449449));
#3936=CARTESIAN_POINT('',(0.000511860029489291,-0.00134560270817912,-0.00980120266676567));
#3937=CARTESIAN_POINT('',(0.000366531253478044,-0.00139565641815875,-0.00980943962312866));
#3938=CARTESIAN_POINT('',(0.000164253197329669,-0.00142898749091088,-0.00982042839497457));
#3939=CARTESIAN_POINT('',(0.000122364273719466,-0.00143147636184465,-0.00982268950061998));
#3940=CARTESIAN_POINT('',(1.23776026378959E-5,-0.00143975380685372,-0.00982882509467594));
#3941=CARTESIAN_POINT('',(-0.000131872939175562,-0.00143420911417967,-0.00983696585073227));
#3942=CARTESIAN_POINT('',(-0.000262895816350695,-0.00141339277618691,-0.00984451970575476));
#3943=CARTESIAN_POINT('',(-0.000333692809463682,-0.00139845922713318,-0.00984864663627509));
#3944=CARTESIAN_POINT('',(-0.0004167865339661,-0.00137559905045037,-0.00985357668978702));
#3945=CARTESIAN_POINT('',(-0.000398033627329042,-0.0013807080937435,-0.00985245961618467));
#3946=CARTESIAN_POINT('',(-0.000416667006538775,-0.00137537873227919,-0.00985353896155328));
#3947=CARTESIAN_POINT('',(-0.000448937768863384,-0.00136527236885699,-0.00985537448695896));
#3948=CARTESIAN_POINT('',(-0.000549683207724664,-0.00133185306276271,-0.00986115060769031));
#3949=CARTESIAN_POINT('',(-0.000709697834498068,-0.00125287607690514,-0.00987085220659576));
#3950=CARTESIAN_POINT('',(-0.000848999259382925,-0.00116400150021921,-0.00987982091721252));
#3951=CARTESIAN_POINT('',(-0.00099754353176585,-0.00103714944644352,-0.00989043366807434));
#3952=CARTESIAN_POINT('',(-0.00100920331964653,-0.00102264924138355,-0.00989147369778024));
#3953=CARTESIAN_POINT('',(-0.00108736188658358,-0.000943675444162484,-0.00989769954270217));
#3954=CARTESIAN_POINT('',(-0.00119667549224408,-0.000805156909546799,-0.00990782894856986));
#3955=CARTESIAN_POINT('',(-0.00129325915220845,-0.00063306121979234,-0.00991911005302376));
#3956=CARTESIAN_POINT('',(-0.00136066052115884,-0.000475552550445045,-0.0099285712953334));
#3957=CARTESIAN_POINT('',(-0.0014263186659004,-0.0002522202126493,-0.00994099318419217));
#3958=CARTESIAN_POINT('',(-0.00143795785627089,-1.9548735992868E-6,-0.00995416467645299));
#3959=CARTESIAN_POINT('',(-0.00143963643517605,5.65753297881233E-5,-0.00995739470854772));
#3960=CARTESIAN_POINT('',(-0.0014177172462012,0.000249955381562687,-0.00996866672327952));
#3961=CARTESIAN_POINT('',(-0.00139183599070062,0.000358892894914425,-0.00997514345160574));
#3962=CARTESIAN_POINT('',(-0.00138344716480348,0.000389792676213624,-0.00997700704616856));
#3963=CARTESIAN_POINT('',(-0.00135251480983214,0.000491246083211067,-0.00998305128030348));
#3964=CARTESIAN_POINT('',(-0.00130098438633874,0.00061774850020126,-0.00999062364551009));
#3965=CARTESIAN_POINT('',(-0.00124542311075514,0.000719302123815649,-0.00999685433688521));
#3966=CARTESIAN_POINT('',(-0.00121372710874426,0.000769308459266702,-0.01));
#3967=CARTESIAN_POINT('',(0.001437,-1.05642415532971E-17,-0.00970427888520508));
#3968=CARTESIAN_POINT('',(0.001437,-2.4073953648035E-17,-0.00920433909443247));
#3969=CARTESIAN_POINT('',(0.001437,-9.40635463010762E-5,-0.00920959408513672));
#3970=CARTESIAN_POINT('',(0.00142172045984679,-0.000237851918567382,-0.00921774627460122));
#3971=CARTESIAN_POINT('',(0.00137960996889262,-0.000413366948987537,-0.0092280543615578));
#3972=CARTESIAN_POINT('',(0.0013210118929024,-0.000567949064958521,-0.00923770648890189));
#3973=CARTESIAN_POINT('',(0.00130186485824808,-0.000614736322225825,-0.00924047243187381));
#3974=CARTESIAN_POINT('',(0.00119143513643742,-0.000812627519085732,-0.00925258473119528));
#3975=CARTESIAN_POINT('',(0.00110120705494759,-0.000925057550918177,-0.00926024213661378));
#3976=CARTESIAN_POINT('',(0.000992926193339703,-0.00104579841378733,-0.00926908874950108));
#3977=CARTESIAN_POINT('',(0.000835781882047113,-0.00117478569688136,-0.00928044470997548));
#3978=CARTESIAN_POINT('',(0.00068352126280108,-0.00126760332208613,-0.00929056200157191));
#3979=CARTESIAN_POINT('',(0.000531081774687561,-0.00133632285165397,-0.00930030126267142));
#3980=CARTESIAN_POINT('',(0.000490045520659785,-0.00135345826006736,-0.00930268444417146));
#3981=CARTESIAN_POINT('',(0.000271856860117248,-0.0014170987202968,-0.00931469589781801));
#3982=CARTESIAN_POINT('',(0.000104927868999773,-0.00143441148603701,-0.00932352621566828));
#3983=CARTESIAN_POINT('',(9.30729610818613E-6,-0.00143872130384489,-0.00932872894053475));
#3984=CARTESIAN_POINT('',(-0.000143377175501139,-0.00143270321225207,-0.00933727455597343));
#3985=CARTESIAN_POINT('',(-0.000281584287951983,-0.00141088137088933,-0.0093452282248445));
#3986=CARTESIAN_POINT('',(-0.000412501842848084,-0.00138007266807671,-0.00935293832134787));
#3987=CARTESIAN_POINT('',(-0.000570874778386732,-0.00131967916913518,-0.00936294618582372));
#3988=CARTESIAN_POINT('',(-0.000602646054448601,-0.00130725182385845,-0.00936473808271144));
#3989=CARTESIAN_POINT('',(-0.000810145570698731,-0.00119486690635938,-0.00937734881440521));
#3990=CARTESIAN_POINT('',(-0.000948010181369542,-0.00108146842894483,-0.00938683496375198));
#3991=CARTESIAN_POINT('',(-0.0010082663822094,-0.0010261444955022,-0.009391301799631));
#3992=CARTESIAN_POINT('',(-0.00111491429900855,-0.000911312837732839,-0.00940008559597325));
#3993=CARTESIAN_POINT('',(-0.00119642349030716,-0.000799012013123056,-0.00940791989642816));
#3994=CARTESIAN_POINT('',(-0.00126789899030981,-0.000683399779945696,-0.00941562559333283));
#3995=CARTESIAN_POINT('',(-0.00133559458749195,-0.000532353509663485,-0.00942518557368944));
#3996=CARTESIAN_POINT('',(-0.00135515136191652,-0.000487311874500878,-0.00942784025807195));
#3997=CARTESIAN_POINT('',(-0.00141721714048663,-0.000263236997184471,-0.00944017158907778));
#3998=CARTESIAN_POINT('',(-0.00143226815854404,-0.000142023069962377,-0.00944658560344064));
#3999=CARTESIAN_POINT('',(-0.00143758793375354,3.6567539107525E-6,-0.00945456499757824));
#4000=CARTESIAN_POINT('',(-0.00143688807402431,2.21637597846049E-5,-0.00945561964603661));
#4001=CARTESIAN_POINT('',(-0.00143480137288223,9.24202110152086E-5,-0.0094596152722361));
#4002=CARTESIAN_POINT('',(-0.00142807590143408,0.000188192053523975,-0.00946509836403594));
#4003=CARTESIAN_POINT('',(-0.00139643655956175,0.00034463134760099,-0.00947426667462535));
#4004=CARTESIAN_POINT('',(-0.00136646614520457,0.000449288838247349,-0.0094805152877847));
#4005=CARTESIAN_POINT('',(-0.0013242450531632,0.000563135464435164,-0.00948734253992823));
#4006=CARTESIAN_POINT('',(-0.00127023137952983,0.000676766819021989,-0.00949423276328296));
#4007=CARTESIAN_POINT('',(-0.00116345735008281,0.000854725086400899,-0.00950530794047991));
#4008=CARTESIAN_POINT('',(-0.00100391516744886,0.00104160359864666,-0.00951866423615059));
#4009=CARTESIAN_POINT('',(-0.000787690888827599,0.00120931899274805,-0.00953403500094214));
#4010=CARTESIAN_POINT('',(-0.000599071106737215,0.00131422452793698,-0.00954635623434897));
#4011=CARTESIAN_POINT('',(-0.000375971888310529,0.00139342252467559,-0.00955904437912275));
#4012=CARTESIAN_POINT('',(-0.000209222276396567,0.0014222188738182,-0.00956797311283697));
#4013=CARTESIAN_POINT('',(-0.000143131756897104,0.00143043968765682,-0.00957154802579141));
#4014=CARTESIAN_POINT('',(8.54118609255982E-6,0.00144292883033489,-0.00957985552953979));
#4015=CARTESIAN_POINT('',(0.000282690489844416,0.00142035883820816,-0.0095954769884852));
#4016=CARTESIAN_POINT('',(0.000546937009926989,0.0013373715460327,-0.00961139041434956));
#4017=CARTESIAN_POINT('',(0.000807674305269297,0.0012046681441294,-0.00962692144513609));
#4018=CARTESIAN_POINT('',(0.00102310861211337,0.00101470398328029,-0.00964238125054124));
#4019=CARTESIAN_POINT('',(0.0011110539861105,0.000913635403773709,-0.00964989754239151));
#4020=CARTESIAN_POINT('',(0.00122567746623465,0.000761501903289327,-0.00966078301708708));
#4021=CARTESIAN_POINT('',(0.00138014295020932,0.000470366452460764,-0.00967909136145313));
#4022=CARTESIAN_POINT('',(0.001437,0.000188101537852663,-0.00969437119503389));
#4023=CARTESIAN_POINT('',(0.001437,-1.47878034341965E-17,-0.00970427888520508));
#4024=CARTESIAN_POINT('',(0.001437,-2.11267041562447E-17,-0.00920433909443247));
#4025=CARTESIAN_POINT('',(0.001437,2.57022295272191E-17,-0.00870434116238706));
#4026=CARTESIAN_POINT('',(0.001437,-2.05772394668531E-5,-0.00870547602287682));
#4027=CARTESIAN_POINT('',(0.0014369511875655,-8.19120869367081E-5,-0.00870893232348722));
#4028=CARTESIAN_POINT('',(0.00141778653614421,-0.000260271608191271,-0.00871923547070844));
#4029=CARTESIAN_POINT('',(0.00137094297402232,-0.000440574147760367,-0.00872998044199647));
#4030=CARTESIAN_POINT('',(0.00132340712288726,-0.000563708200744112,-0.00873741254312445));
#4031=CARTESIAN_POINT('',(0.00127166568019725,-0.000674314694462194,-0.0087440751897451));
#4032=CARTESIAN_POINT('',(0.0011687738349699,-0.000844848833447059,-0.00875474922815181));
#4033=CARTESIAN_POINT('',(0.00104581213380816,-0.000998939622308565,-0.00876483795962818));
#4034=CARTESIAN_POINT('',(0.000797312393788806,-0.00120864153683809,-0.00878362464858318));
#4035=CARTESIAN_POINT('',(0.000556550312796591,-0.00133443244386502,-0.00879872415795762));
#4036=CARTESIAN_POINT('',(0.000324048571483477,-0.00140462995929712,-0.00881198761150986));
#4037=CARTESIAN_POINT('',(0.000147222490908213,-0.00143278858609963,-0.00882159393700716));
#4038=CARTESIAN_POINT('',(-2.20798844081984E-5,-0.00143750611308058,-0.0088304926077008));
#4039=CARTESIAN_POINT('',(-5.73932680709447E-5,-0.00143918682940746,-0.00883251041210489));
#4040=CARTESIAN_POINT('',(-0.000375859912408819,-0.00140069848442489,-0.00885102292712777));
#4041=CARTESIAN_POINT('',(-0.000535644137507464,-0.00133857084513574,-0.00886063639582023));
#4042=CARTESIAN_POINT('',(-0.000766283044899378,-0.00122187261458657,-0.00887480868550379));
#4043=CARTESIAN_POINT('',(-0.000908633133542965,-0.00111737516611387,-0.00888426967514423));
#4044=CARTESIAN_POINT('',(-0.00103361213177748,-0.00099942041850776,-0.00889329905876712));
#4045=CARTESIAN_POINT('',(-0.00105408465930227,-0.000981126135029356,-0.00889489123631828));
#4046=CARTESIAN_POINT('',(-0.00120933789739975,-0.00078715846961271,-0.00890910087498543));
#4047=CARTESIAN_POINT('',(-0.0012765412428808,-0.000661793250056148,-0.00891720474386757));
#4048=CARTESIAN_POINT('',(-0.00134580738303184,-0.000518312311515628,-0.00892612156221136));
#4049=CARTESIAN_POINT('',(-0.00140516452309832,-0.000322179133760377,-0.00893719858672313));
#4050=CARTESIAN_POINT('',(-0.00143271397752556,-0.000147449769087008,-0.00894660184434864));
#4051=CARTESIAN_POINT('',(-0.00143759420686664,2.33879657065784E-5,-0.00895545144814811));
#4052=CARTESIAN_POINT('',(-0.0014389091950079,5.38979062607303E-5,-0.00895724000379575));
#4053=CARTESIAN_POINT('',(-0.00141208040761816,0.000297210490664248,-0.00897139110336826));
#4054=CARTESIAN_POINT('',(-0.00136900973965865,0.000439781900479091,-0.00897998430490336));
#4055=CARTESIAN_POINT('',(-0.00131931640299575,0.000581569157495267,-0.0089884384978128));
#4056=CARTESIAN_POINT('',(-0.00122123261243796,0.000766206463153154,-0.0089997971375641));
#4057=CARTESIAN_POINT('',(-0.0011177960694116,0.000908335566951824,-0.00900922894720941));
#4058=CARTESIAN_POINT('',(-0.000998964305397582,0.00103389510122152,-0.00901832699682155));
#4059=CARTESIAN_POINT('',(-0.000983610438634479,0.00105216957638568,-0.00901972379124211));
#4060=CARTESIAN_POINT('',(-0.000783643379600436,0.00121143540217783,-0.00903436462456242));
#4061=CARTESIAN_POINT('',(-0.000671035383063821,0.00127162590682267,-0.00904162648594811));
#4062=CARTESIAN_POINT('',(-0.000513090115905796,0.0013485949235585,-0.00905141145667841));
#4063=CARTESIAN_POINT('',(-0.00032315986103858,0.00140473579316532,-0.00906209179729172));
#4064=CARTESIAN_POINT('',(-0.000146856686466056,0.00143280363045128,-0.0090716372327111));
#4065=CARTESIAN_POINT('',(2.25333782084464E-5,0.00143762630011332,-0.0090805140624001));
#4066=CARTESIAN_POINT('',(5.82212422196284E-5,0.00143869103895108,-0.00908255960380537));
#4067=CARTESIAN_POINT('',(0.000296525623409054,0.00141192484824416,-0.00909636048827522));
#4068=CARTESIAN_POINT('',(0.000436910533825212,0.00137010620263968,-0.00910477971297999));
#4069=CARTESIAN_POINT('',(0.000584517125001621,0.0013178076503622,-0.00911362751276313));
#4070=CARTESIAN_POINT('',(0.0007628593008541,0.00122500419138889,-0.00912460322452716));
#4071=CARTESIAN_POINT('',(0.000895560381757168,0.00112513121921756,-0.00913344723436215));
#4072=CARTESIAN_POINT('',(0.000963198050599875,0.00106751416731512,-0.0091381389095149));
#4073=CARTESIAN_POINT('',(0.0010258107835015,0.00100688887708814,-0.00914266061978077));
#4074=CARTESIAN_POINT('',(0.00103103476170865,0.00100080360747363,-0.00914315137125405));
#4075=CARTESIAN_POINT('',(0.0010856587090603,0.000944618276046669,-0.00914755789452636));
#4076=CARTESIAN_POINT('',(0.00120737547914879,0.000788784316106498,-0.00915896410720047));
#4077=CARTESIAN_POINT('',(0.00127873233832558,0.000658278267876954,-0.00916746708493986));
#4078=CARTESIAN_POINT('',(0.00137838909311805,0.00044855972763169,-0.00918039662232547));
#4079=CARTESIAN_POINT('',(0.001437,0.000188130407603001,-0.00919446580102858));
#4080=CARTESIAN_POINT('',(0.001437,-1.47878034341965E-17,-0.00920433909443247));
#4081=CARTESIAN_POINT('',(0.001437,9.15282969229824E-18,-0.00870434116238706));
#4082=CARTESIAN_POINT('',(0.001437,-4.57712642628894E-17,-0.00820427824835432));
#4083=CARTESIAN_POINT('',(0.001437,-2.16982985490258E-5,-0.00820548439894568));
#4084=CARTESIAN_POINT('',(0.00143724313881551,-8.31245294740857E-5,-0.00820895960633105));
#4085=CARTESIAN_POINT('',(0.00141594180691879,-0.000266469875292391,-0.00821961387849373));
#4086=CARTESIAN_POINT('',(0.00137653047915244,-0.000422678256096564,-0.00822895138431116));
#4087=CARTESIAN_POINT('',(0.00133238720564535,-0.000539162540763434,-0.00823591993347753));
#4088=CARTESIAN_POINT('',(0.00130642947014674,-0.000601492832102165,-0.00823964467646621));
#4089=CARTESIAN_POINT('',(0.00121990687701264,-0.000769991675817453,-0.0082499503687832));
#4090=CARTESIAN_POINT('',(0.00106908104527862,-0.000973618624984658,-0.00826370716540306));
#4091=CARTESIAN_POINT('',(0.00095369500493641,-0.00107629161244926,-0.00827208227558012));
#4092=CARTESIAN_POINT('',(0.000903667044397828,-0.00111726995695742,-0.00827563547885259));
#4093=CARTESIAN_POINT('',(0.000904139891643987,-0.00111734978586376,-0.00827558275387877));
#4094=CARTESIAN_POINT('',(0.000795945769056077,-0.00120012949692939,-0.00828334871267458));
#4095=CARTESIAN_POINT('',(0.00067901934398814,-0.00126865153676439,-0.0082909383389298));
#4096=CARTESIAN_POINT('',(0.000507973263512241,-0.00135052643935878,-0.00830147714694302));
#4097=CARTESIAN_POINT('',(0.000323729082969902,-0.00140448449301778,-0.00831191399039974));
#4098=CARTESIAN_POINT('',(0.00014663582531771,-0.00143286068810697,-0.00832155836643245));
#4099=CARTESIAN_POINT('',(-2.26634954143759E-5,-0.00143763538863152,-0.00833048713394669));
#4100=CARTESIAN_POINT('',(-5.77422366955896E-5,-0.00143859757765322,-0.00833250760565485));
#4101=CARTESIAN_POINT('',(-0.000294985266920406,-0.00141250233018538,-0.00834625829352353));
#4102=CARTESIAN_POINT('',(-0.00044361700033033,-0.00136787660749528,-0.00835518773816648));
#4103=CARTESIAN_POINT('',(-0.000579914006620125,-0.001319743046539,-0.00836335868307949));
#4104=CARTESIAN_POINT('',(-0.000766726122093367,-0.0012210084556584,-0.00837488284625627));
#4105=CARTESIAN_POINT('',(-0.000908349969970057,-0.00111774094454913,-0.00838424306463399));
#4106=CARTESIAN_POINT('',(-0.00103397259597859,-0.000998933080619953,-0.00839323923547199));
#4107=CARTESIAN_POINT('',(-0.00105194450550769,-0.00098369116901168,-0.00839463827777154));
#4108=CARTESIAN_POINT('',(-0.00121073790561328,-0.000785067481784579,-0.00840925637722522));
#4109=CARTESIAN_POINT('',(-0.00127454671050537,-0.000665399339854579,-0.00841699896959774));
#4110=CARTESIAN_POINT('',(-0.00138377176246568,-0.000440910232487296,-0.00843094765822944));
#4111=CARTESIAN_POINT('',(-0.00145368127567314,-7.40212020223642E-5,-0.0084496543035538));
#4112=CARTESIAN_POINT('',(-0.00142361158040289,0.000252509639447784,-0.00846914684742063));
#4113=CARTESIAN_POINT('',(-0.00133568083178134,0.000560758877814481,-0.00848699683378396));
#4114=CARTESIAN_POINT('',(-0.00122212891135649,0.000763290341765925,-0.00849965667645535));
#4115=CARTESIAN_POINT('',(-0.00111739246836859,0.00090914575578352,-0.00850929340097595));
#4116=CARTESIAN_POINT('',(-0.000998997700435138,0.00103386925026597,-0.00851829715013741));
#4117=CARTESIAN_POINT('',(-0.000982702746777703,0.00105264050421627,-0.00851975909485036));
#4118=CARTESIAN_POINT('',(-0.000787598923271085,0.00120926025104454,-0.00853407259244554));
#4119=CARTESIAN_POINT('',(-0.000658842384660224,0.00127803689666843,-0.00854239419667576));
#4120=CARTESIAN_POINT('',(-0.00052013362569247,0.00134489105027735,-0.00855101427356244));
#4121=CARTESIAN_POINT('',(-0.000322024302652765,0.00140526869462197,-0.00856220688719167));
#4122=CARTESIAN_POINT('',(-0.000147695475092561,0.00143267520996896,-0.00857158567492642));
#4123=CARTESIAN_POINT('',(2.32793917934081E-5,0.0014375786948532,-0.0085804465383591));
#4124=CARTESIAN_POINT('',(5.33714783538612E-5,0.00143900992621366,-0.00858221024640376));
#4125=CARTESIAN_POINT('',(0.000298178462536344,0.00141177056101617,-0.00859645741740964));
#4126=CARTESIAN_POINT('',(0.000435744713976225,0.00137028599701214,-0.00860474566726567));
#4127=CARTESIAN_POINT('',(0.000583742775985074,0.00131862482686046,-0.00861355818298581));
#4128=CARTESIAN_POINT('',(0.000765520828354906,0.00122163883419795,-0.00862474875707949));
#4129=CARTESIAN_POINT('',(0.000908606281488825,0.00111751571595162,-0.00863425496683445));
#4130=CARTESIAN_POINT('',(0.00103254732726308,0.00100043482432852,-0.00864324368552221));
#4131=CARTESIAN_POINT('',(0.00105664443787074,0.000978654043126833,-0.00864509313103072));
#4132=CARTESIAN_POINT('',(0.0012105206662125,0.000784297030328273,-0.00865930169012005));
#4133=CARTESIAN_POINT('',(0.00126977200689113,0.000674930687146094,-0.00866638374032829));
#4134=CARTESIAN_POINT('',(0.00134953145831389,0.000510563109466147,-0.00867656245515303));
#4135=CARTESIAN_POINT('',(0.00141857254557318,0.000281452149661782,-0.00868947125054385));
#4136=CARTESIAN_POINT('',(0.001437,9.40809096539166E-5,-0.00869941602823861));
#4137=CARTESIAN_POINT('',(0.001437,2.86068177955122E-17,-0.00870434116238706));
#4138=CARTESIAN_POINT('',(0.001437,-1.40963291064935E-18,-0.00820427824835432));
#4139=CARTESIAN_POINT('',(0.001437,4.64307510691925E-18,-0.00770439104094814));
#4140=CARTESIAN_POINT('',(0.001437,-9.40718625076508E-5,-0.00770961132220905));
#4141=CARTESIAN_POINT('',(0.00142176729738309,-0.000237819265906375,-0.00771772977627162));
#4142=CARTESIAN_POINT('',(0.00137951730213809,-0.000413492005227028,-0.00772804442520892));
#4143=CARTESIAN_POINT('',(0.00132130540770721,-0.00056765693111685,-0.00773769747531592));
#4144=CARTESIAN_POINT('',(0.00130066887795197,-0.000616056387689612,-0.00774057942225192));
#4145=CARTESIAN_POINT('',(0.00119640426601463,-0.000806676699256761,-0.00775217317264657));
#4146=CARTESIAN_POINT('',(0.00108345098110706,-0.000946156991407088,-0.00776168822714168));
#4147=CARTESIAN_POINT('',(0.0010252485085139,-0.00100913027073398,-0.0077663420714477));
#4148=CARTESIAN_POINT('',(0.000911306847232528,-0.00111491925838613,-0.0077749861411733));
#4149=CARTESIAN_POINT('',(0.000798529385812014,-0.00119669081752137,-0.0077828537174326));
#4150=CARTESIAN_POINT('',(0.000684209055390948,-0.00126757792531222,-0.00779050612333016));
#4151=CARTESIAN_POINT('',(0.000528807967945789,-0.00133703437946069,-0.00780046478533362));
#4152=CARTESIAN_POINT('',(0.000500165449542993,-0.0013499283951501,-0.00780208267446779));
#4153=CARTESIAN_POINT('',(0.000270426949392472,-0.00141797229157692,-0.00781477126039712));
#4154=CARTESIAN_POINT('',(9.9639775126392E-5,-0.00143462364959784,-0.0078238194832887));
#4155=CARTESIAN_POINT('',(1.12262135649309E-5,-0.00143865936138105,-0.00782863412604171));
#4156=CARTESIAN_POINT('',(-0.000143537013823688,-0.00143273884600012,-0.00783731630688984));
#4157=CARTESIAN_POINT('',(-0.000281154833959131,-0.00141096906724788,-0.00784523259774127));
#4158=CARTESIAN_POINT('',(-0.000412876166743947,-0.00137992162759937,-0.00785297981734831));
#4159=CARTESIAN_POINT('',(-0.00056914052876427,-0.00132039772550311,-0.00786280411879353));
#4160=CARTESIAN_POINT('',(-0.000609036950333572,-0.00130459976830333,-0.00786512407099435));
#4161=CARTESIAN_POINT('',(-0.000813202299092399,-0.00119153393901925,-0.00787760190101657));
#4162=CARTESIAN_POINT('',(-0.000929195831546418,-0.00109758371813743,-0.00788553484568836));
#4163=CARTESIAN_POINT('',(-0.00104310747117624,-0.000995295390232427,-0.00789392057237563));
#4164=CARTESIAN_POINT('',(-0.00117502534860546,-0.000835735088686653,-0.00790552258840383));
#4165=CARTESIAN_POINT('',(-0.0012675549151836,-0.000683462582995353,-0.00791560696643847));
#4166=CARTESIAN_POINT('',(-0.00133592137214178,-0.000532166277224332,-0.00792520983456876));
#4167=CARTESIAN_POINT('',(-0.00135463866606476,-0.000486910750604672,-0.00792785231070094));
#4168=CARTESIAN_POINT('',(-0.00141667333995842,-0.000271772423527657,-0.0079397248694394));
#4169=CARTESIAN_POINT('',(-0.00143487932310665,-0.000108668156334035,-0.00794836467049434));
#4170=CARTESIAN_POINT('',(-0.00143752820149109,8.67674614217046E-6,-0.00795474436527347));
#4171=CARTESIAN_POINT('',(-0.00143700768304098,7.57611553939271E-5,-0.00795855768864941));
#4172=CARTESIAN_POINT('',(-0.00141726217991516,0.000263041964368659,-0.00796938585877432));
#4173=CARTESIAN_POINT('',(-0.00137299407503749,0.000435588494533301,-0.00797968989942129));
#4174=CARTESIAN_POINT('',(-0.00132652680408506,0.00055266913758873,-0.00798675131778967));
#4175=CARTESIAN_POINT('',(-0.00130671159331808,0.000600722910414507,-0.00798963029023095));
#4176=CARTESIAN_POINT('',(-0.0012193481666767,0.000771077996197854,-0.00800002655104965));
#4177=CARTESIAN_POINT('',(-0.00111209519948665,0.000915853317194894,-0.00800978629093605));
#4178=CARTESIAN_POINT('',(-0.000998447147333259,0.00103638745260904,-0.00801880301494547));
#4179=CARTESIAN_POINT('',(-0.000936742419861292,0.00109018603072239,-0.00802324640380256));
#4180=CARTESIAN_POINT('',(-0.000902264952950565,0.00111843738551475,-0.0080256971862686));
#4181=CARTESIAN_POINT('',(-0.000906914674057027,0.00111485875016639,-0.00802532384368603));
#4182=CARTESIAN_POINT('',(-0.000850803305243563,0.00115908994427353,-0.00802943782048737));
#4183=CARTESIAN_POINT('',(-0.000758797420504606,0.00122242968499824,-0.0080358121706754));
#4184=CARTESIAN_POINT('',(-0.000650262328298345,0.00128427717408068,-0.0080428581834151));
#4185=CARTESIAN_POINT('',(-0.000476790905372166,0.0013605651071643,-0.00805340617579149));
#4186=CARTESIAN_POINT('',(-0.000292073575868702,0.00141432949406591,-0.00806360144528483));
#4187=CARTESIAN_POINT('',(8.71205347148803E-5,0.00145879366212044,-0.00808407370796872));
#4188=CARTESIAN_POINT('',(0.000478765379599602,0.00137494227378228,-0.0081072313994459));
#4189=CARTESIAN_POINT('',(0.000759038717481604,0.00122911161861026,-0.00812407226344061));
#4190=CARTESIAN_POINT('',(0.000947807146778557,0.0010846489692793,-0.00813679318124231));
#4191=CARTESIAN_POINT('',(0.00104727864989878,0.000985755496113948,-0.00814447323776496));
#4192=CARTESIAN_POINT('',(0.0011112981833652,0.000913594206953654,-0.00814987959950513));
#4193=CARTESIAN_POINT('',(0.00122549131673705,0.000761593475316893,-0.00816080537827257));
#4194=CARTESIAN_POINT('',(0.00138025687665198,0.000470357296693055,-0.0081791696097564));
#4195=CARTESIAN_POINT('',(0.00143700000000001,0.000188112901825331,-0.00819441937939678));
#4196=CARTESIAN_POINT('',(0.001437,-4.28666759945963E-17,-0.00820427824835432));
#4197=CARTESIAN_POINT('',(0.001437,8.44890271214834E-18,-0.00770439104094814));
#4198=CARTESIAN_POINT('',(0.001437,-1.00345173678352E-17,-0.00720427700597685));
#4199=CARTESIAN_POINT('',(0.001437,-2.2164162532531E-5,-0.00720550641533496));
#4200=CARTESIAN_POINT('',(0.00143697908546766,-8.48581424564416E-5,-0.00720905007481192));
#4201=CARTESIAN_POINT('',(0.00141657664031884,-0.000263907291587474,-0.0072194398443623));
#4202=CARTESIAN_POINT('',(0.00137423986572555,-0.000431277681720074,-0.00722944462008942));
#4203=CARTESIAN_POINT('',(0.00132878648247388,-0.000547563866786253,-0.00723643912554868));
#4204=CARTESIAN_POINT('',(0.00130634101932449,-0.000601436099461741,-0.00723966397844486));
#4205=CARTESIAN_POINT('',(0.00122192267121144,-0.000766398123696887,-0.00724972207792035));
#4206=CARTESIAN_POINT('',(0.00107470124438623,-0.000967054857724659,-0.00726321026084435));
#4207=CARTESIAN_POINT('',(0.000959690086934885,-0.00107111637245566,-0.00727161431205293));
#4208=CARTESIAN_POINT('',(0.000906973866085586,-0.00111459432108156,-0.0072753783571199));
#4209=CARTESIAN_POINT('',(0.000903928748965334,-0.00111753233206509,-0.00727558008142948));
#4210=CARTESIAN_POINT('',(0.000796438425226037,-0.00119977270576148,-0.00728334444130878));
#4211=CARTESIAN_POINT('',(0.000679311639004189,-0.00126851161428096,-0.00729098247392276));
#4212=CARTESIAN_POINT('',(0.000508318485535246,-0.00135037437386637,-0.00730155124339464));
#4213=CARTESIAN_POINT('',(0.000324251276305589,-0.00140440748076502,-0.0073119882494764));
#4214=CARTESIAN_POINT('',(0.000146689063125812,-0.00143282403661411,-0.0073216456467739));
#4215=CARTESIAN_POINT('',(-2.11811028081656E-5,-0.00143764223280482,-0.00733047293002516));
#4216=CARTESIAN_POINT('',(-6.1652159850961E-5,-0.00143860702650372,-0.00733276217357954));
#4217=CARTESIAN_POINT('',(-0.000297262105665156,-0.00141139410343907,-0.00734641863737401));
#4218=CARTESIAN_POINT('',(-0.000429344944756489,-0.00137254944107821,-0.00735432947684914));
#4219=CARTESIAN_POINT('',(-0.000588586204583515,-0.00131651889295009,-0.00736385386588964));
#4220=CARTESIAN_POINT('',(-0.000761968187787391,-0.00122535880551011,-0.00737453990278079));
#4221=CARTESIAN_POINT('',(-0.000895531810049213,-0.00112517616720818,-0.0073834412330237));
#4222=CARTESIAN_POINT('',(-0.000963033554957315,-0.00106766310735319,-0.00738812770931519));
#4223=CARTESIAN_POINT('',(-0.00102593845632268,-0.00100675961072541,-0.00739267642980799));
#4224=CARTESIAN_POINT('',(-0.00103018791675182,-0.00100167247270125,-0.00739309342751363));
#4225=CARTESIAN_POINT('',(-0.00108469928290391,-0.000945687987246502,-0.0073974882817707));
#4226=CARTESIAN_POINT('',(-0.0012068622387887,-0.000789902425257129,-0.00740889030279127));
#4227=CARTESIAN_POINT('',(-0.00128065843810771,-0.000654505121686237,-0.00741769855800892));
#4228=CARTESIAN_POINT('',(-0.00134321302382732,-0.000522403456496922,-0.00742584951519207));
#4229=CARTESIAN_POINT('',(-0.00142063923745762,-0.000277902658985395,-0.00743978385419863));
#4230=CARTESIAN_POINT('',(-0.00145409504978444,9.16520342375517E-5,-0.00745871355009997));
#4231=CARTESIAN_POINT('',(-0.00136494790027132,0.000560170676948866,-0.00748696881938589));
#4232=CARTESIAN_POINT('',(-0.00109516574287174,0.000962813170625476,-0.00751235257340997));
#4233=CARTESIAN_POINT('',(-0.00084031866708502,0.00117330648587247,-0.00752999288465665));
#4234=CARTESIAN_POINT('',(-0.00067818830974387,0.00126781000941019,-0.00754125879150184));
#4235=CARTESIAN_POINT('',(-0.000619138024922425,0.00129949691814344,-0.00754498938920384));
#4236=CARTESIAN_POINT('',(-0.000483251811344565,0.00135452743546167,-0.00755299650678207));
#4237=CARTESIAN_POINT('',(-0.000395352522470193,0.00138252941567345,-0.00755797920779354));
#4238=CARTESIAN_POINT('',(-0.000281210774318077,0.00141188490020927,-0.00756431864644441));
#4239=CARTESIAN_POINT('',(-0.000162154973693561,0.00142887429180648,-0.00757071248733093));
#4240=CARTESIAN_POINT('',(-7.40197967503054E-5,0.00143593111026924,-0.00757539593500573));
#4241=CARTESIAN_POINT('',(1.40193915397262E-5,0.00143729469761479,-0.00758001159720397));
#4242=CARTESIAN_POINT('',(1.88794275419938E-5,0.00143689004833572,-0.00758032466127099));
#4243=CARTESIAN_POINT('',(9.36494000373127E-5,0.00143513774997485,-0.00758455599460891));
#4244=CARTESIAN_POINT('',(0.000214047773359842,0.00142455618915847,-0.00759151956992966));
#4245=CARTESIAN_POINT('',(0.000361014386111236,0.00139189918091911,-0.00760024797012899));
#4246=CARTESIAN_POINT('',(0.000449677787280076,0.00136631872470538,-0.00760554436653302));
#4247=CARTESIAN_POINT('',(0.000551426121259012,0.00132729550697544,-0.00761167445775865));
#4248=CARTESIAN_POINT('',(0.000600996189976378,0.00130650401532332,-0.00761464311954404));
#4249=CARTESIAN_POINT('',(0.000768126055315613,0.00122103699229495,-0.00762483344223233));
#4250=CARTESIAN_POINT('',(0.000970008170487061,0.00107210589973409,-0.00763842459330359));
#4251=CARTESIAN_POINT('',(0.00107355841582985,0.000956877149654226,-0.00764681397364253));
#4252=CARTESIAN_POINT('',(0.00111583376312407,0.000905442409971034,-0.00765047632035873));
#4253=CARTESIAN_POINT('',(0.00111741257565009,0.000904072107207662,-0.00765055270455466));
#4254=CARTESIAN_POINT('',(0.00119985166981523,0.000796306031708443,-0.00765834788520576));
#4255=CARTESIAN_POINT('',(0.00126853182250696,0.000679378476512212,-0.00766598105241414));
#4256=CARTESIAN_POINT('',(0.00135035377228054,0.000507743619821108,-0.00767659017109105));
#4257=CARTESIAN_POINT('',(0.00141830249452979,0.000282344164162128,-0.00768940374809185));
#4258=CARTESIAN_POINT('',(0.001437,9.40536879625034E-5,-0.00769944509377077));
#4259=CARTESIAN_POINT('',(0.001437,1.32910691262032E-17,-0.00770439104094814));
#4260=CARTESIAN_POINT('',(0.001437,8.09693922207339E-18,-0.00720427700597685));
#4261=CARTESIAN_POINT('',(0.001437,4.64307510691925E-18,-0.00670434571415085));
#4262=CARTESIAN_POINT('',(0.001437,-9.40652275426397E-5,-0.00670960039044363));
#4263=CARTESIAN_POINT('',(0.0014217126376113,-0.000237876846194752,-0.00671775274417036));
#4264=CARTESIAN_POINT('',(0.0013796200536046,-0.000413339682881592,-0.00672805512576455));
#4265=CARTESIAN_POINT('',(0.00132096172074592,-0.000568089688548324,-0.0067377144041726));
#4266=CARTESIAN_POINT('',(0.00130203229733684,-0.000614257010251407,-0.00674044135919388));
#4267=CARTESIAN_POINT('',(0.00119200416923032,-0.000812013331023069,-0.0067525421549833));
#4268=CARTESIAN_POINT('',(0.0010988761482335,-0.000927825006970635,-0.00676043877943213));
#4269=CARTESIAN_POINT('',(0.000994284717436233,-0.00104418838406472,-0.00676896634488865));
#4270=CARTESIAN_POINT('',(0.00083552409525254,-0.00117505779874359,-0.00678045765307505));
#4271=CARTESIAN_POINT('',(0.0006836290512583,-0.00126753212743137,-0.00679054980101197));
#4272=CARTESIAN_POINT('',(0.000530827585708591,-0.00133641570442851,-0.00680032019898088));
#4273=CARTESIAN_POINT('',(0.000490984875812286,-0.00135314546372313,-0.00680263006167476));
#4274=CARTESIAN_POINT('',(0.000271493970423474,-0.00141719394904755,-0.00681471331193145));
#4275=CARTESIAN_POINT('',(0.000105371523248181,-0.00143435700520612,-0.00682350021322856));
#4276=CARTESIAN_POINT('',(9.22844240873459E-6,-0.00143873518634738,-0.00682873294443195));
#4277=CARTESIAN_POINT('',(-0.000143321650197559,-0.00143270218711971,-0.0068372726579388));
#4278=CARTESIAN_POINT('',(-0.000281568366936604,-0.00141088727692988,-0.00684522855803832));
#4279=CARTESIAN_POINT('',(-0.00041248755306115,-0.00138007662500305,-0.00685293824302429));
#4280=CARTESIAN_POINT('',(-0.000570840402205534,-0.00131969002591645,-0.00686294211543242));
#4281=CARTESIAN_POINT('',(-0.000602716114295826,-0.00130723828471041,-0.00686474096682604));
#4282=CARTESIAN_POINT('',(-0.000810327991721405,-0.00119470048356986,-0.00687736307161168));
#4283=CARTESIAN_POINT('',(-0.000947256583436542,-0.00108211681490641,-0.00688678517119541));
#4284=CARTESIAN_POINT('',(-0.00100847504650363,-0.00102596454550176,-0.00689132380812425));
#4285=CARTESIAN_POINT('',(-0.00111486702526155,-0.000911350473675867,-0.00690008900020788));
#4286=CARTESIAN_POINT('',(-0.00119644554080587,-0.000798990715458072,-0.0069079272614467));
#4287=CARTESIAN_POINT('',(-0.00126790441422744,-0.000683377976300393,-0.0069156298167459));
#4288=CARTESIAN_POINT('',(-0.00133559857398039,-0.000532372735565717,-0.00692518525248437));
#4289=CARTESIAN_POINT('',(-0.00135512626975298,-0.000487265758923915,-0.0069278334417292));
#4290=CARTESIAN_POINT('',(-0.00143590356556402,-0.0001951444129549,-0.00694392499951534));
#4291=CARTESIAN_POINT('',(-0.00144189717194105,-1.33783765274836E-5,-0.00695328213375165));
#4292=CARTESIAN_POINT('',(-0.00141970643055373,0.000285814128528264,-0.00697110491574443));
#4293=CARTESIAN_POINT('',(-0.00133546704602715,0.000552898049417775,-0.00698661296133183));
#4294=CARTESIAN_POINT('',(-0.00122580278451289,0.000761050610526458,-0.00699946554910955));
#4295=CARTESIAN_POINT('',(-0.00112515093363634,0.000895602757429799,-0.00700842072475324));
#4296=CARTESIAN_POINT('',(-0.00106760335458754,0.00096308549902303,-0.0070131150165189));
#4297=CARTESIAN_POINT('',(-0.00100696963511397,0.00102573382057581,-0.00701765870457353));
#4298=CARTESIAN_POINT('',(-0.00100085605349357,0.00103099058632165,-0.00701815013737588));
#4299=CARTESIAN_POINT('',(-0.000944575945703231,0.0010856638497167,-0.00702256505157611));
#4300=CARTESIAN_POINT('',(-0.000789670821747122,0.00120686981483224,-0.00703390370282672));
#4301=CARTESIAN_POINT('',(-0.000656140002892142,0.00127985955029846,-0.00704259881644762));
#4302=CARTESIAN_POINT('',(-0.000521486988991743,0.00134356486926606,-0.00705091047920605));
#4303=CARTESIAN_POINT('',(-0.00032700791917342,0.00140575013714313,-0.00706191039511396));
#4304=CARTESIAN_POINT('',(-0.000162680826800135,0.00142876324588153,-0.00707073592115565));
#4305=CARTESIAN_POINT('',(-7.45410851324966E-5,0.0014359210033197,-0.00707541547024946));
#4306=CARTESIAN_POINT('',(1.40828844318863E-5,0.00143729572494005,-0.00708004941675208));
#4307=CARTESIAN_POINT('',(1.65340965082244E-5,0.00143689593413097,-0.0070802380679421));
#4308=CARTESIAN_POINT('',(9.03950305721406E-5,0.00143540532384264,-0.00708441641440978));
#4309=CARTESIAN_POINT('',(0.000214810357495134,0.0014243544439713,-0.0070916094847019));
#4310=CARTESIAN_POINT('',(0.000357620504717021,0.00139269818729145,-0.0071000770267239));
#4311=CARTESIAN_POINT('',(0.00043763278445112,0.00136971571552887,-0.00710483782614229));
#4312=CARTESIAN_POINT('',(0.00069061327511275,0.00128042277891026,-0.00711988079267215));
#4313=CARTESIAN_POINT('',(0.000960856458200998,0.00109596582640241,-0.00713730994702374));
#4314=CARTESIAN_POINT('',(0.00117344680354958,0.000840253875467891,-0.00715496940656363));
#4315=CARTESIAN_POINT('',(0.00126772010253347,0.000678357216163176,-0.0071662505206998));
#4316=CARTESIAN_POINT('',(0.00129987770336355,0.000618305017078368,-0.00717004902980261));
#4317=CARTESIAN_POINT('',(0.00135451093948579,0.000483234365858862,-0.0071780025217833));
#4318=CARTESIAN_POINT('',(0.00138248258420854,0.000395641210312639,-0.0071829640957504));
#4319=CARTESIAN_POINT('',(0.00142351858822912,0.000234668803148991,-0.00719189243388474));
#4320=CARTESIAN_POINT('',(0.001437,9.40594405640025E-5,-0.00719933680788409));
#4321=CARTESIAN_POINT('',(0.001437,-1.47878034341965E-17,-0.00720427700597685));
#4322=CARTESIAN_POINT('',(0.001437,1.79554748448711E-17,-0.00670434571415085));
#4323=CARTESIAN_POINT('',(0.001437,2.57022295272191E-17,-0.00620433446560459));
#4324=CARTESIAN_POINT('',(0.001437,-2.03645583182206E-5,-0.00620545759597089));
#4325=CARTESIAN_POINT('',(0.00143697661207048,-8.14335593722503E-5,-0.00620889988878531));
#4326=CARTESIAN_POINT('',(0.00141784112881667,-0.000260123922536785,-0.00621922470417287));
#4327=CARTESIAN_POINT('',(0.00137086758719045,-0.000440729886530111,-0.00622999105596496));
#4328=CARTESIAN_POINT('',(0.00132352898502509,-0.000563630721247526,-0.0062374072760347));
#4329=CARTESIAN_POINT('',(0.00127115855499384,-0.00067469275471471,-0.00624410252596144));
#4330=CARTESIAN_POINT('',(0.00119648966993516,-0.000800619137483808,-0.00625195653662729));
#4331=CARTESIAN_POINT('',(0.00111217078265743,-0.000912422882966967,-0.00625923851691676));
#4332=CARTESIAN_POINT('',(0.00100983516533643,-0.00102952138234286,-0.00626762521744774));
#4333=CARTESIAN_POINT('',(0.000779628013656733,-0.00122423728800886,-0.00628493094109348));
#4334=CARTESIAN_POINT('',(0.000511960353308324,-0.00134966941182811,-0.00630141283730959));
#4335=CARTESIAN_POINT('',(0.000293121476435125,-0.00141454712767374,-0.00631354766849131));
#4336=CARTESIAN_POINT('',(-9.24541696816666E-5,-0.00145810260238416,-0.00633434040107247));
#4337=CARTESIAN_POINT('',(-0.000467808975412085,-0.00137899741319851,-0.00635664775585247));
#4338=CARTESIAN_POINT('',(-0.000806424605795221,-0.00120571291063474,-0.00637683384483102));
#4339=CARTESIAN_POINT('',(-0.00102990895692524,-0.00100774363311727,-0.0063928814820605));
#4340=CARTESIAN_POINT('',(-0.00111064805244645,-0.000913805632257131,-0.00639985564843544));
#4341=CARTESIAN_POINT('',(-0.00122584919331518,-0.000761865123326511,-0.00641080567559484));
#4342=CARTESIAN_POINT('',(-0.00137934784818243,-0.000466554333241569,-0.00642961840259637));
#4343=CARTESIAN_POINT('',(-0.00145984453797396,-0.000117907306348269,-0.0064469541919254));
#4344=CARTESIAN_POINT('',(-0.00141748627500325,0.000267753297371709,-0.00646995586093799));
#4345=CARTESIAN_POINT('',(-0.00137062077045528,0.000439789710574323,-0.00648000298731905));
#4346=CARTESIAN_POINT('',(-0.00132701095160312,0.000551825983379732,-0.00648669813578126));
#4347=CARTESIAN_POINT('',(-0.00130634149692408,0.000601337343473453,-0.00648964398368353));
#4348=CARTESIAN_POINT('',(-0.00122202645991223,0.000766249047668679,-0.00649971158422592));
#4349=CARTESIAN_POINT('',(-0.00107538551406258,0.000966171735946552,-0.00651315613381093));
#4350=CARTESIAN_POINT('',(-0.000960328689544277,0.00107057632293473,-0.00652158514486573));
#4351=CARTESIAN_POINT('',(-0.000907188221607192,0.00111442060847968,-0.00652538069778964));
#4352=CARTESIAN_POINT('',(-0.000903594293127616,0.00111780468461499,-0.006525625579184));
#4353=CARTESIAN_POINT('',(-0.00079624710218348,0.00119989387644278,-0.00653334872711363));
#4354=CARTESIAN_POINT('',(-0.000679047726333685,0.00126865454637786,-0.00654097183580017));
#4355=CARTESIAN_POINT('',(-0.000508068941815975,0.00135047183602128,-0.00655151880475988));
#4356=CARTESIAN_POINT('',(-0.000323861872427498,0.00140447542696742,-0.00656195793009997));
#4357=CARTESIAN_POINT('',(-0.000146559834554857,0.00143285437355268,-0.00657160829050689));
#4358=CARTESIAN_POINT('',(2.21379423371269E-5,0.00143763931995852,-0.00658049502147242));
#4359=CARTESIAN_POINT('',(5.95288484333247E-5,0.00143858821249231,-0.00658263017375732));
#4360=CARTESIAN_POINT('',(0.000295829986400981,0.00141205660599564,-0.00659631837923849));
#4361=CARTESIAN_POINT('',(0.000438228961463182,0.00136971311313734,-0.00660485845529647));
#4362=CARTESIAN_POINT('',(0.000583735237553093,0.00131804185818164,-0.00661358380369406));
#4363=CARTESIAN_POINT('',(0.000762969093275126,0.00122497427375935,-0.00662461030077067));
#4364=CARTESIAN_POINT('',(0.00089551491678844,0.00112516357050131,-0.00663344449846985));
#4365=CARTESIAN_POINT('',(0.000963184032383091,0.0010675263054174,-0.00663813803859575));
#4366=CARTESIAN_POINT('',(0.00102572970462543,0.00100697145548345,-0.00664265453095634));
#4367=CARTESIAN_POINT('',(0.00103119097393614,0.00100064331972276,-0.00664316299463962));
#4368=CARTESIAN_POINT('',(0.00108583277270581,0.000944424842474417,-0.00664757127773563));
#4369=CARTESIAN_POINT('',(0.0012074502206745,0.000788592152310834,-0.00665897682476581));
#4370=CARTESIAN_POINT('',(0.00127823319490096,0.000659249965856412,-0.00666740657405061));
#4371=CARTESIAN_POINT('',(0.00137899775760566,0.000447381357657459,-0.00668046645991257));
#4372=CARTESIAN_POINT('',(0.001437,0.000188136736774853,-0.00669446477689213));
#4373=CARTESIAN_POINT('',(0.001437,1.32910691262032E-17,-0.00670434571415085));
#4374=CARTESIAN_POINT('',(0.001437,1.76035113547961E-17,-0.00620433446560459));
#4375=CARTESIAN_POINT('',(0.001437,4.64307510691925E-18,-0.00570428058063854));
#4376=CARTESIAN_POINT('',(0.001437,-2.13863467718433E-5,-0.00570547010566958));
#4377=CARTESIAN_POINT('',(0.00143729741504685,-8.23807629135758E-5,-0.00570892193286877));
#4378=CARTESIAN_POINT('',(0.00141596621126314,-0.000266406991119517,-0.00571961388267182));
#4379=CARTESIAN_POINT('',(0.00137662183908036,-0.000422360900337658,-0.00572893240870033));
#4380=CARTESIAN_POINT('',(0.00133246585078307,-0.000538948794969079,-0.00573590589838155));
#4381=CARTESIAN_POINT('',(0.00130652611842775,-0.000601324677050868,-0.00573963299622513));
#4382=CARTESIAN_POINT('',(0.00121928246848349,-0.000771142250031637,-0.00575002371950165));
#4383=CARTESIAN_POINT('',(0.00106728246139479,-0.00097568193693452,-0.00576386015957347));
#4384=CARTESIAN_POINT('',(0.000951773999665617,-0.00107793827939561,-0.00577222431964696));
#4385=CARTESIAN_POINT('',(0.00090265203550029,-0.00111808818050715,-0.00577570736042952));
#4386=CARTESIAN_POINT('',(0.000904301502849835,-0.00111721642440433,-0.00577556846084086));
#4387=CARTESIAN_POINT('',(0.000795876403442165,-0.00120018495492604,-0.00578334971603746));
#4388=CARTESIAN_POINT('',(0.000679022740716522,-0.00126864508198313,-0.00579093271059202));
#4389=CARTESIAN_POINT('',(0.000507954100601605,-0.00135053843657715,-0.00580147188107285));
#4390=CARTESIAN_POINT('',(0.000323706487089585,-0.00140448558974811,-0.0058119081223047));
#4391=CARTESIAN_POINT('',(0.000146643254072655,-0.00143286310219235,-0.00582155110335499));
#4392=CARTESIAN_POINT('',(-2.27519112878946E-5,-0.00143763155828454,-0.00583048538431395));
#4393=CARTESIAN_POINT('',(-5.74690417538568E-5,-0.00143861046973353,-0.0058324876715971));
#4394=CARTESIAN_POINT('',(-0.000294931880090684,-0.00141252196825878,-0.00584625434911596));
#4395=CARTESIAN_POINT('',(-0.000444228994007445,-0.00136776025993338,-0.00585522425256382));
#4396=CARTESIAN_POINT('',(-0.000580021381635123,-0.00131926008590935,-0.00586337535265964));
#4397=CARTESIAN_POINT('',(-0.000763365018715522,-0.00122492148531394,-0.0058746234381234));
#4398=CARTESIAN_POINT('',(-0.000895319400820736,-0.00112527281403102,-0.00588342680314133));
#4399=CARTESIAN_POINT('',(-0.000962932143988141,-0.001067789292859,-0.00588811540265019));
#4400=CARTESIAN_POINT('',(-0.00102580052565044,-0.00100681085662712,-0.00589266728715563));
#4401=CARTESIAN_POINT('',(-0.00102999325143428,-0.00100218906828577,-0.00589305703042251));
#4402=CARTESIAN_POINT('',(-0.00107393513467871,-0.000955538974567594,-0.00589667642043832));
#4403=CARTESIAN_POINT('',(-0.00112541373863204,-0.0008959329604244,-0.00590119350724562));
#4404=CARTESIAN_POINT('',(-0.00122485625014921,-0.000758340211203168,-0.00591099456783372));
#4405=CARTESIAN_POINT('',(-0.00127297454863567,-0.000668461222878022,-0.0059167999216241));
#4406=CARTESIAN_POINT('',(-0.00138570777750366,-0.000437009925577031,-0.00593119527382792));
#4407=CARTESIAN_POINT('',(-0.00145346303768535,-7.63804631289798E-5,-0.00594952855923479));
#4408=CARTESIAN_POINT('',(-0.00142343255992516,0.000255497456978702,-0.00596930722002463));
#4409=CARTESIAN_POINT('',(-0.0013345079828712,0.000561051973312827,-0.00598703697812493));
#4410=CARTESIAN_POINT('',(-0.00122595375619945,0.000759964971628815,-0.00599940483379074));
#4411=CARTESIAN_POINT('',(-0.00112512574450627,0.000895711264268488,-0.00600845243514414));
#4412=CARTESIAN_POINT('',(-0.00106758300205299,0.000963094590930987,-0.0060131531273147));
#4413=CARTESIAN_POINT('',(-0.00100689456544658,0.00102581287725044,-0.00601771449211259));
#4414=CARTESIAN_POINT('',(-0.00100089823610206,0.00103094367284125,-0.00601819329460873));
#4415=CARTESIAN_POINT('',(-0.000944823327994373,0.00108545363035462,-0.0060225859400776));
#4416=CARTESIAN_POINT('',(-0.000789619833075006,0.00120688150365093,-0.0060339076604286));
#4417=CARTESIAN_POINT('',(-0.000657547730798092,0.00127905758421901,-0.00604248705763008));
#4418=CARTESIAN_POINT('',(-0.000520918755908399,0.00134428337016793,-0.00605096090841436));
#4419=CARTESIAN_POINT('',(-0.000321904972104691,0.00140535771340816,-0.00606221347729734));
#4420=CARTESIAN_POINT('',(-0.000147775308177719,0.00143265795839014,-0.00607157971966529));
#4421=CARTESIAN_POINT('',(2.33796853222424E-5,0.00143757050948317,-0.00608045286179635));
#4422=CARTESIAN_POINT('',(5.28869016714086E-5,0.00143905989488673,-0.00608218518562699));
#4423=CARTESIAN_POINT('',(0.000298600085880656,0.00141166680287101,-0.00609648581717438));
#4424=CARTESIAN_POINT('',(0.000434601300414257,0.0013706394254295,-0.006104677815834));
#4425=CARTESIAN_POINT('',(0.000584416097525371,0.0013184090604703,-0.00611359533145829));
#4426=CARTESIAN_POINT('',(0.000765343634073606,0.00122175104683396,-0.00612473634389447));
#4427=CARTESIAN_POINT('',(0.000908755914631799,0.00111736802722654,-0.00613426793067616));
#4428=CARTESIAN_POINT('',(0.00103207294232131,0.00100095483161414,-0.00614321234336467));
#4429=CARTESIAN_POINT('',(0.0010584313867119,0.000976682676050586,-0.00614523803465958));
#4430=CARTESIAN_POINT('',(0.00121028469154484,0.000784346670388637,-0.00615929139343268));
#4431=CARTESIAN_POINT('',(0.00126880785493413,0.000676884695287195,-0.00616626318902891));
#4432=CARTESIAN_POINT('',(0.00139072033541844,0.000425478552673211,-0.00618182271325265));
#4433=CARTESIAN_POINT('',(0.001437,0.000188158380497345,-0.00619449262150904));
#4434=CARTESIAN_POINT('',(0.001437,2.86068177955122E-17,-0.00620433446560459));
#4435=CARTESIAN_POINT('',(0.001437,7.04104875184854E-18,-0.00570428058063854));
#4436=CARTESIAN_POINT('',(0.001437,-1.70542355079351E-17,-0.00520439038853307));
#4437=CARTESIAN_POINT('',(0.001437,-9.40710115455753E-5,-0.00520960656465827));
#4438=CARTESIAN_POINT('',(0.001421763975949,-0.000237824253565266,-0.00521772292545002));
#4439=CARTESIAN_POINT('',(0.001379524332306,-0.000413476464676517,-0.00522803839225364));
#4440=CARTESIAN_POINT('',(0.00132128469152369,-0.000567697251481484,-0.0052377029001502));
#4441=CARTESIAN_POINT('',(0.00130075643825702,-0.000615882345031045,-0.00524057098949444));
#4442=CARTESIAN_POINT('',(0.00119637626315813,-0.000806726046762298,-0.00525217370485912));
#4443=CARTESIAN_POINT('',(0.00108350661819179,-0.000946086953615551,-0.00526167746584886));
#4444=CARTESIAN_POINT('',(0.00102525071862639,-0.00100913075859292,-0.00526633721613044));
#4445=CARTESIAN_POINT('',(0.000911333234751524,-0.00111489650583536,-0.00527498453365556));
#4446=CARTESIAN_POINT('',(0.00079855182524866,-0.00119667450964714,-0.00528285409782936));
#4447=CARTESIAN_POINT('',(0.000684266155032649,-0.00126755016502159,-0.00529050485532145));
#4448=CARTESIAN_POINT('',(0.00052877610011145,-0.00133704469019137,-0.00530046634004821));
#4449=CARTESIAN_POINT('',(0.000500502098305188,-0.00134980460743035,-0.00530206146967449));
#4450=CARTESIAN_POINT('',(0.000270449687114954,-0.00141799779486637,-0.00531477066036205));
#4451=CARTESIAN_POINT('',(9.91778544098414E-5,-0.00143465224862684,-0.00532384697322378));
#4452=CARTESIAN_POINT('',(1.13739759564287E-5,-0.00143865202838414,-0.00532862984461407));
#4453=CARTESIAN_POINT('',(-0.000143566376048039,-0.00143273956672226,-0.00533732623937101));
#4454=CARTESIAN_POINT('',(-0.00028111646688506,-0.00141098027322339,-0.00534523811861083));
#4455=CARTESIAN_POINT('',(-0.000412962749531918,-0.00137988354195405,-0.00535299102167367));
#4456=CARTESIAN_POINT('',(-0.000568825384610745,-0.00132054103917463,-0.00536278083008272));
#4457=CARTESIAN_POINT('',(-0.000610232427072678,-0.00130405570394147,-0.00536519847840503));
#4458=CARTESIAN_POINT('',(-0.0008133366568416,-0.00119129239958083,-0.00537761588790034));
#4459=CARTESIAN_POINT('',(-0.000927332030452729,-0.0010991814228493,-0.00538540310600328));
#4460=CARTESIAN_POINT('',(-0.00104421162649022,-0.000994346809892512,-0.00539400069958698));
#4461=CARTESIAN_POINT('',(-0.00117485524045835,-0.000835880553056864,-0.00540550395321544));
#4462=CARTESIAN_POINT('',(-0.00126759434053069,-0.000683418559310627,-0.00541560605986527));
#4463=CARTESIAN_POINT('',(-0.00133590934507577,-0.000532191977680649,-0.00542521056838452));
#4464=CARTESIAN_POINT('',(-0.00135466842725137,-0.00048680107628108,-0.00542786119397865));
#4465=CARTESIAN_POINT('',(-0.00141665701402469,-0.000271916085753012,-0.00543971524826289));
#4466=CARTESIAN_POINT('',(-0.00143491555064188,-0.000108199739367041,-0.00544838374704648));
#4467=CARTESIAN_POINT('',(-0.00143752140753426,8.44833633845985E-6,-0.00545472656224709));
#4468=CARTESIAN_POINT('',(-0.00143699863791143,7.61745861629586E-5,-0.00545857724951416));
#4469=CARTESIAN_POINT('',(-0.00141719482584854,0.000263265627304596,-0.00546939827172205));
#4470=CARTESIAN_POINT('',(-0.00137312542527739,0.000435077994409662,-0.0054796613466839));
#4471=CARTESIAN_POINT('',(-0.00132681549601542,0.00055203163361545,-0.00548671242643378));
#4472=CARTESIAN_POINT('',(-0.00130662077537336,0.000600898619588284,-0.00548963980191315));
#4473=CARTESIAN_POINT('',(-0.00121984652518975,0.000770150886720471,-0.00549996640376265));
#4474=CARTESIAN_POINT('',(-0.00111324562056356,0.000914429270479856,-0.00550968345708157));
#4475=CARTESIAN_POINT('',(-0.000999980726031645,0.00103490974372526,-0.00551868424780535));
#4476=CARTESIAN_POINT('',(-0.00093801769444375,0.00108910421153493,-0.00552315467293368));
#4477=CARTESIAN_POINT('',(-0.000903062927647941,0.00111779400182946,-0.00552564296480827));
#4478=CARTESIAN_POINT('',(-0.000906986431601043,0.00111480330901488,-0.00552532363418551));
#4479=CARTESIAN_POINT('',(-0.000850760254941317,0.00115912276458213,-0.00552944530279308));
#4480=CARTESIAN_POINT('',(-0.000758783982697034,0.00122243596866975,-0.00553581653548852));
#4481=CARTESIAN_POINT('',(-0.000650229571306322,0.00128429593131293,-0.00554286307332436));
#4482=CARTESIAN_POINT('',(-0.000476758679507485,0.00136057078913465,-0.0055534096582086));
#4483=CARTESIAN_POINT('',(-0.000292136909364537,0.00141433691281209,-0.00556360060393798));
#4484=CARTESIAN_POINT('',(8.71852322067669E-5,0.00145869939249312,-0.00558407293843306));
#4485=CARTESIAN_POINT('',(0.000476943115076167,0.00137556491112209,-0.00560716222524063));
#4486=CARTESIAN_POINT('',(0.000804642797071034,0.00120621457009272,-0.00562674070379203));
#4487=CARTESIAN_POINT('',(0.00102841828759377,0.00100941801527609,-0.00564276325400665));
#4488=CARTESIAN_POINT('',(0.00111073568485525,0.000913796242103795,-0.00564985195884533));
#4489=CARTESIAN_POINT('',(0.0012258110424796,0.000761480510825822,-0.0056608171626284));
#4490=CARTESIAN_POINT('',(0.00138001614438742,0.000470444193581287,-0.00567915398530057));
#4491=CARTESIAN_POINT('',(0.001437,0.000188113316788108,-0.00569441799896541));
#4492=CARTESIAN_POINT('',(0.001437,1.32910691262032E-17,-0.00570428058063854));
#4493=CARTESIAN_POINT('',(0.001437,-8.62666340753537E-18,-0.00520439038853307));
#4494=CARTESIAN_POINT('',(0.001437,1.16627932470192E-17,-0.00470427570579777));
#4495=CARTESIAN_POINT('',(0.001437,-2.25889617383003E-5,-0.00470552933720301));
#4496=CARTESIAN_POINT('',(0.00143693318000157,-8.57724908357015E-5,-0.00470910103643016));
#4497=CARTESIAN_POINT('',(0.00141643695122221,-0.000264402234093176,-0.00471946948507961));
#4498=CARTESIAN_POINT('',(0.00137446541913084,-0.000430426961633703,-0.00472939606186171));
#4499=CARTESIAN_POINT('',(0.00132916189390036,-0.000546712546854735,-0.00473638687080104));
#4500=CARTESIAN_POINT('',(0.00130628891765503,-0.000601549890281959,-0.00473966895200422));
#4501=CARTESIAN_POINT('',(0.0012221135843663,-0.000766031216331488,-0.00474969843540632));
#4502=CARTESIAN_POINT('',(0.00107526187616881,-0.000966410269542547,-0.00476316413074488));
#4503=CARTESIAN_POINT('',(0.000960292400291796,-0.00107059354403412,-0.00477157257443061));
#4504=CARTESIAN_POINT('',(0.000907279010957656,-0.00111434708360076,-0.00477535995366872));
#4505=CARTESIAN_POINT('',(0.000903847533261684,-0.00111759948855569,-0.00477559068229655));
#4506=CARTESIAN_POINT('',(0.00079643138070146,-0.00119977415895005,-0.00478334523601749));
#4507=CARTESIAN_POINT('',(0.000679278862839536,-0.00126853042032515,-0.00479098237201699));
#4508=CARTESIAN_POINT('',(0.000508295333295798,-0.00135038255053988,-0.00480154752571062));
#4509=CARTESIAN_POINT('',(0.000324207370753181,-0.00140441465529782,-0.00481198485445671));
#4510=CARTESIAN_POINT('',(0.000146685366897568,-0.00143282660970863,-0.00482164094298996));
#4511=CARTESIAN_POINT('',(-2.13044505076558E-5,-0.00143764286036022,-0.00483047656919122));
#4512=CARTESIAN_POINT('',(-6.13246885279595E-5,-0.0014386019476667,-0.0048327432524371));
#4513=CARTESIAN_POINT('',(-0.0002969826339759,-0.00141150994924395,-0.00484639958895058));
#4514=CARTESIAN_POINT('',(-0.000430795240436208,-0.00137209015577256,-0.00485441517697888));
#4515=CARTESIAN_POINT('',(-0.000587760170811382,-0.00131677871207354,-0.00486380772021577));
#4516=CARTESIAN_POINT('',(-0.000762113099147286,-0.00122530933428812,-0.00487455086310119));
#4517=CARTESIAN_POINT('',(-0.000895514027768797,-0.00112518535606682,-0.00488344067975252));
#4518=CARTESIAN_POINT('',(-0.000963037194362574,-0.00106766023639423,-0.00488812724235392));
#4519=CARTESIAN_POINT('',(-0.0010259059542621,-0.00100679245005192,-0.00489267146957354));
#4520=CARTESIAN_POINT('',(-0.00103027220350811,-0.00100158607229487,-0.00489309745488493));
#4521=CARTESIAN_POINT('',(-0.00108480088010107,-0.000945575933085567,-0.0048974940770014));
#4522=CARTESIAN_POINT('',(-0.00120689814016797,-0.000789797487091593,-0.00490889670901338));
#4523=CARTESIAN_POINT('',(-0.00128047756377085,-0.000654922440483858,-0.00491767527874373));
#4524=CARTESIAN_POINT('',(-0.00134325690494576,-0.000521981100177927,-0.00492586659164673));
#4525=CARTESIAN_POINT('',(-0.00142102423452688,-0.000279917559654278,-0.00493971658690603));
#4526=CARTESIAN_POINT('',(-0.00144420366332316,6.35395673567243E-6,-0.00495419782316276));
#4527=CARTESIAN_POINT('',(-0.00142416092835337,0.000252721307364023,-0.00496925188758776));
#4528=CARTESIAN_POINT('',(-0.00133557814134604,0.000560447232713179,-0.00498696618011669));
#4529=CARTESIAN_POINT('',(-0.00122248504602489,0.000762920547863658,-0.00499960908000149));
#4530=CARTESIAN_POINT('',(-0.00111710039659108,0.000909382153406117,-0.00500931608839509));
#4531=CARTESIAN_POINT('',(-0.00100065298599089,0.0010323120189504,-0.00501824695882941));
#4532=CARTESIAN_POINT('',(-0.000977055920438695,0.00105795084314292,-0.0050202213263698));
#4533=CARTESIAN_POINT('',(-0.000786111504101136,0.00120936850221897,-0.0050341660251088));
#4534=CARTESIAN_POINT('',(-0.000670914932722645,0.00127197527273357,-0.00504163175502204));
#4535=CARTESIAN_POINT('',(-0.000512288027808724,0.00134841879712964,-0.00505146865590118));
#4536=CARTESIAN_POINT('',(-0.000328085790262549,0.00140505599125151,-0.00506188189926591));
#4537=CARTESIAN_POINT('',(-0.000162184809579915,0.00142887507753246,-0.00507077719581471));
#4538=CARTESIAN_POINT('',(-7.41126468125596E-5,0.00143593030334968,-0.00507542815818883));
#4539=CARTESIAN_POINT('',(1.43347631084476E-5,0.00143729255536495,-0.00508001601270892));
#4540=CARTESIAN_POINT('',(1.75907154634104E-5,0.00143689943647055,-0.00508024913006513));
#4541=CARTESIAN_POINT('',(9.18583899200842E-5,0.00143524963462035,-0.00508444730699374));
#4542=CARTESIAN_POINT('',(0.000213150361077984,0.00142474575966729,-0.00509146533264899));
#4543=CARTESIAN_POINT('',(0.000361013476183634,0.00139190010316306,-0.00510024910003914));
#4544=CARTESIAN_POINT('',(0.000448825536569467,0.00136656922357255,-0.00510549477068033));
#4545=CARTESIAN_POINT('',(0.000550649880059222,0.00132764471845499,-0.00511162694798808));
#4546=CARTESIAN_POINT('',(0.000601119306332159,0.00130644216001104,-0.00511464894344429));
#4547=CARTESIAN_POINT('',(0.000767464214900419,0.00122139052104918,-0.00512479067819977));
#4548=CARTESIAN_POINT('',(0.000968846600398355,0.00107311527654857,-0.00513833975892039));
#4549=CARTESIAN_POINT('',(0.00107262360734896,0.00095795843381523,-0.00514673643575359));
#4550=CARTESIAN_POINT('',(0.00111537424063623,0.000906010424734002,-0.00515043924325713));
#4551=CARTESIAN_POINT('',(0.00111749567798691,0.000903972091310168,-0.00515056548399977));
#4552=CARTESIAN_POINT('',(0.00119982617980091,0.000796336073098051,-0.00515834804678671));
#4553=CARTESIAN_POINT('',(0.00126854031972884,0.000679367340379644,-0.0051659823950959));
#4554=CARTESIAN_POINT('',(0.00135035031599033,0.000507746636744781,-0.00517658841768359));
#4555=CARTESIAN_POINT('',(0.00141830415423123,0.000282341213869908,-0.00518940155458729));
#4556=CARTESIAN_POINT('',(0.001437,9.40533093806234E-5,-0.00519944360677803));
#4557=CARTESIAN_POINT('',(0.001437,-1.47878034341965E-17,-0.00520439038853307));
#4558=CARTESIAN_POINT('',(0.001437,6.33712177169864E-18,-0.00470427570579777));
#4559=CARTESIAN_POINT('',(0.001437,-3.01479922773523E-18,-0.00420435217282896));
#4560=CARTESIAN_POINT('',(0.001437,-9.40667602787869E-5,-0.00420960603050851));
#4561=CARTESIAN_POINT('',(0.00142170989836438,-0.000237891178708692,-0.00421775757461732));
#4562=CARTESIAN_POINT('',(0.00137962192740686,-0.000413328813930012,-0.00422805629209547));
#4563=CARTESIAN_POINT('',(0.00132094379661021,-0.000568164733559664,-0.00423771837256238));
#4564=CARTESIAN_POINT('',(0.00130208100107897,-0.000614018676162102,-0.00424042630995391));
#4565=CARTESIAN_POINT('',(0.00119259149314441,-0.00081135348109099,-0.00425249691721201));
#4566=CARTESIAN_POINT('',(0.00109658316666058,-0.000930545567192841,-0.00426063127198448));
#4567=CARTESIAN_POINT('',(0.000995623252929455,-0.00104260373613968,-0.00426884541378194));
#4568=CARTESIAN_POINT('',(0.000835269132968106,-0.00117532521137691,-0.00428047069431954));
#4569=CARTESIAN_POINT('',(0.000683742318150291,-0.00126745917067833,-0.00429053761838132));
#4570=CARTESIAN_POINT('',(0.000530560700858827,-0.00133651277476121,-0.00430033984355926));
#4571=CARTESIAN_POINT('',(0.000491984102612397,-0.00135281152871321,-0.00430257185274488));
#4572=CARTESIAN_POINT('',(0.0002711216903209,-0.00141729442886839,-0.00431473180547063));
#4573=CARTESIAN_POINT('',(0.000105789901252361,-0.00143430324827364,-0.00432347659305734));
#4574=CARTESIAN_POINT('',(9.16127208635193E-6,-0.00143874880337713,-0.00432873671757849));
#4575=CARTESIAN_POINT('',(-0.000143266382098763,-0.00143270149813355,-0.00433726964028638));
#4576=CARTESIAN_POINT('',(-0.000281551410655758,-0.00141089325271629,-0.00434522737562218));
#4577=CARTESIAN_POINT('',(-0.000412474898525908,-0.00138008041185092,-0.00435293692282349));
#4578=CARTESIAN_POINT('',(-0.000570807373316881,-0.00131969941341808,-0.00436293827049873));
#4579=CARTESIAN_POINT('',(-0.000602794500996779,-0.00130722443534014,-0.00436474446497663));
#4580=CARTESIAN_POINT('',(-0.000810543645639039,-0.00119450349096626,-0.00437737984214862));
#4581=CARTESIAN_POINT('',(-0.000946355295696471,-0.00108289208878194,-0.0043867248302398));
#4582=CARTESIAN_POINT('',(-0.00100872602151978,-0.00102574656382441,-0.0043913490640151));
#4583=CARTESIAN_POINT('',(-0.00111480615677921,-0.000911405391293449,-0.00440009054057441));
#4584=CARTESIAN_POINT('',(-0.00119648601199612,-0.000798930582810353,-0.00440793608247459));
#4585=CARTESIAN_POINT('',(-0.00126785462348362,-0.000683486937029146,-0.00441562623663355));
#4586=CARTESIAN_POINT('',(-0.0013358085479279,-0.000531901096616706,-0.00442521199282282));
#4587=CARTESIAN_POINT('',(-0.00135438267904917,-0.000488931081637029,-0.00442773407395141));
#4588=CARTESIAN_POINT('',(-0.00141724202554499,-0.000265642705605321,-0.00444004593319731));
#4589=CARTESIAN_POINT('',(-0.00143288734411132,-0.000131032127555534,-0.00444719049573749));
#4590=CARTESIAN_POINT('',(-0.00143816531408613,1.3202895439224E-5,-0.00445506636984867));
#4591=CARTESIAN_POINT('',(-0.001436451350012,7.91447386148405E-5,-0.00445880728492161));
#4592=CARTESIAN_POINT('',(-0.00141762519625912,0.000263034980417271,-0.00446940112973634));
#4593=CARTESIAN_POINT('',(-0.00137079827871421,0.000439266810361456,-0.00447990728028918));
#4594=CARTESIAN_POINT('',(-0.00133442976594877,0.00053703272082397,-0.00448578510716947));
#4595=CARTESIAN_POINT('',(-0.0012935785774116,0.000626591285965048,-0.00449121514106595));
#4596=CARTESIAN_POINT('',(-0.00129001490065531,0.000631985492568741,-0.0044915442355281));
#4597=CARTESIAN_POINT('',(-0.0012506421033292,0.000719644563943698,-0.00449665807377613));
#4598=CARTESIAN_POINT('',(-0.00109797139784679,0.000934397152636992,-0.00451065919317209));
#4599=CARTESIAN_POINT('',(-0.000999664187562167,0.00103549856079468,-0.0045183224050541));
#4600=CARTESIAN_POINT('',(-0.00078138250246041,0.00122363708581116,-0.00453481465147369));
#4601=CARTESIAN_POINT('',(-0.000506673357811937,0.00135177574126819,-0.00455172776384775));
#4602=CARTESIAN_POINT('',(-0.000294280041519298,0.00141377804549515,-0.00456345921839189));
#4603=CARTESIAN_POINT('',(-8.5488039772162E-6,0.00144739273481503,-0.00457892064533068));
#4604=CARTESIAN_POINT('',(0.000282747979837979,0.00141852975575623,-0.0045954879676016));
#4605=CARTESIAN_POINT('',(0.000549127275427594,0.00133690041162738,-0.00461152677928898));
#4606=CARTESIAN_POINT('',(0.000807195421720606,0.00120494844576971,-0.00462688625516033));
#4607=CARTESIAN_POINT('',(0.00102519309643432,0.00101258302746242,-0.00464253350315971));
#4608=CARTESIAN_POINT('',(0.00111095068971585,0.000913680936770026,-0.00464988206787496));
#4609=CARTESIAN_POINT('',(0.00122572888302951,0.000761486992206527,-0.00466079912153197));
#4610=CARTESIAN_POINT('',(0.0013801001939217,0.00047038735438645,-0.00467911919599366));
#4611=CARTESIAN_POINT('',(0.001437,0.000188103393289605,-0.00469438934433673));
#4612=CARTESIAN_POINT('',(0.001437,1.32910691262032E-17,-0.00470427570579777));
#4613=CARTESIAN_POINT('',(0.001437,-4.22534083124895E-18,-0.00420435217282896));
#4614=CARTESIAN_POINT('',(0.001437,-3.01479922773523E-18,-0.00370432776332222));
#4615=CARTESIAN_POINT('',(0.001437,-2.02002534358408E-5,-0.00370544194203899));
#4616=CARTESIAN_POINT('',(0.00143700084751974,-8.10539568688502E-5,-0.00370887308128639));
#4617=CARTESIAN_POINT('',(0.00141786657809492,-0.000260048750205373,-0.00371921849514287));
#4618=CARTESIAN_POINT('',(0.00137086852195555,-0.000440721078648819,-0.00372999153535333));
#4619=CARTESIAN_POINT('',(0.00132355135985608,-0.000563577164131896,-0.0037374049125745));
#4620=CARTESIAN_POINT('',(0.00127117064635201,-0.000674674335843243,-0.00374409912132111));
#4621=CARTESIAN_POINT('',(0.00119649473935295,-0.000800604475846989,-0.00375195321729765));
#4622=CARTESIAN_POINT('',(0.00111217928385876,-0.000912438771327209,-0.00375924067404529));
#4623=CARTESIAN_POINT('',(0.0010092463692306,-0.00103010518915194,-0.00376767286940008));
#4624=CARTESIAN_POINT('',(0.00078015548661832,-0.00122374968273332,-0.00378489425785821));
#4625=CARTESIAN_POINT('',(0.00051281824098514,-0.00134942537434772,-0.00380136615265335));
#4626=CARTESIAN_POINT('',(0.000292882329007224,-0.00141456562876109,-0.0038135622814032));
#4627=CARTESIAN_POINT('',(-9.12887065908253E-5,-0.00145813257189795,-0.00383428142337125));
#4628=CARTESIAN_POINT('',(-0.000468666922447972,-0.0013786913030462,-0.00385669195220674));
#4629=CARTESIAN_POINT('',(-0.000806241297460148,-0.0012058161355479,-0.00387682380137611));
#4630=CARTESIAN_POINT('',(-0.00103022219684281,-0.00100742940872491,-0.0038929094502397));
#4631=CARTESIAN_POINT('',(-0.00111060597770428,-0.000913839778680387,-0.00389985288116892));
#4632=CARTESIAN_POINT('',(-0.00122584074611795,-0.000761910091447576,-0.0039107979504421));
#4633=CARTESIAN_POINT('',(-0.00137929720598349,-0.000466411509507945,-0.00392961525248204));
#4634=CARTESIAN_POINT('',(-0.00146002731411634,-0.000119057725454451,-0.00394689463710446));
#4635=CARTESIAN_POINT('',(-0.00141724031936243,0.000269233525263953,-0.00397003421303941));
#4636=CARTESIAN_POINT('',(-0.00137023108435334,0.000440951703660892,-0.0039800666688606));
#4637=CARTESIAN_POINT('',(-0.00132665280566506,0.000552641640234873,-0.0039867444363376));
#4638=CARTESIAN_POINT('',(-0.00130637395269436,0.000601263832746293,-0.00398963798191326));
#4639=CARTESIAN_POINT('',(-0.00122185888657542,0.000766572303078567,-0.00399973196509903));
#4640=CARTESIAN_POINT('',(-0.00107479496395888,0.000966866962671206,-0.00401320831920544));
#4641=CARTESIAN_POINT('',(-0.000959685795793471,0.00107113468972352,-0.00402163482078458));
#4642=CARTESIAN_POINT('',(-0.000906829814888876,0.00111471144831885,-0.00402540779340476));
#4643=CARTESIAN_POINT('',(-0.00090360642665363,0.00111779258015125,-0.00402562560336467));
#4644=CARTESIAN_POINT('',(-0.000796241484572448,0.00119989911230295,-0.00403334578083171));
#4645=CARTESIAN_POINT('',(-0.000679047074157044,0.00126865414441165,-0.00404096560207812));
#4646=CARTESIAN_POINT('',(-0.000508069022986515,0.00135047306610817,-0.0040515096596404));
#4647=CARTESIAN_POINT('',(-0.000323845545335257,0.00140447602900327,-0.00406194900042843));
#4648=CARTESIAN_POINT('',(-0.000146583024600428,0.00143285407812582,-0.00407159847601395));
#4649=CARTESIAN_POINT('',(2.2235630766346E-5,0.00143764124246928,-0.00408049410148494));
#4650=CARTESIAN_POINT('',(5.91732126883312E-5,0.00143858081576398,-0.00408260672202985));
#4651=CARTESIAN_POINT('',(0.000295571902202641,0.00141218643018321,-0.00409630059344878));
#4652=CARTESIAN_POINT('',(0.00043946583437208,0.00136923124888975,-0.00410493454397364));
#4653=CARTESIAN_POINT('',(0.000582517409637849,0.00131887790993401,-0.00411350514285608));
#4654=CARTESIAN_POINT('',(0.000766427565502339,0.00122109861615653,-0.00412487030104192));
#4655=CARTESIAN_POINT('',(0.000908622581862275,0.00111753147754715,-0.00413426674767498));
#4656=CARTESIAN_POINT('',(0.00103390863586781,0.000999041067160946,-0.00414323066272014));
#4657=CARTESIAN_POINT('',(0.00105283870049428,0.000982557733666465,-0.00414471457646489));
#4658=CARTESIAN_POINT('',(0.00120990108192282,0.000786472483603898,-0.00415914817148162));
#4659=CARTESIAN_POINT('',(0.00127708901231955,0.00066077923405681,-0.00416730122534371));
#4660=CARTESIAN_POINT('',(0.00138041376789298,0.000445503538781154,-0.00418059228208286));
#4661=CARTESIAN_POINT('',(0.001437,0.000188142619450597,-0.00419446411485104));
#4662=CARTESIAN_POINT('',(0.001437,5.27945235112424E-19,-0.00420435217282896));
#4663=CARTESIAN_POINT('',(0.001437,5.27945235112424E-19,-0.00370432776332222));
#4664=CARTESIAN_POINT('',(0.001437,-3.01479922773523E-18,-0.00320428353625068));
#4665=CARTESIAN_POINT('',(0.001437,-2.11222237500047E-5,-0.00320545910643088));
#4666=CARTESIAN_POINT('',(0.00143734288541837,-8.17523474108839E-5,-0.0032088912729768));
#4667=CARTESIAN_POINT('',(0.00141598785572105,-0.000266346432771217,-0.00321961389791336));
#4668=CARTESIAN_POINT('',(0.00137669752233569,-0.000422109677478611,-0.0032289170082842));
#4669=CARTESIAN_POINT('',(0.00133250338853462,-0.000538827737141517,-0.00323589746939831));
#4670=CARTESIAN_POINT('',(0.0013066351431407,-0.000601131891752947,-0.00323961994139768));
#4671=CARTESIAN_POINT('',(0.00121859973391706,-0.000772401106820463,-0.00325010402508197));
#4672=CARTESIAN_POINT('',(0.00106531014609848,-0.00097793435553641,-0.00326402737017306));
#4673=CARTESIAN_POINT('',(0.000949670389189276,-0.00107973622156796,-0.00327237942999443));
#4674=CARTESIAN_POINT('',(0.000901542055561536,-0.00111898078854117,-0.00327578570761478));
#4675=CARTESIAN_POINT('',(0.000904488200485053,-0.00111706752236782,-0.00327555195707113));
#4676=CARTESIAN_POINT('',(0.000795763751633074,-0.00120024031769148,-0.00328335329657315));
#4677=CARTESIAN_POINT('',(0.000679180625297374,-0.00126864421057078,-0.00329091988451214));
#4678=CARTESIAN_POINT('',(0.000507145160678045,-0.0013505039950503,-0.00330150824304773));
#4679=CARTESIAN_POINT('',(0.000328637507654941,-0.00140477156973188,-0.00331165006580072));
#4680=CARTESIAN_POINT('',(0.000161996230633391,-0.00142892578517961,-0.00332068654419761));
#4681=CARTESIAN_POINT('',(7.38066279536761E-5,-0.00143593354512653,-0.00332540546970828));
#4682=CARTESIAN_POINT('',(-1.40054631752615E-5,-0.00143729523828903,-0.00333003776153626));
#4683=CARTESIAN_POINT('',(-1.96695815659335E-5,-0.00143688529570396,-0.00333039015992352));
#4684=CARTESIAN_POINT('',(-9.49133596226637E-5,-0.00143505333115986,-0.00333464716458371));
#4685=CARTESIAN_POINT('',(-0.000214454242620132,-0.00142448018566525,-0.00334155161496404));
#4686=CARTESIAN_POINT('',(-0.000361640867835712,-0.00139175716572246,-0.00335028124785239));
#4687=CARTESIAN_POINT('',(-0.000452425882670856,-0.00136548871977628,-0.0033557031381615));
#4688=CARTESIAN_POINT('',(-0.000554495790964075,-0.00132589960504489,-0.00336186192797982));
#4689=CARTESIAN_POINT('',(-0.000600252756429106,-0.00130690337220994,-0.00336460301186976));
#4690=CARTESIAN_POINT('',(-0.000772454506378848,-0.00121864331622575,-0.00337511530101403));
#4691=CARTESIAN_POINT('',(-0.000917794802913566,-0.00111048838989959,-0.00338492819025419));
#4692=CARTESIAN_POINT('',(-0.00103829436730908,-0.000996484704702582,-0.00339395601185258));
#4693=CARTESIAN_POINT('',(-0.00109201231053161,-0.000934587083248406,-0.00339840423465055));
#4694=CARTESIAN_POINT('',(-0.00111867107763746,-0.000901928356055249,-0.00340071429826331));
#4695=CARTESIAN_POINT('',(-0.00111681537180294,-0.000904799770174561,-0.00340047614402026));
#4696=CARTESIAN_POINT('',(-0.00120002973219631,-0.000796075349726901,-0.00340834792110184));
#4697=CARTESIAN_POINT('',(-0.0012684727239467,-0.000679530187423488,-0.00341596232183682));
#4698=CARTESIAN_POINT('',(-0.00135030695258946,-0.000507461441339867,-0.00342658355530654));
#4699=CARTESIAN_POINT('',(-0.00141875075175728,-0.000284773657434353,-0.00343939184819171));
#4700=CARTESIAN_POINT('',(-0.00144462680565725,8.60925335324484E-6,-0.00345446754426544));
#4701=CARTESIAN_POINT('',(-0.00142474201194513,0.000249851153004015,-0.00346901772471845));
#4702=CARTESIAN_POINT('',(-0.00133414014846189,0.000562620795385867,-0.00348711791763369));
#4703=CARTESIAN_POINT('',(-0.00122599918436433,0.000759770298726943,-0.00349939794738788));
#4704=CARTESIAN_POINT('',(-0.00112510827721799,0.000895742890217047,-0.00350845368539785));
#4705=CARTESIAN_POINT('',(-0.0010675943379936,0.000963081471250007,-0.00351314893971114));
#4706=CARTESIAN_POINT('',(-0.0010068351376116,0.00102587177822335,-0.00351771186180252));
#4707=CARTESIAN_POINT('',(-0.00100110590968845,0.00103073988661266,-0.00351817156486855));
#4708=CARTESIAN_POINT('',(-0.000945092157192186,0.00108521862434135,-0.0035225615817427));
#4709=CARTESIAN_POINT('',(-0.000789710892286454,0.00120686921318729,-0.00353390206880653));
#4710=CARTESIAN_POINT('',(-0.000656822582039032,0.00127942408628694,-0.00354253428820075));
#4711=CARTESIAN_POINT('',(-0.000521375801563542,0.00134405641227447,-0.00355093375131468));
#4712=CARTESIAN_POINT('',(-0.000321835125840968,0.00140538561181629,-0.00356221543764852));
#4713=CARTESIAN_POINT('',(-0.000147849434465883,0.00143265271076724,-0.00357157414583947));
#4714=CARTESIAN_POINT('',(2.35044451388278E-5,0.00143755828968879,-0.00358046101149438));
#4715=CARTESIAN_POINT('',(5.23197742961771E-5,0.00143911399792251,-0.00358215643651981));
#4716=CARTESIAN_POINT('',(0.000299020308849419,0.00141156929347986,-0.00359651419616629));
#4717=CARTESIAN_POINT('',(0.000433542715974101,0.00137096438499733,-0.00360461479680316));
#4718=CARTESIAN_POINT('',(0.000585044678031175,0.00131820738741818,-0.00361362993821376));
#4719=CARTESIAN_POINT('',(0.000765170002273274,0.00122186619218809,-0.00362472428106144));
#4720=CARTESIAN_POINT('',(0.000908916017066491,0.0011172079974982,-0.00363428171103765));
#4721=CARTESIAN_POINT('',(0.00103156066467887,0.00100151748101888,-0.00364317736341742));
#4722=CARTESIAN_POINT('',(0.00106036701698409,0.000974545503946936,-0.00364539406008442));
#4723=CARTESIAN_POINT('',(0.00121006247833827,0.000784349443029957,-0.00365928452665543));
#4724=CARTESIAN_POINT('',(0.00126763246203729,0.000679203209767629,-0.00366611872246409));
#4725=CARTESIAN_POINT('',(0.00139219923788325,0.000422557441827938,-0.00368200584192366));
#4726=CARTESIAN_POINT('',(0.001437,0.000188154653009032,-0.00369449439254543));
#4727=CARTESIAN_POINT('',(0.001437,5.27945235112424E-19,-0.00370432776332222));
#4728=CARTESIAN_POINT('',(0.001437,1.75981745037475E-19,-0.00320428353625068));
#4729=CARTESIAN_POINT('',(-0.000236226716331693,0.00141745050654023,-0.00306654545156641));
#4730=CARTESIAN_POINT('',(-0.000180460299521077,0.00142674431783309,-0.00306952171835971));
#4731=CARTESIAN_POINT('',(-6.28372223600785E-5,0.00144331154850124,-0.00307598364379393));
#4732=CARTESIAN_POINT('',(0.000145244900490321,0.00143156551316098,-0.00308774128178479));
#4733=CARTESIAN_POINT('',(0.000268868890910637,0.00141353296410737,-0.0030948389325673));
#4734=CARTESIAN_POINT('',(0.00040086192780472,0.00138097161005985,-0.00310262413201231));
#4735=CARTESIAN_POINT('',(0.000416799300018638,0.00137515134040675,-0.00310357486101359));
#4736=CARTESIAN_POINT('',(0.000493280001151989,0.00135109976199478,-0.0031080618396171));
#4737=CARTESIAN_POINT('',(0.000596751989559587,0.00130936452301272,-0.00311418361456589));
#4738=CARTESIAN_POINT('',(0.000747743132590077,0.00123418735747686,-0.00312332439658685));
#4739=CARTESIAN_POINT('',(0.000946539981984212,0.00108732517389969,-0.00313658076772477));
#4740=CARTESIAN_POINT('',(0.00103994541196339,0.000994588961198178,-0.0031436952104701));
#4741=CARTESIAN_POINT('',(0.0011471831582115,0.000870021287340538,-0.00315287952169465));
#4742=CARTESIAN_POINT('',(0.00123091217294884,0.000748821466582945,-0.00316123654472138));
#4743=CARTESIAN_POINT('',(0.00131414247145412,0.000584528604123879,-0.00317214310938662));
#4744=CARTESIAN_POINT('',(0.00133599403071833,0.000536888875002111,-0.00317498905302213));
#4745=CARTESIAN_POINT('',(0.00141214106563204,0.000302679975797281,-0.00318806419924527));
#4746=CARTESIAN_POINT('',(0.0014354318901262,0.00010782899007464,-0.00319837543841578));
#4747=CARTESIAN_POINT('',(0.001437,2.84552275079406E-5,-0.00320269984329651));
#4748=CARTESIAN_POINT('',(0.001437,-3.01479922773523E-18,-0.00320428353625068));
#4749=CARTESIAN_POINT('',(-0.000246512263648023,0.00147916771820863,-0.00286183348048612));
#4750=CARTESIAN_POINT('',(-0.000236226716331693,0.00141745050654023,0.));
#4751=CARTESIAN_POINT('',(-0.000195129514464663,0.00117085160143581,-0.01075));
#4752=CARTESIAN_POINT('',(0.000112,-0.000896,-0.00085));
#4753=CARTESIAN_POINT('',(0.000368066123140381,-0.000368066123140382,-0.00085));
#4754=CARTESIAN_POINT('',(0.00021032349893736,-0.00021032349893736,-0.0017));
#4755=CARTESIAN_POINT('',(0.000525808747343402,-0.000525808747343403,0.));
#4756=CARTESIAN_POINT('',(0.00013716174946868,-0.000361161749468681,-0.0017));
#4757=CARTESIAN_POINT('',(6.39999999999991E-5,-0.000512,-0.0017));
#4758=CARTESIAN_POINT('',(0.000112,-0.000896,-0.00085));
#4759=CARTESIAN_POINT('',(0.00016,-0.00128,0.));
#4760=CARTESIAN_POINT('',(0.000342904373671701,-0.000902904373671702,0.));
#4761=CARTESIAN_POINT('',(0.000896,-0.000112,-0.00085));
#4762=CARTESIAN_POINT('',(0.000896,-0.000112,-0.00085));
#4763=CARTESIAN_POINT('',(0.000512,-6.39999999999993E-5,-0.0017));
#4764=CARTESIAN_POINT('',(0.00128,-0.00016,0.));
#4765=CARTESIAN_POINT('',(0.00036116174946868,-0.00013716174946868,-0.0017));
#4766=CARTESIAN_POINT('',(0.000902904373671701,-0.000342904373671702,0.));
#4767=CARTESIAN_POINT('',(0.00014,-0.00112,-0.00085));
#4768=CARTESIAN_POINT('',(7.19999999999991E-5,-0.000576,-0.0017));
#4769=CARTESIAN_POINT('',(7.99999999999991E-5,-0.00064,-0.0017));
#4770=CARTESIAN_POINT('',(0.00014,-0.00112,-0.00085));
#4771=CARTESIAN_POINT('',(0.0002,-0.0016,0.));
#4772=CARTESIAN_POINT('',(0.00018,-0.00144,0.));
#4773=CARTESIAN_POINT('',(0.,0.,-0.0017));
#4774=CARTESIAN_POINT('',(0.000576,-7.2E-5,-0.0017));
#4775=CARTESIAN_POINT('',(0.00064,-8.E-5,-0.0017));
#4776=CARTESIAN_POINT('',(0.00064,3.99999999999995E-5,-0.0017));
#4777=CARTESIAN_POINT('',(0.00064,8.E-5,-0.0017));
#4778=CARTESIAN_POINT('',(0.000576,7.2E-5,-0.0017));
#4779=CARTESIAN_POINT('',(0.000512,6.39999999999993E-5,-0.0017));
#4780=CARTESIAN_POINT('',(0.00036116174946868,0.00013716174946868,-0.0017));
#4781=CARTESIAN_POINT('',(0.00021032349893736,0.00021032349893736,-0.0017));
#4782=CARTESIAN_POINT('',(0.00013716174946868,0.000361161749468681,-0.0017));
#4783=CARTESIAN_POINT('',(6.39999999999991E-5,0.000512,-0.0017));
#4784=CARTESIAN_POINT('',(7.19999999999991E-5,0.000576,-0.0017));
#4785=CARTESIAN_POINT('',(7.99999999999991E-5,0.00064,-0.0017));
#4786=CARTESIAN_POINT('',(-3.99999999999995E-5,0.00064,-0.0017));
#4787=CARTESIAN_POINT('',(-7.99999999999991E-5,0.00064,-0.0017));
#4788=CARTESIAN_POINT('',(-7.19999999999991E-5,0.000576,-0.0017));
#4789=CARTESIAN_POINT('',(-6.39999999999991E-5,0.000512,-0.0017));
#4790=CARTESIAN_POINT('',(-0.00013716174946868,0.000361161749468681,-0.0017));
#4791=CARTESIAN_POINT('',(-0.00021032349893736,0.00021032349893736,-0.0017));
#4792=CARTESIAN_POINT('',(-0.00036116174946868,0.00013716174946868,-0.0017));
#4793=CARTESIAN_POINT('',(-0.000512,6.39999999999993E-5,-0.0017));
#4794=CARTESIAN_POINT('',(-0.000576,7.2E-5,-0.0017));
#4795=CARTESIAN_POINT('',(-0.00064,8.E-5,-0.0017));
#4796=CARTESIAN_POINT('',(-0.00064,-3.99999999999995E-5,-0.0017));
#4797=CARTESIAN_POINT('',(-0.00064,-8.E-5,-0.0017));
#4798=CARTESIAN_POINT('',(-0.000576,-7.2E-5,-0.0017));
#4799=CARTESIAN_POINT('',(-0.000512,-6.39999999999993E-5,-0.0017));
#4800=CARTESIAN_POINT('',(-0.00036116174946868,-0.00013716174946868,-0.0017));
#4801=CARTESIAN_POINT('',(-0.00021032349893736,-0.00021032349893736,-0.0017));
#4802=CARTESIAN_POINT('',(-0.00013716174946868,-0.00036116174946868,-0.0017));
#4803=CARTESIAN_POINT('',(-6.39999999999991E-5,-0.000512,-0.0017));
#4804=CARTESIAN_POINT('',(-7.19999999999991E-5,-0.000576,-0.0017));
#4805=CARTESIAN_POINT('',(-7.99999999999991E-5,-0.00064,-0.0017));
#4806=CARTESIAN_POINT('',(3.99999999999995E-5,-0.00064,-0.0017));
#4807=CARTESIAN_POINT('',(0.00014,-0.00112,-0.00085));
#4808=CARTESIAN_POINT('',(-0.00014,-0.00112,-0.00085));
#4809=CARTESIAN_POINT('',(-0.0002,-0.0016,0.));
#4810=CARTESIAN_POINT('',(0.0001,-0.0016,0.));
#4811=CARTESIAN_POINT('',(-0.00014,-0.00112,-0.00085));
#4812=CARTESIAN_POINT('',(-0.000112,-0.000896,-0.00085));
#4813=CARTESIAN_POINT('',(-0.00016,-0.00128,0.));
#4814=CARTESIAN_POINT('',(-0.00018,-0.00144,0.));
#4815=CARTESIAN_POINT('',(-0.000112,-0.000896,-0.00085));
#4816=CARTESIAN_POINT('',(-0.000368066123140381,-0.000368066123140382,-0.00085));
#4817=CARTESIAN_POINT('',(-0.000525808747343402,-0.000525808747343403,0.));
#4818=CARTESIAN_POINT('',(-0.000342904373671701,-0.000902904373671702,0.));
#4819=CARTESIAN_POINT('',(-0.000896,-0.000112,-0.00085));
#4820=CARTESIAN_POINT('',(-0.000896,-0.000112,-0.00085));
#4821=CARTESIAN_POINT('',(-0.00128,-0.00016,0.));
#4822=CARTESIAN_POINT('',(-0.000902904373671701,-0.000342904373671702,0.));
#4823=CARTESIAN_POINT('',(-0.00112,-0.00014,-0.00085));
#4824=CARTESIAN_POINT('',(-0.00112,-0.00014,-0.00085));
#4825=CARTESIAN_POINT('',(-0.0016,-0.0002,0.));
#4826=CARTESIAN_POINT('',(-0.00144,-0.00018,0.));
#4827=CARTESIAN_POINT('',(-0.00112,-0.00014,-0.00085));
#4828=CARTESIAN_POINT('',(-0.00112,0.00014,-0.00085));
#4829=CARTESIAN_POINT('',(-0.0016,0.0002,0.));
#4830=CARTESIAN_POINT('',(-0.0016,-0.0001,0.));
#4831=CARTESIAN_POINT('',(-0.00112,0.00014,-0.00085));
#4832=CARTESIAN_POINT('',(-0.000896,0.000112,-0.00085));
#4833=CARTESIAN_POINT('',(-0.00128,0.00016,0.));
#4834=CARTESIAN_POINT('',(-0.00144,0.00018,0.));
#4835=CARTESIAN_POINT('',(-0.000896,0.000112,-0.00085));
#4836=CARTESIAN_POINT('',(-0.000368066123140381,0.000368066123140382,-0.00085));
#4837=CARTESIAN_POINT('',(-0.000525808747343402,0.000525808747343403,0.));
#4838=CARTESIAN_POINT('',(-0.000902904373671701,0.000342904373671702,0.));
#4839=CARTESIAN_POINT('',(-0.000112,0.000896,-0.00085));
#4840=CARTESIAN_POINT('',(-0.000112,0.000896,-0.00085));
#4841=CARTESIAN_POINT('',(-0.00016,0.00128,0.));
#4842=CARTESIAN_POINT('',(-0.000342904373671701,0.000902904373671702,0.));
#4843=CARTESIAN_POINT('',(-0.00014,0.00112,-0.00085));
#4844=CARTESIAN_POINT('',(-0.00014,0.00112,-0.00085));
#4845=CARTESIAN_POINT('',(-0.0002,0.0016,0.));
#4846=CARTESIAN_POINT('',(-0.00018,0.00144,0.));
#4847=CARTESIAN_POINT('',(-0.00014,0.00112,-0.00085));
#4848=CARTESIAN_POINT('',(0.00014,0.00112,-0.00085));
#4849=CARTESIAN_POINT('',(0.0002,0.0016,0.));
#4850=CARTESIAN_POINT('',(-0.0001,0.0016,0.));
#4851=CARTESIAN_POINT('',(0.00014,0.00112,-0.00085));
#4852=CARTESIAN_POINT('',(0.000112,0.000896,-0.00085));
#4853=CARTESIAN_POINT('',(0.00016,0.00128,0.));
#4854=CARTESIAN_POINT('',(0.00018,0.00144,0.));
#4855=CARTESIAN_POINT('',(0.000112,0.000896,-0.00085));
#4856=CARTESIAN_POINT('',(0.000368066123140381,0.000368066123140382,-0.00085));
#4857=CARTESIAN_POINT('',(0.000525808747343402,0.000525808747343403,0.));
#4858=CARTESIAN_POINT('',(0.000342904373671701,0.000902904373671702,0.));
#4859=CARTESIAN_POINT('',(0.000896,0.000112,-0.00085));
#4860=CARTESIAN_POINT('',(0.000896,0.000112,-0.00085));
#4861=CARTESIAN_POINT('',(0.00128,0.00016,0.));
#4862=CARTESIAN_POINT('',(0.000902904373671701,0.000342904373671702,0.));
#4863=CARTESIAN_POINT('',(0.00112,0.00014,-0.00085));
#4864=CARTESIAN_POINT('',(0.00112,0.00014,-0.00085));
#4865=CARTESIAN_POINT('',(0.0016,0.0002,0.));
#4866=CARTESIAN_POINT('',(0.00144,0.00018,0.));
#4867=CARTESIAN_POINT('',(0.00112,0.00014,-0.00085));
#4868=CARTESIAN_POINT('',(0.00112,-0.00014,-0.00085));
#4869=CARTESIAN_POINT('',(0.0016,-0.0002,0.));
#4870=CARTESIAN_POINT('',(0.0016,0.0001,0.));
#4871=CARTESIAN_POINT('',(0.00112,-0.00014,-0.00085));
#4872=CARTESIAN_POINT('',(0.00144,-0.00018,0.));
#4873=CARTESIAN_POINT('',(0.,0.,-0.000395301530912739));
#4874=CARTESIAN_POINT('',(0.,0.,-0.00165));
#4875=CARTESIAN_POINT('',(-0.00149530153091274,0.,-0.00165));
#4876=CARTESIAN_POINT('',(0.,0.,-0.000395301530912739));
#4877=CARTESIAN_POINT('',(-0.00275,0.,-0.000395301530912739));
#4878=CARTESIAN_POINT('',(0.,0.,0.));
#4879=CARTESIAN_POINT('',(0.,0.,0.));
#4880=CARTESIAN_POINT('',(-0.00275,0.,0.));
#4881=CARTESIAN_POINT('',(0.,0.,0.));
#4882=CARTESIAN_POINT('',(0.,0.001437,-0.01));
#4883=CARTESIAN_POINT('',(0.,0.,-0.01));
#4884=CARTESIAN_POINT('',(0.,0.,-0.01));
#4885=CARTESIAN_POINT('',(0.,0.,-0.00218276027382699));
#4886=CARTESIAN_POINT('',(0.,0.,-0.00265));
#4887=CARTESIAN_POINT('',(-0.001437,0.,-0.00265));
#4888=CARTESIAN_POINT('',(0.,0.,0.));
#4889=CARTESIAN_POINT('',(0.,0.,-0.01075));
#4890=MECHANICAL_DESIGN_GEOMETRIC_PRESENTATION_REPRESENTATION('',(#860),
#4891);
#4891=(
GEOMETRIC_REPRESENTATION_CONTEXT(3)
GLOBAL_UNCERTAINTY_ASSIGNED_CONTEXT((#4892))
GLOBAL_UNIT_ASSIGNED_CONTEXT((#4895,#4894,#4893))
REPRESENTATION_CONTEXT('screw_chassis_countersunk_M3x10',
'TOP_LEVEL_ASSEMBLY_PART')
);
#4892=UNCERTAINTY_MEASURE_WITH_UNIT(LENGTH_MEASURE(5.E-6),#4895,
'DISTANCE_ACCURACY_VALUE','Maximum Tolerance applied to model');
#4893=(
NAMED_UNIT(*)
SI_UNIT($,.STERADIAN.)
SOLID_ANGLE_UNIT()
);
#4894=(
NAMED_UNIT(*)
PLANE_ANGLE_UNIT()
SI_UNIT($,.RADIAN.)
);
#4895=(
LENGTH_UNIT()
NAMED_UNIT(*)
SI_UNIT($,.METRE.)
);
#4896=PRODUCT_DEFINITION_SHAPE('','',#4897);
#4897=PRODUCT_DEFINITION('','',#4899,#4898);
#4898=PRODUCT_DEFINITION_CONTEXT('',#4905,'design');
#4899=PRODUCT_DEFINITION_FORMATION_WITH_SPECIFIED_SOURCE('','',#4901,
 .NOT_KNOWN.);
#4900=PRODUCT_RELATED_PRODUCT_CATEGORY('','',(#4901));
#4901=PRODUCT('screw_chassis_countersunk_M3x10',
'screw_chassis_countersunk_M3x10','screw_chassis_countersunk_M3x10',(#4903));
#4902=PRODUCT_CATEGORY('','');
#4903=PRODUCT_CONTEXT('',#4905,'mechanical');
#4904=APPLICATION_PROTOCOL_DEFINITION('international standard',
'automotive_design',2010,#4905);
#4905=APPLICATION_CONTEXT(
'core data for automotive mechanical design processes');
ENDSEC;
END-ISO-10303-21;
