ISO-10303-21;
HEADER;
/* Generated by software containing ST-Developer
 * from STEP Tools, Inc. (www.steptools.com) 
 */
/* OPTION: using custom renumber hook */

FILE_DESCRIPTION(
/* description */ ('STEP AP214'),
/* implementation_level */ '2;1');

FILE_NAME(
/* name */ '654cf5847f9aa566be1721a2',
/* time_stamp */ '2023-11-09T15:06:45Z',
/* author */ (''),
/* organization */ (''),
/* preprocessor_version */ 'ST-DEVELOPER v19.4',
/* originating_system */ '  ',
/* authorisation */ '  ');

FILE_SCHEMA (('AUTOMOTIVE_DESIGN {1 0 10303 214 3 1 1}'));
ENDSEC;

DATA;
#10=PROPERTY_DEFINITION_REPRESENTATION(#14,#12);
#11=PROPERTY_DEFINITION_REPRESENTATION(#15,#13);
#12=REPRESENTATION('',(#16),#5848);
#13=REPRESENTATION('',(#17),#5848);
#14=PROPERTY_DEFINITION('pmi validation property','',#5853);
#15=PROPERTY_DEFINITION('pmi validation property','',#5853);
#16=VALUE_REPRESENTATION_ITEM('number of annotations',COUNT_MEASURE(0.));
#17=VALUE_REPRESENTATION_ITEM('number of views',COUNT_MEASURE(0.));
#18=SHAPE_REPRESENTATION_RELATIONSHIP('','',#942,#19);
#19=ADVANCED_BREP_SHAPE_REPRESENTATION('',(#940),#5848);
#20=SPHERICAL_SURFACE('',#1000,0.005);
#21=CYLINDRICAL_SURFACE('',#992,0.00135975);
#22=CYLINDRICAL_SURFACE('',#995,0.0028);
#23=CYLINDRICAL_SURFACE('',#1001,0.001437);
#24=CYLINDRICAL_SURFACE('',#1002,0.001187);
#25=CONICAL_SURFACE('',#989,0.00135975,0.299693086680254);
#26=CIRCLE('',#946,0.00135975);
#27=CIRCLE('',#947,0.00145975);
#28=CIRCLE('',#950,0.00499682227153288);
#29=CIRCLE('',#952,0.00480636282395593);
#30=CIRCLE('',#954,0.00497132100830927);
#31=CIRCLE('',#956,0.00497132100830927);
#32=CIRCLE('',#958,0.00499682227153288);
#33=CIRCLE('',#960,0.00480636282395593);
#34=CIRCLE('',#962,0.00499682227153288);
#35=CIRCLE('',#964,0.00497132100830927);
#36=CIRCLE('',#966,0.00497132100830927);
#37=CIRCLE('',#968,0.00499682227153288);
#38=CIRCLE('',#970,0.00480636282395593);
#39=CIRCLE('',#972,0.00499682227153288);
#40=CIRCLE('',#974,0.00497132100830927);
#41=CIRCLE('',#976,0.00497132100830927);
#42=CIRCLE('',#978,0.00499682227153288);
#43=CIRCLE('',#980,0.00480636282395593);
#44=CIRCLE('',#982,0.00499682227153288);
#45=CIRCLE('',#984,0.00497132100830927);
#46=CIRCLE('',#986,0.00497132100830927);
#47=CIRCLE('',#988,0.00499682227153288);
#48=CIRCLE('',#990,0.00135975);
#49=CIRCLE('',#991,0.001437);
#50=CIRCLE('',#994,0.0028);
#51=CIRCLE('',#996,0.0028);
#52=CIRCLE('',#998,0.001437);
#53=CIRCLE('',#999,0.001187);
#54=TOROIDAL_SURFACE('',#945,0.00145975,0.0001);
#55=PLANE('',#944);
#56=PLANE('',#948);
#57=PLANE('',#949);
#58=PLANE('',#951);
#59=PLANE('',#953);
#60=PLANE('',#955);
#61=PLANE('',#957);
#62=PLANE('',#959);
#63=PLANE('',#961);
#64=PLANE('',#963);
#65=PLANE('',#965);
#66=PLANE('',#967);
#67=PLANE('',#969);
#68=PLANE('',#971);
#69=PLANE('',#973);
#70=PLANE('',#975);
#71=PLANE('',#977);
#72=PLANE('',#979);
#73=PLANE('',#981);
#74=PLANE('',#983);
#75=PLANE('',#985);
#76=PLANE('',#987);
#77=PLANE('',#993);
#78=PLANE('',#997);
#79=LINE('',#2419,#123);
#80=LINE('',#3738,#124);
#81=LINE('',#5701,#125);
#82=LINE('',#5702,#126);
#83=LINE('',#5709,#127);
#84=LINE('',#5712,#128);
#85=LINE('',#5714,#129);
#86=LINE('',#5716,#130);
#87=LINE('',#5718,#131);
#88=LINE('',#5720,#132);
#89=LINE('',#5722,#133);
#90=LINE('',#5724,#134);
#91=LINE('',#5726,#135);
#92=LINE('',#5728,#136);
#93=LINE('',#5730,#137);
#94=LINE('',#5732,#138);
#95=LINE('',#5734,#139);
#96=LINE('',#5736,#140);
#97=LINE('',#5738,#141);
#98=LINE('',#5740,#142);
#99=LINE('',#5742,#143);
#100=LINE('',#5744,#144);
#101=LINE('',#5746,#145);
#102=LINE('',#5748,#146);
#103=LINE('',#5753,#147);
#104=LINE('',#5754,#148);
#105=LINE('',#5758,#149);
#106=LINE('',#5762,#150);
#107=LINE('',#5766,#151);
#108=LINE('',#5770,#152);
#109=LINE('',#5774,#153);
#110=LINE('',#5778,#154);
#111=LINE('',#5782,#155);
#112=LINE('',#5786,#156);
#113=LINE('',#5790,#157);
#114=LINE('',#5794,#158);
#115=LINE('',#5798,#159);
#116=LINE('',#5802,#160);
#117=LINE('',#5806,#161);
#118=LINE('',#5810,#162);
#119=LINE('',#5814,#163);
#120=LINE('',#5818,#164);
#121=LINE('',#5822,#165);
#122=LINE('',#5826,#166);
#123=VECTOR('',#1005,1.);
#124=VECTOR('',#1006,1.);
#125=VECTOR('',#1009,1.);
#126=VECTOR('',#1010,1.);
#127=VECTOR('',#1019,1.);
#128=VECTOR('',#1020,1.);
#129=VECTOR('',#1021,1.);
#130=VECTOR('',#1022,1.);
#131=VECTOR('',#1023,1.);
#132=VECTOR('',#1024,1.);
#133=VECTOR('',#1025,1.);
#134=VECTOR('',#1026,1.);
#135=VECTOR('',#1027,1.);
#136=VECTOR('',#1028,1.);
#137=VECTOR('',#1029,1.);
#138=VECTOR('',#1030,1.);
#139=VECTOR('',#1031,1.);
#140=VECTOR('',#1032,1.);
#141=VECTOR('',#1033,1.);
#142=VECTOR('',#1034,1.);
#143=VECTOR('',#1035,1.);
#144=VECTOR('',#1036,1.);
#145=VECTOR('',#1037,1.);
#146=VECTOR('',#1038,1.);
#147=VECTOR('',#1043,1.);
#148=VECTOR('',#1044,1.);
#149=VECTOR('',#1049,1.);
#150=VECTOR('',#1054,1.);
#151=VECTOR('',#1059,1.);
#152=VECTOR('',#1064,1.);
#153=VECTOR('',#1069,1.);
#154=VECTOR('',#1074,1.);
#155=VECTOR('',#1079,1.);
#156=VECTOR('',#1084,1.);
#157=VECTOR('',#1089,1.);
#158=VECTOR('',#1094,1.);
#159=VECTOR('',#1099,1.);
#160=VECTOR('',#1104,1.);
#161=VECTOR('',#1109,1.);
#162=VECTOR('',#1114,1.);
#163=VECTOR('',#1119,1.);
#164=VECTOR('',#1124,1.);
#165=VECTOR('',#1129,1.);
#166=VECTOR('',#1134,1.);
#167=ORIENTED_EDGE('',*,*,#465,.T.);
#168=ORIENTED_EDGE('',*,*,#466,.F.);
#169=ORIENTED_EDGE('',*,*,#467,.F.);
#170=ORIENTED_EDGE('',*,*,#468,.F.);
#171=ORIENTED_EDGE('',*,*,#469,.F.);
#172=ORIENTED_EDGE('',*,*,#470,.F.);
#173=ORIENTED_EDGE('',*,*,#471,.F.);
#174=ORIENTED_EDGE('',*,*,#472,.F.);
#175=ORIENTED_EDGE('',*,*,#473,.F.);
#176=ORIENTED_EDGE('',*,*,#474,.F.);
#177=ORIENTED_EDGE('',*,*,#475,.F.);
#178=ORIENTED_EDGE('',*,*,#476,.F.);
#179=ORIENTED_EDGE('',*,*,#477,.F.);
#180=ORIENTED_EDGE('',*,*,#478,.F.);
#181=ORIENTED_EDGE('',*,*,#479,.F.);
#182=ORIENTED_EDGE('',*,*,#480,.F.);
#183=ORIENTED_EDGE('',*,*,#481,.F.);
#184=ORIENTED_EDGE('',*,*,#482,.F.);
#185=ORIENTED_EDGE('',*,*,#483,.F.);
#186=ORIENTED_EDGE('',*,*,#484,.F.);
#187=ORIENTED_EDGE('',*,*,#485,.T.);
#188=ORIENTED_EDGE('',*,*,#486,.F.);
#189=ORIENTED_EDGE('',*,*,#487,.F.);
#190=ORIENTED_EDGE('',*,*,#488,.F.);
#191=ORIENTED_EDGE('',*,*,#489,.F.);
#192=ORIENTED_EDGE('',*,*,#490,.F.);
#193=ORIENTED_EDGE('',*,*,#491,.F.);
#194=ORIENTED_EDGE('',*,*,#492,.F.);
#195=ORIENTED_EDGE('',*,*,#493,.F.);
#196=ORIENTED_EDGE('',*,*,#494,.F.);
#197=ORIENTED_EDGE('',*,*,#495,.F.);
#198=ORIENTED_EDGE('',*,*,#496,.F.);
#199=ORIENTED_EDGE('',*,*,#497,.F.);
#200=ORIENTED_EDGE('',*,*,#498,.F.);
#201=ORIENTED_EDGE('',*,*,#499,.F.);
#202=ORIENTED_EDGE('',*,*,#500,.F.);
#203=ORIENTED_EDGE('',*,*,#501,.F.);
#204=ORIENTED_EDGE('',*,*,#502,.F.);
#205=ORIENTED_EDGE('',*,*,#503,.F.);
#206=ORIENTED_EDGE('',*,*,#504,.F.);
#207=ORIENTED_EDGE('',*,*,#505,.T.);
#208=ORIENTED_EDGE('',*,*,#506,.F.);
#209=ORIENTED_EDGE('',*,*,#507,.F.);
#210=ORIENTED_EDGE('',*,*,#508,.F.);
#211=ORIENTED_EDGE('',*,*,#509,.F.);
#212=ORIENTED_EDGE('',*,*,#510,.F.);
#213=ORIENTED_EDGE('',*,*,#511,.F.);
#214=ORIENTED_EDGE('',*,*,#512,.F.);
#215=ORIENTED_EDGE('',*,*,#513,.F.);
#216=ORIENTED_EDGE('',*,*,#514,.F.);
#217=ORIENTED_EDGE('',*,*,#515,.F.);
#218=ORIENTED_EDGE('',*,*,#516,.F.);
#219=ORIENTED_EDGE('',*,*,#517,.F.);
#220=ORIENTED_EDGE('',*,*,#518,.F.);
#221=ORIENTED_EDGE('',*,*,#519,.F.);
#222=ORIENTED_EDGE('',*,*,#520,.F.);
#223=ORIENTED_EDGE('',*,*,#521,.F.);
#224=ORIENTED_EDGE('',*,*,#522,.F.);
#225=ORIENTED_EDGE('',*,*,#523,.F.);
#226=ORIENTED_EDGE('',*,*,#524,.F.);
#227=ORIENTED_EDGE('',*,*,#525,.T.);
#228=ORIENTED_EDGE('',*,*,#526,.F.);
#229=ORIENTED_EDGE('',*,*,#527,.F.);
#230=ORIENTED_EDGE('',*,*,#528,.F.);
#231=ORIENTED_EDGE('',*,*,#529,.F.);
#232=ORIENTED_EDGE('',*,*,#530,.F.);
#233=ORIENTED_EDGE('',*,*,#531,.F.);
#234=ORIENTED_EDGE('',*,*,#532,.F.);
#235=ORIENTED_EDGE('',*,*,#533,.F.);
#236=ORIENTED_EDGE('',*,*,#534,.F.);
#237=ORIENTED_EDGE('',*,*,#535,.F.);
#238=ORIENTED_EDGE('',*,*,#536,.F.);
#239=ORIENTED_EDGE('',*,*,#537,.F.);
#240=ORIENTED_EDGE('',*,*,#538,.F.);
#241=ORIENTED_EDGE('',*,*,#539,.F.);
#242=ORIENTED_EDGE('',*,*,#540,.F.);
#243=ORIENTED_EDGE('',*,*,#541,.F.);
#244=ORIENTED_EDGE('',*,*,#542,.F.);
#245=ORIENTED_EDGE('',*,*,#543,.F.);
#246=ORIENTED_EDGE('',*,*,#544,.T.);
#247=ORIENTED_EDGE('',*,*,#485,.F.);
#248=ORIENTED_EDGE('',*,*,#545,.T.);
#249=ORIENTED_EDGE('',*,*,#505,.F.);
#250=ORIENTED_EDGE('',*,*,#546,.F.);
#251=ORIENTED_EDGE('',*,*,#547,.F.);
#252=ORIENTED_EDGE('',*,*,#548,.T.);
#253=ORIENTED_EDGE('',*,*,#549,.T.);
#254=ORIENTED_EDGE('',*,*,#550,.T.);
#255=ORIENTED_EDGE('',*,*,#551,.T.);
#256=ORIENTED_EDGE('',*,*,#552,.T.);
#257=ORIENTED_EDGE('',*,*,#553,.T.);
#258=ORIENTED_EDGE('',*,*,#554,.T.);
#259=ORIENTED_EDGE('',*,*,#555,.T.);
#260=ORIENTED_EDGE('',*,*,#556,.T.);
#261=ORIENTED_EDGE('',*,*,#557,.T.);
#262=ORIENTED_EDGE('',*,*,#558,.T.);
#263=ORIENTED_EDGE('',*,*,#559,.T.);
#264=ORIENTED_EDGE('',*,*,#560,.T.);
#265=ORIENTED_EDGE('',*,*,#561,.T.);
#266=ORIENTED_EDGE('',*,*,#562,.T.);
#267=ORIENTED_EDGE('',*,*,#563,.T.);
#268=ORIENTED_EDGE('',*,*,#564,.T.);
#269=ORIENTED_EDGE('',*,*,#565,.T.);
#270=ORIENTED_EDGE('',*,*,#566,.T.);
#271=ORIENTED_EDGE('',*,*,#567,.T.);
#272=ORIENTED_EDGE('',*,*,#568,.T.);
#273=ORIENTED_EDGE('',*,*,#569,.T.);
#274=ORIENTED_EDGE('',*,*,#549,.F.);
#275=ORIENTED_EDGE('',*,*,#570,.F.);
#276=ORIENTED_EDGE('',*,*,#571,.T.);
#277=ORIENTED_EDGE('',*,*,#570,.T.);
#278=ORIENTED_EDGE('',*,*,#548,.F.);
#279=ORIENTED_EDGE('',*,*,#572,.F.);
#280=ORIENTED_EDGE('',*,*,#573,.T.);
#281=ORIENTED_EDGE('',*,*,#574,.T.);
#282=ORIENTED_EDGE('',*,*,#550,.F.);
#283=ORIENTED_EDGE('',*,*,#569,.F.);
#284=ORIENTED_EDGE('',*,*,#575,.T.);
#285=ORIENTED_EDGE('',*,*,#576,.T.);
#286=ORIENTED_EDGE('',*,*,#551,.F.);
#287=ORIENTED_EDGE('',*,*,#574,.F.);
#288=ORIENTED_EDGE('',*,*,#577,.T.);
#289=ORIENTED_EDGE('',*,*,#578,.T.);
#290=ORIENTED_EDGE('',*,*,#552,.F.);
#291=ORIENTED_EDGE('',*,*,#576,.F.);
#292=ORIENTED_EDGE('',*,*,#579,.T.);
#293=ORIENTED_EDGE('',*,*,#580,.T.);
#294=ORIENTED_EDGE('',*,*,#553,.F.);
#295=ORIENTED_EDGE('',*,*,#578,.F.);
#296=ORIENTED_EDGE('',*,*,#581,.T.);
#297=ORIENTED_EDGE('',*,*,#582,.T.);
#298=ORIENTED_EDGE('',*,*,#554,.F.);
#299=ORIENTED_EDGE('',*,*,#580,.F.);
#300=ORIENTED_EDGE('',*,*,#583,.T.);
#301=ORIENTED_EDGE('',*,*,#584,.T.);
#302=ORIENTED_EDGE('',*,*,#555,.F.);
#303=ORIENTED_EDGE('',*,*,#582,.F.);
#304=ORIENTED_EDGE('',*,*,#585,.T.);
#305=ORIENTED_EDGE('',*,*,#586,.T.);
#306=ORIENTED_EDGE('',*,*,#556,.F.);
#307=ORIENTED_EDGE('',*,*,#584,.F.);
#308=ORIENTED_EDGE('',*,*,#587,.T.);
#309=ORIENTED_EDGE('',*,*,#588,.T.);
#310=ORIENTED_EDGE('',*,*,#557,.F.);
#311=ORIENTED_EDGE('',*,*,#586,.F.);
#312=ORIENTED_EDGE('',*,*,#589,.T.);
#313=ORIENTED_EDGE('',*,*,#590,.T.);
#314=ORIENTED_EDGE('',*,*,#558,.F.);
#315=ORIENTED_EDGE('',*,*,#588,.F.);
#316=ORIENTED_EDGE('',*,*,#591,.T.);
#317=ORIENTED_EDGE('',*,*,#592,.T.);
#318=ORIENTED_EDGE('',*,*,#559,.F.);
#319=ORIENTED_EDGE('',*,*,#590,.F.);
#320=ORIENTED_EDGE('',*,*,#593,.T.);
#321=ORIENTED_EDGE('',*,*,#594,.T.);
#322=ORIENTED_EDGE('',*,*,#560,.F.);
#323=ORIENTED_EDGE('',*,*,#592,.F.);
#324=ORIENTED_EDGE('',*,*,#595,.T.);
#325=ORIENTED_EDGE('',*,*,#596,.T.);
#326=ORIENTED_EDGE('',*,*,#561,.F.);
#327=ORIENTED_EDGE('',*,*,#594,.F.);
#328=ORIENTED_EDGE('',*,*,#597,.T.);
#329=ORIENTED_EDGE('',*,*,#598,.T.);
#330=ORIENTED_EDGE('',*,*,#562,.F.);
#331=ORIENTED_EDGE('',*,*,#596,.F.);
#332=ORIENTED_EDGE('',*,*,#599,.T.);
#333=ORIENTED_EDGE('',*,*,#600,.T.);
#334=ORIENTED_EDGE('',*,*,#563,.F.);
#335=ORIENTED_EDGE('',*,*,#598,.F.);
#336=ORIENTED_EDGE('',*,*,#601,.T.);
#337=ORIENTED_EDGE('',*,*,#602,.T.);
#338=ORIENTED_EDGE('',*,*,#564,.F.);
#339=ORIENTED_EDGE('',*,*,#600,.F.);
#340=ORIENTED_EDGE('',*,*,#603,.T.);
#341=ORIENTED_EDGE('',*,*,#604,.T.);
#342=ORIENTED_EDGE('',*,*,#565,.F.);
#343=ORIENTED_EDGE('',*,*,#602,.F.);
#344=ORIENTED_EDGE('',*,*,#605,.T.);
#345=ORIENTED_EDGE('',*,*,#606,.T.);
#346=ORIENTED_EDGE('',*,*,#566,.F.);
#347=ORIENTED_EDGE('',*,*,#604,.F.);
#348=ORIENTED_EDGE('',*,*,#607,.T.);
#349=ORIENTED_EDGE('',*,*,#572,.T.);
#350=ORIENTED_EDGE('',*,*,#567,.F.);
#351=ORIENTED_EDGE('',*,*,#606,.F.);
#352=ORIENTED_EDGE('',*,*,#608,.T.);
#353=ORIENTED_EDGE('',*,*,#609,.F.);
#354=ORIENTED_EDGE('',*,*,#546,.T.);
#355=ORIENTED_EDGE('',*,*,#608,.F.);
#356=ORIENTED_EDGE('',*,*,#547,.T.);
#357=ORIENTED_EDGE('',*,*,#610,.T.);
#358=ORIENTED_EDGE('',*,*,#611,.T.);
#359=ORIENTED_EDGE('',*,*,#610,.F.);
#360=ORIENTED_EDGE('',*,*,#612,.T.);
#361=ORIENTED_EDGE('',*,*,#525,.F.);
#362=ORIENTED_EDGE('',*,*,#613,.T.);
#363=ORIENTED_EDGE('',*,*,#465,.F.);
#364=ORIENTED_EDGE('',*,*,#601,.F.);
#365=ORIENTED_EDGE('',*,*,#599,.F.);
#366=ORIENTED_EDGE('',*,*,#597,.F.);
#367=ORIENTED_EDGE('',*,*,#595,.F.);
#368=ORIENTED_EDGE('',*,*,#593,.F.);
#369=ORIENTED_EDGE('',*,*,#591,.F.);
#370=ORIENTED_EDGE('',*,*,#589,.F.);
#371=ORIENTED_EDGE('',*,*,#587,.F.);
#372=ORIENTED_EDGE('',*,*,#585,.F.);
#373=ORIENTED_EDGE('',*,*,#583,.F.);
#374=ORIENTED_EDGE('',*,*,#581,.F.);
#375=ORIENTED_EDGE('',*,*,#579,.F.);
#376=ORIENTED_EDGE('',*,*,#577,.F.);
#377=ORIENTED_EDGE('',*,*,#575,.F.);
#378=ORIENTED_EDGE('',*,*,#573,.F.);
#379=ORIENTED_EDGE('',*,*,#568,.F.);
#380=ORIENTED_EDGE('',*,*,#571,.F.);
#381=ORIENTED_EDGE('',*,*,#607,.F.);
#382=ORIENTED_EDGE('',*,*,#605,.F.);
#383=ORIENTED_EDGE('',*,*,#603,.F.);
#384=ORIENTED_EDGE('',*,*,#611,.F.);
#385=ORIENTED_EDGE('',*,*,#609,.T.);
#386=ORIENTED_EDGE('',*,*,#543,.T.);
#387=ORIENTED_EDGE('',*,*,#542,.T.);
#388=ORIENTED_EDGE('',*,*,#541,.T.);
#389=ORIENTED_EDGE('',*,*,#540,.T.);
#390=ORIENTED_EDGE('',*,*,#539,.T.);
#391=ORIENTED_EDGE('',*,*,#538,.T.);
#392=ORIENTED_EDGE('',*,*,#537,.T.);
#393=ORIENTED_EDGE('',*,*,#536,.T.);
#394=ORIENTED_EDGE('',*,*,#535,.T.);
#395=ORIENTED_EDGE('',*,*,#534,.T.);
#396=ORIENTED_EDGE('',*,*,#533,.T.);
#397=ORIENTED_EDGE('',*,*,#532,.T.);
#398=ORIENTED_EDGE('',*,*,#531,.T.);
#399=ORIENTED_EDGE('',*,*,#530,.T.);
#400=ORIENTED_EDGE('',*,*,#529,.T.);
#401=ORIENTED_EDGE('',*,*,#528,.T.);
#402=ORIENTED_EDGE('',*,*,#527,.T.);
#403=ORIENTED_EDGE('',*,*,#526,.T.);
#404=ORIENTED_EDGE('',*,*,#612,.F.);
#405=ORIENTED_EDGE('',*,*,#504,.T.);
#406=ORIENTED_EDGE('',*,*,#503,.T.);
#407=ORIENTED_EDGE('',*,*,#502,.T.);
#408=ORIENTED_EDGE('',*,*,#501,.T.);
#409=ORIENTED_EDGE('',*,*,#500,.T.);
#410=ORIENTED_EDGE('',*,*,#499,.T.);
#411=ORIENTED_EDGE('',*,*,#498,.T.);
#412=ORIENTED_EDGE('',*,*,#497,.T.);
#413=ORIENTED_EDGE('',*,*,#496,.T.);
#414=ORIENTED_EDGE('',*,*,#495,.T.);
#415=ORIENTED_EDGE('',*,*,#494,.T.);
#416=ORIENTED_EDGE('',*,*,#493,.T.);
#417=ORIENTED_EDGE('',*,*,#492,.T.);
#418=ORIENTED_EDGE('',*,*,#491,.T.);
#419=ORIENTED_EDGE('',*,*,#490,.T.);
#420=ORIENTED_EDGE('',*,*,#489,.T.);
#421=ORIENTED_EDGE('',*,*,#488,.T.);
#422=ORIENTED_EDGE('',*,*,#487,.T.);
#423=ORIENTED_EDGE('',*,*,#486,.T.);
#424=ORIENTED_EDGE('',*,*,#544,.F.);
#425=ORIENTED_EDGE('',*,*,#524,.T.);
#426=ORIENTED_EDGE('',*,*,#523,.T.);
#427=ORIENTED_EDGE('',*,*,#522,.T.);
#428=ORIENTED_EDGE('',*,*,#521,.T.);
#429=ORIENTED_EDGE('',*,*,#520,.T.);
#430=ORIENTED_EDGE('',*,*,#519,.T.);
#431=ORIENTED_EDGE('',*,*,#518,.T.);
#432=ORIENTED_EDGE('',*,*,#517,.T.);
#433=ORIENTED_EDGE('',*,*,#516,.T.);
#434=ORIENTED_EDGE('',*,*,#515,.T.);
#435=ORIENTED_EDGE('',*,*,#514,.T.);
#436=ORIENTED_EDGE('',*,*,#513,.T.);
#437=ORIENTED_EDGE('',*,*,#512,.T.);
#438=ORIENTED_EDGE('',*,*,#511,.T.);
#439=ORIENTED_EDGE('',*,*,#510,.T.);
#440=ORIENTED_EDGE('',*,*,#509,.T.);
#441=ORIENTED_EDGE('',*,*,#508,.T.);
#442=ORIENTED_EDGE('',*,*,#507,.T.);
#443=ORIENTED_EDGE('',*,*,#506,.T.);
#444=ORIENTED_EDGE('',*,*,#545,.F.);
#445=ORIENTED_EDGE('',*,*,#484,.T.);
#446=ORIENTED_EDGE('',*,*,#483,.T.);
#447=ORIENTED_EDGE('',*,*,#482,.T.);
#448=ORIENTED_EDGE('',*,*,#481,.T.);
#449=ORIENTED_EDGE('',*,*,#480,.T.);
#450=ORIENTED_EDGE('',*,*,#479,.T.);
#451=ORIENTED_EDGE('',*,*,#478,.T.);
#452=ORIENTED_EDGE('',*,*,#477,.T.);
#453=ORIENTED_EDGE('',*,*,#476,.T.);
#454=ORIENTED_EDGE('',*,*,#475,.T.);
#455=ORIENTED_EDGE('',*,*,#474,.T.);
#456=ORIENTED_EDGE('',*,*,#473,.T.);
#457=ORIENTED_EDGE('',*,*,#472,.T.);
#458=ORIENTED_EDGE('',*,*,#471,.T.);
#459=ORIENTED_EDGE('',*,*,#470,.T.);
#460=ORIENTED_EDGE('',*,*,#469,.T.);
#461=ORIENTED_EDGE('',*,*,#468,.T.);
#462=ORIENTED_EDGE('',*,*,#467,.T.);
#463=ORIENTED_EDGE('',*,*,#466,.T.);
#464=ORIENTED_EDGE('',*,*,#613,.F.);
#465=EDGE_CURVE('',#614,#615,#739,.T.);
#466=EDGE_CURVE('',#616,#615,#740,.T.);
#467=EDGE_CURVE('',#617,#616,#741,.T.);
#468=EDGE_CURVE('',#618,#617,#742,.T.);
#469=EDGE_CURVE('',#619,#618,#743,.T.);
#470=EDGE_CURVE('',#620,#619,#744,.T.);
#471=EDGE_CURVE('',#621,#620,#745,.T.);
#472=EDGE_CURVE('',#622,#621,#746,.T.);
#473=EDGE_CURVE('',#623,#622,#747,.T.);
#474=EDGE_CURVE('',#624,#623,#748,.T.);
#475=EDGE_CURVE('',#625,#624,#749,.T.);
#476=EDGE_CURVE('',#626,#625,#750,.T.);
#477=EDGE_CURVE('',#627,#626,#751,.T.);
#478=EDGE_CURVE('',#628,#627,#752,.T.);
#479=EDGE_CURVE('',#629,#628,#753,.T.);
#480=EDGE_CURVE('',#630,#629,#754,.T.);
#481=EDGE_CURVE('',#631,#630,#755,.T.);
#482=EDGE_CURVE('',#632,#631,#756,.T.);
#483=EDGE_CURVE('',#633,#632,#757,.T.);
#484=EDGE_CURVE('',#634,#633,#758,.T.);
#485=EDGE_CURVE('',#634,#635,#79,.T.);
#486=EDGE_CURVE('',#636,#635,#759,.T.);
#487=EDGE_CURVE('',#637,#636,#760,.T.);
#488=EDGE_CURVE('',#638,#637,#761,.T.);
#489=EDGE_CURVE('',#639,#638,#762,.T.);
#490=EDGE_CURVE('',#640,#639,#763,.T.);
#491=EDGE_CURVE('',#641,#640,#764,.T.);
#492=EDGE_CURVE('',#642,#641,#765,.T.);
#493=EDGE_CURVE('',#643,#642,#766,.T.);
#494=EDGE_CURVE('',#644,#643,#767,.T.);
#495=EDGE_CURVE('',#645,#644,#768,.T.);
#496=EDGE_CURVE('',#646,#645,#769,.T.);
#497=EDGE_CURVE('',#647,#646,#770,.T.);
#498=EDGE_CURVE('',#648,#647,#771,.T.);
#499=EDGE_CURVE('',#649,#648,#772,.T.);
#500=EDGE_CURVE('',#650,#649,#773,.T.);
#501=EDGE_CURVE('',#651,#650,#774,.T.);
#502=EDGE_CURVE('',#652,#651,#775,.T.);
#503=EDGE_CURVE('',#653,#652,#776,.T.);
#504=EDGE_CURVE('',#614,#653,#777,.T.);
#505=EDGE_CURVE('',#654,#655,#80,.T.);
#506=EDGE_CURVE('',#656,#655,#778,.T.);
#507=EDGE_CURVE('',#657,#656,#779,.T.);
#508=EDGE_CURVE('',#658,#657,#780,.T.);
#509=EDGE_CURVE('',#659,#658,#781,.T.);
#510=EDGE_CURVE('',#660,#659,#782,.T.);
#511=EDGE_CURVE('',#661,#660,#783,.T.);
#512=EDGE_CURVE('',#662,#661,#784,.T.);
#513=EDGE_CURVE('',#663,#662,#785,.T.);
#514=EDGE_CURVE('',#664,#663,#786,.T.);
#515=EDGE_CURVE('',#665,#664,#787,.T.);
#516=EDGE_CURVE('',#666,#665,#788,.T.);
#517=EDGE_CURVE('',#667,#666,#789,.T.);
#518=EDGE_CURVE('',#668,#667,#790,.T.);
#519=EDGE_CURVE('',#669,#668,#791,.T.);
#520=EDGE_CURVE('',#670,#669,#792,.T.);
#521=EDGE_CURVE('',#671,#670,#793,.T.);
#522=EDGE_CURVE('',#672,#671,#794,.T.);
#523=EDGE_CURVE('',#673,#672,#795,.T.);
#524=EDGE_CURVE('',#674,#673,#796,.T.);
#525=EDGE_CURVE('',#674,#675,#797,.T.);
#526=EDGE_CURVE('',#676,#675,#798,.T.);
#527=EDGE_CURVE('',#677,#676,#799,.T.);
#528=EDGE_CURVE('',#678,#677,#800,.T.);
#529=EDGE_CURVE('',#679,#678,#801,.T.);
#530=EDGE_CURVE('',#680,#679,#802,.T.);
#531=EDGE_CURVE('',#681,#680,#803,.T.);
#532=EDGE_CURVE('',#682,#681,#804,.T.);
#533=EDGE_CURVE('',#683,#682,#805,.T.);
#534=EDGE_CURVE('',#684,#683,#806,.T.);
#535=EDGE_CURVE('',#685,#684,#807,.T.);
#536=EDGE_CURVE('',#686,#685,#808,.T.);
#537=EDGE_CURVE('',#687,#686,#809,.T.);
#538=EDGE_CURVE('',#688,#687,#810,.T.);
#539=EDGE_CURVE('',#689,#688,#811,.T.);
#540=EDGE_CURVE('',#690,#689,#812,.T.);
#541=EDGE_CURVE('',#691,#690,#813,.T.);
#542=EDGE_CURVE('',#692,#691,#814,.T.);
#543=EDGE_CURVE('',#654,#692,#815,.T.);
#544=EDGE_CURVE('',#654,#635,#81,.T.);
#545=EDGE_CURVE('',#634,#655,#82,.T.);
#546=EDGE_CURVE('',#693,#693,#26,.T.);
#547=EDGE_CURVE('',#694,#694,#27,.T.);
#548=EDGE_CURVE('',#695,#696,#83,.T.);
#549=EDGE_CURVE('',#696,#697,#84,.T.);
#550=EDGE_CURVE('',#697,#698,#85,.T.);
#551=EDGE_CURVE('',#698,#699,#86,.T.);
#552=EDGE_CURVE('',#699,#700,#87,.T.);
#553=EDGE_CURVE('',#700,#701,#88,.T.);
#554=EDGE_CURVE('',#701,#702,#89,.T.);
#555=EDGE_CURVE('',#702,#703,#90,.T.);
#556=EDGE_CURVE('',#703,#704,#91,.T.);
#557=EDGE_CURVE('',#704,#705,#92,.T.);
#558=EDGE_CURVE('',#705,#706,#93,.T.);
#559=EDGE_CURVE('',#706,#707,#94,.T.);
#560=EDGE_CURVE('',#707,#708,#95,.T.);
#561=EDGE_CURVE('',#708,#709,#96,.T.);
#562=EDGE_CURVE('',#709,#710,#97,.T.);
#563=EDGE_CURVE('',#710,#711,#98,.T.);
#564=EDGE_CURVE('',#711,#712,#99,.T.);
#565=EDGE_CURVE('',#712,#713,#100,.T.);
#566=EDGE_CURVE('',#713,#714,#101,.T.);
#567=EDGE_CURVE('',#714,#695,#102,.T.);
#568=EDGE_CURVE('',#715,#716,#28,.T.);
#569=EDGE_CURVE('',#716,#697,#103,.T.);
#570=EDGE_CURVE('',#715,#696,#104,.T.);
#571=EDGE_CURVE('',#717,#715,#29,.T.);
#572=EDGE_CURVE('',#717,#695,#105,.T.);
#573=EDGE_CURVE('',#716,#718,#30,.T.);
#574=EDGE_CURVE('',#718,#698,#106,.T.);
#575=EDGE_CURVE('',#718,#719,#31,.T.);
#576=EDGE_CURVE('',#719,#699,#107,.T.);
#577=EDGE_CURVE('',#719,#720,#32,.T.);
#578=EDGE_CURVE('',#720,#700,#108,.T.);
#579=EDGE_CURVE('',#720,#721,#33,.T.);
#580=EDGE_CURVE('',#721,#701,#109,.T.);
#581=EDGE_CURVE('',#721,#722,#34,.T.);
#582=EDGE_CURVE('',#722,#702,#110,.T.);
#583=EDGE_CURVE('',#722,#723,#35,.T.);
#584=EDGE_CURVE('',#723,#703,#111,.T.);
#585=EDGE_CURVE('',#723,#724,#36,.T.);
#586=EDGE_CURVE('',#724,#704,#112,.T.);
#587=EDGE_CURVE('',#724,#725,#37,.T.);
#588=EDGE_CURVE('',#725,#705,#113,.T.);
#589=EDGE_CURVE('',#725,#726,#38,.T.);
#590=EDGE_CURVE('',#726,#706,#114,.T.);
#591=EDGE_CURVE('',#726,#727,#39,.T.);
#592=EDGE_CURVE('',#727,#707,#115,.T.);
#593=EDGE_CURVE('',#727,#728,#40,.T.);
#594=EDGE_CURVE('',#728,#708,#116,.T.);
#595=EDGE_CURVE('',#728,#729,#41,.T.);
#596=EDGE_CURVE('',#729,#709,#117,.T.);
#597=EDGE_CURVE('',#729,#730,#42,.T.);
#598=EDGE_CURVE('',#730,#710,#118,.T.);
#599=EDGE_CURVE('',#730,#731,#43,.T.);
#600=EDGE_CURVE('',#731,#711,#119,.T.);
#601=EDGE_CURVE('',#731,#732,#44,.T.);
#602=EDGE_CURVE('',#732,#712,#120,.T.);
#603=EDGE_CURVE('',#732,#733,#45,.T.);
#604=EDGE_CURVE('',#733,#713,#121,.T.);
#605=EDGE_CURVE('',#733,#734,#46,.T.);
#606=EDGE_CURVE('',#734,#714,#122,.T.);
#607=EDGE_CURVE('',#734,#717,#47,.T.);
#608=EDGE_CURVE('',#735,#735,#48,.T.);
#609=EDGE_CURVE('',#736,#736,#49,.T.);
#610=EDGE_CURVE('',#737,#737,#50,.T.);
#611=EDGE_CURVE('',#738,#738,#51,.T.);
#612=EDGE_CURVE('',#614,#675,#52,.T.);
#613=EDGE_CURVE('',#674,#615,#53,.T.);
#614=VERTEX_POINT('',#1554);
#615=VERTEX_POINT('',#1555);
#616=VERTEX_POINT('',#1593);
#617=VERTEX_POINT('',#1646);
#618=VERTEX_POINT('',#1700);
#619=VERTEX_POINT('',#1748);
#620=VERTEX_POINT('',#1793);
#621=VERTEX_POINT('',#1833);
#622=VERTEX_POINT('',#1890);
#623=VERTEX_POINT('',#1939);
#624=VERTEX_POINT('',#1979);
#625=VERTEX_POINT('',#2028);
#626=VERTEX_POINT('',#2074);
#627=VERTEX_POINT('',#2118);
#628=VERTEX_POINT('',#2171);
#629=VERTEX_POINT('',#2224);
#630=VERTEX_POINT('',#2278);
#631=VERTEX_POINT('',#2328);
#632=VERTEX_POINT('',#2373);
#633=VERTEX_POINT('',#2413);
#634=VERTEX_POINT('',#2418);
#635=VERTEX_POINT('',#2420);
#636=VERTEX_POINT('',#2459);
#637=VERTEX_POINT('',#2513);
#638=VERTEX_POINT('',#2572);
#639=VERTEX_POINT('',#2632);
#640=VERTEX_POINT('',#2686);
#641=VERTEX_POINT('',#2742);
#642=VERTEX_POINT('',#2796);
#643=VERTEX_POINT('',#2855);
#644=VERTEX_POINT('',#2909);
#645=VERTEX_POINT('',#2963);
#646=VERTEX_POINT('',#3019);
#647=VERTEX_POINT('',#3082);
#648=VERTEX_POINT('',#3145);
#649=VERTEX_POINT('',#3199);
#650=VERTEX_POINT('',#3253);
#651=VERTEX_POINT('',#3312);
#652=VERTEX_POINT('',#3366);
#653=VERTEX_POINT('',#3426);
#654=VERTEX_POINT('',#3739);
#655=VERTEX_POINT('',#3740);
#656=VERTEX_POINT('',#3745);
#657=VERTEX_POINT('',#3791);
#658=VERTEX_POINT('',#3835);
#659=VERTEX_POINT('',#3886);
#660=VERTEX_POINT('',#3939);
#661=VERTEX_POINT('',#3993);
#662=VERTEX_POINT('',#4043);
#663=VERTEX_POINT('',#4088);
#664=VERTEX_POINT('',#4128);
#665=VERTEX_POINT('',#4183);
#666=VERTEX_POINT('',#4232);
#667=VERTEX_POINT('',#4272);
#668=VERTEX_POINT('',#4321);
#669=VERTEX_POINT('',#4367);
#670=VERTEX_POINT('',#4411);
#671=VERTEX_POINT('',#4462);
#672=VERTEX_POINT('',#4515);
#673=VERTEX_POINT('',#4569);
#674=VERTEX_POINT('',#4593);
#675=VERTEX_POINT('',#4682);
#676=VERTEX_POINT('',#4729);
#677=VERTEX_POINT('',#4789);
#678=VERTEX_POINT('',#4846);
#679=VERTEX_POINT('',#4904);
#680=VERTEX_POINT('',#4966);
#681=VERTEX_POINT('',#5023);
#682=VERTEX_POINT('',#5086);
#683=VERTEX_POINT('',#5137);
#684=VERTEX_POINT('',#5196);
#685=VERTEX_POINT('',#5258);
#686=VERTEX_POINT('',#5315);
#687=VERTEX_POINT('',#5372);
#688=VERTEX_POINT('',#5429);
#689=VERTEX_POINT('',#5488);
#690=VERTEX_POINT('',#5551);
#691=VERTEX_POINT('',#5614);
#692=VERTEX_POINT('',#5666);
#693=VERTEX_POINT('',#5705);
#694=VERTEX_POINT('',#5707);
#695=VERTEX_POINT('',#5710);
#696=VERTEX_POINT('',#5711);
#697=VERTEX_POINT('',#5713);
#698=VERTEX_POINT('',#5715);
#699=VERTEX_POINT('',#5717);
#700=VERTEX_POINT('',#5719);
#701=VERTEX_POINT('',#5721);
#702=VERTEX_POINT('',#5723);
#703=VERTEX_POINT('',#5725);
#704=VERTEX_POINT('',#5727);
#705=VERTEX_POINT('',#5729);
#706=VERTEX_POINT('',#5731);
#707=VERTEX_POINT('',#5733);
#708=VERTEX_POINT('',#5735);
#709=VERTEX_POINT('',#5737);
#710=VERTEX_POINT('',#5739);
#711=VERTEX_POINT('',#5741);
#712=VERTEX_POINT('',#5743);
#713=VERTEX_POINT('',#5745);
#714=VERTEX_POINT('',#5747);
#715=VERTEX_POINT('',#5751);
#716=VERTEX_POINT('',#5752);
#717=VERTEX_POINT('',#5757);
#718=VERTEX_POINT('',#5761);
#719=VERTEX_POINT('',#5765);
#720=VERTEX_POINT('',#5769);
#721=VERTEX_POINT('',#5773);
#722=VERTEX_POINT('',#5777);
#723=VERTEX_POINT('',#5781);
#724=VERTEX_POINT('',#5785);
#725=VERTEX_POINT('',#5789);
#726=VERTEX_POINT('',#5793);
#727=VERTEX_POINT('',#5797);
#728=VERTEX_POINT('',#5801);
#729=VERTEX_POINT('',#5805);
#730=VERTEX_POINT('',#5809);
#731=VERTEX_POINT('',#5813);
#732=VERTEX_POINT('',#5817);
#733=VERTEX_POINT('',#5821);
#734=VERTEX_POINT('',#5825);
#735=VERTEX_POINT('',#5831);
#736=VERTEX_POINT('',#5833);
#737=VERTEX_POINT('',#5837);
#738=VERTEX_POINT('',#5840);
#739=B_SPLINE_CURVE_WITH_KNOTS('',3,(#1466,#1467,#1468,#1469,#1470,#1471,
#1472,#1473,#1474,#1475,#1476,#1477,#1478,#1479,#1480,#1481,#1482,#1483,
#1484,#1485,#1486,#1487,#1488,#1489,#1490,#1491,#1492,#1493,#1494,#1495,
#1496,#1497,#1498,#1499,#1500,#1501,#1502,#1503,#1504,#1505,#1506,#1507,
#1508,#1509,#1510,#1511,#1512,#1513,#1514,#1515,#1516,#1517,#1518,#1519,
#1520,#1521,#1522,#1523,#1524,#1525,#1526,#1527,#1528,#1529,#1530,#1531,
#1532,#1533,#1534,#1535,#1536,#1537,#1538,#1539,#1540,#1541,#1542,#1543,
#1544,#1545,#1546,#1547,#1548,#1549,#1550,#1551,#1552,#1553),
 .UNSPECIFIED.,.F.,.F.,(4,3,3,3,3,3,3,3,3,3,3,3,3,3,3,3,3,3,3,3,3,3,3,3,
3,3,3,3,3,4),(0.,0.0581946522543597,0.115690715027394,0.131466408408538,
0.143652352747627,0.153960915903565,0.213288108298654,0.273644211820546,
0.311490299537416,0.333307607282748,0.343115059342107,0.401680777148312,
0.460268781905407,0.518340847730459,0.534673027890557,0.543652059789868,
0.576412913555511,0.630871026917083,0.686228687845889,0.708839204565436,
0.722097998867295,0.730788123318897,0.788368316286202,0.846836999401368,
0.881428041385693,0.899366232055368,0.907639493117966,0.9532918649445,0.985201167338669,
1.),.UNSPECIFIED.);
#740=B_SPLINE_CURVE_WITH_KNOTS('',3,(#1556,#1557,#1558,#1559,#1560,#1561,
#1562,#1563,#1564,#1565,#1566,#1567,#1568,#1569,#1570,#1571,#1572,#1573,
#1574,#1575,#1576,#1577,#1578,#1579,#1580,#1581,#1582,#1583,#1584,#1585,
#1586,#1587,#1588,#1589,#1590,#1591,#1592),.UNSPECIFIED.,.F.,.F.,(4,1,1,
1,1,1,1,1,1,1,1,1,1,1,1,1,1,1,1,1,1,1,1,1,1,1,1,1,1,1,1,1,1,1,4),(0.,0.03125,
0.0625,0.09375,0.125,0.15625,0.1875,0.21875,0.25,0.3125,0.34375,0.375,0.4375,
0.46875,0.5,0.53125,0.5625,0.59375,0.625,0.65625,0.6875,0.71875,0.734375,
0.75,0.765625,0.78125,0.8125,0.84375,0.875,0.90625,0.921875,0.9375,0.953125,
0.96875,1.),.UNSPECIFIED.);
#741=B_SPLINE_CURVE_WITH_KNOTS('',3,(#1594,#1595,#1596,#1597,#1598,#1599,
#1600,#1601,#1602,#1603,#1604,#1605,#1606,#1607,#1608,#1609,#1610,#1611,
#1612,#1613,#1614,#1615,#1616,#1617,#1618,#1619,#1620,#1621,#1622,#1623,
#1624,#1625,#1626,#1627,#1628,#1629,#1630,#1631,#1632,#1633,#1634,#1635,
#1636,#1637,#1638,#1639,#1640,#1641,#1642,#1643,#1644,#1645),
 .UNSPECIFIED.,.F.,.F.,(4,1,1,1,1,1,1,1,1,1,1,1,1,1,1,1,1,1,1,1,1,1,1,1,
1,1,1,1,1,1,1,1,1,1,1,1,1,1,1,1,1,1,1,1,1,1,1,1,1,4),(0.,0.03125,0.0625,
0.0703125,0.078125,0.09375,0.109375,0.125,0.1875,0.21875,0.234375,0.25,
0.265625,0.28125,0.296875,0.3125,0.34375,0.359375,0.375,0.390625,0.40625,
0.421875,0.4375,0.46875,0.484375,0.5,0.515625,0.53125,0.546875,0.5625,0.59375,
0.625,0.65625,0.671875,0.6875,0.703125,0.71875,0.734375,0.75,0.765625,0.78125,
0.796875,0.8125,0.84375,0.859375,0.875,0.890625,0.90625,0.9375,1.),
 .UNSPECIFIED.);
#742=B_SPLINE_CURVE_WITH_KNOTS('',3,(#1647,#1648,#1649,#1650,#1651,#1652,
#1653,#1654,#1655,#1656,#1657,#1658,#1659,#1660,#1661,#1662,#1663,#1664,
#1665,#1666,#1667,#1668,#1669,#1670,#1671,#1672,#1673,#1674,#1675,#1676,
#1677,#1678,#1679,#1680,#1681,#1682,#1683,#1684,#1685,#1686,#1687,#1688,
#1689,#1690,#1691,#1692,#1693,#1694,#1695,#1696,#1697,#1698,#1699),
 .UNSPECIFIED.,.F.,.F.,(4,1,1,1,1,1,1,1,1,1,1,1,1,1,1,1,1,1,1,1,1,1,1,1,
1,1,1,1,1,1,1,1,1,1,1,1,1,1,1,1,1,1,1,1,1,1,1,1,1,1,4),(0.,0.03125,0.0625,
0.0703125,0.078125,0.09375,0.109375,0.125,0.15625,0.1875,0.21875,0.234375,
0.25,0.265625,0.28125,0.296875,0.3125,0.34375,0.359375,0.375,0.390625,0.40625,
0.421875,0.4375,0.5,0.53125,0.5625,0.578125,0.59375,0.6015625,0.609375,
0.625,0.65625,0.671875,0.6875,0.71875,0.734375,0.75,0.765625,0.78125,0.796875,
0.8125,0.828125,0.84375,0.875,0.90625,0.921875,0.9375,0.953125,0.96875,
1.),.UNSPECIFIED.);
#743=B_SPLINE_CURVE_WITH_KNOTS('',3,(#1701,#1702,#1703,#1704,#1705,#1706,
#1707,#1708,#1709,#1710,#1711,#1712,#1713,#1714,#1715,#1716,#1717,#1718,
#1719,#1720,#1721,#1722,#1723,#1724,#1725,#1726,#1727,#1728,#1729,#1730,
#1731,#1732,#1733,#1734,#1735,#1736,#1737,#1738,#1739,#1740,#1741,#1742,
#1743,#1744,#1745,#1746,#1747),.UNSPECIFIED.,.F.,.F.,(4,1,1,1,1,1,1,1,1,
1,1,1,1,1,1,1,1,1,1,1,1,1,1,1,1,1,1,1,1,1,1,1,1,1,1,1,1,1,1,1,1,1,1,1,4),
(0.,0.03125,0.0625,0.0703125,0.078125,0.09375,0.109375,0.125,0.140625,0.15625,
0.1875,0.21875,0.25,0.28125,0.3125,0.34375,0.375,0.390625,0.40625,0.4375,
0.46875,0.5,0.53125,0.5625,0.578125,0.59375,0.625,0.65625,0.671875,0.6875,
0.703125,0.71875,0.734375,0.75,0.765625,0.78125,0.796875,0.8125,0.84375,
0.859375,0.875,0.890625,0.90625,0.9375,1.),.UNSPECIFIED.);
#744=B_SPLINE_CURVE_WITH_KNOTS('',3,(#1749,#1750,#1751,#1752,#1753,#1754,
#1755,#1756,#1757,#1758,#1759,#1760,#1761,#1762,#1763,#1764,#1765,#1766,
#1767,#1768,#1769,#1770,#1771,#1772,#1773,#1774,#1775,#1776,#1777,#1778,
#1779,#1780,#1781,#1782,#1783,#1784,#1785,#1786,#1787,#1788,#1789,#1790,
#1791,#1792),.UNSPECIFIED.,.F.,.F.,(4,1,1,1,1,1,1,1,1,1,1,1,1,1,1,1,1,1,
1,1,1,1,1,1,1,1,1,1,1,1,1,1,1,1,1,1,1,1,1,1,1,4),(0.,0.03125,0.0625,0.0703125,
0.078125,0.09375,0.109375,0.125,0.15625,0.1875,0.21875,0.234375,0.25,0.265625,
0.28125,0.296875,0.3125,0.34375,0.359375,0.375,0.390625,0.40625,0.4375,
0.5,0.5625,0.625,0.65625,0.671875,0.6796875,0.6875,0.703125,0.71875,0.734375,
0.75,0.8125,0.84375,0.859375,0.875,0.890625,0.90625,0.9375,1.),
 .UNSPECIFIED.);
#745=B_SPLINE_CURVE_WITH_KNOTS('',3,(#1794,#1795,#1796,#1797,#1798,#1799,
#1800,#1801,#1802,#1803,#1804,#1805,#1806,#1807,#1808,#1809,#1810,#1811,
#1812,#1813,#1814,#1815,#1816,#1817,#1818,#1819,#1820,#1821,#1822,#1823,
#1824,#1825,#1826,#1827,#1828,#1829,#1830,#1831,#1832),.UNSPECIFIED.,.F.,
 .F.,(4,1,1,1,1,1,1,1,1,1,1,1,1,1,1,1,1,1,1,1,1,1,1,1,1,1,1,1,1,1,1,1,1,
1,1,1,4),(0.,0.03125,0.0625,0.0703125,0.078125,0.09375,0.109375,0.125,0.15625,
0.1875,0.21875,0.25,0.28125,0.3125,0.34375,0.375,0.390625,0.40625,0.4375,
0.5,0.5625,0.59375,0.625,0.65625,0.6875,0.71875,0.75,0.78125,0.796875,0.8125,
0.828125,0.84375,0.8515625,0.859375,0.875,0.9375,1.),.UNSPECIFIED.);
#746=B_SPLINE_CURVE_WITH_KNOTS('',3,(#1834,#1835,#1836,#1837,#1838,#1839,
#1840,#1841,#1842,#1843,#1844,#1845,#1846,#1847,#1848,#1849,#1850,#1851,
#1852,#1853,#1854,#1855,#1856,#1857,#1858,#1859,#1860,#1861,#1862,#1863,
#1864,#1865,#1866,#1867,#1868,#1869,#1870,#1871,#1872,#1873,#1874,#1875,
#1876,#1877,#1878,#1879,#1880,#1881,#1882,#1883,#1884,#1885,#1886,#1887,
#1888,#1889),.UNSPECIFIED.,.F.,.F.,(4,1,1,1,1,1,1,1,1,1,1,1,1,1,1,1,1,1,
1,1,1,1,1,1,1,1,1,1,1,1,1,1,1,1,1,1,1,1,1,1,1,1,1,1,1,1,1,1,1,1,1,1,1,4),
(0.,0.03125,0.0625,0.0703125,0.078125,0.09375,0.109375,0.125,0.15625,0.1875,
0.21875,0.234375,0.25,0.265625,0.28125,0.296875,0.3125,0.34375,0.359375,
0.375,0.390625,0.40625,0.421875,0.4375,0.46875,0.484375,0.4921875,0.5,0.5078125,
0.515625,0.53125,0.546875,0.5546875,0.5625,0.578125,0.59375,0.609375,0.625,
0.65625,0.6875,0.703125,0.71875,0.75,0.78125,0.796875,0.8125,0.828125,0.84375,
0.8515625,0.859375,0.875,0.90625,0.9375,1.),.UNSPECIFIED.);
#747=B_SPLINE_CURVE_WITH_KNOTS('',3,(#1891,#1892,#1893,#1894,#1895,#1896,
#1897,#1898,#1899,#1900,#1901,#1902,#1903,#1904,#1905,#1906,#1907,#1908,
#1909,#1910,#1911,#1912,#1913,#1914,#1915,#1916,#1917,#1918,#1919,#1920,
#1921,#1922,#1923,#1924,#1925,#1926,#1927,#1928,#1929,#1930,#1931,#1932,
#1933,#1934,#1935,#1936,#1937,#1938),.UNSPECIFIED.,.F.,.F.,(4,1,1,1,1,1,
1,1,1,1,1,1,1,1,1,1,1,1,1,1,1,1,1,1,1,1,1,1,1,1,1,1,1,1,1,1,1,1,1,1,1,1,
1,1,1,4),(0.,0.03125,0.0625,0.0703125,0.078125,0.09375,0.109375,0.125,0.15625,
0.1875,0.21875,0.234375,0.25,0.265625,0.28125,0.3125,0.34375,0.359375,0.375,
0.390625,0.40625,0.421875,0.4375,0.46875,0.484375,0.5,0.515625,0.53125,
0.5625,0.625,0.65625,0.6875,0.71875,0.734375,0.75,0.765625,0.78125,0.8125,
0.8203125,0.828125,0.84375,0.859375,0.875,0.90625,0.9375,1.),
 .UNSPECIFIED.);
#748=B_SPLINE_CURVE_WITH_KNOTS('',3,(#1940,#1941,#1942,#1943,#1944,#1945,
#1946,#1947,#1948,#1949,#1950,#1951,#1952,#1953,#1954,#1955,#1956,#1957,
#1958,#1959,#1960,#1961,#1962,#1963,#1964,#1965,#1966,#1967,#1968,#1969,
#1970,#1971,#1972,#1973,#1974,#1975,#1976,#1977,#1978),.UNSPECIFIED.,.F.,
 .F.,(4,1,1,1,1,1,1,1,1,1,1,1,1,1,1,1,1,1,1,1,1,1,1,1,1,1,1,1,1,1,1,1,1,
1,1,1,4),(0.,0.03125,0.0390625,0.046875,0.0625,0.09375,0.125,0.1875,0.21875,
0.25,0.3125,0.34375,0.375,0.390625,0.40625,0.4375,0.5,0.625,0.65625,0.671875,
0.6875,0.703125,0.71875,0.734375,0.75,0.765625,0.78125,0.796875,0.8125,
0.84375,0.859375,0.875,0.890625,0.90625,0.921875,0.9375,1.),
 .UNSPECIFIED.);
#749=B_SPLINE_CURVE_WITH_KNOTS('',3,(#1980,#1981,#1982,#1983,#1984,#1985,
#1986,#1987,#1988,#1989,#1990,#1991,#1992,#1993,#1994,#1995,#1996,#1997,
#1998,#1999,#2000,#2001,#2002,#2003,#2004,#2005,#2006,#2007,#2008,#2009,
#2010,#2011,#2012,#2013,#2014,#2015,#2016,#2017,#2018,#2019,#2020,#2021,
#2022,#2023,#2024,#2025,#2026,#2027),.UNSPECIFIED.,.F.,.F.,(4,1,1,1,1,1,
1,1,1,1,1,1,1,1,1,1,1,1,1,1,1,1,1,1,1,1,1,1,1,1,1,1,1,1,1,1,1,1,1,1,1,1,
1,1,1,4),(0.,0.03125,0.0625,0.0703125,0.078125,0.09375,0.109375,0.125,0.15625,
0.1875,0.21875,0.234375,0.25,0.265625,0.28125,0.296875,0.3125,0.34375,0.359375,
0.375,0.390625,0.40625,0.4375,0.5,0.5625,0.625,0.65625,0.671875,0.6875,
0.6953125,0.703125,0.71875,0.734375,0.75,0.765625,0.78125,0.796875,0.8125,
0.84375,0.875,0.90625,0.921875,0.9375,0.953125,0.96875,1.),
 .UNSPECIFIED.);
#750=B_SPLINE_CURVE_WITH_KNOTS('',3,(#2029,#2030,#2031,#2032,#2033,#2034,
#2035,#2036,#2037,#2038,#2039,#2040,#2041,#2042,#2043,#2044,#2045,#2046,
#2047,#2048,#2049,#2050,#2051,#2052,#2053,#2054,#2055,#2056,#2057,#2058,
#2059,#2060,#2061,#2062,#2063,#2064,#2065,#2066,#2067,#2068,#2069,#2070,
#2071,#2072,#2073),.UNSPECIFIED.,.F.,.F.,(4,1,1,1,1,1,1,1,1,1,1,1,1,1,1,
1,1,1,1,1,1,1,1,1,1,1,1,1,1,1,1,1,1,1,1,1,1,1,1,1,1,1,4),(0.,0.03125,0.0625,
0.0703125,0.078125,0.09375,0.109375,0.125,0.140625,0.15625,0.1875,0.21875,
0.25,0.28125,0.3125,0.34375,0.375,0.390625,0.40625,0.4375,0.5,0.5625,0.625,
0.65625,0.671875,0.6875,0.6953125,0.703125,0.71875,0.734375,0.75,0.765625,
0.78125,0.796875,0.8125,0.84375,0.859375,0.875,0.890625,0.90625,0.921875,
0.9375,1.),.UNSPECIFIED.);
#751=B_SPLINE_CURVE_WITH_KNOTS('',3,(#2075,#2076,#2077,#2078,#2079,#2080,
#2081,#2082,#2083,#2084,#2085,#2086,#2087,#2088,#2089,#2090,#2091,#2092,
#2093,#2094,#2095,#2096,#2097,#2098,#2099,#2100,#2101,#2102,#2103,#2104,
#2105,#2106,#2107,#2108,#2109,#2110,#2111,#2112,#2113,#2114,#2115,#2116,
#2117),.UNSPECIFIED.,.F.,.F.,(4,1,1,1,1,1,1,1,1,1,1,1,1,1,1,1,1,1,1,1,1,
1,1,1,1,1,1,1,1,1,1,1,1,1,1,1,1,1,1,1,4),(0.,0.03125,0.0625,0.0703125,0.078125,
0.09375,0.109375,0.125,0.1875,0.21875,0.234375,0.25,0.265625,0.28125,0.296875,
0.3125,0.34375,0.359375,0.375,0.390625,0.40625,0.4375,0.5,0.5625,0.625,
0.65625,0.671875,0.6796875,0.6875,0.703125,0.71875,0.734375,0.75,0.8125,
0.84375,0.859375,0.875,0.890625,0.90625,0.9375,1.),.UNSPECIFIED.);
#752=B_SPLINE_CURVE_WITH_KNOTS('',3,(#2119,#2120,#2121,#2122,#2123,#2124,
#2125,#2126,#2127,#2128,#2129,#2130,#2131,#2132,#2133,#2134,#2135,#2136,
#2137,#2138,#2139,#2140,#2141,#2142,#2143,#2144,#2145,#2146,#2147,#2148,
#2149,#2150,#2151,#2152,#2153,#2154,#2155,#2156,#2157,#2158,#2159,#2160,
#2161,#2162,#2163,#2164,#2165,#2166,#2167,#2168,#2169,#2170),
 .UNSPECIFIED.,.F.,.F.,(4,1,1,1,1,1,1,1,1,1,1,1,1,1,1,1,1,1,1,1,1,1,1,1,
1,1,1,1,1,1,1,1,1,1,1,1,1,1,1,1,1,1,1,1,1,1,1,1,1,4),(0.,0.03125,0.046875,
0.0625,0.078125,0.09375,0.109375,0.125,0.140625,0.15625,0.171875,0.1875,
0.203125,0.21875,0.234375,0.25,0.28125,0.3125,0.3203125,0.328125,0.34375,
0.359375,0.375,0.40625,0.4375,0.5,0.53125,0.5625,0.59375,0.625,0.65625,
0.671875,0.6875,0.71875,0.734375,0.75,0.765625,0.78125,0.796875,0.8125,
0.828125,0.84375,0.875,0.90625,0.921875,0.9375,0.9453125,0.953125,0.96875,
1.),.UNSPECIFIED.);
#753=B_SPLINE_CURVE_WITH_KNOTS('',3,(#2172,#2173,#2174,#2175,#2176,#2177,
#2178,#2179,#2180,#2181,#2182,#2183,#2184,#2185,#2186,#2187,#2188,#2189,
#2190,#2191,#2192,#2193,#2194,#2195,#2196,#2197,#2198,#2199,#2200,#2201,
#2202,#2203,#2204,#2205,#2206,#2207,#2208,#2209,#2210,#2211,#2212,#2213,
#2214,#2215,#2216,#2217,#2218,#2219,#2220,#2221,#2222,#2223),
 .UNSPECIFIED.,.F.,.F.,(4,1,1,1,1,1,1,1,1,1,1,1,1,1,1,1,1,1,1,1,1,1,1,1,
1,1,1,1,1,1,1,1,1,1,1,1,1,1,1,1,1,1,1,1,1,1,1,1,1,4),(0.,0.03125,0.0625,
0.0703125,0.078125,0.09375,0.109375,0.125,0.1875,0.21875,0.234375,0.25,
0.265625,0.28125,0.296875,0.3125,0.34375,0.359375,0.375,0.390625,0.40625,
0.421875,0.4375,0.46875,0.484375,0.5,0.515625,0.53125,0.546875,0.5625,0.59375,
0.625,0.65625,0.671875,0.6875,0.703125,0.71875,0.734375,0.75,0.765625,0.78125,
0.796875,0.8125,0.84375,0.859375,0.875,0.890625,0.90625,0.9375,1.),
 .UNSPECIFIED.);
#754=B_SPLINE_CURVE_WITH_KNOTS('',3,(#2225,#2226,#2227,#2228,#2229,#2230,
#2231,#2232,#2233,#2234,#2235,#2236,#2237,#2238,#2239,#2240,#2241,#2242,
#2243,#2244,#2245,#2246,#2247,#2248,#2249,#2250,#2251,#2252,#2253,#2254,
#2255,#2256,#2257,#2258,#2259,#2260,#2261,#2262,#2263,#2264,#2265,#2266,
#2267,#2268,#2269,#2270,#2271,#2272,#2273,#2274,#2275,#2276,#2277),
 .UNSPECIFIED.,.F.,.F.,(4,1,1,1,1,1,1,1,1,1,1,1,1,1,1,1,1,1,1,1,1,1,1,1,
1,1,1,1,1,1,1,1,1,1,1,1,1,1,1,1,1,1,1,1,1,1,1,1,1,1,4),(0.,0.03125,0.0625,
0.0703125,0.078125,0.09375,0.109375,0.125,0.15625,0.1875,0.21875,0.234375,
0.25,0.265625,0.28125,0.296875,0.3125,0.34375,0.359375,0.375,0.390625,0.40625,
0.421875,0.4375,0.5,0.53125,0.5625,0.578125,0.59375,0.6015625,0.609375,
0.625,0.65625,0.671875,0.6875,0.71875,0.734375,0.75,0.765625,0.78125,0.796875,
0.8125,0.828125,0.84375,0.875,0.90625,0.921875,0.9375,0.953125,0.96875,
1.),.UNSPECIFIED.);
#755=B_SPLINE_CURVE_WITH_KNOTS('',3,(#2279,#2280,#2281,#2282,#2283,#2284,
#2285,#2286,#2287,#2288,#2289,#2290,#2291,#2292,#2293,#2294,#2295,#2296,
#2297,#2298,#2299,#2300,#2301,#2302,#2303,#2304,#2305,#2306,#2307,#2308,
#2309,#2310,#2311,#2312,#2313,#2314,#2315,#2316,#2317,#2318,#2319,#2320,
#2321,#2322,#2323,#2324,#2325,#2326,#2327),.UNSPECIFIED.,.F.,.F.,(4,1,1,
1,1,1,1,1,1,1,1,1,1,1,1,1,1,1,1,1,1,1,1,1,1,1,1,1,1,1,1,1,1,1,1,1,1,1,1,
1,1,1,1,1,1,1,4),(0.,0.03125,0.0625,0.0703125,0.078125,0.09375,0.109375,
0.125,0.140625,0.15625,0.1875,0.21875,0.25,0.28125,0.3125,0.34375,0.375,
0.390625,0.40625,0.4375,0.46875,0.484375,0.5,0.515625,0.53125,0.5625,0.578125,
0.59375,0.625,0.65625,0.671875,0.6875,0.703125,0.71875,0.734375,0.75,0.765625,
0.78125,0.796875,0.8125,0.84375,0.859375,0.875,0.890625,0.90625,0.9375,
1.),.UNSPECIFIED.);
#756=B_SPLINE_CURVE_WITH_KNOTS('',3,(#2329,#2330,#2331,#2332,#2333,#2334,
#2335,#2336,#2337,#2338,#2339,#2340,#2341,#2342,#2343,#2344,#2345,#2346,
#2347,#2348,#2349,#2350,#2351,#2352,#2353,#2354,#2355,#2356,#2357,#2358,
#2359,#2360,#2361,#2362,#2363,#2364,#2365,#2366,#2367,#2368,#2369,#2370,
#2371,#2372),.UNSPECIFIED.,.F.,.F.,(4,1,1,1,1,1,1,1,1,1,1,1,1,1,1,1,1,1,
1,1,1,1,1,1,1,1,1,1,1,1,1,1,1,1,1,1,1,1,1,1,1,4),(0.,0.03125,0.0625,0.0703125,
0.078125,0.09375,0.109375,0.125,0.15625,0.1875,0.21875,0.234375,0.25,0.265625,
0.28125,0.296875,0.3125,0.34375,0.359375,0.375,0.390625,0.40625,0.4375,
0.5,0.5625,0.625,0.65625,0.671875,0.6796875,0.6875,0.703125,0.71875,0.734375,
0.75,0.8125,0.84375,0.859375,0.875,0.890625,0.90625,0.9375,1.),
 .UNSPECIFIED.);
#757=B_SPLINE_CURVE_WITH_KNOTS('',3,(#2374,#2375,#2376,#2377,#2378,#2379,
#2380,#2381,#2382,#2383,#2384,#2385,#2386,#2387,#2388,#2389,#2390,#2391,
#2392,#2393,#2394,#2395,#2396,#2397,#2398,#2399,#2400,#2401,#2402,#2403,
#2404,#2405,#2406,#2407,#2408,#2409,#2410,#2411,#2412),.UNSPECIFIED.,.F.,
 .F.,(4,1,1,1,1,1,1,1,1,1,1,1,1,1,1,1,1,1,1,1,1,1,1,1,1,1,1,1,1,1,1,1,1,
1,1,1,4),(0.,0.03125,0.0625,0.0703125,0.078125,0.09375,0.109375,0.125,0.15625,
0.1875,0.21875,0.25,0.28125,0.3125,0.34375,0.375,0.390625,0.40625,0.4375,
0.5,0.5625,0.59375,0.625,0.65625,0.6875,0.71875,0.75,0.78125,0.796875,0.8125,
0.828125,0.84375,0.8515625,0.859375,0.875,0.9375,1.),.UNSPECIFIED.);
#758=B_SPLINE_CURVE_WITH_KNOTS('',3,(#2414,#2415,#2416,#2417),
 .UNSPECIFIED.,.F.,.F.,(4,4),(0.,1.),.UNSPECIFIED.);
#759=B_SPLINE_CURVE_WITH_KNOTS('',3,(#2421,#2422,#2423,#2424,#2425,#2426,
#2427,#2428,#2429,#2430,#2431,#2432,#2433,#2434,#2435,#2436,#2437,#2438,
#2439,#2440,#2441,#2442,#2443,#2444,#2445,#2446,#2447,#2448,#2449,#2450,
#2451,#2452,#2453,#2454,#2455,#2456,#2457,#2458),.UNSPECIFIED.,.F.,.F.,
(4,1,1,1,1,1,1,1,1,1,1,1,1,1,1,1,1,1,1,1,1,1,1,1,1,1,1,1,1,1,1,1,1,1,1,
4),(0.,0.03125,0.0625,0.09375,0.109375,0.125,0.140625,0.15625,0.1875,0.21875,
0.234375,0.25,0.265625,0.28125,0.3125,0.375,0.4375,0.46875,0.5,0.53125,
0.5625,0.59375,0.625,0.65625,0.6875,0.71875,0.75,0.765625,0.78125,0.8125,
0.84375,0.875,0.90625,0.9375,0.96875,1.),.UNSPECIFIED.);
#760=B_SPLINE_CURVE_WITH_KNOTS('',3,(#2460,#2461,#2462,#2463,#2464,#2465,
#2466,#2467,#2468,#2469,#2470,#2471,#2472,#2473,#2474,#2475,#2476,#2477,
#2478,#2479,#2480,#2481,#2482,#2483,#2484,#2485,#2486,#2487,#2488,#2489,
#2490,#2491,#2492,#2493,#2494,#2495,#2496,#2497,#2498,#2499,#2500,#2501,
#2502,#2503,#2504,#2505,#2506,#2507,#2508,#2509,#2510,#2511,#2512),
 .UNSPECIFIED.,.F.,.F.,(4,1,1,1,1,1,1,1,1,1,1,1,1,1,1,1,1,1,1,1,1,1,1,1,
1,1,1,1,1,1,1,1,1,1,1,1,1,1,1,1,1,1,1,1,1,1,1,1,1,1,4),(0.,0.015625,0.03125,
0.046875,0.0625,0.09375,0.125,0.15625,0.171875,0.1875,0.1953125,0.203125,
0.21875,0.234375,0.2421875,0.25,0.2578125,0.265625,0.28125,0.2890625,0.296875,
0.3125,0.3203125,0.328125,0.34375,0.375,0.3828125,0.390625,0.40625,0.421875,
0.4375,0.46875,0.5,0.53125,0.5625,0.5703125,0.578125,0.59375,0.609375,0.625,
0.640625,0.65625,0.6875,0.71875,0.75,0.78125,0.8125,0.875,0.90625,0.9375,
1.),.UNSPECIFIED.);
#761=B_SPLINE_CURVE_WITH_KNOTS('',3,(#2514,#2515,#2516,#2517,#2518,#2519,
#2520,#2521,#2522,#2523,#2524,#2525,#2526,#2527,#2528,#2529,#2530,#2531,
#2532,#2533,#2534,#2535,#2536,#2537,#2538,#2539,#2540,#2541,#2542,#2543,
#2544,#2545,#2546,#2547,#2548,#2549,#2550,#2551,#2552,#2553,#2554,#2555,
#2556,#2557,#2558,#2559,#2560,#2561,#2562,#2563,#2564,#2565,#2566,#2567,
#2568,#2569,#2570,#2571),.UNSPECIFIED.,.F.,.F.,(4,1,1,1,1,1,1,1,1,1,1,1,
1,1,1,1,1,1,1,1,1,1,1,1,1,1,1,1,1,1,1,1,1,1,1,1,1,1,1,1,1,1,1,1,1,1,1,1,
1,1,1,1,1,1,1,4),(0.,0.03125,0.046875,0.0625,0.0703125,0.078125,0.09375,
0.109375,0.125,0.15625,0.1875,0.21875,0.234375,0.25,0.265625,0.28125,0.296875,
0.3125,0.34375,0.359375,0.375,0.390625,0.40625,0.421875,0.4375,0.46875,
0.5,0.53125,0.5625,0.59375,0.609375,0.6171875,0.625,0.6328125,0.640625,
0.6484375,0.65625,0.671875,0.6875,0.71875,0.734375,0.75,0.765625,0.78125,
0.8125,0.84375,0.859375,0.8671875,0.875,0.8828125,0.890625,0.90625,0.921875,
0.9375,0.96875,1.),.UNSPECIFIED.);
#762=B_SPLINE_CURVE_WITH_KNOTS('',3,(#2573,#2574,#2575,#2576,#2577,#2578,
#2579,#2580,#2581,#2582,#2583,#2584,#2585,#2586,#2587,#2588,#2589,#2590,
#2591,#2592,#2593,#2594,#2595,#2596,#2597,#2598,#2599,#2600,#2601,#2602,
#2603,#2604,#2605,#2606,#2607,#2608,#2609,#2610,#2611,#2612,#2613,#2614,
#2615,#2616,#2617,#2618,#2619,#2620,#2621,#2622,#2623,#2624,#2625,#2626,
#2627,#2628,#2629,#2630,#2631),.UNSPECIFIED.,.F.,.F.,(4,1,1,1,1,1,1,1,1,
1,1,1,1,1,1,1,1,1,1,1,1,1,1,1,1,1,1,1,1,1,1,1,1,1,1,1,1,1,1,1,1,1,1,1,1,
1,1,1,1,1,1,1,1,1,1,1,4),(0.,0.015625,0.03125,0.046875,0.0625,0.0703125,
0.078125,0.09375,0.125,0.1328125,0.140625,0.15625,0.171875,0.1875,0.21875,
0.234375,0.25,0.265625,0.28125,0.296875,0.3125,0.34375,0.359375,0.3671875,
0.375,0.3828125,0.390625,0.40625,0.421875,0.4375,0.46875,0.5,0.53125,0.5390625,
0.546875,0.5625,0.5703125,0.578125,0.59375,0.625,0.65625,0.671875,0.6796875,
0.6875,0.703125,0.7109375,0.71875,0.734375,0.75,0.78125,0.8125,0.84375,
0.875,0.890625,0.90625,0.9375,1.),.UNSPECIFIED.);
#763=B_SPLINE_CURVE_WITH_KNOTS('',3,(#2633,#2634,#2635,#2636,#2637,#2638,
#2639,#2640,#2641,#2642,#2643,#2644,#2645,#2646,#2647,#2648,#2649,#2650,
#2651,#2652,#2653,#2654,#2655,#2656,#2657,#2658,#2659,#2660,#2661,#2662,
#2663,#2664,#2665,#2666,#2667,#2668,#2669,#2670,#2671,#2672,#2673,#2674,
#2675,#2676,#2677,#2678,#2679,#2680,#2681,#2682,#2683,#2684,#2685),
 .UNSPECIFIED.,.F.,.F.,(4,1,1,1,1,1,1,1,1,1,1,1,1,1,1,1,1,1,1,1,1,1,1,1,
1,1,1,1,1,1,1,1,1,1,1,1,1,1,1,1,1,1,1,1,1,1,1,1,1,1,4),(0.,0.03125,0.046875,
0.0625,0.078125,0.09375,0.109375,0.125,0.140625,0.15625,0.171875,0.1875,
0.203125,0.21875,0.234375,0.25,0.265625,0.28125,0.296875,0.3125,0.328125,
0.34375,0.359375,0.375,0.390625,0.40625,0.421875,0.4375,0.453125,0.46875,
0.484375,0.5,0.515625,0.53125,0.546875,0.5625,0.578125,0.59375,0.609375,
0.625,0.65625,0.6875,0.71875,0.75,0.8125,0.84375,0.875,0.890625,0.90625,
0.9375,1.),.UNSPECIFIED.);
#764=B_SPLINE_CURVE_WITH_KNOTS('',3,(#2687,#2688,#2689,#2690,#2691,#2692,
#2693,#2694,#2695,#2696,#2697,#2698,#2699,#2700,#2701,#2702,#2703,#2704,
#2705,#2706,#2707,#2708,#2709,#2710,#2711,#2712,#2713,#2714,#2715,#2716,
#2717,#2718,#2719,#2720,#2721,#2722,#2723,#2724,#2725,#2726,#2727,#2728,
#2729,#2730,#2731,#2732,#2733,#2734,#2735,#2736,#2737,#2738,#2739,#2740,
#2741),.UNSPECIFIED.,.F.,.F.,(4,1,1,1,1,1,1,1,1,1,1,1,1,1,1,1,1,1,1,1,1,
1,1,1,1,1,1,1,1,1,1,1,1,1,1,1,1,1,1,1,1,1,1,1,1,1,1,1,1,1,1,1,4),(0.,0.015625,
0.03125,0.046875,0.0625,0.0703125,0.078125,0.09375,0.109375,0.125,0.1328125,
0.140625,0.1484375,0.15625,0.171875,0.1875,0.21875,0.25,0.3125,0.34375,
0.359375,0.375,0.390625,0.40625,0.4375,0.5,0.53125,0.546875,0.5625,0.5703125,
0.578125,0.59375,0.625,0.6328125,0.640625,0.65625,0.671875,0.6875,0.71875,
0.734375,0.75,0.765625,0.78125,0.796875,0.8125,0.84375,0.859375,0.875,0.890625,
0.90625,0.921875,0.9375,1.),.UNSPECIFIED.);
#765=B_SPLINE_CURVE_WITH_KNOTS('',3,(#2743,#2744,#2745,#2746,#2747,#2748,
#2749,#2750,#2751,#2752,#2753,#2754,#2755,#2756,#2757,#2758,#2759,#2760,
#2761,#2762,#2763,#2764,#2765,#2766,#2767,#2768,#2769,#2770,#2771,#2772,
#2773,#2774,#2775,#2776,#2777,#2778,#2779,#2780,#2781,#2782,#2783,#2784,
#2785,#2786,#2787,#2788,#2789,#2790,#2791,#2792,#2793,#2794,#2795),
 .UNSPECIFIED.,.F.,.F.,(4,1,1,1,1,1,1,1,1,1,1,1,1,1,1,1,1,1,1,1,1,1,1,1,
1,1,1,1,1,1,1,1,1,1,1,1,1,1,1,1,1,1,1,1,1,1,1,1,1,1,4),(0.,0.015625,0.03125,
0.046875,0.0625,0.09375,0.125,0.15625,0.171875,0.1875,0.1953125,0.203125,
0.21875,0.234375,0.2421875,0.25,0.2578125,0.265625,0.28125,0.2890625,0.296875,
0.3125,0.3203125,0.328125,0.34375,0.375,0.3828125,0.390625,0.40625,0.421875,
0.4375,0.46875,0.5,0.53125,0.5625,0.5703125,0.578125,0.59375,0.609375,0.625,
0.640625,0.65625,0.6875,0.71875,0.75,0.78125,0.8125,0.875,0.90625,0.9375,
1.),.UNSPECIFIED.);
#766=B_SPLINE_CURVE_WITH_KNOTS('',3,(#2797,#2798,#2799,#2800,#2801,#2802,
#2803,#2804,#2805,#2806,#2807,#2808,#2809,#2810,#2811,#2812,#2813,#2814,
#2815,#2816,#2817,#2818,#2819,#2820,#2821,#2822,#2823,#2824,#2825,#2826,
#2827,#2828,#2829,#2830,#2831,#2832,#2833,#2834,#2835,#2836,#2837,#2838,
#2839,#2840,#2841,#2842,#2843,#2844,#2845,#2846,#2847,#2848,#2849,#2850,
#2851,#2852,#2853,#2854),.UNSPECIFIED.,.F.,.F.,(4,1,1,1,1,1,1,1,1,1,1,1,
1,1,1,1,1,1,1,1,1,1,1,1,1,1,1,1,1,1,1,1,1,1,1,1,1,1,1,1,1,1,1,1,1,1,1,1,
1,1,1,1,1,1,1,4),(0.,0.03125,0.046875,0.0625,0.0703125,0.078125,0.09375,
0.109375,0.125,0.15625,0.1875,0.21875,0.234375,0.25,0.265625,0.28125,0.296875,
0.3125,0.34375,0.359375,0.375,0.390625,0.40625,0.421875,0.4375,0.46875,
0.5,0.53125,0.546875,0.5625,0.5703125,0.578125,0.59375,0.625,0.6328125,
0.640625,0.65625,0.671875,0.6875,0.71875,0.734375,0.75,0.765625,0.78125,
0.8125,0.84375,0.859375,0.8671875,0.875,0.8828125,0.890625,0.90625,0.921875,
0.9375,0.96875,1.),.UNSPECIFIED.);
#767=B_SPLINE_CURVE_WITH_KNOTS('',3,(#2856,#2857,#2858,#2859,#2860,#2861,
#2862,#2863,#2864,#2865,#2866,#2867,#2868,#2869,#2870,#2871,#2872,#2873,
#2874,#2875,#2876,#2877,#2878,#2879,#2880,#2881,#2882,#2883,#2884,#2885,
#2886,#2887,#2888,#2889,#2890,#2891,#2892,#2893,#2894,#2895,#2896,#2897,
#2898,#2899,#2900,#2901,#2902,#2903,#2904,#2905,#2906,#2907,#2908),
 .UNSPECIFIED.,.F.,.F.,(4,1,1,1,1,1,1,1,1,1,1,1,1,1,1,1,1,1,1,1,1,1,1,1,
1,1,1,1,1,1,1,1,1,1,1,1,1,1,1,1,1,1,1,1,1,1,1,1,1,1,4),(0.,0.015625,0.03125,
0.046875,0.0625,0.0703125,0.078125,0.09375,0.125,0.1328125,0.140625,0.15625,
0.171875,0.1875,0.21875,0.234375,0.25,0.265625,0.28125,0.296875,0.3125,
0.34375,0.359375,0.3671875,0.375,0.3828125,0.390625,0.40625,0.421875,0.4375,
0.46875,0.5,0.5625,0.625,0.65625,0.671875,0.6796875,0.6875,0.703125,0.7109375,
0.71875,0.734375,0.75,0.78125,0.8125,0.84375,0.875,0.890625,0.90625,0.9375,
1.),.UNSPECIFIED.);
#768=B_SPLINE_CURVE_WITH_KNOTS('',3,(#2910,#2911,#2912,#2913,#2914,#2915,
#2916,#2917,#2918,#2919,#2920,#2921,#2922,#2923,#2924,#2925,#2926,#2927,
#2928,#2929,#2930,#2931,#2932,#2933,#2934,#2935,#2936,#2937,#2938,#2939,
#2940,#2941,#2942,#2943,#2944,#2945,#2946,#2947,#2948,#2949,#2950,#2951,
#2952,#2953,#2954,#2955,#2956,#2957,#2958,#2959,#2960,#2961,#2962),
 .UNSPECIFIED.,.F.,.F.,(4,1,1,1,1,1,1,1,1,1,1,1,1,1,1,1,1,1,1,1,1,1,1,1,
1,1,1,1,1,1,1,1,1,1,1,1,1,1,1,1,1,1,1,1,1,1,1,1,1,1,4),(0.,0.03125,0.046875,
0.0625,0.078125,0.09375,0.109375,0.125,0.140625,0.15625,0.171875,0.1875,
0.203125,0.21875,0.234375,0.25,0.265625,0.28125,0.296875,0.3125,0.328125,
0.34375,0.359375,0.375,0.390625,0.40625,0.421875,0.4375,0.453125,0.46875,
0.484375,0.5,0.515625,0.53125,0.546875,0.5625,0.578125,0.59375,0.609375,
0.625,0.65625,0.6875,0.71875,0.75,0.8125,0.84375,0.875,0.890625,0.90625,
0.9375,1.),.UNSPECIFIED.);
#769=B_SPLINE_CURVE_WITH_KNOTS('',3,(#2964,#2965,#2966,#2967,#2968,#2969,
#2970,#2971,#2972,#2973,#2974,#2975,#2976,#2977,#2978,#2979,#2980,#2981,
#2982,#2983,#2984,#2985,#2986,#2987,#2988,#2989,#2990,#2991,#2992,#2993,
#2994,#2995,#2996,#2997,#2998,#2999,#3000,#3001,#3002,#3003,#3004,#3005,
#3006,#3007,#3008,#3009,#3010,#3011,#3012,#3013,#3014,#3015,#3016,#3017,
#3018),.UNSPECIFIED.,.F.,.F.,(4,1,1,1,1,1,1,1,1,1,1,1,1,1,1,1,1,1,1,1,1,
1,1,1,1,1,1,1,1,1,1,1,1,1,1,1,1,1,1,1,1,1,1,1,1,1,1,1,1,1,1,1,4),(0.,0.015625,
0.03125,0.046875,0.0625,0.0703125,0.078125,0.09375,0.109375,0.125,0.1328125,
0.140625,0.1484375,0.15625,0.171875,0.1875,0.21875,0.25,0.3125,0.34375,
0.359375,0.375,0.390625,0.40625,0.4375,0.5,0.53125,0.546875,0.5625,0.5703125,
0.578125,0.59375,0.625,0.6328125,0.640625,0.65625,0.671875,0.6875,0.71875,
0.734375,0.75,0.765625,0.78125,0.796875,0.8125,0.84375,0.859375,0.875,0.890625,
0.90625,0.921875,0.9375,1.),.UNSPECIFIED.);
#770=B_SPLINE_CURVE_WITH_KNOTS('',3,(#3020,#3021,#3022,#3023,#3024,#3025,
#3026,#3027,#3028,#3029,#3030,#3031,#3032,#3033,#3034,#3035,#3036,#3037,
#3038,#3039,#3040,#3041,#3042,#3043,#3044,#3045,#3046,#3047,#3048,#3049,
#3050,#3051,#3052,#3053,#3054,#3055,#3056,#3057,#3058,#3059,#3060,#3061,
#3062,#3063,#3064,#3065,#3066,#3067,#3068,#3069,#3070,#3071,#3072,#3073,
#3074,#3075,#3076,#3077,#3078,#3079,#3080,#3081),.UNSPECIFIED.,.F.,.F.,
(4,1,1,1,1,1,1,1,1,1,1,1,1,1,1,1,1,1,1,1,1,1,1,1,1,1,1,1,1,1,1,1,1,1,1,
1,1,1,1,1,1,1,1,1,1,1,1,1,1,1,1,1,1,1,1,1,1,1,1,4),(0.,0.015625,0.03125,
0.046875,0.0625,0.09375,0.125,0.15625,0.171875,0.1875,0.1953125,0.203125,
0.21875,0.234375,0.25,0.265625,0.28125,0.296875,0.3125,0.328125,0.34375,
0.359375,0.3671875,0.375,0.3828125,0.390625,0.3984375,0.40625,0.421875,
0.4375,0.46875,0.484375,0.5,0.515625,0.53125,0.5625,0.59375,0.609375,0.6171875,
0.625,0.6328125,0.640625,0.65625,0.671875,0.6875,0.71875,0.734375,0.75,
0.765625,0.78125,0.796875,0.8125,0.84375,0.859375,0.875,0.890625,0.90625,
0.921875,0.9375,1.),.UNSPECIFIED.);
#771=B_SPLINE_CURVE_WITH_KNOTS('',3,(#3083,#3084,#3085,#3086,#3087,#3088,
#3089,#3090,#3091,#3092,#3093,#3094,#3095,#3096,#3097,#3098,#3099,#3100,
#3101,#3102,#3103,#3104,#3105,#3106,#3107,#3108,#3109,#3110,#3111,#3112,
#3113,#3114,#3115,#3116,#3117,#3118,#3119,#3120,#3121,#3122,#3123,#3124,
#3125,#3126,#3127,#3128,#3129,#3130,#3131,#3132,#3133,#3134,#3135,#3136,
#3137,#3138,#3139,#3140,#3141,#3142,#3143,#3144),.UNSPECIFIED.,.F.,.F.,
(4,1,1,1,1,1,1,1,1,1,1,1,1,1,1,1,1,1,1,1,1,1,1,1,1,1,1,1,1,1,1,1,1,1,1,
1,1,1,1,1,1,1,1,1,1,1,1,1,1,1,1,1,1,1,1,1,1,1,1,4),(0.,0.015625,0.03125,
0.046875,0.0625,0.0703125,0.078125,0.09375,0.109375,0.125,0.15625,0.1875,
0.21875,0.234375,0.25,0.265625,0.28125,0.296875,0.3125,0.34375,0.359375,
0.375,0.390625,0.40625,0.421875,0.4375,0.46875,0.484375,0.5,0.515625,0.53125,
0.546875,0.5625,0.5703125,0.578125,0.59375,0.625,0.6328125,0.640625,0.65625,
0.671875,0.6875,0.71875,0.734375,0.75,0.765625,0.78125,0.796875,0.8125,
0.84375,0.859375,0.8671875,0.875,0.8828125,0.890625,0.90625,0.921875,0.9375,
0.96875,1.),.UNSPECIFIED.);
#772=B_SPLINE_CURVE_WITH_KNOTS('',3,(#3146,#3147,#3148,#3149,#3150,#3151,
#3152,#3153,#3154,#3155,#3156,#3157,#3158,#3159,#3160,#3161,#3162,#3163,
#3164,#3165,#3166,#3167,#3168,#3169,#3170,#3171,#3172,#3173,#3174,#3175,
#3176,#3177,#3178,#3179,#3180,#3181,#3182,#3183,#3184,#3185,#3186,#3187,
#3188,#3189,#3190,#3191,#3192,#3193,#3194,#3195,#3196,#3197,#3198),
 .UNSPECIFIED.,.F.,.F.,(4,1,1,1,1,1,1,1,1,1,1,1,1,1,1,1,1,1,1,1,1,1,1,1,
1,1,1,1,1,1,1,1,1,1,1,1,1,1,1,1,1,1,1,1,1,1,1,1,1,1,4),(0.,0.015625,0.03125,
0.046875,0.0625,0.0703125,0.078125,0.09375,0.125,0.1328125,0.140625,0.15625,
0.171875,0.1875,0.21875,0.234375,0.25,0.265625,0.28125,0.296875,0.3125,
0.34375,0.359375,0.3671875,0.375,0.3828125,0.390625,0.40625,0.421875,0.4375,
0.46875,0.5,0.5625,0.625,0.65625,0.671875,0.6796875,0.6875,0.703125,0.7109375,
0.71875,0.734375,0.75,0.78125,0.8125,0.84375,0.875,0.890625,0.90625,0.9375,
1.),.UNSPECIFIED.);
#773=B_SPLINE_CURVE_WITH_KNOTS('',3,(#3200,#3201,#3202,#3203,#3204,#3205,
#3206,#3207,#3208,#3209,#3210,#3211,#3212,#3213,#3214,#3215,#3216,#3217,
#3218,#3219,#3220,#3221,#3222,#3223,#3224,#3225,#3226,#3227,#3228,#3229,
#3230,#3231,#3232,#3233,#3234,#3235,#3236,#3237,#3238,#3239,#3240,#3241,
#3242,#3243,#3244,#3245,#3246,#3247,#3248,#3249,#3250,#3251,#3252),
 .UNSPECIFIED.,.F.,.F.,(4,1,1,1,1,1,1,1,1,1,1,1,1,1,1,1,1,1,1,1,1,1,1,1,
1,1,1,1,1,1,1,1,1,1,1,1,1,1,1,1,1,1,1,1,1,1,1,1,1,1,4),(0.,0.03125,0.046875,
0.0625,0.078125,0.09375,0.109375,0.125,0.140625,0.15625,0.171875,0.1875,
0.203125,0.21875,0.234375,0.25,0.265625,0.28125,0.296875,0.3125,0.328125,
0.34375,0.359375,0.375,0.390625,0.40625,0.421875,0.4375,0.453125,0.46875,
0.484375,0.5,0.515625,0.53125,0.546875,0.5625,0.578125,0.59375,0.609375,
0.625,0.65625,0.6875,0.71875,0.75,0.8125,0.84375,0.875,0.890625,0.90625,
0.9375,1.),.UNSPECIFIED.);
#774=B_SPLINE_CURVE_WITH_KNOTS('',3,(#3254,#3255,#3256,#3257,#3258,#3259,
#3260,#3261,#3262,#3263,#3264,#3265,#3266,#3267,#3268,#3269,#3270,#3271,
#3272,#3273,#3274,#3275,#3276,#3277,#3278,#3279,#3280,#3281,#3282,#3283,
#3284,#3285,#3286,#3287,#3288,#3289,#3290,#3291,#3292,#3293,#3294,#3295,
#3296,#3297,#3298,#3299,#3300,#3301,#3302,#3303,#3304,#3305,#3306,#3307,
#3308,#3309,#3310,#3311),.UNSPECIFIED.,.F.,.F.,(4,1,1,1,1,1,1,1,1,1,1,1,
1,1,1,1,1,1,1,1,1,1,1,1,1,1,1,1,1,1,1,1,1,1,1,1,1,1,1,1,1,1,1,1,1,1,1,1,
1,1,1,1,1,1,1,4),(0.,0.015625,0.03125,0.046875,0.0625,0.0703125,0.078125,
0.09375,0.109375,0.125,0.1328125,0.140625,0.1484375,0.15625,0.171875,0.1875,
0.21875,0.25,0.3125,0.34375,0.359375,0.375,0.390625,0.40625,0.4375,0.5,
0.53125,0.546875,0.5625,0.5703125,0.578125,0.59375,0.625,0.6328125,0.640625,
0.65625,0.671875,0.6875,0.71875,0.734375,0.75,0.765625,0.78125,0.796875,
0.8125,0.84375,0.859375,0.8671875,0.875,0.8828125,0.890625,0.8984375,0.90625,
0.921875,0.9375,1.),.UNSPECIFIED.);
#775=B_SPLINE_CURVE_WITH_KNOTS('',3,(#3313,#3314,#3315,#3316,#3317,#3318,
#3319,#3320,#3321,#3322,#3323,#3324,#3325,#3326,#3327,#3328,#3329,#3330,
#3331,#3332,#3333,#3334,#3335,#3336,#3337,#3338,#3339,#3340,#3341,#3342,
#3343,#3344,#3345,#3346,#3347,#3348,#3349,#3350,#3351,#3352,#3353,#3354,
#3355,#3356,#3357,#3358,#3359,#3360,#3361,#3362,#3363,#3364,#3365),
 .UNSPECIFIED.,.F.,.F.,(4,1,1,1,1,1,1,1,1,1,1,1,1,1,1,1,1,1,1,1,1,1,1,1,
1,1,1,1,1,1,1,1,1,1,1,1,1,1,1,1,1,1,1,1,1,1,1,1,1,1,4),(0.,0.03125,0.046875,
0.0625,0.078125,0.09375,0.125,0.15625,0.171875,0.1875,0.203125,0.21875,
0.234375,0.25,0.265625,0.28125,0.296875,0.3125,0.328125,0.34375,0.359375,
0.375,0.390625,0.40625,0.421875,0.4375,0.453125,0.46875,0.484375,0.5,0.5078125,
0.515625,0.53125,0.5390625,0.546875,0.5625,0.578125,0.59375,0.625,0.65625,
0.6875,0.71875,0.75,0.78125,0.8125,0.84375,0.875,0.890625,0.90625,0.9375,
1.),.UNSPECIFIED.);
#776=B_SPLINE_CURVE_WITH_KNOTS('',3,(#3367,#3368,#3369,#3370,#3371,#3372,
#3373,#3374,#3375,#3376,#3377,#3378,#3379,#3380,#3381,#3382,#3383,#3384,
#3385,#3386,#3387,#3388,#3389,#3390,#3391,#3392,#3393,#3394,#3395,#3396,
#3397,#3398,#3399,#3400,#3401,#3402,#3403,#3404,#3405,#3406,#3407,#3408,
#3409,#3410,#3411,#3412,#3413,#3414,#3415,#3416,#3417,#3418,#3419,#3420,
#3421,#3422,#3423,#3424,#3425),.UNSPECIFIED.,.F.,.F.,(4,1,1,1,1,1,1,1,1,
1,1,1,1,1,1,1,1,1,1,1,1,1,1,1,1,1,1,1,1,1,1,1,1,1,1,1,1,1,1,1,1,1,1,1,1,
1,1,1,1,1,1,1,1,1,1,1,4),(0.,0.015625,0.03125,0.046875,0.0625,0.0703125,
0.078125,0.09375,0.109375,0.125,0.15625,0.1875,0.21875,0.234375,0.25,0.265625,
0.28125,0.296875,0.3125,0.34375,0.359375,0.375,0.390625,0.40625,0.421875,
0.4375,0.5,0.53125,0.546875,0.5625,0.5703125,0.578125,0.59375,0.625,0.6328125,
0.640625,0.65625,0.671875,0.6875,0.71875,0.734375,0.75,0.765625,0.78125,
0.796875,0.8125,0.84375,0.859375,0.8671875,0.875,0.8828125,0.890625,0.90625,
0.921875,0.9375,0.96875,1.),.UNSPECIFIED.);
#777=B_SPLINE_CURVE_WITH_KNOTS('',3,(#3427,#3428,#3429,#3430,#3431,#3432,
#3433,#3434,#3435,#3436,#3437,#3438,#3439,#3440,#3441,#3442,#3443,#3444,
#3445,#3446,#3447,#3448,#3449),.UNSPECIFIED.,.F.,.F.,(4,1,1,1,1,1,1,1,1,
1,1,1,1,1,1,1,1,1,1,1,4),(0.,0.125,0.1875,0.21875,0.25,0.28125,0.3125,0.34375,
0.375,0.40625,0.4375,0.46875,0.484375,0.5,0.515625,0.53125,0.5625,0.625,
0.6875,0.75,1.),.UNSPECIFIED.);
#778=B_SPLINE_CURVE_WITH_KNOTS('',3,(#3741,#3742,#3743,#3744),
 .UNSPECIFIED.,.F.,.F.,(4,4),(0.,1.),.UNSPECIFIED.);
#779=B_SPLINE_CURVE_WITH_KNOTS('',3,(#3746,#3747,#3748,#3749,#3750,#3751,
#3752,#3753,#3754,#3755,#3756,#3757,#3758,#3759,#3760,#3761,#3762,#3763,
#3764,#3765,#3766,#3767,#3768,#3769,#3770,#3771,#3772,#3773,#3774,#3775,
#3776,#3777,#3778,#3779,#3780,#3781,#3782,#3783,#3784,#3785,#3786,#3787,
#3788,#3789,#3790),.UNSPECIFIED.,.F.,.F.,(4,1,1,1,1,1,1,1,1,1,1,1,1,1,1,
1,1,1,1,1,1,1,1,1,1,1,1,1,1,1,1,1,1,1,1,1,1,1,1,1,1,1,4),(0.,0.03125,0.0625,
0.0703125,0.078125,0.09375,0.109375,0.125,0.140625,0.15625,0.1875,0.21875,
0.25,0.28125,0.3125,0.34375,0.375,0.390625,0.40625,0.4375,0.5,0.5625,0.625,
0.65625,0.671875,0.6875,0.6953125,0.703125,0.71875,0.734375,0.75,0.765625,
0.78125,0.796875,0.8125,0.84375,0.859375,0.875,0.890625,0.90625,0.921875,
0.9375,1.),.UNSPECIFIED.);
#780=B_SPLINE_CURVE_WITH_KNOTS('',3,(#3792,#3793,#3794,#3795,#3796,#3797,
#3798,#3799,#3800,#3801,#3802,#3803,#3804,#3805,#3806,#3807,#3808,#3809,
#3810,#3811,#3812,#3813,#3814,#3815,#3816,#3817,#3818,#3819,#3820,#3821,
#3822,#3823,#3824,#3825,#3826,#3827,#3828,#3829,#3830,#3831,#3832,#3833,
#3834),.UNSPECIFIED.,.F.,.F.,(4,1,1,1,1,1,1,1,1,1,1,1,1,1,1,1,1,1,1,1,1,
1,1,1,1,1,1,1,1,1,1,1,1,1,1,1,1,1,1,1,4),(0.,0.03125,0.0625,0.0703125,0.078125,
0.09375,0.109375,0.125,0.1875,0.21875,0.234375,0.25,0.265625,0.28125,0.296875,
0.3125,0.34375,0.359375,0.375,0.390625,0.40625,0.4375,0.5,0.5625,0.625,
0.65625,0.671875,0.6796875,0.6875,0.703125,0.71875,0.734375,0.75,0.8125,
0.84375,0.859375,0.875,0.890625,0.90625,0.9375,1.),.UNSPECIFIED.);
#781=B_SPLINE_CURVE_WITH_KNOTS('',3,(#3836,#3837,#3838,#3839,#3840,#3841,
#3842,#3843,#3844,#3845,#3846,#3847,#3848,#3849,#3850,#3851,#3852,#3853,
#3854,#3855,#3856,#3857,#3858,#3859,#3860,#3861,#3862,#3863,#3864,#3865,
#3866,#3867,#3868,#3869,#3870,#3871,#3872,#3873,#3874,#3875,#3876,#3877,
#3878,#3879,#3880,#3881,#3882,#3883,#3884,#3885),.UNSPECIFIED.,.F.,.F.,
(4,1,1,1,1,1,1,1,1,1,1,1,1,1,1,1,1,1,1,1,1,1,1,1,1,1,1,1,1,1,1,1,1,1,1,
1,1,1,1,1,1,1,1,1,1,1,1,4),(0.,0.03125,0.046875,0.0625,0.078125,0.09375,
0.109375,0.125,0.140625,0.15625,0.171875,0.1875,0.203125,0.21875,0.234375,
0.25,0.28125,0.296875,0.3125,0.328125,0.34375,0.359375,0.375,0.390625,0.40625,
0.421875,0.4375,0.453125,0.46875,0.484375,0.5,0.515625,0.53125,0.5390625,
0.546875,0.5625,0.59375,0.625,0.6875,0.71875,0.75,0.8125,0.84375,0.875,
0.890625,0.90625,0.9375,1.),.UNSPECIFIED.);
#782=B_SPLINE_CURVE_WITH_KNOTS('',3,(#3887,#3888,#3889,#3890,#3891,#3892,
#3893,#3894,#3895,#3896,#3897,#3898,#3899,#3900,#3901,#3902,#3903,#3904,
#3905,#3906,#3907,#3908,#3909,#3910,#3911,#3912,#3913,#3914,#3915,#3916,
#3917,#3918,#3919,#3920,#3921,#3922,#3923,#3924,#3925,#3926,#3927,#3928,
#3929,#3930,#3931,#3932,#3933,#3934,#3935,#3936,#3937,#3938),
 .UNSPECIFIED.,.F.,.F.,(4,1,1,1,1,1,1,1,1,1,1,1,1,1,1,1,1,1,1,1,1,1,1,1,
1,1,1,1,1,1,1,1,1,1,1,1,1,1,1,1,1,1,1,1,1,1,1,1,1,4),(0.,0.03125,0.0625,
0.0703125,0.078125,0.09375,0.109375,0.125,0.1875,0.21875,0.234375,0.25,
0.265625,0.28125,0.296875,0.3125,0.34375,0.359375,0.375,0.390625,0.40625,
0.421875,0.4375,0.46875,0.484375,0.5,0.515625,0.53125,0.546875,0.5625,0.59375,
0.625,0.65625,0.671875,0.6875,0.703125,0.71875,0.734375,0.75,0.765625,0.78125,
0.796875,0.8125,0.84375,0.859375,0.875,0.890625,0.90625,0.9375,1.),
 .UNSPECIFIED.);
#783=B_SPLINE_CURVE_WITH_KNOTS('',3,(#3940,#3941,#3942,#3943,#3944,#3945,
#3946,#3947,#3948,#3949,#3950,#3951,#3952,#3953,#3954,#3955,#3956,#3957,
#3958,#3959,#3960,#3961,#3962,#3963,#3964,#3965,#3966,#3967,#3968,#3969,
#3970,#3971,#3972,#3973,#3974,#3975,#3976,#3977,#3978,#3979,#3980,#3981,
#3982,#3983,#3984,#3985,#3986,#3987,#3988,#3989,#3990,#3991,#3992),
 .UNSPECIFIED.,.F.,.F.,(4,1,1,1,1,1,1,1,1,1,1,1,1,1,1,1,1,1,1,1,1,1,1,1,
1,1,1,1,1,1,1,1,1,1,1,1,1,1,1,1,1,1,1,1,1,1,1,1,1,1,4),(0.,0.03125,0.0625,
0.0703125,0.078125,0.09375,0.109375,0.125,0.15625,0.1875,0.21875,0.234375,
0.25,0.265625,0.28125,0.296875,0.3125,0.34375,0.359375,0.375,0.390625,0.40625,
0.421875,0.4375,0.5,0.53125,0.5625,0.578125,0.59375,0.6015625,0.609375,
0.625,0.65625,0.671875,0.6875,0.71875,0.734375,0.75,0.765625,0.78125,0.796875,
0.8125,0.828125,0.84375,0.875,0.90625,0.921875,0.9375,0.953125,0.96875,
1.),.UNSPECIFIED.);
#784=B_SPLINE_CURVE_WITH_KNOTS('',3,(#3994,#3995,#3996,#3997,#3998,#3999,
#4000,#4001,#4002,#4003,#4004,#4005,#4006,#4007,#4008,#4009,#4010,#4011,
#4012,#4013,#4014,#4015,#4016,#4017,#4018,#4019,#4020,#4021,#4022,#4023,
#4024,#4025,#4026,#4027,#4028,#4029,#4030,#4031,#4032,#4033,#4034,#4035,
#4036,#4037,#4038,#4039,#4040,#4041,#4042),.UNSPECIFIED.,.F.,.F.,(4,1,1,
1,1,1,1,1,1,1,1,1,1,1,1,1,1,1,1,1,1,1,1,1,1,1,1,1,1,1,1,1,1,1,1,1,1,1,1,
1,1,1,1,1,1,1,4),(0.,0.03125,0.0625,0.0703125,0.078125,0.09375,0.109375,
0.125,0.140625,0.15625,0.1875,0.21875,0.25,0.28125,0.3125,0.34375,0.375,
0.390625,0.40625,0.4375,0.5,0.53125,0.5390625,0.546875,0.5625,0.5703125,
0.578125,0.59375,0.625,0.65625,0.671875,0.6875,0.703125,0.71875,0.734375,
0.75,0.765625,0.78125,0.796875,0.8125,0.84375,0.859375,0.875,0.890625,0.90625,
0.9375,1.),.UNSPECIFIED.);
#785=B_SPLINE_CURVE_WITH_KNOTS('',3,(#4044,#4045,#4046,#4047,#4048,#4049,
#4050,#4051,#4052,#4053,#4054,#4055,#4056,#4057,#4058,#4059,#4060,#4061,
#4062,#4063,#4064,#4065,#4066,#4067,#4068,#4069,#4070,#4071,#4072,#4073,
#4074,#4075,#4076,#4077,#4078,#4079,#4080,#4081,#4082,#4083,#4084,#4085,
#4086,#4087),.UNSPECIFIED.,.F.,.F.,(4,1,1,1,1,1,1,1,1,1,1,1,1,1,1,1,1,1,
1,1,1,1,1,1,1,1,1,1,1,1,1,1,1,1,1,1,1,1,1,1,1,4),(0.,0.03125,0.0625,0.0703125,
0.078125,0.09375,0.109375,0.125,0.15625,0.1875,0.21875,0.234375,0.25,0.265625,
0.28125,0.296875,0.3125,0.34375,0.359375,0.375,0.390625,0.40625,0.4375,
0.5,0.5625,0.625,0.65625,0.671875,0.6796875,0.6875,0.703125,0.71875,0.734375,
0.75,0.8125,0.84375,0.859375,0.875,0.890625,0.90625,0.9375,1.),
 .UNSPECIFIED.);
#786=B_SPLINE_CURVE_WITH_KNOTS('',3,(#4089,#4090,#4091,#4092,#4093,#4094,
#4095,#4096,#4097,#4098,#4099,#4100,#4101,#4102,#4103,#4104,#4105,#4106,
#4107,#4108,#4109,#4110,#4111,#4112,#4113,#4114,#4115,#4116,#4117,#4118,
#4119,#4120,#4121,#4122,#4123,#4124,#4125,#4126,#4127),.UNSPECIFIED.,.F.,
 .F.,(4,1,1,1,1,1,1,1,1,1,1,1,1,1,1,1,1,1,1,1,1,1,1,1,1,1,1,1,1,1,1,1,1,
1,1,1,4),(0.,0.03125,0.0625,0.0703125,0.078125,0.09375,0.109375,0.125,0.15625,
0.1875,0.21875,0.25,0.28125,0.3125,0.34375,0.375,0.390625,0.40625,0.4375,
0.5,0.5625,0.59375,0.625,0.65625,0.6875,0.71875,0.75,0.78125,0.796875,0.8125,
0.828125,0.84375,0.8515625,0.859375,0.875,0.9375,1.),.UNSPECIFIED.);
#787=B_SPLINE_CURVE_WITH_KNOTS('',3,(#4129,#4130,#4131,#4132,#4133,#4134,
#4135,#4136,#4137,#4138,#4139,#4140,#4141,#4142,#4143,#4144,#4145,#4146,
#4147,#4148,#4149,#4150,#4151,#4152,#4153,#4154,#4155,#4156,#4157,#4158,
#4159,#4160,#4161,#4162,#4163,#4164,#4165,#4166,#4167,#4168,#4169,#4170,
#4171,#4172,#4173,#4174,#4175,#4176,#4177,#4178,#4179,#4180,#4181,#4182),
 .UNSPECIFIED.,.F.,.F.,(4,1,1,1,1,1,1,1,1,1,1,1,1,1,1,1,1,1,1,1,1,1,1,1,
1,1,1,1,1,1,1,1,1,1,1,1,1,1,1,1,1,1,1,1,1,1,1,1,1,1,1,4),(0.,0.03125,0.0625,
0.0703125,0.078125,0.09375,0.109375,0.125,0.15625,0.1875,0.21875,0.234375,
0.25,0.265625,0.28125,0.296875,0.3125,0.34375,0.359375,0.375,0.390625,0.40625,
0.421875,0.4375,0.46875,0.484375,0.5,0.515625,0.53125,0.546875,0.5546875,
0.5625,0.578125,0.59375,0.609375,0.625,0.65625,0.6875,0.703125,0.71875,
0.75,0.78125,0.796875,0.8125,0.828125,0.84375,0.8515625,0.859375,0.875,
0.90625,0.9375,1.),.UNSPECIFIED.);
#788=B_SPLINE_CURVE_WITH_KNOTS('',3,(#4184,#4185,#4186,#4187,#4188,#4189,
#4190,#4191,#4192,#4193,#4194,#4195,#4196,#4197,#4198,#4199,#4200,#4201,
#4202,#4203,#4204,#4205,#4206,#4207,#4208,#4209,#4210,#4211,#4212,#4213,
#4214,#4215,#4216,#4217,#4218,#4219,#4220,#4221,#4222,#4223,#4224,#4225,
#4226,#4227,#4228,#4229,#4230,#4231),.UNSPECIFIED.,.F.,.F.,(4,1,1,1,1,1,
1,1,1,1,1,1,1,1,1,1,1,1,1,1,1,1,1,1,1,1,1,1,1,1,1,1,1,1,1,1,1,1,1,1,1,1,
1,1,1,4),(0.,0.03125,0.0625,0.0703125,0.078125,0.09375,0.109375,0.125,0.15625,
0.1875,0.21875,0.234375,0.25,0.265625,0.28125,0.3125,0.34375,0.359375,0.375,
0.390625,0.40625,0.421875,0.4375,0.46875,0.484375,0.5,0.515625,0.53125,
0.5625,0.625,0.65625,0.6875,0.71875,0.734375,0.75,0.765625,0.78125,0.8125,
0.8203125,0.828125,0.84375,0.859375,0.875,0.90625,0.9375,1.),
 .UNSPECIFIED.);
#789=B_SPLINE_CURVE_WITH_KNOTS('',3,(#4233,#4234,#4235,#4236,#4237,#4238,
#4239,#4240,#4241,#4242,#4243,#4244,#4245,#4246,#4247,#4248,#4249,#4250,
#4251,#4252,#4253,#4254,#4255,#4256,#4257,#4258,#4259,#4260,#4261,#4262,
#4263,#4264,#4265,#4266,#4267,#4268,#4269,#4270,#4271),.UNSPECIFIED.,.F.,
 .F.,(4,1,1,1,1,1,1,1,1,1,1,1,1,1,1,1,1,1,1,1,1,1,1,1,1,1,1,1,1,1,1,1,1,
1,1,1,4),(0.,0.03125,0.0390625,0.046875,0.0625,0.09375,0.125,0.1875,0.21875,
0.25,0.3125,0.34375,0.375,0.390625,0.40625,0.4375,0.5,0.625,0.65625,0.671875,
0.6875,0.703125,0.71875,0.734375,0.75,0.765625,0.78125,0.796875,0.8125,
0.84375,0.859375,0.875,0.890625,0.90625,0.921875,0.9375,1.),
 .UNSPECIFIED.);
#790=B_SPLINE_CURVE_WITH_KNOTS('',3,(#4273,#4274,#4275,#4276,#4277,#4278,
#4279,#4280,#4281,#4282,#4283,#4284,#4285,#4286,#4287,#4288,#4289,#4290,
#4291,#4292,#4293,#4294,#4295,#4296,#4297,#4298,#4299,#4300,#4301,#4302,
#4303,#4304,#4305,#4306,#4307,#4308,#4309,#4310,#4311,#4312,#4313,#4314,
#4315,#4316,#4317,#4318,#4319,#4320),.UNSPECIFIED.,.F.,.F.,(4,1,1,1,1,1,
1,1,1,1,1,1,1,1,1,1,1,1,1,1,1,1,1,1,1,1,1,1,1,1,1,1,1,1,1,1,1,1,1,1,1,1,
1,1,1,4),(0.,0.03125,0.0625,0.0703125,0.078125,0.09375,0.109375,0.125,0.15625,
0.1875,0.21875,0.234375,0.25,0.265625,0.28125,0.296875,0.3125,0.34375,0.359375,
0.375,0.390625,0.40625,0.4375,0.5,0.5625,0.625,0.65625,0.671875,0.6875,
0.6953125,0.703125,0.71875,0.734375,0.75,0.765625,0.78125,0.796875,0.8125,
0.84375,0.875,0.90625,0.921875,0.9375,0.953125,0.96875,1.),
 .UNSPECIFIED.);
#791=B_SPLINE_CURVE_WITH_KNOTS('',3,(#4322,#4323,#4324,#4325,#4326,#4327,
#4328,#4329,#4330,#4331,#4332,#4333,#4334,#4335,#4336,#4337,#4338,#4339,
#4340,#4341,#4342,#4343,#4344,#4345,#4346,#4347,#4348,#4349,#4350,#4351,
#4352,#4353,#4354,#4355,#4356,#4357,#4358,#4359,#4360,#4361,#4362,#4363,
#4364,#4365,#4366),.UNSPECIFIED.,.F.,.F.,(4,1,1,1,1,1,1,1,1,1,1,1,1,1,1,
1,1,1,1,1,1,1,1,1,1,1,1,1,1,1,1,1,1,1,1,1,1,1,1,1,1,1,4),(0.,0.03125,0.0625,
0.0703125,0.078125,0.09375,0.109375,0.125,0.140625,0.15625,0.1875,0.21875,
0.25,0.28125,0.3125,0.34375,0.375,0.390625,0.40625,0.4375,0.5,0.5625,0.625,
0.65625,0.671875,0.6875,0.6953125,0.703125,0.71875,0.734375,0.75,0.765625,
0.78125,0.796875,0.8125,0.84375,0.859375,0.875,0.890625,0.90625,0.921875,
0.9375,1.),.UNSPECIFIED.);
#792=B_SPLINE_CURVE_WITH_KNOTS('',3,(#4368,#4369,#4370,#4371,#4372,#4373,
#4374,#4375,#4376,#4377,#4378,#4379,#4380,#4381,#4382,#4383,#4384,#4385,
#4386,#4387,#4388,#4389,#4390,#4391,#4392,#4393,#4394,#4395,#4396,#4397,
#4398,#4399,#4400,#4401,#4402,#4403,#4404,#4405,#4406,#4407,#4408,#4409,
#4410),.UNSPECIFIED.,.F.,.F.,(4,1,1,1,1,1,1,1,1,1,1,1,1,1,1,1,1,1,1,1,1,
1,1,1,1,1,1,1,1,1,1,1,1,1,1,1,1,1,1,1,4),(0.,0.03125,0.0625,0.0703125,0.078125,
0.09375,0.109375,0.125,0.1875,0.21875,0.234375,0.25,0.265625,0.28125,0.296875,
0.3125,0.34375,0.359375,0.375,0.390625,0.40625,0.4375,0.5,0.5625,0.625,
0.65625,0.671875,0.6796875,0.6875,0.703125,0.71875,0.734375,0.75,0.8125,
0.84375,0.859375,0.875,0.890625,0.90625,0.9375,1.),.UNSPECIFIED.);
#793=B_SPLINE_CURVE_WITH_KNOTS('',3,(#4412,#4413,#4414,#4415,#4416,#4417,
#4418,#4419,#4420,#4421,#4422,#4423,#4424,#4425,#4426,#4427,#4428,#4429,
#4430,#4431,#4432,#4433,#4434,#4435,#4436,#4437,#4438,#4439,#4440,#4441,
#4442,#4443,#4444,#4445,#4446,#4447,#4448,#4449,#4450,#4451,#4452,#4453,
#4454,#4455,#4456,#4457,#4458,#4459,#4460,#4461),.UNSPECIFIED.,.F.,.F.,
(4,1,1,1,1,1,1,1,1,1,1,1,1,1,1,1,1,1,1,1,1,1,1,1,1,1,1,1,1,1,1,1,1,1,1,
1,1,1,1,1,1,1,1,1,1,1,1,4),(0.,0.03125,0.046875,0.0625,0.078125,0.09375,
0.109375,0.125,0.140625,0.15625,0.171875,0.1875,0.203125,0.21875,0.234375,
0.25,0.28125,0.296875,0.3125,0.328125,0.34375,0.359375,0.375,0.390625,0.40625,
0.421875,0.4375,0.453125,0.46875,0.484375,0.5,0.515625,0.53125,0.5390625,
0.546875,0.5625,0.59375,0.625,0.6875,0.71875,0.75,0.8125,0.84375,0.875,
0.890625,0.90625,0.9375,1.),.UNSPECIFIED.);
#794=B_SPLINE_CURVE_WITH_KNOTS('',3,(#4463,#4464,#4465,#4466,#4467,#4468,
#4469,#4470,#4471,#4472,#4473,#4474,#4475,#4476,#4477,#4478,#4479,#4480,
#4481,#4482,#4483,#4484,#4485,#4486,#4487,#4488,#4489,#4490,#4491,#4492,
#4493,#4494,#4495,#4496,#4497,#4498,#4499,#4500,#4501,#4502,#4503,#4504,
#4505,#4506,#4507,#4508,#4509,#4510,#4511,#4512,#4513,#4514),
 .UNSPECIFIED.,.F.,.F.,(4,1,1,1,1,1,1,1,1,1,1,1,1,1,1,1,1,1,1,1,1,1,1,1,
1,1,1,1,1,1,1,1,1,1,1,1,1,1,1,1,1,1,1,1,1,1,1,1,1,4),(0.,0.03125,0.0625,
0.0703125,0.078125,0.09375,0.109375,0.125,0.1875,0.21875,0.234375,0.25,
0.265625,0.28125,0.296875,0.3125,0.34375,0.359375,0.375,0.390625,0.40625,
0.421875,0.4375,0.46875,0.484375,0.5,0.515625,0.53125,0.546875,0.5625,0.59375,
0.625,0.65625,0.671875,0.6875,0.703125,0.71875,0.734375,0.75,0.765625,0.78125,
0.796875,0.8125,0.84375,0.859375,0.875,0.890625,0.90625,0.9375,1.),
 .UNSPECIFIED.);
#795=B_SPLINE_CURVE_WITH_KNOTS('',3,(#4516,#4517,#4518,#4519,#4520,#4521,
#4522,#4523,#4524,#4525,#4526,#4527,#4528,#4529,#4530,#4531,#4532,#4533,
#4534,#4535,#4536,#4537,#4538,#4539,#4540,#4541,#4542,#4543,#4544,#4545,
#4546,#4547,#4548,#4549,#4550,#4551,#4552,#4553,#4554,#4555,#4556,#4557,
#4558,#4559,#4560,#4561,#4562,#4563,#4564,#4565,#4566,#4567,#4568),
 .UNSPECIFIED.,.F.,.F.,(4,1,1,1,1,1,1,1,1,1,1,1,1,1,1,1,1,1,1,1,1,1,1,1,
1,1,1,1,1,1,1,1,1,1,1,1,1,1,1,1,1,1,1,1,1,1,1,1,1,1,4),(0.,0.03125,0.0625,
0.0703125,0.078125,0.09375,0.109375,0.125,0.15625,0.1875,0.21875,0.234375,
0.25,0.265625,0.28125,0.296875,0.3125,0.34375,0.359375,0.375,0.390625,0.40625,
0.421875,0.4375,0.5,0.53125,0.5625,0.578125,0.59375,0.6015625,0.609375,
0.625,0.65625,0.671875,0.6875,0.71875,0.734375,0.75,0.765625,0.78125,0.796875,
0.8125,0.828125,0.84375,0.875,0.90625,0.921875,0.9375,0.953125,0.96875,
1.),.UNSPECIFIED.);
#796=B_SPLINE_CURVE_WITH_KNOTS('',3,(#4570,#4571,#4572,#4573,#4574,#4575,
#4576,#4577,#4578,#4579,#4580,#4581,#4582,#4583,#4584,#4585,#4586,#4587,
#4588,#4589,#4590,#4591,#4592),.UNSPECIFIED.,.F.,.F.,(4,1,1,1,1,1,1,1,1,
1,1,1,1,1,1,1,1,1,1,1,4),(0.,0.0625,0.09375,0.125,0.15625,0.1875,0.25,0.3125,
0.375,0.4375,0.46875,0.5,0.53125,0.5625,0.59375,0.625,0.65625,0.6875,0.75,
0.875,1.),.UNSPECIFIED.);
#797=B_SPLINE_CURVE_WITH_KNOTS('',3,(#4594,#4595,#4596,#4597,#4598,#4599,
#4600,#4601,#4602,#4603,#4604,#4605,#4606,#4607,#4608,#4609,#4610,#4611,
#4612,#4613,#4614,#4615,#4616,#4617,#4618,#4619,#4620,#4621,#4622,#4623,
#4624,#4625,#4626,#4627,#4628,#4629,#4630,#4631,#4632,#4633,#4634,#4635,
#4636,#4637,#4638,#4639,#4640,#4641,#4642,#4643,#4644,#4645,#4646,#4647,
#4648,#4649,#4650,#4651,#4652,#4653,#4654,#4655,#4656,#4657,#4658,#4659,
#4660,#4661,#4662,#4663,#4664,#4665,#4666,#4667,#4668,#4669,#4670,#4671,
#4672,#4673,#4674,#4675,#4676,#4677,#4678,#4679,#4680,#4681),
 .UNSPECIFIED.,.F.,.F.,(4,3,3,3,3,3,3,3,3,3,3,3,3,3,3,3,3,3,3,3,3,3,3,3,
3,3,3,3,3,4),(0.,0.0149109078672672,0.0664994819403435,0.111193587957662,
0.132643845468273,0.146502053301245,0.158633664358421,0.215665911250374,
0.267762515957504,0.306834969487851,0.315925105291333,0.325543204065868,
0.379706999732337,0.424052330078894,0.47962873037349,0.492272005208875,
0.50224886962411,0.560768256254975,0.619425768960265,0.65058048939469,0.664344451423069,
0.677975415395533,0.738957096516898,0.799229923763955,0.833946728099808,
0.854999593683304,0.868663532435661,0.925683785281379,0.983456158431383,
1.),.UNSPECIFIED.);
#798=B_SPLINE_CURVE_WITH_KNOTS('',3,(#4683,#4684,#4685,#4686,#4687,#4688,
#4689,#4690,#4691,#4692,#4693,#4694,#4695,#4696,#4697,#4698,#4699,#4700,
#4701,#4702,#4703,#4704,#4705,#4706,#4707,#4708,#4709,#4710,#4711,#4712,
#4713,#4714,#4715,#4716,#4717,#4718,#4719,#4720,#4721,#4722,#4723,#4724,
#4725,#4726,#4727,#4728),.UNSPECIFIED.,.F.,.F.,(4,1,1,1,1,1,1,1,1,1,1,1,
1,1,1,1,1,1,1,1,1,1,1,1,1,1,1,1,1,1,1,1,1,1,1,1,1,1,1,1,1,1,1,4),(0.,0.03125,
0.046875,0.0625,0.09375,0.109375,0.125,0.140625,0.15625,0.1875,0.21875,
0.234375,0.25,0.265625,0.28125,0.3125,0.34375,0.375,0.40625,0.4375,0.46875,
0.5,0.53125,0.5625,0.59375,0.609375,0.625,0.640625,0.65625,0.671875,0.6875,
0.71875,0.75,0.78125,0.8125,0.828125,0.84375,0.859375,0.875,0.90625,0.921875,
0.9375,0.96875,1.),.UNSPECIFIED.);
#799=B_SPLINE_CURVE_WITH_KNOTS('',3,(#4730,#4731,#4732,#4733,#4734,#4735,
#4736,#4737,#4738,#4739,#4740,#4741,#4742,#4743,#4744,#4745,#4746,#4747,
#4748,#4749,#4750,#4751,#4752,#4753,#4754,#4755,#4756,#4757,#4758,#4759,
#4760,#4761,#4762,#4763,#4764,#4765,#4766,#4767,#4768,#4769,#4770,#4771,
#4772,#4773,#4774,#4775,#4776,#4777,#4778,#4779,#4780,#4781,#4782,#4783,
#4784,#4785,#4786,#4787,#4788),.UNSPECIFIED.,.F.,.F.,(4,1,1,1,1,1,1,1,1,
1,1,1,1,1,1,1,1,1,1,1,1,1,1,1,1,1,1,1,1,1,1,1,1,1,1,1,1,1,1,1,1,1,1,1,1,
1,1,1,1,1,1,1,1,1,1,1,4),(0.,0.015625,0.03125,0.046875,0.0625,0.0703125,
0.078125,0.09375,0.109375,0.125,0.15625,0.1875,0.21875,0.234375,0.25,0.265625,
0.28125,0.296875,0.3125,0.34375,0.359375,0.375,0.390625,0.40625,0.421875,
0.4375,0.5,0.53125,0.546875,0.5625,0.5703125,0.578125,0.59375,0.625,0.6328125,
0.640625,0.65625,0.671875,0.6875,0.71875,0.734375,0.75,0.765625,0.78125,
0.796875,0.8125,0.84375,0.859375,0.8671875,0.875,0.8828125,0.890625,0.90625,
0.921875,0.9375,0.96875,1.),.UNSPECIFIED.);
#800=B_SPLINE_CURVE_WITH_KNOTS('',3,(#4790,#4791,#4792,#4793,#4794,#4795,
#4796,#4797,#4798,#4799,#4800,#4801,#4802,#4803,#4804,#4805,#4806,#4807,
#4808,#4809,#4810,#4811,#4812,#4813,#4814,#4815,#4816,#4817,#4818,#4819,
#4820,#4821,#4822,#4823,#4824,#4825,#4826,#4827,#4828,#4829,#4830,#4831,
#4832,#4833,#4834,#4835,#4836,#4837,#4838,#4839,#4840,#4841,#4842,#4843,
#4844,#4845),.UNSPECIFIED.,.F.,.F.,(4,1,1,1,1,1,1,1,1,1,1,1,1,1,1,1,1,1,
1,1,1,1,1,1,1,1,1,1,1,1,1,1,1,1,1,1,1,1,1,1,1,1,1,1,1,1,1,1,1,1,1,1,1,4),
(0.,0.015625,0.03125,0.046875,0.0625,0.0703125,0.078125,0.09375,0.125,0.1328125,
0.140625,0.15625,0.171875,0.1875,0.21875,0.234375,0.25,0.265625,0.28125,
0.296875,0.3125,0.34375,0.359375,0.375,0.390625,0.40625,0.421875,0.4375,
0.5,0.53125,0.5625,0.59375,0.609375,0.625,0.640625,0.65625,0.671875,0.6875,
0.71875,0.734375,0.75,0.765625,0.78125,0.796875,0.8125,0.84375,0.859375,
0.875,0.890625,0.90625,0.921875,0.9375,0.96875,1.),.UNSPECIFIED.);
#801=B_SPLINE_CURVE_WITH_KNOTS('',3,(#4847,#4848,#4849,#4850,#4851,#4852,
#4853,#4854,#4855,#4856,#4857,#4858,#4859,#4860,#4861,#4862,#4863,#4864,
#4865,#4866,#4867,#4868,#4869,#4870,#4871,#4872,#4873,#4874,#4875,#4876,
#4877,#4878,#4879,#4880,#4881,#4882,#4883,#4884,#4885,#4886,#4887,#4888,
#4889,#4890,#4891,#4892,#4893,#4894,#4895,#4896,#4897,#4898,#4899,#4900,
#4901,#4902,#4903),.UNSPECIFIED.,.F.,.F.,(4,1,1,1,1,1,1,1,1,1,1,1,1,1,1,
1,1,1,1,1,1,1,1,1,1,1,1,1,1,1,1,1,1,1,1,1,1,1,1,1,1,1,1,1,1,1,1,1,1,1,1,
1,1,1,4),(0.,0.03125,0.046875,0.0625,0.078125,0.09375,0.109375,0.125,0.140625,
0.15625,0.171875,0.1875,0.203125,0.21875,0.234375,0.25,0.265625,0.28125,
0.296875,0.3125,0.328125,0.34375,0.359375,0.375,0.40625,0.421875,0.4375,
0.453125,0.46875,0.484375,0.5,0.515625,0.53125,0.546875,0.5625,0.578125,
0.59375,0.625,0.65625,0.671875,0.6796875,0.6875,0.703125,0.7109375,0.71875,
0.734375,0.75,0.8125,0.84375,0.859375,0.875,0.890625,0.90625,0.9375,1.),
 .UNSPECIFIED.);
#802=B_SPLINE_CURVE_WITH_KNOTS('',3,(#4905,#4906,#4907,#4908,#4909,#4910,
#4911,#4912,#4913,#4914,#4915,#4916,#4917,#4918,#4919,#4920,#4921,#4922,
#4923,#4924,#4925,#4926,#4927,#4928,#4929,#4930,#4931,#4932,#4933,#4934,
#4935,#4936,#4937,#4938,#4939,#4940,#4941,#4942,#4943,#4944,#4945,#4946,
#4947,#4948,#4949,#4950,#4951,#4952,#4953,#4954,#4955,#4956,#4957,#4958,
#4959,#4960,#4961,#4962,#4963,#4964,#4965),.UNSPECIFIED.,.F.,.F.,(4,1,1,
1,1,1,1,1,1,1,1,1,1,1,1,1,1,1,1,1,1,1,1,1,1,1,1,1,1,1,1,1,1,1,1,1,1,1,1,
1,1,1,1,1,1,1,1,1,1,1,1,1,1,1,1,1,1,1,4),(0.,0.015625,0.03125,0.046875,
0.0625,0.0703125,0.078125,0.09375,0.125,0.1328125,0.140625,0.15625,0.171875,
0.1875,0.21875,0.234375,0.25,0.265625,0.28125,0.3125,0.34375,0.359375,0.3671875,
0.375,0.3828125,0.390625,0.40625,0.421875,0.4375,0.46875,0.5,0.5625,0.625,
0.65625,0.671875,0.6875,0.6953125,0.703125,0.71875,0.734375,0.7421875,0.75,
0.7578125,0.765625,0.78125,0.7890625,0.796875,0.8125,0.8203125,0.828125,
0.84375,0.875,0.8828125,0.890625,0.90625,0.921875,0.9375,0.96875,1.),
 .UNSPECIFIED.);
#803=B_SPLINE_CURVE_WITH_KNOTS('',3,(#4967,#4968,#4969,#4970,#4971,#4972,
#4973,#4974,#4975,#4976,#4977,#4978,#4979,#4980,#4981,#4982,#4983,#4984,
#4985,#4986,#4987,#4988,#4989,#4990,#4991,#4992,#4993,#4994,#4995,#4996,
#4997,#4998,#4999,#5000,#5001,#5002,#5003,#5004,#5005,#5006,#5007,#5008,
#5009,#5010,#5011,#5012,#5013,#5014,#5015,#5016,#5017,#5018,#5019,#5020,
#5021,#5022),.UNSPECIFIED.,.F.,.F.,(4,1,1,1,1,1,1,1,1,1,1,1,1,1,1,1,1,1,
1,1,1,1,1,1,1,1,1,1,1,1,1,1,1,1,1,1,1,1,1,1,1,1,1,1,1,1,1,1,1,1,1,1,1,4),
(0.,0.03125,0.046875,0.0625,0.078125,0.09375,0.109375,0.125,0.15625,0.171875,
0.1875,0.203125,0.21875,0.234375,0.25,0.265625,0.28125,0.296875,0.3125,
0.328125,0.34375,0.359375,0.375,0.390625,0.40625,0.421875,0.4375,0.453125,
0.46875,0.484375,0.5,0.5078125,0.515625,0.53125,0.5390625,0.546875,0.5625,
0.578125,0.59375,0.625,0.65625,0.6875,0.71875,0.7265625,0.734375,0.75,0.78125,
0.8125,0.84375,0.875,0.890625,0.90625,0.9375,1.),.UNSPECIFIED.);
#804=B_SPLINE_CURVE_WITH_KNOTS('',3,(#5024,#5025,#5026,#5027,#5028,#5029,
#5030,#5031,#5032,#5033,#5034,#5035,#5036,#5037,#5038,#5039,#5040,#5041,
#5042,#5043,#5044,#5045,#5046,#5047,#5048,#5049,#5050,#5051,#5052,#5053,
#5054,#5055,#5056,#5057,#5058,#5059,#5060,#5061,#5062,#5063,#5064,#5065,
#5066,#5067,#5068,#5069,#5070,#5071,#5072,#5073,#5074,#5075,#5076,#5077,
#5078,#5079,#5080,#5081,#5082,#5083,#5084,#5085),.UNSPECIFIED.,.F.,.F.,
(4,1,1,1,1,1,1,1,1,1,1,1,1,1,1,1,1,1,1,1,1,1,1,1,1,1,1,1,1,1,1,1,1,1,1,
1,1,1,1,1,1,1,1,1,1,1,1,1,1,1,1,1,1,1,1,1,1,1,1,4),(0.,0.015625,0.03125,
0.046875,0.0625,0.078125,0.09375,0.109375,0.125,0.140625,0.15625,0.1875,
0.21875,0.234375,0.25,0.265625,0.28125,0.3125,0.34375,0.359375,0.375,0.390625,
0.40625,0.421875,0.4375,0.46875,0.484375,0.5,0.515625,0.53125,0.546875,
0.5625,0.59375,0.609375,0.6171875,0.625,0.6328125,0.640625,0.6484375,0.65625,
0.671875,0.6875,0.71875,0.734375,0.75,0.765625,0.78125,0.796875,0.8125,
0.84375,0.859375,0.8671875,0.875,0.8828125,0.890625,0.90625,0.921875,0.9375,
0.96875,1.),.UNSPECIFIED.);
#805=B_SPLINE_CURVE_WITH_KNOTS('',3,(#5087,#5088,#5089,#5090,#5091,#5092,
#5093,#5094,#5095,#5096,#5097,#5098,#5099,#5100,#5101,#5102,#5103,#5104,
#5105,#5106,#5107,#5108,#5109,#5110,#5111,#5112,#5113,#5114,#5115,#5116,
#5117,#5118,#5119,#5120,#5121,#5122,#5123,#5124,#5125,#5126,#5127,#5128,
#5129,#5130,#5131,#5132,#5133,#5134,#5135,#5136),.UNSPECIFIED.,.F.,.F.,
(4,1,1,1,1,1,1,1,1,1,1,1,1,1,1,1,1,1,1,1,1,1,1,1,1,1,1,1,1,1,1,1,1,1,1,
1,1,1,1,1,1,1,1,1,1,1,1,4),(0.,0.015625,0.03125,0.046875,0.0625,0.0703125,
0.078125,0.09375,0.125,0.1328125,0.140625,0.15625,0.171875,0.1875,0.21875,
0.234375,0.25,0.265625,0.28125,0.296875,0.3125,0.34375,0.359375,0.375,0.390625,
0.40625,0.421875,0.4375,0.5,0.53125,0.546875,0.5625,0.5703125,0.578125,
0.59375,0.609375,0.625,0.640625,0.65625,0.6875,0.71875,0.75,0.78125,0.8125,
0.875,0.90625,0.9375,1.),.UNSPECIFIED.);
#806=B_SPLINE_CURVE_WITH_KNOTS('',3,(#5138,#5139,#5140,#5141,#5142,#5143,
#5144,#5145,#5146,#5147,#5148,#5149,#5150,#5151,#5152,#5153,#5154,#5155,
#5156,#5157,#5158,#5159,#5160,#5161,#5162,#5163,#5164,#5165,#5166,#5167,
#5168,#5169,#5170,#5171,#5172,#5173,#5174,#5175,#5176,#5177,#5178,#5179,
#5180,#5181,#5182,#5183,#5184,#5185,#5186,#5187,#5188,#5189,#5190,#5191,
#5192,#5193,#5194,#5195),.UNSPECIFIED.,.F.,.F.,(4,1,1,1,1,1,1,1,1,1,1,1,
1,1,1,1,1,1,1,1,1,1,1,1,1,1,1,1,1,1,1,1,1,1,1,1,1,1,1,1,1,1,1,1,1,1,1,1,
1,1,1,1,1,1,1,4),(0.,0.03125,0.046875,0.0625,0.078125,0.09375,0.109375,
0.125,0.140625,0.15625,0.171875,0.1875,0.203125,0.21875,0.234375,0.25,0.265625,
0.28125,0.296875,0.3125,0.328125,0.34375,0.359375,0.375,0.40625,0.421875,
0.4375,0.453125,0.46875,0.484375,0.5,0.515625,0.53125,0.546875,0.5625,0.5703125,
0.578125,0.59375,0.609375,0.625,0.6328125,0.640625,0.6484375,0.65625,0.671875,
0.6875,0.71875,0.75,0.8125,0.84375,0.859375,0.875,0.890625,0.90625,0.9375,
1.),.UNSPECIFIED.);
#807=B_SPLINE_CURVE_WITH_KNOTS('',3,(#5197,#5198,#5199,#5200,#5201,#5202,
#5203,#5204,#5205,#5206,#5207,#5208,#5209,#5210,#5211,#5212,#5213,#5214,
#5215,#5216,#5217,#5218,#5219,#5220,#5221,#5222,#5223,#5224,#5225,#5226,
#5227,#5228,#5229,#5230,#5231,#5232,#5233,#5234,#5235,#5236,#5237,#5238,
#5239,#5240,#5241,#5242,#5243,#5244,#5245,#5246,#5247,#5248,#5249,#5250,
#5251,#5252,#5253,#5254,#5255,#5256,#5257),.UNSPECIFIED.,.F.,.F.,(4,1,1,
1,1,1,1,1,1,1,1,1,1,1,1,1,1,1,1,1,1,1,1,1,1,1,1,1,1,1,1,1,1,1,1,1,1,1,1,
1,1,1,1,1,1,1,1,1,1,1,1,1,1,1,1,1,1,1,4),(0.,0.015625,0.03125,0.046875,
0.0625,0.0703125,0.078125,0.09375,0.125,0.1328125,0.140625,0.15625,0.171875,
0.1875,0.21875,0.234375,0.25,0.265625,0.28125,0.3125,0.34375,0.359375,0.3671875,
0.375,0.3828125,0.390625,0.40625,0.421875,0.4375,0.46875,0.5,0.5625,0.625,
0.65625,0.671875,0.6875,0.6953125,0.703125,0.71875,0.734375,0.7421875,0.75,
0.7578125,0.765625,0.78125,0.7890625,0.796875,0.8125,0.8203125,0.828125,
0.84375,0.875,0.8828125,0.890625,0.90625,0.921875,0.9375,0.96875,1.),
 .UNSPECIFIED.);
#808=B_SPLINE_CURVE_WITH_KNOTS('',3,(#5259,#5260,#5261,#5262,#5263,#5264,
#5265,#5266,#5267,#5268,#5269,#5270,#5271,#5272,#5273,#5274,#5275,#5276,
#5277,#5278,#5279,#5280,#5281,#5282,#5283,#5284,#5285,#5286,#5287,#5288,
#5289,#5290,#5291,#5292,#5293,#5294,#5295,#5296,#5297,#5298,#5299,#5300,
#5301,#5302,#5303,#5304,#5305,#5306,#5307,#5308,#5309,#5310,#5311,#5312,
#5313,#5314),.UNSPECIFIED.,.F.,.F.,(4,1,1,1,1,1,1,1,1,1,1,1,1,1,1,1,1,1,
1,1,1,1,1,1,1,1,1,1,1,1,1,1,1,1,1,1,1,1,1,1,1,1,1,1,1,1,1,1,1,1,1,1,1,4),
(0.,0.03125,0.046875,0.0625,0.078125,0.09375,0.109375,0.125,0.15625,0.171875,
0.1875,0.203125,0.21875,0.234375,0.25,0.265625,0.28125,0.296875,0.3125,
0.328125,0.34375,0.359375,0.375,0.390625,0.40625,0.421875,0.4375,0.453125,
0.46875,0.484375,0.5,0.5078125,0.515625,0.53125,0.5390625,0.546875,0.5625,
0.578125,0.59375,0.625,0.65625,0.6875,0.71875,0.7265625,0.734375,0.75,0.78125,
0.8125,0.84375,0.875,0.890625,0.90625,0.9375,1.),.UNSPECIFIED.);
#809=B_SPLINE_CURVE_WITH_KNOTS('',3,(#5316,#5317,#5318,#5319,#5320,#5321,
#5322,#5323,#5324,#5325,#5326,#5327,#5328,#5329,#5330,#5331,#5332,#5333,
#5334,#5335,#5336,#5337,#5338,#5339,#5340,#5341,#5342,#5343,#5344,#5345,
#5346,#5347,#5348,#5349,#5350,#5351,#5352,#5353,#5354,#5355,#5356,#5357,
#5358,#5359,#5360,#5361,#5362,#5363,#5364,#5365,#5366,#5367,#5368,#5369,
#5370,#5371),.UNSPECIFIED.,.F.,.F.,(4,1,1,1,1,1,1,1,1,1,1,1,1,1,1,1,1,1,
1,1,1,1,1,1,1,1,1,1,1,1,1,1,1,1,1,1,1,1,1,1,1,1,1,1,1,1,1,1,1,1,1,1,1,4),
(0.,0.015625,0.03125,0.046875,0.0625,0.078125,0.09375,0.125,0.15625,0.1875,
0.21875,0.234375,0.25,0.265625,0.28125,0.3125,0.34375,0.359375,0.375,0.390625,
0.40625,0.421875,0.4375,0.46875,0.484375,0.5,0.515625,0.53125,0.546875,
0.5625,0.59375,0.609375,0.625,0.640625,0.65625,0.671875,0.6875,0.71875,
0.734375,0.75,0.765625,0.78125,0.796875,0.8125,0.84375,0.859375,0.8671875,
0.875,0.8828125,0.890625,0.90625,0.921875,0.9375,1.),.UNSPECIFIED.);
#810=B_SPLINE_CURVE_WITH_KNOTS('',3,(#5373,#5374,#5375,#5376,#5377,#5378,
#5379,#5380,#5381,#5382,#5383,#5384,#5385,#5386,#5387,#5388,#5389,#5390,
#5391,#5392,#5393,#5394,#5395,#5396,#5397,#5398,#5399,#5400,#5401,#5402,
#5403,#5404,#5405,#5406,#5407,#5408,#5409,#5410,#5411,#5412,#5413,#5414,
#5415,#5416,#5417,#5418,#5419,#5420,#5421,#5422,#5423,#5424,#5425,#5426,
#5427,#5428),.UNSPECIFIED.,.F.,.F.,(4,1,1,1,1,1,1,1,1,1,1,1,1,1,1,1,1,1,
1,1,1,1,1,1,1,1,1,1,1,1,1,1,1,1,1,1,1,1,1,1,1,1,1,1,1,1,1,1,1,1,1,1,1,4),
(0.,0.015625,0.03125,0.046875,0.0625,0.0703125,0.078125,0.09375,0.125,0.1328125,
0.140625,0.15625,0.171875,0.1875,0.21875,0.234375,0.25,0.265625,0.28125,
0.296875,0.3125,0.34375,0.359375,0.375,0.390625,0.40625,0.421875,0.4375,
0.5,0.53125,0.5625,0.59375,0.609375,0.625,0.640625,0.65625,0.671875,0.6875,
0.71875,0.734375,0.75,0.765625,0.78125,0.796875,0.8125,0.84375,0.859375,
0.875,0.890625,0.90625,0.921875,0.9375,0.96875,1.),.UNSPECIFIED.);
#811=B_SPLINE_CURVE_WITH_KNOTS('',3,(#5430,#5431,#5432,#5433,#5434,#5435,
#5436,#5437,#5438,#5439,#5440,#5441,#5442,#5443,#5444,#5445,#5446,#5447,
#5448,#5449,#5450,#5451,#5452,#5453,#5454,#5455,#5456,#5457,#5458,#5459,
#5460,#5461,#5462,#5463,#5464,#5465,#5466,#5467,#5468,#5469,#5470,#5471,
#5472,#5473,#5474,#5475,#5476,#5477,#5478,#5479,#5480,#5481,#5482,#5483,
#5484,#5485,#5486,#5487),.UNSPECIFIED.,.F.,.F.,(4,1,1,1,1,1,1,1,1,1,1,1,
1,1,1,1,1,1,1,1,1,1,1,1,1,1,1,1,1,1,1,1,1,1,1,1,1,1,1,1,1,1,1,1,1,1,1,1,
1,1,1,1,1,1,1,4),(0.,0.03125,0.046875,0.0625,0.078125,0.09375,0.109375,
0.125,0.140625,0.15625,0.171875,0.1875,0.203125,0.21875,0.234375,0.25,0.265625,
0.28125,0.296875,0.3125,0.328125,0.34375,0.359375,0.375,0.40625,0.421875,
0.4375,0.453125,0.46875,0.484375,0.5,0.515625,0.53125,0.546875,0.5625,0.5703125,
0.578125,0.59375,0.609375,0.625,0.6328125,0.640625,0.6484375,0.65625,0.671875,
0.6875,0.71875,0.75,0.8125,0.84375,0.859375,0.875,0.890625,0.90625,0.9375,
1.),.UNSPECIFIED.);
#812=B_SPLINE_CURVE_WITH_KNOTS('',3,(#5489,#5490,#5491,#5492,#5493,#5494,
#5495,#5496,#5497,#5498,#5499,#5500,#5501,#5502,#5503,#5504,#5505,#5506,
#5507,#5508,#5509,#5510,#5511,#5512,#5513,#5514,#5515,#5516,#5517,#5518,
#5519,#5520,#5521,#5522,#5523,#5524,#5525,#5526,#5527,#5528,#5529,#5530,
#5531,#5532,#5533,#5534,#5535,#5536,#5537,#5538,#5539,#5540,#5541,#5542,
#5543,#5544,#5545,#5546,#5547,#5548,#5549,#5550),.UNSPECIFIED.,.F.,.F.,
(4,1,1,1,1,1,1,1,1,1,1,1,1,1,1,1,1,1,1,1,1,1,1,1,1,1,1,1,1,1,1,1,1,1,1,
1,1,1,1,1,1,1,1,1,1,1,1,1,1,1,1,1,1,1,1,1,1,1,1,4),(0.,0.015625,0.03125,
0.046875,0.0625,0.0703125,0.078125,0.09375,0.125,0.1328125,0.140625,0.15625,
0.171875,0.1875,0.21875,0.234375,0.25,0.265625,0.28125,0.296875,0.3125,
0.34375,0.359375,0.3671875,0.375,0.3828125,0.390625,0.40625,0.421875,0.4375,
0.46875,0.5,0.5625,0.625,0.65625,0.671875,0.6875,0.6953125,0.703125,0.71875,
0.734375,0.7421875,0.75,0.7578125,0.765625,0.78125,0.7890625,0.796875,0.8125,
0.8203125,0.828125,0.84375,0.875,0.8828125,0.890625,0.90625,0.921875,0.9375,
0.96875,1.),.UNSPECIFIED.);
#813=B_SPLINE_CURVE_WITH_KNOTS('',3,(#5552,#5553,#5554,#5555,#5556,#5557,
#5558,#5559,#5560,#5561,#5562,#5563,#5564,#5565,#5566,#5567,#5568,#5569,
#5570,#5571,#5572,#5573,#5574,#5575,#5576,#5577,#5578,#5579,#5580,#5581,
#5582,#5583,#5584,#5585,#5586,#5587,#5588,#5589,#5590,#5591,#5592,#5593,
#5594,#5595,#5596,#5597,#5598,#5599,#5600,#5601,#5602,#5603,#5604,#5605,
#5606,#5607,#5608,#5609,#5610,#5611,#5612,#5613),.UNSPECIFIED.,.F.,.F.,
(4,1,1,1,1,1,1,1,1,1,1,1,1,1,1,1,1,1,1,1,1,1,1,1,1,1,1,1,1,1,1,1,1,1,1,
1,1,1,1,1,1,1,1,1,1,1,1,1,1,1,1,1,1,1,1,1,1,1,1,4),(0.,0.03125,0.046875,
0.0625,0.078125,0.09375,0.109375,0.125,0.15625,0.171875,0.1875,0.203125,
0.21875,0.234375,0.25,0.265625,0.28125,0.296875,0.3125,0.328125,0.34375,
0.359375,0.375,0.390625,0.40625,0.421875,0.4375,0.453125,0.46875,0.5,0.53125,
0.5625,0.59375,0.609375,0.6171875,0.625,0.6328125,0.640625,0.6484375,0.65625,
0.671875,0.6875,0.71875,0.734375,0.7421875,0.75,0.7578125,0.765625,0.78125,
0.7890625,0.796875,0.8125,0.875,0.90625,0.921875,0.9375,0.9453125,0.953125,
0.96875,1.),.UNSPECIFIED.);
#814=B_SPLINE_CURVE_WITH_KNOTS('',3,(#5615,#5616,#5617,#5618,#5619,#5620,
#5621,#5622,#5623,#5624,#5625,#5626,#5627,#5628,#5629,#5630,#5631,#5632,
#5633,#5634,#5635,#5636,#5637,#5638,#5639,#5640,#5641,#5642,#5643,#5644,
#5645,#5646,#5647,#5648,#5649,#5650,#5651,#5652,#5653,#5654,#5655,#5656,
#5657,#5658,#5659,#5660,#5661,#5662,#5663,#5664,#5665),.UNSPECIFIED.,.F.,
 .F.,(4,1,1,1,1,1,1,1,1,1,1,1,1,1,1,1,1,1,1,1,1,1,1,1,1,1,1,1,1,1,1,1,1,
1,1,1,1,1,1,1,1,1,1,1,1,1,1,1,4),(0.,0.015625,0.03125,0.046875,0.0625,0.078125,
0.09375,0.109375,0.125,0.15625,0.1875,0.21875,0.25,0.3125,0.34375,0.375,
0.390625,0.40625,0.4375,0.5,0.53125,0.546875,0.5625,0.5703125,0.578125,
0.59375,0.625,0.6328125,0.640625,0.65625,0.671875,0.6875,0.71875,0.734375,
0.75,0.765625,0.78125,0.796875,0.8125,0.84375,0.859375,0.8671875,0.875,
0.8828125,0.890625,0.90625,0.921875,0.9375,1.),.UNSPECIFIED.);
#815=B_SPLINE_CURVE_WITH_KNOTS('',3,(#5667,#5668,#5669,#5670,#5671,#5672,
#5673,#5674,#5675,#5676,#5677,#5678,#5679,#5680,#5681,#5682,#5683,#5684,
#5685,#5686,#5687,#5688,#5689,#5690,#5691,#5692,#5693,#5694,#5695,#5696,
#5697,#5698,#5699),.UNSPECIFIED.,.F.,.F.,(4,1,1,1,1,1,1,1,1,1,1,1,1,1,1,
1,1,1,1,1,1,1,1,1,1,1,1,1,1,1,4),(0.,0.0625,0.09375,0.125,0.1328125,0.140625,
0.15625,0.1875,0.203125,0.21875,0.25,0.3125,0.375,0.40625,0.421875,0.4375,
0.453125,0.46875,0.5,0.53125,0.5625,0.59375,0.625,0.6875,0.75,0.78125,0.8125,
0.84375,0.875,0.9375,1.),.UNSPECIFIED.);
#816=EDGE_LOOP('',(#167,#168,#169,#170,#171,#172,#173,#174,#175,#176,#177,
#178,#179,#180,#181,#182,#183,#184,#185,#186,#187,#188,#189,#190,#191,#192,
#193,#194,#195,#196,#197,#198,#199,#200,#201,#202,#203,#204,#205,#206));
#817=EDGE_LOOP('',(#207,#208,#209,#210,#211,#212,#213,#214,#215,#216,#217,
#218,#219,#220,#221,#222,#223,#224,#225,#226,#227,#228,#229,#230,#231,#232,
#233,#234,#235,#236,#237,#238,#239,#240,#241,#242,#243,#244,#245));
#818=EDGE_LOOP('',(#246,#247,#248,#249));
#819=EDGE_LOOP('',(#250));
#820=EDGE_LOOP('',(#251));
#821=EDGE_LOOP('',(#252,#253,#254,#255,#256,#257,#258,#259,#260,#261,#262,
#263,#264,#265,#266,#267,#268,#269,#270,#271));
#822=EDGE_LOOP('',(#272,#273,#274,#275));
#823=EDGE_LOOP('',(#276,#277,#278,#279));
#824=EDGE_LOOP('',(#280,#281,#282,#283));
#825=EDGE_LOOP('',(#284,#285,#286,#287));
#826=EDGE_LOOP('',(#288,#289,#290,#291));
#827=EDGE_LOOP('',(#292,#293,#294,#295));
#828=EDGE_LOOP('',(#296,#297,#298,#299));
#829=EDGE_LOOP('',(#300,#301,#302,#303));
#830=EDGE_LOOP('',(#304,#305,#306,#307));
#831=EDGE_LOOP('',(#308,#309,#310,#311));
#832=EDGE_LOOP('',(#312,#313,#314,#315));
#833=EDGE_LOOP('',(#316,#317,#318,#319));
#834=EDGE_LOOP('',(#320,#321,#322,#323));
#835=EDGE_LOOP('',(#324,#325,#326,#327));
#836=EDGE_LOOP('',(#328,#329,#330,#331));
#837=EDGE_LOOP('',(#332,#333,#334,#335));
#838=EDGE_LOOP('',(#336,#337,#338,#339));
#839=EDGE_LOOP('',(#340,#341,#342,#343));
#840=EDGE_LOOP('',(#344,#345,#346,#347));
#841=EDGE_LOOP('',(#348,#349,#350,#351));
#842=EDGE_LOOP('',(#352));
#843=EDGE_LOOP('',(#353));
#844=EDGE_LOOP('',(#354));
#845=EDGE_LOOP('',(#355));
#846=EDGE_LOOP('',(#356));
#847=EDGE_LOOP('',(#357));
#848=EDGE_LOOP('',(#358));
#849=EDGE_LOOP('',(#359));
#850=EDGE_LOOP('',(#360,#361,#362,#363));
#851=EDGE_LOOP('',(#364,#365,#366,#367,#368,#369,#370,#371,#372,#373,#374,
#375,#376,#377,#378,#379,#380,#381,#382,#383));
#852=EDGE_LOOP('',(#384));
#853=EDGE_LOOP('',(#385));
#854=EDGE_LOOP('',(#386,#387,#388,#389,#390,#391,#392,#393,#394,#395,#396,
#397,#398,#399,#400,#401,#402,#403,#404,#405,#406,#407,#408,#409,#410,#411,
#412,#413,#414,#415,#416,#417,#418,#419,#420,#421,#422,#423,#424));
#855=EDGE_LOOP('',(#425,#426,#427,#428,#429,#430,#431,#432,#433,#434,#435,
#436,#437,#438,#439,#440,#441,#442,#443,#444,#445,#446,#447,#448,#449,#450,
#451,#452,#453,#454,#455,#456,#457,#458,#459,#460,#461,#462,#463,#464));
#856=FACE_BOUND('',#816,.T.);
#857=FACE_BOUND('',#817,.T.);
#858=FACE_BOUND('',#818,.T.);
#859=FACE_BOUND('',#819,.T.);
#860=FACE_BOUND('',#820,.T.);
#861=FACE_BOUND('',#821,.T.);
#862=FACE_BOUND('',#822,.T.);
#863=FACE_BOUND('',#823,.T.);
#864=FACE_BOUND('',#824,.T.);
#865=FACE_BOUND('',#825,.T.);
#866=FACE_BOUND('',#826,.T.);
#867=FACE_BOUND('',#827,.T.);
#868=FACE_BOUND('',#828,.T.);
#869=FACE_BOUND('',#829,.T.);
#870=FACE_BOUND('',#830,.T.);
#871=FACE_BOUND('',#831,.T.);
#872=FACE_BOUND('',#832,.T.);
#873=FACE_BOUND('',#833,.T.);
#874=FACE_BOUND('',#834,.T.);
#875=FACE_BOUND('',#835,.T.);
#876=FACE_BOUND('',#836,.T.);
#877=FACE_BOUND('',#837,.T.);
#878=FACE_BOUND('',#838,.T.);
#879=FACE_BOUND('',#839,.T.);
#880=FACE_BOUND('',#840,.T.);
#881=FACE_BOUND('',#841,.T.);
#882=FACE_BOUND('',#842,.T.);
#883=FACE_BOUND('',#843,.T.);
#884=FACE_BOUND('',#844,.T.);
#885=FACE_BOUND('',#845,.T.);
#886=FACE_BOUND('',#846,.T.);
#887=FACE_BOUND('',#847,.T.);
#888=FACE_BOUND('',#848,.T.);
#889=FACE_BOUND('',#849,.T.);
#890=FACE_BOUND('',#850,.T.);
#891=FACE_BOUND('',#851,.T.);
#892=FACE_BOUND('',#852,.T.);
#893=FACE_BOUND('',#853,.T.);
#894=FACE_BOUND('',#854,.T.);
#895=FACE_BOUND('',#855,.T.);
#896=B_SPLINE_SURFACE_WITH_KNOTS('',1,3,((#1168,#1169,#1170,#1171,#1172,
#1173,#1174,#1175,#1176,#1177,#1178,#1179,#1180,#1181,#1182,#1183,#1184,
#1185,#1186,#1187,#1188,#1189,#1190,#1191,#1192,#1193,#1194,#1195,#1196,
#1197,#1198,#1199,#1200,#1201,#1202,#1203,#1204,#1205,#1206,#1207,#1208,
#1209,#1210,#1211,#1212,#1213,#1214,#1215,#1216,#1217,#1218,#1219,#1220,
#1221,#1222,#1223,#1224,#1225,#1226,#1227,#1228,#1229,#1230,#1231,#1232,
#1233,#1234,#1235,#1236,#1237,#1238,#1239,#1240,#1241,#1242,#1243,#1244,
#1245,#1246,#1247,#1248,#1249,#1250,#1251,#1252,#1253,#1254,#1255,#1256,
#1257,#1258,#1259,#1260,#1261,#1262,#1263,#1264,#1265,#1266,#1267,#1268,
#1269,#1270,#1271,#1272,#1273,#1274,#1275,#1276,#1277,#1278,#1279,#1280,
#1281,#1282,#1283,#1284,#1285,#1286,#1287,#1288,#1289,#1290,#1291,#1292,
#1293,#1294,#1295,#1296,#1297,#1298,#1299,#1300,#1301,#1302,#1303,#1304,
#1305,#1306,#1307,#1308,#1309,#1310,#1311,#1312,#1313,#1314,#1315,#1316),
(#1317,#1318,#1319,#1320,#1321,#1322,#1323,#1324,#1325,#1326,#1327,#1328,
#1329,#1330,#1331,#1332,#1333,#1334,#1335,#1336,#1337,#1338,#1339,#1340,
#1341,#1342,#1343,#1344,#1345,#1346,#1347,#1348,#1349,#1350,#1351,#1352,
#1353,#1354,#1355,#1356,#1357,#1358,#1359,#1360,#1361,#1362,#1363,#1364,
#1365,#1366,#1367,#1368,#1369,#1370,#1371,#1372,#1373,#1374,#1375,#1376,
#1377,#1378,#1379,#1380,#1381,#1382,#1383,#1384,#1385,#1386,#1387,#1388,
#1389,#1390,#1391,#1392,#1393,#1394,#1395,#1396,#1397,#1398,#1399,#1400,
#1401,#1402,#1403,#1404,#1405,#1406,#1407,#1408,#1409,#1410,#1411,#1412,
#1413,#1414,#1415,#1416,#1417,#1418,#1419,#1420,#1421,#1422,#1423,#1424,
#1425,#1426,#1427,#1428,#1429,#1430,#1431,#1432,#1433,#1434,#1435,#1436,
#1437,#1438,#1439,#1440,#1441,#1442,#1443,#1444,#1445,#1446,#1447,#1448,
#1449,#1450,#1451,#1452,#1453,#1454,#1455,#1456,#1457,#1458,#1459,#1460,
#1461,#1462,#1463,#1464,#1465)),.RULED_SURF.,.F.,.F.,.F.,(2,2),(4,1,1,1,
1,1,1,1,1,1,1,1,1,1,1,1,1,1,1,1,1,1,1,1,1,1,1,1,1,1,1,1,1,1,1,1,1,1,1,1,
1,1,1,1,1,1,1,1,1,1,1,1,1,1,1,1,1,1,1,1,1,1,1,1,1,1,1,1,1,1,1,1,1,1,1,1,
1,1,1,1,1,1,1,1,1,1,1,1,1,1,1,1,1,1,1,1,1,1,1,1,1,1,1,1,1,1,1,1,1,1,1,1,
1,1,1,1,1,1,1,1,1,1,1,1,1,1,1,1,1,1,1,1,1,1,1,1,1,1,1,1,1,1,1,1,1,1,4),
(0.204180605464572,0.848647049916933),(0.0514754960388679,0.0524209761883548,
0.0589735982118991,0.0655262202354435,0.0720788422589878,0.0786314642825322,
0.0851840863060765,0.0917367083296209,0.0982893303531652,0.10484195237671,
0.111394574400254,0.117947196423798,0.124499818447343,0.131052440470887,
0.137605062494431,0.144157684517976,0.15071030654152,0.157262928565064,
0.163815550588609,0.170368172612153,0.176920794635697,0.183473416659242,
0.190026038682786,0.19657866070633,0.203131282729875,0.209683904753419,
0.216236526776963,0.222789148800508,0.229341770824052,0.235894392847597,
0.242447014871141,0.248999636894685,0.25555225891823,0.262104880941774,
0.268657502965318,0.275210124988863,0.281762747012407,0.288315369035951,
0.294867991059496,0.30142061308304,0.307973235106584,0.314525857130129,
0.321078479153673,0.327631101177217,0.334183723200762,0.340736345224306,
0.34728896724785,0.353841589271395,0.360394211294939,0.366946833318483,
0.373499455342028,0.380052077365572,0.386604699389117,0.393157321412661,
0.399709943436205,0.40626256545975,0.412815187483294,0.419367809506838,
0.425920431530383,0.432473053553927,0.439025675577471,0.445578297601016,
0.45213091962456,0.458683541648104,0.465236163671649,0.471788785695193,
0.478341407718737,0.484894029742282,0.491446651765826,0.49799927378937,
0.504551895812915,0.511104517836459,0.517657139860004,0.524209761883548,
0.530762383907092,0.537315005930637,0.543867627954181,0.550420249977725,
0.55697287200127,0.563525494024814,0.570078116048358,0.576630738071903,
0.583183360095447,0.589735982118991,0.596288604142536,0.60284122616608,
0.609393848189624,0.615946470213169,0.622499092236713,0.629051714260257,
0.635604336283802,0.642156958307346,0.64870958033089,0.655262202354435,
0.661814824377979,0.668367446401523,0.674920068425068,0.681472690448612,
0.688025312472157,0.694577934495701,0.701130556519245,0.70768317854279,
0.714235800566334,0.720788422589878,0.727341044613423,0.733893666636967,
0.740446288660511,0.746998910684056,0.7535515327076,0.760104154731144,0.766656776754689,
0.773209398778233,0.779762020801777,0.786314642825322,0.792867264848866,
0.799419886872411,0.805972508895955,0.812525130919499,0.819077752943044,
0.825630374966588,0.832182996990132,0.838735619013677,0.845288241037221,
0.851840863060765,0.85839348508431,0.864946107107854,0.871498729131398,
0.878051351154943,0.884603973178487,0.891156595202031,0.897709217225576,
0.90426183924912,0.910814461272664,0.917367083296209,0.923919705319753,
0.930472327343297,0.937024949366842,0.943577571390386,0.95013019341393,
0.956682815437475,0.963235437461019,0.969788059484563,0.976340681508108,
0.982893303531652,0.989445925555197,0.995998547578741,1.),.UNSPECIFIED.);
#897=B_SPLINE_SURFACE_WITH_KNOTS('',1,3,((#3450,#3451,#3452,#3453,#3454,
#3455,#3456,#3457,#3458,#3459,#3460,#3461,#3462,#3463,#3464,#3465,#3466,
#3467,#3468,#3469,#3470,#3471,#3472,#3473,#3474,#3475,#3476,#3477,#3478,
#3479,#3480,#3481,#3482,#3483,#3484,#3485,#3486,#3487,#3488,#3489,#3490,
#3491,#3492,#3493,#3494,#3495,#3496,#3497,#3498,#3499,#3500,#3501,#3502,
#3503,#3504,#3505,#3506,#3507,#3508,#3509,#3510,#3511,#3512,#3513,#3514,
#3515,#3516,#3517,#3518,#3519,#3520,#3521,#3522,#3523,#3524,#3525,#3526,
#3527,#3528,#3529,#3530,#3531,#3532,#3533,#3534,#3535,#3536,#3537,#3538,
#3539,#3540,#3541,#3542,#3543,#3544,#3545,#3546,#3547,#3548,#3549,#3550,
#3551,#3552,#3553,#3554,#3555,#3556,#3557,#3558,#3559,#3560,#3561,#3562,
#3563,#3564,#3565,#3566,#3567,#3568,#3569,#3570,#3571,#3572,#3573,#3574,
#3575,#3576,#3577,#3578,#3579,#3580,#3581,#3582,#3583,#3584,#3585,#3586,
#3587,#3588,#3589,#3590,#3591,#3592,#3593),(#3594,#3595,#3596,#3597,#3598,
#3599,#3600,#3601,#3602,#3603,#3604,#3605,#3606,#3607,#3608,#3609,#3610,
#3611,#3612,#3613,#3614,#3615,#3616,#3617,#3618,#3619,#3620,#3621,#3622,
#3623,#3624,#3625,#3626,#3627,#3628,#3629,#3630,#3631,#3632,#3633,#3634,
#3635,#3636,#3637,#3638,#3639,#3640,#3641,#3642,#3643,#3644,#3645,#3646,
#3647,#3648,#3649,#3650,#3651,#3652,#3653,#3654,#3655,#3656,#3657,#3658,
#3659,#3660,#3661,#3662,#3663,#3664,#3665,#3666,#3667,#3668,#3669,#3670,
#3671,#3672,#3673,#3674,#3675,#3676,#3677,#3678,#3679,#3680,#3681,#3682,
#3683,#3684,#3685,#3686,#3687,#3688,#3689,#3690,#3691,#3692,#3693,#3694,
#3695,#3696,#3697,#3698,#3699,#3700,#3701,#3702,#3703,#3704,#3705,#3706,
#3707,#3708,#3709,#3710,#3711,#3712,#3713,#3714,#3715,#3716,#3717,#3718,
#3719,#3720,#3721,#3722,#3723,#3724,#3725,#3726,#3727,#3728,#3729,#3730,
#3731,#3732,#3733,#3734,#3735,#3736,#3737)),.RULED_SURF.,.F.,.F.,.F.,(2,
2),(4,1,1,1,1,1,1,1,1,1,1,1,1,1,1,1,1,1,1,1,1,1,1,1,1,1,1,1,1,1,1,1,1,1,
1,1,1,1,1,1,1,1,1,1,1,1,1,1,1,1,1,1,1,1,1,1,1,1,1,1,1,1,1,1,1,1,1,1,1,1,
1,1,1,1,1,1,1,1,1,1,1,1,1,1,1,1,1,1,1,1,1,1,1,1,1,1,1,1,1,1,1,1,1,1,1,1,
1,1,1,1,1,1,1,1,1,1,1,1,1,1,1,1,1,1,1,1,1,1,1,1,1,1,1,1,1,1,1,1,1,1,1,4),
(0.151336410526673,0.795818937969477),(0.0794442695842801,0.0851840863060765,
0.0917367083296209,0.0982893303531652,0.10484195237671,0.111394574400254,
0.117947196423798,0.124499818447343,0.131052440470887,0.137605062494431,
0.144157684517976,0.15071030654152,0.157262928565064,0.163815550588609,
0.170368172612153,0.176920794635697,0.183473416659242,0.190026038682786,
0.19657866070633,0.203131282729875,0.209683904753419,0.216236526776963,
0.222789148800508,0.229341770824052,0.235894392847597,0.242447014871141,
0.248999636894685,0.25555225891823,0.262104880941774,0.268657502965318,
0.275210124988863,0.281762747012407,0.288315369035951,0.294867991059496,
0.30142061308304,0.307973235106584,0.314525857130129,0.321078479153673,
0.327631101177217,0.334183723200762,0.340736345224306,0.34728896724785,
0.353841589271395,0.360394211294939,0.366946833318483,0.373499455342028,
0.380052077365572,0.386604699389117,0.393157321412661,0.399709943436205,
0.40626256545975,0.412815187483294,0.419367809506838,0.425920431530383,
0.432473053553927,0.439025675577471,0.445578297601016,0.45213091962456,
0.458683541648104,0.465236163671649,0.471788785695193,0.478341407718737,
0.484894029742282,0.491446651765826,0.49799927378937,0.504551895812915,
0.511104517836459,0.517657139860004,0.524209761883548,0.530762383907092,
0.537315005930637,0.543867627954181,0.550420249977725,0.55697287200127,
0.563525494024814,0.570078116048358,0.576630738071903,0.583183360095447,
0.589735982118991,0.596288604142536,0.60284122616608,0.609393848189624,
0.615946470213169,0.622499092236713,0.629051714260257,0.635604336283802,
0.642156958307346,0.64870958033089,0.655262202354435,0.661814824377979,
0.668367446401523,0.674920068425068,0.681472690448612,0.688025312472157,
0.694577934495701,0.701130556519245,0.70768317854279,0.714235800566334,
0.720788422589878,0.727341044613423,0.733893666636967,0.740446288660511,
0.746998910684056,0.7535515327076,0.760104154731144,0.766656776754689,0.773209398778233,
0.779762020801777,0.786314642825322,0.792867264848866,0.799419886872411,
0.805972508895955,0.812525130919499,0.819077752943044,0.825630374966588,
0.832182996990132,0.838735619013677,0.845288241037221,0.851840863060765,
0.85839348508431,0.864946107107854,0.871498729131398,0.878051351154943,
0.884603973178487,0.891156595202031,0.897709217225576,0.90426183924912,
0.910814461272664,0.917367083296209,0.923919705319753,0.930472327343297,
0.937024949366842,0.943577571390386,0.95013019341393,0.956682815437475,
0.963235437461019,0.969788059484563,0.976340681508108,0.982893303531652,
0.989445925555197,0.995998547578741,1.),.UNSPECIFIED.);
#898=ADVANCED_FACE('',(#856),#896,.F.);
#899=ADVANCED_FACE('',(#857),#897,.F.);
#900=ADVANCED_FACE('',(#858),#55,.T.);
#901=ADVANCED_FACE('',(#859,#860),#54,.F.);
#902=ADVANCED_FACE('',(#861),#56,.F.);
#903=ADVANCED_FACE('',(#862),#57,.T.);
#904=ADVANCED_FACE('',(#863),#58,.T.);
#905=ADVANCED_FACE('',(#864),#59,.T.);
#906=ADVANCED_FACE('',(#865),#60,.T.);
#907=ADVANCED_FACE('',(#866),#61,.T.);
#908=ADVANCED_FACE('',(#867),#62,.T.);
#909=ADVANCED_FACE('',(#868),#63,.T.);
#910=ADVANCED_FACE('',(#869),#64,.T.);
#911=ADVANCED_FACE('',(#870),#65,.T.);
#912=ADVANCED_FACE('',(#871),#66,.T.);
#913=ADVANCED_FACE('',(#872),#67,.T.);
#914=ADVANCED_FACE('',(#873),#68,.T.);
#915=ADVANCED_FACE('',(#874),#69,.T.);
#916=ADVANCED_FACE('',(#875),#70,.T.);
#917=ADVANCED_FACE('',(#876),#71,.T.);
#918=ADVANCED_FACE('',(#877),#72,.T.);
#919=ADVANCED_FACE('',(#878),#73,.T.);
#920=ADVANCED_FACE('',(#879),#74,.T.);
#921=ADVANCED_FACE('',(#880),#75,.T.);
#922=ADVANCED_FACE('',(#881),#76,.T.);
#923=ADVANCED_FACE('',(#882,#883),#25,.T.);
#924=ADVANCED_FACE('',(#884,#885),#21,.T.);
#925=ADVANCED_FACE('',(#886,#887),#77,.F.);
#926=ADVANCED_FACE('',(#888,#889),#22,.T.);
#927=ADVANCED_FACE('',(#890),#78,.F.);
#928=ADVANCED_FACE('',(#891,#892),#20,.T.);
#929=ADVANCED_FACE('',(#893,#894),#23,.T.);
#930=ADVANCED_FACE('',(#895),#24,.T.);
#931=CLOSED_SHELL('',(#898,#899,#900,#901,#902,#903,#904,#905,#906,#907,
#908,#909,#910,#911,#912,#913,#914,#915,#916,#917,#918,#919,#920,#921,#922,
#923,#924,#925,#926,#927,#928,#929,#930));
#932=STYLED_ITEM('',(#933),#940);
#933=PRESENTATION_STYLE_ASSIGNMENT((#934));
#934=SURFACE_STYLE_USAGE(.BOTH.,#935);
#935=SURFACE_SIDE_STYLE('',(#936));
#936=SURFACE_STYLE_FILL_AREA(#937);
#937=FILL_AREA_STYLE('',(#938));
#938=FILL_AREA_STYLE_COLOUR('',#939);
#939=COLOUR_RGB('',0.6,0.6,0.6);
#940=MANIFOLD_SOLID_BREP('screw_metal_M3x10',#931);
#941=SHAPE_DEFINITION_REPRESENTATION(#5853,#942);
#942=SHAPE_REPRESENTATION('screw_metal_M3x10',(#943),#5848);
#943=AXIS2_PLACEMENT_3D('',#1167,#1003,#1004);
#944=AXIS2_PLACEMENT_3D('',#5700,#1007,#1008);
#945=AXIS2_PLACEMENT_3D('',#5703,#1011,#1012);
#946=AXIS2_PLACEMENT_3D('',#5704,#1013,#1014);
#947=AXIS2_PLACEMENT_3D('',#5706,#1015,#1016);
#948=AXIS2_PLACEMENT_3D('',#5708,#1017,#1018);
#949=AXIS2_PLACEMENT_3D('',#5749,#1039,#1040);
#950=AXIS2_PLACEMENT_3D('',#5750,#1041,#1042);
#951=AXIS2_PLACEMENT_3D('',#5755,#1045,#1046);
#952=AXIS2_PLACEMENT_3D('',#5756,#1047,#1048);
#953=AXIS2_PLACEMENT_3D('',#5759,#1050,#1051);
#954=AXIS2_PLACEMENT_3D('',#5760,#1052,#1053);
#955=AXIS2_PLACEMENT_3D('',#5763,#1055,#1056);
#956=AXIS2_PLACEMENT_3D('',#5764,#1057,#1058);
#957=AXIS2_PLACEMENT_3D('',#5767,#1060,#1061);
#958=AXIS2_PLACEMENT_3D('',#5768,#1062,#1063);
#959=AXIS2_PLACEMENT_3D('',#5771,#1065,#1066);
#960=AXIS2_PLACEMENT_3D('',#5772,#1067,#1068);
#961=AXIS2_PLACEMENT_3D('',#5775,#1070,#1071);
#962=AXIS2_PLACEMENT_3D('',#5776,#1072,#1073);
#963=AXIS2_PLACEMENT_3D('',#5779,#1075,#1076);
#964=AXIS2_PLACEMENT_3D('',#5780,#1077,#1078);
#965=AXIS2_PLACEMENT_3D('',#5783,#1080,#1081);
#966=AXIS2_PLACEMENT_3D('',#5784,#1082,#1083);
#967=AXIS2_PLACEMENT_3D('',#5787,#1085,#1086);
#968=AXIS2_PLACEMENT_3D('',#5788,#1087,#1088);
#969=AXIS2_PLACEMENT_3D('',#5791,#1090,#1091);
#970=AXIS2_PLACEMENT_3D('',#5792,#1092,#1093);
#971=AXIS2_PLACEMENT_3D('',#5795,#1095,#1096);
#972=AXIS2_PLACEMENT_3D('',#5796,#1097,#1098);
#973=AXIS2_PLACEMENT_3D('',#5799,#1100,#1101);
#974=AXIS2_PLACEMENT_3D('',#5800,#1102,#1103);
#975=AXIS2_PLACEMENT_3D('',#5803,#1105,#1106);
#976=AXIS2_PLACEMENT_3D('',#5804,#1107,#1108);
#977=AXIS2_PLACEMENT_3D('',#5807,#1110,#1111);
#978=AXIS2_PLACEMENT_3D('',#5808,#1112,#1113);
#979=AXIS2_PLACEMENT_3D('',#5811,#1115,#1116);
#980=AXIS2_PLACEMENT_3D('',#5812,#1117,#1118);
#981=AXIS2_PLACEMENT_3D('',#5815,#1120,#1121);
#982=AXIS2_PLACEMENT_3D('',#5816,#1122,#1123);
#983=AXIS2_PLACEMENT_3D('',#5819,#1125,#1126);
#984=AXIS2_PLACEMENT_3D('',#5820,#1127,#1128);
#985=AXIS2_PLACEMENT_3D('',#5823,#1130,#1131);
#986=AXIS2_PLACEMENT_3D('',#5824,#1132,#1133);
#987=AXIS2_PLACEMENT_3D('',#5827,#1135,#1136);
#988=AXIS2_PLACEMENT_3D('',#5828,#1137,#1138);
#989=AXIS2_PLACEMENT_3D('',#5829,#1139,#1140);
#990=AXIS2_PLACEMENT_3D('',#5830,#1141,#1142);
#991=AXIS2_PLACEMENT_3D('',#5832,#1143,#1144);
#992=AXIS2_PLACEMENT_3D('',#5834,#1145,#1146);
#993=AXIS2_PLACEMENT_3D('',#5835,#1147,#1148);
#994=AXIS2_PLACEMENT_3D('',#5836,#1149,#1150);
#995=AXIS2_PLACEMENT_3D('',#5838,#1151,#1152);
#996=AXIS2_PLACEMENT_3D('',#5839,#1153,#1154);
#997=AXIS2_PLACEMENT_3D('',#5841,#1155,#1156);
#998=AXIS2_PLACEMENT_3D('',#5842,#1157,#1158);
#999=AXIS2_PLACEMENT_3D('',#5843,#1159,#1160);
#1000=AXIS2_PLACEMENT_3D('',#5844,#1161,#1162);
#1001=AXIS2_PLACEMENT_3D('',#5845,#1163,#1164);
#1002=AXIS2_PLACEMENT_3D('',#5846,#1165,#1166);
#1003=DIRECTION('',(0.,0.,1.));
#1004=DIRECTION('',(1.,0.,0.));
#1005=DIRECTION('',(-0.768053219286333,-0.399553137729375,0.500451338767828));
#1006=DIRECTION('',(0.768053219286328,0.399553137729373,0.500451338767838));
#1007=DIRECTION('',(-0.461503169685943,0.887138559848363,0.));
#1008=DIRECTION('',(-0.887138559848363,-0.461503169685943,0.));
#1009=DIRECTION('',(0.,0.,1.));
#1010=DIRECTION('',(0.,0.,-1.));
#1011=DIRECTION('',(0.,0.,1.));
#1012=DIRECTION('',(1.,0.,0.));
#1013=DIRECTION('',(0.,0.,-1.));
#1014=DIRECTION('',(1.,0.,0.));
#1015=DIRECTION('',(0.,0.,1.));
#1016=DIRECTION('',(1.,0.,0.));
#1017=DIRECTION('',(0.,0.,-1.));
#1018=DIRECTION('',(-1.,0.,0.));
#1019=DIRECTION('',(1.15648231731786E-15,1.,0.));
#1020=DIRECTION('',(-1.,-1.66718705166238E-15,0.));
#1021=DIRECTION('',(-0.923879532511286,0.382683432365091,0.));
#1022=DIRECTION('',(-0.382683432365088,0.923879532511288,0.));
#1023=DIRECTION('',(8.02719691541147E-16,1.,0.));
#1024=DIRECTION('',(-1.,0.,0.));
#1025=DIRECTION('',(8.02719691541147E-16,-1.,4.93981348640706E-16));
#1026=DIRECTION('',(-0.382683432365088,-0.923879532511288,4.93981348640706E-16));
#1027=DIRECTION('',(-0.923879532511286,-0.382683432365091,0.));
#1028=DIRECTION('',(-1.,5.43379483504776E-15,0.));
#1029=DIRECTION('',(2.31296463463571E-15,-1.,0.));
#1030=DIRECTION('',(1.,3.08738342900441E-16,0.));
#1031=DIRECTION('',(0.923879532511286,-0.382683432365091,0.));
#1032=DIRECTION('',(0.382683432365088,-0.923879532511288,0.));
#1033=DIRECTION('',(-4.93981348640706E-16,-1.,0.));
#1034=DIRECTION('',(1.,0.,0.));
#1035=DIRECTION('',(-4.93981348640706E-16,1.,0.));
#1036=DIRECTION('',(0.382683432365089,0.923879532511287,0.));
#1037=DIRECTION('',(0.923879532511286,0.382683432365091,0.));
#1038=DIRECTION('',(1.,-2.6551497489438E-15,0.));
#1039=DIRECTION('',(-4.40663967204479E-16,-0.997328534337083,0.0730465235110171));
#1040=DIRECTION('',(-6.16297582203916E-33,-0.0730465235110171,-0.997328534337083));
#1041=DIRECTION('',(-4.40663967204479E-16,-0.997328534337083,0.0730465235110171));
#1042=DIRECTION('',(-6.16297582203916E-33,-0.0730465235110171,-0.997328534337083));
#1043=DIRECTION('',(-0.359094427819397,-0.0681744104744474,-0.930807951011121));
#1044=DIRECTION('',(-0.528979636974056,-0.0619898012078971,-0.846367419158489));
#1045=DIRECTION('',(-0.847998304005088,-1.79097690747833E-15,0.52999894000318));
#1046=DIRECTION('',(0.52999894000318,0.,0.847998304005088));
#1047=DIRECTION('',(-0.847998304005088,-1.79097690747833E-15,0.52999894000318));
#1048=DIRECTION('',(0.52999894000318,0.,0.847998304005088));
#1049=DIRECTION('',(-0.528979636974056,0.0619898012078971,-0.846367419158489));
#1050=DIRECTION('',(-0.374110743758012,-0.903183231410078,0.210478506989376));
#1051=DIRECTION('',(0.923879532511287,-0.38268343236509,0.));
#1052=DIRECTION('',(-0.374110743758012,-0.903183231410078,0.210478506989376));
#1053=DIRECTION('',(0.923879532511287,-0.38268343236509,0.));
#1054=DIRECTION('',(-0.160484517424184,-0.160484517424184,-0.973904224928845));
#1055=DIRECTION('',(-0.903183231410078,-0.374110743758012,0.210478506989376));
#1056=DIRECTION('',(0.38268343236509,-0.923879532511287,0.));
#1057=DIRECTION('',(-0.903183231410078,-0.374110743758012,0.210478506989376));
#1058=DIRECTION('',(0.38268343236509,-0.923879532511287,0.));
#1059=DIRECTION('',(-0.0681744104744472,-0.359094427819397,-0.930807951011121));
#1060=DIRECTION('',(-0.997328534337083,-4.77385964471519E-16,0.0730465235110169));
#1061=DIRECTION('',(0.0730465235110169,0.,0.997328534337083));
#1062=DIRECTION('',(-0.997328534337083,-4.77385964471519E-16,0.0730465235110169));
#1063=DIRECTION('',(0.0730465235110169,0.,0.997328534337083));
#1064=DIRECTION('',(-0.061989801207897,-0.528979636974056,-0.846367419158489));
#1065=DIRECTION('',(0.,-0.847998304005088,0.52999894000318));
#1066=DIRECTION('',(0.,-0.52999894000318,-0.847998304005088));
#1067=DIRECTION('',(0.,-0.847998304005088,0.52999894000318));
#1068=DIRECTION('',(0.,-0.52999894000318,-0.847998304005088));
#1069=DIRECTION('',(0.061989801207897,-0.528979636974056,-0.846367419158489));
#1070=DIRECTION('',(0.997328534337083,-4.77385964471519E-16,0.0730465235110169));
#1071=DIRECTION('',(0.0730465235110169,0.,-0.997328534337083));
#1072=DIRECTION('',(0.997328534337083,-4.77385964471519E-16,0.0730465235110169));
#1073=DIRECTION('',(0.0730465235110169,0.,-0.997328534337083));
#1074=DIRECTION('',(0.0681744104744472,-0.359094427819397,-0.930807951011121));
#1075=DIRECTION('',(0.903183231410078,-0.374110743758012,0.210478506989376));
#1076=DIRECTION('',(0.38268343236509,0.923879532511287,0.));
#1077=DIRECTION('',(0.903183231410078,-0.374110743758012,0.210478506989376));
#1078=DIRECTION('',(0.38268343236509,0.923879532511287,0.));
#1079=DIRECTION('',(0.160484517424184,-0.160484517424184,-0.973904224928845));
#1080=DIRECTION('',(0.374110743758012,-0.903183231410078,0.210478506989376));
#1081=DIRECTION('',(0.923879532511287,0.38268343236509,0.));
#1082=DIRECTION('',(0.374110743758012,-0.903183231410078,0.210478506989376));
#1083=DIRECTION('',(0.923879532511287,0.38268343236509,0.));
#1084=DIRECTION('',(0.359094427819397,-0.0681744104744474,-0.930807951011121));
#1085=DIRECTION('',(1.2852699043464E-15,-0.997328534337083,0.0730465235110174));
#1086=DIRECTION('',(1.23259516440783E-32,-0.0730465235110174,-0.997328534337083));
#1087=DIRECTION('',(1.2852699043464E-15,-0.997328534337083,0.0730465235110174));
#1088=DIRECTION('',(1.23259516440783E-32,-0.0730465235110174,-0.997328534337083));
#1089=DIRECTION('',(0.528979636974056,-0.061989801207897,-0.846367419158489));
#1090=DIRECTION('',(0.847998304005088,-1.79097690747833E-15,0.52999894000318));
#1091=DIRECTION('',(0.52999894000318,0.,-0.847998304005088));
#1092=DIRECTION('',(0.847998304005088,-1.79097690747833E-15,0.52999894000318));
#1093=DIRECTION('',(0.52999894000318,0.,-0.847998304005088));
#1094=DIRECTION('',(0.528979636974056,0.0619898012078972,-0.846367419158489));
#1095=DIRECTION('',(7.34439945340799E-17,0.997328534337083,0.0730465235110169));
#1096=DIRECTION('',(0.,-0.0730465235110169,0.997328534337083));
#1097=DIRECTION('',(7.34439945340799E-17,0.997328534337083,0.0730465235110169));
#1098=DIRECTION('',(0.,-0.0730465235110169,0.997328534337083));
#1099=DIRECTION('',(0.359094427819397,0.0681744104744474,-0.930807951011121));
#1100=DIRECTION('',(0.374110743758012,0.903183231410078,0.210478506989376));
#1101=DIRECTION('',(-0.923879532511287,0.38268343236509,0.));
#1102=DIRECTION('',(0.374110743758012,0.903183231410078,0.210478506989376));
#1103=DIRECTION('',(-0.923879532511287,0.38268343236509,0.));
#1104=DIRECTION('',(0.160484517424184,0.160484517424184,-0.973904224928845));
#1105=DIRECTION('',(0.903183231410078,0.374110743758012,0.210478506989376));
#1106=DIRECTION('',(-0.38268343236509,0.923879532511287,0.));
#1107=DIRECTION('',(0.903183231410078,0.374110743758012,0.210478506989376));
#1108=DIRECTION('',(-0.38268343236509,0.923879532511287,0.));
#1109=DIRECTION('',(0.0681744104744472,0.359094427819397,-0.930807951011121));
#1110=DIRECTION('',(0.997328534337083,1.4688798906816E-16,0.0730465235110167));
#1111=DIRECTION('',(0.0730465235110167,0.,-0.997328534337083));
#1112=DIRECTION('',(0.997328534337083,1.4688798906816E-16,0.0730465235110167));
#1113=DIRECTION('',(0.0730465235110167,-1.54074395550979E-32,-0.997328534337083));
#1114=DIRECTION('',(0.061989801207897,0.528979636974056,-0.846367419158489));
#1115=DIRECTION('',(0.,0.847998304005088,0.52999894000318));
#1116=DIRECTION('',(0.,-0.52999894000318,0.847998304005088));
#1117=DIRECTION('',(0.,0.847998304005088,0.52999894000318));
#1118=DIRECTION('',(0.,-0.52999894000318,0.847998304005088));
#1119=DIRECTION('',(-0.061989801207897,0.528979636974056,-0.846367419158489));
#1120=DIRECTION('',(-0.997328534337083,1.4688798906816E-16,0.0730465235110167));
#1121=DIRECTION('',(0.0730465235110167,0.,0.997328534337083));
#1122=DIRECTION('',(-0.997328534337083,1.4688798906816E-16,0.0730465235110167));
#1123=DIRECTION('',(0.0730465235110167,0.,0.997328534337083));
#1124=DIRECTION('',(-0.0681744104744472,0.359094427819397,-0.930807951011121));
#1125=DIRECTION('',(-0.903183231410078,0.374110743758012,0.210478506989376));
#1126=DIRECTION('',(-0.38268343236509,-0.923879532511287,0.));
#1127=DIRECTION('',(-0.903183231410078,0.374110743758012,0.210478506989376));
#1128=DIRECTION('',(-0.38268343236509,-0.923879532511287,0.));
#1129=DIRECTION('',(-0.160484517424184,0.160484517424184,-0.973904224928845));
#1130=DIRECTION('',(-0.374110743758012,0.903183231410078,0.210478506989376));
#1131=DIRECTION('',(-0.923879532511287,-0.38268343236509,0.));
#1132=DIRECTION('',(-0.374110743758012,0.903183231410078,0.210478506989376));
#1133=DIRECTION('',(-0.923879532511287,-0.38268343236509,0.));
#1134=DIRECTION('',(-0.359094427819397,0.0681744104744474,-0.930807951011121));
#1135=DIRECTION('',(-5.87551956272638E-16,0.997328534337083,0.0730465235110171));
#1136=DIRECTION('',(6.16297582203916E-33,-0.0730465235110171,0.997328534337083));
#1137=DIRECTION('',(-5.87551956272638E-16,0.997328534337083,0.0730465235110171));
#1138=DIRECTION('',(6.16297582203916E-33,-0.0730465235110171,0.997328534337083));
#1139=DIRECTION('',(0.,0.,-1.));
#1140=DIRECTION('',(-1.,0.,0.));
#1141=DIRECTION('',(0.,0.,-1.));
#1142=DIRECTION('',(-1.,0.,0.));
#1143=DIRECTION('',(0.,0.,-1.));
#1144=DIRECTION('',(-1.,0.,0.));
#1145=DIRECTION('',(0.,0.,-1.));
#1146=DIRECTION('',(-1.,0.,0.));
#1147=DIRECTION('',(0.,0.,1.));
#1148=DIRECTION('',(1.,0.,0.));
#1149=DIRECTION('',(0.,0.,-1.));
#1150=DIRECTION('',(-1.,0.,0.));
#1151=DIRECTION('',(0.,0.,-1.));
#1152=DIRECTION('',(-1.,0.,0.));
#1153=DIRECTION('',(0.,0.,-1.));
#1154=DIRECTION('',(-1.,0.,0.));
#1155=DIRECTION('',(0.,0.,1.));
#1156=DIRECTION('',(1.,0.,0.));
#1157=DIRECTION('',(0.,0.,-1.));
#1158=DIRECTION('',(-1.,0.,0.));
#1159=DIRECTION('',(0.,0.,-1.));
#1160=DIRECTION('',(1.,0.,0.));
#1161=DIRECTION('',(0.,1.22464679914735E-16,-1.));
#1162=DIRECTION('',(0.,1.,8.88178419700125E-17));
#1163=DIRECTION('',(0.,0.,-1.));
#1164=DIRECTION('',(-1.,0.,0.));
#1165=DIRECTION('',(0.,0.,1.));
#1166=DIRECTION('',(1.,0.,0.));
#1167=CARTESIAN_POINT('',(0.,0.,0.));
#1168=CARTESIAN_POINT('',(-0.00117753348969504,0.00013371209578909,-0.0101999809327488));
#1169=CARTESIAN_POINT('',(-0.00118276759856249,8.93227335412553E-5,-0.0101969748837133));
#1170=CARTESIAN_POINT('',(-0.00120397340564173,-0.000264862905803087,-0.0101731355013444));
#1171=CARTESIAN_POINT('',(-0.000928572817721144,-0.000928572817721144,-0.0101284627856421));
#1172=CARTESIAN_POINT('',(1.11022302462516E-19,-0.00131387593785754,-0.0100659627856421));
#1173=CARTESIAN_POINT('',(0.000928572817721142,-0.000928572817721146,-0.0100034627856421));
#1174=CARTESIAN_POINT('',(0.00131387593785754,-6.66133814775094E-19,-0.00994096278564215));
#1175=CARTESIAN_POINT('',(0.000928572817721143,0.000928572817721146,-0.00987846278564215));
#1176=CARTESIAN_POINT('',(4.01072710198149E-19,0.00131387593785754,-0.00981596278564215));
#1177=CARTESIAN_POINT('',(-0.000928572817721143,0.000928572817721146,-0.00975346278564215));
#1178=CARTESIAN_POINT('',(-0.00131387593785754,6.66133814775094E-19,-0.00969096278564215));
#1179=CARTESIAN_POINT('',(-0.000928572817721144,-0.000928572817721145,-0.00962846278564215));
#1180=CARTESIAN_POINT('',(-8.22493319111344E-19,-0.00131387593785754,-0.00956596278564215));
#1181=CARTESIAN_POINT('',(0.000928572817721143,-0.000928572817721146,-0.00950346278564215));
#1182=CARTESIAN_POINT('',(0.00131387593785754,-8.88178419700125E-19,-0.00944096278564215));
#1183=CARTESIAN_POINT('',(0.000928572817721143,0.000928572817721145,-0.00937846278564215));
#1184=CARTESIAN_POINT('',(4.33683190270357E-18,0.00131387593785754,-0.00931596278564215));
#1185=CARTESIAN_POINT('',(-0.000928572817721143,0.000928572817721146,-0.00925346278564215));
#1186=CARTESIAN_POINT('',(-0.00131387593785754,1.11022302462516E-18,-0.00919096278564215));
#1187=CARTESIAN_POINT('',(-0.000928572817721144,-0.000928572817721145,-0.00912846278564215));
#1188=CARTESIAN_POINT('',(2.7348617641328E-18,-0.00131387593785754,-0.00906596278564215));
#1189=CARTESIAN_POINT('',(0.000928572817721141,-0.000928572817721147,-0.00900346278564215));
#1190=CARTESIAN_POINT('',(0.00131387593785754,-1.33226762955019E-18,-0.00894096278564215));
#1191=CARTESIAN_POINT('',(0.000928572817721143,0.000928572817721145,-0.00887846278564215));
#1192=CARTESIAN_POINT('',(4.47052280610296E-18,0.00131387593785754,-0.00881596278564215));
#1193=CARTESIAN_POINT('',(-0.000928572817721143,0.000928572817721146,-0.00875346278564215));
#1194=CARTESIAN_POINT('',(-0.00131387593785754,1.55431223447522E-18,-0.00869096278564215));
#1195=CARTESIAN_POINT('',(-0.000928572817721145,-0.000928572817721145,-0.00862846278564215));
#1196=CARTESIAN_POINT('',(2.55583365885968E-18,-0.00131387593785754,-0.00856596278564215));
#1197=CARTESIAN_POINT('',(0.000928572817721139,-0.000928572817721147,-0.00850346278564215));
#1198=CARTESIAN_POINT('',(0.00131387593785754,-1.66533453693773E-18,-0.00844096278564215));
#1199=CARTESIAN_POINT('',(0.000928572817721143,0.000928572817721144,-0.00837846278564215));
#1200=CARTESIAN_POINT('',(5.2250103224037E-18,0.00131387593785754,-0.00831596278564215));
#1201=CARTESIAN_POINT('',(-0.000928572817721143,0.000928572817721146,-0.00825346278564215));
#1202=CARTESIAN_POINT('',(-0.00131387593785754,1.11022302462516E-19,-0.00819096278564215));
#1203=CARTESIAN_POINT('',(-0.000928572817721152,-0.000928572817721138,-0.00812846278564215));
#1204=CARTESIAN_POINT('',(3.13593447433095E-18,-0.00131387593785754,-0.00806596278564215));
#1205=CARTESIAN_POINT('',(0.000928572817721141,-0.000928572817721145,-0.00800346278564215));
#1206=CARTESIAN_POINT('',(0.00131387593785754,-1.15463194561016E-17,-0.00794096278564215));
#1207=CARTESIAN_POINT('',(0.000928572817721143,0.000928572817721147,-0.00787846278564215));
#1208=CARTESIAN_POINT('',(7.02635646496263E-18,0.00131387593785754,-0.00781596278564215));
#1209=CARTESIAN_POINT('',(-0.000928572817721147,0.00092857281772114,-0.00775346278564215));
#1210=CARTESIAN_POINT('',(-0.00131387593785754,2.44249065417534E-18,-0.00769096278564215));
#1211=CARTESIAN_POINT('',(-0.000928572817721153,-0.000928572817721138,-0.00762846278564215));
#1212=CARTESIAN_POINT('',(3.73406248629544E-18,-0.00131387593785754,-0.00756596278564215));
#1213=CARTESIAN_POINT('',(0.000928572817721139,-0.000928572817721148,-0.00750346278564215));
#1214=CARTESIAN_POINT('',(0.00131387593785754,6.66133814775094E-18,-0.00744096278564215));
#1215=CARTESIAN_POINT('',(0.000928572817721144,0.000928572817721142,-0.00737846278564215));
#1216=CARTESIAN_POINT('',(7.02635646496263E-18,0.00131387593785754,-0.00731596278564215));
#1217=CARTESIAN_POINT('',(-0.000928572817721147,0.00092857281772114,-0.00725346278564215));
#1218=CARTESIAN_POINT('',(-0.00131387593785754,2.77555756156289E-18,-0.00719096278564215));
#1219=CARTESIAN_POINT('',(-0.000928572817721153,-0.000928572817721138,-0.00712846278564215));
#1220=CARTESIAN_POINT('',(3.22196747363478E-18,-0.00131387593785754,-0.00706596278564215));
#1221=CARTESIAN_POINT('',(0.000928572817721139,-0.000928572817721146,-0.00700346278564215));
#1222=CARTESIAN_POINT('',(0.00131387593785754,-1.23234755733392E-17,-0.00694096278564215));
#1223=CARTESIAN_POINT('',(0.000928572817721143,0.000928572817721146,-0.00687846278564215));
#1224=CARTESIAN_POINT('',(7.76049608254833E-18,0.00131387593785754,-0.00681596278564215));
#1225=CARTESIAN_POINT('',(-0.000928572817721147,0.000928572817721141,-0.00675346278564215));
#1226=CARTESIAN_POINT('',(-0.00131387593785754,2.99760216648792E-18,-0.00669096278564215));
#1227=CARTESIAN_POINT('',(-0.000928572817721153,-0.000928572817721138,-0.00662846278564215));
#1228=CARTESIAN_POINT('',(2.44713205861899E-18,-0.00131387593785754,-0.00656596278564215));
#1229=CARTESIAN_POINT('',(0.000928572817721138,-0.000928572817721152,-0.00650346278564215));
#1230=CARTESIAN_POINT('',(0.00131387593785754,6.10622663543836E-18,-0.00644096278564215));
#1231=CARTESIAN_POINT('',(0.000928572817721144,0.000928572817721141,-0.00637846278564215));
#1232=CARTESIAN_POINT('',(7.9598720865365E-18,0.00131387593785754,-0.00631596278564215));
#1233=CARTESIAN_POINT('',(-0.000928572817721147,0.000928572817721141,-0.00625346278564215));
#1234=CARTESIAN_POINT('',(-0.00131387593785754,3.44169137633799E-18,-0.00619096278564215));
#1235=CARTESIAN_POINT('',(-0.000928572817721153,-0.000928572817721138,-0.00612846278564215));
#1236=CARTESIAN_POINT('',(2.245435352409E-18,-0.00131387593785754,-0.00606596278564215));
#1237=CARTESIAN_POINT('',(0.000928572817721139,-0.000928572817721146,-0.00600346278564215));
#1238=CARTESIAN_POINT('',(0.00131387593785754,-1.31006316905768E-17,-0.00594096278564215));
#1239=CARTESIAN_POINT('',(0.000928572817721144,0.000928572817721146,-0.00587846278564215));
#1240=CARTESIAN_POINT('',(8.05054649028397E-18,0.00131387593785754,-0.00581596278564215));
#1241=CARTESIAN_POINT('',(-0.000928572817721147,0.000928572817721141,-0.00575346278564215));
#1242=CARTESIAN_POINT('',(-0.00131387593785754,4.44089209850063E-18,-0.00569096278564215));
#1243=CARTESIAN_POINT('',(-0.000928572817721147,-0.000928572817721138,-0.00562846278564215));
#1244=CARTESIAN_POINT('',(-1.55209921650966E-17,-0.00131387593785754,-0.00556596278564215));
#1245=CARTESIAN_POINT('',(0.000928572817721154,-0.000928572817721138,-0.00550346278564215));
#1246=CARTESIAN_POINT('',(0.00131387593785754,1.11022302462516E-18,-0.00544096278564215));
#1247=CARTESIAN_POINT('',(0.000928572817721145,0.000928572817721141,-0.00537846278564215));
#1248=CARTESIAN_POINT('',(5.62608303260185E-18,0.00131387593785754,-0.00531596278564215));
#1249=CARTESIAN_POINT('',(-0.000928572817721137,0.000928572817721148,-0.00525346278564215));
#1250=CARTESIAN_POINT('',(-0.00131387593785754,2.30926389122033E-17,-0.00519096278564215));
#1251=CARTESIAN_POINT('',(-0.000928572817721139,-0.000928572817721153,-0.00512846278564215));
#1252=CARTESIAN_POINT('',(-1.86703124314772E-18,-0.00131387593785754,-0.00506596278564215));
#1253=CARTESIAN_POINT('',(0.000928572817721139,-0.000928572817721146,-0.00500346278564215));
#1254=CARTESIAN_POINT('',(0.00131387593785754,-9.88098491916389E-18,-0.00494096278564215));
#1255=CARTESIAN_POINT('',(0.00092857281772116,0.000928572817721133,-0.00487846278564215));
#1256=CARTESIAN_POINT('',(-8.69401170412218E-18,0.00131387593785754,-0.00481596278564215));
#1257=CARTESIAN_POINT('',(-0.000928572817721143,0.000928572817721143,-0.00475346278564215));
#1258=CARTESIAN_POINT('',(-0.00131387593785754,4.88498130835069E-18,-0.00469096278564215));
#1259=CARTESIAN_POINT('',(-0.000928572817721147,-0.000928572817721138,-0.00462846278564215));
#1260=CARTESIAN_POINT('',(-1.6121440879283E-17,-0.00131387593785754,-0.00456596278564215));
#1261=CARTESIAN_POINT('',(0.000928572817721154,-0.000928572817721138,-0.00450346278564215));
#1262=CARTESIAN_POINT('',(0.00131387593785754,1.11022302462516E-19,-0.00444096278564216));
#1263=CARTESIAN_POINT('',(0.000928572817721145,0.000928572817721141,-0.00437846278564216));
#1264=CARTESIAN_POINT('',(5.73710533506436E-18,0.00131387593785754,-0.00431596278564216));
#1265=CARTESIAN_POINT('',(-0.000928572817721133,0.000928572817721159,-0.00425346278564216));
#1266=CARTESIAN_POINT('',(-0.00131387593785754,-1.35447209004269E-17,-0.00419096278564216));
#1267=CARTESIAN_POINT('',(-0.000928572817721141,-0.000928572817721144,-0.00412846278564216));
#1268=CARTESIAN_POINT('',(-2.0007221465471E-18,-0.00131387593785754,-0.00406596278564216));
#1269=CARTESIAN_POINT('',(0.000928572817721138,-0.000928572817721147,-0.00400346278564216));
#1270=CARTESIAN_POINT('',(0.00131387593785754,-1.0547118733939E-17,-0.00394096278564215));
#1271=CARTESIAN_POINT('',(0.000928572817721161,0.000928572817721132,-0.00387846278564215));
#1272=CARTESIAN_POINT('',(-7.69481098195955E-18,0.00131387593785754,-0.00381596278564216));
#1273=CARTESIAN_POINT('',(-0.000928572817721142,0.000928572817721144,-0.00375346278564216));
#1274=CARTESIAN_POINT('',(-0.00131387593785754,5.55111512312578E-18,-0.00369096278564216));
#1275=CARTESIAN_POINT('',(-0.000928572817721148,-0.000928572817721138,-0.00362846278564216));
#1276=CARTESIAN_POINT('',(-1.66108672910068E-17,-0.00131387593785754,-0.00356596278564216));
#1277=CARTESIAN_POINT('',(0.000928572817721153,-0.000928572817721138,-0.00350346278564216));
#1278=CARTESIAN_POINT('',(0.00131387593785754,-5.55111512312578E-19,-0.00344096278564216));
#1279=CARTESIAN_POINT('',(0.000928572817721146,0.000928572817721139,-0.00337846278564216));
#1280=CARTESIAN_POINT('',(7.02635646496263E-18,0.00131387593785754,-0.00331596278564216));
#1281=CARTESIAN_POINT('',(-0.000928572817721136,0.000928572817721152,-0.00325346278564216));
#1282=CARTESIAN_POINT('',(-0.00131387593785754,2.4757973449141E-17,-0.00319096278564216));
#1283=CARTESIAN_POINT('',(-0.00092857281772114,-0.000928572817721153,-0.00312846278564216));
#1284=CARTESIAN_POINT('',(-2.89122126846905E-18,-0.00131387593785754,-0.00306596278564216));
#1285=CARTESIAN_POINT('',(0.000928572817721138,-0.000928572817721147,-0.00300346278564216));
#1286=CARTESIAN_POINT('',(0.00131387593785754,-1.15463194561016E-17,-0.00294096278564216));
#1287=CARTESIAN_POINT('',(0.000928572817721162,0.000928572817721132,-0.00287846278564216));
#1288=CARTESIAN_POINT('',(-7.89186628372589E-18,0.00131387593785754,-0.00281596278564216));
#1289=CARTESIAN_POINT('',(-0.000928572817721141,0.000928572817721144,-0.00275346278564216));
#1290=CARTESIAN_POINT('',(-0.00131387593785754,6.43929354282591E-18,-0.00269096278564216));
#1291=CARTESIAN_POINT('',(-0.000928572817721148,-0.000928572817721137,-0.00262846278564216));
#1292=CARTESIAN_POINT('',(-1.75217143116438E-17,-0.00131387593785754,-0.00256596278564216));
#1293=CARTESIAN_POINT('',(0.000928572817721153,-0.000928572817721138,-0.00250346278564216));
#1294=CARTESIAN_POINT('',(0.00131387593785754,-1.4432899320127E-18,-0.00244096278564216));
#1295=CARTESIAN_POINT('',(0.000928572817721146,0.000928572817721139,-0.00237846278564216));
#1296=CARTESIAN_POINT('',(7.13737876742515E-18,0.00131387593785754,-0.00231596278564216));
#1297=CARTESIAN_POINT('',(-0.000928572817721133,0.00092857281772116,-0.00225346278564216));
#1298=CARTESIAN_POINT('',(-0.00131387593785754,-1.19904086659517E-17,-0.00219096278564216));
#1299=CARTESIAN_POINT('',(-0.000928572817721143,-0.000928572817721143,-0.00212846278564216));
#1300=CARTESIAN_POINT('',(-3.31264187738225E-18,-0.00131387593785754,-0.00206596278564216));
#1301=CARTESIAN_POINT('',(0.000928572817721138,-0.000928572817721147,-0.00200346278564216));
#1302=CARTESIAN_POINT('',(0.00131387593785754,-1.23234755733392E-17,-0.00194096278564216));
#1303=CARTESIAN_POINT('',(0.000928572817721162,0.000928572817721131,-0.00187846278564216));
#1304=CARTESIAN_POINT('',(-6.8043118600376E-18,0.00131387593785754,-0.00181596278564216));
#1305=CARTESIAN_POINT('',(-0.000928572817721141,0.000928572817721145,-0.00175346278564216));
#1306=CARTESIAN_POINT('',(-0.00131387593785754,7.21644966006352E-18,-0.00169096278564216));
#1307=CARTESIAN_POINT('',(-0.000928572817721148,-0.000928572817721137,-0.00162846278564216));
#1308=CARTESIAN_POINT('',(-1.8144831626767E-17,-0.00131387593785754,-0.00156596278564216));
#1309=CARTESIAN_POINT('',(0.000928572817721153,-0.000928572817721139,-0.00150346278564216));
#1310=CARTESIAN_POINT('',(0.00131387593785754,-2.22044604925031E-18,-0.00144096278564216));
#1311=CARTESIAN_POINT('',(0.000928572817721146,0.000928572817721139,-0.00137846278564216));
#1312=CARTESIAN_POINT('',(8.42662989732343E-18,0.00131387593785754,-0.00131596278564216));
#1313=CARTESIAN_POINT('',(-0.000928572817721136,0.000928572817721152,-0.00125346278564216));
#1314=CARTESIAN_POINT('',(-0.00126387185276378,0.000120508845546461,-0.00119907394580419));
#1315=CARTESIAN_POINT('',(-0.00113754698642578,-0.000378030854054537,-0.00116551843929957));
#1316=CARTESIAN_POINT('',(-0.00105038613795539,-0.000546427079151475,-0.00115279626612827));
#1317=CARTESIAN_POINT('',(-0.00143085710762104,0.000162477674146043,-0.0100527422451944));
#1318=CARTESIAN_POINT('',(-0.0014372172340553,0.000108538796796977,-0.0100497361961589));
#1319=CARTESIAN_POINT('',(-0.00146298506150795,-0.000321843051284814,-0.01002589681379));
#1320=CARTESIAN_POINT('',(-0.00112833734904991,-0.00112833734904991,-0.00998122409808775));
#1321=CARTESIAN_POINT('',(1.11022302462516E-19,-0.00159653100371913,-0.00991872409808775));
#1322=CARTESIAN_POINT('',(0.00112833734904991,-0.00112833734904991,-0.00985622409808775));
#1323=CARTESIAN_POINT('',(0.00159653100371913,-6.66133814775094E-19,-0.00979372409808776));
#1324=CARTESIAN_POINT('',(0.00112833734904991,0.00112833734904991,-0.00973122409808776));
#1325=CARTESIAN_POINT('',(6.15723155766945E-19,0.00159653100371913,-0.00966872409808775));
#1326=CARTESIAN_POINT('',(-0.00112833734904991,0.00112833734904991,-0.00960622409808775));
#1327=CARTESIAN_POINT('',(-0.00159653100371913,6.66133814775094E-19,-0.00954372409808775));
#1328=CARTESIAN_POINT('',(-0.00112833734904991,-0.00112833734904991,-0.00948122409808775));
#1329=CARTESIAN_POINT('',(-9.65593616157208E-19,-0.00159653100371913,-0.00941872409808775));
#1330=CARTESIAN_POINT('',(0.00112833734904991,-0.00112833734904991,-0.00935622409808775));
#1331=CARTESIAN_POINT('',(0.00159653100371913,-8.88178419700125E-19,-0.00929372409808775));
#1332=CARTESIAN_POINT('',(0.00112833734904991,0.00112833734904991,-0.00923122409808775));
#1333=CARTESIAN_POINT('',(5.41008413054755E-18,0.00159653100371913,-0.00916872409808775));
#1334=CARTESIAN_POINT('',(-0.00112833734904991,0.00112833734904991,-0.00910622409808775));
#1335=CARTESIAN_POINT('',(-0.00159653100371913,1.11022302462516E-18,-0.00904372409808775));
#1336=CARTESIAN_POINT('',(-0.00112833734904991,-0.00112833734904991,-0.00898122409808775));
#1337=CARTESIAN_POINT('',(3.30726295231626E-18,-0.00159653100371913,-0.00891872409808775));
#1338=CARTESIAN_POINT('',(0.0011283373490499,-0.00112833734904991,-0.00885622409808775));
#1339=CARTESIAN_POINT('',(0.00159653100371913,-1.33226762955019E-18,-0.00879372409808775));
#1340=CARTESIAN_POINT('',(0.00112833734904991,0.00112833734904991,-0.00873122409808775));
#1341=CARTESIAN_POINT('',(5.61532518246987E-18,0.00159653100371913,-0.00866872409808775));
#1342=CARTESIAN_POINT('',(-0.00112833734904991,0.00112833734904991,-0.00860622409808775));
#1343=CARTESIAN_POINT('',(-0.00159653100371913,1.55431223447522E-18,-0.00854372409808775));
#1344=CARTESIAN_POINT('',(-0.00112833734904991,-0.00112833734904991,-0.00848122409808775));
#1345=CARTESIAN_POINT('',(2.91358440147434E-18,-0.00159653100371913,-0.00841872409808775));
#1346=CARTESIAN_POINT('',(0.0011283373490499,-0.00112833734904991,-0.00835622409808775));
#1347=CARTESIAN_POINT('',(0.00159653100371913,-1.66533453693773E-18,-0.00829372409808775));
#1348=CARTESIAN_POINT('',(0.00112833734904991,0.00112833734904991,-0.00823122409808775));
#1349=CARTESIAN_POINT('',(6.29826255024767E-18,0.00159653100371913,-0.00816872409808775));
#1350=CARTESIAN_POINT('',(-0.00112833734904991,0.00112833734904991,-0.00810622409808775));
#1351=CARTESIAN_POINT('',(-0.00159653100371913,1.11022302462516E-19,-0.00804372409808775));
#1352=CARTESIAN_POINT('',(-0.00112833734904992,-0.0011283373490499,-0.00798122409808776));
#1353=CARTESIAN_POINT('',(3.9229861080832E-18,-0.00159653100371913,-0.00791872409808775));
#1354=CARTESIAN_POINT('',(0.0011283373490499,-0.00112833734904991,-0.00785622409808775));
#1355=CARTESIAN_POINT('',(0.00159653100371913,-1.15463194561016E-17,-0.00779372409808775));
#1356=CARTESIAN_POINT('',(0.00112833734904991,0.00112833734904991,-0.00773122409808775));
#1357=CARTESIAN_POINT('',(8.52890958394421E-18,0.00159653100371913,-0.00766872409808775));
#1358=CARTESIAN_POINT('',(-0.00112833734904991,0.0011283373490499,-0.00760622409808775));
#1359=CARTESIAN_POINT('',(-0.00159653100371912,2.44249065417534E-18,-0.00754372409808775));
#1360=CARTESIAN_POINT('',(-0.00112833734904992,-0.0011283373490499,-0.00748122409808775));
#1361=CARTESIAN_POINT('',(4.3064636744789E-18,-0.00159653100371913,-0.00741872409808775));
#1362=CARTESIAN_POINT('',(0.0011283373490499,-0.00112833734904991,-0.00735622409808775));
#1363=CARTESIAN_POINT('',(0.00159653100371913,6.66133814775094E-18,-0.00729372409808775));
#1364=CARTESIAN_POINT('',(0.00112833734904991,0.00112833734904991,-0.00723122409808775));
#1365=CARTESIAN_POINT('',(8.52890958394421E-18,0.00159653100371913,-0.00716872409808775));
#1366=CARTESIAN_POINT('',(-0.00112833734904991,0.0011283373490499,-0.00710622409808775));
#1367=CARTESIAN_POINT('',(-0.00159653100371912,2.77555756156289E-18,-0.00704372409808775));
#1368=CARTESIAN_POINT('',(-0.00112833734904992,-0.0011283373490499,-0.00698122409808775));
#1369=CARTESIAN_POINT('',(3.57971821624944E-18,-0.00159653100371913,-0.00691872409808775));
#1370=CARTESIAN_POINT('',(0.0011283373490499,-0.00112833734904991,-0.00685622409808775));
#1371=CARTESIAN_POINT('',(0.00159653100371913,-1.23234755733392E-17,-0.00679372409808775));
#1372=CARTESIAN_POINT('',(0.00112833734904991,0.00112833734904991,-0.00673122409808775));
#1373=CARTESIAN_POINT('',(9.4776996470987E-18,0.00159653100371913,-0.00666872409808775));
#1374=CARTESIAN_POINT('',(-0.00112833734904991,0.0011283373490499,-0.00660622409808775));
#1375=CARTESIAN_POINT('',(-0.00159653100371913,2.99760216648792E-18,-0.00654372409808775));
#1376=CARTESIAN_POINT('',(-0.00112833734904992,-0.0011283373490499,-0.00648122409808775));
#1377=CARTESIAN_POINT('',(3.16263354384831E-18,-0.00159653100371913,-0.00641872409808775));
#1378=CARTESIAN_POINT('',(0.0011283373490499,-0.00112833734904992,-0.00635622409808775));
#1379=CARTESIAN_POINT('',(0.00159653100371913,6.10622663543836E-18,-0.00629372409808775));
#1380=CARTESIAN_POINT('',(0.00112833734904991,0.0011283373490499,-0.00623122409808775));
#1381=CARTESIAN_POINT('',(9.60552550256393E-18,0.00159653100371913,-0.00616872409808775));
#1382=CARTESIAN_POINT('',(-0.00112833734904991,0.0011283373490499,-0.00610622409808775));
#1383=CARTESIAN_POINT('',(-0.00159653100371912,3.44169137633799E-18,-0.00604372409808775));
#1384=CARTESIAN_POINT('',(-0.00112833734904992,-0.0011283373490499,-0.00598122409808775));
#1385=CARTESIAN_POINT('',(2.67473624354659E-18,-0.00159653100371913,-0.00591872409808775));
#1386=CARTESIAN_POINT('',(0.0011283373490499,-0.00112833734904991,-0.00585622409808775));
#1387=CARTESIAN_POINT('',(0.00159653100371913,-1.31006316905768E-17,-0.00579372409808775));
#1388=CARTESIAN_POINT('',(0.00112833734904991,0.00112833734904991,-0.00573122409808775));
#1389=CARTESIAN_POINT('',(9.98240050040315E-18,0.00159653100371913,-0.00566872409808775));
#1390=CARTESIAN_POINT('',(-0.00112833734904991,0.0011283373490499,-0.00560622409808775));
#1391=CARTESIAN_POINT('',(-0.00159653100371913,4.44089209850063E-18,-0.00554372409808775));
#1392=CARTESIAN_POINT('',(-0.00112833734904991,-0.0011283373490499,-0.00548122409808775));
#1393=CARTESIAN_POINT('',(-1.89553992941974E-17,-0.00159653100371913,-0.00541872409808775));
#1394=CARTESIAN_POINT('',(0.00112833734904992,-0.0011283373490499,-0.00535622409808775));
#1395=CARTESIAN_POINT('',(0.00159653100371913,1.11022302462516E-18,-0.00529372409808775));
#1396=CARTESIAN_POINT('',(0.00112833734904991,0.0011283373490499,-0.00523122409808775));
#1397=CARTESIAN_POINT('',(6.91398570601462E-18,0.00159653100371913,-0.00516872409808775));
#1398=CARTESIAN_POINT('',(-0.0011283373490499,0.00112833734904991,-0.00510622409808775));
#1399=CARTESIAN_POINT('',(-0.00159653100371913,2.30926389122033E-17,-0.00504372409808775));
#1400=CARTESIAN_POINT('',(-0.0011283373490499,-0.00112833734904992,-0.00498122409808775));
#1401=CARTESIAN_POINT('',(-2.15323183723944E-18,-0.00159653100371912,-0.00491872409808775));
#1402=CARTESIAN_POINT('',(0.0011283373490499,-0.00112833734904991,-0.00485622409808775));
#1403=CARTESIAN_POINT('',(0.00159653100371913,-9.88098491916389E-18,-0.00479372409808775));
#1404=CARTESIAN_POINT('',(0.00112833734904993,0.00112833734904989,-0.00473122409808775));
#1405=CARTESIAN_POINT('',(-1.05543155657184E-17,0.00159653100371913,-0.00466872409808775));
#1406=CARTESIAN_POINT('',(-0.00112833734904991,0.00112833734904991,-0.00460622409808775));
#1407=CARTESIAN_POINT('',(-0.00159653100371913,4.88498130835069E-18,-0.00454372409808775));
#1408=CARTESIAN_POINT('',(-0.00112833734904991,-0.0011283373490499,-0.00448122409808775));
#1409=CARTESIAN_POINT('',(-1.96989483054296E-17,-0.00159653100371913,-0.00441872409808775));
#1410=CARTESIAN_POINT('',(0.00112833734904992,-0.0011283373490499,-0.00435622409808775));
#1411=CARTESIAN_POINT('',(0.00159653100371912,1.11022302462516E-19,-0.00429372409808775));
#1412=CARTESIAN_POINT('',(0.00112833734904991,0.0011283373490499,-0.00423122409808775));
#1413=CARTESIAN_POINT('',(7.02500800847713E-18,0.00159653100371912,-0.00416872409808775));
#1414=CARTESIAN_POINT('',(-0.00112833734904989,0.00112833734904993,-0.00410622409808775));
#1415=CARTESIAN_POINT('',(-0.00159653100371913,-1.35447209004269E-17,-0.00404372409808775));
#1416=CARTESIAN_POINT('',(-0.0011283373490499,-0.00112833734904991,-0.00398122409808775));
#1417=CARTESIAN_POINT('',(-2.35847288916176E-18,-0.00159653100371913,-0.00391872409808775));
#1418=CARTESIAN_POINT('',(0.0011283373490499,-0.00112833734904991,-0.00385622409808775));
#1419=CARTESIAN_POINT('',(0.00159653100371913,-1.0547118733939E-17,-0.00379372409808775));
#1420=CARTESIAN_POINT('',(0.00112833734904993,0.00112833734904989,-0.00373122409808775));
#1421=CARTESIAN_POINT('',(-9.55511484355578E-18,0.00159653100371913,-0.00366872409808775));
#1422=CARTESIAN_POINT('',(-0.00112833734904991,0.00112833734904991,-0.00360622409808775));
#1423=CARTESIAN_POINT('',(-0.00159653100371913,5.55111512312578E-18,-0.00354372409808775));
#1424=CARTESIAN_POINT('',(-0.00112833734904991,-0.0011283373490499,-0.00348122409808775));
#1425=CARTESIAN_POINT('',(-2.03314750141993E-17,-0.00159653100371913,-0.00341872409808775));
#1426=CARTESIAN_POINT('',(0.00112833734904992,-0.0011283373490499,-0.00335622409808775));
#1427=CARTESIAN_POINT('',(0.00159653100371913,-5.55111512312578E-19,-0.00329372409808775));
#1428=CARTESIAN_POINT('',(0.00112833734904991,0.0011283373490499,-0.00323122409808776));
#1429=CARTESIAN_POINT('',(8.52890958394421E-18,0.00159653100371913,-0.00316872409808776));
#1430=CARTESIAN_POINT('',(-0.0011283373490499,0.00112833734904992,-0.00310622409808776));
#1431=CARTESIAN_POINT('',(-0.00159653100371913,2.4757973449141E-17,-0.00304372409808776));
#1432=CARTESIAN_POINT('',(-0.0011283373490499,-0.00112833734904992,-0.00298122409808775));
#1433=CARTESIAN_POINT('',(-3.60672275369837E-18,-0.00159653100371913,-0.00291872409808775));
#1434=CARTESIAN_POINT('',(0.0011283373490499,-0.00112833734904991,-0.00285622409808775));
#1435=CARTESIAN_POINT('',(0.00159653100371912,-1.15463194561016E-17,-0.00279372409808775));
#1436=CARTESIAN_POINT('',(0.00112833734904993,0.00112833734904989,-0.00273122409808775));
#1437=CARTESIAN_POINT('',(-9.32286925418453E-18,0.00159653100371913,-0.00266872409808775));
#1438=CARTESIAN_POINT('',(-0.0011283373490499,0.00112833734904991,-0.00260622409808775));
#1439=CARTESIAN_POINT('',(-0.00159653100371913,6.43929354282591E-18,-0.00254372409808775));
#1440=CARTESIAN_POINT('',(-0.00112833734904991,-0.0011283373490499,-0.00248122409808775));
#1441=CARTESIAN_POINT('',(-2.13138721833591E-17,-0.00159653100371913,-0.00241872409808775));
#1442=CARTESIAN_POINT('',(0.00112833734904992,-0.0011283373490499,-0.00235622409808775));
#1443=CARTESIAN_POINT('',(0.00159653100371913,-1.4432899320127E-18,-0.00229372409808775));
#1444=CARTESIAN_POINT('',(0.00112833734904991,0.0011283373490499,-0.00223122409808776));
#1445=CARTESIAN_POINT('',(8.63993188640672E-18,0.00159653100371913,-0.00216872409808775));
#1446=CARTESIAN_POINT('',(-0.00112833734904989,0.00112833734904993,-0.00210622409808775));
#1447=CARTESIAN_POINT('',(-0.00159653100371913,-1.19904086659517E-17,-0.00204372409808775));
#1448=CARTESIAN_POINT('',(-0.00112833734904991,-0.00112833734904991,-0.00198122409808775));
#1449=CARTESIAN_POINT('',(-3.95659321408863E-18,-0.00159653100371913,-0.00191872409808775));
#1450=CARTESIAN_POINT('',(0.0011283373490499,-0.00112833734904991,-0.00185622409808775));
#1451=CARTESIAN_POINT('',(0.00159653100371912,-1.23234755733392E-17,-0.00179372409808775));
#1452=CARTESIAN_POINT('',(0.00112833734904993,0.00112833734904989,-0.00173122409808775));
#1453=CARTESIAN_POINT('',(-8.30686497901917E-18,0.00159653100371913,-0.00166872409808775));
#1454=CARTESIAN_POINT('',(-0.0011283373490499,0.00112833734904991,-0.00160622409808775));
#1455=CARTESIAN_POINT('',(-0.00159653100371913,7.21644966006352E-18,-0.00154372409808775));
#1456=CARTESIAN_POINT('',(-0.00112833734904991,-0.0011283373490499,-0.00148122409808776));
#1457=CARTESIAN_POINT('',(-2.21516399440512E-17,-0.00159653100371913,-0.00141872409808776));
#1458=CARTESIAN_POINT('',(0.00112833734904992,-0.0011283373490499,-0.00135622409808775));
#1459=CARTESIAN_POINT('',(0.00159653100371912,-2.22044604925031E-18,-0.00129372409808775));
#1460=CARTESIAN_POINT('',(0.00112833734904991,0.0011283373490499,-0.00123122409808775));
#1461=CARTESIAN_POINT('',(1.01438334618738E-17,0.00159653100371913,-0.00116872409808776));
#1462=CARTESIAN_POINT('',(-0.0011283373490499,0.00112833734904992,-0.00110622409808775));
#1463=CARTESIAN_POINT('',(-0.00153576950420117,0.000146433999279303,-0.00105183525824979));
#1464=CARTESIAN_POINT('',(-0.001382268279437,-0.000459356900808036,-0.00101827975174516));
#1465=CARTESIAN_POINT('',(-0.00127635645558524,-0.000663980325691609,-0.00100555757857387));
#1466=CARTESIAN_POINT('',(-0.00121372710874433,-0.000769308459266614,-0.01));
#1467=CARTESIAN_POINT('',(-0.00118543554397263,-0.000806017805385177,-0.01));
#1468=CARTESIAN_POINT('',(-0.00115528028511111,-0.000841490653048525,-0.01));
#1469=CARTESIAN_POINT('',(-0.00112341632152005,-0.000875387879581711,-0.01));
#1470=CARTESIAN_POINT('',(-0.00109193486437822,-0.000908878191647935,-0.01));
#1471=CARTESIAN_POINT('',(-0.00105878599493578,-0.000940829843310223,-0.01));
#1472=CARTESIAN_POINT('',(-0.00102415706434961,-0.000970949438647982,-0.01));
#1473=CARTESIAN_POINT('',(-0.00101465562434318,-0.000979213613234828,-0.01));
#1474=CARTESIAN_POINT('',(-0.00100504295694425,-0.000987340091652645,-0.01));
#1475=CARTESIAN_POINT('',(-0.000995323358994673,-0.000995323358994668,-0.01));
#1476=CARTESIAN_POINT('',(-0.000987815449405517,-0.00100149003890683,-0.01));
#1477=CARTESIAN_POINT('',(-0.000980243740474367,-0.00100757127282605,-0.01));
#1478=CARTESIAN_POINT('',(-0.000972611414391816,-0.00101356575958914,-0.01));
#1479=CARTESIAN_POINT('',(-0.000966154933608762,-0.00101863672854035,-0.01));
#1480=CARTESIAN_POINT('',(-0.000959647723509305,-0.00102365140654947,-0.01));
#1481=CARTESIAN_POINT('',(-0.000953090270645069,-0.00102860948868708,-0.01));
#1482=CARTESIAN_POINT('',(-0.000915351231574997,-0.00105714393024204,-0.01));
#1483=CARTESIAN_POINT('',(-0.000875956677135042,-0.00108379145435892,-0.01));
#1484=CARTESIAN_POINT('',(-0.000835226217329138,-0.00110835700373761,-0.01));
#1485=CARTESIAN_POINT('',(-0.00079378936941346,-0.0011333485932856,-0.01));
#1486=CARTESIAN_POINT('',(-0.000750970707812044,-0.00115618499729353,-0.01));
#1487=CARTESIAN_POINT('',(-0.000707138674226823,-0.00117670534715521,-0.01));
#1488=CARTESIAN_POINT('',(-0.000679653947893,-0.00118957256215965,-0.01));
#1489=CARTESIAN_POINT('',(-0.000651771367670205,-0.00120153004358638,-0.01));
#1490=CARTESIAN_POINT('',(-0.000623585703116844,-0.00121254773605106,-0.01));
#1491=CARTESIAN_POINT('',(-0.000607337383814523,-0.00121889915575245,-0.01));
#1492=CARTESIAN_POINT('',(-0.000590988386707562,-0.00122493840155797,-0.01));
#1493=CARTESIAN_POINT('',(-0.000574557106371781,-0.00123066087594351,-0.01));
#1494=CARTESIAN_POINT('',(-0.000567170814898603,-0.00123323327826979,-0.01));
#1495=CARTESIAN_POINT('',(-0.000559769342261259,-0.00123574120599565,-0.01));
#1496=CARTESIAN_POINT('',(-0.000552349865423946,-0.00123818577771909,-0.01));
#1497=CARTESIAN_POINT('',(-0.00050804406774135,-0.00125278366683907,-0.01));
#1498=CARTESIAN_POINT('',(-0.000462784607475774,-0.00126521950522812,-0.01));
#1499=CARTESIAN_POINT('',(-0.000416928198509421,-0.00127530805977162,-0.01));
#1500=CARTESIAN_POINT('',(-0.000371054339069088,-0.0012854004534744,-0.01));
#1501=CARTESIAN_POINT('',(-0.00032458399127801,-0.00129314352214125,-0.01));
#1502=CARTESIAN_POINT('',(-0.000277892487591478,-0.00129840076570683,-0.01));
#1503=CARTESIAN_POINT('',(-0.000231612159616552,-0.00130361171282244,-0.01));
#1504=CARTESIAN_POINT('',(-0.000185115449648011,-0.00130638031493696,-0.01));
#1505=CARTESIAN_POINT('',(-0.000138772186752298,-0.00130662431121561,-0.01));
#1506=CARTESIAN_POINT('',(-0.000125738613586505,-0.00130669293269695,-0.01));
#1507=CARTESIAN_POINT('',(-0.000112717159108558,-0.00130656218313011,-0.01));
#1508=CARTESIAN_POINT('',(-9.97159652892625E-5,-0.00130623097822875,-0.01));
#1509=CARTESIAN_POINT('',(-9.2568227945672E-5,-0.00130604888990095,-0.01));
#1510=CARTESIAN_POINT('',(-8.54224983956983E-5,-0.00130580615917635,-0.01));
#1511=CARTESIAN_POINT('',(-7.82723157908378E-5,-0.00130550197158141,-0.01));
#1512=CARTESIAN_POINT('',(-5.2184193001847E-5,-0.00130439211414612,-0.01));
#1513=CARTESIAN_POINT('',(-2.60686671595322E-5,-0.00130246439571079,-0.01));
#1514=CARTESIAN_POINT('',(1.54800699535467E-18,-0.00129969246061972,-0.01));
#1515=CARTESIAN_POINT('',(4.33337434217853E-5,-0.00129508469439664,-0.01));
#1516=CARTESIAN_POINT('',(8.6537566207697E-5,-0.00128814105201142,-0.01));
#1517=CARTESIAN_POINT('',(0.000129270874190081,-0.00127895595915548,-0.01));
#1518=CARTESIAN_POINT('',(0.000172710057585008,-0.00126961914551042,-0.01));
#1519=CARTESIAN_POINT('',(0.000215662201081226,-0.00125796660027345,-0.01));
#1520=CARTESIAN_POINT('',(0.000257781257422889,-0.00124415112422232,-0.01));
#1521=CARTESIAN_POINT('',(0.000274984542598711,-0.0012385082728626,-0.01));
#1522=CARTESIAN_POINT('',(0.000292049053697486,-0.0012325051675928,-0.01));
#1523=CARTESIAN_POINT('',(0.000308952263050261,-0.00122615448767308,-0.01));
#1524=CARTESIAN_POINT('',(0.000318864295518584,-0.00122243045253593,-0.01));
#1525=CARTESIAN_POINT('',(0.000328720875360106,-0.00121858692232502,-0.01));
#1526=CARTESIAN_POINT('',(0.000338517585763501,-0.00121462664338162,-0.01));
#1527=CARTESIAN_POINT('',(0.00034493857930813,-0.00121203098376902,-0.01));
#1528=CARTESIAN_POINT('',(0.000351334284298634,-0.00120938508109746,-0.01));
#1529=CARTESIAN_POINT('',(0.000357716059661214,-0.0012066841512841,-0.01));
#1530=CARTESIAN_POINT('',(0.000400001283411218,-0.00118878796801186,-0.01));
#1531=CARTESIAN_POINT('',(0.000441530382865604,-0.00116852905076795,-0.01));
#1532=CARTESIAN_POINT('',(0.000481906806135203,-0.00114602793257817,-0.01));
#1533=CARTESIAN_POINT('',(0.000522906257089015,-0.00112317961128265,-0.01));
#1534=CARTESIAN_POINT('',(0.000562716271260715,-0.00109801974074113,-0.01));
#1535=CARTESIAN_POINT('',(0.000600938300670951,-0.00107072506300054,-0.01));
#1536=CARTESIAN_POINT('',(0.000623551086757673,-0.00105457707927029,-0.01));
#1537=CARTESIAN_POINT('',(0.000645608446324452,-0.00103768282150995,-0.01));
#1538=CARTESIAN_POINT('',(0.000667032508954453,-0.00102008610946035,-0.01));
#1539=CARTESIAN_POINT('',(0.000678142579606564,-0.00101096082274456,-0.01));
#1540=CARTESIAN_POINT('',(0.000689082407028544,-0.00100164671111852,-0.01));
#1541=CARTESIAN_POINT('',(0.000699841601255268,-0.000992150384004421,-0.01));
#1542=CARTESIAN_POINT('',(0.000704803842113336,-0.000987770589252681,-0.01));
#1543=CARTESIAN_POINT('',(0.000709730366243612,-0.000983349712813533,-0.01));
#1544=CARTESIAN_POINT('',(0.000714625783963306,-0.000978882896206355,-0.01));
#1545=CARTESIAN_POINT('',(0.00074163900502507,-0.000954234722881607,-0.01));
#1546=CARTESIAN_POINT('',(0.000767645150814929,-0.000928234896498962,-0.01));
#1547=CARTESIAN_POINT('',(0.000792372293277462,-0.000901027288231483,-0.01));
#1548=CARTESIAN_POINT('',(0.000809655642085246,-0.000882010186492983,-0.01));
#1549=CARTESIAN_POINT('',(0.000826314736604601,-0.000862403894168851,-0.01));
#1550=CARTESIAN_POINT('',(0.000842267855328075,-0.000842267855328083,-0.01));
#1551=CARTESIAN_POINT('',(0.000849666560931184,-0.000832929203370558,-0.01));
#1552=CARTESIAN_POINT('',(0.000856913560941169,-0.000823476719556506,-0.01));
#1553=CARTESIAN_POINT('',(0.000864004392234995,-0.000813919781181557,-0.01));
#1554=CARTESIAN_POINT('',(-0.00121372710874432,-0.000769308459266609,-0.01));
#1555=CARTESIAN_POINT('',(0.000864004392234995,-0.000813919781181557,-0.01));
#1556=CARTESIAN_POINT('',(-0.001187,2.12307212587398E-17,-0.0096900502211846));
#1557=CARTESIAN_POINT('',(-0.001187,2.11529798504563E-5,-0.00969147607416446));
#1558=CARTESIAN_POINT('',(-0.00118834341221455,8.36776993503922E-5,-0.00969559292433231));
#1559=CARTESIAN_POINT('',(-0.00115498673672329,0.000298516983237533,-0.00970958264384184));
#1560=CARTESIAN_POINT('',(-0.0011036231180494,0.000439326318519808,-0.00971932977270892));
#1561=CARTESIAN_POINT('',(-0.00106293275322629,0.000539172071071454,-0.00972655916332137));
#1562=CARTESIAN_POINT('',(-0.000939018983614706,0.000736214545165363,-0.00974246519994446));
#1563=CARTESIAN_POINT('',(-0.000834067611949108,0.000847899151029077,-0.00975278135092535));
#1564=CARTESIAN_POINT('',(-0.00073376689704887,0.000935017970717812,-0.00976171130323283));
#1565=CARTESIAN_POINT('',(-0.000650897257151684,0.000995032705022028,-0.0097683720197819));
#1566=CARTESIAN_POINT('',(-0.000510248612907648,0.0010788402805421,-0.00977914226238015));
#1567=CARTESIAN_POINT('',(-0.000317726360832321,0.00114877473227524,-0.0097930134294206));
#1568=CARTESIAN_POINT('',(-5.68944849677855E-5,0.00119670675907377,-0.00981125875967893));
#1569=CARTESIAN_POINT('',(0.000110149424902633,0.00118637883594753,-0.00982241541524005));
#1570=CARTESIAN_POINT('',(0.000297288886775829,0.00115372678128457,-0.0098348460130812));
#1571=CARTESIAN_POINT('',(0.000456390551535748,0.00109701119113154,-0.00984549790329676));
#1572=CARTESIAN_POINT('',(0.000503728596415541,0.00107819545830465,-0.00984890511768521));
#1573=CARTESIAN_POINT('',(0.000703041238562822,0.000965660712948355,-0.00986466019883334));
#1574=CARTESIAN_POINT('',(0.000828402850943287,0.000851198579943417,-0.00987630097180217));
#1575=CARTESIAN_POINT('',(0.00089059978143877,0.000791110393518056,-0.00988207005163236));
#1576=CARTESIAN_POINT('',(0.00102829077816462,0.000605649461902348,-0.00989713354942582));
#1577=CARTESIAN_POINT('',(0.00109320115609588,0.00046731245572451,-0.00990721540478076));
#1578=CARTESIAN_POINT('',(0.00112992044354787,0.000368472205307372,-0.00991426835164748));
#1579=CARTESIAN_POINT('',(0.00114990202779146,0.000294192698783548,-0.00991951293313702));
#1580=CARTESIAN_POINT('',(0.00115570075330748,0.000275461035251028,-0.0099208549302335));
#1581=CARTESIAN_POINT('',(0.00117931419258829,0.000150673403121893,-0.00992969895368815));
#1582=CARTESIAN_POINT('',(0.00118639976824297,5.31712902391168E-5,-0.00993644805608424));
#1583=CARTESIAN_POINT('',(0.00118926262821028,-1.59620190859769E-5,-0.00994116006080439));
#1584=CARTESIAN_POINT('',(0.00117698458612174,-0.000177634537587846,-0.00995188016520933));
#1585=CARTESIAN_POINT('',(0.00114871902744845,-0.000311717221838014,-0.00996078522874055));
#1586=CARTESIAN_POINT('',(0.00110455804396391,-0.000437006738794405,-0.00996914897460135));
#1587=CARTESIAN_POINT('',(0.0010854011762932,-0.000480932894454359,-0.00997235708267358));
#1588=CARTESIAN_POINT('',(0.00105332934480303,-0.000550902004926796,-0.0099775764513429));
#1589=CARTESIAN_POINT('',(0.000993342017506278,-0.000652052819806251,-0.00998567310940715));
#1590=CARTESIAN_POINT('',(0.00094620645152193,-0.000718338371388136,-0.00999128434525487));
#1591=CARTESIAN_POINT('',(0.0008970344042463,-0.000778857265055076,-0.00999666759637327));
#1592=CARTESIAN_POINT('',(0.000864004392234996,-0.000813919781181558,-0.01));
#1593=CARTESIAN_POINT('',(-0.001187,2.44317028300957E-17,-0.00969005022118459));
#1594=CARTESIAN_POINT('',(-0.001187,5.12773531079851E-17,-0.00919002384611128));
#1595=CARTESIAN_POINT('',(-0.001187,7.77293351294572E-5,-0.00919522057708289));
#1596=CARTESIAN_POINT('',(-0.00116905247691062,0.000238551491100615,-0.00920590537261482));
#1597=CARTESIAN_POINT('',(-0.00112688360051386,0.000388604136998933,-0.00921601603438821));
#1598=CARTESIAN_POINT('',(-0.0010682553680531,0.000518352928393412,-0.00922516729562209));
#1599=CARTESIAN_POINT('',(-0.00106647704877843,0.000520062278557411,-0.00922535542436771));
#1600=CARTESIAN_POINT('',(-0.00103446097142648,0.000592047082906574,-0.00923071119036087));
#1601=CARTESIAN_POINT('',(-0.000907104871011917,0.000772384421659814,-0.0092458913206524));
#1602=CARTESIAN_POINT('',(-0.000763980983880593,0.000917671829463662,-0.00925966685111456));
#1603=CARTESIAN_POINT('',(-0.000533137154198012,0.00108324816347071,-0.00927784374054531));
#1604=CARTESIAN_POINT('',(-0.000267714607855929,0.0011600658141823,-0.00929649898209904));
#1605=CARTESIAN_POINT('',(-0.000120662387579918,0.00118355936658323,-0.00930667796316786));
#1606=CARTESIAN_POINT('',(1.69131496994108E-5,0.00118766573197283,-0.00931626579149441));
#1607=CARTESIAN_POINT('',(5.43607071455887E-5,0.00118777757740271,-0.00931871102398511));
#1608=CARTESIAN_POINT('',(0.000240549364963992,0.00116737262805142,-0.00933080789349204));
#1609=CARTESIAN_POINT('',(0.000373349081774819,0.00112779038114178,-0.00933971522926385));
#1610=CARTESIAN_POINT('',(0.000474854140932751,0.00109142695392807,-0.00934680156031814));
#1611=CARTESIAN_POINT('',(0.000633915827620785,0.00100844557035041,-0.00935892183793779));
#1612=CARTESIAN_POINT('',(0.000750201668890039,0.000923305442267627,-0.00936879267443574));
#1613=CARTESIAN_POINT('',(0.000853953869413718,0.000825327321541282,-0.00937881813225148));
#1614=CARTESIAN_POINT('',(0.000869463651462787,0.000811933408227489,-0.00938008429128734));
#1615=CARTESIAN_POINT('',(0.000999929723472806,0.000648745032681395,-0.00939367252911431));
#1616=CARTESIAN_POINT('',(0.00105338923210442,0.000548592438902718,-0.00940102145221703));
#1617=CARTESIAN_POINT('',(0.001112200105482,0.000427197756567346,-0.00940999884203283));
#1618=CARTESIAN_POINT('',(0.00116064992533593,0.000266508556402909,-0.00942139648092081));
#1619=CARTESIAN_POINT('',(0.00118339352237522,0.000121504426652406,-0.00943147474599409));
#1620=CARTESIAN_POINT('',(0.00118781102453232,-1.83526731800476E-5,-0.00944128266410402));
#1621=CARTESIAN_POINT('',(0.00118736237452624,-4.83597829471569E-5,-0.0094432276231901));
#1622=CARTESIAN_POINT('',(0.00117194274014753,-0.000214955155664702,-0.00945412427495789));
#1623=CARTESIAN_POINT('',(0.00113273669948418,-0.000361717849431739,-0.00946389906042618));
#1624=CARTESIAN_POINT('',(0.0010823172884282,-0.000496055470687851,-0.00947335785735078));
#1625=CARTESIAN_POINT('',(0.000994136294193084,-0.000662433886051337,-0.00948608830664111));
#1626=CARTESIAN_POINT('',(0.000845015376204102,-0.000844573935697028,-0.00950192856089974));
#1627=CARTESIAN_POINT('',(0.00069274597846789,-0.000969770172257119,-0.00951567607589413));
#1628=CARTESIAN_POINT('',(0.000562521982637174,-0.00104630725335102,-0.00952490742708175));
#1629=CARTESIAN_POINT('',(0.000489552637018688,-0.00108398417248669,-0.0095303506357195));
#1630=CARTESIAN_POINT('',(0.000336420537849015,-0.00114152493234555,-0.0095415016756999));
#1631=CARTESIAN_POINT('',(0.000233343658060901,-0.00116488984795409,-0.00954876784385912));
#1632=CARTESIAN_POINT('',(0.000120960071075636,-0.00118380535708309,-0.00955661369563965));
#1633=CARTESIAN_POINT('',(-1.76408858735125E-5,-0.00118744990596212,-0.00956630622759349));
#1634=CARTESIAN_POINT('',(-4.88002466278594E-5,-0.00118839484017815,-0.00956831289807014));
#1635=CARTESIAN_POINT('',(-0.000245117189971317,-0.00116623163308165,-0.00958108648728394));
#1636=CARTESIAN_POINT('',(-0.000360834216226472,-0.00113169809991829,-0.00958885573430716));
#1637=CARTESIAN_POINT('',(-0.000481900374229849,-0.00108921141360874,-0.00959732476498921));
#1638=CARTESIAN_POINT('',(-0.000632271432892223,-0.00100930922011137,-0.00960880985495319));
#1639=CARTESIAN_POINT('',(-0.000751076522286518,-0.000922509129684938,-0.00961886035852417));
#1640=CARTESIAN_POINT('',(-0.000851293986945296,-0.000828207547816084,-0.00962846740941694));
#1641=CARTESIAN_POINT('',(-0.000879318465070284,-0.000801118696069586,-0.00963103604285968));
#1642=CARTESIAN_POINT('',(-0.00103417782279393,-0.000602835751452026,-0.00964740674648104));
#1643=CARTESIAN_POINT('',(-0.00112376499964448,-0.000408099002400124,-0.00966125250047907));
#1644=CARTESIAN_POINT('',(-0.001187,-0.000155362555589812,-0.00967906516805849));
#1645=CARTESIAN_POINT('',(-0.001187,2.62113290295424E-17,-0.0096900502211846));
#1646=CARTESIAN_POINT('',(-0.001187,5.00248608006304E-17,-0.00919002384611128));
#1647=CARTESIAN_POINT('',(-0.001187,-8.2887766984136E-18,-0.00868999845135896));
#1648=CARTESIAN_POINT('',(-0.001187,7.76813038888235E-5,-0.00869524526801626));
#1649=CARTESIAN_POINT('',(-0.0011691822182829,0.000238178447473076,-0.00870596185803506));
#1650=CARTESIAN_POINT('',(-0.00112670199183796,0.000388908193511555,-0.00871609798682313));
#1651=CARTESIAN_POINT('',(-0.00106860812751715,0.000517615888938694,-0.00872508250089826));
#1652=CARTESIAN_POINT('',(-0.00106547313993291,0.000522182928861162,-0.00872547731180025));
#1653=CARTESIAN_POINT('',(-0.00103276251503869,0.000594839711326363,-0.0087309118352246));
#1654=CARTESIAN_POINT('',(-0.000907408524979661,0.000771540296462006,-0.00874590855981997));
#1655=CARTESIAN_POINT('',(-0.000820169488096435,0.000860649084505802,-0.00875434459401744));
#1656=CARTESIAN_POINT('',(-0.00066181882954456,0.000996134997950483,-0.00876787988537744));
#1657=CARTESIAN_POINT('',(-0.000458772582750076,0.00110288863102483,-0.00878295558507567));
#1658=CARTESIAN_POINT('',(-0.000267946308931326,0.00116021104587848,-0.00879641908379022));
#1659=CARTESIAN_POINT('',(-0.000121294246696898,0.00118349230927309,-0.00880656448093343));
#1660=CARTESIAN_POINT('',(1.71042093863312E-5,0.00118757903644891,-0.00881622368793886));
#1661=CARTESIAN_POINT('',(5.16049126211545E-5,0.00118819143125199,-0.00881847109462796));
#1662=CARTESIAN_POINT('',(0.000244437434533943,0.00116626457260243,-0.00883104346232362));
#1663=CARTESIAN_POINT('',(0.000360779169863384,0.0011317636613439,-0.00883886337091156));
#1664=CARTESIAN_POINT('',(0.000482157337015113,0.00108909878300801,-0.00884734590353332));
#1665=CARTESIAN_POINT('',(0.000632574330968632,0.0010090562483875,-0.00885882603761698));
#1666=CARTESIAN_POINT('',(0.000750960566317346,0.000922660388343275,-0.00886884660186286));
#1667=CARTESIAN_POINT('',(0.000852500237479744,0.000826982517899238,-0.00887861182957989));
#1668=CARTESIAN_POINT('',(0.000875516631836014,0.00080496034051744,-0.00888068675507283));
#1669=CARTESIAN_POINT('',(0.00099755825022105,0.00065186123645785,-0.00889343557290017));
#1670=CARTESIAN_POINT('',(0.00105543508615083,0.000545176743755908,-0.00890130910759976));
#1671=CARTESIAN_POINT('',(0.00114002134188662,0.000367849584796915,-0.0089142418759228));
#1672=CARTESIAN_POINT('',(0.00120392859157755,7.40182337198444E-5,-0.00893574656530563));
#1673=CARTESIAN_POINT('',(0.00117140202223295,-0.000232238762157309,-0.00895485731142779));
#1674=CARTESIAN_POINT('',(0.00111510735054931,-0.000419894730459738,-0.00896788890482218));
#1675=CARTESIAN_POINT('',(0.00104852047647298,-0.000560334754743011,-0.0089783641683862));
#1676=CARTESIAN_POINT('',(0.0009984042275825,-0.000644362285539808,-0.00898505078706829));
#1677=CARTESIAN_POINT('',(0.000953719608525836,-0.000706933360178032,-0.00899037589115482));
#1678=CARTESIAN_POINT('',(0.000947937124721649,-0.000714545127591381,-0.00899100738866681));
#1679=CARTESIAN_POINT('',(0.000892482033947607,-0.000784880408329799,-0.00899704974536638));
#1680=CARTESIAN_POINT('',(0.000795264014373216,-0.000897622482610767,-0.00900677150891105));
#1681=CARTESIAN_POINT('',(0.000564517849850852,-0.00104917081843325,-0.00902499280411938));
#1682=CARTESIAN_POINT('',(0.000417893434335757,-0.00111467360035468,-0.00903558199029333));
#1683=CARTESIAN_POINT('',(0.000267791531139447,-0.0011602694439728,-0.00904623530819077));
#1684=CARTESIAN_POINT('',(0.000121346365044745,-0.00118348850832516,-0.00905643245060439));
#1685=CARTESIAN_POINT('',(-1.93312546011901E-5,-0.00118776041943278,-0.00906637559612959));
#1686=CARTESIAN_POINT('',(-4.51830385133358E-5,-0.00118746971920012,-0.0090680262705281));
#1687=CARTESIAN_POINT('',(-0.000213749579075157,-0.00117232855258198,-0.00907905060014613));
#1688=CARTESIAN_POINT('',(-0.000364454656305968,-0.00113203763756714,-0.00908908326049422));
#1689=CARTESIAN_POINT('',(-0.000465678962491063,-0.00109327233122826,-0.0090962253564188));
#1690=CARTESIAN_POINT('',(-0.000557926849859075,-0.00104972747655062,-0.00910309583362696));
#1691=CARTESIAN_POINT('',(-0.000695654073361396,-0.000967630443991913,-0.00911395238310119));
#1692=CARTESIAN_POINT('',(-0.000843722734714937,-0.0008454575416252,-0.00912687537900499));
#1693=CARTESIAN_POINT('',(-0.000970060416650487,-0.000692471719748289,-0.0091407035541668));
#1694=CARTESIAN_POINT('',(-0.0010463128210423,-0.000562391705856662,-0.00914990843886809));
#1695=CARTESIAN_POINT('',(-0.0010836106868583,-0.000490555227478553,-0.00915528374124701));
#1696=CARTESIAN_POINT('',(-0.00114162045602475,-0.000335718657879821,-0.00916655815122537));
#1697=CARTESIAN_POINT('',(-0.00117318083945973,-0.000199825760716342,-0.00917613077813622));
#1698=CARTESIAN_POINT('',(-0.001187,-7.76820548290313E-5,-0.00918461513547054));
#1699=CARTESIAN_POINT('',(-0.001187,4.99323541736835E-17,-0.00919002384611128));
#1700=CARTESIAN_POINT('',(-0.001187,8.14488058338607E-18,-0.00868999845135896));
#1701=CARTESIAN_POINT('',(-0.001187,-2.49030388540133E-18,-0.00819006128848968));
#1702=CARTESIAN_POINT('',(-0.001187,7.7700055903608E-5,-0.00819528030017779));
#1703=CARTESIAN_POINT('',(-0.00116915401001906,0.000238277218083345,-0.00820596713812752));
#1704=CARTESIAN_POINT('',(-0.00112671959784899,0.000388900805019943,-0.0082160954375417));
#1705=CARTESIAN_POINT('',(-0.00106851389854733,0.000517812831633895,-0.00822512608920521));
#1706=CARTESIAN_POINT('',(-0.00106562523115992,0.00052185593397589,-0.00822548219979503));
#1707=CARTESIAN_POINT('',(-0.00103304548202739,0.000594406268816456,-0.0082308917535783));
#1708=CARTESIAN_POINT('',(-0.000907382800003484,0.000771521212877081,-0.00824587454684519));
#1709=CARTESIAN_POINT('',(-0.000848915196941311,0.000830200763179169,-0.00825143685785457));
#1710=CARTESIAN_POINT('',(-0.000761783789001954,0.000914711548489681,-0.0082594962158754));
#1711=CARTESIAN_POINT('',(-0.000583972519948729,0.00104327641322389,-0.00827379861637641));
#1712=CARTESIAN_POINT('',(-0.000387803663655098,0.00112565017221891,-0.00828785167172881));
#1713=CARTESIAN_POINT('',(-0.000252150245052653,0.00116646475229261,-0.00829758313367503));
#1714=CARTESIAN_POINT('',(1.75150608418056E-5,0.00119573258613439,-0.00831617146319525));
#1715=CARTESIAN_POINT('',(0.000227908720978965,0.0011724575164273,-0.00832993196995676));
#1716=CARTESIAN_POINT('',(0.000470717317045579,0.00109750656228651,-0.0083463494262784));
#1717=CARTESIAN_POINT('',(0.000662316304699451,0.000997457700427492,-0.00836111594443439));
#1718=CARTESIAN_POINT('',(0.000851206673946248,0.000832224771621965,-0.00837827903745657));
#1719=CARTESIAN_POINT('',(0.000917363468821936,0.000754850398678844,-0.00838500468324723));
#1720=CARTESIAN_POINT('',(0.00101263722407389,0.000629184321879825,-0.0083952366973698));
#1721=CARTESIAN_POINT('',(0.0011031643792115,0.000455914574753027,-0.00840819218176357));
#1722=CARTESIAN_POINT('',(0.00117248157827517,0.000238455557545638,-0.00842337946265889));
#1723=CARTESIAN_POINT('',(0.00119194325507599,-1.97063182789476E-5,-0.00844165590267424));
#1724=CARTESIAN_POINT('',(0.0011817453672658,-0.000158932785399585,-0.00844985171098271));
#1725=CARTESIAN_POINT('',(0.00112929463780796,-0.000390591338446757,-0.00846567197350588));
#1726=CARTESIAN_POINT('',(0.00104580830543531,-0.000566010424396719,-0.00847871101552529));
#1727=CARTESIAN_POINT('',(0.000969971815235987,-0.000690866906226226,-0.00848860070488357));
#1728=CARTESIAN_POINT('',(0.000844670436887838,-0.000845357906351066,-0.00850199332938921));
#1729=CARTESIAN_POINT('',(0.000692743428708206,-0.000969690312252555,-0.00851564729886825));
#1730=CARTESIAN_POINT('',(0.00056259059569536,-0.00104629752450946,-0.00852492049250291));
#1731=CARTESIAN_POINT('',(0.00048900076230725,-0.00108422784260298,-0.00853039689552927));
#1732=CARTESIAN_POINT('',(0.000336378564602652,-0.00114151467645146,-0.00854148215602261));
#1733=CARTESIAN_POINT('',(0.000233234836734834,-0.00116493865161239,-0.00854875192705416));
#1734=CARTESIAN_POINT('',(0.000120572986740976,-0.00118379244129799,-0.00855662559686247));
#1735=CARTESIAN_POINT('',(-1.68760917249297E-5,-0.00118754078519518,-0.00856627914602742));
#1736=CARTESIAN_POINT('',(-5.2384430145791E-5,-0.00118804438505725,-0.00856858926399098));
#1737=CARTESIAN_POINT('',(-0.00024251238553119,-0.00116682740516674,-0.00858093485507293));
#1738=CARTESIAN_POINT('',(-0.000367017135394562,-0.00112979521382781,-0.00858927363973173));
#1739=CARTESIAN_POINT('',(-0.00047823413334309,-0.00109036378330987,-0.00859705101078783));
#1740=CARTESIAN_POINT('',(-0.00063298089399081,-0.0010089463166881,-0.00860886601381733));
#1741=CARTESIAN_POINT('',(-0.000750557751426758,-0.00092298555085687,-0.00861882267058395));
#1742=CARTESIAN_POINT('',(-0.000852500765503952,-0.00082683717653311,-0.00862862371209828));
#1743=CARTESIAN_POINT('',(-0.000874487338344064,-0.000806646397052362,-0.00863054887786928));
#1744=CARTESIAN_POINT('',(-0.00103718586462814,-0.000599301344997981,-0.00864770301513719));
#1745=CARTESIAN_POINT('',(-0.00112142617439098,-0.000410941508653499,-0.00866102757180887));
#1746=CARTESIAN_POINT('',(-0.001187,-0.000155399933864875,-0.00867907650070228));
#1747=CARTESIAN_POINT('',(-0.001187,-9.63377563271523E-18,-0.00868999845135896));
#1748=CARTESIAN_POINT('',(-0.001187,1.6869754006976E-17,-0.00819006128848968));
#1749=CARTESIAN_POINT('',(-0.001187,-8.2887766984136E-18,-0.00768996658655873));
#1750=CARTESIAN_POINT('',(-0.001187,7.7723412513262E-5,-0.00769519025782864));
#1751=CARTESIAN_POINT('',(-0.00116932642785516,0.000237961545542012,-0.00770586773351909));
#1752=CARTESIAN_POINT('',(-0.0011262485729405,0.000389933503131487,-0.00771611684122441));
#1753=CARTESIAN_POINT('',(-0.00106879865268544,0.000517208151620313,-0.00772506603955282));
#1754=CARTESIAN_POINT('',(-0.00106359640048489,0.000526137201550056,-0.0077257677169769));
#1755=CARTESIAN_POINT('',(-0.00102980089739294,0.00059945355843715,-0.00773126459268788));
#1756=CARTESIAN_POINT('',(-0.00090822032942368,0.000770381677765744,-0.00774578019285427));
#1757=CARTESIAN_POINT('',(-0.000817518215081419,0.000863497716369391,-0.00775459299612008));
#1758=CARTESIAN_POINT('',(-0.000662621377559454,0.000995232636419267,-0.00776779310282004));
#1759=CARTESIAN_POINT('',(-0.000458483002269416,0.00110318092745561,-0.00778298908579509));
#1760=CARTESIAN_POINT('',(-0.000267823097441842,0.00116019132415406,-0.0077964492945236));
#1761=CARTESIAN_POINT('',(-0.000121349333711791,0.00118351406172916,-0.00780659664332495));
#1762=CARTESIAN_POINT('',(1.76895856832852E-5,0.0011875451437573,-0.00781631870893407));
#1763=CARTESIAN_POINT('',(4.97520972431483E-5,0.00118830531383538,-0.00781838978974367));
#1764=CARTESIAN_POINT('',(0.000244920925107598,0.00116625773139217,-0.00783107748868084));
#1765=CARTESIAN_POINT('',(0.000361359954777305,0.00113154537555297,-0.00783888797279508));
#1766=CARTESIAN_POINT('',(0.000481771983001641,0.001089225949474,-0.00784731326740011));
#1767=CARTESIAN_POINT('',(0.000632378603242847,0.00100927533332561,-0.00785881917124311));
#1768=CARTESIAN_POINT('',(0.000751235598279631,0.000922354668830856,-0.00786887762304011));
#1769=CARTESIAN_POINT('',(0.000851140461071712,0.000828394664236396,-0.0078784511095729));
#1770=CARTESIAN_POINT('',(0.000880341568447493,0.000799956651352053,-0.00788114166524518));
#1771=CARTESIAN_POINT('',(0.00103375343636525,0.00060324874358322,-0.00789737026206848));
#1772=CARTESIAN_POINT('',(0.00112488216730148,0.000406731866540858,-0.00791126565048512));
#1773=CARTESIAN_POINT('',(0.00122332418473581,-6.57319447749781E-6,-0.00794125846487355));
#1774=CARTESIAN_POINT('',(0.00112350935187689,-0.000464539052762169,-0.00797003296086931));
#1775=CARTESIAN_POINT('',(0.000905710275312572,-0.000795428238267915,-0.00799653135581758));
#1776=CARTESIAN_POINT('',(0.000693228771503247,-0.000968724588559733,-0.00801551556057072));
#1777=CARTESIAN_POINT('',(0.000577970739849807,-0.00103827986710104,-0.0080241959999764));
#1778=CARTESIAN_POINT('',(0.000506228047191191,-0.0010739030707993,-0.00802908014930131));
#1779=CARTESIAN_POINT('',(0.000485203390395954,-0.00108332172652494,-0.00803062304312119));
#1780=CARTESIAN_POINT('',(0.000392954324907089,-0.0011243705807875,-0.00803741420774539));
#1781=CARTESIAN_POINT('',(0.000217997318026805,-0.00117002311751222,-0.00804996801006622));
#1782=CARTESIAN_POINT('',(0.000112939951083848,-0.00118297717630551,-0.00805720251905096));
#1783=CARTESIAN_POINT('',(-0.000127990809349892,-0.00119544858219498,-0.00807354120234644));
#1784=CARTESIAN_POINT('',(-0.000401268914650987,-0.00113176161157652,-0.00809108274225992));
#1785=CARTESIAN_POINT('',(-0.000626242886965448,-0.0010163089610563,-0.00810830322762913));
#1786=CARTESIAN_POINT('',(-0.000789326897202379,-0.000890605375006238,-0.00812245369678374));
#1787=CARTESIAN_POINT('',(-0.000870438084145828,-0.000808264186787406,-0.00813026383211546));
#1788=CARTESIAN_POINT('',(-0.000917778663461028,-0.000754722623042119,-0.00813502288696716));
#1789=CARTESIAN_POINT('',(-0.00101242459220821,-0.000629010173966521,-0.00814523521041978));
#1790=CARTESIAN_POINT('',(-0.00114004392143615,-0.000388551620143138,-0.00816322771518498));
#1791=CARTESIAN_POINT('',(-0.001187,-0.000155378484450067,-0.0081792033416873));
#1792=CARTESIAN_POINT('',(-0.001187,2.49030388540133E-18,-0.00819006128848968));
#1793=CARTESIAN_POINT('',(-0.001187,-8.14194166332355E-18,-0.00768996658655872));
#1794=CARTESIAN_POINT('',(-0.001187,1.54322484457275E-17,-0.00719006184118464));
#1795=CARTESIAN_POINT('',(-0.001187,7.76546691495009E-5,-0.00719528319984984));
#1796=CARTESIAN_POINT('',(-0.00116931644244445,0.000237842381954678,-0.00720594636835633));
#1797=CARTESIAN_POINT('',(-0.00112645333918308,0.00038938364950716,-0.00721613262798717));
#1798=CARTESIAN_POINT('',(-0.00106892438361097,0.000516956834146587,-0.00722505165745631));
#1799=CARTESIAN_POINT('',(-0.00106425074020458,0.00052473971240777,-0.007225672543031));
#1800=CARTESIAN_POINT('',(-0.00103088620331959,0.000597962533885447,-0.00723114874754924));
#1801=CARTESIAN_POINT('',(-0.000907441614850094,0.000770870724254411,-0.00724585242636499));
#1802=CARTESIAN_POINT('',(-0.000828589821504973,0.000852834946512131,-0.00725354393903812));
#1803=CARTESIAN_POINT('',(-0.000639733116487815,0.00101579893851853,-0.00726972953374709));
#1804=CARTESIAN_POINT('',(-0.000405949466762964,0.0011202659833601,-0.00728653696466788));
#1805=CARTESIAN_POINT('',(-0.000247229645978537,0.00116789256700967,-0.00729794565436489));
#1806=CARTESIAN_POINT('',(1.489021073285E-5,0.00119519066720279,-0.0073159680932427));
#1807=CARTESIAN_POINT('',(0.000226768802083682,0.00117323743327182,-0.00732983806964137));
#1808=CARTESIAN_POINT('',(0.00047528230823181,0.00109545343014973,-0.00734667975844381));
#1809=CARTESIAN_POINT('',(0.00066091928290212,0.000998221461190236,-0.0073609851456868));
#1810=CARTESIAN_POINT('',(0.000852196421552243,0.00083126513005481,-0.00737836148275126));
#1811=CARTESIAN_POINT('',(0.000917185106734551,0.000755030481917297,-0.00738498101908036));
#1812=CARTESIAN_POINT('',(0.00101258606670976,0.000629225299905997,-0.00739525355904997));
#1813=CARTESIAN_POINT('',(0.00113934079535962,0.000387727979960482,-0.00741318769044057));
#1814=CARTESIAN_POINT('',(0.00122183693942652,8.83213486435503E-6,-0.00744000774961827));
#1815=CARTESIAN_POINT('',(0.00113014826187523,-0.000413008800657096,-0.00746689419029808));
#1816=CARTESIAN_POINT('',(0.000994237854195575,-0.000661571569441709,-0.00748615968622433));
#1817=CARTESIAN_POINT('',(0.000836608169820966,-0.000853230556621821,-0.00750327446257429));
#1818=CARTESIAN_POINT('',(0.000660117297772852,-0.000996502661060404,-0.00751788594185098));
#1819=CARTESIAN_POINT('',(0.000434893469529991,-0.00111217612795565,-0.00753444192160579));
#1820=CARTESIAN_POINT('',(0.000239579591517376,-0.00116971034862051,-0.00754833850307995));
#1821=CARTESIAN_POINT('',(-4.52316813497174E-6,-0.00119428331466702,-0.00756544453259685));
#1822=CARTESIAN_POINT('',(-0.000185984312856851,-0.00117834417655976,-0.00757779089495288));
#1823=CARTESIAN_POINT('',(-0.000359559477450768,-0.0011325968798849,-0.00758884893591116));
#1824=CARTESIAN_POINT('',(-0.0004009335514377,-0.00111768764426999,-0.00759152385769224));
#1825=CARTESIAN_POINT('',(-0.000498077713627054,-0.0010798056047923,-0.00759856329741269));
#1826=CARTESIAN_POINT('',(-0.00060855678364385,-0.00102268644796906,-0.00760706278702623));
#1827=CARTESIAN_POINT('',(-0.000714055907570713,-0.000949223691361993,-0.00761596692777127));
#1828=CARTESIAN_POINT('',(-0.000766109139900792,-0.00090756774158942,-0.00762054872274141));
#1829=CARTESIAN_POINT('',(-0.000933942994948235,-0.000757005658909616,-0.00763583288616193));
#1830=CARTESIAN_POINT('',(-0.00112241387539766,-0.00046819859848627,-0.00765738262568582));
#1831=CARTESIAN_POINT('',(-0.001187,-0.000155349204032034,-0.00767904457387478));
#1832=CARTESIAN_POINT('',(-0.001187,-9.63377563271523E-18,-0.00768996658655873));
#1833=CARTESIAN_POINT('',(-0.001187,5.82931760266424E-19,-0.00719006184118464));
#1834=CARTESIAN_POINT('',(-0.001187,-2.62113290295424E-17,-0.00668999593248026));
#1835=CARTESIAN_POINT('',(-0.001187,7.77340243859997E-5,-0.00669519331540393));
#1836=CARTESIAN_POINT('',(-0.00116919919282131,0.000238249562467698,-0.00670586023605899));
#1837=CARTESIAN_POINT('',(-0.00112652279333821,0.000389378029330233,-0.00671605520554907));
#1838=CARTESIAN_POINT('',(-0.00106852972888146,0.000517769332582097,-0.00672512171747826));
#1839=CARTESIAN_POINT('',(-0.00106487164728803,0.000523471338864961,-0.00672559288014972));
#1840=CARTESIAN_POINT('',(-0.0010318632828648,0.00059604165276285,-0.00673101468755415));
#1841=CARTESIAN_POINT('',(-0.000907798268021244,0.000771681318924989,-0.0067458218170587));
#1842=CARTESIAN_POINT('',(-0.000805444319840947,0.000874913644788055,-0.00675568479849468));
#1843=CARTESIAN_POINT('',(-0.00066643853748489,0.000991569176563926,-0.00676742877344616));
#1844=CARTESIAN_POINT('',(-0.000457087536597478,0.00110432433570976,-0.0067830844890478));
#1845=CARTESIAN_POINT('',(-0.000267828120095715,0.00116013414114011,-0.0067964284298278));
#1846=CARTESIAN_POINT('',(-0.000120861949065258,0.00118353898034123,-0.00680662501873518));
#1847=CARTESIAN_POINT('',(1.71307524071254E-5,0.00118763074640044,-0.0068162923467349));
#1848=CARTESIAN_POINT('',(5.29876637825463E-5,0.00118793800451172,-0.0068186278792072));
#1849=CARTESIAN_POINT('',(0.000241899111463344,0.00116702711331247,-0.00683089578343933));
#1850=CARTESIAN_POINT('',(0.000369713413268458,0.00112893434377293,-0.00683946046038242));
#1851=CARTESIAN_POINT('',(0.000476863475034533,0.0010907967727893,-0.0068469501597965));
#1852=CARTESIAN_POINT('',(0.000633472282845166,0.00100866241962845,-0.00685890137818023));
#1853=CARTESIAN_POINT('',(0.000750399101687645,0.000923134569087372,-0.00686881017351923));
#1854=CARTESIAN_POINT('',(0.000853426880732035,0.000825907764438906,-0.00687873000731406));
#1855=CARTESIAN_POINT('',(0.000871466578391279,0.000809690122705212,-0.00688026642821963));
#1856=CARTESIAN_POINT('',(0.000999416413096703,0.000649254074172558,-0.00689362801156723));
#1857=CARTESIAN_POINT('',(0.00105333007652896,0.000548963463004658,-0.00690100430703694));
#1858=CARTESIAN_POINT('',(0.0011122505200003,0.00042626924078558,-0.00691006676273533));
#1859=CARTESIAN_POINT('',(0.0011608708297413,0.000270710021668561,-0.00692108400718483));
#1860=CARTESIAN_POINT('',(0.00118026548246447,0.000133740786174002,-0.00693064174897901));
#1861=CARTESIAN_POINT('',(0.00118612087848019,6.17022951013894E-5,-0.0069356545307456));
#1862=CARTESIAN_POINT('',(0.00118723932679894,-1.37105945171802E-5,-0.00694097772120545));
#1863=CARTESIAN_POINT('',(0.00118692177680592,-7.5909494585884E-6,-0.0069403982779001));
#1864=CARTESIAN_POINT('',(0.00118645826693005,-5.11593415306133E-5,-0.00694323349677828));
#1865=CARTESIAN_POINT('',(0.0011811021902282,-0.000132042801461352,-0.00694849285273414));
#1866=CARTESIAN_POINT('',(0.00116392431807527,-0.000251749546440384,-0.00695639843940245));
#1867=CARTESIAN_POINT('',(0.00112074492081229,-0.000394636671569211,-0.00696621354720868));
#1868=CARTESIAN_POINT('',(0.0010928833634586,-0.000464368773343885,-0.00697116297462653));
#1869=CARTESIAN_POINT('',(0.00106140560207456,-0.000535723760988706,-0.00697643129013695));
#1870=CARTESIAN_POINT('',(0.000994502586349587,-0.00065294463061338,-0.00698568345215121));
#1871=CARTESIAN_POINT('',(0.000916966173558025,-0.000756904973525602,-0.00699469001759107));
#1872=CARTESIAN_POINT('',(0.000815061265489188,-0.000868497516231609,-0.00700494553002633));
#1873=CARTESIAN_POINT('',(0.000658456126922465,-0.00100022162945344,-0.0070181395933557));
#1874=CARTESIAN_POINT('',(0.000456441997390128,-0.00109894080787085,-0.0070328174134093));
#1875=CARTESIAN_POINT('',(0.000351690947754496,-0.00113513160589188,-0.00704039515775124));
#1876=CARTESIAN_POINT('',(0.000190974040287215,-0.00117706598550914,-0.00705180543692363));
#1877=CARTESIAN_POINT('',(-1.2320928218435E-6,-0.00119315129789944,-0.00706517275103908));
#1878=CARTESIAN_POINT('',(-0.000186155112204393,-0.00117848001461375,-0.00707768596528726));
#1879=CARTESIAN_POINT('',(-0.000358773647058359,-0.00113280484326035,-0.00708878631151712));
#1880=CARTESIAN_POINT('',(-0.000401840645695091,-0.00111740100596675,-0.00709160368725492));
#1881=CARTESIAN_POINT('',(-0.000499299494358192,-0.00107924591966413,-0.00709866155651227));
#1882=CARTESIAN_POINT('',(-0.000609070158655931,-0.0010222850434683,-0.00710709770227323));
#1883=CARTESIAN_POINT('',(-0.00071373851959103,-0.00094951750399883,-0.00711590426779068));
#1884=CARTESIAN_POINT('',(-0.000771880629310437,-0.000902953495532519,-0.00712101700067043));
#1885=CARTESIAN_POINT('',(-0.000880518557156361,-0.000803287537494758,-0.00713103151895025));
#1886=CARTESIAN_POINT('',(-0.000989511485245699,-0.000667644910329291,-0.00714224073961142));
#1887=CARTESIAN_POINT('',(-0.00114278617851106,-0.000386136314580046,-0.00716326061954724));
#1888=CARTESIAN_POINT('',(-0.001187,-0.000155410810090946,-0.00717909589492804));
#1889=CARTESIAN_POINT('',(-0.001187,1.98857223244381E-17,-0.00719006184118464));
#1890=CARTESIAN_POINT('',(-0.001187,-7.56047936308838E-18,-0.00668999593248026));
#1891=CARTESIAN_POINT('',(-0.001187,3.83530281970296E-18,-0.00619002636269742));
#1892=CARTESIAN_POINT('',(-0.001187,7.76579540607842E-5,-0.00619527124332781));
#1893=CARTESIAN_POINT('',(-0.00116917313979384,0.000238148907344594,-0.00620598322426203));
#1894=CARTESIAN_POINT('',(-0.00112678503503156,0.000388695451106306,-0.00621609747805578));
#1895=CARTESIAN_POINT('',(-0.00106863980481407,0.00051755170547469,-0.0062250792440475));
#1896=CARTESIAN_POINT('',(-0.001065756129807,0.000521591361432046,-0.00622543696524128));
#1897=CARTESIAN_POINT('',(-0.00103316893077377,0.0005941792529316,-0.00623086203361312));
#1898=CARTESIAN_POINT('',(-0.000907307983627302,0.000771779610410314,-0.00624591868027191));
#1899=CARTESIAN_POINT('',(-0.000818542173146409,0.000862188925218807,-0.00625449046743579));
#1900=CARTESIAN_POINT('',(-0.000662375736152122,0.000995632302033015,-0.00626782048029094));
#1901=CARTESIAN_POINT('',(-0.0004584810271943,0.00110303668550843,-0.00628296230129826));
#1902=CARTESIAN_POINT('',(-0.000268290249005929,0.0011602088735076,-0.0062963737687913));
#1903=CARTESIAN_POINT('',(-0.000120662218272941,0.00118348079335486,-0.00630658545631629));
#1904=CARTESIAN_POINT('',(1.48184492328438E-5,0.00118764365858882,-0.00631604018359352));
#1905=CARTESIAN_POINT('',(6.02568274709193E-5,0.00118794448239203,-0.00631904945571638));
#1906=CARTESIAN_POINT('',(0.000302976066544363,0.0011575331733396,-0.00633487718436884));
#1907=CARTESIAN_POINT('',(0.000445258564223355,0.0011054118419113,-0.00634456384656382));
#1908=CARTESIAN_POINT('',(0.000632603647526975,0.0010094027934358,-0.00635881603661128));
#1909=CARTESIAN_POINT('',(0.000750831901756383,0.000922732551862196,-0.00636883636786435));
#1910=CARTESIAN_POINT('',(0.000853110576570644,0.000826345733792856,-0.00637870619656827));
#1911=CARTESIAN_POINT('',(0.000873249469723131,0.000807389774937797,-0.00638048150435544));
#1912=CARTESIAN_POINT('',(0.000997575542511652,0.000652377797074875,-0.00639341595235612));
#1913=CARTESIAN_POINT('',(0.00105758764574015,0.000540749041701426,-0.00640162237927239));
#1914=CARTESIAN_POINT('',(0.00110987054045788,0.000431587618650597,-0.00640963063183579));
#1915=CARTESIAN_POINT('',(0.00116107491759783,0.000264951722858506,-0.00642146632241353));
#1916=CARTESIAN_POINT('',(0.00118325112015113,0.000123036177015903,-0.00643136296937598));
#1917=CARTESIAN_POINT('',(0.00118806765828999,-2.33921009969674E-5,-0.00644178020636934));
#1918=CARTESIAN_POINT('',(0.00118647822645372,-2.89309021549748E-5,-0.00644185799737761));
#1919=CARTESIAN_POINT('',(0.00118384932512717,-0.000103086271922173,-0.00644677356371731));
#1920=CARTESIAN_POINT('',(0.00116748354920539,-0.000244232866822874,-0.00645610645276621));
#1921=CARTESIAN_POINT('',(0.00109898086260161,-0.000496407309206736,-0.0064733008988146));
#1922=CARTESIAN_POINT('',(0.000908857119161599,-0.000779524654394002,-0.00649604943674635));
#1923=CARTESIAN_POINT('',(0.000691687578564255,-0.000983109747819365,-0.0065158942569328));
#1924=CARTESIAN_POINT('',(0.000433712120003012,-0.00111472573167975,-0.00653526933496856));
#1925=CARTESIAN_POINT('',(0.000203942753746299,-0.00117617301542475,-0.0065512251352898));
#1926=CARTESIAN_POINT('',(-2.37052995489825E-5,-0.00119073646450455,-0.00656661563000538));
#1927=CARTESIAN_POINT('',(-0.000110146778918902,-0.00118288105276579,-0.0065724126744632));
#1928=CARTESIAN_POINT('',(-0.000276508673937902,-0.00115948406345037,-0.00658354877283672));
#1929=CARTESIAN_POINT('',(-0.000388664180148335,-0.00112668667916394,-0.00659108641635456));
#1930=CARTESIAN_POINT('',(-0.00051784870328897,-0.00106851382910901,-0.00660009961610582));
#1931=CARTESIAN_POINT('',(-0.000522047835509849,-0.00106552398766136,-0.00660046869479089));
#1932=CARTESIAN_POINT('',(-0.000594606392138316,-0.00103291713308145,-0.00660589457582329));
#1933=CARTESIAN_POINT('',(-0.000771834416581063,-0.000907211703690091,-0.00662093105225838));
#1934=CARTESIAN_POINT('',(-0.000861367965906077,-0.000819374915082582,-0.00662941721453267));
#1935=CARTESIAN_POINT('',(-0.000996008889814114,-0.000662122820546473,-0.00664285217932536));
#1936=CARTESIAN_POINT('',(-0.00113895071905831,-0.000389303627527712,-0.00666311817149693));
#1937=CARTESIAN_POINT('',(-0.001187,-0.00015538033499497,-0.00667916717297859));
#1938=CARTESIAN_POINT('',(-0.001187,-2.12307212587398E-17,-0.00668999593248026));
#1939=CARTESIAN_POINT('',(-0.001187,1.16439406050159E-18,-0.00619002636269742));
#1940=CARTESIAN_POINT('',(-0.001187,-1.40872495114259E-17,-0.00569004856383693));
#1941=CARTESIAN_POINT('',(-0.001187,2.5943104881643E-5,-0.00569178641273702));
#1942=CARTESIAN_POINT('',(-0.00119149457877157,9.83312038924715E-5,-0.00569643986261697));
#1943=CARTESIAN_POINT('',(-0.00115286401849364,0.000286826212374561,-0.00570887763109773));
#1944=CARTESIAN_POINT('',(-0.00113105011518578,0.000362700349694621,-0.00571398603826339));
#1945=CARTESIAN_POINT('',(-0.00108851225709418,0.00048475880974866,-0.00572250840350139));
#1946=CARTESIAN_POINT('',(-0.000984995749677825,0.000681969043883498,-0.00573764552819367));
#1947=CARTESIAN_POINT('',(-0.000752191381371654,0.000939378381092735,-0.00576110730789795));
#1948=CARTESIAN_POINT('',(-0.00055771995551045,0.00106828959429158,-0.0057755986099127));
#1949=CARTESIAN_POINT('',(-0.000229171585283619,0.00117278653835977,-0.00579921525836113));
#1950=CARTESIAN_POINT('',(4.93560265762453E-5,0.00120234553367806,-0.00581855398214071));
#1951=CARTESIAN_POINT('',(0.000400428331660598,0.00113541145122679,-0.00584094807087369));
#1952=CARTESIAN_POINT('',(0.000663662407131276,0.000996538231480061,-0.00586122009963197));
#1953=CARTESIAN_POINT('',(0.000851281796098567,0.000832069493166591,-0.00587827647512673));
#1954=CARTESIAN_POINT('',(0.000917451497587193,0.000754795184107254,-0.00588499174600031));
#1955=CARTESIAN_POINT('',(0.00101263404530457,0.000628932700070655,-0.00589524798127026));
#1956=CARTESIAN_POINT('',(0.00113986594822193,0.000388669578275586,-0.00591311008338537));
#1957=CARTESIAN_POINT('',(0.00125009010093266,-0.000156367709788692,-0.00595127623995921));
#1958=CARTESIAN_POINT('',(0.00102854064641477,-0.000694283363128286,-0.00598518303339118));
#1959=CARTESIAN_POINT('',(0.000692664213539794,-0.000969808480337342,-0.00601572502039817));
#1960=CARTESIAN_POINT('',(0.000562638608362754,-0.00104621678397217,-0.00602489705713008));
#1961=CARTESIAN_POINT('',(0.000490566706967435,-0.00108355284781321,-0.00603027486711473));
#1962=CARTESIAN_POINT('',(0.00033609567339037,-0.00114165405752374,-0.00604151464625456));
#1963=CARTESIAN_POINT('',(0.000233420085757558,-0.00116486809500578,-0.00604875377587098));
#1964=CARTESIAN_POINT('',(0.000120762885519847,-0.00118380631532845,-0.00605662541705765));
#1965=CARTESIAN_POINT('',(-1.71502915328345E-5,-0.00118748970623353,-0.00606629194355038));
#1966=CARTESIAN_POINT('',(-5.0790447616786E-5,-0.00118823472772493,-0.00606847069931225));
#1967=CARTESIAN_POINT('',(-0.000244118035285426,-0.00116641235943,-0.00608103042619554));
#1968=CARTESIAN_POINT('',(-0.000362544356097991,-0.00113119426332226,-0.00608896673091213));
#1969=CARTESIAN_POINT('',(-0.000480850399344483,-0.00108951970068608,-0.00609724462595321));
#1970=CARTESIAN_POINT('',(-0.000632334468714882,-0.00100935130143789,-0.00610881446716686));
#1971=CARTESIAN_POINT('',(-0.000751071229747173,-0.000922463602402108,-0.00611886771426246));
#1972=CARTESIAN_POINT('',(-0.000850935051131147,-0.000828643633944728,-0.00612843301050255));
#1973=CARTESIAN_POINT('',(-0.000880416013099342,-0.000799763282685269,-0.00613116616794946));
#1974=CARTESIAN_POINT('',(-0.000998100116301758,-0.000649746328513137,-0.00614355565789459));
#1975=CARTESIAN_POINT('',(-0.0010484872426013,-0.000558655381221082,-0.00615028982717105));
#1976=CARTESIAN_POINT('',(-0.00114835372217072,-0.000351793473085808,-0.00616556352448858));
#1977=CARTESIAN_POINT('',(-0.001187,-0.000155384654474704,-0.00617907089582029));
#1978=CARTESIAN_POINT('',(-0.001187,2.49030388540133E-18,-0.00619002636269742));
#1979=CARTESIAN_POINT('',(-0.001187,-1.54131593363256E-17,-0.00569004856383693));
#1980=CARTESIAN_POINT('',(-0.001187,-8.2887766984136E-18,-0.00518997560290012));
#1981=CARTESIAN_POINT('',(-0.001187,7.77065946115543E-5,-0.00519521419826497));
#1982=CARTESIAN_POINT('',(-0.00116925863552761,0.000238069777734635,-0.00520591490353821));
#1983=CARTESIAN_POINT('',(-0.00112645388800199,0.000389472695607288,-0.00521611168046712));
#1984=CARTESIAN_POINT('',(-0.00106870280871704,0.000517412858465593,-0.00522507276349302));
#1985=CARTESIAN_POINT('',(-0.0010644549483761,0.000524327014490999,-0.00522563237428444));
#1986=CARTESIAN_POINT('',(-0.00103116546941708,0.00059735958536499,-0.0052311031637452));
#1987=CARTESIAN_POINT('',(-0.000907831357728358,0.00077083800093396,-0.0052458450555952));
#1988=CARTESIAN_POINT('',(-0.000820768985195448,0.000860213837683881,-0.00525429131712505));
#1989=CARTESIAN_POINT('',(-0.000661581599422067,0.000996298230718187,-0.0052678976692118));
#1990=CARTESIAN_POINT('',(-0.000458855978555448,0.00110285660571625,-0.00528295758123981));
#1991=CARTESIAN_POINT('',(-0.000267794016517543,0.00116021202979911,-0.00529644634360121));
#1992=CARTESIAN_POINT('',(-0.000121500470472423,0.00118350714154605,-0.00530657263937772));
#1993=CARTESIAN_POINT('',(1.79668508576182E-5,0.00118752516840716,-0.0053163141793406));
#1994=CARTESIAN_POINT('',(4.84579076086844E-5,0.00118839208787224,-0.00531827812196812));
#1995=CARTESIAN_POINT('',(0.000245286454245648,0.00116622365057715,-0.00533109572235734));
#1996=CARTESIAN_POINT('',(0.000361024834841903,0.00113162821335871,-0.00533887323498354));
#1997=CARTESIAN_POINT('',(0.000481984149419347,0.00108918016006036,-0.00534733277189363));
#1998=CARTESIAN_POINT('',(0.000632456786151078,0.00100917220509691,-0.00535882299678496));
#1999=CARTESIAN_POINT('',(0.000751132646763203,0.000922488519102777,-0.00536886262091649));
#2000=CARTESIAN_POINT('',(0.000851715145604179,0.000827742468672713,-0.00537851554567603));
#2001=CARTESIAN_POINT('',(0.000878356129997398,0.000802221215982419,-0.00538093567241371));
#2002=CARTESIAN_POINT('',(0.00103478357757168,0.000602111879685861,-0.00539748558382127));
#2003=CARTESIAN_POINT('',(0.00112417057481521,0.000407481583737305,-0.00541116716751008));
#2004=CARTESIAN_POINT('',(0.0012235115761036,-6.71840640983943E-6,-0.00544135356582818));
#2005=CARTESIAN_POINT('',(0.00112365121894054,-0.000464653831178521,-0.00546988255386212));
#2006=CARTESIAN_POINT('',(0.000905074321880021,-0.0007950174845709,-0.00549633913016255));
#2007=CARTESIAN_POINT('',(0.000693994712554055,-0.000969431436135327,-0.00551565106961324));
#2008=CARTESIAN_POINT('',(0.000559955873967121,-0.0010471078223453,-0.00552505376533351));
#2009=CARTESIAN_POINT('',(0.000519293156169205,-0.00106993374073369,-0.00552818345062937));
#2010=CARTESIAN_POINT('',(0.000398733802508882,-0.00111913891573751,-0.00553700343904699));
#2011=CARTESIAN_POINT('',(0.000326904072566868,-0.00114190547959714,-0.00554214531870725));
#2012=CARTESIAN_POINT('',(0.000230288097116655,-0.0011662141843727,-0.00554897064049565));
#2013=CARTESIAN_POINT('',(0.000121126002154376,-0.00118343674099064,-0.00555655168820035));
#2014=CARTESIAN_POINT('',(-1.7587771110922E-5,-0.00118783047640814,-0.00556621711357719));
#2015=CARTESIAN_POINT('',(-5.15850642437194E-5,-0.00118724130729864,-0.00556843814615441));
#2016=CARTESIAN_POINT('',(-0.000215997892718587,-0.00117160419762479,-0.00557919135033913));
#2017=CARTESIAN_POINT('',(-0.00036057030238645,-0.00113307673334129,-0.00558882035736985));
#2018=CARTESIAN_POINT('',(-0.000495759028497545,-0.00108253031297778,-0.00559833651780834));
#2019=CARTESIAN_POINT('',(-0.00066273222256406,-0.00099394541054435,-0.00561111152999729));
#2020=CARTESIAN_POINT('',(-0.000844673206014004,-0.000844898803831154,-0.0056269376093051));
#2021=CARTESIAN_POINT('',(-0.000969884509203745,-0.000692596905884033,-0.00564068552381013));
#2022=CARTESIAN_POINT('',(-0.00104641592188559,-0.000562313207444834,-0.00564992569782293));
#2023=CARTESIAN_POINT('',(-0.00108424978423731,-0.000489054429415641,-0.00565538591134416));
#2024=CARTESIAN_POINT('',(-0.00114145333447783,-0.000336110287015303,-0.00566652115420734));
#2025=CARTESIAN_POINT('',(-0.00117328171562342,-0.000199587864808956,-0.00567614645609726));
#2026=CARTESIAN_POINT('',(-0.001187,-7.7681482168288E-5,-0.00568462702824048));
#2027=CARTESIAN_POINT('',(-0.001187,-1.54322484457275E-17,-0.00569004856383693));
#2028=CARTESIAN_POINT('',(-0.001187,1.74585636073675E-18,-0.00518997560290012));
#2029=CARTESIAN_POINT('',(-0.001187,2.12307212587398E-17,-0.00469006302292784));
#2030=CARTESIAN_POINT('',(-0.001187,7.76749869627886E-5,-0.00469528411871104));
#2031=CARTESIAN_POINT('',(-0.00116945982896065,0.000237582072378326,-0.00470592665288327));
#2032=CARTESIAN_POINT('',(-0.00112605930120288,0.000390248050538701,-0.00471619497994272));
#2033=CARTESIAN_POINT('',(-0.00106915932790783,0.000516458532989036,-0.00472502443146482));
#2034=CARTESIAN_POINT('',(-0.001062556490642,0.000528311239385593,-0.00472593179705373));
#2035=CARTESIAN_POINT('',(-0.00102807734030506,0.000602289312044204,-0.00473148134354927));
#2036=CARTESIAN_POINT('',(-0.000908468034063055,0.000769479074877151,-0.00474573911871283));
#2037=CARTESIAN_POINT('',(-0.000852642506422417,0.00082669568104902,-0.00475111751770805));
#2038=CARTESIAN_POINT('',(-0.000760992727392159,0.000915348282018853,-0.00475956610336373));
#2039=CARTESIAN_POINT('',(-0.000589419629012871,0.00103945619291764,-0.00477333602850134));
#2040=CARTESIAN_POINT('',(-0.00039606839126926,0.00112330566461361,-0.00478725749273232));
#2041=CARTESIAN_POINT('',(-0.000249843951813507,0.00116693615202281,-0.00479774840533347));
#2042=CARTESIAN_POINT('',(1.27652821348941E-5,0.00119544262532167,-0.0048158478918279));
#2043=CARTESIAN_POINT('',(0.000226838708224553,0.00117323808582739,-0.00482984900948061));
#2044=CARTESIAN_POINT('',(0.000475030261125926,0.00109561816336552,-0.00484665940364755));
#2045=CARTESIAN_POINT('',(0.000660914497376538,0.000997963128519527,-0.00486101042893728));
#2046=CARTESIAN_POINT('',(0.000849914971695756,0.000833652375922657,-0.00487815394473111));
#2047=CARTESIAN_POINT('',(0.000917331411795564,0.000754953560819094,-0.0048849952474069));
#2048=CARTESIAN_POINT('',(0.0010125230192363,0.000629102974535639,-0.00489526076070343));
#2049=CARTESIAN_POINT('',(0.00113987099694494,0.000388757487328309,-0.00491310872234159));
#2050=CARTESIAN_POINT('',(0.00121812601016105,2.24194735327091E-7,-0.00494057730764614));
#2051=CARTESIAN_POINT('',(0.00112527586307446,-0.000466155687167575,-0.00497005499062501));
#2052=CARTESIAN_POINT('',(0.000904945657567242,-0.000794772336136192,-0.00499632870356822));
#2053=CARTESIAN_POINT('',(0.000694125812902718,-0.000969295258004388,-0.00501565247984453));
#2054=CARTESIAN_POINT('',(0.000560023593898365,-0.00104720011545418,-0.00502508460959747));
#2055=CARTESIAN_POINT('',(0.000515347707590499,-0.00107168923910613,-0.00502846241335758));
#2056=CARTESIAN_POINT('',(0.000399014328515528,-0.00111897568412289,-0.00503695274978754));
#2057=CARTESIAN_POINT('',(0.000326872071390582,-0.00114196140787948,-0.00504211587595415));
#2058=CARTESIAN_POINT('',(0.000230401461622582,-0.00116615462556473,-0.00504894437671321));
#2059=CARTESIAN_POINT('',(0.00012126377641523,-0.00118349054781792,-0.0050565580332525));
#2060=CARTESIAN_POINT('',(-1.76871730794522E-5,-0.00118761920198596,-0.00506633873999179));
#2061=CARTESIAN_POINT('',(-5.07301868015851E-5,-0.0011880326409899,-0.00506847601189764));
#2062=CARTESIAN_POINT('',(-0.000241643128917039,-0.00116723327663382,-0.00508087978740806));
#2063=CARTESIAN_POINT('',(-0.000371616692128199,-0.00112828921670553,-0.00508959389806447));
#2064=CARTESIAN_POINT('',(-0.00047565493845341,-0.00109121675611654,-0.00509686033195212));
#2065=CARTESIAN_POINT('',(-0.000633617715428367,-0.00100859343686333,-0.00510890672396724));
#2066=CARTESIAN_POINT('',(-0.000750172899459311,-0.000923333215738419,-0.00511879062856845));
#2067=CARTESIAN_POINT('',(-0.000853727880799787,-0.000825567564284985,-0.00512877901878753));
#2068=CARTESIAN_POINT('',(-0.000869945949639451,-0.000811394953767966,-0.00513012165472343));
#2069=CARTESIAN_POINT('',(-0.000999702179121414,-0.000648991807121394,-0.00514365144482788));
#2070=CARTESIAN_POINT('',(-0.00105332777606716,-0.000548876378283234,-0.00515100547763723));
#2071=CARTESIAN_POINT('',(-0.00114224242225392,-0.00036416132732608,-0.00516465904286409));
#2072=CARTESIAN_POINT('',(-0.001187,-0.000155408782208931,-0.00517908260661476));
#2073=CARTESIAN_POINT('',(-0.001187,-3.83530281970296E-18,-0.00518997560290012));
#2074=CARTESIAN_POINT('',(-0.001187,1.04707297843267E-17,-0.00469006302292784));
#2075=CARTESIAN_POINT('',(-0.001187,9.63377563271523E-18,-0.00418997432970924));
#2076=CARTESIAN_POINT('',(-0.001187,7.77323900959781E-5,-0.00419518199456139));
#2077=CARTESIAN_POINT('',(-0.0011693122560884,0.000238009280520208,-0.00420584493091357));
#2078=CARTESIAN_POINT('',(-0.00112625857475869,0.00038992889903474,-0.00421609721990986));
#2079=CARTESIAN_POINT('',(-0.00106875223978387,0.000517303301593358,-0.00422508140160447));
#2080=CARTESIAN_POINT('',(-0.00106367630979161,0.000525975852963973,-0.00422576462256168));
#2081=CARTESIAN_POINT('',(-0.0010299361119286,0.0005991769281291,-0.00423124694134292));
#2082=CARTESIAN_POINT('',(-0.000908242435115662,0.000770579278070954,-0.00424576510021025));
#2083=CARTESIAN_POINT('',(-0.000762727589621745,0.000919737429593287,-0.0042598844899554));
#2084=CARTESIAN_POINT('',(-0.000533739002322074,0.00108268843929773,-0.00427770605622551));
#2085=CARTESIAN_POINT('',(-0.00026789959336808,0.00116002950285281,-0.00429642962264312));
#2086=CARTESIAN_POINT('',(-0.000121050342462308,0.00118354422877811,-0.00430661652170577));
#2087=CARTESIAN_POINT('',(1.70729865790713E-5,0.00118759711927172,-0.00431628707416499));
#2088=CARTESIAN_POINT('',(5.25051258192143E-5,0.00118806728963166,-0.00431859308634756));
#2089=CARTESIAN_POINT('',(0.000243357277564314,0.00116657868965435,-0.00433098604081209));
#2090=CARTESIAN_POINT('',(0.000364704243525286,0.00113053088027418,-0.00433911409448993));
#2091=CARTESIAN_POINT('',(0.000479790253639564,0.00108983935980631,-0.00434716577943079));
#2092=CARTESIAN_POINT('',(0.000632756131210944,0.00100908807199209,-0.0043588490059935));
#2093=CARTESIAN_POINT('',(0.000750967501535032,0.000922597744371974,-0.00436885864182066));
#2094=CARTESIAN_POINT('',(0.00085173441892917,0.000827717300924547,-0.00437852925693754));
#2095=CARTESIAN_POINT('',(0.000877928889781076,0.000802727969654134,-0.004380899219544));
#2096=CARTESIAN_POINT('',(0.00103526390294729,0.000601462642102636,-0.00439752002348565));
#2097=CARTESIAN_POINT('',(0.00112373770064454,0.000408152815886724,-0.00441116437018278));
#2098=CARTESIAN_POINT('',(0.00122370827644664,-7.01160788530018E-6,-0.00444121595390882));
#2099=CARTESIAN_POINT('',(0.00112342320775293,-0.000464338563898972,-0.00447013568615939));
#2100=CARTESIAN_POINT('',(0.000905809006690916,-0.000795345355210086,-0.00449660139476058));
#2101=CARTESIAN_POINT('',(0.000693309777529533,-0.000968670768743025,-0.00451549965124994));
#2102=CARTESIAN_POINT('',(0.000577969954143299,-0.00103828204567516,-0.00452418219626805));
#2103=CARTESIAN_POINT('',(0.000506187654632261,-0.00107392289782134,-0.00452908037444301));
#2104=CARTESIAN_POINT('',(0.000484987393650469,-0.00108342038501128,-0.00453063679315051));
#2105=CARTESIAN_POINT('',(0.000392830949908631,-0.00112440189453906,-0.00453742535871934));
#2106=CARTESIAN_POINT('',(0.000217990406136877,-0.00117003567418982,-0.00454997772316435));
#2107=CARTESIAN_POINT('',(0.000111915297754767,-0.00118312736970501,-0.00455728430557159));
#2108=CARTESIAN_POINT('',(-0.00012981379709003,-0.00119510013454846,-0.00457367838291189));
#2109=CARTESIAN_POINT('',(-0.00039567664121912,-0.0011340249187798,-0.00459065643598005));
#2110=CARTESIAN_POINT('',(-0.000626737381307207,-0.00101611459623442,-0.00460834128162487));
#2111=CARTESIAN_POINT('',(-0.000789351102525552,-0.000890544796351695,-0.00462246275294066));
#2112=CARTESIAN_POINT('',(-0.000870559469367302,-0.000808145663916059,-0.00463027931199721));
#2113=CARTESIAN_POINT('',(-0.000917778476062745,-0.000754715247991035,-0.00463502320868774));
#2114=CARTESIAN_POINT('',(-0.00101243646462317,-0.000628997214551133,-0.00464521810617347));
#2115=CARTESIAN_POINT('',(-0.00114004150095947,-0.000388546313769149,-0.00466319727684659));
#2116=CARTESIAN_POINT('',(-0.001187,-0.000155375615764504,-0.0046791854504526));
#2117=CARTESIAN_POINT('',(-0.001187,1.98857223244381E-17,-0.00469006302292784));
#2118=CARTESIAN_POINT('',(-0.001187,1.07614609344443E-17,-0.00418997432970924));
#2119=CARTESIAN_POINT('',(-0.001187,9.63377563271523E-18,-0.00369004988542574));
#2120=CARTESIAN_POINT('',(-0.001187,7.76740673659628E-5,-0.00369528588256666));
#2121=CARTESIAN_POINT('',(-0.00117428060537611,0.000196679608633259,-0.00370317868014259));
#2122=CARTESIAN_POINT('',(-0.00113980153536897,0.000340894400954911,-0.00371277784175445));
#2123=CARTESIAN_POINT('',(-0.00109057886984454,0.000470711555888899,-0.00372151927315563));
#2124=CARTESIAN_POINT('',(-0.00107795828158326,0.000501235172560431,-0.00372378538700116));
#2125=CARTESIAN_POINT('',(-0.000988974500470058,0.000666490756737042,-0.00373668668577228));
#2126=CARTESIAN_POINT('',(-0.000888021815386248,0.000789346224905691,-0.00374764999054731));
#2127=CARTESIAN_POINT('',(-0.000849190938412633,0.000831020671758801,-0.00375154504773391));
#2128=CARTESIAN_POINT('',(-0.000752515027118995,0.000921299154595438,-0.00376034684800287));
#2129=CARTESIAN_POINT('',(-0.000660209887355146,0.000988086195664397,-0.0037678404984637));
#2130=CARTESIAN_POINT('',(-0.000564726679088729,0.00104720708045075,-0.00377517214431915));
#2131=CARTESIAN_POINT('',(-0.000439453230038596,0.00110344316914835,-0.00378397209764864));
#2132=CARTESIAN_POINT('',(-0.000404162700052141,0.00111838028562094,-0.0037865729649318));
#2133=CARTESIAN_POINT('',(-0.000222553718132364,0.00117067252401264,-0.00379965181593121));
#2134=CARTESIAN_POINT('',(-9.47534811290172E-5,0.00118414249379741,-0.0038085425865461));
#2135=CARTESIAN_POINT('',(2.55288022749973E-5,0.00119051186008112,-0.00381672601915348));
#2136=CARTESIAN_POINT('',(0.00024208433592203,0.00116968068634589,-0.00383112803467772));
#2137=CARTESIAN_POINT('',(0.00038963430415074,0.00112624315814843,-0.00384109109540489));
#2138=CARTESIAN_POINT('',(0.000517114203813321,0.00106885946737748,-0.00385006106315515));
#2139=CARTESIAN_POINT('',(0.000526242154639939,0.00106354109864442,-0.0038507769265496));
#2140=CARTESIAN_POINT('',(0.000599603806825255,0.00102968403382197,-0.00385627709815114));
#2141=CARTESIAN_POINT('',(0.000770279831478623,0.00090837165935452,-0.00387076070031248));
#2142=CARTESIAN_POINT('',(0.000864823165215279,0.000816036976224479,-0.00387972376015292));
#2143=CARTESIAN_POINT('',(0.000994803926719377,0.000664145030809781,-0.0038926981164021));
#2144=CARTESIAN_POINT('',(0.00113901292741484,0.000385095409718298,-0.00391330170852602));
#2145=CARTESIAN_POINT('',(0.0012064555661869,0.000101056035908306,-0.00393379413994496));
#2146=CARTESIAN_POINT('',(0.00116494947414726,-0.000272506536802191,-0.0039576637000636));
#2147=CARTESIAN_POINT('',(0.00109103857570564,-0.000487113304211294,-0.00397263277904516));
#2148=CARTESIAN_POINT('',(0.000971020630525392,-0.000689584299804696,-0.00398864938196713));
#2149=CARTESIAN_POINT('',(0.000918247014789717,-0.000753436377868993,-0.00399439046503522));
#2150=CARTESIAN_POINT('',(0.000787110463075155,-0.000904373292957593,-0.00400750991100877));
#2151=CARTESIAN_POINT('',(0.000564465667902652,-0.00104878385845066,-0.00402499584763521));
#2152=CARTESIAN_POINT('',(0.000417951770270523,-0.00111489517949613,-0.0040355884522493));
#2153=CARTESIAN_POINT('',(0.000267679760663549,-0.0011602298381894,-0.0040462502824969));
#2154=CARTESIAN_POINT('',(0.000121542076043018,-0.00118349950142825,-0.00405644435114143));
#2155=CARTESIAN_POINT('',(-2.00581202421626E-5,-0.00118774132955781,-0.00406648570968701));
#2156=CARTESIAN_POINT('',(-4.24588956795419E-5,-0.0011875350876073,-0.00406788555270965));
#2157=CARTESIAN_POINT('',(-0.000212432476605432,-0.00117274541227679,-0.00407897668510968));
#2158=CARTESIAN_POINT('',(-0.000367151434833132,-0.00113125830729643,-0.00408925936902052));
#2159=CARTESIAN_POINT('',(-0.000467340820560657,-0.00109246078844959,-0.0040963359248748));
#2160=CARTESIAN_POINT('',(-0.000557147483145593,-0.00105010724501848,-0.0041030538257449));
#2161=CARTESIAN_POINT('',(-0.000695770495541804,-0.000967674726486784,-0.0041139985621227));
#2162=CARTESIAN_POINT('',(-0.000843815440627537,-0.000845002128840704,-0.00412694587374802));
#2163=CARTESIAN_POINT('',(-0.000969410629389577,-0.000694048932234359,-0.00414054886072282));
#2164=CARTESIAN_POINT('',(-0.00104734167793465,-0.000559826767983496,-0.00415008807995202));
#2165=CARTESIAN_POINT('',(-0.00107237836164304,-0.000513784522741915,-0.00415357677851502));
#2166=CARTESIAN_POINT('',(-0.00111895352458482,-0.000399041552910072,-0.00416197675545397));
#2167=CARTESIAN_POINT('',(-0.00114194533388952,-0.000326781653862171,-0.00416716184953024));
#2168=CARTESIAN_POINT('',(-0.00117589678204371,-0.000193784611512009,-0.00417656151477607));
#2169=CARTESIAN_POINT('',(-0.001187,-7.76813474226108E-5,-0.00418457970769564));
#2170=CARTESIAN_POINT('',(-0.001187,8.2887766984136E-18,-0.00418997432970924));
#2171=CARTESIAN_POINT('',(-0.001187,1.10521920845619E-17,-0.00369004988542574));
#2172=CARTESIAN_POINT('',(-0.001187,-2.49030388540133E-18,-0.00319002435492321));
#2173=CARTESIAN_POINT('',(-0.001187,7.77291893447769E-5,-0.00319522117283662));
#2174=CARTESIAN_POINT('',(-0.00116905024375687,0.000238555936811405,-0.00320590632539683));
#2175=CARTESIAN_POINT('',(-0.0011268892884064,0.000388591812206418,-0.00321601560361568));
#2176=CARTESIAN_POINT('',(-0.00106825134912963,0.000518361498710182,-0.00322516794525036));
#2177=CARTESIAN_POINT('',(-0.00106650207753432,0.000520009100646593,-0.00322535171304671));
#2178=CARTESIAN_POINT('',(-0.00103450035235905,0.000591986095524492,-0.00323070660523912));
#2179=CARTESIAN_POINT('',(-0.000907096908503489,0.000772391852685261,-0.00324589222011642));
#2180=CARTESIAN_POINT('',(-0.000764182218926942,0.000917473857800309,-0.00325964707227337));
#2181=CARTESIAN_POINT('',(-0.000533095886480841,0.00108328741094007,-0.00327784857473943));
#2182=CARTESIAN_POINT('',(-0.000267717204824245,0.0011600629303515,-0.0032964994164574));
#2183=CARTESIAN_POINT('',(-0.000120659017254065,0.00118355999827163,-0.00330667858046862));
#2184=CARTESIAN_POINT('',(1.69095735283339E-5,0.00118766607514522,-0.00331626527963672));
#2185=CARTESIAN_POINT('',(5.43802670376387E-5,0.00118777557138342,-0.00331871212362676));
#2186=CARTESIAN_POINT('',(0.000240533291424311,0.00116737639314165,-0.00333080684634706));
#2187=CARTESIAN_POINT('',(0.000373386186100837,0.00112777884502362,-0.00333971789420111));
#2188=CARTESIAN_POINT('',(0.000474835583219916,0.00109143246254955,-0.00334680015672547));
#2189=CARTESIAN_POINT('',(0.000633920296071548,0.0010084436343777,-0.00335892183751586));
#2190=CARTESIAN_POINT('',(0.000750201039004684,0.000923305749036446,-0.00336879256354192));
#2191=CARTESIAN_POINT('',(0.000853955501238527,0.000825325577425207,-0.003378818878014));
#2192=CARTESIAN_POINT('',(0.000869457634971393,0.000811940196975242,-0.00338008413934179));
#2193=CARTESIAN_POINT('',(0.000999931518807403,0.000648742926496868,-0.00339367275390479));
#2194=CARTESIAN_POINT('',(0.00105338855009699,0.000548593351938201,-0.00340102121720809));
#2195=CARTESIAN_POINT('',(0.00111219978449535,0.000427198817152318,-0.00340999870264742));
#2196=CARTESIAN_POINT('',(0.00116064958655253,0.000266510307720793,-0.00342139647107007));
#2197=CARTESIAN_POINT('',(0.0011833934403492,0.000121504893181951,-0.00343147474587431));
#2198=CARTESIAN_POINT('',(0.0011878108294051,-1.83478671872435E-5,-0.00344128212046678));
#2199=CARTESIAN_POINT('',(0.0011873632373751,-4.83709323221281E-5,-0.00344322821498959));
#2200=CARTESIAN_POINT('',(0.00117193567822344,-0.000214978758082107,-0.00345412573668623));
#2201=CARTESIAN_POINT('',(0.00113275884736753,-0.000361641189972356,-0.00346389378201853));
#2202=CARTESIAN_POINT('',(0.00108233806542106,-0.000496020392953629,-0.00347335536518889));
#2203=CARTESIAN_POINT('',(0.000994128866310353,-0.000662446433363324,-0.0034860891906413));
#2204=CARTESIAN_POINT('',(0.000845016849350429,-0.000844571073320423,-0.0035019282293478));
#2205=CARTESIAN_POINT('',(0.000692746817073376,-0.000969769466819285,-0.00351567588580059));
#2206=CARTESIAN_POINT('',(0.000562521438757553,-0.0010463082534983,-0.00352490766265385));
#2207=CARTESIAN_POINT('',(0.000489527823590778,-0.00108399484525578,-0.00353035234574794));
#2208=CARTESIAN_POINT('',(0.000336427117238063,-0.00114152206621849,-0.00354150102479961));
#2209=CARTESIAN_POINT('',(0.000233342182855458,-0.00116489063091419,-0.00354876786566568));
#2210=CARTESIAN_POINT('',(0.000120959478412313,-0.0011838050742655,-0.0035566137979904));
#2211=CARTESIAN_POINT('',(-1.76368957610883E-5,-0.00118745024003452,-0.00356630643363535));
#2212=CARTESIAN_POINT('',(-4.88154120951328E-5,-0.0011883937866608,-0.00356831439550991));
#2213=CARTESIAN_POINT('',(-0.00024511193251958,-0.00116623219999158,-0.00358108625173147));
#2214=CARTESIAN_POINT('',(-0.000360837128584478,-0.00113169747327525,-0.00358885578025834));
#2215=CARTESIAN_POINT('',(-0.000481896932625489,-0.00108921230207885,-0.00359732443354931));
#2216=CARTESIAN_POINT('',(-0.000632268983689021,-0.00100931167274429,-0.00360880970601999));
#2217=CARTESIAN_POINT('',(-0.000751077752834991,-0.000922507231329029,-0.00361886057540786));
#2218=CARTESIAN_POINT('',(-0.00085128278695603,-0.000828220182066627,-0.00362846616506558));
#2219=CARTESIAN_POINT('',(-0.00087935441206584,-0.000801077678482272,-0.0036310397708295));
#2220=CARTESIAN_POINT('',(-0.00103415839562479,-0.000602857454453146,-0.00364740458048335));
#2221=CARTESIAN_POINT('',(-0.0011237785390584,-0.000408085114595275,-0.00366125414743028));
#2222=CARTESIAN_POINT('',(-0.001187,-0.000155363011765106,-0.00367906527075639));
#2223=CARTESIAN_POINT('',(-0.001187,1.40872495114259E-17,-0.00369004988542574));
#2224=CARTESIAN_POINT('',(-0.001187,-5.52536131226531E-18,-0.00319002435492321));
#2225=CARTESIAN_POINT('',(-0.001187,3.83530281970296E-18,-0.00268999796068913));
#2226=CARTESIAN_POINT('',(-0.001187,7.76818325689904E-5,-0.00269524471969358));
#2227=CARTESIAN_POINT('',(-0.00116918299904275,0.000238177901897932,-0.00270596121127619));
#2228=CARTESIAN_POINT('',(-0.0011266987452691,0.000388915894556477,-0.00271609813606372));
#2229=CARTESIAN_POINT('',(-0.00106860852459736,0.000517614989132281,-0.00272508247263387));
#2230=CARTESIAN_POINT('',(-0.00106546058440298,0.000522209301862898,-0.00272547919657868));
#2231=CARTESIAN_POINT('',(-0.00103274335829647,0.000594870491690565,-0.00273091417096681));
#2232=CARTESIAN_POINT('',(-0.000907413388332884,0.000771530303824446,-0.00274590788496822));
#2233=CARTESIAN_POINT('',(-0.000820215591113278,0.000860606061044597,-0.002754340334344));
#2234=CARTESIAN_POINT('',(-0.000661802817396838,0.000996149574334836,-0.00276788134576391));
#2235=CARTESIAN_POINT('',(-0.00045877838133455,0.00110288468439618,-0.00278295530635065));
#2236=CARTESIAN_POINT('',(-0.000267941571794979,0.00116021127984882,-0.00279641977385827));
#2237=CARTESIAN_POINT('',(-0.000121301809740675,0.00118349263844518,-0.00280656438528233));
#2238=CARTESIAN_POINT('',(1.71323850899044E-5,0.00118757742110145,-0.00281622619016342));
#2239=CARTESIAN_POINT('',(5.14993395867661E-5,0.00118819756339232,-0.00281846419693545));
#2240=CARTESIAN_POINT('',(0.000244455844044185,0.00116626638924307,-0.00283104452970755));
#2241=CARTESIAN_POINT('',(0.000360822880374028,0.00113174791910694,-0.00283886631478757));
#2242=CARTESIAN_POINT('',(0.000482131034317753,0.00108910810971267,-0.0028473440844049));
#2243=CARTESIAN_POINT('',(0.000632576232444511,0.00100905698527688,-0.00285882627970472));
#2244=CARTESIAN_POINT('',(0.000750962517759885,0.000922657633579076,-0.00286884679468153));
#2245=CARTESIAN_POINT('',(0.000852488444040834,0.000826995375051729,-0.00287861009638351));
#2246=CARTESIAN_POINT('',(0.000875560265755387,0.00080491325535742,-0.00288069077649143));
#2247=CARTESIAN_POINT('',(0.000997558608800529,0.000651850930409322,-0.0028934360182839));
#2248=CARTESIAN_POINT('',(0.00105539224852323,0.000545261715754055,-0.00290130286226729));
#2249=CARTESIAN_POINT('',(0.00114007458930059,0.000367742232628049,-0.00291425008722114));
#2250=CARTESIAN_POINT('',(0.00120392162098537,7.40543532853984E-5,-0.00293574380731289));
#2251=CARTESIAN_POINT('',(0.00117139875767074,-0.000232278425771304,-0.00295486023097103));
#2252=CARTESIAN_POINT('',(0.00111509428613148,-0.000419926457665886,-0.0029678914206875));
#2253=CARTESIAN_POINT('',(0.00104850904838232,-0.000560355659068347,-0.00297836598266067));
#2254=CARTESIAN_POINT('',(0.000998397362523074,-0.0006443721718103,-0.00298505176659355));
#2255=CARTESIAN_POINT('',(0.000953720345494615,-0.000706932188201025,-0.00299037592097656));
#2256=CARTESIAN_POINT('',(0.000947950700540858,-0.000714527029550276,-0.00299100594105063));
#2257=CARTESIAN_POINT('',(0.000892508356166619,-0.000784848508437717,-0.00299704697331963));
#2258=CARTESIAN_POINT('',(0.000795298879270642,-0.00089759627492981,-0.00300676851900033));
#2259=CARTESIAN_POINT('',(0.000564518901818184,-0.00104917153347333,-0.00302499262780403));
#2260=CARTESIAN_POINT('',(0.000417892120173767,-0.0011146734433785,-0.00303558192072555));
#2261=CARTESIAN_POINT('',(0.000267792304583135,-0.00116026942978903,-0.00304623505982496));
#2262=CARTESIAN_POINT('',(0.0001213458065308,-0.00118348847964007,-0.0030564322210582));
#2263=CARTESIAN_POINT('',(-1.9326905184896E-5,-0.00118776030056314,-0.00306637489525823));
#2264=CARTESIAN_POINT('',(-4.51956925694601E-5,-0.00118747022404518,-0.00306802682252724));
#2265=CARTESIAN_POINT('',(-0.000213768723423897,-0.00117232284472185,-0.00307905174066659));
#2266=CARTESIAN_POINT('',(-0.000364394635913433,-0.00113205469340538,-0.00308907918780468));
#2267=CARTESIAN_POINT('',(-0.000465636651077341,-0.00109329262555359,-0.00309622240151548));
#2268=CARTESIAN_POINT('',(-0.000557940340788024,-0.00104972092008149,-0.00310309681210507));
#2269=CARTESIAN_POINT('',(-0.000695648376630352,-0.000967632871225233,-0.00311395171521296));
#2270=CARTESIAN_POINT('',(-0.000843725792157346,-0.000845455617734368,-0.00312687532339099));
#2271=CARTESIAN_POINT('',(-0.000970058936063276,-0.000692473068983626,-0.00314070345914199));
#2272=CARTESIAN_POINT('',(-0.00104631496493387,-0.000562389526788385,-0.0031499087822549));
#2273=CARTESIAN_POINT('',(-0.00108362377154261,-0.000490524666993157,-0.00315528579419833));
#2274=CARTESIAN_POINT('',(-0.00114161702249388,-0.000335726669474478,-0.00316655744618228));
#2275=CARTESIAN_POINT('',(-0.00117318290514901,-0.000199820926808626,-0.00317613117472021));
#2276=CARTESIAN_POINT('',(-0.001187,-7.76820495406879E-5,-0.00318461542718733));
#2277=CARTESIAN_POINT('',(-0.001187,-3.83530281970296E-18,-0.00319002435492321));
#2278=CARTESIAN_POINT('',(-0.001187,-1.01755902541154E-18,-0.00268999796068912));
#2279=CARTESIAN_POINT('',(-0.001187,-2.49030388540133E-18,-0.00219006139815946));
#2280=CARTESIAN_POINT('',(-0.001187,7.76996657909774E-5,-0.00219528060594897));
#2281=CARTESIAN_POINT('',(-0.00116915893559524,0.000238266029247641,-0.00220596688658968));
#2282=CARTESIAN_POINT('',(-0.00112670892719491,0.000388922652084069,-0.00221609736564715));
#2283=CARTESIAN_POINT('',(-0.00106852426525834,0.000517791037349201,-0.00222512446105758));
#2284=CARTESIAN_POINT('',(-0.00106557569718264,0.000521960356782598,-0.00222548949714164));
#2285=CARTESIAN_POINT('',(-0.00103296634304343,0.000594533946454033,-0.00223090129654448));
#2286=CARTESIAN_POINT('',(-0.000907397591549879,0.000771487955476311,-0.00224587262043414));
#2287=CARTESIAN_POINT('',(-0.000849034969630478,0.000830084169616772,-0.00225142601058954));
#2288=CARTESIAN_POINT('',(-0.000761770206892114,0.000914725289675714,-0.00225949739785402));
#2289=CARTESIAN_POINT('',(-0.000584063158905117,0.00104321138569114,-0.00227379082748287));
#2290=CARTESIAN_POINT('',(-0.000387941579807243,0.00112561178639799,-0.00228784182079114));
#2291=CARTESIAN_POINT('',(-0.000252112434065156,0.00116647298106148,-0.00229758583002296));
#2292=CARTESIAN_POINT('',(1.74454803699934E-5,0.00119572695552215,-0.00231616669385265));
#2293=CARTESIAN_POINT('',(0.000227884465045931,0.00117247350857345,-0.00232993008218917));
#2294=CARTESIAN_POINT('',(0.000470812704178087,0.00109746250053077,-0.00234635654907334));
#2295=CARTESIAN_POINT('',(0.000662287621182317,0.000997479032173538,-0.00236111289230165));
#2296=CARTESIAN_POINT('',(0.000851185729536219,0.000832215927389566,-0.00237827991443907));
#2297=CARTESIAN_POINT('',(0.000917367747342259,0.000754903279646371,-0.00238500035906465));
#2298=CARTESIAN_POINT('',(0.00101260779443852,0.000628906263519622,-0.00239526061109491));
#2299=CARTESIAN_POINT('',(0.00110339302332586,0.000458174886875698,-0.00240800045303889));
#2300=CARTESIAN_POINT('',(0.00116026897690476,0.000268203650549917,-0.00242140069134747));
#2301=CARTESIAN_POINT('',(0.00118335327468815,0.000120618397993582,-0.00243156251086056));
#2302=CARTESIAN_POINT('',(0.00118818750350815,-1.50435214301675E-5,-0.0024411814023276));
#2303=CARTESIAN_POINT('',(0.00118589667623234,-5.97377656614032E-5,-0.00244356847286575));
#2304=CARTESIAN_POINT('',(0.00117562042897489,-0.000193273670176456,-0.00245230661895151));
#2305=CARTESIAN_POINT('',(0.00113418413389426,-0.00037812691585196,-0.00246474525104876));
#2306=CARTESIAN_POINT('',(0.00104490694079027,-0.000568308476348832,-0.00247888205479744));
#2307=CARTESIAN_POINT('',(0.000970492667526551,-0.000689538976402549,-0.00248850220353014));
#2308=CARTESIAN_POINT('',(0.000844488328557098,-0.00084582090178036,-0.00250202797529908));
#2309=CARTESIAN_POINT('',(0.000692763246815988,-0.00096963491050344,-0.00251564301501563));
#2310=CARTESIAN_POINT('',(0.000562589987654762,-0.00104630555541652,-0.00252492109741767));
#2311=CARTESIAN_POINT('',(0.000489026674655041,-0.0010842145161496,-0.00253039513479955));
#2312=CARTESIAN_POINT('',(0.000336368474706708,-0.0011415192785288,-0.00254148270601352));
#2313=CARTESIAN_POINT('',(0.000233234092628711,-0.0011649381788146,-0.00254875163742211));
#2314=CARTESIAN_POINT('',(0.000120570148326997,-0.00118379289512459,-0.0025566254804873));
#2315=CARTESIAN_POINT('',(-1.68804720241166E-5,-0.00118754106695878,-0.00256627949946555));
#2316=CARTESIAN_POINT('',(-5.23809698434555E-5,-0.00118804280577965,-0.00256858908586903));
#2317=CARTESIAN_POINT('',(-0.000242488246501719,-0.00116683565752945,-0.00258093337249486));
#2318=CARTESIAN_POINT('',(-0.000367111725917613,-0.00112976486294484,-0.00258928018462583));
#2319=CARTESIAN_POINT('',(-0.000478179467878172,-0.00109038172478096,-0.00259704698358723));
#2320=CARTESIAN_POINT('',(-0.00063299421255345,-0.00100893839452872,-0.00260886699524308));
#2321=CARTESIAN_POINT('',(-0.000750548537866538,-0.000922994643698158,-0.00261882187266788));
#2322=CARTESIAN_POINT('',(-0.000852529338556108,-0.000826804962231374,-0.002628627260649));
#2323=CARTESIAN_POINT('',(-0.000874380442642874,-0.000806767977773012,-0.00263053803579391));
#2324=CARTESIAN_POINT('',(-0.00103724920391466,-0.000599228461355902,-0.00264770932801678));
#2325=CARTESIAN_POINT('',(-0.00112137818414262,-0.000410997295834383,-0.0026610227434914));
#2326=CARTESIAN_POINT('',(-0.001187,-0.000155400154009785,-0.00267907660535865));
#2327=CARTESIAN_POINT('',(-0.001187,2.49030388540133E-18,-0.00268999796068913));
#2328=CARTESIAN_POINT('',(-0.001187,3.49024326144224E-18,-0.00219006139815946));
#2329=CARTESIAN_POINT('',(-0.001187,-2.49030388540133E-18,-0.0016899665741299));
#2330=CARTESIAN_POINT('',(-0.001187,7.77236468562273E-5,-0.00169518994447124));
#2331=CARTESIAN_POINT('',(-0.00116932706647145,0.00023796067629951,-0.00170586703445797));
#2332=CARTESIAN_POINT('',(-0.0011262464387622,0.000389938406734191,-0.00171611673493903));
#2333=CARTESIAN_POINT('',(-0.00106879939524232,0.000517206537004046,-0.00172506608080577));
#2334=CARTESIAN_POINT('',(-0.00106358770765831,0.000526155596869862,-0.00172576917143723));
#2335=CARTESIAN_POINT('',(-0.00102978708896765,0.000599473900953381,-0.00173126620826779));
#2336=CARTESIAN_POINT('',(-0.00090822477463753,0.000770379174308231,-0.00174577936193957));
#2337=CARTESIAN_POINT('',(-0.000817427504544719,0.000863586934049839,-0.00175460135340232));
#2338=CARTESIAN_POINT('',(-0.000662650659164113,0.000995203566335254,-0.00176779021714084));
#2339=CARTESIAN_POINT('',(-0.000458472590064062,0.00110318967582997,-0.0017829898524055));
#2340=CARTESIAN_POINT('',(-0.000267824582076523,0.00116019078213085,-0.00179644913988207));
#2341=CARTESIAN_POINT('',(-0.000121344432103936,0.00118351414587238,-0.0018065971052882));
#2342=CARTESIAN_POINT('',(1.76784125913904E-5,0.00118754603531172,-0.00181631825888594));
#2343=CARTESIAN_POINT('',(4.980026886535E-5,0.00118830166445674,-0.00181839345371294));
#2344=CARTESIAN_POINT('',(0.000244900930267067,0.00116626094447708,-0.00183107635375822));
#2345=CARTESIAN_POINT('',(0.000361391858324367,0.00113153615351532,-0.00183889004404246));
#2346=CARTESIAN_POINT('',(0.000481753163231537,0.00108923125143701,-0.00184731183410667));
#2347=CARTESIAN_POINT('',(0.000632379665947334,0.0010092763756524,-0.00185881924082413));
#2348=CARTESIAN_POINT('',(0.000751236726891266,0.000922352666224372,-0.00186887787113451));
#2349=CARTESIAN_POINT('',(0.00085113072016159,0.000828405797186584,-0.00187845018792976));
#2350=CARTESIAN_POINT('',(0.000880374735820765,0.000799918790039861,-0.00188114527100834));
#2351=CARTESIAN_POINT('',(0.0010337367993607,0.000603266872195408,-0.00189736834844584));
#2352=CARTESIAN_POINT('',(0.00112489340144248,0.00040672062854993,-0.0019112672539265));
#2353=CARTESIAN_POINT('',(0.00122332033356213,-6.56957288890559E-6,-0.00194125649189329));
#2354=CARTESIAN_POINT('',(0.00112351050537328,-0.000464539301400727,-0.00197003591209324));
#2355=CARTESIAN_POINT('',(0.00090571142991059,-0.000795426612357605,-0.00199653309998033));
#2356=CARTESIAN_POINT('',(0.000693229986479701,-0.000968723811982795,-0.00201551526538739));
#2357=CARTESIAN_POINT('',(0.000577970857549219,-0.0010382798424626,-0.00202419566438399));
#2358=CARTESIAN_POINT('',(0.000506227257577026,-0.00107390343994208,-0.00202908012960733));
#2359=CARTESIAN_POINT('',(0.000485206634341401,-0.00108332019509208,-0.00203062279115924));
#2360=CARTESIAN_POINT('',(0.000392958394268159,-0.00112436935926595,-0.00203741402012752));
#2361=CARTESIAN_POINT('',(0.000217995776899592,-0.00117002353724251,-0.00204996827300891));
#2362=CARTESIAN_POINT('',(0.000112932320102848,-0.00118297863683625,-0.00205720319339137));
#2363=CARTESIAN_POINT('',(-0.00012801300435308,-0.0011954433720661,-0.00207354283709524));
#2364=CARTESIAN_POINT('',(-0.000401140395785792,-0.00113181205610656,-0.00209107334779762));
#2365=CARTESIAN_POINT('',(-0.000626252222869961,-0.00101630909171105,-0.00210830376353488));
#2366=CARTESIAN_POINT('',(-0.000789363982762251,-0.000890573271419204,-0.00212245690077534));
#2367=CARTESIAN_POINT('',(-0.000870471990233047,-0.00080822649593963,-0.0021302671353044));
#2368=CARTESIAN_POINT('',(-0.000917777344745141,-0.000754723184626946,-0.00213502275838188));
#2369=CARTESIAN_POINT('',(-0.00101242551897064,-0.000629009600230302,-0.00214523501828017));
#2370=CARTESIAN_POINT('',(-0.00114004332182012,-0.000388551829233928,-0.00216322729949263));
#2371=CARTESIAN_POINT('',(-0.001187,-0.000155378442217305,-0.00217920316743826));
#2372=CARTESIAN_POINT('',(-0.001187,-3.83530281970296E-18,-0.00219006139815946));
#2373=CARTESIAN_POINT('',(-0.001187,-4.36096725176373E-19,-0.0016899665741299));
#2374=CARTESIAN_POINT('',(-0.001187,-2.49030388540133E-18,-0.00119006174465883));
#2375=CARTESIAN_POINT('',(-0.001187,7.76544743533407E-5,-0.00119528328688388));
#2376=CARTESIAN_POINT('',(-0.001169314123013,0.000237846840980734,-0.00120594698215415));
#2377=CARTESIAN_POINT('',(-0.00112645936064691,0.000389370699203342,-0.00121613191591451));
#2378=CARTESIAN_POINT('',(-0.00106892030064947,0.000516965415486136,-0.00122505210920204));
#2379=CARTESIAN_POINT('',(-0.00106427708023959,0.000524684487525202,-0.0012256684959826));
#2380=CARTESIAN_POINT('',(-0.00103092784091596,0.000597895392882913,-0.00123114363723371));
#2381=CARTESIAN_POINT('',(-0.000907432302338062,0.000770892205208914,-0.00124585399537253));
#2382=CARTESIAN_POINT('',(-0.000828461329047432,0.00085295620938434,-0.00125355613732866));
#2383=CARTESIAN_POINT('',(-0.000639840040077375,0.00101570388169863,-0.00126972021635048));
#2384=CARTESIAN_POINT('',(-0.00040610380925906,0.00112022228264987,-0.00128652628448561));
#2385=CARTESIAN_POINT('',(-0.000247187384925444,0.00116790545009875,-0.00129794873500425));
#2386=CARTESIAN_POINT('',(1.49034369500287E-5,0.00119518835142554,-0.00131596874500889));
#2387=CARTESIAN_POINT('',(0.000226780919932052,0.00117323322348358,-0.00132983877590396));
#2388=CARTESIAN_POINT('',(0.000475242264457122,0.00109546825263768,-0.0013466769522045));
#2389=CARTESIAN_POINT('',(0.000660934816045143,0.000998222776537102,-0.00136098567457931));
#2390=CARTESIAN_POINT('',(0.00085226730574083,0.000831189553822521,-0.0013783680957238));
#2391=CARTESIAN_POINT('',(0.000917182160632852,0.000755031597363653,-0.00138498075625331));
#2392=CARTESIAN_POINT('',(0.00101258802551594,0.000629226334016945,-0.00139525347857614));
#2393=CARTESIAN_POINT('',(0.00113933375787207,0.000387710013087545,-0.00141318891155423));
#2394=CARTESIAN_POINT('',(0.00122188355797721,8.97629775345418E-6,-0.00143999854465844));
#2395=CARTESIAN_POINT('',(0.00113001544382912,-0.000413423900874489,-0.00146692287076405));
#2396=CARTESIAN_POINT('',(0.000994118321344513,-0.000661667606169232,-0.00148616977114867));
#2397=CARTESIAN_POINT('',(0.000836961753094194,-0.000852888775777315,-0.0015032414698976));
#2398=CARTESIAN_POINT('',(0.000659962292976133,-0.000996649480163868,-0.0015179002207295));
#2399=CARTESIAN_POINT('',(0.000434708582700788,-0.00111222727022305,-0.00153445511368251));
#2400=CARTESIAN_POINT('',(0.00023962636504793,-0.00116969715070808,-0.00154833502701833));
#2401=CARTESIAN_POINT('',(-4.53711285562444E-6,-0.00119428729745795,-0.00156544519008627));
#2402=CARTESIAN_POINT('',(-0.000185986604049776,-0.00117834256181576,-0.00157779082820521));
#2403=CARTESIAN_POINT('',(-0.000359555706194807,-0.00113259836442893,-0.0015888488088896));
#2404=CARTESIAN_POINT('',(-0.000400952767498677,-0.00111768105670973,-0.0015915252642712));
#2405=CARTESIAN_POINT('',(-0.000498100165161439,-0.00107979528115043,-0.00159856497122051));
#2406=CARTESIAN_POINT('',(-0.000608568944831544,-0.0010226780744286,-0.00160706382887349));
#2407=CARTESIAN_POINT('',(-0.000714054649781143,-0.000949224873334686,-0.00161596693357037));
#2408=CARTESIAN_POINT('',(-0.000766145512005889,-0.000907538606751177,-0.00162055212012117));
#2409=CARTESIAN_POINT('',(-0.000933980412642125,-0.000756957094646225,-0.00163583741443827));
#2410=CARTESIAN_POINT('',(-0.00112239814113415,-0.000468219001439734,-0.00165738047105079));
#2411=CARTESIAN_POINT('',(-0.001187,-0.000155349194580884,-0.00167904429585617));
#2412=CARTESIAN_POINT('',(-0.001187,2.49030388540133E-18,-0.0016899665741299));
#2413=CARTESIAN_POINT('',(-0.001187,-1.19963335924284E-18,-0.00119006174465883));
#2414=CARTESIAN_POINT('',(-0.00105303347054001,-0.000547804262417214,-0.00115107130605667));
#2415=CARTESIAN_POINT('',(-0.00114062533711635,-0.000379428122288316,-0.00116406811892406));
#2416=CARTESIAN_POINT('',(-0.001187,-0.000189796890530471,-0.00117706493179144));
#2417=CARTESIAN_POINT('',(-0.001187,-2.49030388540133E-18,-0.00119006174465883));
#2418=CARTESIAN_POINT('',(-0.00105303347054001,-0.000547804262417214,-0.00115107130605667));
#2419=CARTESIAN_POINT('',(-0.00105303347054001,-0.000547804262417213,-0.00115107130605666));
#2420=CARTESIAN_POINT('',(-0.0012748181105021,-0.0006631800548387,-0.00100655993991682));
#2421=CARTESIAN_POINT('',(0.001437,-1.00345173678352E-17,-0.00129568690888693));
#2422=CARTESIAN_POINT('',(0.001437,2.26125407879598E-5,-0.00129443895645772));
#2423=CARTESIAN_POINT('',(0.00143889869367559,9.1138068217528E-5,-0.0012905907029271));
#2424=CARTESIAN_POINT('',(0.00140269978247303,0.000337108388780049,-0.00127623299093092));
#2425=CARTESIAN_POINT('',(0.00136125459206958,0.000466866938714018,-0.00126843450205959));
#2426=CARTESIAN_POINT('',(0.00131796295814841,0.000572844019124089,-0.00126203024793319));
#2427=CARTESIAN_POINT('',(0.00130469215355449,0.000606713839411044,-0.00126002708860521));
#2428=CARTESIAN_POINT('',(0.00121857420810373,0.000767808586250152,-0.00125010880562735));
#2429=CARTESIAN_POINT('',(0.00112525277595812,0.000898452545642436,-0.00124139735132465));
#2430=CARTESIAN_POINT('',(0.00100858434072786,0.0010282186713126,-0.00123190409455539));
#2431=CARTESIAN_POINT('',(0.00093526383398013,0.00109173983513616,-0.00122664061409109));
#2432=CARTESIAN_POINT('',(0.000891355572193727,0.00112702774952307,-0.00122352565729468));
#2433=CARTESIAN_POINT('',(0.000906610577898968,0.00111580623079777,-0.00122463719588499));
#2434=CARTESIAN_POINT('',(0.00080882569791925,0.00118956776877123,-0.00121759186573442));
#2435=CARTESIAN_POINT('',(0.000716633854471371,0.0012473240051686,-0.00121141965366013));
#2436=CARTESIAN_POINT('',(0.000535213694944198,0.00134199616407432,-0.00119990918960849));
#2437=CARTESIAN_POINT('',(0.000308242069708346,0.00141287438416671,-0.00118725188584574));
#2438=CARTESIAN_POINT('',(6.04140667494355E-5,0.0014416843512696,-0.00117385254663243));
#2439=CARTESIAN_POINT('',(-0.000155555547534778,0.00143336775476071,-0.00116176393777575));
#2440=CARTESIAN_POINT('',(-0.000362453198576754,0.00139324759060664,-0.0011496692940366));
#2441=CARTESIAN_POINT('',(-0.000435948686106764,0.00137050936364394,-0.00114531808687697));
#2442=CARTESIAN_POINT('',(-0.000583601776927964,0.00131639320070733,-0.00113661129673572));
#2443=CARTESIAN_POINT('',(-0.000735866740788891,0.00124080094411119,-0.00112738395308003));
#2444=CARTESIAN_POINT('',(-0.000932391285308199,0.00109956966156351,-0.00111439495760236));
#2445=CARTESIAN_POINT('',(-0.00103395563210148,0.00100137378041499,-0.0011067736740657));
#2446=CARTESIAN_POINT('',(-0.00114590327426636,0.000871860246996439,-0.00109722178342434));
#2447=CARTESIAN_POINT('',(-0.00123177313589811,0.000748111812664464,-0.00108870357903545));
#2448=CARTESIAN_POINT('',(-0.00130857787300222,0.000596033827529565,-0.00107866743526934));
#2449=CARTESIAN_POINT('',(-0.00132314989336491,0.000560640457908539,-0.00107651149827844));
#2450=CARTESIAN_POINT('',(-0.00136010275321841,0.00047151855882443,-0.00107124882581412));
#2451=CARTESIAN_POINT('',(-0.00141810458215328,0.000271010734575743,-0.00106027917928628));
#2452=CARTESIAN_POINT('',(-0.00143704508952347,7.81644177357232E-5,-0.00105003118757542));
#2453=CARTESIAN_POINT('',(-0.00143685303249056,-1.3667508994563E-5,-0.00104499532630781));
#2454=CARTESIAN_POINT('',(-0.00143696867225127,-0.000122991081639199,-0.00103876516250758));
#2455=CARTESIAN_POINT('',(-0.00139162007968682,-0.000380450775243316,-0.00102360904342445));
#2456=CARTESIAN_POINT('',(-0.00134400862523194,-0.000513639357072101,-0.00101559845467749));
#2457=CARTESIAN_POINT('',(-0.00129907717082355,-0.000616547335389577,-0.00100940312222675));
#2458=CARTESIAN_POINT('',(-0.0012748181105021,-0.000663180054838701,-0.00100655993991682));
#2459=CARTESIAN_POINT('',(0.001437,9.15638759299735E-18,-0.00129568690888692));
#2460=CARTESIAN_POINT('',(0.001437,1.86825113871191E-17,-0.00179570754027644));
#2461=CARTESIAN_POINT('',(0.001437,2.08240672134643E-5,-0.00179454695504885));
#2462=CARTESIAN_POINT('',(0.00143728127042481,8.12515166057892E-5,-0.00179112361623368));
#2463=CARTESIAN_POINT('',(0.00141640701205933,0.000265542084013048,-0.00178042853747024));
#2464=CARTESIAN_POINT('',(0.00137532118023009,0.000424537929826583,-0.00177093408454823));
#2465=CARTESIAN_POINT('',(0.00131383446916749,0.000594181011398028,-0.00176082503828258));
#2466=CARTESIAN_POINT('',(0.00120245025924031,0.000804103901350587,-0.00174801614731145));
#2467=CARTESIAN_POINT('',(0.00102235594105847,0.00102250617455556,-0.00173254123479613));
#2468=CARTESIAN_POINT('',(0.000840037044221046,0.00117356202895484,-0.00171997739578377));
#2469=CARTESIAN_POINT('',(0.000678204416892358,0.0012677670693764,-0.00170874081809465));
#2470=CARTESIAN_POINT('',(0.000619470488804492,0.0012993674513868,-0.00170503539340463));
#2471=CARTESIAN_POINT('',(0.000482901492321056,0.00135465868359125,-0.0016969873340531));
#2472=CARTESIAN_POINT('',(0.000395262464920086,0.0013825445393844,-0.00169201800878615));
#2473=CARTESIAN_POINT('',(0.000280999220351058,0.00141193351324712,-0.0016856691179982));
#2474=CARTESIAN_POINT('',(0.00016197985314322,0.00142889218102688,-0.00167927411968505));
#2475=CARTESIAN_POINT('',(7.38585667467674E-5,0.00143594019840525,-0.00167458871560486));
#2476=CARTESIAN_POINT('',(-1.42149251955056E-5,0.00143729221413322,-0.00166996815520867));
#2477=CARTESIAN_POINT('',(-1.89201716083665E-5,0.00143689073099229,-0.00166966340144469));
#2478=CARTESIAN_POINT('',(-9.38508663847017E-5,0.00143512394708934,-0.00166542454303317));
#2479=CARTESIAN_POINT('',(-0.000214073468067515,0.00142456223769427,-0.00165847530805579));
#2480=CARTESIAN_POINT('',(-0.000361488692989519,0.00139179012294014,-0.00164972618007655));
#2481=CARTESIAN_POINT('',(-0.000451252063373284,0.00136583697308143,-0.00164436429017714));
#2482=CARTESIAN_POINT('',(-0.000553151786652156,0.00132652118628586,-0.00163822015016658));
#2483=CARTESIAN_POINT('',(-0.00060068596130149,0.00130666639150304,-0.00163537264661052));
#2484=CARTESIAN_POINT('',(-0.000770160039641378,0.00121993670852024,-0.00162503535029253));
#2485=CARTESIAN_POINT('',(-0.000973169100721362,0.00106931229813684,-0.00161134150420858));
#2486=CARTESIAN_POINT('',(-0.00107612721852007,0.000953897730531164,-0.00160297011900516));
#2487=CARTESIAN_POINT('',(-0.00111708059133238,0.000903898304451737,-0.00159942066825892));
#2488=CARTESIAN_POINT('',(-0.00111715412364968,0.00090438561334797,-0.00159948229770346));
#2489=CARTESIAN_POINT('',(-0.00119995526233278,0.000796185751621834,-0.00159165124704571));
#2490=CARTESIAN_POINT('',(-0.00126850456593904,0.000679375147017345,-0.00158402022812091));
#2491=CARTESIAN_POINT('',(-0.0013503996211718,0.000507867636637998,-0.00157343457891421));
#2492=CARTESIAN_POINT('',(-0.00141801913031176,0.000281261576295139,-0.00156039643969635));
#2493=CARTESIAN_POINT('',(-0.00144734790609666,3.98713497149472E-6,-0.00154626909818037));
#2494=CARTESIAN_POINT('',(-0.00141458924237954,-0.000296985642891865,-0.00152820153425706));
#2495=CARTESIAN_POINT('',(-0.00136028869715872,-0.000479237471880908,-0.00151771356838648));
#2496=CARTESIAN_POINT('',(-0.0012944138589288,-0.000625006345060505,-0.00150889859918602));
#2497=CARTESIAN_POINT('',(-0.00128547964751492,-0.00064146637602195,-0.00150789153585031));
#2498=CARTESIAN_POINT('',(-0.00124324219255736,-0.000730952359277022,-0.00150259706191141));
#2499=CARTESIAN_POINT('',(-0.0011007417999106,-0.00093110311220209,-0.00148953077653294));
#2500=CARTESIAN_POINT('',(-0.00101694763341486,-0.0010164925047475,-0.00148301925633374));
#2501=CARTESIAN_POINT('',(-0.000918467861087303,-0.00110926068135383,-0.00147541396603111));
#2502=CARTESIAN_POINT('',(-0.000730467218977403,-0.00124698326573142,-0.00146204031163536));
#2503=CARTESIAN_POINT('',(-0.000505114673718222,-0.00135239245463406,-0.00144816606742726));
#2504=CARTESIAN_POINT('',(-0.000294817679281407,-0.0014134884493831,-0.00143657076076288));
#2505=CARTESIAN_POINT('',(-7.29439460216321E-6,-0.00144806700385039,-0.00142106325445729));
#2506=CARTESIAN_POINT('',(0.000285880975895847,-0.00141615929109715,-0.00140429444864742));
#2507=CARTESIAN_POINT('',(0.000621271023806746,-0.00132167511736043,-0.00138433082529182));
#2508=CARTESIAN_POINT('',(0.00100128959302956,-0.00105821863057717,-0.00136041043067941));
#2509=CARTESIAN_POINT('',(0.0011953827548686,-0.000810419286194704,-0.00134245457268964));
#2510=CARTESIAN_POINT('',(0.00138508735555584,-0.000465953161821674,-0.00132054317984371));
#2511=CARTESIAN_POINT('',(0.001437,-0.000188097919507981,-0.00130562334118809));
#2512=CARTESIAN_POINT('',(0.001437,-1.16627932470192E-17,-0.00129568690888693));
#2513=CARTESIAN_POINT('',(0.001437,1.97188501959449E-17,-0.00179570754027644));
#2514=CARTESIAN_POINT('',(0.001437,-5.34291385975439E-17,-0.00229561699043615));
#2515=CARTESIAN_POINT('',(0.001437,9.405737573206E-5,-0.0022904139461952));
#2516=CARTESIAN_POINT('',(0.00142380856829155,0.000233688398986614,-0.0022826121678528));
#2517=CARTESIAN_POINT('',(0.00137614062354364,0.000420253737316538,-0.00227164419813746));
#2518=CARTESIAN_POINT('',(0.00134122251792376,0.000521411809723816,-0.00226550550870228));
#2519=CARTESIAN_POINT('',(0.00129337505102033,0.000627255146622891,-0.00225873963361557));
#2520=CARTESIAN_POINT('',(0.00129065081265271,0.000630520902060321,-0.00225854319611553));
#2521=CARTESIAN_POINT('',(0.00125144381039125,0.000718340883291373,-0.0022534083847063));
#2522=CARTESIAN_POINT('',(0.00109823170058112,0.000934300587132714,-0.0022393460148884));
#2523=CARTESIAN_POINT('',(0.000997404649618022,0.00103743714250999,-0.00223150400343364));
#2524=CARTESIAN_POINT('',(0.00079963930036312,0.00120745288186125,-0.00221654704232071));
#2525=CARTESIAN_POINT('',(0.000555976917497355,0.00133477302995358,-0.00220124995832854));
#2526=CARTESIAN_POINT('',(0.000323812868715489,0.00140458855066738,-0.00218803381113843));
#2527=CARTESIAN_POINT('',(0.000147689174529188,0.00143280939122308,-0.00217847166674957));
#2528=CARTESIAN_POINT('',(-2.40338533866988E-5,0.00143746328513595,-0.00216945775175847));
#2529=CARTESIAN_POINT('',(-5.0192830588766E-5,0.00143933736082583,-0.00216791358826507));
#2530=CARTESIAN_POINT('',(-0.000300865410136392,0.0014111476732325,-0.00215335524213126));
#2531=CARTESIAN_POINT('',(-0.000429538095086138,0.00137217901658216,-0.00214563402637991));
#2532=CARTESIAN_POINT('',(-0.00058769802761512,0.00131738497600075,-0.00213622961953167));
#2533=CARTESIAN_POINT('',(-0.000765126386897455,0.00122172488075486,-0.00212526939417282));
#2534=CARTESIAN_POINT('',(-0.000909050493932352,0.00111717895202254,-0.00211570108834082));
#2535=CARTESIAN_POINT('',(-0.00103248531258573,0.0010005461231119,-0.002106742932972));
#2536=CARTESIAN_POINT('',(-0.00105798417517033,0.000977009955978712,-0.00210477519786912));
#2537=CARTESIAN_POINT('',(-0.00120957505616342,0.000785818845838407,-0.00209081439033197));
#2538=CARTESIAN_POINT('',(-0.0012719941004268,0.000670817596614882,-0.00208335930703322));
#2539=CARTESIAN_POINT('',(-0.00134848085942847,0.000512387447261576,-0.00207355441345981));
#2540=CARTESIAN_POINT('',(-0.00141902223311753,0.000280517131058153,-0.00206028515387887));
#2541=CARTESIAN_POINT('',(-0.0014461019245815,6.8164380049673E-8,-0.00204620702847015));
#2542=CARTESIAN_POINT('',(-0.00141856993559414,-0.000282303988822878,-0.00202911061536234));
#2543=CARTESIAN_POINT('',(-0.00133576482576941,-0.000553846711020452,-0.00201337054243715));
#2544=CARTESIAN_POINT('',(-0.00122589173643362,-0.000760766839268287,-0.00200055535090178));
#2545=CARTESIAN_POINT('',(-0.00112515326401083,-0.000895573711826038,-0.00199156949340226));
#2546=CARTESIAN_POINT('',(-0.00106790317047875,-0.00096279389697537,-0.00198688952598855));
#2547=CARTESIAN_POINT('',(-0.0010064465206846,-0.00102616425815141,-0.00198227906096301));
#2548=CARTESIAN_POINT('',(-0.00100352776215627,-0.00102868134157593,-0.00198201620690549));
#2549=CARTESIAN_POINT('',(-0.000957062076332707,-0.00107255928673988,-0.00197840449795177));
#2550=CARTESIAN_POINT('',(-0.000897417770826166,-0.00112431221997044,-0.00197388022992884));
#2551=CARTESIAN_POINT('',(-0.000756968034534621,-0.00122578567714118,-0.00196389950388099));
#2552=CARTESIAN_POINT('',(-0.000671827033715589,-0.00127115910935111,-0.00195841683990881));
#2553=CARTESIAN_POINT('',(-0.000512713041494014,-0.00134881538526484,-0.00194855676486672));
#2554=CARTESIAN_POINT('',(-0.000323558201476929,-0.00140467640135094,-0.00193794400491146));
#2555=CARTESIAN_POINT('',(-0.000146503705949135,-0.00143280276849837,-0.00192834367989939));
#2556=CARTESIAN_POINT('',(2.08206400408982E-5,-0.00143762419841737,-0.00191954066686418));
#2557=CARTESIAN_POINT('',(6.42011007195774E-5,-0.00143870038214255,-0.00191709708055545));
#2558=CARTESIAN_POINT('',(0.000371622667475141,-0.00140117116360341,-0.00189923855624137));
#2559=CARTESIAN_POINT('',(0.0005387410320179,-0.00133694769566991,-0.00188915189050979));
#2560=CARTESIAN_POINT('',(0.000763056185610791,-0.00122551265827543,-0.00187540785439553));
#2561=CARTESIAN_POINT('',(0.000895684616885213,-0.00112496997610058,-0.00186654758791586));
#2562=CARTESIAN_POINT('',(0.000963255595198521,-0.00106748122001534,-0.00186185341718121));
#2563=CARTESIAN_POINT('',(0.00102617776643976,-0.00100651086101209,-0.00185729669189582));
#2564=CARTESIAN_POINT('',(0.00103027551166538,-0.00100158209497203,-0.0018568917504248));
#2565=CARTESIAN_POINT('',(0.0010847425316368,-0.00094563782965292,-0.00185250079091948));
#2566=CARTESIAN_POINT('',(0.00120700117433043,-0.00078971725846633,-0.00184109607448508));
#2567=CARTESIAN_POINT('',(0.00128087379831049,-0.000654078908798819,-0.00183228064601715));
#2568=CARTESIAN_POINT('',(0.0013432880899107,-0.000522203927339208,-0.00182412494744186));
#2569=CARTESIAN_POINT('',(0.00142089377058318,-0.000276984947277679,-0.00181024631562669));
#2570=CARTESIAN_POINT('',(0.001437,-9.40330712297341E-5,-0.00180060924032978));
#2571=CARTESIAN_POINT('',(0.001437,1.70542355079351E-17,-0.00179570754027644));
#2572=CARTESIAN_POINT('',(0.001437,-3.09816818783433E-17,-0.00229561699043615));
#2573=CARTESIAN_POINT('',(0.001437,-3.01479922773523E-18,-0.00279572551163082));
#2574=CARTESIAN_POINT('',(0.001437,2.35982595580781E-5,-0.00279441486508987));
#2575=CARTESIAN_POINT('',(0.00143684027648881,8.78819482767228E-5,-0.00279078101389792));
#2576=CARTESIAN_POINT('',(0.00141603580559211,0.000265853431690876,-0.00278044244071085));
#2577=CARTESIAN_POINT('',(0.00137521949479718,0.000427585831078425,-0.00277076643733154));
#2578=CARTESIAN_POINT('',(0.00133038710582026,0.000543908535250228,-0.00276378545401368));
#2579=CARTESIAN_POINT('',(0.00130617662622603,0.000601821527687054,-0.00276032110866789));
#2580=CARTESIAN_POINT('',(0.00122232777073972,0.000765589013500065,-0.00275033013602758));
#2581=CARTESIAN_POINT('',(0.00107593221787422,0.000965653357921888,-0.00273688699123868));
#2582=CARTESIAN_POINT('',(0.00096101698464683,0.00106996411389839,-0.00272847194802204));
#2583=CARTESIAN_POINT('',(0.000907615205905925,0.00111407497394723,-0.00272465446477706));
#2584=CARTESIAN_POINT('',(0.000903681821866137,0.00111773535962474,-0.00272438534231391));
#2585=CARTESIAN_POINT('',(0.000796358799834659,0.00119981824933737,-0.00271665315856826));
#2586=CARTESIAN_POINT('',(0.000679169200134608,0.00126859025431554,-0.00270902343903414));
#2587=CARTESIAN_POINT('',(0.0005082010482688,0.00135041897085241,-0.00269846978318925));
#2588=CARTESIAN_POINT('',(0.000324051139973073,0.0014044401428733,-0.00268803181754917));
#2589=CARTESIAN_POINT('',(0.000146660885563387,0.00143283683726799,-0.00267837928864149));
#2590=CARTESIAN_POINT('',(-2.1723827290494E-5,0.00143764335862919,-0.00266951487655601));
#2591=CARTESIAN_POINT('',(-6.02545818355043E-5,0.00143858971434803,-0.00266732246438807));
#2592=CARTESIAN_POINT('',(-0.000296171284124567,0.0014118631808789,-0.00265365637977919));
#2593=CARTESIAN_POINT('',(-0.000435322804722985,0.00137064733140254,-0.00264531572016034));
#2594=CARTESIAN_POINT('',(-0.000585189583543133,0.00131759226037768,-0.00263633573014916));
#2595=CARTESIAN_POINT('',(-0.000762570239013839,0.0012251482924316,-0.00262541589227894));
#2596=CARTESIAN_POINT('',(-0.000895447995829263,0.0011252241646298,-0.00261656132920828));
#2597=CARTESIAN_POINT('',(-0.000963057678654353,0.001067641405979,-0.00261187169139326));
#2598=CARTESIAN_POINT('',(-0.0010257477089387,0.00100695278615712,-0.00260734438839855));
#2599=CARTESIAN_POINT('',(-0.00103072170551063,0.00100112656275593,-0.00260687255915163));
#2600=CARTESIAN_POINT('',(-0.00108532954092405,0.000944982389109603,-0.00260246809797153));
#2601=CARTESIAN_POINT('',(-0.00120709555783759,0.000789316959786987,-0.00259107121707321));
#2602=CARTESIAN_POINT('',(-0.00127939331946536,0.000657011279559874,-0.00258245491078055));
#2603=CARTESIAN_POINT('',(-0.00134386911869921,0.000520947049916031,-0.0025740617430394));
#2604=CARTESIAN_POINT('',(-0.00142072910143855,0.000279277911126543,-0.00256036434057611));
#2605=CARTESIAN_POINT('',(-0.0014445871068418,-2.66532778305298E-6,-0.00254561789925368));
#2606=CARTESIAN_POINT('',(-0.0014283385188139,-0.000200929056004973,-0.00253485558633137));
#2607=CARTESIAN_POINT('',(-0.0013921514924295,-0.000357987050048596,-0.00252499473169095));
#2608=CARTESIAN_POINT('',(-0.00138260915554138,-0.000390838275407174,-0.00252275817342125));
#2609=CARTESIAN_POINT('',(-0.00136225810380282,-0.000468173268831212,-0.00251830730917474));
#2610=CARTESIAN_POINT('',(-0.00129957611613484,-0.00061609804463245,-0.00250947657390039));
#2611=CARTESIAN_POINT('',(-0.00125724344585811,-0.000697850610286681,-0.00250445633776705));
#2612=CARTESIAN_POINT('',(-0.00117251703384593,-0.0008406387681583,-0.00249539248707402));
#2613=CARTESIAN_POINT('',(-0.00102286825798084,-0.00102241046487852,-0.00248260691301437));
#2614=CARTESIAN_POINT('',(-0.000839368210817566,-0.00117276426322468,-0.00246988714113677));
#2615=CARTESIAN_POINT('',(-0.000699568952355181,-0.00125699437813679,-0.00246051360043641));
#2616=CARTESIAN_POINT('',(-0.000613099351320027,-0.00129999746954893,-0.00245471576787734));
#2617=CARTESIAN_POINT('',(-0.000576873471294239,-0.00131633315649759,-0.00245246665642038));
#2618=CARTESIAN_POINT('',(-0.000490714272542788,-0.00135330371504491,-0.00244734059305587));
#2619=CARTESIAN_POINT('',(-0.000362548984131895,-0.00139165507064566,-0.00244024881476798));
#2620=CARTESIAN_POINT('',(-0.000251639238803242,-0.00141635890917001,-0.00243427579229109));
#2621=CARTESIAN_POINT('',(-0.000147800027395913,-0.00143130787092813,-0.00242864060195912));
#2622=CARTESIAN_POINT('',(4.26137304058614E-5,-0.00144227839015276,-0.00241821555847781));
#2623=CARTESIAN_POINT('',(0.000284280655102439,-0.00141783755404541,-0.00240445815582536));
#2624=CARTESIAN_POINT('',(0.000544175037304191,-0.00133910241598309,-0.00238878690566704));
#2625=CARTESIAN_POINT('',(0.000808128254556812,-0.00120396122509857,-0.00237307011892155));
#2626=CARTESIAN_POINT('',(0.00101921927197956,-0.00101872546340753,-0.00235794392701316));
#2627=CARTESIAN_POINT('',(0.00111123385481779,-0.000913553028870122,-0.00235007686969378));
#2628=CARTESIAN_POINT('',(0.00122556524199448,-0.000761562757144576,-0.0023391691584278));
#2629=CARTESIAN_POINT('',(0.00138022191486487,-0.000470332870891031,-0.00232080508269358));
#2630=CARTESIAN_POINT('',(0.00143699999999999,-0.000188103840072517,-0.00230551860489034));
#2631=CARTESIAN_POINT('',(0.001437,-4.73995401420734E-17,-0.00229561699043615));
#2632=CARTESIAN_POINT('',(0.001437,1.77895034955494E-21,-0.00279572551163082));
#2633=CARTESIAN_POINT('',(0.001437,-5.34291385975439E-17,-0.0032956289571774));
#2634=CARTESIAN_POINT('',(0.001437,9.40707124165101E-5,-0.00329038103397051));
#2635=CARTESIAN_POINT('',(0.00142172610835802,0.000237883747947183,-0.00328223728773495));
#2636=CARTESIAN_POINT('',(0.00137958797027622,0.000413374766687856,-0.00327193946178225));
#2637=CARTESIAN_POINT('',(0.00132104497577235,0.00056807711864531,-0.00326228789307471));
#2638=CARTESIAN_POINT('',(0.00130165578503246,0.000614454625886191,-0.00325954192681898));
#2639=CARTESIAN_POINT('',(0.00119450821050881,0.000809058977778177,-0.00324765822116226));
#2640=CARTESIAN_POINT('',(0.00108963096533687,0.000938854387309042,-0.00323878969158477));
#2641=CARTESIAN_POINT('',(0.00102354298317483,0.00101114402549302,-0.00323346342514802));
#2642=CARTESIAN_POINT('',(0.000911637726996521,0.00111447797073209,-0.00322501884431205));
#2643=CARTESIAN_POINT('',(0.000798365727977847,0.00119688989047683,-0.00321712117174748));
#2644=CARTESIAN_POINT('',(0.000683724936301261,0.00126776257686312,-0.00320946410292517));
#2645=CARTESIAN_POINT('',(0.000529816873316595,0.00133667983502199,-0.0031996076332911));
#2646=CARTESIAN_POINT('',(0.000495225318766239,0.00135173699069736,-0.00319761808559046));
#2647=CARTESIAN_POINT('',(0.000270156132067765,0.00141759896269068,-0.00318521748252569));
#2648=CARTESIAN_POINT('',(0.000106158605443186,0.00143420984115304,-0.00317654156444864));
#2649=CARTESIAN_POINT('',(9.22235032923082E-6,0.00143877119130908,-0.00317126592104953));
#2650=CARTESIAN_POINT('',(-0.000143157635455719,0.00143270539291366,-0.0031627423076655));
#2651=CARTESIAN_POINT('',(-0.000281478874712362,0.00141091129247253,-0.00315478478677031));
#2652=CARTESIAN_POINT('',(-0.000412460932988442,0.00138008646354079,-0.00314707223777877));
#2653=CARTESIAN_POINT('',(-0.000570676883966386,0.00131973567537517,-0.00313707508055793));
#2654=CARTESIAN_POINT('',(-0.000603219443056891,0.00130711928841834,-0.0031352327562248));
#2655=CARTESIAN_POINT('',(-0.00081142198313257,0.00119368850763654,-0.00312255190617253));
#2656=CARTESIAN_POINT('',(-0.000942500889213518,0.00108620109750188,-0.00311353764957672));
#2657=CARTESIAN_POINT('',(-0.00100979915882049,0.00102482107987134,-0.00310855074457614));
#2658=CARTESIAN_POINT('',(-0.00111455890832455,0.000911607456284476,-0.00309991271056931));
#2659=CARTESIAN_POINT('',(-0.0011966013739388,0.000798804741332816,-0.00309204453792865));
#2660=CARTESIAN_POINT('',(-0.0012678398722015,0.000683489773414803,-0.00308436963127884));
#2661=CARTESIAN_POINT('',(-0.00133594240339218,0.000531659755042771,-0.00307477338174877));
#2662=CARTESIAN_POINT('',(-0.00135398145044196,0.000489605292205604,-0.00307231340602471));
#2663=CARTESIAN_POINT('',(-0.00141711940181155,0.000267912092287155,-0.00306006839926405));
#2664=CARTESIAN_POINT('',(-0.00143374228775134,0.000121465211597319,-0.00305229285229387));
#2665=CARTESIAN_POINT('',(-0.00143789537771293,-1.14387327830492E-5,-0.00304505219374533));
#2666=CARTESIAN_POINT('',(-0.00143667609977775,-7.70340330855166E-5,-0.00304132988347004));
#2667=CARTESIAN_POINT('',(-0.00141774855539455,-0.000262221638110806,-0.0030306526848305));
#2668=CARTESIAN_POINT('',(-0.00137093365038103,-0.000440016415262102,-0.00302005122430784));
#2669=CARTESIAN_POINT('',(-0.00132358082977986,-0.000563676044493404,-0.00301259378340594));
#2670=CARTESIAN_POINT('',(-0.00127099298474523,-0.000674970885777605,-0.00300587554549925));
#2671=CARTESIAN_POINT('',(-0.00119639402086937,-0.000800782575707897,-0.00299802737067692));
#2672=CARTESIAN_POINT('',(-0.00111204766559705,-0.000912495655584606,-0.00299075815842799));
#2673=CARTESIAN_POINT('',(-0.00101150077144143,-0.00102786089767974,-0.00298250550536226));
#2674=CARTESIAN_POINT('',(-0.000778217324364753,-0.00122551748028328,-0.00296496723278672));
#2675=CARTESIAN_POINT('',(-0.000510099941291025,-0.00135017622220849,-0.00294848571462835));
#2676=CARTESIAN_POINT('',(-0.000293509339497064,-0.00141452094787517,-0.00293647676718143));
#2677=CARTESIAN_POINT('',(9.45201318998879E-5,-0.00145804394709975,-0.00291555753903082));
#2678=CARTESIAN_POINT('',(0.000466490973712407,-0.00137954747595133,-0.00289342002169793));
#2679=CARTESIAN_POINT('',(0.000806682360142269,-0.00120539860568808,-0.00287314710287896));
#2680=CARTESIAN_POINT('',(0.00102789739278992,-0.00100979844270666,-0.00285727855414987));
#2681=CARTESIAN_POINT('',(0.00111081412573215,-0.000913748751540174,-0.00285013891564751));
#2682=CARTESIAN_POINT('',(0.00122579111138872,-0.00076147131542033,-0.00283915856782162));
#2683=CARTESIAN_POINT('',(0.00138004481079032,-0.000470419300820324,-0.00282080624733405));
#2684=CARTESIAN_POINT('',(0.001437,-0.000188107247669292,-0.00280556190148823));
#2685=CARTESIAN_POINT('',(0.001437,3.01479922773523E-18,-0.00279572551163082));
#2686=CARTESIAN_POINT('',(0.001437,-3.02777548981934E-17,-0.0032956289571774));
#2687=CARTESIAN_POINT('',(0.001437,1.86825113871191E-17,-0.00379569298904749));
#2688=CARTESIAN_POINT('',(0.001437,2.00470358914832E-5,-0.00379458617889827));
#2689=CARTESIAN_POINT('',(0.0014371856993755,8.03548469427369E-5,-0.00379118367050787));
#2690=CARTESIAN_POINT('',(0.0014173194327854,0.000261227293985083,-0.00378071496986167));
#2691=CARTESIAN_POINT('',(0.00137296102984154,0.000436223992143367,-0.00377027615250911));
#2692=CARTESIAN_POINT('',(0.00132628095089195,0.000553133610751635,-0.00376321997683215));
#2693=CARTESIAN_POINT('',(0.00130697624308235,0.000600194883575111,-0.00376040056722121));
#2694=CARTESIAN_POINT('',(0.00121870194648563,0.000772314935940112,-0.00374989304909211));
#2695=CARTESIAN_POINT('',(0.00111042528219289,0.0009179209617407,-0.0037400633930242));
#2696=CARTESIAN_POINT('',(0.000996180470630614,0.00103856257306116,-0.00373102039670796));
#2697=CARTESIAN_POINT('',(0.000934904596263949,0.00109173870513748,-0.00372662022783533));
#2698=CARTESIAN_POINT('',(0.00090118584767594,0.00111930593557127,-0.00372422858195628));
#2699=CARTESIAN_POINT('',(0.000907033438243769,0.00111475872386999,-0.00372469076208516));
#2700=CARTESIAN_POINT('',(0.000850981769949409,0.00115896138582425,-0.00372058022547174));
#2701=CARTESIAN_POINT('',(0.00075876565950293,0.00122245870273923,-0.00371419029707378));
#2702=CARTESIAN_POINT('',(0.000650148211850127,0.00128433929756191,-0.00370713862703235));
#2703=CARTESIAN_POINT('',(0.000476630751302642,0.00136060294376779,-0.00369658706431464));
#2704=CARTESIAN_POINT('',(0.000292518925075841,0.00141428949181855,-0.00368642488507972));
#2705=CARTESIAN_POINT('',(-8.80412959383353E-5,0.00145870367279716,-0.00366587688104121));
#2706=CARTESIAN_POINT('',(-0.000476535808951712,0.00137574328559349,-0.00364289698457932));
#2707=CARTESIAN_POINT('',(-0.00075898587791089,0.00122924840629763,-0.00362593396953011));
#2708=CARTESIAN_POINT('',(-0.00094829250840636,0.00108423372484895,-0.0036131701208822));
#2709=CARTESIAN_POINT('',(-0.00104772486151591,0.000985278130727812,-0.00360549033432501));
#2710=CARTESIAN_POINT('',(-0.00111112758551912,0.000913710044954158,-0.00360012648801113));
#2711=CARTESIAN_POINT('',(-0.00122544822265891,0.000762083692532992,-0.00358923620020687));
#2712=CARTESIAN_POINT('',(-0.00137957119026228,0.000466824642443549,-0.0035704290585553));
#2713=CARTESIAN_POINT('',(-0.0014595863420549,0.000116752284625182,-0.003552965264087));
#2714=CARTESIAN_POINT('',(-0.00141780047523825,-0.000265798988344303,-0.00353016407819075));
#2715=CARTESIAN_POINT('',(-0.00137117909334424,-0.000438182274151432,-0.00352010160144953));
#2716=CARTESIAN_POINT('',(-0.00132729902726585,-0.00055110703341566,-0.00351335299321915));
#2717=CARTESIAN_POINT('',(-0.00130655257360957,-0.000600967047769813,-0.00351038554043362));
#2718=CARTESIAN_POINT('',(-0.00122068636469453,-0.000768737580822485,-0.00350013018290999));
#2719=CARTESIAN_POINT('',(-0.00107121734614361,-0.000971046475737461,-0.00348648162973052));
#2720=CARTESIAN_POINT('',(-0.000955859247552814,-0.00107444113891422,-0.00347807762362805));
#2721=CARTESIAN_POINT('',(-0.000904794980772777,-0.00111635853798827,-0.00347444479210838));
#2722=CARTESIAN_POINT('',(-0.000903907761607132,-0.00111753976789107,-0.00347439802876801));
#2723=CARTESIAN_POINT('',(-0.000796146773504369,-0.00119997988172476,-0.00346666027276917));
#2724=CARTESIAN_POINT('',(-0.00067907779453747,-0.00126862893944945,-0.00345905769680849));
#2725=CARTESIAN_POINT('',(-0.000508066887107039,-0.0013504838019568,-0.00344851902718582));
#2726=CARTESIAN_POINT('',(-0.000323809080290138,-0.00140447210883087,-0.00343808009585409));
#2727=CARTESIAN_POINT('',(-0.000146666184859432,-0.0014328545156488,-0.00342843371894306));
#2728=CARTESIAN_POINT('',(2.25236923832749E-5,-0.00143763858493859,-0.00341951187774391));
#2729=CARTESIAN_POINT('',(5.80660792068329E-5,-0.00143859101504338,-0.00341746888875606));
#2730=CARTESIAN_POINT('',(0.000295012538853115,-0.00141244988583655,-0.00340373831320309));
#2731=CARTESIAN_POINT('',(0.000442634392325294,-0.00136820221470915,-0.00339487278569247));
#2732=CARTESIAN_POINT('',(0.000580564571187083,-0.00131952047233487,-0.00338660438377396));
#2733=CARTESIAN_POINT('',(0.000766652913317081,-0.00122103602402715,-0.00337511921779311));
#2734=CARTESIAN_POINT('',(0.000908448563590967,-0.00111765939040797,-0.00336574810696934));
#2735=CARTESIAN_POINT('',(0.00103391272215909,-0.000999009330367309,-0.00335676702759072));
#2736=CARTESIAN_POINT('',(0.00105241560535874,-0.000983137561139111,-0.00335532398532203));
#2737=CARTESIAN_POINT('',(0.00121046452478841,-0.000785455027029394,-0.00334077668101416));
#2738=CARTESIAN_POINT('',(0.0012752567809461,-0.000664271560805418,-0.00333291923859293));
#2739=CARTESIAN_POINT('',(0.001382661555612,-0.000441239197132197,-0.00331915161885668));
#2740=CARTESIAN_POINT('',(0.00143699999999999,-0.000188158755983755,-0.00330553590524715));
#2741=CARTESIAN_POINT('',(0.001437,-4.73995401420734E-17,-0.0032956289571774));
#2742=CARTESIAN_POINT('',(0.001437,7.05705930499454E-19,-0.00379569298904749));
#2743=CARTESIAN_POINT('',(0.001437,-3.17318279826895E-17,-0.00429570266881805));
#2744=CARTESIAN_POINT('',(0.001437,2.08828900819095E-5,-0.00429453815504858));
#2745=CARTESIAN_POINT('',(0.00143727423973101,8.1380931691755E-5,-0.00429111051419156));
#2746=CARTESIAN_POINT('',(0.00141639180913761,0.000265589875610998,-0.00428042316978002));
#2747=CARTESIAN_POINT('',(0.00137534470702414,0.000424456951784098,-0.00427094007175757));
#2748=CARTESIAN_POINT('',(0.00131384495844061,0.000594171123868445,-0.00426082703954165));
#2749=CARTESIAN_POINT('',(0.00120243441926966,0.000804125823773524,-0.00424801136613549));
#2750=CARTESIAN_POINT('',(0.00102235713588739,0.00102250417023166,-0.00423253940241978));
#2751=CARTESIAN_POINT('',(0.000840037437642529,0.001173559126576,-0.00421998593076373));
#2752=CARTESIAN_POINT('',(0.000678188818471608,0.00126778248226536,-0.00420873969880131));
#2753=CARTESIAN_POINT('',(0.00061925954038419,0.00129946049838776,-0.00420502064253059));
#2754=CARTESIAN_POINT('',(0.000482910360848788,0.00135465234104664,-0.00419698601434952));
#2755=CARTESIAN_POINT('',(0.000395263105211968,0.00138254640050768,-0.00419201692419547));
#2756=CARTESIAN_POINT('',(0.000281004127076975,0.00141193180035698,-0.00418566945216139));
#2757=CARTESIAN_POINT('',(0.000161982192381864,0.00142889194173457,-0.00417927602085975));
#2758=CARTESIAN_POINT('',(7.38634841627446E-5,0.00143593997822133,-0.00417459216066767));
#2759=CARTESIAN_POINT('',(-1.42179552557285E-5,0.00143729236964961,-0.00416997295788687));
#2760=CARTESIAN_POINT('',(-1.88939912809827E-5,0.00143689033331867,-0.00416966939079533));
#2761=CARTESIAN_POINT('',(-9.38002289898502E-5,0.00143512972338353,-0.00416543126683688));
#2762=CARTESIAN_POINT('',(-0.000214164252802157,0.00142454364630722,-0.00415847171061658));
#2763=CARTESIAN_POINT('',(-0.000361345497518238,0.0013918206734991,-0.00414973370113286));
#2764=CARTESIAN_POINT('',(-0.000450640542132508,0.00136602321308184,-0.00414439962442524));
#2765=CARTESIAN_POINT('',(-0.000552461545155058,0.00132683200834467,-0.00413826227876756));
#2766=CARTESIAN_POINT('',(-0.000600852994255757,0.00130658136771809,-0.00413536385523617));
#2767=CARTESIAN_POINT('',(-0.000769313161768661,0.00122038978390151,-0.00412509018827721));
#2768=CARTESIAN_POINT('',(-0.000971674646738568,0.00107061716500494,-0.00411145183882027));
#2769=CARTESIAN_POINT('',(-0.00107492767142347,0.000955292406891748,-0.0041030714101382));
#2770=CARTESIAN_POINT('',(-0.00111649482267237,0.000904623976765511,-0.00409946939107282));
#2771=CARTESIAN_POINT('',(-0.00111727154896265,0.000904242869505975,-0.00409946642576708));
#2772=CARTESIAN_POINT('',(-0.0011999310855593,0.000796214914885878,-0.00409164998359033));
#2773=CARTESIAN_POINT('',(-0.00126852177240933,0.000679336475446589,-0.00408401537429369));
#2774=CARTESIAN_POINT('',(-0.00135040894921995,0.000507908332299166,-0.00407343579539107));
#2775=CARTESIAN_POINT('',(-0.00141796215988211,0.000280815835053878,-0.00406037151578157));
#2776=CARTESIAN_POINT('',(-0.00144757603002467,5.51734978981415E-6,-0.0040463522969258));
#2777=CARTESIAN_POINT('',(-0.00141373371933566,-0.000302776665183893,-0.00402788069854422));
#2778=CARTESIAN_POINT('',(-0.0013586664859848,-0.000482961757461586,-0.00401748930269084));
#2779=CARTESIAN_POINT('',(-0.00129445352111902,-0.000624888729683995,-0.00400890347866651));
#2780=CARTESIAN_POINT('',(-0.00128541404618957,-0.000641620194007303,-0.00400788081479359));
#2781=CARTESIAN_POINT('',(-0.00124318368051995,-0.000731058476622771,-0.00400259078077335));
#2782=CARTESIAN_POINT('',(-0.00110069366396463,-0.000931089715381684,-0.00398953574731969));
#2783=CARTESIAN_POINT('',(-0.00101809647513212,-0.00101534654536646,-0.00398311290952817));
#2784=CARTESIAN_POINT('',(-0.000918501033855807,-0.00110928858679318,-0.00397541540608349));
#2785=CARTESIAN_POINT('',(-0.000730372297885597,-0.0012470199472933,-0.00396203803859591));
#2786=CARTESIAN_POINT('',(-0.000504971136381832,-0.00135245861427001,-0.00394816055356111));
#2787=CARTESIAN_POINT('',(-0.000294823556544731,-0.00141344392800873,-0.00393657155072545));
#2788=CARTESIAN_POINT('',(-8.04186076431428E-6,-0.00144805335876244,-0.00392109941634637));
#2789=CARTESIAN_POINT('',(0.000285754695193778,-0.00141624402626385,-0.00390429932609079));
#2790=CARTESIAN_POINT('',(0.000622009232228751,-0.00132140583517298,-0.00388428853424168));
#2791=CARTESIAN_POINT('',(0.00100171892944247,-0.00105769394088705,-0.00386037319728041));
#2792=CARTESIAN_POINT('',(0.00119530275587862,-0.000810517141117576,-0.00384246554483036));
#2793=CARTESIAN_POINT('',(0.00138513504866102,-0.000465895158691695,-0.00382054461771924));
#2794=CARTESIAN_POINT('',(0.001437,-0.000188098067728438,-0.00380562951716079));
#2795=CARTESIAN_POINT('',(0.001437,2.4073953648035E-17,-0.00379569298904749));
#2796=CARTESIAN_POINT('',(0.001437,-2.95738279180435E-17,-0.00429570266881805));
#2797=CARTESIAN_POINT('',(0.001437,4.64307510691925E-18,-0.00479562075393276));
#2798=CARTESIAN_POINT('',(0.001437,9.40522419760609E-5,-0.0047904213235291));
#2799=CARTESIAN_POINT('',(0.00142381471626491,0.000233665649626029,-0.00478262303772577));
#2800=CARTESIAN_POINT('',(0.00137613939115646,0.000420248048220057,-0.00477165144707922));
#2801=CARTESIAN_POINT('',(0.00134125636655984,0.000521334693412607,-0.00476551441423494));
#2802=CARTESIAN_POINT('',(0.00129334973402105,0.000627309720795838,-0.00475873453135974));
#2803=CARTESIAN_POINT('',(0.00129088739803208,0.000630019968725018,-0.00475857428731902));
#2804=CARTESIAN_POINT('',(0.00125181617086129,0.000717756128415097,-0.00475344873707281));
#2805=CARTESIAN_POINT('',(0.0010981301974898,0.000934447821342222,-0.00473934048927957));
#2806=CARTESIAN_POINT('',(0.000997718972736915,0.00103709515233332,-0.00473153190601796));
#2807=CARTESIAN_POINT('',(0.000799543254568369,0.00120756140977314,-0.00471653989494173));
#2808=CARTESIAN_POINT('',(0.000556014023312498,0.00133473804400461,-0.0047012520983382));
#2809=CARTESIAN_POINT('',(0.000323820096779561,0.0014045903781117,-0.00468803130374842));
#2810=CARTESIAN_POINT('',(0.000147696587546051,0.00143280755537968,-0.00467846763420679));
#2811=CARTESIAN_POINT('',(-2.40149040421137E-5,0.00143746420421395,-0.00466945203261142));
#2812=CARTESIAN_POINT('',(-5.02205293488924E-5,0.00143933551141632,-0.00466790632604043));
#2813=CARTESIAN_POINT('',(-0.000300844391212825,0.00141114982524827,-0.00465335611609417));
#2814=CARTESIAN_POINT('',(-0.000429506332143387,0.00137218980173997,-0.00464563794125447));
#2815=CARTESIAN_POINT('',(-0.000587721970956377,0.00131737839981776,-0.00463622899247417));
#2816=CARTESIAN_POINT('',(-0.000765148552366576,0.00122170180342299,-0.00462526620786447));
#2817=CARTESIAN_POINT('',(-0.000909023467867321,0.00111720912244352,-0.00461570289834015));
#2818=CARTESIAN_POINT('',(-0.00103261993393892,0.0010004053460115,-0.00460673598194379));
#2819=CARTESIAN_POINT('',(-0.00105750909132778,0.000977506514642017,-0.00460481383513293));
#2820=CARTESIAN_POINT('',(-0.00120952156123267,0.000786040990006154,-0.00459082894387655));
#2821=CARTESIAN_POINT('',(-0.00127262089562948,0.000669525623688987,-0.00458327842991269));
#2822=CARTESIAN_POINT('',(-0.00134816602121405,0.000513403703465477,-0.00457361529670376));
#2823=CARTESIAN_POINT('',(-0.00141871936082122,0.000277836583262019,-0.00456011647792484));
#2824=CARTESIAN_POINT('',(-0.00144763039654695,9.03598935128173E-6,-0.00454676479371628));
#2825=CARTESIAN_POINT('',(-0.00141857085016134,-0.000261303106032431,-0.00453035319351819));
#2826=CARTESIAN_POINT('',(-0.00137245530499939,-0.000434262073736225,-0.00452030004250304));
#2827=CARTESIAN_POINT('',(-0.00132851967348893,-0.000548338903917325,-0.00451349199004267));
#2828=CARTESIAN_POINT('',(-0.00130639447926823,-0.000601303730298286,-0.00451034527174548));
#2829=CARTESIAN_POINT('',(-0.00122152647302454,-0.000767139525922089,-0.00450022868179934));
#2830=CARTESIAN_POINT('',(-0.00107396307505188,-0.000967847082901873,-0.0044867332381165));
#2831=CARTESIAN_POINT('',(-0.000958842956307731,-0.00107186068950749,-0.00447832619649729));
#2832=CARTESIAN_POINT('',(-0.000906447300670536,-0.00111502083459152,-0.00447458828627344));
#2833=CARTESIAN_POINT('',(-0.000903823537267902,-0.00111761624065983,-0.00447441822623728));
#2834=CARTESIAN_POINT('',(-0.000796236266991906,-0.00119991027946703,-0.00446664280692552));
#2835=CARTESIAN_POINT('',(-0.000679124847148024,-0.00126861057197754,-0.00445900358626401));
#2836=CARTESIAN_POINT('',(-0.000508099050091781,-0.00135045726503147,-0.00444843033003831));
#2837=CARTESIAN_POINT('',(-0.000324074060513603,-0.00140445046608931,-0.00443799525634512));
#2838=CARTESIAN_POINT('',(-0.000146385770058013,-0.00143286099227065,-0.0044283325881838));
#2839=CARTESIAN_POINT('',(2.11308850839053E-5,-0.00143758797481087,-0.00441952641955632));
#2840=CARTESIAN_POINT('',(6.2943646235605E-5,-0.00143878704066739,-0.00441716820593666));
#2841=CARTESIAN_POINT('',(0.000372321914189501,-0.0014011268620768,-0.00439920176180028));
#2842=CARTESIAN_POINT('',(0.000538512227363907,-0.00133695743550611,-0.0043891621107362));
#2843=CARTESIAN_POINT('',(0.000763088860718574,-0.00122550887952249,-0.00437540332278044));
#2844=CARTESIAN_POINT('',(0.000895678833070756,-0.00112497271177257,-0.00436654769690695));
#2845=CARTESIAN_POINT('',(0.000963252724093919,-0.00106748402356094,-0.00436185513358592));
#2846=CARTESIAN_POINT('',(0.00102616700343706,-0.00100652165256233,-0.00435730151229928));
#2847=CARTESIAN_POINT('',(0.001030285687573,-0.00100157189061241,-0.00435689463099373));
#2848=CARTESIAN_POINT('',(0.00108476024770444,-0.000945617723130078,-0.00435250260625673));
#2849=CARTESIAN_POINT('',(0.00120701213393091,-0.000789699917424963,-0.00434109483415599));
#2850=CARTESIAN_POINT('',(0.00128087741063943,-0.000654069369004668,-0.00433227822335238));
#2851=CARTESIAN_POINT('',(0.00134326686873332,-0.000522254309124232,-0.00432412889609686));
#2852=CARTESIAN_POINT('',(0.00142089622015948,-0.000276990861019046,-0.00431025231507332));
#2853=CARTESIAN_POINT('',(0.001437,-9.40380218450921E-5,-0.00430060919667583));
#2854=CARTESIAN_POINT('',(0.001437,-2.57022295272191E-17,-0.00429570266881805));
#2855=CARTESIAN_POINT('',(0.001437,1.40963291064935E-18,-0.00479562075393276));
#2856=CARTESIAN_POINT('',(0.001437,-1.70542355079351E-17,-0.0052957254573806));
#2857=CARTESIAN_POINT('',(0.001437,2.36432007476305E-5,-0.00529441259083931));
#2858=CARTESIAN_POINT('',(0.00143685234797863,8.79205070426159E-5,-0.00529077957845987));
#2859=CARTESIAN_POINT('',(0.00141595765309936,0.000266158009837731,-0.00528042350894181));
#2860=CARTESIAN_POINT('',(0.00137544403159046,0.000426736919175197,-0.00527081502764996));
#2861=CARTESIAN_POINT('',(0.00133075378344179,0.000543060255311471,-0.00526383764301817));
#2862=CARTESIAN_POINT('',(0.00130616201481936,0.000601870184041479,-0.00526032017968613));
#2863=CARTESIAN_POINT('',(0.00122225639744608,0.000765706895827892,-0.00525032265023768));
#2864=CARTESIAN_POINT('',(0.00107574885733621,0.000965874045011733,-0.00523686944030061));
#2865=CARTESIAN_POINT('',(0.00096082248134793,0.00107013338197152,-0.00522845499056697));
#2866=CARTESIAN_POINT('',(0.000907496803704613,0.00111417121765808,-0.00522464368880204));
#2867=CARTESIAN_POINT('',(0.000903664631631341,0.00111774876346949,-0.00522438167844763));
#2868=CARTESIAN_POINT('',(0.000796320157054575,0.00119984483253682,-0.00521665279458104));
#2869=CARTESIAN_POINT('',(0.000679134941324916,0.00126860792559347,-0.00520902664312137));
#2870=CARTESIAN_POINT('',(0.000508166183732708,0.00135043330705966,-0.005198476205976));
#2871=CARTESIAN_POINT('',(0.000323998923720589,0.00140444855015471,-0.00518803814474978));
#2872=CARTESIAN_POINT('',(0.000146649961812057,0.00143284061549702,-0.00517838661947901));
#2873=CARTESIAN_POINT('',(-2.18594976464255E-5,0.00143764277236328,-0.00516951297905401));
#2874=CARTESIAN_POINT('',(-5.99192482407758E-5,0.0014385882660403,-0.00516734404808136));
#2875=CARTESIAN_POINT('',(-0.000295962273294905,0.0014119613419048,-0.00515367105472414));
#2876=CARTESIAN_POINT('',(-0.000436619586183811,0.0013702312179686,-0.00514523815546894));
#2877=CARTESIAN_POINT('',(-0.00058445659922674,0.00131782572108228,-0.00513637659199907));
#2878=CARTESIAN_POINT('',(-0.000762702177899346,0.00122510055895396,-0.00512540684519463));
#2879=CARTESIAN_POINT('',(-0.000895426441099268,0.0011252377852128,-0.00511656215872579));
#2880=CARTESIAN_POINT('',(-0.000963064987248937,0.00106763431578489,-0.00511187095783923));
#2881=CARTESIAN_POINT('',(-0.00102568920847749,0.00100701222685973,-0.00510734901402164));
#2882=CARTESIAN_POINT('',(-0.00103089055288517,0.00100095373727973,-0.00510686016149635));
#2883=CARTESIAN_POINT('',(-0.00108552576096121,0.000944762322331976,-0.00510245296454618));
#2884=CARTESIAN_POINT('',(-0.00120718104973832,0.000789120632595439,-0.00509105852849082));
#2885=CARTESIAN_POINT('',(-0.00127893993472347,0.000657861352328574,-0.00508250661075144));
#2886=CARTESIAN_POINT('',(-0.00134416423482735,0.000520550906847519,-0.00507404445677991));
#2887=CARTESIAN_POINT('',(-0.00142033787773024,0.000278597907247434,-0.00506028362789547));
#2888=CARTESIAN_POINT('',(-0.00145419319486508,-9.24058336597711E-5,-0.00504117227509187));
#2889=CARTESIAN_POINT('',(-0.00136557153240479,-0.000557593028157731,-0.00501317698571006));
#2890=CARTESIAN_POINT('',(-0.00109578041232466,-0.000963507243587597,-0.00498770991065164));
#2891=CARTESIAN_POINT('',(-0.000839424297843425,-0.00117264513687581,-0.00496989162883166));
#2892=CARTESIAN_POINT('',(-0.000699565648313156,-0.0012570050215902,-0.0049605166128567));
#2893=CARTESIAN_POINT('',(-0.000613075818469962,-0.00130000629687048,-0.00495471250385271));
#2894=CARTESIAN_POINT('',(-0.000577127549627022,-0.00131621720647292,-0.00495248131766694));
#2895=CARTESIAN_POINT('',(-0.000490990537289417,-0.00135321180466862,-0.00494735621017767));
#2896=CARTESIAN_POINT('',(-0.000362604405594021,-0.00139164368065113,-0.00494025369662192));
#2897=CARTESIAN_POINT('',(-0.00025165882587071,-0.00141635426103072,-0.0049342800652524));
#2898=CARTESIAN_POINT('',(-0.000147982532799501,-0.00143127952705493,-0.00492865386029452));
#2899=CARTESIAN_POINT('',(4.23403729631671E-5,-0.00144230816608185,-0.00491823388896551));
#2900=CARTESIAN_POINT('',(0.000284638396378075,-0.00141770112061209,-0.00490443525983692));
#2901=CARTESIAN_POINT('',(0.000542914857486396,-0.00133963045571917,-0.00488886277771127));
#2902=CARTESIAN_POINT('',(0.000808445643809164,-0.0012037729258225,-0.00487304823315726));
#2903=CARTESIAN_POINT('',(0.00101863017870731,-0.00101931158907527,-0.00485798449033207));
#2904=CARTESIAN_POINT('',(0.00111126769213716,-0.000913536876076341,-0.00485007029583538));
#2905=CARTESIAN_POINT('',(0.00122554983268121,-0.000761566256198157,-0.00483917158662296));
#2906=CARTESIAN_POINT('',(0.00138023563562076,-0.000470325232225744,-0.00482081171246177));
#2907=CARTESIAN_POINT('',(0.001437,-0.000188102882748717,-0.0048055255019399));
#2908=CARTESIAN_POINT('',(0.001437,3.01479922773523E-18,-0.00479562075393276));
#2909=CARTESIAN_POINT('',(0.001437,-1.8659401825021E-17,-0.0052957254573806));
#2910=CARTESIAN_POINT('',(0.001437,1.16627932470192E-17,-0.00579562413214913));
#2911=CARTESIAN_POINT('',(0.001437,9.40715971111168E-5,-0.00579037892191059));
#2912=CARTESIAN_POINT('',(0.00142173460936807,0.000237872492111993,-0.0057822385332717));
#2913=CARTESIAN_POINT('',(0.00137957224824666,0.000413401040708599,-0.00577193885545703));
#2914=CARTESIAN_POINT('',(0.00132109848327158,0.000567996753698062,-0.00576229254341593));
#2915=CARTESIAN_POINT('',(0.00130144528655894,0.000614779235285496,-0.00575951923982283));
#2916=CARTESIAN_POINT('',(0.00119498276381741,0.000808472984998745,-0.00574769789741821));
#2917=CARTESIAN_POINT('',(0.00108801608370848,0.000940764725600938,-0.00573865789464202));
#2918=CARTESIAN_POINT('',(0.0010239743835584,0.00101063262829735,-0.00573350708347001));
#2919=CARTESIAN_POINT('',(0.000911530459297933,0.00111460977041076,-0.00572501540705108));
#2920=CARTESIAN_POINT('',(0.000798388868161658,0.00119685319455332,-0.00571712761678737));
#2921=CARTESIAN_POINT('',(0.000683790374071796,0.00126774367669147,-0.00570947009584408));
#2922=CARTESIAN_POINT('',(0.000529610540567968,0.00133675015797791,-0.00569959256015823));
#2923=CARTESIAN_POINT('',(0.00049609343397353,0.00135142979152371,-0.00569766976281656));
#2924=CARTESIAN_POINT('',(0.000270074197027403,0.00141767175413118,-0.0056852129105429));
#2925=CARTESIAN_POINT('',(0.000105535578822622,0.00143424231395245,-0.00567650742384306));
#2926=CARTESIAN_POINT('',(9.43091413273838E-6,0.00143876197659208,-0.00567127739751629));
#2927=CARTESIAN_POINT('',(-0.000143183849636272,0.00143270977934967,-0.00566274006112627));
#2928=CARTESIAN_POINT('',(-0.000281443781619405,0.00141091662739625,-0.00565478627795777));
#2929=CARTESIAN_POINT('',(-0.000412482966517119,0.00138007905556763,-0.00564707087819789));
#2930=CARTESIAN_POINT('',(-0.000570577539824801,0.00131977401298309,-0.00563708367781348));
#2931=CARTESIAN_POINT('',(-0.000603592160275267,0.00130697443318116,-0.00563521058275001));
#2932=CARTESIAN_POINT('',(-0.000811686439227614,0.00119341763160775,-0.00562253053085032));
#2933=CARTESIAN_POINT('',(-0.000941081318543439,0.00108742212346431,-0.00561363547206927));
#2934=CARTESIAN_POINT('',(-0.00101019533118641,0.00102447903614485,-0.00560851565530183));
#2935=CARTESIAN_POINT('',(-0.00111446861448081,0.000911679789624954,-0.00559991655507605));
#2936=CARTESIAN_POINT('',(-0.00119664035371186,0.000798767318242261,-0.0055920404920122));
#2937=CARTESIAN_POINT('',(-0.00126784502699817,0.000683461206985098,-0.00558436805033534));
#2938=CARTESIAN_POINT('',(-0.0013359479462828,0.000531689571250572,-0.00557477457252501));
#2939=CARTESIAN_POINT('',(-0.00135401118264469,0.000489376850499395,-0.00557230068491609));
#2940=CARTESIAN_POINT('',(-0.00141705309018601,0.000268623770723879,-0.00556010504522128));
#2941=CARTESIAN_POINT('',(-0.00143397300767202,0.00011887103266624,-0.00555215472006541));
#2942=CARTESIAN_POINT('',(-0.00143782603596746,-1.09401642514602E-5,-0.00554508674694714));
#2943=CARTESIAN_POINT('',(-0.00143672272707458,-7.65571438442617E-5,-0.00554136239974963));
#2944=CARTESIAN_POINT('',(-0.00141780925631667,-0.000261991832486248,-0.00553066820050165));
#2945=CARTESIAN_POINT('',(-0.00137084125391025,-0.000440345327947798,-0.00552003105674728));
#2946=CARTESIAN_POINT('',(-0.00132349382055332,-0.000563849066517741,-0.00551258164523197));
#2947=CARTESIAN_POINT('',(-0.00127102603804161,-0.00067490917965508,-0.00550588146041848));
#2948=CARTESIAN_POINT('',(-0.00119637962491299,-0.000800798739190817,-0.00549802903752721));
#2949=CARTESIAN_POINT('',(-0.00111204158911057,-0.000912538507589967,-0.00549075450807417));
#2950=CARTESIAN_POINT('',(-0.00101063421934022,-0.00102872447724393,-0.00548243802063272));
#2951=CARTESIAN_POINT('',(-0.000778812002426649,-0.00122495608032082,-0.00546501112142642));
#2952=CARTESIAN_POINT('',(-0.000510907409646391,-0.00134996211481686,-0.0054485297389602));
#2953=CARTESIAN_POINT('',(-0.000293237315089535,-0.00141456288841904,-0.00543646036922986));
#2954=CARTESIAN_POINT('',(9.39692952044586E-5,-0.00145807460765189,-0.00541558422328803));
#2955=CARTESIAN_POINT('',(0.000467314297324028,-0.00137915980395835,-0.00539337101034172));
#2956=CARTESIAN_POINT('',(0.00080659777339894,-0.00120556552291989,-0.00537315690110584));
#2957=CARTESIAN_POINT('',(0.001029212632589,-0.00100842626116349,-0.00535717581972282));
#2958=CARTESIAN_POINT('',(0.00111075259642285,-0.000913779022014209,-0.00535014443767242));
#2959=CARTESIAN_POINT('',(0.00122582076472196,-0.000761462055117202,-0.00533914717819583));
#2960=CARTESIAN_POINT('',(0.00138001953629487,-0.000470433278070505,-0.00532078935201516));
#2961=CARTESIAN_POINT('',(0.001437,-0.000188108590199896,-0.00530555034591937));
#2962=CARTESIAN_POINT('',(0.001437,-1.86825113871191E-17,-0.0052957254573806));
#2963=CARTESIAN_POINT('',(0.001437,1.23240590036719E-17,-0.00579562413214913));
#2964=CARTESIAN_POINT('',(0.001437,-1.00345173678352E-17,-0.00629569869513782));
#2965=CARTESIAN_POINT('',(0.001437,2.01287505288271E-5,-0.00629458683984485));
#2966=CARTESIAN_POINT('',(0.0014371823875411,8.05119090608965E-5,-0.00629117903556996));
#2967=CARTESIAN_POINT('',(0.0014172746514521,0.000261401431807977,-0.00628070580399906));
#2968=CARTESIAN_POINT('',(0.00137306168961571,0.000435814393228526,-0.00627029877954461));
#2969=CARTESIAN_POINT('',(0.00132653613894305,0.000552575574459194,-0.0062632539404609));
#2970=CARTESIAN_POINT('',(0.0013068780341448,0.000600381931830026,-0.00626039011128835));
#2971=CARTESIAN_POINT('',(0.00121925578198039,0.00077128731276952,-0.00624995979853424));
#2972=CARTESIAN_POINT('',(0.0011117054849741,0.000916341289452561,-0.0062401779820563));
#2973=CARTESIAN_POINT('',(0.000997887317579669,0.00103692503869778,-0.00623115299161031));
#2974=CARTESIAN_POINT('',(0.000936321588568523,0.00109054023968439,-0.00622672286409089));
#2975=CARTESIAN_POINT('',(0.000902079302570285,0.0011185866804725,-0.00622429014950442));
#2976=CARTESIAN_POINT('',(0.000907103566325323,0.00111470415016446,-0.00622469127526967));
#2977=CARTESIAN_POINT('',(0.000850994915431123,0.00115895075529621,-0.00622057688896906));
#2978=CARTESIAN_POINT('',(0.000758904035456613,0.00122236743070283,-0.00621419595853238));
#2979=CARTESIAN_POINT('',(0.000650329978960214,0.00128424499903719,-0.00620714699170513));
#2980=CARTESIAN_POINT('',(0.000476848806964711,0.00136053710649859,-0.00619659774510813));
#2981=CARTESIAN_POINT('',(0.000292404292666657,0.0014142780244572,-0.00618641662967276));
#2982=CARTESIAN_POINT('',(-8.74065664440534E-5,0.00145879802215363,-0.00616591104197758));
#2983=CARTESIAN_POINT('',(-0.000478176294918383,0.00137511804889513,-0.00614280223633859));
#2984=CARTESIAN_POINT('',(-0.000758848986876748,0.00122926165268361,-0.00612594051098713));
#2985=CARTESIAN_POINT('',(-0.000947856112702025,0.00108460899889791,-0.00611320254924554));
#2986=CARTESIAN_POINT('',(-0.00104732126559986,0.000985718936951474,-0.00610552452576204));
#2987=CARTESIAN_POINT('',(-0.00111113154252795,0.000913724898320338,-0.00610012791445643));
#2988=CARTESIAN_POINT('',(-0.00122542134249313,0.000762078887964992,-0.00608924011522011));
#2989=CARTESIAN_POINT('',(-0.00137962532584131,0.000467183470908969,-0.00607045526343072));
#2990=CARTESIAN_POINT('',(-0.00145925168975666,0.000114731767740095,-0.00605284812392087));
#2991=CARTESIAN_POINT('',(-0.00141825922831468,-0.000262968784878187,-0.00603032265041584));
#2992=CARTESIAN_POINT('',(-0.00137193073717446,-0.000435958073890903,-0.00602023195282954));
#2993=CARTESIAN_POINT('',(-0.00132787764064288,-0.000549756115648254,-0.00601343501775944));
#2994=CARTESIAN_POINT('',(-0.00130661188649223,-0.000600884996854966,-0.00601039218561715));
#2995=CARTESIAN_POINT('',(-0.00122022464212933,-0.000769583697805631,-0.00600007605759749));
#2996=CARTESIAN_POINT('',(-0.00106970285619227,-0.000972825529992832,-0.00598635065198091));
#2997=CARTESIAN_POINT('',(-0.000954242693853482,-0.00107583029217859,-0.00597795759926272));
#2998=CARTESIAN_POINT('',(-0.000903925400737895,-0.00111706125406309,-0.00597438284345735));
#2999=CARTESIAN_POINT('',(-0.000904009671134878,-0.00111745363365841,-0.00597440731950219));
#3000=CARTESIAN_POINT('',(-0.000796118243041462,-0.0012000049517301,-0.00596666229300296));
#3001=CARTESIAN_POINT('',(-0.000679090958481429,-0.00126861897260357,-0.00595906451629755));
#3002=CARTESIAN_POINT('',(-0.000508069074376861,-0.00135048615300997,-0.00594852670995426));
#3003=CARTESIAN_POINT('',(-0.000323802780623558,-0.00140446998629929,-0.00593808797394885));
#3004=CARTESIAN_POINT('',(-0.000146693447408324,-0.00143285430637618,-0.00592844282206344));
#3005=CARTESIAN_POINT('',(2.26003459858745E-5,-0.00143763767529684,-0.00591951435253309));
#3006=CARTESIAN_POINT('',(5.7751646257964E-5,-0.00143859486889307,-0.00591749099146227));
#3007=CARTESIAN_POINT('',(0.000294859148969409,-0.00141252054496925,-0.00590374884522387));
#3008=CARTESIAN_POINT('',(0.000443435218569948,-0.00136794099766707,-0.00589482351058946));
#3009=CARTESIAN_POINT('',(0.000580061738286466,-0.0013196882349479,-0.00588663277636795));
#3010=CARTESIAN_POINT('',(0.000766714092723879,-0.00122101235961309,-0.00587511744063162));
#3011=CARTESIAN_POINT('',(0.000908383473862468,-0.00111771481604085,-0.00586575421114227));
#3012=CARTESIAN_POINT('',(0.00103398113819165,-0.000998924740689804,-0.00585676010822252));
#3013=CARTESIAN_POINT('',(0.00105205246633251,-0.000983575046829939,-0.00585535319671315));
#3014=CARTESIAN_POINT('',(0.00121067902918078,-0.000785109824438101,-0.00584075000950092));
#3015=CARTESIAN_POINT('',(0.00127472626084517,-0.000665268240866141,-0.00583298278531977));
#3016=CARTESIAN_POINT('',(0.00138331501442921,-0.000440016358556524,-0.00581907780164815));
#3017=CARTESIAN_POINT('',(0.001437,-0.000188162784161691,-0.00580553539571523));
#3018=CARTESIAN_POINT('',(0.001437,1.00345173678352E-17,-0.00579562413214913));
#3019=CARTESIAN_POINT('',(0.001437,2.4655233808742E-18,-0.00629569869513782));
#3020=CARTESIAN_POINT('',(0.001437,-1.00345173678352E-17,-0.0067956973045064));
#3021=CARTESIAN_POINT('',(0.001437,2.10972286620422E-5,-0.00679452024713755));
#3022=CARTESIAN_POINT('',(0.00143724414692449,8.18688957728917E-5,-0.00679107708989552));
#3023=CARTESIAN_POINT('',(0.0014163511469641,0.000265715207464761,-0.006780413661003));
#3024=CARTESIAN_POINT('',(0.00137536962608359,0.000424374691812931,-0.00677094623563046));
#3025=CARTESIAN_POINT('',(0.00131384486144542,0.000594185220962251,-0.00676082736752045));
#3026=CARTESIAN_POINT('',(0.00120242437947673,0.000804136770479198,-0.00674800717528536));
#3027=CARTESIAN_POINT('',(0.00102235791138172,0.00102250174869909,-0.00673253745044405));
#3028=CARTESIAN_POINT('',(0.00084004692569737,0.00117355409666509,-0.00671999521520433));
#3029=CARTESIAN_POINT('',(0.000678162437504264,0.00126779813123287,-0.00670873781471033));
#3030=CARTESIAN_POINT('',(0.00061906217854296,0.00129956337554632,-0.0067050061409392));
#3031=CARTESIAN_POINT('',(0.000482868020852625,0.00135464090525309,-0.00669698216419893));
#3032=CARTESIAN_POINT('',(0.000395567151540736,0.00138256546321437,-0.00669203151431409));
#3033=CARTESIAN_POINT('',(0.000278588654738562,0.00141178429972061,-0.00668554727284766));
#3034=CARTESIAN_POINT('',(0.000147034835543484,0.00143281303509154,-0.0066784490361918));
#3035=CARTESIAN_POINT('',(-2.34214824898222E-5,0.00143762309882584,-0.0066695174270813));
#3036=CARTESIAN_POINT('',(-5.52107568497178E-5,0.00143869436857923,-0.00666766100806962));
#3037=CARTESIAN_POINT('',(-0.00029494773216598,0.00141272198019828,-0.0066537492441386));
#3038=CARTESIAN_POINT('',(-0.000447039585527491,0.00136675386540024,-0.00664459815003501));
#3039=CARTESIAN_POINT('',(-0.000542924637958983,0.00133262194502734,-0.0066388436404444));
#3040=CARTESIAN_POINT('',(-0.000680670456487965,0.00126848411745886,-0.00663048985477962));
#3041=CARTESIAN_POINT('',(-0.000798486496420961,0.00119752156957855,-0.00662303348984579));
#3042=CARTESIAN_POINT('',(-0.000895616916845929,0.00112514750304178,-0.00661656604868387));
#3043=CARTESIAN_POINT('',(-0.000962754394484277,0.00106793041916996,-0.00661189543550435));
#3044=CARTESIAN_POINT('',(-0.00102608689110048,0.00100652791491294,-0.00660729192949581));
#3045=CARTESIAN_POINT('',(-0.00102884552218143,0.001003359688166,-0.00660701039870515));
#3046=CARTESIAN_POINT('',(-0.00107273639715573,0.000956866568568161,-0.00660339687525209));
#3047=CARTESIAN_POINT('',(-0.00112444485224283,0.000897237135378056,-0.00659887336873781));
#3048=CARTESIAN_POINT('',(-0.00122562687174324,0.000757201015332615,-0.00658891662193787));
#3049=CARTESIAN_POINT('',(-0.00127132048850197,0.000671538747111072,-0.0065833962357153));
#3050=CARTESIAN_POINT('',(-0.00134865205232164,0.000513033768759719,-0.00657357493075634));
#3051=CARTESIAN_POINT('',(-0.00140466742695667,0.000323689431876224,-0.00656295217343081));
#3052=CARTESIAN_POINT('',(-0.00143277921719324,0.000146596471508889,-0.00655334978310278));
#3053=CARTESIAN_POINT('',(-0.00143764277850428,-2.04171838297371E-5,-0.00654456132927976));
#3054=CARTESIAN_POINT('',(-0.00143864966878967,-6.49277361899408E-5,-0.00654205799463191));
#3055=CARTESIAN_POINT('',(-0.00140123699257578,-0.000370994749865651,-0.0065242704136254));
#3056=CARTESIAN_POINT('',(-0.00133701637910531,-0.000538709147432835,-0.006514157608001));
#3057=CARTESIAN_POINT('',(-0.0012256217885654,-0.000762860256158834,-0.00650042351291065));
#3058=CARTESIAN_POINT('',(-0.00112510660915206,-0.000895515152683834,-0.00649155947942798));
#3059=CARTESIAN_POINT('',(-0.00106762314306955,-0.000963097353441574,-0.00648686270982608));
#3060=CARTESIAN_POINT('',(-0.00100668731795243,-0.00102600447922074,-0.00648230443428032));
#3061=CARTESIAN_POINT('',(-0.00100167514252561,-0.00103018644255292,-0.00648189390047998));
#3062=CARTESIAN_POINT('',(-0.000945723707766408,-0.00108466335503378,-0.00647750306840389));
#3063=CARTESIAN_POINT('',(-0.000789950229694634,-0.00120685329288524,-0.00646611194377713));
#3064=CARTESIAN_POINT('',(-0.000654465079782382,-0.00128061224621106,-0.00645730922120805));
#3065=CARTESIAN_POINT('',(-0.000522982306911369,-0.00134327153338103,-0.00644916394538591));
#3066=CARTESIAN_POINT('',(-0.000321591835766788,-0.00140547581844602,-0.00643778632427367));
#3067=CARTESIAN_POINT('',(-0.000148141474457725,-0.00143263774530699,-0.00642845035022077));
#3068=CARTESIAN_POINT('',(2.41076382997784E-5,-0.00143750930149368,-0.00641949235500335));
#3069=CARTESIAN_POINT('',(4.98299285089158E-5,-0.00143932484353774,-0.00641796198244066));
#3070=CARTESIAN_POINT('',(0.000300558327801196,-0.00141125447814477,-0.00640338160238523));
#3071=CARTESIAN_POINT('',(0.000430352530491314,-0.00137191889878516,-0.00639557776921081));
#3072=CARTESIAN_POINT('',(0.000586930906199521,-0.00131764351299411,-0.0063862687560753));
#3073=CARTESIAN_POINT('',(0.000764932886372598,-0.0012219101020663,-0.00637528801738947));
#3074=CARTESIAN_POINT('',(0.000908978802828664,-0.00111719238750171,-0.00636570847288206));
#3075=CARTESIAN_POINT('',(0.00103173811977516,-0.00100133230019166,-0.00635679673933153));
#3076=CARTESIAN_POINT('',(0.00105987882629314,-0.000975017515705707,-0.00635462923058161));
#3077=CARTESIAN_POINT('',(0.00120973049050841,-0.000785049209592002,-0.00634076379765469));
#3078=CARTESIAN_POINT('',(0.00126902962420054,-0.000676558927003778,-0.00633371959438287));
#3079=CARTESIAN_POINT('',(0.00139050385726656,-0.0004257413252396,-0.00631818027384382));
#3080=CARTESIAN_POINT('',(0.001437,-0.000188135471804016,-0.00630549754024842));
#3081=CARTESIAN_POINT('',(0.001437,-4.64307510691925E-18,-0.00629569869513782));
#3082=CARTESIAN_POINT('',(0.001437,-7.39301224192349E-18,-0.0067956973045064));
#3083=CARTESIAN_POINT('',(0.001437,-1.00345173678352E-17,-0.00729562514189955));
#3084=CARTESIAN_POINT('',(0.001437,2.25064428115533E-5,-0.0072943816550609));
#3085=CARTESIAN_POINT('',(0.00143667955781909,8.62066445985227E-5,-0.00729079485909168));
#3086=CARTESIAN_POINT('',(0.00141740536933896,0.000261844978301522,-0.00728066026630892));
#3087=CARTESIAN_POINT('',(0.00137115305293258,0.0004385636207817,-0.00727013607055675));
#3088=CARTESIAN_POINT('',(0.00133475032819087,0.000536220892001049,-0.00726426632914269));
#3089=CARTESIAN_POINT('',(0.00129377403006864,0.000626200195017394,-0.00725880968146749));
#3090=CARTESIAN_POINT('',(0.00128908223093215,0.000633962329141272,-0.00725833723467131));
#3091=CARTESIAN_POINT('',(0.00124897607063544,0.000722187900424031,-0.00725317491270001));
#3092=CARTESIAN_POINT('',(0.00109887165283528,0.000933287068200688,-0.00723941631676679));
#3093=CARTESIAN_POINT('',(0.000997360375206559,0.00103769520726949,-0.00723149760594994));
#3094=CARTESIAN_POINT('',(0.000799674767667315,0.00120735099346433,-0.0072165535748915));
#3095=CARTESIAN_POINT('',(0.000555983876056529,0.00133479129896281,-0.00720124768414675));
#3096=CARTESIAN_POINT('',(0.000323841734285263,0.00140458226188205,-0.00718802936237327));
#3097=CARTESIAN_POINT('',(0.00014768606104188,0.00143280705550187,-0.00717846218887583));
#3098=CARTESIAN_POINT('',(-2.39413492946753E-5,0.00143746797145655,-0.00716944897949333));
#3099=CARTESIAN_POINT('',(-5.04593559989423E-5,0.00143932093483636,-0.00716788772839642));
#3100=CARTESIAN_POINT('',(-0.000300765893441041,0.00141115525557502,-0.007153360691665));
#3101=CARTESIAN_POINT('',(-0.000429478898916396,0.00137220307737316,-0.00714564162208821));
#3102=CARTESIAN_POINT('',(-0.000587744033490947,0.0013173701716447,-0.00713622825511699));
#3103=CARTESIAN_POINT('',(-0.000765171491695754,0.0012216782875851,-0.00712526280466596));
#3104=CARTESIAN_POINT('',(-0.000908995070429511,0.00111724079872072,-0.00711570502909092));
#3105=CARTESIAN_POINT('',(-0.00103275741352249,0.0010002604588291,-0.00710672946265595));
#3106=CARTESIAN_POINT('',(-0.00105702040297067,0.000978021550741475,-0.00710485480206078));
#3107=CARTESIAN_POINT('',(-0.00120947003192919,0.000786248314387918,-0.00709084114457783));
#3108=CARTESIAN_POINT('',(-0.00127326030939274,0.000668264161954923,-0.00708320429326847));
#3109=CARTESIAN_POINT('',(-0.00134774627370388,0.000514316754812964,-0.00707364318254739));
#3110=CARTESIAN_POINT('',(-0.00140497721010736,0.000323633621831106,-0.00706289827429741));
#3111=CARTESIAN_POINT('',(-0.00143263414248107,0.000145515561660179,-0.00705328529606828));
#3112=CARTESIAN_POINT('',(-0.00143817342674255,-1.72688891944668E-5,-0.00704491637237967));
#3113=CARTESIAN_POINT('',(-0.00143667206064027,-7.76851481401506E-5,-0.00704131585439922));
#3114=CARTESIAN_POINT('',(-0.0014166603192068,-0.000265878959933925,-0.00703045908176247));
#3115=CARTESIAN_POINT('',(-0.0013741082753014,-0.000431124296332037,-0.00702056041670456));
#3116=CARTESIAN_POINT('',(-0.00132865137640721,-0.000547956419925542,-0.00701353767052811));
#3117=CARTESIAN_POINT('',(-0.00130624453509404,-0.000601628909018505,-0.00701032387433125));
#3118=CARTESIAN_POINT('',(-0.00122184039269313,-0.000766528875948702,-0.00700026958515151));
#3119=CARTESIAN_POINT('',(-0.00107465198183993,-0.00096709858060318,-0.00698678688828232));
#3120=CARTESIAN_POINT('',(-0.000959629810049673,-0.00107117397709846,-0.00697838195048005));
#3121=CARTESIAN_POINT('',(-0.000906854745016412,-0.00111469136508631,-0.00697461383081432));
#3122=CARTESIAN_POINT('',(-0.000903742409953829,-0.00111768333650452,-0.00697440724935743));
#3123=CARTESIAN_POINT('',(-0.00079624983803753,-0.00119989747286684,-0.0069666426545886));
#3124=CARTESIAN_POINT('',(-0.000679105223736153,-0.00126862241520574,-0.00695900348889277));
#3125=CARTESIAN_POINT('',(-0.000508097194364144,-0.00135045797294865,-0.00694843400308317));
#3126=CARTESIAN_POINT('',(-0.000324012460783688,-0.00140446152671178,-0.00693799648877185));
#3127=CARTESIAN_POINT('',(-0.000146451353274191,-0.00143284994342009,-0.00692833981732272));
#3128=CARTESIAN_POINT('',(2.14521097839613E-5,-0.00143763536142233,-0.00691951162234668));
#3129=CARTESIAN_POINT('',(6.18155477270302E-5,-0.00143860853114866,-0.00691722831062676));
#3130=CARTESIAN_POINT('',(0.000297628952613895,-0.00141131004294925,-0.00690355916812385));
#3131=CARTESIAN_POINT('',(0.000429237570073744,-0.00137258139133899,-0.00689567666076802));
#3132=CARTESIAN_POINT('',(0.000589033927908409,-0.00131634765675396,-0.00688611998872206));
#3133=CARTESIAN_POINT('',(0.000762161056636977,-0.00122522909526367,-0.00687544837052441));
#3134=CARTESIAN_POINT('',(0.000895750467144,-0.00112500314958066,-0.00686654375604883));
#3135=CARTESIAN_POINT('',(0.000963233724802146,-0.00106748266187335,-0.0068618573300399));
#3136=CARTESIAN_POINT('',(0.00102614762402585,-0.00100654668711,-0.00685730641916529));
#3137=CARTESIAN_POINT('',(0.00103032750259137,-0.00100152784303386,-0.00685689451985362));
#3138=CARTESIAN_POINT('',(0.00108481608117023,-0.0009455559943906,-0.00685250097225743));
#3139=CARTESIAN_POINT('',(0.00120703484195081,-0.000789648336392244,-0.00684109144219258));
#3140=CARTESIAN_POINT('',(0.00128078551275665,-0.000654247556736315,-0.0068322877709994));
#3141=CARTESIAN_POINT('',(0.00134330185644331,-0.000522193861972708,-0.00682412623221548));
#3142=CARTESIAN_POINT('',(0.00142087848165395,-0.000277035917760042,-0.00681026025580518));
#3143=CARTESIAN_POINT('',(0.001437,-9.4042735825608E-5,-0.00680060862306938));
#3144=CARTESIAN_POINT('',(0.001437,-4.64307510691925E-18,-0.0067956973045064));
#3145=CARTESIAN_POINT('',(0.001437,-7.04104875184854E-18,-0.00729562514189955));
#3146=CARTESIAN_POINT('',(0.001437,4.64307510691925E-18,-0.00779572551051699));
#3147=CARTESIAN_POINT('',(0.001437,2.34845723424051E-5,-0.00779442196139564));
#3148=CARTESIAN_POINT('',(0.00143689528929701,8.74932065986228E-5,-0.00779080466195822));
#3149=CARTESIAN_POINT('',(0.001415916977999,0.000266342327799336,-0.00778041136597857));
#3150=CARTESIAN_POINT('',(0.00137565564990695,0.000425933854939505,-0.00777086095289342));
#3151=CARTESIAN_POINT('',(0.00133110561150604,0.000542241137601108,-0.00776388808124235));
#3152=CARTESIAN_POINT('',(0.00130615893421883,0.000601897784979539,-0.00776032050719152));
#3153=CARTESIAN_POINT('',(0.00122211574547843,0.000765953461215289,-0.00775030694243931));
#3154=CARTESIAN_POINT('',(0.00107536671873815,0.000966325861427638,-0.00773683498687604));
#3155=CARTESIAN_POINT('',(0.000960414956758,0.00107048767654145,-0.00772842246419104));
#3156=CARTESIAN_POINT('',(0.00090726608014807,0.0011143585266909,-0.00772462524852081));
#3157=CARTESIAN_POINT('',(0.000903666637628812,0.00111774610781149,-0.00772438006433854));
#3158=CARTESIAN_POINT('',(0.000796275031211709,0.00119987684284073,-0.00771665248841649));
#3159=CARTESIAN_POINT('',(0.000679102401624861,0.00126862415760709,-0.00770903046595476));
#3160=CARTESIAN_POINT('',(0.000508130355448779,0.00135044848148731,-0.00769848298658747));
#3161=CARTESIAN_POINT('',(0.000323946733119001,0.00140445676860757,-0.00768804487675704));
#3162=CARTESIAN_POINT('',(0.000146639246456358,0.00143284450913599,-0.00767839435311715));
#3163=CARTESIAN_POINT('',(-2.19960774161615E-5,0.00143764183190803,-0.00766951144001614));
#3164=CARTESIAN_POINT('',(-5.95805196500494E-5,0.00143858811355063,-0.00766736622046246));
#3165=CARTESIAN_POINT('',(-0.000295773010943035,0.00141205398281668,-0.00765368446846531));
#3166=CARTESIAN_POINT('',(-0.000437858467079684,0.0013698323701836,-0.00764516381591298));
#3167=CARTESIAN_POINT('',(-0.000583755773022227,0.00131804975555766,-0.00763641565340049));
#3168=CARTESIAN_POINT('',(-0.000762827127489765,0.00122505533100815,-0.00762539862148087));
#3169=CARTESIAN_POINT('',(-0.000895403699516779,0.00112525260463769,-0.00761656328120556));
#3170=CARTESIAN_POINT('',(-0.000963070563926886,0.00106762869099145,-0.00761187038441091));
#3171=CARTESIAN_POINT('',(-0.00102562882331967,0.00100707372636076,-0.00760735357185895));
#3172=CARTESIAN_POINT('',(-0.0010310583534445,0.00100078152754409,-0.00760684761280505));
#3173=CARTESIAN_POINT('',(-0.00108571999880899,0.000944546587668467,-0.00760243792711242));
#3174=CARTESIAN_POINT('',(-0.00120727748923886,0.000788894769727218,-0.00759104352489714));
#3175=CARTESIAN_POINT('',(-0.0012784492563367,0.000658815567984937,-0.00758256601293549));
#3176=CARTESIAN_POINT('',(-0.00134444929909956,0.000519997408268037,-0.00757401223571026));
#3177=CARTESIAN_POINT('',(-0.00142024423108702,0.000278763583015262,-0.00756029737238883));
#3178=CARTESIAN_POINT('',(-0.00145426046002212,-9.25036624454929E-5,-0.00754115259666146));
#3179=CARTESIAN_POINT('',(-0.00136543442779291,-0.00055783197485939,-0.00751316944697154));
#3180=CARTESIAN_POINT('',(-0.00109580746975405,-0.000963464590602782,-0.00748770629187278));
#3181=CARTESIAN_POINT('',(-0.000839436095500695,-0.00117263813042308,-0.00746989701329723));
#3182=CARTESIAN_POINT('',(-0.000699567719973857,-0.00125700539427706,-0.00746051903996568));
#3183=CARTESIAN_POINT('',(-0.000613049815856812,-0.00130001754692827,-0.00745470909546957));
#3184=CARTESIAN_POINT('',(-0.000577432112825926,-0.00131607738361071,-0.00745249932253285));
#3185=CARTESIAN_POINT('',(-0.000491314724482717,-0.00135310358763627,-0.00744737499027372));
#3186=CARTESIAN_POINT('',(-0.000362677195445823,-0.00139162863659553,-0.0074402596008586));
#3187=CARTESIAN_POINT('',(-0.000251637399252618,-0.00141635863562476,-0.00743428171055909));
#3188=CARTESIAN_POINT('',(-0.000148081253853311,-0.00143126142595945,-0.00742866201390798));
#3189=CARTESIAN_POINT('',(4.21859433591432E-5,-0.00144233267411808,-0.0074182450376429));
#3190=CARTESIAN_POINT('',(0.000284978074833863,-0.00141756568337824,-0.00740441327998599));
#3191=CARTESIAN_POINT('',(0.000541715431196969,-0.00134013431995937,-0.00738893494086665));
#3192=CARTESIAN_POINT('',(0.000808747181325925,-0.00120359212866011,-0.00737302715831013));
#3193=CARTESIAN_POINT('',(0.00101805469153317,-0.00101988449395165,-0.00735802417400195));
#3194=CARTESIAN_POINT('',(0.00111130069166165,-0.000913521100821393,-0.00735006422708574));
#3195=CARTESIAN_POINT('',(0.00122553489687507,-0.000761569547115928,-0.0073391747151982));
#3196=CARTESIAN_POINT('',(0.00138024899836177,-0.000470317756318532,-0.00732081933320394));
#3197=CARTESIAN_POINT('',(0.001437,-0.000188101926696541,-0.00730553325309457));
#3198=CARTESIAN_POINT('',(0.001437,-4.64307510691925E-18,-0.00729562514189955));
#3199=CARTESIAN_POINT('',(0.001437,3.52141385109905E-18,-0.00779572551051699));
#3200=CARTESIAN_POINT('',(0.001437,4.64307510691925E-18,-0.00829561988261241));
#3201=CARTESIAN_POINT('',(0.001437,9.40722985512421E-5,-0.00829037773788601));
#3202=CARTESIAN_POINT('',(0.00142174331488062,0.000237859831799164,-0.00828224091010527));
#3203=CARTESIAN_POINT('',(0.00137955650719648,0.000413428099021937,-0.00827193886782708));
#3204=CARTESIAN_POINT('',(0.00132115335476998,0.000567909374123584,-0.00826229730120962));
#3205=CARTESIAN_POINT('',(0.00130123187615836,0.000615125024094822,-0.0082594949621776));
#3206=CARTESIAN_POINT('',(0.00119539295728028,0.000807959398397517,-0.00824773279814771));
#3207=CARTESIAN_POINT('',(0.00108665488283974,0.000942374241760657,-0.00823854806487973));
#3208=CARTESIAN_POINT('',(0.00102433973355677,0.00101019989582553,-0.00823354513282634));
#3209=CARTESIAN_POINT('',(0.000911442805684872,0.00111471864366385,-0.00822501293949403));
#3210=CARTESIAN_POINT('',(0.000798410775483573,0.00119682037335301,-0.00821713310168789));
#3211=CARTESIAN_POINT('',(0.000683854472675487,0.00126772329092212,-0.00820947542522123));
#3212=CARTESIAN_POINT('',(0.000529426356298231,0.00133681423411307,-0.00819957907003576));
#3213=CARTESIAN_POINT('',(0.000496892066378388,0.00135114170488077,-0.0081977175905513));
#3214=CARTESIAN_POINT('',(0.000270066749187957,0.00141773488586866,-0.00818521222833064));
#3215=CARTESIAN_POINT('',(0.000104685080621913,0.00143429411441835,-0.00817646095665575));
#3216=CARTESIAN_POINT('',(9.69686519560803E-6,0.0014387477287144,-0.0081712918551484));
#3217=CARTESIAN_POINT('',(-0.000143229412521487,0.0014327149672961,-0.00816273521889019));
#3218=CARTESIAN_POINT('',(-0.000281404308853713,0.00141092224885412,-0.00815478636989975));
#3219=CARTESIAN_POINT('',(-0.000412517034473338,0.00138006694230882,-0.00814706738482599));
#3220=CARTESIAN_POINT('',(-0.000570446465202313,0.00131982723786333,-0.00813709463505464));
#3221=CARTESIAN_POINT('',(-0.000604089928999991,0.00130677052572582,-0.00813518055839385));
#3222=CARTESIAN_POINT('',(-0.000811940604956269,0.00119314278145131,-0.00812250951405359));
#3223=CARTESIAN_POINT('',(-0.000939566377689396,0.00108872577192462,-0.00811374033468055));
#3224=CARTESIAN_POINT('',(-0.00101061779234276,0.00102411424052982,-0.0081084790700576));
#3225=CARTESIAN_POINT('',(-0.00111437198483725,0.000911757057309373,-0.00809992178747716));
#3226=CARTESIAN_POINT('',(-0.00119668045846826,0.000798730384280778,-0.00809203737343847));
#3227=CARTESIAN_POINT('',(-0.00126785293414579,0.000683424374681432,-0.0080843666515427));
#3228=CARTESIAN_POINT('',(-0.00133594137131096,0.000531751926208872,-0.00807477744088599));
#3229=CARTESIAN_POINT('',(-0.00135408631603507,0.000489027280443824,-0.0080722801759654));
#3230=CARTESIAN_POINT('',(-0.0014169816910792,0.000269300356276833,-0.00806014023490464));
#3231=CARTESIAN_POINT('',(-0.00143418161433321,0.000116523589226576,-0.00805203077961992));
#3232=CARTESIAN_POINT('',(-0.00143776338197608,-1.04802751074879E-5,-0.00804511923050661));
#3233=CARTESIAN_POINT('',(-0.00143676471627133,-7.61644981849602E-5,-0.00804139014792693));
#3234=CARTESIAN_POINT('',(-0.00141785140780447,-0.000261827925162853,-0.00803067971204755));
#3235=CARTESIAN_POINT('',(-0.00137079082917288,-0.000440525516206439,-0.00802001955602751));
#3236=CARTESIAN_POINT('',(-0.0013234555973206,-0.000563920841407626,-0.00801257600536337));
#3237=CARTESIAN_POINT('',(-0.00127104413978158,-0.000674877929958533,-0.00800588559282193));
#3238=CARTESIAN_POINT('',(-0.00119636832814864,-0.000800809142972026,-0.00799803093141229));
#3239=CARTESIAN_POINT('',(-0.00111203568574927,-0.000912577505146931,-0.00799075096872122));
#3240=CARTESIAN_POINT('',(-0.00100987689719971,-0.00102947717661054,-0.00798237825377443));
#3241=CARTESIAN_POINT('',(-0.000779388097124441,-0.00122441534193607,-0.00796505254425491));
#3242=CARTESIAN_POINT('',(-0.000511767356416581,-0.00134972863767888,-0.00794857651040552));
#3243=CARTESIAN_POINT('',(-0.000292975163364718,-0.00141458175880021,-0.00793644484668555));
#3244=CARTESIAN_POINT('',(9.26342716025916E-5,-0.0014580802315393,-0.00791565093064063));
#3245=CARTESIAN_POINT('',(0.000467773080145365,-0.00137902142506939,-0.00789335223913543));
#3246=CARTESIAN_POINT('',(0.000806541393052742,-0.00120563552059966,-0.00787316015676108));
#3247=CARTESIAN_POINT('',(0.00102981333225344,-0.00100780180446954,-0.00785712281572012));
#3248=CARTESIAN_POINT('',(0.0011107235396616,-0.000913793551924605,-0.00785014545625663));
#3249=CARTESIAN_POINT('',(0.00122583401968582,-0.000761458640424009,-0.00783915222978343));
#3250=CARTESIAN_POINT('',(0.00138000774950037,-0.000470440115919597,-0.00782080038914688));
#3251=CARTESIAN_POINT('',(0.001437,-0.00018810940671786,-0.00780555684824656));
#3252=CARTESIAN_POINT('',(0.001437,3.01479922773523E-18,-0.00779572551051699));
#3253=CARTESIAN_POINT('',(0.001437,3.873377341174E-18,-0.00829561988261241));
#3254=CARTESIAN_POINT('',(0.001437,4.64307510691925E-18,-0.00879570395255794));
#3255=CARTESIAN_POINT('',(0.001437,2.02740155666735E-5,-0.00879458345927775));
#3256=CARTESIAN_POINT('',(0.00143717176244252,8.08091002223408E-5,-0.00879116607318641));
#3257=CARTESIAN_POINT('',(0.00141721232743381,0.000261634463518075,-0.00878069296602487));
#3258=CARTESIAN_POINT('',(0.00137318605209441,0.000435320810680351,-0.00877032631913372));
#3259=CARTESIAN_POINT('',(0.00132681812971296,0.000551954526823647,-0.00876329181534721));
#3260=CARTESIAN_POINT('',(0.00130678487109802,0.000600561606591193,-0.00876038030795312));
#3261=CARTESIAN_POINT('',(0.00121976670591594,0.000770337014123687,-0.00875002146150537));
#3262=CARTESIAN_POINT('',(0.00111288641093901,0.000914880507577803,-0.00874028357423781));
#3263=CARTESIAN_POINT('',(0.000999462171878365,0.00103540915370972,-0.00873127503437019));
#3264=CARTESIAN_POINT('',(0.000937631165477654,0.00108943005252707,-0.0087268172095535));
#3265=CARTESIAN_POINT('',(0.000902900733530829,0.00111792450935922,-0.00872434614848264));
#3266=CARTESIAN_POINT('',(0.000907176693765395,0.00111464748841053,-0.00872469165232656));
#3267=CARTESIAN_POINT('',(0.000850964779306644,0.00115897360881209,-0.00872057033888314));
#3268=CARTESIAN_POINT('',(0.000758923720219201,0.00122235270285815,-0.00871419376702499));
#3269=CARTESIAN_POINT('',(0.000650341235954939,0.00128423878647943,-0.00870714484551176));
#3270=CARTESIAN_POINT('',(0.000476881572736944,0.00136053075095342,-0.00869659784895226));
#3271=CARTESIAN_POINT('',(0.000292350724065374,0.00141425015271646,-0.00868641179732361));
#3272=CARTESIAN_POINT('',(-8.68902987117809E-5,0.00145890281074245,-0.0086659394623196));
#3273=CARTESIAN_POINT('',(-0.000479822610605293,0.00137448783370054,-0.0086427065029397));
#3274=CARTESIAN_POINT('',(-0.0007587212908573,0.00122926015774788,-0.00862594648341101));
#3275=CARTESIAN_POINT('',(-0.000947310360090303,0.0010850744912519,-0.00861324349135886));
#3276=CARTESIAN_POINT('',(-0.00104682443654889,0.000986262816833832,-0.00860556700530127));
#3277=CARTESIAN_POINT('',(-0.00111114197914634,0.000913735769941485,-0.00860012911820078));
#3278=CARTESIAN_POINT('',(-0.00122539363798098,0.000762067795740599,-0.00858924334614073));
#3279=CARTESIAN_POINT('',(-0.00137968896319076,0.000467585862999906,-0.00857048288594886));
#3280=CARTESIAN_POINT('',(-0.00145887664356321,0.00011241910294501,-0.00855271419574579));
#3281=CARTESIAN_POINT('',(-0.00141877270712444,-0.000259746427862009,-0.00853050244769283));
#3282=CARTESIAN_POINT('',(-0.00137279430087029,-0.000433387192738418,-0.00852038206802178));
#3283=CARTESIAN_POINT('',(-0.00132853948645288,-0.000548203306356828,-0.00851352887166548));
#3284=CARTESIAN_POINT('',(-0.00130669774634588,-0.000600758001460212,-0.00851040156408394));
#3285=CARTESIAN_POINT('',(-0.00121963107470015,-0.000770667621506664,-0.00850000678543981));
#3286=CARTESIAN_POINT('',(-0.00106792995819851,-0.000974879422537112,-0.00848619883386952));
#3287=CARTESIAN_POINT('',(-0.000952357034824132,-0.0010774464395438,-0.00847781810901704));
#3288=CARTESIAN_POINT('',(-0.000902934889672762,-0.00111786016913142,-0.00847431262985662));
#3289=CARTESIAN_POINT('',(-0.000904182471163132,-0.00111731094963426,-0.00847442232384634));
#3290=CARTESIAN_POINT('',(-0.000796067439696769,-0.00120004796025619,-0.00846666262201795));
#3291=CARTESIAN_POINT('',(-0.000679111831629314,-0.00126860326098627,-0.00845907144420186));
#3292=CARTESIAN_POINT('',(-0.000508069059934617,-0.00135049084155794,-0.00844853341560586));
#3293=CARTESIAN_POINT('',(-0.000323800006936239,-0.00140446663359321,-0.00843809525800916));
#3294=CARTESIAN_POINT('',(-0.000146720347549752,-0.00143285462049812,-0.00842845136907649));
#3295=CARTESIAN_POINT('',(2.26672027623579E-5,-0.00143763439180751,-0.0084195173134166));
#3296=CARTESIAN_POINT('',(5.7464851835017E-5,-0.00143860769643675,-0.00841751170462026));
#3297=CARTESIAN_POINT('',(0.000294777749626326,-0.00141254648932632,-0.0084037544842704));
#3298=CARTESIAN_POINT('',(0.000444050806479174,-0.00136782375751572,-0.00839478682373774));
#3299=CARTESIAN_POINT('',(0.000580139183567065,-0.00131921723896914,-0.00838661784379295));
#3300=CARTESIAN_POINT('',(0.000763342314365577,-0.00122493048295556,-0.00837537729869538));
#3301=CARTESIAN_POINT('',(0.000895325642134215,-0.00112526947874491,-0.00836657237211722));
#3302=CARTESIAN_POINT('',(0.000962948351214169,-0.00106777405170256,-0.00836188320157539));
#3303=CARTESIAN_POINT('',(0.0010257974906764,-0.00100681421924125,-0.00835733299332613));
#3304=CARTESIAN_POINT('',(0.00103007887339482,-0.00100210118447303,-0.0083569368389754));
#3305=CARTESIAN_POINT('',(0.00107399136014306,-0.000955474967762803,-0.00835331966442749));
#3306=CARTESIAN_POINT('',(0.00112545750947526,-0.000895877284276401,-0.00834880323961835));
#3307=CARTESIAN_POINT('',(0.00122481007287262,-0.000758389265964367,-0.00833901073195495));
#3308=CARTESIAN_POINT('',(0.00127313858862934,-0.000668347064129811,-0.0083331828394616));
#3309=CARTESIAN_POINT('',(0.00138528966490169,-0.000436191480713103,-0.00831883337066493));
#3310=CARTESIAN_POINT('',(0.001437,-0.000188166379837625,-0.00830553468077486));
#3311=CARTESIAN_POINT('',(0.001437,3.01479922773523E-18,-0.00829561988261241));
#3312=CARTESIAN_POINT('',(0.001437,-8.79908725187373E-19,-0.00879570395255794));
#3313=CARTESIAN_POINT('',(0.001437,-3.01479922773523E-18,-0.00929569151371628));
#3314=CARTESIAN_POINT('',(0.001437,9.40536270536387E-5,-0.00929044179089364));
#3315=CARTESIAN_POINT('',(0.00142171417483265,0.000237812316935811,-0.00928228927333842));
#3316=CARTESIAN_POINT('',(0.001379637861568,0.000413348700510614,-0.00927196680655734));
#3317=CARTESIAN_POINT('',(0.00132097581249304,0.000567800036472686,-0.00926229188824764));
#3318=CARTESIAN_POINT('',(0.00130211795062471,0.000615020777860357,-0.0092595112878614));
#3319=CARTESIAN_POINT('',(0.0011533192685072,0.000877016940358642,-0.0092434273325276));
#3320=CARTESIAN_POINT('',(0.0010301079013681,0.00100968827445942,-0.00923385438533259));
#3321=CARTESIAN_POINT('',(0.000836202000851531,0.00117519760720723,-0.00921951042903899));
#3322=CARTESIAN_POINT('',(0.000683276450723732,0.00126757408208858,-0.00920940494596331));
#3323=CARTESIAN_POINT('',(0.000531928549558019,0.00133607332201275,-0.00919976355973422));
#3324=CARTESIAN_POINT('',(0.000486956435856365,0.00135446359372193,-0.00919714253921228));
#3325=CARTESIAN_POINT('',(0.000273126841683064,0.00141678398926231,-0.0091853588003895));
#3326=CARTESIAN_POINT('',(0.000103219066125513,0.00143460895915429,-0.00917636130885205));
#3327=CARTESIAN_POINT('',(9.64331947486178E-6,0.00143867103044787,-0.00917127974219583));
#3328=CARTESIAN_POINT('',(-0.000143592268440816,0.00143270673117856,-0.0091627233639349));
#3329=CARTESIAN_POINT('',(-0.000281652159898352,0.00141085917180976,-0.00915478170231395));
#3330=CARTESIAN_POINT('',(-0.000412613910184042,0.00138003883408767,-0.00914706708445088));
#3331=CARTESIAN_POINT('',(-0.000570957370185239,0.00131965508591669,-0.00913704067362943));
#3332=CARTESIAN_POINT('',(-0.000602795809543654,0.00130713674594905,-0.00913524548959673));
#3333=CARTESIAN_POINT('',(-0.000809683736111553,0.0011952436839987,-0.00912268684221587));
#3334=CARTESIAN_POINT('',(-0.000949402868908267,0.00108028018013658,-0.00911308348223123));
#3335=CARTESIAN_POINT('',(-0.00100788677254816,0.00102646489807887,-0.00910875345089455));
#3336=CARTESIAN_POINT('',(-0.00111498675880384,0.000911272755112469,-0.00909994769680629));
#3337=CARTESIAN_POINT('',(-0.00119640036053814,0.000798989479330668,-0.00909211265505099));
#3338=CARTESIAN_POINT('',(-0.00126776317275992,0.000683763231019487,-0.00908441905675894));
#3339=CARTESIAN_POINT('',(-0.00133598035628469,0.000531260096061776,-0.00907473754232441));
#3340=CARTESIAN_POINT('',(-0.00135360559327275,0.000491656378496088,-0.00907241481904005));
#3341=CARTESIAN_POINT('',(-0.00141755360893347,0.000263160071480195,-0.00905982187372214));
#3342=CARTESIAN_POINT('',(-0.00143262899771033,0.000137177051862277,-0.00905315381021647));
#3343=CARTESIAN_POINT('',(-0.00143753949311339,-3.19440835433596E-6,-0.00904544745682123));
#3344=CARTESIAN_POINT('',(-0.0014369031124053,-2.17476627639232E-5,-0.00904438854945734));
#3345=CARTESIAN_POINT('',(-0.00143483366162021,-9.16313719921046E-5,-0.00904041211016045));
#3346=CARTESIAN_POINT('',(-0.00142821460663834,-0.000187424296237855,-0.0090349309662305));
#3347=CARTESIAN_POINT('',(-0.00139643447588779,-0.000344652464652018,-0.00902572429449047));
#3348=CARTESIAN_POINT('',(-0.00136665537592168,-0.000448626772366828,-0.00901952228595618));
#3349=CARTESIAN_POINT('',(-0.00132462469891564,-0.000562238915111671,-0.00901271395758736));
#3350=CARTESIAN_POINT('',(-0.00127049470975741,-0.00067638959714721,-0.00900579235824273));
#3351=CARTESIAN_POINT('',(-0.00116219420154573,-0.000856689260256094,-0.00899454845170114));
#3352=CARTESIAN_POINT('',(-0.00100151115648404,-0.0010441149320168,-0.00898113045778293));
#3353=CARTESIAN_POINT('',(-0.000786341433431386,-0.00120902027331106,-0.00896590818798237));
#3354=CARTESIAN_POINT('',(-0.000602876904971121,-0.0013155473612951,-0.00895380685396287));
#3355=CARTESIAN_POINT('',(-0.000274439114291273,-0.00142069112231335,-0.0089353667451146));
#3356=CARTESIAN_POINT('',(-4.64710475166098E-5,-0.00144482205705782,-0.00892334000561804));
#3357=CARTESIAN_POINT('',(0.000285099382358264,-0.0014202399376846,-0.00890437167343921));
#3358=CARTESIAN_POINT('',(0.00054053457980853,-0.00133987947988266,-0.00888900427261885));
#3359=CARTESIAN_POINT('',(0.000809148973338546,-0.00120365180428481,-0.00887297960146825));
#3360=CARTESIAN_POINT('',(0.00101838297107985,-0.00101949003482606,-0.00885797165026845));
#3361=CARTESIAN_POINT('',(0.00111129162095633,-0.000913531265678853,-0.00885006732120397));
#3362=CARTESIAN_POINT('',(0.00122555350902518,-0.000761544136413932,-0.0088392290208364));
#3363=CARTESIAN_POINT('',(0.00138024243986358,-0.000470319663669589,-0.00882092740259899));
#3364=CARTESIAN_POINT('',(0.001437,-0.0001880986523679,-0.00880563778855352));
#3365=CARTESIAN_POINT('',(0.001437,3.01479922773523E-18,-0.00879570395255794));
#3366=CARTESIAN_POINT('',(0.001437,-3.08057001333058E-18,-0.00929569151371628));
#3367=CARTESIAN_POINT('',(0.001437,-3.01479922773523E-18,-0.0097956300948336));
#3368=CARTESIAN_POINT('',(0.001437,2.21012746555391E-5,-0.00979440961937644));
#3369=CARTESIAN_POINT('',(0.00143672224429442,8.5337220034529E-5,-0.00979084869510808));
#3370=CARTESIAN_POINT('',(0.00141753975295117,0.000261395164973851,-0.00978068915908548));
#3371=CARTESIAN_POINT('',(0.00137091094990691,0.00043940798172553,-0.00977008616211678));
#3372=CARTESIAN_POINT('',(0.00133451415769088,0.000536770396837597,-0.00976423098861116));
#3373=CARTESIAN_POINT('',(0.00129365824063825,0.000626435077621155,-0.00975879450323277));
#3374=CARTESIAN_POINT('',(0.00128985103275221,0.000632345217271326,-0.00975843444635841));
#3375=CARTESIAN_POINT('',(0.00125021403656743,0.0007202356689705,-0.00975330149157209));
#3376=CARTESIAN_POINT('',(0.00109854603571132,0.000933805177893017,-0.00973938614073957));
#3377=CARTESIAN_POINT('',(0.000997430475483337,0.00103751398860362,-0.00973150910152545));
#3378=CARTESIAN_POINT('',(0.000799658990098585,0.00120740811686939,-0.00971655132160102));
#3379=CARTESIAN_POINT('',(0.000555988921684032,0.00133477216546684,-0.00970124679691296));
#3380=CARTESIAN_POINT('',(0.000323865690175363,0.00140458414735313,-0.00968802682235958));
#3381=CARTESIAN_POINT('',(0.000147658825304972,0.00143280412472249,-0.00967845557544321));
#3382=CARTESIAN_POINT('',(-2.38094502232843E-5,0.00143747564712145,-0.00966944885105363));
#3383=CARTESIAN_POINT('',(-5.09256081893301E-5,0.0014392931571078,-0.00966785704150256));
#3384=CARTESIAN_POINT('',(-0.000300637578188682,0.00141116035273247,-0.00965336844271803));
#3385=CARTESIAN_POINT('',(-0.000429408906525197,0.00137223375203932,-0.00964564778833844));
#3386=CARTESIAN_POINT('',(-0.000587791621462294,0.00131735173950768,-0.00963622581399707));
#3387=CARTESIAN_POINT('',(-0.000765191023723715,0.00122165451843682,-0.00962525937914725));
#3388=CARTESIAN_POINT('',(-0.000908965792463687,0.00111727577781213,-0.00961570754152091));
#3389=CARTESIAN_POINT('',(-0.0010328988495095,0.00100010364594122,-0.00960672287951827));
#3390=CARTESIAN_POINT('',(-0.00105651327194821,0.000978584484535282,-0.00960489975228814));
#3391=CARTESIAN_POINT('',(-0.00120944675012673,0.000786321735023782,-0.00959084393177306));
#3392=CARTESIAN_POINT('',(-0.00127381208257177,0.000667480082586592,-0.00958316335729297));
#3393=CARTESIAN_POINT('',(-0.00138469896078699,0.000435441504364787,-0.00956866790728615));
#3394=CARTESIAN_POINT('',(-0.00145909942738721,0.000104738259476452,-0.00955237422415403));
#3395=CARTESIAN_POINT('',(-0.00141968851763289,-0.000253347344107872,-0.00953081789636929));
#3396=CARTESIAN_POINT('',(-0.00137433271457211,-0.000428706957916657,-0.00952061673038929));
#3397=CARTESIAN_POINT('',(-0.00133019863531209,-0.000544464308761291,-0.00951372594752056));
#3398=CARTESIAN_POINT('',(-0.00130626194921585,-0.000601625557459315,-0.00951032977694387));
#3399=CARTESIAN_POINT('',(-0.00122201242089713,-0.00076619192054706,-0.00950028933650513));
#3400=CARTESIAN_POINT('',(-0.00107525901395878,-0.000966390093268132,-0.00948683879916493));
#3401=CARTESIAN_POINT('',(-0.000960252848506977,-0.00107063417995728,-0.00947842504337783));
#3402=CARTESIAN_POINT('',(-0.000907179791510914,-0.0011144278263153,-0.00947463364483674));
#3403=CARTESIAN_POINT('',(-0.000903676523868799,-0.00111773821095864,-0.00947439769168184));
#3404=CARTESIAN_POINT('',(-0.000796259638020435,-0.00119988770890905,-0.00946664288968675));
#3405=CARTESIAN_POINT('',(-0.000679089206657149,-0.00126863230719926,-0.00945900450861025));
#3406=CARTESIAN_POINT('',(-0.000508090855712917,-0.0013504598421105,-0.00944843853944021));
#3407=CARTESIAN_POINT('',(-0.000323985336841989,-0.00140446500715172,-0.00943800064679763));
#3408=CARTESIAN_POINT('',(-0.000146462562284155,-0.00143285090753963,-0.00942834517493962));
#3409=CARTESIAN_POINT('',(2.15580930288179E-5,-0.00143763639285533,-0.00941950878673085));
#3410=CARTESIAN_POINT('',(6.14837930867142E-5,-0.00143860342990472,-0.00941724736176808));
#3411=CARTESIAN_POINT('',(0.000297332647936738,-0.00141142916556504,-0.00940357921076102));
#3412=CARTESIAN_POINT('',(0.000430679410073521,-0.00137212494210861,-0.00939559151342009));
#3413=CARTESIAN_POINT('',(0.000588196276844463,-0.00131661239206609,-0.00938616683170006));
#3414=CARTESIAN_POINT('',(0.000762297967793784,-0.0012251848707207,-0.00937543788285916));
#3415=CARTESIAN_POINT('',(0.000895726235719659,-0.0011250174144403,-0.00936654477982911));
#3416=CARTESIAN_POINT('',(0.000963231105692198,-0.00106748552814615,-0.00936185833178273));
#3417=CARTESIAN_POINT('',(0.00102611144803604,-0.00100658318294335,-0.00935731181744404));
#3418=CARTESIAN_POINT('',(0.00103040118505508,-0.0010014526688382,-0.00935689145220893));
#3419=CARTESIAN_POINT('',(0.00108490662516504,-0.000945454473866227,-0.00935249610663766));
#3420=CARTESIAN_POINT('',(0.00120706757178378,-0.000789567495361149,-0.00934108618031668));
#3421=CARTESIAN_POINT('',(0.00128060875401196,-0.0006545923521368,-0.00933230795629346));
#3422=CARTESIAN_POINT('',(0.0013433868827954,-0.000522034824860243,-0.00932411769330793));
#3423=CARTESIAN_POINT('',(0.00142084279746312,-0.000277115673257427,-0.00931026986445892));
#3424=CARTESIAN_POINT('',(0.001437,-9.40472144554444E-5,-0.009300607561045));
#3425=CARTESIAN_POINT('',(0.001437,-4.64307510691925E-18,-0.00929569151371628));
#3426=CARTESIAN_POINT('',(0.001437,-1.45229413414655E-18,-0.0097956300948336));
#3427=CARTESIAN_POINT('',(-0.00121372710874432,-0.000769308459266609,-0.01));
#3428=CARTESIAN_POINT('',(-0.00113112436231906,-0.000899629647582467,-0.00999180210764369));
#3429=CARTESIAN_POINT('',(-0.000977533759197109,-0.00107427930219106,-0.00997934554031472));
#3430=CARTESIAN_POINT('',(-0.000749571135986623,-0.00122942809361605,-0.00996384455086905));
#3431=CARTESIAN_POINT('',(-0.000620391640953083,-0.0012987043681864,-0.00995549738007837));
#3432=CARTESIAN_POINT('',(-0.000490438826276181,-0.00135125801727515,-0.00994732746389277));
#3433=CARTESIAN_POINT('',(-0.000468304262098107,-0.00136060677382822,-0.00994610403753333));
#3434=CARTESIAN_POINT('',(-0.000275703238809987,-0.00141440038100287,-0.00993552824890611));
#3435=CARTESIAN_POINT('',(-0.000148357519798844,-0.00143059579672586,-0.00992880019718468));
#3436=CARTESIAN_POINT('',(-4.21337326463342E-5,-0.00143692486907687,-0.00992307272171285));
#3437=CARTESIAN_POINT('',(-2.35370275803762E-5,-0.00143698137780806,-0.00992198268099979));
#3438=CARTESIAN_POINT('',(7.5698288725807E-5,-0.00143693676812802,-0.00991634514651431));
#3439=CARTESIAN_POINT('',(0.000192602061604066,-0.00142535345090963,-0.0099096066233812));
#3440=CARTESIAN_POINT('',(0.000299440284153914,-0.00140695899121586,-0.00990338632150681));
#3441=CARTESIAN_POINT('',(0.000416281260393232,-0.00137623543228015,-0.00989643342923991));
#3442=CARTESIAN_POINT('',(0.000439335832733727,-0.00136820454592385,-0.00989504563370009));
#3443=CARTESIAN_POINT('',(0.000507959282021881,-0.00134516987263776,-0.00989096152053364));
#3444=CARTESIAN_POINT('',(0.00061929741088371,-0.00130083314232601,-0.00988433000427354));
#3445=CARTESIAN_POINT('',(0.000830717812941916,-0.00118277608367867,-0.00987139730452949));
#3446=CARTESIAN_POINT('',(0.00100138504928985,-0.00103785931878746,-0.00985943839250471));
#3447=CARTESIAN_POINT('',(0.00130670645416197,-0.000696156439300067,-0.00983340757361918));
#3448=CARTESIAN_POINT('',(0.001437,-0.000308525741099582,-0.00981176865816407));
#3449=CARTESIAN_POINT('',(0.001437,-3.01479922773523E-18,-0.0097956300948336));
#3450=CARTESIAN_POINT('',(0.00143335692663295,0.000139752719270806,-0.010198527008323));
#3451=CARTESIAN_POINT('',(0.00140006256388418,0.000467729730199914,-0.010180277899095));
#3452=CARTESIAN_POINT('',(0.00108168823859688,0.00114770124100988,-0.0101411954565336));
#3453=CARTESIAN_POINT('',(6.15728664545843E-19,0.00159653825776539,-0.010081279680639));
#3454=CARTESIAN_POINT('',(-0.00112834247579741,0.00112834247579741,-0.010018779680639));
#3455=CARTESIAN_POINT('',(-0.00159653825776539,6.66133814775094E-19,-0.00995627968063897));
#3456=CARTESIAN_POINT('',(-0.00112834247579741,-0.00112834247579741,-0.00989377968063897));
#3457=CARTESIAN_POINT('',(-9.65597288676473E-19,-0.00159653825776539,-0.00983127968063897));
#3458=CARTESIAN_POINT('',(0.00112834247579741,-0.00112834247579741,-0.00976877968063897));
#3459=CARTESIAN_POINT('',(0.00159653825776539,-8.88178419700125E-19,-0.00970627968063897));
#3460=CARTESIAN_POINT('',(0.00112834247579741,0.00112834247579741,-0.00964377968063897));
#3461=CARTESIAN_POINT('',(5.41011167444205E-18,0.00159653825776539,-0.00958127968063897));
#3462=CARTESIAN_POINT('',(-0.00112834247579741,0.00112834247579741,-0.00951877968063897));
#3463=CARTESIAN_POINT('',(-0.00159653825776539,1.11022302462516E-18,-0.00945627968063897));
#3464=CARTESIAN_POINT('',(-0.00112834247579741,-0.00112834247579741,-0.00939377968063897));
#3465=CARTESIAN_POINT('',(3.30727764239332E-18,-0.00159653825776539,-0.00933127968063897));
#3466=CARTESIAN_POINT('',(0.0011283424757974,-0.00112834247579741,-0.00926877968063897));
#3467=CARTESIAN_POINT('',(0.00159653825776539,-1.33226762955019E-18,-0.00920627968063897));
#3468=CARTESIAN_POINT('',(0.00112834247579741,0.00112834247579741,-0.00914377968063897));
#3469=CARTESIAN_POINT('',(5.61535456262399E-18,0.00159653825776539,-0.00908127968063897));
#3470=CARTESIAN_POINT('',(-0.00112834247579741,0.00112834247579741,-0.00901877968063897));
#3471=CARTESIAN_POINT('',(-0.00159653825776539,1.55431223447522E-18,-0.00895627968063897));
#3472=CARTESIAN_POINT('',(-0.00112834247579741,-0.00112834247579741,-0.00889377968063897));
#3473=CARTESIAN_POINT('',(2.9135935827725E-18,-0.00159653825776539,-0.00883127968063897));
#3474=CARTESIAN_POINT('',(0.0011283424757974,-0.00112834247579741,-0.00876877968063897));
#3475=CARTESIAN_POINT('',(0.00159653825776539,-1.66533453693773E-18,-0.00870627968063897));
#3476=CARTESIAN_POINT('',(0.00112834247579741,0.00112834247579741,-0.00864377968063897));
#3477=CARTESIAN_POINT('',(6.29829009414217E-18,0.00159653825776539,-0.00858127968063897));
#3478=CARTESIAN_POINT('',(-0.00112834247579741,0.00112834247579741,-0.00851877968063897));
#3479=CARTESIAN_POINT('',(-0.00159653825776539,1.11022302462516E-19,-0.00845627968063897));
#3480=CARTESIAN_POINT('',(-0.00112834247579742,-0.0011283424757974,-0.00839377968063897));
#3481=CARTESIAN_POINT('',(3.92300630693916E-18,-0.00159653825776539,-0.00833127968063897));
#3482=CARTESIAN_POINT('',(0.0011283424757974,-0.00112834247579741,-0.00826877968063897));
#3483=CARTESIAN_POINT('',(0.00159653825776539,-1.15463194561016E-17,-0.00820627968063897));
#3484=CARTESIAN_POINT('',(0.00112834247579741,0.00112834247579741,-0.00814377968063897));
#3485=CARTESIAN_POINT('',(8.52894814539649E-18,0.00159653825776539,-0.00808127968063897));
#3486=CARTESIAN_POINT('',(-0.00112834247579741,0.0011283424757974,-0.00801877968063897));
#3487=CARTESIAN_POINT('',(-0.00159653825776538,2.44249065417534E-18,-0.00795627968063897));
#3488=CARTESIAN_POINT('',(-0.00112834247579742,-0.0011283424757974,-0.00789377968063897));
#3489=CARTESIAN_POINT('',(4.30647836455596E-18,-0.00159653825776539,-0.00783127968063897));
#3490=CARTESIAN_POINT('',(0.0011283424757974,-0.00112834247579741,-0.00776877968063897));
#3491=CARTESIAN_POINT('',(0.00159653825776539,6.66133814775094E-18,-0.00770627968063897));
#3492=CARTESIAN_POINT('',(0.00112834247579741,0.00112834247579741,-0.00764377968063897));
#3493=CARTESIAN_POINT('',(8.52894814539649E-18,0.00159653825776539,-0.00758127968063897));
#3494=CARTESIAN_POINT('',(-0.00112834247579741,0.0011283424757974,-0.00751877968063897));
#3495=CARTESIAN_POINT('',(-0.00159653825776538,2.77555756156289E-18,-0.00745627968063897));
#3496=CARTESIAN_POINT('',(-0.00112834247579742,-0.0011283424757974,-0.00739377968063897));
#3497=CARTESIAN_POINT('',(3.5797273975476E-18,-0.00159653825776539,-0.00733127968063897));
#3498=CARTESIAN_POINT('',(0.0011283424757974,-0.00112834247579741,-0.00726877968063897));
#3499=CARTESIAN_POINT('',(0.00159653825776539,-1.23234755733392E-17,-0.00720627968063897));
#3500=CARTESIAN_POINT('',(0.00112834247579741,0.00112834247579741,-0.00714377968063897));
#3501=CARTESIAN_POINT('',(9.47774371732988E-18,0.00159653825776539,-0.00708127968063897));
#3502=CARTESIAN_POINT('',(-0.00112834247579741,0.0011283424757974,-0.00701877968063897));
#3503=CARTESIAN_POINT('',(-0.00159653825776539,2.99760216648792E-18,-0.00695627968063897));
#3504=CARTESIAN_POINT('',(-0.00112834247579742,-0.0011283424757974,-0.00689377968063897));
#3505=CARTESIAN_POINT('',(3.16265190644463E-18,-0.00159653825776539,-0.00683127968063897));
#3506=CARTESIAN_POINT('',(0.0011283424757974,-0.00112834247579742,-0.00676877968063897));
#3507=CARTESIAN_POINT('',(0.00159653825776539,6.10622663543836E-18,-0.00670627968063897));
#3508=CARTESIAN_POINT('',(0.00112834247579741,0.0011283424757974,-0.00664377968063897));
#3509=CARTESIAN_POINT('',(9.60556773653549E-18,0.00159653825776539,-0.00658127968063897));
#3510=CARTESIAN_POINT('',(-0.00112834247579741,0.0011283424757974,-0.00651877968063897));
#3511=CARTESIAN_POINT('',(-0.00159653825776538,3.44169137633799E-18,-0.00645627968063897));
#3512=CARTESIAN_POINT('',(-0.00112834247579742,-0.0011283424757974,-0.00639377968063897));
#3513=CARTESIAN_POINT('',(2.67474726110439E-18,-0.00159653825776539,-0.00633127968063897));
#3514=CARTESIAN_POINT('',(0.0011283424757974,-0.00112834247579741,-0.00626877968063897));
#3515=CARTESIAN_POINT('',(0.00159653825776539,-1.31006316905768E-17,-0.00620627968063897));
#3516=CARTESIAN_POINT('',(0.00112834247579741,0.00112834247579741,-0.00614377968063897));
#3517=CARTESIAN_POINT('',(9.98245007941324E-18,0.00159653825776539,-0.00608127968063897));
#3518=CARTESIAN_POINT('',(-0.00112834247579741,0.0011283424757974,-0.00601877968063897));
#3519=CARTESIAN_POINT('',(-0.00159653825776539,4.44089209850063E-18,-0.00595627968063897));
#3520=CARTESIAN_POINT('',(-0.00112834247579741,-0.0011283424757974,-0.00589377968063897));
#3521=CARTESIAN_POINT('',(-1.89554874346598E-17,-0.00159653825776539,-0.00583127968063897));
#3522=CARTESIAN_POINT('',(0.00112834247579742,-0.0011283424757974,-0.00576877968063897));
#3523=CARTESIAN_POINT('',(0.00159653825776539,1.11022302462516E-18,-0.00570627968063897));
#3524=CARTESIAN_POINT('',(0.00112834247579741,0.0011283424757974,-0.00564377968063897));
#3525=CARTESIAN_POINT('',(6.91401875868801E-18,0.00159653825776539,-0.00558127968063897));
#3526=CARTESIAN_POINT('',(-0.0011283424757974,0.00112834247579741,-0.00551877968063897));
#3527=CARTESIAN_POINT('',(-0.00159653825776539,2.30926389122033E-17,-0.00545627968063897));
#3528=CARTESIAN_POINT('',(-0.0011283424757974,-0.00112834247579742,-0.00539377968063897));
#3529=CARTESIAN_POINT('',(-2.15323918227798E-18,-0.00159653825776538,-0.00533127968063897));
#3530=CARTESIAN_POINT('',(0.0011283424757974,-0.00112834247579741,-0.00526877968063897));
#3531=CARTESIAN_POINT('',(0.00159653825776539,-9.88098491916389E-18,-0.00520627968063897));
#3532=CARTESIAN_POINT('',(0.00112834247579743,0.00112834247579739,-0.00514377968063897));
#3533=CARTESIAN_POINT('',(-1.05543633084688E-17,0.00159653825776539,-0.00508127968063897));
#3534=CARTESIAN_POINT('',(-0.00112834247579741,0.00112834247579741,-0.00501877968063897));
#3535=CARTESIAN_POINT('',(-0.00159653825776539,4.88498130835069E-18,-0.00495627968063897));
#3536=CARTESIAN_POINT('',(-0.00112834247579741,-0.0011283424757974,-0.00489377968063897));
#3537=CARTESIAN_POINT('',(-1.96990401184112E-17,-0.00159653825776539,-0.00483127968063897));
#3538=CARTESIAN_POINT('',(0.00112834247579742,-0.0011283424757974,-0.00476877968063897));
#3539=CARTESIAN_POINT('',(0.00159653825776538,1.11022302462516E-19,-0.00470627968063897));
#3540=CARTESIAN_POINT('',(0.00112834247579741,0.0011283424757974,-0.00464377968063897));
#3541=CARTESIAN_POINT('',(7.02504106115052E-18,0.00159653825776538,-0.00458127968063897));
#3542=CARTESIAN_POINT('',(-0.00112834247579739,0.00112834247579743,-0.00451877968063897));
#3543=CARTESIAN_POINT('',(-0.00159653825776539,-1.35447209004269E-17,-0.00445627968063897));
#3544=CARTESIAN_POINT('',(-0.0011283424757974,-0.00112834247579741,-0.00439377968063897));
#3545=CARTESIAN_POINT('',(-2.35848207045992E-18,-0.00159653825776539,-0.00433127968063897));
#3546=CARTESIAN_POINT('',(0.0011283424757974,-0.00112834247579741,-0.00426877968063897));
#3547=CARTESIAN_POINT('',(0.00159653825776539,-1.0547118733939E-17,-0.00420627968063897));
#3548=CARTESIAN_POINT('',(0.00112834247579743,0.00112834247579739,-0.00414377968063897));
#3549=CARTESIAN_POINT('',(-9.55516258630623E-18,0.00159653825776539,-0.00408127968063897));
#3550=CARTESIAN_POINT('',(-0.00112834247579741,0.00112834247579741,-0.00401877968063897));
#3551=CARTESIAN_POINT('',(-0.00159653825776539,5.55111512312578E-18,-0.00395627968063897));
#3552=CARTESIAN_POINT('',(-0.00112834247579741,-0.0011283424757974,-0.00389377968063897));
#3553=CARTESIAN_POINT('',(-2.03315704997001E-17,-0.00159653825776539,-0.00383127968063897));
#3554=CARTESIAN_POINT('',(0.00112834247579742,-0.0011283424757974,-0.00376877968063897));
#3555=CARTESIAN_POINT('',(0.00159653825776539,-5.55111512312578E-19,-0.00370627968063897));
#3556=CARTESIAN_POINT('',(0.00112834247579741,0.0011283424757974,-0.00364377968063897));
#3557=CARTESIAN_POINT('',(8.52894814539649E-18,0.00159653825776539,-0.00358127968063897));
#3558=CARTESIAN_POINT('',(-0.0011283424757974,0.00112834247579742,-0.00351877968063897));
#3559=CARTESIAN_POINT('',(-0.00159653825776539,2.4757973449141E-17,-0.00345627968063897));
#3560=CARTESIAN_POINT('',(-0.0011283424757974,-0.00112834247579742,-0.00339377968063897));
#3561=CARTESIAN_POINT('',(-3.60674111629469E-18,-0.00159653825776539,-0.00333127968063897));
#3562=CARTESIAN_POINT('',(0.0011283424757974,-0.00112834247579741,-0.00326877968063897));
#3563=CARTESIAN_POINT('',(0.00159653825776538,-1.15463194561016E-17,-0.00320627968063897));
#3564=CARTESIAN_POINT('',(0.00112834247579743,0.00112834247579739,-0.00314377968063897));
#3565=CARTESIAN_POINT('',(-9.32290597937718E-18,0.00159653825776539,-0.00308127968063897));
#3566=CARTESIAN_POINT('',(-0.0011283424757974,0.00112834247579741,-0.00301877968063897));
#3567=CARTESIAN_POINT('',(-0.00159653825776539,6.43929354282591E-18,-0.00295627968063897));
#3568=CARTESIAN_POINT('',(-0.00112834247579741,-0.0011283424757974,-0.00289377968063897));
#3569=CARTESIAN_POINT('',(-2.13139695051197E-17,-0.00159653825776539,-0.00283127968063897));
#3570=CARTESIAN_POINT('',(0.00112834247579742,-0.0011283424757974,-0.00276877968063897));
#3571=CARTESIAN_POINT('',(0.00159653825776539,-1.4432899320127E-18,-0.00270627968063897));
#3572=CARTESIAN_POINT('',(0.00112834247579741,0.0011283424757974,-0.00264377968063897));
#3573=CARTESIAN_POINT('',(8.63997044785901E-18,0.00159653825776539,-0.00258127968063897));
#3574=CARTESIAN_POINT('',(-0.00112834247579739,0.00112834247579743,-0.00251877968063897));
#3575=CARTESIAN_POINT('',(-0.00159653825776539,-1.19904086659517E-17,-0.00245627968063897));
#3576=CARTESIAN_POINT('',(-0.00112834247579741,-0.00112834247579741,-0.00239377968063897));
#3577=CARTESIAN_POINT('',(-3.95660974042533E-18,-0.00159653825776539,-0.00233127968063897));
#3578=CARTESIAN_POINT('',(0.0011283424757974,-0.00112834247579741,-0.00226877968063897));
#3579=CARTESIAN_POINT('',(0.00159653825776538,-1.23234755733392E-17,-0.00220627968063897));
#3580=CARTESIAN_POINT('',(0.00112834247579743,0.00112834247579739,-0.00214377968063897));
#3581=CARTESIAN_POINT('',(-8.30690354047147E-18,0.00159653825776539,-0.00208127968063897));
#3582=CARTESIAN_POINT('',(-0.0011283424757974,0.00112834247579741,-0.00201877968063897));
#3583=CARTESIAN_POINT('',(-0.00159653825776539,7.21644966006352E-18,-0.00195627968063897));
#3584=CARTESIAN_POINT('',(-0.00112834247579741,-0.0011283424757974,-0.00189377968063897));
#3585=CARTESIAN_POINT('',(-2.21517427745906E-17,-0.00159653825776539,-0.00183127968063897));
#3586=CARTESIAN_POINT('',(0.00112834247579742,-0.0011283424757974,-0.00176877968063897));
#3587=CARTESIAN_POINT('',(0.00159653825776538,-2.22044604925031E-18,-0.00170627968063897));
#3588=CARTESIAN_POINT('',(0.00112834247579741,0.0011283424757974,-0.00164377968063897));
#3589=CARTESIAN_POINT('',(1.0143877532105E-17,0.00159653825776539,-0.00158127968063897));
#3590=CARTESIAN_POINT('',(-0.0011283424757974,0.00112834247579742,-0.00151877968063897));
#3591=CARTESIAN_POINT('',(-0.00153577648216965,0.000146434664621224,-0.00146439084080101));
#3592=CARTESIAN_POINT('',(-0.00138227455995271,-0.000459358987955859,-0.00143083533429639));
#3593=CARTESIAN_POINT('',(-0.0012763622548768,-0.000663983342572577,-0.00141811316112509));
#3594=CARTESIAN_POINT('',(0.00117958555275826,0.00011500993614882,-0.0100512846463516));
#3595=CARTESIAN_POINT('',(0.00115218585310425,0.000384919640103447,-0.0100330355371236));
#3596=CARTESIAN_POINT('',(0.00089017870924494,0.000944504315445126,-0.00999395309456231));
#3597=CARTESIAN_POINT('',(4.01072862265158E-19,0.00131387613810176,-0.00993403731866765));
#3598=CARTESIAN_POINT('',(-0.000928572959242372,0.000928572959242375,-0.00987153731866765));
#3599=CARTESIAN_POINT('',(-0.00131387613810176,6.66133814775094E-19,-0.00980903731866765));
#3600=CARTESIAN_POINT('',(-0.000928572959242373,-0.000928572959242374,-0.00974653731866765));
#3601=CARTESIAN_POINT('',(-8.22493420489351E-19,-0.00131387613810176,-0.00968403731866765));
#3602=CARTESIAN_POINT('',(0.000928572959242372,-0.000928572959242375,-0.00962153731866765));
#3603=CARTESIAN_POINT('',(0.00131387613810176,-8.88178419700125E-19,-0.00955903731866765));
#3604=CARTESIAN_POINT('',(0.000928572959242372,0.000928572959242374,-0.00949653731866765));
#3605=CARTESIAN_POINT('',(4.33683266303862E-18,0.00131387613810176,-0.00943403731866765));
#3606=CARTESIAN_POINT('',(-0.000928572959242372,0.000928572959242375,-0.00937153731866765));
#3607=CARTESIAN_POINT('',(-0.00131387613810176,1.11022302462516E-18,-0.00930903731866765));
#3608=CARTESIAN_POINT('',(-0.000928572959242373,-0.000928572959242374,-0.00924653731866765));
#3609=CARTESIAN_POINT('',(2.73486216964483E-18,-0.00131387613810176,-0.00918403731866765));
#3610=CARTESIAN_POINT('',(0.00092857295924237,-0.000928572959242376,-0.00912153731866765));
#3611=CARTESIAN_POINT('',(0.00131387613810176,-1.33226762955019E-18,-0.00905903731866765));
#3612=CARTESIAN_POINT('',(0.000928572959242372,0.000928572959242374,-0.00899653731866765));
#3613=CARTESIAN_POINT('',(4.47052361712701E-18,0.00131387613810176,-0.00893403731866765));
#3614=CARTESIAN_POINT('',(-0.000928572959242372,0.000928572959242375,-0.00887153731866765));
#3615=CARTESIAN_POINT('',(-0.00131387613810176,1.55431223447522E-18,-0.00880903731866765));
#3616=CARTESIAN_POINT('',(-0.000928572959242374,-0.000928572959242374,-0.00874653731866765));
#3617=CARTESIAN_POINT('',(2.55583391230469E-18,-0.00131387613810176,-0.00868403731866765));
#3618=CARTESIAN_POINT('',(0.000928572959242369,-0.000928572959242376,-0.00862153731866766));
#3619=CARTESIAN_POINT('',(0.00131387613810176,-1.66533453693773E-18,-0.00855903731866766));
#3620=CARTESIAN_POINT('',(0.000928572959242372,0.000928572959242373,-0.00849653731866766));
#3621=CARTESIAN_POINT('',(5.22501108273874E-18,0.00131387613810176,-0.00843403731866765));
#3622=CARTESIAN_POINT('',(-0.000928572959242372,0.000928572959242375,-0.00837153731866765));
#3623=CARTESIAN_POINT('',(-0.00131387613810176,1.11022302462516E-19,-0.00830903731866765));
#3624=CARTESIAN_POINT('',(-0.00092857295924238,-0.000928572959242368,-0.00824653731866765));
#3625=CARTESIAN_POINT('',(3.13593503190999E-18,-0.00131387613810176,-0.00818403731866765));
#3626=CARTESIAN_POINT('',(0.00092857295924237,-0.000928572959242374,-0.00812153731866765));
#3627=CARTESIAN_POINT('',(0.00131387613810176,-1.15463194561016E-17,-0.00805903731866765));
#3628=CARTESIAN_POINT('',(0.000928572959242372,0.000928572959242376,-0.00799653731866766));
#3629=CARTESIAN_POINT('',(7.0263575294317E-18,0.00131387613810176,-0.00793403731866765));
#3630=CARTESIAN_POINT('',(-0.000928572959242377,0.000928572959242369,-0.00787153731866765));
#3631=CARTESIAN_POINT('',(-0.00131387613810176,2.44249065417534E-18,-0.00780903731866765));
#3632=CARTESIAN_POINT('',(-0.000928572959242381,-0.000928572959242367,-0.00774653731866765));
#3633=CARTESIAN_POINT('',(3.73406289180747E-18,-0.00131387613810176,-0.00768403731866765));
#3634=CARTESIAN_POINT('',(0.000928572959242369,-0.000928572959242378,-0.00762153731866765));
#3635=CARTESIAN_POINT('',(0.00131387613810176,6.66133814775094E-18,-0.00755903731866765));
#3636=CARTESIAN_POINT('',(0.000928572959242373,0.000928572959242372,-0.00749653731866765));
#3637=CARTESIAN_POINT('',(7.0263575294317E-18,0.00131387613810176,-0.00743403731866765));
#3638=CARTESIAN_POINT('',(-0.000928572959242377,0.000928572959242369,-0.00737153731866765));
#3639=CARTESIAN_POINT('',(-0.00131387613810176,2.77555756156289E-18,-0.00730903731866765));
#3640=CARTESIAN_POINT('',(-0.000928572959242382,-0.000928572959242367,-0.00724653731866765));
#3641=CARTESIAN_POINT('',(3.22196772707979E-18,-0.00131387613810176,-0.00718403731866765));
#3642=CARTESIAN_POINT('',(0.000928572959242369,-0.000928572959242375,-0.00712153731866766));
#3643=CARTESIAN_POINT('',(0.00131387613810176,-1.23234755733392E-17,-0.00705903731866766));
#3644=CARTESIAN_POINT('',(0.000928572959242372,0.000928572959242375,-0.00699653731866766));
#3645=CARTESIAN_POINT('',(7.76049729908441E-18,0.00131387613810176,-0.00693403731866765));
#3646=CARTESIAN_POINT('',(-0.000928572959242377,0.00092857295924237,-0.00687153731866765));
#3647=CARTESIAN_POINT('',(-0.00131387613810176,2.99760216648792E-18,-0.00680903731866765));
#3648=CARTESIAN_POINT('',(-0.000928572959242381,-0.000928572959242367,-0.00674653731866765));
#3649=CARTESIAN_POINT('',(2.44713256550902E-18,-0.00131387613810176,-0.00668403731866765));
#3650=CARTESIAN_POINT('',(0.000928572959242368,-0.00092857295924238,-0.00662153731866765));
#3651=CARTESIAN_POINT('',(0.00131387613810176,6.10622663543836E-18,-0.00655903731866765));
#3652=CARTESIAN_POINT('',(0.000928572959242373,0.00092857295924237,-0.00649653731866765));
#3653=CARTESIAN_POINT('',(7.95987325238356E-18,0.00131387613810176,-0.00643403731866765));
#3654=CARTESIAN_POINT('',(-0.000928572959242377,0.00092857295924237,-0.00637153731866765));
#3655=CARTESIAN_POINT('',(-0.00131387613810176,3.44169137633799E-18,-0.00630903731866765));
#3656=CARTESIAN_POINT('',(-0.000928572959242381,-0.000928572959242367,-0.00624653731866765));
#3657=CARTESIAN_POINT('',(2.24543565654302E-18,-0.00131387613810176,-0.00618403731866765));
#3658=CARTESIAN_POINT('',(0.000928572959242369,-0.000928572959242375,-0.00612153731866766));
#3659=CARTESIAN_POINT('',(0.00131387613810176,-1.31006316905768E-17,-0.00605903731866766));
#3660=CARTESIAN_POINT('',(0.000928572959242373,0.000928572959242375,-0.00599653731866765));
#3661=CARTESIAN_POINT('',(8.05054785888706E-18,0.00131387613810176,-0.00593403731866765));
#3662=CARTESIAN_POINT('',(-0.000928572959242376,0.00092857295924237,-0.00587153731866765));
#3663=CARTESIAN_POINT('',(-0.00131387613810176,4.44089209850063E-18,-0.00580903731866765));
#3664=CARTESIAN_POINT('',(-0.000928572959242377,-0.000928572959242368,-0.00574653731866765));
#3665=CARTESIAN_POINT('',(-1.55209945981688E-17,-0.00131387613810176,-0.00568403731866765));
#3666=CARTESIAN_POINT('',(0.000928572959242384,-0.000928572959242367,-0.00562153731866765));
#3667=CARTESIAN_POINT('',(0.00131387613810176,1.11022302462516E-18,-0.00555903731866765));
#3668=CARTESIAN_POINT('',(0.000928572959242374,0.00092857295924237,-0.00549653731866765));
#3669=CARTESIAN_POINT('',(5.62608394500391E-18,0.00131387613810176,-0.00543403731866765));
#3670=CARTESIAN_POINT('',(-0.000928572959242366,0.000928572959242378,-0.00537153731866765));
#3671=CARTESIAN_POINT('',(-0.00131387613810176,2.30926389122033E-17,-0.00530903731866765));
#3672=CARTESIAN_POINT('',(-0.000928572959242369,-0.000928572959242382,-0.00524653731866765));
#3673=CARTESIAN_POINT('',(-1.86703144590373E-18,-0.00131387613810176,-0.00518403731866765));
#3674=CARTESIAN_POINT('',(0.000928572959242369,-0.000928572959242375,-0.00512153731866766));
#3675=CARTESIAN_POINT('',(0.00131387613810176,-9.88098491916389E-18,-0.00505903731866766));
#3676=CARTESIAN_POINT('',(0.000928572959242388,0.000928572959242362,-0.00499653731866765));
#3677=CARTESIAN_POINT('',(-8.69401302203626E-18,0.00131387613810176,-0.00493403731866765));
#3678=CARTESIAN_POINT('',(-0.000928572959242372,0.000928572959242372,-0.00487153731866765));
#3679=CARTESIAN_POINT('',(-0.00131387613810176,4.88498130835069E-18,-0.00480903731866765));
#3680=CARTESIAN_POINT('',(-0.000928572959242377,-0.000928572959242367,-0.00474653731866765));
#3681=CARTESIAN_POINT('',(-1.61214434137331E-17,-0.00131387613810176,-0.00468403731866765));
#3682=CARTESIAN_POINT('',(0.000928572959242384,-0.000928572959242367,-0.00462153731866765));
#3683=CARTESIAN_POINT('',(0.00131387613810176,1.11022302462516E-19,-0.00455903731866765));
#3684=CARTESIAN_POINT('',(0.000928572959242374,0.00092857295924237,-0.00449653731866765));
#3685=CARTESIAN_POINT('',(5.73710624746642E-18,0.00131387613810176,-0.00443403731866765));
#3686=CARTESIAN_POINT('',(-0.000928572959242362,0.000928572959242388,-0.00437153731866765));
#3687=CARTESIAN_POINT('',(-0.00131387613810176,-1.35447209004269E-17,-0.00430903731866765));
#3688=CARTESIAN_POINT('',(-0.00092857295924237,-0.000928572959242373,-0.00424653731866765));
#3689=CARTESIAN_POINT('',(-2.00072239999212E-18,-0.00131387613810176,-0.00418403731866765));
#3690=CARTESIAN_POINT('',(0.000928572959242368,-0.000928572959242376,-0.00412153731866766));
#3691=CARTESIAN_POINT('',(0.00131387613810176,-1.0547118733939E-17,-0.00405903731866766));
#3692=CARTESIAN_POINT('',(0.000928572959242389,0.000928572959242361,-0.00399653731866766));
#3693=CARTESIAN_POINT('',(-7.69481229987363E-18,0.00131387613810176,-0.00393403731866765));
#3694=CARTESIAN_POINT('',(-0.000928572959242372,0.000928572959242373,-0.00387153731866766));
#3695=CARTESIAN_POINT('',(-0.00131387613810176,5.55111512312578E-18,-0.00380903731866766));
#3696=CARTESIAN_POINT('',(-0.000928572959242378,-0.000928572959242367,-0.00374653731866765));
#3697=CARTESIAN_POINT('',(-1.6610869926835E-17,-0.00131387613810176,-0.00368403731866765));
#3698=CARTESIAN_POINT('',(0.000928572959242382,-0.000928572959242368,-0.00362153731866765));
#3699=CARTESIAN_POINT('',(0.00131387613810176,-5.55111512312578E-19,-0.00355903731866765));
#3700=CARTESIAN_POINT('',(0.000928572959242375,0.000928572959242369,-0.00349653731866765));
#3701=CARTESIAN_POINT('',(7.0263575294317E-18,0.00131387613810176,-0.00343403731866765));
#3702=CARTESIAN_POINT('',(-0.000928572959242365,0.00092857295924238,-0.00337153731866766));
#3703=CARTESIAN_POINT('',(-0.00131387613810176,2.4757973449141E-17,-0.00330903731866766));
#3704=CARTESIAN_POINT('',(-0.000928572959242369,-0.000928572959242382,-0.00324653731866765));
#3705=CARTESIAN_POINT('',(-2.89122177535908E-18,-0.00131387613810176,-0.00318403731866765));
#3706=CARTESIAN_POINT('',(0.000928572959242368,-0.000928572959242376,-0.00312153731866765));
#3707=CARTESIAN_POINT('',(0.00131387613810176,-1.15463194561016E-17,-0.00305903731866765));
#3708=CARTESIAN_POINT('',(0.00092857295924239,0.000928572959242361,-0.00299653731866765));
#3709=CARTESIAN_POINT('',(-7.89186729750596E-18,0.00131387613810176,-0.00293403731866765));
#3710=CARTESIAN_POINT('',(-0.00092857295924237,0.000928572959242373,-0.00287153731866766));
#3711=CARTESIAN_POINT('',(-0.00131387613810176,6.43929354282591E-18,-0.00280903731866765));
#3712=CARTESIAN_POINT('',(-0.000928572959242378,-0.000928572959242366,-0.00274653731866765));
#3713=CARTESIAN_POINT('',(-1.75217169981609E-17,-0.00131387613810176,-0.00268403731866765));
#3714=CARTESIAN_POINT('',(0.000928572959242382,-0.000928572959242368,-0.00262153731866765));
#3715=CARTESIAN_POINT('',(0.00131387613810176,-1.4432899320127E-18,-0.00255903731866765));
#3716=CARTESIAN_POINT('',(0.000928572959242375,0.000928572959242369,-0.00249653731866765));
#3717=CARTESIAN_POINT('',(7.13737983189422E-18,0.00131387613810176,-0.00243403731866765));
#3718=CARTESIAN_POINT('',(-0.000928572959242362,0.000928572959242388,-0.00237153731866766));
#3719=CARTESIAN_POINT('',(-0.00131387613810176,-1.19904086659517E-17,-0.00230903731866765));
#3720=CARTESIAN_POINT('',(-0.000928572959242372,-0.000928572959242372,-0.00224653731866765));
#3721=CARTESIAN_POINT('',(-3.31264233358327E-18,-0.00131387613810176,-0.00218403731866765));
#3722=CARTESIAN_POINT('',(0.000928572959242368,-0.000928572959242377,-0.00212153731866765));
#3723=CARTESIAN_POINT('',(0.00131387613810176,-1.23234755733392E-17,-0.00205903731866765));
#3724=CARTESIAN_POINT('',(0.00092857295924239,0.00092857295924236,-0.00199653731866766));
#3725=CARTESIAN_POINT('',(-6.80431292450667E-18,0.00131387613810176,-0.00193403731866765));
#3726=CARTESIAN_POINT('',(-0.00092857295924237,0.000928572959242374,-0.00187153731866765));
#3727=CARTESIAN_POINT('',(-0.00131387613810176,7.21644966006352E-18,-0.00180903731866765));
#3728=CARTESIAN_POINT('',(-0.000928572959242378,-0.000928572959242366,-0.00174653731866766));
#3729=CARTESIAN_POINT('',(-1.81448344653512E-17,-0.00131387613810176,-0.00168403731866765));
#3730=CARTESIAN_POINT('',(0.000928572959242382,-0.000928572959242369,-0.00162153731866765));
#3731=CARTESIAN_POINT('',(0.00131387613810176,-2.22044604925031E-18,-0.00155903731866765));
#3732=CARTESIAN_POINT('',(0.000928572959242375,0.000928572959242369,-0.00149653731866766));
#3733=CARTESIAN_POINT('',(8.4266311138595E-18,0.00131387613810176,-0.00143403731866765));
#3734=CARTESIAN_POINT('',(-0.000928572959242365,0.00092857295924238,-0.00137153731866765));
#3735=CARTESIAN_POINT('',(-0.00126387204538701,0.000120508863912883,-0.00131714847882969));
#3736=CARTESIAN_POINT('',(-0.00113754715979619,-0.00037803091166918,-0.00128359297232507));
#3737=CARTESIAN_POINT('',(-0.00105038629804185,-0.000546427162430923,-0.00127087079915377));
#3738=CARTESIAN_POINT('',(-0.0012748181105021,-0.000663180054838701,-0.00141710702105541));
#3739=CARTESIAN_POINT('',(-0.0012748181105021,-0.000663180054838701,-0.00141710702105542));
#3740=CARTESIAN_POINT('',(-0.00105303347054001,-0.000547804262417214,-0.00127259565491557));
#3741=CARTESIAN_POINT('',(-0.001187,9.63377563271523E-18,-0.00131002463541151));
#3742=CARTESIAN_POINT('',(-0.001187,-0.000189796890530463,-0.00129754830857953));
#3743=CARTESIAN_POINT('',(-0.00114062533711636,-0.000379428122288313,-0.00128507198174755));
#3744=CARTESIAN_POINT('',(-0.00105303347054001,-0.000547804262417214,-0.00127259565491557));
#3745=CARTESIAN_POINT('',(-0.001187,9.30486626379388E-18,-0.00131002463541151));
#3746=CARTESIAN_POINT('',(-0.001187,-3.20098018425547E-17,-0.00180993697566238));
#3747=CARTESIAN_POINT('',(-0.001187,-7.7674589082455E-5,-0.00180471606458543));
#3748=CARTESIAN_POINT('',(-0.00116945760315251,-0.000237585888018017,-0.00179407341043106));
#3749=CARTESIAN_POINT('',(-0.00112606563521358,-0.000390234167797225,-0.00178380629838115));
#3750=CARTESIAN_POINT('',(-0.00106915585496113,-0.000516465807405455,-0.00177497515545175));
#3751=CARTESIAN_POINT('',(-0.00106258344798278,-0.000528254999804462,-0.00177407225920664));
#3752=CARTESIAN_POINT('',(-0.00102811954852658,-0.000602222196624381,-0.00176852373715626));
#3753=CARTESIAN_POINT('',(-0.00090845898601747,-0.000769498582755682,-0.00175425952683345));
#3754=CARTESIAN_POINT('',(-0.000852551631150112,-0.000826788595730087,-0.00174887365868009));
#3755=CARTESIAN_POINT('',(-0.000760970121475902,-0.000915359238351804,-0.00174043215178665));
#3756=CARTESIAN_POINT('',(-0.000589546178673736,-0.00103937133376832,-0.00172667424237829));
#3757=CARTESIAN_POINT('',(-0.000396255666013281,-0.0011232485386142,-0.00171275572594058));
#3758=CARTESIAN_POINT('',(-0.00024979529012271,-0.00116695478746202,-0.00170224809989669));
#3759=CARTESIAN_POINT('',(1.2817461350548E-5,-0.00119543699493286,-0.00168414901043062));
#3760=CARTESIAN_POINT('',(0.000226828247552568,-0.00117324099496527,-0.00167015179228239));
#3761=CARTESIAN_POINT('',(0.000475067025282469,-0.0010956027480437,-0.00165333795388772));
#3762=CARTESIAN_POINT('',(0.00066090270943546,-0.000997968787052886,-0.0016389906348571));
#3763=CARTESIAN_POINT('',(0.000849918496153506,-0.000833649458330198,-0.00162184585269112));
#3764=CARTESIAN_POINT('',(0.000917330008183776,-0.000754954967248841,-0.00161500494666765));
#3765=CARTESIAN_POINT('',(0.00101252242480839,-0.000629104204302727,-0.00160473928681251));
#3766=CARTESIAN_POINT('',(0.00113987037590159,-0.000388758845730428,-0.00158689120462253));
#3767=CARTESIAN_POINT('',(0.00121812622857687,-2.25999470572575E-7,-0.00155942224261841));
#3768=CARTESIAN_POINT('',(0.00112527577708955,0.000466156771230555,-0.00152994485503159));
#3769=CARTESIAN_POINT('',(0.000904944625369609,0.000794773117768963,-0.00150367120189799));
#3770=CARTESIAN_POINT('',(0.000694125145851106,0.000969296113637935,-0.00148434769465587));
#3771=CARTESIAN_POINT('',(0.000560024838523892,0.00104719850940085,-0.0014749154857841));
#3772=CARTESIAN_POINT('',(0.000515375421484901,0.0010716769655492,-0.00147153939492532));
#3773=CARTESIAN_POINT('',(0.000399012362365962,0.00111897682416577,-0.00146304702292899));
#3774=CARTESIAN_POINT('',(0.000326871094107001,0.00114196142537616,-0.00145788412978811));
#3775=CARTESIAN_POINT('',(0.000230399429590643,0.00116615503291832,-0.00145105563155469));
#3776=CARTESIAN_POINT('',(0.000121264004962267,0.00118349070211768,-0.00144344215910236));
#3777=CARTESIAN_POINT('',(-1.76950479663532E-5,0.00118761906273879,-0.0014336607235799));
#3778=CARTESIAN_POINT('',(-5.07081526188034E-5,0.00118803304339387,-0.0014315255426594));
#3779=CARTESIAN_POINT('',(-0.000241634727518663,0.00116723757252761,-0.00141912075310806));
#3780=CARTESIAN_POINT('',(-0.000371666656998065,0.00112827275909909,-0.00141040258841968));
#3781=CARTESIAN_POINT('',(-0.000475627714975992,0.00109122569331655,-0.00140314169516586));
#3782=CARTESIAN_POINT('',(-0.000633624036226169,0.00100859024031672,-0.0013910929853989));
#3783=CARTESIAN_POINT('',(-0.00075017050585973,0.00092333533171974,-0.00138120958367652));
#3784=CARTESIAN_POINT('',(-0.000853735345377727,0.000825559301445095,-0.00137121971828915));
#3785=CARTESIAN_POINT('',(-0.000869919036163969,0.00081142533812483,-0.00136988077965666));
#3786=CARTESIAN_POINT('',(-0.000999709959658273,0.000648982941765073,-0.00135634780883734));
#3787=CARTESIAN_POINT('',(-0.00105332694174558,0.000548876404291338,-0.00134899467687172));
#3788=CARTESIAN_POINT('',(-0.0011422431624312,0.000364162014935377,-0.00133534092675566));
#3789=CARTESIAN_POINT('',(-0.001187,0.000155408894958433,-0.00132091730563585));
#3790=CARTESIAN_POINT('',(-0.001187,1.09787745670169E-17,-0.00131002463541151));
#3791=CARTESIAN_POINT('',(-0.001187,-1.62882917067409E-17,-0.00180993697566237));
#3792=CARTESIAN_POINT('',(-0.001187,-8.2887766984136E-18,-0.00231002544490565));
#3793=CARTESIAN_POINT('',(-0.001187,-7.77324583308592E-5,-0.00230481797981505));
#3794=CARTESIAN_POINT('',(-0.00116931128981337,-0.000238011445770397,-0.00229415512455247));
#3795=CARTESIAN_POINT('',(-0.00112626068985116,-0.000389924583252321,-0.00228390325361423));
#3796=CARTESIAN_POINT('',(-0.00106875022354852,-0.000517307517004373,-0.00227491818267052));
#3797=CARTESIAN_POINT('',(-0.00106368609299256,-0.000525955363073466,-0.00227423672365677));
#3798=CARTESIAN_POINT('',(-0.00102995266124441,-0.000599149936396127,-0.00226875504959748));
#3799=CARTESIAN_POINT('',(-0.00090823693960705,-0.000770591825679496,-0.00225423434799101));
#3800=CARTESIAN_POINT('',(-0.000762594115071168,-0.000919860482261813,-0.00224010338589563));
#3801=CARTESIAN_POINT('',(-0.000533762090689036,-0.00108266555701086,-0.00222229647195139));
#3802=CARTESIAN_POINT('',(-0.000267896768550099,-0.0011600320449563,-0.00220357040471638));
#3803=CARTESIAN_POINT('',(-0.00012104712178596,-0.00118354380485647,-0.0021933834055073));
#3804=CARTESIAN_POINT('',(1.70674385443774E-5,-0.00118759802507026,-0.00218371323595223));
#3805=CARTESIAN_POINT('',(5.25341740943422E-5,-0.00118806409071034,-0.00218140480603335));
#3806=CARTESIAN_POINT('',(0.000243332220319893,-0.00116658491306012,-0.002169015455068));
#3807=CARTESIAN_POINT('',(0.000364770911682972,-0.00113051008398131,-0.00216088132820598));
#3808=CARTESIAN_POINT('',(0.000479750589974081,-0.00108985225541751,-0.00215283715446057));
#3809=CARTESIAN_POINT('',(0.000632766350078004,-0.00100908130021244,-0.00214115016153837));
#3810=CARTESIAN_POINT('',(0.000750958008897568,-0.000922607390304112,-0.00213114220865988));
#3811=CARTESIAN_POINT('',(0.000851763001396463,-0.000827684746647989,-0.0021214673809451));
#3812=CARTESIAN_POINT('',(0.000877819151693332,-0.000802853441328339,-0.00211911211069774));
#3813=CARTESIAN_POINT('',(0.00103532797724674,-0.000601388774269933,-0.00210247343694424));
#3814=CARTESIAN_POINT('',(0.00112369055532636,-0.000408208368212834,-0.0020888403425163));
#3815=CARTESIAN_POINT('',(0.00122372419125339,7.02907839349742E-6,-0.00205878342527314));
#3816=CARTESIAN_POINT('',(0.00112341930700043,0.000464332101368912,-0.0020298639153272));
#3817=CARTESIAN_POINT('',(0.000905810945189642,0.000795344385645355,-0.00200339808196985));
#3818=CARTESIAN_POINT('',(0.000693311090478364,0.000968669864172945,-0.00198450057818318));
#3819=CARTESIAN_POINT('',(0.000577969804766781,0.00103828214561595,-0.00197581792207162));
#3820=CARTESIAN_POINT('',(0.00050618711616653,0.00107392317727262,-0.00197091959374771));
#3821=CARTESIAN_POINT('',(0.000484978305526836,0.00108342457678306,-0.00196936258236466));
#3822=CARTESIAN_POINT('',(0.00039282395759971,0.00112440381492063,-0.0019625741554969));
#3823=CARTESIAN_POINT('',(0.000217991143213767,0.00117003583877435,-0.00195002219463734));
#3824=CARTESIAN_POINT('',(0.000111889056116851,0.00118313075777969,-0.00194271369121107));
#3825=CARTESIAN_POINT('',(-0.000129850390811398,0.00119509443250706,-0.00192631885465342));
#3826=CARTESIAN_POINT('',(-0.000395637875607279,0.00113404185585347,-0.00190934695855615));
#3827=CARTESIAN_POINT('',(-0.000626742768969525,0.00101610896224822,-0.00189165815951845));
#3828=CARTESIAN_POINT('',(-0.000789317543135617,0.000890572729655934,-0.00187753993764041));
#3829=CARTESIAN_POINT('',(-0.00087053158370284,0.000808177132758815,-0.00186972328594519));
#3830=CARTESIAN_POINT('',(-0.000917779738860665,0.000754714460377637,-0.00186497665425108));
#3831=CARTESIAN_POINT('',(-0.00101243597411198,0.00062899732729564,-0.00185478223303208));
#3832=CARTESIAN_POINT('',(-0.00114004199619441,0.000388545934077355,-0.00183680325257582));
#3833=CARTESIAN_POINT('',(-0.001187,0.000155375559419008,-0.00182081490198944));
#3834=CARTESIAN_POINT('',(-0.001187,-3.54090079370813E-17,-0.00180993697566238));
#3835=CARTESIAN_POINT('',(-0.001187,-8.14488058338607E-18,-0.00231002544490566));
#3836=CARTESIAN_POINT('',(-0.001187,5.12773531079851E-17,-0.00280995038064326));
#3837=CARTESIAN_POINT('',(-0.001187,-7.76743782859715E-5,-0.00280471417292143));
#3838=CARTESIAN_POINT('',(-0.00117428083981058,-0.000196679627618777,-0.0027968212253648));
#3839=CARTESIAN_POINT('',(-0.00113980059882969,-0.000340897010205053,-0.00278722184940664));
#3840=CARTESIAN_POINT('',(-0.00109058023786577,-0.0004707084858356,-0.00277848094236652));
#3841=CARTESIAN_POINT('',(-0.00107794946338583,-0.000501255184939632,-0.00277621326877556));
#3842=CARTESIAN_POINT('',(-0.000988968808533053,-0.000666494319063367,-0.00276331286297604));
#3843=CARTESIAN_POINT('',(-0.000888057741821115,-0.000789305466673448,-0.00275235353287973));
#3844=CARTESIAN_POINT('',(-0.000849180912451508,-0.000831031931545904,-0.00274845373045509));
#3845=CARTESIAN_POINT('',(-0.000752518010224111,-0.000921296068593742,-0.00273965294418295));
#3846=CARTESIAN_POINT('',(-0.000660207878511796,-0.000988087363949306,-0.00273215886594076));
#3847=CARTESIAN_POINT('',(-0.00056473291559716,-0.00104720470164963,-0.0027248279502603));
#3848=CARTESIAN_POINT('',(-0.000439432921958625,-0.00110345011008823,-0.00271602668713699));
#3849=CARTESIAN_POINT('',(-0.000404241888473853,-0.00111835316310595,-0.00271343266205737));
#3850=CARTESIAN_POINT('',(-0.000222562417104713,-0.00117067101899043,-0.00270034837501985));
#3851=CARTESIAN_POINT('',(-9.46339408685021E-5,-0.0011841767412961,-0.00269145012937276));
#3852=CARTESIAN_POINT('',(2.55407732858374E-5,-0.00119037766376508,-0.00268326775045522));
#3853=CARTESIAN_POINT('',(0.000198197753566746,-0.00117464930384346,-0.00267182537265957));
#3854=CARTESIAN_POINT('',(0.000341409398418013,-0.00113936079759893,-0.00266223935393744));
#3855=CARTESIAN_POINT('',(0.000467918261440967,-0.00109201348826294,-0.00265363681414946));
#3856=CARTESIAN_POINT('',(0.000512819890222739,-0.00107227676668409,-0.0026503555662077));
#3857=CARTESIAN_POINT('',(0.000663994689405278,-0.000989920916629969,-0.00263852341825196));
#3858=CARTESIAN_POINT('',(0.000786803315003629,-0.000890547237666299,-0.0026276156712408));
#3859=CARTESIAN_POINT('',(0.000832089645720135,-0.000848137482870175,-0.00262337023034555));
#3860=CARTESIAN_POINT('',(0.000921323069214006,-0.000752446811019802,-0.00261461331585004));
#3861=CARTESIAN_POINT('',(0.000988369923523392,-0.000659771656072763,-0.00260708452276393));
#3862=CARTESIAN_POINT('',(0.00104720467151402,-0.000564817401245196,-0.00259980206245251));
#3863=CARTESIAN_POINT('',(0.00110405527034233,-0.000437870909520007,-0.00259095349444497));
#3864=CARTESIAN_POINT('',(0.00111657657528415,-0.000408850949337167,-0.0025887703692593));
#3865=CARTESIAN_POINT('',(0.00117071692915988,-0.000224712379305953,-0.00257547296689677));
#3866=CARTESIAN_POINT('',(0.00118572167299262,-8.16664549449643E-5,-0.00256549375344214));
#3867=CARTESIAN_POINT('',(0.00118749780251094,6.1786290569253E-6,-0.00255949477775383));
#3868=CARTESIAN_POINT('',(0.00118628701177242,5.57278703183022E-5,-0.00255626786649197));
#3869=CARTESIAN_POINT('',(0.00117895519203211,0.000160826695409281,-0.00254943076059841));
#3870=CARTESIAN_POINT('',(0.00115287584391484,0.000286565429462175,-0.00254113700067524));
#3871=CARTESIAN_POINT('',(0.00113118728038629,0.000362357530143362,-0.00253603891392858));
#3872=CARTESIAN_POINT('',(0.00108869313028801,0.000484261169451195,-0.00252752881892794));
#3873=CARTESIAN_POINT('',(0.000985750690423789,0.000680659682360849,-0.00251244850029302));
#3874=CARTESIAN_POINT('',(0.000754902218338959,0.000936987298107633,-0.00248912856967809));
#3875=CARTESIAN_POINT('',(0.000560091357388592,0.00106727371079774,-0.00247457244507068));
#3876=CARTESIAN_POINT('',(0.000230151570686763,0.00117268698416727,-0.00245085392672294));
#3877=CARTESIAN_POINT('',(-5.10633490674621E-5,0.00120263213514887,-0.00243135014730889));
#3878=CARTESIAN_POINT('',(-0.000403521311366439,0.00113393248734656,-0.00240882261130309));
#3879=CARTESIAN_POINT('',(-0.000662984512247466,0.000996886139827942,-0.00238883305723828));
#3880=CARTESIAN_POINT('',(-0.000851429262198751,0.000831960877441724,-0.00237170183682116));
#3881=CARTESIAN_POINT('',(-0.000917428408043899,0.000754808645345694,-0.00236499854777758));
#3882=CARTESIAN_POINT('',(-0.00101262475825274,0.000628960989036868,-0.00235475209433722));
#3883=CARTESIAN_POINT('',(-0.00113989380797453,0.000388588483182254,-0.00233680732739539));
#3884=CARTESIAN_POINT('',(-0.001187,0.000155378479552227,-0.00232085413119894));
#3885=CARTESIAN_POINT('',(-0.001187,-1.22151166850322E-17,-0.00231002544490565));
#3886=CARTESIAN_POINT('',(-0.001187,3.37350996338583E-17,-0.00280995038064326));
#3887=CARTESIAN_POINT('',(-0.001187,-8.2887766984136E-18,-0.00330997524718117));
#3888=CARTESIAN_POINT('',(-0.001187,-7.77290735563693E-5,-0.0033047783587176));
#3889=CARTESIAN_POINT('',(-0.00116904851676248,-0.000238559369004246,-0.00329409292733204));
#3890=CARTESIAN_POINT('',(-0.00112689369512787,-0.000388582257933171,-0.00328398472314679));
#3891=CARTESIAN_POINT('',(-0.00106824824755508,-0.000518368114234176,-0.00327483155375608));
#3892=CARTESIAN_POINT('',(-0.00106652145763617,-0.00051996792019428,-0.00327465116074252));
#3893=CARTESIAN_POINT('',(-0.00103453082720441,-0.000591938917380072,-0.00326929694097028));
#3894=CARTESIAN_POINT('',(-0.000907090778323691,-0.000772397476266723,-0.00325410708628258));
#3895=CARTESIAN_POINT('',(-0.000764340852184483,-0.000917317880287031,-0.00324036850792442));
#3896=CARTESIAN_POINT('',(-0.000533063386879591,-0.00108331831882965,-0.00322214763757289));
#3897=CARTESIAN_POINT('',(-0.000267719273051673,-0.00116006065186992,-0.00320350025815175));
#3898=CARTESIAN_POINT('',(-0.000120656391840717,-0.00118356049531302,-0.00319332094554006));
#3899=CARTESIAN_POINT('',(1.69067548871278E-5,-0.00118766633880328,-0.0031837351246642));
#3900=CARTESIAN_POINT('',(5.43955695617717E-5,-0.00118777401843659,-0.00318128701784695));
#3901=CARTESIAN_POINT('',(0.000240520930304718,-0.00116737926452337,-0.00316919395883373));
#3902=CARTESIAN_POINT('',(0.000373414335205778,-0.00112777010490867,-0.0031602800805622));
#3903=CARTESIAN_POINT('',(0.000474821607703416,-0.00109143659125283,-0.003153200902238));
#3904=CARTESIAN_POINT('',(0.000633923693811352,-0.00100844216888466,-0.00314107817305822));
#3905=CARTESIAN_POINT('',(0.000750200614589944,-0.000923305926686752,-0.00313120751914853));
#3906=CARTESIAN_POINT('',(0.000853956612384871,-0.000825324398831385,-0.00312118055685644));
#3907=CARTESIAN_POINT('',(0.000869453560722293,-0.000811944787767226,-0.00311991591309851));
#3908=CARTESIAN_POINT('',(0.000999932719532058,-0.00064874153336958,-0.0031063270894131));
#3909=CARTESIAN_POINT('',(0.00105338816114351,-0.000548593825028926,-0.00309897894794111));
#3910=CARTESIAN_POINT('',(0.00111219945085558,-0.000427199784892841,-0.00309000141839007));
#3911=CARTESIAN_POINT('',(0.00116064933423506,-0.000266511644007398,-0.0030786035346961));
#3912=CARTESIAN_POINT('',(0.00118339337472597,-0.00012150528191326,-0.00306852525487916));
#3913=CARTESIAN_POINT('',(0.00118781067278951,1.83441769687361E-5,-0.00305871829581522));
#3914=CARTESIAN_POINT('',(0.00118736392969962,4.83793861418065E-5,-0.00305677133714231));
#3915=CARTESIAN_POINT('',(0.0011719301451157,0.000214997274527234,-0.00304587311588392));
#3916=CARTESIAN_POINT('',(0.00113277625614274,0.000361580916347903,-0.00303611036904567));
#3917=CARTESIAN_POINT('',(0.00108235441484285,0.000495992781084331,-0.00302664659718599));
#3918=CARTESIAN_POINT('',(0.000994123025915165,0.000662456303112746,-0.00301391011093052));
#3919=CARTESIAN_POINT('',(0.000845018004266449,0.000844568826367828,-0.00299807202803597));
#3920=CARTESIAN_POINT('',(0.000692747456469896,0.00096976892785083,-0.00298432426392604));
#3921=CARTESIAN_POINT('',(0.000562521027500282,0.00104630902443153,-0.00297509215383358));
#3922=CARTESIAN_POINT('',(0.000489508513964098,0.00108400315217134,-0.00296964632253917));
#3923=CARTESIAN_POINT('',(0.000336432212767101,0.00114151984179552,-0.00295849948161115));
#3924=CARTESIAN_POINT('',(0.000233341035209195,0.00116489124450318,-0.0029512321195743));
#3925=CARTESIAN_POINT('',(0.000120958938172351,0.00118380485136028,-0.00294338611891537));
#3926=CARTESIAN_POINT('',(-1.76335806215819E-5,0.00118745051742157,-0.0029336934206359));
#3927=CARTESIAN_POINT('',(-4.88280832940321E-5,0.00118839290000683,-0.00293168437824294));
#3928=CARTESIAN_POINT('',(-0.000245107460317682,0.00116623270466502,-0.00291891395395376));
#3929=CARTESIAN_POINT('',(-0.00036084001668456,0.00113169680483438,-0.00291114414152259));
#3930=CARTESIAN_POINT('',(-0.000481893900766078,0.00108921309473903,-0.00290267585040535));
#3931=CARTESIAN_POINT('',(-0.000632267133327656,0.00100931356792636,-0.00289119040654762));
#3932=CARTESIAN_POINT('',(-0.000751078707419216,0.000922505748327987,-0.00288113925447351));
#3933=CARTESIAN_POINT('',(-0.000851274044647527,0.000828230046412486,-0.00287153480205295));
#3934=CARTESIAN_POINT('',(-0.000879382489256476,0.000801045640488283,-0.00286895731336409));
#3935=CARTESIAN_POINT('',(-0.00103414324817427,0.000602874366527429,-0.0028525971097405));
#3936=CARTESIAN_POINT('',(-0.00112378909495946,0.000408074295543647,-0.00283874456766277));
#3937=CARTESIAN_POINT('',(-0.00118699999999999,0.000155363367818035,-0.00282093464865489));
#3938=CARTESIAN_POINT('',(-0.001187,4.68238792292745E-17,-0.00280995038064326));
#3939=CARTESIAN_POINT('',(-0.001187,-8.72634288362123E-18,-0.00330997524718117));
#3940=CARTESIAN_POINT('',(-0.001187,3.33548007768563E-17,-0.00381000242255429));
#3941=CARTESIAN_POINT('',(-0.001187,-7.76822450557819E-5,-0.00380475571129685));
#3942=CARTESIAN_POINT('',(-0.00116918363685002,-0.000238177415615828,-0.00379403930335706));
#3943=CARTESIAN_POINT('',(-0.00112669614419798,-0.000388922047021253,-0.00378390174139723));
#3944=CARTESIAN_POINT('',(-0.00106860888989796,-0.000517614169643632,-0.00377491755610611));
#3945=CARTESIAN_POINT('',(-0.00106545048218817,-0.000522230526407409,-0.0037745192859722));
#3946=CARTESIAN_POINT('',(-0.00103272791406189,-0.000594895282672595,-0.00376908394820345));
#3947=CARTESIAN_POINT('',(-0.000907417318284999,-0.000771522324194319,-0.00375409266278612));
#3948=CARTESIAN_POINT('',(-0.000820250883900137,-0.00086057319538538,-0.00374566292481561));
#3949=CARTESIAN_POINT('',(-0.000661790546890561,-0.000996160716537782,-0.00373211753709267));
#3950=CARTESIAN_POINT('',(-0.000458782821832912,-0.00110288167324432,-0.00371704490415678));
#3951=CARTESIAN_POINT('',(-0.000267937909672773,-0.00116021145786886,-0.00370357968979996));
#3952=CARTESIAN_POINT('',(-0.00012130763848787,-0.00118349289534642,-0.00369343568275758));
#3953=CARTESIAN_POINT('',(1.7154142565617E-5,-0.00118757616930095,-0.00368377187031095));
#3954=CARTESIAN_POINT('',(5.14178545724369E-5,-0.00118820231364233,-0.00368154112031433));
#3955=CARTESIAN_POINT('',(0.00024447035792353,-0.0011662676930542,-0.00366895462638876));
#3956=CARTESIAN_POINT('',(0.000360855466364263,-0.0011317361312957,-0.00366113149528714));
#3957=CARTESIAN_POINT('',(0.000482111401625195,-0.00108911509614451,-0.00365265727373093));
#3958=CARTESIAN_POINT('',(0.000632577565794933,-0.00100905761378114,-0.00364117354196119));
#3959=CARTESIAN_POINT('',(0.000750964074173626,-0.000922655467617724,-0.00363115305185727));
#3960=CARTESIAN_POINT('',(0.000852479191971278,-0.000827005452885253,-0.00362139125999656));
#3961=CARTESIAN_POINT('',(0.000875594454351575,-0.000804876373484502,-0.00361930607143477));
#3962=CARTESIAN_POINT('',(0.000997558937603899,-0.00065184275745427,-0.00360656362590815));
#3963=CARTESIAN_POINT('',(0.0010553585288617,-0.000545328620067581,-0.00359870205643246));
#3964=CARTESIAN_POINT('',(0.00114011646275742,-0.000367657527830771,-0.00358574343436824));
#3965=CARTESIAN_POINT('',(0.00120391657175067,-7.40859774978223E-5,-0.0035642585859602));
#3966=CARTESIAN_POINT('',(0.00117139544917509,0.000232314980965039,-0.00354513710372932));
#3967=CARTESIAN_POINT('',(0.00111508207690905,0.000419956255617597,-0.00353210624451469));
#3968=CARTESIAN_POINT('',(0.00104849833879558,0.000560375221776435,-0.00352163234617193));
#3969=CARTESIAN_POINT('',(0.000998390980958607,0.000644381347046812,-0.00351494734593239));
#3970=CARTESIAN_POINT('',(0.000953721115709258,0.000706930997372017,-0.00350962407849904));
#3971=CARTESIAN_POINT('',(0.000947960898044454,0.00071451344630119,-0.00350899514156909));
#3972=CARTESIAN_POINT('',(0.00089252845409299,0.000784824130621278,-0.00350295514219508));
#3973=CARTESIAN_POINT('',(0.000795325368685241,0.00089757637416483,-0.00349323375138083));
#3974=CARTESIAN_POINT('',(0.000564519684624721,0.00104917208433596,-0.00347500750801276));
#3975=CARTESIAN_POINT('',(0.000417891109228314,0.0011146733288191,-0.00346441813633336));
#3976=CARTESIAN_POINT('',(0.000267792899018493,0.00116026941631618,-0.00345376513548673));
#3977=CARTESIAN_POINT('',(0.000121345391957141,0.00118348845770165,-0.00344356796029936));
#3978=CARTESIAN_POINT('',(-1.93235513835911E-5,0.00118776020345499,-0.00343362564668171));
#3979=CARTESIAN_POINT('',(-4.52053586557965E-5,0.00118747063495734,-0.00343197275953188));
#3980=CARTESIAN_POINT('',(-0.000213783759113081,0.0011723183672959,-0.00342094736318785));
#3981=CARTESIAN_POINT('',(-0.000364347337128994,0.00113206813046265,-0.00341092402273191));
#3982=CARTESIAN_POINT('',(-0.000465603273858973,0.00109330863141713,-0.00340377993027602));
#3983=CARTESIAN_POINT('',(-0.00055795094759556,0.00104971576712325,-0.00339690241674794));
#3984=CARTESIAN_POINT('',(-0.000695643872266259,0.000967634795172831,-0.0033860488079069));
#3985=CARTESIAN_POINT('',(-0.000843728196971484,0.000845454108009032,-0.00337312471644792));
#3986=CARTESIAN_POINT('',(-0.000970057774417641,0.000692474125626792,-0.00335929661844877));
#3987=CARTESIAN_POINT('',(-0.00104631663270481,0.000562387840285733,-0.00335009094957132));
#3988=CARTESIAN_POINT('',(-0.00108363400823832,0.000490500758155487,-0.00334471259894864));
#3989=CARTESIAN_POINT('',(-0.0011416143365812,0.000335732936422855,-0.00333344310642715));
#3990=CARTESIAN_POINT('',(-0.00117318452121509,0.000199817144779462,-0.00332386851666865));
#3991=CARTESIAN_POINT('',(-0.001187,7.76820452512246E-5,-0.00331538434568821));
#3992=CARTESIAN_POINT('',(-0.001187,-1.22151166850322E-17,-0.00330997524718117));
#3993=CARTESIAN_POINT('',(-0.001187,1.62853527866784E-17,-0.00381000242255428));
#3994=CARTESIAN_POINT('',(-0.001187,9.63377563271523E-18,-0.00430993851874947));
#3995=CARTESIAN_POINT('',(-0.001187,-7.76993584440878E-5,-0.00430471915962474));
#3996=CARTESIAN_POINT('',(-0.00116916284888812,-0.000238257145524635,-0.00429403332568594));
#3997=CARTESIAN_POINT('',(-0.00112670044269818,-0.000388940027255566,-0.00428390111098161));
#3998=CARTESIAN_POINT('',(-0.0010685324959749,-0.000517773733811102,-0.00427487683123844));
#3999=CARTESIAN_POINT('',(-0.0010655363225586,-0.000522043359568073,-0.00427450470296895));
#4000=CARTESIAN_POINT('',(-0.00103290340355789,-0.000594635421328282,-0.00426909111886018));
#4001=CARTESIAN_POINT('',(-0.000907409456001893,-0.000771461520021167,-0.00425412892137442));
#4002=CARTESIAN_POINT('',(-0.000849128084216919,-0.000829993573072706,-0.00424858241425318));
#4003=CARTESIAN_POINT('',(-0.000761759582517184,-0.000914735998868663,-0.00424050167581424));
#4004=CARTESIAN_POINT('',(-0.000584134269762596,-0.00104316038817433,-0.00422621528377375));
#4005=CARTESIAN_POINT('',(-0.000388049803288583,-0.00112558168653529,-0.00421216591403793));
#4006=CARTESIAN_POINT('',(-0.000252082704253098,-0.00116647930565057,-0.00420241204580851));
#4007=CARTESIAN_POINT('',(1.73889397257689E-5,-0.00119572270928161,-0.00418383718587254));
#4008=CARTESIAN_POINT('',(0.000227865633166889,-0.00117248554260353,-0.00417007134175998));
#4009=CARTESIAN_POINT('',(0.000470886945150352,-0.00109743016207853,-0.00415363807174376));
#4010=CARTESIAN_POINT('',(0.00066226598097149,-0.000997487903717846,-0.00413888882094752));
#4011=CARTESIAN_POINT('',(0.000851166543562768,-0.000832232384636774,-0.00412172142809867));
#4012=CARTESIAN_POINT('',(0.000917375150879838,-0.00075490500327273,-0.0041149995976642));
#4013=CARTESIAN_POINT('',(0.00101256284859668,-0.000628903707252398,-0.0041047392795015));
#4014=CARTESIAN_POINT('',(0.00114022328222481,-0.000389927899411607,-0.0040869033394426));
#4015=CARTESIAN_POINT('',(0.00120046237926185,-7.0269947323048E-5,-0.00406493495665938));
#4016=CARTESIAN_POINT('',(0.00117988388187152,0.00016565365362178,-0.00404850134909976));
#4017=CARTESIAN_POINT('',(0.00114986470377944,0.000296074179499023,-0.00404040317133833));
#4018=CARTESIAN_POINT('',(0.00114257025360667,0.000320892336660264,-0.00403896413398467));
#4019=CARTESIAN_POINT('',(0.00112615165433241,0.000384463796850497,-0.00403462255797328));
#4020=CARTESIAN_POINT('',(0.00107336405768066,0.000509240724791973,-0.00402553317306262));
#4021=CARTESIAN_POINT('',(0.00103846810275226,0.000576478582053821,-0.00402042036688128));
#4022=CARTESIAN_POINT('',(0.000968431710087407,0.000694566360028522,-0.00401113401696437));
#4023=CARTESIAN_POINT('',(0.00084520417492907,0.000844073778924488,-0.00399809820508639));
#4024=CARTESIAN_POINT('',(0.000692672201997763,0.000969853358671448,-0.00398434131041145));
#4025=CARTESIAN_POINT('',(0.000562609619011293,0.00104626249498596,-0.00397508201697618));
#4026=CARTESIAN_POINT('',(0.000489042128057432,0.00108421706253725,-0.00396960531973941));
#4027=CARTESIAN_POINT('',(0.00033636185369892,0.0011415194114939,-0.00395851710896513));
#4028=CARTESIAN_POINT('',(0.000233233120104864,0.00116493874230085,-0.00395124852144126));
#4029=CARTESIAN_POINT('',(0.000120568092351547,0.00118379300877628,-0.00394337463516747));
#4030=CARTESIAN_POINT('',(-1.68842959403372E-5,0.00118754133227703,-0.00393372019346116));
#4031=CARTESIAN_POINT('',(-5.23769716452038E-5,0.00118804163209358,-0.00393141114505308));
#4032=CARTESIAN_POINT('',(-0.000242469643113029,0.00116684211725375,-0.00391906777179571));
#4033=CARTESIAN_POINT('',(-0.000367185866445975,0.00112974104733962,-0.00391071468441006));
#4034=CARTESIAN_POINT('',(-0.000478136646177117,0.00109039578868374,-0.00390295617098367));
#4035=CARTESIAN_POINT('',(-0.00063300462225279,0.0010089322204882,-0.00389113224048068));
#4036=CARTESIAN_POINT('',(-0.00075054138903265,0.00092300169003298,-0.00388117874576302));
#4037=CARTESIAN_POINT('',(-0.000852551493008352,0.000826779991061201,-0.00387136998136623));
#4038=CARTESIAN_POINT('',(-0.000874297586790288,0.000806862202462903,-0.00386947036184964));
#4039=CARTESIAN_POINT('',(-0.00103729830732413,0.000599171963511427,-0.00385228578226809));
#4040=CARTESIAN_POINT('',(-0.0011213409790211,0.000411040543185888,-0.00383898099824225));
#4041=CARTESIAN_POINT('',(-0.001187,0.000155400325038868,-0.00382092331251908));
#4042=CARTESIAN_POINT('',(-0.001187,3.41726658190659E-17,-0.00381000242255429));
#4043=CARTESIAN_POINT('',(-0.001187,7.56047936308838E-18,-0.00430993851874947));
#4044=CARTESIAN_POINT('',(-0.001187,-3.7808274655567E-17,-0.00481003343162366));
#4045=CARTESIAN_POINT('',(-0.001187,-7.77238286711257E-5,-0.00480481029732061));
#4046=CARTESIAN_POINT('',(-0.00116932754686359,-0.000237960033392332,-0.00479413350740444));
#4047=CARTESIAN_POINT('',(-0.00112624481877002,-0.000389942136392983,-0.00478388335437011));
#4048=CARTESIAN_POINT('',(-0.00106879994214016,-0.000517205345324165,-0.00477493388147814));
#4049=CARTESIAN_POINT('',(-0.00106358112447549,-0.00052616953227464,-0.00477422972255044));
#4050=CARTESIAN_POINT('',(-0.00102977663410719,-0.000599489258797189,-0.00476873256945984));
#4051=CARTESIAN_POINT('',(-0.000908228168530762,-0.000770377391591588,-0.00475422127655803));
#4052=CARTESIAN_POINT('',(-0.000817355716252477,-0.000863657489948072,-0.00474539203412277));
#4053=CARTESIAN_POINT('',(-0.000662673834450316,-0.000995180576261298,-0.00473221206578455));
#4054=CARTESIAN_POINT('',(-0.000458464351513642,-0.00110319659391746,-0.00471700954337049));
#4055=CARTESIAN_POINT('',(-0.000267825757620564,-0.00116019035379461,-0.00470355098608891));
#4056=CARTESIAN_POINT('',(-0.000121340555896917,-0.00118351421155178,-0.00469340253384518));
#4057=CARTESIAN_POINT('',(1.7669574649988E-5,-0.0011875467434563,-0.00468368210262705));
#4058=CARTESIAN_POINT('',(4.98383689351994E-5,-0.0011882987669684,-0.00468160365312436));
#4059=CARTESIAN_POINT('',(0.000244884963544326,-0.00116626353457088,-0.00466892455376733));
#4060=CARTESIAN_POINT('',(0.000361417625282062,-0.00113152869060125,-0.00466110827908382));
#4061=CARTESIAN_POINT('',(0.00048173797079409,-0.00108923554304749,-0.00465268932091484));
#4062=CARTESIAN_POINT('',(0.000632380570398806,-0.0010092771695481,-0.00464118070069294));
#4063=CARTESIAN_POINT('',(0.000751237593413483,-0.000922351105210791,-0.00463112193501652));
#4064=CARTESIAN_POINT('',(0.000851123093990475,-0.000828414515702392,-0.00462155052917664));
#4065=CARTESIAN_POINT('',(0.000880400694655444,-0.000799889156490218,-0.00461885190239492));
#4066=CARTESIAN_POINT('',(0.00103372379119741,-0.000603281041421771,-0.00460263314860166));
#4067=CARTESIAN_POINT('',(0.00112490217578831,-0.000406711865611808,-0.00458873149377904));
#4068=CARTESIAN_POINT('',(0.00122331732376744,6.5667238535956E-6,-0.00455874505422116));
#4069=CARTESIAN_POINT('',(0.00112351141340457,0.000464539481314993,-0.00452996179064289));
#4070=CARTESIAN_POINT('',(0.00090571234146537,0.000795425330606414,-0.00450346554314334));
#4071=CARTESIAN_POINT('',(0.000693230945797128,0.00096872319934588,-0.00448448496546274));
#4072=CARTESIAN_POINT('',(0.000577970946412223,0.00103827982468429,-0.0044758045967081));
#4073=CARTESIAN_POINT('',(0.00050622664011633,0.00107390372905358,-0.00447091988541242));
#4074=CARTESIAN_POINT('',(0.000485208996839826,0.00108331907827331,-0.00446937739391016));
#4075=CARTESIAN_POINT('',(0.000392961421813803,0.00112436844829595,-0.0044625861169656));
#4076=CARTESIAN_POINT('',(0.000217994615821627,0.00117002385642462,-0.00445003152372205));
#4077=CARTESIAN_POINT('',(0.00011292615902872,0.00118297980480801,-0.00444279626412916));
#4078=CARTESIAN_POINT('',(-0.000128030596932969,0.0011954392594224,-0.00442645586526469));
#4079=CARTESIAN_POINT('',(-0.000401039835566859,0.00113185156269817,-0.00440893400913434));
#4080=CARTESIAN_POINT('',(-0.000626259566029739,0.00101630910600374,-0.00439169581004423));
#4081=CARTESIAN_POINT('',(-0.000789392295107624,0.000890548743256987,-0.00437754065023629));
#4082=CARTESIAN_POINT('',(-0.000870497919156828,0.000808197678117144,-0.00436973033723792));
#4083=CARTESIAN_POINT('',(-0.00091777633789096,0.000754723610800256,-0.004364977339707));
#4084=CARTESIAN_POINT('',(-0.00101242623105023,0.000629009157115281,-0.00435476513500776));
#4085=CARTESIAN_POINT('',(-0.00114004286311431,0.000388551986943376,-0.00433677302986497));
#4086=CARTESIAN_POINT('',(-0.001187,0.000155378408878276,-0.00432079697327912));
#4087=CARTESIAN_POINT('',(-0.001187,1.09787745670169E-17,-0.00430993851874947));
#4088=CARTESIAN_POINT('',(-0.001187,-3.49009631543911E-17,-0.00481003343162366));
#4089=CARTESIAN_POINT('',(-0.001187,-1.98857223244381E-17,-0.00530993833305613));
#4090=CARTESIAN_POINT('',(-0.001187,-7.76542525114205E-5,-0.00530471665309996));
#4091=CARTESIAN_POINT('',(-0.00116931235662486,-0.000237850083142596,-0.00529405255886939));
#4092=CARTESIAN_POINT('',(-0.00112646413983121,-0.000389360311269475,-0.00528386866240036));
#4093=CARTESIAN_POINT('',(-0.00106891734626339,-0.000516971631094441,-0.00527494757486736));
#4094=CARTESIAN_POINT('',(-0.00106429772497824,-0.000524641216980435,-0.00527433467703067));
#4095=CARTESIAN_POINT('',(-0.00103096038059752,-0.000597842880661689,-0.0052688603604174));
#4096=CARTESIAN_POINT('',(-0.000907425387411719,-0.000770908540028533,-0.00525414481724003));
#4097=CARTESIAN_POINT('',(-0.000828361283052191,-0.000853050630186041,-0.00524643436132379));
#4098=CARTESIAN_POINT('',(-0.00063992343327531,-0.0010156298206923,-0.00523028704374216));
#4099=CARTESIAN_POINT('',(-0.000406223387851601,-0.00112018844685122,-0.0052134819871196));
#4100=CARTESIAN_POINT('',(-0.000247155144264118,-0.00116791530652238,-0.00520204891251981));
#4101=CARTESIAN_POINT('',(1.49135434834217E-5,-0.0011951866109229,-0.00518403075813195));
#4102=CARTESIAN_POINT('',(0.000226790278641805,-0.00117322987703312,-0.005170160678317));
#4103=CARTESIAN_POINT('',(0.000475209611361715,-0.00109548040009457,-0.00515332533815732));
#4104=CARTESIAN_POINT('',(0.000660947021509868,-0.000998223936149116,-0.00513901391381574));
#4105=CARTESIAN_POINT('',(0.000852323311902852,-0.000831129815449451,-0.00512162667728522));
#4106=CARTESIAN_POINT('',(0.000917179632489901,-0.000755032715134407,-0.0051150194708376));
#4107=CARTESIAN_POINT('',(0.00101258942702038,-0.000629227415156842,-0.00510474660589074));
#4108=CARTESIAN_POINT('',(0.00113932803046339,-0.000387695920085918,-0.00508681013210981));
#4109=CARTESIAN_POINT('',(0.0012219209937123,-9.09174341823692E-6,-0.00506000884744708));
#4110=CARTESIAN_POINT('',(0.00112990886387004,0.000413755351390704,-0.00503305421059459));
#4111=CARTESIAN_POINT('',(0.000994024198825139,0.000661742985798097,-0.00501382230664452));
#4112=CARTESIAN_POINT('',(0.000837239824126711,0.000852619938649537,-0.00499678447339175));
#4113=CARTESIAN_POINT('',(0.000659841162193116,0.00099676428326626,-0.00498208862299008));
#4114=CARTESIAN_POINT('',(0.000434565380775531,0.00111226667597879,-0.00496553467275687));
#4115=CARTESIAN_POINT('',(0.000239662765412299,0.00116968693865428,-0.00495166767415022));
#4116=CARTESIAN_POINT('',(-4.54776908172726E-6,0.00119429038134147,-0.00493455431694274));
#4117=CARTESIAN_POINT('',(-0.000185988337223802,0.00117834130565037,-0.00492220923620965));
#4118=CARTESIAN_POINT('',(-0.000359552550667871,0.0011325995916162,-0.00491115130449132));
#4119=CARTESIAN_POINT('',(-0.000400968058544418,0.00111767581807931,-0.00490847361757594));
#4120=CARTESIAN_POINT('',(-0.000498118056471362,0.00107978705319036,-0.00490143369627446));
#4121=CARTESIAN_POINT('',(-0.000608578616471773,0.0010226714124718,-0.00489293534403644));
#4122=CARTESIAN_POINT('',(-0.00071405355250799,0.000949225878351855,-0.00488403307159883));
#4123=CARTESIAN_POINT('',(-0.000766173782873834,0.000907515966636207,-0.00487944523798105));
#4124=CARTESIAN_POINT('',(-0.000934009442270799,0.000756919385891463,-0.0048641590665783));
#4125=CARTESIAN_POINT('',(-0.0011223859083083,0.000468234900393303,-0.00484262120344515));
#4126=CARTESIAN_POINT('',(-0.001187,0.000155349199098034,-0.00482095591771968));
#4127=CARTESIAN_POINT('',(-0.001187,-3.54090079370813E-17,-0.00481003343162366));
#4128=CARTESIAN_POINT('',(-0.001187,-9.88926748409156E-18,-0.00530993833305613));
#4129=CARTESIAN_POINT('',(-0.001187,-4.99323541736835E-17,-0.00581000320318557));
#4130=CARTESIAN_POINT('',(-0.001187,-7.77339713957346E-5,-0.00580480600768008));
#4131=CARTESIAN_POINT('',(-0.00116919432973261,-0.000238259740924532,-0.00579413865202501));
#4132=CARTESIAN_POINT('',(-0.00112653448281534,-0.000389353213501502,-0.00578394633077991));
#4133=CARTESIAN_POINT('',(-0.00106852041853795,-0.000517789037626235,-0.00577487669199924));
#4134=CARTESIAN_POINT('',(-0.00106492404391408,-0.00052336049770563,-0.00577441481505533));
#4135=CARTESIAN_POINT('',(-0.00103194843156727,-0.000595909549513967,-0.00576899532072022));
#4136=CARTESIAN_POINT('',(-0.000907775455949151,-0.000771710331669785,-0.00575417593645873));
#4137=CARTESIAN_POINT('',(-0.000805592153835799,-0.000874765228991319,-0.00574433054703678));
#4138=CARTESIAN_POINT('',(-0.00066638215584784,-0.000991624282389095,-0.0057325643714954));
#4139=CARTESIAN_POINT('',(-0.000457095793977203,-0.00110431213224881,-0.00571691295496058));
#4140=CARTESIAN_POINT('',(-0.000267823567952204,-0.00116013737689923,-0.00570356821778365));
#4141=CARTESIAN_POINT('',(-0.0001208530118754,-0.00118353867411296,-0.00569337257840779));
#4142=CARTESIAN_POINT('',(1.71200670657053E-5,-0.00118763264288385,-0.00568370874026868));
#4143=CARTESIAN_POINT('',(5.30516231829938E-5,-0.00118793072199572,-0.00568136806700964));
#4144=CARTESIAN_POINT('',(0.000241840457237009,-0.00116704198419381,-0.00566910802732573));
#4145=CARTESIAN_POINT('',(0.000369872075789406,-0.0011288845302464,-0.0056605285220094));
#4146=CARTESIAN_POINT('',(0.000476772765724077,-0.00109082550821552,-0.00565305649694411));
#4147=CARTESIAN_POINT('',(0.000633492314933034,-0.00100865235969053,-0.00564109739518665));
#4148=CARTESIAN_POINT('',(0.000750387262221077,-0.000923144629784687,-0.00563119076021175));
#4149=CARTESIAN_POINT('',(0.000853459554249861,-0.000825874701392736,-0.00562126572971439));
#4150=CARTESIAN_POINT('',(0.000871342012717722,-0.000809818024254162,-0.00561974486248336));
#4151=CARTESIAN_POINT('',(0.000999445419145123,-0.000649269933106331,-0.00560637275542074));
#4152=CARTESIAN_POINT('',(0.00105334475316815,-0.000548762940092934,-0.00559898125667385));
#4153=CARTESIAN_POINT('',(0.00111226878746963,-0.000427116630176874,-0.00558999539146165));
#4154=CARTESIAN_POINT('',(0.00116067171609269,-0.000265610652392845,-0.0055785413890341));
#4155=CARTESIAN_POINT('',(0.00118337923077375,-0.000122889816548014,-0.00556863283939549));
#4156=CARTESIAN_POINT('',(0.00118789643888021,2.39838353722821E-5,-0.00555826094156799));
#4157=CARTESIAN_POINT('',(0.00118703497773473,2.76702727601478E-5,-0.00555836517173195));
#4158=CARTESIAN_POINT('',(0.0011806519529955,0.00014034707438261,-0.00555094167434915));
#4159=CARTESIAN_POINT('',(0.00116291649038499,0.000255134791229691,-0.00554337278501024));
#4160=CARTESIAN_POINT('',(0.00112055825907801,0.000395097447964319,-0.00553375290095052));
#4161=CARTESIAN_POINT('',(0.00109296536347173,0.000464170375939286,-0.00552885124445135));
#4162=CARTESIAN_POINT('',(0.001061295863647,0.000535958013211828,-0.00552355132328325));
#4163=CARTESIAN_POINT('',(0.00099447554225444,0.000652967513853763,-0.00551431459226186));
#4164=CARTESIAN_POINT('',(0.000916983058836082,0.000756885852423907,-0.00550531205194904));
#4165=CARTESIAN_POINT('',(0.000815083350899046,0.000868475904165321,-0.00549505676705567));
#4166=CARTESIAN_POINT('',(0.000658429436700907,0.00100025568916338,-0.00548185767711197));
#4167=CARTESIAN_POINT('',(0.000456289431439049,0.00109899783881569,-0.00546717180696221));
#4168=CARTESIAN_POINT('',(0.000351722629235344,0.00113511991421509,-0.0054596073242043));
#4169=CARTESIAN_POINT('',(0.00019096052024005,0.00117707182045653,-0.00544819334123884));
#4170=CARTESIAN_POINT('',(-1.22533991237795E-6,0.00119314858678558,-0.0054348267052291));
#4171=CARTESIAN_POINT('',(-0.000186148872715473,0.00117848231053885,-0.00542231311899589));
#4172=CARTESIAN_POINT('',(-0.000358780509274438,0.00113280238943064,-0.00541121338502436));
#4173=CARTESIAN_POINT('',(-0.000401806871420873,0.00111741252899281,-0.00540839903056651));
#4174=CARTESIAN_POINT('',(-0.000499260643610623,0.00107926393124002,-0.00540134149619239));
#4175=CARTESIAN_POINT('',(-0.000609048531675094,0.00102229963767472,-0.00539290401256768));
#4176=CARTESIAN_POINT('',(-0.000713741984806315,0.000949515105734825,-0.00538409512177422));
#4177=CARTESIAN_POINT('',(-0.000771869708268455,0.000902962026117405,-0.00537898355218407));
#4178=CARTESIAN_POINT('',(-0.000880510021285178,0.000803298117224086,-0.00536896898918956));
#4179=CARTESIAN_POINT('',(-0.000989515303613687,0.000667640019851046,-0.00535775917817649));
#4180=CARTESIAN_POINT('',(-0.00114278442569915,0.000386138001898641,-0.0053367406213169));
#4181=CARTESIAN_POINT('',(-0.001187,0.000155410549697087,-0.00532090483628148));
#4182=CARTESIAN_POINT('',(-0.001187,-1.22151166850322E-17,-0.00530993833305613));
#4183=CARTESIAN_POINT('',(-0.001187,-2.70482831811539E-17,-0.00581000320318557));
#4184=CARTESIAN_POINT('',(-0.001187,-2.49030388540133E-18,-0.00630997453277226));
#4185=CARTESIAN_POINT('',(-0.001187,-7.76584910433856E-5,-0.00630472943570621));
#4186=CARTESIAN_POINT('',(-0.00116917264204206,-0.00023815107501146,-0.00629401704201552));
#4187=CARTESIAN_POINT('',(-0.00112678480348307,-0.000388696808874524,-0.00628390265227766));
#4188=CARTESIAN_POINT('',(-0.0010686377075668,-0.000517556065247406,-0.00627492057855707));
#4189=CARTESIAN_POINT('',(-0.00106575717348083,-0.000521589059559177,-0.00627456331791938));
#4190=CARTESIAN_POINT('',(-0.00103317175127571,-0.000594174668968146,-0.00626913833892978));
#4191=CARTESIAN_POINT('',(-0.000907307294695836,-0.000771780928734891,-0.00625408098969372));
#4192=CARTESIAN_POINT('',(-0.000818537985129986,-0.00086219283901004,-0.00624550878757096));
#4193=CARTESIAN_POINT('',(-0.000662377551289602,-0.000995629656849295,-0.00623217917858639));
#4194=CARTESIAN_POINT('',(-0.000458486796678623,-0.00110303693299351,-0.00621703749180921));
#4195=CARTESIAN_POINT('',(-0.000268277273139773,-0.00116020747334849,-0.00620362468232899));
#4196=CARTESIAN_POINT('',(-0.000120688585322678,-0.00118348243509407,-0.00619341574427426));
#4197=CARTESIAN_POINT('',(1.4912500014195E-5,-0.00118763691473159,-0.00618395260119451));
#4198=CARTESIAN_POINT('',(5.98988486898179E-5,-0.0011879698147833,-0.00618097499267153));
#4199=CARTESIAN_POINT('',(0.00030319212373231,-0.00115751675556513,-0.00616510825470667));
#4200=CARTESIAN_POINT('',(0.000445182247521247,-0.00110541736528478,-0.00615544125884209));
#4201=CARTESIAN_POINT('',(0.000632609585341839,-0.00100940552217492,-0.00614118330163732));
#4202=CARTESIAN_POINT('',(0.000750834556697765,-0.000922727818754369,-0.00613116338890348));
#4203=CARTESIAN_POINT('',(0.000853092975296573,-0.000826365333284695,-0.00612129673087093));
#4204=CARTESIAN_POINT('',(0.000873317075096574,-0.000807316254889005,-0.00611951244612112));
#4205=CARTESIAN_POINT('',(0.00099757188090791,-0.000652369479135674,-0.00610658388642077));
#4206=CARTESIAN_POINT('',(0.00105753386776228,-0.000540857058862172,-0.00609838539780715));
#4207=CARTESIAN_POINT('',(0.00110990377179452,-0.000431520465965442,-0.00609036416247672));
#4208=CARTESIAN_POINT('',(0.00116107065717706,-0.000264957728818364,-0.00607853428979842));
#4209=CARTESIAN_POINT('',(0.00118325259879301,-0.000123030735164934,-0.00606863676253279));
#4210=CARTESIAN_POINT('',(0.00118806723500168,2.34005368976345E-5,-0.00605821918582193));
#4211=CARTESIAN_POINT('',(0.00118647844319765,2.89221990366985E-5,-0.00605814247320363));
#4212=CARTESIAN_POINT('',(0.00118385024885824,0.000103073810377053,-0.00605322707268005));
#4213=CARTESIAN_POINT('',(0.00116748778882505,0.000244208581219959,-0.00604389491186446));
#4214=CARTESIAN_POINT('',(0.00109899264807575,0.000496381440938433,-0.00602670075081165));
#4215=CARTESIAN_POINT('',(0.000908874291179788,0.000779504978389708,-0.00600395227947804));
#4216=CARTESIAN_POINT('',(0.00069170524665864,0.000983098146823742,-0.00598410735212733));
#4217=CARTESIAN_POINT('',(0.00043372500806151,0.00111472122034752,-0.00596473204417633));
#4218=CARTESIAN_POINT('',(0.000203949613359466,0.00117617229310069,-0.00594877602275534));
#4219=CARTESIAN_POINT('',(-2.37067349348653E-5,0.0011907367008589,-0.00593338521819059));
#4220=CARTESIAN_POINT('',(-0.000110147959120392,0.00118288082966348,-0.00592758823196874));
#4221=CARTESIAN_POINT('',(-0.000276511024034972,0.00115948393213069,-0.0059164519316798));
#4222=CARTESIAN_POINT('',(-0.000388674147176545,0.00112668263478357,-0.0059089134859882));
#4223=CARTESIAN_POINT('',(-0.000517849854062251,0.00106851323708178,-0.00589990029302283));
#4224=CARTESIAN_POINT('',(-0.000522078339373702,0.00106550941116394,-0.00589952915309856));
#4225=CARTESIAN_POINT('',(-0.000594641521282998,0.00103289555091911,-0.00589410275655831));
#4226=CARTESIAN_POINT('',(-0.000771821925701303,0.000907216868145651,-0.00587906960163404));
#4227=CARTESIAN_POINT('',(-0.000861285513927196,0.000819461830646096,-0.00587059080668896));
#4228=CARTESIAN_POINT('',(-0.000996036226491903,0.000662094055227206,-0.00585714505753944));
#4229=CARTESIAN_POINT('',(-0.00113893423557286,0.000389321075537445,-0.00583688283049962));
#4230=CARTESIAN_POINT('',(-0.00118700000000001,0.00015538037442292,-0.00582083205273765));
#4231=CARTESIAN_POINT('',(-0.001187,-4.80602213472899E-17,-0.00581000320318557));
#4232=CARTESIAN_POINT('',(-0.001187,-1.04707297843267E-17,-0.00630997453277226));
#4233=CARTESIAN_POINT('',(-0.001187,1.54322484457275E-17,-0.00680995081132248));
#4234=CARTESIAN_POINT('',(-0.001187,-2.58866427325081E-5,-0.00680821659461815));
#4235=CARTESIAN_POINT('',(-0.00119150969578743,-9.82435945336084E-5,-0.00680356534181974));
#4236=CARTESIAN_POINT('',(-0.00115286381729958,-0.000286829481614569,-0.00679112207133039));
#4237=CARTESIAN_POINT('',(-0.00113105474069627,-0.000362682851811036,-0.0067860152239093));
#4238=CARTESIAN_POINT('',(-0.00108852185718112,-0.000484737196887732,-0.00677749322990009));
#4239=CARTESIAN_POINT('',(-0.000985034339923519,-0.000681896518661888,-0.00676235950964566));
#4240=CARTESIAN_POINT('',(-0.000752368186605485,-0.000939224772206545,-0.00673890807231443));
#4241=CARTESIAN_POINT('',(-0.000557821021673454,-0.00106824932599862,-0.00672440856027095));
#4242=CARTESIAN_POINT('',(-0.00022922065088369,-0.00117278055381125,-0.00670078833935072));
#4243=CARTESIAN_POINT('',(4.94659601123524E-5,-0.00120236392692841,-0.00668143978499701));
#4244=CARTESIAN_POINT('',(0.000400627673959193,-0.00113531587895494,-0.00665903712798541));
#4245=CARTESIAN_POINT('',(0.000663622512670559,-0.000996559823599145,-0.00663878306703726));
#4246=CARTESIAN_POINT('',(0.000851305928056905,-0.000832046762770583,-0.00662172058931506));
#4247=CARTESIAN_POINT('',(0.000917447930396783,-0.000754798188951274,-0.00661500784758624));
#4248=CARTESIAN_POINT('',(0.00101263356781072,-0.000628934631822959,-0.00660475168151368));
#4249=CARTESIAN_POINT('',(0.00113986435350949,-0.00038867248065498,-0.0065868900918423));
#4250=CARTESIAN_POINT('',(0.00125009104782016,0.000156364856490467,-0.00654872227463596));
#4251=CARTESIAN_POINT('',(0.00102854181653797,0.000694283385216633,-0.00651482352069789));
#4252=CARTESIAN_POINT('',(0.000692661036938881,0.000969810952844862,-0.00648427343680903));
#4253=CARTESIAN_POINT('',(0.000562644412746429,0.00104621216440446,-0.00647510346987551));
#4254=CARTESIAN_POINT('',(0.000490614078562102,0.00108353276241922,-0.006469728485714));
#4255=CARTESIAN_POINT('',(0.000336079714978897,0.0011416603491243,-0.00645848457099264));
#4256=CARTESIAN_POINT('',(0.000233422746746062,0.00116486720261635,-0.0064512468173694));
#4257=CARTESIAN_POINT('',(0.000120753802841174,0.00118380645940769,-0.0064433742095156));
#4258=CARTESIAN_POINT('',(-1.7131486245622E-5,0.00118749148894245,-0.0064337089722485));
#4259=CARTESIAN_POINT('',(-5.08717796712324E-5,0.00118822745571915,-0.00643152322162773));
#4260=CARTESIAN_POINT('',(-0.000244068387119347,0.0011664228733863,-0.00641897245433173));
#4261=CARTESIAN_POINT('',(-0.000362654205429263,0.00113116095410587,-0.00641102584088747));
#4262=CARTESIAN_POINT('',(-0.000480785920146851,0.00108953904085683,-0.00640276014520485));
#4263=CARTESIAN_POINT('',(-0.000632341475326773,0.00100935120655712,-0.00639118512065817));
#4264=CARTESIAN_POINT('',(-0.000751072047144065,0.000922460964450237,-0.00638113190760824));
#4265=CARTESIAN_POINT('',(-0.000850918931700745,0.000828660979602824,-0.00637156813787221));
#4266=CARTESIAN_POINT('',(-0.0008804713244831,0.000799704884322882,-0.00636882774449453));
#4267=CARTESIAN_POINT('',(-0.000998112335411538,0.00064971300607737,-0.00635644222049476));
#4268=CARTESIAN_POINT('',(-0.00104840137944651,0.00055881965072845,-0.00634972269219077));
#4269=CARTESIAN_POINT('',(-0.00114845942154413,0.000351592013798463,-0.00633442085033483));
#4270=CARTESIAN_POINT('',(-0.001187,0.000155385255432032,-0.00632092892329261));
#4271=CARTESIAN_POINT('',(-0.001187,4.36096725176372E-19,-0.00630997453277226));
#4272=CARTESIAN_POINT('',(-0.001187,6.10682361250048E-18,-0.00680995081132248));
#4273=CARTESIAN_POINT('',(-0.001187,-2.49030388540133E-18,-0.00731002493455628));
#4274=CARTESIAN_POINT('',(-0.001187,-7.77072699929118E-5,-0.00730478674903567));
#4275=CARTESIAN_POINT('',(-0.00116926150236127,-0.000238065132163373,-0.00729408678670933));
#4276=CARTESIAN_POINT('',(-0.00112644530010116,-0.000389491911409117,-0.00728388788895728));
#4277=CARTESIAN_POINT('',(-0.00106870693756835,-0.000517404058272153,-0.00727492764007897));
#4278=CARTESIAN_POINT('',(-0.00106441892769725,-0.000524402905944761,-0.00727436207027085));
#4279=CARTESIAN_POINT('',(-0.00103110835294063,-0.000597448593731792,-0.00726889004715142));
#4280=CARTESIAN_POINT('',(-0.000907846922171597,-0.000770815636494789,-0.0072541573974743));
#4281=CARTESIAN_POINT('',(-0.000820720500173067,-0.000860266288773837,-0.00724570410944958));
#4282=CARTESIAN_POINT('',(-0.000661596495758781,-0.000996281500655203,-0.00723210392975804));
#4283=CARTESIAN_POINT('',(-0.000458850530096464,-0.00110286193394623,-0.00721704179122156));
#4284=CARTESIAN_POINT('',(-0.000267792663943469,-0.00116021166499789,-0.00720355318494685));
#4285=CARTESIAN_POINT('',(-0.000121500249172338,-0.00118350747824276,-0.00719342672382182));
#4286=CARTESIAN_POINT('',(1.79722955222094E-5,-0.00118752474108353,-0.00718368451413174));
#4287=CARTESIAN_POINT('',(4.84431404749651E-5,-0.00118839346165982,-0.00718172209010706));
#4288=CARTESIAN_POINT('',(0.00024529765029472,-0.00116622131123629,-0.00716890349479057));
#4289=CARTESIAN_POINT('',(0.000361005300975493,-0.0011316341098241,-0.00716112840146054));
#4290=CARTESIAN_POINT('',(0.000481994817639814,-0.00108917668914568,-0.00715266657805782));
#4291=CARTESIAN_POINT('',(0.0006324511590987,-0.00100917667835167,-0.00714117729360375));
#4292=CARTESIAN_POINT('',(0.000751137177998502,-0.000922483328728301,-0.00713113685098929));
#4293=CARTESIAN_POINT('',(0.000851694620172044,-0.000827765677051542,-0.00712148703910278));
#4294=CARTESIAN_POINT('',(0.000878428166055069,-0.00080213910800715,-0.00711905711569367));
#4295=CARTESIAN_POINT('',(0.00103474511077891,-0.000602154749199395,-0.00710251861124756));
#4296=CARTESIAN_POINT('',(0.00112419802568261,-0.000407451699527935,-0.0070888291855552));
#4297=CARTESIAN_POINT('',(0.00122350244542148,6.7121615750327E-6,-0.00705864947618498));
#4298=CARTESIAN_POINT('',(0.00112365297196018,0.000464656560328407,-0.00703011159965985));
#4299=CARTESIAN_POINT('',(0.000905075630987482,0.000795015852748157,-0.00700365725599884));
#4300=CARTESIAN_POINT('',(0.000693995653150723,0.000969430179847915,-0.00698434962114206));
#4301=CARTESIAN_POINT('',(0.000559951046111632,0.00104711232188242,-0.00697494578907738));
#4302=CARTESIAN_POINT('',(0.000519234938094968,0.00106995967822898,-0.00697181257850699));
#4303=CARTESIAN_POINT('',(0.00039873751398385,0.00111913665020146,-0.0069629968488667));
#4304=CARTESIAN_POINT('',(0.000326905514540652,0.00114190565448554,-0.00695785453238434));
#4305=CARTESIAN_POINT('',(0.000230291342309209,0.00116621339292556,-0.006951029252748));
#4306=CARTESIAN_POINT('',(0.000121126467185052,0.00118343665098744,-0.00694344806358778));
#4307=CARTESIAN_POINT('',(-1.75778637096309E-5,0.00118783015109714,-0.00693378380816737));
#4308=CARTESIAN_POINT('',(-5.16097998756004E-5,0.00118724270027642,-0.0069315603762842));
#4309=CARTESIAN_POINT('',(-0.000216043349524207,0.00117159062628684,-0.00692080579540971));
#4310=CARTESIAN_POINT('',(-0.000360426253180274,0.00113311823972435,-0.00691118959289596));
#4311=CARTESIAN_POINT('',(-0.000495692642317338,0.0010825695162758,-0.00690166822657495));
#4312=CARTESIAN_POINT('',(-0.000662755464606323,0.00099393171121358,-0.00688888672439611));
#4313=CARTESIAN_POINT('',(-0.000844667807437091,0.000844901639607202,-0.00687306291011837));
#4314=CARTESIAN_POINT('',(-0.000969883556521513,0.000692598021665466,-0.00685931485884127));
#4315=CARTESIAN_POINT('',(-0.00104641699486269,0.000562313209174577,-0.00685007395761247));
#4316=CARTESIAN_POINT('',(-0.00108426618383499,0.000489016297993531,-0.006844611427075));
#4317=CARTESIAN_POINT('',(-0.00114144906839556,0.000336120166639431,-0.00683347989110374));
#4318=CARTESIAN_POINT('',(-0.00117328430344794,0.000199581800723817,-0.00682385330216735));
#4319=CARTESIAN_POINT('',(-0.001187,7.76814554210775E-5,-0.00681537276693879));
#4320=CARTESIAN_POINT('',(-0.001187,1.09787745670169E-17,-0.00680995081132248));
#4321=CARTESIAN_POINT('',(-0.001187,-2.6180498110895E-18,-0.00731002493455628));
#4322=CARTESIAN_POINT('',(-0.001187,3.83530281970296E-18,-0.00780993697259956));
#4323=CARTESIAN_POINT('',(-0.001187,-7.76740888549461E-5,-0.00780471628644808));
#4324=CARTESIAN_POINT('',(-0.00116945476126291,-0.000237590776683167,-0.00779407346788307));
#4325=CARTESIAN_POINT('',(-0.0011260737019153,-0.000390216496611954,-0.00778380790970314));
#4326=CARTESIAN_POINT('',(-0.00106915140431101,-0.000516475130352705,-0.00777497462604976));
#4327=CARTESIAN_POINT('',(-0.00106261780484088,-0.000528183315485193,-0.00777407743123772));
#4328=CARTESIAN_POINT('',(-0.00102817334937106,-0.000602136633248131,-0.00776853021614127));
#4329=CARTESIAN_POINT('',(-0.000908447440787675,-0.000769523481019242,-0.00775425779542046));
#4330=CARTESIAN_POINT('',(-0.000852435652452228,-0.000826907144238203,-0.00774886239610495));
#4331=CARTESIAN_POINT('',(-0.000760941324405979,-0.000915373202401153,-0.00774042992427724));
#4332=CARTESIAN_POINT('',(-0.000589707147077576,-0.00103926337349679,-0.00772668730509818));
#4333=CARTESIAN_POINT('',(-0.000396493904080444,-0.00112317584757742,-0.00771277254119464));
#4334=CARTESIAN_POINT('',(-0.00024973327039093,-0.00116697846546471,-0.00770224364408269));
#4335=CARTESIAN_POINT('',(1.28828726990644E-5,-0.00119542986584303,-0.00768414513180361));
#4336=CARTESIAN_POINT('',(0.000226815405154191,-0.00117324459132104,-0.00767015278175501));
#4337=CARTESIAN_POINT('',(0.0004751126144539,-0.00109558357894951,-0.00765333467515845));
#4338=CARTESIAN_POINT('',(0.000660888267420416,-0.000997975895061813,-0.00763899195760217));
#4339=CARTESIAN_POINT('',(0.00084992453791267,-0.000833644080779701,-0.00762184544743801));
#4340=CARTESIAN_POINT('',(0.000917328251537852,-0.000754956679816327,-0.00761500518911739));
#4341=CARTESIAN_POINT('',(0.00101252177165406,-0.000629105638780393,-0.00760473933803044));
#4342=CARTESIAN_POINT('',(0.00113986961465615,-0.000388760449075134,-0.00758689110505745));
#4343=CARTESIAN_POINT('',(0.00121812650172648,-2.28085835798984E-7,-0.007559421659798));
#4344=CARTESIAN_POINT('',(0.00112527565117091,0.000466158168230818,-0.00752994463167245));
#4345=CARTESIAN_POINT('',(0.000904943220782241,0.000794774237595992,-0.00750367105531431));
#4346=CARTESIAN_POINT('',(0.000694124145995645,0.000969297303846226,-0.0074843479187455));
#4347=CARTESIAN_POINT('',(0.000560026247977928,0.00104719657207108,-0.00747491559252817));
#4348=CARTESIAN_POINT('',(0.00051541012337,0.00107166160395083,-0.00747154165515816));
#4349=CARTESIAN_POINT('',(0.000399009689712008,0.00111897832990498,-0.00746304672016098));
#4350=CARTESIAN_POINT('',(0.000326869659449375,0.00114196150597566,-0.00745788412069975));
#4351=CARTESIAN_POINT('',(0.00023039665763841,0.00116615558788682,-0.00745105562621827));
#4352=CARTESIAN_POINT('',(0.000121264075776569,0.00118349091935726,-0.00744344238717586));
#4353=CARTESIAN_POINT('',(-1.77052022481634E-5,0.00118761888345298,-0.00743366003622341));
#4354=CARTESIAN_POINT('',(-5.06805917429964E-5,0.00118803354287665,-0.00743152749175933));
#4355=CARTESIAN_POINT('',(-0.000241624375537751,0.00116724293493273,-0.00741912141894999));
#4356=CARTESIAN_POINT('',(-0.000371729734699856,0.00112825198134991,-0.0074103981511122));
#4357=CARTESIAN_POINT('',(-0.000475593754270528,0.0010912368126392,-0.00740314422545121));
#4358=CARTESIAN_POINT('',(-0.000633632195029076,0.00100858609742776,-0.00739109260945314));
#4359=CARTESIAN_POINT('',(-0.000750167742561364,0.000923337781771337,-0.00738120983032916));
#4360=CARTESIAN_POINT('',(-0.000853744781047749,0.000825548869609706,-0.00737121811826171));
#4361=CARTESIAN_POINT('',(-0.000869885884267895,0.000811462788642114,-0.00736988376331222));
#4362=CARTESIAN_POINT('',(-0.00099971981773941,0.000648971594970538,-0.00735634685549865));
#4363=CARTESIAN_POINT('',(-0.00105332578634953,0.000548876669280568,-0.00734899489100019));
#4364=CARTESIAN_POINT('',(-0.00114224446617938,0.000364162017897854,-0.00733534082645124));
#4365=CARTESIAN_POINT('',(-0.001187,0.000155408947433776,-0.00732091718672444));
#4366=CARTESIAN_POINT('',(-0.001187,4.36096725176372E-19,-0.00731002493455628));
#4367=CARTESIAN_POINT('',(-0.001187,1.30829017552912E-18,-0.00780993697259956));
#4368=CARTESIAN_POINT('',(-0.001187,3.83530281970296E-18,-0.0083100251530967));
#4369=CARTESIAN_POINT('',(-0.001187,-7.77325434962293E-5,-0.00830481794115332));
#4370=CARTESIAN_POINT('',(-0.00116931002541135,-0.000238014270808008,-0.00829415518351052));
#4371=CARTESIAN_POINT('',(-0.00112626346838019,-0.00038991890559296,-0.008283903864987));
#4372=CARTESIAN_POINT('',(-0.00106874759394336,-0.00051731301577508,-0.00827491764409525));
#4373=CARTESIAN_POINT('',(-0.0010636989274811,-0.00052592847952794,-0.00827423849453846));
#4374=CARTESIAN_POINT('',(-0.00102997434435737,-0.000599114602081993,-0.00826875765780582));
#4375=CARTESIAN_POINT('',(-0.000908229774327642,-0.000770608096364948,-0.00825423362078447));
#4376=CARTESIAN_POINT('',(-0.000762423358937237,-0.000920017769661088,-0.00824008788179824));
#4377=CARTESIAN_POINT('',(-0.000533791641704972,-0.0010826363198778,-0.00822229970902794));
#4378=CARTESIAN_POINT('',(-0.000267893098973605,-0.00116003529610278,-0.00820357044016893));
#4379=CARTESIAN_POINT('',(-0.000121043054706416,-0.00118354326879005,-0.0081933833200511));
#4380=CARTESIAN_POINT('',(1.70606269134933E-5,-0.00118759916802035,-0.00818371361577189));
#4381=CARTESIAN_POINT('',(5.25703509683988E-5,-0.00118806005540839,-0.00818140218124287));
#4382=CARTESIAN_POINT('',(0.000243300326978241,-0.00116659289181315,-0.00816901736035189));
#4383=CARTESIAN_POINT('',(0.0003648565338816,-0.001130483353879,-0.00816087544774578));
#4384=CARTESIAN_POINT('',(0.000479699687018801,-0.00108986880674418,-0.00815284091872819));
#4385=CARTESIAN_POINT('',(0.000632779413004172,-0.00100907267979379,-0.00814114910083756));
#4386=CARTESIAN_POINT('',(0.000750945964132151,-0.000922619614542708,-0.00813114328652553));
#4387=CARTESIAN_POINT('',(0.00085179922708942,-0.000827643499314666,-0.00812146311318461));
#4388=CARTESIAN_POINT('',(0.00087768008934696,-0.000803012410298729,-0.00811912646131922));
#4389=CARTESIAN_POINT('',(0.00103540917238278,-0.000601295186727538,-0.00810246515745964));
#4390=CARTESIAN_POINT('',(0.00112363080769313,-0.00040827876161111,-0.00808884631138695));
#4391=CARTESIAN_POINT('',(0.00122374435957879,7.05120128685479E-6,-0.00805878263931951));
#4392=CARTESIAN_POINT('',(0.00112341436595787,0.000464323910963183,-0.00802986343487882));
#4393=CARTESIAN_POINT('',(0.00090581340187517,0.000795343155607931,-0.00800339743609606));
#4394=CARTESIAN_POINT('',(0.000693312750100846,0.000968668723593079,-0.0079845008697355));
#4395=CARTESIAN_POINT('',(0.000577969581611225,0.00103828229066347,-0.00797581806797806));
#4396=CARTESIAN_POINT('',(0.000506186402951237,0.00107392354683721,-0.00797091954960849));
#4397=CARTESIAN_POINT('',(0.000484966426949721,0.00108343005571026,-0.0079693617650297));
#4398=CARTESIAN_POINT('',(0.000392814786196363,0.00112440633713695,-0.00796257351953993));
#4399=CARTESIAN_POINT('',(0.000217992078576824,0.00117003605817275,-0.00795002208947314));
#4400=CARTESIAN_POINT('',(0.000111854979283972,0.00118313514128404,-0.00794271109300875));
#4401=CARTESIAN_POINT('',(-0.000129897601560313,0.00119508712982361,-0.00792631529131549));
#4402=CARTESIAN_POINT('',(-0.00039559076377432,0.00113406256408683,-0.00790935113290529));
#4403=CARTESIAN_POINT('',(-0.000626749558571845,0.00101610164847128,-0.00789165744773284));
#4404=CARTESIAN_POINT('',(-0.000789273281000272,0.000890609595692138,-0.00787754349031652));
#4405=CARTESIAN_POINT('',(-0.000870494734511929,0.000808218702346209,-0.00786972672085604));
#4406=CARTESIAN_POINT('',(-0.000917781432759154,0.000754713393333115,-0.00786497647057656));
#4407=CARTESIAN_POINT('',(-0.00101243533597778,0.000628997455612254,-0.00785478266777033));
#4408=CARTESIAN_POINT('',(-0.00114004265655091,0.000388545416625923,-0.00783680393053363));
#4409=CARTESIAN_POINT('',(-0.001187,0.000155375479002852,-0.00782081535408761));
#4410=CARTESIAN_POINT('',(-0.001187,4.36096725176372E-19,-0.00780993697259956));
#4411=CARTESIAN_POINT('',(-0.001187,1.01755902541154E-18,-0.0083100251530967));
#4412=CARTESIAN_POINT('',(-0.001187,-8.2887766984136E-18,-0.0088099507237824));
#4413=CARTESIAN_POINT('',(-0.001187,-7.76747734194261E-5,-0.00880471424868751));
#4414=CARTESIAN_POINT('',(-0.00117428114744718,-0.000196679628837653,-0.00879682111124641));
#4415=CARTESIAN_POINT('',(-0.00113979939244852,-0.000340900364357094,-0.00878722145631946));
#4416=CARTESIAN_POINT('',(-0.00109058203788351,-0.000470704439160196,-0.00877848122343739));
#4417=CARTESIAN_POINT('',(-0.00107793802705562,-0.000501281159889777,-0.00877621152227156));
#4418=CARTESIAN_POINT('',(-0.000988961333359778,-0.000666499054076613,-0.00876331226884938));
#4419=CARTESIAN_POINT('',(-0.000888104583364098,-0.000789252312859512,-0.00875235813485649));
#4420=CARTESIAN_POINT('',(-0.000849167828520196,-0.00083104663567175,-0.00874845214594729));
#4421=CARTESIAN_POINT('',(-0.000752521857695242,-0.000921292053455502,-0.00873965268601417));
#4422=CARTESIAN_POINT('',(-0.000660205317779311,-0.000988088929569986,-0.0087321580577262));
#4423=CARTESIAN_POINT('',(-0.000564740699470382,-0.00104720152615127,-0.00872482805348062));
#4424=CARTESIAN_POINT('',(-0.000439407583332672,-0.00110345951585873,-0.00871602520101941));
#4425=CARTESIAN_POINT('',(-0.000404340696680182,-0.00111831654489304,-0.00871343959697742));
#4426=CARTESIAN_POINT('',(-0.000222579684951727,-0.00117067731067064,-0.00870034938302341));
#4427=CARTESIAN_POINT('',(-9.44590183730906E-5,-0.00118418959338201,-0.00869143802107439));
#4428=CARTESIAN_POINT('',(2.54362018406534E-5,-0.00119037011037265,-0.00868327478400448));
#4429=CARTESIAN_POINT('',(0.000198212950024917,-0.00117465076737113,-0.00867182482699601));
#4430=CARTESIAN_POINT('',(0.000341405370219689,-0.00113936083625162,-0.00866223995699698));
#4431=CARTESIAN_POINT('',(0.000467917607358082,-0.00109201416080731,-0.00865363668439285));
#4432=CARTESIAN_POINT('',(0.000512820961637043,-0.00107227634673886,-0.00865035529602671));
#4433=CARTESIAN_POINT('',(0.000663996642832391,-0.00098991913340372,-0.00863852337313408));
#4434=CARTESIAN_POINT('',(0.000786794990786216,-0.000890554415891686,-0.00862761689038829));
#4435=CARTESIAN_POINT('',(0.000832092076335626,-0.000848135413191947,-0.00862337047529227));
#4436=CARTESIAN_POINT('',(0.000921323135104771,-0.000752446447097984,-0.00861461341898995));
#4437=CARTESIAN_POINT('',(0.000988370619343165,-0.000659771050017684,-0.00860708445034177));
#4438=CARTESIAN_POINT('',(0.00104720660954278,-0.000564813023727831,-0.00859980166169933));
#4439=CARTESIAN_POINT('',(0.0011040524271897,-0.000437878538305947,-0.00859095395479573));
#4440=CARTESIAN_POINT('',(0.00111659181237866,-0.000408810801239906,-0.00858876763034696));
#4441=CARTESIAN_POINT('',(0.00117071427704914,-0.000224702666377625,-0.00857547231762378));
#4442=CARTESIAN_POINT('',(0.00118571582804714,-8.1751569767807E-5,-0.00856549945525719));
#4443=CARTESIAN_POINT('',(0.00118749962812671,6.19418576922482E-6,-0.00855949347489159));
#4444=CARTESIAN_POINT('',(0.00118628555574019,5.57594313754649E-5,-0.00855626544587699));
#4445=CARTESIAN_POINT('',(0.00117894992613595,0.000160858323489018,-0.00854942836636577));
#4446=CARTESIAN_POINT('',(0.00115287433627561,0.000286569637335732,-0.008541136603398));
#4447=CARTESIAN_POINT('',(0.00113118928613062,0.00036235128893127,-0.00853603937001473));
#4448=CARTESIAN_POINT('',(0.00108869425476139,0.000484257684742898,-0.00852752914004615));
#4449=CARTESIAN_POINT('',(0.000985772404505487,0.00068062074562337,-0.00851245123815256));
#4450=CARTESIAN_POINT('',(0.000754981155064604,0.000936915731725717,-0.00848913543656133));
#4451=CARTESIAN_POINT('',(0.000560194216138863,0.00106722836739308,-0.00847457994781348));
#4452=CARTESIAN_POINT('',(0.000230183897636977,0.00117268507211867,-0.00845085611898814));
#4453=CARTESIAN_POINT('',(-5.11247781514765E-5,0.00120264114271303,-0.00843134670491046));
#4454=CARTESIAN_POINT('',(-0.0004036292985526,0.00113388165738441,-0.00840881463655507));
#4455=CARTESIAN_POINT('',(-0.000662963125707567,0.000996895800766757,-0.00838883470659111));
#4456=CARTESIAN_POINT('',(-0.000851426971710439,0.00083196479368017,-0.00837170182756145));
#4457=CARTESIAN_POINT('',(-0.000917427969964575,0.00075480897398394,-0.00836499827959526));
#4458=CARTESIAN_POINT('',(-0.00101262482086202,0.000628961075255793,-0.00835475179686404));
#4459=CARTESIAN_POINT('',(-0.00113989365756468,0.000388588658262036,-0.00833680704852829));
#4460=CARTESIAN_POINT('',(-0.001187,0.000155378525323157,-0.00832085384186511));
#4461=CARTESIAN_POINT('',(-0.001187,4.36096725176372E-19,-0.0083100251530967));
#4462=CARTESIAN_POINT('',(-0.001187,-7.70731439817844E-18,-0.0088099507237824));
#4463=CARTESIAN_POINT('',(-0.001187,-2.49030388540133E-18,-0.00930997474074307));
#4464=CARTESIAN_POINT('',(-0.001187,-7.77289238850171E-5,-0.00930477775921282));
#4465=CARTESIAN_POINT('',(-0.00116904634392851,-0.00023856367954716,-0.00929409197350174));
#4466=CARTESIAN_POINT('',(-0.00112689925000136,-0.000388570207075351,-0.00928398512594726));
#4467=CARTESIAN_POINT('',(-0.00106824435370666,-0.000518376421509482,-0.00927483092523082));
#4468=CARTESIAN_POINT('',(-0.00106654587269821,-0.000519916035873489,-0.0092746547812038));
#4469=CARTESIAN_POINT('',(-0.00103456919547302,-0.000591879541730795,-0.00926930140309669));
#4470=CARTESIAN_POINT('',(-0.000907083101760192,-0.00077240439018744,-0.00925410621630029));
#4471=CARTESIAN_POINT('',(-0.000764544379867586,-0.000917117866709506,-0.0092403884828541));
#4472=CARTESIAN_POINT('',(-0.000533021729477235,-0.00108335793462257,-0.00922214280708963));
#4473=CARTESIAN_POINT('',(-0.000267721953449332,-0.001160057722068,-0.00920349986217264));
#4474=CARTESIAN_POINT('',(-0.000120653062650174,-0.00118356113184984,-0.00919332035334));
#4475=CARTESIAN_POINT('',(1.69031373865983E-5,-0.00118766666843266,-0.00918373564457277));
#4476=CARTESIAN_POINT('',(5.44150620699663E-5,-0.00118777206177527,-0.00918128592645599));
#4477=CARTESIAN_POINT('',(0.000240505464824028,-0.00116738282498986,-0.00916919496607266));
#4478=CARTESIAN_POINT('',(0.00037344904270156,-0.00112775934427502,-0.00916027757882224));
#4479=CARTESIAN_POINT('',(0.000474804513470601,-0.00109144161477523,-0.00915320220013251));
#4480=CARTESIAN_POINT('',(0.000633927894257258,-0.00100844036542568,-0.00914107819968265));
#4481=CARTESIAN_POINT('',(0.0007502001610465,-0.000923306073916609,-0.00913120761933293));
#4482=CARTESIAN_POINT('',(0.000853957818554519,-0.000825323132607719,-0.0091211798603634));
#4483=CARTESIAN_POINT('',(0.000869449170650277,-0.000811949724364887,-0.00911991589606149));
#4484=CARTESIAN_POINT('',(0.000999933987975831,-0.000648740087240176,-0.00910632691452725));
#4485=CARTESIAN_POINT('',(0.00105338786137427,-0.000548594098085138,-0.00909897913274896));
#4486=CARTESIAN_POINT('',(0.00111219891423356,-0.000427201205999923,-0.00909000158877673));
#4487=CARTESIAN_POINT('',(0.00116064903018968,-0.00026651330058007,-0.00907860353941379));
#4488=CARTESIAN_POINT('',(0.00118339328910683,-0.000121505807539926,-0.0090685252566923));
#4489=CARTESIAN_POINT('',(0.0011878104683576,1.8339566258865E-5,-0.00905871881440959));
#4490=CARTESIAN_POINT('',(0.0011873648333422,4.83898101844554E-5,-0.0090567707859672));
#4491=CARTESIAN_POINT('',(0.00117192308820802,0.000215020920476455,-0.00904587164970035));
#4492=CARTESIAN_POINT('',(0.00113279852982178,0.000361503776911565,-0.00903611568281752));
#4493=CARTESIAN_POINT('',(0.00108237535624866,0.000495957402314738,-0.00902664911237533));
#4494=CARTESIAN_POINT('',(0.000994115551008281,0.000662468940189976,-0.00901390921279653));
#4495=CARTESIAN_POINT('',(0.000845019478120412,0.000844565955222803,-0.00899807235326943));
#4496=CARTESIAN_POINT('',(0.000692748249322422,0.000969768258089325,-0.00898432445584484));
#4497=CARTESIAN_POINT('',(0.000562520522128795,0.00104630999131876,-0.0089750919211693));
#4498=CARTESIAN_POINT('',(0.000489484057490341,0.00108401367509735,-0.00896964463460982));
#4499=CARTESIAN_POINT('',(0.000336438635063391,0.0011415170321477,-0.00895850012285947));
#4500=CARTESIAN_POINT('',(0.00023333958183471,0.00116489202714722,-0.00895123210369977));
#4501=CARTESIAN_POINT('',(0.000120958153437376,0.0011838045654625,-0.00894338600931859));
#4502=CARTESIAN_POINT('',(-1.76291158633593E-5,0.00118745089095846,-0.00893369325456925));
#4503=CARTESIAN_POINT('',(-4.88452345536352E-5,0.00118839169177428,-0.00893168274785064));
#4504=CARTESIAN_POINT('',(-0.000245101306132541,0.00116623342669204,-0.00891891424326486));
#4505=CARTESIAN_POINT('',(-0.000360844489980706,0.00113169572043676,-0.00891114398674427));
#4506=CARTESIAN_POINT('',(-0.000481889596603997,0.00108921423202182,-0.00890267624418204));
#4507=CARTESIAN_POINT('',(-0.000632264862398004,0.00100931595081622,-0.00889119054475773));
#4508=CARTESIAN_POINT('',(-0.000751079912571268,0.000922503862416279,-0.00888113903726735));
#4509=CARTESIAN_POINT('',(-0.000851262936401686,0.000828242583629812,-0.00887153602554737));
#4510=CARTESIAN_POINT('',(-0.000879418188999153,0.000801004904241606,-0.00886895360082753));
#4511=CARTESIAN_POINT('',(-0.00103412402233101,0.000602895819520497,-0.00885259925680054));
#4512=CARTESIAN_POINT('',(-0.0011238024920025,0.000408060575244413,-0.00883874293584279));
#4513=CARTESIAN_POINT('',(-0.001187,0.000155363820175351,-0.00882093454572529));
#4514=CARTESIAN_POINT('',(-0.001187,-1.22151166850322E-17,-0.0088099507237824));
#4515=CARTESIAN_POINT('',(-0.001187,-3.78097441155982E-18,-0.00930997474074307));
#4516=CARTESIAN_POINT('',(-0.001187,-2.49030388540133E-18,-0.00981000290974914));
#4517=CARTESIAN_POINT('',(-0.001187,-7.76827689102146E-5,-0.00980475626266244));
#4518=CARTESIAN_POINT('',(-0.00116918448288257,-0.000238176721815751,-0.00979403996961241));
#4519=CARTESIAN_POINT('',(-0.00112669275529848,-0.000388930041630003,-0.00978390157816121));
#4520=CARTESIAN_POINT('',(-0.0010686094236154,-0.000517612981208088,-0.00977491760099481));
#4521=CARTESIAN_POINT('',(-0.00106543726744664,-0.000522258296043966,-0.00977451729980391));
#4522=CARTESIAN_POINT('',(-0.0010327076739534,-0.000594927741987076,-0.009769081486077));
#4523=CARTESIAN_POINT('',(-0.000907422479824897,-0.00077151196058327,-0.00975409338519189));
#4524=CARTESIAN_POINT('',(-0.000820294831526631,-0.000860532360398272,-0.00974566698103642));
#4525=CARTESIAN_POINT('',(-0.000661775250428254,-0.000996174570065257,-0.00973211614703693));
#4526=CARTESIAN_POINT('',(-0.000458788353454577,-0.00110287793675949,-0.00971704516255676));
#4527=CARTESIAN_POINT('',(-0.000267933302401878,-0.00116021167812828,-0.00970357901134086));
#4528=CARTESIAN_POINT('',(-0.000121314948358278,-0.00118349322166561,-0.00969343576075328));
#4529=CARTESIAN_POINT('',(1.71814843289204E-5,-0.00118757459063432,-0.00968376942358682));
#4530=CARTESIAN_POINT('',(5.13155063512419E-5,-0.00118820830193763,-0.00968154779042433));
#4531=CARTESIAN_POINT('',(0.000244488971501058,-0.00116626920693681,-0.00966895354113935));
#4532=CARTESIAN_POINT('',(0.000360894949160613,-0.00113172178104297,-0.0096611288480835));
#4533=CARTESIAN_POINT('',(0.000482087582064503,-0.00108912360463996,-0.00965265892193513));
#4534=CARTESIAN_POINT('',(0.000632579070806806,-0.00100905847927559,-0.00964117332872234));
#4535=CARTESIAN_POINT('',(0.000750966093312446,-0.000922652695908234,-0.00963115285315476));
#4536=CARTESIAN_POINT('',(0.000852467377690574,-0.000827018310617206,-0.00962139298774052));
#4537=CARTESIAN_POINT('',(0.000875638057247732,-0.000804829349652755,-0.00961930204987969));
#4538=CARTESIAN_POINT('',(0.000997559418827428,-0.000651832207702997,-0.00960656316329416));
#4539=CARTESIAN_POINT('',(0.00105531532302075,-0.000545414368881738,-0.00959870836224323));
#4540=CARTESIAN_POINT('',(0.00114017006555001,-0.000367548741045588,-0.00958573511485621));
#4541=CARTESIAN_POINT('',(0.00120391065068345,-7.41304988733558E-5,-0.00956426193122387));
#4542=CARTESIAN_POINT('',(0.00117139028386555,0.000232368502225439,-0.00954513322870326));
#4543=CARTESIAN_POINT('',(0.00111506401999745,0.000420000479471418,-0.00953210280891906));
#4544=CARTESIAN_POINT('',(0.00104848246889003,0.000560404181241788,-0.00952162990041113));
#4545=CARTESIAN_POINT('',(0.000998381579346042,0.000644394848658971,-0.00951494606296928));
#4546=CARTESIAN_POINT('',(0.000953722340921016,0.000706929135274131,-0.0095096241066124));
#4547=CARTESIAN_POINT('',(0.000947973340481844,0.000714496887463323,-0.0095089964561828));
#4548=CARTESIAN_POINT('',(0.000892553406423831,0.000784793837378606,-0.00950295776728929));
#4549=CARTESIAN_POINT('',(0.000795358086176122,0.000897551809075937,-0.00949323655389622));
#4550=CARTESIAN_POINT('',(0.000564520629616144,0.00104917277483613,-0.00947500767821905));
#4551=CARTESIAN_POINT('',(0.000417889844109738,0.00111467319352222,-0.00946441821237745));
#4552=CARTESIAN_POINT('',(0.000267793642213349,0.00116026939610755,-0.00945376538547618));
#4553=CARTESIAN_POINT('',(0.000121344892850391,0.00118348843041542,-0.00944356819351791));
#4554=CARTESIAN_POINT('',(-1.9319343810257E-5,0.00118776007450525,-0.00943362632856772));
#4555=CARTESIAN_POINT('',(-4.52173661945378E-5,0.00118747117874192,-0.00943197224526389));
#4556=CARTESIAN_POINT('',(-0.000213802980011711,0.00117231265055239,-0.00942094621709021));
#4557=CARTESIAN_POINT('',(-0.000364286667754589,0.00113208536118817,-0.00941092814219414));
#4558=CARTESIAN_POINT('',(-0.000465560418298539,0.0010933291784201,-0.00940378292529164));
#4559=CARTESIAN_POINT('',(-0.000557964521573294,0.00104970917503129,-0.00939690142754343));
#4560=CARTESIAN_POINT('',(-0.000695638075454697,0.000967637277158749,-0.0093860494748648));
#4561=CARTESIAN_POINT('',(-0.000843731275748643,0.000845452179634595,-0.00937312476251795));
#4562=CARTESIAN_POINT('',(-0.000970056290973359,0.000692475472494204,-0.00935929672137283));
#4563=CARTESIAN_POINT('',(-0.00104631874423385,0.000562385716137561,-0.00935009060869754));
#4564=CARTESIAN_POINT('',(-0.00108364704306786,0.000490470313882023,-0.00934471055192552));
#4565=CARTESIAN_POINT('',(-0.00114161091685139,0.000335740915306698,-0.00933344381140433));
#4566=CARTESIAN_POINT('',(-0.00117318657901078,0.00019981232862569,-0.00932386812582072));
#4567=CARTESIAN_POINT('',(-0.001187,7.76820395954203E-5,-0.00931538405788949));
#4568=CARTESIAN_POINT('',(-0.001187,4.36096725176372E-19,-0.00930997474074307));
#4569=CARTESIAN_POINT('',(-0.001187,-3.81768317033234E-19,-0.00981000290974914));
#4570=CARTESIAN_POINT('',(0.000864004392235015,0.000813919781181537,-0.01));
#4571=CARTESIAN_POINT('',(0.000856012474307777,0.000822403482341241,-0.00999920733347638));
#4572=CARTESIAN_POINT('',(0.000816873238992026,0.000863439238748189,-0.00999546797900597));
#4573=CARTESIAN_POINT('',(0.000717069938721629,0.000950045032522707,-0.00998684355040073));
#4574=CARTESIAN_POINT('',(0.000572163400588482,0.00104272758416286,-0.00997563174417382));
#4575=CARTESIAN_POINT('',(0.000513622488216523,0.00107073967548899,-0.0099713731469765));
#4576=CARTESIAN_POINT('',(0.000397288566213937,0.00112141488479476,-0.00996287428804513));
#4577=CARTESIAN_POINT('',(0.000273669560571682,0.0011618568704542,-0.00995395297142691));
#4578=CARTESIAN_POINT('',(2.85906017921459E-5,0.00119158304605896,-0.00993682342319614));
#4579=CARTESIAN_POINT('',(-7.89778817168575E-5,0.00118710219528086,-0.00992967727048009));
#4580=CARTESIAN_POINT('',(-0.000244653665503841,0.0011641444280972,-0.00991882084027144));
#4581=CARTESIAN_POINT('',(-0.000350695599302591,0.00113550327675677,-0.00991171355758897));
#4582=CARTESIAN_POINT('',(-0.00045209672791388,0.00109826867341368,-0.00990476311405893));
#4583=CARTESIAN_POINT('',(-0.000467451854695714,0.00109140701643248,-0.00990361887997143));
#4584=CARTESIAN_POINT('',(-0.000542251639438087,0.00105680074139868,-0.0098980183805433));
#4585=CARTESIAN_POINT('',(-0.000624770439182046,0.00101284090835293,-0.00989161742984277));
#4586=CARTESIAN_POINT('',(-0.000759996000980232,0.000914524295076971,-0.00988005524638006));
#4587=CARTESIAN_POINT('',(-0.000791393001415291,0.000884746743357047,-0.00987711914204605));
#4588=CARTESIAN_POINT('',(-0.000877570209738189,0.000804650246080411,-0.00986920975905747));
#4589=CARTESIAN_POINT('',(-0.00103419991002259,0.000608704330860406,-0.00985293931525085));
#4590=CARTESIAN_POINT('',(-0.00114731278079294,0.000359106885708164,-0.00983510824644204));
#4591=CARTESIAN_POINT('',(-0.001187,0.000117990037572835,-0.00981832989639661));
#4592=CARTESIAN_POINT('',(-0.001187,-2.49030388540133E-18,-0.00981000290974914));
#4593=CARTESIAN_POINT('',(0.000864004392235016,0.000813919781181537,-0.01));
#4594=CARTESIAN_POINT('',(0.000864004392235015,0.000813919781181536,-0.01));
#4595=CARTESIAN_POINT('',(0.000856916083385474,0.000823473319835975,-0.01));
#4596=CARTESIAN_POINT('',(0.000849669565264069,0.000832925411299263,-0.01));
#4597=CARTESIAN_POINT('',(0.000842267855328082,0.000842267855328081,-0.01));
#4598=CARTESIAN_POINT('',(0.000816659511107919,0.000874590727288296,-0.01));
#4599=CARTESIAN_POINT('',(0.000789190118853504,0.00090559869493148,-0.01));
#4600=CARTESIAN_POINT('',(0.000760134745662797,0.000935091401404828,-0.01));
#4601=CARTESIAN_POINT('',(0.000734962428864146,0.000960642604816465,-0.01));
#4602=CARTESIAN_POINT('',(0.000708600752526443,0.00098505673581621,-0.01));
#4603=CARTESIAN_POINT('',(0.000681252025325292,0.00100822486671338,-0.01));
#4604=CARTESIAN_POINT('',(0.000668126418990872,0.00101934405933335,-0.01));
#4605=CARTESIAN_POINT('',(0.000654773743283176,0.00103017657000196,-0.01));
#4606=CARTESIAN_POINT('',(0.000641217752470161,0.00104071223900408,-0.01));
#4607=CARTESIAN_POINT('',(0.000632459734624655,0.00104751894007135,-0.01));
#4608=CARTESIAN_POINT('',(0.000623616870688898,0.00105420176594216,-0.01));
#4609=CARTESIAN_POINT('',(0.000614695727835148,0.001060758270812,-0.01));
#4610=CARTESIAN_POINT('',(0.000606886071883121,0.00106649789948074,-0.01));
#4611=CARTESIAN_POINT('',(0.000599019838607916,0.00107213849120595,-0.01));
#4612=CARTESIAN_POINT('',(0.000591078302590268,0.00107769433763715,-0.01));
#4613=CARTESIAN_POINT('',(0.000553744131495828,0.00110381307849228,-0.01));
#4614=CARTESIAN_POINT('',(0.000514832549289297,0.00112798734251257,-0.01));
#4615=CARTESIAN_POINT('',(0.000474695637582939,0.00115001609689139,-0.01));
#4616=CARTESIAN_POINT('',(0.000438032224561663,0.00117013845523434,-0.01));
#4617=CARTESIAN_POINT('',(0.000400347301086374,0.00118847069524933,-0.01));
#4618=CARTESIAN_POINT('',(0.000361928319885032,0.00120489254369597,-0.01));
#4619=CARTESIAN_POINT('',(0.000333114083984026,0.00121720893003095,-0.01));
#4620=CARTESIAN_POINT('',(0.000303887364033079,0.00122845134286046,-0.01));
#4621=CARTESIAN_POINT('',(0.000274373287648171,0.00123858248036743,-0.01));
#4622=CARTESIAN_POINT('',(0.000267506891038479,0.00124093947122572,-0.01));
#4623=CARTESIAN_POINT('',(0.000260624949635894,0.00124323636656347,-0.01));
#4624=CARTESIAN_POINT('',(0.000253729051324203,0.00124547279378026,-0.01));
#4625=CARTESIAN_POINT('',(0.000246432633257976,0.00124783911462938,-0.01));
#4626=CARTESIAN_POINT('',(0.00023911352065343,0.00125014007411299,-0.01));
#4627=CARTESIAN_POINT('',(0.000231767030297985,0.00125237672780157,-0.01));
#4628=CARTESIAN_POINT('',(0.000190395672838903,0.00126497232036152,-0.01));
#4629=CARTESIAN_POINT('',(0.000148218370991338,0.00127550404202256,-0.01));
#4630=CARTESIAN_POINT('',(0.000105559408040836,0.00128381319577076,-0.01));
#4631=CARTESIAN_POINT('',(7.06333881597632E-5,0.0012906161194457,-0.01));
#4632=CARTESIAN_POINT('',(3.53851687185273E-5,0.00129592988272212,-0.01));
#4633=CARTESIAN_POINT('',(1.88265021252236E-18,0.00129969246061972,-0.01));
#4634=CARTESIAN_POINT('',(-4.43469534632793E-5,0.00130440796355414,-0.01));
#4635=CARTESIAN_POINT('',(-8.89084496505696E-5,0.00130668556428287,-0.01));
#4636=CARTESIAN_POINT('',(-0.000133316485825615,0.00130664138999553,-0.01));
#4637=CARTESIAN_POINT('',(-0.000143419029410386,0.0013066313406283,-0.01));
#4638=CARTESIAN_POINT('',(-0.000153513644872499,0.00130650136025717,-0.01));
#4639=CARTESIAN_POINT('',(-0.00016359604375031,0.00130625321462714,-0.01));
#4640=CARTESIAN_POINT('',(-0.000171552109555565,0.00130605740180663,-0.01));
#4641=CARTESIAN_POINT('',(-0.00017949989598847,0.00130578812852843,-0.01));
#4642=CARTESIAN_POINT('',(-0.000187453578817171,0.00130544536168508,-0.01));
#4643=CARTESIAN_POINT('',(-0.000234105975925151,0.00130343485972821,-0.01));
#4644=CARTESIAN_POINT('',(-0.000280829814932429,0.00129889385428681,-0.01));
#4645=CARTESIAN_POINT('',(-0.000327248320659662,0.00129190945404158,-0.01));
#4646=CARTESIAN_POINT('',(-0.000373776390180126,0.0012849085681863,-0.01));
#4647=CARTESIAN_POINT('',(-0.000419996762927352,0.00127545290888111,-0.01));
#4648=CARTESIAN_POINT('',(-0.000465536070673611,0.00126368206995943,-0.01));
#4649=CARTESIAN_POINT('',(-0.000489723328812907,0.00125743023317041,-0.01));
#4650=CARTESIAN_POINT('',(-0.000513718646419924,0.00125052614846578,-0.01));
#4651=CARTESIAN_POINT('',(-0.000537468144429804,0.00124299636899513,-0.01));
#4652=CARTESIAN_POINT('',(-0.000547960525174773,0.00123966975918221,-0.01));
#4653=CARTESIAN_POINT('',(-0.000558404950701939,0.00123622107487462,-0.01));
#4654=CARTESIAN_POINT('',(-0.000568796903643421,0.00123265283772972,-0.01));
#4655=CARTESIAN_POINT('',(-0.000579088441491084,0.00122911907965432,-0.01));
#4656=CARTESIAN_POINT('',(-0.000589323093385425,0.00122547020375618,-0.01));
#4657=CARTESIAN_POINT('',(-0.000599527546482815,0.0012216969439272,-0.01));
#4658=CARTESIAN_POINT('',(-0.000645179835349551,0.00120481627957041,-0.01));
#4659=CARTESIAN_POINT('',(-0.000690128336457037,0.00118547308253446,-0.01));
#4660=CARTESIAN_POINT('',(-0.000733978643944495,0.00116378808831848,-0.01));
#4661=CARTESIAN_POINT('',(-0.000777319233434998,0.00114235516147554,-0.01));
#4662=CARTESIAN_POINT('',(-0.000819586110803783,0.00111863485120716,-0.01));
#4663=CARTESIAN_POINT('',(-0.000860417791307199,0.00109279042233538,-0.01));
#4664=CARTESIAN_POINT('',(-0.00088393660612786,0.00107790417887718,-0.01));
#4665=CARTESIAN_POINT('',(-0.000906979696322168,0.00106231406192467,-0.01));
#4666=CARTESIAN_POINT('',(-0.000929482702650414,0.00104605783521249,-0.01));
#4667=CARTESIAN_POINT('',(-0.000943128911641023,0.00103619978052072,-0.01));
#4668=CARTESIAN_POINT('',(-0.000956576583732827,0.00102609686054158,-0.01));
#4669=CARTESIAN_POINT('',(-0.000969812155616092,0.00101575830876058,-0.01));
#4670=CARTESIAN_POINT('',(-0.00097840243720261,0.00100904827977363,-0.01));
#4671=CARTESIAN_POINT('',(-0.000986900758612875,0.00100224132730074,-0.01));
#4672=CARTESIAN_POINT('',(-0.000995323358994649,0.000995323358994688,-0.01));
#4673=CARTESIAN_POINT('',(-0.00103047126269148,0.00096645435503186,-0.01));
#4674=CARTESIAN_POINT('',(-0.00106422773490988,0.000935701703290303,-0.01));
#4675=CARTESIAN_POINT('',(-0.0010963964475528,0.000903340694445385,-0.01));
#4676=CARTESIAN_POINT('',(-0.00112898947858672,0.000870552830744434,-0.01));
#4677=CARTESIAN_POINT('',(-0.00115995205004428,0.000836114517208983,-0.01));
#4678=CARTESIAN_POINT('',(-0.00118911681831796,0.000800350417445497,-0.01));
#4679=CARTESIAN_POINT('',(-0.0011974685144557,0.000790108920202601,-0.01));
#4680=CARTESIAN_POINT('',(-0.00120567304101181,0.000779758908453218,-0.01));
#4681=CARTESIAN_POINT('',(-0.00121372710874432,0.000769308459266657,-0.01));
#4682=CARTESIAN_POINT('',(-0.00121372710874432,0.000769308459266657,-0.01));
#4683=CARTESIAN_POINT('',(0.001437,-1.70542355079351E-17,-0.00970432552155829));
#4684=CARTESIAN_POINT('',(0.001437,-2.54793550381697E-5,-0.0097057487665084));
#4685=CARTESIAN_POINT('',(0.00143582740930745,-8.81009288274006E-5,-0.00970931559890729));
#4686=CARTESIAN_POINT('',(0.00142355663300119,-0.000208707369185539,-0.00971627937387264));
#4687=CARTESIAN_POINT('',(0.00138917841464956,-0.000381341006917556,-0.00972646429849749));
#4688=CARTESIAN_POINT('',(0.00136436174445075,-0.000457085309219006,-0.0097309860433886));
#4689=CARTESIAN_POINT('',(0.00131870481831948,-0.000572002574812811,-0.00973788457786656));
#4690=CARTESIAN_POINT('',(0.00129580275945155,-0.000625576442326589,-0.00974107583237805));
#4691=CARTESIAN_POINT('',(0.00121070534466419,-0.000779826865383322,-0.0097506656392706));
#4692=CARTESIAN_POINT('',(0.00111492841403498,-0.000911570683367983,-0.00975952939566927));
#4693=CARTESIAN_POINT('',(0.000995987873716055,-0.00104052653029182,-0.00976910126100159));
#4694=CARTESIAN_POINT('',(0.000917934999376651,-0.00110645290976146,-0.00977467641783846));
#4695=CARTESIAN_POINT('',(0.000870822610836977,-0.00114300085844582,-0.00977798983171085));
#4696=CARTESIAN_POINT('',(0.000879656771184968,-0.00113702576536486,-0.00977735424491448));
#4697=CARTESIAN_POINT('',(0.000789004485916567,-0.00120255231537174,-0.00978380206465977));
#4698=CARTESIAN_POINT('',(0.000699300443973817,-0.00125708876946571,-0.00978975395774856));
#4699=CARTESIAN_POINT('',(0.000569684924384929,-0.00132273624326931,-0.00979787628535665));
#4700=CARTESIAN_POINT('',(0.000420165361032117,-0.00137801097269111,-0.00980657743833466));
#4701=CARTESIAN_POINT('',(0.000245580572355302,-0.00141805166516375,-0.0098160523792268));
#4702=CARTESIAN_POINT('',(0.00015066026800341,-0.00143073841791329,-0.00982116097391682));
#4703=CARTESIAN_POINT('',(-8.36658354307134E-6,-0.0014399927098444,-0.00982999111545379));
#4704=CARTESIAN_POINT('',(-0.00018212494073063,-0.0014310462463373,-0.00983976274117636));
#4705=CARTESIAN_POINT('',(-0.000416355901429034,-0.00138035052156365,-0.00985350820868087));
#4706=CARTESIAN_POINT('',(-0.000554330082645281,-0.00132824385170714,-0.00986187815024329));
#4707=CARTESIAN_POINT('',(-0.000708395202006644,-0.0012545947135071,-0.00987130479128417));
#4708=CARTESIAN_POINT('',(-0.000826094536315382,-0.00117758110987751,-0.00987882379894723));
#4709=CARTESIAN_POINT('',(-0.000909509906501462,-0.00111403967422046,-0.00988434203909213));
#4710=CARTESIAN_POINT('',(-0.00098591273688411,-0.0010460880094319,-0.00988959132312751));
#4711=CARTESIAN_POINT('',(-0.000994006080860696,-0.00103797340027744,-0.00989025853448049));
#4712=CARTESIAN_POINT('',(-0.00104790094575651,-0.000984310128015761,-0.00989452083484318));
#4713=CARTESIAN_POINT('',(-0.00110986312177271,-0.000915957778149615,-0.00989978042385259));
#4714=CARTESIAN_POINT('',(-0.00122641866722728,-0.000757959507373362,-0.00991107498040724));
#4715=CARTESIAN_POINT('',(-0.00127984012061413,-0.000656397123290555,-0.00991757560042597));
#4716=CARTESIAN_POINT('',(-0.00134647152387622,-0.000511803183557357,-0.00992639897233752));
#4717=CARTESIAN_POINT('',(-0.00139680368126121,-0.000351630829210005,-0.00993544898006123));
#4718=CARTESIAN_POINT('',(-0.00142271473831543,-0.000212539626459372,-0.00994304668999107));
#4719=CARTESIAN_POINT('',(-0.00143405046039338,-0.000108440152530435,-0.00994863223236624));
#4720=CARTESIAN_POINT('',(-0.00143749288684746,-5.74140064660898E-6,-0.00995408202929884));
#4721=CARTESIAN_POINT('',(-0.00143703877631123,4.14634702086112E-6,-0.00995461316877175));
#4722=CARTESIAN_POINT('',(-0.00143585328720723,6.29191258983246E-5,-0.00995799424229021));
#4723=CARTESIAN_POINT('',(-0.00143330442062464,0.00017449073147786,-0.009964321984383));
#4724=CARTESIAN_POINT('',(-0.00138380680898878,0.00039534044605948,-0.00997727130380195));
#4725=CARTESIAN_POINT('',(-0.00135095823006941,0.000492241325128049,-0.00998309375410395));
#4726=CARTESIAN_POINT('',(-0.00129805627056961,0.0006250735292571,-0.00999104568342432));
#4727=CARTESIAN_POINT('',(-0.00124376910671265,0.000721911622671614,-0.00999701848817174));
#4728=CARTESIAN_POINT('',(-0.00121372710874429,0.000769308459266642,-0.01));
#4729=CARTESIAN_POINT('',(0.001437,7.02148029800344E-19,-0.00970432552155829));
#4730=CARTESIAN_POINT('',(0.001437,1.16627932470192E-17,-0.00920435437370499));
#4731=CARTESIAN_POINT('',(0.001437,-2.11410890743075E-5,-0.00920552068471863));
#4732=CARTESIAN_POINT('',(0.00143682119119079,-8.32775001258544E-5,-0.00920902119861707));
#4733=CARTESIAN_POINT('',(0.00141785745147482,-0.000260336734141874,-0.00921924222546375));
#4734=CARTESIAN_POINT('',(0.00137033329828801,-0.000441419095960818,-0.00923003376715292));
#4735=CARTESIAN_POINT('',(0.00133394692870895,-0.000538083235363382,-0.00923585430461305));
#4736=CARTESIAN_POINT('',(0.00129340329745761,-0.000626953161693924,-0.00924123804236524));
#4737=CARTESIAN_POINT('',(0.0012916406639541,-0.00062857143660007,-0.00924133839831261));
#4738=CARTESIAN_POINT('',(0.00125308416424157,-0.000715675612482524,-0.00924640426496206));
#4739=CARTESIAN_POINT('',(0.00109779710987667,-0.000935047628630747,-0.00926068936636844));
#4740=CARTESIAN_POINT('',(0.000996658780412467,-0.00103800298574052,-0.00926853684956088));
#4741=CARTESIAN_POINT('',(0.00079993671380144,-0.0012072376832786,-0.00928343031506288));
#4742=CARTESIAN_POINT('',(0.000555888189473977,-0.00133481390884149,-0.00929876614380531));
#4743=CARTESIAN_POINT('',(0.000323980604605959,-0.00140458264648152,-0.00931197876377016));
#4744=CARTESIAN_POINT('',(0.000147490128469486,-0.00143279489316264,-0.0093215683073323));
#4745=CARTESIAN_POINT('',(-2.3141560112715E-5,-0.00143751234466714,-0.00933053489944367));
#4746=CARTESIAN_POINT('',(-5.33905946846452E-5,-0.0014391555918322,-0.00933228898654636));
#4747=CARTESIAN_POINT('',(-0.000300137590372808,-0.00141113606657345,-0.00934660114092932));
#4748=CARTESIAN_POINT('',(-0.000428559261653091,-0.00137254499505828,-0.00935429711974021));
#4749=CARTESIAN_POINT('',(-0.000588309982754285,-0.00131716661992907,-0.00936380471458899));
#4750=CARTESIAN_POINT('',(-0.000765181662809797,-0.00122161403717571,-0.00937474655552532));
#4751=CARTESIAN_POINT('',(-0.000908895529434781,-0.00111736420527719,-0.00938428584148648));
#4752=CARTESIAN_POINT('',(-0.00103327812426594,-0.000999697754895224,-0.0093932900609603));
#4753=CARTESIAN_POINT('',(-0.00105512810736154,-0.00098005794113092,-0.00939498076201988));
#4754=CARTESIAN_POINT('',(-0.00120938422858862,-0.000786755659687444,-0.00940912823403339));
#4755=CARTESIAN_POINT('',(-0.00127535161627667,-0.000664414121927891,-0.00941703003592186));
#4756=CARTESIAN_POINT('',(-0.00138282403845278,-0.000439543372725248,-0.00943108696414039));
#4757=CARTESIAN_POINT('',(-0.00145879311130488,-9.98401672405376E-5,-0.00944790012357918));
#4758=CARTESIAN_POINT('',(-0.00142057845530604,0.00024739647610237,-0.00946884893057454));
#4759=CARTESIAN_POINT('',(-0.00137581717378645,0.000424167129536422,-0.00947911807981907));
#4760=CARTESIAN_POINT('',(-0.00133152590411685,0.000541395673072396,-0.00948608658590296));
#4761=CARTESIAN_POINT('',(-0.00130617340716169,0.000601850591503725,-0.00948967848814637));
#4762=CARTESIAN_POINT('',(-0.00122229937359995,0.000765622937292182,-0.00949967415934802));
#4763=CARTESIAN_POINT('',(-0.00107600400543764,0.000965560907490011,-0.00951310364084231));
#4764=CARTESIAN_POINT('',(-0.0009610674851967,0.00106992347736104,-0.00952152224348014));
#4765=CARTESIAN_POINT('',(-0.000907599300058949,0.00111408805740735,-0.00952534463504216));
#4766=CARTESIAN_POINT('',(-0.000903583920912017,0.00111781496204034,-0.00952561951507203));
#4767=CARTESIAN_POINT('',(-0.000796265469097421,0.00119987976411028,-0.00953335474725614));
#4768=CARTESIAN_POINT('',(-0.000679059904456779,0.00126864939863129,-0.00954098771078933));
#4769=CARTESIAN_POINT('',(-0.00050807704514286,0.00135046553444969,-0.00955154436143931));
#4770=CARTESIAN_POINT('',(-0.000323921238013522,0.00140447189477834,-0.00956198292512907));
#4771=CARTESIAN_POINT('',(-0.000146500389308316,0.00143285289446795,-0.00957163583411921));
#4772=CARTESIAN_POINT('',(2.18327467483289E-5,0.00143763871010541,-0.00958049517579487));
#4773=CARTESIAN_POINT('',(6.05898528499142E-5,0.00143859214810279,-0.00958269844433741));
#4774=CARTESIAN_POINT('',(0.000296581800539425,0.00141173703162411,-0.00959636975942833));
#4775=CARTESIAN_POINT('',(0.000434409946204808,0.00137093792350392,-0.00960462989018355));
#4776=CARTESIAN_POINT('',(0.000586006932126624,0.00131730993599307,-0.00961371076509106));
#4777=CARTESIAN_POINT('',(0.00076264176772832,0.00122507478506217,-0.00962458776955488));
#4778=CARTESIAN_POINT('',(0.000895640986303049,0.00112507358100495,-0.00963345142382812));
#4779=CARTESIAN_POINT('',(0.000963217918802863,0.00106749743316817,-0.00963814002583775));
#4780=CARTESIAN_POINT('',(0.00102596166871338,0.00100673506020973,-0.00964267281102455));
#4781=CARTESIAN_POINT('',(0.00103072252964826,0.001001124334443,-0.00964312878336773));
#4782=CARTESIAN_POINT('',(0.00108529323107621,0.000945021055522609,-0.0096475305288344));
#4783=CARTESIAN_POINT('',(0.00120719485421914,0.000789232039444664,-0.00965893555673976));
#4784=CARTESIAN_POINT('',(0.00127978674827758,0.000656199179777599,-0.0096675942734042));
#4785=CARTESIAN_POINT('',(0.0013438208045934,0.000521202969023057,-0.00967592933277091));
#4786=CARTESIAN_POINT('',(0.00142067344987235,0.000277471333834178,-0.00968969791585529));
#4787=CARTESIAN_POINT('',(0.001437,9.40580756366014E-5,-0.00969939731211712));
#4788=CARTESIAN_POINT('',(0.001437,-1.47878034341965E-17,-0.00970432552155829));
#4789=CARTESIAN_POINT('',(0.001437,-9.86031457314725E-18,-0.00920435437370499));
#4790=CARTESIAN_POINT('',(0.001437,-2.4073953648035E-17,-0.00870427532843868));
#4791=CARTESIAN_POINT('',(0.001437,-2.23971208650037E-5,-0.00870551904093962));
#4792=CARTESIAN_POINT('',(0.00143711707739851,-8.48031400845686E-5,-0.00870904752177715));
#4793=CARTESIAN_POINT('',(0.00141589953882057,-0.000266554096467401,-0.00871961136116587));
#4794=CARTESIAN_POINT('',(0.00137628930455733,-0.000423552820952927,-0.00872900246681049));
#4795=CARTESIAN_POINT('',(0.00133209155636672,-0.000539901659382793,-0.00873596682837329));
#4796=CARTESIAN_POINT('',(0.00130627639371797,-0.000601748699384702,-0.00873966353562141));
#4797=CARTESIAN_POINT('',(0.00122096828178551,-0.0007680399680611,-0.00874982600752968));
#4798=CARTESIAN_POINT('',(0.00107212391891523,-0.000970106738645203,-0.00876344683837507));
#4799=CARTESIAN_POINT('',(0.000956947677914898,-0.00107349088631134,-0.00877184037617311));
#4800=CARTESIAN_POINT('',(0.000905394201146662,-0.00111587483161718,-0.0087755122842202));
#4801=CARTESIAN_POINT('',(0.000903880853514697,-0.00111756502221468,-0.00877560500114314));
#4802=CARTESIAN_POINT('',(0.000796076925580923,-0.00120002612531164,-0.00878334779029643));
#4803=CARTESIAN_POINT('',(0.000679028642656103,-0.00126865459331714,-0.00879095032318882));
#4804=CARTESIAN_POINT('',(0.000508019913054719,-0.0013505004460368,-0.00880149028375058));
#4805=CARTESIAN_POINT('',(0.000323789682836193,-0.00140447855077256,-0.00881192796059774));
#4806=CARTESIAN_POINT('',(0.000146627254868952,-0.00143285589786298,-0.00882157474231008));
#4807=CARTESIAN_POINT('',(-2.2454561058605E-5,-0.00143763877923612,-0.0088304894889637));
#4808=CARTESIAN_POINT('',(-5.83539342829396E-5,-0.00143858884677981,-0.00883255083587413));
#4809=CARTESIAN_POINT('',(-0.000295194440068499,-0.00141237749311215,-0.0088462737391407));
#4810=CARTESIAN_POINT('',(-0.000441905477675617,-0.0013684369978525,-0.0088550826472797));
#4811=CARTESIAN_POINT('',(-0.000580940843303973,-0.00131940208179808,-0.00886341653641495));
#4812=CARTESIAN_POINT('',(-0.000766558237196858,-0.00122108160187468,-0.00887487616425361));
#4813=CARTESIAN_POINT('',(-0.000908447531955851,-0.00111765777175026,-0.00888425289947167));
#4814=CARTESIAN_POINT('',(-0.00103381616540311,-0.000999123139902355,-0.0088932242006362));
#4815=CARTESIAN_POINT('',(-0.00105261184439182,-0.000982874945296948,-0.00889469248950211));
#4816=CARTESIAN_POINT('',(-0.00121026742799146,-0.000785836992605965,-0.00890919788656731));
#4817=CARTESIAN_POINT('',(-0.00127562160689506,-0.000663346600778004,-0.00891712935845901));
#4818=CARTESIAN_POINT('',(-0.00138246606071837,-0.000443646376417596,-0.00893078507329692));
#4819=CARTESIAN_POINT('',(-0.00145342731009851,-7.08914933820237E-5,-0.00894981020299713));
#4820=CARTESIAN_POINT('',(-0.00142441999621588,0.000247808487728515,-0.00896888914296406));
#4821=CARTESIAN_POINT('',(-0.00133547331016556,0.000561990068733608,-0.00898706452167639));
#4822=CARTESIAN_POINT('',(-0.00122221059148339,0.000763072076407007,-0.00899963835177938));
#4823=CARTESIAN_POINT('',(-0.00111733588600045,0.000909219160364631,-0.0090092999517631));
#4824=CARTESIAN_POINT('',(-0.000999267747857394,0.00103361031411054,-0.00901829381682456));
#4825=CARTESIAN_POINT('',(-0.000981757053284442,0.00105352494447722,-0.00901983989088151));
#4826=CARTESIAN_POINT('',(-0.000787453299722864,0.00120922055540464,-0.0090340810153094));
#4827=CARTESIAN_POINT('',(-0.000660629133100681,0.00127713837277278,-0.00904227944003957));
#4828=CARTESIAN_POINT('',(-0.000519033349617013,0.00134543891780877,-0.00905107898644207));
#4829=CARTESIAN_POINT('',(-0.000322171099174262,0.00140519674948759,-0.00906219959125675));
#4830=CARTESIAN_POINT('',(-0.000147573691427021,0.00143269199235049,-0.00907159440812622));
#4831=CARTESIAN_POINT('',(2.3210908288423E-5,0.00143759474391723,-0.00908044245296812));
#4832=CARTESIAN_POINT('',(5.39195101767251E-5,0.00143892899388105,-0.00908223970205722));
#4833=CARTESIAN_POINT('',(0.000297358022479397,0.00141199713011189,-0.00909640262863763));
#4834=CARTESIAN_POINT('',(0.00043821897891973,0.00136951225170117,-0.00910489198106804));
#4835=CARTESIAN_POINT('',(0.000582311550983303,0.00131908344235681,-0.00911347913482252));
#4836=CARTESIAN_POINT('',(0.000765876660940887,0.00122142652150497,-0.0091247741548218));
#4837=CARTESIAN_POINT('',(0.00090834227492019,0.00111777201211068,-0.00913423183777678));
#4838=CARTESIAN_POINT('',(0.00103337263904521,0.00099952927946311,-0.00914329494707588));
#4839=CARTESIAN_POINT('',(0.00105355107999314,0.000982076020509156,-0.00914483911439418));
#4840=CARTESIAN_POINT('',(0.00121100733388236,0.00078404662073935,-0.00915933064445618));
#4841=CARTESIAN_POINT('',(0.00127110941098293,0.000672224963520104,-0.00916655284827749));
#4842=CARTESIAN_POINT('',(0.00134874632018871,0.000512154948038835,-0.00917646318687888));
#4843=CARTESIAN_POINT('',(0.001418854803868,0.000280888228609101,-0.00918949985416649));
#4844=CARTESIAN_POINT('',(0.001437,9.4083959492285E-5,-0.00919942093017286));
#4845=CARTESIAN_POINT('',(0.001437,1.32910691262032E-17,-0.00920435437370499));
#4846=CARTESIAN_POINT('',(0.001437,-2.04227771760948E-17,-0.00870427532843868));
#4847=CARTESIAN_POINT('',(0.001437,1.16627932470192E-17,-0.00820438995888942));
#4848=CARTESIAN_POINT('',(0.001437,-9.40728830244343E-5,-0.00820961854736434));
#4849=CARTESIAN_POINT('',(0.00142176633839304,-0.000237822107914232,-0.00821774256213765));
#4850=CARTESIAN_POINT('',(0.00137951710822358,-0.000413495936471683,-0.00822805388268997));
#4851=CARTESIAN_POINT('',(0.00132129895086087,-0.000567664458805324,-0.00823769295006609));
#4852=CARTESIAN_POINT('',(0.00130068083701483,-0.000616056286539584,-0.0082405738882657));
#4853=CARTESIAN_POINT('',(0.00119629312906748,-0.000806809874336026,-0.00825218637483504));
#4854=CARTESIAN_POINT('',(0.00108380403968103,-0.000945743458750576,-0.00826167100677041));
#4855=CARTESIAN_POINT('',(0.0010251268691862,-0.00100927034514367,-0.00826636365094295));
#4856=CARTESIAN_POINT('',(0.000911291615810673,-0.001114921174922,-0.00827498862545983));
#4857=CARTESIAN_POINT('',(0.000798486396409478,-0.00119672813676693,-0.00828285508892375));
#4858=CARTESIAN_POINT('',(0.000684085911721573,-0.001267634048888,-0.00829051042685667));
#4859=CARTESIAN_POINT('',(0.000528942540677271,-0.00133698687248416,-0.00830045593856804));
#4860=CARTESIAN_POINT('',(0.000499254987506179,-0.0013502674555391,-0.00830213904129812));
#4861=CARTESIAN_POINT('',(0.000270310658128536,-0.00141790679700954,-0.00831477633198904));
#4862=CARTESIAN_POINT('',(0.000101106757708904,-0.00143452840146975,-0.00832373617617316));
#4863=CARTESIAN_POINT('',(1.07778103093842E-5,-0.00143868450770939,-0.00832865298132399));
#4864=CARTESIAN_POINT('',(-0.000143444569766693,-0.0014327335330028,-0.00833729574813996));
#4865=CARTESIAN_POINT('',(-0.00028124103211209,-0.00141094895736817,-0.00834522285918875));
#4866=CARTESIAN_POINT('',(-0.000412719010929389,-0.0013799884566713,-0.00835295893831385));
#4867=CARTESIAN_POINT('',(-0.000569710218057019,-0.00132014225227771,-0.00836284710757358));
#4868=CARTESIAN_POINT('',(-0.00060687832198433,-0.00130557016355328,-0.00836499025489127));
#4869=CARTESIAN_POINT('',(-0.00081286957230206,-0.00119205023230264,-0.00837756957873838));
#4870=CARTESIAN_POINT('',(-0.000932892087125428,-0.00109440998132087,-0.00838579490815655));
#4871=CARTESIAN_POINT('',(-0.00104091347020412,-0.000997185096617409,-0.00839375824225916));
#4872=CARTESIAN_POINT('',(-0.00117536389773945,-0.000835436530243653,-0.00840555805158791));
#4873=CARTESIAN_POINT('',(-0.00126746667848053,-0.000683578905630269,-0.00841560590079068));
#4874=CARTESIAN_POINT('',(-0.00133596883680213,-0.000532033603386311,-0.00842521383933556));
#4875=CARTESIAN_POINT('',(-0.00135447735506085,-0.00048746924522878,-0.0084278150052845));
#4876=CARTESIAN_POINT('',(-0.00141675238841393,-0.000271211072196615,-0.00843975757147864));
#4877=CARTESIAN_POINT('',(-0.00143472401282544,-0.00011035721523835,-0.00844828557963864));
#4878=CARTESIAN_POINT('',(-0.00143760261490963,9.13420312311359E-6,-0.00845478131548866));
#4879=CARTESIAN_POINT('',(-0.00143686534018639,7.56178056970646E-5,-0.00845855964212072));
#4880=CARTESIAN_POINT('',(-0.00141784995662866,0.000261766943249039,-0.00846931128494242));
#4881=CARTESIAN_POINT('',(-0.00137092731337525,0.000440061645210282,-0.00847995652749589));
#4882=CARTESIAN_POINT('',(-0.00132367359609011,0.000563412801196704,-0.00848739736805771));
#4883=CARTESIAN_POINT('',(-0.00127102929173035,0.000675033960228889,-0.00849410725933475));
#4884=CARTESIAN_POINT('',(-0.00117163516767414,0.000841895910016734,-0.00850466280753265));
#4885=CARTESIAN_POINT('',(-0.00102324844302797,0.00102191008276039,-0.00851732046312458));
#4886=CARTESIAN_POINT('',(-0.000839306125364734,0.00117281166218395,-0.00853010833501118));
#4887=CARTESIAN_POINT('',(-0.000699714721228741,0.00125693151139692,-0.00853949193288113));
#4888=CARTESIAN_POINT('',(-0.000613069533348711,0.00129998341968801,-0.0085453189595318));
#4889=CARTESIAN_POINT('',(-0.000585862611864852,0.00131219754293262,-0.00854696981625499));
#4890=CARTESIAN_POINT('',(-0.000500049407035542,0.00135017101110584,-0.0085520939675035));
#4891=CARTESIAN_POINT('',(-0.000364296149722626,0.00139132546977946,-0.0085596366563226));
#4892=CARTESIAN_POINT('',(-0.000250234762523534,0.00141662139471953,-0.00856581586042677));
#4893=CARTESIAN_POINT('',(-0.000149434801044971,0.00143104709387299,-0.0085713124105962));
#4894=CARTESIAN_POINT('',(0.000136734580551716,0.00144818005004927,-0.00858698595774269));
#4895=CARTESIAN_POINT('',(0.000475474042763514,0.00137622371480827,-0.00860704480839853));
#4896=CARTESIAN_POINT('',(0.0007592840898223,0.00122909541945434,-0.0086240833534633));
#4897=CARTESIAN_POINT('',(0.000948607467570342,0.00108396094812459,-0.00863685242097964));
#4898=CARTESIAN_POINT('',(0.00104802042899082,0.000984941414238936,-0.00864453610368394));
#4899=CARTESIAN_POINT('',(0.00111126843637742,0.000913605280441672,-0.00864987954691481));
#4900=CARTESIAN_POINT('',(0.00122551252796564,0.000761580998456714,-0.0086608144614184));
#4901=CARTESIAN_POINT('',(0.00138024328998133,0.00047036127414509,-0.00867918026086157));
#4902=CARTESIAN_POINT('',(0.001437,0.000188111874653615,-0.00869442484227897));
#4903=CARTESIAN_POINT('',(0.001437,-1.47878034341965E-17,-0.00870427532843868));
#4904=CARTESIAN_POINT('',(0.001437,9.85675667244814E-18,-0.00820438995888942));
#4905=CARTESIAN_POINT('',(0.001437,6.20771326168278E-17,-0.0077042814743222));
#4906=CARTESIAN_POINT('',(0.001437,-2.13267251504714E-5,-0.00770546293301641));
#4907=CARTESIAN_POINT('',(0.00143706895931302,-8.3052156148074E-5,-0.00770895069736957));
#4908=CARTESIAN_POINT('',(0.00141684741793135,-0.000262948999537947,-0.00771938299203633));
#4909=CARTESIAN_POINT('',(0.00137380862112587,-0.000432910883587701,-0.00772953761311181));
#4910=CARTESIAN_POINT('',(0.00132804165308859,-0.000549243281630232,-0.00773654210520045));
#4911=CARTESIAN_POINT('',(0.00130646856089758,-0.000601168392289482,-0.00773965143830406));
#4912=CARTESIAN_POINT('',(0.00122137420465281,-0.000767439202400713,-0.00774978923270193));
#4913=CARTESIAN_POINT('',(0.00107310667483919,-0.000968889999492236,-0.00776334319533836));
#4914=CARTESIAN_POINT('',(0.000957979754332191,-0.00107259813068071,-0.00777173535626903));
#4915=CARTESIAN_POINT('',(0.000906095426698397,-0.00111530562958222,-0.00777543393411996));
#4916=CARTESIAN_POINT('',(0.000904132150487826,-0.00111736396940233,-0.00777555473054172));
#4917=CARTESIAN_POINT('',(0.000796432416673794,-0.00119978552091331,-0.00778334229515624));
#4918=CARTESIAN_POINT('',(0.000679377655819886,-0.00126847297728022,-0.00779097998545397));
#4919=CARTESIAN_POINT('',(0.00050835170618308,-0.00135036276225027,-0.00780155624965398));
#4920=CARTESIAN_POINT('',(0.000324371182703989,-0.001404387892621,-0.00781199013185093));
#4921=CARTESIAN_POINT('',(0.000146628740066045,-0.00143282981694344,-0.00782165583195666));
#4922=CARTESIAN_POINT('',(-2.07002795003967E-5,-0.00143760137567496,-0.00783045121506455));
#4923=CARTESIAN_POINT('',(-6.32051480831601E-5,-0.00143876465788665,-0.00783284571027153));
#4924=CARTESIAN_POINT('',(-0.000371770730109971,-0.00140121229144638,-0.0078507687570287));
#4925=CARTESIAN_POINT('',(-0.000538343065336086,-0.00133706023426536,-0.00786082520027245));
#4926=CARTESIAN_POINT('',(-0.000762839728302481,-0.00122565692804927,-0.00787457891797209));
#4927=CARTESIAN_POINT('',(-0.000895463032455938,-0.00112514551524828,-0.00788343711800524));
#4928=CARTESIAN_POINT('',(-0.000963050517200844,-0.00106766616776241,-0.00788813116334592));
#4929=CARTESIAN_POINT('',(-0.00102596980988074,-0.00100672258508525,-0.00789268608815456));
#4930=CARTESIAN_POINT('',(-0.0010301193880852,-0.0010017436588654,-0.00789309481591504));
#4931=CARTESIAN_POINT('',(-0.00108460806259182,-0.00094578961382397,-0.00789748697231058));
#4932=CARTESIAN_POINT('',(-0.00120682258114014,-0.000789987281050482,-0.00790888463734544));
#4933=CARTESIAN_POINT('',(-0.00128078217447185,-0.000654264837659583,-0.00791771024925892));
#4934=CARTESIAN_POINT('',(-0.00134318215436609,-0.000522458905890162,-0.00792584780472153));
#4935=CARTESIAN_POINT('',(-0.00142063954546578,-0.000277781730069328,-0.0079398045392592));
#4936=CARTESIAN_POINT('',(-0.00145419532500421,9.1351668425151E-5,-0.00795866859094202));
#4937=CARTESIAN_POINT('',(-0.00136404390741871,0.000562387300266078,-0.00798711764183682));
#4938=CARTESIAN_POINT('',(-0.0010952750177642,0.000962534954583086,-0.00801232145945841));
#4939=CARTESIAN_POINT('',(-0.000840289591244484,0.00117335081313779,-0.00803001349617075));
#4940=CARTESIAN_POINT('',(-0.000678204608378946,0.00126778219307159,-0.00804125702261218));
#4941=CARTESIAN_POINT('',(-0.000619574771249425,0.00129930546674373,-0.00804495859462668));
#4942=CARTESIAN_POINT('',(-0.000483210532549945,0.00135454900074411,-0.00805299521313915));
#4943=CARTESIAN_POINT('',(-0.000395325510216321,0.00138253279170501,-0.00805797881120071));
#4944=CARTESIAN_POINT('',(-0.000281175522056491,0.00141189369552638,-0.00806432114786283));
#4945=CARTESIAN_POINT('',(-0.000162119980930149,0.00142887788318879,-0.00807071809839776));
#4946=CARTESIAN_POINT('',(-7.39863906539806E-5,0.0014359330637508,-0.00807540391484137));
#4947=CARTESIAN_POINT('',(1.40601219171524E-5,0.00143729394292184,-0.00808002294123729));
#4948=CARTESIAN_POINT('',(1.88936174162959E-5,0.00143689108817305,-0.0080803339836618));
#4949=CARTESIAN_POINT('',(9.36896728848343E-5,0.00143512952336345,-0.00808456561133262));
#4950=CARTESIAN_POINT('',(0.000213827211186457,0.00142460313270102,-0.00809150988986877));
#4951=CARTESIAN_POINT('',(0.000361359244011578,0.00139182464115964,-0.00810026626188445));
#4952=CARTESIAN_POINT('',(0.000451023519901276,0.00136590726862268,-0.00810562230609171));
#4953=CARTESIAN_POINT('',(0.00055291628647587,0.00132662846708602,-0.00811176545323023));
#4954=CARTESIAN_POINT('',(0.000600705843476059,0.00130665140524972,-0.00811462844590421));
#4955=CARTESIAN_POINT('',(0.000769728543862961,0.00122017916269974,-0.00812493713049194));
#4956=CARTESIAN_POINT('',(0.000972820552091091,0.00106965417419797,-0.00813863151520807));
#4957=CARTESIAN_POINT('',(0.00107581924355397,0.00095425357960106,-0.00814700381585764));
#4958=CARTESIAN_POINT('',(0.00111694696171082,0.000904064499573174,-0.00815056810998222));
#4959=CARTESIAN_POINT('',(0.00111721314899573,0.000904312928375141,-0.00815052394630522));
#4960=CARTESIAN_POINT('',(0.0011999142912582,0.000796231576724785,-0.00815834703383156));
#4961=CARTESIAN_POINT('',(0.00126851202863298,0.000679404063724155,-0.00816597558831867));
#4962=CARTESIAN_POINT('',(0.00135036250803487,0.000507735192113664,-0.00817659039142393));
#4963=CARTESIAN_POINT('',(0.00141829856789785,0.000282350678796972,-0.0081894043847546));
#4964=CARTESIAN_POINT('',(0.001437,9.40543927393743E-5,-0.00819944508926466));
#4965=CARTESIAN_POINT('',(0.001437,1.32910691262032E-17,-0.00820438995888942));
#4966=CARTESIAN_POINT('',(0.001437,1.97152922952458E-17,-0.0077042814743222));
#4967=CARTESIAN_POINT('',(0.001437,1.16627932470192E-17,-0.00720433218433151));
#4968=CARTESIAN_POINT('',(0.001437,-9.40616538658526E-5,-0.00720958696302865));
#4969=CARTESIAN_POINT('',(0.00142173472722833,-0.000237813503028456,-0.00721773783762253));
#4970=CARTESIAN_POINT('',(0.00137958951307519,-0.000413414901120973,-0.00722805420263491));
#4971=CARTESIAN_POINT('',(0.00132110296361495,-0.000567725184976897,-0.00723769350425603));
#4972=CARTESIAN_POINT('',(0.00130154710548249,-0.000615520949472394,-0.00724052378673272));
#4973=CARTESIAN_POINT('',(0.00119088596517885,-0.000813187554052932,-0.00725262425441088));
#4974=CARTESIAN_POINT('',(0.00110359707995638,-0.000922218965494992,-0.00726003955335876));
#4975=CARTESIAN_POINT('',(0.000991535666672388,-0.00104744758385507,-0.00726921375115487));
#4976=CARTESIAN_POINT('',(0.000836044887013159,-0.00117450646219175,-0.00728043182722857));
#4977=CARTESIAN_POINT('',(0.000683418157239078,-0.00126767333087936,-0.00729057436794899));
#4978=CARTESIAN_POINT('',(0.00053132513743814,-0.0013362334485516,-0.00730028284818182));
#4979=CARTESIAN_POINT('',(0.000489159082419668,-0.00135375252572762,-0.00730273536192803));
#4980=CARTESIAN_POINT('',(0.000272210349794622,-0.0014170081305766,-0.00731467950258132));
#4981=CARTESIAN_POINT('',(0.000104467996293134,-0.00143446612023801,-0.00732355413060721));
#4982=CARTESIAN_POINT('',(9.39435711169672E-6,-0.0014387073384828,-0.00732872505341555));
#4983=CARTESIAN_POINT('',(-0.000143433086826426,-0.00143270441416261,-0.00733727568709773));
#4984=CARTESIAN_POINT('',(-0.000281599830977111,-0.00141087553180678,-0.00734522676331848));
#4985=CARTESIAN_POINT('',(-0.000412519292908725,-0.00138006785962445,-0.00735293753571219));
#4986=CARTESIAN_POINT('',(-0.000570907632137781,-0.00131966839218623,-0.00736295025807659));
#4987=CARTESIAN_POINT('',(-0.000602597747560675,-0.00130725809936605,-0.00736473666158629));
#4988=CARTESIAN_POINT('',(-0.000809989409649083,-0.00119500756347014,-0.00737733658287068));
#4989=CARTESIAN_POINT('',(-0.000948628691229317,-0.00108093591337616,-0.00738687504020523));
#4990=CARTESIAN_POINT('',(-0.00100809477256641,-0.00102629401271189,-0.00739128240686027));
#4991=CARTESIAN_POINT('',(-0.00111495566059535,-0.00091127384550641,-0.00740008124753569));
#4992=CARTESIAN_POINT('',(-0.0011963931616809,-0.000799062920952155,-0.00740791007644505));
#4993=CARTESIAN_POINT('',(-0.00126793590094648,-0.000683299545222506,-0.00741562769247052));
#4994=CARTESIAN_POINT('',(-0.00133543134714955,-0.000532789446035842,-0.00742516038586981));
#4995=CARTESIAN_POINT('',(-0.00135572370857523,-0.000485773849161803,-0.00742793723649543));
#4996=CARTESIAN_POINT('',(-0.00141714647232688,-0.000262824869451275,-0.00744019093977192));
#4997=CARTESIAN_POINT('',(-0.00143201716766161,-0.000145015147025495,-0.00744642011477379));
#4998=CARTESIAN_POINT('',(-0.00143761881667243,4.0008336965945E-6,-0.00745458824958063));
#4999=CARTESIAN_POINT('',(-0.0014368826873957,2.20810445556475E-5,-0.00745561957009082));
#5000=CARTESIAN_POINT('',(-0.00143480525835712,9.24495229897079E-5,-0.00745962141862357));
#5001=CARTESIAN_POINT('',(-0.00142807820920005,0.000188169353736377,-0.0074651007178116));
#5002=CARTESIAN_POINT('',(-0.00139643793228671,0.000344624789264356,-0.00747426784260834));
#5003=CARTESIAN_POINT('',(-0.00136648744743352,0.000449219354551225,-0.0074805111622185));
#5004=CARTESIAN_POINT('',(-0.00132426652971165,0.000563077240260962,-0.00748733840827982));
#5005=CARTESIAN_POINT('',(-0.00127029687922415,0.000676662762203262,-0.0074942264909043));
#5006=CARTESIAN_POINT('',(-0.00116311042164135,0.000855293957136695,-0.00750534804707463));
#5007=CARTESIAN_POINT('',(-0.00100307570761613,0.00104234860246355,-0.00751873017222077));
#5008=CARTESIAN_POINT('',(-0.000787718693313966,0.00120926948039068,-0.00753403165227436));
#5009=CARTESIAN_POINT('',(-0.000598576839506007,0.00131448535123749,-0.00754638487809448));
#5010=CARTESIAN_POINT('',(-0.000375639270700087,0.00139348068409476,-0.00755906138722756));
#5011=CARTESIAN_POINT('',(-0.000209266619473747,0.00142221212175176,-0.00756796929674919));
#5012=CARTESIAN_POINT('',(-0.000142987536675943,0.00143045654997557,-0.00757155416447025));
#5013=CARTESIAN_POINT('',(8.67928948604349E-6,0.00144294510373447,-0.00757986067153303));
#5014=CARTESIAN_POINT('',(0.000283095042931409,0.00142017865544644,-0.0075955019545224));
#5015=CARTESIAN_POINT('',(0.00054553899111983,0.00133797793319948,-0.00761130371536673));
#5016=CARTESIAN_POINT('',(0.000807991817799011,0.00120442297331987,-0.00762694358171359));
#5017=CARTESIAN_POINT('',(0.00102199316687393,0.00101584068633004,-0.00764229877412791));
#5018=CARTESIAN_POINT('',(0.00111110984374706,0.000913609910970916,-0.00764990576197899));
#5019=CARTESIAN_POINT('',(0.00122564887332566,0.000761511616034644,-0.00766077743529026));
#5020=CARTESIAN_POINT('',(0.0013801662276955,0.000470354920460256,-0.00767908199579136));
#5021=CARTESIAN_POINT('',(0.00143699999999999,0.000188100726950038,-0.00769436532634681));
#5022=CARTESIAN_POINT('',(0.001437,5.66856903559119E-17,-0.0077042814743222));
#5023=CARTESIAN_POINT('',(0.001437,-1.1268168533447E-17,-0.00720433218433151));
#5024=CARTESIAN_POINT('',(0.001437,4.03798220019735E-17,-0.00670434797529844));
#5025=CARTESIAN_POINT('',(0.001437,-2.08432534108574E-5,-0.00670549762650578));
#5026=CARTESIAN_POINT('',(0.00143691523882694,-8.2506500738629E-5,-0.00670897159721825));
#5027=CARTESIAN_POINT('',(0.00141773173428175,-0.000260474954074612,-0.00671924942403579));
#5028=CARTESIAN_POINT('',(0.00137098423353711,-0.000440325838227021,-0.00672996552403581));
#5029=CARTESIAN_POINT('',(0.0013236280772579,-0.000563444593537293,-0.00673739309187988));
#5030=CARTESIAN_POINT('',(0.00127106506155479,-0.000674853178858169,-0.00674411697112625));
#5031=CARTESIAN_POINT('',(0.00119657825767845,-0.000800512230721078,-0.00675195456148828));
#5032=CARTESIAN_POINT('',(0.00111181099248979,-0.000912838169606385,-0.00675926476268177));
#5033=CARTESIAN_POINT('',(0.00103786399466112,-0.000997350926801071,-0.00676531950839083));
#5034=CARTESIAN_POINT('',(0.000913477960432172,-0.001113296839744,-0.00677493761358744));
#5035=CARTESIAN_POINT('',(0.000761859276737123,-0.00122410970153238,-0.0067857306293905));
#5036=CARTESIAN_POINT('',(0.000554952638182299,-0.00133634335371642,-0.00679886040851057));
#5037=CARTESIAN_POINT('',(0.000324183541613961,-0.00140438765027428,-0.00681196787884465));
#5038=CARTESIAN_POINT('',(0.000147308438639734,-0.00143284069692233,-0.00682158458769654));
#5039=CARTESIAN_POINT('',(-2.2528139911965E-5,-0.00143746457304288,-0.0068305093060966));
#5040=CARTESIAN_POINT('',(-5.56686021236288E-5,-0.00143930087563737,-0.00683241391065538));
#5041=CARTESIAN_POINT('',(-0.000376912236561342,-0.00140062196084213,-0.00685108363894499));
#5042=CARTESIAN_POINT('',(-0.000535273032051816,-0.0013385945382845,-0.00686061591456363));
#5043=CARTESIAN_POINT('',(-0.000766302236696166,-0.00122189536914263,-0.00687480685311188));
#5044=CARTESIAN_POINT('',(-0.000908657552865967,-0.00111733966337657,-0.00688427239600709));
#5045=CARTESIAN_POINT('',(-0.00103347238885373,-0.000999571940203605,-0.00689329595593012));
#5046=CARTESIAN_POINT('',(-0.00105460570420283,-0.000980569060603622,-0.00689493749327119));
#5047=CARTESIAN_POINT('',(-0.00120934680518174,-0.000787025233150448,-0.00690910922048718));
#5048=CARTESIAN_POINT('',(-0.00127600088204081,-0.000662858863352903,-0.00691713692627898));
#5049=CARTESIAN_POINT('',(-0.00134613267298428,-0.000517670458551337,-0.00692615928837676));
#5050=CARTESIAN_POINT('',(-0.00140512035789317,-0.000322237178345913,-0.0069371941953355));
#5051=CARTESIAN_POINT('',(-0.00143272823788009,-0.000147416658311932,-0.00694660375512738));
#5052=CARTESIAN_POINT('',(-0.00143758972260451,2.35243716885544E-5,-0.00695545845836903));
#5053=CARTESIAN_POINT('',(-0.00143891286709504,5.36010225740015E-5,-0.00695722505944193));
#5054=CARTESIAN_POINT('',(-0.00141214884540445,0.000296998001760467,-0.00697137714559888));
#5055=CARTESIAN_POINT('',(-0.00136874241672727,0.000440877975555839,-0.00698004691267403));
#5056=CARTESIAN_POINT('',(-0.00131890159088174,0.000581442599076146,-0.00698844393008833));
#5057=CARTESIAN_POINT('',(-0.00122512605829274,0.000762900163740183,-0.00699954054822122));
#5058=CARTESIAN_POINT('',(-0.00112532989881847,0.000895263544091406,-0.00700841294345318));
#5059=CARTESIAN_POINT('',(-0.00106783896147267,0.000962876938705677,-0.00701313489879719));
#5060=CARTESIAN_POINT('',(-0.00100677623037851,0.00102583506170107,-0.00701774285852231));
#5061=CARTESIAN_POINT('',(-0.00100232747291727,0.0010298607349626,-0.00701811440736293));
#5062=CARTESIAN_POINT('',(-0.000955653754097433,0.0010738221625928,-0.00702173199460663));
#5063=CARTESIAN_POINT('',(-0.000896157366274146,0.00112526924003225,-0.00702622764383705));
#5064=CARTESIAN_POINT('',(-0.000757680432642057,0.001225223723542,-0.00703604520063037));
#5065=CARTESIAN_POINT('',(-0.000672805204962896,0.0012707050684964,-0.00704151131979599));
#5066=CARTESIAN_POINT('',(-0.000512065151921987,0.00134912706061897,-0.00705147895240101));
#5067=CARTESIAN_POINT('',(-0.000323363678107154,0.00140464930425357,-0.00706207665333434));
#5068=CARTESIAN_POINT('',(-0.000146778999346994,0.00143281742821257,-0.00707164231365893));
#5069=CARTESIAN_POINT('',(2.23159940096448E-5,0.0014376285843141,-0.00708050965740445));
#5070=CARTESIAN_POINT('',(5.8978945782202E-5,0.00143866811025193,-0.00708260532411551));
#5071=CARTESIAN_POINT('',(0.000296665725743866,0.0014118243085686,-0.00709637140119791));
#5072=CARTESIAN_POINT('',(0.000435635931137464,0.00137052263966847,-0.00710470333529018));
#5073=CARTESIAN_POINT('',(0.000585278802399555,0.00131755743260234,-0.00711367008326005));
#5074=CARTESIAN_POINT('',(0.000762749725654278,0.00122503867721153,-0.00712459562733874));
#5075=CARTESIAN_POINT('',(0.000895603222768352,0.00112510044923681,-0.00713344955968195));
#5076=CARTESIAN_POINT('',(0.000963209441151873,0.00106750456883153,-0.00713813953821475));
#5077=CARTESIAN_POINT('',(0.00102589038161236,0.00100680756248943,-0.00714266686745662));
#5078=CARTESIAN_POINT('',(0.00103087286832036,0.00100097052597985,-0.00714313946778157));
#5079=CARTESIAN_POINT('',(0.00108547275957102,0.00094482020825422,-0.00714754395436315));
#5080=CARTESIAN_POINT('',(0.00120725684127643,0.00078906817355897,-0.00715894623345295));
#5081=CARTESIAN_POINT('',(0.00127937312786769,0.000657006952460466,-0.0071675444126162));
#5082=CARTESIAN_POINT('',(0.00134404626188348,0.000520768147930156,-0.00717595430407187));
#5083=CARTESIAN_POINT('',(0.00142058760862608,0.000277647190848239,-0.00718968406080229));
#5084=CARTESIAN_POINT('',(0.001437,9.40616996658171E-5,-0.00719939972119635));
#5085=CARTESIAN_POINT('',(0.001437,1.32910691262032E-17,-0.00720433218433151));
#5086=CARTESIAN_POINT('',(0.001437,-1.40963291064935E-18,-0.00670434797529844));
#5087=CARTESIAN_POINT('',(0.001437,-3.17318279826895E-17,-0.00620427647423235));
#5088=CARTESIAN_POINT('',(0.001437,-2.2049019672207E-5,-0.00620550142616788));
#5089=CARTESIAN_POINT('',(0.00143718079531277,-8.39643687266753E-5,-0.0062090031857342));
#5090=CARTESIAN_POINT('',(0.00141591790792141,-0.000266523758319806,-0.00621961320104173));
#5091=CARTESIAN_POINT('',(0.00137641761115932,-0.000423082899298427,-0.00622897516569065));
#5092=CARTESIAN_POINT('',(0.00133226008133007,-0.000539486408163848,-0.00623594064936202));
#5093=CARTESIAN_POINT('',(0.0013063440892657,-0.000601637869069338,-0.0062396551189109));
#5094=CARTESIAN_POINT('',(0.00122048282182758,-0.000768931671300853,-0.00624988282002355));
#5095=CARTESIAN_POINT('',(0.00107073489258428,-0.000971713334017383,-0.00626356595205784));
#5096=CARTESIAN_POINT('',(0.000955462517414304,-0.00107477165704496,-0.00627195110066248));
#5097=CARTESIAN_POINT('',(0.000904603930604332,-0.00111651362568453,-0.00627556883915622));
#5098=CARTESIAN_POINT('',(0.000903996135706731,-0.00111746897338859,-0.00627559525134723));
#5099=CARTESIAN_POINT('',(0.000796014227543542,-0.00120007524851233,-0.00628334809080768));
#5100=CARTESIAN_POINT('',(0.00067902130796238,-0.00126865481463633,-0.00629094440670938));
#5101=CARTESIAN_POINT('',(0.00050799570611775,-0.00135051349568262,-0.00630148349460209));
#5102=CARTESIAN_POINT('',(0.00032375738413163,-0.00140448198486641,-0.00631192082980778));
#5103=CARTESIAN_POINT('',(0.000146630422973168,-0.00143285843076482,-0.00632156647147216));
#5104=CARTESIAN_POINT('',(-2.25624071131926E-5,-0.00143763709800525,-0.00633048858444687));
#5105=CARTESIAN_POINT('',(-5.80429369622766E-5,-0.00143859301700093,-0.00633252904956351));
#5106=CARTESIAN_POINT('',(-0.000295083721055849,-0.00141244225771415,-0.00634626559426195));
#5107=CARTESIAN_POINT('',(-0.000442790219939483,-0.00136814775332517,-0.00635513681142299));
#5108=CARTESIAN_POINT('',(-0.000580414575885765,-0.0013195760759375,-0.00636338695716415));
#5109=CARTESIAN_POINT('',(-0.00076664354417773,-0.00122104531407445,-0.00637487988700193));
#5110=CARTESIAN_POINT('',(-0.00090840187431464,-0.00111769644488815,-0.00638424833272917));
#5111=CARTESIAN_POINT('',(-0.00103388077522586,-0.000999039710163518,-0.00639323049467192));
#5112=CARTESIAN_POINT('',(-0.00105232682928034,-0.000983242215412634,-0.00639466836102222));
#5113=CARTESIAN_POINT('',(-0.00121048592929869,-0.000785418788663121,-0.00640922778175887));
#5114=CARTESIAN_POINT('',(-0.00127510534153159,-0.000664543286049362,-0.00641705780989274));
#5115=CARTESIAN_POINT('',(-0.00138289807816075,-0.000440938083600236,-0.00643091497588149));
#5116=CARTESIAN_POINT('',(-0.00145653755649053,-8.98451187450258E-5,-0.0064491054421));
#5117=CARTESIAN_POINT('',(-0.0014236613225588,0.000233405863406813,-0.00646745744205542));
#5118=CARTESIAN_POINT('',(-0.00137616339099409,0.000420314399861159,-0.0064784119273457));
#5119=CARTESIAN_POINT('',(-0.00134124086644119,0.000521373241656083,-0.00648452282463543));
#5120=CARTESIAN_POINT('',(-0.00129328805522787,0.000627431721500645,-0.00649124897172741));
#5121=CARTESIAN_POINT('',(-0.00129092987612656,0.000629974756572167,-0.00649140268845531));
#5122=CARTESIAN_POINT('',(-0.00125189403275854,0.000717244903939055,-0.00649652610212053));
#5123=CARTESIAN_POINT('',(-0.00109881152925181,0.000934721130545392,-0.00651071340872963));
#5124=CARTESIAN_POINT('',(-0.00100996953488769,0.00102308353255264,-0.00651753047896226));
#5125=CARTESIAN_POINT('',(-0.000917799694420906,0.00110954156428974,-0.00652462749268535));
#5126=CARTESIAN_POINT('',(-0.000732549247062875,0.00124562249682451,-0.00653784295199329));
#5127=CARTESIAN_POINT('',(-0.000508083506352262,0.00135139251463354,-0.00655168510104527));
#5128=CARTESIAN_POINT('',(-0.000294186684239932,0.00141385957309914,-0.00656346758342889));
#5129=CARTESIAN_POINT('',(-4.67463863377603E-6,0.00144801734381694,-0.00657906220194254));
#5130=CARTESIAN_POINT('',(0.000285907841760853,0.00141602884670784,-0.00659569056332128));
#5131=CARTESIAN_POINT('',(0.000621001270101917,0.00132181205426455,-0.00661565893159908));
#5132=CARTESIAN_POINT('',(0.00100086929384615,0.00105867643095946,-0.00663953367498928));
#5133=CARTESIAN_POINT('',(0.00119545771825798,0.000810338531991436,-0.00665757407982184));
#5134=CARTESIAN_POINT('',(0.00138504059186053,0.000466005752602201,-0.00667950224334729));
#5135=CARTESIAN_POINT('',(0.00143699999999999,0.000188098783632265,-0.00669442314484524));
#5136=CARTESIAN_POINT('',(0.001437,4.1369941686603E-17,-0.00670434797529844));
#5137=CARTESIAN_POINT('',(0.001437,-1.19720955135969E-17,-0.00620427647423235));
#5138=CARTESIAN_POINT('',(0.001437,-2.4073953648035E-17,-0.00570439089381921));
#5139=CARTESIAN_POINT('',(0.001437,-9.40725001014829E-5,-0.00570961542328009));
#5140=CARTESIAN_POINT('',(0.00142176806993715,-0.000237818625469884,-0.00571773650391795));
#5141=CARTESIAN_POINT('',(0.00137951489480828,-0.000413498488127338,-0.0057280497170555));
#5142=CARTESIAN_POINT('',(0.00132131006110957,-0.000567646332562547,-0.00573769411426422));
#5143=CARTESIAN_POINT('',(0.00130064388595069,-0.000616113504417985,-0.00574058026064707));
#5144=CARTESIAN_POINT('',(0.00119637820564802,-0.000806702939249366,-0.00575217733164214));
#5145=CARTESIAN_POINT('',(0.00108354249966049,-0.000946051379150834,-0.00576168688322265));
#5146=CARTESIAN_POINT('',(0.00102520898167581,-0.00100917473269528,-0.00576635087659159));
#5147=CARTESIAN_POINT('',(0.000911291826836649,-0.00111492860620063,-0.00577498758358668));
#5148=CARTESIAN_POINT('',(0.000798506996076309,-0.00119670906126454,-0.00578285402652168));
#5149=CARTESIAN_POINT('',(0.000684147149947908,-0.0012676068247411,-0.00579050802248993));
#5150=CARTESIAN_POINT('',(0.000528863993361612,-0.00133701490451517,-0.00580046128080428));
#5151=CARTESIAN_POINT('',(0.000499739907647447,-0.00135008647600732,-0.00580210914712002));
#5152=CARTESIAN_POINT('',(0.000270377764329904,-0.00141794133120614,-0.0058147732894086));
#5153=CARTESIAN_POINT('',(0.000100304843602953,-0.00143458090230392,-0.00582378130564922));
#5154=CARTESIAN_POINT('',(1.10209861988092E-5,-0.00143867057390887,-0.00582864212621672));
#5155=CARTESIAN_POINT('',(-0.000143494935745433,-0.00143273675572725,-0.00583730583038607));
#5156=CARTESIAN_POINT('',(-0.000281197469809652,-0.00141095838997374,-0.00584522734870095));
#5157=CARTESIAN_POINT('',(-0.000412792923476113,-0.00137995743737745,-0.00585296882267743));
#5158=CARTESIAN_POINT('',(-0.000569442616609412,-0.00132026160075162,-0.00586282675570757));
#5159=CARTESIAN_POINT('',(-0.000607891932380526,-0.00130511670143746,-0.00586505299270708));
#5160=CARTESIAN_POINT('',(-0.000813042847423026,-0.00119179267246992,-0.00587758608466414));
#5161=CARTESIAN_POINT('',(-0.00093109367102737,-0.00109595497815315,-0.00588566857609479));
#5162=CARTESIAN_POINT('',(-0.00104198172429974,-0.000996264242507971,-0.00589383780858024));
#5163=CARTESIAN_POINT('',(-0.00117519906625334,-0.000835583238168712,-0.00590554108895962));
#5164=CARTESIAN_POINT('',(-0.00126751121993545,-0.000683517730040702,-0.00591560689925432));
#5165=CARTESIAN_POINT('',(-0.00133594220544152,-0.00053211050456361,-0.00592521105427799));
#5166=CARTESIAN_POINT('',(-0.0013545715114674,-0.000487145135287077,-0.00592783614993003));
#5167=CARTESIAN_POINT('',(-0.00141670534703916,-0.000271531352887157,-0.00593973935858263));
#5168=CARTESIAN_POINT('',(-0.00143481809598768,-0.000109399830182681,-0.00594833140907339));
#5169=CARTESIAN_POINT('',(-0.00143754340470821,8.93178022389078E-6,-0.00595476435149449));
#5170=CARTESIAN_POINT('',(-0.00143700809520453,7.54826617732763E-5,-0.00595854632086263));
#5171=CARTESIAN_POINT('',(-0.0014173142131244,0.000262868930650708,-0.00596937666917374));
#5172=CARTESIAN_POINT('',(-0.00137288370430013,0.000436026624268566,-0.00597971416838439));
#5173=CARTESIAN_POINT('',(-0.00132625674739096,0.000553261262265414,-0.00598678737387819));
#5174=CARTESIAN_POINT('',(-0.00130681257979442,0.000600529624534647,-0.00598961954205914));
#5175=CARTESIAN_POINT('',(-0.00121878888285158,0.000772116429744112,-0.00600009399356866));
#5176=CARTESIAN_POINT('',(-0.00111080175907427,0.000917450559925617,-0.00600990205499346));
#5177=CARTESIAN_POINT('',(-0.000996722724336786,0.00103804360856846,-0.00601893691668993));
#5178=CARTESIAN_POINT('',(-0.000935311528458484,0.00109139705461097,-0.0060233499127967));
#5179=CARTESIAN_POINT('',(-0.000901365490668384,0.00111916161565108,-0.00602575898884502));
#5180=CARTESIAN_POINT('',(-0.00090684679982593,0.00111491128393005,-0.00602532394689138));
#5181=CARTESIAN_POINT('',(-0.000850803845294069,0.00115909021161911,-0.00602943333152562));
#5182=CARTESIAN_POINT('',(-0.000758685092296313,0.00122250431684859,-0.00603581597911356));
#5183=CARTESIAN_POINT('',(-0.000650116711954552,0.00128435286433727,-0.00604286421117061));
#5184=CARTESIAN_POINT('',(-0.000476612369114063,0.00136061772552011,-0.00605341452965666));
#5185=CARTESIAN_POINT('',(-0.000292189248917045,0.00141434316847259,-0.00606359310303416));
#5186=CARTESIAN_POINT('',(8.77536108913079E-5,0.00145869440325971,-0.00608410792761349));
#5187=CARTESIAN_POINT('',(0.000477054539722865,0.00137559267476075,-0.00610713241965124));
#5188=CARTESIAN_POINT('',(0.000759162942371094,0.0012291113058705,-0.00612407794459642));
#5189=CARTESIAN_POINT('',(0.000948279956878919,0.00108424407366769,-0.0061368283929712));
#5190=CARTESIAN_POINT('',(0.00104771267950536,0.00098527866309683,-0.00614451025489525));
#5191=CARTESIAN_POINT('',(0.00111128059037005,0.000913601032604824,-0.00614987953099644));
#5192=CARTESIAN_POINT('',(0.00122550338529853,0.00076158663327407,-0.00616080987250345));
#5193=CARTESIAN_POINT('',(0.0013802489359269,0.000470359854413354,-0.00617917449249217));
#5194=CARTESIAN_POINT('',(0.001437,0.000188112410440116,-0.00619442171266051));
#5195=CARTESIAN_POINT('',(0.001437,-3.01035521035055E-17,-0.00620427647423235));
#5196=CARTESIAN_POINT('',(0.001437,-2.25345581165445E-17,-0.00570439089381921));
#5197=CARTESIAN_POINT('',(0.001437,-3.01479922773523E-18,-0.00520427895772292));
#5198=CARTESIAN_POINT('',(0.001437,-2.17264390650875E-5,-0.00520548333844273));
#5199=CARTESIAN_POINT('',(0.00143702641147771,-8.39138708922299E-5,-0.00520899784273754));
#5200=CARTESIAN_POINT('',(0.00141671802652144,-0.000263407218972559,-0.00521941007977182));
#5201=CARTESIAN_POINT('',(0.00137401513720784,-0.000432127302062897,-0.00522949304131884));
#5202=CARTESIAN_POINT('',(0.00132840380196415,-0.000548428319529578,-0.00523649215101308));
#5203=CARTESIAN_POINT('',(0.00130640236413184,-0.000601305834393513,-0.00523965800010664));
#5204=CARTESIAN_POINT('',(0.00122167003145367,-0.000766879237100048,-0.00524975309813149));
#5205=CARTESIAN_POINT('',(0.00107396495982615,-0.000967902285479329,-0.00526327143492232));
#5206=CARTESIAN_POINT('',(0.000958899956607719,-0.00107180144458681,-0.00527166991943523));
#5207=CARTESIAN_POINT('',(0.00090656941259529,-0.00111492191220976,-0.00527540362542729));
#5208=CARTESIAN_POINT('',(0.00090402592541117,-0.00111745190978953,-0.0052755677895492));
#5209=CARTESIAN_POINT('',(0.000796438540658614,-0.00119977669025201,-0.00528334344144141));
#5210=CARTESIAN_POINT('',(0.00067934588844228,-0.00126849187117083,-0.00529098162859105));
#5211=CARTESIAN_POINT('',(0.000508334575867533,-0.00135036850217558,-0.00530155438714353));
#5212=CARTESIAN_POINT('',(0.00032432640728552,-0.00140439301319471,-0.0053119890658931));
#5213=CARTESIAN_POINT('',(0.000146636707930245,-0.00143283427948947,-0.0053216524403413));
#5214=CARTESIAN_POINT('',(-2.08492962976002E-5,-0.00143759322854997,-0.00533045780193909));
#5215=CARTESIAN_POINT('',(-6.27636886129928E-5,-0.0014387927931804,-0.00533282138467742));
#5216=CARTESIAN_POINT('',(-0.000372008457285977,-0.00140119991702739,-0.00535077906628696));
#5217=CARTESIAN_POINT('',(-0.000538280358653349,-0.00133705684592987,-0.00536082455431195));
#5218=CARTESIAN_POINT('',(-0.000762853766322062,-0.00122565310376913,-0.00537458237389025));
#5219=CARTESIAN_POINT('',(-0.000895459850866251,-0.00112514751046873,-0.00538343719585837));
#5220=CARTESIAN_POINT('',(-0.000963048326330791,-0.00106766801046492,-0.00538812956752988));
#5221=CARTESIAN_POINT('',(-0.00102595766930485,-0.00100673486495834,-0.00539268128294267));
#5222=CARTESIAN_POINT('',(-0.001030135792371,-0.00100172704958481,-0.00539309250974302));
#5223=CARTESIAN_POINT('',(-0.0010846325030169,-0.000945762014505445,-0.00539748576655042));
#5224=CARTESIAN_POINT('',(-0.00120683503773892,-0.000789964543903492,-0.00540888621828526));
#5225=CARTESIAN_POINT('',(-0.00128076909762052,-0.000654289222170113,-0.00541771048196961));
#5226=CARTESIAN_POINT('',(-0.00134316808363058,-0.000522489340050875,-0.00542584520560427));
#5227=CARTESIAN_POINT('',(-0.001420649005816,-0.0002778264702658,-0.00543979505050092));
#5228=CARTESIAN_POINT('',(-0.00145413746327021,9.14948451726427E-5,-0.00545869013414956));
#5229=CARTESIAN_POINT('',(-0.00136451734380116,0.000561236798918463,-0.00548704088590477));
#5230=CARTESIAN_POINT('',(-0.00109521726820396,0.00096267984326351,-0.00551233715333201));
#5231=CARTESIAN_POINT('',(-0.00084030379070037,0.00117332874974862,-0.00553000344098063));
#5232=CARTESIAN_POINT('',(-0.000678197639045689,0.001267795017909,-0.00554125772181273));
#5233=CARTESIAN_POINT('',(-0.000619371094145117,0.00129939474578725,-0.00554497293104998));
#5234=CARTESIAN_POINT('',(-0.000483229782484136,0.00135453894712472,-0.00555299593301735));
#5235=CARTESIAN_POINT('',(-0.000395338065804172,0.00138253121800883,-0.00555797918380416));
#5236=CARTESIAN_POINT('',(-0.000281192242176957,0.00141188960133185,-0.00556432011876622));
#5237=CARTESIAN_POINT('',(-0.000162135401016505,0.00142887620546112,-0.00557071547964216));
#5238=CARTESIAN_POINT('',(-7.40034299809671E-5,0.00143593216672744,-0.00557539985167385));
#5239=CARTESIAN_POINT('',(1.40469042260713E-5,0.00143729425021876,-0.00558001737718682));
#5240=CARTESIAN_POINT('',(1.88656382037695E-5,0.00143689076848354,-0.00558032797643107));
#5241=CARTESIAN_POINT('',(9.36412210724128E-5,0.00143513521268642,-0.00558455906744964));
#5242=CARTESIAN_POINT('',(0.000213914133384865,0.00142458457366674,-0.00559151328900186));
#5243=CARTESIAN_POINT('',(0.000361200013145112,0.00139185913637558,-0.00560025781117994));
#5244=CARTESIAN_POINT('',(0.000450389731677818,0.00136610073507363,-0.00560558564277756));
#5245=CARTESIAN_POINT('',(0.000552206927013151,0.0013269468846096,-0.00561172216187248));
#5246=CARTESIAN_POINT('',(0.000600853968502038,0.00130657563455244,-0.00561463606273581));
#5247=CARTESIAN_POINT('',(0.000768898922884003,0.00122062377747875,-0.00562488342162906));
#5248=CARTESIAN_POINT('',(0.000971363011762493,0.00107092589528627,-0.00563852404373874));
#5249=CARTESIAN_POINT('',(0.00107464838512973,0.000955613835610327,-0.00564690513532475));
#5250=CARTESIAN_POINT('',(0.00111637012646044,0.000904778833145571,-0.00565052023998018));
#5251=CARTESIAN_POINT('',(0.00111731622029619,0.000904188319573368,-0.00565053851030607));
#5252=CARTESIAN_POINT('',(0.00119988172588039,0.000796270394730803,-0.00565834751625071));
#5253=CARTESIAN_POINT('',(0.00126852217642089,0.000679390993296676,-0.00566597871190288));
#5254=CARTESIAN_POINT('',(0.00135035793215671,0.00050773971340371,-0.00567659083087956));
#5255=CARTESIAN_POINT('',(0.0014183005895669,0.000282347389193578,-0.00568940470634117));
#5256=CARTESIAN_POINT('',(0.001437,9.40540565931782E-5,-0.00569944559677208));
#5257=CARTESIAN_POINT('',(0.001437,-3.01035521035055E-17,-0.00570439089381921));
#5258=CARTESIAN_POINT('',(0.001437,-2.4655233808742E-18,-0.00520427895772292));
#5259=CARTESIAN_POINT('',(0.001437,-3.01479922773523E-18,-0.00470433887390338));
#5260=CARTESIAN_POINT('',(0.001437,-9.40634881895102E-5,-0.0047095938662876));
#5261=CARTESIAN_POINT('',(0.00142172081485003,-0.000237850896076003,-0.0047177460322949));
#5262=CARTESIAN_POINT('',(0.00137960947926651,-0.000413368159558318,-0.00472805434547471));
#5263=CARTESIAN_POINT('',(0.00132101416307791,-0.000567943185467664,-0.00473770615232834));
#5264=CARTESIAN_POINT('',(0.00130185706784955,-0.000614756696888193,-0.00474047376028247));
#5265=CARTESIAN_POINT('',(0.00119141685439448,-0.000812646747439927,-0.004752586074592));
#5266=CARTESIAN_POINT('',(0.00110128411851019,-0.00092496603195167,-0.00476023561941905));
#5267=CARTESIAN_POINT('',(0.000992881317044764,-0.00104585162183015,-0.0047690927880153));
#5268=CARTESIAN_POINT('',(0.000835790382605745,-0.00117477669667206,-0.00478044428808663));
#5269=CARTESIAN_POINT('',(0.000683517821020816,-0.00126760562676077,-0.00479056240237796));
#5270=CARTESIAN_POINT('',(0.000531089894249337,-0.00133631987777847,-0.00480030065332205));
#5271=CARTESIAN_POINT('',(0.000490015728369253,-0.00135346816378894,-0.00480268616249424));
#5272=CARTESIAN_POINT('',(0.00027186856842227,-0.00141709568745725,-0.00481469534568703));
#5273=CARTESIAN_POINT('',(0.000104913042956555,-0.00143441327301461,-0.00482352710021228));
#5274=CARTESIAN_POINT('',(9.31002980157521E-6,-0.0014387208475762,-0.00482872880968288));
#5275=CARTESIAN_POINT('',(-0.000143378996812886,-0.00143270324953895,-0.00483727460354404));
#5276=CARTESIAN_POINT('',(-0.000281584798367512,-0.00141088117904239,-0.00484522819326364));
#5277=CARTESIAN_POINT('',(-0.000412502354575198,-0.00138007252791502,-0.00485293830767889));
#5278=CARTESIAN_POINT('',(-0.000570875890349065,-0.00131967880874088,-0.00486294631997303));
#5279=CARTESIAN_POINT('',(-0.000602644059051068,-0.00130725217816392,-0.00486473800857594));
#5280=CARTESIAN_POINT('',(-0.000810140065616546,-0.00119487190875419,-0.00487734838339508));
#5281=CARTESIAN_POINT('',(-0.00094803256160445,-0.00108144915822725,-0.00488683643006193));
#5282=CARTESIAN_POINT('',(-0.00100826016992079,-0.00102614990022537,-0.00489130112276597));
#5283=CARTESIAN_POINT('',(-0.00111491578650238,-0.000911311470762894,-0.00490008547650187));
#5284=CARTESIAN_POINT('',(-0.00119642248133988,-0.000799013625022142,-0.0049079195924668));
#5285=CARTESIAN_POINT('',(-0.00126790008313009,-0.000683396877293518,-0.00491562565086355));
#5286=CARTESIAN_POINT('',(-0.00133558969976501,-0.000532366361693709,-0.00492518482968383));
#5287=CARTESIAN_POINT('',(-0.00135516838219449,-0.000487266839433958,-0.00492784310301587));
#5288=CARTESIAN_POINT('',(-0.00141721530827102,-0.000263221560972978,-0.00494017232452369));
#5289=CARTESIAN_POINT('',(-0.00143225962286301,-0.000142124040364318,-0.00494658003498474));
#5290=CARTESIAN_POINT('',(-0.00143758898892265,3.66803368924259E-6,-0.00495456576697532));
#5291=CARTESIAN_POINT('',(-0.00143688788201268,2.21616668310318E-5,-0.00495561968361688));
#5292=CARTESIAN_POINT('',(-0.00143480145577962,9.2422191611046E-5,-0.00495961553322766));
#5293=CARTESIAN_POINT('',(-0.00142807577628078,0.000188192393881276,-0.00496509850325082));
#5294=CARTESIAN_POINT('',(-0.00139643664418685,0.000344630950553201,-0.00497426669926751));
#5295=CARTESIAN_POINT('',(-0.00136646654767402,0.000449287637732978,-0.0049805152133704));
#5296=CARTESIAN_POINT('',(-0.00132424499121211,0.000563135287804245,-0.00498734251018582));
#5297=CARTESIAN_POINT('',(-0.00127023340570631,0.000676763549684152,-0.00499423257145672));
#5298=CARTESIAN_POINT('',(-0.00116344615567882,0.00085474346720035,-0.00500530923537944));
#5299=CARTESIAN_POINT('',(-0.00100388798579527,0.00104162780718235,-0.00501866636963384));
#5300=CARTESIAN_POINT('',(-0.00078769126537215,0.00120931763679153,-0.00503403492248313));
#5301=CARTESIAN_POINT('',(-0.000599056991399015,0.00131423203986279,-0.00504635704428552));
#5302=CARTESIAN_POINT('',(-0.000375962105429096,0.00139342423971706,-0.00505904487272902));
#5303=CARTESIAN_POINT('',(-0.000209223715704083,0.00142221864682156,-0.00506797298929482));
#5304=CARTESIAN_POINT('',(-0.000143129280727905,0.00143043996416953,-0.00507154810970372));
#5305=CARTESIAN_POINT('',(8.54224844704787E-6,0.00144292938757202,-0.00507985552079765));
#5306=CARTESIAN_POINT('',(0.0002827030683543,0.00142035340673335,-0.00509547777299704));
#5307=CARTESIAN_POINT('',(0.000546893357445143,0.00133739047240845,-0.00511138769411336));
#5308=CARTESIAN_POINT('',(0.000807684177269989,0.0012046604171426,-0.00512692214333051));
#5309=CARTESIAN_POINT('',(0.00102307294610216,0.00101474037463038,-0.00514237862241233));
#5310=CARTESIAN_POINT('',(0.00111105577121752,0.000913634582297861,-0.0051498978056146));
#5311=CARTESIAN_POINT('',(0.00122567655895847,0.000761502208072739,-0.00516078281015342));
#5312=CARTESIAN_POINT('',(0.00138014369282188,0.000470366079831133,-0.00517909101084668));
#5313=CARTESIAN_POINT('',(0.001437,0.000188101510352792,-0.00519437097078857));
#5314=CARTESIAN_POINT('',(0.001437,5.27945235112424E-19,-0.00520427895772292));
#5315=CARTESIAN_POINT('',(0.001437,-1.30279859838218E-17,-0.00470433887390338));
#5316=CARTESIAN_POINT('',(0.001437,-1.70542355079351E-17,-0.00420434138259072));
#5317=CARTESIAN_POINT('',(0.001437,-2.05850468833942E-5,-0.00420547667560808));
#5318=CARTESIAN_POINT('',(0.00143695019101935,-8.19295866547591E-5,-0.0042089334928139));
#5319=CARTESIAN_POINT('',(0.00141778473848836,-0.000260277333156858,-0.00421923587397833));
#5320=CARTESIAN_POINT('',(0.00137094492592559,-0.000440567560796638,-0.00422998002497119));
#5321=CARTESIAN_POINT('',(0.00132340844139544,-0.000563705517279127,-0.00423741233605491));
#5322=CARTESIAN_POINT('',(0.00127166517212456,-0.000674316193592004,-0.00424407534758486));
#5323=CARTESIAN_POINT('',(0.00116877091764614,-0.0008448514744933,-0.00425474951283242));
#5324=CARTESIAN_POINT('',(0.00104583690981816,-0.000998914374842121,-0.004264835941756));
#5325=CARTESIAN_POINT('',(0.000797305697482313,-0.00120864818597418,-0.00428362512655802));
#5326=CARTESIAN_POINT('',(0.000556553069914486,-0.00133443059483075,-0.00429872380924702));
#5327=CARTESIAN_POINT('',(0.000324046072944881,-0.00140463000337528,-0.00431198756453254));
#5328=CARTESIAN_POINT('',(0.000147226826433498,-0.00143278879899836,-0.00432159351075506));
#5329=CARTESIAN_POINT('',(-2.2095672037878E-5,-0.0014375050997714,-0.00433049323629647));
#5330=CARTESIAN_POINT('',(-5.73337112076143E-5,-0.00143919066961555,-0.00433250709646519));
#5331=CARTESIAN_POINT('',(-0.000375896182073013,-0.00140069591065311,-0.0043510250069691));
#5332=CARTESIAN_POINT('',(-0.000535631344192856,-0.00133857165526551,-0.00436063568788601));
#5333=CARTESIAN_POINT('',(-0.000766283783132019,-0.00122187332616705,-0.00437480863230595));
#5334=CARTESIAN_POINT('',(-0.000908633883323761,-0.00111737404401269,-0.00438426976120243));
#5335=CARTESIAN_POINT('',(-0.00103360774139548,-0.000999425187352885,-0.004393298971114));
#5336=CARTESIAN_POINT('',(-0.00105410109813904,-0.000981108554720579,-0.00439489270233684));
#5337=CARTESIAN_POINT('',(-0.00120933810557642,-0.000787154381448095,-0.00440910112961664));
#5338=CARTESIAN_POINT('',(-0.0012765243793579,-0.000661826572640407,-0.00441720262058168));
#5339=CARTESIAN_POINT('',(-0.00134581758470755,-0.000518291988581939,-0.00442612275398927));
#5340=CARTESIAN_POINT('',(-0.00140516301804723,-0.000322182181356854,-0.00443719840164873));
#5341=CARTESIAN_POINT('',(-0.00143271421723438,-0.000147448730624094,-0.00444660195078811));
#5342=CARTESIAN_POINT('',(-0.00143759439541455,2.33866353718685E-5,-0.00445545146643097));
#5343=CARTESIAN_POINT('',(-0.00143890820110742,5.39021891366565E-5,-0.00445724033116714));
#5344=CARTESIAN_POINT('',(-0.00141208393128036,0.000297198916652105,-0.00447139035661823));
#5345=CARTESIAN_POINT('',(-0.00136899694953054,0.000439822352494911,-0.00447998668965134));
#5346=CARTESIAN_POINT('',(-0.00131932379542339,0.000581546086918006,-0.00448843722161474));
#5347=CARTESIAN_POINT('',(-0.00122122965366492,0.000766211879068316,-0.00449979754084713));
#5348=CARTESIAN_POINT('',(-0.00111779902952302,0.000908332410100051,-0.00450922866643448));
#5349=CARTESIAN_POINT('',(-0.000998953661125242,0.00103390480067415,-0.00451832750831257));
#5350=CARTESIAN_POINT('',(-0.000983650365987961,0.00105213362499139,-0.00451972075894386));
#5351=CARTESIAN_POINT('',(-0.000783637532188787,0.0012114426412388,-0.00453436516725356));
#5352=CARTESIAN_POINT('',(-0.000671014316505449,0.00127163592722395,-0.00454162782387612));
#5353=CARTESIAN_POINT('',(-0.000513102747869935,0.00134858886357345,-0.00455141067526954));
#5354=CARTESIAN_POINT('',(-0.00032315909474609,0.00140473672677971,-0.00456209178224439));
#5355=CARTESIAN_POINT('',(-0.000146855545698295,0.00143280337717789,-0.00457163730980036));
#5356=CARTESIAN_POINT('',(2.25268100679615E-5,0.00143762656367789,-0.00458051395455677));
#5357=CARTESIAN_POINT('',(5.82454515394019E-5,0.00143869023812641,-0.00458256107027439));
#5358=CARTESIAN_POINT('',(0.000296529850223877,0.00141192172579284,-0.00459636082102984));
#5359=CARTESIAN_POINT('',(0.000436870694603076,0.00137011923931847,-0.00460477732163814));
#5360=CARTESIAN_POINT('',(0.000584541017976294,0.0013177997836121,-0.00461362884827855));
#5361=CARTESIAN_POINT('',(0.000762855933738564,0.00122500523581249,-0.0046246029964412));
#5362=CARTESIAN_POINT('',(0.000895561798191517,0.00112513019599947,-0.00463344731508885));
#5363=CARTESIAN_POINT('',(0.000963198468544673,0.00106751381068658,-0.0046381389339532));
#5364=CARTESIAN_POINT('',(0.00102581338461091,0.00100688622852867,-0.00464266081953513));
#5365=CARTESIAN_POINT('',(0.00103102962466844,0.00100080887149778,-0.00464315099150913));
#5366=CARTESIAN_POINT('',(0.00108565259457635,0.000944625081133043,-0.00464755742518643));
#5367=CARTESIAN_POINT('',(0.00120737299170456,0.000788790657542756,-0.00465896368887699));
#5368=CARTESIAN_POINT('',(0.00127874815245632,0.000658247464719418,-0.00466746899958333));
#5369=CARTESIAN_POINT('',(0.00137836990878756,0.00044859684383798,-0.00468039442793225));
#5370=CARTESIAN_POINT('',(0.001437,0.000188130190840493,-0.00469446584093998));
#5371=CARTESIAN_POINT('',(0.001437,5.27945235112424E-19,-0.00470433887390338));
#5372=CARTESIAN_POINT('',(0.001437,-3.1694503610241E-18,-0.00420434138259072));
#5373=CARTESIAN_POINT('',(0.001437,-1.00345173678352E-17,-0.00370427818175179));
#5374=CARTESIAN_POINT('',(0.001437,-2.17091847190371E-5,-0.00370548491436503));
#5375=CARTESIAN_POINT('',(0.00143724122705672,-8.31505329239071E-5,-0.0037089609413261));
#5376=CARTESIAN_POINT('',(0.00141594100058278,-0.000266471840720285,-0.00371961387070497));
#5377=CARTESIAN_POINT('',(0.00137652716670416,-0.000422689966520597,-0.00372895207782063));
#5378=CARTESIAN_POINT('',(0.00133238386966506,-0.000539171262412158,-0.00373592049740303));
#5379=CARTESIAN_POINT('',(0.00130642650357094,-0.000601497937536283,-0.00373964503702188));
#5380=CARTESIAN_POINT('',(0.00121992643137704,-0.000769955662011997,-0.00374994807343358));
#5381=CARTESIAN_POINT('',(0.00106913728392727,-0.0009735539649687,-0.00376370237255565));
#5382=CARTESIAN_POINT('',(0.000953755092357699,-0.00107624001747866,-0.00377207782466415));
#5383=CARTESIAN_POINT('',(0.000903698842618764,-0.00111724430397895,-0.00377563322238429));
#5384=CARTESIAN_POINT('',(0.00090413491628587,-0.0011173539015609,-0.00377558319052862));
#5385=CARTESIAN_POINT('',(0.000795948013494221,-0.00120012771003488,-0.00378334868676553));
#5386=CARTESIAN_POINT('',(0.000679019319653751,-0.00126865169568426,-0.00379093853026579));
#5387=CARTESIAN_POINT('',(0.000507973941125928,-0.00135052603425298,-0.00380147733703171));
#5388=CARTESIAN_POINT('',(0.000323729906618093,-0.00140448442884947,-0.00381191419862009));
#5389=CARTESIAN_POINT('',(0.000146635623212542,-0.00143286062177785,-0.00382155861675283));
#5390=CARTESIAN_POINT('',(-2.26604390398766E-5,-0.00143763544197233,-0.00383048718848277));
#5391=CARTESIAN_POINT('',(-5.77514750749589E-5,-0.00143859743118725,-0.00383250827114292));
#5392=CARTESIAN_POINT('',(-0.000294988179546004,-0.00141250051566848,-0.00384625851030039));
#5393=CARTESIAN_POINT('',(-0.000443591924456579,-0.00136788484447673,-0.00385518618827485));
#5394=CARTESIAN_POINT('',(-0.000579929338803367,-0.00131973790502874,-0.00386335955194676));
#5395=CARTESIAN_POINT('',(-0.000766723585586149,-0.00122100963991216,-0.00387488276572114));
#5396=CARTESIAN_POINT('',(-0.00090835167457666,-0.00111773942329529,-0.00388424324171467));
#5397=CARTESIAN_POINT('',(-0.00103396938015243,-0.00099893691281502,-0.00389323891887654));
#5398=CARTESIAN_POINT('',(-0.00105195768556976,-0.00098367534044528,-0.00389463932221306));
#5399=CARTESIAN_POINT('',(-0.00121073000461569,-0.000785080022325716,-0.00390925541158062));
#5400=CARTESIAN_POINT('',(-0.00127456311998211,-0.000665368021792419,-0.00391700096881734));
#5401=CARTESIAN_POINT('',(-0.00138375196336581,-0.000440952973539443,-0.00393094511573771));
#5402=CARTESIAN_POINT('',(-0.00145367476836591,-7.39595720246421E-5,-0.00394965748343114));
#5403=CARTESIAN_POINT('',(-0.00142362839251326,0.00025241428976514,-0.00396914157701066));
#5404=CARTESIAN_POINT('',(-0.00133567637480397,0.000560784293504683,-0.00398699823552099));
#5405=CARTESIAN_POINT('',(-0.00122213030413933,0.000763286204448314,-0.00399965634433375));
#5406=CARTESIAN_POINT('',(-0.00111739157286219,0.000909147042202285,-0.00400929351046354));
#5407=CARTESIAN_POINT('',(-0.000999001737280033,0.00103386533195878,-0.004018297117127));
#5408=CARTESIAN_POINT('',(-0.000982688505293171,0.00105265388083252,-0.00401976032911306));
#5409=CARTESIAN_POINT('',(-0.000787596097685151,0.0012092600562381,-0.00403407276148463));
#5410=CARTESIAN_POINT('',(-0.000658869457597471,0.00127802327699987,-0.00404239244894678));
#5411=CARTESIAN_POINT('',(-0.000520116955024823,0.00134489934002697,-0.00405101525668466));
#5412=CARTESIAN_POINT('',(-0.000322026690308993,0.0014052676363596,-0.0040622067882467));
#5413=CARTESIAN_POINT('',(-0.000147693220875786,0.00143267543587781,-0.00407158583921695));
#5414=CARTESIAN_POINT('',(2.32767422243996E-5,0.00143757903520107,-0.00408044637575703));
#5415=CARTESIAN_POINT('',(5.33855775480591E-5,0.00143900833971669,-0.00408221098318945));
#5416=CARTESIAN_POINT('',(0.000298164694950822,0.00141177408127728,-0.00409645649140448));
#5417=CARTESIAN_POINT('',(0.000435783691870306,0.00137027389888875,-0.0041047479770674));
#5418=CARTESIAN_POINT('',(0.000583719912056248,0.0013186321577973,-0.00411355692046407));
#5419=CARTESIAN_POINT('',(0.000765526711473663,0.00122163518697391,-0.00412474917146598));
#5420=CARTESIAN_POINT('',(0.000908601535598684,0.00111752037699636,-0.00413425455401391));
#5421=CARTESIAN_POINT('',(0.00103256229517731,0.00100041839816959,-0.00414324465610081));
#5422=CARTESIAN_POINT('',(0.00105658815024052,0.00097871624811061,-0.00414508854707312));
#5423=CARTESIAN_POINT('',(0.00121052865208498,0.000784294153060681,-0.00415930209657858));
#5424=CARTESIAN_POINT('',(0.00126980022648066,0.000674874192339809,-0.00416638726265616));
#5425=CARTESIAN_POINT('',(0.00134951491711756,0.000510596293556666,-0.00417656038138233));
#5426=CARTESIAN_POINT('',(0.001418578502672,0.00028144034890023,-0.00418947187759648));
#5427=CARTESIAN_POINT('',(0.001437,9.40809640305016E-5,-0.00419941611024093));
#5428=CARTESIAN_POINT('',(0.001437,-1.47878034341965E-17,-0.00420434138259072));
#5429=CARTESIAN_POINT('',(0.001437,-8.62666340753537E-18,-0.00370427818175179));
#5430=CARTESIAN_POINT('',(0.001437,4.64307510691925E-18,-0.00320439104918126));
#5431=CARTESIAN_POINT('',(0.001437,-9.40718867150056E-5,-0.00320961146660573));
#5432=CARTESIAN_POINT('',(0.00142176736372267,-0.000237819175288071,-0.00321772999769281));
#5433=CARTESIAN_POINT('',(0.0013795171490594,-0.000413492361866626,-0.00322804460968762));
#5434=CARTESIAN_POINT('',(0.00132130581876718,-0.000567656108805283,-0.00323769733266719));
#5435=CARTESIAN_POINT('',(0.00130066705322672,-0.000616060125396795,-0.00324057957145376));
#5436=CARTESIAN_POINT('',(0.0011964043368728,-0.0008066762815133,-0.00325217322884521));
#5437=CARTESIAN_POINT('',(0.0010834514019525,-0.000946156602151905,-0.00326168839447891));
#5438=CARTESIAN_POINT('',(0.00102524787505528,-0.00100913093359383,-0.00326634229014608));
#5439=CARTESIAN_POINT('',(0.000911306155603909,-0.00111491979996944,-0.00327498619184731));
#5440=CARTESIAN_POINT('',(0.000798528645482376,-0.0011966913854222,-0.00328285371642491));
#5441=CARTESIAN_POINT('',(0.000684207099438456,-0.00126757885931134,-0.00329050617566011));
#5442=CARTESIAN_POINT('',(0.000528809357268138,-0.00133703391032511,-0.00330046470558569));
#5443=CARTESIAN_POINT('',(0.000500153048134032,-0.00134993298293897,-0.00330208345028929));
#5444=CARTESIAN_POINT('',(0.000270425755693378,-0.00141797137415704,-0.00331477130443669));
#5445=CARTESIAN_POINT('',(9.9658204825082E-5,-0.0014346224822387,-0.00332381840977212));
#5446=CARTESIAN_POINT('',(1.12204457046978E-5,-0.00143865966485584,-0.00332863432723802));
#5447=CARTESIAN_POINT('',(-0.000143535844502941,-0.00143273879986523,-0.00333731597366633));
#5448=CARTESIAN_POINT('',(-0.000281156154025457,-0.001410968711176,-0.00334523242178161));
#5449=CARTESIAN_POINT('',(-0.000412873401603636,-0.00137992283049599,-0.00335297945532424));
#5450=CARTESIAN_POINT('',(-0.000569150577400151,-0.00132039317655714,-0.00336280486660816));
#5451=CARTESIAN_POINT('',(-0.000608998848173281,-0.00130461703975461,-0.00336512170263719));
#5452=CARTESIAN_POINT('',(-0.000813197516150693,-0.00119154208346138,-0.00337760141571819));
#5453=CARTESIAN_POINT('',(-0.00092925706442663,-0.00109753119616226,-0.00338553916697357));
#5454=CARTESIAN_POINT('',(-0.00104307117274031,-0.000995326603185259,-0.00339391792075975));
#5455=CARTESIAN_POINT('',(-0.00117503094696023,-0.000835730245215967,-0.00340552319343088));
#5456=CARTESIAN_POINT('',(-0.00126755356026011,-0.000683464202438914,-0.00341560698000103));
#5457=CARTESIAN_POINT('',(-0.00133592191522226,-0.000532164929496525,-0.00342520984377136));
#5458=CARTESIAN_POINT('',(-0.00135463705841631,-0.000486916430214463,-0.00342785189802606));
#5459=CARTESIAN_POINT('',(-0.00141667413074733,-0.000271766188099779,-0.00343972526059825));
#5460=CARTESIAN_POINT('',(-0.00143487775115218,-0.000108687501091184,-0.00344836382935894));
#5461=CARTESIAN_POINT('',(-0.00143752855618414,8.68455959395719E-6,-0.00345474497748161));
#5462=CARTESIAN_POINT('',(-0.00143700783608139,7.57499256962159E-5,-0.00345855718720181));
#5463=CARTESIAN_POINT('',(-0.00141726412389813,0.000263035499828459,-0.003469385506725));
#5464=CARTESIAN_POINT('',(-0.00137299013219104,0.00043560396523463,-0.00347969076095764));
#5465=CARTESIAN_POINT('',(-0.00132651769777926,0.000552689178398861,-0.00348675253933463));
#5466=CARTESIAN_POINT('',(-0.00130671471301125,0.000600716907989411,-0.0034896299607785));
#5467=CARTESIAN_POINT('',(-0.00121933096618992,0.000771109963269296,-0.00350002862608642));
#5468=CARTESIAN_POINT('',(-0.00111205545734173,0.000915902454990282,-0.0035097898458544));
#5469=CARTESIAN_POINT('',(-0.000998394164514653,0.00103643842325414,-0.00351880712385952));
#5470=CARTESIAN_POINT('',(-0.000936698411548418,0.00109022332127092,-0.00352324957852255));
#5471=CARTESIAN_POINT('',(-0.000902237345855131,0.00111845962952134,-0.00352569907279898));
#5472=CARTESIAN_POINT('',(-0.000906912409327419,0.00111486050095035,-0.00352532384772464));
#5473=CARTESIAN_POINT('',(-0.000850803990051163,0.00115908943470996,-0.00352943762693837));
#5474=CARTESIAN_POINT('',(-0.000758795740423536,0.00122243083761961,-0.00353581216576005));
#5475=CARTESIAN_POINT('',(-0.000650260437634443,0.00128427816536637,-0.00354285820555301));
#5476=CARTESIAN_POINT('',(-0.000476788202248848,0.00136056582686264,-0.00355340627127919));
#5477=CARTESIAN_POINT('',(-0.00029207621393717,0.00141433021087381,-0.00356360123769029));
#5478=CARTESIAN_POINT('',(8.71387789394462E-5,0.00145879030333222,-0.00358407470528153));
#5479=CARTESIAN_POINT('',(0.000478710477812043,0.00137496320564399,-0.00360722821190707));
#5480=CARTESIAN_POINT('',(0.000759042599433961,0.00122911181844221,-0.00362407243935529));
#5481=CARTESIAN_POINT('',(0.000947824146207355,0.00108463446759522,-0.00363679445338477));
#5482=CARTESIAN_POINT('',(0.00104729413650159,0.00098573846822198,-0.00364447456437806));
#5483=CARTESIAN_POINT('',(0.00111129755122634,0.000913594459349243,-0.0036498795962936));
#5484=CARTESIAN_POINT('',(0.00122549173841662,0.000761593242848569,-0.00366080551784457));
#5485=CARTESIAN_POINT('',(0.00138025659371027,0.000470357393836793,-0.00367916974950913));
#5486=CARTESIAN_POINT('',(0.001437,0.000188112887085105,-0.00369441943977774));
#5487=CARTESIAN_POINT('',(0.001437,5.27945235112424E-19,-0.00370427818175179));
#5488=CARTESIAN_POINT('',(0.001437,1.23187221526232E-18,-0.00320439104918126));
#5489=CARTESIAN_POINT('',(0.001437,-3.01479922773523E-18,-0.00270427705856946));
#5490=CARTESIAN_POINT('',(0.001437,-2.21499977188499E-5,-0.00270550565908388));
#5491=CARTESIAN_POINT('',(0.00143698062138018,-8.4827602350973E-5,-0.00270904837834964));
#5492=CARTESIAN_POINT('',(0.00141658123839277,-0.00026389102312126,-0.002719438873062));
#5493=CARTESIAN_POINT('',(0.00137423252795767,-0.000431305385942301,-0.00272944620027925));
#5494=CARTESIAN_POINT('',(0.00132877413920918,-0.00054759180184262,-0.00273644083966178));
#5495=CARTESIAN_POINT('',(0.00130634286676613,-0.000601432125456067,-0.00273966380013069));
#5496=CARTESIAN_POINT('',(0.0012219154444957,-0.000766411940327021,-0.00274972296843534));
#5497=CARTESIAN_POINT('',(0.0010746801160844,-0.000967079168701522,-0.00276321200896399));
#5498=CARTESIAN_POINT('',(0.000959667401321437,-0.00107113605425881,-0.0027716158978863));
#5499=CARTESIAN_POINT('',(0.00090696230425812,-0.00111460368768353,-0.00277537906854377));
#5500=CARTESIAN_POINT('',(0.000903931653033167,-0.00111752992899068,-0.00277557970845939));
#5501=CARTESIAN_POINT('',(0.000796438544497627,-0.00119977274717318,-0.00278334441190736));
#5502=CARTESIAN_POINT('',(0.000679312713654775,-0.00126851099081163,-0.00279098246274579));
#5503=CARTESIAN_POINT('',(0.000508319205519705,-0.00135037412635798,-0.00280155135107102));
#5504=CARTESIAN_POINT('',(0.000324252698753078,-0.00140440724928816,-0.0028119883451386));
#5505=CARTESIAN_POINT('',(0.000146689149230074,-0.00143282395537701,-0.00282164578836468));
#5506=CARTESIAN_POINT('',(-2.11770459523066E-5,-0.001437642210772,-0.0028304727993574));
#5507=CARTESIAN_POINT('',(-6.16630597187589E-5,-0.00143860719567416,-0.00283276279267225));
#5508=CARTESIAN_POINT('',(-0.000297271512911864,-0.00141139023375813,-0.00284641927714247));
#5509=CARTESIAN_POINT('',(-0.00042929673339002,-0.00137256468755813,-0.00285432663189145));
#5510=CARTESIAN_POINT('',(-0.000588613679826472,-0.00131651026337607,-0.00286385540118018));
#5511=CARTESIAN_POINT('',(-0.000761963384469832,-0.00122536043126582,-0.00287453953682606));
#5512=CARTESIAN_POINT('',(-0.000895532371912141,-0.00112517589072358,-0.00288344125142924));
#5513=CARTESIAN_POINT('',(-0.000963033463289912,-0.00106766317057848,-0.00288812773278339));
#5514=CARTESIAN_POINT('',(-0.00102593937422991,-0.00100675868852622,-0.00289267659338633));
#5515=CARTESIAN_POINT('',(-0.00103018566354003,-0.00100167477139187,-0.00289309334505297));
#5516=CARTESIAN_POINT('',(-0.00108469654509356,-0.000945691057960063,-0.00289748814523182));
#5517=CARTESIAN_POINT('',(-0.00120686115669195,-0.000789904964033973,-0.00290889013636871));
#5518=CARTESIAN_POINT('',(-0.00128066339156944,-0.000654495446078071,-0.00291769911631111));
#5519=CARTESIAN_POINT('',(-0.00134321071652441,-0.000522407915102713,-0.00292584927536955));
#5520=CARTESIAN_POINT('',(-0.00142063983865376,-0.000277899802709361,-0.00293978423108189));
#5521=CARTESIAN_POINT('',(-0.00145409612887993,9.1646927685333E-5,-0.00295871278802932));
#5522=CARTESIAN_POINT('',(-0.00136493518246232,0.000560202504450666,-0.00298697098951287));
#5523=CARTESIAN_POINT('',(-0.00109516724570188,0.00096280920724015,-0.00301235209586971));
#5524=CARTESIAN_POINT('',(-0.000840318189703277,0.00117330718681564,-0.00302999322290725));
#5525=CARTESIAN_POINT('',(-0.000678188641000126,0.0012678095014746,-0.00304125875208221));
#5526=CARTESIAN_POINT('',(-0.000619145893900317,0.00129949346817827,-0.00304498883342029));
#5527=CARTESIAN_POINT('',(-0.000483251071711954,0.0013545278227151,-0.00305299649140495));
#5528=CARTESIAN_POINT('',(-0.000395352037196057,0.00138252947540608,-0.0030579792129827));
#5529=CARTESIAN_POINT('',(-0.000281210161402377,0.00141188505829128,-0.00306431870032924));
#5530=CARTESIAN_POINT('',(-0.000162154289958528,0.00142887435584788,-0.00307071258772302));
#5531=CARTESIAN_POINT('',(-7.40192928405916E-5,0.00143593114611809,-0.00307539605579297));
#5532=CARTESIAN_POINT('',(1.40204911887019E-5,0.00143729468126601,-0.00308001178227816));
#5533=CARTESIAN_POINT('',(1.88783098173302E-5,0.00143689007746978,-0.00308032472123888));
#5534=CARTESIAN_POINT('',(9.36482130406487E-5,0.00143513772221122,-0.00308455603408029));
#5535=CARTESIAN_POINT('',(0.000214042815511818,0.00142455724059326,-0.00309151932573208));
#5536=CARTESIAN_POINT('',(0.000361020637841405,0.00139189783456505,-0.00310024830139408));
#5537=CARTESIAN_POINT('',(0.000449701386922397,0.00136631149022819,-0.00310554573601798));
#5538=CARTESIAN_POINT('',(0.000551451780362352,0.00132728407807888,-0.00311167602616928));
#5539=CARTESIAN_POINT('',(0.000600991815952239,0.00130650619930614,-0.00311464290670034));
#5540=CARTESIAN_POINT('',(0.000768149434212038,0.00122102450875846,-0.00312483495325375));
#5541=CARTESIAN_POINT('',(0.00097004909901861,0.00107207027982121,-0.0031384275905647));
#5542=CARTESIAN_POINT('',(0.00107359136934679,0.000956838997435594,-0.00314681671865654));
#5543=CARTESIAN_POINT('',(0.00111584996963016,0.000905422368584541,-0.00315047763801572));
#5544=CARTESIAN_POINT('',(0.00111740965531002,0.000904075625550502,-0.00315055226518391));
#5545=CARTESIAN_POINT('',(0.00119985257383492,0.000796304962881456,-0.00315834787624212));
#5546=CARTESIAN_POINT('',(0.00126853152730391,0.000679378861294453,-0.00316598099222617));
#5547=CARTESIAN_POINT('',(0.00135035389625312,0.000507743507088292,-0.00317659021021011));
#5548=CARTESIAN_POINT('',(0.0014183024365258,0.000282344264602859,-0.00318940379932496));
#5549=CARTESIAN_POINT('',(0.001437,9.405370010646E-5,-0.0031994451261474));
#5550=CARTESIAN_POINT('',(0.001437,5.27945235112424E-19,-0.00320439104918126));
#5551=CARTESIAN_POINT('',(0.001437,8.79908725187373E-19,-0.00270427705856946));
#5552=CARTESIAN_POINT('',(0.001437,-3.01479922773523E-18,-0.0022043454973867));
#5553=CARTESIAN_POINT('',(0.001437,-9.40651743352504E-5,-0.00220960019219293));
#5554=CARTESIAN_POINT('',(0.00142171281022155,-0.000237876200137928,-0.00221775255674813));
#5555=CARTESIAN_POINT('',(0.00137961985935659,-0.000413340307716181,-0.00222805509295328));
#5556=CARTESIAN_POINT('',(0.00132096283392446,-0.00056808614282173,-0.00223771420929319));
#5557=CARTESIAN_POINT('',(0.00130202877198963,-0.000614268798705252,-0.00224044211667143));
#5558=CARTESIAN_POINT('',(0.00119198496108947,-0.000812034507917522,-0.00225254361405576));
#5559=CARTESIAN_POINT('',(0.00109895290385237,-0.000927733902130866,-0.00226043231916056));
#5560=CARTESIAN_POINT('',(0.000994239946844517,-0.00104424141802677,-0.00226897038364929));
#5561=CARTESIAN_POINT('',(0.000835532605489107,-0.00117504884261408,-0.00228045722156011));
#5562=CARTESIAN_POINT('',(0.000683625386892466,-0.00126753451818981,-0.0022905502054089));
#5563=CARTESIAN_POINT('',(0.000530836224056665,-0.0013364125559963,-0.00230031955944711));
#5564=CARTESIAN_POINT('',(0.00049095274940281,-0.00135315617894815,-0.00230263192750162));
#5565=CARTESIAN_POINT('',(0.000271506179428951,-0.00141719070455369,-0.00231471271649141));
#5566=CARTESIAN_POINT('',(0.000105357127479491,-0.00143435880762914,-0.00232350104243054));
#5567=CARTESIAN_POINT('',(9.23089800493892E-6,-0.00143873472813591,-0.00232873281305952));
#5568=CARTESIAN_POINT('',(-0.000143323490812562,-0.00143270221676924,-0.00233727273663505));
#5569=CARTESIAN_POINT('',(-0.00028156890890603,-0.00141088707954309,-0.00234522856863346));
#5570=CARTESIAN_POINT('',(-0.000412487993862665,-0.00138007649987222,-0.0023529382630467));
#5571=CARTESIAN_POINT('',(-0.000570841539869181,-0.00131968967966862,-0.00236294224843067));
#5572=CARTESIAN_POINT('',(-0.000602713579486366,-0.00130723877759223,-0.00236474085656974));
#5573=CARTESIAN_POINT('',(-0.000810321442594502,-0.00119470647368529,-0.00237736256073262));
#5574=CARTESIAN_POINT('',(-0.000947283892092829,-0.00108209331248671,-0.0023867869881747));
#5575=CARTESIAN_POINT('',(-0.00100846746034394,-0.00102597113310163,-0.00239132302748207));
#5576=CARTESIAN_POINT('',(-0.00111486881739535,-0.000911348869278999,-0.00240008891684853));
#5577=CARTESIAN_POINT('',(-0.00119644448002802,-0.000798992346542903,-0.00240792699585395));
#5578=CARTESIAN_POINT('',(-0.00126790525306572,-0.000683375468682624,-0.00241562979761092));
#5579=CARTESIAN_POINT('',(-0.00133559464218327,-0.000532384197499813,-0.00242518485008923));
#5580=CARTESIAN_POINT('',(-0.00135513966667675,-0.000487226018609246,-0.00242783496005375));
#5581=CARTESIAN_POINT('',(-0.00143589626249309,-0.000195165983857912,-0.00244392863095974));
#5582=CARTESIAN_POINT('',(-0.00144189830367075,-1.33709335770944E-5,-0.00245324210091967));
#5583=CARTESIAN_POINT('',(-0.00141971089403692,0.000285807737706813,-0.00247125341482433));
#5584=CARTESIAN_POINT('',(-0.00133544848942583,0.000552914013658605,-0.00248678460195339));
#5585=CARTESIAN_POINT('',(-0.00122585795637236,0.000761005071756381,-0.00249960423636822));
#5586=CARTESIAN_POINT('',(-0.0011250738438498,0.000895666500679421,-0.00250850695107348));
#5587=CARTESIAN_POINT('',(-0.00106773791394353,0.000962974508395955,-0.00251314670342844));
#5588=CARTESIAN_POINT('',(-0.00100645373748728,0.00102615975066183,-0.00251768625922294));
#5589=CARTESIAN_POINT('',(-0.00100278283243614,0.00102940010856325,-0.00251800854406347));
#5590=CARTESIAN_POINT('',(-0.000956396321251186,0.00107318684478219,-0.00252160506535374));
#5591=CARTESIAN_POINT('',(-0.000896520826903419,0.00112490847413463,-0.00252614014630263));
#5592=CARTESIAN_POINT('',(-0.000759397443000893,0.00122436132706462,-0.00253590660012702));
#5593=CARTESIAN_POINT('',(-0.000658780879709505,0.00127810176693558,-0.00254241626032603));
#5594=CARTESIAN_POINT('',(-0.00051994088080453,0.00134459382049775,-0.00255101740836142));
#5595=CARTESIAN_POINT('',(-0.000327264604060466,0.00140557967505713,-0.00256189277138733));
#5596=CARTESIAN_POINT('',(-0.000162658510093846,0.00142877778844503,-0.00257073743459412));
#5597=CARTESIAN_POINT('',(-7.45469636984771E-5,0.0014359182386247,-0.00257541497957771));
#5598=CARTESIAN_POINT('',(1.40883177814887E-5,0.00143729642923012,-0.00258004947450467));
#5599=CARTESIAN_POINT('',(1.65148245441166E-5,0.00143689588100097,-0.00258023683030065));
#5600=CARTESIAN_POINT('',(9.0369645282562E-5,0.00143540693277485,-0.00258441488810261));
#5601=CARTESIAN_POINT('',(0.000214794712168754,0.00142435774134495,-0.0025916085620361));
#5602=CARTESIAN_POINT('',(0.000357625447391938,0.00139269714250104,-0.00260007732875457));
#5603=CARTESIAN_POINT('',(0.000437639315305095,0.00136971353195293,-0.00260483823384623));
#5604=CARTESIAN_POINT('',(0.000690614823359273,0.00128042133203358,-0.00261988089699294));
#5605=CARTESIAN_POINT('',(0.000960855883436778,0.001095966261025,-0.00263730968662773));
#5606=CARTESIAN_POINT('',(0.001173446961405,0.000840253884961524,-0.00265496966593327));
#5607=CARTESIAN_POINT('',(0.00126771909355724,0.000678358330383032,-0.00266625041677825));
#5608=CARTESIAN_POINT('',(0.00129987232784933,0.000618317213786384,-0.00267004818589943));
#5609=CARTESIAN_POINT('',(0.00135451125425755,0.000483233987915315,-0.00267800249716592));
#5610=CARTESIAN_POINT('',(0.00138248244025893,0.000395641310305473,-0.00268296410504876));
#5611=CARTESIAN_POINT('',(0.00142351871548436,0.000234668634832582,-0.00269189252725392));
#5612=CARTESIAN_POINT('',(0.001437,9.40594238216616E-5,-0.00269933689052098));
#5613=CARTESIAN_POINT('',(0.001437,5.27945235112424E-19,-0.00270427705856946));
#5614=CARTESIAN_POINT('',(0.001437,-2.02467954310574E-18,-0.0022043454973867));
#5615=CARTESIAN_POINT('',(0.001437,-3.01479922773523E-18,-0.00170433468759552));
#5616=CARTESIAN_POINT('',(0.001437,-2.03708384308392E-5,-0.00170545816255082));
#5617=CARTESIAN_POINT('',(0.00143697573632049,-8.14478937782424E-5,-0.00170890087768808));
#5618=CARTESIAN_POINT('',(0.00141783996642017,-0.000260127502156662,-0.00171922497642648));
#5619=CARTESIAN_POINT('',(0.00137086818962097,-0.000440727945787383,-0.0017299909101397));
#5620=CARTESIAN_POINT('',(0.0013235289652254,-0.00056363100143471,-0.00173740725827288));
#5621=CARTESIAN_POINT('',(0.00127115792029673,-0.00067469383720693,-0.00174410266657817));
#5622=CARTESIAN_POINT('',(0.00119648954435152,-0.000800619551219828,-0.00175195664420931));
#5623=CARTESIAN_POINT('',(0.00111217048101352,-0.000912422299007571,-0.00175923844463273));
#5624=CARTESIAN_POINT('',(0.00100985688422846,-0.00102949981979872,-0.00176762348067902));
#5625=CARTESIAN_POINT('',(0.000779609485078941,-0.00122425444193207,-0.00178493224758348));
#5626=CARTESIAN_POINT('',(0.000511931495209647,-0.0013496775037242,-0.00180141440845087));
#5627=CARTESIAN_POINT('',(0.000293129333819756,-0.00141454656547152,-0.00181354719195336));
#5628=CARTESIAN_POINT('',(-9.24948114111342E-5,-0.00145810190699582,-0.00183434244617651));
#5629=CARTESIAN_POINT('',(-0.000467786154418075,-0.0013790052959017,-0.0018566466455871));
#5630=CARTESIAN_POINT('',(-0.00080642940602374,-0.00120570962374616,-0.00187683411316912));
#5631=CARTESIAN_POINT('',(-0.00102989467904024,-0.00100775820249156,-0.00189288021898444));
#5632=CARTESIAN_POINT('',(-0.00111064963757954,-0.00091380444314555,-0.00189985574310027));
#5633=CARTESIAN_POINT('',(-0.00122584937599055,-0.000761863326901459,-0.00191080595211485));
#5634=CARTESIAN_POINT('',(-0.00137935017197207,-0.000466562376456207,-0.00192961834212086));
#5635=CARTESIAN_POINT('',(-0.00145983505056095,-0.000117848638357626,-0.00194695730060245));
#5636=CARTESIAN_POINT('',(-0.00141749910845665,0.000267676227026419,-0.00196995171585517));
#5637=CARTESIAN_POINT('',(-0.00137064067857301,0.000439730441930679,-0.00197999968688175));
#5638=CARTESIAN_POINT('',(-0.00132702885214494,0.000551785177644163,-0.0019866957829542));
#5639=CARTESIAN_POINT('',(-0.00130633987383173,0.000601341074721193,-0.00198964426074646));
#5640=CARTESIAN_POINT('',(-0.00122203300454491,0.00076623645567575,-0.00199971079471712));
#5641=CARTESIAN_POINT('',(-0.00107540326214173,0.000966151561100631,-0.00201315459109189));
#5642=CARTESIAN_POINT('',(-0.000960348006588325,0.00107055950197228,-0.00202158363897124));
#5643=CARTESIAN_POINT('',(-0.000907198431643464,0.00111441233523655,-0.00202537991332999));
#5644=CARTESIAN_POINT('',(-0.000903592625314521,0.00111780607932856,-0.00202562565899156));
#5645=CARTESIAN_POINT('',(-0.000796247745085201,0.00119989334669233,-0.0020333487861632));
#5646=CARTESIAN_POINT('',(-0.000679047656083638,0.00126865463768814,-0.00204097204723457));
#5647=CARTESIAN_POINT('',(-0.000508069031776758,0.00135047173154615,-0.00205151910308572));
#5648=CARTESIAN_POINT('',(-0.000323862423952031,0.00140447542031918,-0.00206195822778218));
#5649=CARTESIAN_POINT('',(-0.000146559105697128,0.00143285435987173,-0.00207160861435975));
#5650=CARTESIAN_POINT('',(2.21347129693169E-5,0.00143763932946891,-0.0020804950490383));
#5651=CARTESIAN_POINT('',(5.95404687798294E-5,0.00143858818823189,-0.00208263093995083));
#5652=CARTESIAN_POINT('',(0.000295837007641249,0.00141205344419743,-0.00209631886508336));
#5653=CARTESIAN_POINT('',(0.000438190333228403,0.00136972557047867,-0.00210485613167869));
#5654=CARTESIAN_POINT('',(0.000583758556856144,0.00131803427824943,-0.00211358510771906));
#5655=CARTESIAN_POINT('',(0.000762965950289933,0.00122497519169243,-0.0021246101013591));
#5656=CARTESIAN_POINT('',(0.000895516419091449,0.00112516247829189,-0.00213344459457656));
#5657=CARTESIAN_POINT('',(0.000963184577471225,0.0010675258335317,-0.00213813807697212));
#5658=CARTESIAN_POINT('',(0.00102573233659525,0.00100696877255724,-0.00214265473072345));
#5659=CARTESIAN_POINT('',(0.00103118621656135,0.00100064820643116,-0.00214316264046758));
#5660=CARTESIAN_POINT('',(0.00108582713331845,0.000944431057943098,-0.00214757084475654));
#5661=CARTESIAN_POINT('',(0.00120744728902879,0.000788599249604746,-0.00215897635134148));
#5662=CARTESIAN_POINT('',(0.00127825029721407,0.000659216742985591,-0.00216740864746386));
#5663=CARTESIAN_POINT('',(0.00137897692569665,0.000447421587319611,-0.00218046406954188));
#5664=CARTESIAN_POINT('',(0.001437,0.000188136534813028,-0.00219446480427956));
#5665=CARTESIAN_POINT('',(0.001437,5.27945235112424E-19,-0.0022043454973867));
#5666=CARTESIAN_POINT('',(0.001437,1.75981745037475E-19,-0.00170433468759552));
#5667=CARTESIAN_POINT('',(-0.0012748181105021,-0.000663180054838693,-0.00141710702105542));
#5668=CARTESIAN_POINT('',(-0.00132484574828588,-0.000567012900523542,-0.00142322914875119));
#5669=CARTESIAN_POINT('',(-0.00138350880838828,-0.000415971445416161,-0.00143214023387242));
#5670=CARTESIAN_POINT('',(-0.00142588837877328,-0.000198384316693607,-0.00144400408352894));
#5671=CARTESIAN_POINT('',(-0.00143625597433022,-8.70708253805962E-5,-0.00144988097651172));
#5672=CARTESIAN_POINT('',(-0.00143709565051089,7.88920696156168E-6,-0.0014547835599958));
#5673=CARTESIAN_POINT('',(-0.0014368898717389,1.095446012863E-5,-0.00145497667980152));
#5674=CARTESIAN_POINT('',(-0.00143653048791136,7.50065856432032E-5,-0.00145854498007883));
#5675=CARTESIAN_POINT('',(-0.00142406459455225,0.000220932494110471,-0.00146696468822755));
#5676=CARTESIAN_POINT('',(-0.00138905104707729,0.000372179872306246,-0.00147593437668914));
#5677=CARTESIAN_POINT('',(-0.00135982566328924,0.000468952810178445,-0.00148169426604466));
#5678=CARTESIAN_POINT('',(-0.00129122992213194,0.00064726081301887,-0.00149235586291929));
#5679=CARTESIAN_POINT('',(-0.0011530663967887,0.000878288393277334,-0.00150688054384288));
#5680=CARTESIAN_POINT('',(-0.000960925276636532,0.0010773070025871,-0.00152180511261178));
#5681=CARTESIAN_POINT('',(-0.000813628921899291,0.0011871022060433,-0.00153180312722527));
#5682=CARTESIAN_POINT('',(-0.000712103891073656,0.0012488638265037,-0.00153884475387406));
#5683=CARTESIAN_POINT('',(-0.000668258494876091,0.00127237911184699,-0.00154186823933228));
#5684=CARTESIAN_POINT('',(-0.000606787758998119,0.00130383234863679,-0.00154573240203067));
#5685=CARTESIAN_POINT('',(-0.000470245095381751,0.00136119660850689,-0.00155381159712567));
#5686=CARTESIAN_POINT('',(-0.000341386384169478,0.00139795157721652,-0.00156096795724084));
#5687=CARTESIAN_POINT('',(-0.000188008626834483,0.00142919987871746,-0.00156933227308211));
#5688=CARTESIAN_POINT('',(2.75391312164853E-6,0.00143798703919411,-0.00157939984184631));
#5689=CARTESIAN_POINT('',(5.91847278865192E-5,0.00144004707986369,-0.00158249618732882));
#5690=CARTESIAN_POINT('',(0.000413587186602589,0.00139375318872124,-0.00160328729534253));
#5691=CARTESIAN_POINT('',(0.000599011609344994,0.00131066008952049,-0.00161445292933457));
#5692=CARTESIAN_POINT('',(0.00084249196479543,0.00117832066523125,-0.00162952814430561));
#5693=CARTESIAN_POINT('',(0.00102473532438564,0.00100859782098763,-0.00164264608294718));
#5694=CARTESIAN_POINT('',(0.00106716105209885,0.000968618448895215,-0.00164588775887037));
#5695=CARTESIAN_POINT('',(0.00123050600030469,0.000754108667154434,-0.00166140086698615));
#5696=CARTESIAN_POINT('',(0.00131550949025019,0.000587419362184727,-0.00167193909400486));
#5697=CARTESIAN_POINT('',(0.0014145062040603,0.000323570549200788,-0.00168728334025233));
#5698=CARTESIAN_POINT('',(0.001437,0.000108443526341236,-0.0016986622673048));
#5699=CARTESIAN_POINT('',(0.001437,5.27945235112424E-19,-0.00170433468759552));
#5700=CARTESIAN_POINT('',(-0.00132942558664535,-0.000691587706663648,-0.00121183348048612));
#5701=CARTESIAN_POINT('',(-0.0012748181105021,-0.000663180054838701,0.));
#5702=CARTESIAN_POINT('',(-0.00105303347054001,-0.000547804262417214,-0.01075));
#5703=CARTESIAN_POINT('',(0.,0.,-0.0001));
#5704=CARTESIAN_POINT('',(0.,0.,-0.0001));
#5705=CARTESIAN_POINT('',(0.00135975,0.,-0.0001));
#5706=CARTESIAN_POINT('',(0.,0.,0.));
#5707=CARTESIAN_POINT('',(0.00145975,0.,0.));
#5708=CARTESIAN_POINT('',(-5.484568542386E-20,-8.56963834747812E-21,0.00048));
#5709=CARTESIAN_POINT('',(0.0003,2.34375E-5,0.00048));
#5710=CARTESIAN_POINT('',(0.0003,-4.6875E-5,0.00048));
#5711=CARTESIAN_POINT('',(0.0003,4.6875E-5,0.00048));
#5712=CARTESIAN_POINT('',(0.000245129397320925,4.6875E-5,0.00048));
#5713=CARTESIAN_POINT('',(0.000190258794641851,4.6875E-5,0.00048));
#5714=CARTESIAN_POINT('',(0.000139564967890095,6.78730705691693E-5,0.00048));
#5715=CARTESIAN_POINT('',(8.88711411383389E-5,8.88711411383388E-5,0.00048));
#5716=CARTESIAN_POINT('',(6.78730705691696E-5,0.000139564967890095,0.00048));
#5717=CARTESIAN_POINT('',(4.6875E-5,0.000190258794641851,0.00048));
#5718=CARTESIAN_POINT('',(4.6875E-5,0.000245129397320925,0.00048));
#5719=CARTESIAN_POINT('',(4.6875E-5,0.0003,0.00048));
#5720=CARTESIAN_POINT('',(2.34375000000003E-5,0.0003,0.00048));
#5721=CARTESIAN_POINT('',(-4.6875E-5,0.0003,0.00048));
#5722=CARTESIAN_POINT('',(-4.6875E-5,0.000245129397320925,0.00048));
#5723=CARTESIAN_POINT('',(-4.6875E-5,0.000190258794641851,0.00048));
#5724=CARTESIAN_POINT('',(-6.78730705691696E-5,0.000139564967890095,0.00048));
#5725=CARTESIAN_POINT('',(-8.88711411383389E-5,8.88711411383388E-5,0.00048));
#5726=CARTESIAN_POINT('',(-0.000139564967890095,6.78730705691693E-5,0.00048));
#5727=CARTESIAN_POINT('',(-0.000190258794641851,4.6875E-5,0.00048));
#5728=CARTESIAN_POINT('',(-0.000245129397320925,4.6875E-5,0.00048));
#5729=CARTESIAN_POINT('',(-0.0003,4.6875E-5,0.00048));
#5730=CARTESIAN_POINT('',(-0.0003,2.34375E-5,0.00048));
#5731=CARTESIAN_POINT('',(-0.0003,-4.6875E-5,0.00048));
#5732=CARTESIAN_POINT('',(-0.000245129397320925,-4.6875E-5,0.00048));
#5733=CARTESIAN_POINT('',(-0.000190258794641851,-4.6875E-5,0.00048));
#5734=CARTESIAN_POINT('',(-0.000139564967890095,-6.78730705691694E-5,0.00048));
#5735=CARTESIAN_POINT('',(-8.88711411383389E-5,-8.88711411383388E-5,0.00048));
#5736=CARTESIAN_POINT('',(-6.78730705691696E-5,-0.000139564967890095,0.00048));
#5737=CARTESIAN_POINT('',(-4.6875E-5,-0.000190258794641851,0.00048));
#5738=CARTESIAN_POINT('',(-4.6875E-5,-0.000245129397320925,0.00048));
#5739=CARTESIAN_POINT('',(-4.6875E-5,-0.0003,0.00048));
#5740=CARTESIAN_POINT('',(-2.34375E-5,-0.0003,0.00048));
#5741=CARTESIAN_POINT('',(4.6875E-5,-0.0003,0.00048));
#5742=CARTESIAN_POINT('',(4.6875E-5,-0.000245129397320925,0.00048));
#5743=CARTESIAN_POINT('',(4.6875E-5,-0.000190258794641851,0.00048));
#5744=CARTESIAN_POINT('',(6.78730705691696E-5,-0.000139564967890095,0.00048));
#5745=CARTESIAN_POINT('',(8.88711411383389E-5,-8.88711411383388E-5,0.00048));
#5746=CARTESIAN_POINT('',(0.000139564967890095,-6.78730705691694E-5,0.00048));
#5747=CARTESIAN_POINT('',(0.000190258794641851,-4.6875E-5,0.00048));
#5748=CARTESIAN_POINT('',(0.000245129397320925,-4.6875E-5,0.00048));
#5749=CARTESIAN_POINT('',(0.0009,0.0001171875,0.00144));
#5750=CARTESIAN_POINT('',(-7.85410888516986E-20,-0.000177757372645255,-0.00258698066118321));
#5751=CARTESIAN_POINT('',(0.00137717516886251,0.000173106465101076,0.00220348027018002));
#5752=CARTESIAN_POINT('',(0.000898296138673795,0.000181296547046528,0.0023153021890086));
#5753=CARTESIAN_POINT('',(0.000560615161207205,0.0001171875,0.00144));
#5754=CARTESIAN_POINT('',(0.0009,0.0001171875,0.00144));
#5755=CARTESIAN_POINT('',(0.0009,0.0001171875,0.00144));
#5756=CARTESIAN_POINT('',(-0.0011685393258427,-2.46796124258759E-18,-0.00186966292134832));
#5757=CARTESIAN_POINT('',(0.00137717516886251,-0.000173106465101076,0.00220348027018002));
#5758=CARTESIAN_POINT('',(0.0009,-0.0001171875,0.00144));
#5759=CARTESIAN_POINT('',(0.000560615161207205,0.0001171875,0.00144));
#5760=CARTESIAN_POINT('',(-0.00020005917266256,-0.000482985567919092,-0.00248744467601074));
#5761=CARTESIAN_POINT('',(0.000399968511137703,0.000399968511137702,0.00236790200992296));
#5762=CARTESIAN_POINT('',(0.0002470644550019,0.000247064455001899,0.00144));
#5763=CARTESIAN_POINT('',(0.0001171875,0.000560615161207205,0.00144));
#5764=CARTESIAN_POINT('',(-0.000482985567919092,-0.00020005917266256,-0.00248744467601074));
#5765=CARTESIAN_POINT('',(0.000181296547046529,0.000898296138673795,0.0023153021890086));
#5766=CARTESIAN_POINT('',(0.0001171875,0.000560615161207205,0.00144));
#5767=CARTESIAN_POINT('',(0.0001171875,0.0009,0.00144));
#5768=CARTESIAN_POINT('',(-0.000177757372645254,-8.50861795893396E-20,-0.00258698066118321));
#5769=CARTESIAN_POINT('',(0.000173106465101076,0.00137717516886251,0.00220348027018002));
#5770=CARTESIAN_POINT('',(0.0001171875,0.0009,0.00144));
#5771=CARTESIAN_POINT('',(0.0001171875,0.0009,0.00144));
#5772=CARTESIAN_POINT('',(0.,-0.0011685393258427,-0.00186966292134832));
#5773=CARTESIAN_POINT('',(-0.000173106465101076,0.00137717516886251,0.00220348027018002));
#5774=CARTESIAN_POINT('',(-0.0001171875,0.0009,0.00144));
#5775=CARTESIAN_POINT('',(-0.0001171875,0.0009,0.00144));
#5776=CARTESIAN_POINT('',(0.000177757372645254,-8.50861795893396E-20,-0.00258698066118321));
#5777=CARTESIAN_POINT('',(-0.000181296547046529,0.000898296138673795,0.0023153021890086));
#5778=CARTESIAN_POINT('',(-0.0001171875,0.000560615161207205,0.00144));
#5779=CARTESIAN_POINT('',(-0.0001171875,0.000560615161207205,0.00144));
#5780=CARTESIAN_POINT('',(0.000482985567919092,-0.00020005917266256,-0.00248744467601074));
#5781=CARTESIAN_POINT('',(-0.000399968511137703,0.000399968511137703,0.00236790200992296));
#5782=CARTESIAN_POINT('',(-0.0002470644550019,0.0002470644550019,0.00144));
#5783=CARTESIAN_POINT('',(-0.000560615161207205,0.0001171875,0.00144));
#5784=CARTESIAN_POINT('',(0.00020005917266256,-0.000482985567919092,-0.00248744467601074));
#5785=CARTESIAN_POINT('',(-0.000898296138673795,0.000181296547046528,0.0023153021890086));
#5786=CARTESIAN_POINT('',(-0.000560615161207205,0.0001171875,0.00144));
#5787=CARTESIAN_POINT('',(-0.0009,0.0001171875,0.00144));
#5788=CARTESIAN_POINT('',(2.29078175817455E-19,-0.000177757372645256,-0.00258698066118321));
#5789=CARTESIAN_POINT('',(-0.00137717516886251,0.000173106465101076,0.00220348027018002));
#5790=CARTESIAN_POINT('',(-0.0009,0.0001171875,0.00144));
#5791=CARTESIAN_POINT('',(-0.0009,0.0001171875,0.00144));
#5792=CARTESIAN_POINT('',(0.0011685393258427,-2.46796124258759E-18,-0.00186966292134832));
#5793=CARTESIAN_POINT('',(-0.00137717516886251,-0.000173106465101076,0.00220348027018002));
#5794=CARTESIAN_POINT('',(-0.0009,-0.0001171875,0.00144));
#5795=CARTESIAN_POINT('',(-0.0009,-0.0001171875,0.00144));
#5796=CARTESIAN_POINT('',(1.30901814752831E-20,0.000177757372645255,-0.00258698066118321));
#5797=CARTESIAN_POINT('',(-0.000898296138673795,-0.000181296547046528,0.0023153021890086));
#5798=CARTESIAN_POINT('',(-0.000560615161207205,-0.0001171875,0.00144));
#5799=CARTESIAN_POINT('',(-0.000560615161207205,-0.0001171875,0.00144));
#5800=CARTESIAN_POINT('',(0.00020005917266256,0.000482985567919092,-0.00248744467601074));
#5801=CARTESIAN_POINT('',(-0.000399968511137703,-0.000399968511137702,0.00236790200992296));
#5802=CARTESIAN_POINT('',(-0.0002470644550019,-0.0002470644550019,0.00144));
#5803=CARTESIAN_POINT('',(-0.0001171875,-0.000560615161207205,0.00144));
#5804=CARTESIAN_POINT('',(0.000482985567919092,0.00020005917266256,-0.00248744467601074));
#5805=CARTESIAN_POINT('',(-0.000181296547046528,-0.000898296138673795,0.0023153021890086));
#5806=CARTESIAN_POINT('',(-0.0001171875,-0.000560615161207205,0.00144));
#5807=CARTESIAN_POINT('',(-0.0001171875,-0.0009,0.00144));
#5808=CARTESIAN_POINT('',(0.000177757372645254,2.6180362950566E-20,-0.00258698066118321));
#5809=CARTESIAN_POINT('',(-0.000173106465101076,-0.00137717516886251,0.00220348027018002));
#5810=CARTESIAN_POINT('',(-0.0001171875,-0.0009,0.00144));
#5811=CARTESIAN_POINT('',(-0.0001171875,-0.0009,0.00144));
#5812=CARTESIAN_POINT('',(0.,0.0011685393258427,-0.00186966292134832));
#5813=CARTESIAN_POINT('',(0.000173106465101076,-0.00137717516886251,0.00220348027018002));
#5814=CARTESIAN_POINT('',(0.0001171875,-0.0009,0.00144));
#5815=CARTESIAN_POINT('',(0.0001171875,-0.0009,0.00144));
#5816=CARTESIAN_POINT('',(-0.000177757372645254,2.6180362950566E-20,-0.00258698066118321));
#5817=CARTESIAN_POINT('',(0.000181296547046528,-0.000898296138673795,0.0023153021890086));
#5818=CARTESIAN_POINT('',(0.0001171875,-0.000560615161207205,0.00144));
#5819=CARTESIAN_POINT('',(0.0001171875,-0.000560615161207205,0.00144));
#5820=CARTESIAN_POINT('',(-0.000482985567919092,0.00020005917266256,-0.00248744467601074));
#5821=CARTESIAN_POINT('',(0.000399968511137703,-0.000399968511137703,0.00236790200992296));
#5822=CARTESIAN_POINT('',(0.0002470644550019,-0.0002470644550019,0.00144));
#5823=CARTESIAN_POINT('',(0.000560615161207205,-0.0001171875,0.00144));
#5824=CARTESIAN_POINT('',(-0.00020005917266256,0.000482985567919092,-0.00248744467601074));
#5825=CARTESIAN_POINT('',(0.000898296138673795,-0.000181296547046528,0.0023153021890086));
#5826=CARTESIAN_POINT('',(0.000560615161207205,-0.0001171875,0.00144));
#5827=CARTESIAN_POINT('',(0.0009,-0.0001171875,0.00144));
#5828=CARTESIAN_POINT('',(-1.04721451802265E-19,0.000177757372645255,-0.00258698066118321));
#5829=CARTESIAN_POINT('',(0.,0.,-0.00075));
#5830=CARTESIAN_POINT('',(0.,0.,-0.00075));
#5831=CARTESIAN_POINT('',(-0.00135975,0.,-0.00075));
#5832=CARTESIAN_POINT('',(0.,0.,-0.001));
#5833=CARTESIAN_POINT('',(-0.001437,0.,-0.001));
#5834=CARTESIAN_POINT('',(0.,0.,0.));
#5835=CARTESIAN_POINT('',(0.,0.0028,0.));
#5836=CARTESIAN_POINT('',(0.,0.,0.));
#5837=CARTESIAN_POINT('',(-0.0028,0.,0.));
#5838=CARTESIAN_POINT('',(0.,0.,0.));
#5839=CARTESIAN_POINT('',(0.,0.,0.00154246303544159));
#5840=CARTESIAN_POINT('',(-0.0028,0.,0.00154246303544159));
#5841=CARTESIAN_POINT('',(0.,0.001437,-0.01));
#5842=CARTESIAN_POINT('',(0.,0.,-0.01));
#5843=CARTESIAN_POINT('',(0.,0.,-0.01));
#5844=CARTESIAN_POINT('',(0.,0.,-0.0026));
#5845=CARTESIAN_POINT('',(0.,0.,0.));
#5846=CARTESIAN_POINT('',(0.,0.,-0.01075));
#5847=MECHANICAL_DESIGN_GEOMETRIC_PRESENTATION_REPRESENTATION('',(#932),
#5848);
#5848=(
GEOMETRIC_REPRESENTATION_CONTEXT(3)
GLOBAL_UNCERTAINTY_ASSIGNED_CONTEXT((#5849))
GLOBAL_UNIT_ASSIGNED_CONTEXT((#5852,#5851,#5850))
REPRESENTATION_CONTEXT('screw_metal_M3x10','TOP_LEVEL_ASSEMBLY_PART')
);
#5849=UNCERTAINTY_MEASURE_WITH_UNIT(LENGTH_MEASURE(5.E-6),#5852,
'DISTANCE_ACCURACY_VALUE','Maximum Tolerance applied to model');
#5850=(
NAMED_UNIT(*)
SI_UNIT($,.STERADIAN.)
SOLID_ANGLE_UNIT()
);
#5851=(
NAMED_UNIT(*)
PLANE_ANGLE_UNIT()
SI_UNIT($,.RADIAN.)
);
#5852=(
LENGTH_UNIT()
NAMED_UNIT(*)
SI_UNIT($,.METRE.)
);
#5853=PRODUCT_DEFINITION_SHAPE('','',#5854);
#5854=PRODUCT_DEFINITION('','',#5856,#5855);
#5855=PRODUCT_DEFINITION_CONTEXT('',#5862,'design');
#5856=PRODUCT_DEFINITION_FORMATION_WITH_SPECIFIED_SOURCE('','',#5858,
 .NOT_KNOWN.);
#5857=PRODUCT_RELATED_PRODUCT_CATEGORY('','',(#5858));
#5858=PRODUCT('screw_metal_M3x10','screw_metal_M3x10',
'screw_metal_M3x10',(#5860));
#5859=PRODUCT_CATEGORY('','');
#5860=PRODUCT_CONTEXT('',#5862,'mechanical');
#5861=APPLICATION_PROTOCOL_DEFINITION('international standard',
'automotive_design',2010,#5862);
#5862=APPLICATION_CONTEXT(
'core data for automotive mechanical design processes');
ENDSEC;
END-ISO-10303-21;
