ISO-10303-21;
HEADER;
/* Generated by software containing ST-Developer
 * from STEP Tools, Inc. (www.steptools.com) 
 */
/* OPTION: using custom renumber hook */

FILE_DESCRIPTION(
/* description */ ('STEP AP214'),
/* implementation_level */ '2;1');

FILE_NAME(
/* name */ '654cf5697f9aa566be172117',
/* time_stamp */ '2023-11-09T15:06:18Z',
/* author */ (''),
/* organization */ (''),
/* preprocessor_version */ 'ST-DEVELOPER v19.4',
/* originating_system */ '  ',
/* authorisation */ '  ');

FILE_SCHEMA (('AUTOMOTIVE_DESIGN {1 0 10303 214 3 1 1}'));
ENDSEC;

DATA;
#10=PROPERTY_DEFINITION_REPRESENTATION(#14,#12);
#11=PROPERTY_DEFINITION_REPRESENTATION(#15,#13);
#12=REPRESENTATION('',(#16),#8341);
#13=REPRESENTATION('',(#17),#8341);
#14=PROPERTY_DEFINITION('pmi validation property','',#8346);
#15=PROPERTY_DEFINITION('pmi validation property','',#8346);
#16=VALUE_REPRESENTATION_ITEM('number of annotations',COUNT_MEASURE(0.));
#17=VALUE_REPRESENTATION_ITEM('number of views',COUNT_MEASURE(0.));
#18=SHAPE_REPRESENTATION_RELATIONSHIP('','',#4899,#19);
#19=ADVANCED_BREP_SHAPE_REPRESENTATION('',(#4897),#8341);
#20=DEGENERATE_TOROIDAL_SURFACE('',#5214,0.000126794919235491,0.000150000000013259,
 .T.);
#21=DEGENERATE_TOROIDAL_SURFACE('',#5240,0.000126794919235467,0.000150000000013207,
 .T.);
#22=DEGENERATE_TOROIDAL_SURFACE('',#5263,0.000126794919235488,0.000150000000013259,
 .T.);
#23=DEGENERATE_TOROIDAL_SURFACE('',#5289,0.000126794919235438,0.000150000000013214,
 .T.);
#24=TOROIDAL_SURFACE('',#5209,0.0003,0.000149999999999962);
#25=TOROIDAL_SURFACE('',#5223,8.34936490538978E-5,7.5E-5);
#26=TOROIDAL_SURFACE('',#5236,0.0003,0.000149999999999962);
#27=TOROIDAL_SURFACE('',#5242,8.34936490539013E-5,7.5E-5);
#28=TOROIDAL_SURFACE('',#5258,0.0003,0.000149999999999962);
#29=TOROIDAL_SURFACE('',#5272,8.34936490538978E-5,7.5E-5);
#30=TOROIDAL_SURFACE('',#5285,0.0003,0.000149999999999962);
#31=TOROIDAL_SURFACE('',#5291,8.34936490539013E-5,7.5E-5);
#32=CONICAL_SURFACE('',#5206,0.000159270871885049,0.523598775598373);
#33=CONICAL_SURFACE('',#5212,0.000278349364905395,0.523598775598306);
#34=CONICAL_SURFACE('',#5233,0.000159270871885052,0.523598775598426);
#35=CONICAL_SURFACE('',#5238,0.000278349364905393,0.523598775598352);
#36=CONICAL_SURFACE('',#5255,0.000159270871885049,0.523598775598373);
#37=CONICAL_SURFACE('',#5261,0.000278349364905395,0.523598775598306);
#38=CONICAL_SURFACE('',#5282,0.000159270871885052,0.523598775598426);
#39=CONICAL_SURFACE('',#5287,0.000278349364905393,0.523598775598352);
#40=B_SPLINE_SURFACE_WITH_KNOTS('',3,3,((#6803,#6804,#6805,#6806),(#6807,
#6808,#6809,#6810),(#6811,#6812,#6813,#6814),(#6815,#6816,#6817,#6818),
(#6819,#6820,#6821,#6822)),.UNSPECIFIED.,.F.,.F.,.F.,(4,1,4),(4,4),(-9.44868890064717E-15,
0.0177742134660142,0.0355484269320378),(-6.74483134823398E-16,0.0150000000000046),
 .UNSPECIFIED.);
#41=B_SPLINE_SURFACE_WITH_KNOTS('',3,3,((#6877,#6878,#6879,#6880),(#6881,
#6882,#6883,#6884),(#6885,#6886,#6887,#6888),(#6889,#6890,#6891,#6892),
(#6893,#6894,#6895,#6896)),.UNSPECIFIED.,.F.,.F.,.F.,(4,1,4),(4,4),(-1.55431223447522E-15,
0.0177742134660223,0.0355484269320461),(-8.88178419700132E-16,0.0150000000000004),
 .UNSPECIFIED.);
#42=B_SPLINE_SURFACE_WITH_KNOTS('',3,3,((#6932,#6933,#6934,#6935),(#6936,
#6937,#6938,#6939),(#6940,#6941,#6942,#6943),(#6944,#6945,#6946,#6947),
(#6948,#6949,#6950,#6951)),.UNSPECIFIED.,.F.,.F.,.F.,(4,1,4),(4,4),(-7.62787291098977E-15,
0.0177742134660177,0.0355484269320431),(-6.01451510367035E-16,0.015),
 .UNSPECIFIED.);
#43=B_SPLINE_SURFACE_WITH_KNOTS('',3,3,((#6985,#6986,#6987,#6988),(#6989,
#6990,#6991,#6992),(#6993,#6994,#6995,#6996),(#6997,#6998,#6999,#7000),
(#7001,#7002,#7003,#7004)),.UNSPECIFIED.,.F.,.F.,.F.,(4,1,4),(4,4),(1.72084568816899E-15,
0.0177742134660252,0.0355484269320487),(-2.22044604925031E-16,0.015),
 .UNSPECIFIED.);
#44=B_SPLINE_SURFACE_WITH_KNOTS('',3,3,((#7295,#7296,#7297,#7298,#7299,
#7300),(#7301,#7302,#7303,#7304,#7305,#7306),(#7307,#7308,#7309,#7310,#7311,
#7312),(#7313,#7314,#7315,#7316,#7317,#7318)),.RULED_SURF.,.F.,.F.,.F.,
(4,4),(4,1,1,4),(0.,0.444247411807585),(-1.57294667445833,-0.897597901025655,
-0.448798950512828,0.00215034766342622),.UNSPECIFIED.);
#45=B_SPLINE_SURFACE_WITH_KNOTS('',3,3,((#7322,#7323,#7324,#7325,#7326,
#7327),(#7328,#7329,#7330,#7331,#7332,#7333),(#7334,#7335,#7336,#7337,#7338,
#7339),(#7340,#7341,#7342,#7343,#7344,#7345)),.RULED_SURF.,.F.,.F.,.F.,
(4,4),(4,1,1,4),(-0.00155306561747466,0.442097064144158),(-1.57234939241237,
-0.897597901025655,-0.448798950512828,0.00155306561747466),
 .UNSPECIFIED.);
#46=B_SPLINE_SURFACE_WITH_KNOTS('',3,3,((#7507,#7508,#7509,#7510),(#7511,
#7512,#7513,#7514),(#7515,#7516,#7517,#7518),(#7519,#7520,#7521,#7522)),
 .UNSPECIFIED.,.F.,.F.,.F.,(4,4),(4,4),(-1.96261557335472E-17,0.0479831357321109),
(-2.22044604925031E-16,0.0150938139521266),.UNSPECIFIED.);
#47=B_SPLINE_SURFACE_WITH_KNOTS('',3,3,((#7523,#7524,#7525,#7526),(#7527,
#7528,#7529,#7530),(#7531,#7532,#7533,#7534),(#7535,#7536,#7537,#7538)),
 .UNSPECIFIED.,.F.,.F.,.F.,(4,4),(4,4),(0.403050865276332,0.451034001008443),
(-2.22044604925031E-16,0.0150938139521223),.UNSPECIFIED.);
#48=B_SPLINE_SURFACE_WITH_KNOTS('',3,3,((#7730,#7731,#7732,#7733),(#7734,
#7735,#7736,#7737),(#7738,#7739,#7740,#7741),(#7742,#7743,#7744,#7745),
(#7746,#7747,#7748,#7749)),.UNSPECIFIED.,.F.,.F.,.F.,(4,1,4),(4,4),(-1.53569032020467E-17,
0.0172991357813774,0.0345982715627549),(-5.55111512312577E-17,0.015),
 .UNSPECIFIED.);
#49=B_SPLINE_SURFACE_WITH_KNOTS('',3,3,((#7801,#7802,#7803,#7804),(#7805,
#7806,#7807,#7808),(#7809,#7810,#7811,#7812),(#7813,#7814,#7815,#7816),
(#7817,#7818,#7819,#7820)),.UNSPECIFIED.,.F.,.F.,.F.,(4,1,4),(4,4),(-1.22673557577012E-17,
0.0172991357813774,0.0345982715627548),(-1.97215226305253E-31,0.015),
 .UNSPECIFIED.);
#50=B_SPLINE_CURVE_WITH_KNOTS('',3,(#6784,#6785,#6786,#6787,#6788,#6789,
#6790,#6791,#6792,#6793),.UNSPECIFIED.,.F.,.F.,(4,2,2,2,4),(0.,0.00648418465089118,
0.0129606897948646,0.0194371949388454,0.0259213795897503),.UNSPECIFIED.);
#51=B_SPLINE_CURVE_WITH_KNOTS('',3,(#6823,#6824,#6825,#6826),
 .UNSPECIFIED.,.F.,.F.,(4,4),(0.,1.),.UNSPECIFIED.);
#52=B_SPLINE_CURVE_WITH_KNOTS('',3,(#6860,#6861,#6862,#6863,#6864,#6865,
#6866,#6867,#6868,#6869),.UNSPECIFIED.,.F.,.F.,(4,2,2,2,4),(-0.0259213795897378,
-0.0194371949388409,-0.0129606897948647,-0.00648418465089282,0.),
 .UNSPECIFIED.);
#53=B_SPLINE_CURVE_WITH_KNOTS('',3,(#6898,#6899,#6900,#6901),
 .UNSPECIFIED.,.F.,.F.,(4,4),(0.,1.),.UNSPECIFIED.);
#54=B_SPLINE_CURVE_WITH_KNOTS('',3,(#6952,#6953,#6954,#6955,#6956,#6957,
#6958,#6959,#6960,#6961),.UNSPECIFIED.,.F.,.F.,(4,2,2,2,4),(0.,0.00648418465093561,
0.0129606897949753,0.0194371949390106,0.025921379589946),.UNSPECIFIED.);
#55=B_SPLINE_CURVE_WITH_KNOTS('',3,(#6962,#6963,#6964,#6965),
 .UNSPECIFIED.,.F.,.F.,(4,4),(0.,1.),.UNSPECIFIED.);
#56=B_SPLINE_CURVE_WITH_KNOTS('',3,(#7005,#7006,#7007,#7008,#7009,#7010,
#7011,#7012,#7013,#7014),.UNSPECIFIED.,.F.,.F.,(4,2,2,2,4),(-0.0259213795897245,
-0.0194371949388277,-0.0129606897948538,-0.00648418465088718,0.),
 .UNSPECIFIED.);
#57=B_SPLINE_CURVE_WITH_KNOTS('',3,(#7017,#7018,#7019,#7020),
 .UNSPECIFIED.,.F.,.F.,(4,4),(0.,1.),.UNSPECIFIED.);
#58=B_SPLINE_CURVE_WITH_KNOTS('',3,(#7147,#7148,#7149,#7150,#7151),
 .UNSPECIFIED.,.F.,.F.,(4,1,4),(0.,0.5,1.),.UNSPECIFIED.);
#59=B_SPLINE_CURVE_WITH_KNOTS('',3,(#7185,#7186,#7187,#7188,#7189),
 .UNSPECIFIED.,.F.,.F.,(4,1,4),(0.,0.5,1.),.UNSPECIFIED.);
#60=B_SPLINE_CURVE_WITH_KNOTS('',3,(#7247,#7248,#7249,#7250,#7251),
 .UNSPECIFIED.,.F.,.F.,(4,1,4),(0.,0.5,1.),.UNSPECIFIED.);
#61=B_SPLINE_CURVE_WITH_KNOTS('',3,(#7255,#7256,#7257,#7258,#7259),
 .UNSPECIFIED.,.F.,.F.,(4,1,4),(0.,0.5,1.),.UNSPECIFIED.);
#62=B_SPLINE_CURVE_WITH_KNOTS('',3,(#7384,#7385,#7386,#7387,#7388,#7389,
#7390,#7391,#7392,#7393),.UNSPECIFIED.,.F.,.F.,(4,2,2,2,4),(-0.0414365971319922,
-0.0310748385850694,-0.0207182985659695,-0.0103617585468912,0.),
 .UNSPECIFIED.);
#63=B_SPLINE_CURVE_WITH_KNOTS('',3,(#7395,#7396,#7397,#7398),
 .UNSPECIFIED.,.F.,.F.,(4,4),(0.,1.),.UNSPECIFIED.);
#64=B_SPLINE_CURVE_WITH_KNOTS('',3,(#7404,#7405,#7406,#7407,#7408,#7409,
#7410,#7411,#7412,#7413),.UNSPECIFIED.,.F.,.F.,(4,2,2,2,4),(-0.0414365971323191,
-0.0310748385853482,-0.0207182985661578,-0.010361758546968,0.),
 .UNSPECIFIED.);
#65=B_SPLINE_CURVE_WITH_KNOTS('',3,(#7415,#7416,#7417,#7418),
 .UNSPECIFIED.,.F.,.F.,(4,4),(0.,1.),.UNSPECIFIED.);
#66=B_SPLINE_CURVE_WITH_KNOTS('',3,(#7719,#7720,#7721,#7722,#7723,#7724,
#7725,#7726,#7727,#7728),.UNSPECIFIED.,.F.,.F.,(4,2,2,2,4),(-0.0245941352447836,
-0.0186575912784854,-0.0122970676223915,-0.00593654396629751,0.),
 .UNSPECIFIED.);
#67=B_SPLINE_CURVE_WITH_KNOTS('',3,(#7752,#7753,#7754,#7755),
 .UNSPECIFIED.,.F.,.F.,(4,4),(0.,1.),.UNSPECIFIED.);
#68=B_SPLINE_CURVE_WITH_KNOTS('',3,(#7783,#7784,#7785,#7786,#7787,#7788,
#7789,#7790,#7791,#7792),.UNSPECIFIED.,.F.,.F.,(4,2,2,2,4),(0.,0.00593654396629557,
0.0122970676223864,0.0186575912784785,0.024594135244775),.UNSPECIFIED.);
#69=B_SPLINE_CURVE_WITH_KNOTS('',3,(#7821,#7822,#7823,#7824),
 .UNSPECIFIED.,.F.,.F.,(4,4),(0.,1.),.UNSPECIFIED.);
#70=CYLINDRICAL_SURFACE('',#4918,0.000150000000000199);
#71=CYLINDRICAL_SURFACE('',#4923,0.000300000000000198);
#72=CYLINDRICAL_SURFACE('',#4926,0.000150000000000168);
#73=CYLINDRICAL_SURFACE('',#4933,0.000300000000000167);
#74=CYLINDRICAL_SURFACE('',#4941,0.000149999999999998);
#75=CYLINDRICAL_SURFACE('',#4948,0.0003);
#76=CYLINDRICAL_SURFACE('',#4949,0.000150000000000104);
#77=CYLINDRICAL_SURFACE('',#4954,0.000300000000000103);
#78=CYLINDRICAL_SURFACE('',#4956,0.000149999999999901);
#79=CYLINDRICAL_SURFACE('',#4963,0.0002999999999999);
#80=CYLINDRICAL_SURFACE('',#4970,0.000150000000000079);
#81=CYLINDRICAL_SURFACE('',#4979,0.000150000000000079);
#82=CYLINDRICAL_SURFACE('',#4981,0.000300000000000078);
#83=CYLINDRICAL_SURFACE('',#4982,0.000300000000000078);
#84=CYLINDRICAL_SURFACE('',#4993,0.000149999999999998);
#85=CYLINDRICAL_SURFACE('',#4996,0.000149999999999998);
#86=CYLINDRICAL_SURFACE('',#4998,0.000149999999999998);
#87=CYLINDRICAL_SURFACE('',#5000,0.0003);
#88=CYLINDRICAL_SURFACE('',#5003,0.0003);
#89=CYLINDRICAL_SURFACE('',#5005,0.0003);
#90=CYLINDRICAL_SURFACE('',#5015,0.00015);
#91=CYLINDRICAL_SURFACE('',#5016,0.0003);
#92=CYLINDRICAL_SURFACE('',#5018,0.000149999999999966);
#93=CYLINDRICAL_SURFACE('',#5019,0.000299999999999965);
#94=CYLINDRICAL_SURFACE('',#5026,0.000675);
#95=CYLINDRICAL_SURFACE('',#5030,0.0002);
#96=CYLINDRICAL_SURFACE('',#5035,0.000675);
#97=CYLINDRICAL_SURFACE('',#5046,0.000150000000000009);
#98=CYLINDRICAL_SURFACE('',#5049,0.000300000000000012);
#99=CYLINDRICAL_SURFACE('',#5053,0.00015000000000001);
#100=CYLINDRICAL_SURFACE('',#5056,0.000300000000000006);
#101=CYLINDRICAL_SURFACE('',#5061,0.00015);
#102=CYLINDRICAL_SURFACE('',#5069,0.000300000000000006);
#103=CYLINDRICAL_SURFACE('',#5070,0.00015);
#104=CYLINDRICAL_SURFACE('',#5078,0.000299999999999983);
#105=CYLINDRICAL_SURFACE('',#5079,0.0002);
#106=CYLINDRICAL_SURFACE('',#5090,0.000149999999999998);
#107=CYLINDRICAL_SURFACE('',#5097,0.0003);
#108=CYLINDRICAL_SURFACE('',#5098,0.00015);
#109=CYLINDRICAL_SURFACE('',#5105,0.0003);
#110=CYLINDRICAL_SURFACE('',#5129,0.000149999999999997);
#111=CYLINDRICAL_SURFACE('',#5138,0.0003);
#112=CYLINDRICAL_SURFACE('',#5140,0.000149999999999997);
#113=CYLINDRICAL_SURFACE('',#5149,0.0003);
#114=CYLINDRICAL_SURFACE('',#5164,0.000150000000000007);
#115=CYLINDRICAL_SURFACE('',#5168,0.000300000000000006);
#116=CYLINDRICAL_SURFACE('',#5172,0.00015);
#117=CYLINDRICAL_SURFACE('',#5176,0.000299999999999995);
#118=CYLINDRICAL_SURFACE('',#5180,0.000150000000000004);
#119=CYLINDRICAL_SURFACE('',#5189,0.0003);
#120=CYLINDRICAL_SURFACE('',#5191,0.00015);
#121=CYLINDRICAL_SURFACE('',#5200,0.000299999999999994);
#122=CYLINDRICAL_SURFACE('',#5203,7.5E-5);
#123=CYLINDRICAL_SURFACE('',#5226,0.000149999999999962);
#124=CYLINDRICAL_SURFACE('',#5229,0.000150000000013217);
#125=CYLINDRICAL_SURFACE('',#5231,7.5E-5);
#126=CYLINDRICAL_SURFACE('',#5243,0.000149999999999962);
#127=CYLINDRICAL_SURFACE('',#5244,0.000150000000013217);
#128=CYLINDRICAL_SURFACE('',#5249,0.0022);
#129=CYLINDRICAL_SURFACE('',#5252,7.5E-5);
#130=CYLINDRICAL_SURFACE('',#5275,0.000149999999999962);
#131=CYLINDRICAL_SURFACE('',#5278,0.000150000000013217);
#132=CYLINDRICAL_SURFACE('',#5280,7.5E-5);
#133=CYLINDRICAL_SURFACE('',#5292,0.000149999999999962);
#134=CYLINDRICAL_SURFACE('',#5293,0.000150000000013217);
#135=CYLINDRICAL_SURFACE('',#5298,0.0022);
#136=CIRCLE('',#4904,0.0003);
#137=CIRCLE('',#4905,0.00015);
#138=CIRCLE('',#4907,0.00015);
#139=CIRCLE('',#4908,0.0003);
#140=CIRCLE('',#4919,0.00015);
#141=CIRCLE('',#4924,0.0003);
#142=CIRCLE('',#4927,0.00015);
#143=CIRCLE('',#4931,0.0003);
#144=CIRCLE('',#4942,0.00015);
#145=CIRCLE('',#4943,0.00015);
#146=CIRCLE('',#4945,0.0003);
#147=CIRCLE('',#4947,0.0003);
#148=CIRCLE('',#4950,0.000149999999999997);
#149=CIRCLE('',#4951,0.00015);
#150=CIRCLE('',#4953,0.0003);
#151=CIRCLE('',#4955,0.000299999999999996);
#152=CIRCLE('',#4957,0.000149999999999997);
#153=CIRCLE('',#4958,0.00015);
#154=CIRCLE('',#4960,0.000299999999999996);
#155=CIRCLE('',#4962,0.0003);
#156=CIRCLE('',#4971,0.00015);
#157=CIRCLE('',#4974,0.0003);
#158=CIRCLE('',#4977,0.0003);
#159=CIRCLE('',#4978,0.00015);
#160=CIRCLE('',#4994,0.00015);
#161=CIRCLE('',#4995,0.00015);
#162=CIRCLE('',#4997,0.00015);
#163=CIRCLE('',#4999,0.00015);
#164=CIRCLE('',#5001,0.0003);
#165=CIRCLE('',#5002,0.0003);
#166=CIRCLE('',#5004,0.0003);
#167=CIRCLE('',#5006,0.0003);
#168=CIRCLE('',#5027,0.000675);
#169=CIRCLE('',#5028,0.000675);
#170=CIRCLE('',#5031,0.0002);
#171=CIRCLE('',#5032,0.0002);
#172=CIRCLE('',#5036,0.000675);
#173=CIRCLE('',#5037,0.000675);
#174=CIRCLE('',#5042,0.0003);
#175=CIRCLE('',#5043,0.0003);
#176=CIRCLE('',#5044,0.0002);
#177=CIRCLE('',#5047,0.000150000000000005);
#178=CIRCLE('',#5048,0.00015000000000001);
#179=CIRCLE('',#5050,0.000300000000000009);
#180=CIRCLE('',#5051,0.000300000000000007);
#181=CIRCLE('',#5054,0.000150000000000015);
#182=CIRCLE('',#5055,0.00015000000000001);
#183=CIRCLE('',#5057,0.00030000000000001);
#184=CIRCLE('',#5058,0.000300000000000012);
#185=CIRCLE('',#5062,0.000149999999999993);
#186=CIRCLE('',#5063,0.00015);
#187=CIRCLE('',#5066,0.0003);
#188=CIRCLE('',#5068,0.000299999999999995);
#189=CIRCLE('',#5071,0.000150000000000003);
#190=CIRCLE('',#5072,0.000149999999999993);
#191=CIRCLE('',#5075,0.000299999999999992);
#192=CIRCLE('',#5077,0.0003);
#193=CIRCLE('',#5080,0.0002);
#194=CIRCLE('',#5082,0.0003);
#195=CIRCLE('',#5083,0.0003);
#196=CIRCLE('',#5085,0.0003);
#197=CIRCLE('',#5086,0.0003);
#198=CIRCLE('',#5088,0.0003);
#199=CIRCLE('',#5089,0.0003);
#200=CIRCLE('',#5091,0.00015);
#201=CIRCLE('',#5094,0.0003);
#202=CIRCLE('',#5096,0.0022);
#203=CIRCLE('',#5099,0.00015);
#204=CIRCLE('',#5102,0.0022);
#205=CIRCLE('',#5104,0.0003);
#206=CIRCLE('',#5130,0.00015);
#207=CIRCLE('',#5131,0.00015);
#208=CIRCLE('',#5134,0.0003);
#209=CIRCLE('',#5137,0.0003);
#210=CIRCLE('',#5141,0.00015);
#211=CIRCLE('',#5142,0.00015);
#212=CIRCLE('',#5145,0.0003);
#213=CIRCLE('',#5148,0.0003);
#214=CIRCLE('',#5165,0.000150000000000006);
#215=CIRCLE('',#5166,0.00015);
#216=CIRCLE('',#5169,0.0003);
#217=CIRCLE('',#5170,0.0003);
#218=CIRCLE('',#5173,0.00015);
#219=CIRCLE('',#5174,0.00015);
#220=CIRCLE('',#5177,0.0003);
#221=CIRCLE('',#5178,0.0003);
#222=CIRCLE('',#5181,0.000150000000000006);
#223=CIRCLE('',#5182,0.00015);
#224=CIRCLE('',#5185,0.0003);
#225=CIRCLE('',#5188,0.000300000000000004);
#226=CIRCLE('',#5192,0.000150000000000004);
#227=CIRCLE('',#5193,0.00015);
#228=CIRCLE('',#5196,0.0003);
#229=CIRCLE('',#5199,0.0003);
#230=CIRCLE('',#5204,7.5E-5);
#231=CIRCLE('',#5205,7.5E-5);
#232=CIRCLE('',#5207,0.00017009618943237);
#233=CIRCLE('',#5208,0.000148445554337732);
#234=CIRCLE('',#5210,0.000149999999999962);
#235=CIRCLE('',#5211,0.000149999999999962);
#236=CIRCLE('',#5213,0.000256698729810788);
#237=CIRCLE('',#5215,0.000150000000013217);
#238=CIRCLE('',#5216,0.000126794919243121);
#239=CIRCLE('',#5217,0.000150000000013217);
#240=CIRCLE('',#5219,0.000126794919243121);
#241=CIRCLE('',#5221,8.34936490538984E-5);
#242=CIRCLE('',#5222,8.34936490538984E-5);
#243=CIRCLE('',#5224,7.5E-5);
#244=CIRCLE('',#5227,0.000149999999999962);
#245=CIRCLE('',#5230,0.000150000000013217);
#246=CIRCLE('',#5232,7.5E-5);
#247=CIRCLE('',#5234,0.00017009618943237);
#248=CIRCLE('',#5235,0.000148445554337732);
#249=CIRCLE('',#5237,0.000149999999999962);
#250=CIRCLE('',#5239,0.000256698729810788);
#251=CIRCLE('',#5241,0.000150000000013217);
#252=CIRCLE('',#5246,0.0022);
#253=CIRCLE('',#5253,7.5E-5);
#254=CIRCLE('',#5254,7.5E-5);
#255=CIRCLE('',#5256,0.000148445554337732);
#256=CIRCLE('',#5257,0.00017009618943237);
#257=CIRCLE('',#5259,0.000149999999999962);
#258=CIRCLE('',#5260,0.000149999999999962);
#259=CIRCLE('',#5262,0.000256698729810788);
#260=CIRCLE('',#5264,0.000150000000013217);
#261=CIRCLE('',#5265,0.000150000000013217);
#262=CIRCLE('',#5266,0.000126794919243121);
#263=CIRCLE('',#5268,0.000126794919243121);
#264=CIRCLE('',#5270,8.34936490538984E-5);
#265=CIRCLE('',#5271,8.34936490538984E-5);
#266=CIRCLE('',#5273,7.5E-5);
#267=CIRCLE('',#5276,0.000149999999999962);
#268=CIRCLE('',#5279,0.000150000000013217);
#269=CIRCLE('',#5281,7.5E-5);
#270=CIRCLE('',#5283,0.000148445554337732);
#271=CIRCLE('',#5284,0.00017009618943237);
#272=CIRCLE('',#5286,0.000149999999999962);
#273=CIRCLE('',#5288,0.000256698729810788);
#274=CIRCLE('',#5290,0.000150000000013217);
#275=CIRCLE('',#5295,0.0022);
#276=ORIENTED_EDGE('',*,*,#1676,.T.);
#277=ORIENTED_EDGE('',*,*,#1677,.T.);
#278=ORIENTED_EDGE('',*,*,#1678,.T.);
#279=ORIENTED_EDGE('',*,*,#1679,.T.);
#280=ORIENTED_EDGE('',*,*,#1680,.T.);
#281=ORIENTED_EDGE('',*,*,#1681,.T.);
#282=ORIENTED_EDGE('',*,*,#1682,.T.);
#283=ORIENTED_EDGE('',*,*,#1683,.T.);
#284=ORIENTED_EDGE('',*,*,#1684,.T.);
#285=ORIENTED_EDGE('',*,*,#1685,.T.);
#286=ORIENTED_EDGE('',*,*,#1686,.T.);
#287=ORIENTED_EDGE('',*,*,#1687,.T.);
#288=ORIENTED_EDGE('',*,*,#1688,.T.);
#289=ORIENTED_EDGE('',*,*,#1689,.T.);
#290=ORIENTED_EDGE('',*,*,#1690,.T.);
#291=ORIENTED_EDGE('',*,*,#1691,.T.);
#292=ORIENTED_EDGE('',*,*,#1692,.T.);
#293=ORIENTED_EDGE('',*,*,#1693,.T.);
#294=ORIENTED_EDGE('',*,*,#1694,.T.);
#295=ORIENTED_EDGE('',*,*,#1695,.T.);
#296=ORIENTED_EDGE('',*,*,#1696,.T.);
#297=ORIENTED_EDGE('',*,*,#1697,.T.);
#298=ORIENTED_EDGE('',*,*,#1698,.T.);
#299=ORIENTED_EDGE('',*,*,#1699,.T.);
#300=ORIENTED_EDGE('',*,*,#1700,.F.);
#301=ORIENTED_EDGE('',*,*,#1701,.F.);
#302=ORIENTED_EDGE('',*,*,#1702,.T.);
#303=ORIENTED_EDGE('',*,*,#1703,.F.);
#304=ORIENTED_EDGE('',*,*,#1704,.F.);
#305=ORIENTED_EDGE('',*,*,#1705,.T.);
#306=ORIENTED_EDGE('',*,*,#1706,.F.);
#307=ORIENTED_EDGE('',*,*,#1707,.F.);
#308=ORIENTED_EDGE('',*,*,#1708,.T.);
#309=ORIENTED_EDGE('',*,*,#1709,.T.);
#310=ORIENTED_EDGE('',*,*,#1710,.T.);
#311=ORIENTED_EDGE('',*,*,#1711,.T.);
#312=ORIENTED_EDGE('',*,*,#1712,.T.);
#313=ORIENTED_EDGE('',*,*,#1713,.F.);
#314=ORIENTED_EDGE('',*,*,#1714,.T.);
#315=ORIENTED_EDGE('',*,*,#1715,.T.);
#316=ORIENTED_EDGE('',*,*,#1685,.F.);
#317=ORIENTED_EDGE('',*,*,#1716,.T.);
#318=ORIENTED_EDGE('',*,*,#1717,.F.);
#319=ORIENTED_EDGE('',*,*,#1718,.F.);
#320=ORIENTED_EDGE('',*,*,#1686,.F.);
#321=ORIENTED_EDGE('',*,*,#1718,.T.);
#322=ORIENTED_EDGE('',*,*,#1719,.F.);
#323=ORIENTED_EDGE('',*,*,#1720,.F.);
#324=ORIENTED_EDGE('',*,*,#1684,.F.);
#325=ORIENTED_EDGE('',*,*,#1721,.F.);
#326=ORIENTED_EDGE('',*,*,#1722,.F.);
#327=ORIENTED_EDGE('',*,*,#1716,.F.);
#328=ORIENTED_EDGE('',*,*,#1723,.T.);
#329=ORIENTED_EDGE('',*,*,#1724,.T.);
#330=ORIENTED_EDGE('',*,*,#1725,.T.);
#331=ORIENTED_EDGE('',*,*,#1726,.F.);
#332=ORIENTED_EDGE('',*,*,#1727,.F.);
#333=ORIENTED_EDGE('',*,*,#1728,.F.);
#334=ORIENTED_EDGE('',*,*,#1719,.T.);
#335=ORIENTED_EDGE('',*,*,#1717,.T.);
#336=ORIENTED_EDGE('',*,*,#1722,.T.);
#337=ORIENTED_EDGE('',*,*,#1729,.F.);
#338=ORIENTED_EDGE('',*,*,#1730,.F.);
#339=ORIENTED_EDGE('',*,*,#1731,.F.);
#340=ORIENTED_EDGE('',*,*,#1732,.F.);
#341=ORIENTED_EDGE('',*,*,#1733,.F.);
#342=ORIENTED_EDGE('',*,*,#1734,.F.);
#343=ORIENTED_EDGE('',*,*,#1735,.F.);
#344=ORIENTED_EDGE('',*,*,#1691,.F.);
#345=ORIENTED_EDGE('',*,*,#1736,.T.);
#346=ORIENTED_EDGE('',*,*,#1724,.F.);
#347=ORIENTED_EDGE('',*,*,#1737,.F.);
#348=ORIENTED_EDGE('',*,*,#1676,.F.);
#349=ORIENTED_EDGE('',*,*,#1737,.T.);
#350=ORIENTED_EDGE('',*,*,#1723,.F.);
#351=ORIENTED_EDGE('',*,*,#1738,.F.);
#352=ORIENTED_EDGE('',*,*,#1690,.F.);
#353=ORIENTED_EDGE('',*,*,#1739,.F.);
#354=ORIENTED_EDGE('',*,*,#1725,.F.);
#355=ORIENTED_EDGE('',*,*,#1736,.F.);
#356=ORIENTED_EDGE('',*,*,#1740,.T.);
#357=ORIENTED_EDGE('',*,*,#1741,.T.);
#358=ORIENTED_EDGE('',*,*,#1742,.T.);
#359=ORIENTED_EDGE('',*,*,#1743,.T.);
#360=ORIENTED_EDGE('',*,*,#1744,.T.);
#361=ORIENTED_EDGE('',*,*,#1745,.T.);
#362=ORIENTED_EDGE('',*,*,#1746,.T.);
#363=ORIENTED_EDGE('',*,*,#1747,.T.);
#364=ORIENTED_EDGE('',*,*,#1748,.F.);
#365=ORIENTED_EDGE('',*,*,#1749,.T.);
#366=ORIENTED_EDGE('',*,*,#1713,.T.);
#367=ORIENTED_EDGE('',*,*,#1750,.T.);
#368=ORIENTED_EDGE('',*,*,#1751,.F.);
#369=ORIENTED_EDGE('',*,*,#1752,.T.);
#370=ORIENTED_EDGE('',*,*,#1746,.F.);
#371=ORIENTED_EDGE('',*,*,#1753,.F.);
#372=ORIENTED_EDGE('',*,*,#1754,.F.);
#373=ORIENTED_EDGE('',*,*,#1755,.T.);
#374=ORIENTED_EDGE('',*,*,#1747,.F.);
#375=ORIENTED_EDGE('',*,*,#1752,.F.);
#376=ORIENTED_EDGE('',*,*,#1750,.F.);
#377=ORIENTED_EDGE('',*,*,#1704,.T.);
#378=ORIENTED_EDGE('',*,*,#1756,.F.);
#379=ORIENTED_EDGE('',*,*,#1755,.F.);
#380=ORIENTED_EDGE('',*,*,#1757,.T.);
#381=ORIENTED_EDGE('',*,*,#1758,.T.);
#382=ORIENTED_EDGE('',*,*,#1759,.T.);
#383=ORIENTED_EDGE('',*,*,#1760,.T.);
#384=ORIENTED_EDGE('',*,*,#1748,.T.);
#385=ORIENTED_EDGE('',*,*,#1754,.T.);
#386=ORIENTED_EDGE('',*,*,#1751,.T.);
#387=ORIENTED_EDGE('',*,*,#1761,.T.);
#388=ORIENTED_EDGE('',*,*,#1744,.F.);
#389=ORIENTED_EDGE('',*,*,#1756,.T.);
#390=ORIENTED_EDGE('',*,*,#1699,.F.);
#391=ORIENTED_EDGE('',*,*,#1762,.T.);
#392=ORIENTED_EDGE('',*,*,#1763,.T.);
#393=ORIENTED_EDGE('',*,*,#1764,.T.);
#394=ORIENTED_EDGE('',*,*,#1765,.T.);
#395=ORIENTED_EDGE('',*,*,#1766,.T.);
#396=ORIENTED_EDGE('',*,*,#1767,.T.);
#397=ORIENTED_EDGE('',*,*,#1768,.T.);
#398=ORIENTED_EDGE('',*,*,#1769,.T.);
#399=ORIENTED_EDGE('',*,*,#1770,.T.);
#400=ORIENTED_EDGE('',*,*,#1771,.F.);
#401=ORIENTED_EDGE('',*,*,#1772,.F.);
#402=ORIENTED_EDGE('',*,*,#1715,.F.);
#403=ORIENTED_EDGE('',*,*,#1773,.F.);
#404=ORIENTED_EDGE('',*,*,#1774,.F.);
#405=ORIENTED_EDGE('',*,*,#1775,.T.);
#406=ORIENTED_EDGE('',*,*,#1769,.F.);
#407=ORIENTED_EDGE('',*,*,#1776,.F.);
#408=ORIENTED_EDGE('',*,*,#1772,.T.);
#409=ORIENTED_EDGE('',*,*,#1777,.T.);
#410=ORIENTED_EDGE('',*,*,#1778,.F.);
#411=ORIENTED_EDGE('',*,*,#1700,.T.);
#412=ORIENTED_EDGE('',*,*,#1779,.T.);
#413=ORIENTED_EDGE('',*,*,#1776,.T.);
#414=ORIENTED_EDGE('',*,*,#1768,.F.);
#415=ORIENTED_EDGE('',*,*,#1777,.F.);
#416=ORIENTED_EDGE('',*,*,#1780,.F.);
#417=ORIENTED_EDGE('',*,*,#1770,.F.);
#418=ORIENTED_EDGE('',*,*,#1775,.F.);
#419=ORIENTED_EDGE('',*,*,#1781,.T.);
#420=ORIENTED_EDGE('',*,*,#1773,.T.);
#421=ORIENTED_EDGE('',*,*,#1714,.F.);
#422=ORIENTED_EDGE('',*,*,#1749,.F.);
#423=ORIENTED_EDGE('',*,*,#1761,.F.);
#424=ORIENTED_EDGE('',*,*,#1753,.T.);
#425=ORIENTED_EDGE('',*,*,#1745,.F.);
#426=ORIENTED_EDGE('',*,*,#1762,.F.);
#427=ORIENTED_EDGE('',*,*,#1698,.F.);
#428=ORIENTED_EDGE('',*,*,#1782,.T.);
#429=ORIENTED_EDGE('',*,*,#1783,.T.);
#430=ORIENTED_EDGE('',*,*,#1784,.T.);
#431=ORIENTED_EDGE('',*,*,#1785,.T.);
#432=ORIENTED_EDGE('',*,*,#1771,.T.);
#433=ORIENTED_EDGE('',*,*,#1781,.F.);
#434=ORIENTED_EDGE('',*,*,#1774,.T.);
#435=ORIENTED_EDGE('',*,*,#1779,.F.);
#436=ORIENTED_EDGE('',*,*,#1767,.F.);
#437=ORIENTED_EDGE('',*,*,#1780,.T.);
#438=ORIENTED_EDGE('',*,*,#1697,.F.);
#439=ORIENTED_EDGE('',*,*,#1778,.T.);
#440=ORIENTED_EDGE('',*,*,#1786,.T.);
#441=ORIENTED_EDGE('',*,*,#1787,.F.);
#442=ORIENTED_EDGE('',*,*,#1788,.T.);
#443=ORIENTED_EDGE('',*,*,#1789,.F.);
#444=ORIENTED_EDGE('',*,*,#1790,.F.);
#445=ORIENTED_EDGE('',*,*,#1791,.T.);
#446=ORIENTED_EDGE('',*,*,#1792,.F.);
#447=ORIENTED_EDGE('',*,*,#1788,.F.);
#448=ORIENTED_EDGE('',*,*,#1793,.F.);
#449=ORIENTED_EDGE('',*,*,#1702,.F.);
#450=ORIENTED_EDGE('',*,*,#1794,.F.);
#451=ORIENTED_EDGE('',*,*,#1791,.F.);
#452=ORIENTED_EDGE('',*,*,#1795,.T.);
#453=ORIENTED_EDGE('',*,*,#1796,.T.);
#454=ORIENTED_EDGE('',*,*,#1790,.T.);
#455=ORIENTED_EDGE('',*,*,#1787,.T.);
#456=ORIENTED_EDGE('',*,*,#1797,.T.);
#457=ORIENTED_EDGE('',*,*,#1798,.T.);
#458=ORIENTED_EDGE('',*,*,#1799,.T.);
#459=ORIENTED_EDGE('',*,*,#1800,.T.);
#460=ORIENTED_EDGE('',*,*,#1801,.T.);
#461=ORIENTED_EDGE('',*,*,#1800,.F.);
#462=ORIENTED_EDGE('',*,*,#1802,.F.);
#463=ORIENTED_EDGE('',*,*,#1803,.F.);
#464=ORIENTED_EDGE('',*,*,#1804,.T.);
#465=ORIENTED_EDGE('',*,*,#1805,.T.);
#466=ORIENTED_EDGE('',*,*,#1806,.F.);
#467=ORIENTED_EDGE('',*,*,#1706,.T.);
#468=ORIENTED_EDGE('',*,*,#1807,.T.);
#469=ORIENTED_EDGE('',*,*,#1802,.T.);
#470=ORIENTED_EDGE('',*,*,#1799,.F.);
#471=ORIENTED_EDGE('',*,*,#1805,.F.);
#472=ORIENTED_EDGE('',*,*,#1808,.T.);
#473=ORIENTED_EDGE('',*,*,#1803,.T.);
#474=ORIENTED_EDGE('',*,*,#1807,.F.);
#475=ORIENTED_EDGE('',*,*,#1809,.T.);
#476=ORIENTED_EDGE('',*,*,#1810,.F.);
#477=ORIENTED_EDGE('',*,*,#1811,.T.);
#478=ORIENTED_EDGE('',*,*,#1688,.F.);
#479=ORIENTED_EDGE('',*,*,#1812,.F.);
#480=ORIENTED_EDGE('',*,*,#1813,.F.);
#481=ORIENTED_EDGE('',*,*,#1814,.F.);
#482=ORIENTED_EDGE('',*,*,#1726,.T.);
#483=ORIENTED_EDGE('',*,*,#1739,.T.);
#484=ORIENTED_EDGE('',*,*,#1689,.F.);
#485=ORIENTED_EDGE('',*,*,#1811,.F.);
#486=ORIENTED_EDGE('',*,*,#1815,.F.);
#487=ORIENTED_EDGE('',*,*,#1812,.T.);
#488=ORIENTED_EDGE('',*,*,#1687,.F.);
#489=ORIENTED_EDGE('',*,*,#1720,.T.);
#490=ORIENTED_EDGE('',*,*,#1728,.T.);
#491=ORIENTED_EDGE('',*,*,#1816,.F.);
#492=ORIENTED_EDGE('',*,*,#1817,.F.);
#493=ORIENTED_EDGE('',*,*,#1816,.T.);
#494=ORIENTED_EDGE('',*,*,#1727,.T.);
#495=ORIENTED_EDGE('',*,*,#1814,.T.);
#496=ORIENTED_EDGE('',*,*,#1818,.F.);
#497=ORIENTED_EDGE('',*,*,#1819,.T.);
#498=ORIENTED_EDGE('',*,*,#1820,.T.);
#499=ORIENTED_EDGE('',*,*,#1821,.F.);
#500=ORIENTED_EDGE('',*,*,#1822,.F.);
#501=ORIENTED_EDGE('',*,*,#1823,.F.);
#502=ORIENTED_EDGE('',*,*,#1824,.F.);
#503=ORIENTED_EDGE('',*,*,#1825,.T.);
#504=ORIENTED_EDGE('',*,*,#1821,.T.);
#505=ORIENTED_EDGE('',*,*,#1815,.T.);
#506=ORIENTED_EDGE('',*,*,#1826,.F.);
#507=ORIENTED_EDGE('',*,*,#1822,.T.);
#508=ORIENTED_EDGE('',*,*,#1827,.F.);
#509=ORIENTED_EDGE('',*,*,#1828,.T.);
#510=ORIENTED_EDGE('',*,*,#1829,.F.);
#511=ORIENTED_EDGE('',*,*,#1830,.T.);
#512=ORIENTED_EDGE('',*,*,#1831,.F.);
#513=ORIENTED_EDGE('',*,*,#1832,.F.);
#514=ORIENTED_EDGE('',*,*,#1833,.F.);
#515=ORIENTED_EDGE('',*,*,#1834,.F.);
#516=ORIENTED_EDGE('',*,*,#1835,.T.);
#517=ORIENTED_EDGE('',*,*,#1836,.T.);
#518=ORIENTED_EDGE('',*,*,#1832,.T.);
#519=ORIENTED_EDGE('',*,*,#1837,.F.);
#520=ORIENTED_EDGE('',*,*,#1838,.T.);
#521=ORIENTED_EDGE('',*,*,#1839,.F.);
#522=ORIENTED_EDGE('',*,*,#1840,.F.);
#523=ORIENTED_EDGE('',*,*,#1841,.F.);
#524=ORIENTED_EDGE('',*,*,#1813,.T.);
#525=ORIENTED_EDGE('',*,*,#1830,.F.);
#526=ORIENTED_EDGE('',*,*,#1842,.F.);
#527=ORIENTED_EDGE('',*,*,#1843,.T.);
#528=ORIENTED_EDGE('',*,*,#1844,.F.);
#529=ORIENTED_EDGE('',*,*,#1833,.T.);
#530=ORIENTED_EDGE('',*,*,#1845,.F.);
#531=ORIENTED_EDGE('',*,*,#1841,.T.);
#532=ORIENTED_EDGE('',*,*,#1846,.T.);
#533=ORIENTED_EDGE('',*,*,#1847,.F.);
#534=ORIENTED_EDGE('',*,*,#1819,.F.);
#535=ORIENTED_EDGE('',*,*,#1848,.F.);
#536=ORIENTED_EDGE('',*,*,#1849,.F.);
#537=ORIENTED_EDGE('',*,*,#1850,.F.);
#538=ORIENTED_EDGE('',*,*,#1828,.F.);
#539=ORIENTED_EDGE('',*,*,#1851,.F.);
#540=ORIENTED_EDGE('',*,*,#1852,.F.);
#541=ORIENTED_EDGE('',*,*,#1853,.T.);
#542=ORIENTED_EDGE('',*,*,#1854,.F.);
#543=ORIENTED_EDGE('',*,*,#1855,.F.);
#544=ORIENTED_EDGE('',*,*,#1856,.F.);
#545=ORIENTED_EDGE('',*,*,#1846,.F.);
#546=ORIENTED_EDGE('',*,*,#1857,.F.);
#547=ORIENTED_EDGE('',*,*,#1853,.F.);
#548=ORIENTED_EDGE('',*,*,#1858,.F.);
#549=ORIENTED_EDGE('',*,*,#1859,.T.);
#550=ORIENTED_EDGE('',*,*,#1860,.F.);
#551=ORIENTED_EDGE('',*,*,#1861,.F.);
#552=ORIENTED_EDGE('',*,*,#1862,.F.);
#553=ORIENTED_EDGE('',*,*,#1861,.T.);
#554=ORIENTED_EDGE('',*,*,#1863,.F.);
#555=ORIENTED_EDGE('',*,*,#1838,.F.);
#556=ORIENTED_EDGE('',*,*,#1864,.T.);
#557=ORIENTED_EDGE('',*,*,#1865,.T.);
#558=ORIENTED_EDGE('',*,*,#1866,.T.);
#559=ORIENTED_EDGE('',*,*,#1867,.T.);
#560=ORIENTED_EDGE('',*,*,#1868,.T.);
#561=ORIENTED_EDGE('',*,*,#1869,.T.);
#562=ORIENTED_EDGE('',*,*,#1870,.T.);
#563=ORIENTED_EDGE('',*,*,#1871,.F.);
#564=ORIENTED_EDGE('',*,*,#1872,.F.);
#565=ORIENTED_EDGE('',*,*,#1873,.F.);
#566=ORIENTED_EDGE('',*,*,#1874,.F.);
#567=ORIENTED_EDGE('',*,*,#1875,.T.);
#568=ORIENTED_EDGE('',*,*,#1868,.F.);
#569=ORIENTED_EDGE('',*,*,#1876,.F.);
#570=ORIENTED_EDGE('',*,*,#1877,.F.);
#571=ORIENTED_EDGE('',*,*,#1869,.F.);
#572=ORIENTED_EDGE('',*,*,#1875,.F.);
#573=ORIENTED_EDGE('',*,*,#1878,.T.);
#574=ORIENTED_EDGE('',*,*,#1872,.T.);
#575=ORIENTED_EDGE('',*,*,#1879,.F.);
#576=ORIENTED_EDGE('',*,*,#1855,.T.);
#577=ORIENTED_EDGE('',*,*,#1880,.F.);
#578=ORIENTED_EDGE('',*,*,#1881,.T.);
#579=ORIENTED_EDGE('',*,*,#1882,.T.);
#580=ORIENTED_EDGE('',*,*,#1873,.T.);
#581=ORIENTED_EDGE('',*,*,#1878,.F.);
#582=ORIENTED_EDGE('',*,*,#1874,.T.);
#583=ORIENTED_EDGE('',*,*,#1883,.T.);
#584=ORIENTED_EDGE('',*,*,#1867,.F.);
#585=ORIENTED_EDGE('',*,*,#1884,.F.);
#586=ORIENTED_EDGE('',*,*,#1885,.F.);
#587=ORIENTED_EDGE('',*,*,#1859,.F.);
#588=ORIENTED_EDGE('',*,*,#1886,.F.);
#589=ORIENTED_EDGE('',*,*,#1887,.F.);
#590=ORIENTED_EDGE('',*,*,#1883,.F.);
#591=ORIENTED_EDGE('',*,*,#1876,.T.);
#592=ORIENTED_EDGE('',*,*,#1888,.T.);
#593=ORIENTED_EDGE('',*,*,#1881,.F.);
#594=ORIENTED_EDGE('',*,*,#1887,.T.);
#595=ORIENTED_EDGE('',*,*,#1889,.F.);
#596=ORIENTED_EDGE('',*,*,#1890,.T.);
#597=ORIENTED_EDGE('',*,*,#1891,.T.);
#598=ORIENTED_EDGE('',*,*,#1892,.T.);
#599=ORIENTED_EDGE('',*,*,#1893,.T.);
#600=ORIENTED_EDGE('',*,*,#1894,.T.);
#601=ORIENTED_EDGE('',*,*,#1895,.T.);
#602=ORIENTED_EDGE('',*,*,#1896,.T.);
#603=ORIENTED_EDGE('',*,*,#1897,.T.);
#604=ORIENTED_EDGE('',*,*,#1898,.T.);
#605=ORIENTED_EDGE('',*,*,#1899,.T.);
#606=ORIENTED_EDGE('',*,*,#1900,.T.);
#607=ORIENTED_EDGE('',*,*,#1901,.T.);
#608=ORIENTED_EDGE('',*,*,#1902,.T.);
#609=ORIENTED_EDGE('',*,*,#1903,.T.);
#610=ORIENTED_EDGE('',*,*,#1904,.T.);
#611=ORIENTED_EDGE('',*,*,#1905,.T.);
#612=ORIENTED_EDGE('',*,*,#1889,.T.);
#613=ORIENTED_EDGE('',*,*,#1886,.T.);
#614=ORIENTED_EDGE('',*,*,#1858,.T.);
#615=ORIENTED_EDGE('',*,*,#1862,.T.);
#616=ORIENTED_EDGE('',*,*,#1837,.T.);
#617=ORIENTED_EDGE('',*,*,#1831,.T.);
#618=ORIENTED_EDGE('',*,*,#1810,.T.);
#619=ORIENTED_EDGE('',*,*,#1820,.F.);
#620=ORIENTED_EDGE('',*,*,#1847,.T.);
#621=ORIENTED_EDGE('',*,*,#1856,.T.);
#622=ORIENTED_EDGE('',*,*,#1852,.T.);
#623=ORIENTED_EDGE('',*,*,#1879,.T.);
#624=ORIENTED_EDGE('',*,*,#1871,.T.);
#625=ORIENTED_EDGE('',*,*,#1906,.T.);
#626=ORIENTED_EDGE('',*,*,#1907,.T.);
#627=ORIENTED_EDGE('',*,*,#1908,.T.);
#628=ORIENTED_EDGE('',*,*,#1909,.T.);
#629=ORIENTED_EDGE('',*,*,#1910,.T.);
#630=ORIENTED_EDGE('',*,*,#1911,.T.);
#631=ORIENTED_EDGE('',*,*,#1912,.T.);
#632=ORIENTED_EDGE('',*,*,#1913,.T.);
#633=ORIENTED_EDGE('',*,*,#1914,.T.);
#634=ORIENTED_EDGE('',*,*,#1915,.T.);
#635=ORIENTED_EDGE('',*,*,#1916,.T.);
#636=ORIENTED_EDGE('',*,*,#1917,.T.);
#637=ORIENTED_EDGE('',*,*,#1864,.F.);
#638=ORIENTED_EDGE('',*,*,#1877,.T.);
#639=ORIENTED_EDGE('',*,*,#1918,.F.);
#640=ORIENTED_EDGE('',*,*,#1919,.T.);
#641=ORIENTED_EDGE('',*,*,#1920,.F.);
#642=ORIENTED_EDGE('',*,*,#1884,.T.);
#643=ORIENTED_EDGE('',*,*,#1866,.F.);
#644=ORIENTED_EDGE('',*,*,#1903,.F.);
#645=ORIENTED_EDGE('',*,*,#1921,.F.);
#646=ORIENTED_EDGE('',*,*,#1922,.F.);
#647=ORIENTED_EDGE('',*,*,#1923,.T.);
#648=ORIENTED_EDGE('',*,*,#1902,.F.);
#649=ORIENTED_EDGE('',*,*,#1924,.F.);
#650=ORIENTED_EDGE('',*,*,#1925,.F.);
#651=ORIENTED_EDGE('',*,*,#1921,.T.);
#652=ORIENTED_EDGE('',*,*,#1892,.F.);
#653=ORIENTED_EDGE('',*,*,#1926,.F.);
#654=ORIENTED_EDGE('',*,*,#1927,.F.);
#655=ORIENTED_EDGE('',*,*,#1928,.T.);
#656=ORIENTED_EDGE('',*,*,#1909,.F.);
#657=ORIENTED_EDGE('',*,*,#1929,.F.);
#658=ORIENTED_EDGE('',*,*,#1930,.F.);
#659=ORIENTED_EDGE('',*,*,#1931,.T.);
#660=ORIENTED_EDGE('',*,*,#1908,.F.);
#661=ORIENTED_EDGE('',*,*,#1932,.F.);
#662=ORIENTED_EDGE('',*,*,#1933,.F.);
#663=ORIENTED_EDGE('',*,*,#1929,.T.);
#664=ORIENTED_EDGE('',*,*,#1907,.F.);
#665=ORIENTED_EDGE('',*,*,#1934,.F.);
#666=ORIENTED_EDGE('',*,*,#1935,.F.);
#667=ORIENTED_EDGE('',*,*,#1932,.T.);
#668=ORIENTED_EDGE('',*,*,#1906,.F.);
#669=ORIENTED_EDGE('',*,*,#1936,.F.);
#670=ORIENTED_EDGE('',*,*,#1937,.F.);
#671=ORIENTED_EDGE('',*,*,#1934,.T.);
#672=ORIENTED_EDGE('',*,*,#1870,.F.);
#673=ORIENTED_EDGE('',*,*,#1938,.F.);
#674=ORIENTED_EDGE('',*,*,#1917,.F.);
#675=ORIENTED_EDGE('',*,*,#1936,.T.);
#676=ORIENTED_EDGE('',*,*,#1882,.F.);
#677=ORIENTED_EDGE('',*,*,#1939,.F.);
#678=ORIENTED_EDGE('',*,*,#1865,.F.);
#679=ORIENTED_EDGE('',*,*,#1938,.T.);
#680=ORIENTED_EDGE('',*,*,#1888,.F.);
#681=ORIENTED_EDGE('',*,*,#1940,.F.);
#682=ORIENTED_EDGE('',*,*,#1919,.F.);
#683=ORIENTED_EDGE('',*,*,#1939,.T.);
#684=ORIENTED_EDGE('',*,*,#1905,.F.);
#685=ORIENTED_EDGE('',*,*,#1941,.F.);
#686=ORIENTED_EDGE('',*,*,#1942,.F.);
#687=ORIENTED_EDGE('',*,*,#1940,.T.);
#688=ORIENTED_EDGE('',*,*,#1904,.F.);
#689=ORIENTED_EDGE('',*,*,#1923,.F.);
#690=ORIENTED_EDGE('',*,*,#1943,.F.);
#691=ORIENTED_EDGE('',*,*,#1941,.T.);
#692=ORIENTED_EDGE('',*,*,#1944,.T.);
#693=ORIENTED_EDGE('',*,*,#1710,.F.);
#694=ORIENTED_EDGE('',*,*,#1945,.T.);
#695=ORIENTED_EDGE('',*,*,#1680,.F.);
#696=ORIENTED_EDGE('',*,*,#1946,.T.);
#697=ORIENTED_EDGE('',*,*,#1678,.F.);
#698=ORIENTED_EDGE('',*,*,#1705,.F.);
#699=ORIENTED_EDGE('',*,*,#1712,.F.);
#700=ORIENTED_EDGE('',*,*,#1947,.T.);
#701=ORIENTED_EDGE('',*,*,#1708,.F.);
#702=ORIENTED_EDGE('',*,*,#1703,.T.);
#703=ORIENTED_EDGE('',*,*,#1682,.F.);
#704=ORIENTED_EDGE('',*,*,#1948,.T.);
#705=ORIENTED_EDGE('',*,*,#1732,.T.);
#706=ORIENTED_EDGE('',*,*,#1949,.T.);
#707=ORIENTED_EDGE('',*,*,#1694,.F.);
#708=ORIENTED_EDGE('',*,*,#1950,.T.);
#709=ORIENTED_EDGE('',*,*,#1692,.F.);
#710=ORIENTED_EDGE('',*,*,#1707,.T.);
#711=ORIENTED_EDGE('',*,*,#1734,.T.);
#712=ORIENTED_EDGE('',*,*,#1951,.T.);
#713=ORIENTED_EDGE('',*,*,#1730,.T.);
#714=ORIENTED_EDGE('',*,*,#1701,.T.);
#715=ORIENTED_EDGE('',*,*,#1696,.F.);
#716=ORIENTED_EDGE('',*,*,#1709,.F.);
#717=ORIENTED_EDGE('',*,*,#1952,.F.);
#718=ORIENTED_EDGE('',*,*,#1695,.F.);
#719=ORIENTED_EDGE('',*,*,#1953,.T.);
#720=ORIENTED_EDGE('',*,*,#1947,.F.);
#721=ORIENTED_EDGE('',*,*,#1954,.F.);
#722=ORIENTED_EDGE('',*,*,#1951,.F.);
#723=ORIENTED_EDGE('',*,*,#1952,.T.);
#724=ORIENTED_EDGE('',*,*,#1681,.F.);
#725=ORIENTED_EDGE('',*,*,#1955,.F.);
#726=ORIENTED_EDGE('',*,*,#1731,.T.);
#727=ORIENTED_EDGE('',*,*,#1954,.T.);
#728=ORIENTED_EDGE('',*,*,#1945,.F.);
#729=ORIENTED_EDGE('',*,*,#1953,.F.);
#730=ORIENTED_EDGE('',*,*,#1949,.F.);
#731=ORIENTED_EDGE('',*,*,#1955,.T.);
#732=ORIENTED_EDGE('',*,*,#1711,.F.);
#733=ORIENTED_EDGE('',*,*,#1956,.F.);
#734=ORIENTED_EDGE('',*,*,#1693,.F.);
#735=ORIENTED_EDGE('',*,*,#1957,.T.);
#736=ORIENTED_EDGE('',*,*,#1944,.F.);
#737=ORIENTED_EDGE('',*,*,#1958,.F.);
#738=ORIENTED_EDGE('',*,*,#1948,.F.);
#739=ORIENTED_EDGE('',*,*,#1956,.T.);
#740=ORIENTED_EDGE('',*,*,#1679,.F.);
#741=ORIENTED_EDGE('',*,*,#1959,.F.);
#742=ORIENTED_EDGE('',*,*,#1733,.T.);
#743=ORIENTED_EDGE('',*,*,#1958,.T.);
#744=ORIENTED_EDGE('',*,*,#1946,.F.);
#745=ORIENTED_EDGE('',*,*,#1957,.F.);
#746=ORIENTED_EDGE('',*,*,#1950,.F.);
#747=ORIENTED_EDGE('',*,*,#1959,.T.);
#748=ORIENTED_EDGE('',*,*,#1960,.T.);
#749=ORIENTED_EDGE('',*,*,#1809,.F.);
#750=ORIENTED_EDGE('',*,*,#1804,.F.);
#751=ORIENTED_EDGE('',*,*,#1677,.F.);
#752=ORIENTED_EDGE('',*,*,#1961,.T.);
#753=ORIENTED_EDGE('',*,*,#1735,.T.);
#754=ORIENTED_EDGE('',*,*,#1806,.T.);
#755=ORIENTED_EDGE('',*,*,#1798,.F.);
#756=ORIENTED_EDGE('',*,*,#1962,.T.);
#757=ORIENTED_EDGE('',*,*,#1789,.T.);
#758=ORIENTED_EDGE('',*,*,#1792,.T.);
#759=ORIENTED_EDGE('',*,*,#1963,.T.);
#760=ORIENTED_EDGE('',*,*,#1964,.T.);
#761=ORIENTED_EDGE('',*,*,#1683,.F.);
#762=ORIENTED_EDGE('',*,*,#1793,.T.);
#763=ORIENTED_EDGE('',*,*,#1796,.F.);
#764=ORIENTED_EDGE('',*,*,#1965,.T.);
#765=ORIENTED_EDGE('',*,*,#1963,.F.);
#766=ORIENTED_EDGE('',*,*,#1794,.T.);
#767=ORIENTED_EDGE('',*,*,#1729,.T.);
#768=ORIENTED_EDGE('',*,*,#1966,.T.);
#769=ORIENTED_EDGE('',*,*,#1797,.F.);
#770=ORIENTED_EDGE('',*,*,#1801,.F.);
#771=ORIENTED_EDGE('',*,*,#1808,.F.);
#772=ORIENTED_EDGE('',*,*,#1967,.T.);
#773=ORIENTED_EDGE('',*,*,#1795,.F.);
#774=ORIENTED_EDGE('',*,*,#1786,.F.);
#775=ORIENTED_EDGE('',*,*,#1962,.F.);
#776=ORIENTED_EDGE('',*,*,#1968,.T.);
#777=ORIENTED_EDGE('',*,*,#1824,.T.);
#778=ORIENTED_EDGE('',*,*,#1969,.T.);
#779=ORIENTED_EDGE('',*,*,#1970,.T.);
#780=ORIENTED_EDGE('',*,*,#1971,.T.);
#781=ORIENTED_EDGE('',*,*,#1972,.F.);
#782=ORIENTED_EDGE('',*,*,#1973,.T.);
#783=ORIENTED_EDGE('',*,*,#1974,.T.);
#784=ORIENTED_EDGE('',*,*,#1975,.T.);
#785=ORIENTED_EDGE('',*,*,#1974,.F.);
#786=ORIENTED_EDGE('',*,*,#1976,.T.);
#787=ORIENTED_EDGE('',*,*,#1977,.T.);
#788=ORIENTED_EDGE('',*,*,#1978,.T.);
#789=ORIENTED_EDGE('',*,*,#1977,.F.);
#790=ORIENTED_EDGE('',*,*,#1979,.T.);
#791=ORIENTED_EDGE('',*,*,#1980,.T.);
#792=ORIENTED_EDGE('',*,*,#1981,.T.);
#793=ORIENTED_EDGE('',*,*,#1980,.F.);
#794=ORIENTED_EDGE('',*,*,#1982,.F.);
#795=ORIENTED_EDGE('',*,*,#1983,.T.);
#796=ORIENTED_EDGE('',*,*,#1984,.T.);
#797=ORIENTED_EDGE('',*,*,#1983,.F.);
#798=ORIENTED_EDGE('',*,*,#1985,.T.);
#799=ORIENTED_EDGE('',*,*,#1986,.T.);
#800=ORIENTED_EDGE('',*,*,#1987,.T.);
#801=ORIENTED_EDGE('',*,*,#1988,.T.);
#802=ORIENTED_EDGE('',*,*,#1986,.F.);
#803=ORIENTED_EDGE('',*,*,#1989,.T.);
#804=ORIENTED_EDGE('',*,*,#1990,.T.);
#805=ORIENTED_EDGE('',*,*,#1991,.F.);
#806=ORIENTED_EDGE('',*,*,#1992,.F.);
#807=ORIENTED_EDGE('',*,*,#1843,.F.);
#808=ORIENTED_EDGE('',*,*,#1993,.T.);
#809=ORIENTED_EDGE('',*,*,#1994,.F.);
#810=ORIENTED_EDGE('',*,*,#1995,.F.);
#811=ORIENTED_EDGE('',*,*,#1996,.T.);
#812=ORIENTED_EDGE('',*,*,#1997,.T.);
#813=ORIENTED_EDGE('',*,*,#1996,.F.);
#814=ORIENTED_EDGE('',*,*,#1998,.F.);
#815=ORIENTED_EDGE('',*,*,#1999,.T.);
#816=ORIENTED_EDGE('',*,*,#2000,.T.);
#817=ORIENTED_EDGE('',*,*,#1999,.F.);
#818=ORIENTED_EDGE('',*,*,#2001,.F.);
#819=ORIENTED_EDGE('',*,*,#2002,.T.);
#820=ORIENTED_EDGE('',*,*,#2003,.T.);
#821=ORIENTED_EDGE('',*,*,#2002,.F.);
#822=ORIENTED_EDGE('',*,*,#2004,.F.);
#823=ORIENTED_EDGE('',*,*,#2005,.T.);
#824=ORIENTED_EDGE('',*,*,#2006,.T.);
#825=ORIENTED_EDGE('',*,*,#2005,.F.);
#826=ORIENTED_EDGE('',*,*,#2007,.F.);
#827=ORIENTED_EDGE('',*,*,#2008,.T.);
#828=ORIENTED_EDGE('',*,*,#1967,.F.);
#829=ORIENTED_EDGE('',*,*,#1965,.F.);
#830=ORIENTED_EDGE('',*,*,#1721,.T.);
#831=ORIENTED_EDGE('',*,*,#1964,.F.);
#832=ORIENTED_EDGE('',*,*,#1966,.F.);
#833=ORIENTED_EDGE('',*,*,#1960,.F.);
#834=ORIENTED_EDGE('',*,*,#1738,.T.);
#835=ORIENTED_EDGE('',*,*,#1961,.F.);
#836=ORIENTED_EDGE('',*,*,#2009,.T.);
#837=ORIENTED_EDGE('',*,*,#2010,.T.);
#838=ORIENTED_EDGE('',*,*,#2011,.T.);
#839=ORIENTED_EDGE('',*,*,#2012,.T.);
#840=ORIENTED_EDGE('',*,*,#2013,.T.);
#841=ORIENTED_EDGE('',*,*,#2014,.T.);
#842=ORIENTED_EDGE('',*,*,#1834,.T.);
#843=ORIENTED_EDGE('',*,*,#1844,.T.);
#844=ORIENTED_EDGE('',*,*,#1840,.T.);
#845=ORIENTED_EDGE('',*,*,#1992,.T.);
#846=ORIENTED_EDGE('',*,*,#2015,.T.);
#847=ORIENTED_EDGE('',*,*,#2016,.T.);
#848=ORIENTED_EDGE('',*,*,#2017,.F.);
#849=ORIENTED_EDGE('',*,*,#2007,.T.);
#850=ORIENTED_EDGE('',*,*,#2004,.T.);
#851=ORIENTED_EDGE('',*,*,#2001,.T.);
#852=ORIENTED_EDGE('',*,*,#1998,.T.);
#853=ORIENTED_EDGE('',*,*,#1995,.T.);
#854=ORIENTED_EDGE('',*,*,#2018,.F.);
#855=ORIENTED_EDGE('',*,*,#2019,.T.);
#856=ORIENTED_EDGE('',*,*,#2020,.T.);
#857=ORIENTED_EDGE('',*,*,#2021,.T.);
#858=ORIENTED_EDGE('',*,*,#2022,.T.);
#859=ORIENTED_EDGE('',*,*,#2023,.F.);
#860=ORIENTED_EDGE('',*,*,#2024,.T.);
#861=ORIENTED_EDGE('',*,*,#2025,.F.);
#862=ORIENTED_EDGE('',*,*,#2026,.F.);
#863=ORIENTED_EDGE('',*,*,#2021,.F.);
#864=ORIENTED_EDGE('',*,*,#2027,.T.);
#865=ORIENTED_EDGE('',*,*,#2028,.F.);
#866=ORIENTED_EDGE('',*,*,#2029,.T.);
#867=ORIENTED_EDGE('',*,*,#2030,.T.);
#868=ORIENTED_EDGE('',*,*,#2031,.T.);
#869=ORIENTED_EDGE('',*,*,#2032,.T.);
#870=ORIENTED_EDGE('',*,*,#2033,.T.);
#871=ORIENTED_EDGE('',*,*,#2034,.F.);
#872=ORIENTED_EDGE('',*,*,#2035,.T.);
#873=ORIENTED_EDGE('',*,*,#2036,.F.);
#874=ORIENTED_EDGE('',*,*,#2037,.F.);
#875=ORIENTED_EDGE('',*,*,#2032,.F.);
#876=ORIENTED_EDGE('',*,*,#2038,.T.);
#877=ORIENTED_EDGE('',*,*,#2016,.F.);
#878=ORIENTED_EDGE('',*,*,#2039,.T.);
#879=ORIENTED_EDGE('',*,*,#2040,.T.);
#880=ORIENTED_EDGE('',*,*,#2041,.T.);
#881=ORIENTED_EDGE('',*,*,#2023,.T.);
#882=ORIENTED_EDGE('',*,*,#2042,.F.);
#883=ORIENTED_EDGE('',*,*,#2043,.T.);
#884=ORIENTED_EDGE('',*,*,#2044,.T.);
#885=ORIENTED_EDGE('',*,*,#2034,.T.);
#886=ORIENTED_EDGE('',*,*,#2045,.F.);
#887=ORIENTED_EDGE('',*,*,#2046,.F.);
#888=ORIENTED_EDGE('',*,*,#2047,.T.);
#889=ORIENTED_EDGE('',*,*,#2019,.F.);
#890=ORIENTED_EDGE('',*,*,#2048,.F.);
#891=ORIENTED_EDGE('',*,*,#2049,.F.);
#892=ORIENTED_EDGE('',*,*,#2050,.T.);
#893=ORIENTED_EDGE('',*,*,#2051,.F.);
#894=ORIENTED_EDGE('',*,*,#2052,.F.);
#895=ORIENTED_EDGE('',*,*,#2053,.F.);
#896=ORIENTED_EDGE('',*,*,#2054,.F.);
#897=ORIENTED_EDGE('',*,*,#2050,.F.);
#898=ORIENTED_EDGE('',*,*,#2055,.T.);
#899=ORIENTED_EDGE('',*,*,#2048,.T.);
#900=ORIENTED_EDGE('',*,*,#2022,.F.);
#901=ORIENTED_EDGE('',*,*,#2029,.F.);
#902=ORIENTED_EDGE('',*,*,#2056,.F.);
#903=ORIENTED_EDGE('',*,*,#1972,.T.);
#904=ORIENTED_EDGE('',*,*,#2057,.T.);
#905=ORIENTED_EDGE('',*,*,#2024,.F.);
#906=ORIENTED_EDGE('',*,*,#2041,.F.);
#907=ORIENTED_EDGE('',*,*,#2058,.F.);
#908=ORIENTED_EDGE('',*,*,#2059,.F.);
#909=ORIENTED_EDGE('',*,*,#2042,.T.);
#910=ORIENTED_EDGE('',*,*,#2026,.T.);
#911=ORIENTED_EDGE('',*,*,#2060,.T.);
#912=ORIENTED_EDGE('',*,*,#1970,.F.);
#913=ORIENTED_EDGE('',*,*,#2061,.T.);
#914=ORIENTED_EDGE('',*,*,#2027,.F.);
#915=ORIENTED_EDGE('',*,*,#2020,.F.);
#916=ORIENTED_EDGE('',*,*,#2047,.F.);
#917=ORIENTED_EDGE('',*,*,#2062,.F.);
#918=ORIENTED_EDGE('',*,*,#2052,.T.);
#919=ORIENTED_EDGE('',*,*,#2063,.F.);
#920=ORIENTED_EDGE('',*,*,#2053,.T.);
#921=ORIENTED_EDGE('',*,*,#2040,.F.);
#922=ORIENTED_EDGE('',*,*,#2059,.T.);
#923=ORIENTED_EDGE('',*,*,#2064,.F.);
#924=ORIENTED_EDGE('',*,*,#2065,.T.);
#925=ORIENTED_EDGE('',*,*,#2030,.F.);
#926=ORIENTED_EDGE('',*,*,#2066,.F.);
#927=ORIENTED_EDGE('',*,*,#2067,.F.);
#928=ORIENTED_EDGE('',*,*,#2068,.T.);
#929=ORIENTED_EDGE('',*,*,#2069,.F.);
#930=ORIENTED_EDGE('',*,*,#2070,.F.);
#931=ORIENTED_EDGE('',*,*,#2071,.F.);
#932=ORIENTED_EDGE('',*,*,#2072,.F.);
#933=ORIENTED_EDGE('',*,*,#2068,.F.);
#934=ORIENTED_EDGE('',*,*,#2073,.T.);
#935=ORIENTED_EDGE('',*,*,#2066,.T.);
#936=ORIENTED_EDGE('',*,*,#2033,.F.);
#937=ORIENTED_EDGE('',*,*,#2039,.F.);
#938=ORIENTED_EDGE('',*,*,#2015,.F.);
#939=ORIENTED_EDGE('',*,*,#1991,.T.);
#940=ORIENTED_EDGE('',*,*,#2074,.T.);
#941=ORIENTED_EDGE('',*,*,#2035,.F.);
#942=ORIENTED_EDGE('',*,*,#2044,.F.);
#943=ORIENTED_EDGE('',*,*,#2075,.F.);
#944=ORIENTED_EDGE('',*,*,#2076,.F.);
#945=ORIENTED_EDGE('',*,*,#2045,.T.);
#946=ORIENTED_EDGE('',*,*,#2037,.T.);
#947=ORIENTED_EDGE('',*,*,#2077,.T.);
#948=ORIENTED_EDGE('',*,*,#2008,.F.);
#949=ORIENTED_EDGE('',*,*,#2017,.T.);
#950=ORIENTED_EDGE('',*,*,#2038,.F.);
#951=ORIENTED_EDGE('',*,*,#2031,.F.);
#952=ORIENTED_EDGE('',*,*,#2065,.F.);
#953=ORIENTED_EDGE('',*,*,#2078,.F.);
#954=ORIENTED_EDGE('',*,*,#2070,.T.);
#955=ORIENTED_EDGE('',*,*,#2079,.F.);
#956=ORIENTED_EDGE('',*,*,#2071,.T.);
#957=ORIENTED_EDGE('',*,*,#2043,.F.);
#958=ORIENTED_EDGE('',*,*,#2076,.T.);
#959=ORIENTED_EDGE('',*,*,#2080,.T.);
#960=ORIENTED_EDGE('',*,*,#2018,.T.);
#961=ORIENTED_EDGE('',*,*,#1994,.T.);
#962=ORIENTED_EDGE('',*,*,#2081,.T.);
#963=ORIENTED_EDGE('',*,*,#2082,.T.);
#964=ORIENTED_EDGE('',*,*,#2083,.T.);
#965=ORIENTED_EDGE('',*,*,#2084,.T.);
#966=ORIENTED_EDGE('',*,*,#2085,.T.);
#967=ORIENTED_EDGE('',*,*,#2086,.T.);
#968=ORIENTED_EDGE('',*,*,#2081,.F.);
#969=ORIENTED_EDGE('',*,*,#1993,.F.);
#970=ORIENTED_EDGE('',*,*,#1997,.F.);
#971=ORIENTED_EDGE('',*,*,#2000,.F.);
#972=ORIENTED_EDGE('',*,*,#2003,.F.);
#973=ORIENTED_EDGE('',*,*,#2006,.F.);
#974=ORIENTED_EDGE('',*,*,#2077,.F.);
#975=ORIENTED_EDGE('',*,*,#2036,.T.);
#976=ORIENTED_EDGE('',*,*,#2074,.F.);
#977=ORIENTED_EDGE('',*,*,#1990,.F.);
#978=ORIENTED_EDGE('',*,*,#1842,.T.);
#979=ORIENTED_EDGE('',*,*,#1829,.T.);
#980=ORIENTED_EDGE('',*,*,#1836,.F.);
#981=ORIENTED_EDGE('',*,*,#2087,.F.);
#982=ORIENTED_EDGE('',*,*,#2088,.T.);
#983=ORIENTED_EDGE('',*,*,#2089,.T.);
#984=ORIENTED_EDGE('',*,*,#2090,.T.);
#985=ORIENTED_EDGE('',*,*,#2091,.T.);
#986=ORIENTED_EDGE('',*,*,#2092,.T.);
#987=ORIENTED_EDGE('',*,*,#1989,.F.);
#988=ORIENTED_EDGE('',*,*,#1985,.F.);
#989=ORIENTED_EDGE('',*,*,#1982,.T.);
#990=ORIENTED_EDGE('',*,*,#1979,.F.);
#991=ORIENTED_EDGE('',*,*,#1976,.F.);
#992=ORIENTED_EDGE('',*,*,#1973,.F.);
#993=ORIENTED_EDGE('',*,*,#2056,.T.);
#994=ORIENTED_EDGE('',*,*,#2028,.T.);
#995=ORIENTED_EDGE('',*,*,#2061,.F.);
#996=ORIENTED_EDGE('',*,*,#1969,.F.);
#997=ORIENTED_EDGE('',*,*,#1823,.T.);
#998=ORIENTED_EDGE('',*,*,#1826,.T.);
#999=ORIENTED_EDGE('',*,*,#1850,.T.);
#1000=ORIENTED_EDGE('',*,*,#2093,.F.);
#1001=ORIENTED_EDGE('',*,*,#2094,.T.);
#1002=ORIENTED_EDGE('',*,*,#2095,.T.);
#1003=ORIENTED_EDGE('',*,*,#2096,.T.);
#1004=ORIENTED_EDGE('',*,*,#2097,.T.);
#1005=ORIENTED_EDGE('',*,*,#2098,.T.);
#1006=ORIENTED_EDGE('',*,*,#2099,.F.);
#1007=ORIENTED_EDGE('',*,*,#1848,.T.);
#1008=ORIENTED_EDGE('',*,*,#1818,.T.);
#1009=ORIENTED_EDGE('',*,*,#1825,.F.);
#1010=ORIENTED_EDGE('',*,*,#1968,.F.);
#1011=ORIENTED_EDGE('',*,*,#2060,.F.);
#1012=ORIENTED_EDGE('',*,*,#2025,.T.);
#1013=ORIENTED_EDGE('',*,*,#2057,.F.);
#1014=ORIENTED_EDGE('',*,*,#1971,.F.);
#1015=ORIENTED_EDGE('',*,*,#1975,.F.);
#1016=ORIENTED_EDGE('',*,*,#1978,.F.);
#1017=ORIENTED_EDGE('',*,*,#1981,.F.);
#1018=ORIENTED_EDGE('',*,*,#1984,.F.);
#1019=ORIENTED_EDGE('',*,*,#1988,.F.);
#1020=ORIENTED_EDGE('',*,*,#2100,.F.);
#1021=ORIENTED_EDGE('',*,*,#2101,.F.);
#1022=ORIENTED_EDGE('',*,*,#2086,.F.);
#1023=ORIENTED_EDGE('',*,*,#2102,.F.);
#1024=ORIENTED_EDGE('',*,*,#2101,.T.);
#1025=ORIENTED_EDGE('',*,*,#2103,.T.);
#1026=ORIENTED_EDGE('',*,*,#2104,.F.);
#1027=ORIENTED_EDGE('',*,*,#2080,.F.);
#1028=ORIENTED_EDGE('',*,*,#2105,.T.);
#1029=ORIENTED_EDGE('',*,*,#2106,.T.);
#1030=ORIENTED_EDGE('',*,*,#2107,.F.);
#1031=ORIENTED_EDGE('',*,*,#2103,.F.);
#1032=ORIENTED_EDGE('',*,*,#2108,.F.);
#1033=ORIENTED_EDGE('',*,*,#2109,.F.);
#1034=ORIENTED_EDGE('',*,*,#2110,.F.);
#1035=ORIENTED_EDGE('',*,*,#2111,.T.);
#1036=ORIENTED_EDGE('',*,*,#2102,.T.);
#1037=ORIENTED_EDGE('',*,*,#2087,.T.);
#1038=ORIENTED_EDGE('',*,*,#1835,.F.);
#1039=ORIENTED_EDGE('',*,*,#2014,.F.);
#1040=ORIENTED_EDGE('',*,*,#2112,.T.);
#1041=ORIENTED_EDGE('',*,*,#2113,.T.);
#1042=ORIENTED_EDGE('',*,*,#2105,.F.);
#1043=ORIENTED_EDGE('',*,*,#2100,.T.);
#1044=ORIENTED_EDGE('',*,*,#2111,.F.);
#1045=ORIENTED_EDGE('',*,*,#2114,.T.);
#1046=ORIENTED_EDGE('',*,*,#2115,.F.);
#1047=ORIENTED_EDGE('',*,*,#2108,.T.);
#1048=ORIENTED_EDGE('',*,*,#2013,.F.);
#1049=ORIENTED_EDGE('',*,*,#2104,.T.);
#1050=ORIENTED_EDGE('',*,*,#2116,.F.);
#1051=ORIENTED_EDGE('',*,*,#2117,.T.);
#1052=ORIENTED_EDGE('',*,*,#2098,.F.);
#1053=ORIENTED_EDGE('',*,*,#2118,.T.);
#1054=ORIENTED_EDGE('',*,*,#2119,.F.);
#1055=ORIENTED_EDGE('',*,*,#2120,.T.);
#1056=ORIENTED_EDGE('',*,*,#2121,.F.);
#1057=ORIENTED_EDGE('',*,*,#2122,.F.);
#1058=ORIENTED_EDGE('',*,*,#2118,.F.);
#1059=ORIENTED_EDGE('',*,*,#1987,.F.);
#1060=ORIENTED_EDGE('',*,*,#2123,.F.);
#1061=ORIENTED_EDGE('',*,*,#2120,.F.);
#1062=ORIENTED_EDGE('',*,*,#2124,.T.);
#1063=ORIENTED_EDGE('',*,*,#2125,.T.);
#1064=ORIENTED_EDGE('',*,*,#2126,.T.);
#1065=ORIENTED_EDGE('',*,*,#2116,.T.);
#1066=ORIENTED_EDGE('',*,*,#2119,.T.);
#1067=ORIENTED_EDGE('',*,*,#2127,.T.);
#1068=ORIENTED_EDGE('',*,*,#2128,.F.);
#1069=ORIENTED_EDGE('',*,*,#2129,.F.);
#1070=ORIENTED_EDGE('',*,*,#2093,.T.);
#1071=ORIENTED_EDGE('',*,*,#1849,.T.);
#1072=ORIENTED_EDGE('',*,*,#2099,.T.);
#1073=ORIENTED_EDGE('',*,*,#2117,.F.);
#1074=ORIENTED_EDGE('',*,*,#2126,.F.);
#1075=ORIENTED_EDGE('',*,*,#2130,.T.);
#1076=ORIENTED_EDGE('',*,*,#2131,.F.);
#1077=ORIENTED_EDGE('',*,*,#2123,.T.);
#1078=ORIENTED_EDGE('',*,*,#2092,.F.);
#1079=ORIENTED_EDGE('',*,*,#2129,.T.);
#1080=ORIENTED_EDGE('',*,*,#2132,.F.);
#1081=ORIENTED_EDGE('',*,*,#2133,.F.);
#1082=ORIENTED_EDGE('',*,*,#2134,.F.);
#1083=ORIENTED_EDGE('',*,*,#2135,.F.);
#1084=ORIENTED_EDGE('',*,*,#2136,.F.);
#1085=ORIENTED_EDGE('',*,*,#2137,.F.);
#1086=ORIENTED_EDGE('',*,*,#2138,.F.);
#1087=ORIENTED_EDGE('',*,*,#2133,.T.);
#1088=ORIENTED_EDGE('',*,*,#2139,.F.);
#1089=ORIENTED_EDGE('',*,*,#2140,.T.);
#1090=ORIENTED_EDGE('',*,*,#2141,.F.);
#1091=ORIENTED_EDGE('',*,*,#2142,.F.);
#1092=ORIENTED_EDGE('',*,*,#1782,.F.);
#1093=ORIENTED_EDGE('',*,*,#2143,.F.);
#1094=ORIENTED_EDGE('',*,*,#1763,.F.);
#1095=ORIENTED_EDGE('',*,*,#2144,.T.);
#1096=ORIENTED_EDGE('',*,*,#1757,.F.);
#1097=ORIENTED_EDGE('',*,*,#2145,.T.);
#1098=ORIENTED_EDGE('',*,*,#1740,.F.);
#1099=ORIENTED_EDGE('',*,*,#2146,.F.);
#1100=ORIENTED_EDGE('',*,*,#2147,.F.);
#1101=ORIENTED_EDGE('',*,*,#2148,.T.);
#1102=ORIENTED_EDGE('',*,*,#2149,.F.);
#1103=ORIENTED_EDGE('',*,*,#2140,.F.);
#1104=ORIENTED_EDGE('',*,*,#1783,.F.);
#1105=ORIENTED_EDGE('',*,*,#2144,.F.);
#1106=ORIENTED_EDGE('',*,*,#1766,.F.);
#1107=ORIENTED_EDGE('',*,*,#2150,.T.);
#1108=ORIENTED_EDGE('',*,*,#1760,.F.);
#1109=ORIENTED_EDGE('',*,*,#2151,.T.);
#1110=ORIENTED_EDGE('',*,*,#1741,.F.);
#1111=ORIENTED_EDGE('',*,*,#2145,.F.);
#1112=ORIENTED_EDGE('',*,*,#2152,.F.);
#1113=ORIENTED_EDGE('',*,*,#2153,.T.);
#1114=ORIENTED_EDGE('',*,*,#2154,.F.);
#1115=ORIENTED_EDGE('',*,*,#2137,.T.);
#1116=ORIENTED_EDGE('',*,*,#1758,.F.);
#1117=ORIENTED_EDGE('',*,*,#2146,.T.);
#1118=ORIENTED_EDGE('',*,*,#1743,.F.);
#1119=ORIENTED_EDGE('',*,*,#2155,.F.);
#1120=ORIENTED_EDGE('',*,*,#2156,.F.);
#1121=ORIENTED_EDGE('',*,*,#2142,.T.);
#1122=ORIENTED_EDGE('',*,*,#2157,.F.);
#1123=ORIENTED_EDGE('',*,*,#2158,.F.);
#1124=ORIENTED_EDGE('',*,*,#1785,.F.);
#1125=ORIENTED_EDGE('',*,*,#2159,.F.);
#1126=ORIENTED_EDGE('',*,*,#1764,.F.);
#1127=ORIENTED_EDGE('',*,*,#2143,.T.);
#1128=ORIENTED_EDGE('',*,*,#1759,.F.);
#1129=ORIENTED_EDGE('',*,*,#2155,.T.);
#1130=ORIENTED_EDGE('',*,*,#1742,.F.);
#1131=ORIENTED_EDGE('',*,*,#2151,.F.);
#1132=ORIENTED_EDGE('',*,*,#1784,.F.);
#1133=ORIENTED_EDGE('',*,*,#2150,.F.);
#1134=ORIENTED_EDGE('',*,*,#1765,.F.);
#1135=ORIENTED_EDGE('',*,*,#2159,.T.);
#1136=ORIENTED_EDGE('',*,*,#2160,.T.);
#1137=ORIENTED_EDGE('',*,*,#2161,.F.);
#1138=ORIENTED_EDGE('',*,*,#2158,.T.);
#1139=ORIENTED_EDGE('',*,*,#2162,.F.);
#1140=ORIENTED_EDGE('',*,*,#2163,.T.);
#1141=ORIENTED_EDGE('',*,*,#2164,.F.);
#1142=ORIENTED_EDGE('',*,*,#2135,.T.);
#1143=ORIENTED_EDGE('',*,*,#2165,.F.);
#1144=ORIENTED_EDGE('',*,*,#2147,.T.);
#1145=ORIENTED_EDGE('',*,*,#2139,.T.);
#1146=ORIENTED_EDGE('',*,*,#2156,.T.);
#1147=ORIENTED_EDGE('',*,*,#2161,.T.);
#1148=ORIENTED_EDGE('',*,*,#2166,.T.);
#1149=ORIENTED_EDGE('',*,*,#2167,.T.);
#1150=ORIENTED_EDGE('',*,*,#2046,.T.);
#1151=ORIENTED_EDGE('',*,*,#2055,.F.);
#1152=ORIENTED_EDGE('',*,*,#2049,.T.);
#1153=ORIENTED_EDGE('',*,*,#2062,.T.);
#1154=ORIENTED_EDGE('',*,*,#2149,.T.);
#1155=ORIENTED_EDGE('',*,*,#2168,.T.);
#1156=ORIENTED_EDGE('',*,*,#2169,.T.);
#1157=ORIENTED_EDGE('',*,*,#2162,.T.);
#1158=ORIENTED_EDGE('',*,*,#2157,.T.);
#1159=ORIENTED_EDGE('',*,*,#2141,.T.);
#1160=ORIENTED_EDGE('',*,*,#2063,.T.);
#1161=ORIENTED_EDGE('',*,*,#2058,.T.);
#1162=ORIENTED_EDGE('',*,*,#2051,.T.);
#1163=ORIENTED_EDGE('',*,*,#2054,.T.);
#1164=ORIENTED_EDGE('',*,*,#2152,.T.);
#1165=ORIENTED_EDGE('',*,*,#2136,.T.);
#1166=ORIENTED_EDGE('',*,*,#2132,.T.);
#1167=ORIENTED_EDGE('',*,*,#2164,.T.);
#1168=ORIENTED_EDGE('',*,*,#2170,.T.);
#1169=ORIENTED_EDGE('',*,*,#2171,.T.);
#1170=ORIENTED_EDGE('',*,*,#2064,.T.);
#1171=ORIENTED_EDGE('',*,*,#2073,.F.);
#1172=ORIENTED_EDGE('',*,*,#2067,.T.);
#1173=ORIENTED_EDGE('',*,*,#2078,.T.);
#1174=ORIENTED_EDGE('',*,*,#2154,.T.);
#1175=ORIENTED_EDGE('',*,*,#2172,.T.);
#1176=ORIENTED_EDGE('',*,*,#2173,.T.);
#1177=ORIENTED_EDGE('',*,*,#2165,.T.);
#1178=ORIENTED_EDGE('',*,*,#2134,.T.);
#1179=ORIENTED_EDGE('',*,*,#2138,.T.);
#1180=ORIENTED_EDGE('',*,*,#2079,.T.);
#1181=ORIENTED_EDGE('',*,*,#2075,.T.);
#1182=ORIENTED_EDGE('',*,*,#2069,.T.);
#1183=ORIENTED_EDGE('',*,*,#2072,.T.);
#1184=ORIENTED_EDGE('',*,*,#2174,.T.);
#1185=ORIENTED_EDGE('',*,*,#2168,.F.);
#1186=ORIENTED_EDGE('',*,*,#2148,.F.);
#1187=ORIENTED_EDGE('',*,*,#2167,.F.);
#1188=ORIENTED_EDGE('',*,*,#2175,.T.);
#1189=ORIENTED_EDGE('',*,*,#2172,.F.);
#1190=ORIENTED_EDGE('',*,*,#2153,.F.);
#1191=ORIENTED_EDGE('',*,*,#2171,.F.);
#1192=ORIENTED_EDGE('',*,*,#2176,.T.);
#1193=ORIENTED_EDGE('',*,*,#2177,.T.);
#1194=ORIENTED_EDGE('',*,*,#2178,.T.);
#1195=ORIENTED_EDGE('',*,*,#2179,.T.);
#1196=ORIENTED_EDGE('',*,*,#2180,.F.);
#1197=ORIENTED_EDGE('',*,*,#2181,.T.);
#1198=ORIENTED_EDGE('',*,*,#2166,.F.);
#1199=ORIENTED_EDGE('',*,*,#2182,.F.);
#1200=ORIENTED_EDGE('',*,*,#2183,.F.);
#1201=ORIENTED_EDGE('',*,*,#2184,.T.);
#1202=ORIENTED_EDGE('',*,*,#2178,.F.);
#1203=ORIENTED_EDGE('',*,*,#2185,.F.);
#1204=ORIENTED_EDGE('',*,*,#2186,.F.);
#1205=ORIENTED_EDGE('',*,*,#2179,.F.);
#1206=ORIENTED_EDGE('',*,*,#2184,.F.);
#1207=ORIENTED_EDGE('',*,*,#2187,.T.);
#1208=ORIENTED_EDGE('',*,*,#2182,.T.);
#1209=ORIENTED_EDGE('',*,*,#2160,.F.);
#1210=ORIENTED_EDGE('',*,*,#2180,.T.);
#1211=ORIENTED_EDGE('',*,*,#2187,.F.);
#1212=ORIENTED_EDGE('',*,*,#2183,.T.);
#1213=ORIENTED_EDGE('',*,*,#2188,.T.);
#1214=ORIENTED_EDGE('',*,*,#2177,.F.);
#1215=ORIENTED_EDGE('',*,*,#2189,.F.);
#1216=ORIENTED_EDGE('',*,*,#2174,.F.);
#1217=ORIENTED_EDGE('',*,*,#2181,.F.);
#1218=ORIENTED_EDGE('',*,*,#2188,.F.);
#1219=ORIENTED_EDGE('',*,*,#2185,.T.);
#1220=ORIENTED_EDGE('',*,*,#2176,.F.);
#1221=ORIENTED_EDGE('',*,*,#2186,.T.);
#1222=ORIENTED_EDGE('',*,*,#2169,.F.);
#1223=ORIENTED_EDGE('',*,*,#2189,.T.);
#1224=ORIENTED_EDGE('',*,*,#2190,.T.);
#1225=ORIENTED_EDGE('',*,*,#2191,.T.);
#1226=ORIENTED_EDGE('',*,*,#2192,.T.);
#1227=ORIENTED_EDGE('',*,*,#2193,.T.);
#1228=ORIENTED_EDGE('',*,*,#2194,.F.);
#1229=ORIENTED_EDGE('',*,*,#2195,.T.);
#1230=ORIENTED_EDGE('',*,*,#2170,.F.);
#1231=ORIENTED_EDGE('',*,*,#2196,.F.);
#1232=ORIENTED_EDGE('',*,*,#2197,.F.);
#1233=ORIENTED_EDGE('',*,*,#2198,.T.);
#1234=ORIENTED_EDGE('',*,*,#2192,.F.);
#1235=ORIENTED_EDGE('',*,*,#2199,.F.);
#1236=ORIENTED_EDGE('',*,*,#2200,.F.);
#1237=ORIENTED_EDGE('',*,*,#2193,.F.);
#1238=ORIENTED_EDGE('',*,*,#2198,.F.);
#1239=ORIENTED_EDGE('',*,*,#2201,.T.);
#1240=ORIENTED_EDGE('',*,*,#2196,.T.);
#1241=ORIENTED_EDGE('',*,*,#2163,.F.);
#1242=ORIENTED_EDGE('',*,*,#2194,.T.);
#1243=ORIENTED_EDGE('',*,*,#2201,.F.);
#1244=ORIENTED_EDGE('',*,*,#2197,.T.);
#1245=ORIENTED_EDGE('',*,*,#2202,.T.);
#1246=ORIENTED_EDGE('',*,*,#2191,.F.);
#1247=ORIENTED_EDGE('',*,*,#2203,.F.);
#1248=ORIENTED_EDGE('',*,*,#2175,.F.);
#1249=ORIENTED_EDGE('',*,*,#2195,.F.);
#1250=ORIENTED_EDGE('',*,*,#2202,.F.);
#1251=ORIENTED_EDGE('',*,*,#2199,.T.);
#1252=ORIENTED_EDGE('',*,*,#2190,.F.);
#1253=ORIENTED_EDGE('',*,*,#2200,.T.);
#1254=ORIENTED_EDGE('',*,*,#2173,.F.);
#1255=ORIENTED_EDGE('',*,*,#2203,.T.);
#1256=ORIENTED_EDGE('',*,*,#2204,.T.);
#1257=ORIENTED_EDGE('',*,*,#1893,.F.);
#1258=ORIENTED_EDGE('',*,*,#1928,.F.);
#1259=ORIENTED_EDGE('',*,*,#2205,.F.);
#1260=ORIENTED_EDGE('',*,*,#1895,.F.);
#1261=ORIENTED_EDGE('',*,*,#2206,.T.);
#1262=ORIENTED_EDGE('',*,*,#2207,.F.);
#1263=ORIENTED_EDGE('',*,*,#2208,.F.);
#1264=ORIENTED_EDGE('',*,*,#1894,.F.);
#1265=ORIENTED_EDGE('',*,*,#2204,.F.);
#1266=ORIENTED_EDGE('',*,*,#2209,.F.);
#1267=ORIENTED_EDGE('',*,*,#2206,.F.);
#1268=ORIENTED_EDGE('',*,*,#2210,.T.);
#1269=ORIENTED_EDGE('',*,*,#2211,.F.);
#1270=ORIENTED_EDGE('',*,*,#1924,.T.);
#1271=ORIENTED_EDGE('',*,*,#1901,.F.);
#1272=ORIENTED_EDGE('',*,*,#1899,.F.);
#1273=ORIENTED_EDGE('',*,*,#2212,.T.);
#1274=ORIENTED_EDGE('',*,*,#2213,.F.);
#1275=ORIENTED_EDGE('',*,*,#2214,.F.);
#1276=ORIENTED_EDGE('',*,*,#1900,.F.);
#1277=ORIENTED_EDGE('',*,*,#2214,.T.);
#1278=ORIENTED_EDGE('',*,*,#2215,.F.);
#1279=ORIENTED_EDGE('',*,*,#2210,.F.);
#1280=ORIENTED_EDGE('',*,*,#2216,.T.);
#1281=ORIENTED_EDGE('',*,*,#2217,.F.);
#1282=ORIENTED_EDGE('',*,*,#1926,.T.);
#1283=ORIENTED_EDGE('',*,*,#1891,.F.);
#1284=ORIENTED_EDGE('',*,*,#2218,.T.);
#1285=ORIENTED_EDGE('',*,*,#1910,.F.);
#1286=ORIENTED_EDGE('',*,*,#1931,.F.);
#1287=ORIENTED_EDGE('',*,*,#2219,.F.);
#1288=ORIENTED_EDGE('',*,*,#1912,.F.);
#1289=ORIENTED_EDGE('',*,*,#2220,.T.);
#1290=ORIENTED_EDGE('',*,*,#2221,.F.);
#1291=ORIENTED_EDGE('',*,*,#2222,.F.);
#1292=ORIENTED_EDGE('',*,*,#1911,.F.);
#1293=ORIENTED_EDGE('',*,*,#2218,.F.);
#1294=ORIENTED_EDGE('',*,*,#2223,.F.);
#1295=ORIENTED_EDGE('',*,*,#2220,.F.);
#1296=ORIENTED_EDGE('',*,*,#2224,.T.);
#1297=ORIENTED_EDGE('',*,*,#2225,.T.);
#1298=ORIENTED_EDGE('',*,*,#2226,.T.);
#1299=ORIENTED_EDGE('',*,*,#2227,.T.);
#1300=ORIENTED_EDGE('',*,*,#2228,.T.);
#1301=ORIENTED_EDGE('',*,*,#2221,.T.);
#1302=ORIENTED_EDGE('',*,*,#2223,.T.);
#1303=ORIENTED_EDGE('',*,*,#2219,.T.);
#1304=ORIENTED_EDGE('',*,*,#1930,.T.);
#1305=ORIENTED_EDGE('',*,*,#1933,.T.);
#1306=ORIENTED_EDGE('',*,*,#1935,.T.);
#1307=ORIENTED_EDGE('',*,*,#1937,.T.);
#1308=ORIENTED_EDGE('',*,*,#1918,.T.);
#1309=ORIENTED_EDGE('',*,*,#1880,.T.);
#1310=ORIENTED_EDGE('',*,*,#1854,.T.);
#1311=ORIENTED_EDGE('',*,*,#1857,.T.);
#1312=ORIENTED_EDGE('',*,*,#1851,.T.);
#1313=ORIENTED_EDGE('',*,*,#1827,.T.);
#1314=ORIENTED_EDGE('',*,*,#1817,.T.);
#1315=ORIENTED_EDGE('',*,*,#1845,.T.);
#1316=ORIENTED_EDGE('',*,*,#1839,.T.);
#1317=ORIENTED_EDGE('',*,*,#1863,.T.);
#1318=ORIENTED_EDGE('',*,*,#1860,.T.);
#1319=ORIENTED_EDGE('',*,*,#1885,.T.);
#1320=ORIENTED_EDGE('',*,*,#1920,.T.);
#1321=ORIENTED_EDGE('',*,*,#1942,.T.);
#1322=ORIENTED_EDGE('',*,*,#1943,.T.);
#1323=ORIENTED_EDGE('',*,*,#1922,.T.);
#1324=ORIENTED_EDGE('',*,*,#1925,.T.);
#1325=ORIENTED_EDGE('',*,*,#2211,.T.);
#1326=ORIENTED_EDGE('',*,*,#2215,.T.);
#1327=ORIENTED_EDGE('',*,*,#2213,.T.);
#1328=ORIENTED_EDGE('',*,*,#2229,.T.);
#1329=ORIENTED_EDGE('',*,*,#2230,.T.);
#1330=ORIENTED_EDGE('',*,*,#2231,.T.);
#1331=ORIENTED_EDGE('',*,*,#2207,.T.);
#1332=ORIENTED_EDGE('',*,*,#2209,.T.);
#1333=ORIENTED_EDGE('',*,*,#2205,.T.);
#1334=ORIENTED_EDGE('',*,*,#1927,.T.);
#1335=ORIENTED_EDGE('',*,*,#2217,.T.);
#1336=ORIENTED_EDGE('',*,*,#1916,.F.);
#1337=ORIENTED_EDGE('',*,*,#2232,.T.);
#1338=ORIENTED_EDGE('',*,*,#2225,.F.);
#1339=ORIENTED_EDGE('',*,*,#2233,.F.);
#1340=ORIENTED_EDGE('',*,*,#1890,.F.);
#1341=ORIENTED_EDGE('',*,*,#2233,.T.);
#1342=ORIENTED_EDGE('',*,*,#2224,.F.);
#1343=ORIENTED_EDGE('',*,*,#2216,.F.);
#1344=ORIENTED_EDGE('',*,*,#2234,.T.);
#1345=ORIENTED_EDGE('',*,*,#2235,.T.);
#1346=ORIENTED_EDGE('',*,*,#2236,.T.);
#1347=ORIENTED_EDGE('',*,*,#2237,.T.);
#1348=ORIENTED_EDGE('',*,*,#2238,.F.);
#1349=ORIENTED_EDGE('',*,*,#2239,.T.);
#1350=ORIENTED_EDGE('',*,*,#1897,.F.);
#1351=ORIENTED_EDGE('',*,*,#2240,.F.);
#1352=ORIENTED_EDGE('',*,*,#2238,.T.);
#1353=ORIENTED_EDGE('',*,*,#2241,.F.);
#1354=ORIENTED_EDGE('',*,*,#2242,.T.);
#1355=ORIENTED_EDGE('',*,*,#2243,.T.);
#1356=ORIENTED_EDGE('',*,*,#2234,.F.);
#1357=ORIENTED_EDGE('',*,*,#2244,.T.);
#1358=ORIENTED_EDGE('',*,*,#2230,.F.);
#1359=ORIENTED_EDGE('',*,*,#2245,.T.);
#1360=ORIENTED_EDGE('',*,*,#2246,.T.);
#1361=ORIENTED_EDGE('',*,*,#2247,.T.);
#1362=ORIENTED_EDGE('',*,*,#2248,.T.);
#1363=ORIENTED_EDGE('',*,*,#2249,.T.);
#1364=ORIENTED_EDGE('',*,*,#2250,.F.);
#1365=ORIENTED_EDGE('',*,*,#2251,.T.);
#1366=ORIENTED_EDGE('',*,*,#1914,.F.);
#1367=ORIENTED_EDGE('',*,*,#2252,.F.);
#1368=ORIENTED_EDGE('',*,*,#2250,.T.);
#1369=ORIENTED_EDGE('',*,*,#2253,.F.);
#1370=ORIENTED_EDGE('',*,*,#2254,.T.);
#1371=ORIENTED_EDGE('',*,*,#2255,.T.);
#1372=ORIENTED_EDGE('',*,*,#2246,.F.);
#1373=ORIENTED_EDGE('',*,*,#2256,.T.);
#1374=ORIENTED_EDGE('',*,*,#2227,.F.);
#1375=ORIENTED_EDGE('',*,*,#2257,.T.);
#1376=ORIENTED_EDGE('',*,*,#2258,.T.);
#1377=ORIENTED_EDGE('',*,*,#2259,.T.);
#1378=ORIENTED_EDGE('',*,*,#2260,.T.);
#1379=ORIENTED_EDGE('',*,*,#2261,.T.);
#1380=ORIENTED_EDGE('',*,*,#2262,.F.);
#1381=ORIENTED_EDGE('',*,*,#2263,.T.);
#1382=ORIENTED_EDGE('',*,*,#2242,.F.);
#1383=ORIENTED_EDGE('',*,*,#2264,.F.);
#1384=ORIENTED_EDGE('',*,*,#2265,.F.);
#1385=ORIENTED_EDGE('',*,*,#2266,.T.);
#1386=ORIENTED_EDGE('',*,*,#2260,.F.);
#1387=ORIENTED_EDGE('',*,*,#2267,.F.);
#1388=ORIENTED_EDGE('',*,*,#2268,.F.);
#1389=ORIENTED_EDGE('',*,*,#2261,.F.);
#1390=ORIENTED_EDGE('',*,*,#2266,.F.);
#1391=ORIENTED_EDGE('',*,*,#2269,.T.);
#1392=ORIENTED_EDGE('',*,*,#2264,.T.);
#1393=ORIENTED_EDGE('',*,*,#2241,.T.);
#1394=ORIENTED_EDGE('',*,*,#2240,.T.);
#1395=ORIENTED_EDGE('',*,*,#1896,.F.);
#1396=ORIENTED_EDGE('',*,*,#2208,.T.);
#1397=ORIENTED_EDGE('',*,*,#2231,.F.);
#1398=ORIENTED_EDGE('',*,*,#2244,.F.);
#1399=ORIENTED_EDGE('',*,*,#2237,.F.);
#1400=ORIENTED_EDGE('',*,*,#2262,.T.);
#1401=ORIENTED_EDGE('',*,*,#2269,.F.);
#1402=ORIENTED_EDGE('',*,*,#2265,.T.);
#1403=ORIENTED_EDGE('',*,*,#2270,.T.);
#1404=ORIENTED_EDGE('',*,*,#2259,.F.);
#1405=ORIENTED_EDGE('',*,*,#2271,.F.);
#1406=ORIENTED_EDGE('',*,*,#2235,.F.);
#1407=ORIENTED_EDGE('',*,*,#2245,.F.);
#1408=ORIENTED_EDGE('',*,*,#2229,.F.);
#1409=ORIENTED_EDGE('',*,*,#2212,.F.);
#1410=ORIENTED_EDGE('',*,*,#1898,.F.);
#1411=ORIENTED_EDGE('',*,*,#2239,.F.);
#1412=ORIENTED_EDGE('',*,*,#2243,.F.);
#1413=ORIENTED_EDGE('',*,*,#2263,.F.);
#1414=ORIENTED_EDGE('',*,*,#2270,.F.);
#1415=ORIENTED_EDGE('',*,*,#2267,.T.);
#1416=ORIENTED_EDGE('',*,*,#2258,.F.);
#1417=ORIENTED_EDGE('',*,*,#2268,.T.);
#1418=ORIENTED_EDGE('',*,*,#2236,.F.);
#1419=ORIENTED_EDGE('',*,*,#2271,.T.);
#1420=ORIENTED_EDGE('',*,*,#2272,.T.);
#1421=ORIENTED_EDGE('',*,*,#2273,.T.);
#1422=ORIENTED_EDGE('',*,*,#2274,.T.);
#1423=ORIENTED_EDGE('',*,*,#2275,.T.);
#1424=ORIENTED_EDGE('',*,*,#2276,.F.);
#1425=ORIENTED_EDGE('',*,*,#2277,.T.);
#1426=ORIENTED_EDGE('',*,*,#2254,.F.);
#1427=ORIENTED_EDGE('',*,*,#2278,.F.);
#1428=ORIENTED_EDGE('',*,*,#2279,.F.);
#1429=ORIENTED_EDGE('',*,*,#2280,.T.);
#1430=ORIENTED_EDGE('',*,*,#2274,.F.);
#1431=ORIENTED_EDGE('',*,*,#2281,.F.);
#1432=ORIENTED_EDGE('',*,*,#2282,.F.);
#1433=ORIENTED_EDGE('',*,*,#2275,.F.);
#1434=ORIENTED_EDGE('',*,*,#2280,.F.);
#1435=ORIENTED_EDGE('',*,*,#2283,.T.);
#1436=ORIENTED_EDGE('',*,*,#2278,.T.);
#1437=ORIENTED_EDGE('',*,*,#2253,.T.);
#1438=ORIENTED_EDGE('',*,*,#2252,.T.);
#1439=ORIENTED_EDGE('',*,*,#1913,.F.);
#1440=ORIENTED_EDGE('',*,*,#2222,.T.);
#1441=ORIENTED_EDGE('',*,*,#2228,.F.);
#1442=ORIENTED_EDGE('',*,*,#2256,.F.);
#1443=ORIENTED_EDGE('',*,*,#2249,.F.);
#1444=ORIENTED_EDGE('',*,*,#2276,.T.);
#1445=ORIENTED_EDGE('',*,*,#2283,.F.);
#1446=ORIENTED_EDGE('',*,*,#2279,.T.);
#1447=ORIENTED_EDGE('',*,*,#2284,.T.);
#1448=ORIENTED_EDGE('',*,*,#2273,.F.);
#1449=ORIENTED_EDGE('',*,*,#2285,.F.);
#1450=ORIENTED_EDGE('',*,*,#2247,.F.);
#1451=ORIENTED_EDGE('',*,*,#2257,.F.);
#1452=ORIENTED_EDGE('',*,*,#2226,.F.);
#1453=ORIENTED_EDGE('',*,*,#2232,.F.);
#1454=ORIENTED_EDGE('',*,*,#1915,.F.);
#1455=ORIENTED_EDGE('',*,*,#2251,.F.);
#1456=ORIENTED_EDGE('',*,*,#2255,.F.);
#1457=ORIENTED_EDGE('',*,*,#2277,.F.);
#1458=ORIENTED_EDGE('',*,*,#2284,.F.);
#1459=ORIENTED_EDGE('',*,*,#2281,.T.);
#1460=ORIENTED_EDGE('',*,*,#2272,.F.);
#1461=ORIENTED_EDGE('',*,*,#2282,.T.);
#1462=ORIENTED_EDGE('',*,*,#2248,.F.);
#1463=ORIENTED_EDGE('',*,*,#2285,.T.);
#1464=ORIENTED_EDGE('',*,*,#2286,.T.);
#1465=ORIENTED_EDGE('',*,*,#2287,.F.);
#1466=ORIENTED_EDGE('',*,*,#2288,.F.);
#1467=ORIENTED_EDGE('',*,*,#2289,.T.);
#1468=ORIENTED_EDGE('',*,*,#2290,.T.);
#1469=ORIENTED_EDGE('',*,*,#2291,.F.);
#1470=ORIENTED_EDGE('',*,*,#2091,.F.);
#1471=ORIENTED_EDGE('',*,*,#2292,.T.);
#1472=ORIENTED_EDGE('',*,*,#2288,.T.);
#1473=ORIENTED_EDGE('',*,*,#2293,.F.);
#1474=ORIENTED_EDGE('',*,*,#2294,.F.);
#1475=ORIENTED_EDGE('',*,*,#2295,.T.);
#1476=ORIENTED_EDGE('',*,*,#2287,.T.);
#1477=ORIENTED_EDGE('',*,*,#2296,.T.);
#1478=ORIENTED_EDGE('',*,*,#2297,.F.);
#1479=ORIENTED_EDGE('',*,*,#2298,.F.);
#1480=ORIENTED_EDGE('',*,*,#2299,.T.);
#1481=ORIENTED_EDGE('',*,*,#2094,.F.);
#1482=ORIENTED_EDGE('',*,*,#2300,.F.);
#1483=ORIENTED_EDGE('',*,*,#2296,.F.);
#1484=ORIENTED_EDGE('',*,*,#2291,.T.);
#1485=ORIENTED_EDGE('',*,*,#2301,.T.);
#1486=ORIENTED_EDGE('',*,*,#2302,.F.);
#1487=ORIENTED_EDGE('',*,*,#2088,.F.);
#1488=ORIENTED_EDGE('',*,*,#2303,.T.);
#1489=ORIENTED_EDGE('',*,*,#2304,.T.);
#1490=ORIENTED_EDGE('',*,*,#2305,.F.);
#1491=ORIENTED_EDGE('',*,*,#2301,.F.);
#1492=ORIENTED_EDGE('',*,*,#2306,.F.);
#1493=ORIENTED_EDGE('',*,*,#2307,.F.);
#1494=ORIENTED_EDGE('',*,*,#2308,.F.);
#1495=ORIENTED_EDGE('',*,*,#2304,.F.);
#1496=ORIENTED_EDGE('',*,*,#2309,.T.);
#1497=ORIENTED_EDGE('',*,*,#2310,.T.);
#1498=ORIENTED_EDGE('',*,*,#2311,.T.);
#1499=ORIENTED_EDGE('',*,*,#2294,.T.);
#1500=ORIENTED_EDGE('',*,*,#2293,.T.);
#1501=ORIENTED_EDGE('',*,*,#2298,.T.);
#1502=ORIENTED_EDGE('',*,*,#2312,.F.);
#1503=ORIENTED_EDGE('',*,*,#2309,.F.);
#1504=ORIENTED_EDGE('',*,*,#2297,.T.);
#1505=ORIENTED_EDGE('',*,*,#2313,.T.);
#1506=ORIENTED_EDGE('',*,*,#2314,.F.);
#1507=ORIENTED_EDGE('',*,*,#2315,.F.);
#1508=ORIENTED_EDGE('',*,*,#2300,.T.);
#1509=ORIENTED_EDGE('',*,*,#2097,.F.);
#1510=ORIENTED_EDGE('',*,*,#2316,.F.);
#1511=ORIENTED_EDGE('',*,*,#2313,.F.);
#1512=ORIENTED_EDGE('',*,*,#2302,.T.);
#1513=ORIENTED_EDGE('',*,*,#2317,.T.);
#1514=ORIENTED_EDGE('',*,*,#2318,.F.);
#1515=ORIENTED_EDGE('',*,*,#2089,.F.);
#1516=ORIENTED_EDGE('',*,*,#2305,.T.);
#1517=ORIENTED_EDGE('',*,*,#2308,.T.);
#1518=ORIENTED_EDGE('',*,*,#2319,.F.);
#1519=ORIENTED_EDGE('',*,*,#2317,.F.);
#1520=ORIENTED_EDGE('',*,*,#2312,.T.);
#1521=ORIENTED_EDGE('',*,*,#2315,.T.);
#1522=ORIENTED_EDGE('',*,*,#2320,.F.);
#1523=ORIENTED_EDGE('',*,*,#2310,.F.);
#1524=ORIENTED_EDGE('',*,*,#2314,.T.);
#1525=ORIENTED_EDGE('',*,*,#2321,.T.);
#1526=ORIENTED_EDGE('',*,*,#2289,.F.);
#1527=ORIENTED_EDGE('',*,*,#2322,.F.);
#1528=ORIENTED_EDGE('',*,*,#2316,.T.);
#1529=ORIENTED_EDGE('',*,*,#2096,.F.);
#1530=ORIENTED_EDGE('',*,*,#2323,.F.);
#1531=ORIENTED_EDGE('',*,*,#2321,.F.);
#1532=ORIENTED_EDGE('',*,*,#2318,.T.);
#1533=ORIENTED_EDGE('',*,*,#2324,.T.);
#1534=ORIENTED_EDGE('',*,*,#2292,.F.);
#1535=ORIENTED_EDGE('',*,*,#2090,.F.);
#1536=ORIENTED_EDGE('',*,*,#2319,.T.);
#1537=ORIENTED_EDGE('',*,*,#2307,.T.);
#1538=ORIENTED_EDGE('',*,*,#2325,.F.);
#1539=ORIENTED_EDGE('',*,*,#2324,.F.);
#1540=ORIENTED_EDGE('',*,*,#2320,.T.);
#1541=ORIENTED_EDGE('',*,*,#2322,.T.);
#1542=ORIENTED_EDGE('',*,*,#2295,.F.);
#1543=ORIENTED_EDGE('',*,*,#2311,.F.);
#1544=ORIENTED_EDGE('',*,*,#2323,.T.);
#1545=ORIENTED_EDGE('',*,*,#2095,.F.);
#1546=ORIENTED_EDGE('',*,*,#2299,.F.);
#1547=ORIENTED_EDGE('',*,*,#2286,.F.);
#1548=ORIENTED_EDGE('',*,*,#2325,.T.);
#1549=ORIENTED_EDGE('',*,*,#2306,.T.);
#1550=ORIENTED_EDGE('',*,*,#2303,.F.);
#1551=ORIENTED_EDGE('',*,*,#2290,.F.);
#1552=ORIENTED_EDGE('',*,*,#2326,.T.);
#1553=ORIENTED_EDGE('',*,*,#2327,.T.);
#1554=ORIENTED_EDGE('',*,*,#2121,.T.);
#1555=ORIENTED_EDGE('',*,*,#2131,.T.);
#1556=ORIENTED_EDGE('',*,*,#2128,.T.);
#1557=ORIENTED_EDGE('',*,*,#2328,.T.);
#1558=ORIENTED_EDGE('',*,*,#2329,.T.);
#1559=ORIENTED_EDGE('',*,*,#2328,.F.);
#1560=ORIENTED_EDGE('',*,*,#2130,.F.);
#1561=ORIENTED_EDGE('',*,*,#2125,.F.);
#1562=ORIENTED_EDGE('',*,*,#2330,.T.);
#1563=ORIENTED_EDGE('',*,*,#2127,.F.);
#1564=ORIENTED_EDGE('',*,*,#2122,.T.);
#1565=ORIENTED_EDGE('',*,*,#2327,.F.);
#1566=ORIENTED_EDGE('',*,*,#2326,.F.);
#1567=ORIENTED_EDGE('',*,*,#2329,.F.);
#1568=ORIENTED_EDGE('',*,*,#2124,.F.);
#1569=ORIENTED_EDGE('',*,*,#2330,.F.);
#1570=ORIENTED_EDGE('',*,*,#2331,.F.);
#1571=ORIENTED_EDGE('',*,*,#2332,.F.);
#1572=ORIENTED_EDGE('',*,*,#2333,.T.);
#1573=ORIENTED_EDGE('',*,*,#2334,.T.);
#1574=ORIENTED_EDGE('',*,*,#2335,.F.);
#1575=ORIENTED_EDGE('',*,*,#2336,.F.);
#1576=ORIENTED_EDGE('',*,*,#2009,.F.);
#1577=ORIENTED_EDGE('',*,*,#2337,.T.);
#1578=ORIENTED_EDGE('',*,*,#2333,.F.);
#1579=ORIENTED_EDGE('',*,*,#2338,.F.);
#1580=ORIENTED_EDGE('',*,*,#2339,.T.);
#1581=ORIENTED_EDGE('',*,*,#2340,.T.);
#1582=ORIENTED_EDGE('',*,*,#2334,.F.);
#1583=ORIENTED_EDGE('',*,*,#2341,.T.);
#1584=ORIENTED_EDGE('',*,*,#2342,.T.);
#1585=ORIENTED_EDGE('',*,*,#2343,.F.);
#1586=ORIENTED_EDGE('',*,*,#2344,.F.);
#1587=ORIENTED_EDGE('',*,*,#2343,.T.);
#1588=ORIENTED_EDGE('',*,*,#2345,.T.);
#1589=ORIENTED_EDGE('',*,*,#2083,.F.);
#1590=ORIENTED_EDGE('',*,*,#2337,.F.);
#1591=ORIENTED_EDGE('',*,*,#2012,.F.);
#1592=ORIENTED_EDGE('',*,*,#2346,.T.);
#1593=ORIENTED_EDGE('',*,*,#2347,.F.);
#1594=ORIENTED_EDGE('',*,*,#2348,.F.);
#1595=ORIENTED_EDGE('',*,*,#2347,.T.);
#1596=ORIENTED_EDGE('',*,*,#2349,.T.);
#1597=ORIENTED_EDGE('',*,*,#2350,.F.);
#1598=ORIENTED_EDGE('',*,*,#2351,.T.);
#1599=ORIENTED_EDGE('',*,*,#2350,.T.);
#1600=ORIENTED_EDGE('',*,*,#2352,.T.);
#1601=ORIENTED_EDGE('',*,*,#2353,.T.);
#1602=ORIENTED_EDGE('',*,*,#2354,.F.);
#1603=ORIENTED_EDGE('',*,*,#2339,.F.);
#1604=ORIENTED_EDGE('',*,*,#2355,.F.);
#1605=ORIENTED_EDGE('',*,*,#2356,.F.);
#1606=ORIENTED_EDGE('',*,*,#2340,.F.);
#1607=ORIENTED_EDGE('',*,*,#2354,.T.);
#1608=ORIENTED_EDGE('',*,*,#2357,.T.);
#1609=ORIENTED_EDGE('',*,*,#2341,.F.);
#1610=ORIENTED_EDGE('',*,*,#2342,.F.);
#1611=ORIENTED_EDGE('',*,*,#2358,.T.);
#1612=ORIENTED_EDGE('',*,*,#2359,.T.);
#1613=ORIENTED_EDGE('',*,*,#2360,.F.);
#1614=ORIENTED_EDGE('',*,*,#2345,.F.);
#1615=ORIENTED_EDGE('',*,*,#2360,.T.);
#1616=ORIENTED_EDGE('',*,*,#2361,.T.);
#1617=ORIENTED_EDGE('',*,*,#2084,.F.);
#1618=ORIENTED_EDGE('',*,*,#2346,.F.);
#1619=ORIENTED_EDGE('',*,*,#2011,.F.);
#1620=ORIENTED_EDGE('',*,*,#2362,.T.);
#1621=ORIENTED_EDGE('',*,*,#2363,.F.);
#1622=ORIENTED_EDGE('',*,*,#2349,.F.);
#1623=ORIENTED_EDGE('',*,*,#2363,.T.);
#1624=ORIENTED_EDGE('',*,*,#2364,.T.);
#1625=ORIENTED_EDGE('',*,*,#2352,.F.);
#1626=ORIENTED_EDGE('',*,*,#2357,.F.);
#1627=ORIENTED_EDGE('',*,*,#2356,.T.);
#1628=ORIENTED_EDGE('',*,*,#2365,.T.);
#1629=ORIENTED_EDGE('',*,*,#2358,.F.);
#1630=ORIENTED_EDGE('',*,*,#2359,.F.);
#1631=ORIENTED_EDGE('',*,*,#2366,.T.);
#1632=ORIENTED_EDGE('',*,*,#2332,.T.);
#1633=ORIENTED_EDGE('',*,*,#2367,.F.);
#1634=ORIENTED_EDGE('',*,*,#2361,.F.);
#1635=ORIENTED_EDGE('',*,*,#2367,.T.);
#1636=ORIENTED_EDGE('',*,*,#2368,.T.);
#1637=ORIENTED_EDGE('',*,*,#2085,.F.);
#1638=ORIENTED_EDGE('',*,*,#2362,.F.);
#1639=ORIENTED_EDGE('',*,*,#2010,.F.);
#1640=ORIENTED_EDGE('',*,*,#2336,.T.);
#1641=ORIENTED_EDGE('',*,*,#2369,.F.);
#1642=ORIENTED_EDGE('',*,*,#2364,.F.);
#1643=ORIENTED_EDGE('',*,*,#2369,.T.);
#1644=ORIENTED_EDGE('',*,*,#2370,.T.);
#1645=ORIENTED_EDGE('',*,*,#2353,.F.);
#1646=ORIENTED_EDGE('',*,*,#2365,.F.);
#1647=ORIENTED_EDGE('',*,*,#2355,.T.);
#1648=ORIENTED_EDGE('',*,*,#2338,.T.);
#1649=ORIENTED_EDGE('',*,*,#2366,.F.);
#1650=ORIENTED_EDGE('',*,*,#2368,.F.);
#1651=ORIENTED_EDGE('',*,*,#2331,.T.);
#1652=ORIENTED_EDGE('',*,*,#2344,.T.);
#1653=ORIENTED_EDGE('',*,*,#2082,.F.);
#1654=ORIENTED_EDGE('',*,*,#2370,.F.);
#1655=ORIENTED_EDGE('',*,*,#2335,.T.);
#1656=ORIENTED_EDGE('',*,*,#2348,.T.);
#1657=ORIENTED_EDGE('',*,*,#2351,.F.);
#1658=ORIENTED_EDGE('',*,*,#2371,.T.);
#1659=ORIENTED_EDGE('',*,*,#2372,.T.);
#1660=ORIENTED_EDGE('',*,*,#2109,.T.);
#1661=ORIENTED_EDGE('',*,*,#2115,.T.);
#1662=ORIENTED_EDGE('',*,*,#2107,.T.);
#1663=ORIENTED_EDGE('',*,*,#2373,.T.);
#1664=ORIENTED_EDGE('',*,*,#2374,.T.);
#1665=ORIENTED_EDGE('',*,*,#2373,.F.);
#1666=ORIENTED_EDGE('',*,*,#2106,.F.);
#1667=ORIENTED_EDGE('',*,*,#2113,.F.);
#1668=ORIENTED_EDGE('',*,*,#2375,.T.);
#1669=ORIENTED_EDGE('',*,*,#2114,.F.);
#1670=ORIENTED_EDGE('',*,*,#2110,.T.);
#1671=ORIENTED_EDGE('',*,*,#2372,.F.);
#1672=ORIENTED_EDGE('',*,*,#2371,.F.);
#1673=ORIENTED_EDGE('',*,*,#2374,.F.);
#1674=ORIENTED_EDGE('',*,*,#2112,.F.);
#1675=ORIENTED_EDGE('',*,*,#2375,.F.);
#1676=EDGE_CURVE('',#2376,#2377,#2808,.T.);
#1677=EDGE_CURVE('',#2377,#2378,#2809,.T.);
#1678=EDGE_CURVE('',#2378,#2379,#2810,.T.);
#1679=EDGE_CURVE('',#2379,#2380,#2811,.T.);
#1680=EDGE_CURVE('',#2380,#2381,#2812,.T.);
#1681=EDGE_CURVE('',#2381,#2382,#2813,.T.);
#1682=EDGE_CURVE('',#2382,#2383,#2814,.T.);
#1683=EDGE_CURVE('',#2383,#2384,#2815,.T.);
#1684=EDGE_CURVE('',#2384,#2385,#2816,.T.);
#1685=EDGE_CURVE('',#2385,#2386,#2817,.T.);
#1686=EDGE_CURVE('',#2386,#2387,#2818,.T.);
#1687=EDGE_CURVE('',#2387,#2388,#2819,.T.);
#1688=EDGE_CURVE('',#2388,#2389,#2820,.T.);
#1689=EDGE_CURVE('',#2389,#2390,#2821,.T.);
#1690=EDGE_CURVE('',#2390,#2391,#2822,.T.);
#1691=EDGE_CURVE('',#2391,#2376,#2823,.T.);
#1692=EDGE_CURVE('',#2392,#2393,#2824,.T.);
#1693=EDGE_CURVE('',#2393,#2394,#2825,.T.);
#1694=EDGE_CURVE('',#2394,#2395,#2826,.T.);
#1695=EDGE_CURVE('',#2395,#2396,#2827,.T.);
#1696=EDGE_CURVE('',#2396,#2397,#2828,.T.);
#1697=EDGE_CURVE('',#2397,#2398,#2829,.T.);
#1698=EDGE_CURVE('',#2398,#2399,#2830,.T.);
#1699=EDGE_CURVE('',#2399,#2392,#2831,.T.);
#1700=EDGE_CURVE('',#2397,#2400,#2832,.T.);
#1701=EDGE_CURVE('',#2401,#2397,#136,.T.);
#1702=EDGE_CURVE('',#2401,#2383,#2833,.T.);
#1703=EDGE_CURVE('',#2400,#2383,#137,.T.);
#1704=EDGE_CURVE('',#2402,#2392,#2834,.T.);
#1705=EDGE_CURVE('',#2402,#2378,#138,.T.);
#1706=EDGE_CURVE('',#2403,#2378,#2835,.T.);
#1707=EDGE_CURVE('',#2392,#2403,#139,.T.);
#1708=EDGE_CURVE('',#2400,#2404,#2836,.T.);
#1709=EDGE_CURVE('',#2404,#2405,#2837,.T.);
#1710=EDGE_CURVE('',#2405,#2406,#2838,.T.);
#1711=EDGE_CURVE('',#2406,#2407,#2839,.T.);
#1712=EDGE_CURVE('',#2407,#2402,#2840,.T.);
#1713=EDGE_CURVE('',#2408,#2402,#2841,.T.);
#1714=EDGE_CURVE('',#2408,#2409,#2842,.T.);
#1715=EDGE_CURVE('',#2409,#2400,#2843,.T.);
#1716=EDGE_CURVE('',#2385,#2410,#2844,.T.);
#1717=EDGE_CURVE('',#2411,#2410,#2845,.T.);
#1718=EDGE_CURVE('',#2386,#2411,#2846,.T.);
#1719=EDGE_CURVE('',#2412,#2411,#2847,.T.);
#1720=EDGE_CURVE('',#2387,#2412,#2848,.T.);
#1721=EDGE_CURVE('',#2413,#2384,#2849,.T.);
#1722=EDGE_CURVE('',#2410,#2413,#2850,.T.);
#1723=EDGE_CURVE('',#2414,#2415,#2851,.T.);
#1724=EDGE_CURVE('',#2415,#2416,#2852,.T.);
#1725=EDGE_CURVE('',#2416,#2417,#2853,.T.);
#1726=EDGE_CURVE('',#2418,#2417,#2854,.T.);
#1727=EDGE_CURVE('',#2419,#2418,#2855,.T.);
#1728=EDGE_CURVE('',#2412,#2419,#2856,.T.);
#1729=EDGE_CURVE('',#2401,#2413,#2857,.T.);
#1730=EDGE_CURVE('',#2420,#2401,#2858,.T.);
#1731=EDGE_CURVE('',#2421,#2420,#2859,.T.);
#1732=EDGE_CURVE('',#2422,#2421,#2860,.T.);
#1733=EDGE_CURVE('',#2423,#2422,#2861,.T.);
#1734=EDGE_CURVE('',#2403,#2423,#2862,.T.);
#1735=EDGE_CURVE('',#2414,#2403,#2863,.T.);
#1736=EDGE_CURVE('',#2391,#2416,#2864,.T.);
#1737=EDGE_CURVE('',#2376,#2415,#2865,.T.);
#1738=EDGE_CURVE('',#2377,#2414,#2866,.T.);
#1739=EDGE_CURVE('',#2417,#2390,#2867,.T.);
#1740=EDGE_CURVE('',#2424,#2425,#2868,.T.);
#1741=EDGE_CURVE('',#2425,#2426,#2869,.T.);
#1742=EDGE_CURVE('',#2426,#2427,#2870,.T.);
#1743=EDGE_CURVE('',#2427,#2424,#2871,.T.);
#1744=EDGE_CURVE('',#2428,#2429,#2872,.T.);
#1745=EDGE_CURVE('',#2429,#2430,#2873,.T.);
#1746=EDGE_CURVE('',#2430,#2431,#2874,.T.);
#1747=EDGE_CURVE('',#2431,#2428,#2875,.T.);
#1748=EDGE_CURVE('',#2432,#2433,#2876,.T.);
#1749=EDGE_CURVE('',#2432,#2408,#140,.T.);
#1750=EDGE_CURVE('',#2402,#2433,#50,.T.);
#1751=EDGE_CURVE('',#2434,#2435,#2877,.T.);
#1752=EDGE_CURVE('',#2434,#2431,#2878,.T.);
#1753=EDGE_CURVE('',#2435,#2430,#2879,.T.);
#1754=EDGE_CURVE('',#2433,#2434,#2880,.T.);
#1755=EDGE_CURVE('',#2433,#2428,#2881,.T.);
#1756=EDGE_CURVE('',#2428,#2392,#51,.T.);
#1757=EDGE_CURVE('',#2436,#2437,#2882,.T.);
#1758=EDGE_CURVE('',#2437,#2438,#2883,.T.);
#1759=EDGE_CURVE('',#2438,#2439,#2884,.T.);
#1760=EDGE_CURVE('',#2439,#2436,#2885,.T.);
#1761=EDGE_CURVE('',#2435,#2432,#2886,.T.);
#1762=EDGE_CURVE('',#2399,#2429,#141,.T.);
#1763=EDGE_CURVE('',#2440,#2441,#2887,.T.);
#1764=EDGE_CURVE('',#2441,#2442,#2888,.T.);
#1765=EDGE_CURVE('',#2442,#2443,#2889,.T.);
#1766=EDGE_CURVE('',#2443,#2440,#2890,.T.);
#1767=EDGE_CURVE('',#2444,#2445,#2891,.T.);
#1768=EDGE_CURVE('',#2445,#2446,#2892,.T.);
#1769=EDGE_CURVE('',#2446,#2447,#2893,.T.);
#1770=EDGE_CURVE('',#2447,#2444,#2894,.T.);
#1771=EDGE_CURVE('',#2448,#2449,#2895,.T.);
#1772=EDGE_CURVE('',#2400,#2448,#52,.T.);
#1773=EDGE_CURVE('',#2449,#2409,#142,.T.);
#1774=EDGE_CURVE('',#2450,#2451,#2896,.T.);
#1775=EDGE_CURVE('',#2450,#2447,#2897,.T.);
#1776=EDGE_CURVE('',#2451,#2446,#2898,.T.);
#1777=EDGE_CURVE('',#2448,#2445,#2899,.T.);
#1778=EDGE_CURVE('',#2397,#2445,#53,.T.);
#1779=EDGE_CURVE('',#2448,#2451,#2900,.T.);
#1780=EDGE_CURVE('',#2444,#2398,#143,.T.);
#1781=EDGE_CURVE('',#2450,#2449,#2901,.T.);
#1782=EDGE_CURVE('',#2452,#2453,#2902,.T.);
#1783=EDGE_CURVE('',#2453,#2454,#2903,.T.);
#1784=EDGE_CURVE('',#2454,#2455,#2904,.T.);
#1785=EDGE_CURVE('',#2455,#2452,#2905,.T.);
#1786=EDGE_CURVE('',#2456,#2457,#2906,.T.);
#1787=EDGE_CURVE('',#2458,#2457,#2907,.T.);
#1788=EDGE_CURVE('',#2458,#2459,#2908,.T.);
#1789=EDGE_CURVE('',#2456,#2459,#2909,.T.);
#1790=EDGE_CURVE('',#2460,#2458,#2910,.T.);
#1791=EDGE_CURVE('',#2460,#2461,#2911,.T.);
#1792=EDGE_CURVE('',#2459,#2461,#2912,.T.);
#1793=EDGE_CURVE('',#2383,#2460,#54,.T.);
#1794=EDGE_CURVE('',#2461,#2401,#55,.T.);
#1795=EDGE_CURVE('',#2457,#2462,#2913,.T.);
#1796=EDGE_CURVE('',#2462,#2460,#2914,.T.);
#1797=EDGE_CURVE('',#2463,#2464,#2915,.T.);
#1798=EDGE_CURVE('',#2464,#2465,#2916,.T.);
#1799=EDGE_CURVE('',#2465,#2466,#2917,.T.);
#1800=EDGE_CURVE('',#2466,#2463,#2918,.T.);
#1801=EDGE_CURVE('',#2467,#2463,#2919,.T.);
#1802=EDGE_CURVE('',#2468,#2466,#2920,.T.);
#1803=EDGE_CURVE('',#2467,#2468,#2921,.T.);
#1804=EDGE_CURVE('',#2378,#2469,#56,.T.);
#1805=EDGE_CURVE('',#2469,#2465,#2922,.T.);
#1806=EDGE_CURVE('',#2403,#2465,#57,.T.);
#1807=EDGE_CURVE('',#2469,#2468,#2923,.T.);
#1808=EDGE_CURVE('',#2470,#2467,#2924,.T.);
#1809=EDGE_CURVE('',#2469,#2470,#2925,.T.);
#1810=EDGE_CURVE('',#2471,#2472,#2926,.T.);
#1811=EDGE_CURVE('',#2471,#2389,#144,.T.);
#1812=EDGE_CURVE('',#2472,#2388,#145,.T.);
#1813=EDGE_CURVE('',#2473,#2471,#2927,.T.);
#1814=EDGE_CURVE('',#2418,#2473,#146,.T.);
#1815=EDGE_CURVE('',#2472,#2474,#2928,.T.);
#1816=EDGE_CURVE('',#2474,#2419,#147,.T.);
#1817=EDGE_CURVE('',#2474,#2473,#2929,.T.);
#1818=EDGE_CURVE('',#2475,#2476,#2930,.T.);
#1819=EDGE_CURVE('',#2475,#2477,#148,.T.);
#1820=EDGE_CURVE('',#2477,#2472,#2931,.T.);
#1821=EDGE_CURVE('',#2476,#2472,#149,.T.);
#1822=EDGE_CURVE('',#2478,#2474,#150,.T.);
#1823=EDGE_CURVE('',#2479,#2478,#2932,.T.);
#1824=EDGE_CURVE('',#2480,#2479,#2933,.T.);
#1825=EDGE_CURVE('',#2480,#2476,#2934,.T.);
#1826=EDGE_CURVE('',#2478,#2481,#2935,.T.);
#1827=EDGE_CURVE('',#2482,#2474,#2936,.T.);
#1828=EDGE_CURVE('',#2482,#2481,#151,.T.);
#1829=EDGE_CURVE('',#2483,#2484,#2937,.T.);
#1830=EDGE_CURVE('',#2483,#2471,#152,.T.);
#1831=EDGE_CURVE('',#2485,#2471,#2938,.T.);
#1832=EDGE_CURVE('',#2484,#2485,#153,.T.);
#1833=EDGE_CURVE('',#2486,#2487,#154,.T.);
#1834=EDGE_CURVE('',#2488,#2486,#2939,.T.);
#1835=EDGE_CURVE('',#2488,#2489,#2940,.T.);
#1836=EDGE_CURVE('',#2489,#2484,#2941,.T.);
#1837=EDGE_CURVE('',#2490,#2485,#2942,.T.);
#1838=EDGE_CURVE('',#2490,#2491,#2943,.T.);
#1839=EDGE_CURVE('',#2487,#2491,#2944,.T.);
#1840=EDGE_CURVE('',#2492,#2493,#2945,.T.);
#1841=EDGE_CURVE('',#2473,#2492,#155,.T.);
#1842=EDGE_CURVE('',#2494,#2483,#2946,.T.);
#1843=EDGE_CURVE('',#2494,#2493,#2947,.T.);
#1844=EDGE_CURVE('',#2486,#2492,#2948,.T.);
#1845=EDGE_CURVE('',#2473,#2487,#2949,.T.);
#1846=EDGE_CURVE('',#2495,#2496,#2950,.T.);
#1847=EDGE_CURVE('',#2477,#2496,#2951,.T.);
#1848=EDGE_CURVE('',#2497,#2475,#2952,.T.);
#1849=EDGE_CURVE('',#2498,#2497,#2953,.T.);
#1850=EDGE_CURVE('',#2481,#2498,#2954,.T.);
#1851=EDGE_CURVE('',#2495,#2482,#2955,.T.);
#1852=EDGE_CURVE('',#2499,#2500,#2956,.T.);
#1853=EDGE_CURVE('',#2499,#2501,#2957,.T.);
#1854=EDGE_CURVE('',#2502,#2501,#2958,.T.);
#1855=EDGE_CURVE('',#2500,#2502,#2959,.T.);
#1856=EDGE_CURVE('',#2496,#2499,#2960,.T.);
#1857=EDGE_CURVE('',#2501,#2495,#2961,.T.);
#1858=EDGE_CURVE('',#2503,#2504,#2962,.T.);
#1859=EDGE_CURVE('',#2503,#2505,#2963,.T.);
#1860=EDGE_CURVE('',#2506,#2505,#2964,.T.);
#1861=EDGE_CURVE('',#2504,#2506,#2965,.T.);
#1862=EDGE_CURVE('',#2504,#2490,#2966,.T.);
#1863=EDGE_CURVE('',#2491,#2506,#2967,.T.);
#1864=EDGE_CURVE('',#2507,#2508,#2968,.T.);
#1865=EDGE_CURVE('',#2508,#2509,#2969,.T.);
#1866=EDGE_CURVE('',#2509,#2510,#2970,.T.);
#1867=EDGE_CURVE('',#2510,#2511,#2971,.T.);
#1868=EDGE_CURVE('',#2511,#2512,#2972,.T.);
#1869=EDGE_CURVE('',#2512,#2507,#2973,.T.);
#1870=EDGE_CURVE('',#2513,#2514,#58,.T.);
#1871=EDGE_CURVE('',#2515,#2514,#2974,.T.);
#1872=EDGE_CURVE('',#2516,#2515,#156,.T.);
#1873=EDGE_CURVE('',#2513,#2516,#2975,.T.);
#1874=EDGE_CURVE('',#2517,#2518,#2976,.T.);
#1875=EDGE_CURVE('',#2517,#2512,#2977,.T.);
#1876=EDGE_CURVE('',#2518,#2511,#2978,.T.);
#1877=EDGE_CURVE('',#2507,#2519,#157,.T.);
#1878=EDGE_CURVE('',#2517,#2516,#2979,.T.);
#1879=EDGE_CURVE('',#2500,#2515,#2980,.T.);
#1880=EDGE_CURVE('',#2519,#2502,#2981,.T.);
#1881=EDGE_CURVE('',#2520,#2521,#2982,.T.);
#1882=EDGE_CURVE('',#2521,#2513,#2983,.T.);
#1883=EDGE_CURVE('',#2518,#2520,#2984,.T.);
#1884=EDGE_CURVE('',#2522,#2510,#158,.T.);
#1885=EDGE_CURVE('',#2505,#2522,#2985,.T.);
#1886=EDGE_CURVE('',#2523,#2503,#2986,.T.);
#1887=EDGE_CURVE('',#2520,#2523,#159,.T.);
#1888=EDGE_CURVE('',#2524,#2521,#59,.T.);
#1889=EDGE_CURVE('',#2524,#2523,#2987,.T.);
#1890=EDGE_CURVE('',#2525,#2526,#2988,.T.);
#1891=EDGE_CURVE('',#2526,#2527,#2989,.T.);
#1892=EDGE_CURVE('',#2527,#2528,#2990,.T.);
#1893=EDGE_CURVE('',#2528,#2529,#2991,.T.);
#1894=EDGE_CURVE('',#2529,#2530,#2992,.T.);
#1895=EDGE_CURVE('',#2530,#2531,#2993,.T.);
#1896=EDGE_CURVE('',#2531,#2532,#2994,.T.);
#1897=EDGE_CURVE('',#2532,#2533,#2995,.T.);
#1898=EDGE_CURVE('',#2533,#2534,#2996,.T.);
#1899=EDGE_CURVE('',#2534,#2535,#2997,.T.);
#1900=EDGE_CURVE('',#2535,#2536,#2998,.T.);
#1901=EDGE_CURVE('',#2536,#2537,#2999,.T.);
#1902=EDGE_CURVE('',#2537,#2538,#3000,.T.);
#1903=EDGE_CURVE('',#2538,#2539,#3001,.T.);
#1904=EDGE_CURVE('',#2539,#2540,#3002,.T.);
#1905=EDGE_CURVE('',#2540,#2524,#3003,.T.);
#1906=EDGE_CURVE('',#2514,#2541,#3004,.T.);
#1907=EDGE_CURVE('',#2541,#2542,#3005,.T.);
#1908=EDGE_CURVE('',#2542,#2543,#3006,.T.);
#1909=EDGE_CURVE('',#2543,#2544,#3007,.T.);
#1910=EDGE_CURVE('',#2544,#2545,#3008,.T.);
#1911=EDGE_CURVE('',#2545,#2546,#3009,.T.);
#1912=EDGE_CURVE('',#2546,#2547,#3010,.T.);
#1913=EDGE_CURVE('',#2547,#2548,#3011,.T.);
#1914=EDGE_CURVE('',#2548,#2549,#3012,.T.);
#1915=EDGE_CURVE('',#2549,#2550,#3013,.T.);
#1916=EDGE_CURVE('',#2550,#2525,#3014,.T.);
#1917=EDGE_CURVE('',#2551,#2508,#60,.T.);
#1918=EDGE_CURVE('',#2551,#2519,#3015,.T.);
#1919=EDGE_CURVE('',#2509,#2552,#61,.T.);
#1920=EDGE_CURVE('',#2522,#2552,#3016,.T.);
#1921=EDGE_CURVE('',#2553,#2538,#3017,.T.);
#1922=EDGE_CURVE('',#2554,#2553,#3018,.T.);
#1923=EDGE_CURVE('',#2554,#2539,#3019,.T.);
#1924=EDGE_CURVE('',#2555,#2537,#3020,.T.);
#1925=EDGE_CURVE('',#2553,#2555,#3021,.T.);
#1926=EDGE_CURVE('',#2556,#2527,#3022,.T.);
#1927=EDGE_CURVE('',#2557,#2556,#3023,.T.);
#1928=EDGE_CURVE('',#2557,#2528,#3024,.T.);
#1929=EDGE_CURVE('',#2558,#2543,#3025,.T.);
#1930=EDGE_CURVE('',#2559,#2558,#3026,.T.);
#1931=EDGE_CURVE('',#2559,#2544,#3027,.T.);
#1932=EDGE_CURVE('',#2560,#2542,#3028,.T.);
#1933=EDGE_CURVE('',#2558,#2560,#3029,.T.);
#1934=EDGE_CURVE('',#2561,#2541,#3030,.T.);
#1935=EDGE_CURVE('',#2560,#2561,#3031,.T.);
#1936=EDGE_CURVE('',#2551,#2514,#3032,.T.);
#1937=EDGE_CURVE('',#2561,#2551,#3033,.T.);
#1938=EDGE_CURVE('',#2508,#2513,#3034,.T.);
#1939=EDGE_CURVE('',#2509,#2521,#3035,.T.);
#1940=EDGE_CURVE('',#2552,#2524,#3036,.T.);
#1941=EDGE_CURVE('',#2562,#2540,#3037,.T.);
#1942=EDGE_CURVE('',#2552,#2562,#3038,.T.);
#1943=EDGE_CURVE('',#2562,#2554,#3039,.T.);
#1944=EDGE_CURVE('',#2380,#2406,#160,.T.);
#1945=EDGE_CURVE('',#2405,#2381,#161,.T.);
#1946=EDGE_CURVE('',#2407,#2379,#162,.T.);
#1947=EDGE_CURVE('',#2382,#2404,#163,.T.);
#1948=EDGE_CURVE('',#2394,#2422,#164,.T.);
#1949=EDGE_CURVE('',#2421,#2395,#165,.T.);
#1950=EDGE_CURVE('',#2423,#2393,#166,.T.);
#1951=EDGE_CURVE('',#2396,#2420,#167,.T.);
#1952=EDGE_CURVE('',#2396,#2404,#3040,.T.);
#1953=EDGE_CURVE('',#2395,#2405,#3041,.T.);
#1954=EDGE_CURVE('',#2420,#2382,#3042,.T.);
#1955=EDGE_CURVE('',#2421,#2381,#3043,.T.);
#1956=EDGE_CURVE('',#2394,#2406,#3044,.T.);
#1957=EDGE_CURVE('',#2393,#2407,#3045,.T.);
#1958=EDGE_CURVE('',#2422,#2380,#3046,.T.);
#1959=EDGE_CURVE('',#2423,#2379,#3047,.T.);
#1960=EDGE_CURVE('',#2377,#2470,#62,.T.);
#1961=EDGE_CURVE('',#2464,#2414,#63,.T.);
#1962=EDGE_CURVE('',#2563,#2456,#3048,.T.);
#1963=EDGE_CURVE('',#2461,#2563,#3049,.T.);
#1964=EDGE_CURVE('',#2462,#2384,#64,.T.);
#1965=EDGE_CURVE('',#2413,#2563,#65,.T.);
#1966=EDGE_CURVE('',#2470,#2464,#3050,.T.);
#1967=EDGE_CURVE('',#2563,#2462,#3051,.T.);
#1968=EDGE_CURVE('',#2564,#2480,#3052,.T.);
#1969=EDGE_CURVE('',#2479,#2565,#3053,.T.);
#1970=EDGE_CURVE('',#2565,#2564,#3054,.T.);
#1971=EDGE_CURVE('',#2566,#2567,#3055,.T.);
#1972=EDGE_CURVE('',#2568,#2567,#3056,.T.);
#1973=EDGE_CURVE('',#2568,#2569,#3057,.T.);
#1974=EDGE_CURVE('',#2569,#2566,#3058,.T.);
#1975=EDGE_CURVE('',#2570,#2566,#3059,.T.);
#1976=EDGE_CURVE('',#2569,#2571,#3060,.T.);
#1977=EDGE_CURVE('',#2571,#2570,#3061,.T.);
#1978=EDGE_CURVE('',#2572,#2570,#3062,.T.);
#1979=EDGE_CURVE('',#2571,#2573,#3063,.T.);
#1980=EDGE_CURVE('',#2573,#2572,#3064,.T.);
#1981=EDGE_CURVE('',#2574,#2572,#168,.T.);
#1982=EDGE_CURVE('',#2575,#2573,#169,.T.);
#1983=EDGE_CURVE('',#2575,#2574,#3065,.T.);
#1984=EDGE_CURVE('',#2576,#2574,#3066,.T.);
#1985=EDGE_CURVE('',#2575,#2577,#3067,.T.);
#1986=EDGE_CURVE('',#2577,#2576,#3068,.T.);
#1987=EDGE_CURVE('',#2578,#2579,#3069,.T.);
#1988=EDGE_CURVE('',#2579,#2576,#170,.T.);
#1989=EDGE_CURVE('',#2577,#2578,#171,.T.);
#1990=EDGE_CURVE('',#2494,#2580,#3070,.T.);
#1991=EDGE_CURVE('',#2581,#2580,#3071,.T.);
#1992=EDGE_CURVE('',#2493,#2581,#3072,.T.);
#1993=EDGE_CURVE('',#2582,#2583,#3073,.T.);
#1994=EDGE_CURVE('',#2584,#2583,#3074,.T.);
#1995=EDGE_CURVE('',#2585,#2584,#3075,.T.);
#1996=EDGE_CURVE('',#2585,#2582,#3076,.T.);
#1997=EDGE_CURVE('',#2586,#2582,#172,.T.);
#1998=EDGE_CURVE('',#2587,#2585,#173,.T.);
#1999=EDGE_CURVE('',#2587,#2586,#3077,.T.);
#2000=EDGE_CURVE('',#2588,#2586,#3078,.T.);
#2001=EDGE_CURVE('',#2589,#2587,#3079,.T.);
#2002=EDGE_CURVE('',#2589,#2588,#3080,.T.);
#2003=EDGE_CURVE('',#2590,#2588,#3081,.T.);
#2004=EDGE_CURVE('',#2591,#2589,#3082,.T.);
#2005=EDGE_CURVE('',#2591,#2590,#3083,.T.);
#2006=EDGE_CURVE('',#2592,#2590,#3084,.T.);
#2007=EDGE_CURVE('',#2593,#2591,#3085,.T.);
#2008=EDGE_CURVE('',#2593,#2592,#3086,.T.);
#2009=EDGE_CURVE('',#2594,#2595,#3087,.T.);
#2010=EDGE_CURVE('',#2595,#2596,#174,.T.);
#2011=EDGE_CURVE('',#2596,#2597,#3088,.T.);
#2012=EDGE_CURVE('',#2597,#2594,#175,.T.);
#2013=EDGE_CURVE('',#2598,#2599,#3089,.T.);
#2014=EDGE_CURVE('',#2599,#2488,#3090,.T.);
#2015=EDGE_CURVE('',#2581,#2600,#3091,.T.);
#2016=EDGE_CURVE('',#2600,#2601,#3092,.T.);
#2017=EDGE_CURVE('',#2593,#2601,#3093,.T.);
#2018=EDGE_CURVE('',#2598,#2584,#176,.T.);
#2019=EDGE_CURVE('',#2602,#2603,#3094,.T.);
#2020=EDGE_CURVE('',#2603,#2604,#3095,.T.);
#2021=EDGE_CURVE('',#2604,#2605,#3096,.T.);
#2022=EDGE_CURVE('',#2605,#2602,#3097,.T.);
#2023=EDGE_CURVE('',#2606,#2607,#3098,.T.);
#2024=EDGE_CURVE('',#2606,#2608,#177,.T.);
#2025=EDGE_CURVE('',#2609,#2608,#3099,.T.);
#2026=EDGE_CURVE('',#2607,#2609,#178,.T.);
#2027=EDGE_CURVE('',#2604,#2610,#179,.T.);
#2028=EDGE_CURVE('',#2611,#2610,#3100,.T.);
#2029=EDGE_CURVE('',#2611,#2605,#180,.T.);
#2030=EDGE_CURVE('',#2612,#2613,#3101,.T.);
#2031=EDGE_CURVE('',#2613,#2614,#3102,.T.);
#2032=EDGE_CURVE('',#2614,#2615,#3103,.T.);
#2033=EDGE_CURVE('',#2615,#2612,#3104,.T.);
#2034=EDGE_CURVE('',#2616,#2617,#3105,.T.);
#2035=EDGE_CURVE('',#2616,#2618,#181,.T.);
#2036=EDGE_CURVE('',#2619,#2618,#3106,.T.);
#2037=EDGE_CURVE('',#2617,#2619,#182,.T.);
#2038=EDGE_CURVE('',#2614,#2601,#183,.T.);
#2039=EDGE_CURVE('',#2600,#2615,#184,.T.);
#2040=EDGE_CURVE('',#2620,#2621,#3107,.T.);
#2041=EDGE_CURVE('',#2621,#2606,#3108,.T.);
#2042=EDGE_CURVE('',#2620,#2607,#3109,.T.);
#2043=EDGE_CURVE('',#2622,#2623,#3110,.T.);
#2044=EDGE_CURVE('',#2623,#2616,#3111,.T.);
#2045=EDGE_CURVE('',#2622,#2617,#3112,.T.);
#2046=EDGE_CURVE('',#2624,#2625,#3113,.T.);
#2047=EDGE_CURVE('',#2624,#2603,#185,.T.);
#2048=EDGE_CURVE('',#2625,#2602,#186,.T.);
#2049=EDGE_CURVE('',#2626,#2627,#3114,.T.);
#2050=EDGE_CURVE('',#2626,#2628,#3115,.T.);
#2051=EDGE_CURVE('',#2629,#2628,#3116,.T.);
#2052=EDGE_CURVE('',#2627,#2629,#3117,.T.);
#2053=EDGE_CURVE('',#2630,#2621,#187,.T.);
#2054=EDGE_CURVE('',#2628,#2630,#3118,.T.);
#2055=EDGE_CURVE('',#2626,#2625,#3119,.T.);
#2056=EDGE_CURVE('',#2568,#2611,#3120,.T.);
#2057=EDGE_CURVE('',#2567,#2608,#3121,.T.);
#2058=EDGE_CURVE('',#2631,#2629,#3122,.T.);
#2059=EDGE_CURVE('',#2620,#2631,#188,.T.);
#2060=EDGE_CURVE('',#2609,#2564,#3123,.T.);
#2061=EDGE_CURVE('',#2565,#2610,#3124,.T.);
#2062=EDGE_CURVE('',#2627,#2624,#3125,.T.);
#2063=EDGE_CURVE('',#2630,#2631,#3126,.T.);
#2064=EDGE_CURVE('',#2632,#2633,#3127,.T.);
#2065=EDGE_CURVE('',#2632,#2613,#189,.T.);
#2066=EDGE_CURVE('',#2633,#2612,#190,.T.);
#2067=EDGE_CURVE('',#2634,#2635,#3128,.T.);
#2068=EDGE_CURVE('',#2634,#2636,#3129,.T.);
#2069=EDGE_CURVE('',#2637,#2636,#3130,.T.);
#2070=EDGE_CURVE('',#2635,#2637,#3131,.T.);
#2071=EDGE_CURVE('',#2638,#2623,#191,.T.);
#2072=EDGE_CURVE('',#2636,#2638,#3132,.T.);
#2073=EDGE_CURVE('',#2634,#2633,#3133,.T.);
#2074=EDGE_CURVE('',#2580,#2618,#3134,.T.);
#2075=EDGE_CURVE('',#2639,#2637,#3135,.T.);
#2076=EDGE_CURVE('',#2622,#2639,#192,.T.);
#2077=EDGE_CURVE('',#2619,#2592,#3136,.T.);
#2078=EDGE_CURVE('',#2635,#2632,#3137,.T.);
#2079=EDGE_CURVE('',#2638,#2639,#3138,.T.);
#2080=EDGE_CURVE('',#2640,#2598,#3139,.T.);
#2081=EDGE_CURVE('',#2583,#2640,#193,.T.);
#2082=EDGE_CURVE('',#2641,#2642,#3140,.T.);
#2083=EDGE_CURVE('',#2642,#2643,#194,.T.);
#2084=EDGE_CURVE('',#2643,#2644,#3141,.T.);
#2085=EDGE_CURVE('',#2644,#2641,#195,.T.);
#2086=EDGE_CURVE('',#2645,#2640,#3142,.T.);
#2087=EDGE_CURVE('',#2645,#2489,#3143,.T.);
#2088=EDGE_CURVE('',#2646,#2647,#196,.T.);
#2089=EDGE_CURVE('',#2647,#2648,#3144,.T.);
#2090=EDGE_CURVE('',#2648,#2649,#197,.T.);
#2091=EDGE_CURVE('',#2649,#2646,#3145,.T.);
#2092=EDGE_CURVE('',#2650,#2578,#3146,.T.);
#2093=EDGE_CURVE('',#2650,#2498,#3147,.T.);
#2094=EDGE_CURVE('',#2651,#2652,#198,.T.);
#2095=EDGE_CURVE('',#2652,#2653,#3148,.T.);
#2096=EDGE_CURVE('',#2653,#2654,#199,.T.);
#2097=EDGE_CURVE('',#2654,#2651,#3149,.T.);
#2098=EDGE_CURVE('',#2579,#2655,#3150,.T.);
#2099=EDGE_CURVE('',#2497,#2655,#3151,.T.);
#2100=EDGE_CURVE('',#2656,#2657,#3152,.T.);
#2101=EDGE_CURVE('',#2640,#2656,#66,.T.);
#2102=EDGE_CURVE('',#2657,#2645,#200,.T.);
#2103=EDGE_CURVE('',#2656,#2658,#3153,.T.);
#2104=EDGE_CURVE('',#2598,#2658,#67,.T.);
#2105=EDGE_CURVE('',#2656,#2659,#3154,.T.);
#2106=EDGE_CURVE('',#2659,#2660,#3155,.T.);
#2107=EDGE_CURVE('',#2658,#2660,#3156,.T.);
#2108=EDGE_CURVE('',#2661,#2599,#201,.T.);
#2109=EDGE_CURVE('',#2662,#2661,#3157,.T.);
#2110=EDGE_CURVE('',#2663,#2662,#3158,.T.);
#2111=EDGE_CURVE('',#2663,#2657,#3159,.T.);
#2112=EDGE_CURVE('',#2664,#2665,#202,.T.);
#2113=EDGE_CURVE('',#2665,#2659,#3160,.T.);
#2114=EDGE_CURVE('',#2663,#2664,#3161,.T.);
#2115=EDGE_CURVE('',#2661,#2658,#3162,.T.);
#2116=EDGE_CURVE('',#2666,#2667,#3163,.T.);
#2117=EDGE_CURVE('',#2666,#2655,#203,.T.);
#2118=EDGE_CURVE('',#2579,#2667,#68,.T.);
#2119=EDGE_CURVE('',#2667,#2668,#3164,.T.);
#2120=EDGE_CURVE('',#2667,#2669,#3165,.T.);
#2121=EDGE_CURVE('',#2670,#2669,#3166,.T.);
#2122=EDGE_CURVE('',#2668,#2670,#3167,.T.);
#2123=EDGE_CURVE('',#2669,#2578,#69,.T.);
#2124=EDGE_CURVE('',#2671,#2672,#204,.T.);
#2125=EDGE_CURVE('',#2672,#2673,#3168,.T.);
#2126=EDGE_CURVE('',#2673,#2666,#3169,.T.);
#2127=EDGE_CURVE('',#2668,#2671,#3170,.T.);
#2128=EDGE_CURVE('',#2674,#2675,#3171,.T.);
#2129=EDGE_CURVE('',#2650,#2674,#205,.T.);
#2130=EDGE_CURVE('',#2673,#2675,#3172,.T.);
#2131=EDGE_CURVE('',#2669,#2674,#3173,.T.);
#2132=EDGE_CURVE('',#2676,#2677,#3174,.T.);
#2133=EDGE_CURVE('',#2678,#2676,#3175,.T.);
#2134=EDGE_CURVE('',#2679,#2678,#3176,.T.);
#2135=EDGE_CURVE('',#2677,#2679,#3177,.T.);
#2136=EDGE_CURVE('',#2680,#2676,#3178,.T.);
#2137=EDGE_CURVE('',#2681,#2680,#3179,.T.);
#2138=EDGE_CURVE('',#2678,#2681,#3180,.T.);
#2139=EDGE_CURVE('',#2682,#2683,#3181,.T.);
#2140=EDGE_CURVE('',#2682,#2684,#3182,.T.);
#2141=EDGE_CURVE('',#2685,#2684,#3183,.T.);
#2142=EDGE_CURVE('',#2683,#2685,#3184,.T.);
#2143=EDGE_CURVE('',#2441,#2452,#3185,.T.);
#2144=EDGE_CURVE('',#2440,#2453,#3186,.T.);
#2145=EDGE_CURVE('',#2436,#2425,#3187,.T.);
#2146=EDGE_CURVE('',#2437,#2424,#3188,.T.);
#2147=EDGE_CURVE('',#2686,#2682,#3189,.T.);
#2148=EDGE_CURVE('',#2686,#2687,#3190,.T.);
#2149=EDGE_CURVE('',#2684,#2687,#3191,.T.);
#2150=EDGE_CURVE('',#2443,#2454,#3192,.T.);
#2151=EDGE_CURVE('',#2439,#2426,#3193,.T.);
#2152=EDGE_CURVE('',#2688,#2680,#3194,.T.);
#2153=EDGE_CURVE('',#2688,#2689,#3195,.T.);
#2154=EDGE_CURVE('',#2681,#2689,#3196,.T.);
#2155=EDGE_CURVE('',#2438,#2427,#3197,.T.);
#2156=EDGE_CURVE('',#2683,#2690,#3198,.T.);
#2157=EDGE_CURVE('',#2691,#2685,#3199,.T.);
#2158=EDGE_CURVE('',#2690,#2691,#3200,.T.);
#2159=EDGE_CURVE('',#2442,#2455,#3201,.T.);
#2160=EDGE_CURVE('',#2692,#2693,#3202,.T.);
#2161=EDGE_CURVE('',#2690,#2693,#3203,.T.);
#2162=EDGE_CURVE('',#2692,#2691,#3204,.T.);
#2163=EDGE_CURVE('',#2694,#2695,#3205,.T.);
#2164=EDGE_CURVE('',#2677,#2695,#3206,.T.);
#2165=EDGE_CURVE('',#2694,#2679,#3207,.T.);
#2166=EDGE_CURVE('',#2693,#2696,#3208,.T.);
#2167=EDGE_CURVE('',#2696,#2686,#3209,.T.);
#2168=EDGE_CURVE('',#2687,#2697,#3210,.T.);
#2169=EDGE_CURVE('',#2697,#2692,#3211,.T.);
#2170=EDGE_CURVE('',#2695,#2698,#3212,.T.);
#2171=EDGE_CURVE('',#2698,#2688,#3213,.T.);
#2172=EDGE_CURVE('',#2689,#2699,#3214,.T.);
#2173=EDGE_CURVE('',#2699,#2694,#3215,.T.);
#2174=EDGE_CURVE('',#2696,#2697,#3216,.T.);
#2175=EDGE_CURVE('',#2698,#2699,#3217,.T.);
#2176=EDGE_CURVE('',#2700,#2701,#3218,.T.);
#2177=EDGE_CURVE('',#2701,#2702,#3219,.T.);
#2178=EDGE_CURVE('',#2702,#2703,#3220,.T.);
#2179=EDGE_CURVE('',#2703,#2700,#3221,.T.);
#2180=EDGE_CURVE('',#2704,#2705,#3222,.T.);
#2181=EDGE_CURVE('',#2704,#2696,#206,.T.);
#2182=EDGE_CURVE('',#2705,#2693,#207,.T.);
#2183=EDGE_CURVE('',#2706,#2707,#3223,.T.);
#2184=EDGE_CURVE('',#2706,#2703,#3224,.T.);
#2185=EDGE_CURVE('',#2707,#2702,#3225,.T.);
#2186=EDGE_CURVE('',#2700,#2692,#208,.T.);
#2187=EDGE_CURVE('',#2706,#2705,#3226,.T.);
#2188=EDGE_CURVE('',#2707,#2704,#3227,.T.);
#2189=EDGE_CURVE('',#2697,#2701,#209,.T.);
#2190=EDGE_CURVE('',#2708,#2709,#3228,.T.);
#2191=EDGE_CURVE('',#2709,#2710,#3229,.T.);
#2192=EDGE_CURVE('',#2710,#2711,#3230,.T.);
#2193=EDGE_CURVE('',#2711,#2708,#3231,.T.);
#2194=EDGE_CURVE('',#2712,#2713,#3232,.T.);
#2195=EDGE_CURVE('',#2712,#2698,#210,.T.);
#2196=EDGE_CURVE('',#2713,#2695,#211,.T.);
#2197=EDGE_CURVE('',#2714,#2715,#3233,.T.);
#2198=EDGE_CURVE('',#2714,#2711,#3234,.T.);
#2199=EDGE_CURVE('',#2715,#2710,#3235,.T.);
#2200=EDGE_CURVE('',#2708,#2694,#212,.T.);
#2201=EDGE_CURVE('',#2714,#2713,#3236,.T.);
#2202=EDGE_CURVE('',#2715,#2712,#3237,.T.);
#2203=EDGE_CURVE('',#2699,#2709,#213,.T.);
#2204=EDGE_CURVE('',#2716,#2529,#3238,.T.);
#2205=EDGE_CURVE('',#2716,#2557,#3239,.T.);
#2206=EDGE_CURVE('',#2530,#2717,#3240,.T.);
#2207=EDGE_CURVE('',#2718,#2717,#3241,.T.);
#2208=EDGE_CURVE('',#2531,#2718,#3242,.T.);
#2209=EDGE_CURVE('',#2717,#2716,#3243,.T.);
#2210=EDGE_CURVE('',#2536,#2719,#3244,.T.);
#2211=EDGE_CURVE('',#2555,#2719,#3245,.T.);
#2212=EDGE_CURVE('',#2534,#2720,#3246,.T.);
#2213=EDGE_CURVE('',#2721,#2720,#3247,.T.);
#2214=EDGE_CURVE('',#2535,#2721,#3248,.T.);
#2215=EDGE_CURVE('',#2719,#2721,#3249,.T.);
#2216=EDGE_CURVE('',#2526,#2722,#3250,.T.);
#2217=EDGE_CURVE('',#2556,#2722,#3251,.T.);
#2218=EDGE_CURVE('',#2723,#2545,#3252,.T.);
#2219=EDGE_CURVE('',#2723,#2559,#3253,.T.);
#2220=EDGE_CURVE('',#2546,#2724,#3254,.T.);
#2221=EDGE_CURVE('',#2725,#2724,#3255,.T.);
#2222=EDGE_CURVE('',#2547,#2725,#3256,.T.);
#2223=EDGE_CURVE('',#2724,#2723,#3257,.T.);
#2224=EDGE_CURVE('',#2722,#2726,#3258,.T.);
#2225=EDGE_CURVE('',#2726,#2727,#3259,.T.);
#2226=EDGE_CURVE('',#2727,#2728,#3260,.T.);
#2227=EDGE_CURVE('',#2728,#2729,#3261,.T.);
#2228=EDGE_CURVE('',#2729,#2725,#3262,.T.);
#2229=EDGE_CURVE('',#2720,#2730,#3263,.T.);
#2230=EDGE_CURVE('',#2730,#2731,#3264,.T.);
#2231=EDGE_CURVE('',#2731,#2718,#3265,.T.);
#2232=EDGE_CURVE('',#2550,#2727,#3266,.T.);
#2233=EDGE_CURVE('',#2525,#2726,#3267,.T.);
#2234=EDGE_CURVE('',#2732,#2733,#3268,.T.);
#2235=EDGE_CURVE('',#2733,#2734,#3269,.T.);
#2236=EDGE_CURVE('',#2734,#2735,#3270,.T.);
#2237=EDGE_CURVE('',#2735,#2732,#3271,.T.);
#2238=EDGE_CURVE('',#2736,#2737,#3272,.T.);
#2239=EDGE_CURVE('',#2736,#2533,#214,.T.);
#2240=EDGE_CURVE('',#2737,#2532,#215,.T.);
#2241=EDGE_CURVE('',#2738,#2737,#3273,.T.);
#2242=EDGE_CURVE('',#2738,#2739,#3274,.T.);
#2243=EDGE_CURVE('',#2739,#2736,#3275,.T.);
#2244=EDGE_CURVE('',#2732,#2731,#216,.T.);
#2245=EDGE_CURVE('',#2730,#2733,#217,.T.);
#2246=EDGE_CURVE('',#2740,#2741,#3276,.T.);
#2247=EDGE_CURVE('',#2741,#2742,#3277,.T.);
#2248=EDGE_CURVE('',#2742,#2743,#3278,.T.);
#2249=EDGE_CURVE('',#2743,#2740,#3279,.T.);
#2250=EDGE_CURVE('',#2744,#2745,#3280,.T.);
#2251=EDGE_CURVE('',#2744,#2549,#218,.T.);
#2252=EDGE_CURVE('',#2745,#2548,#219,.T.);
#2253=EDGE_CURVE('',#2746,#2745,#3281,.T.);
#2254=EDGE_CURVE('',#2746,#2747,#3282,.T.);
#2255=EDGE_CURVE('',#2747,#2744,#3283,.T.);
#2256=EDGE_CURVE('',#2740,#2729,#220,.T.);
#2257=EDGE_CURVE('',#2728,#2741,#221,.T.);
#2258=EDGE_CURVE('',#2748,#2749,#3284,.T.);
#2259=EDGE_CURVE('',#2749,#2750,#3285,.T.);
#2260=EDGE_CURVE('',#2750,#2751,#3286,.T.);
#2261=EDGE_CURVE('',#2751,#2748,#3287,.T.);
#2262=EDGE_CURVE('',#2752,#2753,#3288,.T.);
#2263=EDGE_CURVE('',#2752,#2739,#222,.T.);
#2264=EDGE_CURVE('',#2753,#2738,#223,.T.);
#2265=EDGE_CURVE('',#2754,#2755,#3289,.T.);
#2266=EDGE_CURVE('',#2754,#2751,#3290,.T.);
#2267=EDGE_CURVE('',#2755,#2750,#3291,.T.);
#2268=EDGE_CURVE('',#2748,#2735,#224,.T.);
#2269=EDGE_CURVE('',#2754,#2753,#3292,.T.);
#2270=EDGE_CURVE('',#2755,#2752,#3293,.T.);
#2271=EDGE_CURVE('',#2734,#2749,#225,.T.);
#2272=EDGE_CURVE('',#2756,#2757,#3294,.T.);
#2273=EDGE_CURVE('',#2757,#2758,#3295,.T.);
#2274=EDGE_CURVE('',#2758,#2759,#3296,.T.);
#2275=EDGE_CURVE('',#2759,#2756,#3297,.T.);
#2276=EDGE_CURVE('',#2760,#2761,#3298,.T.);
#2277=EDGE_CURVE('',#2760,#2747,#226,.T.);
#2278=EDGE_CURVE('',#2761,#2746,#227,.T.);
#2279=EDGE_CURVE('',#2762,#2763,#3299,.T.);
#2280=EDGE_CURVE('',#2762,#2759,#3300,.T.);
#2281=EDGE_CURVE('',#2763,#2758,#3301,.T.);
#2282=EDGE_CURVE('',#2756,#2743,#228,.T.);
#2283=EDGE_CURVE('',#2762,#2761,#3302,.T.);
#2284=EDGE_CURVE('',#2763,#2760,#3303,.T.);
#2285=EDGE_CURVE('',#2742,#2757,#229,.T.);
#2286=EDGE_CURVE('',#2764,#2765,#3304,.T.);
#2287=EDGE_CURVE('',#2766,#2765,#3305,.T.);
#2288=EDGE_CURVE('',#2767,#2766,#3306,.T.);
#2289=EDGE_CURVE('',#2767,#2764,#3307,.T.);
#2290=EDGE_CURVE('',#2768,#2769,#3308,.T.);
#2291=EDGE_CURVE('',#2646,#2769,#3309,.T.);
#2292=EDGE_CURVE('',#2649,#2768,#3310,.T.);
#2293=EDGE_CURVE('',#2770,#2766,#230,.T.);
#2294=EDGE_CURVE('',#2771,#2770,#3311,.T.);
#2295=EDGE_CURVE('',#2771,#2767,#231,.T.);
#2296=EDGE_CURVE('',#2765,#2772,#232,.T.);
#2297=EDGE_CURVE('',#2773,#2772,#3312,.T.);
#2298=EDGE_CURVE('',#2766,#2773,#233,.T.);
#2299=EDGE_CURVE('',#2765,#2652,#234,.T.);
#2300=EDGE_CURVE('',#2772,#2651,#235,.T.);
#2301=EDGE_CURVE('',#2769,#2774,#236,.T.);
#2302=EDGE_CURVE('',#2647,#2774,#3313,.T.);
#2303=EDGE_CURVE('',#2769,#2775,#237,.T.);
#2304=EDGE_CURVE('',#2775,#2776,#238,.T.);
#2305=EDGE_CURVE('',#2774,#2776,#239,.T.);
#2306=EDGE_CURVE('',#2777,#2775,#3314,.T.);
#2307=EDGE_CURVE('',#2778,#2777,#240,.T.);
#2308=EDGE_CURVE('',#2776,#2778,#3315,.T.);
#2309=EDGE_CURVE('',#2770,#2779,#241,.T.);
#2310=EDGE_CURVE('',#2779,#2780,#3316,.T.);
#2311=EDGE_CURVE('',#2780,#2771,#242,.T.);
#2312=EDGE_CURVE('',#2779,#2773,#243,.T.);
#2313=EDGE_CURVE('',#2772,#2781,#3317,.T.);
#2314=EDGE_CURVE('',#2782,#2781,#3318,.T.);
#2315=EDGE_CURVE('',#2773,#2782,#3319,.T.);
#2316=EDGE_CURVE('',#2781,#2654,#244,.T.);
#2317=EDGE_CURVE('',#2774,#2783,#3320,.T.);
#2318=EDGE_CURVE('',#2648,#2783,#3321,.T.);
#2319=EDGE_CURVE('',#2783,#2778,#245,.T.);
#2320=EDGE_CURVE('',#2780,#2782,#246,.T.);
#2321=EDGE_CURVE('',#2781,#2764,#247,.T.);
#2322=EDGE_CURVE('',#2782,#2767,#248,.T.);
#2323=EDGE_CURVE('',#2764,#2653,#249,.T.);
#2324=EDGE_CURVE('',#2783,#2768,#250,.T.);
#2325=EDGE_CURVE('',#2768,#2777,#251,.T.);
#2326=EDGE_CURVE('',#2784,#2785,#252,.T.);
#2327=EDGE_CURVE('',#2785,#2670,#3322,.T.);
#2328=EDGE_CURVE('',#2675,#2784,#3323,.T.);
#2329=EDGE_CURVE('',#2672,#2784,#3324,.T.);
#2330=EDGE_CURVE('',#2785,#2671,#3325,.T.);
#2331=EDGE_CURVE('',#2786,#2787,#3326,.T.);
#2332=EDGE_CURVE('',#2788,#2786,#3327,.T.);
#2333=EDGE_CURVE('',#2788,#2789,#3328,.T.);
#2334=EDGE_CURVE('',#2789,#2787,#3329,.T.);
#2335=EDGE_CURVE('',#2790,#2791,#3330,.T.);
#2336=EDGE_CURVE('',#2595,#2790,#3331,.T.);
#2337=EDGE_CURVE('',#2594,#2791,#3332,.T.);
#2338=EDGE_CURVE('',#2792,#2788,#253,.T.);
#2339=EDGE_CURVE('',#2792,#2793,#3333,.T.);
#2340=EDGE_CURVE('',#2793,#2789,#254,.T.);
#2341=EDGE_CURVE('',#2789,#2794,#255,.T.);
#2342=EDGE_CURVE('',#2794,#2795,#3334,.T.);
#2343=EDGE_CURVE('',#2787,#2795,#256,.T.);
#2344=EDGE_CURVE('',#2787,#2642,#257,.T.);
#2345=EDGE_CURVE('',#2795,#2643,#258,.T.);
#2346=EDGE_CURVE('',#2597,#2796,#3335,.T.);
#2347=EDGE_CURVE('',#2791,#2796,#259,.T.);
#2348=EDGE_CURVE('',#2791,#2797,#260,.T.);
#2349=EDGE_CURVE('',#2796,#2798,#261,.T.);
#2350=EDGE_CURVE('',#2797,#2798,#262,.T.);
#2351=EDGE_CURVE('',#2799,#2797,#3336,.T.);
#2352=EDGE_CURVE('',#2798,#2800,#3337,.T.);
#2353=EDGE_CURVE('',#2800,#2799,#263,.T.);
#2354=EDGE_CURVE('',#2793,#2801,#264,.T.);
#2355=EDGE_CURVE('',#2802,#2792,#265,.T.);
#2356=EDGE_CURVE('',#2801,#2802,#3338,.T.);
#2357=EDGE_CURVE('',#2801,#2794,#266,.T.);
#2358=EDGE_CURVE('',#2794,#2803,#3339,.T.);
#2359=EDGE_CURVE('',#2803,#2804,#3340,.T.);
#2360=EDGE_CURVE('',#2795,#2804,#3341,.T.);
#2361=EDGE_CURVE('',#2804,#2644,#267,.T.);
#2362=EDGE_CURVE('',#2596,#2805,#3342,.T.);
#2363=EDGE_CURVE('',#2796,#2805,#3343,.T.);
#2364=EDGE_CURVE('',#2805,#2800,#268,.T.);
#2365=EDGE_CURVE('',#2802,#2803,#269,.T.);
#2366=EDGE_CURVE('',#2803,#2788,#270,.T.);
#2367=EDGE_CURVE('',#2804,#2786,#271,.T.);
#2368=EDGE_CURVE('',#2786,#2641,#272,.T.);
#2369=EDGE_CURVE('',#2805,#2790,#273,.T.);
#2370=EDGE_CURVE('',#2790,#2799,#274,.T.);
#2371=EDGE_CURVE('',#2806,#2807,#275,.T.);
#2372=EDGE_CURVE('',#2807,#2662,#3344,.T.);
#2373=EDGE_CURVE('',#2660,#2806,#3345,.T.);
#2374=EDGE_CURVE('',#2665,#2806,#3346,.T.);
#2375=EDGE_CURVE('',#2807,#2664,#3347,.T.);
#2376=VERTEX_POINT('',#6640);
#2377=VERTEX_POINT('',#6641);
#2378=VERTEX_POINT('',#6643);
#2379=VERTEX_POINT('',#6645);
#2380=VERTEX_POINT('',#6647);
#2381=VERTEX_POINT('',#6649);
#2382=VERTEX_POINT('',#6651);
#2383=VERTEX_POINT('',#6653);
#2384=VERTEX_POINT('',#6655);
#2385=VERTEX_POINT('',#6657);
#2386=VERTEX_POINT('',#6659);
#2387=VERTEX_POINT('',#6661);
#2388=VERTEX_POINT('',#6663);
#2389=VERTEX_POINT('',#6665);
#2390=VERTEX_POINT('',#6667);
#2391=VERTEX_POINT('',#6669);
#2392=VERTEX_POINT('',#6673);
#2393=VERTEX_POINT('',#6674);
#2394=VERTEX_POINT('',#6676);
#2395=VERTEX_POINT('',#6678);
#2396=VERTEX_POINT('',#6680);
#2397=VERTEX_POINT('',#6682);
#2398=VERTEX_POINT('',#6684);
#2399=VERTEX_POINT('',#6686);
#2400=VERTEX_POINT('',#6690);
#2401=VERTEX_POINT('',#6692);
#2402=VERTEX_POINT('',#6697);
#2403=VERTEX_POINT('',#6700);
#2404=VERTEX_POINT('',#6704);
#2405=VERTEX_POINT('',#6706);
#2406=VERTEX_POINT('',#6708);
#2407=VERTEX_POINT('',#6710);
#2408=VERTEX_POINT('',#6713);
#2409=VERTEX_POINT('',#6715);
#2410=VERTEX_POINT('',#6719);
#2411=VERTEX_POINT('',#6721);
#2412=VERTEX_POINT('',#6725);
#2413=VERTEX_POINT('',#6729);
#2414=VERTEX_POINT('',#6733);
#2415=VERTEX_POINT('',#6734);
#2416=VERTEX_POINT('',#6736);
#2417=VERTEX_POINT('',#6738);
#2418=VERTEX_POINT('',#6740);
#2419=VERTEX_POINT('',#6742);
#2420=VERTEX_POINT('',#6746);
#2421=VERTEX_POINT('',#6748);
#2422=VERTEX_POINT('',#6750);
#2423=VERTEX_POINT('',#6752);
#2424=VERTEX_POINT('',#6764);
#2425=VERTEX_POINT('',#6765);
#2426=VERTEX_POINT('',#6767);
#2427=VERTEX_POINT('',#6769);
#2428=VERTEX_POINT('',#6772);
#2429=VERTEX_POINT('',#6773);
#2430=VERTEX_POINT('',#6775);
#2431=VERTEX_POINT('',#6777);
#2432=VERTEX_POINT('',#6781);
#2433=VERTEX_POINT('',#6782);
#2434=VERTEX_POINT('',#6796);
#2435=VERTEX_POINT('',#6797);
#2436=VERTEX_POINT('',#6829);
#2437=VERTEX_POINT('',#6830);
#2438=VERTEX_POINT('',#6832);
#2439=VERTEX_POINT('',#6834);
#2440=VERTEX_POINT('',#6841);
#2441=VERTEX_POINT('',#6842);
#2442=VERTEX_POINT('',#6844);
#2443=VERTEX_POINT('',#6846);
#2444=VERTEX_POINT('',#6849);
#2445=VERTEX_POINT('',#6850);
#2446=VERTEX_POINT('',#6852);
#2447=VERTEX_POINT('',#6854);
#2448=VERTEX_POINT('',#6858);
#2449=VERTEX_POINT('',#6859);
#2450=VERTEX_POINT('',#6873);
#2451=VERTEX_POINT('',#6874);
#2452=VERTEX_POINT('',#6909);
#2453=VERTEX_POINT('',#6910);
#2454=VERTEX_POINT('',#6912);
#2455=VERTEX_POINT('',#6914);
#2456=VERTEX_POINT('',#6919);
#2457=VERTEX_POINT('',#6920);
#2458=VERTEX_POINT('',#6922);
#2459=VERTEX_POINT('',#6924);
#2460=VERTEX_POINT('',#6928);
#2461=VERTEX_POINT('',#6930);
#2462=VERTEX_POINT('',#6968);
#2463=VERTEX_POINT('',#6972);
#2464=VERTEX_POINT('',#6973);
#2465=VERTEX_POINT('',#6975);
#2466=VERTEX_POINT('',#6977);
#2467=VERTEX_POINT('',#6981);
#2468=VERTEX_POINT('',#6983);
#2469=VERTEX_POINT('',#7015);
#2470=VERTEX_POINT('',#7025);
#2471=VERTEX_POINT('',#7029);
#2472=VERTEX_POINT('',#7030);
#2473=VERTEX_POINT('',#7035);
#2474=VERTEX_POINT('',#7039);
#2475=VERTEX_POINT('',#7045);
#2476=VERTEX_POINT('',#7046);
#2477=VERTEX_POINT('',#7048);
#2478=VERTEX_POINT('',#7053);
#2479=VERTEX_POINT('',#7055);
#2480=VERTEX_POINT('',#7057);
#2481=VERTEX_POINT('',#7061);
#2482=VERTEX_POINT('',#7063);
#2483=VERTEX_POINT('',#7067);
#2484=VERTEX_POINT('',#7068);
#2485=VERTEX_POINT('',#7071);
#2486=VERTEX_POINT('',#7075);
#2487=VERTEX_POINT('',#7076);
#2488=VERTEX_POINT('',#7078);
#2489=VERTEX_POINT('',#7080);
#2490=VERTEX_POINT('',#7083);
#2491=VERTEX_POINT('',#7085);
#2492=VERTEX_POINT('',#7089);
#2493=VERTEX_POINT('',#7090);
#2494=VERTEX_POINT('',#7093);
#2495=VERTEX_POINT('',#7100);
#2496=VERTEX_POINT('',#7101);
#2497=VERTEX_POINT('',#7104);
#2498=VERTEX_POINT('',#7106);
#2499=VERTEX_POINT('',#7111);
#2500=VERTEX_POINT('',#7112);
#2501=VERTEX_POINT('',#7114);
#2502=VERTEX_POINT('',#7116);
#2503=VERTEX_POINT('',#7123);
#2504=VERTEX_POINT('',#7124);
#2505=VERTEX_POINT('',#7126);
#2506=VERTEX_POINT('',#7128);
#2507=VERTEX_POINT('',#7135);
#2508=VERTEX_POINT('',#7136);
#2509=VERTEX_POINT('',#7138);
#2510=VERTEX_POINT('',#7140);
#2511=VERTEX_POINT('',#7142);
#2512=VERTEX_POINT('',#7144);
#2513=VERTEX_POINT('',#7152);
#2514=VERTEX_POINT('',#7153);
#2515=VERTEX_POINT('',#7155);
#2516=VERTEX_POINT('',#7157);
#2517=VERTEX_POINT('',#7161);
#2518=VERTEX_POINT('',#7162);
#2519=VERTEX_POINT('',#7167);
#2520=VERTEX_POINT('',#7173);
#2521=VERTEX_POINT('',#7174);
#2522=VERTEX_POINT('',#7179);
#2523=VERTEX_POINT('',#7182);
#2524=VERTEX_POINT('',#7190);
#2525=VERTEX_POINT('',#7194);
#2526=VERTEX_POINT('',#7195);
#2527=VERTEX_POINT('',#7197);
#2528=VERTEX_POINT('',#7199);
#2529=VERTEX_POINT('',#7201);
#2530=VERTEX_POINT('',#7203);
#2531=VERTEX_POINT('',#7205);
#2532=VERTEX_POINT('',#7207);
#2533=VERTEX_POINT('',#7209);
#2534=VERTEX_POINT('',#7211);
#2535=VERTEX_POINT('',#7213);
#2536=VERTEX_POINT('',#7215);
#2537=VERTEX_POINT('',#7217);
#2538=VERTEX_POINT('',#7219);
#2539=VERTEX_POINT('',#7221);
#2540=VERTEX_POINT('',#7223);
#2541=VERTEX_POINT('',#7226);
#2542=VERTEX_POINT('',#7228);
#2543=VERTEX_POINT('',#7230);
#2544=VERTEX_POINT('',#7232);
#2545=VERTEX_POINT('',#7234);
#2546=VERTEX_POINT('',#7236);
#2547=VERTEX_POINT('',#7238);
#2548=VERTEX_POINT('',#7240);
#2549=VERTEX_POINT('',#7242);
#2550=VERTEX_POINT('',#7244);
#2551=VERTEX_POINT('',#7252);
#2552=VERTEX_POINT('',#7260);
#2553=VERTEX_POINT('',#7264);
#2554=VERTEX_POINT('',#7266);
#2555=VERTEX_POINT('',#7270);
#2556=VERTEX_POINT('',#7274);
#2557=VERTEX_POINT('',#7276);
#2558=VERTEX_POINT('',#7280);
#2559=VERTEX_POINT('',#7282);
#2560=VERTEX_POINT('',#7286);
#2561=VERTEX_POINT('',#7290);
#2562=VERTEX_POINT('',#7349);
#2563=VERTEX_POINT('',#7401);
#2564=VERTEX_POINT('',#7425);
#2565=VERTEX_POINT('',#7427);
#2566=VERTEX_POINT('',#7431);
#2567=VERTEX_POINT('',#7432);
#2568=VERTEX_POINT('',#7434);
#2569=VERTEX_POINT('',#7436);
#2570=VERTEX_POINT('',#7440);
#2571=VERTEX_POINT('',#7442);
#2572=VERTEX_POINT('',#7446);
#2573=VERTEX_POINT('',#7448);
#2574=VERTEX_POINT('',#7452);
#2575=VERTEX_POINT('',#7454);
#2576=VERTEX_POINT('',#7458);
#2577=VERTEX_POINT('',#7460);
#2578=VERTEX_POINT('',#7464);
#2579=VERTEX_POINT('',#7465);
#2580=VERTEX_POINT('',#7470);
#2581=VERTEX_POINT('',#7472);
#2582=VERTEX_POINT('',#7476);
#2583=VERTEX_POINT('',#7477);
#2584=VERTEX_POINT('',#7479);
#2585=VERTEX_POINT('',#7481);
#2586=VERTEX_POINT('',#7485);
#2587=VERTEX_POINT('',#7487);
#2588=VERTEX_POINT('',#7491);
#2589=VERTEX_POINT('',#7493);
#2590=VERTEX_POINT('',#7497);
#2591=VERTEX_POINT('',#7499);
#2592=VERTEX_POINT('',#7503);
#2593=VERTEX_POINT('',#7505);
#2594=VERTEX_POINT('',#7541);
#2595=VERTEX_POINT('',#7542);
#2596=VERTEX_POINT('',#7544);
#2597=VERTEX_POINT('',#7546);
#2598=VERTEX_POINT('',#7549);
#2599=VERTEX_POINT('',#7550);
#2600=VERTEX_POINT('',#7553);
#2601=VERTEX_POINT('',#7555);
#2602=VERTEX_POINT('',#7560);
#2603=VERTEX_POINT('',#7561);
#2604=VERTEX_POINT('',#7563);
#2605=VERTEX_POINT('',#7565);
#2606=VERTEX_POINT('',#7569);
#2607=VERTEX_POINT('',#7570);
#2608=VERTEX_POINT('',#7572);
#2609=VERTEX_POINT('',#7574);
#2610=VERTEX_POINT('',#7578);
#2611=VERTEX_POINT('',#7580);
#2612=VERTEX_POINT('',#7584);
#2613=VERTEX_POINT('',#7585);
#2614=VERTEX_POINT('',#7587);
#2615=VERTEX_POINT('',#7589);
#2616=VERTEX_POINT('',#7593);
#2617=VERTEX_POINT('',#7594);
#2618=VERTEX_POINT('',#7596);
#2619=VERTEX_POINT('',#7598);
#2620=VERTEX_POINT('',#7605);
#2621=VERTEX_POINT('',#7606);
#2622=VERTEX_POINT('',#7611);
#2623=VERTEX_POINT('',#7612);
#2624=VERTEX_POINT('',#7617);
#2625=VERTEX_POINT('',#7618);
#2626=VERTEX_POINT('',#7623);
#2627=VERTEX_POINT('',#7624);
#2628=VERTEX_POINT('',#7626);
#2629=VERTEX_POINT('',#7628);
#2630=VERTEX_POINT('',#7632);
#2631=VERTEX_POINT('',#7639);
#2632=VERTEX_POINT('',#7648);
#2633=VERTEX_POINT('',#7649);
#2634=VERTEX_POINT('',#7654);
#2635=VERTEX_POINT('',#7655);
#2636=VERTEX_POINT('',#7657);
#2637=VERTEX_POINT('',#7659);
#2638=VERTEX_POINT('',#7663);
#2639=VERTEX_POINT('',#7669);
#2640=VERTEX_POINT('',#7677);
#2641=VERTEX_POINT('',#7681);
#2642=VERTEX_POINT('',#7682);
#2643=VERTEX_POINT('',#7684);
#2644=VERTEX_POINT('',#7686);
#2645=VERTEX_POINT('',#7689);
#2646=VERTEX_POINT('',#7693);
#2647=VERTEX_POINT('',#7694);
#2648=VERTEX_POINT('',#7696);
#2649=VERTEX_POINT('',#7698);
#2650=VERTEX_POINT('',#7701);
#2651=VERTEX_POINT('',#7705);
#2652=VERTEX_POINT('',#7706);
#2653=VERTEX_POINT('',#7708);
#2654=VERTEX_POINT('',#7710);
#2655=VERTEX_POINT('',#7713);
#2656=VERTEX_POINT('',#7717);
#2657=VERTEX_POINT('',#7718);
#2658=VERTEX_POINT('',#7751);
#2659=VERTEX_POINT('',#7758);
#2660=VERTEX_POINT('',#7760);
#2661=VERTEX_POINT('',#7764);
#2662=VERTEX_POINT('',#7766);
#2663=VERTEX_POINT('',#7768);
#2664=VERTEX_POINT('',#7772);
#2665=VERTEX_POINT('',#7773);
#2666=VERTEX_POINT('',#7780);
#2667=VERTEX_POINT('',#7781);
#2668=VERTEX_POINT('',#7795);
#2669=VERTEX_POINT('',#7797);
#2670=VERTEX_POINT('',#7799);
#2671=VERTEX_POINT('',#7827);
#2672=VERTEX_POINT('',#7828);
#2673=VERTEX_POINT('',#7830);
#2674=VERTEX_POINT('',#7835);
#2675=VERTEX_POINT('',#7836);
#2676=VERTEX_POINT('',#7843);
#2677=VERTEX_POINT('',#7844);
#2678=VERTEX_POINT('',#7846);
#2679=VERTEX_POINT('',#7848);
#2680=VERTEX_POINT('',#7852);
#2681=VERTEX_POINT('',#7854);
#2682=VERTEX_POINT('',#7858);
#2683=VERTEX_POINT('',#7859);
#2684=VERTEX_POINT('',#7861);
#2685=VERTEX_POINT('',#7863);
#2686=VERTEX_POINT('',#7873);
#2687=VERTEX_POINT('',#7875);
#2688=VERTEX_POINT('',#7883);
#2689=VERTEX_POINT('',#7885);
#2690=VERTEX_POINT('',#7891);
#2691=VERTEX_POINT('',#7893);
#2692=VERTEX_POINT('',#7901);
#2693=VERTEX_POINT('',#7902);
#2694=VERTEX_POINT('',#7907);
#2695=VERTEX_POINT('',#7908);
#2696=VERTEX_POINT('',#7913);
#2697=VERTEX_POINT('',#7917);
#2698=VERTEX_POINT('',#7921);
#2699=VERTEX_POINT('',#7925);
#2700=VERTEX_POINT('',#7933);
#2701=VERTEX_POINT('',#7934);
#2702=VERTEX_POINT('',#7936);
#2703=VERTEX_POINT('',#7938);
#2704=VERTEX_POINT('',#7942);
#2705=VERTEX_POINT('',#7943);
#2706=VERTEX_POINT('',#7948);
#2707=VERTEX_POINT('',#7949);
#2708=VERTEX_POINT('',#7962);
#2709=VERTEX_POINT('',#7963);
#2710=VERTEX_POINT('',#7965);
#2711=VERTEX_POINT('',#7967);
#2712=VERTEX_POINT('',#7971);
#2713=VERTEX_POINT('',#7972);
#2714=VERTEX_POINT('',#7977);
#2715=VERTEX_POINT('',#7978);
#2716=VERTEX_POINT('',#7991);
#2717=VERTEX_POINT('',#7995);
#2718=VERTEX_POINT('',#7997);
#2719=VERTEX_POINT('',#8003);
#2720=VERTEX_POINT('',#8007);
#2721=VERTEX_POINT('',#8009);
#2722=VERTEX_POINT('',#8015);
#2723=VERTEX_POINT('',#8019);
#2724=VERTEX_POINT('',#8023);
#2725=VERTEX_POINT('',#8025);
#2726=VERTEX_POINT('',#8031);
#2727=VERTEX_POINT('',#8033);
#2728=VERTEX_POINT('',#8035);
#2729=VERTEX_POINT('',#8037);
#2730=VERTEX_POINT('',#8040);
#2731=VERTEX_POINT('',#8042);
#2732=VERTEX_POINT('',#8050);
#2733=VERTEX_POINT('',#8051);
#2734=VERTEX_POINT('',#8053);
#2735=VERTEX_POINT('',#8055);
#2736=VERTEX_POINT('',#8059);
#2737=VERTEX_POINT('',#8060);
#2738=VERTEX_POINT('',#8065);
#2739=VERTEX_POINT('',#8067);
#2740=VERTEX_POINT('',#8074);
#2741=VERTEX_POINT('',#8075);
#2742=VERTEX_POINT('',#8077);
#2743=VERTEX_POINT('',#8079);
#2744=VERTEX_POINT('',#8083);
#2745=VERTEX_POINT('',#8084);
#2746=VERTEX_POINT('',#8089);
#2747=VERTEX_POINT('',#8091);
#2748=VERTEX_POINT('',#8098);
#2749=VERTEX_POINT('',#8099);
#2750=VERTEX_POINT('',#8101);
#2751=VERTEX_POINT('',#8103);
#2752=VERTEX_POINT('',#8107);
#2753=VERTEX_POINT('',#8108);
#2754=VERTEX_POINT('',#8113);
#2755=VERTEX_POINT('',#8114);
#2756=VERTEX_POINT('',#8127);
#2757=VERTEX_POINT('',#8128);
#2758=VERTEX_POINT('',#8130);
#2759=VERTEX_POINT('',#8132);
#2760=VERTEX_POINT('',#8136);
#2761=VERTEX_POINT('',#8137);
#2762=VERTEX_POINT('',#8142);
#2763=VERTEX_POINT('',#8143);
#2764=VERTEX_POINT('',#8156);
#2765=VERTEX_POINT('',#8157);
#2766=VERTEX_POINT('',#8159);
#2767=VERTEX_POINT('',#8161);
#2768=VERTEX_POINT('',#8165);
#2769=VERTEX_POINT('',#8166);
#2770=VERTEX_POINT('',#8171);
#2771=VERTEX_POINT('',#8173);
#2772=VERTEX_POINT('',#8177);
#2773=VERTEX_POINT('',#8179);
#2774=VERTEX_POINT('',#8186);
#2775=VERTEX_POINT('',#8190);
#2776=VERTEX_POINT('',#8192);
#2777=VERTEX_POINT('',#8196);
#2778=VERTEX_POINT('',#8198);
#2779=VERTEX_POINT('',#8202);
#2780=VERTEX_POINT('',#8204);
#2781=VERTEX_POINT('',#8210);
#2782=VERTEX_POINT('',#8212);
#2783=VERTEX_POINT('',#8218);
#2784=VERTEX_POINT('',#8238);
#2785=VERTEX_POINT('',#8239);
#2786=VERTEX_POINT('',#8249);
#2787=VERTEX_POINT('',#8250);
#2788=VERTEX_POINT('',#8252);
#2789=VERTEX_POINT('',#8254);
#2790=VERTEX_POINT('',#8258);
#2791=VERTEX_POINT('',#8259);
#2792=VERTEX_POINT('',#8264);
#2793=VERTEX_POINT('',#8266);
#2794=VERTEX_POINT('',#8270);
#2795=VERTEX_POINT('',#8272);
#2796=VERTEX_POINT('',#8279);
#2797=VERTEX_POINT('',#8283);
#2798=VERTEX_POINT('',#8285);
#2799=VERTEX_POINT('',#8289);
#2800=VERTEX_POINT('',#8291);
#2801=VERTEX_POINT('',#8295);
#2802=VERTEX_POINT('',#8297);
#2803=VERTEX_POINT('',#8303);
#2804=VERTEX_POINT('',#8305);
#2805=VERTEX_POINT('',#8311);
#2806=VERTEX_POINT('',#8331);
#2807=VERTEX_POINT('',#8332);
#2808=LINE('',#6639,#3348);
#2809=LINE('',#6642,#3349);
#2810=LINE('',#6644,#3350);
#2811=LINE('',#6646,#3351);
#2812=LINE('',#6648,#3352);
#2813=LINE('',#6650,#3353);
#2814=LINE('',#6652,#3354);
#2815=LINE('',#6654,#3355);
#2816=LINE('',#6656,#3356);
#2817=LINE('',#6658,#3357);
#2818=LINE('',#6660,#3358);
#2819=LINE('',#6662,#3359);
#2820=LINE('',#6664,#3360);
#2821=LINE('',#6666,#3361);
#2822=LINE('',#6668,#3362);
#2823=LINE('',#6670,#3363);
#2824=LINE('',#6672,#3364);
#2825=LINE('',#6675,#3365);
#2826=LINE('',#6677,#3366);
#2827=LINE('',#6679,#3367);
#2828=LINE('',#6681,#3368);
#2829=LINE('',#6683,#3369);
#2830=LINE('',#6685,#3370);
#2831=LINE('',#6687,#3371);
#2832=LINE('',#6689,#3372);
#2833=LINE('',#6693,#3373);
#2834=LINE('',#6696,#3374);
#2835=LINE('',#6699,#3375);
#2836=LINE('',#6703,#3376);
#2837=LINE('',#6705,#3377);
#2838=LINE('',#6707,#3378);
#2839=LINE('',#6709,#3379);
#2840=LINE('',#6711,#3380);
#2841=LINE('',#6712,#3381);
#2842=LINE('',#6714,#3382);
#2843=LINE('',#6716,#3383);
#2844=LINE('',#6718,#3384);
#2845=LINE('',#6720,#3385);
#2846=LINE('',#6722,#3386);
#2847=LINE('',#6724,#3387);
#2848=LINE('',#6726,#3388);
#2849=LINE('',#6728,#3389);
#2850=LINE('',#6730,#3390);
#2851=LINE('',#6732,#3391);
#2852=LINE('',#6735,#3392);
#2853=LINE('',#6737,#3393);
#2854=LINE('',#6739,#3394);
#2855=LINE('',#6741,#3395);
#2856=LINE('',#6743,#3396);
#2857=LINE('',#6744,#3397);
#2858=LINE('',#6745,#3398);
#2859=LINE('',#6747,#3399);
#2860=LINE('',#6749,#3400);
#2861=LINE('',#6751,#3401);
#2862=LINE('',#6753,#3402);
#2863=LINE('',#6754,#3403);
#2864=LINE('',#6756,#3404);
#2865=LINE('',#6757,#3405);
#2866=LINE('',#6759,#3406);
#2867=LINE('',#6761,#3407);
#2868=LINE('',#6763,#3408);
#2869=LINE('',#6766,#3409);
#2870=LINE('',#6768,#3410);
#2871=LINE('',#6770,#3411);
#2872=LINE('',#6771,#3412);
#2873=LINE('',#6774,#3413);
#2874=LINE('',#6776,#3414);
#2875=LINE('',#6778,#3415);
#2876=LINE('',#6780,#3416);
#2877=LINE('',#6795,#3417);
#2878=LINE('',#6798,#3418);
#2879=LINE('',#6799,#3419);
#2880=LINE('',#6801,#3420);
#2881=LINE('',#6802,#3421);
#2882=LINE('',#6828,#3422);
#2883=LINE('',#6831,#3423);
#2884=LINE('',#6833,#3424);
#2885=LINE('',#6835,#3425);
#2886=LINE('',#6836,#3426);
#2887=LINE('',#6840,#3427);
#2888=LINE('',#6843,#3428);
#2889=LINE('',#6845,#3429);
#2890=LINE('',#6847,#3430);
#2891=LINE('',#6848,#3431);
#2892=LINE('',#6851,#3432);
#2893=LINE('',#6853,#3433);
#2894=LINE('',#6855,#3434);
#2895=LINE('',#6857,#3435);
#2896=LINE('',#6872,#3436);
#2897=LINE('',#6875,#3437);
#2898=LINE('',#6876,#3438);
#2899=LINE('',#6897,#3439);
#2900=LINE('',#6903,#3440);
#2901=LINE('',#6906,#3441);
#2902=LINE('',#6908,#3442);
#2903=LINE('',#6911,#3443);
#2904=LINE('',#6913,#3444);
#2905=LINE('',#6915,#3445);
#2906=LINE('',#6918,#3446);
#2907=LINE('',#6921,#3447);
#2908=LINE('',#6923,#3448);
#2909=LINE('',#6925,#3449);
#2910=LINE('',#6927,#3450);
#2911=LINE('',#6929,#3451);
#2912=LINE('',#6931,#3452);
#2913=LINE('',#6967,#3453);
#2914=LINE('',#6969,#3454);
#2915=LINE('',#6971,#3455);
#2916=LINE('',#6974,#3456);
#2917=LINE('',#6976,#3457);
#2918=LINE('',#6978,#3458);
#2919=LINE('',#6980,#3459);
#2920=LINE('',#6982,#3460);
#2921=LINE('',#6984,#3461);
#2922=LINE('',#7016,#3462);
#2923=LINE('',#7022,#3463);
#2924=LINE('',#7024,#3464);
#2925=LINE('',#7026,#3465);
#2926=LINE('',#7028,#3466);
#2927=LINE('',#7034,#3467);
#2928=LINE('',#7038,#3468);
#2929=LINE('',#7042,#3469);
#2930=LINE('',#7044,#3470);
#2931=LINE('',#7049,#3471);
#2932=LINE('',#7054,#3472);
#2933=LINE('',#7056,#3473);
#2934=LINE('',#7058,#3474);
#2935=LINE('',#7060,#3475);
#2936=LINE('',#7062,#3476);
#2937=LINE('',#7066,#3477);
#2938=LINE('',#7070,#3478);
#2939=LINE('',#7077,#3479);
#2940=LINE('',#7079,#3480);
#2941=LINE('',#7081,#3481);
#2942=LINE('',#7082,#3482);
#2943=LINE('',#7084,#3483);
#2944=LINE('',#7086,#3484);
#2945=LINE('',#7088,#3485);
#2946=LINE('',#7092,#3486);
#2947=LINE('',#7094,#3487);
#2948=LINE('',#7096,#3488);
#2949=LINE('',#7097,#3489);
#2950=LINE('',#7099,#3490);
#2951=LINE('',#7102,#3491);
#2952=LINE('',#7103,#3492);
#2953=LINE('',#7105,#3493);
#2954=LINE('',#7107,#3494);
#2955=LINE('',#7108,#3495);
#2956=LINE('',#7110,#3496);
#2957=LINE('',#7113,#3497);
#2958=LINE('',#7115,#3498);
#2959=LINE('',#7117,#3499);
#2960=LINE('',#7119,#3500);
#2961=LINE('',#7120,#3501);
#2962=LINE('',#7122,#3502);
#2963=LINE('',#7125,#3503);
#2964=LINE('',#7127,#3504);
#2965=LINE('',#7129,#3505);
#2966=LINE('',#7131,#3506);
#2967=LINE('',#7132,#3507);
#2968=LINE('',#7134,#3508);
#2969=LINE('',#7137,#3509);
#2970=LINE('',#7139,#3510);
#2971=LINE('',#7141,#3511);
#2972=LINE('',#7143,#3512);
#2973=LINE('',#7145,#3513);
#2974=LINE('',#7154,#3514);
#2975=LINE('',#7158,#3515);
#2976=LINE('',#7160,#3516);
#2977=LINE('',#7163,#3517);
#2978=LINE('',#7164,#3518);
#2979=LINE('',#7168,#3519);
#2980=LINE('',#7169,#3520);
#2981=LINE('',#7170,#3521);
#2982=LINE('',#7172,#3522);
#2983=LINE('',#7175,#3523);
#2984=LINE('',#7176,#3524);
#2985=LINE('',#7180,#3525);
#2986=LINE('',#7181,#3526);
#2987=LINE('',#7191,#3527);
#2988=LINE('',#7193,#3528);
#2989=LINE('',#7196,#3529);
#2990=LINE('',#7198,#3530);
#2991=LINE('',#7200,#3531);
#2992=LINE('',#7202,#3532);
#2993=LINE('',#7204,#3533);
#2994=LINE('',#7206,#3534);
#2995=LINE('',#7208,#3535);
#2996=LINE('',#7210,#3536);
#2997=LINE('',#7212,#3537);
#2998=LINE('',#7214,#3538);
#2999=LINE('',#7216,#3539);
#3000=LINE('',#7218,#3540);
#3001=LINE('',#7220,#3541);
#3002=LINE('',#7222,#3542);
#3003=LINE('',#7224,#3543);
#3004=LINE('',#7225,#3544);
#3005=LINE('',#7227,#3545);
#3006=LINE('',#7229,#3546);
#3007=LINE('',#7231,#3547);
#3008=LINE('',#7233,#3548);
#3009=LINE('',#7235,#3549);
#3010=LINE('',#7237,#3550);
#3011=LINE('',#7239,#3551);
#3012=LINE('',#7241,#3552);
#3013=LINE('',#7243,#3553);
#3014=LINE('',#7245,#3554);
#3015=LINE('',#7253,#3555);
#3016=LINE('',#7261,#3556);
#3017=LINE('',#7263,#3557);
#3018=LINE('',#7265,#3558);
#3019=LINE('',#7267,#3559);
#3020=LINE('',#7269,#3560);
#3021=LINE('',#7271,#3561);
#3022=LINE('',#7273,#3562);
#3023=LINE('',#7275,#3563);
#3024=LINE('',#7277,#3564);
#3025=LINE('',#7279,#3565);
#3026=LINE('',#7281,#3566);
#3027=LINE('',#7283,#3567);
#3028=LINE('',#7285,#3568);
#3029=LINE('',#7287,#3569);
#3030=LINE('',#7289,#3570);
#3031=LINE('',#7291,#3571);
#3032=LINE('',#7293,#3572);
#3033=LINE('',#7294,#3573);
#3034=LINE('',#7319,#3574);
#3035=LINE('',#7321,#3575);
#3036=LINE('',#7346,#3576);
#3037=LINE('',#7348,#3577);
#3038=LINE('',#7350,#3578);
#3039=LINE('',#7352,#3579);
#3040=LINE('',#7368,#3580);
#3041=LINE('',#7369,#3581);
#3042=LINE('',#7371,#3582);
#3043=LINE('',#7373,#3583);
#3044=LINE('',#7376,#3584);
#3045=LINE('',#7377,#3585);
#3046=LINE('',#7379,#3586);
#3047=LINE('',#7381,#3587);
#3048=LINE('',#7400,#3588);
#3049=LINE('',#7402,#3589);
#3050=LINE('',#7420,#3590);
#3051=LINE('',#7422,#3591);
#3052=LINE('',#7424,#3592);
#3053=LINE('',#7426,#3593);
#3054=LINE('',#7428,#3594);
#3055=LINE('',#7430,#3595);
#3056=LINE('',#7433,#3596);
#3057=LINE('',#7435,#3597);
#3058=LINE('',#7437,#3598);
#3059=LINE('',#7439,#3599);
#3060=LINE('',#7441,#3600);
#3061=LINE('',#7443,#3601);
#3062=LINE('',#7445,#3602);
#3063=LINE('',#7447,#3603);
#3064=LINE('',#7449,#3604);
#3065=LINE('',#7455,#3605);
#3066=LINE('',#7457,#3606);
#3067=LINE('',#7459,#3607);
#3068=LINE('',#7461,#3608);
#3069=LINE('',#7463,#3609);
#3070=LINE('',#7469,#3610);
#3071=LINE('',#7471,#3611);
#3072=LINE('',#7473,#3612);
#3073=LINE('',#7475,#3613);
#3074=LINE('',#7478,#3614);
#3075=LINE('',#7480,#3615);
#3076=LINE('',#7482,#3616);
#3077=LINE('',#7488,#3617);
#3078=LINE('',#7490,#3618);
#3079=LINE('',#7492,#3619);
#3080=LINE('',#7494,#3620);
#3081=LINE('',#7496,#3621);
#3082=LINE('',#7498,#3622);
#3083=LINE('',#7500,#3623);
#3084=LINE('',#7502,#3624);
#3085=LINE('',#7504,#3625);
#3086=LINE('',#7506,#3626);
#3087=LINE('',#7540,#3627);
#3088=LINE('',#7545,#3628);
#3089=LINE('',#7548,#3629);
#3090=LINE('',#7551,#3630);
#3091=LINE('',#7552,#3631);
#3092=LINE('',#7554,#3632);
#3093=LINE('',#7556,#3633);
#3094=LINE('',#7559,#3634);
#3095=LINE('',#7562,#3635);
#3096=LINE('',#7564,#3636);
#3097=LINE('',#7566,#3637);
#3098=LINE('',#7568,#3638);
#3099=LINE('',#7573,#3639);
#3100=LINE('',#7579,#3640);
#3101=LINE('',#7583,#3641);
#3102=LINE('',#7586,#3642);
#3103=LINE('',#7588,#3643);
#3104=LINE('',#7590,#3644);
#3105=LINE('',#7592,#3645);
#3106=LINE('',#7597,#3646);
#3107=LINE('',#7604,#3647);
#3108=LINE('',#7607,#3648);
#3109=LINE('',#7608,#3649);
#3110=LINE('',#7610,#3650);
#3111=LINE('',#7613,#3651);
#3112=LINE('',#7614,#3652);
#3113=LINE('',#7616,#3653);
#3114=LINE('',#7622,#3654);
#3115=LINE('',#7625,#3655);
#3116=LINE('',#7627,#3656);
#3117=LINE('',#7629,#3657);
#3118=LINE('',#7633,#3658);
#3119=LINE('',#7634,#3659);
#3120=LINE('',#7635,#3660);
#3121=LINE('',#7636,#3661);
#3122=LINE('',#7638,#3662);
#3123=LINE('',#7641,#3663);
#3124=LINE('',#7642,#3664);
#3125=LINE('',#7643,#3665);
#3126=LINE('',#7645,#3666);
#3127=LINE('',#7647,#3667);
#3128=LINE('',#7653,#3668);
#3129=LINE('',#7656,#3669);
#3130=LINE('',#7658,#3670);
#3131=LINE('',#7660,#3671);
#3132=LINE('',#7664,#3672);
#3133=LINE('',#7665,#3673);
#3134=LINE('',#7666,#3674);
#3135=LINE('',#7668,#3675);
#3136=LINE('',#7671,#3676);
#3137=LINE('',#7672,#3677);
#3138=LINE('',#7674,#3678);
#3139=LINE('',#7676,#3679);
#3140=LINE('',#7680,#3680);
#3141=LINE('',#7685,#3681);
#3142=LINE('',#7688,#3682);
#3143=LINE('',#7690,#3683);
#3144=LINE('',#7695,#3684);
#3145=LINE('',#7699,#3685);
#3146=LINE('',#7700,#3686);
#3147=LINE('',#7702,#3687);
#3148=LINE('',#7707,#3688);
#3149=LINE('',#7711,#3689);
#3150=LINE('',#7712,#3690);
#3151=LINE('',#7714,#3691);
#3152=LINE('',#7716,#3692);
#3153=LINE('',#7750,#3693);
#3154=LINE('',#7757,#3694);
#3155=LINE('',#7759,#3695);
#3156=LINE('',#7761,#3696);
#3157=LINE('',#7765,#3697);
#3158=LINE('',#7767,#3698);
#3159=LINE('',#7769,#3699);
#3160=LINE('',#7774,#3700);
#3161=LINE('',#7775,#3701);
#3162=LINE('',#7777,#3702);
#3163=LINE('',#7779,#3703);
#3164=LINE('',#7794,#3704);
#3165=LINE('',#7796,#3705);
#3166=LINE('',#7798,#3706);
#3167=LINE('',#7800,#3707);
#3168=LINE('',#7829,#3708);
#3169=LINE('',#7831,#3709);
#3170=LINE('',#7832,#3710);
#3171=LINE('',#7834,#3711);
#3172=LINE('',#7838,#3712);
#3173=LINE('',#7840,#3713);
#3174=LINE('',#7842,#3714);
#3175=LINE('',#7845,#3715);
#3176=LINE('',#7847,#3716);
#3177=LINE('',#7849,#3717);
#3178=LINE('',#7851,#3718);
#3179=LINE('',#7853,#3719);
#3180=LINE('',#7855,#3720);
#3181=LINE('',#7857,#3721);
#3182=LINE('',#7860,#3722);
#3183=LINE('',#7862,#3723);
#3184=LINE('',#7864,#3724);
#3185=LINE('',#7866,#3725);
#3186=LINE('',#7867,#3726);
#3187=LINE('',#7869,#3727);
#3188=LINE('',#7870,#3728);
#3189=LINE('',#7872,#3729);
#3190=LINE('',#7874,#3730);
#3191=LINE('',#7876,#3731);
#3192=LINE('',#7878,#3732);
#3193=LINE('',#7880,#3733);
#3194=LINE('',#7882,#3734);
#3195=LINE('',#7884,#3735);
#3196=LINE('',#7886,#3736);
#3197=LINE('',#7888,#3737);
#3198=LINE('',#7890,#3738);
#3199=LINE('',#7892,#3739);
#3200=LINE('',#7894,#3740);
#3201=LINE('',#7896,#3741);
#3202=LINE('',#7900,#3742);
#3203=LINE('',#7903,#3743);
#3204=LINE('',#7904,#3744);
#3205=LINE('',#7906,#3745);
#3206=LINE('',#7909,#3746);
#3207=LINE('',#7910,#3747);
#3208=LINE('',#7912,#3748);
#3209=LINE('',#7914,#3749);
#3210=LINE('',#7916,#3750);
#3211=LINE('',#7918,#3751);
#3212=LINE('',#7920,#3752);
#3213=LINE('',#7922,#3753);
#3214=LINE('',#7924,#3754);
#3215=LINE('',#7926,#3755);
#3216=LINE('',#7928,#3756);
#3217=LINE('',#7930,#3757);
#3218=LINE('',#7932,#3758);
#3219=LINE('',#7935,#3759);
#3220=LINE('',#7937,#3760);
#3221=LINE('',#7939,#3761);
#3222=LINE('',#7941,#3762);
#3223=LINE('',#7947,#3763);
#3224=LINE('',#7950,#3764);
#3225=LINE('',#7951,#3765);
#3226=LINE('',#7954,#3766);
#3227=LINE('',#7956,#3767);
#3228=LINE('',#7961,#3768);
#3229=LINE('',#7964,#3769);
#3230=LINE('',#7966,#3770);
#3231=LINE('',#7968,#3771);
#3232=LINE('',#7970,#3772);
#3233=LINE('',#7976,#3773);
#3234=LINE('',#7979,#3774);
#3235=LINE('',#7980,#3775);
#3236=LINE('',#7983,#3776);
#3237=LINE('',#7985,#3777);
#3238=LINE('',#7990,#3778);
#3239=LINE('',#7992,#3779);
#3240=LINE('',#7994,#3780);
#3241=LINE('',#7996,#3781);
#3242=LINE('',#7998,#3782);
#3243=LINE('',#8000,#3783);
#3244=LINE('',#8002,#3784);
#3245=LINE('',#8004,#3785);
#3246=LINE('',#8006,#3786);
#3247=LINE('',#8008,#3787);
#3248=LINE('',#8010,#3788);
#3249=LINE('',#8012,#3789);
#3250=LINE('',#8014,#3790);
#3251=LINE('',#8016,#3791);
#3252=LINE('',#8018,#3792);
#3253=LINE('',#8020,#3793);
#3254=LINE('',#8022,#3794);
#3255=LINE('',#8024,#3795);
#3256=LINE('',#8026,#3796);
#3257=LINE('',#8028,#3797);
#3258=LINE('',#8030,#3798);
#3259=LINE('',#8032,#3799);
#3260=LINE('',#8034,#3800);
#3261=LINE('',#8036,#3801);
#3262=LINE('',#8038,#3802);
#3263=LINE('',#8039,#3803);
#3264=LINE('',#8041,#3804);
#3265=LINE('',#8043,#3805);
#3266=LINE('',#8045,#3806);
#3267=LINE('',#8046,#3807);
#3268=LINE('',#8049,#3808);
#3269=LINE('',#8052,#3809);
#3270=LINE('',#8054,#3810);
#3271=LINE('',#8056,#3811);
#3272=LINE('',#8058,#3812);
#3273=LINE('',#8064,#3813);
#3274=LINE('',#8066,#3814);
#3275=LINE('',#8068,#3815);
#3276=LINE('',#8073,#3816);
#3277=LINE('',#8076,#3817);
#3278=LINE('',#8078,#3818);
#3279=LINE('',#8080,#3819);
#3280=LINE('',#8082,#3820);
#3281=LINE('',#8088,#3821);
#3282=LINE('',#8090,#3822);
#3283=LINE('',#8092,#3823);
#3284=LINE('',#8097,#3824);
#3285=LINE('',#8100,#3825);
#3286=LINE('',#8102,#3826);
#3287=LINE('',#8104,#3827);
#3288=LINE('',#8106,#3828);
#3289=LINE('',#8112,#3829);
#3290=LINE('',#8115,#3830);
#3291=LINE('',#8116,#3831);
#3292=LINE('',#8119,#3832);
#3293=LINE('',#8121,#3833);
#3294=LINE('',#8126,#3834);
#3295=LINE('',#8129,#3835);
#3296=LINE('',#8131,#3836);
#3297=LINE('',#8133,#3837);
#3298=LINE('',#8135,#3838);
#3299=LINE('',#8141,#3839);
#3300=LINE('',#8144,#3840);
#3301=LINE('',#8145,#3841);
#3302=LINE('',#8148,#3842);
#3303=LINE('',#8150,#3843);
#3304=LINE('',#8155,#3844);
#3305=LINE('',#8158,#3845);
#3306=LINE('',#8160,#3846);
#3307=LINE('',#8162,#3847);
#3308=LINE('',#8164,#3848);
#3309=LINE('',#8167,#3849);
#3310=LINE('',#8168,#3850);
#3311=LINE('',#8172,#3851);
#3312=LINE('',#8178,#3852);
#3313=LINE('',#8187,#3853);
#3314=LINE('',#8195,#3854);
#3315=LINE('',#8199,#3855);
#3316=LINE('',#8203,#3856);
#3317=LINE('',#8209,#3857);
#3318=LINE('',#8211,#3858);
#3319=LINE('',#8213,#3859);
#3320=LINE('',#8217,#3860);
#3321=LINE('',#8219,#3861);
#3322=LINE('',#8240,#3862);
#3323=LINE('',#8241,#3863);
#3324=LINE('',#8243,#3864);
#3325=LINE('',#8245,#3865);
#3326=LINE('',#8248,#3866);
#3327=LINE('',#8251,#3867);
#3328=LINE('',#8253,#3868);
#3329=LINE('',#8255,#3869);
#3330=LINE('',#8257,#3870);
#3331=LINE('',#8260,#3871);
#3332=LINE('',#8261,#3872);
#3333=LINE('',#8265,#3873);
#3334=LINE('',#8271,#3874);
#3335=LINE('',#8278,#3875);
#3336=LINE('',#8288,#3876);
#3337=LINE('',#8290,#3877);
#3338=LINE('',#8298,#3878);
#3339=LINE('',#8302,#3879);
#3340=LINE('',#8304,#3880);
#3341=LINE('',#8306,#3881);
#3342=LINE('',#8310,#3882);
#3343=LINE('',#8312,#3883);
#3344=LINE('',#8333,#3884);
#3345=LINE('',#8334,#3885);
#3346=LINE('',#8336,#3886);
#3347=LINE('',#8338,#3887);
#3348=VECTOR('',#5303,1.);
#3349=VECTOR('',#5304,1.);
#3350=VECTOR('',#5305,1.);
#3351=VECTOR('',#5306,1.);
#3352=VECTOR('',#5307,1.);
#3353=VECTOR('',#5308,1.);
#3354=VECTOR('',#5309,1.);
#3355=VECTOR('',#5310,1.);
#3356=VECTOR('',#5311,1.);
#3357=VECTOR('',#5312,1.);
#3358=VECTOR('',#5313,1.);
#3359=VECTOR('',#5314,1.);
#3360=VECTOR('',#5315,1.);
#3361=VECTOR('',#5316,1.);
#3362=VECTOR('',#5317,1.);
#3363=VECTOR('',#5318,1.);
#3364=VECTOR('',#5321,1.);
#3365=VECTOR('',#5322,1.);
#3366=VECTOR('',#5323,1.);
#3367=VECTOR('',#5324,1.);
#3368=VECTOR('',#5325,1.);
#3369=VECTOR('',#5326,1.);
#3370=VECTOR('',#5327,1.);
#3371=VECTOR('',#5328,1.);
#3372=VECTOR('',#5331,1.);
#3373=VECTOR('',#5334,1.);
#3374=VECTOR('',#5339,1.);
#3375=VECTOR('',#5342,1.);
#3376=VECTOR('',#5347,1.);
#3377=VECTOR('',#5348,1.);
#3378=VECTOR('',#5349,1.);
#3379=VECTOR('',#5350,1.);
#3380=VECTOR('',#5351,1.);
#3381=VECTOR('',#5352,1.);
#3382=VECTOR('',#5353,1.);
#3383=VECTOR('',#5354,1.);
#3384=VECTOR('',#5357,1.);
#3385=VECTOR('',#5358,1.);
#3386=VECTOR('',#5359,1.);
#3387=VECTOR('',#5362,1.);
#3388=VECTOR('',#5363,1.);
#3389=VECTOR('',#5366,1.);
#3390=VECTOR('',#5367,1.);
#3391=VECTOR('',#5370,1.);
#3392=VECTOR('',#5371,1.);
#3393=VECTOR('',#5372,1.);
#3394=VECTOR('',#5373,1.);
#3395=VECTOR('',#5374,1.);
#3396=VECTOR('',#5375,1.);
#3397=VECTOR('',#5376,1.);
#3398=VECTOR('',#5377,1.);
#3399=VECTOR('',#5378,1.);
#3400=VECTOR('',#5379,1.);
#3401=VECTOR('',#5380,1.);
#3402=VECTOR('',#5381,1.);
#3403=VECTOR('',#5382,1.);
#3404=VECTOR('',#5385,1.);
#3405=VECTOR('',#5386,1.);
#3406=VECTOR('',#5389,1.);
#3407=VECTOR('',#5392,1.);
#3408=VECTOR('',#5395,1.);
#3409=VECTOR('',#5396,1.);
#3410=VECTOR('',#5397,1.);
#3411=VECTOR('',#5398,1.);
#3412=VECTOR('',#5399,1.);
#3413=VECTOR('',#5400,1.);
#3414=VECTOR('',#5401,1.);
#3415=VECTOR('',#5402,1.);
#3416=VECTOR('',#5405,1.);
#3417=VECTOR('',#5410,1.);
#3418=VECTOR('',#5411,1.);
#3419=VECTOR('',#5412,1.);
#3420=VECTOR('',#5415,1.);
#3421=VECTOR('',#5416,1.);
#3422=VECTOR('',#5419,1.);
#3423=VECTOR('',#5420,1.);
#3424=VECTOR('',#5421,1.);
#3425=VECTOR('',#5422,1.);
#3426=VECTOR('',#5423,1.);
#3427=VECTOR('',#5430,1.);
#3428=VECTOR('',#5431,1.);
#3429=VECTOR('',#5432,1.);
#3430=VECTOR('',#5433,1.);
#3431=VECTOR('',#5434,1.);
#3432=VECTOR('',#5435,1.);
#3433=VECTOR('',#5436,1.);
#3434=VECTOR('',#5437,1.);
#3435=VECTOR('',#5440,1.);
#3436=VECTOR('',#5445,1.);
#3437=VECTOR('',#5446,1.);
#3438=VECTOR('',#5447,1.);
#3439=VECTOR('',#5448,1.);
#3440=VECTOR('',#5451,1.);
#3441=VECTOR('',#5456,1.);
#3442=VECTOR('',#5459,1.);
#3443=VECTOR('',#5460,1.);
#3444=VECTOR('',#5461,1.);
#3445=VECTOR('',#5462,1.);
#3446=VECTOR('',#5467,1.);
#3447=VECTOR('',#5468,1.);
#3448=VECTOR('',#5469,1.);
#3449=VECTOR('',#5470,1.);
#3450=VECTOR('',#5473,1.);
#3451=VECTOR('',#5474,1.);
#3452=VECTOR('',#5475,1.);
#3453=VECTOR('',#5478,1.);
#3454=VECTOR('',#5479,1.);
#3455=VECTOR('',#5482,1.);
#3456=VECTOR('',#5483,1.);
#3457=VECTOR('',#5484,1.);
#3458=VECTOR('',#5485,1.);
#3459=VECTOR('',#5488,1.);
#3460=VECTOR('',#5489,1.);
#3461=VECTOR('',#5490,1.);
#3462=VECTOR('',#5491,1.);
#3463=VECTOR('',#5494,1.);
#3464=VECTOR('',#5497,1.);
#3465=VECTOR('',#5498,1.);
#3466=VECTOR('',#5501,1.);
#3467=VECTOR('',#5508,1.);
#3468=VECTOR('',#5513,1.);
#3469=VECTOR('',#5518,1.);
#3470=VECTOR('',#5521,1.);
#3471=VECTOR('',#5524,1.);
#3472=VECTOR('',#5531,1.);
#3473=VECTOR('',#5532,1.);
#3474=VECTOR('',#5533,1.);
#3475=VECTOR('',#5536,1.);
#3476=VECTOR('',#5537,1.);
#3477=VECTOR('',#5542,1.);
#3478=VECTOR('',#5545,1.);
#3479=VECTOR('',#5552,1.);
#3480=VECTOR('',#5553,1.);
#3481=VECTOR('',#5554,1.);
#3482=VECTOR('',#5555,1.);
#3483=VECTOR('',#5556,1.);
#3484=VECTOR('',#5557,1.);
#3485=VECTOR('',#5560,1.);
#3486=VECTOR('',#5563,1.);
#3487=VECTOR('',#5564,1.);
#3488=VECTOR('',#5567,1.);
#3489=VECTOR('',#5568,1.);
#3490=VECTOR('',#5571,1.);
#3491=VECTOR('',#5572,1.);
#3492=VECTOR('',#5573,1.);
#3493=VECTOR('',#5574,1.);
#3494=VECTOR('',#5575,1.);
#3495=VECTOR('',#5576,1.);
#3496=VECTOR('',#5579,1.);
#3497=VECTOR('',#5580,1.);
#3498=VECTOR('',#5581,1.);
#3499=VECTOR('',#5582,1.);
#3500=VECTOR('',#5585,1.);
#3501=VECTOR('',#5586,1.);
#3502=VECTOR('',#5589,1.);
#3503=VECTOR('',#5590,1.);
#3504=VECTOR('',#5591,1.);
#3505=VECTOR('',#5592,1.);
#3506=VECTOR('',#5595,1.);
#3507=VECTOR('',#5596,1.);
#3508=VECTOR('',#5599,1.);
#3509=VECTOR('',#5600,1.);
#3510=VECTOR('',#5601,1.);
#3511=VECTOR('',#5602,1.);
#3512=VECTOR('',#5603,1.);
#3513=VECTOR('',#5604,1.);
#3514=VECTOR('',#5607,1.);
#3515=VECTOR('',#5610,1.);
#3516=VECTOR('',#5613,1.);
#3517=VECTOR('',#5614,1.);
#3518=VECTOR('',#5615,1.);
#3519=VECTOR('',#5620,1.);
#3520=VECTOR('',#5621,1.);
#3521=VECTOR('',#5622,1.);
#3522=VECTOR('',#5625,1.);
#3523=VECTOR('',#5626,1.);
#3524=VECTOR('',#5627,1.);
#3525=VECTOR('',#5632,1.);
#3526=VECTOR('',#5633,1.);
#3527=VECTOR('',#5638,1.);
#3528=VECTOR('',#5641,1.);
#3529=VECTOR('',#5642,1.);
#3530=VECTOR('',#5643,1.);
#3531=VECTOR('',#5644,1.);
#3532=VECTOR('',#5645,1.);
#3533=VECTOR('',#5646,1.);
#3534=VECTOR('',#5647,1.);
#3535=VECTOR('',#5648,1.);
#3536=VECTOR('',#5649,1.);
#3537=VECTOR('',#5650,1.);
#3538=VECTOR('',#5651,1.);
#3539=VECTOR('',#5652,1.);
#3540=VECTOR('',#5653,1.);
#3541=VECTOR('',#5654,1.);
#3542=VECTOR('',#5655,1.);
#3543=VECTOR('',#5656,1.);
#3544=VECTOR('',#5657,1.);
#3545=VECTOR('',#5658,1.);
#3546=VECTOR('',#5659,1.);
#3547=VECTOR('',#5660,1.);
#3548=VECTOR('',#5661,1.);
#3549=VECTOR('',#5662,1.);
#3550=VECTOR('',#5663,1.);
#3551=VECTOR('',#5664,1.);
#3552=VECTOR('',#5665,1.);
#3553=VECTOR('',#5666,1.);
#3554=VECTOR('',#5667,1.);
#3555=VECTOR('',#5670,1.);
#3556=VECTOR('',#5673,1.);
#3557=VECTOR('',#5676,1.);
#3558=VECTOR('',#5677,1.);
#3559=VECTOR('',#5678,1.);
#3560=VECTOR('',#5681,1.);
#3561=VECTOR('',#5682,1.);
#3562=VECTOR('',#5685,1.);
#3563=VECTOR('',#5686,1.);
#3564=VECTOR('',#5687,1.);
#3565=VECTOR('',#5690,1.);
#3566=VECTOR('',#5691,1.);
#3567=VECTOR('',#5692,1.);
#3568=VECTOR('',#5695,1.);
#3569=VECTOR('',#5696,1.);
#3570=VECTOR('',#5699,1.);
#3571=VECTOR('',#5700,1.);
#3572=VECTOR('',#5703,1.);
#3573=VECTOR('',#5704,1.);
#3574=VECTOR('',#5705,1.);
#3575=VECTOR('',#5708,1.);
#3576=VECTOR('',#5709,1.);
#3577=VECTOR('',#5712,1.);
#3578=VECTOR('',#5713,1.);
#3579=VECTOR('',#5716,1.);
#3580=VECTOR('',#5747,1.);
#3581=VECTOR('',#5748,1.);
#3582=VECTOR('',#5751,1.);
#3583=VECTOR('',#5754,1.);
#3584=VECTOR('',#5759,1.);
#3585=VECTOR('',#5760,1.);
#3586=VECTOR('',#5763,1.);
#3587=VECTOR('',#5766,1.);
#3588=VECTOR('',#5775,1.);
#3589=VECTOR('',#5776,1.);
#3590=VECTOR('',#5783,1.);
#3591=VECTOR('',#5786,1.);
#3592=VECTOR('',#5789,1.);
#3593=VECTOR('',#5790,1.);
#3594=VECTOR('',#5791,1.);
#3595=VECTOR('',#5794,1.);
#3596=VECTOR('',#5795,1.);
#3597=VECTOR('',#5796,1.);
#3598=VECTOR('',#5797,1.);
#3599=VECTOR('',#5800,1.);
#3600=VECTOR('',#5801,1.);
#3601=VECTOR('',#5802,1.);
#3602=VECTOR('',#5805,1.);
#3603=VECTOR('',#5806,1.);
#3604=VECTOR('',#5807,1.);
#3605=VECTOR('',#5814,1.);
#3606=VECTOR('',#5817,1.);
#3607=VECTOR('',#5818,1.);
#3608=VECTOR('',#5819,1.);
#3609=VECTOR('',#5822,1.);
#3610=VECTOR('',#5829,1.);
#3611=VECTOR('',#5830,1.);
#3612=VECTOR('',#5831,1.);
#3613=VECTOR('',#5834,1.);
#3614=VECTOR('',#5835,1.);
#3615=VECTOR('',#5836,1.);
#3616=VECTOR('',#5837,1.);
#3617=VECTOR('',#5844,1.);
#3618=VECTOR('',#5847,1.);
#3619=VECTOR('',#5848,1.);
#3620=VECTOR('',#5849,1.);
#3621=VECTOR('',#5852,1.);
#3622=VECTOR('',#5853,1.);
#3623=VECTOR('',#5854,1.);
#3624=VECTOR('',#5857,1.);
#3625=VECTOR('',#5858,1.);
#3626=VECTOR('',#5859,1.);
#3627=VECTOR('',#5862,1.);
#3628=VECTOR('',#5865,1.);
#3629=VECTOR('',#5868,1.);
#3630=VECTOR('',#5869,1.);
#3631=VECTOR('',#5870,1.);
#3632=VECTOR('',#5871,1.);
#3633=VECTOR('',#5872,1.);
#3634=VECTOR('',#5877,1.);
#3635=VECTOR('',#5878,1.);
#3636=VECTOR('',#5879,1.);
#3637=VECTOR('',#5880,1.);
#3638=VECTOR('',#5883,1.);
#3639=VECTOR('',#5886,1.);
#3640=VECTOR('',#5893,1.);
#3641=VECTOR('',#5898,1.);
#3642=VECTOR('',#5899,1.);
#3643=VECTOR('',#5900,1.);
#3644=VECTOR('',#5901,1.);
#3645=VECTOR('',#5904,1.);
#3646=VECTOR('',#5907,1.);
#3647=VECTOR('',#5918,1.);
#3648=VECTOR('',#5919,1.);
#3649=VECTOR('',#5920,1.);
#3650=VECTOR('',#5923,1.);
#3651=VECTOR('',#5924,1.);
#3652=VECTOR('',#5925,1.);
#3653=VECTOR('',#5928,1.);
#3654=VECTOR('',#5935,1.);
#3655=VECTOR('',#5936,1.);
#3656=VECTOR('',#5937,1.);
#3657=VECTOR('',#5938,1.);
#3658=VECTOR('',#5943,1.);
#3659=VECTOR('',#5944,1.);
#3660=VECTOR('',#5945,1.);
#3661=VECTOR('',#5946,1.);
#3662=VECTOR('',#5949,1.);
#3663=VECTOR('',#5952,1.);
#3664=VECTOR('',#5953,1.);
#3665=VECTOR('',#5954,1.);
#3666=VECTOR('',#5957,1.);
#3667=VECTOR('',#5960,1.);
#3668=VECTOR('',#5967,1.);
#3669=VECTOR('',#5968,1.);
#3670=VECTOR('',#5969,1.);
#3671=VECTOR('',#5970,1.);
#3672=VECTOR('',#5975,1.);
#3673=VECTOR('',#5976,1.);
#3674=VECTOR('',#5977,1.);
#3675=VECTOR('',#5980,1.);
#3676=VECTOR('',#5983,1.);
#3677=VECTOR('',#5984,1.);
#3678=VECTOR('',#5987,1.);
#3679=VECTOR('',#5990,1.);
#3680=VECTOR('',#5995,1.);
#3681=VECTOR('',#5998,1.);
#3682=VECTOR('',#6001,1.);
#3683=VECTOR('',#6002,1.);
#3684=VECTOR('',#6007,1.);
#3685=VECTOR('',#6010,1.);
#3686=VECTOR('',#6011,1.);
#3687=VECTOR('',#6012,1.);
#3688=VECTOR('',#6017,1.);
#3689=VECTOR('',#6020,1.);
#3690=VECTOR('',#6021,1.);
#3691=VECTOR('',#6022,1.);
#3692=VECTOR('',#6025,1.);
#3693=VECTOR('',#6028,1.);
#3694=VECTOR('',#6031,1.);
#3695=VECTOR('',#6032,1.);
#3696=VECTOR('',#6033,1.);
#3697=VECTOR('',#6038,1.);
#3698=VECTOR('',#6039,1.);
#3699=VECTOR('',#6040,1.);
#3700=VECTOR('',#6045,1.);
#3701=VECTOR('',#6046,1.);
#3702=VECTOR('',#6049,1.);
#3703=VECTOR('',#6052,1.);
#3704=VECTOR('',#6057,1.);
#3705=VECTOR('',#6058,1.);
#3706=VECTOR('',#6059,1.);
#3707=VECTOR('',#6060,1.);
#3708=VECTOR('',#6065,1.);
#3709=VECTOR('',#6066,1.);
#3710=VECTOR('',#6067,1.);
#3711=VECTOR('',#6070,1.);
#3712=VECTOR('',#6073,1.);
#3713=VECTOR('',#6076,1.);
#3714=VECTOR('',#6079,1.);
#3715=VECTOR('',#6080,1.);
#3716=VECTOR('',#6081,1.);
#3717=VECTOR('',#6082,1.);
#3718=VECTOR('',#6085,1.);
#3719=VECTOR('',#6086,1.);
#3720=VECTOR('',#6087,1.);
#3721=VECTOR('',#6090,1.);
#3722=VECTOR('',#6091,1.);
#3723=VECTOR('',#6092,1.);
#3724=VECTOR('',#6093,1.);
#3725=VECTOR('',#6096,1.);
#3726=VECTOR('',#6097,1.);
#3727=VECTOR('',#6100,1.);
#3728=VECTOR('',#6101,1.);
#3729=VECTOR('',#6104,1.);
#3730=VECTOR('',#6105,1.);
#3731=VECTOR('',#6106,1.);
#3732=VECTOR('',#6109,1.);
#3733=VECTOR('',#6112,1.);
#3734=VECTOR('',#6115,1.);
#3735=VECTOR('',#6116,1.);
#3736=VECTOR('',#6117,1.);
#3737=VECTOR('',#6120,1.);
#3738=VECTOR('',#6123,1.);
#3739=VECTOR('',#6124,1.);
#3740=VECTOR('',#6125,1.);
#3741=VECTOR('',#6128,1.);
#3742=VECTOR('',#6135,1.);
#3743=VECTOR('',#6136,1.);
#3744=VECTOR('',#6137,1.);
#3745=VECTOR('',#6140,1.);
#3746=VECTOR('',#6141,1.);
#3747=VECTOR('',#6142,1.);
#3748=VECTOR('',#6145,1.);
#3749=VECTOR('',#6146,1.);
#3750=VECTOR('',#6149,1.);
#3751=VECTOR('',#6150,1.);
#3752=VECTOR('',#6153,1.);
#3753=VECTOR('',#6154,1.);
#3754=VECTOR('',#6157,1.);
#3755=VECTOR('',#6158,1.);
#3756=VECTOR('',#6161,1.);
#3757=VECTOR('',#6164,1.);
#3758=VECTOR('',#6167,1.);
#3759=VECTOR('',#6168,1.);
#3760=VECTOR('',#6169,1.);
#3761=VECTOR('',#6170,1.);
#3762=VECTOR('',#6173,1.);
#3763=VECTOR('',#6180,1.);
#3764=VECTOR('',#6181,1.);
#3765=VECTOR('',#6182,1.);
#3766=VECTOR('',#6187,1.);
#3767=VECTOR('',#6190,1.);
#3768=VECTOR('',#6199,1.);
#3769=VECTOR('',#6200,1.);
#3770=VECTOR('',#6201,1.);
#3771=VECTOR('',#6202,1.);
#3772=VECTOR('',#6205,1.);
#3773=VECTOR('',#6212,1.);
#3774=VECTOR('',#6213,1.);
#3775=VECTOR('',#6214,1.);
#3776=VECTOR('',#6219,1.);
#3777=VECTOR('',#6222,1.);
#3778=VECTOR('',#6231,1.);
#3779=VECTOR('',#6232,1.);
#3780=VECTOR('',#6235,1.);
#3781=VECTOR('',#6236,1.);
#3782=VECTOR('',#6237,1.);
#3783=VECTOR('',#6240,1.);
#3784=VECTOR('',#6243,1.);
#3785=VECTOR('',#6244,1.);
#3786=VECTOR('',#6247,1.);
#3787=VECTOR('',#6248,1.);
#3788=VECTOR('',#6249,1.);
#3789=VECTOR('',#6252,1.);
#3790=VECTOR('',#6255,1.);
#3791=VECTOR('',#6256,1.);
#3792=VECTOR('',#6259,1.);
#3793=VECTOR('',#6260,1.);
#3794=VECTOR('',#6263,1.);
#3795=VECTOR('',#6264,1.);
#3796=VECTOR('',#6265,1.);
#3797=VECTOR('',#6268,1.);
#3798=VECTOR('',#6271,1.);
#3799=VECTOR('',#6272,1.);
#3800=VECTOR('',#6273,1.);
#3801=VECTOR('',#6274,1.);
#3802=VECTOR('',#6275,1.);
#3803=VECTOR('',#6276,1.);
#3804=VECTOR('',#6277,1.);
#3805=VECTOR('',#6278,1.);
#3806=VECTOR('',#6281,1.);
#3807=VECTOR('',#6282,1.);
#3808=VECTOR('',#6287,1.);
#3809=VECTOR('',#6288,1.);
#3810=VECTOR('',#6289,1.);
#3811=VECTOR('',#6290,1.);
#3812=VECTOR('',#6293,1.);
#3813=VECTOR('',#6300,1.);
#3814=VECTOR('',#6301,1.);
#3815=VECTOR('',#6302,1.);
#3816=VECTOR('',#6311,1.);
#3817=VECTOR('',#6312,1.);
#3818=VECTOR('',#6313,1.);
#3819=VECTOR('',#6314,1.);
#3820=VECTOR('',#6317,1.);
#3821=VECTOR('',#6324,1.);
#3822=VECTOR('',#6325,1.);
#3823=VECTOR('',#6326,1.);
#3824=VECTOR('',#6335,1.);
#3825=VECTOR('',#6336,1.);
#3826=VECTOR('',#6337,1.);
#3827=VECTOR('',#6338,1.);
#3828=VECTOR('',#6341,1.);
#3829=VECTOR('',#6348,1.);
#3830=VECTOR('',#6349,1.);
#3831=VECTOR('',#6350,1.);
#3832=VECTOR('',#6355,1.);
#3833=VECTOR('',#6358,1.);
#3834=VECTOR('',#6367,1.);
#3835=VECTOR('',#6368,1.);
#3836=VECTOR('',#6369,1.);
#3837=VECTOR('',#6370,1.);
#3838=VECTOR('',#6373,1.);
#3839=VECTOR('',#6380,1.);
#3840=VECTOR('',#6381,1.);
#3841=VECTOR('',#6382,1.);
#3842=VECTOR('',#6387,1.);
#3843=VECTOR('',#6390,1.);
#3844=VECTOR('',#6399,1.);
#3845=VECTOR('',#6400,1.);
#3846=VECTOR('',#6401,1.);
#3847=VECTOR('',#6402,1.);
#3848=VECTOR('',#6405,1.);
#3849=VECTOR('',#6406,1.);
#3850=VECTOR('',#6407,1.);
#3851=VECTOR('',#6412,1.);
#3852=VECTOR('',#6419,1.);
#3853=VECTOR('',#6432,1.);
#3854=VECTOR('',#6443,1.);
#3855=VECTOR('',#6446,1.);
#3856=VECTOR('',#6451,1.);
#3857=VECTOR('',#6460,1.);
#3858=VECTOR('',#6461,1.);
#3859=VECTOR('',#6462,1.);
#3860=VECTOR('',#6469,1.);
#3861=VECTOR('',#6470,1.);
#3862=VECTOR('',#6507,1.);
#3863=VECTOR('',#6508,1.);
#3864=VECTOR('',#6511,1.);
#3865=VECTOR('',#6514,1.);
#3866=VECTOR('',#6519,1.);
#3867=VECTOR('',#6520,1.);
#3868=VECTOR('',#6521,1.);
#3869=VECTOR('',#6522,1.);
#3870=VECTOR('',#6525,1.);
#3871=VECTOR('',#6526,1.);
#3872=VECTOR('',#6527,1.);
#3873=VECTOR('',#6532,1.);
#3874=VECTOR('',#6539,1.);
#3875=VECTOR('',#6550,1.);
#3876=VECTOR('',#6563,1.);
#3877=VECTOR('',#6564,1.);
#3878=VECTOR('',#6573,1.);
#3879=VECTOR('',#6580,1.);
#3880=VECTOR('',#6581,1.);
#3881=VECTOR('',#6582,1.);
#3882=VECTOR('',#6589,1.);
#3883=VECTOR('',#6590,1.);
#3884=VECTOR('',#6627,1.);
#3885=VECTOR('',#6628,1.);
#3886=VECTOR('',#6631,1.);
#3887=VECTOR('',#6634,1.);
#3888=EDGE_LOOP('',(#276,#277,#278,#279,#280,#281,#282,#283,#284,#285,#286,
#287,#288,#289,#290,#291));
#3889=EDGE_LOOP('',(#292,#293,#294,#295,#296,#297,#298,#299));
#3890=EDGE_LOOP('',(#300,#301,#302,#303));
#3891=EDGE_LOOP('',(#304,#305,#306,#307));
#3892=EDGE_LOOP('',(#308,#309,#310,#311,#312,#313,#314,#315));
#3893=EDGE_LOOP('',(#316,#317,#318,#319));
#3894=EDGE_LOOP('',(#320,#321,#322,#323));
#3895=EDGE_LOOP('',(#324,#325,#326,#327));
#3896=EDGE_LOOP('',(#328,#329,#330,#331,#332,#333,#334,#335,#336,#337,#338,
#339,#340,#341,#342,#343));
#3897=EDGE_LOOP('',(#344,#345,#346,#347));
#3898=EDGE_LOOP('',(#348,#349,#350,#351));
#3899=EDGE_LOOP('',(#352,#353,#354,#355));
#3900=EDGE_LOOP('',(#356,#357,#358,#359));
#3901=EDGE_LOOP('',(#360,#361,#362,#363));
#3902=EDGE_LOOP('',(#364,#365,#366,#367));
#3903=EDGE_LOOP('',(#368,#369,#370,#371));
#3904=EDGE_LOOP('',(#372,#373,#374,#375));
#3905=EDGE_LOOP('',(#376,#377,#378,#379));
#3906=EDGE_LOOP('',(#380,#381,#382,#383));
#3907=EDGE_LOOP('',(#384,#385,#386,#387));
#3908=EDGE_LOOP('',(#388,#389,#390,#391));
#3909=EDGE_LOOP('',(#392,#393,#394,#395));
#3910=EDGE_LOOP('',(#396,#397,#398,#399));
#3911=EDGE_LOOP('',(#400,#401,#402,#403));
#3912=EDGE_LOOP('',(#404,#405,#406,#407));
#3913=EDGE_LOOP('',(#408,#409,#410,#411));
#3914=EDGE_LOOP('',(#412,#413,#414,#415));
#3915=EDGE_LOOP('',(#416,#417,#418,#419,#420,#421,#422,#423,#424,#425,#426,
#427));
#3916=EDGE_LOOP('',(#428,#429,#430,#431));
#3917=EDGE_LOOP('',(#432,#433,#434,#435));
#3918=EDGE_LOOP('',(#436,#437,#438,#439));
#3919=EDGE_LOOP('',(#440,#441,#442,#443));
#3920=EDGE_LOOP('',(#444,#445,#446,#447));
#3921=EDGE_LOOP('',(#448,#449,#450,#451));
#3922=EDGE_LOOP('',(#452,#453,#454,#455));
#3923=EDGE_LOOP('',(#456,#457,#458,#459));
#3924=EDGE_LOOP('',(#460,#461,#462,#463));
#3925=EDGE_LOOP('',(#464,#465,#466,#467));
#3926=EDGE_LOOP('',(#468,#469,#470,#471));
#3927=EDGE_LOOP('',(#472,#473,#474,#475));
#3928=EDGE_LOOP('',(#476,#477,#478,#479));
#3929=EDGE_LOOP('',(#480,#481,#482,#483,#484,#485));
#3930=EDGE_LOOP('',(#486,#487,#488,#489,#490,#491));
#3931=EDGE_LOOP('',(#492,#493,#494,#495));
#3932=EDGE_LOOP('',(#496,#497,#498,#499));
#3933=EDGE_LOOP('',(#500,#501,#502,#503,#504,#505));
#3934=EDGE_LOOP('',(#506,#507,#508,#509));
#3935=EDGE_LOOP('',(#510,#511,#512,#513));
#3936=EDGE_LOOP('',(#514,#515,#516,#517,#518,#519,#520,#521));
#3937=EDGE_LOOP('',(#522,#523,#524,#525,#526,#527));
#3938=EDGE_LOOP('',(#528,#529,#530,#531));
#3939=EDGE_LOOP('',(#532,#533,#534,#535,#536,#537,#538,#539));
#3940=EDGE_LOOP('',(#540,#541,#542,#543));
#3941=EDGE_LOOP('',(#544,#545,#546,#547));
#3942=EDGE_LOOP('',(#548,#549,#550,#551));
#3943=EDGE_LOOP('',(#552,#553,#554,#555));
#3944=EDGE_LOOP('',(#556,#557,#558,#559,#560,#561));
#3945=EDGE_LOOP('',(#562,#563,#564,#565));
#3946=EDGE_LOOP('',(#566,#567,#568,#569));
#3947=EDGE_LOOP('',(#570,#571,#572,#573,#574,#575,#576,#577));
#3948=EDGE_LOOP('',(#578,#579,#580,#581,#582,#583));
#3949=EDGE_LOOP('',(#584,#585,#586,#587,#588,#589,#590,#591));
#3950=EDGE_LOOP('',(#592,#593,#594,#595));
#3951=EDGE_LOOP('',(#596,#597,#598,#599,#600,#601,#602,#603,#604,#605,#606,
#607,#608,#609,#610,#611,#612,#613,#614,#615,#616,#617,#618,#619,#620,#621,
#622,#623,#624,#625,#626,#627,#628,#629,#630,#631,#632,#633,#634,#635));
#3952=EDGE_LOOP('',(#636,#637,#638,#639));
#3953=EDGE_LOOP('',(#640,#641,#642,#643));
#3954=EDGE_LOOP('',(#644,#645,#646,#647));
#3955=EDGE_LOOP('',(#648,#649,#650,#651));
#3956=EDGE_LOOP('',(#652,#653,#654,#655));
#3957=EDGE_LOOP('',(#656,#657,#658,#659));
#3958=EDGE_LOOP('',(#660,#661,#662,#663));
#3959=EDGE_LOOP('',(#664,#665,#666,#667));
#3960=EDGE_LOOP('',(#668,#669,#670,#671));
#3961=EDGE_LOOP('',(#672,#673,#674,#675));
#3962=EDGE_LOOP('',(#676,#677,#678,#679));
#3963=EDGE_LOOP('',(#680,#681,#682,#683));
#3964=EDGE_LOOP('',(#684,#685,#686,#687));
#3965=EDGE_LOOP('',(#688,#689,#690,#691));
#3966=EDGE_LOOP('',(#692,#693,#694,#695));
#3967=EDGE_LOOP('',(#696,#697,#698,#699));
#3968=EDGE_LOOP('',(#700,#701,#702,#703));
#3969=EDGE_LOOP('',(#704,#705,#706,#707));
#3970=EDGE_LOOP('',(#708,#709,#710,#711));
#3971=EDGE_LOOP('',(#712,#713,#714,#715));
#3972=EDGE_LOOP('',(#716,#717,#718,#719));
#3973=EDGE_LOOP('',(#720,#721,#722,#723));
#3974=EDGE_LOOP('',(#724,#725,#726,#727));
#3975=EDGE_LOOP('',(#728,#729,#730,#731));
#3976=EDGE_LOOP('',(#732,#733,#734,#735));
#3977=EDGE_LOOP('',(#736,#737,#738,#739));
#3978=EDGE_LOOP('',(#740,#741,#742,#743));
#3979=EDGE_LOOP('',(#744,#745,#746,#747));
#3980=EDGE_LOOP('',(#748,#749,#750,#751));
#3981=EDGE_LOOP('',(#752,#753,#754,#755));
#3982=EDGE_LOOP('',(#756,#757,#758,#759));
#3983=EDGE_LOOP('',(#760,#761,#762,#763));
#3984=EDGE_LOOP('',(#764,#765,#766,#767));
#3985=EDGE_LOOP('',(#768,#769,#770,#771));
#3986=EDGE_LOOP('',(#772,#773,#774,#775));
#3987=EDGE_LOOP('',(#776,#777,#778,#779));
#3988=EDGE_LOOP('',(#780,#781,#782,#783));
#3989=EDGE_LOOP('',(#784,#785,#786,#787));
#3990=EDGE_LOOP('',(#788,#789,#790,#791));
#3991=EDGE_LOOP('',(#792,#793,#794,#795));
#3992=EDGE_LOOP('',(#796,#797,#798,#799));
#3993=EDGE_LOOP('',(#800,#801,#802,#803));
#3994=EDGE_LOOP('',(#804,#805,#806,#807));
#3995=EDGE_LOOP('',(#808,#809,#810,#811));
#3996=EDGE_LOOP('',(#812,#813,#814,#815));
#3997=EDGE_LOOP('',(#816,#817,#818,#819));
#3998=EDGE_LOOP('',(#820,#821,#822,#823));
#3999=EDGE_LOOP('',(#824,#825,#826,#827));
#4000=EDGE_LOOP('',(#828,#829,#830,#831));
#4001=EDGE_LOOP('',(#832,#833,#834,#835));
#4002=EDGE_LOOP('',(#836,#837,#838,#839));
#4003=EDGE_LOOP('',(#840,#841,#842,#843,#844,#845,#846,#847,#848,#849,#850,
#851,#852,#853,#854));
#4004=EDGE_LOOP('',(#855,#856,#857,#858));
#4005=EDGE_LOOP('',(#859,#860,#861,#862));
#4006=EDGE_LOOP('',(#863,#864,#865,#866));
#4007=EDGE_LOOP('',(#867,#868,#869,#870));
#4008=EDGE_LOOP('',(#871,#872,#873,#874));
#4009=EDGE_LOOP('',(#875,#876,#877,#878));
#4010=EDGE_LOOP('',(#879,#880,#881,#882));
#4011=EDGE_LOOP('',(#883,#884,#885,#886));
#4012=EDGE_LOOP('',(#887,#888,#889,#890));
#4013=EDGE_LOOP('',(#891,#892,#893,#894));
#4014=EDGE_LOOP('',(#895,#896,#897,#898,#899,#900,#901,#902,#903,#904,#905,
#906));
#4015=EDGE_LOOP('',(#907,#908,#909,#910,#911,#912,#913,#914,#915,#916,#917,
#918));
#4016=EDGE_LOOP('',(#919,#920,#921,#922));
#4017=EDGE_LOOP('',(#923,#924,#925,#926));
#4018=EDGE_LOOP('',(#927,#928,#929,#930));
#4019=EDGE_LOOP('',(#931,#932,#933,#934,#935,#936,#937,#938,#939,#940,#941,
#942));
#4020=EDGE_LOOP('',(#943,#944,#945,#946,#947,#948,#949,#950,#951,#952,#953,
#954));
#4021=EDGE_LOOP('',(#955,#956,#957,#958));
#4022=EDGE_LOOP('',(#959,#960,#961,#962));
#4023=EDGE_LOOP('',(#963,#964,#965,#966));
#4024=EDGE_LOOP('',(#967,#968,#969,#970,#971,#972,#973,#974,#975,#976,#977,
#978,#979,#980,#981));
#4025=EDGE_LOOP('',(#982,#983,#984,#985));
#4026=EDGE_LOOP('',(#986,#987,#988,#989,#990,#991,#992,#993,#994,#995,#996,
#997,#998,#999,#1000));
#4027=EDGE_LOOP('',(#1001,#1002,#1003,#1004));
#4028=EDGE_LOOP('',(#1005,#1006,#1007,#1008,#1009,#1010,#1011,#1012,#1013,
#1014,#1015,#1016,#1017,#1018,#1019));
#4029=EDGE_LOOP('',(#1020,#1021,#1022,#1023));
#4030=EDGE_LOOP('',(#1024,#1025,#1026,#1027));
#4031=EDGE_LOOP('',(#1028,#1029,#1030,#1031));
#4032=EDGE_LOOP('',(#1032,#1033,#1034,#1035,#1036,#1037,#1038,#1039));
#4033=EDGE_LOOP('',(#1040,#1041,#1042,#1043,#1044,#1045));
#4034=EDGE_LOOP('',(#1046,#1047,#1048,#1049));
#4035=EDGE_LOOP('',(#1050,#1051,#1052,#1053));
#4036=EDGE_LOOP('',(#1054,#1055,#1056,#1057));
#4037=EDGE_LOOP('',(#1058,#1059,#1060,#1061));
#4038=EDGE_LOOP('',(#1062,#1063,#1064,#1065,#1066,#1067));
#4039=EDGE_LOOP('',(#1068,#1069,#1070,#1071,#1072,#1073,#1074,#1075));
#4040=EDGE_LOOP('',(#1076,#1077,#1078,#1079));
#4041=EDGE_LOOP('',(#1080,#1081,#1082,#1083));
#4042=EDGE_LOOP('',(#1084,#1085,#1086,#1087));
#4043=EDGE_LOOP('',(#1088,#1089,#1090,#1091));
#4044=EDGE_LOOP('',(#1092,#1093,#1094,#1095));
#4045=EDGE_LOOP('',(#1096,#1097,#1098,#1099));
#4046=EDGE_LOOP('',(#1100,#1101,#1102,#1103));
#4047=EDGE_LOOP('',(#1104,#1105,#1106,#1107));
#4048=EDGE_LOOP('',(#1108,#1109,#1110,#1111));
#4049=EDGE_LOOP('',(#1112,#1113,#1114,#1115));
#4050=EDGE_LOOP('',(#1116,#1117,#1118,#1119));
#4051=EDGE_LOOP('',(#1120,#1121,#1122,#1123));
#4052=EDGE_LOOP('',(#1124,#1125,#1126,#1127));
#4053=EDGE_LOOP('',(#1128,#1129,#1130,#1131));
#4054=EDGE_LOOP('',(#1132,#1133,#1134,#1135));
#4055=EDGE_LOOP('',(#1136,#1137,#1138,#1139));
#4056=EDGE_LOOP('',(#1140,#1141,#1142,#1143));
#4057=EDGE_LOOP('',(#1144,#1145,#1146,#1147,#1148,#1149));
#4058=EDGE_LOOP('',(#1150,#1151,#1152,#1153));
#4059=EDGE_LOOP('',(#1154,#1155,#1156,#1157,#1158,#1159));
#4060=EDGE_LOOP('',(#1160,#1161,#1162,#1163));
#4061=EDGE_LOOP('',(#1164,#1165,#1166,#1167,#1168,#1169));
#4062=EDGE_LOOP('',(#1170,#1171,#1172,#1173));
#4063=EDGE_LOOP('',(#1174,#1175,#1176,#1177,#1178,#1179));
#4064=EDGE_LOOP('',(#1180,#1181,#1182,#1183));
#4065=EDGE_LOOP('',(#1184,#1185,#1186,#1187));
#4066=EDGE_LOOP('',(#1188,#1189,#1190,#1191));
#4067=EDGE_LOOP('',(#1192,#1193,#1194,#1195));
#4068=EDGE_LOOP('',(#1196,#1197,#1198,#1199));
#4069=EDGE_LOOP('',(#1200,#1201,#1202,#1203));
#4070=EDGE_LOOP('',(#1204,#1205,#1206,#1207,#1208,#1209));
#4071=EDGE_LOOP('',(#1210,#1211,#1212,#1213));
#4072=EDGE_LOOP('',(#1214,#1215,#1216,#1217,#1218,#1219));
#4073=EDGE_LOOP('',(#1220,#1221,#1222,#1223));
#4074=EDGE_LOOP('',(#1224,#1225,#1226,#1227));
#4075=EDGE_LOOP('',(#1228,#1229,#1230,#1231));
#4076=EDGE_LOOP('',(#1232,#1233,#1234,#1235));
#4077=EDGE_LOOP('',(#1236,#1237,#1238,#1239,#1240,#1241));
#4078=EDGE_LOOP('',(#1242,#1243,#1244,#1245));
#4079=EDGE_LOOP('',(#1246,#1247,#1248,#1249,#1250,#1251));
#4080=EDGE_LOOP('',(#1252,#1253,#1254,#1255));
#4081=EDGE_LOOP('',(#1256,#1257,#1258,#1259));
#4082=EDGE_LOOP('',(#1260,#1261,#1262,#1263));
#4083=EDGE_LOOP('',(#1264,#1265,#1266,#1267));
#4084=EDGE_LOOP('',(#1268,#1269,#1270,#1271));
#4085=EDGE_LOOP('',(#1272,#1273,#1274,#1275));
#4086=EDGE_LOOP('',(#1276,#1277,#1278,#1279));
#4087=EDGE_LOOP('',(#1280,#1281,#1282,#1283));
#4088=EDGE_LOOP('',(#1284,#1285,#1286,#1287));
#4089=EDGE_LOOP('',(#1288,#1289,#1290,#1291));
#4090=EDGE_LOOP('',(#1292,#1293,#1294,#1295));
#4091=EDGE_LOOP('',(#1296,#1297,#1298,#1299,#1300,#1301,#1302,#1303,#1304,
#1305,#1306,#1307,#1308,#1309,#1310,#1311,#1312,#1313,#1314,#1315,#1316,
#1317,#1318,#1319,#1320,#1321,#1322,#1323,#1324,#1325,#1326,#1327,#1328,
#1329,#1330,#1331,#1332,#1333,#1334,#1335));
#4092=EDGE_LOOP('',(#1336,#1337,#1338,#1339));
#4093=EDGE_LOOP('',(#1340,#1341,#1342,#1343));
#4094=EDGE_LOOP('',(#1344,#1345,#1346,#1347));
#4095=EDGE_LOOP('',(#1348,#1349,#1350,#1351));
#4096=EDGE_LOOP('',(#1352,#1353,#1354,#1355));
#4097=EDGE_LOOP('',(#1356,#1357,#1358,#1359));
#4098=EDGE_LOOP('',(#1360,#1361,#1362,#1363));
#4099=EDGE_LOOP('',(#1364,#1365,#1366,#1367));
#4100=EDGE_LOOP('',(#1368,#1369,#1370,#1371));
#4101=EDGE_LOOP('',(#1372,#1373,#1374,#1375));
#4102=EDGE_LOOP('',(#1376,#1377,#1378,#1379));
#4103=EDGE_LOOP('',(#1380,#1381,#1382,#1383));
#4104=EDGE_LOOP('',(#1384,#1385,#1386,#1387));
#4105=EDGE_LOOP('',(#1388,#1389,#1390,#1391,#1392,#1393,#1394,#1395,#1396,
#1397,#1398,#1399));
#4106=EDGE_LOOP('',(#1400,#1401,#1402,#1403));
#4107=EDGE_LOOP('',(#1404,#1405,#1406,#1407,#1408,#1409,#1410,#1411,#1412,
#1413,#1414,#1415));
#4108=EDGE_LOOP('',(#1416,#1417,#1418,#1419));
#4109=EDGE_LOOP('',(#1420,#1421,#1422,#1423));
#4110=EDGE_LOOP('',(#1424,#1425,#1426,#1427));
#4111=EDGE_LOOP('',(#1428,#1429,#1430,#1431));
#4112=EDGE_LOOP('',(#1432,#1433,#1434,#1435,#1436,#1437,#1438,#1439,#1440,
#1441,#1442,#1443));
#4113=EDGE_LOOP('',(#1444,#1445,#1446,#1447));
#4114=EDGE_LOOP('',(#1448,#1449,#1450,#1451,#1452,#1453,#1454,#1455,#1456,
#1457,#1458,#1459));
#4115=EDGE_LOOP('',(#1460,#1461,#1462,#1463));
#4116=EDGE_LOOP('',(#1464,#1465,#1466,#1467));
#4117=EDGE_LOOP('',(#1468,#1469,#1470,#1471));
#4118=EDGE_LOOP('',(#1472,#1473,#1474,#1475));
#4119=EDGE_LOOP('',(#1476,#1477,#1478,#1479));
#4120=EDGE_LOOP('',(#1480,#1481,#1482,#1483));
#4121=EDGE_LOOP('',(#1484,#1485,#1486,#1487));
#4122=EDGE_LOOP('',(#1488,#1489,#1490,#1491));
#4123=EDGE_LOOP('',(#1492,#1493,#1494,#1495));
#4124=EDGE_LOOP('',(#1496,#1497,#1498,#1499));
#4125=EDGE_LOOP('',(#1500,#1501,#1502,#1503));
#4126=EDGE_LOOP('',(#1504,#1505,#1506,#1507));
#4127=EDGE_LOOP('',(#1508,#1509,#1510,#1511));
#4128=EDGE_LOOP('',(#1512,#1513,#1514,#1515));
#4129=EDGE_LOOP('',(#1516,#1517,#1518,#1519));
#4130=EDGE_LOOP('',(#1520,#1521,#1522,#1523));
#4131=EDGE_LOOP('',(#1524,#1525,#1526,#1527));
#4132=EDGE_LOOP('',(#1528,#1529,#1530,#1531));
#4133=EDGE_LOOP('',(#1532,#1533,#1534,#1535));
#4134=EDGE_LOOP('',(#1536,#1537,#1538,#1539));
#4135=EDGE_LOOP('',(#1540,#1541,#1542,#1543));
#4136=EDGE_LOOP('',(#1544,#1545,#1546,#1547));
#4137=EDGE_LOOP('',(#1548,#1549,#1550,#1551));
#4138=EDGE_LOOP('',(#1552,#1553,#1554,#1555,#1556,#1557));
#4139=EDGE_LOOP('',(#1558,#1559,#1560,#1561));
#4140=EDGE_LOOP('',(#1562,#1563,#1564,#1565));
#4141=EDGE_LOOP('',(#1566,#1567,#1568,#1569));
#4142=EDGE_LOOP('',(#1570,#1571,#1572,#1573));
#4143=EDGE_LOOP('',(#1574,#1575,#1576,#1577));
#4144=EDGE_LOOP('',(#1578,#1579,#1580,#1581));
#4145=EDGE_LOOP('',(#1582,#1583,#1584,#1585));
#4146=EDGE_LOOP('',(#1586,#1587,#1588,#1589));
#4147=EDGE_LOOP('',(#1590,#1591,#1592,#1593));
#4148=EDGE_LOOP('',(#1594,#1595,#1596,#1597));
#4149=EDGE_LOOP('',(#1598,#1599,#1600,#1601));
#4150=EDGE_LOOP('',(#1602,#1603,#1604,#1605));
#4151=EDGE_LOOP('',(#1606,#1607,#1608,#1609));
#4152=EDGE_LOOP('',(#1610,#1611,#1612,#1613));
#4153=EDGE_LOOP('',(#1614,#1615,#1616,#1617));
#4154=EDGE_LOOP('',(#1618,#1619,#1620,#1621));
#4155=EDGE_LOOP('',(#1622,#1623,#1624,#1625));
#4156=EDGE_LOOP('',(#1626,#1627,#1628,#1629));
#4157=EDGE_LOOP('',(#1630,#1631,#1632,#1633));
#4158=EDGE_LOOP('',(#1634,#1635,#1636,#1637));
#4159=EDGE_LOOP('',(#1638,#1639,#1640,#1641));
#4160=EDGE_LOOP('',(#1642,#1643,#1644,#1645));
#4161=EDGE_LOOP('',(#1646,#1647,#1648,#1649));
#4162=EDGE_LOOP('',(#1650,#1651,#1652,#1653));
#4163=EDGE_LOOP('',(#1654,#1655,#1656,#1657));
#4164=EDGE_LOOP('',(#1658,#1659,#1660,#1661,#1662,#1663));
#4165=EDGE_LOOP('',(#1664,#1665,#1666,#1667));
#4166=EDGE_LOOP('',(#1668,#1669,#1670,#1671));
#4167=EDGE_LOOP('',(#1672,#1673,#1674,#1675));
#4168=FACE_BOUND('',#3888,.T.);
#4169=FACE_BOUND('',#3889,.T.);
#4170=FACE_BOUND('',#3890,.T.);
#4171=FACE_BOUND('',#3891,.T.);
#4172=FACE_BOUND('',#3892,.T.);
#4173=FACE_BOUND('',#3893,.T.);
#4174=FACE_BOUND('',#3894,.T.);
#4175=FACE_BOUND('',#3895,.T.);
#4176=FACE_BOUND('',#3896,.T.);
#4177=FACE_BOUND('',#3897,.T.);
#4178=FACE_BOUND('',#3898,.T.);
#4179=FACE_BOUND('',#3899,.T.);
#4180=FACE_BOUND('',#3900,.T.);
#4181=FACE_BOUND('',#3901,.T.);
#4182=FACE_BOUND('',#3902,.T.);
#4183=FACE_BOUND('',#3903,.T.);
#4184=FACE_BOUND('',#3904,.T.);
#4185=FACE_BOUND('',#3905,.T.);
#4186=FACE_BOUND('',#3906,.T.);
#4187=FACE_BOUND('',#3907,.T.);
#4188=FACE_BOUND('',#3908,.T.);
#4189=FACE_BOUND('',#3909,.T.);
#4190=FACE_BOUND('',#3910,.T.);
#4191=FACE_BOUND('',#3911,.T.);
#4192=FACE_BOUND('',#3912,.T.);
#4193=FACE_BOUND('',#3913,.T.);
#4194=FACE_BOUND('',#3914,.T.);
#4195=FACE_BOUND('',#3915,.T.);
#4196=FACE_BOUND('',#3916,.T.);
#4197=FACE_BOUND('',#3917,.T.);
#4198=FACE_BOUND('',#3918,.T.);
#4199=FACE_BOUND('',#3919,.T.);
#4200=FACE_BOUND('',#3920,.T.);
#4201=FACE_BOUND('',#3921,.T.);
#4202=FACE_BOUND('',#3922,.T.);
#4203=FACE_BOUND('',#3923,.T.);
#4204=FACE_BOUND('',#3924,.T.);
#4205=FACE_BOUND('',#3925,.T.);
#4206=FACE_BOUND('',#3926,.T.);
#4207=FACE_BOUND('',#3927,.T.);
#4208=FACE_BOUND('',#3928,.T.);
#4209=FACE_BOUND('',#3929,.T.);
#4210=FACE_BOUND('',#3930,.T.);
#4211=FACE_BOUND('',#3931,.T.);
#4212=FACE_BOUND('',#3932,.T.);
#4213=FACE_BOUND('',#3933,.T.);
#4214=FACE_BOUND('',#3934,.T.);
#4215=FACE_BOUND('',#3935,.T.);
#4216=FACE_BOUND('',#3936,.T.);
#4217=FACE_BOUND('',#3937,.T.);
#4218=FACE_BOUND('',#3938,.T.);
#4219=FACE_BOUND('',#3939,.T.);
#4220=FACE_BOUND('',#3940,.T.);
#4221=FACE_BOUND('',#3941,.T.);
#4222=FACE_BOUND('',#3942,.T.);
#4223=FACE_BOUND('',#3943,.T.);
#4224=FACE_BOUND('',#3944,.T.);
#4225=FACE_BOUND('',#3945,.T.);
#4226=FACE_BOUND('',#3946,.T.);
#4227=FACE_BOUND('',#3947,.T.);
#4228=FACE_BOUND('',#3948,.T.);
#4229=FACE_BOUND('',#3949,.T.);
#4230=FACE_BOUND('',#3950,.T.);
#4231=FACE_BOUND('',#3951,.T.);
#4232=FACE_BOUND('',#3952,.T.);
#4233=FACE_BOUND('',#3953,.T.);
#4234=FACE_BOUND('',#3954,.T.);
#4235=FACE_BOUND('',#3955,.T.);
#4236=FACE_BOUND('',#3956,.T.);
#4237=FACE_BOUND('',#3957,.T.);
#4238=FACE_BOUND('',#3958,.T.);
#4239=FACE_BOUND('',#3959,.T.);
#4240=FACE_BOUND('',#3960,.T.);
#4241=FACE_BOUND('',#3961,.T.);
#4242=FACE_BOUND('',#3962,.T.);
#4243=FACE_BOUND('',#3963,.T.);
#4244=FACE_BOUND('',#3964,.T.);
#4245=FACE_BOUND('',#3965,.T.);
#4246=FACE_BOUND('',#3966,.T.);
#4247=FACE_BOUND('',#3967,.T.);
#4248=FACE_BOUND('',#3968,.T.);
#4249=FACE_BOUND('',#3969,.T.);
#4250=FACE_BOUND('',#3970,.T.);
#4251=FACE_BOUND('',#3971,.T.);
#4252=FACE_BOUND('',#3972,.T.);
#4253=FACE_BOUND('',#3973,.T.);
#4254=FACE_BOUND('',#3974,.T.);
#4255=FACE_BOUND('',#3975,.T.);
#4256=FACE_BOUND('',#3976,.T.);
#4257=FACE_BOUND('',#3977,.T.);
#4258=FACE_BOUND('',#3978,.T.);
#4259=FACE_BOUND('',#3979,.T.);
#4260=FACE_BOUND('',#3980,.T.);
#4261=FACE_BOUND('',#3981,.T.);
#4262=FACE_BOUND('',#3982,.T.);
#4263=FACE_BOUND('',#3983,.T.);
#4264=FACE_BOUND('',#3984,.T.);
#4265=FACE_BOUND('',#3985,.T.);
#4266=FACE_BOUND('',#3986,.T.);
#4267=FACE_BOUND('',#3987,.T.);
#4268=FACE_BOUND('',#3988,.T.);
#4269=FACE_BOUND('',#3989,.T.);
#4270=FACE_BOUND('',#3990,.T.);
#4271=FACE_BOUND('',#3991,.T.);
#4272=FACE_BOUND('',#3992,.T.);
#4273=FACE_BOUND('',#3993,.T.);
#4274=FACE_BOUND('',#3994,.T.);
#4275=FACE_BOUND('',#3995,.T.);
#4276=FACE_BOUND('',#3996,.T.);
#4277=FACE_BOUND('',#3997,.T.);
#4278=FACE_BOUND('',#3998,.T.);
#4279=FACE_BOUND('',#3999,.T.);
#4280=FACE_BOUND('',#4000,.T.);
#4281=FACE_BOUND('',#4001,.T.);
#4282=FACE_BOUND('',#4002,.T.);
#4283=FACE_BOUND('',#4003,.T.);
#4284=FACE_BOUND('',#4004,.T.);
#4285=FACE_BOUND('',#4005,.T.);
#4286=FACE_BOUND('',#4006,.T.);
#4287=FACE_BOUND('',#4007,.T.);
#4288=FACE_BOUND('',#4008,.T.);
#4289=FACE_BOUND('',#4009,.T.);
#4290=FACE_BOUND('',#4010,.T.);
#4291=FACE_BOUND('',#4011,.T.);
#4292=FACE_BOUND('',#4012,.T.);
#4293=FACE_BOUND('',#4013,.T.);
#4294=FACE_BOUND('',#4014,.T.);
#4295=FACE_BOUND('',#4015,.T.);
#4296=FACE_BOUND('',#4016,.T.);
#4297=FACE_BOUND('',#4017,.T.);
#4298=FACE_BOUND('',#4018,.T.);
#4299=FACE_BOUND('',#4019,.T.);
#4300=FACE_BOUND('',#4020,.T.);
#4301=FACE_BOUND('',#4021,.T.);
#4302=FACE_BOUND('',#4022,.T.);
#4303=FACE_BOUND('',#4023,.T.);
#4304=FACE_BOUND('',#4024,.T.);
#4305=FACE_BOUND('',#4025,.T.);
#4306=FACE_BOUND('',#4026,.T.);
#4307=FACE_BOUND('',#4027,.T.);
#4308=FACE_BOUND('',#4028,.T.);
#4309=FACE_BOUND('',#4029,.T.);
#4310=FACE_BOUND('',#4030,.T.);
#4311=FACE_BOUND('',#4031,.T.);
#4312=FACE_BOUND('',#4032,.T.);
#4313=FACE_BOUND('',#4033,.T.);
#4314=FACE_BOUND('',#4034,.T.);
#4315=FACE_BOUND('',#4035,.T.);
#4316=FACE_BOUND('',#4036,.T.);
#4317=FACE_BOUND('',#4037,.T.);
#4318=FACE_BOUND('',#4038,.T.);
#4319=FACE_BOUND('',#4039,.T.);
#4320=FACE_BOUND('',#4040,.T.);
#4321=FACE_BOUND('',#4041,.T.);
#4322=FACE_BOUND('',#4042,.T.);
#4323=FACE_BOUND('',#4043,.T.);
#4324=FACE_BOUND('',#4044,.T.);
#4325=FACE_BOUND('',#4045,.T.);
#4326=FACE_BOUND('',#4046,.T.);
#4327=FACE_BOUND('',#4047,.T.);
#4328=FACE_BOUND('',#4048,.T.);
#4329=FACE_BOUND('',#4049,.T.);
#4330=FACE_BOUND('',#4050,.T.);
#4331=FACE_BOUND('',#4051,.T.);
#4332=FACE_BOUND('',#4052,.T.);
#4333=FACE_BOUND('',#4053,.T.);
#4334=FACE_BOUND('',#4054,.T.);
#4335=FACE_BOUND('',#4055,.T.);
#4336=FACE_BOUND('',#4056,.T.);
#4337=FACE_BOUND('',#4057,.T.);
#4338=FACE_BOUND('',#4058,.T.);
#4339=FACE_BOUND('',#4059,.T.);
#4340=FACE_BOUND('',#4060,.T.);
#4341=FACE_BOUND('',#4061,.T.);
#4342=FACE_BOUND('',#4062,.T.);
#4343=FACE_BOUND('',#4063,.T.);
#4344=FACE_BOUND('',#4064,.T.);
#4345=FACE_BOUND('',#4065,.T.);
#4346=FACE_BOUND('',#4066,.T.);
#4347=FACE_BOUND('',#4067,.T.);
#4348=FACE_BOUND('',#4068,.T.);
#4349=FACE_BOUND('',#4069,.T.);
#4350=FACE_BOUND('',#4070,.T.);
#4351=FACE_BOUND('',#4071,.T.);
#4352=FACE_BOUND('',#4072,.T.);
#4353=FACE_BOUND('',#4073,.T.);
#4354=FACE_BOUND('',#4074,.T.);
#4355=FACE_BOUND('',#4075,.T.);
#4356=FACE_BOUND('',#4076,.T.);
#4357=FACE_BOUND('',#4077,.T.);
#4358=FACE_BOUND('',#4078,.T.);
#4359=FACE_BOUND('',#4079,.T.);
#4360=FACE_BOUND('',#4080,.T.);
#4361=FACE_BOUND('',#4081,.T.);
#4362=FACE_BOUND('',#4082,.T.);
#4363=FACE_BOUND('',#4083,.T.);
#4364=FACE_BOUND('',#4084,.T.);
#4365=FACE_BOUND('',#4085,.T.);
#4366=FACE_BOUND('',#4086,.T.);
#4367=FACE_BOUND('',#4087,.T.);
#4368=FACE_BOUND('',#4088,.T.);
#4369=FACE_BOUND('',#4089,.T.);
#4370=FACE_BOUND('',#4090,.T.);
#4371=FACE_BOUND('',#4091,.T.);
#4372=FACE_BOUND('',#4092,.T.);
#4373=FACE_BOUND('',#4093,.T.);
#4374=FACE_BOUND('',#4094,.T.);
#4375=FACE_BOUND('',#4095,.T.);
#4376=FACE_BOUND('',#4096,.T.);
#4377=FACE_BOUND('',#4097,.T.);
#4378=FACE_BOUND('',#4098,.T.);
#4379=FACE_BOUND('',#4099,.T.);
#4380=FACE_BOUND('',#4100,.T.);
#4381=FACE_BOUND('',#4101,.T.);
#4382=FACE_BOUND('',#4102,.T.);
#4383=FACE_BOUND('',#4103,.T.);
#4384=FACE_BOUND('',#4104,.T.);
#4385=FACE_BOUND('',#4105,.T.);
#4386=FACE_BOUND('',#4106,.T.);
#4387=FACE_BOUND('',#4107,.T.);
#4388=FACE_BOUND('',#4108,.T.);
#4389=FACE_BOUND('',#4109,.T.);
#4390=FACE_BOUND('',#4110,.T.);
#4391=FACE_BOUND('',#4111,.T.);
#4392=FACE_BOUND('',#4112,.T.);
#4393=FACE_BOUND('',#4113,.T.);
#4394=FACE_BOUND('',#4114,.T.);
#4395=FACE_BOUND('',#4115,.T.);
#4396=FACE_BOUND('',#4116,.T.);
#4397=FACE_BOUND('',#4117,.T.);
#4398=FACE_BOUND('',#4118,.T.);
#4399=FACE_BOUND('',#4119,.T.);
#4400=FACE_BOUND('',#4120,.T.);
#4401=FACE_BOUND('',#4121,.T.);
#4402=FACE_BOUND('',#4122,.T.);
#4403=FACE_BOUND('',#4123,.T.);
#4404=FACE_BOUND('',#4124,.T.);
#4405=FACE_BOUND('',#4125,.T.);
#4406=FACE_BOUND('',#4126,.T.);
#4407=FACE_BOUND('',#4127,.T.);
#4408=FACE_BOUND('',#4128,.T.);
#4409=FACE_BOUND('',#4129,.T.);
#4410=FACE_BOUND('',#4130,.T.);
#4411=FACE_BOUND('',#4131,.T.);
#4412=FACE_BOUND('',#4132,.T.);
#4413=FACE_BOUND('',#4133,.T.);
#4414=FACE_BOUND('',#4134,.T.);
#4415=FACE_BOUND('',#4135,.T.);
#4416=FACE_BOUND('',#4136,.T.);
#4417=FACE_BOUND('',#4137,.T.);
#4418=FACE_BOUND('',#4138,.T.);
#4419=FACE_BOUND('',#4139,.T.);
#4420=FACE_BOUND('',#4140,.T.);
#4421=FACE_BOUND('',#4141,.T.);
#4422=FACE_BOUND('',#4142,.T.);
#4423=FACE_BOUND('',#4143,.T.);
#4424=FACE_BOUND('',#4144,.T.);
#4425=FACE_BOUND('',#4145,.T.);
#4426=FACE_BOUND('',#4146,.T.);
#4427=FACE_BOUND('',#4147,.T.);
#4428=FACE_BOUND('',#4148,.T.);
#4429=FACE_BOUND('',#4149,.T.);
#4430=FACE_BOUND('',#4150,.T.);
#4431=FACE_BOUND('',#4151,.T.);
#4432=FACE_BOUND('',#4152,.T.);
#4433=FACE_BOUND('',#4153,.T.);
#4434=FACE_BOUND('',#4154,.T.);
#4435=FACE_BOUND('',#4155,.T.);
#4436=FACE_BOUND('',#4156,.T.);
#4437=FACE_BOUND('',#4157,.T.);
#4438=FACE_BOUND('',#4158,.T.);
#4439=FACE_BOUND('',#4159,.T.);
#4440=FACE_BOUND('',#4160,.T.);
#4441=FACE_BOUND('',#4161,.T.);
#4442=FACE_BOUND('',#4162,.T.);
#4443=FACE_BOUND('',#4163,.T.);
#4444=FACE_BOUND('',#4164,.T.);
#4445=FACE_BOUND('',#4165,.T.);
#4446=FACE_BOUND('',#4166,.T.);
#4447=FACE_BOUND('',#4167,.T.);
#4448=PLANE('',#4901);
#4449=PLANE('',#4902);
#4450=PLANE('',#4903);
#4451=PLANE('',#4906);
#4452=PLANE('',#4909);
#4453=PLANE('',#4910);
#4454=PLANE('',#4911);
#4455=PLANE('',#4912);
#4456=PLANE('',#4913);
#4457=PLANE('',#4914);
#4458=PLANE('',#4915);
#4459=PLANE('',#4916);
#4460=PLANE('',#4917);
#4461=PLANE('',#4920);
#4462=PLANE('',#4921);
#4463=PLANE('',#4922);
#4464=PLANE('',#4925);
#4465=PLANE('',#4928);
#4466=PLANE('',#4929);
#4467=PLANE('',#4930);
#4468=PLANE('',#4932);
#4469=PLANE('',#4934);
#4470=PLANE('',#4935);
#4471=PLANE('',#4936);
#4472=PLANE('',#4937);
#4473=PLANE('',#4938);
#4474=PLANE('',#4939);
#4475=PLANE('',#4940);
#4476=PLANE('',#4944);
#4477=PLANE('',#4946);
#4478=PLANE('',#4952);
#4479=PLANE('',#4959);
#4480=PLANE('',#4961);
#4481=PLANE('',#4964);
#4482=PLANE('',#4965);
#4483=PLANE('',#4966);
#4484=PLANE('',#4967);
#4485=PLANE('',#4968);
#4486=PLANE('',#4969);
#4487=PLANE('',#4972);
#4488=PLANE('',#4973);
#4489=PLANE('',#4975);
#4490=PLANE('',#4976);
#4491=PLANE('',#4980);
#4492=PLANE('',#4983);
#4493=PLANE('',#4984);
#4494=PLANE('',#4985);
#4495=PLANE('',#4986);
#4496=PLANE('',#4987);
#4497=PLANE('',#4988);
#4498=PLANE('',#4989);
#4499=PLANE('',#4990);
#4500=PLANE('',#4991);
#4501=PLANE('',#4992);
#4502=PLANE('',#5007);
#4503=PLANE('',#5008);
#4504=PLANE('',#5009);
#4505=PLANE('',#5010);
#4506=PLANE('',#5011);
#4507=PLANE('',#5012);
#4508=PLANE('',#5013);
#4509=PLANE('',#5014);
#4510=PLANE('',#5017);
#4511=PLANE('',#5020);
#4512=PLANE('',#5021);
#4513=PLANE('',#5022);
#4514=PLANE('',#5023);
#4515=PLANE('',#5024);
#4516=PLANE('',#5025);
#4517=PLANE('',#5029);
#4518=PLANE('',#5033);
#4519=PLANE('',#5034);
#4520=PLANE('',#5038);
#4521=PLANE('',#5039);
#4522=PLANE('',#5040);
#4523=PLANE('',#5041);
#4524=PLANE('',#5045);
#4525=PLANE('',#5052);
#4526=PLANE('',#5059);
#4527=PLANE('',#5060);
#4528=PLANE('',#5064);
#4529=PLANE('',#5065);
#4530=PLANE('',#5067);
#4531=PLANE('',#5073);
#4532=PLANE('',#5074);
#4533=PLANE('',#5076);
#4534=PLANE('',#5081);
#4535=PLANE('',#5084);
#4536=PLANE('',#5087);
#4537=PLANE('',#5092);
#4538=PLANE('',#5093);
#4539=PLANE('',#5095);
#4540=PLANE('',#5100);
#4541=PLANE('',#5101);
#4542=PLANE('',#5103);
#4543=PLANE('',#5106);
#4544=PLANE('',#5107);
#4545=PLANE('',#5108);
#4546=PLANE('',#5109);
#4547=PLANE('',#5110);
#4548=PLANE('',#5111);
#4549=PLANE('',#5112);
#4550=PLANE('',#5113);
#4551=PLANE('',#5114);
#4552=PLANE('',#5115);
#4553=PLANE('',#5116);
#4554=PLANE('',#5117);
#4555=PLANE('',#5118);
#4556=PLANE('',#5119);
#4557=PLANE('',#5120);
#4558=PLANE('',#5121);
#4559=PLANE('',#5122);
#4560=PLANE('',#5123);
#4561=PLANE('',#5124);
#4562=PLANE('',#5125);
#4563=PLANE('',#5126);
#4564=PLANE('',#5127);
#4565=PLANE('',#5128);
#4566=PLANE('',#5132);
#4567=PLANE('',#5133);
#4568=PLANE('',#5135);
#4569=PLANE('',#5136);
#4570=PLANE('',#5139);
#4571=PLANE('',#5143);
#4572=PLANE('',#5144);
#4573=PLANE('',#5146);
#4574=PLANE('',#5147);
#4575=PLANE('',#5150);
#4576=PLANE('',#5151);
#4577=PLANE('',#5152);
#4578=PLANE('',#5153);
#4579=PLANE('',#5154);
#4580=PLANE('',#5155);
#4581=PLANE('',#5156);
#4582=PLANE('',#5157);
#4583=PLANE('',#5158);
#4584=PLANE('',#5159);
#4585=PLANE('',#5160);
#4586=PLANE('',#5161);
#4587=PLANE('',#5162);
#4588=PLANE('',#5163);
#4589=PLANE('',#5167);
#4590=PLANE('',#5171);
#4591=PLANE('',#5175);
#4592=PLANE('',#5179);
#4593=PLANE('',#5183);
#4594=PLANE('',#5184);
#4595=PLANE('',#5186);
#4596=PLANE('',#5187);
#4597=PLANE('',#5190);
#4598=PLANE('',#5194);
#4599=PLANE('',#5195);
#4600=PLANE('',#5197);
#4601=PLANE('',#5198);
#4602=PLANE('',#5201);
#4603=PLANE('',#5202);
#4604=PLANE('',#5218);
#4605=PLANE('',#5220);
#4606=PLANE('',#5225);
#4607=PLANE('',#5228);
#4608=PLANE('',#5245);
#4609=PLANE('',#5247);
#4610=PLANE('',#5248);
#4611=PLANE('',#5250);
#4612=PLANE('',#5251);
#4613=PLANE('',#5267);
#4614=PLANE('',#5269);
#4615=PLANE('',#5274);
#4616=PLANE('',#5277);
#4617=PLANE('',#5294);
#4618=PLANE('',#5296);
#4619=PLANE('',#5297);
#4620=ADVANCED_FACE('',(#4168),#4448,.T.);
#4621=ADVANCED_FACE('',(#4169),#4449,.T.);
#4622=ADVANCED_FACE('',(#4170),#4450,.T.);
#4623=ADVANCED_FACE('',(#4171),#4451,.T.);
#4624=ADVANCED_FACE('',(#4172),#4452,.T.);
#4625=ADVANCED_FACE('',(#4173),#4453,.F.);
#4626=ADVANCED_FACE('',(#4174),#4454,.F.);
#4627=ADVANCED_FACE('',(#4175),#4455,.F.);
#4628=ADVANCED_FACE('',(#4176),#4456,.T.);
#4629=ADVANCED_FACE('',(#4177),#4457,.F.);
#4630=ADVANCED_FACE('',(#4178),#4458,.F.);
#4631=ADVANCED_FACE('',(#4179),#4459,.F.);
#4632=ADVANCED_FACE('',(#4180,#4181),#4460,.T.);
#4633=ADVANCED_FACE('',(#4182),#70,.F.);
#4634=ADVANCED_FACE('',(#4183),#4461,.T.);
#4635=ADVANCED_FACE('',(#4184),#4462,.T.);
#4636=ADVANCED_FACE('',(#4185),#40,.T.);
#4637=ADVANCED_FACE('',(#4186,#4187),#4463,.T.);
#4638=ADVANCED_FACE('',(#4188),#71,.T.);
#4639=ADVANCED_FACE('',(#4189,#4190),#4464,.T.);
#4640=ADVANCED_FACE('',(#4191),#72,.F.);
#4641=ADVANCED_FACE('',(#4192),#4465,.T.);
#4642=ADVANCED_FACE('',(#4193),#41,.T.);
#4643=ADVANCED_FACE('',(#4194),#4466,.T.);
#4644=ADVANCED_FACE('',(#4195),#4467,.T.);
#4645=ADVANCED_FACE('',(#4196,#4197),#4468,.T.);
#4646=ADVANCED_FACE('',(#4198),#73,.T.);
#4647=ADVANCED_FACE('',(#4199),#4469,.T.);
#4648=ADVANCED_FACE('',(#4200),#4470,.T.);
#4649=ADVANCED_FACE('',(#4201),#42,.T.);
#4650=ADVANCED_FACE('',(#4202),#4471,.T.);
#4651=ADVANCED_FACE('',(#4203),#4472,.T.);
#4652=ADVANCED_FACE('',(#4204),#4473,.T.);
#4653=ADVANCED_FACE('',(#4205),#43,.T.);
#4654=ADVANCED_FACE('',(#4206),#4474,.T.);
#4655=ADVANCED_FACE('',(#4207),#4475,.T.);
#4656=ADVANCED_FACE('',(#4208),#74,.F.);
#4657=ADVANCED_FACE('',(#4209),#4476,.T.);
#4658=ADVANCED_FACE('',(#4210),#4477,.T.);
#4659=ADVANCED_FACE('',(#4211),#75,.T.);
#4660=ADVANCED_FACE('',(#4212),#76,.F.);
#4661=ADVANCED_FACE('',(#4213),#4478,.T.);
#4662=ADVANCED_FACE('',(#4214),#77,.T.);
#4663=ADVANCED_FACE('',(#4215),#78,.F.);
#4664=ADVANCED_FACE('',(#4216),#4479,.T.);
#4665=ADVANCED_FACE('',(#4217),#4480,.T.);
#4666=ADVANCED_FACE('',(#4218),#79,.T.);
#4667=ADVANCED_FACE('',(#4219),#4481,.T.);
#4668=ADVANCED_FACE('',(#4220),#4482,.F.);
#4669=ADVANCED_FACE('',(#4221),#4483,.F.);
#4670=ADVANCED_FACE('',(#4222),#4484,.F.);
#4671=ADVANCED_FACE('',(#4223),#4485,.F.);
#4672=ADVANCED_FACE('',(#4224),#4486,.T.);
#4673=ADVANCED_FACE('',(#4225),#80,.F.);
#4674=ADVANCED_FACE('',(#4226),#4487,.T.);
#4675=ADVANCED_FACE('',(#4227),#4488,.T.);
#4676=ADVANCED_FACE('',(#4228),#4489,.T.);
#4677=ADVANCED_FACE('',(#4229),#4490,.T.);
#4678=ADVANCED_FACE('',(#4230),#81,.F.);
#4679=ADVANCED_FACE('',(#4231),#4491,.T.);
#4680=ADVANCED_FACE('',(#4232),#82,.T.);
#4681=ADVANCED_FACE('',(#4233),#83,.T.);
#4682=ADVANCED_FACE('',(#4234),#4492,.F.);
#4683=ADVANCED_FACE('',(#4235),#4493,.F.);
#4684=ADVANCED_FACE('',(#4236),#4494,.F.);
#4685=ADVANCED_FACE('',(#4237),#4495,.F.);
#4686=ADVANCED_FACE('',(#4238),#4496,.F.);
#4687=ADVANCED_FACE('',(#4239),#4497,.F.);
#4688=ADVANCED_FACE('',(#4240),#4498,.F.);
#4689=ADVANCED_FACE('',(#4241),#44,.T.);
#4690=ADVANCED_FACE('',(#4242),#4499,.F.);
#4691=ADVANCED_FACE('',(#4243),#45,.T.);
#4692=ADVANCED_FACE('',(#4244),#4500,.F.);
#4693=ADVANCED_FACE('',(#4245),#4501,.F.);
#4694=ADVANCED_FACE('',(#4246),#84,.F.);
#4695=ADVANCED_FACE('',(#4247),#85,.F.);
#4696=ADVANCED_FACE('',(#4248),#86,.F.);
#4697=ADVANCED_FACE('',(#4249),#87,.T.);
#4698=ADVANCED_FACE('',(#4250),#88,.T.);
#4699=ADVANCED_FACE('',(#4251),#89,.T.);
#4700=ADVANCED_FACE('',(#4252),#4502,.F.);
#4701=ADVANCED_FACE('',(#4253),#4503,.F.);
#4702=ADVANCED_FACE('',(#4254),#4504,.F.);
#4703=ADVANCED_FACE('',(#4255),#4505,.F.);
#4704=ADVANCED_FACE('',(#4256),#4506,.F.);
#4705=ADVANCED_FACE('',(#4257),#4507,.F.);
#4706=ADVANCED_FACE('',(#4258),#4508,.F.);
#4707=ADVANCED_FACE('',(#4259),#4509,.F.);
#4708=ADVANCED_FACE('',(#4260),#90,.F.);
#4709=ADVANCED_FACE('',(#4261),#91,.T.);
#4710=ADVANCED_FACE('',(#4262),#4510,.T.);
#4711=ADVANCED_FACE('',(#4263),#92,.F.);
#4712=ADVANCED_FACE('',(#4264),#93,.T.);
#4713=ADVANCED_FACE('',(#4265),#4511,.F.);
#4714=ADVANCED_FACE('',(#4266),#4512,.F.);
#4715=ADVANCED_FACE('',(#4267),#4513,.T.);
#4716=ADVANCED_FACE('',(#4268),#4514,.T.);
#4717=ADVANCED_FACE('',(#4269),#4515,.T.);
#4718=ADVANCED_FACE('',(#4270),#4516,.T.);
#4719=ADVANCED_FACE('',(#4271),#94,.T.);
#4720=ADVANCED_FACE('',(#4272),#4517,.T.);
#4721=ADVANCED_FACE('',(#4273),#95,.F.);
#4722=ADVANCED_FACE('',(#4274),#4518,.T.);
#4723=ADVANCED_FACE('',(#4275),#4519,.T.);
#4724=ADVANCED_FACE('',(#4276),#96,.T.);
#4725=ADVANCED_FACE('',(#4277),#4520,.T.);
#4726=ADVANCED_FACE('',(#4278),#4521,.T.);
#4727=ADVANCED_FACE('',(#4279),#4522,.T.);
#4728=ADVANCED_FACE('',(#4280),#46,.F.);
#4729=ADVANCED_FACE('',(#4281),#47,.F.);
#4730=ADVANCED_FACE('',(#4282,#4283),#4523,.T.);
#4731=ADVANCED_FACE('',(#4284),#4524,.T.);
#4732=ADVANCED_FACE('',(#4285),#97,.F.);
#4733=ADVANCED_FACE('',(#4286),#98,.T.);
#4734=ADVANCED_FACE('',(#4287),#4525,.T.);
#4735=ADVANCED_FACE('',(#4288),#99,.F.);
#4736=ADVANCED_FACE('',(#4289),#100,.T.);
#4737=ADVANCED_FACE('',(#4290),#4526,.F.);
#4738=ADVANCED_FACE('',(#4291),#4527,.T.);
#4739=ADVANCED_FACE('',(#4292),#101,.F.);
#4740=ADVANCED_FACE('',(#4293),#4528,.T.);
#4741=ADVANCED_FACE('',(#4294),#4529,.T.);
#4742=ADVANCED_FACE('',(#4295),#4530,.T.);
#4743=ADVANCED_FACE('',(#4296),#102,.T.);
#4744=ADVANCED_FACE('',(#4297),#103,.F.);
#4745=ADVANCED_FACE('',(#4298),#4531,.T.);
#4746=ADVANCED_FACE('',(#4299),#4532,.T.);
#4747=ADVANCED_FACE('',(#4300),#4533,.T.);
#4748=ADVANCED_FACE('',(#4301),#104,.T.);
#4749=ADVANCED_FACE('',(#4302),#105,.F.);
#4750=ADVANCED_FACE('',(#4303,#4304),#4534,.T.);
#4751=ADVANCED_FACE('',(#4305,#4306),#4535,.T.);
#4752=ADVANCED_FACE('',(#4307,#4308),#4536,.T.);
#4753=ADVANCED_FACE('',(#4309),#106,.F.);
#4754=ADVANCED_FACE('',(#4310),#48,.T.);
#4755=ADVANCED_FACE('',(#4311),#4537,.T.);
#4756=ADVANCED_FACE('',(#4312),#4538,.T.);
#4757=ADVANCED_FACE('',(#4313),#4539,.T.);
#4758=ADVANCED_FACE('',(#4314),#107,.T.);
#4759=ADVANCED_FACE('',(#4315),#108,.F.);
#4760=ADVANCED_FACE('',(#4316),#4540,.T.);
#4761=ADVANCED_FACE('',(#4317),#49,.T.);
#4762=ADVANCED_FACE('',(#4318),#4541,.F.);
#4763=ADVANCED_FACE('',(#4319),#4542,.T.);
#4764=ADVANCED_FACE('',(#4320),#109,.T.);
#4765=ADVANCED_FACE('',(#4321),#4543,.F.);
#4766=ADVANCED_FACE('',(#4322),#4544,.F.);
#4767=ADVANCED_FACE('',(#4323),#4545,.F.);
#4768=ADVANCED_FACE('',(#4324),#4546,.F.);
#4769=ADVANCED_FACE('',(#4325),#4547,.F.);
#4770=ADVANCED_FACE('',(#4326),#4548,.F.);
#4771=ADVANCED_FACE('',(#4327),#4549,.F.);
#4772=ADVANCED_FACE('',(#4328),#4550,.F.);
#4773=ADVANCED_FACE('',(#4329),#4551,.F.);
#4774=ADVANCED_FACE('',(#4330),#4552,.F.);
#4775=ADVANCED_FACE('',(#4331),#4553,.F.);
#4776=ADVANCED_FACE('',(#4332),#4554,.F.);
#4777=ADVANCED_FACE('',(#4333),#4555,.F.);
#4778=ADVANCED_FACE('',(#4334),#4556,.F.);
#4779=ADVANCED_FACE('',(#4335),#4557,.F.);
#4780=ADVANCED_FACE('',(#4336),#4558,.F.);
#4781=ADVANCED_FACE('',(#4337,#4338),#4559,.T.);
#4782=ADVANCED_FACE('',(#4339,#4340),#4560,.T.);
#4783=ADVANCED_FACE('',(#4341,#4342),#4561,.F.);
#4784=ADVANCED_FACE('',(#4343,#4344),#4562,.T.);
#4785=ADVANCED_FACE('',(#4345),#4563,.F.);
#4786=ADVANCED_FACE('',(#4346),#4564,.F.);
#4787=ADVANCED_FACE('',(#4347),#4565,.T.);
#4788=ADVANCED_FACE('',(#4348),#110,.F.);
#4789=ADVANCED_FACE('',(#4349),#4566,.T.);
#4790=ADVANCED_FACE('',(#4350),#4567,.T.);
#4791=ADVANCED_FACE('',(#4351),#4568,.F.);
#4792=ADVANCED_FACE('',(#4352),#4569,.T.);
#4793=ADVANCED_FACE('',(#4353),#111,.T.);
#4794=ADVANCED_FACE('',(#4354),#4570,.T.);
#4795=ADVANCED_FACE('',(#4355),#112,.F.);
#4796=ADVANCED_FACE('',(#4356),#4571,.T.);
#4797=ADVANCED_FACE('',(#4357),#4572,.T.);
#4798=ADVANCED_FACE('',(#4358),#4573,.T.);
#4799=ADVANCED_FACE('',(#4359),#4574,.T.);
#4800=ADVANCED_FACE('',(#4360),#113,.T.);
#4801=ADVANCED_FACE('',(#4361),#4575,.F.);
#4802=ADVANCED_FACE('',(#4362),#4576,.F.);
#4803=ADVANCED_FACE('',(#4363),#4577,.F.);
#4804=ADVANCED_FACE('',(#4364),#4578,.F.);
#4805=ADVANCED_FACE('',(#4365),#4579,.F.);
#4806=ADVANCED_FACE('',(#4366),#4580,.F.);
#4807=ADVANCED_FACE('',(#4367),#4581,.F.);
#4808=ADVANCED_FACE('',(#4368),#4582,.F.);
#4809=ADVANCED_FACE('',(#4369),#4583,.F.);
#4810=ADVANCED_FACE('',(#4370),#4584,.F.);
#4811=ADVANCED_FACE('',(#4371),#4585,.T.);
#4812=ADVANCED_FACE('',(#4372),#4586,.F.);
#4813=ADVANCED_FACE('',(#4373),#4587,.F.);
#4814=ADVANCED_FACE('',(#4374),#4588,.T.);
#4815=ADVANCED_FACE('',(#4375),#114,.F.);
#4816=ADVANCED_FACE('',(#4376),#4589,.T.);
#4817=ADVANCED_FACE('',(#4377),#115,.T.);
#4818=ADVANCED_FACE('',(#4378),#4590,.T.);
#4819=ADVANCED_FACE('',(#4379),#116,.F.);
#4820=ADVANCED_FACE('',(#4380),#4591,.T.);
#4821=ADVANCED_FACE('',(#4381),#117,.T.);
#4822=ADVANCED_FACE('',(#4382),#4592,.T.);
#4823=ADVANCED_FACE('',(#4383),#118,.F.);
#4824=ADVANCED_FACE('',(#4384),#4593,.T.);
#4825=ADVANCED_FACE('',(#4385),#4594,.T.);
#4826=ADVANCED_FACE('',(#4386),#4595,.F.);
#4827=ADVANCED_FACE('',(#4387),#4596,.T.);
#4828=ADVANCED_FACE('',(#4388),#119,.T.);
#4829=ADVANCED_FACE('',(#4389),#4597,.T.);
#4830=ADVANCED_FACE('',(#4390),#120,.F.);
#4831=ADVANCED_FACE('',(#4391),#4598,.T.);
#4832=ADVANCED_FACE('',(#4392),#4599,.T.);
#4833=ADVANCED_FACE('',(#4393),#4600,.T.);
#4834=ADVANCED_FACE('',(#4394),#4601,.T.);
#4835=ADVANCED_FACE('',(#4395),#121,.T.);
#4836=ADVANCED_FACE('',(#4396),#4602,.T.);
#4837=ADVANCED_FACE('',(#4397),#4603,.T.);
#4838=ADVANCED_FACE('',(#4398),#122,.F.);
#4839=ADVANCED_FACE('',(#4399),#32,.F.);
#4840=ADVANCED_FACE('',(#4400),#24,.T.);
#4841=ADVANCED_FACE('',(#4401),#33,.T.);
#4842=ADVANCED_FACE('',(#4402),#20,.T.);
#4843=ADVANCED_FACE('',(#4403),#4604,.T.);
#4844=ADVANCED_FACE('',(#4404),#4605,.T.);
#4845=ADVANCED_FACE('',(#4405),#25,.F.);
#4846=ADVANCED_FACE('',(#4406),#4606,.T.);
#4847=ADVANCED_FACE('',(#4407),#123,.T.);
#4848=ADVANCED_FACE('',(#4408),#4607,.T.);
#4849=ADVANCED_FACE('',(#4409),#124,.T.);
#4850=ADVANCED_FACE('',(#4410),#125,.F.);
#4851=ADVANCED_FACE('',(#4411),#34,.F.);
#4852=ADVANCED_FACE('',(#4412),#26,.T.);
#4853=ADVANCED_FACE('',(#4413),#35,.T.);
#4854=ADVANCED_FACE('',(#4414),#21,.T.);
#4855=ADVANCED_FACE('',(#4415),#27,.F.);
#4856=ADVANCED_FACE('',(#4416),#126,.T.);
#4857=ADVANCED_FACE('',(#4417),#127,.T.);
#4858=ADVANCED_FACE('',(#4418),#4608,.T.);
#4859=ADVANCED_FACE('',(#4419),#4609,.T.);
#4860=ADVANCED_FACE('',(#4420),#4610,.T.);
#4861=ADVANCED_FACE('',(#4421),#128,.F.);
#4862=ADVANCED_FACE('',(#4422),#4611,.F.);
#4863=ADVANCED_FACE('',(#4423),#4612,.F.);
#4864=ADVANCED_FACE('',(#4424),#129,.F.);
#4865=ADVANCED_FACE('',(#4425),#36,.F.);
#4866=ADVANCED_FACE('',(#4426),#28,.T.);
#4867=ADVANCED_FACE('',(#4427),#37,.T.);
#4868=ADVANCED_FACE('',(#4428),#22,.T.);
#4869=ADVANCED_FACE('',(#4429),#4613,.F.);
#4870=ADVANCED_FACE('',(#4430),#4614,.F.);
#4871=ADVANCED_FACE('',(#4431),#29,.F.);
#4872=ADVANCED_FACE('',(#4432),#4615,.F.);
#4873=ADVANCED_FACE('',(#4433),#130,.T.);
#4874=ADVANCED_FACE('',(#4434),#4616,.F.);
#4875=ADVANCED_FACE('',(#4435),#131,.T.);
#4876=ADVANCED_FACE('',(#4436),#132,.F.);
#4877=ADVANCED_FACE('',(#4437),#38,.F.);
#4878=ADVANCED_FACE('',(#4438),#30,.T.);
#4879=ADVANCED_FACE('',(#4439),#39,.T.);
#4880=ADVANCED_FACE('',(#4440),#23,.T.);
#4881=ADVANCED_FACE('',(#4441),#31,.F.);
#4882=ADVANCED_FACE('',(#4442),#133,.T.);
#4883=ADVANCED_FACE('',(#4443),#134,.T.);
#4884=ADVANCED_FACE('',(#4444),#4617,.T.);
#4885=ADVANCED_FACE('',(#4445),#4618,.T.);
#4886=ADVANCED_FACE('',(#4446),#4619,.T.);
#4887=ADVANCED_FACE('',(#4447),#135,.F.);
#4888=CLOSED_SHELL('',(#4620,#4621,#4622,#4623,#4624,#4625,#4626,#4627,
#4628,#4629,#4630,#4631,#4632,#4633,#4634,#4635,#4636,#4637,#4638,#4639,
#4640,#4641,#4642,#4643,#4644,#4645,#4646,#4647,#4648,#4649,#4650,#4651,
#4652,#4653,#4654,#4655,#4656,#4657,#4658,#4659,#4660,#4661,#4662,#4663,
#4664,#4665,#4666,#4667,#4668,#4669,#4670,#4671,#4672,#4673,#4674,#4675,
#4676,#4677,#4678,#4679,#4680,#4681,#4682,#4683,#4684,#4685,#4686,#4687,
#4688,#4689,#4690,#4691,#4692,#4693,#4694,#4695,#4696,#4697,#4698,#4699,
#4700,#4701,#4702,#4703,#4704,#4705,#4706,#4707,#4708,#4709,#4710,#4711,
#4712,#4713,#4714,#4715,#4716,#4717,#4718,#4719,#4720,#4721,#4722,#4723,
#4724,#4725,#4726,#4727,#4728,#4729,#4730,#4731,#4732,#4733,#4734,#4735,
#4736,#4737,#4738,#4739,#4740,#4741,#4742,#4743,#4744,#4745,#4746,#4747,
#4748,#4749,#4750,#4751,#4752,#4753,#4754,#4755,#4756,#4757,#4758,#4759,
#4760,#4761,#4762,#4763,#4764,#4765,#4766,#4767,#4768,#4769,#4770,#4771,
#4772,#4773,#4774,#4775,#4776,#4777,#4778,#4779,#4780,#4781,#4782,#4783,
#4784,#4785,#4786,#4787,#4788,#4789,#4790,#4791,#4792,#4793,#4794,#4795,
#4796,#4797,#4798,#4799,#4800,#4801,#4802,#4803,#4804,#4805,#4806,#4807,
#4808,#4809,#4810,#4811,#4812,#4813,#4814,#4815,#4816,#4817,#4818,#4819,
#4820,#4821,#4822,#4823,#4824,#4825,#4826,#4827,#4828,#4829,#4830,#4831,
#4832,#4833,#4834,#4835,#4836,#4837,#4838,#4839,#4840,#4841,#4842,#4843,
#4844,#4845,#4846,#4847,#4848,#4849,#4850,#4851,#4852,#4853,#4854,#4855,
#4856,#4857,#4858,#4859,#4860,#4861,#4862,#4863,#4864,#4865,#4866,#4867,
#4868,#4869,#4870,#4871,#4872,#4873,#4874,#4875,#4876,#4877,#4878,#4879,
#4880,#4881,#4882,#4883,#4884,#4885,#4886,#4887));
#4889=STYLED_ITEM('',(#4890),#4897);
#4890=PRESENTATION_STYLE_ASSIGNMENT((#4891));
#4891=SURFACE_STYLE_USAGE(.BOTH.,#4892);
#4892=SURFACE_SIDE_STYLE('',(#4893));
#4893=SURFACE_STYLE_FILL_AREA(#4894);
#4894=FILL_AREA_STYLE('',(#4895));
#4895=FILL_AREA_STYLE_COLOUR('',#4896);
#4896=COLOUR_RGB('',0.96078431372549,0.96078431372549,0.964705882352941);
#4897=MANIFOLD_SOLID_BREP('shell (3)',#4888);
#4898=SHAPE_DEFINITION_REPRESENTATION(#8346,#4899);
#4899=SHAPE_REPRESENTATION('shell (3)',(#4900),#8341);
#4900=AXIS2_PLACEMENT_3D('',#6637,#5299,#5300);
#4901=AXIS2_PLACEMENT_3D('',#6638,#5301,#5302);
#4902=AXIS2_PLACEMENT_3D('',#6671,#5319,#5320);
#4903=AXIS2_PLACEMENT_3D('',#6688,#5329,#5330);
#4904=AXIS2_PLACEMENT_3D('',#6691,#5332,#5333);
#4905=AXIS2_PLACEMENT_3D('',#6694,#5335,#5336);
#4906=AXIS2_PLACEMENT_3D('',#6695,#5337,#5338);
#4907=AXIS2_PLACEMENT_3D('',#6698,#5340,#5341);
#4908=AXIS2_PLACEMENT_3D('',#6701,#5343,#5344);
#4909=AXIS2_PLACEMENT_3D('',#6702,#5345,#5346);
#4910=AXIS2_PLACEMENT_3D('',#6717,#5355,#5356);
#4911=AXIS2_PLACEMENT_3D('',#6723,#5360,#5361);
#4912=AXIS2_PLACEMENT_3D('',#6727,#5364,#5365);
#4913=AXIS2_PLACEMENT_3D('',#6731,#5368,#5369);
#4914=AXIS2_PLACEMENT_3D('',#6755,#5383,#5384);
#4915=AXIS2_PLACEMENT_3D('',#6758,#5387,#5388);
#4916=AXIS2_PLACEMENT_3D('',#6760,#5390,#5391);
#4917=AXIS2_PLACEMENT_3D('',#6762,#5393,#5394);
#4918=AXIS2_PLACEMENT_3D('',#6779,#5403,#5404);
#4919=AXIS2_PLACEMENT_3D('',#6783,#5406,#5407);
#4920=AXIS2_PLACEMENT_3D('',#6794,#5408,#5409);
#4921=AXIS2_PLACEMENT_3D('',#6800,#5413,#5414);
#4922=AXIS2_PLACEMENT_3D('',#6827,#5417,#5418);
#4923=AXIS2_PLACEMENT_3D('',#6837,#5424,#5425);
#4924=AXIS2_PLACEMENT_3D('',#6838,#5426,#5427);
#4925=AXIS2_PLACEMENT_3D('',#6839,#5428,#5429);
#4926=AXIS2_PLACEMENT_3D('',#6856,#5438,#5439);
#4927=AXIS2_PLACEMENT_3D('',#6870,#5441,#5442);
#4928=AXIS2_PLACEMENT_3D('',#6871,#5443,#5444);
#4929=AXIS2_PLACEMENT_3D('',#6902,#5449,#5450);
#4930=AXIS2_PLACEMENT_3D('',#6904,#5452,#5453);
#4931=AXIS2_PLACEMENT_3D('',#6905,#5454,#5455);
#4932=AXIS2_PLACEMENT_3D('',#6907,#5457,#5458);
#4933=AXIS2_PLACEMENT_3D('',#6916,#5463,#5464);
#4934=AXIS2_PLACEMENT_3D('',#6917,#5465,#5466);
#4935=AXIS2_PLACEMENT_3D('',#6926,#5471,#5472);
#4936=AXIS2_PLACEMENT_3D('',#6966,#5476,#5477);
#4937=AXIS2_PLACEMENT_3D('',#6970,#5480,#5481);
#4938=AXIS2_PLACEMENT_3D('',#6979,#5486,#5487);
#4939=AXIS2_PLACEMENT_3D('',#7021,#5492,#5493);
#4940=AXIS2_PLACEMENT_3D('',#7023,#5495,#5496);
#4941=AXIS2_PLACEMENT_3D('',#7027,#5499,#5500);
#4942=AXIS2_PLACEMENT_3D('',#7031,#5502,#5503);
#4943=AXIS2_PLACEMENT_3D('',#7032,#5504,#5505);
#4944=AXIS2_PLACEMENT_3D('',#7033,#5506,#5507);
#4945=AXIS2_PLACEMENT_3D('',#7036,#5509,#5510);
#4946=AXIS2_PLACEMENT_3D('',#7037,#5511,#5512);
#4947=AXIS2_PLACEMENT_3D('',#7040,#5514,#5515);
#4948=AXIS2_PLACEMENT_3D('',#7041,#5516,#5517);
#4949=AXIS2_PLACEMENT_3D('',#7043,#5519,#5520);
#4950=AXIS2_PLACEMENT_3D('',#7047,#5522,#5523);
#4951=AXIS2_PLACEMENT_3D('',#7050,#5525,#5526);
#4952=AXIS2_PLACEMENT_3D('',#7051,#5527,#5528);
#4953=AXIS2_PLACEMENT_3D('',#7052,#5529,#5530);
#4954=AXIS2_PLACEMENT_3D('',#7059,#5534,#5535);
#4955=AXIS2_PLACEMENT_3D('',#7064,#5538,#5539);
#4956=AXIS2_PLACEMENT_3D('',#7065,#5540,#5541);
#4957=AXIS2_PLACEMENT_3D('',#7069,#5543,#5544);
#4958=AXIS2_PLACEMENT_3D('',#7072,#5546,#5547);
#4959=AXIS2_PLACEMENT_3D('',#7073,#5548,#5549);
#4960=AXIS2_PLACEMENT_3D('',#7074,#5550,#5551);
#4961=AXIS2_PLACEMENT_3D('',#7087,#5558,#5559);
#4962=AXIS2_PLACEMENT_3D('',#7091,#5561,#5562);
#4963=AXIS2_PLACEMENT_3D('',#7095,#5565,#5566);
#4964=AXIS2_PLACEMENT_3D('',#7098,#5569,#5570);
#4965=AXIS2_PLACEMENT_3D('',#7109,#5577,#5578);
#4966=AXIS2_PLACEMENT_3D('',#7118,#5583,#5584);
#4967=AXIS2_PLACEMENT_3D('',#7121,#5587,#5588);
#4968=AXIS2_PLACEMENT_3D('',#7130,#5593,#5594);
#4969=AXIS2_PLACEMENT_3D('',#7133,#5597,#5598);
#4970=AXIS2_PLACEMENT_3D('',#7146,#5605,#5606);
#4971=AXIS2_PLACEMENT_3D('',#7156,#5608,#5609);
#4972=AXIS2_PLACEMENT_3D('',#7159,#5611,#5612);
#4973=AXIS2_PLACEMENT_3D('',#7165,#5616,#5617);
#4974=AXIS2_PLACEMENT_3D('',#7166,#5618,#5619);
#4975=AXIS2_PLACEMENT_3D('',#7171,#5623,#5624);
#4976=AXIS2_PLACEMENT_3D('',#7177,#5628,#5629);
#4977=AXIS2_PLACEMENT_3D('',#7178,#5630,#5631);
#4978=AXIS2_PLACEMENT_3D('',#7183,#5634,#5635);
#4979=AXIS2_PLACEMENT_3D('',#7184,#5636,#5637);
#4980=AXIS2_PLACEMENT_3D('',#7192,#5639,#5640);
#4981=AXIS2_PLACEMENT_3D('',#7246,#5668,#5669);
#4982=AXIS2_PLACEMENT_3D('',#7254,#5671,#5672);
#4983=AXIS2_PLACEMENT_3D('',#7262,#5674,#5675);
#4984=AXIS2_PLACEMENT_3D('',#7268,#5679,#5680);
#4985=AXIS2_PLACEMENT_3D('',#7272,#5683,#5684);
#4986=AXIS2_PLACEMENT_3D('',#7278,#5688,#5689);
#4987=AXIS2_PLACEMENT_3D('',#7284,#5693,#5694);
#4988=AXIS2_PLACEMENT_3D('',#7288,#5697,#5698);
#4989=AXIS2_PLACEMENT_3D('',#7292,#5701,#5702);
#4990=AXIS2_PLACEMENT_3D('',#7320,#5706,#5707);
#4991=AXIS2_PLACEMENT_3D('',#7347,#5710,#5711);
#4992=AXIS2_PLACEMENT_3D('',#7351,#5714,#5715);
#4993=AXIS2_PLACEMENT_3D('',#7353,#5717,#5718);
#4994=AXIS2_PLACEMENT_3D('',#7354,#5719,#5720);
#4995=AXIS2_PLACEMENT_3D('',#7355,#5721,#5722);
#4996=AXIS2_PLACEMENT_3D('',#7356,#5723,#5724);
#4997=AXIS2_PLACEMENT_3D('',#7357,#5725,#5726);
#4998=AXIS2_PLACEMENT_3D('',#7358,#5727,#5728);
#4999=AXIS2_PLACEMENT_3D('',#7359,#5729,#5730);
#5000=AXIS2_PLACEMENT_3D('',#7360,#5731,#5732);
#5001=AXIS2_PLACEMENT_3D('',#7361,#5733,#5734);
#5002=AXIS2_PLACEMENT_3D('',#7362,#5735,#5736);
#5003=AXIS2_PLACEMENT_3D('',#7363,#5737,#5738);
#5004=AXIS2_PLACEMENT_3D('',#7364,#5739,#5740);
#5005=AXIS2_PLACEMENT_3D('',#7365,#5741,#5742);
#5006=AXIS2_PLACEMENT_3D('',#7366,#5743,#5744);
#5007=AXIS2_PLACEMENT_3D('',#7367,#5745,#5746);
#5008=AXIS2_PLACEMENT_3D('',#7370,#5749,#5750);
#5009=AXIS2_PLACEMENT_3D('',#7372,#5752,#5753);
#5010=AXIS2_PLACEMENT_3D('',#7374,#5755,#5756);
#5011=AXIS2_PLACEMENT_3D('',#7375,#5757,#5758);
#5012=AXIS2_PLACEMENT_3D('',#7378,#5761,#5762);
#5013=AXIS2_PLACEMENT_3D('',#7380,#5764,#5765);
#5014=AXIS2_PLACEMENT_3D('',#7382,#5767,#5768);
#5015=AXIS2_PLACEMENT_3D('',#7383,#5769,#5770);
#5016=AXIS2_PLACEMENT_3D('',#7394,#5771,#5772);
#5017=AXIS2_PLACEMENT_3D('',#7399,#5773,#5774);
#5018=AXIS2_PLACEMENT_3D('',#7403,#5777,#5778);
#5019=AXIS2_PLACEMENT_3D('',#7414,#5779,#5780);
#5020=AXIS2_PLACEMENT_3D('',#7419,#5781,#5782);
#5021=AXIS2_PLACEMENT_3D('',#7421,#5784,#5785);
#5022=AXIS2_PLACEMENT_3D('',#7423,#5787,#5788);
#5023=AXIS2_PLACEMENT_3D('',#7429,#5792,#5793);
#5024=AXIS2_PLACEMENT_3D('',#7438,#5798,#5799);
#5025=AXIS2_PLACEMENT_3D('',#7444,#5803,#5804);
#5026=AXIS2_PLACEMENT_3D('',#7450,#5808,#5809);
#5027=AXIS2_PLACEMENT_3D('',#7451,#5810,#5811);
#5028=AXIS2_PLACEMENT_3D('',#7453,#5812,#5813);
#5029=AXIS2_PLACEMENT_3D('',#7456,#5815,#5816);
#5030=AXIS2_PLACEMENT_3D('',#7462,#5820,#5821);
#5031=AXIS2_PLACEMENT_3D('',#7466,#5823,#5824);
#5032=AXIS2_PLACEMENT_3D('',#7467,#5825,#5826);
#5033=AXIS2_PLACEMENT_3D('',#7468,#5827,#5828);
#5034=AXIS2_PLACEMENT_3D('',#7474,#5832,#5833);
#5035=AXIS2_PLACEMENT_3D('',#7483,#5838,#5839);
#5036=AXIS2_PLACEMENT_3D('',#7484,#5840,#5841);
#5037=AXIS2_PLACEMENT_3D('',#7486,#5842,#5843);
#5038=AXIS2_PLACEMENT_3D('',#7489,#5845,#5846);
#5039=AXIS2_PLACEMENT_3D('',#7495,#5850,#5851);
#5040=AXIS2_PLACEMENT_3D('',#7501,#5855,#5856);
#5041=AXIS2_PLACEMENT_3D('',#7539,#5860,#5861);
#5042=AXIS2_PLACEMENT_3D('',#7543,#5863,#5864);
#5043=AXIS2_PLACEMENT_3D('',#7547,#5866,#5867);
#5044=AXIS2_PLACEMENT_3D('',#7557,#5873,#5874);
#5045=AXIS2_PLACEMENT_3D('',#7558,#5875,#5876);
#5046=AXIS2_PLACEMENT_3D('',#7567,#5881,#5882);
#5047=AXIS2_PLACEMENT_3D('',#7571,#5884,#5885);
#5048=AXIS2_PLACEMENT_3D('',#7575,#5887,#5888);
#5049=AXIS2_PLACEMENT_3D('',#7576,#5889,#5890);
#5050=AXIS2_PLACEMENT_3D('',#7577,#5891,#5892);
#5051=AXIS2_PLACEMENT_3D('',#7581,#5894,#5895);
#5052=AXIS2_PLACEMENT_3D('',#7582,#5896,#5897);
#5053=AXIS2_PLACEMENT_3D('',#7591,#5902,#5903);
#5054=AXIS2_PLACEMENT_3D('',#7595,#5905,#5906);
#5055=AXIS2_PLACEMENT_3D('',#7599,#5908,#5909);
#5056=AXIS2_PLACEMENT_3D('',#7600,#5910,#5911);
#5057=AXIS2_PLACEMENT_3D('',#7601,#5912,#5913);
#5058=AXIS2_PLACEMENT_3D('',#7602,#5914,#5915);
#5059=AXIS2_PLACEMENT_3D('',#7603,#5916,#5917);
#5060=AXIS2_PLACEMENT_3D('',#7609,#5921,#5922);
#5061=AXIS2_PLACEMENT_3D('',#7615,#5926,#5927);
#5062=AXIS2_PLACEMENT_3D('',#7619,#5929,#5930);
#5063=AXIS2_PLACEMENT_3D('',#7620,#5931,#5932);
#5064=AXIS2_PLACEMENT_3D('',#7621,#5933,#5934);
#5065=AXIS2_PLACEMENT_3D('',#7630,#5939,#5940);
#5066=AXIS2_PLACEMENT_3D('',#7631,#5941,#5942);
#5067=AXIS2_PLACEMENT_3D('',#7637,#5947,#5948);
#5068=AXIS2_PLACEMENT_3D('',#7640,#5950,#5951);
#5069=AXIS2_PLACEMENT_3D('',#7644,#5955,#5956);
#5070=AXIS2_PLACEMENT_3D('',#7646,#5958,#5959);
#5071=AXIS2_PLACEMENT_3D('',#7650,#5961,#5962);
#5072=AXIS2_PLACEMENT_3D('',#7651,#5963,#5964);
#5073=AXIS2_PLACEMENT_3D('',#7652,#5965,#5966);
#5074=AXIS2_PLACEMENT_3D('',#7661,#5971,#5972);
#5075=AXIS2_PLACEMENT_3D('',#7662,#5973,#5974);
#5076=AXIS2_PLACEMENT_3D('',#7667,#5978,#5979);
#5077=AXIS2_PLACEMENT_3D('',#7670,#5981,#5982);
#5078=AXIS2_PLACEMENT_3D('',#7673,#5985,#5986);
#5079=AXIS2_PLACEMENT_3D('',#7675,#5988,#5989);
#5080=AXIS2_PLACEMENT_3D('',#7678,#5991,#5992);
#5081=AXIS2_PLACEMENT_3D('',#7679,#5993,#5994);
#5082=AXIS2_PLACEMENT_3D('',#7683,#5996,#5997);
#5083=AXIS2_PLACEMENT_3D('',#7687,#5999,#6000);
#5084=AXIS2_PLACEMENT_3D('',#7691,#6003,#6004);
#5085=AXIS2_PLACEMENT_3D('',#7692,#6005,#6006);
#5086=AXIS2_PLACEMENT_3D('',#7697,#6008,#6009);
#5087=AXIS2_PLACEMENT_3D('',#7703,#6013,#6014);
#5088=AXIS2_PLACEMENT_3D('',#7704,#6015,#6016);
#5089=AXIS2_PLACEMENT_3D('',#7709,#6018,#6019);
#5090=AXIS2_PLACEMENT_3D('',#7715,#6023,#6024);
#5091=AXIS2_PLACEMENT_3D('',#7729,#6026,#6027);
#5092=AXIS2_PLACEMENT_3D('',#7756,#6029,#6030);
#5093=AXIS2_PLACEMENT_3D('',#7762,#6034,#6035);
#5094=AXIS2_PLACEMENT_3D('',#7763,#6036,#6037);
#5095=AXIS2_PLACEMENT_3D('',#7770,#6041,#6042);
#5096=AXIS2_PLACEMENT_3D('',#7771,#6043,#6044);
#5097=AXIS2_PLACEMENT_3D('',#7776,#6047,#6048);
#5098=AXIS2_PLACEMENT_3D('',#7778,#6050,#6051);
#5099=AXIS2_PLACEMENT_3D('',#7782,#6053,#6054);
#5100=AXIS2_PLACEMENT_3D('',#7793,#6055,#6056);
#5101=AXIS2_PLACEMENT_3D('',#7825,#6061,#6062);
#5102=AXIS2_PLACEMENT_3D('',#7826,#6063,#6064);
#5103=AXIS2_PLACEMENT_3D('',#7833,#6068,#6069);
#5104=AXIS2_PLACEMENT_3D('',#7837,#6071,#6072);
#5105=AXIS2_PLACEMENT_3D('',#7839,#6074,#6075);
#5106=AXIS2_PLACEMENT_3D('',#7841,#6077,#6078);
#5107=AXIS2_PLACEMENT_3D('',#7850,#6083,#6084);
#5108=AXIS2_PLACEMENT_3D('',#7856,#6088,#6089);
#5109=AXIS2_PLACEMENT_3D('',#7865,#6094,#6095);
#5110=AXIS2_PLACEMENT_3D('',#7868,#6098,#6099);
#5111=AXIS2_PLACEMENT_3D('',#7871,#6102,#6103);
#5112=AXIS2_PLACEMENT_3D('',#7877,#6107,#6108);
#5113=AXIS2_PLACEMENT_3D('',#7879,#6110,#6111);
#5114=AXIS2_PLACEMENT_3D('',#7881,#6113,#6114);
#5115=AXIS2_PLACEMENT_3D('',#7887,#6118,#6119);
#5116=AXIS2_PLACEMENT_3D('',#7889,#6121,#6122);
#5117=AXIS2_PLACEMENT_3D('',#7895,#6126,#6127);
#5118=AXIS2_PLACEMENT_3D('',#7897,#6129,#6130);
#5119=AXIS2_PLACEMENT_3D('',#7898,#6131,#6132);
#5120=AXIS2_PLACEMENT_3D('',#7899,#6133,#6134);
#5121=AXIS2_PLACEMENT_3D('',#7905,#6138,#6139);
#5122=AXIS2_PLACEMENT_3D('',#7911,#6143,#6144);
#5123=AXIS2_PLACEMENT_3D('',#7915,#6147,#6148);
#5124=AXIS2_PLACEMENT_3D('',#7919,#6151,#6152);
#5125=AXIS2_PLACEMENT_3D('',#7923,#6155,#6156);
#5126=AXIS2_PLACEMENT_3D('',#7927,#6159,#6160);
#5127=AXIS2_PLACEMENT_3D('',#7929,#6162,#6163);
#5128=AXIS2_PLACEMENT_3D('',#7931,#6165,#6166);
#5129=AXIS2_PLACEMENT_3D('',#7940,#6171,#6172);
#5130=AXIS2_PLACEMENT_3D('',#7944,#6174,#6175);
#5131=AXIS2_PLACEMENT_3D('',#7945,#6176,#6177);
#5132=AXIS2_PLACEMENT_3D('',#7946,#6178,#6179);
#5133=AXIS2_PLACEMENT_3D('',#7952,#6183,#6184);
#5134=AXIS2_PLACEMENT_3D('',#7953,#6185,#6186);
#5135=AXIS2_PLACEMENT_3D('',#7955,#6188,#6189);
#5136=AXIS2_PLACEMENT_3D('',#7957,#6191,#6192);
#5137=AXIS2_PLACEMENT_3D('',#7958,#6193,#6194);
#5138=AXIS2_PLACEMENT_3D('',#7959,#6195,#6196);
#5139=AXIS2_PLACEMENT_3D('',#7960,#6197,#6198);
#5140=AXIS2_PLACEMENT_3D('',#7969,#6203,#6204);
#5141=AXIS2_PLACEMENT_3D('',#7973,#6206,#6207);
#5142=AXIS2_PLACEMENT_3D('',#7974,#6208,#6209);
#5143=AXIS2_PLACEMENT_3D('',#7975,#6210,#6211);
#5144=AXIS2_PLACEMENT_3D('',#7981,#6215,#6216);
#5145=AXIS2_PLACEMENT_3D('',#7982,#6217,#6218);
#5146=AXIS2_PLACEMENT_3D('',#7984,#6220,#6221);
#5147=AXIS2_PLACEMENT_3D('',#7986,#6223,#6224);
#5148=AXIS2_PLACEMENT_3D('',#7987,#6225,#6226);
#5149=AXIS2_PLACEMENT_3D('',#7988,#6227,#6228);
#5150=AXIS2_PLACEMENT_3D('',#7989,#6229,#6230);
#5151=AXIS2_PLACEMENT_3D('',#7993,#6233,#6234);
#5152=AXIS2_PLACEMENT_3D('',#7999,#6238,#6239);
#5153=AXIS2_PLACEMENT_3D('',#8001,#6241,#6242);
#5154=AXIS2_PLACEMENT_3D('',#8005,#6245,#6246);
#5155=AXIS2_PLACEMENT_3D('',#8011,#6250,#6251);
#5156=AXIS2_PLACEMENT_3D('',#8013,#6253,#6254);
#5157=AXIS2_PLACEMENT_3D('',#8017,#6257,#6258);
#5158=AXIS2_PLACEMENT_3D('',#8021,#6261,#6262);
#5159=AXIS2_PLACEMENT_3D('',#8027,#6266,#6267);
#5160=AXIS2_PLACEMENT_3D('',#8029,#6269,#6270);
#5161=AXIS2_PLACEMENT_3D('',#8044,#6279,#6280);
#5162=AXIS2_PLACEMENT_3D('',#8047,#6283,#6284);
#5163=AXIS2_PLACEMENT_3D('',#8048,#6285,#6286);
#5164=AXIS2_PLACEMENT_3D('',#8057,#6291,#6292);
#5165=AXIS2_PLACEMENT_3D('',#8061,#6294,#6295);
#5166=AXIS2_PLACEMENT_3D('',#8062,#6296,#6297);
#5167=AXIS2_PLACEMENT_3D('',#8063,#6298,#6299);
#5168=AXIS2_PLACEMENT_3D('',#8069,#6303,#6304);
#5169=AXIS2_PLACEMENT_3D('',#8070,#6305,#6306);
#5170=AXIS2_PLACEMENT_3D('',#8071,#6307,#6308);
#5171=AXIS2_PLACEMENT_3D('',#8072,#6309,#6310);
#5172=AXIS2_PLACEMENT_3D('',#8081,#6315,#6316);
#5173=AXIS2_PLACEMENT_3D('',#8085,#6318,#6319);
#5174=AXIS2_PLACEMENT_3D('',#8086,#6320,#6321);
#5175=AXIS2_PLACEMENT_3D('',#8087,#6322,#6323);
#5176=AXIS2_PLACEMENT_3D('',#8093,#6327,#6328);
#5177=AXIS2_PLACEMENT_3D('',#8094,#6329,#6330);
#5178=AXIS2_PLACEMENT_3D('',#8095,#6331,#6332);
#5179=AXIS2_PLACEMENT_3D('',#8096,#6333,#6334);
#5180=AXIS2_PLACEMENT_3D('',#8105,#6339,#6340);
#5181=AXIS2_PLACEMENT_3D('',#8109,#6342,#6343);
#5182=AXIS2_PLACEMENT_3D('',#8110,#6344,#6345);
#5183=AXIS2_PLACEMENT_3D('',#8111,#6346,#6347);
#5184=AXIS2_PLACEMENT_3D('',#8117,#6351,#6352);
#5185=AXIS2_PLACEMENT_3D('',#8118,#6353,#6354);
#5186=AXIS2_PLACEMENT_3D('',#8120,#6356,#6357);
#5187=AXIS2_PLACEMENT_3D('',#8122,#6359,#6360);
#5188=AXIS2_PLACEMENT_3D('',#8123,#6361,#6362);
#5189=AXIS2_PLACEMENT_3D('',#8124,#6363,#6364);
#5190=AXIS2_PLACEMENT_3D('',#8125,#6365,#6366);
#5191=AXIS2_PLACEMENT_3D('',#8134,#6371,#6372);
#5192=AXIS2_PLACEMENT_3D('',#8138,#6374,#6375);
#5193=AXIS2_PLACEMENT_3D('',#8139,#6376,#6377);
#5194=AXIS2_PLACEMENT_3D('',#8140,#6378,#6379);
#5195=AXIS2_PLACEMENT_3D('',#8146,#6383,#6384);
#5196=AXIS2_PLACEMENT_3D('',#8147,#6385,#6386);
#5197=AXIS2_PLACEMENT_3D('',#8149,#6388,#6389);
#5198=AXIS2_PLACEMENT_3D('',#8151,#6391,#6392);
#5199=AXIS2_PLACEMENT_3D('',#8152,#6393,#6394);
#5200=AXIS2_PLACEMENT_3D('',#8153,#6395,#6396);
#5201=AXIS2_PLACEMENT_3D('',#8154,#6397,#6398);
#5202=AXIS2_PLACEMENT_3D('',#8163,#6403,#6404);
#5203=AXIS2_PLACEMENT_3D('',#8169,#6408,#6409);
#5204=AXIS2_PLACEMENT_3D('',#8170,#6410,#6411);
#5205=AXIS2_PLACEMENT_3D('',#8174,#6413,#6414);
#5206=AXIS2_PLACEMENT_3D('',#8175,#6415,#6416);
#5207=AXIS2_PLACEMENT_3D('',#8176,#6417,#6418);
#5208=AXIS2_PLACEMENT_3D('',#8180,#6420,#6421);
#5209=AXIS2_PLACEMENT_3D('',#8181,#6422,#6423);
#5210=AXIS2_PLACEMENT_3D('',#8182,#6424,#6425);
#5211=AXIS2_PLACEMENT_3D('',#8183,#6426,#6427);
#5212=AXIS2_PLACEMENT_3D('',#8184,#6428,#6429);
#5213=AXIS2_PLACEMENT_3D('',#8185,#6430,#6431);
#5214=AXIS2_PLACEMENT_3D('',#8188,#6433,#6434);
#5215=AXIS2_PLACEMENT_3D('',#8189,#6435,#6436);
#5216=AXIS2_PLACEMENT_3D('',#8191,#6437,#6438);
#5217=AXIS2_PLACEMENT_3D('',#8193,#6439,#6440);
#5218=AXIS2_PLACEMENT_3D('',#8194,#6441,#6442);
#5219=AXIS2_PLACEMENT_3D('',#8197,#6444,#6445);
#5220=AXIS2_PLACEMENT_3D('',#8200,#6447,#6448);
#5221=AXIS2_PLACEMENT_3D('',#8201,#6449,#6450);
#5222=AXIS2_PLACEMENT_3D('',#8205,#6452,#6453);
#5223=AXIS2_PLACEMENT_3D('',#8206,#6454,#6455);
#5224=AXIS2_PLACEMENT_3D('',#8207,#6456,#6457);
#5225=AXIS2_PLACEMENT_3D('',#8208,#6458,#6459);
#5226=AXIS2_PLACEMENT_3D('',#8214,#6463,#6464);
#5227=AXIS2_PLACEMENT_3D('',#8215,#6465,#6466);
#5228=AXIS2_PLACEMENT_3D('',#8216,#6467,#6468);
#5229=AXIS2_PLACEMENT_3D('',#8220,#6471,#6472);
#5230=AXIS2_PLACEMENT_3D('',#8221,#6473,#6474);
#5231=AXIS2_PLACEMENT_3D('',#8222,#6475,#6476);
#5232=AXIS2_PLACEMENT_3D('',#8223,#6477,#6478);
#5233=AXIS2_PLACEMENT_3D('',#8224,#6479,#6480);
#5234=AXIS2_PLACEMENT_3D('',#8225,#6481,#6482);
#5235=AXIS2_PLACEMENT_3D('',#8226,#6483,#6484);
#5236=AXIS2_PLACEMENT_3D('',#8227,#6485,#6486);
#5237=AXIS2_PLACEMENT_3D('',#8228,#6487,#6488);
#5238=AXIS2_PLACEMENT_3D('',#8229,#6489,#6490);
#5239=AXIS2_PLACEMENT_3D('',#8230,#6491,#6492);
#5240=AXIS2_PLACEMENT_3D('',#8231,#6493,#6494);
#5241=AXIS2_PLACEMENT_3D('',#8232,#6495,#6496);
#5242=AXIS2_PLACEMENT_3D('',#8233,#6497,#6498);
#5243=AXIS2_PLACEMENT_3D('',#8234,#6499,#6500);
#5244=AXIS2_PLACEMENT_3D('',#8235,#6501,#6502);
#5245=AXIS2_PLACEMENT_3D('',#8236,#6503,#6504);
#5246=AXIS2_PLACEMENT_3D('',#8237,#6505,#6506);
#5247=AXIS2_PLACEMENT_3D('',#8242,#6509,#6510);
#5248=AXIS2_PLACEMENT_3D('',#8244,#6512,#6513);
#5249=AXIS2_PLACEMENT_3D('',#8246,#6515,#6516);
#5250=AXIS2_PLACEMENT_3D('',#8247,#6517,#6518);
#5251=AXIS2_PLACEMENT_3D('',#8256,#6523,#6524);
#5252=AXIS2_PLACEMENT_3D('',#8262,#6528,#6529);
#5253=AXIS2_PLACEMENT_3D('',#8263,#6530,#6531);
#5254=AXIS2_PLACEMENT_3D('',#8267,#6533,#6534);
#5255=AXIS2_PLACEMENT_3D('',#8268,#6535,#6536);
#5256=AXIS2_PLACEMENT_3D('',#8269,#6537,#6538);
#5257=AXIS2_PLACEMENT_3D('',#8273,#6540,#6541);
#5258=AXIS2_PLACEMENT_3D('',#8274,#6542,#6543);
#5259=AXIS2_PLACEMENT_3D('',#8275,#6544,#6545);
#5260=AXIS2_PLACEMENT_3D('',#8276,#6546,#6547);
#5261=AXIS2_PLACEMENT_3D('',#8277,#6548,#6549);
#5262=AXIS2_PLACEMENT_3D('',#8280,#6551,#6552);
#5263=AXIS2_PLACEMENT_3D('',#8281,#6553,#6554);
#5264=AXIS2_PLACEMENT_3D('',#8282,#6555,#6556);
#5265=AXIS2_PLACEMENT_3D('',#8284,#6557,#6558);
#5266=AXIS2_PLACEMENT_3D('',#8286,#6559,#6560);
#5267=AXIS2_PLACEMENT_3D('',#8287,#6561,#6562);
#5268=AXIS2_PLACEMENT_3D('',#8292,#6565,#6566);
#5269=AXIS2_PLACEMENT_3D('',#8293,#6567,#6568);
#5270=AXIS2_PLACEMENT_3D('',#8294,#6569,#6570);
#5271=AXIS2_PLACEMENT_3D('',#8296,#6571,#6572);
#5272=AXIS2_PLACEMENT_3D('',#8299,#6574,#6575);
#5273=AXIS2_PLACEMENT_3D('',#8300,#6576,#6577);
#5274=AXIS2_PLACEMENT_3D('',#8301,#6578,#6579);
#5275=AXIS2_PLACEMENT_3D('',#8307,#6583,#6584);
#5276=AXIS2_PLACEMENT_3D('',#8308,#6585,#6586);
#5277=AXIS2_PLACEMENT_3D('',#8309,#6587,#6588);
#5278=AXIS2_PLACEMENT_3D('',#8313,#6591,#6592);
#5279=AXIS2_PLACEMENT_3D('',#8314,#6593,#6594);
#5280=AXIS2_PLACEMENT_3D('',#8315,#6595,#6596);
#5281=AXIS2_PLACEMENT_3D('',#8316,#6597,#6598);
#5282=AXIS2_PLACEMENT_3D('',#8317,#6599,#6600);
#5283=AXIS2_PLACEMENT_3D('',#8318,#6601,#6602);
#5284=AXIS2_PLACEMENT_3D('',#8319,#6603,#6604);
#5285=AXIS2_PLACEMENT_3D('',#8320,#6605,#6606);
#5286=AXIS2_PLACEMENT_3D('',#8321,#6607,#6608);
#5287=AXIS2_PLACEMENT_3D('',#8322,#6609,#6610);
#5288=AXIS2_PLACEMENT_3D('',#8323,#6611,#6612);
#5289=AXIS2_PLACEMENT_3D('',#8324,#6613,#6614);
#5290=AXIS2_PLACEMENT_3D('',#8325,#6615,#6616);
#5291=AXIS2_PLACEMENT_3D('',#8326,#6617,#6618);
#5292=AXIS2_PLACEMENT_3D('',#8327,#6619,#6620);
#5293=AXIS2_PLACEMENT_3D('',#8328,#6621,#6622);
#5294=AXIS2_PLACEMENT_3D('',#8329,#6623,#6624);
#5295=AXIS2_PLACEMENT_3D('',#8330,#6625,#6626);
#5296=AXIS2_PLACEMENT_3D('',#8335,#6629,#6630);
#5297=AXIS2_PLACEMENT_3D('',#8337,#6632,#6633);
#5298=AXIS2_PLACEMENT_3D('',#8339,#6635,#6636);
#5299=DIRECTION('',(0.,0.,1.));
#5300=DIRECTION('',(1.,0.,0.));
#5301=DIRECTION('',(0.,0.,-1.));
#5302=DIRECTION('',(-1.,0.,0.));
#5303=DIRECTION('',(-1.,0.,0.));
#5304=DIRECTION('',(-5.35047240783208E-16,1.,0.));
#5305=DIRECTION('',(1.,0.,0.));
#5306=DIRECTION('',(1.,0.,0.));
#5307=DIRECTION('',(1.,0.,0.));
#5308=DIRECTION('',(1.,0.,0.));
#5309=DIRECTION('',(1.,0.,0.));
#5310=DIRECTION('',(3.74533068548246E-16,-1.,0.));
#5311=DIRECTION('',(-1.,0.,0.));
#5312=DIRECTION('',(0.,-1.,0.));
#5313=DIRECTION('',(1.,0.,0.));
#5314=DIRECTION('',(3.74533068548246E-16,-1.,0.));
#5315=DIRECTION('',(-1.,0.,0.));
#5316=DIRECTION('',(-5.35047240783208E-16,1.,0.));
#5317=DIRECTION('',(1.,0.,0.));
#5318=DIRECTION('',(0.,1.,0.));
#5319=DIRECTION('',(0.,1.,-1.13654114163656E-14));
#5320=DIRECTION('',(1.,0.,0.));
#5321=DIRECTION('',(1.,0.,0.));
#5322=DIRECTION('',(1.,0.,0.));
#5323=DIRECTION('',(1.,0.,0.));
#5324=DIRECTION('',(1.,0.,0.));
#5325=DIRECTION('',(1.,0.,0.));
#5326=DIRECTION('',(0.,4.20606496522476E-15,-1.));
#5327=DIRECTION('',(-1.,0.,0.));
#5328=DIRECTION('',(0.,-4.26729730518213E-15,1.));
#5329=DIRECTION('',(1.,0.,0.));
#5330=DIRECTION('',(0.,0.,-1.));
#5331=DIRECTION('',(0.,-1.,-4.26729730518213E-15));
#5332=DIRECTION('',(-1.,0.,0.));
#5333=DIRECTION('',(0.,0.,1.));
#5334=DIRECTION('',(0.,0.,-1.));
#5335=DIRECTION('',(1.,0.,0.));
#5336=DIRECTION('',(0.,1.,-1.48029736616688E-14));
#5337=DIRECTION('',(-1.,0.,0.));
#5338=DIRECTION('',(0.,0.,1.));
#5339=DIRECTION('',(0.,1.,4.26729730518213E-15));
#5340=DIRECTION('',(1.,0.,0.));
#5341=DIRECTION('',(0.,1.,-1.48029736616688E-14));
#5342=DIRECTION('',(0.,0.,-1.));
#5343=DIRECTION('',(1.,0.,0.));
#5344=DIRECTION('',(0.,1.,-7.40148683083442E-15));
#5345=DIRECTION('',(0.,-1.,1.13654114163656E-14));
#5346=DIRECTION('',(-1.,0.,0.));
#5347=DIRECTION('',(-1.,0.,0.));
#5348=DIRECTION('',(-1.,0.,0.));
#5349=DIRECTION('',(-1.,0.,0.));
#5350=DIRECTION('',(-1.,0.,0.));
#5351=DIRECTION('',(-1.,0.,0.));
#5352=DIRECTION('',(0.,-4.20606496522476E-15,1.));
#5353=DIRECTION('',(1.,0.,0.));
#5354=DIRECTION('',(0.,-4.20606496522476E-15,1.));
#5355=DIRECTION('',(-1.,0.,0.));
#5356=DIRECTION('',(0.,-1.,0.));
#5357=DIRECTION('',(0.,0.,1.));
#5358=DIRECTION('',(0.,1.,0.));
#5359=DIRECTION('',(0.,0.,1.));
#5360=DIRECTION('',(0.,-1.,0.));
#5361=DIRECTION('',(1.,0.,0.));
#5362=DIRECTION('',(-1.,0.,0.));
#5363=DIRECTION('',(0.,0.,1.));
#5364=DIRECTION('',(0.,1.,0.));
#5365=DIRECTION('',(-1.,0.,0.));
#5366=DIRECTION('',(0.,0.,-1.));
#5367=DIRECTION('',(1.,0.,0.));
#5368=DIRECTION('',(0.,0.,1.));
#5369=DIRECTION('',(1.,0.,0.));
#5370=DIRECTION('',(1.,0.,0.));
#5371=DIRECTION('',(0.,-1.,0.));
#5372=DIRECTION('',(-1.,0.,0.));
#5373=DIRECTION('',(-5.35047240783208E-16,1.,0.));
#5374=DIRECTION('',(-1.,0.,0.));
#5375=DIRECTION('',(3.74533068548246E-16,-1.,0.));
#5376=DIRECTION('',(3.74533068548246E-16,-1.,0.));
#5377=DIRECTION('',(1.,0.,0.));
#5378=DIRECTION('',(1.,0.,0.));
#5379=DIRECTION('',(1.,0.,0.));
#5380=DIRECTION('',(1.,0.,0.));
#5381=DIRECTION('',(1.,0.,0.));
#5382=DIRECTION('',(-5.35047240783208E-16,1.,0.));
#5383=DIRECTION('',(1.,0.,0.));
#5384=DIRECTION('',(0.,1.,0.));
#5385=DIRECTION('',(0.,0.,1.));
#5386=DIRECTION('',(0.,0.,1.));
#5387=DIRECTION('',(0.,1.,0.));
#5388=DIRECTION('',(-1.,0.,0.));
#5389=DIRECTION('',(0.,0.,1.));
#5390=DIRECTION('',(0.,-1.,0.));
#5391=DIRECTION('',(1.,0.,0.));
#5392=DIRECTION('',(0.,0.,-1.));
#5393=DIRECTION('',(-1.,-3.20221112657457E-14,-1.56020925515692E-14));
#5394=DIRECTION('',(-3.20221112657458E-14,1.,4.23668113520345E-15));
#5395=DIRECTION('',(1.56020925515692E-14,-9.65411325754731E-16,-1.));
#5396=DIRECTION('',(-3.20221112657457E-14,1.,1.84372513590765E-28));
#5397=DIRECTION('',(-1.56020925515692E-14,2.13834825814543E-27,1.));
#5398=DIRECTION('',(3.20221112657457E-14,-1.,-1.85185137879919E-28));
#5399=DIRECTION('',(-1.74574066942157E-15,4.2366811352034E-15,-1.));
#5400=DIRECTION('',(2.08109605229957E-14,-1.,-4.23668113520344E-15));
#5401=DIRECTION('',(1.75622800272376E-17,-3.74291588109078E-15,1.));
#5402=DIRECTION('',(-1.46939224074099E-14,0.707106781186544,0.707106781186551));
#5403=DIRECTION('',(5.45665270809982E-32,-4.23668113520345E-15,1.));
#5404=DIRECTION('',(3.70074341541724E-15,1.,4.23668113520345E-15));
#5405=DIRECTION('',(-3.32974006030512E-16,-4.23668113520345E-15,1.));
#5406=DIRECTION('',(-5.45665270809982E-32,4.23668113520345E-15,-1.));
#5407=DIRECTION('',(-1.,-1.48029736616688E-14,-6.26609127302248E-29));
#5408=DIRECTION('',(2.07497281830383E-14,-1.,-3.74291588109078E-15));
#5409=DIRECTION('',(1.75622800272376E-17,-3.74291588109078E-15,1.));
#5410=DIRECTION('',(-1.75622800272376E-17,3.74291588109078E-15,-1.));
#5411=DIRECTION('',(-1.,-2.07497281830383E-14,1.74574066942148E-15));
#5412=DIRECTION('',(-1.,-2.07497281830383E-14,1.74574066942148E-15));
#5413=DIRECTION('',(1.59066985715451E-14,-0.707106781186551,0.707106781186544));
#5414=DIRECTION('',(-1.46939224074099E-14,0.707106781186544,0.707106781186551));
#5415=DIRECTION('',(1.46939224074099E-14,-0.707106781186544,-0.707106781186551));
#5416=DIRECTION('',(-1.,-2.07497281830383E-14,1.74574066942148E-15));
#5417=DIRECTION('',(1.,3.20221112657457E-14,1.56020925515692E-14));
#5418=DIRECTION('',(3.20221112657458E-14,-1.,-4.23668113520345E-15));
#5419=DIRECTION('',(-1.56020925515692E-14,9.65411325754731E-16,1.));
#5420=DIRECTION('',(-3.20221112657457E-14,1.,1.85185137879919E-28));
#5421=DIRECTION('',(1.56020925515692E-14,-2.13834825814543E-27,-1.));
#5422=DIRECTION('',(3.20221112657457E-14,-1.,-1.84372513590765E-28));
#5423=DIRECTION('',(-2.08109605229957E-14,1.,4.23668113520344E-15));
#5424=DIRECTION('',(5.45665270809982E-32,-4.23668113520345E-15,1.));
#5425=DIRECTION('',(3.70074341541724E-15,1.,4.23668113520345E-15));
#5426=DIRECTION('',(5.45665270809982E-32,-4.23668113520345E-15,1.));
#5427=DIRECTION('',(3.70074341541721E-15,1.,4.23668113520345E-15));
#5428=DIRECTION('',(1.,-9.98624019550041E-15,-1.56020925515691E-14));
#5429=DIRECTION('',(-9.98624019550048E-15,-1.,-4.23668113520345E-15));
#5430=DIRECTION('',(1.56020925515691E-14,9.65411325751854E-16,1.));
#5431=DIRECTION('',(9.98624019550041E-15,1.,-1.14053567740859E-28));
#5432=DIRECTION('',(-1.56020925515691E-14,7.3887948194556E-28,-1.));
#5433=DIRECTION('',(-9.98624019550041E-15,-1.,1.14866192030013E-28));
#5434=DIRECTION('',(1.04631038287039E-16,-4.23668113520345E-15,1.));
#5435=DIRECTION('',(-2.2378555685186E-15,-0.707106781186544,-0.707106781186551));
#5436=DIRECTION('',(1.75622800272471E-17,4.23668113520344E-15,-1.));
#5437=DIRECTION('',(3.13418952565247E-15,1.,4.23668113520345E-15));
#5438=DIRECTION('',(0.,4.23668113520345E-15,-1.));
#5439=DIRECTION('',(0.,1.,4.23668113520345E-15));
#5440=DIRECTION('',(-2.48128509073394E-16,4.23668113520345E-15,-1.));
#5441=DIRECTION('',(0.,-4.23668113520345E-15,1.));
#5442=DIRECTION('',(1.,0.,0.));
#5443=DIRECTION('',(-3.13418952565247E-15,-1.,-4.23668113520345E-15));
#5444=DIRECTION('',(1.75622800272471E-17,4.23668113520345E-15,-1.));
#5445=DIRECTION('',(-1.75622800272471E-17,-4.23668113520344E-15,1.));
#5446=DIRECTION('',(1.,-3.13418952565247E-15,-1.04631038287052E-16));
#5447=DIRECTION('',(1.,-3.13418952565247E-15,-1.04631038287052E-16));
#5448=DIRECTION('',(1.,-3.13418952565247E-15,-1.04631038287052E-16));
#5449=DIRECTION('',(-2.14222135041736E-15,-0.707106781186551,0.707106781186544));
#5450=DIRECTION('',(-2.2378555685186E-15,-0.707106781186544,-0.707106781186551));
#5451=DIRECTION('',(-2.2378555685186E-15,-0.707106781186544,-0.707106781186551));
#5452=DIRECTION('',(0.,4.23668113520345E-15,-1.));
#5453=DIRECTION('',(-1.,0.,0.));
#5454=DIRECTION('',(0.,-4.23668113520345E-15,1.));
#5455=DIRECTION('',(1.,7.40148683083432E-15,3.13577396286525E-29));
#5456=DIRECTION('',(3.19542186560984E-15,1.,4.23668113520345E-15));
#5457=DIRECTION('',(-1.,9.98624019550041E-15,1.56020925515691E-14));
#5458=DIRECTION('',(9.98624019550048E-15,1.,4.23668113520345E-15));
#5459=DIRECTION('',(-1.56020925515691E-14,-9.65411325751854E-16,-1.));
#5460=DIRECTION('',(9.98624019550041E-15,1.,-1.14866192030013E-28));
#5461=DIRECTION('',(1.56020925515691E-14,-7.3887948194556E-28,1.));
#5462=DIRECTION('',(-9.98624019550041E-15,-1.,1.14053567740859E-28));
#5463=DIRECTION('',(0.,4.23668113520345E-15,-1.));
#5464=DIRECTION('',(0.,1.,4.23668113520345E-15));
#5465=DIRECTION('',(7.37592177413234E-15,-1.38162869086475E-16,-1.));
#5466=DIRECTION('',(-3.74533068548245E-16,1.,-1.38162869086478E-16));
#5467=DIRECTION('',(-1.,1.99717841442099E-15,-7.37592177413234E-15));
#5468=DIRECTION('',(3.74533068548245E-16,-1.,1.38162869086478E-16));
#5469=DIRECTION('',(1.,3.74533068548246E-16,7.37592177413234E-15));
#5470=DIRECTION('',(-3.74533068548245E-16,1.,-1.38162869086478E-16));
#5471=DIRECTION('',(4.95072943144142E-15,0.707106781186547,-0.707106781186548));
#5472=DIRECTION('',(-5.21556430399048E-15,0.707106781186548,0.707106781186547));
#5473=DIRECTION('',(5.21556430399048E-15,-0.707106781186548,-0.707106781186547));
#5474=DIRECTION('',(1.,3.74533068548246E-16,7.37592177413234E-15));
#5475=DIRECTION('',(-5.21556430399048E-15,0.707106781186548,0.707106781186547));
#5476=DIRECTION('',(-1.,-3.74533068548246E-16,-5.0042102911631E-15));
#5477=DIRECTION('',(-5.0042102911631E-15,3.74533068548244E-16,1.));
#5478=DIRECTION('',(-3.27367615881586E-15,-0.707106781186548,0.707106781186547));
#5479=DIRECTION('',(-8.03770325221207E-16,1.,-3.18337343529603E-30));
#5480=DIRECTION('',(-1.,-5.35047240783208E-16,7.16297728348979E-15));
#5481=DIRECTION('',(7.16297728348979E-15,-5.35047240783204E-16,1.));
#5482=DIRECTION('',(5.44332534285378E-15,-0.707106781186548,0.707106781186547));
#5483=DIRECTION('',(-5.35047240783208E-16,1.,0.));
#5484=DIRECTION('',(2.91035280674126E-15,-0.707106781186548,-0.707106781186547));
#5485=DIRECTION('',(5.35047240783208E-16,-1.,-6.2306841859673E-17));
#5486=DIRECTION('',(3.72630847211914E-15,6.2306841859675E-17,-1.));
#5487=DIRECTION('',(5.35047240783208E-16,-1.,-6.2306841859673E-17));
#5488=DIRECTION('',(-1.,1.03542385148257E-14,-3.72630847211914E-15));
#5489=DIRECTION('',(-1.,-5.35047240783208E-16,-3.72630847211914E-15));
#5490=DIRECTION('',(-5.35047240783208E-16,1.,6.2306841859673E-17));
#5491=DIRECTION('',(-1.,-5.35047240783208E-16,-3.72630847211914E-15));
#5492=DIRECTION('',(2.25656245721537E-15,0.707106781186547,-0.707106781186548));
#5493=DIRECTION('',(2.91035280674126E-15,-0.707106781186548,-0.707106781186547));
#5494=DIRECTION('',(2.91035280674126E-15,-0.707106781186548,-0.707106781186547));
#5495=DIRECTION('',(1.,5.35047240783208E-16,-7.16297728348979E-15));
#5496=DIRECTION('',(-7.16297728348979E-15,5.35047240783204E-16,-1.));
#5497=DIRECTION('',(-5.44332534285378E-15,0.707106781186548,-0.707106781186547));
#5498=DIRECTION('',(5.05942307171317E-16,-1.,-1.85952474311055E-31));
#5499=DIRECTION('',(1.,0.,0.));
#5500=DIRECTION('',(0.,0.,1.));
#5501=DIRECTION('',(1.,0.,0.));
#5502=DIRECTION('',(-1.,0.,0.));
#5503=DIRECTION('',(0.,-1.,-1.48029736616688E-14));
#5504=DIRECTION('',(-1.,0.,0.));
#5505=DIRECTION('',(0.,-1.,-1.48029736616688E-14));
#5506=DIRECTION('',(-1.,0.,0.));
#5507=DIRECTION('',(0.,0.,1.));
#5508=DIRECTION('',(0.,1.,2.83813005241887E-15));
#5509=DIRECTION('',(1.,0.,0.));
#5510=DIRECTION('',(0.,0.,1.));
#5511=DIRECTION('',(1.,0.,0.));
#5512=DIRECTION('',(0.,0.,-1.));
#5513=DIRECTION('',(0.,-1.,-2.83813005241887E-15));
#5514=DIRECTION('',(-1.,0.,0.));
#5515=DIRECTION('',(0.,-1.,-1.48029736616688E-14));
#5516=DIRECTION('',(1.,0.,0.));
#5517=DIRECTION('',(0.,0.,1.));
#5518=DIRECTION('',(-1.,0.,0.));
#5519=DIRECTION('',(1.09133054162012E-31,-2.86874622239756E-15,1.));
#5520=DIRECTION('',(-6.80936788436763E-15,-1.,-2.86874622239756E-15));
#5521=DIRECTION('',(2.33726738824838E-16,-2.86874622239756E-15,1.));
#5522=DIRECTION('',(-1.09133054162012E-31,2.86874622239756E-15,-1.));
#5523=DIRECTION('',(1.,1.48029736616691E-14,4.23568417180018E-29));
#5524=DIRECTION('',(0.,-2.89936239237624E-15,1.));
#5525=DIRECTION('',(-1.09133054162012E-31,2.86874622239756E-15,-1.));
#5526=DIRECTION('',(1.,2.96059473233373E-14,8.4822816490163E-29));
#5527=DIRECTION('',(1.09133054162012E-31,-2.86874622239756E-15,1.));
#5528=DIRECTION('',(0.,-1.,-2.86874622239756E-15));
#5529=DIRECTION('',(-1.09133054162012E-31,2.86874622239756E-15,-1.));
#5530=DIRECTION('',(1.,2.22044604925033E-14,6.35898291040827E-29));
#5531=DIRECTION('',(1.0535676356487E-14,-1.,-2.86874622239756E-15));
#5532=DIRECTION('',(1.,1.0535676356487E-14,1.7457406694216E-15));
#5533=DIRECTION('',(1.05969086964444E-14,-1.,-2.86874622239756E-15));
#5534=DIRECTION('',(1.09133054162012E-31,-2.86874622239756E-15,1.));
#5535=DIRECTION('',(-6.80936788436763E-15,-1.,-2.86874622239756E-15));
#5536=DIRECTION('',(1.74574066942157E-15,2.86874622239758E-15,-1.));
#5537=DIRECTION('',(0.,-2.83813005241887E-15,1.));
#5538=DIRECTION('',(1.09133054162012E-31,-2.86874622239756E-15,1.));
#5539=DIRECTION('',(7.40148683083448E-15,-1.,-2.86874622239756E-15));
#5540=DIRECTION('',(-4.36532216648001E-31,2.86874622239756E-15,-1.));
#5541=DIRECTION('',(-1.18423789293347E-15,-1.,-2.86874622239756E-15));
#5542=DIRECTION('',(1.47662938466299E-16,2.86874622239755E-15,-1.));
#5543=DIRECTION('',(4.36532216648001E-31,-2.86874622239756E-15,1.));
#5544=DIRECTION('',(-1.,1.48029736616691E-14,4.29025069888118E-29));
#5545=DIRECTION('',(0.,-2.89936239237624E-15,1.));
#5546=DIRECTION('',(4.36532216648001E-31,-2.86874622239756E-15,1.));
#5547=DIRECTION('',(-1.,-1.25230014746379E-45,4.36532216648001E-31));
#5548=DIRECTION('',(-4.36532216648001E-31,2.86874622239756E-15,-1.));
#5549=DIRECTION('',(0.,1.,2.86874622239756E-15));
#5550=DIRECTION('',(4.36532216648001E-31,-2.86874622239756E-15,1.));
#5551=DIRECTION('',(-1.,-1.25230014746379E-45,4.36532216648001E-31));
#5552=DIRECTION('',(-1.14238547761868E-14,-1.,-3.1346679049425E-15));
#5553=DIRECTION('',(1.,1.71467606308598E-14,1.56020925515691E-14));
#5554=DIRECTION('',(-2.17649299367474E-14,-1.,-2.86874622239756E-15));
#5555=DIRECTION('',(-1.,0.,0.));
#5556=DIRECTION('',(0.,-1.,-2.83813005241887E-15));
#5557=DIRECTION('',(1.,0.,0.));
#5558=DIRECTION('',(-1.04631038287039E-16,-2.86874622239755E-15,1.));
#5559=DIRECTION('',(2.17649299367474E-14,1.,2.86874622239755E-15));
#5560=DIRECTION('',(2.17649299367474E-14,1.,2.86874622239756E-15));
#5561=DIRECTION('',(-4.36532216648001E-31,2.86874622239756E-15,-1.));
#5562=DIRECTION('',(-2.96059473233375E-14,-1.,-2.86874622239756E-15));
#5563=DIRECTION('',(-2.17649299367474E-14,-1.,-2.86874622239756E-15));
#5564=DIRECTION('',(-1.,1.14238547761868E-14,-1.04631038287008E-16));
#5565=DIRECTION('',(-4.36532216648001E-31,2.86874622239756E-15,-1.));
#5566=DIRECTION('',(-1.18423789293347E-15,-1.,-2.86874622239756E-15));
#5567=DIRECTION('',(-1.04631038287039E-16,-2.86874622239755E-15,1.));
#5568=DIRECTION('',(0.,2.89936239237624E-15,-1.));
#5569=DIRECTION('',(0.,2.83813005241887E-15,-1.));
#5570=DIRECTION('',(1.,0.,0.));
#5571=DIRECTION('',(0.,1.,2.83813005241887E-15));
#5572=DIRECTION('',(-1.,0.,0.));
#5573=DIRECTION('',(1.05969086964444E-14,-1.,-2.86874622239756E-15));
#5574=DIRECTION('',(-1.,-8.48705542659679E-15,1.5602092551569E-14));
#5575=DIRECTION('',(-1.05969086964444E-14,1.,2.86874622239756E-15));
#5576=DIRECTION('',(1.,0.,0.));
#5577=DIRECTION('',(0.,-2.9733772606846E-15,1.));
#5578=DIRECTION('',(-1.,0.,0.));
#5579=DIRECTION('',(-1.,0.,0.));
#5580=DIRECTION('',(0.,-1.,-2.9733772606846E-15));
#5581=DIRECTION('',(1.,0.,0.));
#5582=DIRECTION('',(0.,-1.,-2.9733772606846E-15));
#5583=DIRECTION('',(1.,0.,0.));
#5584=DIRECTION('',(0.,-1.12300555297599E-15,1.));
#5585=DIRECTION('',(0.,-2.86874622239756E-15,1.));
#5586=DIRECTION('',(0.,2.83813005241887E-15,-1.));
#5587=DIRECTION('',(0.,-2.9733772606846E-15,1.));
#5588=DIRECTION('',(-1.,0.,0.));
#5589=DIRECTION('',(-1.,0.,0.));
#5590=DIRECTION('',(0.,-1.,-2.9733772606846E-15));
#5591=DIRECTION('',(1.,0.,0.));
#5592=DIRECTION('',(0.,-1.,-2.9733772606846E-15));
#5593=DIRECTION('',(-1.,0.,0.));
#5594=DIRECTION('',(0.,1.12300555297599E-15,-1.));
#5595=DIRECTION('',(0.,2.86874622239756E-15,-1.));
#5596=DIRECTION('',(0.,-2.83813005241887E-15,1.));
#5597=DIRECTION('',(0.,-1.0997362670023E-15,-1.));
#5598=DIRECTION('',(1.,0.,0.));
#5599=DIRECTION('',(-1.,0.,0.));
#5600=DIRECTION('',(-1.,0.,0.));
#5601=DIRECTION('',(-1.,0.,0.));
#5602=DIRECTION('',(0.,1.,-1.34942608624725E-14));
#5603=DIRECTION('',(1.,0.,0.));
#5604=DIRECTION('',(0.,-1.,1.35554932024299E-14));
#5605=DIRECTION('',(1.,0.,0.));
#5606=DIRECTION('',(0.,-1.,-6.10689671088759E-15));
#5607=DIRECTION('',(-1.,0.,0.));
#5608=DIRECTION('',(-1.,0.,0.));
#5609=DIRECTION('',(0.,-4.07410558727079E-14,-1.));
#5610=DIRECTION('',(1.,0.,0.));
#5611=DIRECTION('',(0.,1.,-1.53012338718515E-14));
#5612=DIRECTION('',(1.,0.,0.));
#5613=DIRECTION('',(-1.,0.,0.));
#5614=DIRECTION('',(0.,-1.53012338718515E-14,-1.));
#5615=DIRECTION('',(0.,-1.53012338718515E-14,-1.));
#5616=DIRECTION('',(1.,0.,0.));
#5617=DIRECTION('',(0.,1.,1.84708387739666E-14));
#5618=DIRECTION('',(-1.,0.,0.));
#5619=DIRECTION('',(0.,-2.59380822110393E-14,-1.));
#5620=DIRECTION('',(0.,-1.,1.34942608624725E-14));
#5621=DIRECTION('',(0.,2.86874622239756E-15,-1.));
#5622=DIRECTION('',(0.,-2.83813005241887E-15,1.));
#5623=DIRECTION('',(0.,1.0997362670023E-15,1.));
#5624=DIRECTION('',(-1.,0.,0.));
#5625=DIRECTION('',(1.,0.,0.));
#5626=DIRECTION('',(1.,0.,0.));
#5627=DIRECTION('',(0.,-1.,1.34942608624725E-14));
#5628=DIRECTION('',(-1.,0.,0.));
#5629=DIRECTION('',(0.,1.,-1.34942608624725E-14));
#5630=DIRECTION('',(1.,0.,0.));
#5631=DIRECTION('',(0.,-1.,-3.66786511229797E-15));
#5632=DIRECTION('',(0.,2.83813005241887E-15,-1.));
#5633=DIRECTION('',(0.,-2.86874622239756E-15,1.));
#5634=DIRECTION('',(-1.,0.,0.));
#5635=DIRECTION('',(0.,-4.07410558727079E-14,-1.));
#5636=DIRECTION('',(1.,0.,0.));
#5637=DIRECTION('',(0.,-1.,-6.10689671088759E-15));
#5638=DIRECTION('',(-1.,0.,0.));
#5639=DIRECTION('',(0.,1.,1.84708387739666E-14));
#5640=DIRECTION('',(-1.,0.,0.));
#5641=DIRECTION('',(-1.,0.,0.));
#5642=DIRECTION('',(0.,-1.84708387739666E-14,1.));
#5643=DIRECTION('',(-1.,0.,0.));
#5644=DIRECTION('',(0.,1.84708387739666E-14,-1.));
#5645=DIRECTION('',(-1.,0.,0.));
#5646=DIRECTION('',(0.,1.84708387739666E-14,-1.));
#5647=DIRECTION('',(1.,0.,0.));
#5648=DIRECTION('',(0.,1.84708387739666E-14,-1.));
#5649=DIRECTION('',(-1.,0.,0.));
#5650=DIRECTION('',(0.,1.84708387739666E-14,-1.));
#5651=DIRECTION('',(1.,0.,0.));
#5652=DIRECTION('',(0.,1.84708387739666E-14,-1.));
#5653=DIRECTION('',(-1.,0.,0.));
#5654=DIRECTION('',(-1.00929365875014E-15,1.84708387739666E-14,-1.));
#5655=DIRECTION('',(1.,0.,0.));
#5656=DIRECTION('',(0.,1.84708387739666E-14,-1.));
#5657=DIRECTION('',(0.,-1.84708387739666E-14,1.));
#5658=DIRECTION('',(1.,0.,0.));
#5659=DIRECTION('',(-1.00929365875014E-15,-1.84708387739666E-14,1.));
#5660=DIRECTION('',(-1.,0.,0.));
#5661=DIRECTION('',(0.,-1.84708387739666E-14,1.));
#5662=DIRECTION('',(1.,0.,0.));
#5663=DIRECTION('',(0.,-1.84708387739666E-14,1.));
#5664=DIRECTION('',(-1.,0.,0.));
#5665=DIRECTION('',(0.,-1.84708387739666E-14,1.));
#5666=DIRECTION('',(1.,0.,0.));
#5667=DIRECTION('',(0.,-1.84708387739666E-14,1.));
#5668=DIRECTION('',(1.,0.,0.));
#5669=DIRECTION('',(0.,-1.,-6.1068967108876E-15));
#5670=DIRECTION('',(1.,0.,0.));
#5671=DIRECTION('',(1.,0.,0.));
#5672=DIRECTION('',(0.,-1.,-6.1068967108876E-15));
#5673=DIRECTION('',(1.,0.,0.));
#5674=DIRECTION('',(-1.,-1.86425004463607E-29,1.00929365875014E-15));
#5675=DIRECTION('',(1.00929365875014E-15,-1.84708387739666E-14,1.));
#5676=DIRECTION('',(0.,1.,1.84708387739666E-14));
#5677=DIRECTION('',(1.00929365875014E-15,-1.84708387739666E-14,1.));
#5678=DIRECTION('',(0.,1.,1.84708387739666E-14));
#5679=DIRECTION('',(0.,-1.84708387739666E-14,1.));
#5680=DIRECTION('',(1.,0.,0.));
#5681=DIRECTION('',(0.,1.,1.84708387739666E-14));
#5682=DIRECTION('',(1.,0.,0.));
#5683=DIRECTION('',(0.,-1.84708387739666E-14,1.));
#5684=DIRECTION('',(1.,0.,0.));
#5685=DIRECTION('',(0.,1.,1.84708387739666E-14));
#5686=DIRECTION('',(1.,0.,0.));
#5687=DIRECTION('',(0.,1.,1.84708387739666E-14));
#5688=DIRECTION('',(0.,-1.84708387739666E-14,1.));
#5689=DIRECTION('',(1.,0.,0.));
#5690=DIRECTION('',(0.,1.,1.84708387739666E-14));
#5691=DIRECTION('',(1.,0.,0.));
#5692=DIRECTION('',(0.,1.,1.84708387739666E-14));
#5693=DIRECTION('',(1.,-1.86425004463607E-29,1.00929365875014E-15));
#5694=DIRECTION('',(1.00929365875014E-15,1.84708387739666E-14,-1.));
#5695=DIRECTION('',(0.,1.,1.84708387739666E-14));
#5696=DIRECTION('',(1.00929365875014E-15,1.84708387739666E-14,-1.));
#5697=DIRECTION('',(0.,1.84708387739666E-14,-1.));
#5698=DIRECTION('',(-1.,0.,0.));
#5699=DIRECTION('',(0.,1.,1.84708387739666E-14));
#5700=DIRECTION('',(-1.,0.,0.));
#5701=DIRECTION('',(1.,0.,0.));
#5702=DIRECTION('',(0.,1.84708387739666E-14,-1.));
#5703=DIRECTION('',(0.,1.,1.84708387739666E-14));
#5704=DIRECTION('',(0.,1.84708387739666E-14,-1.));
#5705=DIRECTION('',(0.,1.0997362670023E-15,1.));
#5706=DIRECTION('',(0.,1.,-1.0997362670023E-15));
#5707=DIRECTION('',(-1.,0.,0.));
#5708=DIRECTION('',(0.,1.0997362670023E-15,1.));
#5709=DIRECTION('',(0.,1.,1.84708387739666E-14));
#5710=DIRECTION('',(-1.,0.,0.));
#5711=DIRECTION('',(0.,-1.84708387739666E-14,1.));
#5712=DIRECTION('',(0.,1.,1.84708387739666E-14));
#5713=DIRECTION('',(0.,-1.84708387739666E-14,1.));
#5714=DIRECTION('',(0.,1.84708387739666E-14,-1.));
#5715=DIRECTION('',(-1.,0.,0.));
#5716=DIRECTION('',(-1.,0.,0.));
#5717=DIRECTION('',(-1.,0.,0.));
#5718=DIRECTION('',(0.,0.,1.));
#5719=DIRECTION('',(-1.,0.,0.));
#5720=DIRECTION('',(0.,0.,1.));
#5721=DIRECTION('',(1.,0.,0.));
#5722=DIRECTION('',(0.,1.,-1.48029736616688E-14));
#5723=DIRECTION('',(-1.,0.,0.));
#5724=DIRECTION('',(0.,0.,1.));
#5725=DIRECTION('',(1.,0.,0.));
#5726=DIRECTION('',(0.,1.,-1.48029736616688E-14));
#5727=DIRECTION('',(-1.,0.,0.));
#5728=DIRECTION('',(0.,0.,1.));
#5729=DIRECTION('',(-1.,0.,0.));
#5730=DIRECTION('',(0.,0.,1.));
#5731=DIRECTION('',(-1.,0.,0.));
#5732=DIRECTION('',(0.,0.,1.));
#5733=DIRECTION('',(1.,0.,0.));
#5734=DIRECTION('',(0.,1.,-7.40148683083442E-15));
#5735=DIRECTION('',(-1.,0.,0.));
#5736=DIRECTION('',(0.,0.,1.));
#5737=DIRECTION('',(-1.,0.,0.));
#5738=DIRECTION('',(0.,0.,1.));
#5739=DIRECTION('',(-1.,0.,0.));
#5740=DIRECTION('',(0.,0.,1.));
#5741=DIRECTION('',(-1.,0.,0.));
#5742=DIRECTION('',(0.,0.,1.));
#5743=DIRECTION('',(1.,0.,0.));
#5744=DIRECTION('',(0.,1.,-7.40148683083442E-15));
#5745=DIRECTION('',(0.,-1.13654114163656E-14,-1.));
#5746=DIRECTION('',(1.,0.,0.));
#5747=DIRECTION('',(0.,-1.,1.13654114163656E-14));
#5748=DIRECTION('',(0.,-1.,1.13654114163656E-14));
#5749=DIRECTION('',(1.,0.,0.));
#5750=DIRECTION('',(0.,0.,-1.));
#5751=DIRECTION('',(0.,0.,-1.));
#5752=DIRECTION('',(0.,-1.,0.));
#5753=DIRECTION('',(-1.,0.,0.));
#5754=DIRECTION('',(0.,0.,-1.));
#5755=DIRECTION('',(-1.,0.,0.));
#5756=DIRECTION('',(0.,0.,1.));
#5757=DIRECTION('',(0.,-1.13654114163656E-14,-1.));
#5758=DIRECTION('',(1.,0.,0.));
#5759=DIRECTION('',(0.,-1.,1.13654114163656E-14));
#5760=DIRECTION('',(0.,-1.,1.13654114163656E-14));
#5761=DIRECTION('',(1.,0.,0.));
#5762=DIRECTION('',(0.,0.,-1.));
#5763=DIRECTION('',(0.,0.,-1.));
#5764=DIRECTION('',(0.,-1.,0.));
#5765=DIRECTION('',(-1.,0.,0.));
#5766=DIRECTION('',(0.,0.,-1.));
#5767=DIRECTION('',(-1.,0.,0.));
#5768=DIRECTION('',(0.,0.,1.));
#5769=DIRECTION('',(5.35047240783208E-16,-1.,0.));
#5770=DIRECTION('',(7.105427357601E-15,3.80173930226994E-30,1.));
#5771=DIRECTION('',(5.35047240783208E-16,-1.,0.));
#5772=DIRECTION('',(7.105427357601E-15,3.80173930226994E-30,1.));
#5773=DIRECTION('',(1.,3.74533068548246E-16,5.0042102911631E-15));
#5774=DIRECTION('',(5.0042102911631E-15,-3.74533068548244E-16,-1.));
#5775=DIRECTION('',(3.27367615881586E-15,0.707106781186548,-0.707106781186547));
#5776=DIRECTION('',(3.74533068548246E-16,-1.,0.));
#5777=DIRECTION('',(-3.74533068548246E-16,1.,0.));
#5778=DIRECTION('',(-1.05101112997848E-14,-3.936384235892E-30,1.));
#5779=DIRECTION('',(-3.74533068548246E-16,1.,0.));
#5780=DIRECTION('',(-1.05101112997848E-14,-3.936384235892E-30,1.));
#5781=DIRECTION('',(4.68665427842787E-15,0.707106781186547,0.707106781186548));
#5782=DIRECTION('',(5.44332534285378E-15,-0.707106781186548,0.707106781186547));
#5783=DIRECTION('',(-1.,5.79990586522121E-15,8.28024177485378E-16));
#5784=DIRECTION('',(-3.80334590391401E-15,0.707106781186547,0.707106781186548));
#5785=DIRECTION('',(3.27367615881586E-15,0.707106781186548,-0.707106781186547));
#5786=DIRECTION('',(-1.,-3.74533068548246E-16,-5.0042102911631E-15));
#5787=DIRECTION('',(5.03109099946192E-15,0.707106781186547,0.707106781186548));
#5788=DIRECTION('',(-1.70335998883672E-14,0.707106781186548,-0.707106781186547));
#5789=DIRECTION('',(1.70335998883672E-14,-0.707106781186548,0.707106781186547));
#5790=DIRECTION('',(-1.70335998883672E-14,0.707106781186548,-0.707106781186547));
#5791=DIRECTION('',(-1.,-8.48705542659679E-15,1.5602092551569E-14));
#5792=DIRECTION('',(-8.48705542659674E-15,1.,2.86874622239756E-15));
#5793=DIRECTION('',(-1.5602092551569E-14,2.86874622239743E-15,-1.));
#5794=DIRECTION('',(1.5602092551569E-14,-2.86874622239742E-15,1.));
#5795=DIRECTION('',(-1.,-8.48705542659679E-15,1.5602092551569E-14));
#5796=DIRECTION('',(-1.5602092551569E-14,2.86874622239742E-15,-1.));
#5797=DIRECTION('',(-1.,-8.48705542659679E-15,1.5602092551569E-14));
#5798=DIRECTION('',(-1.5602092551569E-14,2.86874622239742E-15,-1.));
#5799=DIRECTION('',(8.48705542659674E-15,-1.,-2.86874622239755E-15));
#5800=DIRECTION('',(-8.48705542659674E-15,1.,2.86874622239756E-15));
#5801=DIRECTION('',(8.48705542659674E-15,-1.,-2.86874622239756E-15));
#5802=DIRECTION('',(-1.,-8.48705542659679E-15,1.5602092551569E-14));
#5803=DIRECTION('',(-8.48705542659674E-15,1.,2.86874622239756E-15));
#5804=DIRECTION('',(-1.5602092551569E-14,2.86874622239743E-15,-1.));
#5805=DIRECTION('',(1.5602092551569E-14,-2.86874622239742E-15,1.));
#5806=DIRECTION('',(-1.5602092551569E-14,2.86874622239742E-15,-1.));
#5807=DIRECTION('',(-1.,-8.48705542659679E-15,1.5602092551569E-14));
#5808=DIRECTION('',(-1.,-8.48705542659679E-15,1.5602092551569E-14));
#5809=DIRECTION('',(8.48705542659675E-15,-1.,-2.86874622239756E-15));
#5810=DIRECTION('',(1.,8.48705542659679E-15,-1.5602092551569E-14));
#5811=DIRECTION('',(8.48705542659675E-15,-1.,-2.86874622239756E-15));
#5812=DIRECTION('',(1.,8.48705542659679E-15,-1.5602092551569E-14));
#5813=DIRECTION('',(8.48705542659675E-15,-1.,-2.86874622239756E-15));
#5814=DIRECTION('',(-1.,-8.48705542659679E-15,1.5602092551569E-14));
#5815=DIRECTION('',(8.48705542659674E-15,-1.,-2.86874622239756E-15));
#5816=DIRECTION('',(1.5602092551569E-14,-2.86874622239743E-15,1.));
#5817=DIRECTION('',(-1.5602092551569E-14,2.86874622239742E-15,-1.));
#5818=DIRECTION('',(1.5602092551569E-14,-2.86874622239742E-15,1.));
#5819=DIRECTION('',(-1.,-8.48705542659679E-15,1.5602092551569E-14));
#5820=DIRECTION('',(-1.,-8.48705542659679E-15,1.5602092551569E-14));
#5821=DIRECTION('',(-8.48705542659675E-15,1.,2.86874622239756E-15));
#5822=DIRECTION('',(-1.,-8.48705542659679E-15,1.5602092551569E-14));
#5823=DIRECTION('',(-1.,-8.48705542659679E-15,1.5602092551569E-14));
#5824=DIRECTION('',(-8.48705542659675E-15,1.,2.86874622239756E-15));
#5825=DIRECTION('',(1.,8.48705542659679E-15,-1.5602092551569E-14));
#5826=DIRECTION('',(-8.48705542659675E-15,1.,2.86874622239756E-15));
#5827=DIRECTION('',(-2.31569361613781E-14,0.707106781186547,0.707106781186548));
#5828=DIRECTION('',(1.0922452735489E-15,-0.707106781186548,0.707106781186547));
#5829=DIRECTION('',(-1.0922452735489E-15,0.707106781186548,-0.707106781186547));
#5830=DIRECTION('',(1.,1.71467606308598E-14,1.56020925515691E-14));
#5831=DIRECTION('',(-1.0922452735489E-15,0.707106781186548,-0.707106781186547));
#5832=DIRECTION('',(1.71467606308599E-14,-1.,-2.86874622239756E-15));
#5833=DIRECTION('',(1.5602092551569E-14,2.86874622239783E-15,-1.));
#5834=DIRECTION('',(-1.5602092551569E-14,-2.86874622239782E-15,1.));
#5835=DIRECTION('',(1.,1.71467606308598E-14,1.56020925515691E-14));
#5836=DIRECTION('',(-1.5602092551569E-14,-2.86874622239782E-15,1.));
#5837=DIRECTION('',(1.,1.71467606308598E-14,1.56020925515691E-14));
#5838=DIRECTION('',(1.,1.71467606308598E-14,1.56020925515691E-14));
#5839=DIRECTION('',(-1.71467606308598E-14,1.,2.86874622239756E-15));
#5840=DIRECTION('',(-1.,-1.71467606308598E-14,-1.56020925515691E-14));
#5841=DIRECTION('',(-1.71467606308598E-14,1.,2.86874622239756E-15));
#5842=DIRECTION('',(-1.,-1.71467606308598E-14,-1.56020925515691E-14));
#5843=DIRECTION('',(-1.71467606308598E-14,1.,2.86874622239756E-15));
#5844=DIRECTION('',(1.,1.71467606308598E-14,1.56020925515691E-14));
#5845=DIRECTION('',(-1.71467606308599E-14,1.,2.86874622239756E-15));
#5846=DIRECTION('',(-1.5602092551569E-14,-2.86874622239783E-15,1.));
#5847=DIRECTION('',(1.5602092551569E-14,2.86874622239782E-15,-1.));
#5848=DIRECTION('',(1.5602092551569E-14,2.86874622239782E-15,-1.));
#5849=DIRECTION('',(1.,1.71467606308598E-14,1.56020925515691E-14));
#5850=DIRECTION('',(1.5602092551569E-14,2.86874622239782E-15,-1.));
#5851=DIRECTION('',(-1.71467606308599E-14,1.,2.86874622239755E-15));
#5852=DIRECTION('',(1.71467606308599E-14,-1.,-2.86874622239756E-15));
#5853=DIRECTION('',(1.71467606308599E-14,-1.,-2.86874622239756E-15));
#5854=DIRECTION('',(1.,1.71467606308598E-14,1.56020925515691E-14));
#5855=DIRECTION('',(-1.71467606308599E-14,1.,2.86874622239756E-15));
#5856=DIRECTION('',(-1.5602092551569E-14,-2.86874622239783E-15,1.));
#5857=DIRECTION('',(1.5602092551569E-14,2.86874622239782E-15,-1.));
#5858=DIRECTION('',(1.5602092551569E-14,2.86874622239782E-15,-1.));
#5859=DIRECTION('',(1.,1.71467606308598E-14,1.56020925515691E-14));
#5860=DIRECTION('',(-1.,-1.71467606308598E-14,-1.56020925515691E-14));
#5861=DIRECTION('',(1.71467606308598E-14,-1.,-2.86874622239756E-15));
#5862=DIRECTION('',(1.56020925515691E-14,1.1529578228745E-28,-1.));
#5863=DIRECTION('',(1.,1.71467606308598E-14,1.56020925515691E-14));
#5864=DIRECTION('',(1.71467606308598E-14,-1.,1.51986699611535E-28));
#5865=DIRECTION('',(-1.56020925515691E-14,-1.1529578228745E-28,1.));
#5866=DIRECTION('',(1.,1.71467606308598E-14,1.56020925515691E-14));
#5867=DIRECTION('',(-1.71467606308598E-14,1.,-1.51986699611535E-28));
#5868=DIRECTION('',(1.71467606308599E-14,-1.,-2.88601483356503E-15));
#5869=DIRECTION('',(-1.5602092551569E-14,-2.86874622239782E-15,1.));
#5870=DIRECTION('',(-1.71467606308599E-14,1.,3.7310553677375E-15));
#5871=DIRECTION('',(1.56020925515689E-14,1.27253633231889E-14,-1.));
#5872=DIRECTION('',(-1.71467606308599E-14,1.,2.86874622239756E-15));
#5873=DIRECTION('',(-1.,-1.71467606308598E-14,-1.56020925515691E-14));
#5874=DIRECTION('',(1.71467606308598E-14,-1.,-2.86874622239756E-15));
#5875=DIRECTION('',(0.707106781186534,0.707106781186561,-1.22652794139225E-15));
#5876=DIRECTION('',(-6.03033155292447E-15,4.2957591035778E-15,-1.));
#5877=DIRECTION('',(1.37225001940174E-14,-1.19879277446704E-14,1.));
#5878=DIRECTION('',(0.707106781186562,-0.707106781186533,-3.76986424426419E-14));
#5879=DIRECTION('',(-1.50370301655464E-14,1.33024577161994E-14,-1.));
#5880=DIRECTION('',(-0.707106781186564,0.707106781186531,1.60615891108688E-14));
#5881=DIRECTION('',(1.56020925515691E-14,-1.27373953301766E-14,1.));
#5882=DIRECTION('',(1.,8.48705542659679E-15,-1.5602092551569E-14));
#5883=DIRECTION('',(1.58174854812663E-14,-1.25220024004794E-14,1.));
#5884=DIRECTION('',(-1.56020925515691E-14,1.27373953301766E-14,-1.));
#5885=DIRECTION('',(0.707106781186533,0.707106781186562,-2.02564683129249E-15));
#5886=DIRECTION('',(-1.56020925515691E-14,1.27253633231889E-14,-1.));
#5887=DIRECTION('',(-1.56020925515691E-14,1.27373953301766E-14,-1.));
#5888=DIRECTION('',(0.707106781186533,0.707106781186562,-2.02564683129249E-15));
#5889=DIRECTION('',(1.56020925515691E-14,-1.27373953301766E-14,1.));
#5890=DIRECTION('',(1.,8.48705542659679E-15,-1.5602092551569E-14));
#5891=DIRECTION('',(-1.56020925515691E-14,1.27373953301766E-14,-1.));
#5892=DIRECTION('',(0.707106781186533,0.707106781186562,-2.02564683129249E-15));
#5893=DIRECTION('',(1.56020925515691E-14,-1.27253633231889E-14,1.));
#5894=DIRECTION('',(1.56020925515691E-14,-1.27373953301766E-14,1.));
#5895=DIRECTION('',(1.,-2.10942374678775E-13,-1.56020925515718E-14));
#5896=DIRECTION('',(-0.707106781186545,0.70710678118655,-1.22652794139207E-15));
#5897=DIRECTION('',(-6.03033155292407E-15,-4.29575910357781E-15,1.));
#5898=DIRECTION('',(1.94359286248366E-14,1.77013561754903E-14,-1.));
#5899=DIRECTION('',(-0.707106781186549,-0.707106781186547,-2.44539436530629E-14));
#5900=DIRECTION('',(-1.50370301655461E-14,-1.33024577161998E-14,1.));
#5901=DIRECTION('',(0.70710678118654,0.707106781186555,2.40164990022041E-14));
#5902=DIRECTION('',(1.56020925515689E-14,1.2737395330177E-14,-1.));
#5903=DIRECTION('',(-1.,-1.71467606308598E-14,-1.56020925515691E-14));
#5904=DIRECTION('',(1.58174854812663E-14,1.25220024004796E-14,-1.));
#5905=DIRECTION('',(-1.56020925515689E-14,-1.2737395330177E-14,1.));
#5906=DIRECTION('',(-0.707106781186548,0.707106781186548,-2.02564683129247E-15));
#5907=DIRECTION('',(-1.56020925515689E-14,-1.27253633231889E-14,1.));
#5908=DIRECTION('',(-1.56020925515689E-14,-1.2737395330177E-14,1.));
#5909=DIRECTION('',(-0.707106781186548,0.707106781186548,-2.02564683129247E-15));
#5910=DIRECTION('',(1.56020925515689E-14,1.2737395330177E-14,-1.));
#5911=DIRECTION('',(-1.,-1.71467606308598E-14,-1.56020925515691E-14));
#5912=DIRECTION('',(-1.56020925515689E-14,-1.2737395330177E-14,1.));
#5913=DIRECTION('',(-0.707106781186546,0.707106781186549,-2.02564683129243E-15));
#5914=DIRECTION('',(1.56020925515689E-14,1.2737395330177E-14,-1.));
#5915=DIRECTION('',(-1.,-2.14643118094188E-13,-1.56020925515716E-14));
#5916=DIRECTION('',(0.707106781186533,0.707106781186563,-2.33025843370958E-15));
#5917=DIRECTION('',(-6.81078686864442E-15,3.51530378785783E-15,-1.));
#5918=DIRECTION('',(-1.45029555097374E-14,1.12074724289505E-14,-1.));
#5919=DIRECTION('',(0.707106781186564,-0.707106781186531,-1.60615891108688E-14));
#5920=DIRECTION('',(0.707106781186562,-0.707106781186533,-1.60615891108688E-14));
#5921=DIRECTION('',(0.70710678118655,-0.707106781186545,2.33025843370989E-15));
#5922=DIRECTION('',(6.81078686864431E-15,3.51530378785753E-15,-1.));
#5923=DIRECTION('',(-2.02163839405568E-14,-1.69209008597701E-14,1.));
#5924=DIRECTION('',(-0.70710678118654,-0.707106781186555,-2.40164990022041E-14));
#5925=DIRECTION('',(-0.707106781186543,-0.707106781186552,-2.40164990022041E-14));
#5926=DIRECTION('',(-1.3743066437687E-14,1.20084939883401E-14,-1.));
#5927=DIRECTION('',(-0.707106781186534,-0.707106781186561,1.22652794139221E-15));
#5928=DIRECTION('',(-1.45594950580321E-14,1.200849398834E-14,-1.));
#5929=DIRECTION('',(1.3743066437687E-14,-1.20084939883401E-14,1.));
#5930=DIRECTION('',(-1.,-2.96059473233388E-14,1.37430664376866E-14));
#5931=DIRECTION('',(1.3743066437687E-14,-1.20084939883401E-14,1.));
#5932=DIRECTION('',(-1.,-2.96059473233373E-14,1.37430664376866E-14));
#5933=DIRECTION('',(-2.54241072639159E-14,1.,1.23007728811475E-14));
#5934=DIRECTION('',(-1.44906313537038E-14,1.23007728811471E-14,-1.));
#5935=DIRECTION('',(1.44906313537038E-14,-1.23007728811472E-14,1.));
#5936=DIRECTION('',(-1.,-2.54241072639161E-14,1.4366910204003E-14));
#5937=DIRECTION('',(-1.44906313537038E-14,1.23007728811472E-14,-1.));
#5938=DIRECTION('',(-1.,-2.54241072639161E-14,1.4366910204003E-14));
#5939=DIRECTION('',(-1.3743066437687E-14,1.20084939883401E-14,-1.));
#5940=DIRECTION('',(-1.,0.,1.3743066437687E-14));
#5941=DIRECTION('',(1.3743066437687E-14,-1.20084939883401E-14,1.));
#5942=DIRECTION('',(-1.,-2.59052039079201E-14,1.37430664376867E-14));
#5943=DIRECTION('',(2.87547763377913E-14,-1.,-1.22949487531407E-14));
#5944=DIRECTION('',(2.59405408676159E-14,-1.,-1.18258258888769E-14));
#5945=DIRECTION('',(-8.48705542659674E-15,1.,2.86874622239756E-15));
#5946=DIRECTION('',(-8.48705542659674E-15,1.,2.86874622239756E-15));
#5947=DIRECTION('',(1.43669102040033E-14,-1.18258258888765E-14,1.));
#5948=DIRECTION('',(-2.74225087082411E-14,1.,1.18258258888769E-14));
#5949=DIRECTION('',(-2.73861437642632E-14,1.,1.18258258888769E-14));
#5950=DIRECTION('',(-1.3743066437687E-14,1.20084939883401E-14,-1.));
#5951=DIRECTION('',(-0.707106781186533,-0.707106781186562,1.22652794139218E-15));
#5952=DIRECTION('',(8.48705542659673E-15,-1.,-3.7310553677375E-15));
#5953=DIRECTION('',(-8.48705542659673E-15,1.,3.7310553677375E-15));
#5954=DIRECTION('',(2.73861437642632E-14,-1.,-1.18258258888769E-14));
#5955=DIRECTION('',(-1.3743066437687E-14,1.20084939883401E-14,-1.));
#5956=DIRECTION('',(-0.707106781186534,-0.707106781186561,1.22652794139221E-15));
#5957=DIRECTION('',(1.43669102040033E-14,-1.200849398834E-14,1.));
#5958=DIRECTION('',(-1.94357993288207E-14,-1.77012268794743E-14,1.));
#5959=DIRECTION('',(0.707106781186545,-0.70710678118655,1.22652794139211E-15));
#5960=DIRECTION('',(-2.05506373345885E-14,-1.77012268794743E-14,1.));
#5961=DIRECTION('',(1.94357993288207E-14,1.77012268794743E-14,-1.));
#5962=DIRECTION('',(1.,-7.40148683083423E-15,1.94357993288206E-14));
#5963=DIRECTION('',(1.94357993288207E-14,1.77012268794743E-14,-1.));
#5964=DIRECTION('',(1.,-7.40148683083478E-15,1.94357993288206E-14));
#5965=DIRECTION('',(1.4099832412739E-14,1.,1.5589589465588E-14));
#5966=DIRECTION('',(-2.05047281983697E-14,-1.55895894655877E-14,1.));
#5967=DIRECTION('',(2.05047281983697E-14,1.55895894655877E-14,-1.));
#5968=DIRECTION('',(1.,-1.40998324127395E-14,1.82092713874284E-14));
#5969=DIRECTION('',(-2.05047281983697E-14,-1.55895894655877E-14,1.));
#5970=DIRECTION('',(1.,-1.40998324127395E-14,1.82092713874284E-14));
#5971=DIRECTION('',(-1.94357993288207E-14,-1.77012268794743E-14,1.));
#5972=DIRECTION('',(1.,0.,1.94357993288207E-14));
#5973=DIRECTION('',(1.94357993288207E-14,1.77012268794743E-14,-1.));
#5974=DIRECTION('',(1.,-1.11022302462518E-14,1.94357993288205E-14));
#5975=DIRECTION('',(-1.25455201782638E-14,-1.,-1.54095887610722E-14));
#5976=DIRECTION('',(-1.8551903840307E-14,-1.,-1.78838949789382E-14));
#5977=DIRECTION('',(-1.71467606308599E-14,1.,3.7310553677375E-15));
#5978=DIRECTION('',(1.82092713874286E-14,1.78838949789378E-14,-1.));
#5979=DIRECTION('',(1.85407245112396E-14,1.,1.78838949789381E-14));
#5980=DIRECTION('',(1.8551903840307E-14,1.,1.78838949789382E-14));
#5981=DIRECTION('',(-1.94357993288207E-14,-1.77012268794743E-14,1.));
#5982=DIRECTION('',(0.707106781186531,-0.707106781186564,1.22652794139159E-15));
#5983=DIRECTION('',(1.71467606308599E-14,-1.,-2.86874622239756E-15));
#5984=DIRECTION('',(-1.8551903840307E-14,-1.,-1.78838949789382E-14));
#5985=DIRECTION('',(-1.94357993288207E-14,-1.77012268794743E-14,1.));
#5986=DIRECTION('',(0.707106781186545,-0.70710678118655,1.22652794139211E-15));
#5987=DIRECTION('',(1.82092713874286E-14,1.77012268794743E-14,-1.));
#5988=DIRECTION('',(1.,1.71467606308598E-14,1.56020925515691E-14));
#5989=DIRECTION('',(1.71467606308598E-14,-1.,-2.86874622239756E-15));
#5990=DIRECTION('',(-1.,-1.71467606308598E-14,-1.56020925515691E-14));
#5991=DIRECTION('',(1.,1.71467606308598E-14,1.56020925515691E-14));
#5992=DIRECTION('',(1.71467606308598E-14,-1.,-2.86874622239756E-15));
#5993=DIRECTION('',(1.,1.71467606308598E-14,1.56020925515691E-14));
#5994=DIRECTION('',(-1.71467606308598E-14,1.,2.86874622239756E-15));
#5995=DIRECTION('',(-1.56020925515691E-14,-1.1529578228745E-28,1.));
#5996=DIRECTION('',(-1.,-1.71467606308598E-14,-1.56020925515691E-14));
#5997=DIRECTION('',(-1.71467606308598E-14,1.,-1.51986699611535E-28));
#5998=DIRECTION('',(1.56020925515691E-14,1.1529578228745E-28,-1.));
#5999=DIRECTION('',(-1.,-1.71467606308598E-14,-1.56020925515691E-14));
#6000=DIRECTION('',(1.71467606308598E-14,-1.,1.51986699611535E-28));
#6001=DIRECTION('',(-1.71467606308599E-14,1.,2.88601483356503E-15));
#6002=DIRECTION('',(-1.5602092551569E-14,-2.86874622239782E-15,1.));
#6003=DIRECTION('',(1.,8.48705542659679E-15,-1.5602092551569E-14));
#6004=DIRECTION('',(-8.48705542659675E-15,1.,2.86874622239756E-15));
#6005=DIRECTION('',(-1.,-8.48705542659679E-15,1.5602092551569E-14));
#6006=DIRECTION('',(-8.48705542659679E-15,1.,2.434917642509E-34));
#6007=DIRECTION('',(-1.5602092551569E-14,-1.32658445187585E-28,-1.));
#6008=DIRECTION('',(-1.,-8.48705542659679E-15,1.5602092551569E-14));
#6009=DIRECTION('',(8.48705542659679E-15,-1.,-2.43491764228479E-34));
#6010=DIRECTION('',(1.5602092551569E-14,1.32658445187585E-28,1.));
#6011=DIRECTION('',(-8.48705542659674E-15,1.,2.88601483356504E-15));
#6012=DIRECTION('',(1.5602092551569E-14,-2.86874622239742E-15,1.));
#6013=DIRECTION('',(-1.,-8.48705542659679E-15,1.5602092551569E-14));
#6014=DIRECTION('',(8.48705542659675E-15,-1.,-2.86874622239756E-15));
#6015=DIRECTION('',(1.,8.48705542659679E-15,-1.5602092551569E-14));
#6016=DIRECTION('',(-8.48705542659679E-15,1.,2.434917642509E-34));
#6017=DIRECTION('',(-1.5602092551569E-14,-1.32658445187585E-28,-1.));
#6018=DIRECTION('',(1.,8.48705542659679E-15,-1.5602092551569E-14));
#6019=DIRECTION('',(8.48705542659679E-15,-1.,-2.43491764228479E-34));
#6020=DIRECTION('',(1.5602092551569E-14,1.32658445187585E-28,1.));
#6021=DIRECTION('',(8.48705542659674E-15,-1.,-2.88601483356504E-15));
#6022=DIRECTION('',(-1.5602092551569E-14,2.86874622239742E-15,-1.));
#6023=DIRECTION('',(1.71467606308599E-14,-1.,-2.86874622239756E-15));
#6024=DIRECTION('',(-1.,-1.71467606308599E-14,-1.56020925515691E-14));
#6025=DIRECTION('',(1.71467606308599E-14,-1.,-2.91628771478501E-15));
#6026=DIRECTION('',(-1.71467606308599E-14,1.,2.86874622239756E-15));
#6027=DIRECTION('',(2.22044604925033E-14,2.86874622239794E-15,-1.));
#6028=DIRECTION('',(1.56669271755656E-14,3.36216148388032E-15,-1.));
#6029=DIRECTION('',(-1.55607277385382E-14,1.,3.36216148388008E-15));
#6030=DIRECTION('',(1.,1.55607277385381E-14,1.55408602116117E-14));
#6031=DIRECTION('',(1.,1.55607277385382E-14,1.55408602116117E-14));
#6032=DIRECTION('',(1.56669271755656E-14,3.36216148388032E-15,-1.));
#6033=DIRECTION('',(1.,1.55607277385382E-14,1.55408602116117E-14));
#6034=DIRECTION('',(1.71467606308599E-14,-1.,-2.86874622239756E-15));
#6035=DIRECTION('',(0.,2.86874622239756E-15,-1.));
#6036=DIRECTION('',(-1.71467606308599E-14,1.,2.86874622239756E-15));
#6037=DIRECTION('',(1.85037170770861E-14,2.86874622239788E-15,-1.));
#6038=DIRECTION('',(-1.,-1.55607277385382E-14,-1.55408602116117E-14));
#6039=DIRECTION('',(1.56669271755656E-14,3.36216148388032E-15,-1.));
#6040=DIRECTION('',(-1.,-1.71467606308598E-14,-1.58976380326615E-14));
#6041=DIRECTION('',(-1.57810507304473E-14,-2.91628771478528E-15,1.));
#6042=DIRECTION('',(1.,1.4278014408462E-14,1.57810507304473E-14));
#6043=DIRECTION('',(1.57810507304473E-14,2.91628771478528E-15,-1.));
#6044=DIRECTION('',(-0.762933679028608,0.646476760142136,-1.01545828592206E-14));
#6045=DIRECTION('',(-1.56657931892438E-14,1.,3.08460572772378E-15));
#6046=DIRECTION('',(-1.56657931892438E-14,1.,3.08460572772378E-15));
#6047=DIRECTION('',(1.71467606308599E-14,-1.,-2.86874622239756E-15));
#6048=DIRECTION('',(-1.,-1.71467606308599E-14,-1.56020925515691E-14));
#6049=DIRECTION('',(-1.71467606308599E-14,1.,3.36216148388005E-15));
#6050=DIRECTION('',(-8.48705542659674E-15,1.,2.86874622239756E-15));
#6051=DIRECTION('',(1.,8.48705542659678E-15,-1.5602092551569E-14));
#6052=DIRECTION('',(-8.48705542659674E-15,1.,2.98088165376012E-15));
#6053=DIRECTION('',(8.48705542659674E-15,-1.,-2.86874622239756E-15));
#6054=DIRECTION('',(-2.22044604925031E-14,2.86874622239737E-15,-1.));
#6055=DIRECTION('',(-7.29753075735549E-15,1.,3.63354933434371E-15));
#6056=DIRECTION('',(1.,7.29753075735555E-15,-1.55408602116117E-14));
#6057=DIRECTION('',(-1.,-7.29753075735555E-15,1.55408602116117E-14));
#6058=DIRECTION('',(-1.56669271755657E-14,3.6335493343436E-15,-1.));
#6059=DIRECTION('',(1.,7.29753075735555E-15,-1.55408602116117E-14));
#6060=DIRECTION('',(-1.56669271755657E-14,3.6335493343436E-15,-1.));
#6061=DIRECTION('',(-1.54373851620778E-14,2.98088165375999E-15,-1.));
#6062=DIRECTION('',(-1.,-1.13558016489942E-14,1.54373851620778E-14));
#6063=DIRECTION('',(-1.54373851620778E-14,2.98088165375999E-15,-1.));
#6064=DIRECTION('',(0.762933679028608,0.646476760142136,-9.85063034239577E-15));
#6065=DIRECTION('',(7.19246530664996E-15,-1.,-2.98591923664578E-15));
#6066=DIRECTION('',(1.,8.48705542659679E-15,-1.58976380326614E-14));
#6067=DIRECTION('',(7.19246530664996E-15,-1.,-2.98591923664578E-15));
#6068=DIRECTION('',(8.48705542659673E-15,-1.,-3.63354933434373E-15));
#6069=DIRECTION('',(-1.,-8.48705542659679E-15,1.58976380326614E-14));
#6070=DIRECTION('',(-1.,-8.48705542659679E-15,1.58976380326614E-14));
#6071=DIRECTION('',(-8.48705542659674E-15,1.,2.86874622239756E-15));
#6072=DIRECTION('',(1.,8.48705542659678E-15,-1.5728159515523E-14));
#6073=DIRECTION('',(-1.56669271755657E-14,3.6335493343436E-15,-1.));
#6074=DIRECTION('',(-8.48705542659674E-15,1.,2.86874622239756E-15));
#6075=DIRECTION('',(1.,8.48705542659678E-15,-1.5602092551569E-14));
#6076=DIRECTION('',(8.48705542659673E-15,-1.,-3.63354933434373E-15));
#6077=DIRECTION('',(-7.12331465558306E-15,-4.37310608912324E-29,-1.));
#6078=DIRECTION('',(6.13914490734411E-15,-1.,-1.12103877145985E-44));
#6079=DIRECTION('',(1.55986334959834E-14,1.,-1.5484503548024E-28));
#6080=DIRECTION('',(-1.,9.22064694393067E-14,7.12331465558306E-15));
#6081=DIRECTION('',(-1.40998324127395E-14,-1.,1.44168603758165E-28));
#6082=DIRECTION('',(1.,-1.48029736616687E-14,2.22044604925031E-14));
#6083=DIRECTION('',(-9.22064694393067E-14,-1.,9.65411325753293E-16));
#6084=DIRECTION('',(-7.8429862547958E-14,9.65411325760525E-16,1.));
#6085=DIRECTION('',(2.05506373345882E-14,-9.65411325755187E-16,-1.));
#6086=DIRECTION('',(-1.,9.22064694393067E-14,7.12331465558306E-15));
#6087=DIRECTION('',(-1.82092713874284E-14,9.65411325754972E-16,1.));
#6088=DIRECTION('',(-9.22064694393067E-14,-1.,9.65411325753293E-16));
#6089=DIRECTION('',(-7.8429862547958E-14,9.65411325760525E-16,1.));
#6090=DIRECTION('',(1.45594950580317E-14,9.6541132575195E-16,1.));
#6091=DIRECTION('',(-1.,9.22064694393067E-14,7.12331465558306E-15));
#6092=DIRECTION('',(-1.4366910204003E-14,-9.65411325751968E-16,-1.));
#6093=DIRECTION('',(-1.,9.22064694393067E-14,7.12331465558306E-15));
#6094=DIRECTION('',(-9.22064694393067E-14,-1.,9.65411325753293E-16));
#6095=DIRECTION('',(-7.8429862547958E-14,9.65411325760525E-16,1.));
#6096=DIRECTION('',(-1.,9.22064694393067E-14,7.12331465558306E-15));
#6097=DIRECTION('',(-1.,9.22064694393067E-14,7.12331465558306E-15));
#6098=DIRECTION('',(-9.22064694393067E-14,-1.,9.65411325753293E-16));
#6099=DIRECTION('',(-7.8429862547958E-14,9.65411325760525E-16,1.));
#6100=DIRECTION('',(-1.,9.22064694393067E-14,7.12331465558306E-15));
#6101=DIRECTION('',(-1.,9.22064694393067E-14,7.12331465558306E-15));
#6102=DIRECTION('',(-7.12331465558306E-15,-4.37310608912324E-29,-1.));
#6103=DIRECTION('',(6.13914490734411E-15,-1.,-1.12103877145985E-44));
#6104=DIRECTION('',(2.75890421619351E-14,-1.,-1.52794367474379E-28));
#6105=DIRECTION('',(-1.,-2.96059473233375E-14,1.48029736616687E-14));
#6106=DIRECTION('',(-2.54241072639161E-14,1.,1.37372854986937E-28));
#6107=DIRECTION('',(-7.12331465558306E-15,-4.37310608912324E-29,-1.));
#6108=DIRECTION('',(6.13914490734411E-15,-1.,-1.12103877145985E-44));
#6109=DIRECTION('',(-1.,9.22064694393067E-14,7.12331465558306E-15));
#6110=DIRECTION('',(-7.12331465558306E-15,-4.37310608912324E-29,-1.));
#6111=DIRECTION('',(6.13914490734411E-15,-1.,-1.12103877145985E-44));
#6112=DIRECTION('',(-1.,9.22064694393067E-14,7.12331465558306E-15));
#6113=DIRECTION('',(7.12331465558306E-15,4.29184366020786E-29,1.));
#6114=DIRECTION('',(9.22375094895183E-14,1.,-6.99955239743246E-28));
#6115=DIRECTION('',(-1.55986334959834E-14,-1.,-3.463592411986E-28));
#6116=DIRECTION('',(1.,-1.48029736616687E-14,2.22044604925031E-14));
#6117=DIRECTION('',(1.40998324127395E-14,1.,3.13079171759589E-28));
#6118=DIRECTION('',(7.12331465558306E-15,4.29184366020786E-29,1.));
#6119=DIRECTION('',(9.22375094895183E-14,1.,-6.99955239743246E-28));
#6120=DIRECTION('',(-1.,9.22064694393067E-14,7.12331465558306E-15));
#6121=DIRECTION('',(7.12331465558306E-15,4.29184366020786E-29,1.));
#6122=DIRECTION('',(9.22375094895183E-14,1.,-6.99955239743246E-28));
#6123=DIRECTION('',(-2.75890421619351E-14,1.,4.08399864473794E-28));
#6124=DIRECTION('',(2.54241072639161E-14,-1.,-3.76352390199191E-28));
#6125=DIRECTION('',(-1.,-2.96059473233375E-14,1.48029736616687E-14));
#6126=DIRECTION('',(7.12331465558306E-15,4.29184366020786E-29,1.));
#6127=DIRECTION('',(9.22375094895183E-14,1.,-6.99955239743246E-28));
#6128=DIRECTION('',(-1.,9.22064694393067E-14,7.12331465558306E-15));
#6129=DIRECTION('',(9.22064694393067E-14,1.,-6.99734388099929E-28));
#6130=DIRECTION('',(-7.11505431887883E-15,-4.36803494872211E-29,-1.));
#6131=DIRECTION('',(9.22064694393067E-14,1.,-6.99734388099929E-28));
#6132=DIRECTION('',(-7.11505431887883E-15,-4.36803494872211E-29,-1.));
#6133=DIRECTION('',(-2.96059473233375E-14,1.,4.06952054280681E-28));
#6134=DIRECTION('',(-1.3745618400121E-14,0.,-1.));
#6135=DIRECTION('',(1.,2.96059473233375E-14,-1.45594950580318E-14));
#6136=DIRECTION('',(-1.45594950580318E-14,2.26336443941695E-28,-1.));
#6137=DIRECTION('',(1.4366910204003E-14,-2.32038100985343E-28,1.));
#6138=DIRECTION('',(1.48029736616687E-14,1.,2.97388039666651E-28));
#6139=DIRECTION('',(-2.00897499694076E-14,-7.17464813734306E-43,1.));
#6140=DIRECTION('',(-1.,1.48029736616687E-14,-2.05506373345882E-14));
#6141=DIRECTION('',(-2.05506373345882E-14,-2.4481500647672E-29,1.));
#6142=DIRECTION('',(1.82092713874284E-14,5.91406790958073E-29,-1.));
#6143=DIRECTION('',(1.,2.75890421619351E-14,-1.45594950580318E-14));
#6144=DIRECTION('',(-1.45594950580317E-14,-4.15765245330147E-15,-1.));
#6145=DIRECTION('',(-1.45594950580318E-14,2.26336443941695E-28,-1.));
#6146=DIRECTION('',(-1.45594950580318E-14,2.26336443941695E-28,-1.));
#6147=DIRECTION('',(-1.,-2.54241072639161E-14,1.4366910204003E-14));
#6148=DIRECTION('',(1.43669102040029E-14,4.35023730733022E-15,1.));
#6149=DIRECTION('',(1.4366910204003E-14,-2.32038100985343E-28,1.));
#6150=DIRECTION('',(1.4366910204003E-14,-2.32038100985343E-28,1.));
#6151=DIRECTION('',(1.,-1.55986334959834E-14,2.05506373345882E-14));
#6152=DIRECTION('',(2.05506373345881E-14,-6.21725023835376E-15,-1.));
#6153=DIRECTION('',(-2.05506373345882E-14,-2.4481500647672E-29,1.));
#6154=DIRECTION('',(-2.05506373345882E-14,-2.4481500647672E-29,1.));
#6155=DIRECTION('',(1.,-1.40998324127395E-14,1.82092713874284E-14));
#6156=DIRECTION('',(1.82092713874283E-14,-8.5586161855136E-15,-1.));
#6157=DIRECTION('',(1.82092713874284E-14,5.91406790958073E-29,-1.));
#6158=DIRECTION('',(1.82092713874284E-14,5.91406790958073E-29,-1.));
#6159=DIRECTION('',(-2.96059473233375E-14,1.,4.06952054280681E-28));
#6160=DIRECTION('',(-1.3745618400121E-14,0.,-1.));
#6161=DIRECTION('',(-1.,-2.96059473233375E-14,1.45594950580318E-14));
#6162=DIRECTION('',(1.48029736616687E-14,1.,2.97388039666651E-28));
#6163=DIRECTION('',(-2.00897499694076E-14,-7.17464813734306E-43,1.));
#6164=DIRECTION('',(1.,-1.48029736616687E-14,2.05506373345882E-14));
#6165=DIRECTION('',(-0.984807753012202,-0.173648177666963,1.45817822167294E-14));
#6166=DIRECTION('',(1.47992746745859E-14,4.22796158224514E-17,1.));
#6167=DIRECTION('',(-1.4799274674586E-14,-4.22796158218172E-17,-1.));
#6168=DIRECTION('',(0.173648177666959,-0.984807753012203,-2.76469407173604E-15));
#6169=DIRECTION('',(1.39415908296398E-14,-1.18261985775236E-15,1.));
#6170=DIRECTION('',(-0.173648177666961,0.984807753012203,2.52822978457897E-15));
#6171=DIRECTION('',(1.45594950580318E-14,-6.42745248020212E-28,1.));
#6172=DIRECTION('',(-1.,-2.75890421619351E-14,1.45594950580318E-14));
#6173=DIRECTION('',(1.42786288449558E-14,-4.95242913353527E-17,1.));
#6174=DIRECTION('',(-1.45594950580318E-14,6.42745248020212E-28,-1.));
#6175=DIRECTION('',(-0.984807753012203,-0.173648177666957,1.43383036130925E-14));
#6176=DIRECTION('',(-1.45594950580318E-14,6.42745248020212E-28,-1.));
#6177=DIRECTION('',(-0.984807753012203,-0.173648177666957,1.43383036130925E-14));
#6178=DIRECTION('',(0.173648177666963,-0.984807753012202,-3.5855850461261E-15));
#6179=DIRECTION('',(1.39415908296398E-14,-1.18261985775235E-15,1.));
#6180=DIRECTION('',(-1.39415908296398E-14,1.18261985775236E-15,-1.));
#6181=DIRECTION('',(-0.984807753012202,-0.173648177666963,1.45817822167294E-14));
#6182=DIRECTION('',(-0.984807753012202,-0.173648177666963,1.45817822167294E-14));
#6183=DIRECTION('',(1.45594950580318E-14,-6.42745248020212E-28,1.));
#6184=DIRECTION('',(1.,0.,-1.45594950580318E-14));
#6185=DIRECTION('',(-1.45594950580318E-14,6.42745248020212E-28,-1.));
#6186=DIRECTION('',(-0.984807753012204,-0.173648177666953,1.43383036130925E-14));
#6187=DIRECTION('',(-0.173648177666959,0.984807753012203,2.76469407173604E-15));
#6188=DIRECTION('',(-0.984807753012203,-0.17364817766696,1.40531045859555E-14));
#6189=DIRECTION('',(1.42786288449557E-14,-4.95242913347176E-17,1.));
#6190=DIRECTION('',(-0.173648177666959,0.984807753012203,2.76469407173604E-15));
#6191=DIRECTION('',(-1.48403362671342E-14,1.90592247480999E-16,-1.));
#6192=DIRECTION('',(0.173648177666959,-0.984807753012203,-2.76469407173604E-15));
#6193=DIRECTION('',(1.45594950580318E-14,-6.42745248020212E-28,1.));
#6194=DIRECTION('',(-1.,-1.48029736616688E-14,1.45594950580318E-14));
#6195=DIRECTION('',(1.45594950580318E-14,-6.42745248020212E-28,1.));
#6196=DIRECTION('',(-1.,-2.75890421619351E-14,1.45594950580318E-14));
#6197=DIRECTION('',(0.984807753012205,-0.173648177666948,2.18922501343599E-14));
#6198=DIRECTION('',(2.21793352026144E-14,-2.87183377555332E-16,-1.));
#6199=DIRECTION('',(-2.21793352026139E-14,2.87183377557913E-16,1.));
#6200=DIRECTION('',(-0.173648177666946,-0.984807753012205,-3.33211643588589E-15));
#6201=DIRECTION('',(2.09544357290396E-14,-1.14486722250152E-15,-1.));
#6202=DIRECTION('',(0.173648177666949,0.984807753012205,3.56858072304306E-15));
#6203=DIRECTION('',(2.05506373345882E-14,-2.59463610144991E-27,-1.));
#6204=DIRECTION('',(1.,-1.55986334959834E-14,2.05506373345882E-14));
#6205=DIRECTION('',(2.11380435433535E-14,-1.03575563243589E-16,-1.));
#6206=DIRECTION('',(-2.05506373345882E-14,2.59463610144991E-27,1.));
#6207=DIRECTION('',(0.984807753012205,-0.173648177666947,2.0238426976445E-14));
#6208=DIRECTION('',(-2.05506373345882E-14,2.59463610144991E-27,1.));
#6209=DIRECTION('',(0.984807753012205,-0.173648177666948,2.0238426976445E-14));
#6210=DIRECTION('',(-0.173648177666948,-0.984807753012205,-2.51122546149788E-15));
#6211=DIRECTION('',(2.09544357290396E-14,-1.14486722250151E-15,-1.));
#6212=DIRECTION('',(-2.09544357290396E-14,1.14486722250152E-15,1.));
#6213=DIRECTION('',(0.984807753012205,-0.173648177666948,2.18922501343599E-14));
#6214=DIRECTION('',(0.984807753012205,-0.173648177666948,2.18922501343599E-14));
#6215=DIRECTION('',(2.05506373345882E-14,-2.59463610144991E-27,-1.));
#6216=DIRECTION('',(-1.,0.,-2.05506373345882E-14));
#6217=DIRECTION('',(-2.05506373345882E-14,2.59463610144991E-27,1.));
#6218=DIRECTION('',(0.984807753012205,-0.173648177666949,2.0238426976445E-14));
#6219=DIRECTION('',(0.173648177666946,0.984807753012205,3.33211643588589E-15));
#6220=DIRECTION('',(-0.984807753012205,0.173648177666947,-2.08348948728122E-14));
#6221=DIRECTION('',(-2.1138043543354E-14,1.03575563241036E-16,1.));
#6222=DIRECTION('',(0.173648177666946,0.984807753012205,3.33211643588589E-15));
#6223=DIRECTION('',(-2.21382736100658E-14,5.20055240860724E-16,1.));
#6224=DIRECTION('',(-0.173648177666946,-0.984807753012205,-3.3321164358859E-15));
#6225=DIRECTION('',(2.05506373345882E-14,-2.59463610144991E-27,-1.));
#6226=DIRECTION('',(1.,-1.48029736616687E-14,2.05506373345882E-14));
#6227=DIRECTION('',(2.05506373345882E-14,-2.59463610144991E-27,-1.));
#6228=DIRECTION('',(1.,-1.55986334959834E-14,2.05506373345882E-14));
#6229=DIRECTION('',(-1.,0.,0.));
#6230=DIRECTION('',(0.,-1.84708387739666E-14,1.));
#6231=DIRECTION('',(0.,1.,1.48029736616688E-14));
#6232=DIRECTION('',(0.,-1.84708387739666E-14,1.));
#6233=DIRECTION('',(-1.,0.,0.));
#6234=DIRECTION('',(0.,0.,-1.));
#6235=DIRECTION('',(0.,-1.,-1.48029736616688E-14));
#6236=DIRECTION('',(0.,-1.84708387739666E-14,1.));
#6237=DIRECTION('',(0.,-1.,-1.48029736616688E-14));
#6238=DIRECTION('',(0.,-1.48029736616688E-14,1.));
#6239=DIRECTION('',(-1.,0.,0.));
#6240=DIRECTION('',(1.,0.,0.));
#6241=DIRECTION('',(-1.,0.,0.));
#6242=DIRECTION('',(0.,-1.84708387739666E-14,1.));
#6243=DIRECTION('',(0.,-1.,-1.48029736616688E-14));
#6244=DIRECTION('',(0.,-1.84708387739666E-14,1.));
#6245=DIRECTION('',(-1.,0.,0.));
#6246=DIRECTION('',(0.,0.,-1.));
#6247=DIRECTION('',(0.,-1.,-1.48029736616688E-14));
#6248=DIRECTION('',(0.,-1.84708387739666E-14,1.));
#6249=DIRECTION('',(0.,-1.,-1.48029736616688E-14));
#6250=DIRECTION('',(0.,1.48029736616688E-14,-1.));
#6251=DIRECTION('',(1.,0.,0.));
#6252=DIRECTION('',(-1.,0.,0.));
#6253=DIRECTION('',(1.,0.,0.));
#6254=DIRECTION('',(0.,1.84708387739666E-14,-1.));
#6255=DIRECTION('',(0.,-1.,-1.48029736616688E-14));
#6256=DIRECTION('',(0.,1.84708387739666E-14,-1.));
#6257=DIRECTION('',(1.,0.,0.));
#6258=DIRECTION('',(0.,1.84708387739666E-14,-1.));
#6259=DIRECTION('',(0.,1.,1.48029736616688E-14));
#6260=DIRECTION('',(0.,1.84708387739666E-14,-1.));
#6261=DIRECTION('',(1.,0.,0.));
#6262=DIRECTION('',(0.,0.,1.));
#6263=DIRECTION('',(0.,-1.,-1.48029736616688E-14));
#6264=DIRECTION('',(0.,1.84708387739666E-14,-1.));
#6265=DIRECTION('',(0.,-1.,-1.48029736616688E-14));
#6266=DIRECTION('',(0.,1.48029736616688E-14,-1.));
#6267=DIRECTION('',(1.,0.,0.));
#6268=DIRECTION('',(-1.,0.,0.));
#6269=DIRECTION('',(0.,-1.,-1.84708387739666E-14));
#6270=DIRECTION('',(1.,0.,0.));
#6271=DIRECTION('',(1.,0.,0.));
#6272=DIRECTION('',(0.,1.84708387739666E-14,-1.));
#6273=DIRECTION('',(-1.,0.,0.));
#6274=DIRECTION('',(0.,1.84708387739666E-14,-1.));
#6275=DIRECTION('',(1.,0.,0.));
#6276=DIRECTION('',(1.,0.,0.));
#6277=DIRECTION('',(0.,-1.84708387739666E-14,1.));
#6278=DIRECTION('',(-1.,0.,0.));
#6279=DIRECTION('',(1.,0.,0.));
#6280=DIRECTION('',(0.,0.,1.));
#6281=DIRECTION('',(0.,-1.,-1.48029736616688E-14));
#6282=DIRECTION('',(0.,-1.,-1.48029736616688E-14));
#6283=DIRECTION('',(0.,-1.48029736616688E-14,1.));
#6284=DIRECTION('',(-1.,0.,0.));
#6285=DIRECTION('',(0.996194698091746,-0.0871557427476581,2.05802543978045E-15));
#6286=DIRECTION('',(3.65390777818671E-15,1.81511632658061E-14,-1.));
#6287=DIRECTION('',(3.6539077781867E-15,1.81511632658061E-14,-1.));
#6288=DIRECTION('',(0.0871557427476683,0.996194698091745,1.67749448088435E-14));
#6289=DIRECTION('',(-2.64665336421766E-15,-1.87699837017511E-14,1.));
#6290=DIRECTION('',(-0.087155742747658,-0.996194698091746,-1.79306259940772E-14));
#6291=DIRECTION('',(0.,-1.84708387739666E-14,1.));
#6292=DIRECTION('',(0.,-1.,-1.84708387739666E-14));
#6293=DIRECTION('',(-2.07391021985685E-15,-1.82893951405586E-14,1.));
#6294=DIRECTION('',(0.,1.84708387739666E-14,-1.));
#6295=DIRECTION('',(0.996194698091745,-0.0871557427476652,-1.60983967251743E-15));
#6296=DIRECTION('',(0.,1.84708387739666E-14,-1.));
#6297=DIRECTION('',(0.996194698091746,-0.0871557427476543,-1.60983967251723E-15));
#6298=DIRECTION('',(-0.996194698091745,0.0871557427476606,-4.71992547458845E-16));
#6299=DIRECTION('',(-2.07391021985686E-15,-1.82893951405586E-14,1.));
#6300=DIRECTION('',(-0.0871557427476581,-0.996194698091746,-1.67749448088435E-14));
#6301=DIRECTION('',(2.64665336421766E-15,1.87699837017511E-14,-1.));
#6302=DIRECTION('',(-0.0871557427476683,-0.996194698091745,-1.67749448088435E-14));
#6303=DIRECTION('',(0.,-1.84708387739666E-14,1.));
#6304=DIRECTION('',(0.,-1.,-1.84708387739666E-14));
#6305=DIRECTION('',(0.,1.84708387739666E-14,-1.));
#6306=DIRECTION('',(0.996194698091746,-0.0871557427476546,-1.60983967251724E-15));
#6307=DIRECTION('',(0.,-1.84708387739666E-14,1.));
#6308=DIRECTION('',(-7.40148683083432E-15,-1.,-1.84708387739666E-14));
#6309=DIRECTION('',(-0.996194698091746,-0.0871557427476581,2.05802543978045E-15));
#6310=DIRECTION('',(-3.65390777818671E-15,1.81511632658061E-14,-1.));
#6311=DIRECTION('',(3.6539077781867E-15,-1.81511632658061E-14,1.));
#6312=DIRECTION('',(-0.0871557427476581,0.996194698091746,2.00261585030224E-14));
#6313=DIRECTION('',(1.38236429165883E-15,2.1245265445531E-14,-1.));
#6314=DIRECTION('',(0.087155742747658,-0.996194698091746,-1.88704773177888E-14));
#6315=DIRECTION('',(0.,1.84708387739666E-14,-1.));
#6316=DIRECTION('',(0.,-1.,-1.84708387739666E-14));
#6317=DIRECTION('',(1.08608489680302E-15,1.85658588900636E-14,-1.));
#6318=DIRECTION('',(0.,-1.84708387739666E-14,1.));
#6319=DIRECTION('',(-0.996194698091746,-0.0871557427476543,-1.60983967251723E-15));
#6320=DIRECTION('',(0.,-1.84708387739666E-14,1.));
#6321=DIRECTION('',(-0.996194698091745,-0.087155742747669,-1.6098396725175E-15));
#6322=DIRECTION('',(0.996194698091746,0.0871557427476581,2.70007323718439E-15));
#6323=DIRECTION('',(-1.08608489680302E-15,-1.85658588900636E-14,1.));
#6324=DIRECTION('',(0.0871557427476581,-0.996194698091746,-2.00261585030224E-14));
#6325=DIRECTION('',(-1.38236429165883E-15,-2.1245265445531E-14,1.));
#6326=DIRECTION('',(0.0871557427476581,-0.996194698091746,-2.00261585030224E-14));
#6327=DIRECTION('',(0.,1.84708387739666E-14,-1.));
#6328=DIRECTION('',(0.,-1.,-1.84708387739666E-14));
#6329=DIRECTION('',(0.,-1.84708387739666E-14,1.));
#6330=DIRECTION('',(-0.996194698091745,-0.087155742747662,-1.60983967251737E-15));
#6331=DIRECTION('',(0.,1.84708387739666E-14,-1.));
#6332=DIRECTION('',(2.22044604925033E-14,-1.,-1.84708387739666E-14));
#6333=DIRECTION('',(0.996194698091746,0.0871557427476509,3.27985554291867E-15));
#6334=DIRECTION('',(3.29958207624725E-15,-8.22737220902811E-17,-1.));
#6335=DIRECTION('',(1.64979103812373E-15,1.87749241322901E-14,-1.));
#6336=DIRECTION('',(-0.087155742747651,0.996194698091746,1.66958069636038E-14));
#6337=DIRECTION('',(-5.04766951389057E-15,-1.7404627990492E-14,1.));
#6338=DIRECTION('',(0.0871557427476519,-0.996194698091746,-1.78130098163887E-14));
#6339=DIRECTION('',(-2.11998751144102E-15,-1.88160609933352E-14,1.));
#6340=DIRECTION('',(0.996194698091745,-0.0871557427476606,4.71992547458843E-16));
#6341=DIRECTION('',(-4.85698214184919E-15,-1.90555169956273E-14,1.));
#6342=DIRECTION('',(2.11998751144102E-15,1.88160609933352E-14,-1.));
#6343=DIRECTION('',(0.996194698091746,0.0871557427476578,3.75184809037762E-15));
#6344=DIRECTION('',(2.11998751144102E-15,1.88160609933352E-14,-1.));
#6345=DIRECTION('',(0.996194698091745,0.0871557427476604,3.75184809037767E-15));
#6346=DIRECTION('',(-0.0871557427476509,0.996194698091746,1.68984647407595E-14));
#6347=DIRECTION('',(-5.04766951389057E-15,-1.7404627990492E-14,1.));
#6348=DIRECTION('',(5.04766951389057E-15,1.7404627990492E-14,-1.));
#6349=DIRECTION('',(0.996194698091746,0.0871557427476509,3.27985554291867E-15));
#6350=DIRECTION('',(0.996194698091746,0.0871557427476509,3.27985554291867E-15));
#6351=DIRECTION('',(-2.11998751144102E-15,-1.88160609933352E-14,1.));
#6352=DIRECTION('',(1.,0.,2.11998751144102E-15));
#6353=DIRECTION('',(2.11998751144102E-15,1.88160609933352E-14,-1.));
#6354=DIRECTION('',(0.996194698091746,0.087155742747654,3.75184809037755E-15));
#6355=DIRECTION('',(0.0871557427476501,-0.996194698091746,-1.66958069636038E-14));
#6356=DIRECTION('',(0.996194698091746,0.0871557427476513,6.49929759563084E-15));
#6357=DIRECTION('',(6.48222448536444E-15,4.78912004584057E-16,-1.));
#6358=DIRECTION('',(0.087155742747651,-0.996194698091746,-1.66958069636038E-14));
#6359=DIRECTION('',(1.81223924567812E-15,1.69181326234534E-14,-1.));
#6360=DIRECTION('',(-0.087155742747651,0.996194698091746,1.66958069636038E-14));
#6361=DIRECTION('',(-2.11998751144102E-15,-1.88160609933352E-14,1.));
#6362=DIRECTION('',(0.996194698091745,-0.0871557427476677,4.71992547458709E-16));
#6363=DIRECTION('',(-2.11998751144102E-15,-1.88160609933352E-14,1.));
#6364=DIRECTION('',(0.996194698091745,-0.0871557427476606,4.71992547458843E-16));
#6365=DIRECTION('',(-0.996194698091747,0.0871557427476438,3.69526197840895E-15));
#6366=DIRECTION('',(3.66820040892045E-15,-4.70653776919708E-16,1.));
#6367=DIRECTION('',(1.83410020446042E-15,-2.14345150424067E-14,1.));
#6368=DIRECTION('',(0.0871557427476453,0.996194698091747,2.30569820265723E-14));
#6369=DIRECTION('',(1.84130508772772E-15,2.25830127295489E-14,-1.));
#6370=DIRECTION('',(-0.0871557427476474,-0.996194698091747,-2.119309787582E-14));
#6371=DIRECTION('',(8.55698438882173E-16,2.11991881539468E-14,-1.));
#6372=DIRECTION('',(-0.996194698091746,-0.087155742747658,-2.70007323718439E-15));
#6373=DIRECTION('',(1.97599985512573E-15,2.11011744802935E-14,-1.));
#6374=DIRECTION('',(-8.55698438882173E-16,-2.11991881539468E-14,1.));
#6375=DIRECTION('',(-0.996194698091747,0.0871557427476444,9.95188741224492E-16));
#6376=DIRECTION('',(-8.55698438882173E-16,-2.11991881539468E-14,1.));
#6377=DIRECTION('',(-0.996194698091746,0.0871557427476537,9.9518874122469E-16));
#6378=DIRECTION('',(0.0871557427476438,0.996194698091747,2.2657557860661E-14));
#6379=DIRECTION('',(1.84130508772772E-15,2.25830127295489E-14,-1.));
#6380=DIRECTION('',(-1.84130508772772E-15,-2.25830127295489E-14,1.));
#6381=DIRECTION('',(-0.996194698091747,0.0871557427476438,3.69526197840895E-15));
#6382=DIRECTION('',(-0.996194698091747,0.0871557427476438,3.69526197840895E-15));
#6383=DIRECTION('',(8.55698438882173E-16,2.11991881539468E-14,-1.));
#6384=DIRECTION('',(-1.,0.,-8.55698438882173E-16));
#6385=DIRECTION('',(-8.55698438882173E-16,-2.11991881539468E-14,1.));
#6386=DIRECTION('',(-0.996194698091746,0.0871557427476546,9.95188741224709E-16));
#6387=DIRECTION('',(-0.0871557427476453,-0.996194698091747,-2.30569820265723E-14));
#6388=DIRECTION('',(0.996194698091747,-0.0871557427476463,1.29392044428652E-16));
#6389=DIRECTION('',(1.12736130387377E-16,-1.96027347306712E-16,-1.));
#6390=DIRECTION('',(-0.0871557427476453,-0.996194698091747,-2.30569820265723E-14));
#6391=DIRECTION('',(1.67165199690604E-15,-2.32913065512434E-14,1.));
#6392=DIRECTION('',(0.0871557427476453,0.996194698091747,2.30569820265723E-14));
#6393=DIRECTION('',(8.55698438882173E-16,2.11991881539468E-14,-1.));
#6394=DIRECTION('',(-0.996194698091743,-0.0871557427476871,-2.70007323718501E-15));
#6395=DIRECTION('',(8.55698438882173E-16,2.11991881539468E-14,-1.));
#6396=DIRECTION('',(-0.996194698091746,-0.0871557427476581,-2.70007323718439E-15));
#6397=DIRECTION('',(-0.500000000000072,0.866025403784397,8.32667268468926E-15));
#6398=DIRECTION('',(-0.866025403784397,-0.500000000000072,0.));
#6399=DIRECTION('',(1.66533453693761E-14,0.,1.));
#6400=DIRECTION('',(-0.866025403784397,-0.500000000000072,0.));
#6401=DIRECTION('',(1.55163699827133E-14,2.25942605621373E-17,1.));
#6402=DIRECTION('',(-0.866025403784397,-0.500000000000072,-1.22464679914751E-16));
#6403=DIRECTION('',(0.500000000000014,-0.866025403784431,-8.3266726846883E-15));
#6404=DIRECTION('',(0.866025403784431,0.500000000000014,0.));
#6405=DIRECTION('',(1.66533453693761E-14,0.,1.));
#6406=DIRECTION('',(0.866025403784431,0.500000000000014,0.));
#6407=DIRECTION('',(0.866025403784431,0.500000000000014,1.22464679914732E-16));
#6408=DIRECTION('',(1.66533453693761E-14,0.,1.));
#6409=DIRECTION('',(0.5,-0.866025403784436,-8.32667268468813E-15));
#6410=DIRECTION('',(0.,0.,-1.));
#6411=DIRECTION('',(0.5,-0.866025403784436,0.));
#6412=DIRECTION('',(1.66533453693761E-14,0.,1.));
#6413=DIRECTION('',(6.31088724176809E-30,2.44929359829471E-16,-1.));
#6414=DIRECTION('',(0.5,-0.866025403784436,-2.12115047744978E-16));
#6415=DIRECTION('',(-1.,-9.02792585731944E-15,1.5602092551569E-14));
#6416=DIRECTION('',(9.02792585731944E-15,-1.,2.31296463463549E-16));
#6417=DIRECTION('',(-1.,-2.28446069200924E-14,1.63175763714941E-14));
#6418=DIRECTION('',(2.28446069200923E-14,-1.,-5.71115173002302E-15));
#6419=DIRECTION('',(-0.866025403784383,0.500000000000097,2.70848493436653E-14));
#6420=DIRECTION('',(-1.,-2.99159656098361E-14,1.49579828049177E-14));
#6421=DIRECTION('',(2.9915965609836E-14,-1.,-3.7394957012295E-15));
#6422=DIRECTION('',(-1.,-9.02792585731944E-15,1.5602092551569E-14));
#6423=DIRECTION('',(1.5789838572448E-14,0.,1.));
#6424=DIRECTION('',(0.,0.,1.));
#6425=DIRECTION('',(-0.500000000000021,0.866025403784427,0.));
#6426=DIRECTION('',(-3.1204185103138E-14,1.22464679915191E-16,-1.));
#6427=DIRECTION('',(-0.500000000000046,-0.866025403784412,1.54960350276976E-14));
#6428=DIRECTION('',(-1.,-9.02792585731944E-15,1.5602092551569E-14));
#6429=DIRECTION('',(9.02792585731944E-15,-1.,2.31296463463549E-16));
#6430=DIRECTION('',(-1.,-1.08125099162303E-14,1.51375138827227E-14));
#6431=DIRECTION('',(1.08125099162304E-14,-1.,4.32500396649213E-15));
#6432=DIRECTION('',(0.866025403784416,-0.500000000000039,-2.70848493436664E-14));
#6433=DIRECTION('',(-1.,4.10439981270247E-14,4.10439981270238E-14));
#6434=DIRECTION('',(-4.10439981270247E-14,-1.,0.));
#6435=DIRECTION('',(0.,0.,1.));
#6436=DIRECTION('',(0.500000000044056,-0.866025403759003,0.));
#6437=DIRECTION('',(-1.,-3.94022382019397E-14,1.31340794006485E-14));
#6438=DIRECTION('',(3.94022382019399E-14,-1.,1.64175992508082E-14));
#6439=DIRECTION('',(-3.1204185103138E-14,1.22464679915191E-16,-1.));
#6440=DIRECTION('',(0.500000000044081,0.866025403758988,-1.54960350290748E-14));
#6441=DIRECTION('',(1.,9.02792585731944E-15,-1.5602092551569E-14));
#6442=DIRECTION('',(-1.5602092551569E-14,0.,-1.));
#6443=DIRECTION('',(1.66533453693761E-14,0.,1.));
#6444=DIRECTION('',(-1.,-3.94022382019397E-14,1.31340794006463E-14));
#6445=DIRECTION('',(-3.940223820194E-14,1.,-1.97011191009701E-14));
#6446=DIRECTION('',(-1.59526364820248E-14,-1.01822799807508E-16,-1.));
#6447=DIRECTION('',(-1.,-9.02792585731944E-15,1.5602092551569E-14));
#6448=DIRECTION('',(1.5602092551569E-14,0.,1.));
#6449=DIRECTION('',(-1.,-6.64854774707753E-14,1.3297095494155E-14));
#6450=DIRECTION('',(6.64854774707753E-14,-1.,0.));
#6451=DIRECTION('',(-1.59526364820248E-14,-1.01822799807508E-16,-1.));
#6452=DIRECTION('',(-1.,-6.64854774707753E-14,1.32970954941551E-14));
#6453=DIRECTION('',(-6.64854774707753E-14,1.,0.));
#6454=DIRECTION('',(-1.,-9.02792585731944E-15,1.5602092551569E-14));
#6455=DIRECTION('',(1.12077477552187E-14,0.,1.));
#6456=DIRECTION('',(3.1204185103138E-14,-1.22464679915191E-16,1.));
#6457=DIRECTION('',(0.50000000000003,0.866025403784421,-1.54960350276971E-14));
#6458=DIRECTION('',(-0.500000000000097,-0.866025403784383,8.07434927000271E-15));
#6459=DIRECTION('',(-0.866025403784383,0.500000000000097,2.70848493436653E-14));
#6460=DIRECTION('',(-1.59526364820248E-14,-1.01822799807508E-16,-1.));
#6461=DIRECTION('',(-0.866025403784383,0.500000000000097,2.70848493436653E-14));
#6462=DIRECTION('',(-1.59526364820248E-14,-1.01822799807508E-16,-1.));
#6463=DIRECTION('',(-1.61486985400023E-14,0.,-1.));
#6464=DIRECTION('',(-0.500000000000046,-0.866025403784412,8.07434927000189E-15));
#6465=DIRECTION('',(-3.1204185103138E-14,1.22464679915191E-16,-1.));
#6466=DIRECTION('',(-0.500000000000046,-0.866025403784412,1.54960350276976E-14));
#6467=DIRECTION('',(0.500000000000039,0.866025403784416,-8.07434927000178E-15));
#6468=DIRECTION('',(0.866025403784416,-0.500000000000039,-2.70848493436664E-14));
#6469=DIRECTION('',(-1.59526364820248E-14,-1.01822799807508E-16,-1.));
#6470=DIRECTION('',(0.866025403784416,-0.500000000000039,-2.70848493436664E-14));
#6471=DIRECTION('',(-1.61486985400023E-14,0.,-1.));
#6472=DIRECTION('',(0.500000000044081,0.866025403758988,-8.074349270713E-15));
#6473=DIRECTION('',(-3.1204185103138E-14,1.22464679915191E-16,-1.));
#6474=DIRECTION('',(0.500000000044081,0.866025403758988,-1.54960350290748E-14));
#6475=DIRECTION('',(-1.61486985400023E-14,0.,-1.));
#6476=DIRECTION('',(0.50000000000003,0.866025403784421,-8.07434927000164E-15));
#6477=DIRECTION('',(3.1204185103138E-14,-1.22464679915191E-16,1.));
#6478=DIRECTION('',(0.50000000000003,0.866025403784421,-1.54960350276971E-14));
#6479=DIRECTION('',(-1.,-9.02792585731944E-15,1.5602092551569E-14));
#6480=DIRECTION('',(-9.02792585731944E-15,1.,2.53709171340612E-29));
#6481=DIRECTION('',(-1.,-2.28446069200924E-14,1.63175763714946E-14));
#6482=DIRECTION('',(-2.28446069200923E-14,1.,6.52703054859775E-15));
#6483=DIRECTION('',(-1.,-2.99159656098361E-14,1.49579828049181E-14));
#6484=DIRECTION('',(-2.9915965609836E-14,1.,3.7394957012295E-15));
#6485=DIRECTION('',(-1.,-9.02792585731944E-15,1.5602092551569E-14));
#6486=DIRECTION('',(-1.5789838572448E-14,4.93432455389E-15,-1.));
#6487=DIRECTION('',(-6.31088724176809E-30,-2.44929359829471E-16,1.));
#6488=DIRECTION('',(-0.500000000000021,0.866025403784427,2.12115047744976E-16));
#6489=DIRECTION('',(-1.,-9.02792585731944E-15,1.5602092551569E-14));
#6490=DIRECTION('',(-9.02792585731944E-15,1.,2.53709171340614E-29));
#6491=DIRECTION('',(-1.,-1.08125099162303E-14,1.51375138827226E-14));
#6492=DIRECTION('',(-1.08125099162304E-14,1.,-5.40625495811518E-15));
#6493=DIRECTION('',(-1.,-5.47253308360112E-14,1.36813327090069E-13));
#6494=DIRECTION('',(1.36813327090069E-13,0.,1.));
#6495=DIRECTION('',(-6.31088724176809E-30,-2.44929359829471E-16,1.));
#6496=DIRECTION('',(0.500000000044056,-0.866025403759003,-2.12115047738749E-16));
#6497=DIRECTION('',(-1.,-9.02792585731944E-15,1.5602092551569E-14));
#6498=DIRECTION('',(-1.12077477552185E-14,0.,-1.));
#6499=DIRECTION('',(1.55163699827133E-14,0.,1.));
#6500=DIRECTION('',(-0.500000000000021,0.866025403784427,7.75818499135697E-15));
#6501=DIRECTION('',(1.55163699827133E-14,0.,1.));
#6502=DIRECTION('',(0.500000000044056,-0.866025403759003,-7.75818499204024E-15));
#6503=DIRECTION('',(-1.56669271755657E-14,3.6335493343436E-15,-1.));
#6504=DIRECTION('',(-1.,-1.13558016489942E-14,1.56669271755657E-14));
#6505=DIRECTION('',(1.56669271755657E-14,-3.6335493343436E-15,1.));
#6506=DIRECTION('',(0.762933679028608,0.646476760142136,-9.60382118764456E-15));
#6507=DIRECTION('',(-7.19246530664996E-15,1.,2.98591923664578E-15));
#6508=DIRECTION('',(-7.19246530664996E-15,1.,2.98591923664578E-15));
#6509=DIRECTION('',(-1.,-7.19246530665001E-15,1.56669271755657E-14));
#6510=DIRECTION('',(-7.19246530664996E-15,1.,2.98591923664578E-15));
#6511=DIRECTION('',(-1.48029736616688E-14,3.70074341541719E-15,-1.));
#6512=DIRECTION('',(-1.,-7.19246530665001E-15,1.56669271755657E-14));
#6513=DIRECTION('',(-7.19246530664996E-15,1.,2.98591923664578E-15));
#6514=DIRECTION('',(1.48029736616688E-14,-3.70074341541719E-15,1.));
#6515=DIRECTION('',(1.48029736616688E-14,-3.70074341541719E-15,1.));
#6516=DIRECTION('',(0.762933679028608,0.646476760142136,-8.90124254294432E-15));
#6517=DIRECTION('',(-0.500000000000072,-0.866025403784397,-8.32667268468926E-15));
#6518=DIRECTION('',(0.866025403784397,-0.500000000000072,0.));
#6519=DIRECTION('',(-1.66533453693761E-14,0.,1.));
#6520=DIRECTION('',(0.866025403784397,-0.500000000000072,-1.22464679914751E-16));
#6521=DIRECTION('',(-1.55163699827133E-14,2.25942605621373E-17,1.));
#6522=DIRECTION('',(0.866025403784397,-0.500000000000072,0.));
#6523=DIRECTION('',(0.500000000000014,0.866025403784431,8.3266726846883E-15));
#6524=DIRECTION('',(-0.866025403784431,0.500000000000014,0.));
#6525=DIRECTION('',(-1.66533453693761E-14,0.,1.));
#6526=DIRECTION('',(-0.866025403784431,0.500000000000014,1.22464679914732E-16));
#6527=DIRECTION('',(-0.866025403784431,0.500000000000014,0.));
#6528=DIRECTION('',(1.66533453693761E-14,0.,-1.));
#6529=DIRECTION('',(-0.5,-0.866025403784436,-8.32667268468813E-15));
#6530=DIRECTION('',(6.31088724176809E-30,-2.44929359829471E-16,1.));
#6531=DIRECTION('',(-0.5,-0.866025403784436,-2.12115047744978E-16));
#6532=DIRECTION('',(-1.66533453693761E-14,0.,1.));
#6533=DIRECTION('',(0.,0.,1.));
#6534=DIRECTION('',(-0.5,-0.866025403784436,0.));
#6535=DIRECTION('',(1.,-9.02792585731944E-15,1.5602092551569E-14));
#6536=DIRECTION('',(-9.02792585731944E-15,-1.,2.31296463463549E-16));
#6537=DIRECTION('',(-1.,2.99159656098361E-14,-1.49579828049177E-14));
#6538=DIRECTION('',(-2.9915965609836E-14,-1.,-3.7394957012295E-15));
#6539=DIRECTION('',(0.866025403784383,0.500000000000097,2.70848493436653E-14));
#6540=DIRECTION('',(-1.,2.28446069200924E-14,-1.63175763714941E-14));
#6541=DIRECTION('',(-2.28446069200923E-14,-1.,-5.71115173002302E-15));
#6542=DIRECTION('',(1.,-9.02792585731944E-15,1.5602092551569E-14));
#6543=DIRECTION('',(-1.5789838572448E-14,0.,1.));
#6544=DIRECTION('',(0.,0.,-1.));
#6545=DIRECTION('',(0.500000000000021,0.866025403784427,0.));
#6546=DIRECTION('',(-3.1204185103138E-14,-1.22464679915191E-16,1.));
#6547=DIRECTION('',(0.500000000000046,-0.866025403784412,1.54960350276976E-14));
#6548=DIRECTION('',(1.,-9.02792585731944E-15,1.5602092551569E-14));
#6549=DIRECTION('',(-9.02792585731944E-15,-1.,2.31296463463549E-16));
#6550=DIRECTION('',(-0.866025403784416,-0.500000000000039,-2.70848493436664E-14));
#6551=DIRECTION('',(-1.,1.08125099162303E-14,-1.51375138827227E-14));
#6552=DIRECTION('',(-1.08125099162304E-14,-1.,4.32500396649213E-15));
#6553=DIRECTION('',(-1.,-6.75781869764286E-15,-6.75781869764366E-14));
#6554=DIRECTION('',(-6.75781869764366E-14,0.,1.));
#6555=DIRECTION('',(0.,0.,-1.));
#6556=DIRECTION('',(-0.500000000044056,-0.866025403759003,0.));
#6557=DIRECTION('',(-3.1204185103138E-14,-1.22464679915191E-16,1.));
#6558=DIRECTION('',(-0.500000000044081,0.866025403758988,-1.54960350290748E-14));
#6559=DIRECTION('',(-1.,3.94022382019397E-14,-1.31340794006485E-14));
#6560=DIRECTION('',(-3.94022382019399E-14,-1.,1.64175992508082E-14));
#6561=DIRECTION('',(1.,-9.02792585731944E-15,1.5602092551569E-14));
#6562=DIRECTION('',(1.5602092551569E-14,0.,-1.));
#6563=DIRECTION('',(-1.66533453693761E-14,0.,1.));
#6564=DIRECTION('',(1.59526364820248E-14,-1.01822799807508E-16,-1.));
#6565=DIRECTION('',(-1.,3.94022382019397E-14,-1.31340794006463E-14));
#6566=DIRECTION('',(3.940223820194E-14,1.,-1.97011191009701E-14));
#6567=DIRECTION('',(-1.,9.02792585731944E-15,-1.5602092551569E-14));
#6568=DIRECTION('',(-1.5602092551569E-14,0.,1.));
#6569=DIRECTION('',(-1.,6.64854774707753E-14,-1.3297095494155E-14));
#6570=DIRECTION('',(-6.64854774707753E-14,-1.,0.));
#6571=DIRECTION('',(-1.,6.64854774707753E-14,-1.32970954941551E-14));
#6572=DIRECTION('',(6.64854774707753E-14,1.,0.));
#6573=DIRECTION('',(1.59526364820248E-14,-1.01822799807508E-16,-1.));
#6574=DIRECTION('',(1.,-9.02792585731944E-15,1.5602092551569E-14));
#6575=DIRECTION('',(-1.12077477552187E-14,0.,1.));
#6576=DIRECTION('',(3.1204185103138E-14,1.22464679915191E-16,-1.));
#6577=DIRECTION('',(-0.50000000000003,0.866025403784421,-1.54960350276971E-14));
#6578=DIRECTION('',(-0.500000000000097,0.866025403784383,-8.07434927000271E-15));
#6579=DIRECTION('',(0.866025403784383,0.500000000000097,2.70848493436653E-14));
#6580=DIRECTION('',(1.59526364820248E-14,-1.01822799807508E-16,-1.));
#6581=DIRECTION('',(0.866025403784383,0.500000000000097,2.70848493436653E-14));
#6582=DIRECTION('',(1.59526364820248E-14,-1.01822799807508E-16,-1.));
#6583=DIRECTION('',(-1.61486985400023E-14,0.,1.));
#6584=DIRECTION('',(0.500000000000046,-0.866025403784412,8.07434927000189E-15));
#6585=DIRECTION('',(-3.1204185103138E-14,-1.22464679915191E-16,1.));
#6586=DIRECTION('',(0.500000000000046,-0.866025403784412,1.54960350276976E-14));
#6587=DIRECTION('',(0.500000000000039,-0.866025403784416,8.07434927000178E-15));
#6588=DIRECTION('',(-0.866025403784416,-0.500000000000039,-2.70848493436664E-14));
#6589=DIRECTION('',(-0.866025403784416,-0.500000000000039,-2.70848493436664E-14));
#6590=DIRECTION('',(1.59526364820248E-14,-1.01822799807508E-16,-1.));
#6591=DIRECTION('',(-1.61486985400023E-14,0.,1.));
#6592=DIRECTION('',(-0.500000000044081,0.866025403758988,-8.074349270713E-15));
#6593=DIRECTION('',(-3.1204185103138E-14,-1.22464679915191E-16,1.));
#6594=DIRECTION('',(-0.500000000044081,0.866025403758988,-1.54960350290748E-14));
#6595=DIRECTION('',(-1.61486985400023E-14,0.,1.));
#6596=DIRECTION('',(-0.50000000000003,0.866025403784421,-8.07434927000164E-15));
#6597=DIRECTION('',(3.1204185103138E-14,1.22464679915191E-16,-1.));
#6598=DIRECTION('',(-0.50000000000003,0.866025403784421,-1.54960350276971E-14));
#6599=DIRECTION('',(1.,-9.02792585731944E-15,1.5602092551569E-14));
#6600=DIRECTION('',(9.02792585731944E-15,1.,2.53709171340612E-29));
#6601=DIRECTION('',(-1.,2.99159656098361E-14,-1.49579828049181E-14));
#6602=DIRECTION('',(2.9915965609836E-14,1.,3.7394957012295E-15));
#6603=DIRECTION('',(-1.,2.28446069200924E-14,-1.63175763714946E-14));
#6604=DIRECTION('',(2.28446069200923E-14,1.,6.52703054859775E-15));
#6605=DIRECTION('',(1.,-9.02792585731944E-15,1.5602092551569E-14));
#6606=DIRECTION('',(1.5789838572448E-14,0.,-1.));
#6607=DIRECTION('',(-6.31088724176809E-30,2.44929359829471E-16,-1.));
#6608=DIRECTION('',(0.500000000000021,0.866025403784427,2.12115047744976E-16));
#6609=DIRECTION('',(1.,-9.02792585731944E-15,1.5602092551569E-14));
#6610=DIRECTION('',(9.02792585731944E-15,1.,2.53709171340614E-29));
#6611=DIRECTION('',(-1.,1.08125099162303E-14,-1.51375138827226E-14));
#6612=DIRECTION('',(1.08125099162304E-14,1.,-5.40625495811518E-15));
#6613=DIRECTION('',(-1.,3.37890934881939E-14,-1.08125099162276E-13));
#6614=DIRECTION('',(-1.08125099162276E-13,0.,1.));
#6615=DIRECTION('',(-6.31088724176809E-30,2.44929359829471E-16,-1.));
#6616=DIRECTION('',(-0.500000000044056,-0.866025403759003,-2.12115047738749E-16));
#6617=DIRECTION('',(1.,-9.02792585731944E-15,1.5602092551569E-14));
#6618=DIRECTION('',(1.12077477552185E-14,0.,-1.));
#6619=DIRECTION('',(1.55163699827133E-14,0.,-1.));
#6620=DIRECTION('',(0.500000000000021,0.866025403784427,7.75818499135697E-15));
#6621=DIRECTION('',(1.55163699827133E-14,0.,-1.));
#6622=DIRECTION('',(-0.500000000044056,-0.866025403759003,-7.75818499204024E-15));
#6623=DIRECTION('',(1.56669271755656E-14,3.36216148388032E-15,-1.));
#6624=DIRECTION('',(-1.,-1.4278014408462E-14,-1.56669271755656E-14));
#6625=DIRECTION('',(-1.56669271755656E-14,-3.36216148388032E-15,1.));
#6626=DIRECTION('',(-0.762933679028608,0.646476760142136,-9.77926712595392E-15));
#6627=DIRECTION('',(1.56657931892438E-14,-1.,-3.08460572772378E-15));
#6628=DIRECTION('',(1.56657931892438E-14,-1.,-3.08460572772378E-15));
#6629=DIRECTION('',(1.,1.56657931892437E-14,1.56669271755657E-14));
#6630=DIRECTION('',(1.56657931892437E-14,-1.,-3.08460572772378E-15));
#6631=DIRECTION('',(1.48029736616688E-14,3.70074341541719E-15,-1.));
#6632=DIRECTION('',(1.,1.56657931892437E-14,1.56669271755657E-14));
#6633=DIRECTION('',(1.56657931892437E-14,-1.,-3.08460572772378E-15));
#6634=DIRECTION('',(-1.48029736616688E-14,-3.70074341541719E-15,1.));
#6635=DIRECTION('',(1.48029736616688E-14,3.70074341541719E-15,-1.));
#6636=DIRECTION('',(-0.762933679028608,0.646476760142136,-8.90124254294432E-15));
#6637=CARTESIAN_POINT('',(0.,0.,0.));
#6638=CARTESIAN_POINT('',(-1.11022302462516E-18,-7.49999999999984E-5,0.01345));
#6639=CARTESIAN_POINT('',(-0.00382,-0.00205,0.01345));
#6640=CARTESIAN_POINT('',(-0.00764,-0.00205,0.01345));
#6641=CARTESIAN_POINT('',(-0.00765,-0.00205,0.01345));
#6642=CARTESIAN_POINT('',(-0.00765,-0.01045,0.01345));
#6643=CARTESIAN_POINT('',(-0.00765,0.0103,0.01345));
#6644=CARTESIAN_POINT('',(-0.00765,0.0103,0.01345));
#6645=CARTESIAN_POINT('',(-0.00615000000000027,0.0103,0.01345));
#6646=CARTESIAN_POINT('',(-0.00765,0.0103,0.01345));
#6647=CARTESIAN_POINT('',(-0.00085,0.0103,0.01345));
#6648=CARTESIAN_POINT('',(-0.00765,0.0103,0.01345));
#6649=CARTESIAN_POINT('',(0.00085,0.0103,0.01345));
#6650=CARTESIAN_POINT('',(-0.00765,0.0103,0.01345));
#6651=CARTESIAN_POINT('',(0.00615000000000027,0.0103,0.01345));
#6652=CARTESIAN_POINT('',(-0.00765,0.0103,0.01345));
#6653=CARTESIAN_POINT('',(0.00765,0.0103,0.01345));
#6654=CARTESIAN_POINT('',(0.00765,0.0103,0.01345));
#6655=CARTESIAN_POINT('',(0.00765,-0.00205,0.01345));
#6656=CARTESIAN_POINT('',(0.003825,-0.00205,0.01345));
#6657=CARTESIAN_POINT('',(0.00764,-0.00205,0.01345));
#6658=CARTESIAN_POINT('',(0.00764,-0.0010625,0.01345));
#6659=CARTESIAN_POINT('',(0.00764,-0.00206,0.01345));
#6660=CARTESIAN_POINT('',(0.00382,-0.00206,0.01345));
#6661=CARTESIAN_POINT('',(0.00765,-0.00206,0.01345));
#6662=CARTESIAN_POINT('',(0.00765,0.0103,0.01345));
#6663=CARTESIAN_POINT('',(0.00765,-0.01045,0.01345));
#6664=CARTESIAN_POINT('',(0.00765,-0.01045,0.01345));
#6665=CARTESIAN_POINT('',(-0.00765,-0.01045,0.01345));
#6666=CARTESIAN_POINT('',(-0.00765,-0.01045,0.01345));
#6667=CARTESIAN_POINT('',(-0.00765,-0.00206,0.01345));
#6668=CARTESIAN_POINT('',(-0.003825,-0.00206,0.01345));
#6669=CARTESIAN_POINT('',(-0.00764,-0.00206,0.01345));
#6670=CARTESIAN_POINT('',(-0.00764,-0.0010675,0.01345));
#6671=CARTESIAN_POINT('',(-1.11022302462516E-18,0.0106,0.0240142920065877));
#6672=CARTESIAN_POINT('',(-7.7715611723761E-18,0.0106,0.0133));
#6673=CARTESIAN_POINT('',(-0.00765,0.0106,0.0133));
#6674=CARTESIAN_POINT('',(-0.00615000000000027,0.0106,0.0133));
#6675=CARTESIAN_POINT('',(-7.7715611723761E-18,0.0106,0.0133));
#6676=CARTESIAN_POINT('',(-0.00085,0.0106,0.0133));
#6677=CARTESIAN_POINT('',(-7.7715611723761E-18,0.0106,0.0133));
#6678=CARTESIAN_POINT('',(0.00085,0.0106,0.0133));
#6679=CARTESIAN_POINT('',(-7.7715611723761E-18,0.0106,0.0133));
#6680=CARTESIAN_POINT('',(0.00615000000000027,0.0106,0.0133));
#6681=CARTESIAN_POINT('',(-7.7715611723761E-18,0.0106,0.0133));
#6682=CARTESIAN_POINT('',(0.00765,0.0106,0.0133));
#6683=CARTESIAN_POINT('',(0.00765,0.0106,0.0139785840131754));
#6684=CARTESIAN_POINT('',(0.00765,0.0106,0.00135));
#6685=CARTESIAN_POINT('',(-0.00765,0.0106,0.00135));
#6686=CARTESIAN_POINT('',(-0.00765,0.0106,0.00135));
#6687=CARTESIAN_POINT('',(-0.00765,0.0106,0.0133));
#6688=CARTESIAN_POINT('',(0.00765,0.0106,0.0133));
#6689=CARTESIAN_POINT('',(0.00765,0.010483,0.0133));
#6690=CARTESIAN_POINT('',(0.00765,0.01045,0.0133));
#6691=CARTESIAN_POINT('',(0.00765,0.0103,0.0133));
#6692=CARTESIAN_POINT('',(0.00765,0.0103,0.0136));
#6693=CARTESIAN_POINT('',(0.00765,0.0103,0.0136));
#6694=CARTESIAN_POINT('',(0.00765,0.0103,0.0133));
#6695=CARTESIAN_POINT('',(-0.00765,0.01045,0.0133));
#6696=CARTESIAN_POINT('',(-0.00765,0.010483,0.0133));
#6697=CARTESIAN_POINT('',(-0.00765,0.01045,0.0133));
#6698=CARTESIAN_POINT('',(-0.00765,0.0103,0.0133));
#6699=CARTESIAN_POINT('',(-0.00765,0.0103,0.0136));
#6700=CARTESIAN_POINT('',(-0.00765,0.0103,0.0136));
#6701=CARTESIAN_POINT('',(-0.00765,0.0103,0.0133));
#6702=CARTESIAN_POINT('',(-1.11022302462516E-18,0.01045,0.0240142920065877));
#6703=CARTESIAN_POINT('',(-6.66133814775094E-18,0.01045,0.0133));
#6704=CARTESIAN_POINT('',(0.00615000000000027,0.01045,0.0133));
#6705=CARTESIAN_POINT('',(-6.66133814775094E-18,0.01045,0.0133));
#6706=CARTESIAN_POINT('',(0.00085,0.01045,0.0133));
#6707=CARTESIAN_POINT('',(-6.66133814775094E-18,0.01045,0.0133));
#6708=CARTESIAN_POINT('',(-0.00085,0.01045,0.0133));
#6709=CARTESIAN_POINT('',(-6.66133814775094E-18,0.01045,0.0133));
#6710=CARTESIAN_POINT('',(-0.00615000000000027,0.01045,0.0133));
#6711=CARTESIAN_POINT('',(-6.66133814775094E-18,0.01045,0.0133));
#6712=CARTESIAN_POINT('',(-0.00765,0.01045,0.0139785840131754));
#6713=CARTESIAN_POINT('',(-0.00765,0.01045,0.00135));
#6714=CARTESIAN_POINT('',(-0.00765,0.01045,0.00135));
#6715=CARTESIAN_POINT('',(0.00765,0.01045,0.00135));
#6716=CARTESIAN_POINT('',(0.00765,0.01045,0.0139785840131754));
#6717=CARTESIAN_POINT('',(0.00764,-0.00205,0.01345));
#6718=CARTESIAN_POINT('',(0.00764,-0.00205,0.01345));
#6719=CARTESIAN_POINT('',(0.00764,-0.00205,0.0136));
#6720=CARTESIAN_POINT('',(0.00764,-0.0010625,0.0136));
#6721=CARTESIAN_POINT('',(0.00764,-0.00206,0.0136));
#6722=CARTESIAN_POINT('',(0.00764,-0.00206,0.01345));
#6723=CARTESIAN_POINT('',(0.00764,-0.00206,0.01345));
#6724=CARTESIAN_POINT('',(0.00382,-0.00206,0.0136));
#6725=CARTESIAN_POINT('',(0.00765,-0.00206,0.0136));
#6726=CARTESIAN_POINT('',(0.00765,-0.00206,0.013525));
#6727=CARTESIAN_POINT('',(0.00765,-0.00205,0.01345));
#6728=CARTESIAN_POINT('',(0.00765,-0.00205,0.013525));
#6729=CARTESIAN_POINT('',(0.00765,-0.00205,0.0136));
#6730=CARTESIAN_POINT('',(0.003825,-0.00205,0.0136));
#6731=CARTESIAN_POINT('',(-1.11022302462516E-18,-7.49999999999984E-5,0.0136));
#6732=CARTESIAN_POINT('',(-0.00382,-0.00205,0.0136));
#6733=CARTESIAN_POINT('',(-0.00765,-0.00205,0.0136));
#6734=CARTESIAN_POINT('',(-0.00764,-0.00205,0.0136));
#6735=CARTESIAN_POINT('',(-0.00764,-0.0010675,0.0136));
#6736=CARTESIAN_POINT('',(-0.00764,-0.00206,0.0136));
#6737=CARTESIAN_POINT('',(-0.003825,-0.00206,0.0136));
#6738=CARTESIAN_POINT('',(-0.00765,-0.00206,0.0136));
#6739=CARTESIAN_POINT('',(-0.00765,-0.01045,0.0136));
#6740=CARTESIAN_POINT('',(-0.00765,-0.01045,0.0136));
#6741=CARTESIAN_POINT('',(0.00765,-0.01045,0.0136));
#6742=CARTESIAN_POINT('',(0.00765,-0.01045,0.0136));
#6743=CARTESIAN_POINT('',(0.00765,0.0103,0.0136));
#6744=CARTESIAN_POINT('',(0.00765,0.0103,0.0136));
#6745=CARTESIAN_POINT('',(-0.00765,0.0103,0.0136));
#6746=CARTESIAN_POINT('',(0.00615000000000027,0.0103,0.0136));
#6747=CARTESIAN_POINT('',(-0.00765,0.0103,0.0136));
#6748=CARTESIAN_POINT('',(0.00085,0.0103,0.0136));
#6749=CARTESIAN_POINT('',(-0.00765,0.0103,0.0136));
#6750=CARTESIAN_POINT('',(-0.00085,0.0103,0.0136));
#6751=CARTESIAN_POINT('',(-0.00765,0.0103,0.0136));
#6752=CARTESIAN_POINT('',(-0.00615000000000027,0.0103,0.0136));
#6753=CARTESIAN_POINT('',(-0.00765,0.0103,0.0136));
#6754=CARTESIAN_POINT('',(-0.00765,-0.01045,0.0136));
#6755=CARTESIAN_POINT('',(-0.00764,-0.00206,0.01345));
#6756=CARTESIAN_POINT('',(-0.00764,-0.00206,0.01345));
#6757=CARTESIAN_POINT('',(-0.00764,-0.00205,0.01345));
#6758=CARTESIAN_POINT('',(-0.00764,-0.00205,0.01345));
#6759=CARTESIAN_POINT('',(-0.00765,-0.00205,0.013525));
#6760=CARTESIAN_POINT('',(-0.00765,-0.00206,0.01345));
#6761=CARTESIAN_POINT('',(-0.00765,-0.00206,0.013525));
#6762=CARTESIAN_POINT('',(-0.00795000000000042,0.0182892920065877,0.0240142920065877));
#6763=CARTESIAN_POINT('',(-0.00795,0.00835000000000162,0.0132571460032937));
#6764=CARTESIAN_POINT('',(-0.00794999999999979,0.00835000000000161,0.00365000000000006));
#6765=CARTESIAN_POINT('',(-0.00794999999999977,0.00835000000000161,0.00250000000000006));
#6766=CARTESIAN_POINT('',(-0.00795,0.0138196460032936,0.00250000000000006));
#6767=CARTESIAN_POINT('',(-0.0079499999999998,0.00935000000000161,0.00250000000000006));
#6768=CARTESIAN_POINT('',(-0.00795,0.00935000000000161,0.0138321460032937));
#6769=CARTESIAN_POINT('',(-0.00794999999999982,0.00935000000000161,0.00365000000000006));
#6770=CARTESIAN_POINT('',(-0.00795,0.0133196460032936,0.00365000000000006));
#6771=CARTESIAN_POINT('',(-0.00795,0.0103,0.00710877965745903));
#6772=CARTESIAN_POINT('',(-0.00795,0.0103,0.013193933982822));
#6773=CARTESIAN_POINT('',(-0.00795,0.0103,0.00135));
#6774=CARTESIAN_POINT('',(-0.00795,0.0109785840131754,0.00135));
#6775=CARTESIAN_POINT('',(-0.00795,0.00745,0.00134999999999998));
#6776=CARTESIAN_POINT('',(-0.00795,0.00745,0.010343933982822));
#6777=CARTESIAN_POINT('',(-0.00795,0.00745,0.010343933982822));
#6778=CARTESIAN_POINT('',(-0.00795,0.0103,0.013193933982822));
#6779=CARTESIAN_POINT('',(-0.00765,0.0103,0.007325));
#6780=CARTESIAN_POINT('',(-0.0078,0.0103,0.00710877965745903));
#6781=CARTESIAN_POINT('',(-0.0078,0.0103,0.00135));
#6782=CARTESIAN_POINT('',(-0.0078,0.0103,0.013193933982822));
#6783=CARTESIAN_POINT('',(-0.00765,0.0103,0.00135));
#6784=CARTESIAN_POINT('',(-0.00765,0.0104500000000002,0.0133));
#6785=CARTESIAN_POINT('',(-0.00766970905808529,0.0104500000000002,0.0132911278067149));
#6786=CARTESIAN_POINT('',(-0.00768922921747589,0.0104461154321514,0.0132823408410737));
#6787=CARTESIAN_POINT('',(-0.00772563064238598,0.0104310257108387,0.0132646294244973));
#6788=CARTESIAN_POINT('',(-0.00774215219085371,0.0104199798435025,0.0132558495079886));
#6789=CARTESIAN_POINT('',(-0.00776997984350254,0.0103921521908537,0.0132380844748334));
#6790=CARTESIAN_POINT('',(-0.00778102571083874,0.010375630642386,0.0132293045583247));
#6791=CARTESIAN_POINT('',(-0.00779611543215144,0.0103392292174759,0.0132115931417483));
#6792=CARTESIAN_POINT('',(-0.00780000000000021,0.0103197090580853,0.0132028061761071));
#6793=CARTESIAN_POINT('',(-0.00780000000000021,0.0103,0.013193933982822));
#6794=CARTESIAN_POINT('',(-0.0078,0.00745,0.00134999999999998));
#6795=CARTESIAN_POINT('',(-0.0078,0.00745,0.010343933982822));
#6796=CARTESIAN_POINT('',(-0.0078,0.00745,0.010343933982822));
#6797=CARTESIAN_POINT('',(-0.0078,0.00745,0.00134999999999998));
#6798=CARTESIAN_POINT('',(-0.0078,0.00745,0.010343933982822));
#6799=CARTESIAN_POINT('',(-0.0078,0.00745,0.00134999999999998));
#6800=CARTESIAN_POINT('',(-0.0078,0.00745,0.010343933982822));
#6801=CARTESIAN_POINT('',(-0.0078,0.0103,0.013193933982822));
#6802=CARTESIAN_POINT('',(-0.0078,0.0103,0.013193933982822));
#6803=CARTESIAN_POINT('',(-0.0078,0.0103,0.013193933982822));
#6804=CARTESIAN_POINT('',(-0.00785,0.0103,0.013193933982822));
#6805=CARTESIAN_POINT('',(-0.0079,0.0103,0.013193933982822));
#6806=CARTESIAN_POINT('',(-0.00795,0.0103,0.013193933982822));
#6807=CARTESIAN_POINT('',(-0.0078,0.0103392699081699,0.0132116116523517));
#6808=CARTESIAN_POINT('',(-0.00785010517189832,0.0103523840142942,0.0132116116523517));
#6809=CARTESIAN_POINT('',(-0.00789989482810173,0.0103654257102155,0.0132116116523517));
#6810=CARTESIAN_POINT('',(-0.00795,0.0103785398163398,0.0132116116523517));
#6811=CARTESIAN_POINT('',(-0.00776743375284378,0.0104174337528438,0.013246966991411));
#6812=CARTESIAN_POINT('',(-0.00780654608595643,0.0104565460859564,0.013246966991411));
#6813=CARTESIAN_POINT('',(-0.00784575517257495,0.010495755172575,0.013246966991411));
#6814=CARTESIAN_POINT('',(-0.00788486750568759,0.0105348675056876,0.013246966991411));
#6815=CARTESIAN_POINT('',(-0.00768926990816987,0.01045,0.0132823223304703));
#6816=CARTESIAN_POINT('',(-0.00770238401429416,0.0105001051718983,0.0132823223304703));
#6817=CARTESIAN_POINT('',(-0.00771542571021546,0.0105498948281017,0.0132823223304703));
#6818=CARTESIAN_POINT('',(-0.00772853981633975,0.0106,0.0132823223304703));
#6819=CARTESIAN_POINT('',(-0.00765,0.01045,0.0133));
#6820=CARTESIAN_POINT('',(-0.00765,0.0105,0.0133));
#6821=CARTESIAN_POINT('',(-0.00765,0.01055,0.0133));
#6822=CARTESIAN_POINT('',(-0.00765,0.0106,0.0133));
#6823=CARTESIAN_POINT('',(-0.0079500000000002,0.0103000000000001,0.013193933982822));
#6824=CARTESIAN_POINT('',(-0.00795000000000013,0.0104570796326797,0.0132292893218813));
#6825=CARTESIAN_POINT('',(-0.00780707963267955,0.0106000000000002,0.0132646446609407));
#6826=CARTESIAN_POINT('',(-0.00765,0.0106000000000002,0.0133));
#6827=CARTESIAN_POINT('',(-0.00780000000000043,0.0182892920065877,0.0240142920065877));
#6828=CARTESIAN_POINT('',(-0.0078,0.0083500000000016,0.0132571460032937));
#6829=CARTESIAN_POINT('',(-0.00779999999999977,0.00835000000000159,0.00250000000000006));
#6830=CARTESIAN_POINT('',(-0.00779999999999979,0.00835000000000159,0.00365000000000006));
#6831=CARTESIAN_POINT('',(-0.0078,0.0133196460032937,0.00365000000000006));
#6832=CARTESIAN_POINT('',(-0.00779999999999982,0.00935000000000159,0.00365000000000006));
#6833=CARTESIAN_POINT('',(-0.0078,0.0093500000000016,0.0138321460032937));
#6834=CARTESIAN_POINT('',(-0.0077999999999998,0.00935000000000159,0.00250000000000006));
#6835=CARTESIAN_POINT('',(-0.0078,0.0138196460032937,0.00250000000000006));
#6836=CARTESIAN_POINT('',(-0.0078,0.0109785840131755,0.00135));
#6837=CARTESIAN_POINT('',(-0.00765,0.0103,0.007325));
#6838=CARTESIAN_POINT('',(-0.00765,0.0103,0.00135));
#6839=CARTESIAN_POINT('',(0.00795000000000023,0.0182892920065876,0.0240142920065877));
#6840=CARTESIAN_POINT('',(0.00795,0.00835000000000015,0.0132571460032938));
#6841=CARTESIAN_POINT('',(0.00794999999999974,0.00835000000000014,0.00249999999999994));
#6842=CARTESIAN_POINT('',(0.00794999999999965,0.00835000000000014,0.00364999999999994));
#6843=CARTESIAN_POINT('',(0.00794999999999987,0.0133196460032939,0.00364999999999994));
#6844=CARTESIAN_POINT('',(0.00794999999999974,0.00935000000000014,0.00364999999999994));
#6845=CARTESIAN_POINT('',(0.00795,0.00935000000000014,0.0138321460032938));
#6846=CARTESIAN_POINT('',(0.00794999999999974,0.00935000000000014,0.00249999999999994));
#6847=CARTESIAN_POINT('',(0.00794999999999985,0.0138196460032939,0.00249999999999995));
#6848=CARTESIAN_POINT('',(0.00795,0.0103,0.00710877965745903));
#6849=CARTESIAN_POINT('',(0.00795,0.0103,0.00135));
#6850=CARTESIAN_POINT('',(0.00795,0.0103,0.013193933982822));
#6851=CARTESIAN_POINT('',(0.00795,0.0103,0.013193933982822));
#6852=CARTESIAN_POINT('',(0.00795,0.00745,0.010343933982822));
#6853=CARTESIAN_POINT('',(0.00795,0.00745,0.00134999999999998));
#6854=CARTESIAN_POINT('',(0.00795,0.00745,0.00134999999999998));
#6855=CARTESIAN_POINT('',(0.00795,0.0103,0.00135));
#6856=CARTESIAN_POINT('',(0.00765,0.0103,0.007325));
#6857=CARTESIAN_POINT('',(0.0078,0.0103,0.00710877965745903));
#6858=CARTESIAN_POINT('',(0.0078,0.0103,0.013193933982822));
#6859=CARTESIAN_POINT('',(0.0078,0.0103,0.00135));
#6860=CARTESIAN_POINT('',(0.00765,0.01045,0.0133));
#6861=CARTESIAN_POINT('',(0.00766970905808527,0.01045,0.0132911278067149));
#6862=CARTESIAN_POINT('',(0.00768922921747586,0.0104461154321514,0.0132823408410737));
#6863=CARTESIAN_POINT('',(0.00772563064238593,0.0104310257108387,0.0132646294244973));
#6864=CARTESIAN_POINT('',(0.00774215219085364,0.0104199798435025,0.0132558495079886));
#6865=CARTESIAN_POINT('',(0.00776997984350246,0.0103921521908537,0.0132380844748334));
#6866=CARTESIAN_POINT('',(0.00778102571083867,0.010375630642386,0.0132293045583247));
#6867=CARTESIAN_POINT('',(0.00779611543215138,0.0103392292174759,0.0132115931417483));
#6868=CARTESIAN_POINT('',(0.00780000000000015,0.0103197090580853,0.0132028061761071));
#6869=CARTESIAN_POINT('',(0.00780000000000016,0.0103,0.013193933982822));
#6870=CARTESIAN_POINT('',(0.00765,0.0103,0.00135));
#6871=CARTESIAN_POINT('',(0.0078,0.00745,0.010343933982822));
#6872=CARTESIAN_POINT('',(0.0078,0.00745,0.00134999999999998));
#6873=CARTESIAN_POINT('',(0.0078,0.00745,0.00134999999999998));
#6874=CARTESIAN_POINT('',(0.0078,0.00745,0.010343933982822));
#6875=CARTESIAN_POINT('',(0.0078,0.00745,0.00134999999999998));
#6876=CARTESIAN_POINT('',(0.0078,0.00745,0.010343933982822));
#6877=CARTESIAN_POINT('',(0.00765,0.01045,0.0133));
#6878=CARTESIAN_POINT('',(0.00765,0.0105,0.0133));
#6879=CARTESIAN_POINT('',(0.00765,0.01055,0.0133));
#6880=CARTESIAN_POINT('',(0.00765,0.0106,0.0133));
#6881=CARTESIAN_POINT('',(0.00768926990816986,0.01045,0.0132823223304703));
#6882=CARTESIAN_POINT('',(0.00770238401429414,0.0105001051718983,0.0132823223304703));
#6883=CARTESIAN_POINT('',(0.00771542571021545,0.0105498948281017,0.0132823223304703));
#6884=CARTESIAN_POINT('',(0.00772853981633973,0.0106,0.0132823223304703));
#6885=CARTESIAN_POINT('',(0.00776743375284377,0.0104174337528438,0.013246966991411));
#6886=CARTESIAN_POINT('',(0.00780654608595641,0.0104565460859564,0.013246966991411));
#6887=CARTESIAN_POINT('',(0.00784575517257491,0.0104957551725749,0.013246966991411));
#6888=CARTESIAN_POINT('',(0.00788486750568755,0.0105348675056876,0.013246966991411));
#6889=CARTESIAN_POINT('',(0.0078,0.0103392699081699,0.0132116116523517));
#6890=CARTESIAN_POINT('',(0.00785010517189829,0.0103523840142942,0.0132116116523517));
#6891=CARTESIAN_POINT('',(0.00789989482810169,0.0103654257102155,0.0132116116523517));
#6892=CARTESIAN_POINT('',(0.00795,0.0103785398163397,0.0132116116523517));
#6893=CARTESIAN_POINT('',(0.0078,0.0103,0.013193933982822));
#6894=CARTESIAN_POINT('',(0.00785,0.0103,0.013193933982822));
#6895=CARTESIAN_POINT('',(0.0079,0.0103,0.013193933982822));
#6896=CARTESIAN_POINT('',(0.00795,0.0103,0.013193933982822));
#6897=CARTESIAN_POINT('',(0.0078,0.0103,0.013193933982822));
#6898=CARTESIAN_POINT('',(0.00765,0.0106000000000001,0.0133));
#6899=CARTESIAN_POINT('',(0.00780707963267957,0.0106000000000001,0.0132646446609407));
#6900=CARTESIAN_POINT('',(0.00795000000000015,0.0104570796326796,0.0132292893218813));
#6901=CARTESIAN_POINT('',(0.00795000000000017,0.0103,0.013193933982822));
#6902=CARTESIAN_POINT('',(0.0078,0.0103,0.013193933982822));
#6903=CARTESIAN_POINT('',(0.0078,0.0103,0.013193933982822));
#6904=CARTESIAN_POINT('',(0.0078,0.0103,0.00135));
#6905=CARTESIAN_POINT('',(0.00765,0.0103,0.00135));
#6906=CARTESIAN_POINT('',(0.0078,0.0109785840131754,0.00135));
#6907=CARTESIAN_POINT('',(0.00780000000000023,0.0182892920065877,0.0240142920065877));
#6908=CARTESIAN_POINT('',(0.0078,0.00835000000000016,0.0132571460032938));
#6909=CARTESIAN_POINT('',(0.00779999999999982,0.00835000000000016,0.00364999999999995));
#6910=CARTESIAN_POINT('',(0.0077999999999998,0.00835000000000015,0.00249999999999995));
#6911=CARTESIAN_POINT('',(0.00779999999999985,0.0138196460032939,0.00249999999999995));
#6912=CARTESIAN_POINT('',(0.00779999999999981,0.00935000000000016,0.00249999999999995));
#6913=CARTESIAN_POINT('',(0.0078,0.00935000000000016,0.0138321460032938));
#6914=CARTESIAN_POINT('',(0.00779999999999983,0.00935000000000016,0.00364999999999995));
#6915=CARTESIAN_POINT('',(0.00779999999999987,0.0133196460032939,0.00364999999999994));
#6916=CARTESIAN_POINT('',(0.00765,0.0103,0.007325));
#6917=CARTESIAN_POINT('',(0.0078,-0.00205,0.01045));
#6918=CARTESIAN_POINT('',(0.007875,0.00113929200658771,0.01045));
#6919=CARTESIAN_POINT('',(0.00795,0.00113929200658771,0.01045));
#6920=CARTESIAN_POINT('',(0.0078,0.00113929200658771,0.01045));
#6921=CARTESIAN_POINT('',(0.0078,0.00734393398282201,0.01045));
#6922=CARTESIAN_POINT('',(0.0078,0.00734393398282201,0.01045));
#6923=CARTESIAN_POINT('',(0.0078,0.00734393398282201,0.01045));
#6924=CARTESIAN_POINT('',(0.00795,0.00734393398282201,0.01045));
#6925=CARTESIAN_POINT('',(0.00795,0.00734393398282201,0.01045));
#6926=CARTESIAN_POINT('',(0.0078,0.00734393398282201,0.01045));
#6927=CARTESIAN_POINT('',(0.0078,0.010193933982822,0.0133));
#6928=CARTESIAN_POINT('',(0.0078,0.010193933982822,0.0133));
#6929=CARTESIAN_POINT('',(0.0078,0.010193933982822,0.0133));
#6930=CARTESIAN_POINT('',(0.00795,0.010193933982822,0.0133));
#6931=CARTESIAN_POINT('',(0.00795,0.010193933982822,0.0133));
#6932=CARTESIAN_POINT('',(0.0078,0.010193933982822,0.0133));
#6933=CARTESIAN_POINT('',(0.00785,0.010193933982822,0.0133));
#6934=CARTESIAN_POINT('',(0.0079,0.010193933982822,0.0133));
#6935=CARTESIAN_POINT('',(0.00795,0.010193933982822,0.0133));
#6936=CARTESIAN_POINT('',(0.0078,0.0102116116523517,0.0133392699081699));
#6937=CARTESIAN_POINT('',(0.00785010517189831,0.0102116116523517,0.0133523840142941));
#6938=CARTESIAN_POINT('',(0.0078998948281017,0.0102116116523517,0.0133654257102154));
#6939=CARTESIAN_POINT('',(0.00795,0.0102116116523517,0.0133785398163397));
#6940=CARTESIAN_POINT('',(0.00776743375284378,0.010246966991411,0.0134174337528438));
#6941=CARTESIAN_POINT('',(0.00780654608595642,0.010246966991411,0.0134565460859564));
#6942=CARTESIAN_POINT('',(0.00784575517257493,0.010246966991411,0.0134957551725749));
#6943=CARTESIAN_POINT('',(0.00788486750568756,0.010246966991411,0.0135348675056876));
#6944=CARTESIAN_POINT('',(0.00768926990816986,0.0102823223304703,0.01345));
#6945=CARTESIAN_POINT('',(0.00770238401429415,0.0102823223304703,0.0135001051718983));
#6946=CARTESIAN_POINT('',(0.00771542571021545,0.0102823223304703,0.0135498948281017));
#6947=CARTESIAN_POINT('',(0.00772853981633973,0.0102823223304703,0.0136));
#6948=CARTESIAN_POINT('',(0.00765,0.0103,0.01345));
#6949=CARTESIAN_POINT('',(0.00765,0.0103,0.0135));
#6950=CARTESIAN_POINT('',(0.00765,0.0103,0.01355));
#6951=CARTESIAN_POINT('',(0.00765,0.0103,0.0136));
#6952=CARTESIAN_POINT('',(0.00765,0.0103,0.01345));
#6953=CARTESIAN_POINT('',(0.00766970905808542,0.0102911278067148,0.01345));
#6954=CARTESIAN_POINT('',(0.0076892292174759,0.0102823408410737,0.0134461154321512));
#6955=CARTESIAN_POINT('',(0.00772563064238583,0.0102646294244973,0.0134310257108386));
#6956=CARTESIAN_POINT('',(0.00774215219085352,0.0102558495079887,0.0134199798435024));
#6957=CARTESIAN_POINT('',(0.00776997984350233,0.0102380844748334,0.0133921521908536));
#6958=CARTESIAN_POINT('',(0.00778102571083852,0.0102293045583247,0.0133756306423859));
#6959=CARTESIAN_POINT('',(0.00779611543215117,0.0102115931417483,0.0133392292174759));
#6960=CARTESIAN_POINT('',(0.0078,0.0102028061761072,0.0133197090580854));
#6961=CARTESIAN_POINT('',(0.0078,0.010193933982822,0.0133));
#6962=CARTESIAN_POINT('',(0.00794999999999996,0.010193933982822,0.0133));
#6963=CARTESIAN_POINT('',(0.00794999999999996,0.0102292893218813,0.0134570796326795));
#6964=CARTESIAN_POINT('',(0.00780707963267947,0.0102646446609407,0.0136));
#6965=CARTESIAN_POINT('',(0.00764999999999999,0.0103,0.0136));
#6966=CARTESIAN_POINT('',(0.0078,-7.49999999999956E-5,0.0212892920065877));
#6967=CARTESIAN_POINT('',(0.0078,-0.00346875,0.0150580420065877));
#6968=CARTESIAN_POINT('',(0.0078,-0.0017107079934123,0.0133));
#6969=CARTESIAN_POINT('',(0.0078,0.00390867869173603,0.0133));
#6970=CARTESIAN_POINT('',(-0.00795,-7.50000000000023E-5,0.0212892920065877));
#6971=CARTESIAN_POINT('',(-0.00795,-0.00187410399670615,0.0134633960032939));
#6972=CARTESIAN_POINT('',(-0.00795,0.00113929200658771,0.01045));
#6973=CARTESIAN_POINT('',(-0.00795,-0.0017107079934123,0.0133));
#6974=CARTESIAN_POINT('',(-0.00795,0.00390867869173603,0.0133));
#6975=CARTESIAN_POINT('',(-0.00795,0.010193933982822,0.0133));
#6976=CARTESIAN_POINT('',(-0.00795,0.010193933982822,0.0133));
#6977=CARTESIAN_POINT('',(-0.00795,0.007343933982822,0.01045));
#6978=CARTESIAN_POINT('',(-0.00795,-0.00205,0.01045));
#6979=CARTESIAN_POINT('',(-0.0078,0.007343933982822,0.01045));
#6980=CARTESIAN_POINT('',(-0.007875,0.0011392920065877,0.01045));
#6981=CARTESIAN_POINT('',(-0.0078,0.00113929200658771,0.01045));
#6982=CARTESIAN_POINT('',(-0.0078,0.007343933982822,0.01045));
#6983=CARTESIAN_POINT('',(-0.0078,0.007343933982822,0.01045));
#6984=CARTESIAN_POINT('',(-0.0078,-0.00205,0.01045));
#6985=CARTESIAN_POINT('',(-0.00765,0.0103,0.01345));
#6986=CARTESIAN_POINT('',(-0.00765,0.0103,0.0135));
#6987=CARTESIAN_POINT('',(-0.00765,0.0103,0.01355));
#6988=CARTESIAN_POINT('',(-0.00765,0.0103,0.0136));
#6989=CARTESIAN_POINT('',(-0.00768926990816987,0.0102823223304703,0.01345));
#6990=CARTESIAN_POINT('',(-0.00770238401429415,0.0102823223304703,0.0135001051718983));
#6991=CARTESIAN_POINT('',(-0.00771542571021546,0.0102823223304703,0.0135498948281017));
#6992=CARTESIAN_POINT('',(-0.00772853981633974,0.0102823223304703,0.0136));
#6993=CARTESIAN_POINT('',(-0.00776743375284378,0.010246966991411,0.0134174337528438));
#6994=CARTESIAN_POINT('',(-0.00780654608595641,0.010246966991411,0.0134565460859564));
#6995=CARTESIAN_POINT('',(-0.00784575517257492,0.010246966991411,0.0134957551725749));
#6996=CARTESIAN_POINT('',(-0.00788486750568755,0.010246966991411,0.0135348675056876));
#6997=CARTESIAN_POINT('',(-0.0078,0.0102116116523517,0.0133392699081699));
#6998=CARTESIAN_POINT('',(-0.00785010517189831,0.0102116116523517,0.0133523840142942));
#6999=CARTESIAN_POINT('',(-0.0078998948281017,0.0102116116523517,0.0133654257102155));
#7000=CARTESIAN_POINT('',(-0.00795,0.0102116116523517,0.0133785398163398));
#7001=CARTESIAN_POINT('',(-0.0078,0.010193933982822,0.0133));
#7002=CARTESIAN_POINT('',(-0.00785,0.010193933982822,0.0133));
#7003=CARTESIAN_POINT('',(-0.0079,0.010193933982822,0.0133));
#7004=CARTESIAN_POINT('',(-0.00795,0.010193933982822,0.0133));
#7005=CARTESIAN_POINT('',(-0.00765,0.0103,0.01345));
#7006=CARTESIAN_POINT('',(-0.00766970905808526,0.0102911278067149,0.01345));
#7007=CARTESIAN_POINT('',(-0.00768922921747583,0.0102823408410737,0.0134461154321512));
#7008=CARTESIAN_POINT('',(-0.00772563064238586,0.0102646294244973,0.0134310257108386));
#7009=CARTESIAN_POINT('',(-0.00774215219085355,0.0102558495079887,0.0134199798435024));
#7010=CARTESIAN_POINT('',(-0.00776997984350236,0.0102380844748334,0.0133921521908536));
#7011=CARTESIAN_POINT('',(-0.00778102571083855,0.0102293045583247,0.0133756306423859));
#7012=CARTESIAN_POINT('',(-0.00779611543215124,0.0102115931417483,0.0133392292174759));
#7013=CARTESIAN_POINT('',(-0.0078,0.0102028061761071,0.0133197090580853));
#7014=CARTESIAN_POINT('',(-0.0078,0.010193933982822,0.0133));
#7015=CARTESIAN_POINT('',(-0.0078,0.010193933982822,0.0133));
#7016=CARTESIAN_POINT('',(-0.0078,0.010193933982822,0.0133));
#7017=CARTESIAN_POINT('',(-0.00765,0.0103,0.0136));
#7018=CARTESIAN_POINT('',(-0.00780707963267949,0.0102646446609407,0.0136));
#7019=CARTESIAN_POINT('',(-0.00795,0.0102292893218813,0.0134570796326795));
#7020=CARTESIAN_POINT('',(-0.00795,0.010193933982822,0.0133));
#7021=CARTESIAN_POINT('',(-0.0078,0.010193933982822,0.0133));
#7022=CARTESIAN_POINT('',(-0.0078,0.010193933982822,0.0133));
#7023=CARTESIAN_POINT('',(-0.0078,-7.50000000000023E-5,0.0212892920065877));
#7024=CARTESIAN_POINT('',(-0.0078,-0.00187410399670615,0.0134633960032939));
#7025=CARTESIAN_POINT('',(-0.0078,-0.0017107079934123,0.0133));
#7026=CARTESIAN_POINT('',(-0.0078,0.00390867869173603,0.0133));
#7027=CARTESIAN_POINT('',(8.88178419700125E-18,-0.01045,0.0133));
#7028=CARTESIAN_POINT('',(6.66133814775094E-18,-0.0106,0.0133));
#7029=CARTESIAN_POINT('',(-0.00765,-0.0106,0.0133));
#7030=CARTESIAN_POINT('',(0.00765,-0.0106,0.0133));
#7031=CARTESIAN_POINT('',(-0.00765,-0.01045,0.0133));
#7032=CARTESIAN_POINT('',(0.00765,-0.01045,0.0133));
#7033=CARTESIAN_POINT('',(-0.00765,-0.01075,0.0133));
#7034=CARTESIAN_POINT('',(-0.00765,-0.010633,0.0133));
#7035=CARTESIAN_POINT('',(-0.00765,-0.01075,0.0133));
#7036=CARTESIAN_POINT('',(-0.00765,-0.01045,0.0133));
#7037=CARTESIAN_POINT('',(0.00765,-0.0106,0.0133));
#7038=CARTESIAN_POINT('',(0.00765,-0.010633,0.0133));
#7039=CARTESIAN_POINT('',(0.00765,-0.01075,0.0133));
#7040=CARTESIAN_POINT('',(0.00765,-0.01045,0.0133));
#7041=CARTESIAN_POINT('',(8.88178419700125E-18,-0.01045,0.0133));
#7042=CARTESIAN_POINT('',(7.7715611723761E-18,-0.01075,0.0133));
#7043=CARTESIAN_POINT('',(0.00765,-0.01045,0.00685));
#7044=CARTESIAN_POINT('',(0.0078,-0.01045,0.00685));
#7045=CARTESIAN_POINT('',(0.0078,-0.01045,0.000399999999999991));
#7046=CARTESIAN_POINT('',(0.0078,-0.01045,0.0133));
#7047=CARTESIAN_POINT('',(0.00765,-0.01045,0.000399999999999991));
#7048=CARTESIAN_POINT('',(0.00765,-0.0106,0.0004));
#7049=CARTESIAN_POINT('',(0.00765,-0.0106,0.0139785840131754));
#7050=CARTESIAN_POINT('',(0.00765,-0.01045,0.0133));
#7051=CARTESIAN_POINT('',(0.0078,-0.01045,0.0133));
#7052=CARTESIAN_POINT('',(0.00765,-0.01045,0.0133));
#7053=CARTESIAN_POINT('',(0.00795,-0.01045,0.0133));
#7054=CARTESIAN_POINT('',(0.00795,-0.01045,0.0133));
#7055=CARTESIAN_POINT('',(0.00794999999999991,-0.0021,0.0133));
#7056=CARTESIAN_POINT('',(0.00779999999999991,-0.0021,0.0133));
#7057=CARTESIAN_POINT('',(0.00779999999999991,-0.0021,0.0133));
#7058=CARTESIAN_POINT('',(0.0078,-0.0111285840131754,0.0133));
#7059=CARTESIAN_POINT('',(0.00765,-0.01045,0.00685));
#7060=CARTESIAN_POINT('',(0.00795,-0.01045,0.00685));
#7061=CARTESIAN_POINT('',(0.00795,-0.01045,0.000399999999999983));
#7062=CARTESIAN_POINT('',(0.00765,-0.01075,0.0133));
#7063=CARTESIAN_POINT('',(0.00765,-0.01075,0.000399999999999991));
#7064=CARTESIAN_POINT('',(0.00765,-0.01045,0.000399999999999987));
#7065=CARTESIAN_POINT('',(-0.00765,-0.01045,0.00685));
#7066=CARTESIAN_POINT('',(-0.0078,-0.01045,0.00685));
#7067=CARTESIAN_POINT('',(-0.0078,-0.01045,0.0133));
#7068=CARTESIAN_POINT('',(-0.0078,-0.01045,0.0004));
#7069=CARTESIAN_POINT('',(-0.00765,-0.01045,0.0133));
#7070=CARTESIAN_POINT('',(-0.00765,-0.0106,0.0139785840131754));
#7071=CARTESIAN_POINT('',(-0.00765,-0.0106,0.0004));
#7072=CARTESIAN_POINT('',(-0.00765,-0.01045,0.0004));
#7073=CARTESIAN_POINT('',(-0.0078,-0.01045,0.0004));
#7074=CARTESIAN_POINT('',(-0.00765,-0.01045,0.000399999999999991));
#7075=CARTESIAN_POINT('',(-0.00795,-0.01045,0.000399999999999991));
#7076=CARTESIAN_POINT('',(-0.00765,-0.01075,0.000399999999999991));
#7077=CARTESIAN_POINT('',(-0.00795,-0.01045,0.000399999999999991));
#7078=CARTESIAN_POINT('',(-0.0079499999999999,-0.00187499999999992,0.000400000000000016));
#7079=CARTESIAN_POINT('',(-0.00795,-0.00187499999999992,0.000400000000000014));
#7080=CARTESIAN_POINT('',(-0.0078,-0.00187499999999992,0.000400000000000023));
#7081=CARTESIAN_POINT('',(-0.0078,-0.0111285840131754,0.0004));
#7082=CARTESIAN_POINT('',(0.00765,-0.0106,0.0004));
#7083=CARTESIAN_POINT('',(-0.00701,-0.0106,0.0004));
#7084=CARTESIAN_POINT('',(-0.00701,-0.0106,0.0004));
#7085=CARTESIAN_POINT('',(-0.00701,-0.01075,0.000399999999999991));
#7086=CARTESIAN_POINT('',(0.00765,-0.01075,0.000399999999999991));
#7087=CARTESIAN_POINT('',(-0.0078,-0.0107892920065877,0.0133));
#7088=CARTESIAN_POINT('',(-0.00795,-0.0111285840131754,0.0133));
#7089=CARTESIAN_POINT('',(-0.00795,-0.01045,0.0133));
#7090=CARTESIAN_POINT('',(-0.00794999999999988,-0.0021,0.0133));
#7091=CARTESIAN_POINT('',(-0.00765,-0.01045,0.0133));
#7092=CARTESIAN_POINT('',(-0.0078,-0.0111285840131754,0.0133));
#7093=CARTESIAN_POINT('',(-0.00779999999999988,-0.0021,0.0133));
#7094=CARTESIAN_POINT('',(-0.00779999999999988,-0.0021,0.0133));
#7095=CARTESIAN_POINT('',(-0.00765,-0.01045,0.00685));
#7096=CARTESIAN_POINT('',(-0.00795,-0.01045,0.00685));
#7097=CARTESIAN_POINT('',(-0.00765,-0.01075,0.0139785840131754));
#7098=CARTESIAN_POINT('',(-0.00765,-0.0106,0.0004));
#7099=CARTESIAN_POINT('',(0.00701,-0.0106,0.0004));
#7100=CARTESIAN_POINT('',(0.00701,-0.01075,0.000399999999999991));
#7101=CARTESIAN_POINT('',(0.00701,-0.0106,0.0004));
#7102=CARTESIAN_POINT('',(0.00765,-0.0106,0.0004));
#7103=CARTESIAN_POINT('',(0.0078,-0.0111285840131754,0.000399999999999987));
#7104=CARTESIAN_POINT('',(0.00779999999999973,-0.00187499999999995,0.000400000000000023));
#7105=CARTESIAN_POINT('',(0.00794999999999973,-0.00187499999999995,0.000400000000000014));
#7106=CARTESIAN_POINT('',(0.00794999999999973,-0.00187499999999995,0.000400000000000014));
#7107=CARTESIAN_POINT('',(0.00795,-0.0111285840131754,0.000399999999999978));
#7108=CARTESIAN_POINT('',(0.00765,-0.01075,0.000399999999999991));
#7109=CARTESIAN_POINT('',(0.00701,-0.0106,0.00041));
#7110=CARTESIAN_POINT('',(0.003505,-0.0106,0.00041));
#7111=CARTESIAN_POINT('',(0.00701,-0.0106,0.00041));
#7112=CARTESIAN_POINT('',(0.007,-0.0106,0.00041));
#7113=CARTESIAN_POINT('',(0.00701,-0.0106,0.00041));
#7114=CARTESIAN_POINT('',(0.00701,-0.01075,0.000409999999999995));
#7115=CARTESIAN_POINT('',(0.003505,-0.01075,0.000409999999999995));
#7116=CARTESIAN_POINT('',(0.007,-0.01075,0.000409999999999995));
#7117=CARTESIAN_POINT('',(0.007,-0.0106,0.00041));
#7118=CARTESIAN_POINT('',(0.00701,-0.0106,0.0004));
#7119=CARTESIAN_POINT('',(0.00701,-0.0106,0.00370982300164692));
#7120=CARTESIAN_POINT('',(0.00701,-0.01075,0.00370982300164692));
#7121=CARTESIAN_POINT('',(-0.007,-0.0106,0.00041));
#7122=CARTESIAN_POINT('',(-0.0035,-0.0106,0.00041));
#7123=CARTESIAN_POINT('',(-0.007,-0.0106,0.00041));
#7124=CARTESIAN_POINT('',(-0.00701,-0.0106,0.00041));
#7125=CARTESIAN_POINT('',(-0.007,-0.0106,0.00041));
#7126=CARTESIAN_POINT('',(-0.007,-0.01075,0.000409999999999995));
#7127=CARTESIAN_POINT('',(-0.0035,-0.01075,0.000409999999999995));
#7128=CARTESIAN_POINT('',(-0.00701,-0.01075,0.000409999999999995));
#7129=CARTESIAN_POINT('',(-0.00701,-0.0106,0.00041));
#7130=CARTESIAN_POINT('',(-0.00701,-0.0106,0.00041));
#7131=CARTESIAN_POINT('',(-0.00701,-0.0106,0.00371482300164692));
#7132=CARTESIAN_POINT('',(-0.00701,-0.01075,0.00371482300164692));
#7133=CARTESIAN_POINT('',(-1.11022302462516E-18,-0.0344035840131754,0.000100000000000229));
#7134=CARTESIAN_POINT('',(4.44089209850063E-18,-0.01045,0.000100000000000007));
#7135=CARTESIAN_POINT('',(0.007,-0.01045,9.99999999999979E-5));
#7136=CARTESIAN_POINT('',(0.00216070799341231,-0.01045,0.000100000000000202));
#7137=CARTESIAN_POINT('',(4.44089209850063E-18,-0.01045,0.000100000000000007));
#7138=CARTESIAN_POINT('',(-0.00216070799341231,-0.01045,0.000100000000000202));
#7139=CARTESIAN_POINT('',(4.44089209850063E-18,-0.01045,0.000100000000000007));
#7140=CARTESIAN_POINT('',(-0.007,-0.01045,9.99999999999979E-5));
#7141=CARTESIAN_POINT('',(-0.007,-0.0111285840131754,0.000100000000000007));
#7142=CARTESIAN_POINT('',(-0.007,-0.00675,9.9999999999949E-5));
#7143=CARTESIAN_POINT('',(0.007,-0.00675,9.9999999999949E-5));
#7144=CARTESIAN_POINT('',(0.007,-0.00675,9.9999999999949E-5));
#7145=CARTESIAN_POINT('',(0.007,-0.01045,9.99999999999979E-5));
#7146=CARTESIAN_POINT('',(4.44089209850063E-18,-0.01045,0.0004));
#7147=CARTESIAN_POINT('',(0.00216070799341231,-0.01045,0.000249999999999921));
#7148=CARTESIAN_POINT('',(0.00225461830652336,-0.0104502802516997,0.000249999999999921));
#7149=CARTESIAN_POINT('',(0.00242401249724878,-0.0105080132280853,0.000237154344506829));
#7150=CARTESIAN_POINT('',(0.0025,-0.0106000000000001,0.000338029021678712));
#7151=CARTESIAN_POINT('',(0.0025,-0.0106000000000001,0.000399999999999999));
#7152=CARTESIAN_POINT('',(0.00216070799341231,-0.01045,0.000250000000000199));
#7153=CARTESIAN_POINT('',(0.0025,-0.0105999999999998,0.0004));
#7154=CARTESIAN_POINT('',(0.00765,-0.0106,0.0004));
#7155=CARTESIAN_POINT('',(0.007,-0.0106,0.0004));
#7156=CARTESIAN_POINT('',(0.007,-0.01045,0.0004));
#7157=CARTESIAN_POINT('',(0.007,-0.01045,0.00025));
#7158=CARTESIAN_POINT('',(4.44089209850063E-18,-0.01045,0.000250000000000004));
#7159=CARTESIAN_POINT('',(-0.007,-0.00675,0.000249999999999946));
#7160=CARTESIAN_POINT('',(0.007,-0.00675,0.000249999999999946));
#7161=CARTESIAN_POINT('',(0.007,-0.00675,0.000249999999999946));
#7162=CARTESIAN_POINT('',(-0.007,-0.00675,0.000249999999999946));
#7163=CARTESIAN_POINT('',(0.007,-0.00675,0.000249999999999946));
#7164=CARTESIAN_POINT('',(-0.007,-0.00675,0.000249999999999946));
#7165=CARTESIAN_POINT('',(0.007,-0.01045,0.000250000000000004));
#7166=CARTESIAN_POINT('',(0.007,-0.01045,0.0004));
#7167=CARTESIAN_POINT('',(0.007,-0.01075,0.000399999999999991));
#7168=CARTESIAN_POINT('',(0.007,-0.0111285840131754,0.000250000000000008));
#7169=CARTESIAN_POINT('',(0.007,-0.0106,0.00371482300164692));
#7170=CARTESIAN_POINT('',(0.007,-0.01075,0.00371482300164692));
#7171=CARTESIAN_POINT('',(-1.11022302462516E-18,-0.0344035840131754,0.000250000000000226));
#7172=CARTESIAN_POINT('',(4.44089209850063E-18,-0.01045,0.000250000000000004));
#7173=CARTESIAN_POINT('',(-0.007,-0.01045,0.00025));
#7174=CARTESIAN_POINT('',(-0.00216070799341231,-0.01045,0.000250000000000199));
#7175=CARTESIAN_POINT('',(4.44089209850063E-18,-0.01045,0.000250000000000004));
#7176=CARTESIAN_POINT('',(-0.007,-0.0111285840131754,0.000250000000000008));
#7177=CARTESIAN_POINT('',(-0.007,-0.0107892920065877,0.00025));
#7178=CARTESIAN_POINT('',(-0.007,-0.01045,0.0004));
#7179=CARTESIAN_POINT('',(-0.007,-0.01075,0.000399999999999991));
#7180=CARTESIAN_POINT('',(-0.007,-0.01075,0.00370982300164692));
#7181=CARTESIAN_POINT('',(-0.007,-0.0106,0.00370982300164692));
#7182=CARTESIAN_POINT('',(-0.007,-0.0106,0.0004));
#7183=CARTESIAN_POINT('',(-0.007,-0.01045,0.0004));
#7184=CARTESIAN_POINT('',(4.44089209850063E-18,-0.01045,0.0004));
#7185=CARTESIAN_POINT('',(-0.0025,-0.0106000000000001,0.000399999999999999));
#7186=CARTESIAN_POINT('',(-0.0025,-0.0106000000000001,0.00033552240471284));
#7187=CARTESIAN_POINT('',(-0.00242364026997856,-0.0105082575050637,0.000238468966777657));
#7188=CARTESIAN_POINT('',(-0.00225521543965865,-0.0104500391345889,0.000249999999999921));
#7189=CARTESIAN_POINT('',(-0.00216070799341231,-0.01045,0.000249999999999921));
#7190=CARTESIAN_POINT('',(-0.0025,-0.0105999999999998,0.0004));
#7191=CARTESIAN_POINT('',(0.00765,-0.0106,0.0004));
#7192=CARTESIAN_POINT('',(-1.11022302462516E-18,-0.0106000000000002,0.0240142920065877));
#7193=CARTESIAN_POINT('',(0.003205,-0.0106,0.00791));
#7194=CARTESIAN_POINT('',(0.00641,-0.0106,0.00791));
#7195=CARTESIAN_POINT('',(0.0064,-0.0106,0.00791));
#7196=CARTESIAN_POINT('',(0.0064,-0.0106,0.0176571460032938));
#7197=CARTESIAN_POINT('',(0.0064,-0.0106,0.0113));
#7198=CARTESIAN_POINT('',(-0.0032,-0.0106,0.0113));
#7199=CARTESIAN_POINT('',(-0.0064,-0.0106,0.0113));
#7200=CARTESIAN_POINT('',(-0.0064,-0.0106,0.0136571460032939));
#7201=CARTESIAN_POINT('',(-0.0064,-0.0106,0.00791));
#7202=CARTESIAN_POINT('',(-0.0032,-0.0106,0.00791));
#7203=CARTESIAN_POINT('',(-0.00641,-0.0106,0.00791));
#7204=CARTESIAN_POINT('',(-0.00641,-0.0106,0.0159621460032939));
#7205=CARTESIAN_POINT('',(-0.00641,-0.0106,0.0079));
#7206=CARTESIAN_POINT('',(-0.003205,-0.0106,0.0079));
#7207=CARTESIAN_POINT('',(-0.0064,-0.0106,0.0079));
#7208=CARTESIAN_POINT('',(-0.0064,-0.0106,0.0136571460032939));
#7209=CARTESIAN_POINT('',(-0.0064,-0.0106,0.0058));
#7210=CARTESIAN_POINT('',(-0.0032,-0.0106,0.0058));
#7211=CARTESIAN_POINT('',(-0.00641,-0.0106,0.0058));
#7212=CARTESIAN_POINT('',(-0.00641,-0.0106,0.0149071460032938));
#7213=CARTESIAN_POINT('',(-0.00641,-0.0106,0.00579));
#7214=CARTESIAN_POINT('',(-0.003205,-0.0106,0.00579));
#7215=CARTESIAN_POINT('',(-0.0064,-0.0106,0.00579));
#7216=CARTESIAN_POINT('',(-0.0064,-0.0106,0.0136571460032939));
#7217=CARTESIAN_POINT('',(-0.0064,-0.0105999999999998,0.0033));
#7218=CARTESIAN_POINT('',(-0.0035325,-0.0105999999999998,0.0033));
#7219=CARTESIAN_POINT('',(-0.007065,-0.0105999999999998,0.0033));
#7220=CARTESIAN_POINT('',(-0.007065,-0.0106,0.0125571460032939));
#7221=CARTESIAN_POINT('',(-0.007065,-0.0105999999999998,0.0011));
#7222=CARTESIAN_POINT('',(-0.00125,-0.0105999999999998,0.0011));
#7223=CARTESIAN_POINT('',(-0.0025,-0.0105999999999998,0.0011));
#7224=CARTESIAN_POINT('',(-0.0025,-0.0106,0.0122071460032938));
#7225=CARTESIAN_POINT('',(0.0025,-0.0106,0.0125571460032939));
#7226=CARTESIAN_POINT('',(0.0025,-0.0105999999999998,0.0011));
#7227=CARTESIAN_POINT('',(0.0035325,-0.0105999999999998,0.0011));
#7228=CARTESIAN_POINT('',(0.007065,-0.0105999999999998,0.0011));
#7229=CARTESIAN_POINT('',(0.007065,-0.0106,0.0136571460032939));
#7230=CARTESIAN_POINT('',(0.007065,-0.0105999999999998,0.0033));
#7231=CARTESIAN_POINT('',(0.0032,-0.0105999999999998,0.0033));
#7232=CARTESIAN_POINT('',(0.0064,-0.0105999999999998,0.0033));
#7233=CARTESIAN_POINT('',(0.0064,-0.0106,0.0176571460032938));
#7234=CARTESIAN_POINT('',(0.0064,-0.0106,0.00579));
#7235=CARTESIAN_POINT('',(0.0032,-0.0106,0.00579));
#7236=CARTESIAN_POINT('',(0.00641,-0.0106,0.00579));
#7237=CARTESIAN_POINT('',(0.00641,-0.0106,0.0149021460032939));
#7238=CARTESIAN_POINT('',(0.00641,-0.0106,0.0058));
#7239=CARTESIAN_POINT('',(0.003205,-0.0106,0.0058));
#7240=CARTESIAN_POINT('',(0.0064,-0.0106,0.0058));
#7241=CARTESIAN_POINT('',(0.0064,-0.0106,0.0176571460032938));
#7242=CARTESIAN_POINT('',(0.0064,-0.0106,0.0079));
#7243=CARTESIAN_POINT('',(0.0032,-0.0106,0.0079));
#7244=CARTESIAN_POINT('',(0.00641,-0.0106,0.0079));
#7245=CARTESIAN_POINT('',(0.00641,-0.0106,0.0159571460032939));
#7246=CARTESIAN_POINT('',(4.44089209850063E-18,-0.01045,0.0004));
#7247=CARTESIAN_POINT('',(0.0025,-0.0107500000000001,0.000399999999999998));
#7248=CARTESIAN_POINT('',(0.0025,-0.0107500000000001,0.000278627623997093));
#7249=CARTESIAN_POINT('',(0.00242431432243369,-0.0105664263344918,7.322253939413E-5));
#7250=CARTESIAN_POINT('',(0.00225401465615352,-0.0104505620905641,9.9999999999922E-5));
#7251=CARTESIAN_POINT('',(0.00216070799341231,-0.01045,9.9999999999922E-5));
#7252=CARTESIAN_POINT('',(0.0025,-0.0107499999999998,0.000399999999999991));
#7253=CARTESIAN_POINT('',(0.00765,-0.01075,0.000399999999999991));
#7254=CARTESIAN_POINT('',(4.44089209850063E-18,-0.01045,0.0004));
#7255=CARTESIAN_POINT('',(-0.00216070799341231,-0.01045,9.9999999999922E-5));
#7256=CARTESIAN_POINT('',(-0.00225022763095522,-0.0104500698985451,9.9999999999922E-5));
#7257=CARTESIAN_POINT('',(-0.00242613417433027,-0.0105661515910253,7.71942815709784E-5));
#7258=CARTESIAN_POINT('',(-0.0025,-0.0107500000000001,0.000270167852536938));
#7259=CARTESIAN_POINT('',(-0.0025,-0.0107500000000001,0.000399999999999998));
#7260=CARTESIAN_POINT('',(-0.0025,-0.0107499999999998,0.000399999999999991));
#7261=CARTESIAN_POINT('',(0.00765,-0.01075,0.000399999999999991));
#7262=CARTESIAN_POINT('',(-0.007065,-0.0107499999999998,0.0011));
#7263=CARTESIAN_POINT('',(-0.007065,-0.0107499999999998,0.0033));
#7264=CARTESIAN_POINT('',(-0.007065,-0.0107499999999998,0.0033));
#7265=CARTESIAN_POINT('',(-0.007065,-0.01075,0.0125571460032939));
#7266=CARTESIAN_POINT('',(-0.007065,-0.0107499999999998,0.0011));
#7267=CARTESIAN_POINT('',(-0.007065,-0.0107499999999998,0.0011));
#7268=CARTESIAN_POINT('',(-0.007065,-0.0107499999999998,0.0033));
#7269=CARTESIAN_POINT('',(-0.0064,-0.0107499999999998,0.0033));
#7270=CARTESIAN_POINT('',(-0.0064,-0.0107499999999998,0.0033));
#7271=CARTESIAN_POINT('',(-0.0035325,-0.0107499999999998,0.0033));
#7272=CARTESIAN_POINT('',(-0.0064,-0.01075,0.0113));
#7273=CARTESIAN_POINT('',(0.0064,-0.01075,0.0113));
#7274=CARTESIAN_POINT('',(0.0064,-0.01075,0.0113));
#7275=CARTESIAN_POINT('',(-0.0032,-0.01075,0.0113));
#7276=CARTESIAN_POINT('',(-0.0064,-0.01075,0.0113));
#7277=CARTESIAN_POINT('',(-0.0064,-0.01075,0.0113));
#7278=CARTESIAN_POINT('',(0.0064,-0.0107499999999998,0.0033));
#7279=CARTESIAN_POINT('',(0.007065,-0.0107499999999998,0.0033));
#7280=CARTESIAN_POINT('',(0.007065,-0.0107499999999998,0.0033));
#7281=CARTESIAN_POINT('',(0.0032,-0.0107499999999998,0.0033));
#7282=CARTESIAN_POINT('',(0.0064,-0.0107499999999998,0.0033));
#7283=CARTESIAN_POINT('',(0.0064,-0.0107499999999998,0.0033));
#7284=CARTESIAN_POINT('',(0.007065,-0.0107499999999998,0.0033));
#7285=CARTESIAN_POINT('',(0.007065,-0.0107499999999998,0.0011));
#7286=CARTESIAN_POINT('',(0.007065,-0.0107499999999998,0.0011));
#7287=CARTESIAN_POINT('',(0.007065,-0.01075,0.0136571460032939));
#7288=CARTESIAN_POINT('',(0.007065,-0.0107499999999998,0.0011));
#7289=CARTESIAN_POINT('',(0.0025,-0.0107499999999998,0.0011));
#7290=CARTESIAN_POINT('',(0.0025,-0.0107499999999998,0.0011));
#7291=CARTESIAN_POINT('',(0.0035325,-0.0107499999999998,0.0011));
#7292=CARTESIAN_POINT('',(0.0025,-0.0107499999999998,0.0011));
#7293=CARTESIAN_POINT('',(0.0025,-0.0107499999999998,0.000399999999999991));
#7294=CARTESIAN_POINT('',(0.0025,-0.01075,0.0125571460032938));
#7295=CARTESIAN_POINT('',(0.00249999918518783,-0.0107499979992712,0.000401013616805352));
#7296=CARTESIAN_POINT('',(0.00250016980776914,-0.0107504171206828,0.000294869632095646));
#7297=CARTESIAN_POINT('',(0.00245583956038474,-0.0106413926120654,0.000133883422004218));
#7298=CARTESIAN_POINT('',(0.00231261099224109,-0.0104804334956731,9.88690705414922E-5));
#7299=CARTESIAN_POINT('',(0.00221098028875622,-0.0104498534804624,0.000100005310364164));
#7300=CARTESIAN_POINT('',(0.00215997839213275,-0.0104500010555626,9.99999620642484E-5));
#7301=CARTESIAN_POINT('',(0.00249999918518783,-0.0106997551357567,0.000400843858970531));
#7302=CARTESIAN_POINT('',(0.00250016980776914,-0.0107001040638339,0.000312476585270938));
#7303=CARTESIAN_POINT('',(0.00245583956038474,-0.0106093386886757,0.000178451915593086));
#7304=CARTESIAN_POINT('',(0.00231261099224109,-0.0104753365751167,0.00014930167417731));
#7305=CARTESIAN_POINT('',(0.00221098028875622,-0.0104498780191632,0.000150247619589789));
#7306=CARTESIAN_POINT('',(0.00215997839213275,-0.0104500008787798,0.000150243167008856));
#7307=CARTESIAN_POINT('',(0.00249999918518783,-0.0106495122722422,0.00040067410113571));
#7308=CARTESIAN_POINT('',(0.00250016980776914,-0.010649791006985,0.00033008353844623));
#7309=CARTESIAN_POINT('',(0.00245583956038474,-0.0105772847652861,0.000223020409181954));
#7310=CARTESIAN_POINT('',(0.00231261099224109,-0.0104702396545602,0.000199734277813126));
#7311=CARTESIAN_POINT('',(0.00221098028875622,-0.0104499025578639,0.000200489928815414));
#7312=CARTESIAN_POINT('',(0.00215997839213275,-0.010450000701997,0.000200486371953463));
#7313=CARTESIAN_POINT('',(0.00249999918518783,-0.0105992694087276,0.000400504343300887));
#7314=CARTESIAN_POINT('',(0.00250016980776914,-0.0105994779501361,0.000347690491621521));
#7315=CARTESIAN_POINT('',(0.00245583956038474,-0.0105452308418964,0.000267588902770822));
#7316=CARTESIAN_POINT('',(0.00231261099224109,-0.0104651427340038,0.000250166881448943));
#7317=CARTESIAN_POINT('',(0.00221098028875622,-0.0104499270965647,0.000250732238041038));
#7318=CARTESIAN_POINT('',(0.00215997839213275,-0.0104500005252142,0.00025072957689807));
#7319=CARTESIAN_POINT('',(0.00216070799341231,-0.01045,0.000100000000000202));
#7320=CARTESIAN_POINT('',(0.00216070799341231,-0.01045,0.000100000000000202));
#7321=CARTESIAN_POINT('',(-0.00216070799341231,-0.01045,0.000100000000000202));
#7322=CARTESIAN_POINT('',(-0.00216018104678448,-0.0104500006177974,9.947296442232E-5));
#7323=CARTESIAN_POINT('',(-0.00223649473726624,-0.010449821649908,9.94999134478523E-5));
#7324=CARTESIAN_POINT('',(-0.00236320220233663,-0.0105142895563577,8.97294873949704E-5));
#7325=CARTESIAN_POINT('',(-0.00247692916270287,-0.010695656081108,0.000189538774519672));
#7326=CARTESIAN_POINT('',(-0.00250008010004542,-0.0107507172974409,0.000329863504589451));
#7327=CARTESIAN_POINT('',(-0.00249999958352531,-0.0107505259532767,0.000400733173010532));
#7328=CARTESIAN_POINT('',(-0.00216018104678448,-0.0104500005146507,0.000149648627504047));
#7329=CARTESIAN_POINT('',(-0.00223649473726624,-0.0104498514270431,0.000149671077149938));
#7330=CARTESIAN_POINT('',(-0.00236320220233663,-0.0105035558427892,0.000141531910676922));
#7331=CARTESIAN_POINT('',(-0.00247692916270287,-0.0106546416121902,0.00022467714907945));
#7332=CARTESIAN_POINT('',(-0.00250008010004542,-0.0107005098684479,0.000341573416666707));
#7333=CARTESIAN_POINT('',(-0.00249999958352531,-0.0107003504708947,0.000400610763251669));
#7334=CARTESIAN_POINT('',(-0.00216018104678448,-0.0104500004115039,0.000199824290585775));
#7335=CARTESIAN_POINT('',(-0.00223649473726624,-0.0104498812041781,0.000199842240852025));
#7336=CARTESIAN_POINT('',(-0.00236320220233663,-0.0104928221292207,0.00019333433395887));
#7337=CARTESIAN_POINT('',(-0.00247692916270287,-0.0106136271432724,0.00025981552363923));
#7338=CARTESIAN_POINT('',(-0.00250008010004542,-0.0106503024394549,0.000353283328743963));
#7339=CARTESIAN_POINT('',(-0.00249999958352531,-0.0106501749885128,0.000400488353492807));
#7340=CARTESIAN_POINT('',(-0.00216018104678448,-0.0104500003083571,0.000249999953667501));
#7341=CARTESIAN_POINT('',(-0.00223649473726624,-0.0104499109813132,0.00025001340455411));
#7342=CARTESIAN_POINT('',(-0.00236320220233663,-0.0104820884156522,0.000245136757240821));
#7343=CARTESIAN_POINT('',(-0.00247692916270287,-0.0105726126743547,0.000294953898199008));
#7344=CARTESIAN_POINT('',(-0.00250008010004542,-0.0106000950104619,0.000364993240821219));
#7345=CARTESIAN_POINT('',(-0.00249999958352531,-0.0105999995061308,0.000400365943733944));
#7346=CARTESIAN_POINT('',(-0.0025,-0.0107499999999998,0.000399999999999991));
#7347=CARTESIAN_POINT('',(-0.0025,-0.0107499999999998,0.000399999999999991));
#7348=CARTESIAN_POINT('',(-0.0025,-0.0107499999999998,0.0011));
#7349=CARTESIAN_POINT('',(-0.0025,-0.0107499999999998,0.0011));
#7350=CARTESIAN_POINT('',(-0.0025,-0.01075,0.0122071460032938));
#7351=CARTESIAN_POINT('',(-0.0025,-0.0107499999999998,0.0011));
#7352=CARTESIAN_POINT('',(-0.00125,-0.0107499999999998,0.0011));
#7353=CARTESIAN_POINT('',(-8.88178419700125E-18,0.0103,0.0133));
#7354=CARTESIAN_POINT('',(-0.00085,0.0103,0.0133));
#7355=CARTESIAN_POINT('',(0.00085,0.0103,0.0133));
#7356=CARTESIAN_POINT('',(-8.88178419700125E-18,0.0103,0.0133));
#7357=CARTESIAN_POINT('',(-0.00615000000000027,0.0103,0.0133));
#7358=CARTESIAN_POINT('',(-8.88178419700125E-18,0.0103,0.0133));
#7359=CARTESIAN_POINT('',(0.00615000000000027,0.0103,0.0133));
#7360=CARTESIAN_POINT('',(-8.88178419700125E-18,0.0103,0.0133));
#7361=CARTESIAN_POINT('',(-0.00085,0.0103,0.0133));
#7362=CARTESIAN_POINT('',(0.00085,0.0103,0.0133));
#7363=CARTESIAN_POINT('',(-8.88178419700125E-18,0.0103,0.0133));
#7364=CARTESIAN_POINT('',(-0.00615000000000027,0.0103,0.0133));
#7365=CARTESIAN_POINT('',(-8.88178419700125E-18,0.0103,0.0133));
#7366=CARTESIAN_POINT('',(0.00615000000000027,0.0103,0.0133));
#7367=CARTESIAN_POINT('',(0.00085,0.0106,0.0133));
#7368=CARTESIAN_POINT('',(0.00615000000000027,0.0106,0.0133));
#7369=CARTESIAN_POINT('',(0.00085,0.0106,0.0133));
#7370=CARTESIAN_POINT('',(0.00615000000000027,0.0103,0.01345));
#7371=CARTESIAN_POINT('',(0.00615000000000027,0.0103,0.0136));
#7372=CARTESIAN_POINT('',(0.00615000000000027,0.0103,0.0136));
#7373=CARTESIAN_POINT('',(0.00085,0.0103,0.0136));
#7374=CARTESIAN_POINT('',(0.00085,0.01045,0.0133));
#7375=CARTESIAN_POINT('',(-0.00615000000000027,0.0106,0.0133));
#7376=CARTESIAN_POINT('',(-0.00085,0.0106,0.0133));
#7377=CARTESIAN_POINT('',(-0.00615000000000027,0.0106,0.0133));
#7378=CARTESIAN_POINT('',(-0.00085,0.0103,0.01345));
#7379=CARTESIAN_POINT('',(-0.00085,0.0103,0.0136));
#7380=CARTESIAN_POINT('',(-0.00085,0.0103,0.0136));
#7381=CARTESIAN_POINT('',(-0.00615000000000027,0.0103,0.0136));
#7382=CARTESIAN_POINT('',(-0.00615000000000027,0.01045,0.0133));
#7383=CARTESIAN_POINT('',(-0.00765,0.004125,0.0133));
#7384=CARTESIAN_POINT('',(-0.00765,-0.00205,0.01345));
#7385=CARTESIAN_POINT('',(-0.00766970101218049,-0.0020216305424601,0.01345));
#7386=CARTESIAN_POINT('',(-0.00768922230493157,-0.0019935213611572,0.0134461183043335));
#7387=CARTESIAN_POINT('',(-0.00772565003490313,-0.00193682381518872,0.0134310176652546));
#7388=CARTESIAN_POINT('',(-0.00774216661473358,-0.00190873865250514,0.0134199654196224));
#7389=CARTESIAN_POINT('',(-0.00776996541962233,-0.0018519693409072,0.0133921666147336));
#7390=CARTESIAN_POINT('',(-0.00778101766525461,-0.00182388417822358,0.0133756500349032));
#7391=CARTESIAN_POINT('',(-0.0077961183043335,-0.0017671866322551,0.0133392223049316));
#7392=CARTESIAN_POINT('',(-0.0078,-0.00173907745095221,0.0133197010121805));
#7393=CARTESIAN_POINT('',(-0.0078,-0.0017107079934123,0.0133));
#7394=CARTESIAN_POINT('',(-0.00765,0.004125,0.0133));
#7395=CARTESIAN_POINT('',(-0.00795,-0.0017107079934123,0.0133));
#7396=CARTESIAN_POINT('',(-0.00795,-0.00182380532894153,0.0134570796326795));
#7397=CARTESIAN_POINT('',(-0.00780707963267949,-0.00193690266447077,0.0136));
#7398=CARTESIAN_POINT('',(-0.00764999999999999,-0.00205,0.0136));
#7399=CARTESIAN_POINT('',(0.00795,-7.49999999999956E-5,0.0212892920065877));
#7400=CARTESIAN_POINT('',(0.00795,-0.00346875,0.0150580420065877));
#7401=CARTESIAN_POINT('',(0.00795,-0.0017107079934123,0.0133));
#7402=CARTESIAN_POINT('',(0.00795,0.00390867869173603,0.0133));
#7403=CARTESIAN_POINT('',(0.00765,0.004125,0.0133));
#7404=CARTESIAN_POINT('',(0.0078,-0.0017107079934123,0.0133));
#7405=CARTESIAN_POINT('',(0.0078,-0.00173907745095241,0.0133197010121806));
#7406=CARTESIAN_POINT('',(0.00779611830433345,-0.0017671866322552,0.0133392223049316));
#7407=CARTESIAN_POINT('',(0.00778101766525458,-0.00182388417822357,0.0133756500349031));
#7408=CARTESIAN_POINT('',(0.00776996541962233,-0.00185196934090716,0.0133921666147336));
#7409=CARTESIAN_POINT('',(0.00774216661473357,-0.00190873865250513,0.0134199654196223));
#7410=CARTESIAN_POINT('',(0.00772565003490311,-0.00193682381518872,0.0134310176652546));
#7411=CARTESIAN_POINT('',(0.00768922230493163,-0.00199352136115709,0.0134461183043334));
#7412=CARTESIAN_POINT('',(0.00766970101218064,-0.00202163054245987,0.01345));
#7413=CARTESIAN_POINT('',(0.00765,-0.00205,0.01345));
#7414=CARTESIAN_POINT('',(0.00765,0.004125,0.0133));
#7415=CARTESIAN_POINT('',(0.00765,-0.00205,0.0136));
#7416=CARTESIAN_POINT('',(0.00780707963267947,-0.00193690266447077,0.0136));
#7417=CARTESIAN_POINT('',(0.00794999999999997,-0.00182380532894153,0.0134570796326795));
#7418=CARTESIAN_POINT('',(0.00794999999999997,-0.0017107079934123,0.0133));
#7419=CARTESIAN_POINT('',(-0.00795,0.00113929200658771,0.01045));
#7420=CARTESIAN_POINT('',(-0.00115,-0.00171070799341234,0.0133));
#7421=CARTESIAN_POINT('',(0.00795,-0.00205,0.0136392920065877));
#7422=CARTESIAN_POINT('',(0.00115,-0.0017107079934123,0.0133));
#7423=CARTESIAN_POINT('',(0.00795,-0.0021,0.0133));
#7424=CARTESIAN_POINT('',(0.0078,-0.0041785730016469,0.0153785730016469));
#7425=CARTESIAN_POINT('',(0.00779999999999986,0.000900000000000014,0.0103));
#7426=CARTESIAN_POINT('',(0.00795,-0.0021,0.0133));
#7427=CARTESIAN_POINT('',(0.00794999999999986,0.000900000000000016,0.0103));
#7428=CARTESIAN_POINT('',(0.00794999999999986,0.000900000000000016,0.0103));
#7429=CARTESIAN_POINT('',(0.00794999999999969,0.00505,0.00175000000000003));
#7430=CARTESIAN_POINT('',(0.00779999999999972,0.00505,0.0035125));
#7431=CARTESIAN_POINT('',(0.00779999999999967,0.00505,0.000400000000000036));
#7432=CARTESIAN_POINT('',(0.0077999999999997,0.00505,0.00175000000000003));
#7433=CARTESIAN_POINT('',(0.00794999999999969,0.00505,0.00175000000000003));
#7434=CARTESIAN_POINT('',(0.00794999999999969,0.00505,0.00175000000000003));
#7435=CARTESIAN_POINT('',(0.00794999999999969,0.00505,0.00175000000000003));
#7436=CARTESIAN_POINT('',(0.00794999999999967,0.00505,0.000400000000000036));
#7437=CARTESIAN_POINT('',(0.00794999999999967,0.00505,0.000400000000000036));
#7438=CARTESIAN_POINT('',(0.00794999999999967,0.00505,0.000400000000000036));
#7439=CARTESIAN_POINT('',(0.00779999999999978,-0.0066946460032938,0.000400000000000005));
#7440=CARTESIAN_POINT('',(0.00779999999999968,0.00387500000000005,0.00040000000000004));
#7441=CARTESIAN_POINT('',(0.00794999999999967,0.00505,0.000400000000000036));
#7442=CARTESIAN_POINT('',(0.00794999999999968,0.00387500000000005,0.000400000000000031));
#7443=CARTESIAN_POINT('',(0.00794999999999968,0.00387500000000005,0.000400000000000031));
#7444=CARTESIAN_POINT('',(0.00794999999999968,0.00387500000000005,0.000400000000000031));
#7445=CARTESIAN_POINT('',(0.00779999999999972,0.003875,0.00283750000000004));
#7446=CARTESIAN_POINT('',(0.00779999999999965,0.00387500000000005,-0.00207499999999996));
#7447=CARTESIAN_POINT('',(0.00794999999999968,0.00387500000000005,0.000400000000000031));
#7448=CARTESIAN_POINT('',(0.00794999999999964,0.00387500000000005,-0.00207499999999996));
#7449=CARTESIAN_POINT('',(0.00794999999999964,0.00387500000000005,-0.00207499999999996));
#7450=CARTESIAN_POINT('',(0.00794999999999965,0.00320000000000005,-0.00207499999999997));
#7451=CARTESIAN_POINT('',(0.00779999999999965,0.00320000000000005,-0.00207499999999997));
#7452=CARTESIAN_POINT('',(0.00779999999999966,0.00252500000000005,-0.00207499999999997));
#7453=CARTESIAN_POINT('',(0.00794999999999965,0.00320000000000005,-0.00207499999999997));
#7454=CARTESIAN_POINT('',(0.00794999999999966,0.00252500000000005,-0.00207499999999997));
#7455=CARTESIAN_POINT('',(0.00794999999999966,0.00252500000000005,-0.00207499999999997));
#7456=CARTESIAN_POINT('',(0.00794999999999966,0.00252500000000005,-0.00207499999999997));
#7457=CARTESIAN_POINT('',(0.00779999999999971,0.00252500000000004,0.00160000000000004));
#7458=CARTESIAN_POINT('',(0.00779999999999969,0.00252500000000005,0.000249000000000033));
#7459=CARTESIAN_POINT('',(0.00794999999999966,0.00252500000000005,-0.00207499999999997));
#7460=CARTESIAN_POINT('',(0.00794999999999969,0.00252500000000005,0.000249000000000033));
#7461=CARTESIAN_POINT('',(0.00794999999999969,0.00252500000000005,0.000249000000000033));
#7462=CARTESIAN_POINT('',(0.00794999999999969,0.00232500000000005,0.000249000000000028));
#7463=CARTESIAN_POINT('',(0.0079499999999997,0.00219271243444681,0.000399000000000023));
#7464=CARTESIAN_POINT('',(0.0079499999999997,0.0021927124344468,0.000399000000000023));
#7465=CARTESIAN_POINT('',(0.0077999999999997,0.0021927124344468,0.000399000000000025));
#7466=CARTESIAN_POINT('',(0.0077999999999997,0.00232500000000005,0.000249000000000037));
#7467=CARTESIAN_POINT('',(0.00794999999999969,0.00232500000000005,0.000249000000000028));
#7468=CARTESIAN_POINT('',(-0.00795000000000014,0.00090000000000004,0.0103));
#7469=CARTESIAN_POINT('',(-0.00780000000000014,-0.00267857300164688,0.0138785730016469));
#7470=CARTESIAN_POINT('',(-0.00780000000000014,0.000900000000000042,0.0103));
#7471=CARTESIAN_POINT('',(-0.00795000000000014,0.00090000000000004,0.0103));
#7472=CARTESIAN_POINT('',(-0.00795000000000014,0.00090000000000004,0.0103));
#7473=CARTESIAN_POINT('',(-0.00795000000000014,-0.00209999999999996,0.0133));
#7474=CARTESIAN_POINT('',(-0.00795,0.00252500000000007,0.000249000000000033));
#7475=CARTESIAN_POINT('',(-0.0078,0.00252500000000007,0.00276200000000004));
#7476=CARTESIAN_POINT('',(-0.0078,0.00252500000000008,-0.00207499999999997));
#7477=CARTESIAN_POINT('',(-0.0078,0.00252500000000007,0.000249000000000033));
#7478=CARTESIAN_POINT('',(-0.00795,0.00252500000000007,0.000249000000000033));
#7479=CARTESIAN_POINT('',(-0.00795,0.00252500000000007,0.000249000000000033));
#7480=CARTESIAN_POINT('',(-0.00795,0.00252500000000008,-0.00207499999999997));
#7481=CARTESIAN_POINT('',(-0.00795,0.00252500000000008,-0.00207499999999997));
#7482=CARTESIAN_POINT('',(-0.00795,0.00252500000000008,-0.00207499999999997));
#7483=CARTESIAN_POINT('',(-0.00795,0.00320000000000008,-0.00207499999999997));
#7484=CARTESIAN_POINT('',(-0.0078,0.00320000000000008,-0.00207499999999997));
#7485=CARTESIAN_POINT('',(-0.0078,0.00387500000000008,-0.00207499999999996));
#7486=CARTESIAN_POINT('',(-0.00795,0.00320000000000008,-0.00207499999999997));
#7487=CARTESIAN_POINT('',(-0.00795,0.00387500000000007,-0.00207499999999996));
#7488=CARTESIAN_POINT('',(-0.00795,0.00387500000000007,-0.00207499999999996));
#7489=CARTESIAN_POINT('',(-0.00795,0.00387500000000007,-0.00207499999999996));
#7490=CARTESIAN_POINT('',(-0.0078,0.00387500000000007,0.00160000000000004));
#7491=CARTESIAN_POINT('',(-0.0078,0.00387500000000007,0.00040000000000004));
#7492=CARTESIAN_POINT('',(-0.00795,0.00387500000000007,0.000400000000000031));
#7493=CARTESIAN_POINT('',(-0.00795,0.00387500000000007,0.000400000000000031));
#7494=CARTESIAN_POINT('',(-0.00795,0.00387500000000007,0.000400000000000031));
#7495=CARTESIAN_POINT('',(-0.00795,0.00387500000000007,0.000400000000000031));
#7496=CARTESIAN_POINT('',(-0.00779999999999985,-0.00728214600329378,0.000400000000000005));
#7497=CARTESIAN_POINT('',(-0.0078,0.00505000000000007,0.000400000000000036));
#7498=CARTESIAN_POINT('',(-0.00795,0.00505000000000007,0.000400000000000036));
#7499=CARTESIAN_POINT('',(-0.00795,0.00505000000000007,0.000400000000000036));
#7500=CARTESIAN_POINT('',(-0.00795,0.00505000000000007,0.000400000000000036));
#7501=CARTESIAN_POINT('',(-0.00795,0.00505000000000007,0.000400000000000036));
#7502=CARTESIAN_POINT('',(-0.0078000000000001,0.00505000000000007,0.00283750000000004));
#7503=CARTESIAN_POINT('',(-0.0078,0.00505000000000007,0.00175000000000003));
#7504=CARTESIAN_POINT('',(-0.00795,0.00505000000000007,0.00175000000000003));
#7505=CARTESIAN_POINT('',(-0.00795,0.00505000000000007,0.00175000000000003));
#7506=CARTESIAN_POINT('',(-0.00795,0.00505000000000007,0.00175000000000003));
#7507=CARTESIAN_POINT('',(0.00765,-0.00205,0.0136));
#7508=CARTESIAN_POINT('',(0.00765,-0.00205,0.0135496872868262));
#7509=CARTESIAN_POINT('',(0.00765,-0.00205,0.0134993745736525));
#7510=CARTESIAN_POINT('',(0.00765,-0.00205,0.0134490618604787));
#7511=CARTESIAN_POINT('',(0.00780707963267948,-0.00193690266447076,0.0136));
#7512=CARTESIAN_POINT('',(0.00778068738228104,-0.00193690266447076,0.0135494756274841));
#7513=CARTESIAN_POINT('',(0.00775443995228853,-0.00193690266447076,0.013499582286358));
#7514=CARTESIAN_POINT('',(0.00772804770189009,-0.00193690266447076,0.0134490579138422));
#7515=CARTESIAN_POINT('',(0.00795,-0.00182380532894152,0.0134570796326794));
#7516=CARTESIAN_POINT('',(0.0078994756274841,-0.00182380532894152,0.0134306873822811));
#7517=CARTESIAN_POINT('',(0.00784958228635806,-0.00182380532894152,0.0134044399522886));
#7518=CARTESIAN_POINT('',(0.00779905791384216,-0.00182380532894152,0.0133780477018902));
#7519=CARTESIAN_POINT('',(0.00795,-0.0017107079934123,0.0133));
#7520=CARTESIAN_POINT('',(0.00789968728682625,-0.0017107079934123,0.0133));
#7521=CARTESIAN_POINT('',(0.00784937457365249,-0.0017107079934123,0.0133));
#7522=CARTESIAN_POINT('',(0.00779906186047873,-0.0017107079934123,0.0133));
#7523=CARTESIAN_POINT('',(-0.00795,-0.0017107079934123,0.0133));
#7524=CARTESIAN_POINT('',(-0.00789968728682626,-0.0017107079934123,0.0133));
#7525=CARTESIAN_POINT('',(-0.00784937457365252,-0.0017107079934123,0.0133));
#7526=CARTESIAN_POINT('',(-0.00779906186047878,-0.0017107079934123,0.0133));
#7527=CARTESIAN_POINT('',(-0.00795,-0.00182380532894154,0.0134570796326794));
#7528=CARTESIAN_POINT('',(-0.00789947562748411,-0.00182380532894154,0.0134306873822811));
#7529=CARTESIAN_POINT('',(-0.00784958228635807,-0.00182380532894154,0.0134044399522886));
#7530=CARTESIAN_POINT('',(-0.0077990579138422,-0.00182380532894154,0.0133780477018902));
#7531=CARTESIAN_POINT('',(-0.00780707963267948,-0.00193690266447076,0.0136));
#7532=CARTESIAN_POINT('',(-0.00778068738228105,-0.00193690266447076,0.0135494756274841));
#7533=CARTESIAN_POINT('',(-0.00775443995228855,-0.00193690266447076,0.0134995822863581));
#7534=CARTESIAN_POINT('',(-0.00772804770189011,-0.00193690266447076,0.0134490579138422));
#7535=CARTESIAN_POINT('',(-0.00765,-0.00205,0.0136));
#7536=CARTESIAN_POINT('',(-0.00765,-0.00205,0.0135496872868263));
#7537=CARTESIAN_POINT('',(-0.00765,-0.00205,0.0134993745736525));
#7538=CARTESIAN_POINT('',(-0.00765,-0.00205,0.0134490618604788));
#7539=CARTESIAN_POINT('',(-0.00795,-0.0184392920065877,0.0240142920065877));
#7540=CARTESIAN_POINT('',(-0.00795000000000019,0.00289999999999993,0.0109696460032937));
#7541=CARTESIAN_POINT('',(-0.00795,0.00289999999999993,0.000400000000000276));
#7542=CARTESIAN_POINT('',(-0.00795,0.00289999999999993,-0.00207499999999972));
#7543=CARTESIAN_POINT('',(-0.0079500000000006,0.00319999999999993,-0.00207499999999972));
#7544=CARTESIAN_POINT('',(-0.00795,0.00349999999999993,-0.00207499999999972));
#7545=CARTESIAN_POINT('',(-0.00795000000000022,0.00349999999999993,0.0122071460032937));
#7546=CARTESIAN_POINT('',(-0.00795,0.00349999999999993,0.000400000000000276));
#7547=CARTESIAN_POINT('',(-0.00795000000000056,0.00319999999999993,0.000400000000000276));
#7548=CARTESIAN_POINT('',(-0.0079499999999998,-0.0101571460032938,0.000398999999999995));
#7549=CARTESIAN_POINT('',(-0.00795,0.00219271243444683,0.000399000000000029));
#7550=CARTESIAN_POINT('',(-0.00795,-0.00187499999999992,0.000399000000000018));
#7551=CARTESIAN_POINT('',(-0.00795,-0.00187499999999993,0.000249000000000019));
#7552=CARTESIAN_POINT('',(-0.00795000000000014,0.00090000000000004,0.0103));
#7553=CARTESIAN_POINT('',(-0.00795000000000023,0.005987867965644,0.0103));
#7554=CARTESIAN_POINT('',(-0.00795000000000027,0.00598786796564397,0.012882146003294));
#7555=CARTESIAN_POINT('',(-0.0079500000000001,0.00598786796564411,0.00175000000000004));
#7556=CARTESIAN_POINT('',(-0.00795,0.00505000000000007,0.00175000000000003));
#7557=CARTESIAN_POINT('',(-0.00795,0.00232500000000007,0.000249000000000028));
#7558=CARTESIAN_POINT('',(0.00787765658919458,0.00618447544516119,0.006025));
#7559=CARTESIAN_POINT('',(0.00781715728752513,0.00624497474683063,0.00388750000000005));
#7560=CARTESIAN_POINT('',(0.0078171572875251,0.00624497474683065,0.00175000000000004));
#7561=CARTESIAN_POINT('',(0.00781715728752522,0.00624497474683055,0.0103));
#7562=CARTESIAN_POINT('',(0.00786213203435581,0.0062,0.0103));
#7563=CARTESIAN_POINT('',(0.00786213203435578,0.0062,0.0103));
#7564=CARTESIAN_POINT('',(0.00786213203435572,0.0062,0.006025));
#7565=CARTESIAN_POINT('',(0.00786213203435564,0.0062000000000001,0.00175000000000004));
#7566=CARTESIAN_POINT('',(0.00834196339167679,0.00572016864267898,0.00175000000000003));
#7567=CARTESIAN_POINT('',(0.00764999999999974,0.00598786796564408,0.006025));
#7568=CARTESIAN_POINT('',(0.00775606601717773,0.00609393398282207,0.006025));
#7569=CARTESIAN_POINT('',(0.00775606601717766,0.00609393398282212,0.00175000000000004));
#7570=CARTESIAN_POINT('',(0.0077560660171778,0.00609393398282201,0.0103));
#7571=CARTESIAN_POINT('',(0.00764999999999968,0.00598786796564413,0.00175000000000004));
#7572=CARTESIAN_POINT('',(0.00779999999999969,0.00598786796564408,0.00175000000000004));
#7573=CARTESIAN_POINT('',(0.0078,0.00598786796564388,0.017157146003294));
#7574=CARTESIAN_POINT('',(0.00779999999999982,0.00598786796564397,0.0103));
#7575=CARTESIAN_POINT('',(0.00764999999999981,0.00598786796564402,0.0103));
#7576=CARTESIAN_POINT('',(0.00764999999999974,0.00598786796564408,0.006025));
#7577=CARTESIAN_POINT('',(0.00764999999999981,0.00598786796564402,0.0103));
#7578=CARTESIAN_POINT('',(0.00794999999999982,0.00598786796564397,0.0103));
#7579=CARTESIAN_POINT('',(0.00795,0.00598786796564388,0.017157146003294));
#7580=CARTESIAN_POINT('',(0.00794999999999969,0.00598786796564408,0.00175000000000004));
#7581=CARTESIAN_POINT('',(0.00764999999999968,0.00598786796564413,0.00175000000000004));
#7582=CARTESIAN_POINT('',(-0.00787765658919499,0.00618447544516117,0.006025));
#7583=CARTESIAN_POINT('',(-0.00781715728752561,0.00624497474683055,0.0081625));
#7584=CARTESIAN_POINT('',(-0.00781715728752566,0.00624497474683052,0.0103));
#7585=CARTESIAN_POINT('',(-0.00781715728752549,0.00624497474683066,0.00175000000000004));
#7586=CARTESIAN_POINT('',(-0.00786213203435607,0.00620000000000008,0.00175000000000004));
#7587=CARTESIAN_POINT('',(-0.00786213203435606,0.00620000000000009,0.00175000000000004));
#7588=CARTESIAN_POINT('',(-0.00786213203435613,0.0062,0.006025));
#7589=CARTESIAN_POINT('',(-0.0078621320343562,0.0062,0.0103));
#7590=CARTESIAN_POINT('',(-0.00834196339167733,0.00572016864267885,0.0103));
#7591=CARTESIAN_POINT('',(-0.00765000000000016,0.00598786796564406,0.006025));
#7592=CARTESIAN_POINT('',(-0.00775606601717815,0.00609393398282205,0.006025));
#7593=CARTESIAN_POINT('',(-0.00775606601717822,0.006093933982822,0.0103));
#7594=CARTESIAN_POINT('',(-0.00775606601717808,0.00609393398282211,0.00175000000000004));
#7595=CARTESIAN_POINT('',(-0.00765000000000023,0.00598786796564401,0.0103));
#7596=CARTESIAN_POINT('',(-0.00780000000000023,0.005987867965644,0.0103));
#7597=CARTESIAN_POINT('',(-0.00780000000000027,0.00598786796564397,0.012882146003294));
#7598=CARTESIAN_POINT('',(-0.0078000000000001,0.00598786796564411,0.00175000000000004));
#7599=CARTESIAN_POINT('',(-0.00765000000000009,0.00598786796564412,0.00175000000000004));
#7600=CARTESIAN_POINT('',(-0.00765000000000016,0.00598786796564406,0.006025));
#7601=CARTESIAN_POINT('',(-0.00765000000000009,0.00598786796564412,0.00175000000000004));
#7602=CARTESIAN_POINT('',(-0.00765000000000023,0.00598786796564401,0.0103));
#7603=CARTESIAN_POINT('',(0.0077715905720166,0.00607840942798321,0.006025));
#7604=CARTESIAN_POINT('',(0.00771109127034715,0.00613890872965264,0.00388750000000005));
#7605=CARTESIAN_POINT('',(0.00771109127034724,0.00613890872965257,0.0103));
#7606=CARTESIAN_POINT('',(0.00771109127034712,0.00613890872965267,0.00175000000000004));
#7607=CARTESIAN_POINT('',(0.00823589737449881,0.005614102625501,0.00175000000000003));
#7608=CARTESIAN_POINT('',(0.00823589737449892,0.00561410262550091,0.0103));
#7609=CARTESIAN_POINT('',(-0.00777159057201701,0.00607840942798319,0.006025));
#7610=CARTESIAN_POINT('',(-0.00771109127034764,0.00613890872965257,0.0081625));
#7611=CARTESIAN_POINT('',(-0.00771109127034751,0.00613890872965268,0.00175000000000004));
#7612=CARTESIAN_POINT('',(-0.00771109127034768,0.00613890872965254,0.0103));
#7613=CARTESIAN_POINT('',(-0.00823589737449934,0.00561410262550086,0.0103));
#7614=CARTESIAN_POINT('',(-0.00823589737449919,0.00561410262550099,0.00175000000000003));
#7615=CARTESIAN_POINT('',(0.00792322330470314,0.00635104076400859,0.006025));
#7616=CARTESIAN_POINT('',(0.00777322330470314,0.00635104076400858,0.006025));
#7617=CARTESIAN_POINT('',(0.0077732233047032,0.00635104076400853,0.0103));
#7618=CARTESIAN_POINT('',(0.00777322330470307,0.00635104076400863,0.00175000000000005));
#7619=CARTESIAN_POINT('',(0.00792322330470319,0.00635104076400853,0.0103));
#7620=CARTESIAN_POINT('',(0.00792322330470308,0.00635104076400864,0.00175000000000005));
#7621=CARTESIAN_POINT('',(0.00777322330470309,0.0102267766952966,0.0103));
#7622=CARTESIAN_POINT('',(0.00777322330470296,0.0102267766952967,0.00175000000000009));
#7623=CARTESIAN_POINT('',(0.00777322330470296,0.0102267766952967,0.00175000000000009));
#7624=CARTESIAN_POINT('',(0.00777322330470309,0.0102267766952966,0.0103));
#7625=CARTESIAN_POINT('',(0.00777322330470296,0.0102267766952967,0.00175000000000009));
#7626=CARTESIAN_POINT('',(0.00762322330470296,0.0102267766952967,0.0017500000000001));
#7627=CARTESIAN_POINT('',(0.00762322330470296,0.0102267766952967,0.0017500000000001));
#7628=CARTESIAN_POINT('',(0.00762322330470309,0.0102267766952966,0.0103));
#7629=CARTESIAN_POINT('',(0.00777322330470309,0.0102267766952966,0.0103));
#7630=CARTESIAN_POINT('',(0.00777322330470307,0.00635104076400863,0.00175000000000005));
#7631=CARTESIAN_POINT('',(0.00792322330470308,0.00635104076400864,0.00175000000000004));
#7632=CARTESIAN_POINT('',(0.00762322330470307,0.00635104076400863,0.00175000000000005));
#7633=CARTESIAN_POINT('',(0.00762322330470307,0.00635104076400862,0.00175000000000005));
#7634=CARTESIAN_POINT('',(0.00777322330470309,0.00567245675083323,0.00175000000000004));
#7635=CARTESIAN_POINT('',(0.00794999999999969,0.00505,0.00175000000000003));
#7636=CARTESIAN_POINT('',(0.00779999999999979,-0.00619464600329381,0.00175));
#7637=CARTESIAN_POINT('',(0.0077732233047032,0.00618139476071468,0.0103));
#7638=CARTESIAN_POINT('',(0.00762322330470322,0.00567245675083313,0.0103));
#7639=CARTESIAN_POINT('',(0.0076232233047032,0.00635104076400852,0.0103));
#7640=CARTESIAN_POINT('',(0.00792322330470319,0.00635104076400853,0.0103));
#7641=CARTESIAN_POINT('',(0.0078,-0.00876964600329384,0.0103));
#7642=CARTESIAN_POINT('',(0.00794999999999986,0.000900000000000016,0.0103));
#7643=CARTESIAN_POINT('',(0.00777322330470322,0.00567245675083313,0.0103));
#7644=CARTESIAN_POINT('',(0.00792322330470314,0.00635104076400859,0.006025));
#7645=CARTESIAN_POINT('',(0.00762322330470312,0.00635104076400858,0.006025));
#7646=CARTESIAN_POINT('',(-0.00792322330470358,0.00635104076400859,0.006025));
#7647=CARTESIAN_POINT('',(-0.00777322330470359,0.00635104076400859,0.006025));
#7648=CARTESIAN_POINT('',(-0.00777322330470349,0.00635104076400867,0.00175000000000005));
#7649=CARTESIAN_POINT('',(-0.00777322330470367,0.00635104076400852,0.0103));
#7650=CARTESIAN_POINT('',(-0.00792322330470349,0.00635104076400867,0.00175000000000004));
#7651=CARTESIAN_POINT('',(-0.00792322330470366,0.00635104076400852,0.0103));
#7652=CARTESIAN_POINT('',(-0.00777322330470344,0.0102267766952967,0.00175000000000011));
#7653=CARTESIAN_POINT('',(-0.00777322330470362,0.0102267766952966,0.0103));
#7654=CARTESIAN_POINT('',(-0.00777322330470362,0.0102267766952966,0.0103));
#7655=CARTESIAN_POINT('',(-0.00777322330470344,0.0102267766952967,0.00175000000000011));
#7656=CARTESIAN_POINT('',(-0.00777322330470362,0.0102267766952966,0.0103));
#7657=CARTESIAN_POINT('',(-0.00762322330470362,0.0102267766952966,0.0103));
#7658=CARTESIAN_POINT('',(-0.00762322330470362,0.0102267766952966,0.0103));
#7659=CARTESIAN_POINT('',(-0.00762322330470345,0.0102267766952967,0.00175000000000011));
#7660=CARTESIAN_POINT('',(-0.00777322330470344,0.0102267766952967,0.00175000000000011));
#7661=CARTESIAN_POINT('',(-0.00777322330470367,0.00635104076400852,0.0103));
#7662=CARTESIAN_POINT('',(-0.00792322330470366,0.00635104076400852,0.0103));
#7663=CARTESIAN_POINT('',(-0.00762322330470367,0.00635104076400851,0.0103));
#7664=CARTESIAN_POINT('',(-0.00762322330470367,0.00635104076400853,0.0103));
#7665=CARTESIAN_POINT('',(-0.00777322330470368,0.00567245675083312,0.0103));
#7666=CARTESIAN_POINT('',(-0.0078,-0.00619464600329385,0.0103));
#7667=CARTESIAN_POINT('',(-0.0077732233047035,0.00618139476071482,0.00175000000000004));
#7668=CARTESIAN_POINT('',(-0.0076232233047035,0.00567245675083327,0.00175000000000004));
#7669=CARTESIAN_POINT('',(-0.00762322330470349,0.00635104076400867,0.00175000000000005));
#7670=CARTESIAN_POINT('',(-0.00792322330470349,0.00635104076400867,0.00175000000000004));
#7671=CARTESIAN_POINT('',(-0.00779999999999988,-0.00669464600329378,0.00175));
#7672=CARTESIAN_POINT('',(-0.0077732233047035,0.00567245675083327,0.00175000000000003));
#7673=CARTESIAN_POINT('',(-0.00792322330470358,0.00635104076400859,0.006025));
#7674=CARTESIAN_POINT('',(-0.0076232233047036,0.00635104076400859,0.006025));
#7675=CARTESIAN_POINT('',(-0.00795,0.00232500000000007,0.000249000000000028));
#7676=CARTESIAN_POINT('',(-0.00795,0.00219271243444684,0.000399000000000029));
#7677=CARTESIAN_POINT('',(-0.0078,0.00219271243444684,0.000399000000000031));
#7678=CARTESIAN_POINT('',(-0.0078,0.00232500000000007,0.000249000000000037));
#7679=CARTESIAN_POINT('',(-0.0078,-0.0184392920065877,0.0240142920065877));
#7680=CARTESIAN_POINT('',(-0.00780000000000019,0.00289999999999993,0.0109696460032937));
#7681=CARTESIAN_POINT('',(-0.0078,0.00289999999999993,-0.00207499999999972));
#7682=CARTESIAN_POINT('',(-0.0078,0.00289999999999993,0.000400000000000274));
#7683=CARTESIAN_POINT('',(-0.00780000000000056,0.00319999999999993,0.000400000000000274));
#7684=CARTESIAN_POINT('',(-0.0078,0.00349999999999993,0.000400000000000274));
#7685=CARTESIAN_POINT('',(-0.00780000000000022,0.00349999999999993,0.0122071460032937));
#7686=CARTESIAN_POINT('',(-0.0078,0.00349999999999993,-0.00207499999999972));
#7687=CARTESIAN_POINT('',(-0.0078000000000006,0.00319999999999993,-0.00207499999999972));
#7688=CARTESIAN_POINT('',(-0.0077999999999998,-0.0101571460032938,0.000399));
#7689=CARTESIAN_POINT('',(-0.0078,-0.00187499999999992,0.000399000000000019));
#7690=CARTESIAN_POINT('',(-0.0078,-0.00187499999999993,0.0028375));
#7691=CARTESIAN_POINT('',(0.00795000000000024,-0.0184392920065877,0.0240142920065877));
#7692=CARTESIAN_POINT('',(0.0079499999999997,0.00320000000000005,0.000400000000000029));
#7693=CARTESIAN_POINT('',(0.00794999999999969,0.00290000000000005,0.000400000000000029));
#7694=CARTESIAN_POINT('',(0.00794999999999969,0.00350000000000005,0.000400000000000029));
#7695=CARTESIAN_POINT('',(0.00794999999999987,0.00350000000000005,0.0122071460032939));
#7696=CARTESIAN_POINT('',(0.00794999999999965,0.00350000000000005,-0.00207499999999997));
#7697=CARTESIAN_POINT('',(0.00794999999999966,0.00320000000000005,-0.00207499999999997));
#7698=CARTESIAN_POINT('',(0.00794999999999965,0.00290000000000005,-0.00207499999999997));
#7699=CARTESIAN_POINT('',(0.00794999999999986,0.00290000000000005,0.0109696460032939));
#7700=CARTESIAN_POINT('',(0.00794999999999978,-0.00812328978607043,0.000398999999999993));
#7701=CARTESIAN_POINT('',(0.00794999999999973,-0.00187499999999995,0.000399000000000011));
#7702=CARTESIAN_POINT('',(0.00794999999999973,-0.00187499999999995,0.000249000000000019));
#7703=CARTESIAN_POINT('',(0.00780000000000024,-0.0184392920065877,0.0240142920065877));
#7704=CARTESIAN_POINT('',(0.0077999999999997,0.00320000000000005,0.000400000000000031));
#7705=CARTESIAN_POINT('',(0.00779999999999969,0.00350000000000005,0.000400000000000031));
#7706=CARTESIAN_POINT('',(0.00779999999999969,0.00290000000000005,0.000400000000000031));
#7707=CARTESIAN_POINT('',(0.00779999999999986,0.00290000000000005,0.0109696460032939));
#7708=CARTESIAN_POINT('',(0.00779999999999965,0.00290000000000005,-0.00207499999999997));
#7709=CARTESIAN_POINT('',(0.00779999999999966,0.00320000000000005,-0.00207499999999997));
#7710=CARTESIAN_POINT('',(0.00779999999999965,0.00350000000000005,-0.00207499999999997));
#7711=CARTESIAN_POINT('',(0.00779999999999987,0.00350000000000005,0.0122071460032939));
#7712=CARTESIAN_POINT('',(0.00779999999999978,-0.00812328978607043,0.000399));
#7713=CARTESIAN_POINT('',(0.00779999999999973,-0.00187499999999995,0.000399000000000014));
#7714=CARTESIAN_POINT('',(0.00779999999999977,-0.00187499999999996,0.002762));
#7715=CARTESIAN_POINT('',(-0.00765,0.000158856217223459,0.000399000000000027));
#7716=CARTESIAN_POINT('',(-0.00765,0.000149946066151071,0.000249000000000029));
#7717=CARTESIAN_POINT('',(-0.00765,0.00212500000000008,0.000249000000000034));
#7718=CARTESIAN_POINT('',(-0.00765,-0.00187499999999992,0.000249000000000021));
#7719=CARTESIAN_POINT('',(-0.0078,0.00219271243444684,0.000399000000000031));
#7720=CARTESIAN_POINT('',(-0.0078,0.00218724682982785,0.000379981295984951));
#7721=CARTESIAN_POINT('',(-0.00779638284961853,0.00218182990500902,0.00036113365518122));
#7722=CARTESIAN_POINT('',(-0.00778179530839212,0.00217052453888439,0.000324533100395645));
#7723=CARTESIAN_POINT('',(-0.00777047190837425,0.00216472735978928,0.000307339874018307));
#7724=CARTESIAN_POINT('',(-0.00774166012598173,0.00215298507465763,0.000278528091625789));
#7725=CARTESIAN_POINT('',(-0.00772446689960439,0.00214718789556253,0.000267204691607922));
#7726=CARTESIAN_POINT('',(-0.00768786634481882,0.0021358825294379,0.000252617150381517));
#7727=CARTESIAN_POINT('',(-0.00766901870401509,0.00213046560461907,0.000249000000000034));
#7728=CARTESIAN_POINT('',(-0.00765,0.00212500000000008,0.000249000000000035));
#7729=CARTESIAN_POINT('',(-0.00765,-0.00187499999999992,0.000399000000000022));
#7730=CARTESIAN_POINT('',(-0.0078,0.00219271243444684,0.000399000000000031));
#7731=CARTESIAN_POINT('',(-0.00785,0.00219271243444684,0.00039900000000003));
#7732=CARTESIAN_POINT('',(-0.0079,0.00219271243444683,0.00039900000000003));
#7733=CARTESIAN_POINT('',(-0.00795,0.00219271243444683,0.000399000000000029));
#7734=CARTESIAN_POINT('',(-0.0078,0.00218142702870571,0.000359730091830159));
#7735=CARTESIAN_POINT('',(-0.00785010517189831,0.00218142702870571,0.000346615985705874));
#7736=CARTESIAN_POINT('',(-0.0078998948281017,0.00218142702870571,0.000333574289784569));
#7737=CARTESIAN_POINT('',(-0.00795,0.00218142702870571,0.000320460183660284));
#7738=CARTESIAN_POINT('',(-0.00776743418211809,0.00215885621722346,0.000281565817881947));
#7739=CARTESIAN_POINT('',(-0.00780654651523073,0.00215885621722346,0.000242453484769311));
#7740=CARTESIAN_POINT('',(-0.00784575603112354,0.00215885621722346,0.000203243968876496));
#7741=CARTESIAN_POINT('',(-0.00788486836423618,0.00215885621722346,0.000164131635763859));
#7742=CARTESIAN_POINT('',(-0.00768926990816988,0.0021362854057412,0.000249000000000035));
#7743=CARTESIAN_POINT('',(-0.00770238401429416,0.0021362854057412,0.000198894828101727));
#7744=CARTESIAN_POINT('',(-0.00771542571021547,0.0021362854057412,0.00014910517189834));
#7745=CARTESIAN_POINT('',(-0.00772853981633975,0.0021362854057412,9.90000000000328E-5));
#7746=CARTESIAN_POINT('',(-0.00765,0.00212500000000008,0.000249000000000035));
#7747=CARTESIAN_POINT('',(-0.00765,0.00212500000000008,0.000199000000000035));
#7748=CARTESIAN_POINT('',(-0.00765,0.00212500000000008,0.000149000000000034));
#7749=CARTESIAN_POINT('',(-0.00765,0.00212500000000008,9.90000000000339E-5));
#7750=CARTESIAN_POINT('',(-0.00765,0.00212500000000008,0.000249000000000034));
#7751=CARTESIAN_POINT('',(-0.00765,0.00212500000000008,9.90000000000335E-5));
#7752=CARTESIAN_POINT('',(-0.00795000000000004,0.00219271243444683,0.000399000000000028));
#7753=CARTESIAN_POINT('',(-0.00795000000000003,0.00217014162296458,0.000241920367320536));
#7754=CARTESIAN_POINT('',(-0.00780707963267951,0.00214757081148233,9.90000000000258E-5));
#7755=CARTESIAN_POINT('',(-0.00765000000000002,0.00212500000000008,9.90000000000327E-5));
#7756=CARTESIAN_POINT('',(-0.00765,0.00212500000000008,0.000249000000000034));
#7757=CARTESIAN_POINT('',(-0.00765,0.00212500000000008,0.000249000000000034));
#7758=CARTESIAN_POINT('',(-0.00695,0.00212500000000009,0.000249000000000045));
#7759=CARTESIAN_POINT('',(-0.00695,0.00212500000000009,0.000249000000000045));
#7760=CARTESIAN_POINT('',(-0.00695,0.00212500000000009,9.90000000000446E-5));
#7761=CARTESIAN_POINT('',(-0.00765,0.00212500000000008,9.90000000000335E-5));
#7762=CARTESIAN_POINT('',(-0.00765,-0.00187499999999992,0.000249000000000023));
#7763=CARTESIAN_POINT('',(-0.00765,-0.00187499999999992,0.000399000000000022));
#7764=CARTESIAN_POINT('',(-0.00765,-0.00187499999999992,9.90000000000224E-5));
#7765=CARTESIAN_POINT('',(-0.00765,-0.00187499999999992,9.90000000000224E-5));
#7766=CARTESIAN_POINT('',(-0.00695,-0.00187499999999991,9.90000000000324E-5));
#7767=CARTESIAN_POINT('',(-0.00695,-0.00187499999999991,0.000249000000000033));
#7768=CARTESIAN_POINT('',(-0.00695,-0.00187499999999991,0.000249000000000033));
#7769=CARTESIAN_POINT('',(-0.00832858401317533,-0.00187499999999993,0.00024900000000001));
#7770=CARTESIAN_POINT('',(-0.007473342279426,0.000141035915078686,0.000249000000000033));
#7771=CARTESIAN_POINT('',(-0.00527154590613677,-9.1483289641313E-19,0.000249000000000065));
#7772=CARTESIAN_POINT('',(-0.00694999999999973,-0.00142224887231268,0.000249000000000026));
#7773=CARTESIAN_POINT('',(-0.00694999999999971,0.0014222488723127,0.000249000000000036));
#7774=CARTESIAN_POINT('',(-0.00695,-0.00187499999999991,0.000249000000000033));
#7775=CARTESIAN_POINT('',(-0.00695,-0.00187499999999991,0.000249000000000033));
#7776=CARTESIAN_POINT('',(-0.00765,0.000158856217223459,0.000399000000000027));
#7777=CARTESIAN_POINT('',(-0.00765,0.000149946066151072,9.9000000000028E-5));
#7778=CARTESIAN_POINT('',(0.00764999999999972,0.000158856217223426,0.000399000000000022));
#7779=CARTESIAN_POINT('',(0.00764999999999971,0.000149946066151039,0.000249000000000023));
#7780=CARTESIAN_POINT('',(0.00764999999999973,-0.00187499999999995,0.000249000000000015));
#7781=CARTESIAN_POINT('',(0.0076499999999997,0.00212500000000004,0.000249000000000027));
#7782=CARTESIAN_POINT('',(0.00764999999999973,-0.00187499999999995,0.000399000000000016));
#7783=CARTESIAN_POINT('',(0.0077999999999997,0.0021927124344468,0.000399000000000025));
#7784=CARTESIAN_POINT('',(0.0077999999999997,0.00218724682982782,0.000379981295984953));
#7785=CARTESIAN_POINT('',(0.00779638284961822,0.00218182990500899,0.000361133655181217));
#7786=CARTESIAN_POINT('',(0.00778179530839181,0.00217052453888435,0.000324533100395638));
#7787=CARTESIAN_POINT('',(0.00777047190837394,0.00216472735978924,0.000307339874018299));
#7788=CARTESIAN_POINT('',(0.00774166012598142,0.0021529850746576,0.000278528091625783));
#7789=CARTESIAN_POINT('',(0.00772446689960408,0.00214718789556249,0.000267204691607916));
#7790=CARTESIAN_POINT('',(0.00768786634481851,0.00213588252943786,0.00025261715038151));
#7791=CARTESIAN_POINT('',(0.00766901870401478,0.00213046560461903,0.000249000000000027));
#7792=CARTESIAN_POINT('',(0.0076499999999997,0.00212500000000004,0.000249000000000028));
#7793=CARTESIAN_POINT('',(0.0069499999999997,0.00212500000000004,0.000249000000000039));
#7794=CARTESIAN_POINT('',(0.0076499999999997,0.00212500000000005,0.000249000000000028));
#7795=CARTESIAN_POINT('',(0.0069499999999997,0.00212500000000004,0.000249000000000039));
#7796=CARTESIAN_POINT('',(0.0076499999999997,0.00212500000000004,0.000249000000000027));
#7797=CARTESIAN_POINT('',(0.00764999999999969,0.00212500000000004,9.90000000000268E-5));
#7798=CARTESIAN_POINT('',(0.0076499999999997,0.00212500000000005,9.9000000000028E-5));
#7799=CARTESIAN_POINT('',(0.0069499999999997,0.00212500000000004,9.90000000000391E-5));
#7800=CARTESIAN_POINT('',(0.0069499999999997,0.00212500000000004,0.000249000000000039));
#7801=CARTESIAN_POINT('',(0.0076499999999997,0.00212500000000004,0.000249000000000028));
#7802=CARTESIAN_POINT('',(0.0076499999999997,0.00212500000000004,0.000199000000000028));
#7803=CARTESIAN_POINT('',(0.0076499999999997,0.00212500000000004,0.000149000000000028));
#7804=CARTESIAN_POINT('',(0.00764999999999969,0.00212500000000004,9.90000000000272E-5));
#7805=CARTESIAN_POINT('',(0.00768926990816957,0.00213628540574117,0.000249000000000028));
#7806=CARTESIAN_POINT('',(0.00770238401429385,0.00213628540574117,0.00019889482810172));
#7807=CARTESIAN_POINT('',(0.00771542571021516,0.00213628540574117,0.000149105171898334));
#7808=CARTESIAN_POINT('',(0.00772853981633944,0.00213628540574117,9.90000000000261E-5));
#7809=CARTESIAN_POINT('',(0.00776743418211778,0.00215885621722342,0.00028156581788194));
#7810=CARTESIAN_POINT('',(0.00780654651523041,0.00215885621722342,0.000242453484769304));
#7811=CARTESIAN_POINT('',(0.00784575603112323,0.00215885621722342,0.000203243968876489));
#7812=CARTESIAN_POINT('',(0.00788486836423586,0.00215885621722343,0.000164131635763852));
#7813=CARTESIAN_POINT('',(0.0077999999999997,0.00218142702870568,0.000359730091830153));
#7814=CARTESIAN_POINT('',(0.007850105171898,0.00218142702870568,0.000346615985705868));
#7815=CARTESIAN_POINT('',(0.00789989482810139,0.00218142702870568,0.000333574289784563));
#7816=CARTESIAN_POINT('',(0.0079499999999997,0.00218142702870568,0.000320460183660278));
#7817=CARTESIAN_POINT('',(0.0077999999999997,0.0021927124344468,0.000399000000000025));
#7818=CARTESIAN_POINT('',(0.0078499999999997,0.0021927124344468,0.000399000000000025));
#7819=CARTESIAN_POINT('',(0.0078999999999997,0.0021927124344468,0.000399000000000024));
#7820=CARTESIAN_POINT('',(0.0079499999999997,0.0021927124344468,0.000399000000000023));
#7821=CARTESIAN_POINT('',(0.0076499999999997,0.00212500000000004,9.90000000000277E-5));
#7822=CARTESIAN_POINT('',(0.00780707963267919,0.00214757081148229,9.90000000000263E-5));
#7823=CARTESIAN_POINT('',(0.0079499999999997,0.00217014162296455,0.000241920367320534));
#7824=CARTESIAN_POINT('',(0.0079499999999997,0.0021927124344468,0.000399000000000023));
#7825=CARTESIAN_POINT('',(0.00747334227942574,0.00014103591507865,0.000249000000000025));
#7826=CARTESIAN_POINT('',(0.00527154590613677,-9.14832896413101E-19,0.000249000000000057));
#7827=CARTESIAN_POINT('',(0.00694999999999971,0.0014222488723127,0.000249000000000036));
#7828=CARTESIAN_POINT('',(0.00694999999999973,-0.00142224887231268,0.000249000000000026));
#7829=CARTESIAN_POINT('',(0.0069499999999997,0.00212500000000004,0.000249000000000039));
#7830=CARTESIAN_POINT('',(0.00694999999999973,-0.00187499999999996,0.000249000000000027));
#7831=CARTESIAN_POINT('',(0.00832858401317513,-0.00187499999999994,0.000249000000000004));
#7832=CARTESIAN_POINT('',(0.0069499999999997,0.00212500000000004,0.000249000000000039));
#7833=CARTESIAN_POINT('',(0.00798929200658743,-0.00187499999999995,0.000249000000000009));
#7834=CARTESIAN_POINT('',(0.00832858401317512,-0.00187499999999994,9.90000000000035E-5));
#7835=CARTESIAN_POINT('',(0.00764999999999973,-0.00187499999999995,9.90000000000146E-5));
#7836=CARTESIAN_POINT('',(0.00694999999999973,-0.00187499999999996,9.90000000000268E-5));
#7837=CARTESIAN_POINT('',(0.00764999999999973,-0.00187499999999995,0.000399000000000016));
#7838=CARTESIAN_POINT('',(0.00694999999999973,-0.00187499999999996,0.000249000000000027));
#7839=CARTESIAN_POINT('',(0.00764999999999972,0.000158856217223426,0.000399000000000022));
#7840=CARTESIAN_POINT('',(0.00764999999999971,0.000149946066151039,9.90000000000213E-5));
#7841=CARTESIAN_POINT('',(0.00794999999999974,0.00935000000000014,0.00249999999999994));
#7842=CARTESIAN_POINT('',(-0.00777322330470348,0.00877704286400305,0.00250000000000006));
#7843=CARTESIAN_POINT('',(-0.00777322330470348,0.00835000000000159,0.00250000000000006));
#7844=CARTESIAN_POINT('',(-0.00777322330470347,0.00936312329953048,0.00250000000000006));
#7845=CARTESIAN_POINT('',(0.00794999999999974,0.00835000000000014,0.00249999999999994));
#7846=CARTESIAN_POINT('',(-0.0076232233047035,0.00835000000000158,0.00250000000000006));
#7847=CARTESIAN_POINT('',(-0.0076232233047035,0.00877704286400304,0.00250000000000006));
#7848=CARTESIAN_POINT('',(-0.00762322330470347,0.00936312329953048,0.00250000000000006));
#7849=CARTESIAN_POINT('',(-0.00777322330470347,0.00936312329953048,0.00250000000000006));
#7850=CARTESIAN_POINT('',(0.00794999999999974,0.00835000000000014,0.00249999999999994));
#7851=CARTESIAN_POINT('',(-0.00777322330470352,0.00835000000000159,0.00426249999999985));
#7852=CARTESIAN_POINT('',(-0.00777322330470351,0.00835000000000159,0.00365000000000006));
#7853=CARTESIAN_POINT('',(0.00794999999999965,0.00835000000000014,0.00364999999999994));
#7854=CARTESIAN_POINT('',(-0.00762322330470353,0.00835000000000158,0.00365000000000006));
#7855=CARTESIAN_POINT('',(-0.00762322330470354,0.00835000000000158,0.00426249999999987));
#7856=CARTESIAN_POINT('',(0.00794999999999974,0.00835000000000014,0.00249999999999994));
#7857=CARTESIAN_POINT('',(0.00777322330470305,0.00835000000000016,0.0042625));
#7858=CARTESIAN_POINT('',(0.00777322330470303,0.00835000000000016,0.00249999999999995));
#7859=CARTESIAN_POINT('',(0.00777322330470304,0.00835000000000016,0.00364999999999995));
#7860=CARTESIAN_POINT('',(0.00794999999999974,0.00835000000000014,0.00249999999999994));
#7861=CARTESIAN_POINT('',(0.00762322330470302,0.00835000000000017,0.00249999999999995));
#7862=CARTESIAN_POINT('',(0.00762322330470305,0.00835000000000017,0.0042625));
#7863=CARTESIAN_POINT('',(0.00762322330470304,0.00835000000000017,0.00364999999999995));
#7864=CARTESIAN_POINT('',(0.00794999999999965,0.00835000000000014,0.00364999999999994));
#7865=CARTESIAN_POINT('',(0.00794999999999974,0.00835000000000014,0.00249999999999994));
#7866=CARTESIAN_POINT('',(0.00794999999999965,0.00835000000000014,0.00364999999999994));
#7867=CARTESIAN_POINT('',(0.00794999999999974,0.00835000000000014,0.00249999999999994));
#7868=CARTESIAN_POINT('',(0.00794999999999974,0.00835000000000014,0.00249999999999994));
#7869=CARTESIAN_POINT('',(0.00794999999999974,0.00835000000000014,0.00249999999999994));
#7870=CARTESIAN_POINT('',(0.00794999999999965,0.00835000000000014,0.00364999999999994));
#7871=CARTESIAN_POINT('',(0.00794999999999974,0.00935000000000014,0.00249999999999994));
#7872=CARTESIAN_POINT('',(0.00777322330470302,0.00877704286400291,0.00249999999999995));
#7873=CARTESIAN_POINT('',(0.007773223304703,0.00936312329952905,0.00249999999999995));
#7874=CARTESIAN_POINT('',(0.007773223304703,0.00936312329952905,0.00249999999999995));
#7875=CARTESIAN_POINT('',(0.007623223304703,0.00936312329952904,0.00249999999999995));
#7876=CARTESIAN_POINT('',(0.00762322330470301,0.00877704286400291,0.00249999999999995));
#7877=CARTESIAN_POINT('',(0.00794999999999974,0.00935000000000014,0.00249999999999994));
#7878=CARTESIAN_POINT('',(0.00794999999999974,0.00935000000000014,0.00249999999999994));
#7879=CARTESIAN_POINT('',(0.00794999999999974,0.00935000000000014,0.00249999999999994));
#7880=CARTESIAN_POINT('',(0.00794999999999974,0.00935000000000014,0.00249999999999994));
#7881=CARTESIAN_POINT('',(0.00794999999999965,0.00835000000000014,0.00364999999999994));
#7882=CARTESIAN_POINT('',(-0.0077732233047035,0.0087836045137681,0.00365000000000006));
#7883=CARTESIAN_POINT('',(-0.00777322330470349,0.00936312329953048,0.00365000000000006));
#7884=CARTESIAN_POINT('',(-0.00777322330470349,0.00936312329953048,0.00365000000000006));
#7885=CARTESIAN_POINT('',(-0.00762322330470349,0.00936312329953048,0.00365000000000006));
#7886=CARTESIAN_POINT('',(-0.00762322330470352,0.00878360451376809,0.00365000000000006));
#7887=CARTESIAN_POINT('',(0.00794999999999965,0.00835000000000014,0.00364999999999994));
#7888=CARTESIAN_POINT('',(0.00794999999999974,0.00935000000000014,0.00364999999999994));
#7889=CARTESIAN_POINT('',(0.00794999999999965,0.00835000000000014,0.00364999999999994));
#7890=CARTESIAN_POINT('',(0.00777322330470303,0.00877704286400292,0.00364999999999995));
#7891=CARTESIAN_POINT('',(0.00777322330470302,0.00936312329952905,0.00364999999999995));
#7892=CARTESIAN_POINT('',(0.00762322330470302,0.00877704286400292,0.00364999999999995));
#7893=CARTESIAN_POINT('',(0.00762322330470302,0.00936312329952904,0.00364999999999995));
#7894=CARTESIAN_POINT('',(0.00777322330470302,0.00936312329952905,0.00364999999999995));
#7895=CARTESIAN_POINT('',(0.00794999999999965,0.00835000000000014,0.00364999999999994));
#7896=CARTESIAN_POINT('',(0.00794999999999974,0.00935000000000014,0.00364999999999994));
#7897=CARTESIAN_POINT('',(0.00794999999999974,0.00935000000000014,0.00364999999999994));
#7898=CARTESIAN_POINT('',(0.00794999999999974,0.00935000000000014,0.00364999999999994));
#7899=CARTESIAN_POINT('',(0.00777322330470302,0.00936312329952905,0.00359999999999995));
#7900=CARTESIAN_POINT('',(0.0077743627232271,0.00936312329952905,0.00359999999999995));
#7901=CARTESIAN_POINT('',(0.00762322330470302,0.00936312329952904,0.00359999999999995));
#7902=CARTESIAN_POINT('',(0.00777322330470302,0.00936312329952905,0.00359999999999995));
#7903=CARTESIAN_POINT('',(0.00777322330470303,0.00936312329952905,0.0042875));
#7904=CARTESIAN_POINT('',(0.00762322330470302,0.00936312329952904,0.0042875));
#7905=CARTESIAN_POINT('',(-0.00777322330470347,0.00936312329953048,0.00255000000000006));
#7906=CARTESIAN_POINT('',(-0.00777436272322755,0.00936312329953048,0.00255000000000006));
#7907=CARTESIAN_POINT('',(-0.00762322330470347,0.00936312329953048,0.00255000000000006));
#7908=CARTESIAN_POINT('',(-0.00777322330470347,0.00936312329953048,0.00255000000000006));
#7909=CARTESIAN_POINT('',(-0.00777322330470351,0.00936312329953048,0.00481250000000007));
#7910=CARTESIAN_POINT('',(-0.00762322330470353,0.00936312329953048,0.00481250000000007));
#7911=CARTESIAN_POINT('',(0.00777322330470308,0.00820408572800569,0.00602500000000007));
#7912=CARTESIAN_POINT('',(0.00777322330470303,0.00936312329952905,0.0042875));
#7913=CARTESIAN_POINT('',(0.007773223304703,0.00936312329952905,0.00254999999999995));
#7914=CARTESIAN_POINT('',(0.00777322330470303,0.00936312329952905,0.0042875));
#7915=CARTESIAN_POINT('',(0.00762322330470307,0.00820408572800569,0.00602500000000007));
#7916=CARTESIAN_POINT('',(0.00762322330470302,0.00936312329952904,0.0042875));
#7917=CARTESIAN_POINT('',(0.007623223304703,0.00936312329952904,0.00254999999999995));
#7918=CARTESIAN_POINT('',(0.00762322330470302,0.00936312329952904,0.0042875));
#7919=CARTESIAN_POINT('',(-0.00777322330470356,0.00820408572800571,0.00602500000000008));
#7920=CARTESIAN_POINT('',(-0.00777322330470351,0.00936312329953048,0.00481250000000007));
#7921=CARTESIAN_POINT('',(-0.00777322330470349,0.00936312329953048,0.00360000000000006));
#7922=CARTESIAN_POINT('',(-0.00777322330470351,0.00936312329953048,0.00481250000000007));
#7923=CARTESIAN_POINT('',(-0.00762322330470357,0.00820408572800571,0.00602500000000008));
#7924=CARTESIAN_POINT('',(-0.00762322330470353,0.00936312329953048,0.00481250000000007));
#7925=CARTESIAN_POINT('',(-0.00762322330470349,0.00936312329953048,0.00360000000000006));
#7926=CARTESIAN_POINT('',(-0.00762322330470353,0.00936312329953048,0.00481250000000007));
#7927=CARTESIAN_POINT('',(0.00777322330470302,0.00936312329952905,0.00359999999999995));
#7928=CARTESIAN_POINT('',(0.00770050214175117,0.00936312329952905,0.00254999999999995));
#7929=CARTESIAN_POINT('',(-0.00777322330470347,0.00936312329953048,0.00255000000000006));
#7930=CARTESIAN_POINT('',(-0.00770050214175166,0.00936312329953048,0.00360000000000006));
#7931=CARTESIAN_POINT('',(0.00770471183510738,0.00887473227948168,0.00307499999999995));
#7932=CARTESIAN_POINT('',(0.00762778097879935,0.00931102884622896,0.00307499999999995));
#7933=CARTESIAN_POINT('',(0.00762778097879936,0.00931102884622896,0.00359999999999995));
#7934=CARTESIAN_POINT('',(0.00762778097879934,0.00931102884622896,0.00254999999999995));
#7935=CARTESIAN_POINT('',(0.0075099461015175,0.00997930364347423,0.00254999999999995));
#7936=CARTESIAN_POINT('',(0.00778818907348662,0.00840130933510967,0.00254999999999995));
#7937=CARTESIAN_POINT('',(0.00778818907348663,0.00840130933510967,0.00359999999999995));
#7938=CARTESIAN_POINT('',(0.00778818907348663,0.00840130933510967,0.00359999999999995));
#7939=CARTESIAN_POINT('',(0.00762778097879936,0.00931102884622896,0.00359999999999995));
#7940=CARTESIAN_POINT('',(0.00792322330470301,0.00936312329952905,0.00307499999999994));
#7941=CARTESIAN_POINT('',(0.00777550214175118,0.009337076072879,0.00307499999999995));
#7942=CARTESIAN_POINT('',(0.00777550214175117,0.009337076072879,0.00254999999999995));
#7943=CARTESIAN_POINT('',(0.00777550214175118,0.00933707607287901,0.00359999999999995));
#7944=CARTESIAN_POINT('',(0.007923223304703,0.00936312329952905,0.00254999999999994));
#7945=CARTESIAN_POINT('',(0.00792322330470301,0.00936312329952905,0.00359999999999994));
#7946=CARTESIAN_POINT('',(0.00793591023643845,0.00842735656175971,0.00254999999999994));
#7947=CARTESIAN_POINT('',(0.00793591023643846,0.00842735656175971,0.00359999999999994));
#7948=CARTESIAN_POINT('',(0.00793591023643846,0.00842735656175971,0.00359999999999994));
#7949=CARTESIAN_POINT('',(0.00793591023643845,0.00842735656175971,0.00254999999999994));
#7950=CARTESIAN_POINT('',(0.00793591023643846,0.00842735656175971,0.00359999999999994));
#7951=CARTESIAN_POINT('',(0.00793591023643845,0.00842735656175971,0.00254999999999994));
#7952=CARTESIAN_POINT('',(0.00777550214175118,0.00933707607287901,0.00359999999999995));
#7953=CARTESIAN_POINT('',(0.00792322330470301,0.00936312329952905,0.00359999999999994));
#7954=CARTESIAN_POINT('',(0.00765766726446935,0.0100053508701243,0.00359999999999995));
#7955=CARTESIAN_POINT('',(0.00785243299805921,0.00890077950613173,0.00307499999999995));
#7956=CARTESIAN_POINT('',(0.00765766726446933,0.0100053508701243,0.00254999999999995));
#7957=CARTESIAN_POINT('',(0.00776895575967996,0.00937420245050374,0.00254999999999995));
#7958=CARTESIAN_POINT('',(0.007923223304703,0.00936312329952905,0.00254999999999994));
#7959=CARTESIAN_POINT('',(0.00792322330470301,0.00936312329952905,0.00307499999999994));
#7960=CARTESIAN_POINT('',(-0.00770471183510784,0.00887473227948312,0.00307500000000006));
#7961=CARTESIAN_POINT('',(-0.00762778097879982,0.0093110288462304,0.00307500000000006));
#7962=CARTESIAN_POINT('',(-0.00762778097879981,0.0093110288462304,0.00255000000000006));
#7963=CARTESIAN_POINT('',(-0.00762778097879983,0.0093110288462304,0.00360000000000006));
#7964=CARTESIAN_POINT('',(-0.007509946101518,0.00997930364347566,0.00360000000000006));
#7965=CARTESIAN_POINT('',(-0.00778818907348709,0.00840130933511111,0.00360000000000006));
#7966=CARTESIAN_POINT('',(-0.00778818907348707,0.00840130933511111,0.00255000000000006));
#7967=CARTESIAN_POINT('',(-0.00778818907348707,0.00840130933511111,0.00255000000000006));
#7968=CARTESIAN_POINT('',(-0.00762778097879981,0.0093110288462304,0.00255000000000006));
#7969=CARTESIAN_POINT('',(-0.00792322330470348,0.00936312329953049,0.00307500000000005));
#7970=CARTESIAN_POINT('',(-0.00777550214175165,0.00933707607288044,0.00307500000000006));
#7971=CARTESIAN_POINT('',(-0.00777550214175166,0.00933707607288044,0.00360000000000006));
#7972=CARTESIAN_POINT('',(-0.00777550214175164,0.00933707607288044,0.00255000000000006));
#7973=CARTESIAN_POINT('',(-0.00792322330470349,0.00936312329953049,0.00360000000000005));
#7974=CARTESIAN_POINT('',(-0.00792322330470347,0.00936312329953049,0.00255000000000005));
#7975=CARTESIAN_POINT('',(-0.00793591023643892,0.00842735656176115,0.00360000000000005));
#7976=CARTESIAN_POINT('',(-0.0079359102364389,0.00842735656176115,0.00255000000000005));
#7977=CARTESIAN_POINT('',(-0.0079359102364389,0.00842735656176115,0.00255000000000005));
#7978=CARTESIAN_POINT('',(-0.00793591023643892,0.00842735656176115,0.00360000000000005));
#7979=CARTESIAN_POINT('',(-0.0079359102364389,0.00842735656176115,0.00255000000000005));
#7980=CARTESIAN_POINT('',(-0.00793591023643892,0.00842735656176115,0.00360000000000005));
#7981=CARTESIAN_POINT('',(-0.00777550214175164,0.00933707607288044,0.00255000000000006));
#7982=CARTESIAN_POINT('',(-0.00792322330470347,0.00936312329953049,0.00255000000000005));
#7983=CARTESIAN_POINT('',(-0.00765766726446981,0.0100053508701257,0.00255000000000006));
#7984=CARTESIAN_POINT('',(-0.00785243299805968,0.00890077950613317,0.00307500000000006));
#7985=CARTESIAN_POINT('',(-0.00765766726446983,0.0100053508701257,0.00360000000000006));
#7986=CARTESIAN_POINT('',(-0.00776895575968045,0.00937420245050518,0.00360000000000006));
#7987=CARTESIAN_POINT('',(-0.00792322330470349,0.00936312329953049,0.00360000000000005));
#7988=CARTESIAN_POINT('',(-0.00792322330470348,0.00936312329953049,0.00307500000000005));
#7989=CARTESIAN_POINT('',(-0.0064,-0.0107499999999998,0.0033));
#7990=CARTESIAN_POINT('',(-0.0064,-0.010675,0.00791));
#7991=CARTESIAN_POINT('',(-0.0064,-0.01075,0.00791));
#7992=CARTESIAN_POINT('',(-0.0064,-0.01075,0.0136571460032938));
#7993=CARTESIAN_POINT('',(-0.00641,-0.0106,0.00791));
#7994=CARTESIAN_POINT('',(-0.00641,-0.0106,0.00791));
#7995=CARTESIAN_POINT('',(-0.00641,-0.01075,0.00791));
#7996=CARTESIAN_POINT('',(-0.00641,-0.01075,0.0159621460032938));
#7997=CARTESIAN_POINT('',(-0.00641,-0.01075,0.0079));
#7998=CARTESIAN_POINT('',(-0.00641,-0.0106,0.0079));
#7999=CARTESIAN_POINT('',(-0.0064,-0.0106,0.00791));
#8000=CARTESIAN_POINT('',(-0.0032,-0.01075,0.00791));
#8001=CARTESIAN_POINT('',(-0.0064,-0.0107499999999998,0.0033));
#8002=CARTESIAN_POINT('',(-0.0064,-0.010675,0.00579));
#8003=CARTESIAN_POINT('',(-0.0064,-0.01075,0.00579));
#8004=CARTESIAN_POINT('',(-0.0064,-0.01075,0.0136571460032938));
#8005=CARTESIAN_POINT('',(-0.00641,-0.0106,0.0058));
#8006=CARTESIAN_POINT('',(-0.00641,-0.0106,0.0058));
#8007=CARTESIAN_POINT('',(-0.00641,-0.01075,0.0058));
#8008=CARTESIAN_POINT('',(-0.00641,-0.01075,0.0149071460032938));
#8009=CARTESIAN_POINT('',(-0.00641,-0.01075,0.00579));
#8010=CARTESIAN_POINT('',(-0.00641,-0.0106,0.00579));
#8011=CARTESIAN_POINT('',(-0.00641,-0.0106,0.00579));
#8012=CARTESIAN_POINT('',(-0.003205,-0.01075,0.00579));
#8013=CARTESIAN_POINT('',(0.0064,-0.01075,0.0113));
#8014=CARTESIAN_POINT('',(0.0064,-0.010675,0.00791));
#8015=CARTESIAN_POINT('',(0.0064,-0.01075,0.00791));
#8016=CARTESIAN_POINT('',(0.0064,-0.01075,0.0176571460032938));
#8017=CARTESIAN_POINT('',(0.0064,-0.01075,0.0113));
#8018=CARTESIAN_POINT('',(0.0064,-0.010675,0.00579));
#8019=CARTESIAN_POINT('',(0.0064,-0.01075,0.00579));
#8020=CARTESIAN_POINT('',(0.0064,-0.01075,0.0176571460032938));
#8021=CARTESIAN_POINT('',(0.00641,-0.0106,0.00579));
#8022=CARTESIAN_POINT('',(0.00641,-0.0106,0.00579));
#8023=CARTESIAN_POINT('',(0.00641,-0.01075,0.00579));
#8024=CARTESIAN_POINT('',(0.00641,-0.01075,0.0149021460032938));
#8025=CARTESIAN_POINT('',(0.00641,-0.01075,0.0058));
#8026=CARTESIAN_POINT('',(0.00641,-0.0106,0.0058));
#8027=CARTESIAN_POINT('',(0.0064,-0.0106,0.00579));
#8028=CARTESIAN_POINT('',(0.0032,-0.01075,0.00579));
#8029=CARTESIAN_POINT('',(-1.11022302462516E-18,-0.0107500000000002,0.0240142920065877));
#8030=CARTESIAN_POINT('',(0.003205,-0.01075,0.00791));
#8031=CARTESIAN_POINT('',(0.00641,-0.01075,0.00791));
#8032=CARTESIAN_POINT('',(0.00641,-0.01075,0.0159571460032938));
#8033=CARTESIAN_POINT('',(0.00641,-0.01075,0.0079));
#8034=CARTESIAN_POINT('',(0.0032,-0.01075,0.0079));
#8035=CARTESIAN_POINT('',(0.0064,-0.01075,0.0079));
#8036=CARTESIAN_POINT('',(0.0064,-0.01075,0.0176571460032938));
#8037=CARTESIAN_POINT('',(0.0064,-0.01075,0.0058));
#8038=CARTESIAN_POINT('',(0.003205,-0.01075,0.0058));
#8039=CARTESIAN_POINT('',(-0.0032,-0.01075,0.0058));
#8040=CARTESIAN_POINT('',(-0.0064,-0.01075,0.0058));
#8041=CARTESIAN_POINT('',(-0.0064,-0.01075,0.0136571460032938));
#8042=CARTESIAN_POINT('',(-0.0064,-0.01075,0.0079));
#8043=CARTESIAN_POINT('',(-0.003205,-0.01075,0.0079));
#8044=CARTESIAN_POINT('',(0.00641,-0.0106,0.0079));
#8045=CARTESIAN_POINT('',(0.00641,-0.0106,0.0079));
#8046=CARTESIAN_POINT('',(0.00641,-0.0106,0.00791));
#8047=CARTESIAN_POINT('',(0.00641,-0.0106,0.00791));
#8048=CARTESIAN_POINT('',(-0.0060121508763413,-0.009458978204702,0.00685));
#8049=CARTESIAN_POINT('',(-0.00610114159057246,-0.0104761467228242,0.00685));
#8050=CARTESIAN_POINT('',(-0.00610114159057246,-0.0104761467228242,0.0079));
#8051=CARTESIAN_POINT('',(-0.00610114159057246,-0.0104761467228242,0.0058));
#8052=CARTESIAN_POINT('',(-0.00616028408425745,-0.0111521485189593,0.0058));
#8053=CARTESIAN_POINT('',(-0.00589523176231446,-0.00812258661618264,0.0058));
#8054=CARTESIAN_POINT('',(-0.00589523176231446,-0.00812258661618268,0.0079));
#8055=CARTESIAN_POINT('',(-0.00589523176231446,-0.00812258661618268,0.0079));
#8056=CARTESIAN_POINT('',(-0.00610114159057246,-0.0104761467228242,0.0079));
#8057=CARTESIAN_POINT('',(-0.0064,-0.01045,0.00685));
#8058=CARTESIAN_POINT('',(-0.00625057079528622,-0.010463073361412,0.00685));
#8059=CARTESIAN_POINT('',(-0.00625057079528622,-0.010463073361412,0.0058));
#8060=CARTESIAN_POINT('',(-0.00625057079528623,-0.010463073361412,0.0079));
#8061=CARTESIAN_POINT('',(-0.0064,-0.01045,0.0058));
#8062=CARTESIAN_POINT('',(-0.0064,-0.01045,0.0079));
#8063=CARTESIAN_POINT('',(-0.00616158008105507,-0.00944590484328985,0.00685));
#8064=CARTESIAN_POINT('',(-0.00630971328897121,-0.0111390751575472,0.0079));
#8065=CARTESIAN_POINT('',(-0.00604466096702823,-0.00810951325477053,0.0079));
#8066=CARTESIAN_POINT('',(-0.00604466096702823,-0.00810951325477053,0.0079));
#8067=CARTESIAN_POINT('',(-0.00604466096702822,-0.00810951325477049,0.0058));
#8068=CARTESIAN_POINT('',(-0.00630971328897122,-0.0111390751575472,0.0058));
#8069=CARTESIAN_POINT('',(-0.0064,-0.01045,0.00685));
#8070=CARTESIAN_POINT('',(-0.0064,-0.01045,0.0079));
#8071=CARTESIAN_POINT('',(-0.0064,-0.01045,0.0058));
#8072=CARTESIAN_POINT('',(0.00601215087634134,-0.009458978204702,0.00685));
#8073=CARTESIAN_POINT('',(0.00610114159057249,-0.0104761467228242,0.00685));
#8074=CARTESIAN_POINT('',(0.00610114159057249,-0.0104761467228242,0.0058));
#8075=CARTESIAN_POINT('',(0.00610114159057249,-0.0104761467228242,0.0079));
#8076=CARTESIAN_POINT('',(0.00616028408425747,-0.0111521485189593,0.0079));
#8077=CARTESIAN_POINT('',(0.00589523176231449,-0.00812258661618269,0.0079));
#8078=CARTESIAN_POINT('',(0.00589523176231449,-0.00812258661618265,0.0058));
#8079=CARTESIAN_POINT('',(0.00589523176231449,-0.00812258661618265,0.0058));
#8080=CARTESIAN_POINT('',(0.00610114159057249,-0.0104761467228242,0.0058));
#8081=CARTESIAN_POINT('',(0.0064,-0.01045,0.00685));
#8082=CARTESIAN_POINT('',(0.00625057079528625,-0.010463073361412,0.00685));
#8083=CARTESIAN_POINT('',(0.00625057079528625,-0.010463073361412,0.0079));
#8084=CARTESIAN_POINT('',(0.00625057079528625,-0.010463073361412,0.0058));
#8085=CARTESIAN_POINT('',(0.0064,-0.01045,0.0079));
#8086=CARTESIAN_POINT('',(0.0064,-0.01045,0.0058));
#8087=CARTESIAN_POINT('',(0.0061615800810551,-0.00944590484328985,0.00685));
#8088=CARTESIAN_POINT('',(0.00630971328897124,-0.0111390751575472,0.0058));
#8089=CARTESIAN_POINT('',(0.00604466096702826,-0.0081095132547705,0.0058));
#8090=CARTESIAN_POINT('',(0.00604466096702826,-0.0081095132547705,0.0058));
#8091=CARTESIAN_POINT('',(0.00604466096702825,-0.00810951325477055,0.0079));
#8092=CARTESIAN_POINT('',(0.00630971328897124,-0.0111390751575472,0.0079));
#8093=CARTESIAN_POINT('',(0.0064,-0.01045,0.00685));
#8094=CARTESIAN_POINT('',(0.0064,-0.01045,0.0058));
#8095=CARTESIAN_POINT('',(0.0064,-0.01045,0.0079));
#8096=CARTESIAN_POINT('',(-0.00595838383686953,-0.00734846165534175,0.00685));
#8097=CARTESIAN_POINT('',(-0.00589523176231446,-0.00807029317053406,0.00685));
#8098=CARTESIAN_POINT('',(-0.00589523176231446,-0.00807029317053408,0.0079));
#8099=CARTESIAN_POINT('',(-0.00589523176231445,-0.00807029317053404,0.0058));
#8100=CARTESIAN_POINT('',(-0.00583608926862947,-0.00874629496666919,0.0058));
#8101=CARTESIAN_POINT('',(-0.00602482160551819,-0.00658907448480858,0.00580000000000008));
#8102=CARTESIAN_POINT('',(-0.0060248216055182,-0.00658907448480862,0.0079));
#8103=CARTESIAN_POINT('',(-0.0060248216055182,-0.00658907448480862,0.0079));
#8104=CARTESIAN_POINT('',(-0.00589523176231446,-0.00807029317053408,0.0079));
#8105=CARTESIAN_POINT('',(-0.00619409017174199,-0.00809643989335836,0.00685));
#8106=CARTESIAN_POINT('',(-0.00604466096702822,-0.00808336653194621,0.00685));
#8107=CARTESIAN_POINT('',(-0.00604466096702821,-0.00808336653194619,0.0058));
#8108=CARTESIAN_POINT('',(-0.00604466096702822,-0.00808336653194623,0.0079));
#8109=CARTESIAN_POINT('',(-0.00619409017174198,-0.00809643989335834,0.0058));
#8110=CARTESIAN_POINT('',(-0.00619409017174199,-0.00809643989335838,0.0079));
#8111=CARTESIAN_POINT('',(-0.00617425081023195,-0.00660214784622073,0.00580000000000008));
#8112=CARTESIAN_POINT('',(-0.00617425081023196,-0.00660214784622077,0.0079));
#8113=CARTESIAN_POINT('',(-0.00617425081023196,-0.00660214784622077,0.0079));
#8114=CARTESIAN_POINT('',(-0.00617425081023195,-0.00660214784622073,0.00580000000000008));
#8115=CARTESIAN_POINT('',(-0.00617425081023196,-0.00660214784622077,0.0079));
#8116=CARTESIAN_POINT('',(-0.00617425081023195,-0.00660214784622073,0.00580000000000008));
#8117=CARTESIAN_POINT('',(-0.00604466096702822,-0.00808336653194623,0.0079));
#8118=CARTESIAN_POINT('',(-0.00619409017174199,-0.00809643989335838,0.0079));
#8119=CARTESIAN_POINT('',(-0.00598551847334324,-0.00875936832808138,0.0079));
#8120=CARTESIAN_POINT('',(-0.00610781304158328,-0.0073615350167539,0.00685));
#8121=CARTESIAN_POINT('',(-0.00598551847334323,-0.00875936832808134,0.0058));
#8122=CARTESIAN_POINT('',(-0.0060413752729346,-0.00812092218728703,0.0058));
#8123=CARTESIAN_POINT('',(-0.00619409017174198,-0.00809643989335834,0.0058));
#8124=CARTESIAN_POINT('',(-0.00619409017174199,-0.00809643989335836,0.00685));
#8125=CARTESIAN_POINT('',(0.00595838383686956,-0.0073484616553418,0.00685));
#8126=CARTESIAN_POINT('',(0.0058952317623145,-0.0080702931705341,0.00685));
#8127=CARTESIAN_POINT('',(0.0058952317623145,-0.00807029317053408,0.0058));
#8128=CARTESIAN_POINT('',(0.00589523176231449,-0.00807029317053412,0.0079));
#8129=CARTESIAN_POINT('',(0.00583608926862951,-0.00874629496666928,0.0079));
#8130=CARTESIAN_POINT('',(0.00602482160551822,-0.00658907448480867,0.00790000000000009));
#8131=CARTESIAN_POINT('',(0.00602482160551823,-0.00658907448480862,0.00580000000000009));
#8132=CARTESIAN_POINT('',(0.00602482160551823,-0.00658907448480862,0.00580000000000009));
#8133=CARTESIAN_POINT('',(0.0058952317623145,-0.00807029317053408,0.0058));
#8134=CARTESIAN_POINT('',(0.00619409017174202,-0.00809643989335839,0.00685));
#8135=CARTESIAN_POINT('',(0.00604466096702826,-0.00808336653194625,0.00685));
#8136=CARTESIAN_POINT('',(0.00604466096702825,-0.00808336653194627,0.0079));
#8137=CARTESIAN_POINT('',(0.00604466096702826,-0.00808336653194622,0.0058));
#8138=CARTESIAN_POINT('',(0.00619409017174202,-0.00809643989335841,0.0079));
#8139=CARTESIAN_POINT('',(0.00619409017174202,-0.00809643989335837,0.0058));
#8140=CARTESIAN_POINT('',(0.00617425081023198,-0.00660214784622081,0.0079));
#8141=CARTESIAN_POINT('',(0.00617425081023199,-0.00660214784622077,0.00580000000000008));
#8142=CARTESIAN_POINT('',(0.00617425081023199,-0.00660214784622077,0.00580000000000008));
#8143=CARTESIAN_POINT('',(0.00617425081023198,-0.00660214784622081,0.0079));
#8144=CARTESIAN_POINT('',(0.00617425081023199,-0.00660214784622077,0.00580000000000008));
#8145=CARTESIAN_POINT('',(0.00617425081023198,-0.00660214784622081,0.0079));
#8146=CARTESIAN_POINT('',(0.00604466096702826,-0.00808336653194622,0.0058));
#8147=CARTESIAN_POINT('',(0.00619409017174202,-0.00809643989335837,0.0058));
#8148=CARTESIAN_POINT('',(0.00598551847334328,-0.00875936832808137,0.0058));
#8149=CARTESIAN_POINT('',(0.00610781304158332,-0.00736153501675394,0.00685));
#8150=CARTESIAN_POINT('',(0.00598551847334327,-0.00875936832808142,0.0079));
#8151=CARTESIAN_POINT('',(0.00604137527293464,-0.00812092218728711,0.0079));
#8152=CARTESIAN_POINT('',(0.00619409017174202,-0.00809643989335841,0.0079));
#8153=CARTESIAN_POINT('',(0.00619409017174202,-0.00809643989335839,0.00685));
#8154=CARTESIAN_POINT('',(0.00791249999999967,0.00305155444566232,0.));
#8155=CARTESIAN_POINT('',(0.00787499999999963,0.00302990381056768,0.));
#8156=CARTESIAN_POINT('',(0.0078749999999996,0.00302990381056768,-0.00207499999999997));
#8157=CARTESIAN_POINT('',(0.00787499999999964,0.00302990381056768,0.000400000000000029));
#8158=CARTESIAN_POINT('',(0.00787499999999964,0.00302990381056768,0.000400000000000029));
#8159=CARTESIAN_POINT('',(0.00791249999999968,0.00305155444566232,0.000400000000000029));
#8160=CARTESIAN_POINT('',(0.00791249999999964,0.00305155444566232,-0.00207499999999997));
#8161=CARTESIAN_POINT('',(0.00791249999999964,0.00305155444566232,-0.00207499999999997));
#8162=CARTESIAN_POINT('',(0.0078749999999996,0.00302990381056768,-0.00207499999999997));
#8163=CARTESIAN_POINT('',(0.00794999999999969,0.00290000000000005,0.));
#8164=CARTESIAN_POINT('',(0.00802499999999967,0.00294330127018927,0.));
#8165=CARTESIAN_POINT('',(0.00802499999999964,0.00294330127018927,-0.00207499999999997));
#8166=CARTESIAN_POINT('',(0.00802499999999968,0.00294330127018927,0.000400000000000029));
#8167=CARTESIAN_POINT('',(0.00802499999999968,0.00294330127018927,0.000400000000000029));
#8168=CARTESIAN_POINT('',(0.00802499999999964,0.00294330127018927,-0.00207499999999997));
#8169=CARTESIAN_POINT('',(0.00787499999999967,0.00311650635094616,0.));
#8170=CARTESIAN_POINT('',(0.00787499999999968,0.00311650635094616,0.000400000000000029));
#8171=CARTESIAN_POINT('',(0.00794999999999968,0.00311650635094616,0.000400000000000029));
#8172=CARTESIAN_POINT('',(0.00794999999999967,0.00311650635094616,0.));
#8173=CARTESIAN_POINT('',(0.00794999999999964,0.00311650635094616,-0.00207499999999997));
#8174=CARTESIAN_POINT('',(0.00787499999999964,0.00311650635094616,-0.00207499999999997));
#8175=CARTESIAN_POINT('',(0.00789374999999966,0.00320000000000005,0.00040000000000003));
#8176=CARTESIAN_POINT('',(0.00787499999999963,0.00320000000000006,0.00040000000000003));
#8177=CARTESIAN_POINT('',(0.00787499999999963,0.00337009618943243,0.000400000000000031));
#8178=CARTESIAN_POINT('',(0.00787499999999963,0.00337009618943243,0.000400000000000031));
#8179=CARTESIAN_POINT('',(0.00791249999999967,0.00334844555433779,0.00040000000000003));
#8180=CARTESIAN_POINT('',(0.00791249999999967,0.00320000000000005,0.000400000000000029));
#8181=CARTESIAN_POINT('',(0.00794999999999962,0.00320000000000005,0.000400000000000029));
#8182=CARTESIAN_POINT('',(0.00794999999999962,0.00290000000000005,0.000400000000000029));
#8183=CARTESIAN_POINT('',(0.00794999999999962,0.00350000000000005,0.000400000000000029));
#8184=CARTESIAN_POINT('',(0.00798749999999968,0.00320000000000005,0.000400000000000028));
#8185=CARTESIAN_POINT('',(0.00802499999999967,0.00320000000000005,0.000400000000000028));
#8186=CARTESIAN_POINT('',(0.00802499999999967,0.00345669872981084,0.000400000000000027));
#8187=CARTESIAN_POINT('',(0.00802499999999967,0.00345669872981084,0.000400000000000027));
#8188=CARTESIAN_POINT('',(0.00794999999998642,0.00320000000000007,0.000400000000000016));
#8189=CARTESIAN_POINT('',(0.00794999999998646,0.00307320508076456,0.000400000000000029));
#8190=CARTESIAN_POINT('',(0.00809999999999967,0.00307320508075693,0.000400000000000029));
#8191=CARTESIAN_POINT('',(0.00809999999999967,0.00320000000000005,0.000400000000000027));
#8192=CARTESIAN_POINT('',(0.00809999999999967,0.00332679491924317,0.000400000000000024));
#8193=CARTESIAN_POINT('',(0.00794999999998645,0.00332679491923555,0.000400000000000029));
#8194=CARTESIAN_POINT('',(0.00809999999999967,0.00307320508075693,0.000400000000000029));
#8195=CARTESIAN_POINT('',(0.00809999999999967,0.00307320508075693,0.));
#8196=CARTESIAN_POINT('',(0.00809999999999964,0.00307320508075693,-0.00207499999999997));
#8197=CARTESIAN_POINT('',(0.00809999999999963,0.00320000000000005,-0.00207499999999997));
#8198=CARTESIAN_POINT('',(0.00809999999999963,0.00332679491924317,-0.00207499999999997));
#8199=CARTESIAN_POINT('',(0.00809999999999967,0.00332679491924317,0.000400000000000024));
#8200=CARTESIAN_POINT('',(0.00794999999999968,0.00320000000000005,0.000400000000000029));
#8201=CARTESIAN_POINT('',(0.00794999999999967,0.00320000000000005,0.000400000000000029));
#8202=CARTESIAN_POINT('',(0.00794999999999967,0.00328349364905395,0.000400000000000029));
#8203=CARTESIAN_POINT('',(0.00794999999999967,0.00328349364905395,0.000400000000000029));
#8204=CARTESIAN_POINT('',(0.00794999999999963,0.00328349364905395,-0.00207499999999997));
#8205=CARTESIAN_POINT('',(0.00794999999999963,0.00320000000000005,-0.00207499999999997));
#8206=CARTESIAN_POINT('',(0.00787499999999967,0.00320000000000005,0.00040000000000003));
#8207=CARTESIAN_POINT('',(0.00787499999999967,0.00328349364905395,0.000400000000000031));
#8208=CARTESIAN_POINT('',(0.00791249999999967,0.00334844555433779,0.00040000000000003));
#8209=CARTESIAN_POINT('',(0.00787499999999963,0.00337009618943243,0.000400000000000031));
#8210=CARTESIAN_POINT('',(0.00787499999999959,0.00337009618943243,-0.00207499999999997));
#8211=CARTESIAN_POINT('',(0.00787499999999959,0.00337009618943243,-0.00207499999999997));
#8212=CARTESIAN_POINT('',(0.00791249999999963,0.00334844555433779,-0.00207499999999997));
#8213=CARTESIAN_POINT('',(0.00791249999999967,0.00334844555433779,0.00040000000000003));
#8214=CARTESIAN_POINT('',(0.00794999999999962,0.00350000000000005,0.000400000000000029));
#8215=CARTESIAN_POINT('',(0.00794999999999958,0.00350000000000005,-0.00207499999999997));
#8216=CARTESIAN_POINT('',(0.00794999999999969,0.00350000000000005,0.000400000000000029));
#8217=CARTESIAN_POINT('',(0.00802499999999967,0.00345669872981084,0.000400000000000027));
#8218=CARTESIAN_POINT('',(0.00802499999999963,0.00345669872981084,-0.00207499999999997));
#8219=CARTESIAN_POINT('',(0.00802499999999963,0.00345669872981084,-0.00207499999999997));
#8220=CARTESIAN_POINT('',(0.00794999999998645,0.00332679491923555,0.000400000000000029));
#8221=CARTESIAN_POINT('',(0.00794999999998641,0.00332679491923555,-0.00207499999999997));
#8222=CARTESIAN_POINT('',(0.00787499999999967,0.00328349364905395,0.000400000000000031));
#8223=CARTESIAN_POINT('',(0.00787499999999963,0.00328349364905395,-0.00207499999999997));
#8224=CARTESIAN_POINT('',(0.00789374999999961,0.00320000000000005,-0.00207499999999997));
#8225=CARTESIAN_POINT('',(0.00787499999999959,0.00320000000000006,-0.00207499999999997));
#8226=CARTESIAN_POINT('',(0.00791249999999963,0.00320000000000005,-0.00207499999999997));
#8227=CARTESIAN_POINT('',(0.00794999999999958,0.00320000000000005,-0.00207499999999997));
#8228=CARTESIAN_POINT('',(0.00794999999999958,0.00290000000000005,-0.00207499999999997));
#8229=CARTESIAN_POINT('',(0.00798749999999965,0.00320000000000005,-0.00207499999999997));
#8230=CARTESIAN_POINT('',(0.00802499999999963,0.00320000000000005,-0.00207499999999997));
#8231=CARTESIAN_POINT('',(0.00794999999998643,0.00320000000000008,-0.002075));
#8232=CARTESIAN_POINT('',(0.00794999999998642,0.00307320508076456,-0.00207499999999997));
#8233=CARTESIAN_POINT('',(0.00787499999999963,0.00320000000000005,-0.00207499999999997));
#8234=CARTESIAN_POINT('',(0.00794999999999958,0.00290000000000005,-0.00207499999999997));
#8235=CARTESIAN_POINT('',(0.00794999999998642,0.00307320508076456,-0.00207499999999997));
#8236=CARTESIAN_POINT('',(0.00747334227942574,0.000141035915078651,9.90000000000235E-5));
#8237=CARTESIAN_POINT('',(0.00527154590613677,-3.59721384100518E-19,9.90000000000556E-5));
#8238=CARTESIAN_POINT('',(0.00694999999999972,-0.00142224887231268,9.9000000000026E-5));
#8239=CARTESIAN_POINT('',(0.0069499999999997,0.0014222488723127,9.90000000000364E-5));
#8240=CARTESIAN_POINT('',(0.0069499999999997,0.00212500000000004,9.90000000000391E-5));
#8241=CARTESIAN_POINT('',(0.0069499999999997,0.00212500000000004,9.90000000000391E-5));
#8242=CARTESIAN_POINT('',(0.00694999999999973,-0.00187499999999996,0.000249000000000027));
#8243=CARTESIAN_POINT('',(0.00694999999999972,-0.00142224887231268,9.90000000000274E-5));
#8244=CARTESIAN_POINT('',(0.00694999999999973,-0.00187499999999996,0.000249000000000027));
#8245=CARTESIAN_POINT('',(0.0069499999999997,0.0014222488723127,9.90000000000379E-5));
#8246=CARTESIAN_POINT('',(0.00527154590613677,-3.59721384100525E-19,9.90000000000575E-5));
#8247=CARTESIAN_POINT('',(-0.00791249999999967,0.00305155444566232,0.));
#8248=CARTESIAN_POINT('',(-0.00787499999999963,0.00302990381056768,0.));
#8249=CARTESIAN_POINT('',(-0.0078749999999996,0.00302990381056768,-0.00207499999999997));
#8250=CARTESIAN_POINT('',(-0.00787499999999964,0.00302990381056768,0.000400000000000029));
#8251=CARTESIAN_POINT('',(-0.0078749999999996,0.00302990381056768,-0.00207499999999997));
#8252=CARTESIAN_POINT('',(-0.00791249999999964,0.00305155444566232,-0.00207499999999997));
#8253=CARTESIAN_POINT('',(-0.00791249999999964,0.00305155444566232,-0.00207499999999997));
#8254=CARTESIAN_POINT('',(-0.00791249999999968,0.00305155444566232,0.000400000000000029));
#8255=CARTESIAN_POINT('',(-0.00787499999999964,0.00302990381056768,0.000400000000000029));
#8256=CARTESIAN_POINT('',(-0.00794999999999969,0.00290000000000005,0.));
#8257=CARTESIAN_POINT('',(-0.00802499999999967,0.00294330127018927,0.));
#8258=CARTESIAN_POINT('',(-0.00802499999999964,0.00294330127018927,-0.00207499999999997));
#8259=CARTESIAN_POINT('',(-0.00802499999999968,0.00294330127018927,0.000400000000000029));
#8260=CARTESIAN_POINT('',(-0.00802499999999964,0.00294330127018927,-0.00207499999999997));
#8261=CARTESIAN_POINT('',(-0.00802499999999968,0.00294330127018927,0.000400000000000029));
#8262=CARTESIAN_POINT('',(-0.00787499999999967,0.00311650635094616,0.));
#8263=CARTESIAN_POINT('',(-0.00787499999999964,0.00311650635094616,-0.00207499999999997));
#8264=CARTESIAN_POINT('',(-0.00794999999999964,0.00311650635094616,-0.00207499999999997));
#8265=CARTESIAN_POINT('',(-0.00794999999999967,0.00311650635094616,0.));
#8266=CARTESIAN_POINT('',(-0.00794999999999968,0.00311650635094616,0.000400000000000029));
#8267=CARTESIAN_POINT('',(-0.00787499999999968,0.00311650635094616,0.000400000000000029));
#8268=CARTESIAN_POINT('',(-0.00789374999999966,0.00320000000000005,0.00040000000000003));
#8269=CARTESIAN_POINT('',(-0.00791249999999967,0.00320000000000005,0.000400000000000029));
#8270=CARTESIAN_POINT('',(-0.00791249999999967,0.00334844555433779,0.00040000000000003));
#8271=CARTESIAN_POINT('',(-0.00787499999999963,0.00337009618943243,0.000400000000000031));
#8272=CARTESIAN_POINT('',(-0.00787499999999963,0.00337009618943243,0.000400000000000031));
#8273=CARTESIAN_POINT('',(-0.00787499999999963,0.00320000000000006,0.00040000000000003));
#8274=CARTESIAN_POINT('',(-0.00794999999999962,0.00320000000000005,0.000400000000000029));
#8275=CARTESIAN_POINT('',(-0.00794999999999962,0.00290000000000005,0.000400000000000029));
#8276=CARTESIAN_POINT('',(-0.00794999999999962,0.00350000000000005,0.000400000000000029));
#8277=CARTESIAN_POINT('',(-0.00798749999999968,0.00320000000000005,0.000400000000000028));
#8278=CARTESIAN_POINT('',(-0.00802499999999967,0.00345669872981084,0.000400000000000027));
#8279=CARTESIAN_POINT('',(-0.00802499999999967,0.00345669872981084,0.000400000000000027));
#8280=CARTESIAN_POINT('',(-0.00802499999999967,0.00320000000000005,0.000400000000000028));
#8281=CARTESIAN_POINT('',(-0.00794999999998641,0.00320000000000007,0.000400000000000016));
#8282=CARTESIAN_POINT('',(-0.00794999999998646,0.00307320508076456,0.000400000000000029));
#8283=CARTESIAN_POINT('',(-0.00809999999999967,0.00307320508075693,0.000400000000000029));
#8284=CARTESIAN_POINT('',(-0.00794999999998645,0.00332679491923555,0.000400000000000029));
#8285=CARTESIAN_POINT('',(-0.00809999999999967,0.00332679491924317,0.000400000000000024));
#8286=CARTESIAN_POINT('',(-0.00809999999999967,0.00320000000000005,0.000400000000000027));
#8287=CARTESIAN_POINT('',(-0.00809999999999967,0.00307320508075693,0.000400000000000029));
#8288=CARTESIAN_POINT('',(-0.00809999999999967,0.00307320508075693,0.));
#8289=CARTESIAN_POINT('',(-0.00809999999999964,0.00307320508075693,-0.00207499999999997));
#8290=CARTESIAN_POINT('',(-0.00809999999999967,0.00332679491924317,0.000400000000000024));
#8291=CARTESIAN_POINT('',(-0.00809999999999963,0.00332679491924317,-0.00207499999999997));
#8292=CARTESIAN_POINT('',(-0.00809999999999963,0.00320000000000005,-0.00207499999999997));
#8293=CARTESIAN_POINT('',(-0.00794999999999968,0.00320000000000005,0.000400000000000029));
#8294=CARTESIAN_POINT('',(-0.00794999999999967,0.00320000000000005,0.000400000000000029));
#8295=CARTESIAN_POINT('',(-0.00794999999999967,0.00328349364905395,0.000400000000000029));
#8296=CARTESIAN_POINT('',(-0.00794999999999963,0.00320000000000005,-0.00207499999999997));
#8297=CARTESIAN_POINT('',(-0.00794999999999963,0.00328349364905395,-0.00207499999999997));
#8298=CARTESIAN_POINT('',(-0.00794999999999967,0.00328349364905395,0.000400000000000029));
#8299=CARTESIAN_POINT('',(-0.00787499999999967,0.00320000000000005,0.00040000000000003));
#8300=CARTESIAN_POINT('',(-0.00787499999999967,0.00328349364905395,0.000400000000000031));
#8301=CARTESIAN_POINT('',(-0.00791249999999967,0.00334844555433779,0.00040000000000003));
#8302=CARTESIAN_POINT('',(-0.00791249999999967,0.00334844555433779,0.00040000000000003));
#8303=CARTESIAN_POINT('',(-0.00791249999999963,0.00334844555433779,-0.00207499999999997));
#8304=CARTESIAN_POINT('',(-0.00787499999999959,0.00337009618943243,-0.00207499999999997));
#8305=CARTESIAN_POINT('',(-0.00787499999999959,0.00337009618943243,-0.00207499999999997));
#8306=CARTESIAN_POINT('',(-0.00787499999999963,0.00337009618943243,0.000400000000000031));
#8307=CARTESIAN_POINT('',(-0.00794999999999962,0.00350000000000005,0.000400000000000029));
#8308=CARTESIAN_POINT('',(-0.00794999999999958,0.00350000000000005,-0.00207499999999997));
#8309=CARTESIAN_POINT('',(-0.00794999999999969,0.00350000000000005,0.000400000000000029));
#8310=CARTESIAN_POINT('',(-0.00802499999999963,0.00345669872981084,-0.00207499999999997));
#8311=CARTESIAN_POINT('',(-0.00802499999999963,0.00345669872981084,-0.00207499999999997));
#8312=CARTESIAN_POINT('',(-0.00802499999999967,0.00345669872981084,0.000400000000000027));
#8313=CARTESIAN_POINT('',(-0.00794999999998645,0.00332679491923555,0.000400000000000029));
#8314=CARTESIAN_POINT('',(-0.00794999999998641,0.00332679491923555,-0.00207499999999997));
#8315=CARTESIAN_POINT('',(-0.00787499999999967,0.00328349364905395,0.000400000000000031));
#8316=CARTESIAN_POINT('',(-0.00787499999999963,0.00328349364905395,-0.00207499999999997));
#8317=CARTESIAN_POINT('',(-0.00789374999999961,0.00320000000000005,-0.00207499999999997));
#8318=CARTESIAN_POINT('',(-0.00791249999999963,0.00320000000000005,-0.00207499999999997));
#8319=CARTESIAN_POINT('',(-0.00787499999999959,0.00320000000000006,-0.00207499999999997));
#8320=CARTESIAN_POINT('',(-0.00794999999999958,0.00320000000000005,-0.00207499999999997));
#8321=CARTESIAN_POINT('',(-0.00794999999999958,0.00290000000000005,-0.00207499999999997));
#8322=CARTESIAN_POINT('',(-0.00798749999999965,0.00320000000000005,-0.00207499999999997));
#8323=CARTESIAN_POINT('',(-0.00802499999999963,0.00320000000000005,-0.00207499999999997));
#8324=CARTESIAN_POINT('',(-0.00794999999998642,0.00320000000000011,-0.00207500000000005));
#8325=CARTESIAN_POINT('',(-0.00794999999998642,0.00307320508076456,-0.00207499999999997));
#8326=CARTESIAN_POINT('',(-0.00787499999999963,0.00320000000000005,-0.00207499999999997));
#8327=CARTESIAN_POINT('',(-0.00794999999999958,0.00290000000000005,-0.00207499999999997));
#8328=CARTESIAN_POINT('',(-0.00794999999998642,0.00307320508076456,-0.00207499999999997));
#8329=CARTESIAN_POINT('',(-0.007473342279426,0.000141035915078687,9.90000000000313E-5));
#8330=CARTESIAN_POINT('',(-0.00527154590613677,-3.59721384100547E-19,9.90000000000634E-5));
#8331=CARTESIAN_POINT('',(-0.0069499999999997,0.0014222488723127,9.90000000000364E-5));
#8332=CARTESIAN_POINT('',(-0.00694999999999972,-0.00142224887231268,9.9000000000026E-5));
#8333=CARTESIAN_POINT('',(-0.00695,-0.00187499999999991,9.90000000000324E-5));
#8334=CARTESIAN_POINT('',(-0.00695,-0.00187499999999991,9.90000000000324E-5));
#8335=CARTESIAN_POINT('',(-0.00695,0.00212500000000009,0.000249000000000045));
#8336=CARTESIAN_POINT('',(-0.00695,0.00142224887231236,9.90000000000379E-5));
#8337=CARTESIAN_POINT('',(-0.00695,0.00212500000000009,0.000249000000000045));
#8338=CARTESIAN_POINT('',(-0.00695,-0.00142224887231241,9.90000000000274E-5));
#8339=CARTESIAN_POINT('',(-0.00527154590613677,-3.59721384100525E-19,9.90000000000575E-5));
#8340=MECHANICAL_DESIGN_GEOMETRIC_PRESENTATION_REPRESENTATION('',(#4889),
#8341);
#8341=(
GEOMETRIC_REPRESENTATION_CONTEXT(3)
GLOBAL_UNCERTAINTY_ASSIGNED_CONTEXT((#8342))
GLOBAL_UNIT_ASSIGNED_CONTEXT((#8345,#8344,#8343))
REPRESENTATION_CONTEXT('shell (3)','TOP_LEVEL_ASSEMBLY_PART')
);
#8342=UNCERTAINTY_MEASURE_WITH_UNIT(LENGTH_MEASURE(5.E-6),#8345,
'DISTANCE_ACCURACY_VALUE','Maximum Tolerance applied to model');
#8343=(
NAMED_UNIT(*)
SI_UNIT($,.STERADIAN.)
SOLID_ANGLE_UNIT()
);
#8344=(
NAMED_UNIT(*)
PLANE_ANGLE_UNIT()
SI_UNIT($,.RADIAN.)
);
#8345=(
LENGTH_UNIT()
NAMED_UNIT(*)
SI_UNIT($,.METRE.)
);
#8346=PRODUCT_DEFINITION_SHAPE('','',#8347);
#8347=PRODUCT_DEFINITION('','',#8349,#8348);
#8348=PRODUCT_DEFINITION_CONTEXT('',#8355,'design');
#8349=PRODUCT_DEFINITION_FORMATION_WITH_SPECIFIED_SOURCE('','',#8351,
 .NOT_KNOWN.);
#8350=PRODUCT_RELATED_PRODUCT_CATEGORY('','',(#8351));
#8351=PRODUCT('shell (3)','shell (3)','shell (3)',(#8353));
#8352=PRODUCT_CATEGORY('','');
#8353=PRODUCT_CONTEXT('',#8355,'mechanical');
#8354=APPLICATION_PROTOCOL_DEFINITION('international standard',
'automotive_design',2010,#8355);
#8355=APPLICATION_CONTEXT(
'core data for automotive mechanical design processes');
ENDSEC;
END-ISO-10303-21;
