ISO-10303-21;
HEADER;
/* Generated by software containing ST-Developer
 * from STEP Tools, Inc. (www.steptools.com) 
 */
/* OPTION: using custom renumber hook */

FILE_DESCRIPTION(
/* description */ ('STEP AP214'),
/* implementation_level */ '2;1');

FILE_NAME(
/* name */ '654cf5cb7f9aa566be17238d',
/* time_stamp */ '2023-11-09T15:07:56Z',
/* author */ (''),
/* organization */ (''),
/* preprocessor_version */ 'ST-DEVELOPER v19.4',
/* originating_system */ '  ',
/* authorisation */ '  ');

FILE_SCHEMA (('AUTOMOTIVE_DESIGN {1 0 10303 214 3 1 1}'));
ENDSEC;

DATA;
#10=PROPERTY_DEFINITION_REPRESENTATION(#14,#12);
#11=PROPERTY_DEFINITION_REPRESENTATION(#15,#13);
#12=REPRESENTATION('',(#16),#2384);
#13=REPRESENTATION('',(#17),#2384);
#14=PROPERTY_DEFINITION('pmi validation property','',#2389);
#15=PROPERTY_DEFINITION('pmi validation property','',#2389);
#16=VALUE_REPRESENTATION_ITEM('number of annotations',COUNT_MEASURE(0.));
#17=VALUE_REPRESENTATION_ITEM('number of views',COUNT_MEASURE(0.));
#18=SHAPE_REPRESENTATION_RELATIONSHIP('','',#557,#19);
#19=ADVANCED_BREP_SHAPE_REPRESENTATION('',(#555),#2384);
#20=PLANE('',#562);
#21=PLANE('',#563);
#22=PLANE('',#566);
#23=PLANE('',#570);
#24=PLANE('',#571);
#25=PLANE('',#573);
#26=PLANE('',#574);
#27=PLANE('',#575);
#28=PLANE('',#576);
#29=PLANE('',#577);
#30=PLANE('',#578);
#31=B_SPLINE_SURFACE_WITH_KNOTS('',1,3,((#662,#663,#664,#665,#666,#667,
#668,#669,#670,#671,#672,#673,#674,#675,#676,#677,#678,#679,#680,#681,#682,
#683,#684,#685,#686,#687,#688,#689,#690,#691,#692,#693,#694,#695,#696,#697,
#698,#699,#700,#701,#702,#703,#704,#705,#706,#707,#708,#709,#710,#711,#712,
#713,#714,#715,#716,#717,#718,#719,#720,#721,#722,#723,#724,#725,#726,#727,
#728,#729,#730,#731,#732,#733,#734,#735,#736,#737,#738,#739,#740,#741,#742,
#743,#744,#745,#746,#747,#748,#749,#750,#751,#752,#753,#754,#755,#756,#757,
#758,#759,#760,#761,#762,#763,#764,#765,#766,#767,#768,#769,#770,#771,#772,
#773,#774,#775,#776,#777,#778,#779,#780,#781,#782,#783,#784,#785,#786,#787,
#788,#789,#790,#791,#792,#793,#794,#795,#796,#797,#798,#799,#800,#801,#802,
#803,#804,#805,#806,#807,#808,#809,#810,#811,#812,#813,#814,#815,#816,#817,
#818,#819,#820,#821,#822,#823,#824,#825,#826,#827,#828,#829,#830,#831,#832,
#833,#834,#835,#836,#837,#838,#839,#840,#841,#842,#843,#844,#845,#846,#847,
#848,#849,#850,#851,#852,#853,#854,#855,#856,#857,#858,#859,#860,#861,#862,
#863,#864,#865,#866,#867,#868,#869,#870,#871,#872,#873,#874,#875,#876,#877,
#878,#879,#880,#881),(#882,#883,#884,#885,#886,#887,#888,#889,#890,#891,
#892,#893,#894,#895,#896,#897,#898,#899,#900,#901,#902,#903,#904,#905,#906,
#907,#908,#909,#910,#911,#912,#913,#914,#915,#916,#917,#918,#919,#920,#921,
#922,#923,#924,#925,#926,#927,#928,#929,#930,#931,#932,#933,#934,#935,#936,
#937,#938,#939,#940,#941,#942,#943,#944,#945,#946,#947,#948,#949,#950,#951,
#952,#953,#954,#955,#956,#957,#958,#959,#960,#961,#962,#963,#964,#965,#966,
#967,#968,#969,#970,#971,#972,#973,#974,#975,#976,#977,#978,#979,#980,#981,
#982,#983,#984,#985,#986,#987,#988,#989,#990,#991,#992,#993,#994,#995,#996,
#997,#998,#999,#1000,#1001,#1002,#1003,#1004,#1005,#1006,#1007,#1008,#1009,
#1010,#1011,#1012,#1013,#1014,#1015,#1016,#1017,#1018,#1019,#1020,#1021,
#1022,#1023,#1024,#1025,#1026,#1027,#1028,#1029,#1030,#1031,#1032,#1033,
#1034,#1035,#1036,#1037,#1038,#1039,#1040,#1041,#1042,#1043,#1044,#1045,
#1046,#1047,#1048,#1049,#1050,#1051,#1052,#1053,#1054,#1055,#1056,#1057,
#1058,#1059,#1060,#1061,#1062,#1063,#1064,#1065,#1066,#1067,#1068,#1069,
#1070,#1071,#1072,#1073,#1074,#1075,#1076,#1077,#1078,#1079,#1080,#1081,
#1082,#1083,#1084,#1085,#1086,#1087,#1088,#1089,#1090,#1091,#1092,#1093,
#1094,#1095,#1096,#1097,#1098,#1099,#1100,#1101)),.RULED_SURF.,.F.,.F.,
 .F.,(2,2),(4,1,1,1,1,1,1,1,1,1,1,1,1,1,1,1,1,1,1,1,1,1,1,1,1,1,1,1,1,1,
1,1,1,1,1,1,1,1,1,1,1,1,1,1,1,1,1,1,1,1,1,1,1,1,1,1,1,1,1,1,1,1,1,1,1,1,
1,1,1,1,1,1,1,1,1,1,1,1,1,1,1,1,1,1,1,1,1,1,1,1,1,1,1,1,1,1,1,1,1,1,1,1,
1,1,1,1,1,1,1,1,1,1,1,1,1,1,1,1,1,1,1,1,1,1,1,1,1,1,1,1,1,1,1,1,1,1,1,1,
1,1,1,1,1,1,1,1,1,1,1,1,1,1,1,1,1,1,1,1,1,1,1,1,1,1,1,1,1,1,1,1,1,1,1,1,
1,1,1,1,1,1,1,1,1,1,1,1,1,1,1,1,1,1,1,1,1,1,1,1,1,1,1,1,1,1,1,1,1,1,1,1,
1,1,1,1,1,1,1,4),(0.239777787507968,1.),(0.068826985827208,0.0692630485345219,
0.0735919890679295,0.0779209296013372,0.0822498701347448,0.0865788106681524,
0.09090775120156,0.0952366917349676,0.0995656322683753,0.103894572801783,
0.108223513335191,0.112552453868598,0.116881394402006,0.121210334935413,
0.125539275468821,0.129868216002229,0.134197156535636,0.138526097069044,
0.142855037602451,0.147183978135859,0.151512918669267,0.155841859202674,
0.160170799736082,0.16449974026949,0.168828680802897,0.173157621336305,
0.177486561869712,0.18181550240312,0.186144442936528,0.190473383469935,
0.194802324003343,0.199131264536751,0.203460205070158,0.207789145603566,
0.212118086136973,0.216447026670381,0.220775967203789,0.225104907737196,
0.229433848270604,0.233762788804011,0.238091729337419,0.242420669870827,
0.246749610404234,0.251078550937642,0.25540749147105,0.259736432004457,
0.264065372537865,0.268394313071272,0.27272325360468,0.277052194138088,
0.281381134671495,0.285710075204903,0.290039015738311,0.294367956271718,
0.298696896805126,0.303025837338533,0.307354777871941,0.311683718405349,
0.316012658938756,0.320341599472164,0.324670540005571,0.328999480538979,
0.333328421072387,0.337657361605794,0.341986302139202,0.34631524267261,
0.350644183206017,0.354973123739425,0.359302064272832,0.36363100480624,
0.367959945339648,0.372288885873055,0.376617826406463,0.380946766939871,
0.385275707473278,0.389604648006686,0.393933588540093,0.398262529073501,
0.402591469606909,0.406920410140316,0.411249350673724,0.415578291207132,
0.419907231740539,0.424236172273947,0.428565112807354,0.432894053340762,
0.43722299387417,0.441551934407577,0.445880874940985,0.450209815474392,
0.4545387560078,0.458867696541208,0.463196637074615,0.467525577608023,0.471854518141431,
0.476183458674838,0.480512399208246,0.484841339741653,0.489170280275061,
0.493499220808469,0.497828161341876,0.502157101875284,0.506486042408692,
0.510814982942099,0.515143923475507,0.519472864008914,0.523801804542322,
0.52813074507573,0.532459685609137,0.536788626142545,0.541117566675953,
0.54544650720936,0.549775447742768,0.554104388276175,0.558433328809583,
0.562762269342991,0.567091209876398,0.571420150409806,0.575749090943213,
0.580078031476621,0.584406972010029,0.588735912543436,0.593064853076844,
0.597393793610252,0.601722734143659,0.606051674677067,0.610380615210474,
0.614709555743882,0.61903849627729,0.623367436810697,0.627696377344105,
0.632025317877513,0.63635425841092,0.640683198944328,0.645012139477735,
0.649341080011143,0.653670020544551,0.657998961077958,0.662327901611366,
0.666656842144773,0.670985782678181,0.675314723211589,0.679643663744996,
0.683972604278404,0.688301544811812,0.692630485345219,0.696959425878627,
0.701288366412035,0.705617306945442,0.70994624747885,0.714275188012257,
0.718604128545665,0.722933069079073,0.72726200961248,0.731590950145888,
0.735919890679295,0.740248831212703,0.744577771746111,0.748906712279518,
0.753235652812926,0.757564593346334,0.761893533879741,0.766222474413149,
0.770551414946556,0.774880355479964,0.779209296013372,0.783538236546779,
0.787867177080187,0.792196117613595,0.796525058147002,0.80085399868041,
0.805182939213817,0.809511879747225,0.813840820280633,0.81816976081404,
0.822498701347448,0.826827641880855,0.831156582414263,0.835485522947671,
0.839814463481078,0.844143404014486,0.848472344547894,0.852801285081301,
0.857130225614709,0.861459166148116,0.865788106681524,0.870117047214932,
0.874445987748339,0.878774928281747,0.883103868815154,0.887432809348562,
0.89176174988197,0.896090690415377,0.900419630948785,0.904748571482193,
0.9090775120156,0.913406452549008,0.917735393082415,0.922064333615823,0.926393274149231,
0.930722214682638,0.935051155216046,0.939380095749454,0.943709036282861,
0.948037976816269,0.952366917349676,0.956695857883084,0.961024798416492,
0.965353738949899,0.969682679483307,0.974011620016714,0.978340560550122,
0.98266950108353,0.986998441616937,0.991327382150345,0.995656322683753,
0.99998526321716,1.),.UNSPECIFIED.);
#32=B_SPLINE_SURFACE_WITH_KNOTS('',1,3,((#1524,#1525,#1526,#1527,#1528,
#1529,#1530,#1531,#1532,#1533,#1534,#1535,#1536,#1537,#1538,#1539,#1540,
#1541,#1542,#1543,#1544,#1545,#1546,#1547,#1548,#1549,#1550,#1551,#1552,
#1553,#1554,#1555,#1556,#1557,#1558,#1559,#1560,#1561,#1562,#1563,#1564,
#1565,#1566,#1567,#1568,#1569,#1570,#1571,#1572,#1573,#1574,#1575,#1576,
#1577,#1578,#1579,#1580,#1581,#1582,#1583,#1584,#1585,#1586,#1587,#1588,
#1589,#1590,#1591,#1592,#1593,#1594,#1595,#1596,#1597,#1598,#1599,#1600,
#1601,#1602,#1603,#1604,#1605,#1606,#1607,#1608,#1609,#1610,#1611,#1612,
#1613,#1614,#1615,#1616,#1617,#1618,#1619,#1620,#1621,#1622,#1623,#1624,
#1625,#1626,#1627,#1628,#1629,#1630,#1631,#1632,#1633,#1634,#1635,#1636,
#1637,#1638,#1639,#1640,#1641,#1642,#1643,#1644,#1645,#1646,#1647,#1648,
#1649,#1650,#1651,#1652,#1653,#1654,#1655,#1656,#1657,#1658,#1659,#1660,
#1661,#1662,#1663,#1664,#1665,#1666,#1667,#1668,#1669,#1670,#1671,#1672,
#1673,#1674,#1675,#1676,#1677,#1678,#1679,#1680,#1681,#1682,#1683,#1684,
#1685,#1686,#1687,#1688,#1689,#1690,#1691,#1692,#1693,#1694,#1695,#1696,
#1697,#1698,#1699,#1700,#1701,#1702,#1703,#1704,#1705,#1706,#1707,#1708,
#1709,#1710,#1711,#1712,#1713,#1714,#1715,#1716,#1717,#1718,#1719,#1720,
#1721,#1722,#1723,#1724,#1725,#1726,#1727,#1728,#1729,#1730,#1731,#1732,
#1733,#1734),(#1735,#1736,#1737,#1738,#1739,#1740,#1741,#1742,#1743,#1744,
#1745,#1746,#1747,#1748,#1749,#1750,#1751,#1752,#1753,#1754,#1755,#1756,
#1757,#1758,#1759,#1760,#1761,#1762,#1763,#1764,#1765,#1766,#1767,#1768,
#1769,#1770,#1771,#1772,#1773,#1774,#1775,#1776,#1777,#1778,#1779,#1780,
#1781,#1782,#1783,#1784,#1785,#1786,#1787,#1788,#1789,#1790,#1791,#1792,
#1793,#1794,#1795,#1796,#1797,#1798,#1799,#1800,#1801,#1802,#1803,#1804,
#1805,#1806,#1807,#1808,#1809,#1810,#1811,#1812,#1813,#1814,#1815,#1816,
#1817,#1818,#1819,#1820,#1821,#1822,#1823,#1824,#1825,#1826,#1827,#1828,
#1829,#1830,#1831,#1832,#1833,#1834,#1835,#1836,#1837,#1838,#1839,#1840,
#1841,#1842,#1843,#1844,#1845,#1846,#1847,#1848,#1849,#1850,#1851,#1852,
#1853,#1854,#1855,#1856,#1857,#1858,#1859,#1860,#1861,#1862,#1863,#1864,
#1865,#1866,#1867,#1868,#1869,#1870,#1871,#1872,#1873,#1874,#1875,#1876,
#1877,#1878,#1879,#1880,#1881,#1882,#1883,#1884,#1885,#1886,#1887,#1888,
#1889,#1890,#1891,#1892,#1893,#1894,#1895,#1896,#1897,#1898,#1899,#1900,
#1901,#1902,#1903,#1904,#1905,#1906,#1907,#1908,#1909,#1910,#1911,#1912,
#1913,#1914,#1915,#1916,#1917,#1918,#1919,#1920,#1921,#1922,#1923,#1924,
#1925,#1926,#1927,#1928,#1929,#1930,#1931,#1932,#1933,#1934,#1935,#1936,
#1937,#1938,#1939,#1940,#1941,#1942,#1943,#1944,#1945)),.RULED_SURF.,.F.,
 .F.,.F.,(2,2),(4,1,1,1,1,1,1,1,1,1,1,1,1,1,1,1,1,1,1,1,1,1,1,1,1,1,1,1,
1,1,1,1,1,1,1,1,1,1,1,1,1,1,1,1,1,1,1,1,1,1,1,1,1,1,1,1,1,1,1,1,1,1,1,1,
1,1,1,1,1,1,1,1,1,1,1,1,1,1,1,1,1,1,1,1,1,1,1,1,1,1,1,1,1,1,1,1,1,1,1,1,
1,1,1,1,1,1,1,1,1,1,1,1,1,1,1,1,1,1,1,1,1,1,1,1,1,1,1,1,1,1,1,1,1,1,1,1,
1,1,1,1,1,1,1,1,1,1,1,1,1,1,1,1,1,1,1,1,1,1,1,1,1,1,1,1,1,1,1,1,1,1,1,1,
1,1,1,1,1,1,1,1,1,1,1,1,1,1,1,1,1,1,1,1,1,1,1,1,1,1,1,1,1,1,1,1,1,1,1,1,
4),(0.0278769947441353,0.760222212492038),(0.108093922667748,0.108223513335191,
0.112552453868598,0.116881394402006,0.121210334935413,0.125539275468821,
0.129868216002229,0.134197156535636,0.138526097069044,0.142855037602451,
0.147183978135859,0.151512918669267,0.155841859202674,0.160170799736082,
0.16449974026949,0.168828680802897,0.173157621336305,0.177486561869712,
0.18181550240312,0.186144442936528,0.190473383469935,0.194802324003343,
0.199131264536751,0.203460205070158,0.207789145603566,0.212118086136973,
0.216447026670381,0.220775967203789,0.225104907737196,0.229433848270604,
0.233762788804011,0.238091729337419,0.242420669870827,0.246749610404234,
0.251078550937642,0.25540749147105,0.259736432004457,0.264065372537865,
0.268394313071272,0.27272325360468,0.277052194138088,0.281381134671495,
0.285710075204903,0.290039015738311,0.294367956271718,0.298696896805126,
0.303025837338533,0.307354777871941,0.311683718405349,0.316012658938756,
0.320341599472164,0.324670540005571,0.328999480538979,0.333328421072387,
0.337657361605794,0.341986302139202,0.34631524267261,0.350644183206017,
0.354973123739425,0.359302064272832,0.36363100480624,0.367959945339648,
0.372288885873055,0.376617826406463,0.380946766939871,0.385275707473278,
0.389604648006686,0.393933588540093,0.398262529073501,0.402591469606909,
0.406920410140316,0.411249350673724,0.415578291207132,0.419907231740539,
0.424236172273947,0.428565112807354,0.432894053340762,0.43722299387417,
0.441551934407577,0.445880874940985,0.450209815474392,0.4545387560078,0.458867696541208,
0.463196637074615,0.467525577608023,0.471854518141431,0.476183458674838,
0.480512399208246,0.484841339741653,0.489170280275061,0.493499220808469,
0.497828161341876,0.502157101875284,0.506486042408692,0.510814982942099,
0.515143923475507,0.519472864008914,0.523801804542322,0.52813074507573,
0.532459685609137,0.536788626142545,0.541117566675953,0.54544650720936,
0.549775447742768,0.554104388276175,0.558433328809583,0.562762269342991,
0.567091209876398,0.571420150409806,0.575749090943213,0.580078031476621,
0.584406972010029,0.588735912543436,0.593064853076844,0.597393793610252,
0.601722734143659,0.606051674677067,0.610380615210474,0.614709555743882,
0.61903849627729,0.623367436810697,0.627696377344105,0.632025317877513,
0.63635425841092,0.640683198944328,0.645012139477735,0.649341080011143,
0.653670020544551,0.657998961077958,0.662327901611366,0.666656842144773,
0.670985782678181,0.675314723211589,0.679643663744996,0.683972604278404,
0.688301544811812,0.692630485345219,0.696959425878627,0.701288366412035,
0.705617306945442,0.70994624747885,0.714275188012257,0.718604128545665,
0.722933069079073,0.72726200961248,0.731590950145888,0.735919890679295,
0.740248831212703,0.744577771746111,0.748906712279518,0.753235652812926,
0.757564593346334,0.761893533879741,0.766222474413149,0.770551414946556,
0.774880355479964,0.779209296013372,0.783538236546779,0.787867177080187,
0.792196117613595,0.796525058147002,0.80085399868041,0.805182939213817,
0.809511879747225,0.813840820280633,0.81816976081404,0.822498701347448,
0.826827641880855,0.831156582414263,0.835485522947671,0.839814463481078,
0.844143404014486,0.848472344547894,0.852801285081301,0.857130225614709,
0.861459166148116,0.865788106681524,0.870117047214932,0.874445987748339,
0.878774928281747,0.883103868815154,0.887432809348562,0.89176174988197,
0.896090690415377,0.900419630948785,0.904748571482193,0.9090775120156,0.913406452549008,
0.917735393082415,0.922064333615823,0.926393274149231,0.930722214682638,
0.935051155216046,0.939380095749454,0.943709036282861,0.948037976816269,
0.952366917349676,0.956695857883084,0.961024798416492,0.965353738949899,
0.969682679483307,0.974011620016714,0.978340560550122,0.98266950108353,
0.986998441616937,0.991327382150345,0.995656322683753,0.99998526321716,
1.),.UNSPECIFIED.);
#33=LINE('',#661,#57);
#34=LINE('',#1350,#58);
#35=LINE('',#1517,#59);
#36=LINE('',#1519,#60);
#37=LINE('',#1521,#61);
#38=LINE('',#1523,#62);
#39=LINE('',#2343,#63);
#40=LINE('',#2346,#64);
#41=LINE('',#2348,#65);
#42=LINE('',#2350,#66);
#43=LINE('',#2352,#67);
#44=LINE('',#2354,#68);
#45=LINE('',#2357,#69);
#46=LINE('',#2360,#70);
#47=LINE('',#2362,#71);
#48=LINE('',#2364,#72);
#49=LINE('',#2366,#73);
#50=LINE('',#2368,#74);
#51=LINE('',#2370,#75);
#52=LINE('',#2371,#76);
#53=LINE('',#2373,#77);
#54=LINE('',#2375,#78);
#55=LINE('',#2377,#79);
#56=LINE('',#2379,#80);
#57=VECTOR('',#587,1.);
#58=VECTOR('',#588,1.);
#59=VECTOR('',#593,1.);
#60=VECTOR('',#594,1.);
#61=VECTOR('',#595,1.);
#62=VECTOR('',#596,1.);
#63=VECTOR('',#613,1.);
#64=VECTOR('',#614,1.);
#65=VECTOR('',#615,1.);
#66=VECTOR('',#616,1.);
#67=VECTOR('',#617,1.);
#68=VECTOR('',#618,1.);
#69=VECTOR('',#623,1.);
#70=VECTOR('',#624,1.);
#71=VECTOR('',#625,1.);
#72=VECTOR('',#626,1.);
#73=VECTOR('',#627,1.);
#74=VECTOR('',#628,1.);
#75=VECTOR('',#631,1.);
#76=VECTOR('',#632,1.);
#77=VECTOR('',#635,1.);
#78=VECTOR('',#638,1.);
#79=VECTOR('',#641,1.);
#80=VECTOR('',#644,1.);
#81=B_SPLINE_CURVE_WITH_KNOTS('',3,(#656,#657,#658,#659),.UNSPECIFIED.,
 .F.,.F.,(4,4),(0.,1.),.UNSPECIFIED.);
#82=B_SPLINE_CURVE_WITH_KNOTS('',3,(#1102,#1103,#1104,#1105,#1106,#1107,
#1108,#1109,#1110,#1111,#1112,#1113,#1114,#1115,#1116,#1117,#1118,#1119,
#1120,#1121,#1122,#1123,#1124,#1125,#1126,#1127,#1128,#1129,#1130,#1131,
#1132,#1133,#1134,#1135,#1136,#1137,#1138,#1139,#1140,#1141,#1142,#1143,
#1144,#1145,#1146,#1147,#1148,#1149,#1150,#1151,#1152,#1153,#1154,#1155,
#1156,#1157,#1158,#1159,#1160,#1161,#1162,#1163,#1164,#1165,#1166,#1167,
#1168,#1169,#1170,#1171,#1172,#1173,#1174,#1175,#1176,#1177,#1178,#1179,
#1180,#1181,#1182,#1183,#1184,#1185,#1186),.UNSPECIFIED.,.F.,.F.,(4,3,3,
3,3,3,3,3,3,3,3,3,3,3,3,3,3,3,3,3,3,3,3,3,3,3,3,3,4),(0.,0.0600227820654035,
0.120179583982324,0.130772339149652,0.191465440250411,0.25406850300279,
0.294859973800607,0.313281375820783,0.33000262556808,0.34056584056098,0.400399749270582,
0.41723438619406,0.471372798617514,0.511976607935104,0.525372805123296,
0.53483781353819,0.592832804671886,0.633788035887875,0.685597019165876,
0.708342023113259,0.719875868278354,0.777391569384788,0.835286179734554,
0.841023968999881,0.880767976749911,0.892456820936251,0.902389711272028,
0.952243829017899,1.),.UNSPECIFIED.);
#83=B_SPLINE_CURVE_WITH_KNOTS('',3,(#1189,#1190,#1191,#1192),
 .UNSPECIFIED.,.F.,.F.,(4,4),(0.,1.),.UNSPECIFIED.);
#84=B_SPLINE_CURVE_WITH_KNOTS('',3,(#1194,#1195,#1196,#1197,#1198,#1199,
#1200,#1201,#1202,#1203,#1204),.UNSPECIFIED.,.F.,.F.,(4,1,1,1,1,1,1,1,4),
(0.,0.125,0.25,0.375,0.5,0.625,0.75,0.875,1.),.UNSPECIFIED.);
#85=B_SPLINE_CURVE_WITH_KNOTS('',3,(#1206,#1207,#1208,#1209,#1210,#1211,
#1212,#1213,#1214,#1215,#1216),.UNSPECIFIED.,.F.,.F.,(4,1,1,1,1,1,1,1,4),
(0.,0.125,0.25,0.375,0.5,0.625,0.75,0.875,1.),.UNSPECIFIED.);
#86=B_SPLINE_CURVE_WITH_KNOTS('',3,(#1218,#1219,#1220,#1221,#1222,#1223,
#1224,#1225,#1226,#1227,#1228),.UNSPECIFIED.,.F.,.F.,(4,1,1,1,1,1,1,1,4),
(0.,0.125,0.25,0.375,0.5,0.625,0.75,0.875,1.),.UNSPECIFIED.);
#87=B_SPLINE_CURVE_WITH_KNOTS('',3,(#1230,#1231,#1232,#1233,#1234,#1235,
#1236,#1237,#1238,#1239,#1240),.UNSPECIFIED.,.F.,.F.,(4,1,1,1,1,1,1,1,4),
(0.,0.125,0.25,0.375,0.5,0.625,0.75,0.875,1.),.UNSPECIFIED.);
#88=B_SPLINE_CURVE_WITH_KNOTS('',3,(#1242,#1243,#1244,#1245,#1246,#1247,
#1248,#1249,#1250,#1251,#1252),.UNSPECIFIED.,.F.,.F.,(4,1,1,1,1,1,1,1,4),
(0.,0.125,0.25,0.375,0.5,0.625,0.75,0.875,1.),.UNSPECIFIED.);
#89=B_SPLINE_CURVE_WITH_KNOTS('',3,(#1254,#1255,#1256,#1257,#1258,#1259,
#1260,#1261,#1262,#1263,#1264),.UNSPECIFIED.,.F.,.F.,(4,1,1,1,1,1,1,1,4),
(0.,0.125,0.25,0.375,0.5,0.625,0.75,0.875,1.),.UNSPECIFIED.);
#90=B_SPLINE_CURVE_WITH_KNOTS('',3,(#1266,#1267,#1268,#1269,#1270,#1271,
#1272,#1273,#1274,#1275,#1276),.UNSPECIFIED.,.F.,.F.,(4,1,1,1,1,1,1,1,4),
(0.,0.125,0.25,0.375,0.5,0.625,0.75,0.875,1.),.UNSPECIFIED.);
#91=B_SPLINE_CURVE_WITH_KNOTS('',3,(#1278,#1279,#1280,#1281,#1282,#1283,
#1284,#1285,#1286,#1287,#1288),.UNSPECIFIED.,.F.,.F.,(4,1,1,1,1,1,1,1,4),
(0.,0.125,0.25,0.375,0.5,0.625,0.75,0.875,1.),.UNSPECIFIED.);
#92=B_SPLINE_CURVE_WITH_KNOTS('',3,(#1290,#1291,#1292,#1293,#1294,#1295,
#1296,#1297,#1298,#1299,#1300),.UNSPECIFIED.,.F.,.F.,(4,1,1,1,1,1,1,1,4),
(0.,0.125,0.25,0.375,0.5,0.625,0.75,0.875,1.),.UNSPECIFIED.);
#93=B_SPLINE_CURVE_WITH_KNOTS('',3,(#1302,#1303,#1304,#1305,#1306,#1307,
#1308,#1309,#1310,#1311,#1312),.UNSPECIFIED.,.F.,.F.,(4,1,1,1,1,1,1,1,4),
(0.,0.125,0.25,0.375,0.5,0.625,0.75,0.875,1.),.UNSPECIFIED.);
#94=B_SPLINE_CURVE_WITH_KNOTS('',3,(#1314,#1315,#1316,#1317,#1318,#1319,
#1320,#1321,#1322,#1323,#1324),.UNSPECIFIED.,.F.,.F.,(4,1,1,1,1,1,1,1,4),
(0.,0.125,0.25,0.375,0.5,0.625,0.75,0.875,1.),.UNSPECIFIED.);
#95=B_SPLINE_CURVE_WITH_KNOTS('',3,(#1326,#1327,#1328,#1329,#1330,#1331,
#1332,#1333,#1334,#1335,#1336),.UNSPECIFIED.,.F.,.F.,(4,1,1,1,1,1,1,1,4),
(0.,0.125,0.25,0.375,0.5,0.625,0.75,0.875,1.),.UNSPECIFIED.);
#96=B_SPLINE_CURVE_WITH_KNOTS('',3,(#1338,#1339,#1340,#1341,#1342,#1343,
#1344,#1345,#1346,#1347,#1348),.UNSPECIFIED.,.F.,.F.,(4,1,1,1,1,1,1,1,4),
(0.,0.125,0.25,0.375,0.5,0.625,0.75,0.875,1.),.UNSPECIFIED.);
#97=B_SPLINE_CURVE_WITH_KNOTS('',3,(#1353,#1354,#1355,#1356,#1357,#1358,
#1359,#1360,#1361,#1362,#1363),.UNSPECIFIED.,.F.,.F.,(4,1,1,1,1,1,1,1,4),
(0.,0.125,0.25,0.375,0.5,0.625,0.75,0.875,1.),.UNSPECIFIED.);
#98=B_SPLINE_CURVE_WITH_KNOTS('',3,(#1365,#1366,#1367,#1368,#1369,#1370,
#1371,#1372,#1373,#1374,#1375),.UNSPECIFIED.,.F.,.F.,(4,1,1,1,1,1,1,1,4),
(0.,0.125,0.25,0.375,0.5,0.625,0.75,0.875,1.),.UNSPECIFIED.);
#99=B_SPLINE_CURVE_WITH_KNOTS('',3,(#1377,#1378,#1379,#1380,#1381,#1382,
#1383,#1384,#1385,#1386,#1387),.UNSPECIFIED.,.F.,.F.,(4,1,1,1,1,1,1,1,4),
(0.,0.125,0.25,0.375,0.5,0.625,0.75,0.875,1.),.UNSPECIFIED.);
#100=B_SPLINE_CURVE_WITH_KNOTS('',3,(#1389,#1390,#1391,#1392,#1393,#1394,
#1395,#1396,#1397,#1398,#1399),.UNSPECIFIED.,.F.,.F.,(4,1,1,1,1,1,1,1,4),
(0.,0.125,0.25,0.375,0.5,0.625,0.75,0.875,1.),.UNSPECIFIED.);
#101=B_SPLINE_CURVE_WITH_KNOTS('',3,(#1401,#1402,#1403,#1404,#1405,#1406,
#1407,#1408,#1409,#1410,#1411),.UNSPECIFIED.,.F.,.F.,(4,1,1,1,1,1,1,1,4),
(0.,0.125,0.25,0.375,0.5,0.625,0.75,0.875,1.),.UNSPECIFIED.);
#102=B_SPLINE_CURVE_WITH_KNOTS('',3,(#1413,#1414,#1415,#1416,#1417,#1418,
#1419,#1420,#1421,#1422,#1423),.UNSPECIFIED.,.F.,.F.,(4,1,1,1,1,1,1,1,4),
(0.,0.125,0.25,0.375,0.5,0.625,0.75,0.875,1.),.UNSPECIFIED.);
#103=B_SPLINE_CURVE_WITH_KNOTS('',3,(#1425,#1426,#1427,#1428,#1429,#1430,
#1431,#1432,#1433,#1434,#1435),.UNSPECIFIED.,.F.,.F.,(4,1,1,1,1,1,1,1,4),
(0.,0.125,0.25,0.375,0.5,0.625,0.75,0.875,1.),.UNSPECIFIED.);
#104=B_SPLINE_CURVE_WITH_KNOTS('',3,(#1437,#1438,#1439,#1440,#1441,#1442,
#1443,#1444,#1445,#1446,#1447),.UNSPECIFIED.,.F.,.F.,(4,1,1,1,1,1,1,1,4),
(0.,0.125,0.25,0.375,0.5,0.625,0.75,0.875,1.),.UNSPECIFIED.);
#105=B_SPLINE_CURVE_WITH_KNOTS('',3,(#1449,#1450,#1451,#1452,#1453,#1454,
#1455,#1456,#1457,#1458,#1459),.UNSPECIFIED.,.F.,.F.,(4,1,1,1,1,1,1,1,4),
(0.,0.125,0.25,0.375,0.5,0.625,0.75,0.875,1.),.UNSPECIFIED.);
#106=B_SPLINE_CURVE_WITH_KNOTS('',3,(#1461,#1462,#1463,#1464,#1465,#1466,
#1467,#1468,#1469,#1470,#1471),.UNSPECIFIED.,.F.,.F.,(4,1,1,1,1,1,1,1,4),
(0.,0.125,0.25,0.375,0.5,0.625,0.75,0.875,1.),.UNSPECIFIED.);
#107=B_SPLINE_CURVE_WITH_KNOTS('',3,(#1473,#1474,#1475,#1476,#1477,#1478,
#1479,#1480,#1481,#1482,#1483),.UNSPECIFIED.,.F.,.F.,(4,1,1,1,1,1,1,1,4),
(0.,0.125,0.25,0.375,0.5,0.625,0.75,0.875,1.),.UNSPECIFIED.);
#108=B_SPLINE_CURVE_WITH_KNOTS('',3,(#1485,#1486,#1487,#1488,#1489,#1490,
#1491,#1492,#1493,#1494,#1495),.UNSPECIFIED.,.F.,.F.,(4,1,1,1,1,1,1,1,4),
(0.,0.125,0.25,0.375,0.5,0.625,0.75,0.875,1.),.UNSPECIFIED.);
#109=B_SPLINE_CURVE_WITH_KNOTS('',3,(#1497,#1498,#1499,#1500,#1501,#1502,
#1503,#1504,#1505,#1506,#1507),.UNSPECIFIED.,.F.,.F.,(4,1,1,1,1,1,1,1,4),
(0.,0.125,0.25,0.375,0.5,0.625,0.75,0.875,1.),.UNSPECIFIED.);
#110=B_SPLINE_CURVE_WITH_KNOTS('',3,(#1509,#1510,#1511,#1512,#1513,#1514,
#1515),.UNSPECIFIED.,.F.,.F.,(4,1,1,1,4),(0.,0.25,0.5,0.75,1.),
 .UNSPECIFIED.);
#111=B_SPLINE_CURVE_WITH_KNOTS('',3,(#1946,#1947,#1948,#1949,#1950,#1951,
#1952,#1953,#1954,#1955,#1956),.UNSPECIFIED.,.F.,.F.,(4,1,1,1,1,1,1,1,4),
(0.,0.125,0.25,0.375,0.5,0.625,0.75,0.875,1.),.UNSPECIFIED.);
#112=B_SPLINE_CURVE_WITH_KNOTS('',3,(#1958,#1959,#1960,#1961,#1962,#1963,
#1964,#1965,#1966,#1967,#1968),.UNSPECIFIED.,.F.,.F.,(4,1,1,1,1,1,1,1,4),
(0.,0.125,0.25,0.375,0.5,0.625,0.75,0.875,1.),.UNSPECIFIED.);
#113=B_SPLINE_CURVE_WITH_KNOTS('',3,(#1970,#1971,#1972,#1973,#1974,#1975,
#1976,#1977,#1978,#1979,#1980),.UNSPECIFIED.,.F.,.F.,(4,1,1,1,1,1,1,1,4),
(0.,0.125,0.25,0.375,0.5,0.625,0.75,0.875,1.),.UNSPECIFIED.);
#114=B_SPLINE_CURVE_WITH_KNOTS('',3,(#1982,#1983,#1984,#1985,#1986,#1987,
#1988,#1989,#1990,#1991,#1992),.UNSPECIFIED.,.F.,.F.,(4,1,1,1,1,1,1,1,4),
(0.,0.125,0.25,0.375,0.5,0.625,0.75,0.875,1.),.UNSPECIFIED.);
#115=B_SPLINE_CURVE_WITH_KNOTS('',3,(#1994,#1995,#1996,#1997,#1998,#1999,
#2000,#2001,#2002,#2003,#2004),.UNSPECIFIED.,.F.,.F.,(4,1,1,1,1,1,1,1,4),
(0.,0.125,0.25,0.375,0.5,0.625,0.75,0.875,1.),.UNSPECIFIED.);
#116=B_SPLINE_CURVE_WITH_KNOTS('',3,(#2006,#2007,#2008,#2009,#2010,#2011,
#2012,#2013,#2014,#2015,#2016),.UNSPECIFIED.,.F.,.F.,(4,1,1,1,1,1,1,1,4),
(0.,0.125,0.25,0.375,0.5,0.625,0.75,0.875,1.),.UNSPECIFIED.);
#117=B_SPLINE_CURVE_WITH_KNOTS('',3,(#2018,#2019,#2020,#2021,#2022,#2023,
#2024,#2025,#2026,#2027,#2028),.UNSPECIFIED.,.F.,.F.,(4,1,1,1,1,1,1,1,4),
(0.,0.125,0.25,0.375,0.5,0.625,0.75,0.875,1.),.UNSPECIFIED.);
#118=B_SPLINE_CURVE_WITH_KNOTS('',3,(#2030,#2031,#2032,#2033,#2034,#2035,
#2036,#2037,#2038,#2039,#2040),.UNSPECIFIED.,.F.,.F.,(4,1,1,1,1,1,1,1,4),
(0.,0.125,0.25,0.375,0.5,0.625,0.75,0.875,1.),.UNSPECIFIED.);
#119=B_SPLINE_CURVE_WITH_KNOTS('',3,(#2042,#2043,#2044,#2045,#2046,#2047,
#2048,#2049,#2050,#2051,#2052),.UNSPECIFIED.,.F.,.F.,(4,1,1,1,1,1,1,1,4),
(0.,0.125,0.25,0.375,0.5,0.625,0.75,0.875,1.),.UNSPECIFIED.);
#120=B_SPLINE_CURVE_WITH_KNOTS('',3,(#2054,#2055,#2056,#2057,#2058,#2059,
#2060,#2061,#2062,#2063,#2064),.UNSPECIFIED.,.F.,.F.,(4,1,1,1,1,1,1,1,4),
(0.,0.125,0.25,0.375,0.5,0.625,0.75,0.875,1.),.UNSPECIFIED.);
#121=B_SPLINE_CURVE_WITH_KNOTS('',3,(#2066,#2067,#2068,#2069,#2070,#2071,
#2072,#2073,#2074,#2075,#2076),.UNSPECIFIED.,.F.,.F.,(4,1,1,1,1,1,1,1,4),
(0.,0.125,0.25,0.375,0.5,0.625,0.75,0.875,1.),.UNSPECIFIED.);
#122=B_SPLINE_CURVE_WITH_KNOTS('',3,(#2078,#2079,#2080,#2081,#2082,#2083,
#2084,#2085,#2086,#2087,#2088),.UNSPECIFIED.,.F.,.F.,(4,1,1,1,1,1,1,1,4),
(0.,0.125,0.25,0.375,0.5,0.625,0.75,0.875,1.),.UNSPECIFIED.);
#123=B_SPLINE_CURVE_WITH_KNOTS('',3,(#2090,#2091,#2092,#2093,#2094,#2095,
#2096,#2097,#2098,#2099,#2100),.UNSPECIFIED.,.F.,.F.,(4,1,1,1,1,1,1,1,4),
(0.,0.125,0.25,0.375,0.5,0.625,0.75,0.875,1.),.UNSPECIFIED.);
#124=B_SPLINE_CURVE_WITH_KNOTS('',3,(#2102,#2103,#2104,#2105,#2106,#2107,
#2108,#2109,#2110,#2111,#2112,#2113,#2114,#2115,#2116,#2117,#2118,#2119,
#2120,#2121,#2122,#2123,#2124,#2125,#2126,#2127,#2128,#2129,#2130,#2131,
#2132,#2133,#2134,#2135,#2136,#2137,#2138,#2139,#2140,#2141,#2142,#2143,
#2144,#2145,#2146,#2147,#2148,#2149,#2150,#2151,#2152,#2153,#2154,#2155,
#2156,#2157,#2158,#2159,#2160,#2161,#2162,#2163,#2164,#2165,#2166,#2167,
#2168,#2169,#2170,#2171,#2172,#2173,#2174,#2175,#2176,#2177,#2178,#2179,
#2180),.UNSPECIFIED.,.F.,.F.,(4,3,3,3,3,3,3,3,3,3,3,3,3,3,3,3,3,3,3,3,3,
3,3,3,3,3,4),(0.,0.0561282478385519,0.111732206712689,0.159402985018676,
0.161718755462787,0.218717059954251,0.2756305312035,0.321144987025097,0.331423955706197,
0.366659442846693,0.425108329321138,0.483314261191184,0.500584294572671,
0.512535030476208,0.572336402794459,0.583031860925575,0.642867598584645,
0.666906877474938,0.681751135073489,0.694121153024282,0.756517439762225,
0.808601170917405,0.856450878188054,0.870447362877922,0.881954877320634,
0.94304559595863,1.),.UNSPECIFIED.);
#125=B_SPLINE_CURVE_WITH_KNOTS('',3,(#2182,#2183,#2184,#2185,#2186,#2187,
#2188),.UNSPECIFIED.,.F.,.F.,(4,1,1,1,4),(0.,0.25,0.5,0.75,1.),
 .UNSPECIFIED.);
#126=B_SPLINE_CURVE_WITH_KNOTS('',3,(#2190,#2191,#2192,#2193,#2194,#2195,
#2196,#2197,#2198,#2199,#2200),.UNSPECIFIED.,.F.,.F.,(4,1,1,1,1,1,1,1,4),
(0.,0.125,0.25,0.375,0.5,0.625,0.75,0.875,1.),.UNSPECIFIED.);
#127=B_SPLINE_CURVE_WITH_KNOTS('',3,(#2202,#2203,#2204,#2205,#2206,#2207,
#2208,#2209,#2210,#2211,#2212),.UNSPECIFIED.,.F.,.F.,(4,1,1,1,1,1,1,1,4),
(0.,0.125,0.25,0.375,0.5,0.625,0.75,0.875,1.),.UNSPECIFIED.);
#128=B_SPLINE_CURVE_WITH_KNOTS('',3,(#2214,#2215,#2216,#2217,#2218,#2219,
#2220,#2221,#2222,#2223,#2224),.UNSPECIFIED.,.F.,.F.,(4,1,1,1,1,1,1,1,4),
(0.,0.125,0.25,0.375,0.5,0.625,0.75,0.875,1.),.UNSPECIFIED.);
#129=B_SPLINE_CURVE_WITH_KNOTS('',3,(#2226,#2227,#2228,#2229,#2230,#2231,
#2232,#2233,#2234,#2235,#2236),.UNSPECIFIED.,.F.,.F.,(4,1,1,1,1,1,1,1,4),
(0.,0.125,0.25,0.375,0.5,0.625,0.75,0.875,1.),.UNSPECIFIED.);
#130=B_SPLINE_CURVE_WITH_KNOTS('',3,(#2238,#2239,#2240,#2241,#2242,#2243,
#2244,#2245,#2246,#2247,#2248),.UNSPECIFIED.,.F.,.F.,(4,1,1,1,1,1,1,1,4),
(0.,0.125,0.25,0.375,0.5,0.625,0.75,0.875,1.),.UNSPECIFIED.);
#131=B_SPLINE_CURVE_WITH_KNOTS('',3,(#2250,#2251,#2252,#2253,#2254,#2255,
#2256,#2257,#2258,#2259,#2260),.UNSPECIFIED.,.F.,.F.,(4,1,1,1,1,1,1,1,4),
(0.,0.125,0.25,0.375,0.5,0.625,0.75,0.875,1.),.UNSPECIFIED.);
#132=B_SPLINE_CURVE_WITH_KNOTS('',3,(#2262,#2263,#2264,#2265,#2266,#2267,
#2268,#2269,#2270,#2271,#2272),.UNSPECIFIED.,.F.,.F.,(4,1,1,1,1,1,1,1,4),
(0.,0.125,0.25,0.375,0.5,0.625,0.75,0.875,1.),.UNSPECIFIED.);
#133=B_SPLINE_CURVE_WITH_KNOTS('',3,(#2274,#2275,#2276,#2277,#2278,#2279,
#2280,#2281,#2282,#2283,#2284),.UNSPECIFIED.,.F.,.F.,(4,1,1,1,1,1,1,1,4),
(0.,0.125,0.25,0.375,0.5,0.625,0.75,0.875,1.),.UNSPECIFIED.);
#134=B_SPLINE_CURVE_WITH_KNOTS('',3,(#2286,#2287,#2288,#2289,#2290,#2291,
#2292,#2293,#2294,#2295,#2296),.UNSPECIFIED.,.F.,.F.,(4,1,1,1,1,1,1,1,4),
(0.,0.125,0.25,0.375,0.5,0.625,0.75,0.875,1.),.UNSPECIFIED.);
#135=B_SPLINE_CURVE_WITH_KNOTS('',3,(#2298,#2299,#2300,#2301,#2302,#2303,
#2304,#2305,#2306,#2307,#2308),.UNSPECIFIED.,.F.,.F.,(4,1,1,1,1,1,1,1,4),
(0.,0.125,0.25,0.375,0.5,0.625,0.75,0.875,1.),.UNSPECIFIED.);
#136=B_SPLINE_CURVE_WITH_KNOTS('',3,(#2310,#2311,#2312,#2313,#2314,#2315,
#2316,#2317,#2318,#2319,#2320),.UNSPECIFIED.,.F.,.F.,(4,1,1,1,1,1,1,1,4),
(0.,0.125,0.25,0.375,0.5,0.625,0.75,0.875,1.),.UNSPECIFIED.);
#137=B_SPLINE_CURVE_WITH_KNOTS('',3,(#2322,#2323,#2324,#2325,#2326,#2327,
#2328,#2329,#2330,#2331,#2332),.UNSPECIFIED.,.F.,.F.,(4,1,1,1,1,1,1,1,4),
(0.,0.125,0.25,0.375,0.5,0.625,0.75,0.875,1.),.UNSPECIFIED.);
#138=ORIENTED_EDGE('',*,*,#314,.T.);
#139=ORIENTED_EDGE('',*,*,#315,.F.);
#140=ORIENTED_EDGE('',*,*,#316,.T.);
#141=ORIENTED_EDGE('',*,*,#317,.T.);
#142=ORIENTED_EDGE('',*,*,#318,.F.);
#143=ORIENTED_EDGE('',*,*,#319,.F.);
#144=ORIENTED_EDGE('',*,*,#320,.F.);
#145=ORIENTED_EDGE('',*,*,#321,.F.);
#146=ORIENTED_EDGE('',*,*,#322,.F.);
#147=ORIENTED_EDGE('',*,*,#323,.F.);
#148=ORIENTED_EDGE('',*,*,#324,.F.);
#149=ORIENTED_EDGE('',*,*,#325,.F.);
#150=ORIENTED_EDGE('',*,*,#326,.F.);
#151=ORIENTED_EDGE('',*,*,#327,.F.);
#152=ORIENTED_EDGE('',*,*,#328,.F.);
#153=ORIENTED_EDGE('',*,*,#329,.F.);
#154=ORIENTED_EDGE('',*,*,#330,.F.);
#155=ORIENTED_EDGE('',*,*,#331,.F.);
#156=ORIENTED_EDGE('',*,*,#332,.T.);
#157=ORIENTED_EDGE('',*,*,#315,.T.);
#158=ORIENTED_EDGE('',*,*,#333,.T.);
#159=ORIENTED_EDGE('',*,*,#334,.F.);
#160=ORIENTED_EDGE('',*,*,#335,.F.);
#161=ORIENTED_EDGE('',*,*,#336,.F.);
#162=ORIENTED_EDGE('',*,*,#337,.F.);
#163=ORIENTED_EDGE('',*,*,#338,.F.);
#164=ORIENTED_EDGE('',*,*,#339,.F.);
#165=ORIENTED_EDGE('',*,*,#340,.F.);
#166=ORIENTED_EDGE('',*,*,#341,.F.);
#167=ORIENTED_EDGE('',*,*,#342,.F.);
#168=ORIENTED_EDGE('',*,*,#343,.F.);
#169=ORIENTED_EDGE('',*,*,#344,.F.);
#170=ORIENTED_EDGE('',*,*,#345,.F.);
#171=ORIENTED_EDGE('',*,*,#346,.F.);
#172=ORIENTED_EDGE('',*,*,#347,.F.);
#173=ORIENTED_EDGE('',*,*,#348,.T.);
#174=ORIENTED_EDGE('',*,*,#316,.F.);
#175=ORIENTED_EDGE('',*,*,#332,.F.);
#176=ORIENTED_EDGE('',*,*,#349,.F.);
#177=ORIENTED_EDGE('',*,*,#350,.F.);
#178=ORIENTED_EDGE('',*,*,#351,.F.);
#179=ORIENTED_EDGE('',*,*,#350,.T.);
#180=ORIENTED_EDGE('',*,*,#352,.F.);
#181=ORIENTED_EDGE('',*,*,#353,.F.);
#182=ORIENTED_EDGE('',*,*,#354,.F.);
#183=ORIENTED_EDGE('',*,*,#355,.F.);
#184=ORIENTED_EDGE('',*,*,#356,.F.);
#185=ORIENTED_EDGE('',*,*,#357,.F.);
#186=ORIENTED_EDGE('',*,*,#358,.F.);
#187=ORIENTED_EDGE('',*,*,#359,.F.);
#188=ORIENTED_EDGE('',*,*,#360,.F.);
#189=ORIENTED_EDGE('',*,*,#361,.F.);
#190=ORIENTED_EDGE('',*,*,#362,.F.);
#191=ORIENTED_EDGE('',*,*,#363,.F.);
#192=ORIENTED_EDGE('',*,*,#364,.F.);
#193=ORIENTED_EDGE('',*,*,#365,.T.);
#194=ORIENTED_EDGE('',*,*,#366,.F.);
#195=ORIENTED_EDGE('',*,*,#367,.F.);
#196=ORIENTED_EDGE('',*,*,#368,.F.);
#197=ORIENTED_EDGE('',*,*,#369,.F.);
#198=ORIENTED_EDGE('',*,*,#370,.F.);
#199=ORIENTED_EDGE('',*,*,#371,.F.);
#200=ORIENTED_EDGE('',*,*,#372,.F.);
#201=ORIENTED_EDGE('',*,*,#373,.F.);
#202=ORIENTED_EDGE('',*,*,#374,.F.);
#203=ORIENTED_EDGE('',*,*,#375,.F.);
#204=ORIENTED_EDGE('',*,*,#376,.F.);
#205=ORIENTED_EDGE('',*,*,#377,.F.);
#206=ORIENTED_EDGE('',*,*,#378,.F.);
#207=ORIENTED_EDGE('',*,*,#365,.F.);
#208=ORIENTED_EDGE('',*,*,#379,.T.);
#209=ORIENTED_EDGE('',*,*,#317,.F.);
#210=ORIENTED_EDGE('',*,*,#380,.T.);
#211=ORIENTED_EDGE('',*,*,#381,.F.);
#212=ORIENTED_EDGE('',*,*,#382,.T.);
#213=ORIENTED_EDGE('',*,*,#381,.T.);
#214=ORIENTED_EDGE('',*,*,#382,.F.);
#215=ORIENTED_EDGE('',*,*,#383,.F.);
#216=ORIENTED_EDGE('',*,*,#384,.F.);
#217=ORIENTED_EDGE('',*,*,#385,.F.);
#218=ORIENTED_EDGE('',*,*,#386,.F.);
#219=ORIENTED_EDGE('',*,*,#387,.F.);
#220=ORIENTED_EDGE('',*,*,#388,.F.);
#221=ORIENTED_EDGE('',*,*,#348,.F.);
#222=ORIENTED_EDGE('',*,*,#389,.F.);
#223=ORIENTED_EDGE('',*,*,#333,.F.);
#224=ORIENTED_EDGE('',*,*,#314,.F.);
#225=ORIENTED_EDGE('',*,*,#390,.T.);
#226=ORIENTED_EDGE('',*,*,#391,.T.);
#227=ORIENTED_EDGE('',*,*,#392,.T.);
#228=ORIENTED_EDGE('',*,*,#393,.T.);
#229=ORIENTED_EDGE('',*,*,#394,.T.);
#230=ORIENTED_EDGE('',*,*,#395,.T.);
#231=ORIENTED_EDGE('',*,*,#384,.T.);
#232=ORIENTED_EDGE('',*,*,#396,.F.);
#233=ORIENTED_EDGE('',*,*,#395,.F.);
#234=ORIENTED_EDGE('',*,*,#397,.T.);
#235=ORIENTED_EDGE('',*,*,#385,.T.);
#236=ORIENTED_EDGE('',*,*,#397,.F.);
#237=ORIENTED_EDGE('',*,*,#394,.F.);
#238=ORIENTED_EDGE('',*,*,#398,.T.);
#239=ORIENTED_EDGE('',*,*,#386,.T.);
#240=ORIENTED_EDGE('',*,*,#398,.F.);
#241=ORIENTED_EDGE('',*,*,#393,.F.);
#242=ORIENTED_EDGE('',*,*,#399,.T.);
#243=ORIENTED_EDGE('',*,*,#387,.T.);
#244=ORIENTED_EDGE('',*,*,#399,.F.);
#245=ORIENTED_EDGE('',*,*,#392,.F.);
#246=ORIENTED_EDGE('',*,*,#400,.T.);
#247=ORIENTED_EDGE('',*,*,#388,.T.);
#248=ORIENTED_EDGE('',*,*,#400,.F.);
#249=ORIENTED_EDGE('',*,*,#391,.F.);
#250=ORIENTED_EDGE('',*,*,#401,.T.);
#251=ORIENTED_EDGE('',*,*,#383,.T.);
#252=ORIENTED_EDGE('',*,*,#401,.F.);
#253=ORIENTED_EDGE('',*,*,#390,.F.);
#254=ORIENTED_EDGE('',*,*,#396,.T.);
#255=ORIENTED_EDGE('',*,*,#347,.T.);
#256=ORIENTED_EDGE('',*,*,#346,.T.);
#257=ORIENTED_EDGE('',*,*,#345,.T.);
#258=ORIENTED_EDGE('',*,*,#344,.T.);
#259=ORIENTED_EDGE('',*,*,#343,.T.);
#260=ORIENTED_EDGE('',*,*,#342,.T.);
#261=ORIENTED_EDGE('',*,*,#341,.T.);
#262=ORIENTED_EDGE('',*,*,#340,.T.);
#263=ORIENTED_EDGE('',*,*,#339,.T.);
#264=ORIENTED_EDGE('',*,*,#338,.T.);
#265=ORIENTED_EDGE('',*,*,#337,.T.);
#266=ORIENTED_EDGE('',*,*,#336,.T.);
#267=ORIENTED_EDGE('',*,*,#335,.T.);
#268=ORIENTED_EDGE('',*,*,#334,.T.);
#269=ORIENTED_EDGE('',*,*,#389,.T.);
#270=ORIENTED_EDGE('',*,*,#351,.T.);
#271=ORIENTED_EDGE('',*,*,#378,.T.);
#272=ORIENTED_EDGE('',*,*,#377,.T.);
#273=ORIENTED_EDGE('',*,*,#376,.T.);
#274=ORIENTED_EDGE('',*,*,#375,.T.);
#275=ORIENTED_EDGE('',*,*,#374,.T.);
#276=ORIENTED_EDGE('',*,*,#373,.T.);
#277=ORIENTED_EDGE('',*,*,#372,.T.);
#278=ORIENTED_EDGE('',*,*,#371,.T.);
#279=ORIENTED_EDGE('',*,*,#370,.T.);
#280=ORIENTED_EDGE('',*,*,#369,.T.);
#281=ORIENTED_EDGE('',*,*,#368,.T.);
#282=ORIENTED_EDGE('',*,*,#367,.T.);
#283=ORIENTED_EDGE('',*,*,#366,.T.);
#284=ORIENTED_EDGE('',*,*,#380,.F.);
#285=ORIENTED_EDGE('',*,*,#379,.F.);
#286=ORIENTED_EDGE('',*,*,#364,.T.);
#287=ORIENTED_EDGE('',*,*,#363,.T.);
#288=ORIENTED_EDGE('',*,*,#362,.T.);
#289=ORIENTED_EDGE('',*,*,#361,.T.);
#290=ORIENTED_EDGE('',*,*,#360,.T.);
#291=ORIENTED_EDGE('',*,*,#359,.T.);
#292=ORIENTED_EDGE('',*,*,#358,.T.);
#293=ORIENTED_EDGE('',*,*,#357,.T.);
#294=ORIENTED_EDGE('',*,*,#356,.T.);
#295=ORIENTED_EDGE('',*,*,#355,.T.);
#296=ORIENTED_EDGE('',*,*,#354,.T.);
#297=ORIENTED_EDGE('',*,*,#353,.T.);
#298=ORIENTED_EDGE('',*,*,#352,.T.);
#299=ORIENTED_EDGE('',*,*,#349,.T.);
#300=ORIENTED_EDGE('',*,*,#331,.T.);
#301=ORIENTED_EDGE('',*,*,#330,.T.);
#302=ORIENTED_EDGE('',*,*,#329,.T.);
#303=ORIENTED_EDGE('',*,*,#328,.T.);
#304=ORIENTED_EDGE('',*,*,#327,.T.);
#305=ORIENTED_EDGE('',*,*,#326,.T.);
#306=ORIENTED_EDGE('',*,*,#325,.T.);
#307=ORIENTED_EDGE('',*,*,#324,.T.);
#308=ORIENTED_EDGE('',*,*,#323,.T.);
#309=ORIENTED_EDGE('',*,*,#322,.T.);
#310=ORIENTED_EDGE('',*,*,#321,.T.);
#311=ORIENTED_EDGE('',*,*,#320,.T.);
#312=ORIENTED_EDGE('',*,*,#319,.T.);
#313=ORIENTED_EDGE('',*,*,#318,.T.);
#314=EDGE_CURVE('',#402,#403,#478,.F.);
#315=EDGE_CURVE('',#404,#403,#81,.F.);
#316=EDGE_CURVE('',#404,#402,#33,.F.);
#317=EDGE_CURVE('',#405,#406,#82,.T.);
#318=EDGE_CURVE('',#407,#406,#83,.T.);
#319=EDGE_CURVE('',#408,#407,#84,.T.);
#320=EDGE_CURVE('',#409,#408,#85,.T.);
#321=EDGE_CURVE('',#410,#409,#86,.T.);
#322=EDGE_CURVE('',#411,#410,#87,.T.);
#323=EDGE_CURVE('',#412,#411,#88,.T.);
#324=EDGE_CURVE('',#413,#412,#89,.T.);
#325=EDGE_CURVE('',#414,#413,#90,.T.);
#326=EDGE_CURVE('',#415,#414,#91,.T.);
#327=EDGE_CURVE('',#416,#415,#92,.T.);
#328=EDGE_CURVE('',#417,#416,#93,.T.);
#329=EDGE_CURVE('',#418,#417,#94,.T.);
#330=EDGE_CURVE('',#419,#418,#95,.T.);
#331=EDGE_CURVE('',#420,#419,#96,.T.);
#332=EDGE_CURVE('',#420,#404,#34,.T.);
#333=EDGE_CURVE('',#403,#421,#479,.T.);
#334=EDGE_CURVE('',#422,#421,#97,.T.);
#335=EDGE_CURVE('',#423,#422,#98,.T.);
#336=EDGE_CURVE('',#424,#423,#99,.T.);
#337=EDGE_CURVE('',#425,#424,#100,.T.);
#338=EDGE_CURVE('',#426,#425,#101,.T.);
#339=EDGE_CURVE('',#427,#426,#102,.T.);
#340=EDGE_CURVE('',#428,#427,#103,.T.);
#341=EDGE_CURVE('',#429,#428,#104,.T.);
#342=EDGE_CURVE('',#430,#429,#105,.T.);
#343=EDGE_CURVE('',#431,#430,#106,.T.);
#344=EDGE_CURVE('',#432,#431,#107,.T.);
#345=EDGE_CURVE('',#433,#432,#108,.T.);
#346=EDGE_CURVE('',#434,#433,#109,.T.);
#347=EDGE_CURVE('',#405,#434,#110,.T.);
#348=EDGE_CURVE('',#435,#402,#35,.T.);
#349=EDGE_CURVE('',#436,#420,#36,.T.);
#350=EDGE_CURVE('',#437,#436,#37,.T.);
#351=EDGE_CURVE('',#435,#437,#38,.T.);
#352=EDGE_CURVE('',#438,#436,#111,.T.);
#353=EDGE_CURVE('',#439,#438,#112,.T.);
#354=EDGE_CURVE('',#440,#439,#113,.T.);
#355=EDGE_CURVE('',#441,#440,#114,.T.);
#356=EDGE_CURVE('',#442,#441,#115,.T.);
#357=EDGE_CURVE('',#443,#442,#116,.T.);
#358=EDGE_CURVE('',#444,#443,#117,.T.);
#359=EDGE_CURVE('',#445,#444,#118,.T.);
#360=EDGE_CURVE('',#446,#445,#119,.T.);
#361=EDGE_CURVE('',#447,#446,#120,.T.);
#362=EDGE_CURVE('',#448,#447,#121,.T.);
#363=EDGE_CURVE('',#449,#448,#122,.T.);
#364=EDGE_CURVE('',#450,#449,#123,.T.);
#365=EDGE_CURVE('',#450,#451,#124,.T.);
#366=EDGE_CURVE('',#452,#451,#125,.T.);
#367=EDGE_CURVE('',#453,#452,#126,.T.);
#368=EDGE_CURVE('',#454,#453,#127,.T.);
#369=EDGE_CURVE('',#455,#454,#128,.T.);
#370=EDGE_CURVE('',#456,#455,#129,.T.);
#371=EDGE_CURVE('',#457,#456,#130,.T.);
#372=EDGE_CURVE('',#458,#457,#131,.T.);
#373=EDGE_CURVE('',#459,#458,#132,.T.);
#374=EDGE_CURVE('',#460,#459,#133,.T.);
#375=EDGE_CURVE('',#461,#460,#134,.T.);
#376=EDGE_CURVE('',#462,#461,#135,.T.);
#377=EDGE_CURVE('',#463,#462,#136,.T.);
#378=EDGE_CURVE('',#437,#463,#137,.T.);
#379=EDGE_CURVE('',#450,#406,#480,.T.);
#380=EDGE_CURVE('',#405,#451,#481,.T.);
#381=EDGE_CURVE('',#464,#464,#482,.T.);
#382=EDGE_CURVE('',#465,#465,#483,.T.);
#383=EDGE_CURVE('',#466,#467,#39,.T.);
#384=EDGE_CURVE('',#468,#466,#40,.T.);
#385=EDGE_CURVE('',#469,#468,#41,.T.);
#386=EDGE_CURVE('',#470,#469,#42,.T.);
#387=EDGE_CURVE('',#471,#470,#43,.T.);
#388=EDGE_CURVE('',#467,#471,#44,.T.);
#389=EDGE_CURVE('',#421,#435,#484,.T.);
#390=EDGE_CURVE('',#472,#473,#45,.T.);
#391=EDGE_CURVE('',#473,#474,#46,.T.);
#392=EDGE_CURVE('',#474,#475,#47,.T.);
#393=EDGE_CURVE('',#475,#476,#48,.T.);
#394=EDGE_CURVE('',#476,#477,#49,.T.);
#395=EDGE_CURVE('',#477,#472,#50,.T.);
#396=EDGE_CURVE('',#472,#466,#51,.T.);
#397=EDGE_CURVE('',#477,#468,#52,.T.);
#398=EDGE_CURVE('',#476,#469,#53,.T.);
#399=EDGE_CURVE('',#475,#470,#54,.T.);
#400=EDGE_CURVE('',#474,#471,#55,.T.);
#401=EDGE_CURVE('',#473,#467,#56,.T.);
#402=VERTEX_POINT('',#654);
#403=VERTEX_POINT('',#655);
#404=VERTEX_POINT('',#660);
#405=VERTEX_POINT('',#1187);
#406=VERTEX_POINT('',#1188);
#407=VERTEX_POINT('',#1193);
#408=VERTEX_POINT('',#1205);
#409=VERTEX_POINT('',#1217);
#410=VERTEX_POINT('',#1229);
#411=VERTEX_POINT('',#1241);
#412=VERTEX_POINT('',#1253);
#413=VERTEX_POINT('',#1265);
#414=VERTEX_POINT('',#1277);
#415=VERTEX_POINT('',#1289);
#416=VERTEX_POINT('',#1301);
#417=VERTEX_POINT('',#1313);
#418=VERTEX_POINT('',#1325);
#419=VERTEX_POINT('',#1337);
#420=VERTEX_POINT('',#1349);
#421=VERTEX_POINT('',#1352);
#422=VERTEX_POINT('',#1364);
#423=VERTEX_POINT('',#1376);
#424=VERTEX_POINT('',#1388);
#425=VERTEX_POINT('',#1400);
#426=VERTEX_POINT('',#1412);
#427=VERTEX_POINT('',#1424);
#428=VERTEX_POINT('',#1436);
#429=VERTEX_POINT('',#1448);
#430=VERTEX_POINT('',#1460);
#431=VERTEX_POINT('',#1472);
#432=VERTEX_POINT('',#1484);
#433=VERTEX_POINT('',#1496);
#434=VERTEX_POINT('',#1508);
#435=VERTEX_POINT('',#1518);
#436=VERTEX_POINT('',#1520);
#437=VERTEX_POINT('',#1522);
#438=VERTEX_POINT('',#1957);
#439=VERTEX_POINT('',#1969);
#440=VERTEX_POINT('',#1981);
#441=VERTEX_POINT('',#1993);
#442=VERTEX_POINT('',#2005);
#443=VERTEX_POINT('',#2017);
#444=VERTEX_POINT('',#2029);
#445=VERTEX_POINT('',#2041);
#446=VERTEX_POINT('',#2053);
#447=VERTEX_POINT('',#2065);
#448=VERTEX_POINT('',#2077);
#449=VERTEX_POINT('',#2089);
#450=VERTEX_POINT('',#2101);
#451=VERTEX_POINT('',#2181);
#452=VERTEX_POINT('',#2189);
#453=VERTEX_POINT('',#2201);
#454=VERTEX_POINT('',#2213);
#455=VERTEX_POINT('',#2225);
#456=VERTEX_POINT('',#2237);
#457=VERTEX_POINT('',#2249);
#458=VERTEX_POINT('',#2261);
#459=VERTEX_POINT('',#2273);
#460=VERTEX_POINT('',#2285);
#461=VERTEX_POINT('',#2297);
#462=VERTEX_POINT('',#2309);
#463=VERTEX_POINT('',#2321);
#464=VERTEX_POINT('',#2338);
#465=VERTEX_POINT('',#2341);
#466=VERTEX_POINT('',#2344);
#467=VERTEX_POINT('',#2345);
#468=VERTEX_POINT('',#2347);
#469=VERTEX_POINT('',#2349);
#470=VERTEX_POINT('',#2351);
#471=VERTEX_POINT('',#2353);
#472=VERTEX_POINT('',#2358);
#473=VERTEX_POINT('',#2359);
#474=VERTEX_POINT('',#2361);
#475=VERTEX_POINT('',#2363);
#476=VERTEX_POINT('',#2365);
#477=VERTEX_POINT('',#2367);
#478=CIRCLE('',#560,0.00126799366175813);
#479=CIRCLE('',#561,0.00125644272747316);
#480=CIRCLE('',#564,0.001025);
#481=CIRCLE('',#565,0.00125);
#482=CIRCLE('',#567,0.00125);
#483=CIRCLE('',#569,0.00125);
#484=CIRCLE('',#572,0.00125);
#485=EDGE_LOOP('',(#138,#139,#140));
#486=EDGE_LOOP('',(#141,#142,#143,#144,#145,#146,#147,#148,#149,#150,#151,
#152,#153,#154,#155,#156,#157,#158,#159,#160,#161,#162,#163,#164,#165,#166,
#167,#168,#169,#170,#171,#172));
#487=EDGE_LOOP('',(#173,#174,#175,#176,#177,#178));
#488=EDGE_LOOP('',(#179,#180,#181,#182,#183,#184,#185,#186,#187,#188,#189,
#190,#191,#192,#193,#194,#195,#196,#197,#198,#199,#200,#201,#202,#203,#204,
#205,#206));
#489=EDGE_LOOP('',(#207,#208,#209,#210));
#490=EDGE_LOOP('',(#211));
#491=EDGE_LOOP('',(#212));
#492=EDGE_LOOP('',(#213));
#493=EDGE_LOOP('',(#214));
#494=EDGE_LOOP('',(#215,#216,#217,#218,#219,#220));
#495=EDGE_LOOP('',(#221,#222,#223,#224));
#496=EDGE_LOOP('',(#225,#226,#227,#228,#229,#230));
#497=EDGE_LOOP('',(#231,#232,#233,#234));
#498=EDGE_LOOP('',(#235,#236,#237,#238));
#499=EDGE_LOOP('',(#239,#240,#241,#242));
#500=EDGE_LOOP('',(#243,#244,#245,#246));
#501=EDGE_LOOP('',(#247,#248,#249,#250));
#502=EDGE_LOOP('',(#251,#252,#253,#254));
#503=EDGE_LOOP('',(#255,#256,#257,#258,#259,#260,#261,#262,#263,#264,#265,
#266,#267,#268,#269,#270,#271,#272,#273,#274,#275,#276,#277,#278,#279,#280,
#281,#282,#283,#284));
#504=EDGE_LOOP('',(#285,#286,#287,#288,#289,#290,#291,#292,#293,#294,#295,
#296,#297,#298,#299,#300,#301,#302,#303,#304,#305,#306,#307,#308,#309,#310,
#311,#312,#313));
#505=FACE_BOUND('',#485,.T.);
#506=FACE_BOUND('',#486,.T.);
#507=FACE_BOUND('',#487,.T.);
#508=FACE_BOUND('',#488,.T.);
#509=FACE_BOUND('',#489,.T.);
#510=FACE_BOUND('',#490,.T.);
#511=FACE_BOUND('',#491,.T.);
#512=FACE_BOUND('',#492,.T.);
#513=FACE_BOUND('',#493,.T.);
#514=FACE_BOUND('',#494,.T.);
#515=FACE_BOUND('',#495,.T.);
#516=FACE_BOUND('',#496,.T.);
#517=FACE_BOUND('',#497,.T.);
#518=FACE_BOUND('',#498,.T.);
#519=FACE_BOUND('',#499,.T.);
#520=FACE_BOUND('',#500,.T.);
#521=FACE_BOUND('',#501,.T.);
#522=FACE_BOUND('',#502,.T.);
#523=FACE_BOUND('',#503,.T.);
#524=FACE_BOUND('',#504,.T.);
#525=CYLINDRICAL_SURFACE('',#559,0.00126799366175813);
#526=CYLINDRICAL_SURFACE('',#568,0.00125);
#527=CYLINDRICAL_SURFACE('',#579,0.00125);
#528=CYLINDRICAL_SURFACE('',#580,0.001025);
#529=ADVANCED_FACE('',(#505),#525,.F.);
#530=ADVANCED_FACE('',(#506),#31,.F.);
#531=ADVANCED_FACE('',(#507),#20,.F.);
#532=ADVANCED_FACE('',(#508),#32,.F.);
#533=ADVANCED_FACE('',(#509),#21,.T.);
#534=ADVANCED_FACE('',(#510),#22,.T.);
#535=ADVANCED_FACE('',(#511,#512),#526,.F.);
#536=ADVANCED_FACE('',(#513,#514),#23,.F.);
#537=ADVANCED_FACE('',(#515,#516),#24,.T.);
#538=ADVANCED_FACE('',(#517),#25,.F.);
#539=ADVANCED_FACE('',(#518),#26,.F.);
#540=ADVANCED_FACE('',(#519),#27,.F.);
#541=ADVANCED_FACE('',(#520),#28,.F.);
#542=ADVANCED_FACE('',(#521),#29,.F.);
#543=ADVANCED_FACE('',(#522),#30,.F.);
#544=ADVANCED_FACE('',(#523),#527,.T.);
#545=ADVANCED_FACE('',(#524),#528,.T.);
#546=CLOSED_SHELL('',(#529,#530,#531,#532,#533,#534,#535,#536,#537,#538,
#539,#540,#541,#542,#543,#544,#545));
#547=STYLED_ITEM('',(#548),#555);
#548=PRESENTATION_STYLE_ASSIGNMENT((#549));
#549=SURFACE_STYLE_USAGE(.BOTH.,#550);
#550=SURFACE_SIDE_STYLE('',(#551));
#551=SURFACE_STYLE_FILL_AREA(#552);
#552=FILL_AREA_STYLE('',(#553));
#553=FILL_AREA_STYLE_COLOUR('',#554);
#554=COLOUR_RGB('',0.949019607843137,0.949019607843137,0.949019607843137);
#555=MANIFOLD_SOLID_BREP('standoff_raspi',#546);
#556=SHAPE_DEFINITION_REPRESENTATION(#2389,#557);
#557=SHAPE_REPRESENTATION('standoff_raspi',(#558),#2384);
#558=AXIS2_PLACEMENT_3D('',#651,#581,#582);
#559=AXIS2_PLACEMENT_3D('',#652,#583,#584);
#560=AXIS2_PLACEMENT_3D('',#653,#585,#586);
#561=AXIS2_PLACEMENT_3D('',#1351,#589,#590);
#562=AXIS2_PLACEMENT_3D('',#1516,#591,#592);
#563=AXIS2_PLACEMENT_3D('',#2333,#597,#598);
#564=AXIS2_PLACEMENT_3D('',#2334,#599,#600);
#565=AXIS2_PLACEMENT_3D('',#2335,#601,#602);
#566=AXIS2_PLACEMENT_3D('',#2336,#603,#604);
#567=AXIS2_PLACEMENT_3D('',#2337,#605,#606);
#568=AXIS2_PLACEMENT_3D('',#2339,#607,#608);
#569=AXIS2_PLACEMENT_3D('',#2340,#609,#610);
#570=AXIS2_PLACEMENT_3D('',#2342,#611,#612);
#571=AXIS2_PLACEMENT_3D('',#2355,#619,#620);
#572=AXIS2_PLACEMENT_3D('',#2356,#621,#622);
#573=AXIS2_PLACEMENT_3D('',#2369,#629,#630);
#574=AXIS2_PLACEMENT_3D('',#2372,#633,#634);
#575=AXIS2_PLACEMENT_3D('',#2374,#636,#637);
#576=AXIS2_PLACEMENT_3D('',#2376,#639,#640);
#577=AXIS2_PLACEMENT_3D('',#2378,#642,#643);
#578=AXIS2_PLACEMENT_3D('',#2380,#645,#646);
#579=AXIS2_PLACEMENT_3D('',#2381,#647,#648);
#580=AXIS2_PLACEMENT_3D('',#2382,#649,#650);
#581=DIRECTION('',(0.,0.,1.));
#582=DIRECTION('',(1.,0.,0.));
#583=DIRECTION('',(0.,0.,-1.));
#584=DIRECTION('',(-1.,0.,0.));
#585=DIRECTION('',(0.,0.,-1.));
#586=DIRECTION('',(-1.,0.,0.));
#587=DIRECTION('',(0.,0.,-1.));
#588=DIRECTION('',(0.800544712260038,0.33034350865487,-0.500001329960314));
#589=DIRECTION('',(-1.90021715928745E-12,-1.09975376851992E-12,-1.));
#590=DIRECTION('',(0.884897109701371,0.465786544719961,-2.19315491814051E-12));
#591=DIRECTION('',(0.381448165501753,-0.924390229846328,0.));
#592=DIRECTION('',(0.924390229846328,0.381448165501753,0.));
#593=DIRECTION('',(0.924390229846328,0.381448165501753,0.));
#594=DIRECTION('',(0.,0.,-1.));
#595=DIRECTION('',(-0.800544712260148,-0.330343508654916,-0.500001329960107));
#596=DIRECTION('',(0.,0.,1.));
#597=DIRECTION('',(0.,0.,1.));
#598=DIRECTION('',(1.,0.,0.));
#599=DIRECTION('',(0.,0.,1.));
#600=DIRECTION('',(-1.,0.,0.));
#601=DIRECTION('',(0.,0.,1.));
#602=DIRECTION('',(0.866025403784439,-0.5,0.));
#603=DIRECTION('',(0.,0.,-1.));
#604=DIRECTION('',(-1.,0.,0.));
#605=DIRECTION('',(0.,0.,1.));
#606=DIRECTION('',(-0.866025403784439,0.5,0.));
#607=DIRECTION('',(0.,0.,-1.));
#608=DIRECTION('',(-1.,0.,0.));
#609=DIRECTION('',(0.,0.,-1.));
#610=DIRECTION('',(-0.866025403784439,0.5,0.));
#611=DIRECTION('',(0.,0.,1.));
#612=DIRECTION('',(1.,0.,0.));
#613=DIRECTION('',(-3.00462919747432E-16,-1.,0.));
#614=DIRECTION('',(-0.866025403784439,-0.5,0.));
#615=DIRECTION('',(-0.866025403784439,0.5,0.));
#616=DIRECTION('',(0.,1.,0.));
#617=DIRECTION('',(0.866025403784439,0.5,0.));
#618=DIRECTION('',(0.866025403784439,-0.5,0.));
#619=DIRECTION('',(0.,0.,1.));
#620=DIRECTION('',(1.,0.,0.));
#621=DIRECTION('',(0.,0.,1.));
#622=DIRECTION('',(0.866025403784439,-0.5,0.));
#623=DIRECTION('',(-3.00462919747432E-16,-1.,0.));
#624=DIRECTION('',(0.866025403784439,-0.5,0.));
#625=DIRECTION('',(0.866025403784439,0.5,0.));
#626=DIRECTION('',(0.,1.,0.));
#627=DIRECTION('',(-0.866025403784439,0.5,0.));
#628=DIRECTION('',(-0.866025403784439,-0.5,0.));
#629=DIRECTION('',(0.5,-0.866025403784439,0.));
#630=DIRECTION('',(0.866025403784439,0.5,0.));
#631=DIRECTION('',(0.,0.,-1.));
#632=DIRECTION('',(0.,0.,-1.));
#633=DIRECTION('',(-0.5,-0.866025403784439,0.));
#634=DIRECTION('',(0.866025403784439,-0.5,0.));
#635=DIRECTION('',(0.,0.,-1.));
#636=DIRECTION('',(-1.,0.,0.));
#637=DIRECTION('',(0.,0.,1.));
#638=DIRECTION('',(0.,0.,-1.));
#639=DIRECTION('',(-0.5,0.866025403784439,0.));
#640=DIRECTION('',(-0.866025403784439,-0.5,0.));
#641=DIRECTION('',(0.,0.,-1.));
#642=DIRECTION('',(0.5,0.866025403784439,0.));
#643=DIRECTION('',(-0.866025403784439,0.5,0.));
#644=DIRECTION('',(0.,0.,-1.));
#645=DIRECTION('',(1.,-3.00462919747432E-16,0.));
#646=DIRECTION('',(3.00462919747432E-16,1.,0.));
#647=DIRECTION('',(0.,0.,-1.));
#648=DIRECTION('',(-1.,0.,0.));
#649=DIRECTION('',(0.,0.,-1.));
#650=DIRECTION('',(-1.,0.,0.));
#651=CARTESIAN_POINT('',(0.,0.,0.));
#652=CARTESIAN_POINT('',(8.67447298987466E-6,-3.84744951572896E-5,0.0120001168575681));
#653=CARTESIAN_POINT('',(8.67447298987466E-6,-3.84744951572896E-5,0.012));
#654=CARTESIAN_POINT('',(0.00118019847096328,0.000446643478567842,0.012));
#655=CARTESIAN_POINT('',(0.00100818389986591,0.000741773099629709,0.012));
#656=CARTESIAN_POINT('',(0.00100818468399094,0.000741773711738043,0.012));
#657=CARTESIAN_POINT('',(0.00107846512458895,0.000651743363202057,0.0119935079128838));
#658=CARTESIAN_POINT('',(0.00113650170765915,0.00055216791695447,0.0119870158257676));
#659=CARTESIAN_POINT('',(0.00118019845382615,0.000446643519952743,0.0119805237386514));
#660=CARTESIAN_POINT('',(0.00118013129261118,0.000446615709070647,0.0119805237386514));
#661=CARTESIAN_POINT('',(0.00118019845382615,0.000446643519952741,0.0120001168575681));
#662=CARTESIAN_POINT('',(-0.00100878594172167,-7.4537401750023E-5,0.0181660048830101));
#663=CARTESIAN_POINT('',(-0.00100932546386069,-6.10343171194946E-5,0.0181650605207927));
#664=CARTESIAN_POINT('',(-0.00101228461185733,8.66324537357342E-5,0.0181547411585753));
#665=CARTESIAN_POINT('',(-0.000956220051132153,0.000368452474336881,0.0181350467963579));
#666=CARTESIAN_POINT('',(-0.000728252058748198,0.000709648517634226,0.0181069217963579));
#667=CARTESIAN_POINT('',(-0.000387056015450854,0.000937616510018182,0.0180787967963579));
#668=CARTESIAN_POINT('',(1.54037337868971E-5,0.00101768083263958,0.0180506717963579));
#669=CARTESIAN_POINT('',(0.000417863483024648,0.000937616510018183,0.0180225467963579));
#670=CARTESIAN_POINT('',(0.000759059526321991,0.000709648517634227,0.0179944217963579));
#671=CARTESIAN_POINT('',(0.00098702751870595,0.000368452474336882,0.0179662967963579));
#672=CARTESIAN_POINT('',(0.00106709184132734,-3.40072749008686E-5,0.017938171796358));
#673=CARTESIAN_POINT('',(0.00098702751870595,-0.000436467024138619,0.0179100467963579));
#674=CARTESIAN_POINT('',(0.000759059526321992,-0.000777663067435966,0.017881921796358));
#675=CARTESIAN_POINT('',(0.00041786348302465,-0.00100563105981992,0.0178537967963579));
#676=CARTESIAN_POINT('',(1.54037337868979E-5,-0.00108569538244132,0.0178256717963579));
#677=CARTESIAN_POINT('',(-0.000387056015450853,-0.00100563105981992,0.017797546796358));
#678=CARTESIAN_POINT('',(-0.000728252058748197,-0.000777663067435966,0.0177694217963579));
#679=CARTESIAN_POINT('',(-0.000956220051132153,-0.00043646702413862,0.0177412967963579));
#680=CARTESIAN_POINT('',(-0.00103628437375355,-3.40072749008697E-5,0.0177131717963579));
#681=CARTESIAN_POINT('',(-0.000956220051132153,0.000368452474336881,0.017685046796358));
#682=CARTESIAN_POINT('',(-0.000728252058748198,0.000709648517634227,0.0176569217963579));
#683=CARTESIAN_POINT('',(-0.000387056015450854,0.000937616510018182,0.017628796796358));
#684=CARTESIAN_POINT('',(1.54037337868968E-5,0.00101768083263958,0.0176006717963579));
#685=CARTESIAN_POINT('',(0.000417863483024648,0.000937616510018183,0.017572546796358));
#686=CARTESIAN_POINT('',(0.000759059526321991,0.000709648517634228,0.0175444217963579));
#687=CARTESIAN_POINT('',(0.00098702751870595,0.000368452474336882,0.0175162967963579));
#688=CARTESIAN_POINT('',(0.00106709184132734,-3.40072749008694E-5,0.0174881717963579));
#689=CARTESIAN_POINT('',(0.000987027518705951,-0.000436467024138616,0.0174600467963579));
#690=CARTESIAN_POINT('',(0.000759059526321992,-0.000777663067435966,0.0174319217963579));
#691=CARTESIAN_POINT('',(0.000417863483024648,-0.00100563105981992,0.0174037967963579));
#692=CARTESIAN_POINT('',(1.54037337869013E-5,-0.00108569538244131,0.0173756717963579));
#693=CARTESIAN_POINT('',(-0.000387056015450854,-0.00100563105981992,0.0173475467963579));
#694=CARTESIAN_POINT('',(-0.000728252058748196,-0.000777663067435967,0.017319421796358));
#695=CARTESIAN_POINT('',(-0.000956220051132154,-0.000436467024138617,0.0172912967963579));
#696=CARTESIAN_POINT('',(-0.00103628437375355,-3.400727490087E-5,0.0172631717963579));
#697=CARTESIAN_POINT('',(-0.000956220051132154,0.000368452474336877,0.0172350467963579));
#698=CARTESIAN_POINT('',(-0.000728252058748197,0.000709648517634228,0.0172069217963579));
#699=CARTESIAN_POINT('',(-0.000387056015450856,0.000937616510018182,0.0171787967963579));
#700=CARTESIAN_POINT('',(1.54037337869001E-5,0.00101768083263958,0.0171506717963579));
#701=CARTESIAN_POINT('',(0.000417863483024647,0.000937616510018183,0.0171225467963579));
#702=CARTESIAN_POINT('',(0.000759059526321991,0.000709648517634229,0.0170944217963579));
#703=CARTESIAN_POINT('',(0.000987027518705951,0.000368452474336879,0.0170662967963579));
#704=CARTESIAN_POINT('',(0.00106709184132734,-3.4007274900868E-5,0.0170381717963579));
#705=CARTESIAN_POINT('',(0.000987027518705951,-0.000436467024138615,0.0170100467963579));
#706=CARTESIAN_POINT('',(0.000759059526321992,-0.000777663067435966,0.0169819217963579));
#707=CARTESIAN_POINT('',(0.000417863483024649,-0.00100563105981992,0.0169537967963579));
#708=CARTESIAN_POINT('',(1.54037337869017E-5,-0.00108569538244131,0.0169256717963579));
#709=CARTESIAN_POINT('',(-0.000387056015450854,-0.00100563105981992,0.0168975467963579));
#710=CARTESIAN_POINT('',(-0.000728252058748196,-0.000777663067435967,0.0168694217963579));
#711=CARTESIAN_POINT('',(-0.000956220051132154,-0.000436467024138617,0.0168412967963579));
#712=CARTESIAN_POINT('',(-0.00103628437375355,-3.40072749008703E-5,0.0168131717963579));
#713=CARTESIAN_POINT('',(-0.000956220051132154,0.000368452474336877,0.0167850467963579));
#714=CARTESIAN_POINT('',(-0.000728252058748197,0.000709648517634228,0.0167569217963579));
#715=CARTESIAN_POINT('',(-0.000387056015450856,0.000937616510018182,0.0167287967963579));
#716=CARTESIAN_POINT('',(1.54037337868996E-5,0.00101768083263958,0.0167006717963579));
#717=CARTESIAN_POINT('',(0.000417863483024647,0.000937616510018183,0.0166725467963579));
#718=CARTESIAN_POINT('',(0.000759059526321991,0.000709648517634229,0.0166444217963579));
#719=CARTESIAN_POINT('',(0.00098702751870595,0.000368452474336879,0.0166162967963579));
#720=CARTESIAN_POINT('',(0.00106709184132734,-3.40072749008677E-5,0.0165881717963579));
#721=CARTESIAN_POINT('',(0.000987027518705952,-0.000436467024138615,0.0165600467963579));
#722=CARTESIAN_POINT('',(0.000759059526321992,-0.000777663067435966,0.0165319217963579));
#723=CARTESIAN_POINT('',(0.00041786348302465,-0.00100563105981992,0.0165037967963579));
#724=CARTESIAN_POINT('',(1.54037337869019E-5,-0.00108569538244132,0.0164756717963579));
#725=CARTESIAN_POINT('',(-0.000387056015450854,-0.00100563105981992,0.0164475467963579));
#726=CARTESIAN_POINT('',(-0.000728252058748195,-0.000777663067435968,0.0164194217963579));
#727=CARTESIAN_POINT('',(-0.000956220051132154,-0.000436467024138617,0.0163912967963579));
#728=CARTESIAN_POINT('',(-0.00103628437375355,-3.40072749008712E-5,0.0163631717963579));
#729=CARTESIAN_POINT('',(-0.000956220051132154,0.000368452474336878,0.0163350467963579));
#730=CARTESIAN_POINT('',(-0.000728252058748204,0.000709648517634222,0.0163069217963579));
#731=CARTESIAN_POINT('',(-0.000387056015450848,0.000937616510018184,0.0162787967963579));
#732=CARTESIAN_POINT('',(1.54037337868973E-5,0.00101768083263958,0.0162506717963579));
#733=CARTESIAN_POINT('',(0.000417863483024646,0.000937616510018182,0.0162225467963579));
#734=CARTESIAN_POINT('',(0.000759059526321992,0.000709648517634228,0.0161944217963579));
#735=CARTESIAN_POINT('',(0.000987027518705946,0.000368452474336885,0.0161662967963579));
#736=CARTESIAN_POINT('',(0.00106709184132734,-3.40072749008595E-5,0.0161381717963579));
#737=CARTESIAN_POINT('',(0.000987027518705946,-0.000436467024138624,0.0161100467963579));
#738=CARTESIAN_POINT('',(0.000759059526321993,-0.000777663067435963,0.0160819217963579));
#739=CARTESIAN_POINT('',(0.00041786348302465,-0.00100563105981992,0.0160537967963579));
#740=CARTESIAN_POINT('',(1.54037337869002E-5,-0.00108569538244131,0.0160256717963579));
#741=CARTESIAN_POINT('',(-0.000387056015450845,-0.00100563105981992,0.0159975467963579));
#742=CARTESIAN_POINT('',(-0.000728252058748201,-0.000777663067435962,0.0159694217963579));
#743=CARTESIAN_POINT('',(-0.000956220051132153,-0.000436467024138619,0.0159412967963579));
#744=CARTESIAN_POINT('',(-0.00103628437375355,-3.4007274900871E-5,0.0159131717963579));
#745=CARTESIAN_POINT('',(-0.000956220051132154,0.000368452474336878,0.0158850467963579));
#746=CARTESIAN_POINT('',(-0.000728252058748203,0.000709648517634222,0.0158569217963579));
#747=CARTESIAN_POINT('',(-0.000387056015450848,0.000937616510018184,0.0158287967963579));
#748=CARTESIAN_POINT('',(1.5403733786897E-5,0.00101768083263958,0.0158006717963579));
#749=CARTESIAN_POINT('',(0.000417863483024646,0.000937616510018183,0.0157725467963579));
#750=CARTESIAN_POINT('',(0.000759059526321992,0.000709648517634227,0.0157444217963579));
#751=CARTESIAN_POINT('',(0.000987027518705945,0.000368452474336888,0.0157162967963579));
#752=CARTESIAN_POINT('',(0.00106709184132734,-3.40072749008749E-5,0.0156881717963579));
#753=CARTESIAN_POINT('',(0.00098702751870595,-0.000436467024138619,0.0156600467963579));
#754=CARTESIAN_POINT('',(0.000759059526321994,-0.000777663067435964,0.0156319217963579));
#755=CARTESIAN_POINT('',(0.00041786348302465,-0.00100563105981992,0.015603796796358));
#756=CARTESIAN_POINT('',(1.54037337869003E-5,-0.00108569538244131,0.0155756717963579));
#757=CARTESIAN_POINT('',(-0.000387056015450845,-0.00100563105981992,0.0155475467963579));
#758=CARTESIAN_POINT('',(-0.000728252058748201,-0.000777663067435962,0.0155194217963579));
#759=CARTESIAN_POINT('',(-0.000956220051132153,-0.000436467024138619,0.0154912967963579));
#760=CARTESIAN_POINT('',(-0.00103628437375355,-3.40072749008713E-5,0.0154631717963579));
#761=CARTESIAN_POINT('',(-0.000956220051132154,0.000368452474336878,0.0154350467963579));
#762=CARTESIAN_POINT('',(-0.000728252058748204,0.000709648517634221,0.0154069217963579));
#763=CARTESIAN_POINT('',(-0.000387056015450848,0.000937616510018184,0.0153787967963579));
#764=CARTESIAN_POINT('',(1.54037337868969E-5,0.00101768083263958,0.0153506717963579));
#765=CARTESIAN_POINT('',(0.000417863483024646,0.000937616510018183,0.0153225467963579));
#766=CARTESIAN_POINT('',(0.000759059526321991,0.000709648517634228,0.0152944217963579));
#767=CARTESIAN_POINT('',(0.000987027518705946,0.000368452474336885,0.0152662967963579));
#768=CARTESIAN_POINT('',(0.00106709184132734,-3.40072749008589E-5,0.0152381717963579));
#769=CARTESIAN_POINT('',(0.00098702751870595,-0.000436467024138624,0.0152100467963579));
#770=CARTESIAN_POINT('',(0.000759059526321994,-0.000777663067435963,0.0151819217963579));
#771=CARTESIAN_POINT('',(0.00041786348302465,-0.00100563105981992,0.0151537967963579));
#772=CARTESIAN_POINT('',(1.54037337869006E-5,-0.00108569538244131,0.0151256717963579));
#773=CARTESIAN_POINT('',(-0.000387056015450845,-0.00100563105981992,0.0150975467963579));
#774=CARTESIAN_POINT('',(-0.000728252058748201,-0.000777663067435963,0.0150694217963579));
#775=CARTESIAN_POINT('',(-0.000956220051132153,-0.000436467024138619,0.0150412967963579));
#776=CARTESIAN_POINT('',(-0.00103628437375355,-3.40072749008716E-5,0.0150131717963579));
#777=CARTESIAN_POINT('',(-0.000956220051132154,0.000368452474336878,0.014985046796358));
#778=CARTESIAN_POINT('',(-0.000728252058748204,0.000709648517634221,0.014956921796358));
#779=CARTESIAN_POINT('',(-0.000387056015450848,0.000937616510018184,0.014928796796358));
#780=CARTESIAN_POINT('',(1.54037337868965E-5,0.00101768083263958,0.014900671796358));
#781=CARTESIAN_POINT('',(0.000417863483024646,0.000937616510018183,0.014872546796358));
#782=CARTESIAN_POINT('',(0.000759059526321991,0.000709648517634227,0.014844421796358));
#783=CARTESIAN_POINT('',(0.000987027518705945,0.000368452474336889,0.014816296796358));
#784=CARTESIAN_POINT('',(0.00106709184132734,-3.40072749008743E-5,0.014788171796358));
#785=CARTESIAN_POINT('',(0.00098702751870595,-0.000436467024138619,0.014760046796358));
#786=CARTESIAN_POINT('',(0.000759059526321994,-0.000777663067435964,0.014731921796358));
#787=CARTESIAN_POINT('',(0.00041786348302465,-0.00100563105981992,0.014703796796358));
#788=CARTESIAN_POINT('',(1.54037337869008E-5,-0.00108569538244131,0.014675671796358));
#789=CARTESIAN_POINT('',(-0.000387056015450844,-0.00100563105981992,0.014647546796358));
#790=CARTESIAN_POINT('',(-0.000728252058748201,-0.000777663067435963,0.014619421796358));
#791=CARTESIAN_POINT('',(-0.000956220051132153,-0.00043646702413862,0.014591296796358));
#792=CARTESIAN_POINT('',(-0.00103628437375355,-3.40072749008719E-5,0.014563171796358));
#793=CARTESIAN_POINT('',(-0.000956220051132154,0.000368452474336878,0.014535046796358));
#794=CARTESIAN_POINT('',(-0.000728252058748204,0.000709648517634221,0.014506921796358));
#795=CARTESIAN_POINT('',(-0.000387056015450849,0.000937616510018184,0.014478796796358));
#796=CARTESIAN_POINT('',(1.54037337868963E-5,0.00101768083263958,0.014450671796358));
#797=CARTESIAN_POINT('',(0.000417863483024645,0.000937616510018183,0.014422546796358));
#798=CARTESIAN_POINT('',(0.000759059526321991,0.000709648517634229,0.014394421796358));
#799=CARTESIAN_POINT('',(0.000987027518705946,0.000368452474336886,0.014366296796358));
#800=CARTESIAN_POINT('',(0.00106709184132734,-3.40072749008583E-5,0.014338171796358));
#801=CARTESIAN_POINT('',(0.00098702751870595,-0.000436467024138623,0.014310046796358));
#802=CARTESIAN_POINT('',(0.000759059526321994,-0.000777663067435963,0.014281921796358));
#803=CARTESIAN_POINT('',(0.000417863483024651,-0.00100563105981992,0.014253796796358));
#804=CARTESIAN_POINT('',(1.54037337869011E-5,-0.00108569538244131,0.014225671796358));
#805=CARTESIAN_POINT('',(-0.000387056015450845,-0.00100563105981992,0.014197546796358));
#806=CARTESIAN_POINT('',(-0.000728252058748201,-0.000777663067435963,0.014169421796358));
#807=CARTESIAN_POINT('',(-0.000956220051132153,-0.00043646702413862,0.014141296796358));
#808=CARTESIAN_POINT('',(-0.00103628437375355,-3.40072749008723E-5,0.014113171796358));
#809=CARTESIAN_POINT('',(-0.000956220051132154,0.000368452474336878,0.014085046796358));
#810=CARTESIAN_POINT('',(-0.000728252058748202,0.000709648517634222,0.014056921796358));
#811=CARTESIAN_POINT('',(-0.000387056015450859,0.000937616510018181,0.014028796796358));
#812=CARTESIAN_POINT('',(1.54037337868907E-5,0.00101768083263957,0.014000671796358));
#813=CARTESIAN_POINT('',(0.000417863483024634,0.00093761651001819,0.013972546796358));
#814=CARTESIAN_POINT('',(0.000759059526322,0.000709648517634221,0.013944421796358));
#815=CARTESIAN_POINT('',(0.00098702751870595,0.000368452474336879,0.013916296796358));
#816=CARTESIAN_POINT('',(0.00106709184132734,-3.40072749008704E-5,0.013888171796358));
#817=CARTESIAN_POINT('',(0.00098702751870595,-0.000436467024138618,0.013860046796358));
#818=CARTESIAN_POINT('',(0.000759059526321994,-0.000777663067435964,0.013831921796358));
#819=CARTESIAN_POINT('',(0.000417863483024651,-0.00100563105981992,0.013803796796358));
#820=CARTESIAN_POINT('',(1.54037337869021E-5,-0.00108569538244131,0.013775671796358));
#821=CARTESIAN_POINT('',(-0.000387056015450847,-0.00100563105981992,0.013747546796358));
#822=CARTESIAN_POINT('',(-0.000728252058748192,-0.000777663067435969,0.013719421796358));
#823=CARTESIAN_POINT('',(-0.000956220051132151,-0.000436467024138627,0.013691296796358));
#824=CARTESIAN_POINT('',(-0.00103628437375355,-3.40072749008882E-5,0.013663171796358));
#825=CARTESIAN_POINT('',(-0.000956220051132152,0.000368452474336891,0.013635046796358));
#826=CARTESIAN_POINT('',(-0.000728252058748197,0.000709648517634226,0.013606921796358));
#827=CARTESIAN_POINT('',(-0.000387056015450852,0.000937616510018183,0.013578796796358));
#828=CARTESIAN_POINT('',(1.54037337868964E-5,0.00101768083263958,0.013550671796358));
#829=CARTESIAN_POINT('',(0.000417863483024645,0.000937616510018183,0.013522546796358));
#830=CARTESIAN_POINT('',(0.00075905952632199,0.00070964851763423,0.013494421796358));
#831=CARTESIAN_POINT('',(0.000987027518705946,0.000368452474336886,0.013466296796358));
#832=CARTESIAN_POINT('',(0.00106709184132734,-3.40072749008609E-5,0.013438171796358));
#833=CARTESIAN_POINT('',(0.000987027518705952,-0.000436467024138612,0.013410046796358));
#834=CARTESIAN_POINT('',(0.000759059526322004,-0.000777663067435955,0.013381921796358));
#835=CARTESIAN_POINT('',(0.000417863483024639,-0.00100563105981993,0.013353796796358));
#836=CARTESIAN_POINT('',(1.54037337868963E-5,-0.00108569538244131,0.013325671796358));
#837=CARTESIAN_POINT('',(-0.000387056015450853,-0.00100563105981992,0.013297546796358));
#838=CARTESIAN_POINT('',(-0.000728252058748198,-0.000777663067435965,0.013269421796358));
#839=CARTESIAN_POINT('',(-0.000956220051132153,-0.000436467024138621,0.013241296796358));
#840=CARTESIAN_POINT('',(-0.00103628437375355,-3.40072749008728E-5,0.013213171796358));
#841=CARTESIAN_POINT('',(-0.000956220051132154,0.000368452474336877,0.013185046796358));
#842=CARTESIAN_POINT('',(-0.000728252058748202,0.000709648517634222,0.013156921796358));
#843=CARTESIAN_POINT('',(-0.000387056015450859,0.00093761651001818,0.013128796796358));
#844=CARTESIAN_POINT('',(1.54037337868902E-5,0.00101768083263957,0.013100671796358));
#845=CARTESIAN_POINT('',(0.000417863483024633,0.000937616510018191,0.013072546796358));
#846=CARTESIAN_POINT('',(0.000759059526322,0.000709648517634221,0.013044421796358));
#847=CARTESIAN_POINT('',(0.000987027518705951,0.000368452474336879,0.013016296796358));
#848=CARTESIAN_POINT('',(0.00106709184132734,-3.40072749008697E-5,0.012988171796358));
#849=CARTESIAN_POINT('',(0.00098702751870595,-0.000436467024138618,0.012960046796358));
#850=CARTESIAN_POINT('',(0.000759059526321995,-0.000777663067435963,0.012931921796358));
#851=CARTESIAN_POINT('',(0.000417863483024651,-0.00100563105981992,0.012903796796358));
#852=CARTESIAN_POINT('',(1.54037337869026E-5,-0.00108569538244131,0.012875671796358));
#853=CARTESIAN_POINT('',(-0.000387056015450846,-0.00100563105981992,0.012847546796358));
#854=CARTESIAN_POINT('',(-0.000728252058748192,-0.000777663067435968,0.012819421796358));
#855=CARTESIAN_POINT('',(-0.00095622005113215,-0.000436467024138635,0.012791296796358));
#856=CARTESIAN_POINT('',(-0.00103628437375355,-3.40072749008575E-5,0.012763171796358));
#857=CARTESIAN_POINT('',(-0.000956220051132153,0.000368452474336884,0.012735046796358));
#858=CARTESIAN_POINT('',(-0.000728252058748197,0.000709648517634228,0.012706921796358));
#859=CARTESIAN_POINT('',(-0.000387056015450852,0.000937616510018182,0.012678796796358));
#860=CARTESIAN_POINT('',(1.5403733786896E-5,0.00101768083263958,0.012650671796358));
#861=CARTESIAN_POINT('',(0.000417863483024645,0.000937616510018183,0.012622546796358));
#862=CARTESIAN_POINT('',(0.00075905952632199,0.000709648517634229,0.012594421796358));
#863=CARTESIAN_POINT('',(0.000987027518705945,0.000368452474336887,0.012566296796358));
#864=CARTESIAN_POINT('',(0.00106709184132734,-3.40072749008603E-5,0.012538171796358));
#865=CARTESIAN_POINT('',(0.000987027518705952,-0.000436467024138611,0.012510046796358));
#866=CARTESIAN_POINT('',(0.000759059526322004,-0.000777663067435955,0.012481921796358));
#867=CARTESIAN_POINT('',(0.000417863483024639,-0.00100563105981993,0.012453796796358));
#868=CARTESIAN_POINT('',(1.54037337868968E-5,-0.00108569538244131,0.012425671796358));
#869=CARTESIAN_POINT('',(-0.000387056015450853,-0.00100563105981992,0.012397546796358));
#870=CARTESIAN_POINT('',(-0.000728252058748198,-0.000777663067435965,0.012369421796358));
#871=CARTESIAN_POINT('',(-0.000956220051132153,-0.000436467024138621,0.012341296796358));
#872=CARTESIAN_POINT('',(-0.00103628437375355,-3.40072749008735E-5,0.012313171796358));
#873=CARTESIAN_POINT('',(-0.000956220051132154,0.000368452474336876,0.012285046796358));
#874=CARTESIAN_POINT('',(-0.000728252058748203,0.000709648517634222,0.012256921796358));
#875=CARTESIAN_POINT('',(-0.00038705601545086,0.00093761651001818,0.012228796796358));
#876=CARTESIAN_POINT('',(1.54037337868897E-5,0.00101768083263958,0.012200671796358));
#877=CARTESIAN_POINT('',(0.000417863483024633,0.00093761651001819,0.012172546796358));
#878=CARTESIAN_POINT('',(0.000759059526322,0.000709648517634222,0.012144421796358));
#879=CARTESIAN_POINT('',(0.000911296874362947,0.000481797316900008,0.0121256398815423));
#880=CARTESIAN_POINT('',(0.000962726160767207,0.000357397875682581,0.0121162329667267));
#881=CARTESIAN_POINT('',(0.000962900359020915,0.000356975708091831,0.0121162010519111));
#882=CARTESIAN_POINT('',(-0.00124360016000903,-8.38296747349519E-5,0.0180303275697506));
#883=CARTESIAN_POINT('',(-0.00124426337746772,-6.72307609452289E-5,0.0180293832075332));
#884=CARTESIAN_POINT('',(-0.00124790096427335,0.000114291318349983,0.0180190638453158));
#885=CARTESIAN_POINT('',(-0.00117898257743069,0.000460723733918229,0.0179993694830984));
#886=CARTESIAN_POINT('',(-0.000898748752646506,0.000880145211532534,0.0179712444830984));
#887=CARTESIAN_POINT('',(-0.000479327275032202,0.00116037903631672,0.0179431194830984));
#888=CARTESIAN_POINT('',(1.5403733786897E-5,0.00125879956949034,0.0179149944830984));
#889=CARTESIAN_POINT('',(0.000510134742605996,0.00116037903631672,0.0178868694830984));
#890=CARTESIAN_POINT('',(0.000929556220220299,0.000880145211532535,0.0178587444830984));
#891=CARTESIAN_POINT('',(0.00120979004500449,0.00046072373391823,0.0178306194830984));
#892=CARTESIAN_POINT('',(0.0013082105781781,-3.40072749008686E-5,0.0178024944830984));
#893=CARTESIAN_POINT('',(0.00120979004500449,-0.000528738283719967,0.0177743694830984));
#894=CARTESIAN_POINT('',(0.000929556220220299,-0.000948159761334273,0.0177462444830984));
#895=CARTESIAN_POINT('',(0.000510134742605997,-0.00122839358611846,0.0177181194830984));
#896=CARTESIAN_POINT('',(1.5403733786898E-5,-0.00132681411929208,0.0176899944830984));
#897=CARTESIAN_POINT('',(-0.000479327275032201,-0.00122839358611846,0.0176618694830984));
#898=CARTESIAN_POINT('',(-0.000898748752646504,-0.000948159761334274,0.0176337444830984));
#899=CARTESIAN_POINT('',(-0.00117898257743069,-0.000528738283719968,0.0176056194830984));
#900=CARTESIAN_POINT('',(-0.00127740311060431,-3.40072749008697E-5,0.0175774944830984));
#901=CARTESIAN_POINT('',(-0.00117898257743069,0.000460723733918229,0.0175493694830984));
#902=CARTESIAN_POINT('',(-0.000898748752646505,0.000880145211532535,0.0175212444830984));
#903=CARTESIAN_POINT('',(-0.000479327275032202,0.00116037903631672,0.0174931194830984));
#904=CARTESIAN_POINT('',(1.54037337868968E-5,0.00125879956949034,0.0174649944830984));
#905=CARTESIAN_POINT('',(0.000510134742605996,0.00116037903631672,0.0174368694830984));
#906=CARTESIAN_POINT('',(0.000929556220220298,0.000880145211532536,0.0174087444830984));
#907=CARTESIAN_POINT('',(0.00120979004500449,0.00046072373391823,0.0173806194830984));
#908=CARTESIAN_POINT('',(0.0013082105781781,-3.40072749008694E-5,0.0173524944830984));
#909=CARTESIAN_POINT('',(0.00120979004500449,-0.000528738283719963,0.0173243694830984));
#910=CARTESIAN_POINT('',(0.0009295562202203,-0.000948159761334274,0.0172962444830984));
#911=CARTESIAN_POINT('',(0.000510134742605996,-0.00122839358611846,0.0172681194830984));
#912=CARTESIAN_POINT('',(1.54037337869023E-5,-0.00132681411929207,0.0172399944830984));
#913=CARTESIAN_POINT('',(-0.000479327275032202,-0.00122839358611846,0.0172118694830984));
#914=CARTESIAN_POINT('',(-0.000898748752646503,-0.000948159761334275,0.0171837444830984));
#915=CARTESIAN_POINT('',(-0.00117898257743069,-0.000528738283719964,0.0171556194830984));
#916=CARTESIAN_POINT('',(-0.00127740311060431,-3.400727490087E-5,0.0171274944830984));
#917=CARTESIAN_POINT('',(-0.00117898257743069,0.000460723733918224,0.0170993694830984));
#918=CARTESIAN_POINT('',(-0.000898748752646504,0.000880145211532536,0.0170712444830984));
#919=CARTESIAN_POINT('',(-0.000479327275032204,0.00116037903631672,0.0170431194830984));
#920=CARTESIAN_POINT('',(1.54037337869005E-5,0.00125879956949034,0.0170149944830984));
#921=CARTESIAN_POINT('',(0.000510134742605995,0.00116037903631672,0.0169868694830984));
#922=CARTESIAN_POINT('',(0.000929556220220298,0.000880145211532537,0.0169587444830984));
#923=CARTESIAN_POINT('',(0.00120979004500449,0.000460723733918226,0.0169306194830984));
#924=CARTESIAN_POINT('',(0.0013082105781781,-3.4007274900868E-5,0.0169024944830984));
#925=CARTESIAN_POINT('',(0.00120979004500449,-0.000528738283719962,0.0168743694830984));
#926=CARTESIAN_POINT('',(0.0009295562202203,-0.000948159761334273,0.0168462444830984));
#927=CARTESIAN_POINT('',(0.000510134742605997,-0.00122839358611846,0.0168181194830984));
#928=CARTESIAN_POINT('',(1.54037337869026E-5,-0.00132681411929207,0.0167899944830984));
#929=CARTESIAN_POINT('',(-0.000479327275032202,-0.00122839358611846,0.0167618694830984));
#930=CARTESIAN_POINT('',(-0.000898748752646503,-0.000948159761334275,0.0167337444830984));
#931=CARTESIAN_POINT('',(-0.00117898257743069,-0.000528738283719965,0.0167056194830984));
#932=CARTESIAN_POINT('',(-0.00127740311060431,-3.40072749008703E-5,0.0166774944830984));
#933=CARTESIAN_POINT('',(-0.00117898257743069,0.000460723733918224,0.0166493694830984));
#934=CARTESIAN_POINT('',(-0.000898748752646504,0.000880145211532536,0.0166212444830984));
#935=CARTESIAN_POINT('',(-0.000479327275032204,0.00116037903631672,0.0165931194830984));
#936=CARTESIAN_POINT('',(1.54037337869001E-5,0.00125879956949034,0.0165649944830984));
#937=CARTESIAN_POINT('',(0.000510134742605994,0.00116037903631672,0.0165368694830984));
#938=CARTESIAN_POINT('',(0.000929556220220298,0.000880145211532537,0.0165087444830984));
#939=CARTESIAN_POINT('',(0.00120979004500449,0.000460723733918226,0.0164806194830984));
#940=CARTESIAN_POINT('',(0.0013082105781781,-3.40072749008677E-5,0.0164524944830984));
#941=CARTESIAN_POINT('',(0.00120979004500449,-0.000528738283719962,0.0164243694830984));
#942=CARTESIAN_POINT('',(0.0009295562202203,-0.000948159761334274,0.0163962444830984));
#943=CARTESIAN_POINT('',(0.000510134742605997,-0.00122839358611846,0.0163681194830984));
#944=CARTESIAN_POINT('',(1.54037337869029E-5,-0.00132681411929208,0.0163399944830984));
#945=CARTESIAN_POINT('',(-0.000479327275032202,-0.00122839358611846,0.0163118694830984));
#946=CARTESIAN_POINT('',(-0.000898748752646502,-0.000948159761334276,0.0162837444830984));
#947=CARTESIAN_POINT('',(-0.00117898257743069,-0.000528738283719965,0.0162556194830984));
#948=CARTESIAN_POINT('',(-0.00127740311060431,-3.40072749008712E-5,0.0162274944830984));
#949=CARTESIAN_POINT('',(-0.00117898257743069,0.000460723733918226,0.0161993694830984));
#950=CARTESIAN_POINT('',(-0.000898748752646512,0.000880145211532529,0.0161712444830984));
#951=CARTESIAN_POINT('',(-0.000479327275032194,0.00116037903631672,0.0161431194830984));
#952=CARTESIAN_POINT('',(1.54037337868973E-5,0.00125879956949034,0.0161149944830984));
#953=CARTESIAN_POINT('',(0.000510134742605994,0.00116037903631672,0.0160868694830984));
#954=CARTESIAN_POINT('',(0.000929556220220299,0.000880145211532536,0.0160587444830984));
#955=CARTESIAN_POINT('',(0.00120979004500448,0.000460723733918233,0.0160306194830984));
#956=CARTESIAN_POINT('',(0.0013082105781781,-3.40072749008595E-5,0.0160024944830984));
#957=CARTESIAN_POINT('',(0.00120979004500448,-0.000528738283719972,0.0159743694830984));
#958=CARTESIAN_POINT('',(0.000929556220220301,-0.00094815976133427,0.0159462444830984));
#959=CARTESIAN_POINT('',(0.000510134742605997,-0.00122839358611846,0.0159181194830984));
#960=CARTESIAN_POINT('',(1.54037337869008E-5,-0.00132681411929207,0.0158899944830984));
#961=CARTESIAN_POINT('',(-0.000479327275032191,-0.00122839358611846,0.0158618694830984));
#962=CARTESIAN_POINT('',(-0.00089874875264651,-0.000948159761334269,0.0158337444830984));
#963=CARTESIAN_POINT('',(-0.00117898257743069,-0.000528738283719967,0.0158056194830984));
#964=CARTESIAN_POINT('',(-0.00127740311060431,-3.4007274900871E-5,0.0157774944830984));
#965=CARTESIAN_POINT('',(-0.00117898257743069,0.000460723733918225,0.0157493694830984));
#966=CARTESIAN_POINT('',(-0.000898748752646512,0.000880145211532529,0.0157212444830984));
#967=CARTESIAN_POINT('',(-0.000479327275032195,0.00116037903631672,0.0156931194830984));
#968=CARTESIAN_POINT('',(1.5403733786897E-5,0.00125879956949034,0.0156649944830984));
#969=CARTESIAN_POINT('',(0.000510134742605994,0.00116037903631672,0.0156368694830984));
#970=CARTESIAN_POINT('',(0.000929556220220299,0.000880145211532535,0.0156087444830984));
#971=CARTESIAN_POINT('',(0.00120979004500448,0.000460723733918238,0.0155806194830984));
#972=CARTESIAN_POINT('',(0.0013082105781781,-3.40072749008749E-5,0.0155524944830984));
#973=CARTESIAN_POINT('',(0.00120979004500449,-0.000528738283719967,0.0155243694830984));
#974=CARTESIAN_POINT('',(0.000929556220220301,-0.000948159761334271,0.0154962444830984));
#975=CARTESIAN_POINT('',(0.000510134742605998,-0.00122839358611846,0.0154681194830984));
#976=CARTESIAN_POINT('',(1.5403733786901E-5,-0.00132681411929207,0.0154399944830984));
#977=CARTESIAN_POINT('',(-0.000479327275032191,-0.00122839358611846,0.0154118694830984));
#978=CARTESIAN_POINT('',(-0.00089874875264651,-0.000948159761334269,0.0153837444830984));
#979=CARTESIAN_POINT('',(-0.00117898257743069,-0.000528738283719967,0.0153556194830984));
#980=CARTESIAN_POINT('',(-0.00127740311060431,-3.40072749008713E-5,0.0153274944830984));
#981=CARTESIAN_POINT('',(-0.00117898257743069,0.000460723733918225,0.0152993694830984));
#982=CARTESIAN_POINT('',(-0.000898748752646513,0.000880145211532528,0.0152712444830984));
#983=CARTESIAN_POINT('',(-0.000479327275032195,0.00116037903631672,0.0152431194830984));
#984=CARTESIAN_POINT('',(1.54037337868967E-5,0.00125879956949034,0.0152149944830984));
#985=CARTESIAN_POINT('',(0.000510134742605993,0.00116037903631672,0.0151868694830984));
#986=CARTESIAN_POINT('',(0.000929556220220298,0.000880145211532536,0.0151587444830984));
#987=CARTESIAN_POINT('',(0.00120979004500448,0.000460723733918233,0.0151306194830984));
#988=CARTESIAN_POINT('',(0.0013082105781781,-3.40072749008589E-5,0.0151024944830984));
#989=CARTESIAN_POINT('',(0.00120979004500449,-0.000528738283719972,0.0150743694830984));
#990=CARTESIAN_POINT('',(0.000929556220220302,-0.00094815976133427,0.0150462444830984));
#991=CARTESIAN_POINT('',(0.000510134742605998,-0.00122839358611846,0.0150181194830984));
#992=CARTESIAN_POINT('',(1.54037337869013E-5,-0.00132681411929207,0.0149899944830984));
#993=CARTESIAN_POINT('',(-0.00047932727503219,-0.00122839358611846,0.0149618694830984));
#994=CARTESIAN_POINT('',(-0.000898748752646509,-0.00094815976133427,0.0149337444830984));
#995=CARTESIAN_POINT('',(-0.00117898257743069,-0.000528738283719967,0.0149056194830984));
#996=CARTESIAN_POINT('',(-0.00127740311060431,-3.40072749008716E-5,0.0148774944830984));
#997=CARTESIAN_POINT('',(-0.00117898257743069,0.000460723733918225,0.0148493694830984));
#998=CARTESIAN_POINT('',(-0.000898748752646513,0.000880145211532528,0.0148212444830984));
#999=CARTESIAN_POINT('',(-0.000479327275032195,0.00116037903631672,0.0147931194830984));
#1000=CARTESIAN_POINT('',(1.54037337868964E-5,0.00125879956949034,0.0147649944830984));
#1001=CARTESIAN_POINT('',(0.000510134742605993,0.00116037903631672,0.0147368694830984));
#1002=CARTESIAN_POINT('',(0.000929556220220298,0.000880145211532535,0.0147087444830984));
#1003=CARTESIAN_POINT('',(0.00120979004500448,0.000460723733918238,0.0146806194830984));
#1004=CARTESIAN_POINT('',(0.0013082105781781,-3.40072749008743E-5,0.0146524944830984));
#1005=CARTESIAN_POINT('',(0.00120979004500449,-0.000528738283719967,0.0146243694830984));
#1006=CARTESIAN_POINT('',(0.000929556220220302,-0.000948159761334271,0.0145962444830984));
#1007=CARTESIAN_POINT('',(0.000510134742605998,-0.00122839358611846,0.0145681194830984));
#1008=CARTESIAN_POINT('',(1.54037337869016E-5,-0.00132681411929207,0.0145399944830984));
#1009=CARTESIAN_POINT('',(-0.00047932727503219,-0.00122839358611846,0.0145118694830984));
#1010=CARTESIAN_POINT('',(-0.000898748752646509,-0.00094815976133427,0.0144837444830984));
#1011=CARTESIAN_POINT('',(-0.00117898257743069,-0.000528738283719968,0.0144556194830984));
#1012=CARTESIAN_POINT('',(-0.00127740311060431,-3.40072749008719E-5,0.0144274944830984));
#1013=CARTESIAN_POINT('',(-0.00117898257743069,0.000460723733918224,0.0143993694830984));
#1014=CARTESIAN_POINT('',(-0.000898748752646513,0.000880145211532528,0.0143712444830984));
#1015=CARTESIAN_POINT('',(-0.000479327275032195,0.00116037903631672,0.0143431194830984));
#1016=CARTESIAN_POINT('',(1.5403733786896E-5,0.00125879956949034,0.0143149944830984));
#1017=CARTESIAN_POINT('',(0.000510134742605993,0.00116037903631672,0.0142868694830984));
#1018=CARTESIAN_POINT('',(0.000929556220220298,0.000880145211532537,0.0142587444830984));
#1019=CARTESIAN_POINT('',(0.00120979004500448,0.000460723733918234,0.0142306194830984));
#1020=CARTESIAN_POINT('',(0.0013082105781781,-3.40072749008583E-5,0.0142024944830984));
#1021=CARTESIAN_POINT('',(0.00120979004500449,-0.000528738283719971,0.0141743694830984));
#1022=CARTESIAN_POINT('',(0.000929556220220302,-0.00094815976133427,0.0141462444830984));
#1023=CARTESIAN_POINT('',(0.000510134742605999,-0.00122839358611846,0.0141181194830984));
#1024=CARTESIAN_POINT('',(1.54037337869019E-5,-0.00132681411929207,0.0140899944830984));
#1025=CARTESIAN_POINT('',(-0.00047932727503219,-0.00122839358611846,0.0140618694830984));
#1026=CARTESIAN_POINT('',(-0.000898748752646509,-0.00094815976133427,0.0140337444830984));
#1027=CARTESIAN_POINT('',(-0.00117898257743069,-0.000528738283719968,0.0140056194830984));
#1028=CARTESIAN_POINT('',(-0.00127740311060431,-3.40072749008723E-5,0.0139774944830984));
#1029=CARTESIAN_POINT('',(-0.00117898257743069,0.000460723733918224,0.0139493694830984));
#1030=CARTESIAN_POINT('',(-0.00089874875264651,0.000880145211532529,0.0139212444830984));
#1031=CARTESIAN_POINT('',(-0.000479327275032208,0.00116037903631672,0.0138931194830984));
#1032=CARTESIAN_POINT('',(1.54037337868892E-5,0.00125879956949033,0.0138649944830984));
#1033=CARTESIAN_POINT('',(0.000510134742605977,0.00116037903631673,0.0138368694830984));
#1034=CARTESIAN_POINT('',(0.00092955622022031,0.000880145211532527,0.0138087444830984));
#1035=CARTESIAN_POINT('',(0.00120979004500449,0.000460723733918226,0.0137806194830984));
#1036=CARTESIAN_POINT('',(0.0013082105781781,-3.40072749008704E-5,0.0137524944830984));
#1037=CARTESIAN_POINT('',(0.00120979004500449,-0.000528738283719966,0.0137243694830984));
#1038=CARTESIAN_POINT('',(0.000929556220220302,-0.000948159761334271,0.0136962444830984));
#1039=CARTESIAN_POINT('',(0.000510134742605999,-0.00122839358611846,0.0136681194830984));
#1040=CARTESIAN_POINT('',(1.54037337869032E-5,-0.00132681411929207,0.0136399944830984));
#1041=CARTESIAN_POINT('',(-0.000479327275032193,-0.00122839358611846,0.0136118694830984));
#1042=CARTESIAN_POINT('',(-0.000898748752646499,-0.000948159761334278,0.0135837444830984));
#1043=CARTESIAN_POINT('',(-0.00117898257743069,-0.000528738283719977,0.0135556194830984));
#1044=CARTESIAN_POINT('',(-0.00127740311060431,-3.40072749008882E-5,0.0135274944830984));
#1045=CARTESIAN_POINT('',(-0.00117898257743069,0.000460723733918241,0.0134993694830984));
#1046=CARTESIAN_POINT('',(-0.000898748752646504,0.000880145211532533,0.0134712444830984));
#1047=CARTESIAN_POINT('',(-0.0004793272750322,0.00116037903631672,0.0134431194830984));
#1048=CARTESIAN_POINT('',(1.54037337868963E-5,0.00125879956949034,0.0134149944830984));
#1049=CARTESIAN_POINT('',(0.000510134742605992,0.00116037903631672,0.0133868694830984));
#1050=CARTESIAN_POINT('',(0.000929556220220297,0.000880145211532537,0.0133587444830984));
#1051=CARTESIAN_POINT('',(0.00120979004500448,0.000460723733918234,0.0133306194830984));
#1052=CARTESIAN_POINT('',(0.0013082105781781,-3.40072749008609E-5,0.0133024944830984));
#1053=CARTESIAN_POINT('',(0.00120979004500449,-0.000528738283719957,0.0132743694830984));
#1054=CARTESIAN_POINT('',(0.000929556220220315,-0.000948159761334261,0.0132462444830984));
#1055=CARTESIAN_POINT('',(0.000510134742605984,-0.00122839358611847,0.0132181194830984));
#1056=CARTESIAN_POINT('',(1.54037337868961E-5,-0.00132681411929207,0.0131899944830984));
#1057=CARTESIAN_POINT('',(-0.000479327275032201,-0.00122839358611846,0.0131618694830984));
#1058=CARTESIAN_POINT('',(-0.000898748752646505,-0.000948159761334272,0.0131337444830984));
#1059=CARTESIAN_POINT('',(-0.00117898257743069,-0.000528738283719969,0.0131056194830984));
#1060=CARTESIAN_POINT('',(-0.00127740311060431,-3.40072749008728E-5,0.0130774944830984));
#1061=CARTESIAN_POINT('',(-0.00117898257743069,0.000460723733918223,0.0130493694830984));
#1062=CARTESIAN_POINT('',(-0.00089874875264651,0.000880145211532529,0.0130212444830984));
#1063=CARTESIAN_POINT('',(-0.000479327275032208,0.00116037903631672,0.0129931194830984));
#1064=CARTESIAN_POINT('',(1.54037337868886E-5,0.00125879956949033,0.0129649944830984));
#1065=CARTESIAN_POINT('',(0.000510134742605976,0.00116037903631673,0.0129368694830984));
#1066=CARTESIAN_POINT('',(0.000929556220220309,0.000880145211532528,0.0129087444830984));
#1067=CARTESIAN_POINT('',(0.00120979004500449,0.000460723733918226,0.0128806194830984));
#1068=CARTESIAN_POINT('',(0.0013082105781781,-3.40072749008697E-5,0.0128524944830984));
#1069=CARTESIAN_POINT('',(0.00120979004500449,-0.000528738283719966,0.0128243694830984));
#1070=CARTESIAN_POINT('',(0.000929556220220303,-0.00094815976133427,0.0127962444830984));
#1071=CARTESIAN_POINT('',(0.000510134742605999,-0.00122839358611846,0.0127681194830984));
#1072=CARTESIAN_POINT('',(1.54037337869038E-5,-0.00132681411929207,0.0127399944830984));
#1073=CARTESIAN_POINT('',(-0.000479327275032193,-0.00122839358611846,0.0127118694830984));
#1074=CARTESIAN_POINT('',(-0.000898748752646499,-0.000948159761334277,0.0126837444830984));
#1075=CARTESIAN_POINT('',(-0.00117898257743069,-0.000528738283719986,0.0126556194830984));
#1076=CARTESIAN_POINT('',(-0.00127740311060431,-3.40072749008575E-5,0.0126274944830984));
#1077=CARTESIAN_POINT('',(-0.00117898257743069,0.000460723733918232,0.0125993694830984));
#1078=CARTESIAN_POINT('',(-0.000898748752646504,0.000880145211532535,0.0125712444830984));
#1079=CARTESIAN_POINT('',(-0.0004793272750322,0.00116037903631672,0.0125431194830984));
#1080=CARTESIAN_POINT('',(1.54037337868956E-5,0.00125879956949034,0.0125149944830984));
#1081=CARTESIAN_POINT('',(0.000510134742605992,0.00116037903631672,0.0124868694830984));
#1082=CARTESIAN_POINT('',(0.000929556220220297,0.000880145211532538,0.0124587444830984));
#1083=CARTESIAN_POINT('',(0.00120979004500448,0.000460723733918235,0.0124306194830984));
#1084=CARTESIAN_POINT('',(0.0013082105781781,-3.40072749008603E-5,0.0124024944830984));
#1085=CARTESIAN_POINT('',(0.00120979004500449,-0.000528738283719957,0.0123743694830984));
#1086=CARTESIAN_POINT('',(0.000929556220220315,-0.00094815976133426,0.0123462444830984));
#1087=CARTESIAN_POINT('',(0.000510134742605984,-0.00122839358611847,0.0123181194830984));
#1088=CARTESIAN_POINT('',(1.54037337868967E-5,-0.00132681411929207,0.0122899944830984));
#1089=CARTESIAN_POINT('',(-0.000479327275032201,-0.00122839358611846,0.0122618694830984));
#1090=CARTESIAN_POINT('',(-0.000898748752646505,-0.000948159761334273,0.0122337444830984));
#1091=CARTESIAN_POINT('',(-0.00117898257743069,-0.000528738283719969,0.0122056194830984));
#1092=CARTESIAN_POINT('',(-0.00127740311060431,-3.40072749008735E-5,0.0121774944830984));
#1093=CARTESIAN_POINT('',(-0.00117898257743069,0.000460723733918223,0.0121493694830984));
#1094=CARTESIAN_POINT('',(-0.000898748752646511,0.000880145211532529,0.0121212444830984));
#1095=CARTESIAN_POINT('',(-0.000479327275032209,0.00116037903631672,0.0120931194830984));
#1096=CARTESIAN_POINT('',(1.54037337868879E-5,0.00125879956949034,0.0120649944830984));
#1097=CARTESIAN_POINT('',(0.000510134742605976,0.00116037903631673,0.0120368694830984));
#1098=CARTESIAN_POINT('',(0.000929556220220309,0.000880145211532529,0.0120087444830984));
#1099=CARTESIAN_POINT('',(0.00111669676512919,0.00060005495502022,0.0119899625682828));
#1100=CARTESIAN_POINT('',(0.00117991715622125,0.000447134666304164,0.0119805556534671));
#1101=CARTESIAN_POINT('',(0.00118013129261118,0.000446615709070655,0.0119805237386514));
#1102=CARTESIAN_POINT('',(-0.00110229879233583,0.000525672153962221,0.018));
#1103=CARTESIAN_POINT('',(-0.00108014846414311,0.000560718366925453,0.018));
#1104=CARTESIAN_POINT('',(-0.00105617918712823,0.000594750594758316,0.018));
#1105=CARTESIAN_POINT('',(-0.00103057242355112,0.000627477254235787,0.018));
#1106=CARTESIAN_POINT('',(-0.00100490848477262,0.000660276986334902,0.018));
#1107=CARTESIAN_POINT('',(-0.000977600349828738,0.000691764662440413,0.018));
#1108=CARTESIAN_POINT('',(-0.000948870867101473,0.000721680177109469,0.018));
#1109=CARTESIAN_POINT('',(-0.000943812014786913,0.000726947872739824,0.018));
#1110=CARTESIAN_POINT('',(-0.000938710937190143,0.000732165159146864,0.018));
#1111=CARTESIAN_POINT('',(-0.000933563138178065,0.000737336572093414,0.018));
#1112=CARTESIAN_POINT('',(-0.000904067895349257,0.000766967115218477,0.018));
#1113=CARTESIAN_POINT('',(-0.000872928249446408,0.000795195307130159,0.018));
#1114=CARTESIAN_POINT('',(-0.000840332638658709,0.000821729097544744,0.018));
#1115=CARTESIAN_POINT('',(-0.000806711270981239,0.000849097884379761,0.018));
#1116=CARTESIAN_POINT('',(-0.000771541183328485,0.000874663032901061,0.018));
#1117=CARTESIAN_POINT('',(-0.000735134150817683,0.000898209737311398,0.018));
#1118=CARTESIAN_POINT('',(-0.000711411726734795,0.000913552512298914,0.018));
#1119=CARTESIAN_POINT('',(-0.000687164896704812,0.000928039141126766,0.018));
#1120=CARTESIAN_POINT('',(-0.000662486063210506,0.00094162040740595,0.018));
#1121=CARTESIAN_POINT('',(-0.000651341117850705,0.000947753698537126,0.018));
#1122=CARTESIAN_POINT('',(-0.000640108121488773,0.000953702462556535,0.018));
#1123=CARTESIAN_POINT('',(-0.000628795804269593,0.000959462746238581,0.018));
#1124=CARTESIAN_POINT('',(-0.000618527526033474,0.000964691400493956,0.018));
#1125=CARTESIAN_POINT('',(-0.000608193895261004,0.000969764763564589,0.018));
#1126=CARTESIAN_POINT('',(-0.000597801510828821,0.000974680146013679,0.018));
#1127=CARTESIAN_POINT('',(-0.000591236392030582,0.000977785311139895,0.018));
#1128=CARTESIAN_POINT('',(-0.000584639885582644,0.000980831223438098,0.018));
#1129=CARTESIAN_POINT('',(-0.000578009196646185,0.000983818641791299,0.018));
#1130=CARTESIAN_POINT('',(-0.000540450552164134,0.00100074047071771,0.018));
#1131=CARTESIAN_POINT('',(-0.000501837747609309,0.00101576068990251,0.018));
#1132=CARTESIAN_POINT('',(-0.000462472265454973,0.00102866748767778,0.018));
#1133=CARTESIAN_POINT('',(-0.000451396545789018,0.0010322988943346,0.018));
#1134=CARTESIAN_POINT('',(-0.000440261399737544,0.00103576327576408,0.018));
#1135=CARTESIAN_POINT('',(-0.000429073868974574,0.00103905658185696,0.018));
#1136=CARTESIAN_POINT('',(-0.000393095952896027,0.00104964750605112,0.018));
#1137=CARTESIAN_POINT('',(-0.000356575684911704,0.00105846652747279,0.018));
#1138=CARTESIAN_POINT('',(-0.000319779610815262,0.0010654641195684,0.018));
#1139=CARTESIAN_POINT('',(-0.00029218255524293,0.0010707123136401,0.018));
#1140=CARTESIAN_POINT('',(-0.000264430654189394,0.0010749366737974,0.018));
#1141=CARTESIAN_POINT('',(-0.000236637688684659,0.0010781291815287,0.018));
#1142=CARTESIAN_POINT('',(-0.000227468104534712,0.00107918246849394,0.018));
#1143=CARTESIAN_POINT('',(-0.000218294049042921,0.00108012352693309,0.018));
#1144=CARTESIAN_POINT('',(-0.000209119591177398,0.0010809523306682,0.018));
#1145=CARTESIAN_POINT('',(-0.000202637429136978,0.00108153791732513,0.018));
#1146=CARTESIAN_POINT('',(-0.000196145393670044,0.001082068346018,0.018));
#1147=CARTESIAN_POINT('',(-0.000189644267888238,0.00108254318092488,0.018));
#1148=CARTESIAN_POINT('',(-0.000149809888926508,0.00108545263911098,0.018));
#1149=CARTESIAN_POINT('',(-0.000109642299251557,0.00108626989561855,0.018));
#1150=CARTESIAN_POINT('',(-6.94947012453282E-5,0.00108490963306068,0.018));
#1151=CARTESIAN_POINT('',(-4.11430431629747E-5,0.00108394903514553,0.018));
#1152=CARTESIAN_POINT('',(-1.28017226405214E-5,0.00108190358411105,0.018));
#1153=CARTESIAN_POINT('',(1.54037337868984E-5,0.00107875885090192,0.018));
#1154=CARTESIAN_POINT('',(5.10840602558189E-5,0.00107478071610916,0.018));
#1155=CARTESIAN_POINT('',(8.65464345069024E-5,0.00106904244630267,0.018));
#1156=CARTESIAN_POINT('',(0.000121541326837105,0.00106160952604448,0.018));
#1157=CARTESIAN_POINT('',(0.000136904665660368,0.00105834635062748,0.018));
#1158=CARTESIAN_POINT('',(0.000152178011046675,0.00105475697707927,0.018));
#1159=CARTESIAN_POINT('',(0.000167340920787464,0.00105084884480358,0.018));
#1160=CARTESIAN_POINT('',(0.000175029934762011,0.00104886705607068,0.018));
#1161=CARTESIAN_POINT('',(0.000182688501536533,0.00104680401997121,0.018));
#1162=CARTESIAN_POINT('',(0.000190335934812985,0.00104465427999914,0.018));
#1163=CARTESIAN_POINT('',(0.000228471307731893,0.00103393419489998,0.018));
#1164=CARTESIAN_POINT('',(0.000266209143159302,0.00102108336940319,0.018));
#1165=CARTESIAN_POINT('',(0.000303181309298425,0.0010061471428183,0.018));
#1166=CARTESIAN_POINT('',(0.00034039704537109,0.000991112517462214,0.018));
#1167=CARTESIAN_POINT('',(0.000376836071290992,0.000973965200720926,0.018));
#1168=CARTESIAN_POINT('',(0.000412135875489412,0.00095480208480701,0.018));
#1169=CARTESIAN_POINT('',(0.000415634350327988,0.000952902876571273,0.018));
#1170=CARTESIAN_POINT('',(0.000419121652474479,0.000950983907227726,0.018));
#1171=CARTESIAN_POINT('',(0.000422597441267228,0.000949045296211123,0.018));
#1172=CARTESIAN_POINT('',(0.000446673225568209,0.00093561709804885,0.018));
#1173=CARTESIAN_POINT('',(0.000470196042989335,0.000921245734847732,0.018));
#1174=CARTESIAN_POINT('',(0.000493068711638396,0.000906005959082848,0.018));
#1175=CARTESIAN_POINT('',(0.00049979563917037,0.000901523890604226,0.018));
#1176=CARTESIAN_POINT('',(0.000506466377941197,0.000896966767834397,0.018));
#1177=CARTESIAN_POINT('',(0.0005130785793831,0.000892336637110385,0.018));
#1178=CARTESIAN_POINT('',(0.000518697464428828,0.000888402066678207,0.018));
#1179=CARTESIAN_POINT('',(0.000524280050981669,0.000884410648849724,0.018));
#1180=CARTESIAN_POINT('',(0.000529829971656083,0.000880359302768469,0.018));
#1181=CARTESIAN_POINT('',(0.00055768554938112,0.00086002521291784,0.018));
#1182=CARTESIAN_POINT('',(0.000584669584583772,0.000838210249243777,0.018));
#1183=CARTESIAN_POINT('',(0.000610513135269803,0.000815072419456507,0.018));
#1184=CARTESIAN_POINT('',(0.000635269145026869,0.000792908269223057,0.018));
#1185=CARTESIAN_POINT('',(0.000658978306575929,0.000769531029678095,0.018));
#1186=CARTESIAN_POINT('',(0.000681433515533111,0.000745113594943515,0.018));
#1187=CARTESIAN_POINT('',(-0.00110229879233583,0.000525672153962222,0.018));
#1188=CARTESIAN_POINT('',(0.000681433515533119,0.000745113594943522,0.018));
#1189=CARTESIAN_POINT('',(0.0010404037337869,-3.40072996977682E-5,0.0179381717946251));
#1190=CARTESIAN_POINT('',(0.00104040374092423,0.000261020021315322,0.0179587811964167));
#1191=CARTESIAN_POINT('',(0.000905689069655635,0.000553409222042527,0.0179793905982084));
#1192=CARTESIAN_POINT('',(0.000681433515533118,0.000745113594943523,0.018));
#1193=CARTESIAN_POINT('',(0.0010404037337869,-3.40072995777552E-5,0.017938171792909));
#1194=CARTESIAN_POINT('',(0.0010404037337869,-3.40072996977682E-5,0.0174881717946251));
#1195=CARTESIAN_POINT('',(0.00104040374027871,0.00023433707279636,0.0175069217946251));
#1196=CARTESIAN_POINT('',(0.00081860566872469,0.0007689114456193,0.0175444217946251));
#1197=CARTESIAN_POINT('',(1.54037612685039E-5,0.00110196728082563,0.0176006717946251));
#1198=CARTESIAN_POINT('',(-0.000787798162295925,0.000769175781672961,0.0176569217946251));
#1199=CARTESIAN_POINT('',(-0.00112049530845635,-3.40072474210888E-5,0.0177131717946251));
#1200=CARTESIAN_POINT('',(-0.00078779820115729,-0.000837190292612422,0.0177694217946251));
#1201=CARTESIAN_POINT('',(1.54037063052894E-5,-0.00116998183062737,0.0178256717946251));
#1202=CARTESIAN_POINT('',(0.000818605629876113,-0.000836926034283316,0.0178819217946251));
#1203=CARTESIAN_POINT('',(0.00104040372729508,-0.000302351672191898,0.0179194217946251));
#1204=CARTESIAN_POINT('',(0.0010404037337869,-3.40072996977698E-5,0.0179381717946251));
#1205=CARTESIAN_POINT('',(0.0010404037337869,-3.4007299577756E-5,0.017488171792909));
#1206=CARTESIAN_POINT('',(0.0010404037337869,-3.40072996977682E-5,0.0170381717946251));
#1207=CARTESIAN_POINT('',(0.00104040374027871,0.00023433707279636,0.0170569217946251));
#1208=CARTESIAN_POINT('',(0.00081860566872469,0.0007689114456193,0.0170944217946251));
#1209=CARTESIAN_POINT('',(1.54037612685039E-5,0.00110196728082563,0.0171506717946251));
#1210=CARTESIAN_POINT('',(-0.000787798162295925,0.000769175781672961,0.0172069217946251));
#1211=CARTESIAN_POINT('',(-0.00112049530845635,-3.40072474210888E-5,0.0172631717946251));
#1212=CARTESIAN_POINT('',(-0.00078779820115729,-0.000837190292612422,0.0173194217946251));
#1213=CARTESIAN_POINT('',(1.54037063052894E-5,-0.00116998183062737,0.0173756717946251));
#1214=CARTESIAN_POINT('',(0.000818605629876113,-0.000836926034283316,0.0174319217946251));
#1215=CARTESIAN_POINT('',(0.00104040372729508,-0.000302351672191898,0.0174694217946251));
#1216=CARTESIAN_POINT('',(0.0010404037337869,-3.40072996977698E-5,0.0174881717946251));
#1217=CARTESIAN_POINT('',(0.0010404037337869,-3.40072995777562E-5,0.017038171792909));
#1218=CARTESIAN_POINT('',(0.0010404037337869,-3.40072996977682E-5,0.0165881717946251));
#1219=CARTESIAN_POINT('',(0.00104040374027871,0.00023433707279636,0.0166069217946251));
#1220=CARTESIAN_POINT('',(0.00081860566872469,0.0007689114456193,0.0166444217946251));
#1221=CARTESIAN_POINT('',(1.54037612685039E-5,0.00110196728082563,0.0167006717946251));
#1222=CARTESIAN_POINT('',(-0.000787798162295925,0.000769175781672961,0.0167569217946251));
#1223=CARTESIAN_POINT('',(-0.00112049530845635,-3.40072474210888E-5,0.0168131717946251));
#1224=CARTESIAN_POINT('',(-0.00078779820115729,-0.000837190292612422,0.0168694217946251));
#1225=CARTESIAN_POINT('',(1.54037063052894E-5,-0.00116998183062737,0.0169256717946251));
#1226=CARTESIAN_POINT('',(0.000818605629876113,-0.000836926034283316,0.0169819217946251));
#1227=CARTESIAN_POINT('',(0.00104040372729508,-0.000302351672191898,0.0170194217946251));
#1228=CARTESIAN_POINT('',(0.0010404037337869,-3.40072996977698E-5,0.0170381717946251));
#1229=CARTESIAN_POINT('',(0.0010404037337869,-3.40072995777564E-5,0.016588171792909));
#1230=CARTESIAN_POINT('',(0.0010404037337869,-3.40072996977682E-5,0.0161381717946251));
#1231=CARTESIAN_POINT('',(0.00104040374027871,0.00023433707279636,0.0161569217946251));
#1232=CARTESIAN_POINT('',(0.00081860566872469,0.0007689114456193,0.0161944217946251));
#1233=CARTESIAN_POINT('',(1.54037612685039E-5,0.00110196728082563,0.0162506717946251));
#1234=CARTESIAN_POINT('',(-0.000787798162295925,0.000769175781672961,0.0163069217946251));
#1235=CARTESIAN_POINT('',(-0.00112049530845635,-3.40072474210888E-5,0.0163631717946251));
#1236=CARTESIAN_POINT('',(-0.00078779820115729,-0.000837190292612422,0.0164194217946251));
#1237=CARTESIAN_POINT('',(1.54037063052894E-5,-0.00116998183062737,0.0164756717946251));
#1238=CARTESIAN_POINT('',(0.000818605629876113,-0.000836926034283316,0.0165319217946251));
#1239=CARTESIAN_POINT('',(0.00104040372729508,-0.000302351672191898,0.0165694217946251));
#1240=CARTESIAN_POINT('',(0.0010404037337869,-3.40072996977698E-5,0.0165881717946251));
#1241=CARTESIAN_POINT('',(0.0010404037337869,-3.4007299577755E-5,0.016138171792909));
#1242=CARTESIAN_POINT('',(0.0010404037337869,-3.40072996977682E-5,0.0156881717946251));
#1243=CARTESIAN_POINT('',(0.00104040374027871,0.00023433707279636,0.0157069217946251));
#1244=CARTESIAN_POINT('',(0.00081860566872469,0.0007689114456193,0.0157444217946251));
#1245=CARTESIAN_POINT('',(1.54037612685039E-5,0.00110196728082563,0.0158006717946251));
#1246=CARTESIAN_POINT('',(-0.000787798162295925,0.000769175781672961,0.0158569217946251));
#1247=CARTESIAN_POINT('',(-0.00112049530845635,-3.40072474210888E-5,0.0159131717946251));
#1248=CARTESIAN_POINT('',(-0.00078779820115729,-0.000837190292612422,0.0159694217946251));
#1249=CARTESIAN_POINT('',(1.54037063052894E-5,-0.00116998183062737,0.0160256717946251));
#1250=CARTESIAN_POINT('',(0.000818605629876113,-0.000836926034283316,0.0160819217946251));
#1251=CARTESIAN_POINT('',(0.00104040372729508,-0.000302351672191898,0.0161194217946251));
#1252=CARTESIAN_POINT('',(0.0010404037337869,-3.40072996977698E-5,0.0161381717946251));
#1253=CARTESIAN_POINT('',(0.0010404037337869,-3.40072995777558E-5,0.015688171792909));
#1254=CARTESIAN_POINT('',(0.0010404037337869,-3.40073043690775E-5,0.0152381717942986));
#1255=CARTESIAN_POINT('',(0.00104040374150166,0.000234337068319688,0.0152569217943122));
#1256=CARTESIAN_POINT('',(0.000818605672045847,0.000768911442534829,0.0152944217943394));
#1257=CARTESIAN_POINT('',(1.54037651513882E-5,0.00110196728099493,0.0153506717943802));
#1258=CARTESIAN_POINT('',(-0.000787798160127726,0.000769175784080215,0.015406921794421));
#1259=CARTESIAN_POINT('',(-0.00112049530862535,-3.40072448327299E-5,0.0154631717944618));
#1260=CARTESIAN_POINT('',(-0.000787798202649497,-0.000837190291359184,0.0155194217945027));
#1261=CARTESIAN_POINT('',(1.54037050111116E-5,-0.00116998183079667,0.0155756717945435));
#1262=CARTESIAN_POINT('',(0.000818605629538068,-0.000836926034859337,0.0156319217945843));
#1263=CARTESIAN_POINT('',(0.00104040372729508,-0.000302351672386536,0.0156694217946115));
#1264=CARTESIAN_POINT('',(0.0010404037337869,-3.40072996977698E-5,0.0156881717946251));
#1265=CARTESIAN_POINT('',(0.0010404037337869,-3.40073042264673E-5,0.0152381717922592));
#1266=CARTESIAN_POINT('',(0.0010404037337869,-3.40072749008863E-5,0.014788171796358));
#1267=CARTESIAN_POINT('',(0.0010404037337869,0.000234337096365401,0.0148069217962722));
#1268=CARTESIAN_POINT('',(0.000818605651432919,0.000768911461416688,0.0148444217961006));
#1269=CARTESIAN_POINT('',(1.54037419510248E-5,0.0011019672797576,0.0149006717958432));
#1270=CARTESIAN_POINT('',(-0.000787798172313242,0.000769175770147685,0.0149569217955857));
#1271=CARTESIAN_POINT('',(-0.00112049530739026,-3.40072585726101E-5,0.0150131717953283));
#1272=CARTESIAN_POINT('',(-0.000787798195404345,-0.000837190296857778,0.0150694217950709));
#1273=CARTESIAN_POINT('',(1.54037092923359E-5,-0.00116998182955934,0.0151256717948135));
#1274=CARTESIAN_POINT('',(0.000818605628349414,-0.000836926034310071,0.015181921794556));
#1275=CARTESIAN_POINT('',(0.00104040372607214,-0.000302351675635366,0.0152194217943844));
#1276=CARTESIAN_POINT('',(0.0010404037337869,-3.40073043690791E-5,0.0152381717942986));
#1277=CARTESIAN_POINT('',(0.0010404037337869,-3.40072749008771E-5,0.014788171796358));
#1278=CARTESIAN_POINT('',(0.0010404037337869,-3.40072749008863E-5,0.014338171796358));
#1279=CARTESIAN_POINT('',(0.0010404037337869,0.000234337097593242,0.014356921796358));
#1280=CARTESIAN_POINT('',(0.000818605649300416,0.000768911465050425,0.014394421796358));
#1281=CARTESIAN_POINT('',(1.54037337869147E-5,0.00110196728082563,0.014450671796358));
#1282=CARTESIAN_POINT('',(-0.000787798181726595,0.000769175762241835,0.014506921796358));
#1283=CARTESIAN_POINT('',(-0.00112049530845635,-3.40072749008522E-5,0.014563171796358));
#1284=CARTESIAN_POINT('',(-0.000787798181726619,-0.00083719031204355,0.014619421796358));
#1285=CARTESIAN_POINT('',(1.54037337868813E-5,-0.00116998183062737,0.014675671796358));
#1286=CARTESIAN_POINT('',(0.000818605649300392,-0.000836926014852187,0.014731921796358));
#1287=CARTESIAN_POINT('',(0.00104040373378689,-0.000302351647395011,0.014769421796358));
#1288=CARTESIAN_POINT('',(0.0010404037337869,-3.40072749008824E-5,0.014788171796358));
#1289=CARTESIAN_POINT('',(0.0010404037337869,-3.40072749008767E-5,0.014338171796358));
#1290=CARTESIAN_POINT('',(0.0010404037337869,-3.40072749008863E-5,0.013888171796358));
#1291=CARTESIAN_POINT('',(0.0010404037337869,0.000234337097593242,0.013906921796358));
#1292=CARTESIAN_POINT('',(0.000818605649300416,0.000768911465050425,0.013944421796358));
#1293=CARTESIAN_POINT('',(1.54037337869147E-5,0.00110196728082563,0.014000671796358));
#1294=CARTESIAN_POINT('',(-0.000787798181726595,0.000769175762241835,0.014056921796358));
#1295=CARTESIAN_POINT('',(-0.00112049530845635,-3.40072749008522E-5,0.014113171796358));
#1296=CARTESIAN_POINT('',(-0.000787798181726619,-0.00083719031204355,0.014169421796358));
#1297=CARTESIAN_POINT('',(1.54037337868813E-5,-0.00116998183062737,0.014225671796358));
#1298=CARTESIAN_POINT('',(0.000818605649300392,-0.000836926014852187,0.014281921796358));
#1299=CARTESIAN_POINT('',(0.00104040373378689,-0.000302351647395011,0.014319421796358));
#1300=CARTESIAN_POINT('',(0.0010404037337869,-3.40072749008824E-5,0.014338171796358));
#1301=CARTESIAN_POINT('',(0.0010404037337869,-3.40072749008774E-5,0.013888171796358));
#1302=CARTESIAN_POINT('',(0.0010404037337869,-3.40072749008813E-5,0.013438171796358));
#1303=CARTESIAN_POINT('',(0.0010404037337869,0.000234337097593247,0.013456921796358));
#1304=CARTESIAN_POINT('',(0.000818605649300413,0.000768911465050428,0.013494421796358));
#1305=CARTESIAN_POINT('',(1.54037337869123E-5,0.00110196728082563,0.013550671796358));
#1306=CARTESIAN_POINT('',(-0.000787798181726596,0.000769175762241834,0.013606921796358));
#1307=CARTESIAN_POINT('',(-0.00112049530845635,-3.40072749008522E-5,0.013663171796358));
#1308=CARTESIAN_POINT('',(-0.00078779818172662,-0.000837190312043548,0.013719421796358));
#1309=CARTESIAN_POINT('',(1.54037337868787E-5,-0.00116998183062737,0.013775671796358));
#1310=CARTESIAN_POINT('',(0.000818605649300389,-0.00083692601485219,0.013831921796358));
#1311=CARTESIAN_POINT('',(0.00104040373378689,-0.000302351647395015,0.013869421796358));
#1312=CARTESIAN_POINT('',(0.0010404037337869,-3.40072749008874E-5,0.013888171796358));
#1313=CARTESIAN_POINT('',(0.0010404037337869,-3.40072749008746E-5,0.013438171796358));
#1314=CARTESIAN_POINT('',(0.0010404037337869,-3.40072749008763E-5,0.012988171796358));
#1315=CARTESIAN_POINT('',(0.0010404037337869,0.000234337097593252,0.013006921796358));
#1316=CARTESIAN_POINT('',(0.000818605649300408,0.000768911465050433,0.013044421796358));
#1317=CARTESIAN_POINT('',(1.54037337869057E-5,0.00110196728082563,0.013100671796358));
#1318=CARTESIAN_POINT('',(-0.000787798181726601,0.000769175762241829,0.013156921796358));
#1319=CARTESIAN_POINT('',(-0.00112049530845635,-3.40072749008605E-5,0.013213171796358));
#1320=CARTESIAN_POINT('',(-0.000787798181726613,-0.000837190312043555,0.013269421796358));
#1321=CARTESIAN_POINT('',(1.54037337868882E-5,-0.00116998183062737,0.013325671796358));
#1322=CARTESIAN_POINT('',(0.000818605649300396,-0.000836926014852183,0.013381921796358));
#1323=CARTESIAN_POINT('',(0.0010404037337869,-0.000302351647395006,0.013419421796358));
#1324=CARTESIAN_POINT('',(0.0010404037337869,-3.40072749008774E-5,0.013438171796358));
#1325=CARTESIAN_POINT('',(0.0010404037337869,-3.40072749008729E-5,0.012988171796358));
#1326=CARTESIAN_POINT('',(0.0010404037337869,-3.40072749008813E-5,0.0125381717963579));
#1327=CARTESIAN_POINT('',(0.0010404037337869,0.000234337097593247,0.0125569217963579));
#1328=CARTESIAN_POINT('',(0.000818605649300412,0.000768911465050429,0.0125944217963579));
#1329=CARTESIAN_POINT('',(1.54037337869095E-5,0.00110196728082563,0.0126506717963579));
#1330=CARTESIAN_POINT('',(-0.000787798181726599,0.000769175762241831,0.0127069217963579));
#1331=CARTESIAN_POINT('',(-0.00112049530845635,-3.40072749008578E-5,0.012763171796358));
#1332=CARTESIAN_POINT('',(-0.000787798181726615,-0.000837190312043554,0.012819421796358));
#1333=CARTESIAN_POINT('',(1.54037337868865E-5,-0.00116998183062737,0.012875671796358));
#1334=CARTESIAN_POINT('',(0.000818605649300396,-0.000836926014852183,0.012931921796358));
#1335=CARTESIAN_POINT('',(0.0010404037337869,-0.000302351647395006,0.012969421796358));
#1336=CARTESIAN_POINT('',(0.0010404037337869,-3.40072749008774E-5,0.012988171796358));
#1337=CARTESIAN_POINT('',(0.0010404037337869,-3.40072749008739E-5,0.0125381717963579));
#1338=CARTESIAN_POINT('',(0.000962903719379383,0.000356977094738429,0.0121161989531105));
#1339=CARTESIAN_POINT('',(0.000866919941787074,0.000589581349403971,0.0121337811549125));
#1340=CARTESIAN_POINT('',(0.00049634956365564,0.000979445901852468,0.0121689455585164));
#1341=CARTESIAN_POINT('',(-0.000309216586000051,0.00103997862789388,0.0122216921639224));
#1342=CARTESIAN_POINT('',(-0.000946410759399785,0.000543565767414556,0.0122744387693283));
#1343=CARTESIAN_POINT('',(-0.00108510570752654,-0.000252147702448085,0.0123271853747342));
#1344=CARTESIAN_POINT('',(-0.00065337400920499,-0.000934792526218922,0.0123799319801401));
#1345=CARTESIAN_POINT('',(0.000124997834162044,-0.00115061517590435,0.0124326785855461));
#1346=CARTESIAN_POINT('',(0.000846565215097377,-0.000787377585389233,0.012485425190952));
#1347=CARTESIAN_POINT('',(0.0010404037337869,-0.000285637211214906,0.0125205895945559));
#1348=CARTESIAN_POINT('',(0.0010404037337869,-3.40072749008774E-5,0.0125381717963579));
#1349=CARTESIAN_POINT('',(0.000962903719379383,0.000356977094738428,0.0121161989531104));
#1350=CARTESIAN_POINT('',(0.000962903719379409,0.000356977094738439,0.0121161989531104));
#1351=CARTESIAN_POINT('',(-5.31446053650479E-5,6.929251894027E-5,0.0120000000000028));
#1352=CARTESIAN_POINT('',(0.00105867793268125,0.000654526635608512,0.012));
#1353=CARTESIAN_POINT('',(0.0012654037337869,-3.40072749008839E-5,0.0124082679857903));
#1354=CARTESIAN_POINT('',(0.00126540373378689,-0.000330873439917456,0.0123912568197157));
#1355=CARTESIAN_POINT('',(0.0010448027424689,-0.000923042052717064,0.0123572344875665));
#1356=CARTESIAN_POINT('',(0.000213085589591106,-0.00137992323706174,0.0123062009893427));
#1357=CARTESIAN_POINT('',(-0.000714805360031649,-0.00118169140111318,0.0122551674911189));
#1358=CARTESIAN_POINT('',(-0.00128744378980271,-0.000425174934070059,0.0122041339928952));
#1359=CARTESIAN_POINT('',(-0.00122621846367664,0.00052165313670036,0.0121531004946714));
#1360=CARTESIAN_POINT('',(-0.000560974186927926,0.00119820877183204,0.0121020669964476));
#1361=CARTESIAN_POINT('',(0.000384855600968291,0.0012750192615293,0.0120510334982238));
#1362=CARTESIAN_POINT('',(0.00089515599548382,0.000902296883997721,0.0120170111660746));
#1363=CARTESIAN_POINT('',(0.00105867793268125,0.000654526635608519,0.012));
#1364=CARTESIAN_POINT('',(0.0012654037337869,-3.40072749008757E-5,0.0124082679857903));
#1365=CARTESIAN_POINT('',(0.0012654037337869,-3.40072749008778E-5,0.0128582679857903));
#1366=CARTESIAN_POINT('',(0.0012654037337869,-0.000361256509649815,0.0128395179857903));
#1367=CARTESIAN_POINT('',(0.000994918264900921,-0.00101317646996345,0.0128020179857903));
#1368=CARTESIAN_POINT('',(1.54037337868864E-5,-0.00141934209895758,0.0127457679857903));
#1369=CARTESIAN_POINT('',(-0.00096411079732714,-0.00101349878361146,0.0126895179857903));
#1370=CARTESIAN_POINT('',(-0.00136983900065609,-3.40072749008572E-5,0.0126332679857903));
#1371=CARTESIAN_POINT('',(-0.000964110797327124,0.00094548423380974,0.0125770179857903));
#1372=CARTESIAN_POINT('',(1.54037337869106E-5,0.00135132754915584,0.0125207679857903));
#1373=CARTESIAN_POINT('',(0.000994918264900937,0.000945161920161692,0.0124645179857903));
#1374=CARTESIAN_POINT('',(0.0012654037337869,0.000293241959848055,0.0124270179857903));
#1375=CARTESIAN_POINT('',(0.0012654037337869,-3.4007274900882E-5,0.0124082679857903));
#1376=CARTESIAN_POINT('',(0.0012654037337869,-3.40072749008737E-5,0.0128582679857903));
#1377=CARTESIAN_POINT('',(0.0012654037337869,-3.40072749008717E-5,0.0133082679857903));
#1378=CARTESIAN_POINT('',(0.0012654037337869,-0.000361256509649809,0.0132895179857903));
#1379=CARTESIAN_POINT('',(0.000994918264900926,-0.00101317646996344,0.0132520179857903));
#1380=CARTESIAN_POINT('',(1.54037337868913E-5,-0.00141934209895758,0.0131957679857903));
#1381=CARTESIAN_POINT('',(-0.000964110797327138,-0.00101349878361146,0.0131395179857903));
#1382=CARTESIAN_POINT('',(-0.00136983900065609,-3.40072749008613E-5,0.0130832679857903));
#1383=CARTESIAN_POINT('',(-0.000964110797327126,0.000945484233809739,0.0130270179857903));
#1384=CARTESIAN_POINT('',(1.54037337869093E-5,0.00135132754915584,0.0129707679857903));
#1385=CARTESIAN_POINT('',(0.000994918264900938,0.000945161920161691,0.0129145179857903));
#1386=CARTESIAN_POINT('',(0.0012654037337869,0.000293241959848055,0.0128770179857903));
#1387=CARTESIAN_POINT('',(0.0012654037337869,-3.4007274900882E-5,0.0128582679857903));
#1388=CARTESIAN_POINT('',(0.0012654037337869,-3.40072749008701E-5,0.0133082679857903));
#1389=CARTESIAN_POINT('',(0.0012654037337869,-3.40072749008651E-5,0.0137582679857903));
#1390=CARTESIAN_POINT('',(0.0012654037337869,-0.000361256509649802,0.0137395179857903));
#1391=CARTESIAN_POINT('',(0.000994918264900932,-0.00101317646996344,0.0137020179857903));
#1392=CARTESIAN_POINT('',(1.54037337868997E-5,-0.00141934209895758,0.0136457679857903));
#1393=CARTESIAN_POINT('',(-0.000964110797327131,-0.00101349878361147,0.0135895179857903));
#1394=CARTESIAN_POINT('',(-0.00136983900065609,-3.40072749008719E-5,0.0135332679857903));
#1395=CARTESIAN_POINT('',(-0.000964110797327135,0.000945484233809728,0.0134770179857903));
#1396=CARTESIAN_POINT('',(1.54037337868954E-5,0.00135132754915584,0.0134207679857903));
#1397=CARTESIAN_POINT('',(0.00099491826490093,0.000945161920161699,0.0133645179857903));
#1398=CARTESIAN_POINT('',(0.0012654037337869,0.000293241959848068,0.0133270179857903));
#1399=CARTESIAN_POINT('',(0.0012654037337869,-3.40072749008686E-5,0.0133082679857903));
#1400=CARTESIAN_POINT('',(0.0012654037337869,-3.40072749008666E-5,0.0137582679857903));
#1401=CARTESIAN_POINT('',(0.0012654037337869,-3.40072749008778E-5,0.0142082679857903));
#1402=CARTESIAN_POINT('',(0.0012654037337869,-0.000361256509649814,0.0141895179857903));
#1403=CARTESIAN_POINT('',(0.000994918264900923,-0.00101317646996344,0.0141520179857903));
#1404=CARTESIAN_POINT('',(1.54037337868924E-5,-0.00141934209895758,0.0140957679857903));
#1405=CARTESIAN_POINT('',(-0.000964110797327133,-0.00101349878361147,0.0140395179857903));
#1406=CARTESIAN_POINT('',(-0.00136983900065609,-3.40072749008708E-5,0.0139832679857903));
#1407=CARTESIAN_POINT('',(-0.000964110797327136,0.000945484233809727,0.0139270179857903));
#1408=CARTESIAN_POINT('',(1.54037337868916E-5,0.00135132754915584,0.0138707679857903));
#1409=CARTESIAN_POINT('',(0.000994918264900918,0.000945161920161709,0.0138145179857903));
#1410=CARTESIAN_POINT('',(0.00126540373378689,0.000293241959848078,0.0137770179857903));
#1411=CARTESIAN_POINT('',(0.0012654037337869,-3.40072749008575E-5,0.0137582679857903));
#1412=CARTESIAN_POINT('',(0.0012654037337869,-3.40072749008728E-5,0.0142082679857903));
#1413=CARTESIAN_POINT('',(0.0012654037337869,-3.40072749008778E-5,0.0146582679857903));
#1414=CARTESIAN_POINT('',(0.0012654037337869,-0.000361256509649814,0.0146395179857903));
#1415=CARTESIAN_POINT('',(0.000994918264900922,-0.00101317646996344,0.0146020179857903));
#1416=CARTESIAN_POINT('',(1.54037337868902E-5,-0.00141934209895758,0.0145457679857903));
#1417=CARTESIAN_POINT('',(-0.000964110797327137,-0.00101349878361146,0.0144895179857903));
#1418=CARTESIAN_POINT('',(-0.00136983900065609,-3.40072749008647E-5,0.0144332679857903));
#1419=CARTESIAN_POINT('',(-0.00096411079732713,0.000945484233809733,0.0143770179857903));
#1420=CARTESIAN_POINT('',(1.54037337868995E-5,0.00135132754915584,0.0143207679857903));
#1421=CARTESIAN_POINT('',(0.000994918264900928,0.0009451619201617,0.0142645179857903));
#1422=CARTESIAN_POINT('',(0.0012654037337869,0.000293241959848068,0.0142270179857903));
#1423=CARTESIAN_POINT('',(0.0012654037337869,-3.40072749008686E-5,0.0142082679857903));
#1424=CARTESIAN_POINT('',(0.0012654037337869,-3.40072749008723E-5,0.0146582679857903));
#1425=CARTESIAN_POINT('',(0.0012654037337869,-3.40072872673029E-5,0.0151082679850817));
#1426=CARTESIAN_POINT('',(0.00126540373054937,-0.000361256521500972,0.0150895179851112));
#1427=CARTESIAN_POINT('',(0.000994918256108775,-0.00101317647812901,0.0150520179851703));
#1428=CARTESIAN_POINT('',(1.54037235076743E-5,-0.00141934209850938,0.0149957679852588));
#1429=CARTESIAN_POINT('',(-0.000964110803067039,-0.00101349877723871,0.0149395179853474));
#1430=CARTESIAN_POINT('',(-0.0013698390002087,-3.40072680486634E-5,0.014883267985436));
#1431=CARTESIAN_POINT('',(-0.000964110793376787,0.000945484237127447,0.0148270179855246));
#1432=CARTESIAN_POINT('',(1.54037372129944E-5,0.00135132754870764,0.0147707679856132));
#1433=CARTESIAN_POINT('',(0.000994918265795841,0.00094516191863679,0.0147145179857017));
#1434=CARTESIAN_POINT('',(0.0012654037337869,0.0002932419593328,0.0146770179857608));
#1435=CARTESIAN_POINT('',(0.0012654037337869,-3.40072749008686E-5,0.0146582679857903));
#1436=CARTESIAN_POINT('',(0.0012654037337869,-3.40072810840863E-5,0.0151082679850817));
#1437=CARTESIAN_POINT('',(0.0012654037337869,-3.40072749008651E-5,0.0155582679857903));
#1438=CARTESIAN_POINT('',(0.0012654037337869,-0.000361256509908279,0.0155395179857755));
#1439=CARTESIAN_POINT('',(0.00099491826445201,-0.00101317647072839,0.0155020179857459));
#1440=CARTESIAN_POINT('',(1.54037320682468E-5,-0.00141934209918241,0.0154457679857014));
#1441=CARTESIAN_POINT('',(-0.000964110799308768,-0.00101349878194718,0.015389517985657));
#1442=CARTESIAN_POINT('',(-0.00136983900088051,-3.40072714635578E-5,0.0153332679856126));
#1443=CARTESIAN_POINT('',(-0.00096411079444779,0.000945484237006538,0.0152770179855681));
#1444=CARTESIAN_POINT('',(1.54037389433265E-5,0.00135132754938067,0.0152207679855237));
#1445=CARTESIAN_POINT('',(0.00099491826931139,0.000945161916065556,0.0151645179854793));
#1446=CARTESIAN_POINT('',(0.00126540373541096,0.000293241953903094,0.0151270179854497));
#1447=CARTESIAN_POINT('',(0.0012654037337869,-3.40072811043197E-5,0.0151082679854349));
#1448=CARTESIAN_POINT('',(0.0012654037337869,-3.40072749008649E-5,0.0155582679857903));
#1449=CARTESIAN_POINT('',(0.0012654037337869,-3.40072749008651E-5,0.0160082679857903));
#1450=CARTESIAN_POINT('',(0.0012654037337869,-0.000361256509649802,0.0159895179857903));
#1451=CARTESIAN_POINT('',(0.000994918264900932,-0.00101317646996344,0.0159520179857903));
#1452=CARTESIAN_POINT('',(1.54037337869039E-5,-0.00141934209895758,0.0158957679857903));
#1453=CARTESIAN_POINT('',(-0.000964110797327127,-0.00101349878361147,0.0158395179857903));
#1454=CARTESIAN_POINT('',(-0.00136983900065609,-3.40072749008781E-5,0.0157832679857903));
#1455=CARTESIAN_POINT('',(-0.000964110797327141,0.000945484233809723,0.0157270179857903));
#1456=CARTESIAN_POINT('',(1.54037337868875E-5,0.00135132754915584,0.0156707679857903));
#1457=CARTESIAN_POINT('',(0.00099491826490092,0.000945161920161708,0.0156145179857903));
#1458=CARTESIAN_POINT('',(0.00126540373378689,0.000293241959848079,0.0155770179857903));
#1459=CARTESIAN_POINT('',(0.0012654037337869,-3.40072749008575E-5,0.0155582679857903));
#1460=CARTESIAN_POINT('',(0.0012654037337869,-3.40072749008662E-5,0.0160082679857903));
#1461=CARTESIAN_POINT('',(0.0012654037337869,-3.4007274900859E-5,0.0164582679857903));
#1462=CARTESIAN_POINT('',(0.0012654037337869,-0.000361256509649796,0.0164395179857903));
#1463=CARTESIAN_POINT('',(0.000994918264900935,-0.00101317646996343,0.0164020179857903));
#1464=CARTESIAN_POINT('',(1.54037337869067E-5,-0.00141934209895758,0.0163457679857903));
#1465=CARTESIAN_POINT('',(-0.000964110797327129,-0.00101349878361147,0.0162895179857903));
#1466=CARTESIAN_POINT('',(-0.00136983900065609,-3.40072749008742E-5,0.0162332679857903));
#1467=CARTESIAN_POINT('',(-0.000964110797327137,0.000945484233809727,0.0161770179857903));
#1468=CARTESIAN_POINT('',(1.5403733786895E-5,0.00135132754915584,0.0161207679857903));
#1469=CARTESIAN_POINT('',(0.000994918264900927,0.000945161920161702,0.0160645179857903));
#1470=CARTESIAN_POINT('',(0.0012654037337869,0.000293241959848069,0.0160270179857903));
#1471=CARTESIAN_POINT('',(0.0012654037337869,-3.40072749008686E-5,0.0160082679857903));
#1472=CARTESIAN_POINT('',(0.0012654037337869,-3.40072749008643E-5,0.0164582679857903));
#1473=CARTESIAN_POINT('',(0.0012654037337869,-3.4007274900859E-5,0.0169082679857903));
#1474=CARTESIAN_POINT('',(0.0012654037337869,-0.000361256509649796,0.0168895179857903));
#1475=CARTESIAN_POINT('',(0.000994918264900935,-0.00101317646996343,0.0168520179857903));
#1476=CARTESIAN_POINT('',(1.54037337869107E-5,-0.00141934209895758,0.0167957679857903));
#1477=CARTESIAN_POINT('',(-0.000964110797327125,-0.00101349878361148,0.0167395179857903));
#1478=CARTESIAN_POINT('',(-0.00136983900065609,-3.40072749008822E-5,0.0166832679857903));
#1479=CARTESIAN_POINT('',(-0.000964110797327143,0.000945484233809722,0.0166270179857903));
#1480=CARTESIAN_POINT('',(1.54037337868871E-5,0.00135132754915584,0.0165707679857903));
#1481=CARTESIAN_POINT('',(0.000994918264900917,0.000945161920161711,0.0165145179857903));
#1482=CARTESIAN_POINT('',(0.00126540373378689,0.000293241959848079,0.0164770179857903));
#1483=CARTESIAN_POINT('',(0.0012654037337869,-3.40072749008575E-5,0.0164582679857903));
#1484=CARTESIAN_POINT('',(0.0012654037337869,-3.4007274900864E-5,0.0169082679857903));
#1485=CARTESIAN_POINT('',(0.0012654037337869,-3.4007274900859E-5,0.0173582679857903));
#1486=CARTESIAN_POINT('',(0.0012654037337869,-0.000361256509649796,0.0173395179857903));
#1487=CARTESIAN_POINT('',(0.000994918264900935,-0.00101317646996343,0.0173020179857903));
#1488=CARTESIAN_POINT('',(1.54037337869107E-5,-0.00141934209895758,0.0172457679857903));
#1489=CARTESIAN_POINT('',(-0.000964110797327125,-0.00101349878361148,0.0171895179857903));
#1490=CARTESIAN_POINT('',(-0.00136983900065609,-3.40072749008822E-5,0.0171332679857903));
#1491=CARTESIAN_POINT('',(-0.000964110797327143,0.000945484233809722,0.0170770179857903));
#1492=CARTESIAN_POINT('',(1.54037337868871E-5,0.00135132754915584,0.0170207679857903));
#1493=CARTESIAN_POINT('',(0.000994918264900917,0.000945161920161711,0.0169645179857903));
#1494=CARTESIAN_POINT('',(0.00126540373378689,0.000293241959848079,0.0169270179857903));
#1495=CARTESIAN_POINT('',(0.0012654037337869,-3.40072749008575E-5,0.0169082679857903));
#1496=CARTESIAN_POINT('',(0.0012654037337869,-3.40072749008653E-5,0.0173582679857903));
#1497=CARTESIAN_POINT('',(0.0012654037337869,-3.4007274900859E-5,0.0178082679857903));
#1498=CARTESIAN_POINT('',(0.0012654037337869,-0.000361256509649796,0.0177895179857903));
#1499=CARTESIAN_POINT('',(0.000994918264900935,-0.00101317646996343,0.0177520179857903));
#1500=CARTESIAN_POINT('',(1.54037337869107E-5,-0.00141934209895758,0.0176957679857903));
#1501=CARTESIAN_POINT('',(-0.000964110797327125,-0.00101349878361148,0.0176395179857903));
#1502=CARTESIAN_POINT('',(-0.00136983900065609,-3.40072749008822E-5,0.0175832679857903));
#1503=CARTESIAN_POINT('',(-0.000964110797327143,0.000945484233809722,0.0175270179857903));
#1504=CARTESIAN_POINT('',(1.54037337868871E-5,0.00135132754915584,0.0174707679857903));
#1505=CARTESIAN_POINT('',(0.000994918264900917,0.000945161920161711,0.0174145179857903));
#1506=CARTESIAN_POINT('',(0.00126540373378689,0.000293241959848079,0.0173770179857903));
#1507=CARTESIAN_POINT('',(0.0012654037337869,-3.40072749008575E-5,0.0173582679857903));
#1508=CARTESIAN_POINT('',(0.0012654037337869,-3.40072749008643E-5,0.0178082679857903));
#1509=CARTESIAN_POINT('',(-0.00110229879233814,0.000525672153963285,0.0179999999999985));
#1510=CARTESIAN_POINT('',(-0.000977427201155235,0.000775045787705083,0.0179840223321478));
#1511=CARTESIAN_POINT('',(-0.000554957360623182,0.00118601922197088,0.0179520669964464));
#1512=CARTESIAN_POINT('',(0.000325257849702522,0.00127681877148889,0.0179041339928944));
#1513=CARTESIAN_POINT('',(0.00107165794898201,0.000801518585840951,0.0178562009893424));
#1514=CARTESIAN_POINT('',(0.0012654037337869,0.000244883606072577,0.017824245653641));
#1515=CARTESIAN_POINT('',(0.0012654037337869,-3.4007274900859E-5,0.0178082679857903));
#1516=CARTESIAN_POINT('',(0.00118013129261118,0.000446615709070647,0.012178029255553));
#1517=CARTESIAN_POINT('',(1.42324866334112E-5,-3.44905881852598E-5,0.012));
#1518=CARTESIAN_POINT('',(0.00117089152109481,0.000442802931976323,0.012));
#1519=CARTESIAN_POINT('',(0.000962903719379383,0.000356977094738428,0.018675));
#1520=CARTESIAN_POINT('',(0.000962903719379383,0.000356977094738428,0.0122398595579956));
#1521=CARTESIAN_POINT('',(0.00117089152109482,0.000442802931976326,0.0123697638292756));
#1522=CARTESIAN_POINT('',(0.00117089152109481,0.000442802931976323,0.0123697638292756));
#1523=CARTESIAN_POINT('',(0.00117089152109481,0.000442802931976323,0.018));
#1524=CARTESIAN_POINT('',(0.00117707441160034,-0.000499266412051464,0.0181652472397403));
#1525=CARTESIAN_POINT('',(0.00117525211313032,-0.000503818220805164,0.0181649665908152));
#1526=CARTESIAN_POINT('',(0.00111162625102662,-0.000660049107863737,0.0181553109418902));
#1527=CARTESIAN_POINT('',(0.000923304185799843,-0.000941907726913817,0.0181362802929651));
#1528=CARTESIAN_POINT('',(0.00050675119845783,-0.00122022498794707,0.0181081552929651));
#1529=CARTESIAN_POINT('',(1.5403733786898E-5,-0.00131797240742225,0.0180800302929651));
#1530=CARTESIAN_POINT('',(-0.000475943730884034,-0.00122022498794707,0.0180519052929651));
#1531=CARTESIAN_POINT('',(-0.000892496718226048,-0.000941907726913818,0.0180237802929651));
#1532=CARTESIAN_POINT('',(-0.0011708139792593,-0.000525354739571801,0.0179956552929651));
#1533=CARTESIAN_POINT('',(-0.00126856139873448,-3.40072749008697E-5,0.0179675302929651));
#1534=CARTESIAN_POINT('',(-0.0011708139792593,0.000457340189770062,0.0179394052929651));
#1535=CARTESIAN_POINT('',(-0.000892496718226049,0.000873893177112079,0.0179112802929651));
#1536=CARTESIAN_POINT('',(-0.000475943730884035,0.00115221043814533,0.0178831552929651));
#1537=CARTESIAN_POINT('',(1.54037337868968E-5,0.00124995785762051,0.0178550302929651));
#1538=CARTESIAN_POINT('',(0.000506751198457829,0.00115221043814533,0.0178269052929651));
#1539=CARTESIAN_POINT('',(0.000923304185799842,0.00087389317711208,0.0177987802929651));
#1540=CARTESIAN_POINT('',(0.0012016214468331,0.000457340189770063,0.0177706552929651));
#1541=CARTESIAN_POINT('',(0.00129936886630827,-3.40072749008694E-5,0.0177425302929651));
#1542=CARTESIAN_POINT('',(0.0012016214468331,-0.000525354739571796,0.0177144052929651));
#1543=CARTESIAN_POINT('',(0.000923304185799844,-0.000941907726913818,0.0176862802929651));
#1544=CARTESIAN_POINT('',(0.000506751198457829,-0.00122022498794707,0.0176581552929651));
#1545=CARTESIAN_POINT('',(1.54037337869023E-5,-0.00131797240742224,0.0176300302929651));
#1546=CARTESIAN_POINT('',(-0.000475943730884035,-0.00122022498794707,0.0176019052929651));
#1547=CARTESIAN_POINT('',(-0.000892496718226047,-0.000941907726913819,0.0175737802929651));
#1548=CARTESIAN_POINT('',(-0.0011708139792593,-0.000525354739571797,0.0175456552929651));
#1549=CARTESIAN_POINT('',(-0.00126856139873448,-3.400727490087E-5,0.0175175302929651));
#1550=CARTESIAN_POINT('',(-0.0011708139792593,0.000457340189770057,0.0174894052929651));
#1551=CARTESIAN_POINT('',(-0.000892496718226048,0.00087389317711208,0.0174612802929651));
#1552=CARTESIAN_POINT('',(-0.000475943730884037,0.00115221043814533,0.0174331552929651));
#1553=CARTESIAN_POINT('',(1.54037337869005E-5,0.00124995785762051,0.0174050302929651));
#1554=CARTESIAN_POINT('',(0.000506751198457828,0.00115221043814533,0.0173769052929651));
#1555=CARTESIAN_POINT('',(0.000923304185799842,0.000873893177112081,0.0173487802929651));
#1556=CARTESIAN_POINT('',(0.0012016214468331,0.000457340189770059,0.0173206552929651));
#1557=CARTESIAN_POINT('',(0.00129936886630827,-3.4007274900868E-5,0.0172925302929651));
#1558=CARTESIAN_POINT('',(0.0012016214468331,-0.000525354739571795,0.0172644052929651));
#1559=CARTESIAN_POINT('',(0.000923304185799844,-0.000941907726913817,0.0172362802929651));
#1560=CARTESIAN_POINT('',(0.00050675119845783,-0.00122022498794707,0.0172081552929651));
#1561=CARTESIAN_POINT('',(1.54037337869026E-5,-0.00131797240742224,0.0171800302929651));
#1562=CARTESIAN_POINT('',(-0.000475943730884035,-0.00122022498794707,0.0171519052929651));
#1563=CARTESIAN_POINT('',(-0.000892496718226047,-0.000941907726913819,0.0171237802929651));
#1564=CARTESIAN_POINT('',(-0.0011708139792593,-0.000525354739571798,0.0170956552929651));
#1565=CARTESIAN_POINT('',(-0.00126856139873448,-3.40072749008703E-5,0.0170675302929651));
#1566=CARTESIAN_POINT('',(-0.0011708139792593,0.000457340189770057,0.0170394052929651));
#1567=CARTESIAN_POINT('',(-0.000892496718226048,0.00087389317711208,0.0170112802929651));
#1568=CARTESIAN_POINT('',(-0.000475943730884037,0.00115221043814533,0.0169831552929651));
#1569=CARTESIAN_POINT('',(1.54037337869001E-5,0.00124995785762051,0.0169550302929651));
#1570=CARTESIAN_POINT('',(0.000506751198457827,0.00115221043814533,0.0169269052929651));
#1571=CARTESIAN_POINT('',(0.000923304185799842,0.000873893177112081,0.0168987802929651));
#1572=CARTESIAN_POINT('',(0.0012016214468331,0.000457340189770059,0.0168706552929651));
#1573=CARTESIAN_POINT('',(0.00129936886630827,-3.40072749008677E-5,0.0168425302929651));
#1574=CARTESIAN_POINT('',(0.0012016214468331,-0.000525354739571795,0.0168144052929651));
#1575=CARTESIAN_POINT('',(0.000923304185799844,-0.000941907726913818,0.0167862802929651));
#1576=CARTESIAN_POINT('',(0.00050675119845783,-0.00122022498794707,0.0167581552929651));
#1577=CARTESIAN_POINT('',(1.54037337869029E-5,-0.00131797240742225,0.0167300302929651));
#1578=CARTESIAN_POINT('',(-0.000475943730884035,-0.00122022498794707,0.0167019052929651));
#1579=CARTESIAN_POINT('',(-0.000892496718226046,-0.00094190772691382,0.0166737802929651));
#1580=CARTESIAN_POINT('',(-0.0011708139792593,-0.000525354739571798,0.0166456552929651));
#1581=CARTESIAN_POINT('',(-0.00126856139873448,-3.40072749008712E-5,0.0166175302929651));
#1582=CARTESIAN_POINT('',(-0.0011708139792593,0.000457340189770059,0.0165894052929651));
#1583=CARTESIAN_POINT('',(-0.000892496718226056,0.000873893177112073,0.0165612802929651));
#1584=CARTESIAN_POINT('',(-0.000475943730884027,0.00115221043814533,0.0165331552929651));
#1585=CARTESIAN_POINT('',(1.54037337868973E-5,0.00124995785762051,0.0165050302929651));
#1586=CARTESIAN_POINT('',(0.000506751198457827,0.00115221043814533,0.0164769052929651));
#1587=CARTESIAN_POINT('',(0.000923304185799843,0.00087389317711208,0.0164487802929651));
#1588=CARTESIAN_POINT('',(0.00120162144683309,0.000457340189770066,0.0164206552929651));
#1589=CARTESIAN_POINT('',(0.00129936886630827,-3.40072749008595E-5,0.0163925302929651));
#1590=CARTESIAN_POINT('',(0.00120162144683309,-0.000525354739571805,0.0163644052929651));
#1591=CARTESIAN_POINT('',(0.000923304185799845,-0.000941907726913814,0.0163362802929651));
#1592=CARTESIAN_POINT('',(0.00050675119845783,-0.00122022498794707,0.0163081552929651));
#1593=CARTESIAN_POINT('',(1.54037337869008E-5,-0.00131797240742224,0.0162800302929651));
#1594=CARTESIAN_POINT('',(-0.000475943730884024,-0.00122022498794707,0.0162519052929651));
#1595=CARTESIAN_POINT('',(-0.000892496718226054,-0.000941907726913813,0.0162237802929651));
#1596=CARTESIAN_POINT('',(-0.0011708139792593,-0.0005253547395718,0.0161956552929651));
#1597=CARTESIAN_POINT('',(-0.00126856139873448,-3.4007274900871E-5,0.0161675302929651));
#1598=CARTESIAN_POINT('',(-0.0011708139792593,0.000457340189770058,0.0161394052929651));
#1599=CARTESIAN_POINT('',(-0.000892496718226056,0.000873893177112073,0.0161112802929651));
#1600=CARTESIAN_POINT('',(-0.000475943730884028,0.00115221043814533,0.0160831552929651));
#1601=CARTESIAN_POINT('',(1.5403733786897E-5,0.00124995785762051,0.0160550302929651));
#1602=CARTESIAN_POINT('',(0.000506751198457827,0.00115221043814533,0.0160269052929651));
#1603=CARTESIAN_POINT('',(0.000923304185799843,0.000873893177112079,0.0159987802929651));
#1604=CARTESIAN_POINT('',(0.00120162144683309,0.000457340189770071,0.0159706552929651));
#1605=CARTESIAN_POINT('',(0.00129936886630827,-3.40072749008749E-5,0.0159425302929651));
#1606=CARTESIAN_POINT('',(0.0012016214468331,-0.0005253547395718,0.0159144052929651));
#1607=CARTESIAN_POINT('',(0.000923304185799845,-0.000941907726913815,0.0158862802929651));
#1608=CARTESIAN_POINT('',(0.000506751198457831,-0.00122022498794707,0.0158581552929651));
#1609=CARTESIAN_POINT('',(1.5403733786901E-5,-0.00131797240742224,0.0158300302929651));
#1610=CARTESIAN_POINT('',(-0.000475943730884024,-0.00122022498794707,0.0158019052929651));
#1611=CARTESIAN_POINT('',(-0.000892496718226054,-0.000941907726913813,0.0157737802929651));
#1612=CARTESIAN_POINT('',(-0.0011708139792593,-0.0005253547395718,0.0157456552929651));
#1613=CARTESIAN_POINT('',(-0.00126856139873448,-3.40072749008713E-5,0.0157175302929651));
#1614=CARTESIAN_POINT('',(-0.0011708139792593,0.000457340189770058,0.0156894052929651));
#1615=CARTESIAN_POINT('',(-0.000892496718226057,0.000873893177112072,0.0156612802929651));
#1616=CARTESIAN_POINT('',(-0.000475943730884028,0.00115221043814533,0.0156331552929651));
#1617=CARTESIAN_POINT('',(1.54037337868967E-5,0.00124995785762051,0.0156050302929651));
#1618=CARTESIAN_POINT('',(0.000506751198457826,0.00115221043814533,0.0155769052929651));
#1619=CARTESIAN_POINT('',(0.000923304185799842,0.00087389317711208,0.0155487802929651));
#1620=CARTESIAN_POINT('',(0.00120162144683309,0.000457340189770066,0.0155206552929651));
#1621=CARTESIAN_POINT('',(0.00129936886630827,-3.40072749008589E-5,0.0154925302929651));
#1622=CARTESIAN_POINT('',(0.0012016214468331,-0.000525354739571805,0.0154644052929651));
#1623=CARTESIAN_POINT('',(0.000923304185799846,-0.000941907726913814,0.0154362802929651));
#1624=CARTESIAN_POINT('',(0.000506751198457831,-0.00122022498794707,0.0154081552929651));
#1625=CARTESIAN_POINT('',(1.54037337869013E-5,-0.00131797240742224,0.0153800302929651));
#1626=CARTESIAN_POINT('',(-0.000475943730884023,-0.00122022498794707,0.0153519052929651));
#1627=CARTESIAN_POINT('',(-0.000892496718226053,-0.000941907726913814,0.0153237802929651));
#1628=CARTESIAN_POINT('',(-0.0011708139792593,-0.0005253547395718,0.0152956552929651));
#1629=CARTESIAN_POINT('',(-0.00126856139873448,-3.40072749008716E-5,0.0152675302929651));
#1630=CARTESIAN_POINT('',(-0.0011708139792593,0.000457340189770058,0.0152394052929651));
#1631=CARTESIAN_POINT('',(-0.000892496718226057,0.000873893177112072,0.0152112802929651));
#1632=CARTESIAN_POINT('',(-0.000475943730884028,0.00115221043814533,0.0151831552929651));
#1633=CARTESIAN_POINT('',(1.54037337868964E-5,0.00124995785762051,0.0151550302929651));
#1634=CARTESIAN_POINT('',(0.000506751198457826,0.00115221043814533,0.0151269052929651));
#1635=CARTESIAN_POINT('',(0.000923304185799842,0.000873893177112079,0.0150987802929651));
#1636=CARTESIAN_POINT('',(0.00120162144683309,0.000457340189770071,0.0150706552929651));
#1637=CARTESIAN_POINT('',(0.00129936886630827,-3.40072749008743E-5,0.0150425302929651));
#1638=CARTESIAN_POINT('',(0.0012016214468331,-0.0005253547395718,0.0150144052929651));
#1639=CARTESIAN_POINT('',(0.000923304185799846,-0.000941907726913815,0.0149862802929651));
#1640=CARTESIAN_POINT('',(0.000506751198457831,-0.00122022498794707,0.0149581552929651));
#1641=CARTESIAN_POINT('',(1.54037337869016E-5,-0.00131797240742224,0.0149300302929651));
#1642=CARTESIAN_POINT('',(-0.000475943730884023,-0.00122022498794707,0.0149019052929651));
#1643=CARTESIAN_POINT('',(-0.000892496718226053,-0.000941907726913814,0.0148737802929651));
#1644=CARTESIAN_POINT('',(-0.0011708139792593,-0.000525354739571801,0.0148456552929651));
#1645=CARTESIAN_POINT('',(-0.00126856139873448,-3.40072749008719E-5,0.0148175302929651));
#1646=CARTESIAN_POINT('',(-0.0011708139792593,0.000457340189770057,0.0147894052929651));
#1647=CARTESIAN_POINT('',(-0.000892496718226057,0.000873893177112072,0.0147612802929651));
#1648=CARTESIAN_POINT('',(-0.000475943730884028,0.00115221043814533,0.0147331552929651));
#1649=CARTESIAN_POINT('',(1.5403733786896E-5,0.00124995785762051,0.0147050302929651));
#1650=CARTESIAN_POINT('',(0.000506751198457826,0.00115221043814533,0.0146769052929651));
#1651=CARTESIAN_POINT('',(0.000923304185799842,0.000873893177112081,0.0146487802929651));
#1652=CARTESIAN_POINT('',(0.00120162144683309,0.000457340189770067,0.0146206552929651));
#1653=CARTESIAN_POINT('',(0.00129936886630827,-3.40072749008583E-5,0.0145925302929651));
#1654=CARTESIAN_POINT('',(0.0012016214468331,-0.000525354739571804,0.0145644052929651));
#1655=CARTESIAN_POINT('',(0.000923304185799846,-0.000941907726913814,0.0145362802929651));
#1656=CARTESIAN_POINT('',(0.000506751198457832,-0.00122022498794707,0.0145081552929651));
#1657=CARTESIAN_POINT('',(1.54037337869019E-5,-0.00131797240742224,0.0144800302929651));
#1658=CARTESIAN_POINT('',(-0.000475943730884023,-0.00122022498794707,0.0144519052929651));
#1659=CARTESIAN_POINT('',(-0.000892496718226053,-0.000941907726913814,0.0144237802929651));
#1660=CARTESIAN_POINT('',(-0.0011708139792593,-0.000525354739571801,0.0143956552929651));
#1661=CARTESIAN_POINT('',(-0.00126856139873448,-3.40072749008723E-5,0.0143675302929651));
#1662=CARTESIAN_POINT('',(-0.0011708139792593,0.000457340189770057,0.0143394052929651));
#1663=CARTESIAN_POINT('',(-0.000892496718226054,0.000873893177112073,0.0143112802929651));
#1664=CARTESIAN_POINT('',(-0.000475943730884041,0.00115221043814533,0.0142831552929651));
#1665=CARTESIAN_POINT('',(1.54037337868893E-5,0.0012499578576205,0.0142550302929651));
#1666=CARTESIAN_POINT('',(0.00050675119845781,0.00115221043814534,0.0142269052929651));
#1667=CARTESIAN_POINT('',(0.000923304185799854,0.000873893177112071,0.0141987802929651));
#1668=CARTESIAN_POINT('',(0.0012016214468331,0.000457340189770059,0.0141706552929651));
#1669=CARTESIAN_POINT('',(0.00129936886630827,-3.40072749008704E-5,0.0141425302929651));
#1670=CARTESIAN_POINT('',(0.0012016214468331,-0.000525354739571799,0.0141144052929651));
#1671=CARTESIAN_POINT('',(0.000923304185799846,-0.000941907726913815,0.0140862802929651));
#1672=CARTESIAN_POINT('',(0.000506751198457832,-0.00122022498794707,0.0140581552929651));
#1673=CARTESIAN_POINT('',(1.54037337869032E-5,-0.00131797240742224,0.0140300302929651));
#1674=CARTESIAN_POINT('',(-0.000475943730884026,-0.00122022498794707,0.0140019052929651));
#1675=CARTESIAN_POINT('',(-0.000892496718226043,-0.000941907726913822,0.0139737802929651));
#1676=CARTESIAN_POINT('',(-0.0011708139792593,-0.00052535473957181,0.0139456552929651));
#1677=CARTESIAN_POINT('',(-0.00126856139873448,-3.40072749008882E-5,0.0139175302929651));
#1678=CARTESIAN_POINT('',(-0.0011708139792593,0.000457340189770074,0.0138894052929651));
#1679=CARTESIAN_POINT('',(-0.000892496718226048,0.000873893177112077,0.0138612802929651));
#1680=CARTESIAN_POINT('',(-0.000475943730884033,0.00115221043814533,0.0138331552929651));
#1681=CARTESIAN_POINT('',(1.54037337868963E-5,0.00124995785762051,0.0138050302929651));
#1682=CARTESIAN_POINT('',(0.000506751198457825,0.00115221043814533,0.0137769052929651));
#1683=CARTESIAN_POINT('',(0.000923304185799841,0.000873893177112081,0.0137487802929651));
#1684=CARTESIAN_POINT('',(0.00120162144683309,0.000457340189770067,0.0137206552929651));
#1685=CARTESIAN_POINT('',(0.00129936886630827,-3.40072749008609E-5,0.0136925302929651));
#1686=CARTESIAN_POINT('',(0.0012016214468331,-0.00052535473957179,0.0136644052929651));
#1687=CARTESIAN_POINT('',(0.000923304185799859,-0.000941907726913805,0.0136362802929651));
#1688=CARTESIAN_POINT('',(0.000506751198457817,-0.00122022498794708,0.0136081552929651));
#1689=CARTESIAN_POINT('',(1.54037337868961E-5,-0.00131797240742224,0.0135800302929651));
#1690=CARTESIAN_POINT('',(-0.000475943730884034,-0.00122022498794707,0.0135519052929651));
#1691=CARTESIAN_POINT('',(-0.000892496718226049,-0.000941907726913816,0.0135237802929651));
#1692=CARTESIAN_POINT('',(-0.0011708139792593,-0.000525354739571802,0.0134956552929651));
#1693=CARTESIAN_POINT('',(-0.00126856139873448,-3.40072749008728E-5,0.0134675302929651));
#1694=CARTESIAN_POINT('',(-0.0011708139792593,0.000457340189770056,0.0134394052929651));
#1695=CARTESIAN_POINT('',(-0.000892496718226054,0.000873893177112073,0.0134112802929651));
#1696=CARTESIAN_POINT('',(-0.000475943730884041,0.00115221043814533,0.0133831552929651));
#1697=CARTESIAN_POINT('',(1.54037337868887E-5,0.0012499578576205,0.0133550302929651));
#1698=CARTESIAN_POINT('',(0.000506751198457809,0.00115221043814534,0.0133269052929651));
#1699=CARTESIAN_POINT('',(0.000923304185799853,0.000873893177112072,0.0132987802929651));
#1700=CARTESIAN_POINT('',(0.0012016214468331,0.000457340189770059,0.0132706552929651));
#1701=CARTESIAN_POINT('',(0.00129936886630827,-3.40072749008697E-5,0.0132425302929651));
#1702=CARTESIAN_POINT('',(0.0012016214468331,-0.000525354739571799,0.0132144052929651));
#1703=CARTESIAN_POINT('',(0.000923304185799847,-0.000941907726913814,0.0131862802929651));
#1704=CARTESIAN_POINT('',(0.000506751198457832,-0.00122022498794707,0.0131581552929651));
#1705=CARTESIAN_POINT('',(1.54037337869038E-5,-0.00131797240742224,0.0131300302929651));
#1706=CARTESIAN_POINT('',(-0.000475943730884026,-0.00122022498794707,0.0131019052929651));
#1707=CARTESIAN_POINT('',(-0.000892496718226043,-0.000941907726913821,0.0130737802929651));
#1708=CARTESIAN_POINT('',(-0.0011708139792593,-0.000525354739571819,0.0130456552929651));
#1709=CARTESIAN_POINT('',(-0.00126856139873448,-3.40072749008575E-5,0.0130175302929651));
#1710=CARTESIAN_POINT('',(-0.0011708139792593,0.000457340189770065,0.0129894052929651));
#1711=CARTESIAN_POINT('',(-0.000892496718226048,0.000873893177112079,0.0129612802929651));
#1712=CARTESIAN_POINT('',(-0.000475943730884033,0.00115221043814533,0.0129331552929651));
#1713=CARTESIAN_POINT('',(1.54037337868956E-5,0.00124995785762051,0.0129050302929651));
#1714=CARTESIAN_POINT('',(0.000506751198457825,0.00115221043814533,0.0128769052929651));
#1715=CARTESIAN_POINT('',(0.000923304185799841,0.000873893177112082,0.0128487802929651));
#1716=CARTESIAN_POINT('',(0.00120162144683309,0.000457340189770068,0.0128206552929651));
#1717=CARTESIAN_POINT('',(0.00129936886630827,-3.40072749008603E-5,0.0127925302929651));
#1718=CARTESIAN_POINT('',(0.0012016214468331,-0.00052535473957179,0.0127644052929651));
#1719=CARTESIAN_POINT('',(0.000923304185799859,-0.000941907726913804,0.0127362802929651));
#1720=CARTESIAN_POINT('',(0.000506751198457817,-0.00122022498794708,0.0127081552929651));
#1721=CARTESIAN_POINT('',(1.54037337868967E-5,-0.00131797240742224,0.0126800302929651));
#1722=CARTESIAN_POINT('',(-0.000475943730884034,-0.00122022498794707,0.0126519052929651));
#1723=CARTESIAN_POINT('',(-0.000892496718226049,-0.000941907726913817,0.0126237802929651));
#1724=CARTESIAN_POINT('',(-0.0011708139792593,-0.000525354739571802,0.0125956552929651));
#1725=CARTESIAN_POINT('',(-0.00126856139873448,-3.40072749008735E-5,0.0125675302929651));
#1726=CARTESIAN_POINT('',(-0.0011708139792593,0.000457340189770056,0.0125394052929651));
#1727=CARTESIAN_POINT('',(-0.000892496718226055,0.000873893177112073,0.0125112802929651));
#1728=CARTESIAN_POINT('',(-0.000475943730884042,0.00115221043814533,0.0124831552929651));
#1729=CARTESIAN_POINT('',(1.5403733786888E-5,0.00124995785762051,0.0124550302929651));
#1730=CARTESIAN_POINT('',(0.000506751198457809,0.00115221043814534,0.0124269052929651));
#1731=CARTESIAN_POINT('',(0.000923304185799853,0.000873893177112073,0.0123987802929651));
#1732=CARTESIAN_POINT('',(0.00110916484672266,0.000595718502464393,0.0123799983781494));
#1733=CARTESIAN_POINT('',(0.00117195286349311,0.000443844059953197,0.0123705914633338));
#1734=CARTESIAN_POINT('',(0.00117216553537014,0.000443328651950914,0.0123705595485181));
#1735=CARTESIAN_POINT('',(0.000966921189978026,-0.000415098232180166,0.0180345451504172));
#1736=CARTESIAN_POINT('',(0.000965428556275778,-0.000418826591317663,0.0180342645014921));
#1737=CARTESIAN_POINT('',(0.000913312995804864,-0.000546794370027775,0.0180246088525671));
#1738=CARTESIAN_POINT('',(0.00075905952632199,-0.000777663067435964,0.0180055782036421));
#1739=CARTESIAN_POINT('',(0.000417863483024649,-0.00100563105981992,0.0179774532036421));
#1740=CARTESIAN_POINT('',(1.54037337868979E-5,-0.00108569538244132,0.0179493282036421));
#1741=CARTESIAN_POINT('',(-0.000387056015450853,-0.00100563105981992,0.0179212032036421));
#1742=CARTESIAN_POINT('',(-0.000728252058748195,-0.000777663067435964,0.0178930782036421));
#1743=CARTESIAN_POINT('',(-0.000956220051132151,-0.00043646702413862,0.0178649532036421));
#1744=CARTESIAN_POINT('',(-0.00103628437375355,-3.40072749008697E-5,0.0178368282036421));
#1745=CARTESIAN_POINT('',(-0.000956220051132151,0.000368452474336881,0.0178087032036421));
#1746=CARTESIAN_POINT('',(-0.000728252058748196,0.000709648517634225,0.0177805782036421));
#1747=CARTESIAN_POINT('',(-0.000387056015450853,0.00093761651001818,0.0177524532036421));
#1748=CARTESIAN_POINT('',(1.54037337868968E-5,0.00101768083263957,0.0177243282036421));
#1749=CARTESIAN_POINT('',(0.000417863483024648,0.000937616510018181,0.0176962032036421));
#1750=CARTESIAN_POINT('',(0.00075905952632199,0.000709648517634226,0.0176680782036421));
#1751=CARTESIAN_POINT('',(0.000987027518705948,0.000368452474336882,0.0176399532036421));
#1752=CARTESIAN_POINT('',(0.00106709184132734,-3.40072749008694E-5,0.0176118282036421));
#1753=CARTESIAN_POINT('',(0.000987027518705949,-0.000436467024138616,0.0175837032036421));
#1754=CARTESIAN_POINT('',(0.00075905952632199,-0.000777663067435964,0.0175555782036421));
#1755=CARTESIAN_POINT('',(0.000417863483024648,-0.00100563105981992,0.0175274532036421));
#1756=CARTESIAN_POINT('',(1.54037337869013E-5,-0.00108569538244131,0.0174993282036421));
#1757=CARTESIAN_POINT('',(-0.000387056015450853,-0.00100563105981992,0.0174712032036421));
#1758=CARTESIAN_POINT('',(-0.000728252058748194,-0.000777663067435965,0.0174430782036421));
#1759=CARTESIAN_POINT('',(-0.000956220051132152,-0.000436467024138617,0.0174149532036421));
#1760=CARTESIAN_POINT('',(-0.00103628437375355,-3.400727490087E-5,0.0173868282036421));
#1761=CARTESIAN_POINT('',(-0.000956220051132153,0.000368452474336877,0.0173587032036421));
#1762=CARTESIAN_POINT('',(-0.000728252058748195,0.000709648517634226,0.0173305782036421));
#1763=CARTESIAN_POINT('',(-0.000387056015450855,0.00093761651001818,0.0173024532036421));
#1764=CARTESIAN_POINT('',(1.54037337869001E-5,0.00101768083263957,0.0172743282036421));
#1765=CARTESIAN_POINT('',(0.000417863483024647,0.000937616510018181,0.0172462032036421));
#1766=CARTESIAN_POINT('',(0.00075905952632199,0.000709648517634227,0.0172180782036421));
#1767=CARTESIAN_POINT('',(0.000987027518705949,0.000368452474336878,0.0171899532036421));
#1768=CARTESIAN_POINT('',(0.00106709184132734,-3.4007274900868E-5,0.0171618282036421));
#1769=CARTESIAN_POINT('',(0.000987027518705949,-0.000436467024138615,0.0171337032036421));
#1770=CARTESIAN_POINT('',(0.000759059526321991,-0.000777663067435964,0.0171055782036421));
#1771=CARTESIAN_POINT('',(0.000417863483024648,-0.00100563105981992,0.0170774532036421));
#1772=CARTESIAN_POINT('',(1.54037337869017E-5,-0.00108569538244131,0.0170493282036421));
#1773=CARTESIAN_POINT('',(-0.000387056015450853,-0.00100563105981992,0.0170212032036421));
#1774=CARTESIAN_POINT('',(-0.000728252058748194,-0.000777663067435965,0.0169930782036421));
#1775=CARTESIAN_POINT('',(-0.000956220051132152,-0.000436467024138617,0.0169649532036421));
#1776=CARTESIAN_POINT('',(-0.00103628437375355,-3.40072749008703E-5,0.0169368282036421));
#1777=CARTESIAN_POINT('',(-0.000956220051132153,0.000368452474336877,0.0169087032036421));
#1778=CARTESIAN_POINT('',(-0.000728252058748195,0.000709648517634226,0.0168805782036421));
#1779=CARTESIAN_POINT('',(-0.000387056015450855,0.00093761651001818,0.0168524532036421));
#1780=CARTESIAN_POINT('',(1.54037337868996E-5,0.00101768083263957,0.0168243282036421));
#1781=CARTESIAN_POINT('',(0.000417863483024647,0.000937616510018181,0.0167962032036421));
#1782=CARTESIAN_POINT('',(0.000759059526321989,0.000709648517634227,0.0167680782036421));
#1783=CARTESIAN_POINT('',(0.000987027518705949,0.000368452474336878,0.0167399532036421));
#1784=CARTESIAN_POINT('',(0.00106709184132734,-3.40072749008677E-5,0.0167118282036421));
#1785=CARTESIAN_POINT('',(0.00098702751870595,-0.000436467024138615,0.0166837032036421));
#1786=CARTESIAN_POINT('',(0.000759059526321991,-0.000777663067435964,0.0166555782036421));
#1787=CARTESIAN_POINT('',(0.000417863483024649,-0.00100563105981992,0.0166274532036421));
#1788=CARTESIAN_POINT('',(1.54037337869019E-5,-0.00108569538244132,0.0165993282036421));
#1789=CARTESIAN_POINT('',(-0.000387056015450853,-0.00100563105981992,0.0165712032036421));
#1790=CARTESIAN_POINT('',(-0.000728252058748194,-0.000777663067435966,0.0165430782036421));
#1791=CARTESIAN_POINT('',(-0.000956220051132153,-0.000436467024138617,0.0165149532036421));
#1792=CARTESIAN_POINT('',(-0.00103628437375355,-3.40072749008712E-5,0.0164868282036421));
#1793=CARTESIAN_POINT('',(-0.000956220051132152,0.000368452474336878,0.0164587032036421));
#1794=CARTESIAN_POINT('',(-0.000728252058748202,0.000709648517634221,0.0164305782036421));
#1795=CARTESIAN_POINT('',(-0.000387056015450847,0.000937616510018183,0.0164024532036421));
#1796=CARTESIAN_POINT('',(1.54037337868973E-5,0.00101768083263957,0.0163743282036421));
#1797=CARTESIAN_POINT('',(0.000417863483024646,0.00093761651001818,0.0163462032036421));
#1798=CARTESIAN_POINT('',(0.00075905952632199,0.000709648517634227,0.0163180782036421));
#1799=CARTESIAN_POINT('',(0.000987027518705944,0.000368452474336884,0.0162899532036421));
#1800=CARTESIAN_POINT('',(0.00106709184132734,-3.40072749008595E-5,0.0162618282036421));
#1801=CARTESIAN_POINT('',(0.000987027518705944,-0.000436467024138623,0.0162337032036421));
#1802=CARTESIAN_POINT('',(0.000759059526321991,-0.000777663067435962,0.0162055782036421));
#1803=CARTESIAN_POINT('',(0.000417863483024649,-0.00100563105981992,0.0161774532036421));
#1804=CARTESIAN_POINT('',(1.54037337869002E-5,-0.00108569538244131,0.0161493282036421));
#1805=CARTESIAN_POINT('',(-0.000387056015450844,-0.00100563105981992,0.0161212032036421));
#1806=CARTESIAN_POINT('',(-0.000728252058748199,-0.00077766306743596,0.0160930782036421));
#1807=CARTESIAN_POINT('',(-0.000956220051132151,-0.000436467024138619,0.0160649532036421));
#1808=CARTESIAN_POINT('',(-0.00103628437375355,-3.4007274900871E-5,0.0160368282036421));
#1809=CARTESIAN_POINT('',(-0.000956220051132153,0.000368452474336878,0.0160087032036421));
#1810=CARTESIAN_POINT('',(-0.000728252058748201,0.000709648517634221,0.0159805782036421));
#1811=CARTESIAN_POINT('',(-0.000387056015450848,0.000937616510018182,0.0159524532036421));
#1812=CARTESIAN_POINT('',(1.5403733786897E-5,0.00101768083263957,0.0159243282036421));
#1813=CARTESIAN_POINT('',(0.000417863483024646,0.000937616510018181,0.0158962032036421));
#1814=CARTESIAN_POINT('',(0.00075905952632199,0.000709648517634225,0.0158680782036421));
#1815=CARTESIAN_POINT('',(0.000987027518705943,0.000368452474336887,0.0158399532036421));
#1816=CARTESIAN_POINT('',(0.00106709184132734,-3.40072749008749E-5,0.0158118282036421));
#1817=CARTESIAN_POINT('',(0.000987027518705948,-0.000436467024138619,0.0157837032036421));
#1818=CARTESIAN_POINT('',(0.000759059526321992,-0.000777663067435962,0.0157555782036421));
#1819=CARTESIAN_POINT('',(0.000417863483024649,-0.00100563105981992,0.0157274532036421));
#1820=CARTESIAN_POINT('',(1.54037337869003E-5,-0.00108569538244131,0.0156993282036421));
#1821=CARTESIAN_POINT('',(-0.000387056015450844,-0.00100563105981992,0.0156712032036421));
#1822=CARTESIAN_POINT('',(-0.000728252058748199,-0.00077766306743596,0.0156430782036421));
#1823=CARTESIAN_POINT('',(-0.000956220051132151,-0.000436467024138619,0.0156149532036421));
#1824=CARTESIAN_POINT('',(-0.00103628437375355,-3.40072749008713E-5,0.0155868282036421));
#1825=CARTESIAN_POINT('',(-0.000956220051132152,0.000368452474336878,0.0155587032036421));
#1826=CARTESIAN_POINT('',(-0.000728252058748202,0.00070964851763422,0.0155305782036421));
#1827=CARTESIAN_POINT('',(-0.000387056015450848,0.000937616510018182,0.0155024532036421));
#1828=CARTESIAN_POINT('',(1.54037337868969E-5,0.00101768083263957,0.0154743282036421));
#1829=CARTESIAN_POINT('',(0.000417863483024646,0.000937616510018181,0.0154462032036421));
#1830=CARTESIAN_POINT('',(0.00075905952632199,0.000709648517634227,0.0154180782036421));
#1831=CARTESIAN_POINT('',(0.000987027518705944,0.000368452474336884,0.0153899532036421));
#1832=CARTESIAN_POINT('',(0.00106709184132734,-3.40072749008589E-5,0.0153618282036421));
#1833=CARTESIAN_POINT('',(0.000987027518705948,-0.000436467024138623,0.0153337032036421));
#1834=CARTESIAN_POINT('',(0.000759059526321992,-0.000777663067435961,0.0153055782036421));
#1835=CARTESIAN_POINT('',(0.000417863483024649,-0.00100563105981992,0.0152774532036421));
#1836=CARTESIAN_POINT('',(1.54037337869006E-5,-0.00108569538244131,0.0152493282036421));
#1837=CARTESIAN_POINT('',(-0.000387056015450844,-0.00100563105981992,0.0152212032036421));
#1838=CARTESIAN_POINT('',(-0.000728252058748199,-0.000777663067435961,0.0151930782036421));
#1839=CARTESIAN_POINT('',(-0.000956220051132151,-0.000436467024138619,0.0151649532036421));
#1840=CARTESIAN_POINT('',(-0.00103628437375355,-3.40072749008716E-5,0.0151368282036421));
#1841=CARTESIAN_POINT('',(-0.000956220051132153,0.000368452474336878,0.0151087032036421));
#1842=CARTESIAN_POINT('',(-0.000728252058748202,0.00070964851763422,0.0150805782036421));
#1843=CARTESIAN_POINT('',(-0.000387056015450848,0.000937616510018183,0.0150524532036421));
#1844=CARTESIAN_POINT('',(1.54037337868965E-5,0.00101768083263957,0.0150243282036421));
#1845=CARTESIAN_POINT('',(0.000417863483024646,0.000937616510018181,0.014996203203642));
#1846=CARTESIAN_POINT('',(0.00075905952632199,0.000709648517634225,0.014968078203642));
#1847=CARTESIAN_POINT('',(0.000987027518705943,0.000368452474336888,0.014939953203642));
#1848=CARTESIAN_POINT('',(0.00106709184132734,-3.40072749008743E-5,0.014911828203642));
#1849=CARTESIAN_POINT('',(0.000987027518705948,-0.000436467024138619,0.014883703203642));
#1850=CARTESIAN_POINT('',(0.000759059526321992,-0.000777663067435962,0.014855578203642));
#1851=CARTESIAN_POINT('',(0.000417863483024649,-0.00100563105981992,0.014827453203642));
#1852=CARTESIAN_POINT('',(1.54037337869008E-5,-0.00108569538244131,0.014799328203642));
#1853=CARTESIAN_POINT('',(-0.000387056015450843,-0.00100563105981992,0.014771203203642));
#1854=CARTESIAN_POINT('',(-0.000728252058748199,-0.000777663067435961,0.014743078203642));
#1855=CARTESIAN_POINT('',(-0.000956220051132151,-0.00043646702413862,0.014714953203642));
#1856=CARTESIAN_POINT('',(-0.00103628437375355,-3.40072749008719E-5,0.014686828203642));
#1857=CARTESIAN_POINT('',(-0.000956220051132152,0.000368452474336877,0.014658703203642));
#1858=CARTESIAN_POINT('',(-0.000728252058748202,0.00070964851763422,0.014630578203642));
#1859=CARTESIAN_POINT('',(-0.000387056015450848,0.000937616510018182,0.014602453203642));
#1860=CARTESIAN_POINT('',(1.54037337868963E-5,0.00101768083263957,0.014574328203642));
#1861=CARTESIAN_POINT('',(0.000417863483024645,0.000937616510018181,0.014546203203642));
#1862=CARTESIAN_POINT('',(0.000759059526321989,0.000709648517634227,0.014518078203642));
#1863=CARTESIAN_POINT('',(0.000987027518705944,0.000368452474336885,0.014489953203642));
#1864=CARTESIAN_POINT('',(0.00106709184132734,-3.40072749008583E-5,0.014461828203642));
#1865=CARTESIAN_POINT('',(0.000987027518705948,-0.000436467024138622,0.014433703203642));
#1866=CARTESIAN_POINT('',(0.000759059526321992,-0.000777663067435961,0.014405578203642));
#1867=CARTESIAN_POINT('',(0.00041786348302465,-0.00100563105981992,0.014377453203642));
#1868=CARTESIAN_POINT('',(1.54037337869011E-5,-0.00108569538244131,0.014349328203642));
#1869=CARTESIAN_POINT('',(-0.000387056015450844,-0.00100563105981992,0.014321203203642));
#1870=CARTESIAN_POINT('',(-0.000728252058748199,-0.000777663067435961,0.014293078203642));
#1871=CARTESIAN_POINT('',(-0.000956220051132151,-0.00043646702413862,0.014264953203642));
#1872=CARTESIAN_POINT('',(-0.00103628437375355,-3.40072749008723E-5,0.014236828203642));
#1873=CARTESIAN_POINT('',(-0.000956220051132153,0.000368452474336877,0.014208703203642));
#1874=CARTESIAN_POINT('',(-0.0007282520587482,0.000709648517634221,0.014180578203642));
#1875=CARTESIAN_POINT('',(-0.000387056015450858,0.000937616510018179,0.014152453203642));
#1876=CARTESIAN_POINT('',(1.54037337868907E-5,0.00101768083263957,0.014124328203642));
#1877=CARTESIAN_POINT('',(0.000417863483024632,0.000937616510018189,0.014096203203642));
#1878=CARTESIAN_POINT('',(0.000759059526321999,0.000709648517634219,0.014068078203642));
#1879=CARTESIAN_POINT('',(0.000987027518705949,0.000368452474336878,0.014039953203642));
#1880=CARTESIAN_POINT('',(0.00106709184132734,-3.40072749008704E-5,0.014011828203642));
#1881=CARTESIAN_POINT('',(0.000987027518705948,-0.000436467024138618,0.013983703203642));
#1882=CARTESIAN_POINT('',(0.000759059526321992,-0.000777663067435962,0.013955578203642));
#1883=CARTESIAN_POINT('',(0.00041786348302465,-0.00100563105981992,0.013927453203642));
#1884=CARTESIAN_POINT('',(1.54037337869021E-5,-0.00108569538244131,0.013899328203642));
#1885=CARTESIAN_POINT('',(-0.000387056015450846,-0.00100563105981992,0.013871203203642));
#1886=CARTESIAN_POINT('',(-0.000728252058748191,-0.000777663067435967,0.013843078203642));
#1887=CARTESIAN_POINT('',(-0.000956220051132149,-0.000436467024138626,0.013814953203642));
#1888=CARTESIAN_POINT('',(-0.00103628437375355,-3.40072749008882E-5,0.013786828203642));
#1889=CARTESIAN_POINT('',(-0.00095622005113215,0.00036845247433689,0.013758703203642));
#1890=CARTESIAN_POINT('',(-0.000728252058748196,0.000709648517634224,0.013730578203642));
#1891=CARTESIAN_POINT('',(-0.000387056015450852,0.000937616510018181,0.013702453203642));
#1892=CARTESIAN_POINT('',(1.54037337868964E-5,0.00101768083263957,0.013674328203642));
#1893=CARTESIAN_POINT('',(0.000417863483024645,0.000937616510018181,0.013646203203642));
#1894=CARTESIAN_POINT('',(0.000759059526321989,0.000709648517634228,0.013618078203642));
#1895=CARTESIAN_POINT('',(0.000987027518705944,0.000368452474336885,0.013589953203642));
#1896=CARTESIAN_POINT('',(0.00106709184132734,-3.40072749008609E-5,0.013561828203642));
#1897=CARTESIAN_POINT('',(0.00098702751870595,-0.000436467024138611,0.013533703203642));
#1898=CARTESIAN_POINT('',(0.000759059526322003,-0.000777663067435953,0.013505578203642));
#1899=CARTESIAN_POINT('',(0.000417863483024638,-0.00100563105981993,0.013477453203642));
#1900=CARTESIAN_POINT('',(1.54037337868963E-5,-0.00108569538244131,0.013449328203642));
#1901=CARTESIAN_POINT('',(-0.000387056015450853,-0.00100563105981992,0.013421203203642));
#1902=CARTESIAN_POINT('',(-0.000728252058748196,-0.000777663067435963,0.013393078203642));
#1903=CARTESIAN_POINT('',(-0.000956220051132151,-0.00043646702413862,0.013364953203642));
#1904=CARTESIAN_POINT('',(-0.00103628437375355,-3.40072749008728E-5,0.013336828203642));
#1905=CARTESIAN_POINT('',(-0.000956220051132153,0.000368452474336876,0.013308703203642));
#1906=CARTESIAN_POINT('',(-0.0007282520587482,0.000709648517634221,0.013280578203642));
#1907=CARTESIAN_POINT('',(-0.000387056015450858,0.000937616510018179,0.013252453203642));
#1908=CARTESIAN_POINT('',(1.54037337868902E-5,0.00101768083263957,0.013224328203642));
#1909=CARTESIAN_POINT('',(0.000417863483024632,0.000937616510018189,0.013196203203642));
#1910=CARTESIAN_POINT('',(0.000759059526321998,0.00070964851763422,0.013168078203642));
#1911=CARTESIAN_POINT('',(0.000987027518705949,0.000368452474336878,0.013139953203642));
#1912=CARTESIAN_POINT('',(0.00106709184132734,-3.40072749008697E-5,0.013111828203642));
#1913=CARTESIAN_POINT('',(0.000987027518705948,-0.000436467024138618,0.013083703203642));
#1914=CARTESIAN_POINT('',(0.000759059526321993,-0.000777663067435961,0.013055578203642));
#1915=CARTESIAN_POINT('',(0.00041786348302465,-0.00100563105981992,0.013027453203642));
#1916=CARTESIAN_POINT('',(1.54037337869026E-5,-0.00108569538244131,0.012999328203642));
#1917=CARTESIAN_POINT('',(-0.000387056015450846,-0.00100563105981992,0.012971203203642));
#1918=CARTESIAN_POINT('',(-0.000728252058748191,-0.000777663067435966,0.012943078203642));
#1919=CARTESIAN_POINT('',(-0.000956220051132149,-0.000436467024138635,0.012914953203642));
#1920=CARTESIAN_POINT('',(-0.00103628437375355,-3.40072749008575E-5,0.012886828203642));
#1921=CARTESIAN_POINT('',(-0.000956220051132151,0.000368452474336883,0.012858703203642));
#1922=CARTESIAN_POINT('',(-0.000728252058748195,0.000709648517634226,0.012830578203642));
#1923=CARTESIAN_POINT('',(-0.000387056015450852,0.00093761651001818,0.012802453203642));
#1924=CARTESIAN_POINT('',(1.5403733786896E-5,0.00101768083263957,0.012774328203642));
#1925=CARTESIAN_POINT('',(0.000417863483024645,0.000937616510018181,0.012746203203642));
#1926=CARTESIAN_POINT('',(0.000759059526321988,0.000709648517634227,0.012718078203642));
#1927=CARTESIAN_POINT('',(0.000987027518705943,0.000368452474336886,0.012689953203642));
#1928=CARTESIAN_POINT('',(0.00106709184132734,-3.40072749008603E-5,0.012661828203642));
#1929=CARTESIAN_POINT('',(0.00098702751870595,-0.00043646702413861,0.012633703203642));
#1930=CARTESIAN_POINT('',(0.000759059526322003,-0.000777663067435953,0.012605578203642));
#1931=CARTESIAN_POINT('',(0.000417863483024638,-0.00100563105981993,0.012577453203642));
#1932=CARTESIAN_POINT('',(1.54037337868968E-5,-0.00108569538244131,0.012549328203642));
#1933=CARTESIAN_POINT('',(-0.000387056015450852,-0.00100563105981992,0.012521203203642));
#1934=CARTESIAN_POINT('',(-0.000728252058748196,-0.000777663067435963,0.012493078203642));
#1935=CARTESIAN_POINT('',(-0.000956220051132151,-0.000436467024138621,0.012464953203642));
#1936=CARTESIAN_POINT('',(-0.00103628437375355,-3.40072749008735E-5,0.012436828203642));
#1937=CARTESIAN_POINT('',(-0.000956220051132153,0.000368452474336876,0.012408703203642));
#1938=CARTESIAN_POINT('',(-0.000728252058748201,0.00070964851763422,0.012380578203642));
#1939=CARTESIAN_POINT('',(-0.000387056015450859,0.000937616510018179,0.012352453203642));
#1940=CARTESIAN_POINT('',(1.54037337868897E-5,0.00101768083263957,0.012324328203642));
#1941=CARTESIAN_POINT('',(0.000417863483024632,0.000937616510018189,0.012296203203642));
#1942=CARTESIAN_POINT('',(0.000759059526321998,0.000709648517634221,0.012268078203642));
#1943=CARTESIAN_POINT('',(0.000911296874362964,0.000481797316899978,0.0122492962888263));
#1944=CARTESIAN_POINT('',(0.000962726160767231,0.000357397875682518,0.0122398893740107));
#1945=CARTESIAN_POINT('',(0.000962900359020916,0.000356975708091825,0.012239857459195));
#1946=CARTESIAN_POINT('',(0.0010404037337869,-3.40072501039734E-5,0.0126618282053749));
#1947=CARTESIAN_POINT('',(0.00104040373987435,-0.000285637187451207,0.0126442461784008));
#1948=CARTESIAN_POINT('',(0.000846565231660126,-0.000787377568349306,0.0126090821244525));
#1949=CARTESIAN_POINT('',(0.000124997854503414,-0.00115061517474446,0.0125563360435301));
#1950=CARTESIAN_POINT('',(-0.000653373996080816,-0.000934792536998165,0.0125035899626077));
#1951=CARTESIAN_POINT('',(-0.00108510570570341,-0.000252147715921551,0.0124508438816853));
#1952=CARTESIAN_POINT('',(-0.000946410765352355,0.000543565759116661,0.0123980978007628));
#1953=CARTESIAN_POINT('',(-0.000309216592736228,0.00103997862672762,0.0123453517198404));
#1954=CARTESIAN_POINT('',(0.00049634956094837,0.000979445904053847,0.012292605638918));
#1955=CARTESIAN_POINT('',(0.000866919941392959,0.000589581350359056,0.0122574415849697));
#1956=CARTESIAN_POINT('',(0.000962903719379383,0.00035697709473843,0.0122398595579956));
#1957=CARTESIAN_POINT('',(0.0010404037337869,-3.40072502239852E-5,0.012661828207091));
#1958=CARTESIAN_POINT('',(0.0010404037337869,-3.40072501039634E-5,0.0131118282053749));
#1959=CARTESIAN_POINT('',(0.00104040374027871,-0.000302351622598092,0.0130930782053749));
#1960=CARTESIAN_POINT('',(0.000818605668724694,-0.000836925995421034,0.0130555782053749));
#1961=CARTESIAN_POINT('',(1.54037612685077E-5,-0.00116998183062737,0.0129993282053749));
#1962=CARTESIAN_POINT('',(-0.000787798162295925,-0.000837190331474701,0.0129430782053749));
#1963=CARTESIAN_POINT('',(-0.00112049530845635,-3.40073023806482E-5,0.0128868282053749));
#1964=CARTESIAN_POINT('',(-0.000787798201157289,0.000769175742810685,0.0128305782053749));
#1965=CARTESIAN_POINT('',(1.5403706305294E-5,0.00110196728082563,0.0127743282053749));
#1966=CARTESIAN_POINT('',(0.00081860562987612,0.000768911484481572,0.0127180782053749));
#1967=CARTESIAN_POINT('',(0.00104040372729509,0.000234337122390152,0.0126805782053749));
#1968=CARTESIAN_POINT('',(0.0010404037337869,-3.40072501039764E-5,0.0126618282053749));
#1969=CARTESIAN_POINT('',(0.0010404037337869,-3.40072502239789E-5,0.013111828207091));
#1970=CARTESIAN_POINT('',(0.0010404037337869,-3.40072501039734E-5,0.0135618282053749));
#1971=CARTESIAN_POINT('',(0.00104040374027871,-0.000302351622598101,0.0135430782053749));
#1972=CARTESIAN_POINT('',(0.000818605668724688,-0.000836925995421039,0.0135055782053749));
#1973=CARTESIAN_POINT('',(1.54037612685026E-5,-0.00116998183062737,0.0134493282053749));
#1974=CARTESIAN_POINT('',(-0.000787798162295926,-0.000837190331474699,0.0133930782053749));
#1975=CARTESIAN_POINT('',(-0.00112049530845635,-3.40073023806494E-5,0.0133368282053749));
#1976=CARTESIAN_POINT('',(-0.00078779820115729,0.000769175742810683,0.0132805782053749));
#1977=CARTESIAN_POINT('',(1.54037063052875E-5,0.00110196728082563,0.0132243282053749));
#1978=CARTESIAN_POINT('',(0.000818605629876114,0.000768911484481577,0.0131680782053749));
#1979=CARTESIAN_POINT('',(0.00104040372729508,0.000234337122390162,0.0131305782053749));
#1980=CARTESIAN_POINT('',(0.0010404037337869,-3.40072501039654E-5,0.0131118282053749));
#1981=CARTESIAN_POINT('',(0.0010404037337869,-3.40072502239858E-5,0.013561828207091));
#1982=CARTESIAN_POINT('',(0.0010404037337869,-3.40072501039734E-5,0.0140118282053749));
#1983=CARTESIAN_POINT('',(0.00104040374027871,-0.000302351622598102,0.0139930782053749));
#1984=CARTESIAN_POINT('',(0.000818605668724688,-0.000836925995421041,0.0139555782053749));
#1985=CARTESIAN_POINT('',(1.54037612684981E-5,-0.00116998183062737,0.0138993282053749));
#1986=CARTESIAN_POINT('',(-0.000787798162295929,-0.000837190331474695,0.0138430782053749));
#1987=CARTESIAN_POINT('',(-0.00112049530845635,-3.40073023806435E-5,0.0137868282053749));
#1988=CARTESIAN_POINT('',(-0.000787798201157286,0.000769175742810688,0.0137305782053749));
#1989=CARTESIAN_POINT('',(1.54037063052971E-5,0.00110196728082563,0.0136743282053749));
#1990=CARTESIAN_POINT('',(0.000818605629876121,0.00076891148448157,0.0136180782053749));
#1991=CARTESIAN_POINT('',(0.00104040372729509,0.000234337122390152,0.0135805782053749));
#1992=CARTESIAN_POINT('',(0.0010404037337869,-3.40072501039764E-5,0.0135618282053749));
#1993=CARTESIAN_POINT('',(0.0010404037337869,-3.40072502239835E-5,0.014011828207091));
#1994=CARTESIAN_POINT('',(0.0010404037337869,-3.40072501039684E-5,0.0144618282053749));
#1995=CARTESIAN_POINT('',(0.00104040374027871,-0.000302351622598096,0.0144430782053749));
#1996=CARTESIAN_POINT('',(0.000818605668724692,-0.000836925995421036,0.0144055782053749));
#1997=CARTESIAN_POINT('',(1.54037612685067E-5,-0.00116998183062737,0.0143493282053749));
#1998=CARTESIAN_POINT('',(-0.000787798162295924,-0.000837190331474701,0.0142930782053749));
#1999=CARTESIAN_POINT('',(-0.00112049530845635,-3.40073023806512E-5,0.0142368282053749));
#2000=CARTESIAN_POINT('',(-0.000787798201157292,0.000769175742810681,0.0141805782053749));
#2001=CARTESIAN_POINT('',(1.54037063052873E-5,0.00110196728082563,0.0141243282053749));
#2002=CARTESIAN_POINT('',(0.000818605629876112,0.000768911484481579,0.0140680782053749));
#2003=CARTESIAN_POINT('',(0.00104040372729508,0.000234337122390163,0.0140305782053749));
#2004=CARTESIAN_POINT('',(0.0010404037337869,-3.40072501039654E-5,0.0140118282053749));
#2005=CARTESIAN_POINT('',(0.0010404037337869,-3.40072502239827E-5,0.014461828207091));
#2006=CARTESIAN_POINT('',(0.0010404037337869,-3.40072499044007E-5,0.0149118282053889));
#2007=CARTESIAN_POINT('',(0.00104040374033096,-0.000302351622406844,0.0148930782053883));
#2008=CARTESIAN_POINT('',(0.000818605668866578,-0.000836925995289261,0.0148555782053872));
#2009=CARTESIAN_POINT('',(1.54037614343917E-5,-0.0011699818306346,0.0147993282053854));
#2010=CARTESIAN_POINT('',(-0.000787798162203294,-0.000837190331577544,0.0147430782053836));
#2011=CARTESIAN_POINT('',(-0.00112049530846357,-3.40073024912319E-5,0.0146868282053819));
#2012=CARTESIAN_POINT('',(-0.000787798201221042,0.00076917574275714,0.0146305782053802));
#2013=CARTESIAN_POINT('',(1.54037062499978E-5,0.00110196728083286,0.0145743282053784));
#2014=CARTESIAN_POINT('',(0.000818605629861669,0.000768911484506188,0.0145180782053767));
#2015=CARTESIAN_POINT('',(0.00104040372729508,0.000234337122398478,0.0144805782053755));
#2016=CARTESIAN_POINT('',(0.0010404037337869,-3.40072501039654E-5,0.0144618282053749));
#2017=CARTESIAN_POINT('',(0.0010404037337869,-3.40072500253783E-5,0.0149118282071188));
#2018=CARTESIAN_POINT('',(0.0010404037337869,-3.40072749008558E-5,0.015361828203642));
#2019=CARTESIAN_POINT('',(0.0010404037337869,-0.000302351646353465,0.0153430782037148));
#2020=CARTESIAN_POINT('',(0.000818605651109313,-0.000836926011769841,0.0153055782038604));
#2021=CARTESIAN_POINT('',(1.54037407121351E-5,-0.00116998182972141,0.0152493282040787));
#2022=CARTESIAN_POINT('',(-0.000787798173741702,-0.000837190318749724,0.0151930782042971));
#2023=CARTESIAN_POINT('',(-0.00112049530755203,-3.4007288751348E-5,0.0151368282045154));
#2024=CARTESIAN_POINT('',(-0.000787798193328776,0.000769175749360452,0.0150805782047338));
#2025=CARTESIAN_POINT('',(1.54037130093345E-5,0.00110196727991967,0.0150243282049522));
#2026=CARTESIAN_POINT('',(0.000818605631528684,0.000768911481555638,0.0149680782051705));
#2027=CARTESIAN_POINT('',(0.00104040372724284,0.00023433712154821,0.0149305782053161));
#2028=CARTESIAN_POINT('',(0.0010404037337869,-3.40072499043986E-5,0.0149118282053889));
#2029=CARTESIAN_POINT('',(0.0010404037337869,-3.40072749008621E-5,0.015361828203642));
#2030=CARTESIAN_POINT('',(0.0010404037337869,-3.40072749008608E-5,0.015811828203642));
#2031=CARTESIAN_POINT('',(0.0010404037337869,-0.000302351647394989,0.015793078203642));
#2032=CARTESIAN_POINT('',(0.000818605649300409,-0.00083692601485217,0.015755578203642));
#2033=CARTESIAN_POINT('',(1.54037337869084E-5,-0.00116998183062737,0.015699328203642));
#2034=CARTESIAN_POINT('',(-0.000787798181726601,-0.000837190312043567,0.015643078203642));
#2035=CARTESIAN_POINT('',(-0.00112049530845635,-3.40072749008799E-5,0.015586828203642));
#2036=CARTESIAN_POINT('',(-0.000787798181726616,0.000769175762241816,0.015530578203642));
#2037=CARTESIAN_POINT('',(1.5403733786889E-5,0.00110196728082563,0.015474328203642));
#2038=CARTESIAN_POINT('',(0.000818605649300393,0.000768911465050447,0.015418078203642));
#2039=CARTESIAN_POINT('',(0.0010404037337869,0.000234337097593268,0.015380578203642));
#2040=CARTESIAN_POINT('',(0.0010404037337869,-3.40072749008596E-5,0.015361828203642));
#2041=CARTESIAN_POINT('',(0.0010404037337869,-3.40072749008645E-5,0.015811828203642));
#2042=CARTESIAN_POINT('',(0.0010404037337869,-3.40072749008508E-5,0.016261828203642));
#2043=CARTESIAN_POINT('',(0.0010404037337869,-0.000302351647394979,0.016243078203642));
#2044=CARTESIAN_POINT('',(0.000818605649300416,-0.000836926014852162,0.016205578203642));
#2045=CARTESIAN_POINT('',(1.54037337869161E-5,-0.00116998183062737,0.016149328203642));
#2046=CARTESIAN_POINT('',(-0.000787798181726596,-0.000837190312043572,0.016093078203642));
#2047=CARTESIAN_POINT('',(-0.00112049530845635,-3.40072749008847E-5,0.016036828203642));
#2048=CARTESIAN_POINT('',(-0.000787798181726618,0.000769175762241813,0.015980578203642));
#2049=CARTESIAN_POINT('',(1.5403733786886E-5,0.00110196728082563,0.015924328203642));
#2050=CARTESIAN_POINT('',(0.000818605649300392,0.000768911465050449,0.015868078203642));
#2051=CARTESIAN_POINT('',(0.0010404037337869,0.000234337097593269,0.015830578203642));
#2052=CARTESIAN_POINT('',(0.0010404037337869,-3.40072749008596E-5,0.015811828203642));
#2053=CARTESIAN_POINT('',(0.0010404037337869,-3.4007274900861E-5,0.016261828203642));
#2054=CARTESIAN_POINT('',(0.0010404037337869,-3.40072749008558E-5,0.016711828203642));
#2055=CARTESIAN_POINT('',(0.0010404037337869,-0.000302351647394984,0.016693078203642));
#2056=CARTESIAN_POINT('',(0.000818605649300413,-0.000836926014852165,0.016655578203642));
#2057=CARTESIAN_POINT('',(1.54037337869138E-5,-0.00116998183062737,0.016599328203642));
#2058=CARTESIAN_POINT('',(-0.000787798181726595,-0.000837190312043573,0.016543078203642));
#2059=CARTESIAN_POINT('',(-0.00112049530845635,-3.40072749008876E-5,0.016486828203642));
#2060=CARTESIAN_POINT('',(-0.000787798181726621,0.000769175762241809,0.016430578203642));
#2061=CARTESIAN_POINT('',(1.54037337868753E-5,0.00110196728082563,0.016374328203642));
#2062=CARTESIAN_POINT('',(0.000818605649300388,0.000768911465050453,0.016318078203642));
#2063=CARTESIAN_POINT('',(0.00104040373378689,0.000234337097593279,0.016280578203642));
#2064=CARTESIAN_POINT('',(0.0010404037337869,-3.40072749008487E-5,0.016261828203642));
#2065=CARTESIAN_POINT('',(0.0010404037337869,-3.40072749008625E-5,0.016711828203642));
#2066=CARTESIAN_POINT('',(0.0010404037337869,-3.40072749008558E-5,0.017161828203642));
#2067=CARTESIAN_POINT('',(0.0010404037337869,-0.000302351647394984,0.017143078203642));
#2068=CARTESIAN_POINT('',(0.000818605649300413,-0.000836926014852166,0.017105578203642));
#2069=CARTESIAN_POINT('',(1.5403733786912E-5,-0.00116998183062737,0.017049328203642));
#2070=CARTESIAN_POINT('',(-0.000787798181726598,-0.00083719031204357,0.016993078203642));
#2071=CARTESIAN_POINT('',(-0.00112049530845635,-3.40072749008813E-5,0.016936828203642));
#2072=CARTESIAN_POINT('',(-0.000787798181726617,0.000769175762241814,0.016880578203642));
#2073=CARTESIAN_POINT('',(1.54037337868863E-5,0.00110196728082563,0.016824328203642));
#2074=CARTESIAN_POINT('',(0.000818605649300394,0.000768911465050446,0.016768078203642));
#2075=CARTESIAN_POINT('',(0.0010404037337869,0.000234337097593269,0.016730578203642));
#2076=CARTESIAN_POINT('',(0.0010404037337869,-3.40072749008596E-5,0.016711828203642));
#2077=CARTESIAN_POINT('',(0.0010404037337869,-3.40072749008635E-5,0.017161828203642));
#2078=CARTESIAN_POINT('',(0.0010404037337869,-3.40072749008558E-5,0.0176118282036421));
#2079=CARTESIAN_POINT('',(0.0010404037337869,-0.000302351647394984,0.0175930782036421));
#2080=CARTESIAN_POINT('',(0.000818605649300413,-0.000836926014852166,0.0175555782036421));
#2081=CARTESIAN_POINT('',(1.5403733786912E-5,-0.00116998183062737,0.0174993282036421));
#2082=CARTESIAN_POINT('',(-0.000787798181726598,-0.00083719031204357,0.0174430782036421));
#2083=CARTESIAN_POINT('',(-0.00112049530845635,-3.40072749008813E-5,0.017386828203642));
#2084=CARTESIAN_POINT('',(-0.000787798181726617,0.000769175762241814,0.017330578203642));
#2085=CARTESIAN_POINT('',(1.54037337868863E-5,0.00110196728082563,0.017274328203642));
#2086=CARTESIAN_POINT('',(0.000818605649300394,0.000768911465050446,0.017218078203642));
#2087=CARTESIAN_POINT('',(0.0010404037337869,0.000234337097593269,0.017180578203642));
#2088=CARTESIAN_POINT('',(0.0010404037337869,-3.40072749008596E-5,0.017161828203642));
#2089=CARTESIAN_POINT('',(0.0010404037337869,-3.40072749008634E-5,0.0176118282036421));
#2090=CARTESIAN_POINT('',(0.000681433515552297,-0.000813128144728866,0.0180000000000018));
#2091=CARTESIAN_POINT('',(0.000505492092288356,-0.000963531287909778,0.0179838261751535));
#2092=CARTESIAN_POINT('',(4.85165762679476E-5,-0.00113987532276726,0.0179514785254568));
#2093=CARTESIAN_POINT('',(-0.00065213245786554,-0.000916445156836654,0.0179029570509119));
#2094=CARTESIAN_POINT('',(-0.00105780249205259,-0.000303143847207426,0.0178544355763669));
#2095=CARTESIAN_POINT('',(-0.000989513028115146,0.000428995582931983,0.017805914101822));
#2096=CARTESIAN_POINT('',(-0.000477374205790804,0.000956636959927721,0.017757392627277));
#2097=CARTESIAN_POINT('',(0.000252405476319771,0.00104679398188853,0.017708871152732));
#2098=CARTESIAN_POINT('',(0.000877510089513655,0.00065939969870447,0.0176603496781871));
#2099=CARTESIAN_POINT('',(0.0010404037337869,0.000197458683500887,0.0176280020284904));
#2100=CARTESIAN_POINT('',(0.0010404037337869,-3.40072749008596E-5,0.0176118282036421));
#2101=CARTESIAN_POINT('',(0.000681433515552398,-0.000813128144728779,0.018));
#2102=CARTESIAN_POINT('',(0.000681433515551826,-0.000813128144728252,0.0180000000000013));
#2103=CARTESIAN_POINT('',(0.000655260029463453,-0.000841588774490803,0.0180000000000013));
#2104=CARTESIAN_POINT('',(0.000627344897323213,-0.000868678488123716,0.0180000000000012));
#2105=CARTESIAN_POINT('',(0.000597952344523809,-0.000894151347024209,0.018000000000001));
#2106=CARTESIAN_POINT('',(0.000568834344942475,-0.000919386266218264,0.0180000000000008));
#2107=CARTESIAN_POINT('',(0.000538267106083531,-0.000943033757356943,0.0180000000000005));
#2108=CARTESIAN_POINT('',(0.000506542638610385,-0.000964890990008694,0.0180000000000003));
#2109=CARTESIAN_POINT('',(0.000479344394341284,-0.000983629786907715,0.018));
#2110=CARTESIAN_POINT('',(0.000451296396785529,-0.00100105308764803,0.018));
#2111=CARTESIAN_POINT('',(0.000422597441267202,-0.00101705984601287,0.018));
#2112=CARTESIAN_POINT('',(0.000421203291741478,-0.00101783742882659,0.018));
#2113=CARTESIAN_POINT('',(0.000419807608099865,-0.00101861167420778,0.018));
#2114=CARTESIAN_POINT('',(0.000418410416097397,-0.001019382577983,0.018));
#2115=CARTESIAN_POINT('',(0.000384021180587361,-0.00103835691467732,0.018));
#2116=CARTESIAN_POINT('',(0.000348412390530505,-0.00105547061305848,0.018));
#2117=CARTESIAN_POINT('',(0.000311911068952142,-0.00107059039194074,0.018));
#2118=CARTESIAN_POINT('',(0.000275464073997742,-0.00108568766734898,0.018));
#2119=CARTESIAN_POINT('',(0.000238128066524534,-0.00109879657547059,0.018));
#2120=CARTESIAN_POINT('',(0.000200251467891448,-0.00110983093121305,0.018));
#2121=CARTESIAN_POINT('',(0.000169961050924819,-0.00111865525146511,0.018));
#2122=CARTESIAN_POINT('',(0.00013932552199019,-0.00112615364469279,0.018));
#2123=CARTESIAN_POINT('',(0.000108527892049508,-0.00113230578232753,0.018));
#2124=CARTESIAN_POINT('',(0.00010157256614485,-0.00113369517892533,0.018));
#2125=CARTESIAN_POINT('',(9.46112144494304E-5,-0.00113501560266229,0.018));
#2126=CARTESIAN_POINT('',(8.76387289676404E-5,-0.0011362682645049,0.018));
#2127=CARTESIAN_POINT('',(6.37376032659323E-5,-0.0011405622896757,0.018));
#2128=CARTESIAN_POINT('',(3.963377080279E-5,-0.0011440719020678,0.018));
#2129=CARTESIAN_POINT('',(1.54037337869311E-5,-0.00114677340070366,0.018));
#2130=CARTESIAN_POINT('',(-2.4789230685635E-5,-0.00115125466660608,0.018));
#2131=CARTESIAN_POINT('',(-6.53295550299163E-5,-0.00115350945628137,0.018));
#2132=CARTESIAN_POINT('',(-0.000105859585387648,-0.00115356370389361,0.018));
#2133=CARTESIAN_POINT('',(-0.000146221144486373,-0.00115361772601469,0.018));
#2134=CARTESIAN_POINT('',(-0.00018657156891095,-0.00115148950990669,0.018));
#2135=CARTESIAN_POINT('',(-0.000226559326751836,-0.00114725604618959,0.018));
#2136=CARTESIAN_POINT('',(-0.000238423923547654,-0.00114599995325603,0.018));
#2137=CARTESIAN_POINT('',(-0.000250256655556396,-0.00114455886808316,0.018));
#2138=CARTESIAN_POINT('',(-0.000262048554311685,-0.00114293566284749,0.018));
#2139=CARTESIAN_POINT('',(-0.000270208461401197,-0.00114181241677957,0.018));
#2140=CARTESIAN_POINT('',(-0.000278347048471394,-0.00114060237147644,0.018));
#2141=CARTESIAN_POINT('',(-0.00028648280778154,-0.00113930280959881,0.018));
#2142=CARTESIAN_POINT('',(-0.000327194072386905,-0.00113279981394047,0.018));
#2143=CARTESIAN_POINT('',(-0.000367715108952725,-0.00112406628802362,0.018));
#2144=CARTESIAN_POINT('',(-0.000407683744736563,-0.00111314198423594,0.018));
#2145=CARTESIAN_POINT('',(-0.000414832123678587,-0.00111118817566528,0.018));
#2146=CARTESIAN_POINT('',(-0.00042196284686905,-0.00110916442399665,0.018));
#2147=CARTESIAN_POINT('',(-0.000429073868974573,-0.0011070711316587,0.018));
#2148=CARTESIAN_POINT('',(-0.000468856480245426,-0.00109536020823291,0.018));
#2149=CARTESIAN_POINT('',(-0.000508020953543349,-0.00108146885016696,0.018));
#2150=CARTESIAN_POINT('',(-0.000546254125266682,-0.0010655814334626,0.018));
#2151=CARTESIAN_POINT('',(-0.00056161447534968,-0.0010591985917706,0.018));
#2152=CARTESIAN_POINT('',(-0.000576824731536606,-0.00105249411693615,0.018));
#2153=CARTESIAN_POINT('',(-0.000591865678283576,-0.00104548206959835,0.018));
#2154=CARTESIAN_POINT('',(-0.00060115346470417,-0.00104115212952608,0.018));
#2155=CARTESIAN_POINT('',(-0.000610376706341163,-0.00103670493303337,0.018));
#2156=CARTESIAN_POINT('',(-0.000619531030992575,-0.00103214400434719,0.018));
#2157=CARTESIAN_POINT('',(-0.000627159513556525,-0.00102834329088303,0.018));
#2158=CARTESIAN_POINT('',(-0.000634738461627788,-0.00102446461944582,0.018));
#2159=CARTESIAN_POINT('',(-0.000642285209264377,-0.00102049930585701,0.018));
#2160=CARTESIAN_POINT('',(-0.000680352173382349,-0.0010004976498629,0.018));
#2161=CARTESIAN_POINT('',(-0.000717485626482799,-0.000978342283638045,0.018));
#2162=CARTESIAN_POINT('',(-0.00075335098737983,-0.000954204735633742,0.018));
#2163=CARTESIAN_POINT('',(-0.000783288695413481,-0.000934056524470449,0.018));
#2164=CARTESIAN_POINT('',(-0.000812342817041681,-0.0009125281892704,0.018));
#2165=CARTESIAN_POINT('',(-0.000840332638658744,-0.000889743647346456,0.018));
#2166=CARTESIAN_POINT('',(-0.000866047093849056,-0.000868811320933276,0.018));
#2167=CARTESIAN_POINT('',(-0.00089086328789926,-0.000846819165067294,0.018));
#2168=CARTESIAN_POINT('',(-0.000914684835756811,-0.000823907980246525,0.018));
#2169=CARTESIAN_POINT('',(-0.000921652860200332,-0.000817206245463555,0.018));
#2170=CARTESIAN_POINT('',(-0.000928535870117268,-0.000810425952703249,0.018));
#2171=CARTESIAN_POINT('',(-0.000935331683358263,-0.000803570803073602,0.018));
#2172=CARTESIAN_POINT('',(-0.000940919009087082,-0.000797934692641729,0.018));
#2173=CARTESIAN_POINT('',(-0.000946447158395781,-0.00079224836269436,0.018));
#2174=CARTESIAN_POINT('',(-0.00095192537642334,-0.000786502601295186,0.018));
#2175=CARTESIAN_POINT('',(-0.000981007962226322,-0.000755999689937093,0.018));
#2176=CARTESIAN_POINT('',(-0.00100860609434452,-0.000723892720446394,0.018));
#2177=CARTESIAN_POINT('',(-0.0010344954325488,-0.000690451308060441,0.018));
#2178=CARTESIAN_POINT('',(-0.00105863186212966,-0.000659274138185753,0.018));
#2179=CARTESIAN_POINT('',(-0.00108128295206236,-0.000626937931800441,0.018));
#2180=CARTESIAN_POINT('',(-0.00110229879233306,-0.000593686703768357,0.018));
#2181=CARTESIAN_POINT('',(-0.00110229879233306,-0.00059368670376836,0.018));
#2182=CARTESIAN_POINT('',(0.0012654037337869,-3.40072523572714E-5,0.0177417320155015));
#2183=CARTESIAN_POINT('',(0.00126540372701286,0.000341600334288962,0.0177632543475432));
#2184=CARTESIAN_POINT('',(0.00090334277003791,0.00108750984562878,0.0178062990116266));
#2185=CARTESIAN_POINT('',(-0.000313880082047799,0.001359015321508,0.0178708660077516));
#2186=CARTESIAN_POINT('',(-0.00128070968940495,0.000571241746545181,0.0179354330038767));
#2187=CARTESIAN_POINT('',(-0.00127047466399418,-0.000257832665029351,0.0179784776679601));
#2188=CARTESIAN_POINT('',(-0.00110229879233583,-0.000593686703769636,0.0180000000000018));
#2189=CARTESIAN_POINT('',(0.0012654037337869,-3.40072524307604E-5,0.017741732016785));
#2190=CARTESIAN_POINT('',(0.0012654037337869,-3.40072749008717E-5,0.0172917320142097));
#2191=CARTESIAN_POINT('',(0.0012654037337869,0.000293241960787382,0.0173104820142635));
#2192=CARTESIAN_POINT('',(0.000994918263269534,0.000945161922941561,0.0173479820143712));
#2193=CARTESIAN_POINT('',(1.54037275412382E-5,0.0013513275499729,0.0174042320145327));
#2194=CARTESIAN_POINT('',(-0.000964110804528483,0.000945484227761642,0.0174604820146941));
#2195=CARTESIAN_POINT('',(-0.00136983900147166,-3.40072873922088E-5,0.0175167320148556));
#2196=CARTESIAN_POINT('',(-0.000964110786863476,-0.0010134987952288,0.0175729820150171));
#2197=CARTESIAN_POINT('',(1.54037525255786E-5,-0.00141934209977463,0.0176292320151786));
#2198=CARTESIAN_POINT('',(0.000994918280928727,-0.00101317645507788,0.01768548201534));
#2199=CARTESIAN_POINT('',(0.0012654037396888,-0.000361256488045526,0.0177229820154477));
#2200=CARTESIAN_POINT('',(0.0012654037337869,-3.40072523572728E-5,0.0177417320155015));
#2201=CARTESIAN_POINT('',(0.0012654037337869,-3.40072749008698E-5,0.0172917320142097));
#2202=CARTESIAN_POINT('',(0.0012654037337869,-3.40072749008717E-5,0.0168417320142097));
#2203=CARTESIAN_POINT('',(0.0012654037337869,0.000293241959848065,0.0168604820142097));
#2204=CARTESIAN_POINT('',(0.00099491826490093,0.000945161920161699,0.0168979820142097));
#2205=CARTESIAN_POINT('',(1.54037337869013E-5,0.00135132754915584,0.0169542320142097));
#2206=CARTESIAN_POINT('',(-0.000964110797327131,0.000945484233809733,0.0170104820142097));
#2207=CARTESIAN_POINT('',(-0.00136983900065609,-3.40072749008655E-5,0.0170667320142097));
#2208=CARTESIAN_POINT('',(-0.000964110797327136,-0.00101349878361147,0.0171229820142097));
#2209=CARTESIAN_POINT('',(1.5403733786894E-5,-0.00141934209895758,0.0171792320142097));
#2210=CARTESIAN_POINT('',(0.000994918264900925,-0.00101317646996344,0.0172354820142097));
#2211=CARTESIAN_POINT('',(0.0012654037337869,-0.00036125650964981,0.0172729820142097));
#2212=CARTESIAN_POINT('',(0.0012654037337869,-3.40072749008731E-5,0.0172917320142097));
#2213=CARTESIAN_POINT('',(0.0012654037337869,-3.40072749008706E-5,0.0168417320142097));
#2214=CARTESIAN_POINT('',(0.0012654037337869,-3.40072523795647E-5,0.0163917320155003));
#2215=CARTESIAN_POINT('',(0.00126540372789083,0.000293241981430984,0.0164104820154465));
#2216=CARTESIAN_POINT('',(0.000994918248888977,0.000945161935032543,0.016447982015339));
#2217=CARTESIAN_POINT('',(1.54037150667473E-5,0.00135132754833959,0.0165042320151777));
#2218=CARTESIAN_POINT('',(-0.000964110807780443,0.000945484222203885,0.0165604820150163));
#2219=CARTESIAN_POINT('',(-0.00136983899984132,-3.40072873798563E-5,0.016616732014855));
#2220=CARTESIAN_POINT('',(-0.000964110790132905,-0.00101349878965358,0.0166729820146937));
#2221=CARTESIAN_POINT('',(1.54037400263807E-5,-0.00141934209814133,0.0167292320145324));
#2222=CARTESIAN_POINT('',(0.000994918266530708,-0.00101317646718633,0.016785482014371));
#2223=CARTESIAN_POINT('',(0.0012654037337869,-0.000361256508711422,0.0168229820142635));
#2224=CARTESIAN_POINT('',(0.0012654037337869,-3.40072749008731E-5,0.0168417320142097));
#2225=CARTESIAN_POINT('',(0.0012654037337869,-3.40072524529673E-5,0.0163917320167824));
#2226=CARTESIAN_POINT('',(0.0012654037337869,-3.40072749008717E-5,0.0159417320142097));
#2227=CARTESIAN_POINT('',(0.0012654037337869,0.000293241960786453,0.0159604820142635));
#2228=CARTESIAN_POINT('',(0.000994918263271148,0.000945161922938811,0.015997982014371));
#2229=CARTESIAN_POINT('',(1.54037275474144E-5,0.00135132754997209,0.0160542320145324));
#2230=CARTESIAN_POINT('',(-0.000964110804521361,0.000945484227767624,0.0161104820146937));
#2231=CARTESIAN_POINT('',(-0.00136983900147086,-3.40072873798559E-5,0.016166732014855));
#2232=CARTESIAN_POINT('',(-0.000964110786873824,-0.00101349879521731,0.0162229820150163));
#2233=CARTESIAN_POINT('',(1.54037525070474E-5,-0.00141934209977383,0.0162792320151776));
#2234=CARTESIAN_POINT('',(0.000994918280912877,-0.0010131764550926,0.016335482015339));
#2235=CARTESIAN_POINT('',(0.00126540373968296,-0.000361256488066891,0.0163729820154465));
#2236=CARTESIAN_POINT('',(0.0012654037337869,-3.40072523795667E-5,0.0163917320155003));
#2237=CARTESIAN_POINT('',(0.0012654037337869,-3.40072749008693E-5,0.0159417320142097));
#2238=CARTESIAN_POINT('',(0.0012654037337869,-3.400725215409E-5,0.0154917320155132));
#2239=CARTESIAN_POINT('',(0.0012654037278318,0.000293241981647064,0.0155104820154589));
#2240=CARTESIAN_POINT('',(0.000994918248728671,0.000945161935181426,0.0155479820153503));
#2241=CARTESIAN_POINT('',(1.54037148793257E-5,0.00135132754833142,0.0156042320151873));
#2242=CARTESIAN_POINT('',(-0.000964110807885099,0.00094548422208769,0.0156604820150244));
#2243=CARTESIAN_POINT('',(-0.00136983899983316,-3.40072875047948E-5,0.0157167320148615));
#2244=CARTESIAN_POINT('',(-0.000964110790060876,-0.00101349878971407,0.0157729820146985));
#2245=CARTESIAN_POINT('',(1.54037400888533E-5,-0.00141934209813316,0.0158292320145356));
#2246=CARTESIAN_POINT('',(0.000994918266547029,-0.00101317646715852,0.0158854820143726));
#2247=CARTESIAN_POINT('',(0.0012654037337869,-0.000361256508702021,0.015922982014264));
#2248=CARTESIAN_POINT('',(0.0012654037337869,-3.40072749008665E-5,0.0159417320142097));
#2249=CARTESIAN_POINT('',(0.0012654037337869,-3.40072522282327E-5,0.0154917320168082));
#2250=CARTESIAN_POINT('',(0.0012654037337869,-3.40072749008778E-5,0.0150417320142097));
#2251=CARTESIAN_POINT('',(0.0012654037337869,0.000293241960795842,0.015060482014264));
#2252=CARTESIAN_POINT('',(0.000994918263254835,0.000945161922966611,0.0150979820143726));
#2253=CARTESIAN_POINT('',(1.54037274849516E-5,0.00135132754998026,0.0151542320145356));
#2254=CARTESIAN_POINT('',(-0.000964110804593384,0.000945484227707136,0.0152104820146985));
#2255=CARTESIAN_POINT('',(-0.00136983900147902,-3.40072875047874E-5,0.0152667320148614));
#2256=CARTESIAN_POINT('',(-0.000964110786769171,-0.00101349879533351,0.0153229820150244));
#2257=CARTESIAN_POINT('',(1.54037526944639E-5,-0.001419342099782,0.0153792320151873));
#2258=CARTESIAN_POINT('',(0.000994918281073183,-0.00101317645494372,0.0154354820153503));
#2259=CARTESIAN_POINT('',(0.00126540373974199,-0.000361256487850812,0.0154729820154589));
#2260=CARTESIAN_POINT('',(0.0012654037337869,-3.4007252154092E-5,0.0154917320155132));
#2261=CARTESIAN_POINT('',(0.0012654037337869,-3.40072749008723E-5,0.0150417320142097));
#2262=CARTESIAN_POINT('',(0.0012654037337869,-3.40072749008778E-5,0.0145917320142097));
#2263=CARTESIAN_POINT('',(0.0012654037337869,0.000293241959848059,0.0146104820142097));
#2264=CARTESIAN_POINT('',(0.000994918264900935,0.000945161920161694,0.0146479820142097));
#2265=CARTESIAN_POINT('',(1.5403733786906E-5,0.00135132754915584,0.0147042320142097));
#2266=CARTESIAN_POINT('',(-0.000964110797327128,0.000945484233809736,0.0147604820142097));
#2267=CARTESIAN_POINT('',(-0.00136983900065609,-3.4007274900862E-5,0.0148167320142097));
#2268=CARTESIAN_POINT('',(-0.000964110797327138,-0.00101349878361146,0.0148729820142097));
#2269=CARTESIAN_POINT('',(1.5403733786892E-5,-0.00141934209895758,0.0149292320142097));
#2270=CARTESIAN_POINT('',(0.000994918264900924,-0.00101317646996344,0.0149854820142097));
#2271=CARTESIAN_POINT('',(0.0012654037337869,-0.00036125650964981,0.0150229820142097));
#2272=CARTESIAN_POINT('',(0.0012654037337869,-3.40072749008731E-5,0.0150417320142097));
#2273=CARTESIAN_POINT('',(0.0012654037337869,-3.40072749008729E-5,0.0145917320142097));
#2274=CARTESIAN_POINT('',(0.0012654037337869,-3.40072749008778E-5,0.0141417320142097));
#2275=CARTESIAN_POINT('',(0.0012654037337869,0.000293241959848059,0.0141604820142097));
#2276=CARTESIAN_POINT('',(0.000994918264900935,0.000945161920161694,0.0141979820142097));
#2277=CARTESIAN_POINT('',(1.5403733786906E-5,0.00135132754915584,0.0142542320142097));
#2278=CARTESIAN_POINT('',(-0.000964110797327128,0.000945484233809736,0.0143104820142097));
#2279=CARTESIAN_POINT('',(-0.00136983900065609,-3.4007274900862E-5,0.0143667320142097));
#2280=CARTESIAN_POINT('',(-0.000964110797327138,-0.00101349878361146,0.0144229820142097));
#2281=CARTESIAN_POINT('',(1.5403733786892E-5,-0.00141934209895758,0.0144792320142097));
#2282=CARTESIAN_POINT('',(0.000994918264900924,-0.00101317646996344,0.0145354820142097));
#2283=CARTESIAN_POINT('',(0.0012654037337869,-0.00036125650964981,0.0145729820142097));
#2284=CARTESIAN_POINT('',(0.0012654037337869,-3.40072749008731E-5,0.0145917320142097));
#2285=CARTESIAN_POINT('',(0.0012654037337869,-3.40072749008729E-5,0.0141417320142097));
#2286=CARTESIAN_POINT('',(0.0012654037337869,-3.40072749008717E-5,0.0136917320142097));
#2287=CARTESIAN_POINT('',(0.0012654037337869,0.000293241959848065,0.0137104820142097));
#2288=CARTESIAN_POINT('',(0.00099491826490093,0.000945161920161699,0.0137479820142097));
#2289=CARTESIAN_POINT('',(1.54037337869013E-5,0.00135132754915584,0.0138042320142097));
#2290=CARTESIAN_POINT('',(-0.000964110797327131,0.000945484233809733,0.0138604820142097));
#2291=CARTESIAN_POINT('',(-0.00136983900065609,-3.40072749008655E-5,0.0139167320142097));
#2292=CARTESIAN_POINT('',(-0.000964110797327136,-0.00101349878361147,0.0139729820142097));
#2293=CARTESIAN_POINT('',(1.5403733786894E-5,-0.00141934209895758,0.0140292320142097));
#2294=CARTESIAN_POINT('',(0.000994918264900925,-0.00101317646996344,0.0140854820142097));
#2295=CARTESIAN_POINT('',(0.0012654037337869,-0.00036125650964981,0.0141229820142097));
#2296=CARTESIAN_POINT('',(0.0012654037337869,-3.40072749008731E-5,0.0141417320142097));
#2297=CARTESIAN_POINT('',(0.0012654037337869,-3.40072749008701E-5,0.0136917320142097));
#2298=CARTESIAN_POINT('',(0.0012654037337869,-3.40072749008778E-5,0.0132417320142097));
#2299=CARTESIAN_POINT('',(0.0012654037337869,0.000293241959848059,0.0132604820142097));
#2300=CARTESIAN_POINT('',(0.000994918264900935,0.000945161920161694,0.0132979820142097));
#2301=CARTESIAN_POINT('',(1.5403733786906E-5,0.00135132754915584,0.0133542320142097));
#2302=CARTESIAN_POINT('',(-0.000964110797327128,0.000945484233809736,0.0134104820142097));
#2303=CARTESIAN_POINT('',(-0.00136983900065609,-3.4007274900862E-5,0.0134667320142097));
#2304=CARTESIAN_POINT('',(-0.000964110797327138,-0.00101349878361146,0.0135229820142097));
#2305=CARTESIAN_POINT('',(1.5403733786892E-5,-0.00141934209895758,0.0135792320142097));
#2306=CARTESIAN_POINT('',(0.000994918264900924,-0.00101317646996344,0.0136354820142097));
#2307=CARTESIAN_POINT('',(0.0012654037337869,-0.00036125650964981,0.0136729820142097));
#2308=CARTESIAN_POINT('',(0.0012654037337869,-3.40072749008731E-5,0.0136917320142097));
#2309=CARTESIAN_POINT('',(0.0012654037337869,-3.40072749008737E-5,0.0132417320142097));
#2310=CARTESIAN_POINT('',(0.0012654037337869,-3.40072749008839E-5,0.0127917320142097));
#2311=CARTESIAN_POINT('',(0.0012654037337869,0.000293241959848053,0.0128104820142097));
#2312=CARTESIAN_POINT('',(0.00099491826490094,0.00094516192016169,0.0128479820142097));
#2313=CARTESIAN_POINT('',(1.54037337869123E-5,0.00135132754915584,0.0129042320142097));
#2314=CARTESIAN_POINT('',(-0.000964110797327123,0.000945484233809741,0.0129604820142097));
#2315=CARTESIAN_POINT('',(-0.00136983900065609,-3.40072749008553E-5,0.0130167320142097));
#2316=CARTESIAN_POINT('',(-0.000964110797327142,-0.00101349878361146,0.0130729820142097));
#2317=CARTESIAN_POINT('',(1.54037337868841E-5,-0.00141934209895758,0.0131292320142097));
#2318=CARTESIAN_POINT('',(0.00099491826490092,-0.00101317646996345,0.0131854820142097));
#2319=CARTESIAN_POINT('',(0.00126540373378689,-0.000361256509649816,0.0132229820142097));
#2320=CARTESIAN_POINT('',(0.0012654037337869,-3.40072749008792E-5,0.0132417320142097));
#2321=CARTESIAN_POINT('',(0.0012654037337869,-3.40072749008757E-5,0.0127917320142097));
#2322=CARTESIAN_POINT('',(0.00117089152109481,0.000442802931976319,0.0123697638292756));
#2323=CARTESIAN_POINT('',(0.00105383813378712,0.0007264666571782,0.0123873458369812));
#2324=CARTESIAN_POINT('',(0.000601923038504882,0.00120191123333491,0.0124225098523924));
#2325=CARTESIAN_POINT('',(-0.00038047470497767,0.00127573163094638,0.0124752558755091));
#2326=CARTESIAN_POINT('',(-0.0011575407700993,0.000670350093776482,0.0125280018986259));
#2327=CARTESIAN_POINT('',(-0.00132668095074169,-0.000300032186543813,0.0125807479217426));
#2328=CARTESIAN_POINT('',(-0.000800178879617845,-0.00113252587406922,0.0126334939448594));
#2329=CARTESIAN_POINT('',(0.000149055075707806,-0.00139572422734413,0.0126862399679762));
#2330=CARTESIAN_POINT('',(0.00102901529636065,-0.00095275155598424,0.0127389859910929));
#2331=CARTESIAN_POINT('',(0.0012654037337869,-0.000340873050893598,0.0127741500065041));
#2332=CARTESIAN_POINT('',(0.0012654037337869,-3.40072749008792E-5,0.0127917320142097));
#2333=CARTESIAN_POINT('',(1.54037337868975E-5,-3.40072749008691E-5,0.018));
#2334=CARTESIAN_POINT('',(1.54037337868975E-5,-3.40072749008691E-5,0.018));
#2335=CARTESIAN_POINT('',(1.54037337868975E-5,-3.40072749008691E-5,0.018));
#2336=CARTESIAN_POINT('',(8.88178419700126E-19,4.44089209850063E-19,0.009));
#2337=CARTESIAN_POINT('',(8.88178419700126E-19,4.44089209850063E-19,0.009));
#2338=CARTESIAN_POINT('',(-0.00108253175473055,0.000625,0.009));
#2339=CARTESIAN_POINT('',(8.88178419700126E-19,4.44089209850063E-19,0.009));
#2340=CARTESIAN_POINT('',(8.88178419700126E-19,4.44089209850063E-19,0.));
#2341=CARTESIAN_POINT('',(-0.00108253175473055,0.000625,0.));
#2342=CARTESIAN_POINT('',(0.,0.,0.));
#2343=CARTESIAN_POINT('',(-0.0025,0.00144337567297406,0.));
#2344=CARTESIAN_POINT('',(-0.0025,0.00144337567297406,0.));
#2345=CARTESIAN_POINT('',(-0.0025,-0.00144337567297406,0.));
#2346=CARTESIAN_POINT('',(4.44089209850063E-19,0.00288675134594813,0.));
#2347=CARTESIAN_POINT('',(8.67361737988404E-19,0.00288675134594813,0.));
#2348=CARTESIAN_POINT('',(0.0025,0.00144337567297406,0.));
#2349=CARTESIAN_POINT('',(0.0025,0.00144337567297406,0.));
#2350=CARTESIAN_POINT('',(0.0025,-0.00144337567297406,0.));
#2351=CARTESIAN_POINT('',(0.0025,-0.00144337567297406,0.));
#2352=CARTESIAN_POINT('',(-1.77635683940025E-18,-0.00288675134594813,0.));
#2353=CARTESIAN_POINT('',(-2.16840434497101E-18,-0.00288675134594813,0.));
#2354=CARTESIAN_POINT('',(-0.0025,-0.00144337567297406,0.));
#2355=CARTESIAN_POINT('',(0.,0.,0.012));
#2356=CARTESIAN_POINT('',(1.54037337868975E-5,-3.40072749008691E-5,0.012));
#2357=CARTESIAN_POINT('',(-0.0025,0.00144337567297406,0.012));
#2358=CARTESIAN_POINT('',(-0.0025,0.00144337567297406,0.012));
#2359=CARTESIAN_POINT('',(-0.0025,-0.00144337567297406,0.012));
#2360=CARTESIAN_POINT('',(-0.0025,-0.00144337567297406,0.012));
#2361=CARTESIAN_POINT('',(-2.16840434497101E-18,-0.00288675134594813,0.012));
#2362=CARTESIAN_POINT('',(-1.77635683940025E-18,-0.00288675134594813,0.012));
#2363=CARTESIAN_POINT('',(0.0025,-0.00144337567297406,0.012));
#2364=CARTESIAN_POINT('',(0.0025,-0.00144337567297406,0.012));
#2365=CARTESIAN_POINT('',(0.0025,0.00144337567297406,0.012));
#2366=CARTESIAN_POINT('',(0.0025,0.00144337567297406,0.012));
#2367=CARTESIAN_POINT('',(8.67361737988404E-19,0.00288675134594813,0.012));
#2368=CARTESIAN_POINT('',(4.44089209850063E-19,0.00288675134594813,0.012));
#2369=CARTESIAN_POINT('',(4.44089209850063E-19,0.00288675134594813,0.012));
#2370=CARTESIAN_POINT('',(-0.0025,0.00144337567297406,0.012));
#2371=CARTESIAN_POINT('',(8.67361737988404E-19,0.00288675134594813,0.012));
#2372=CARTESIAN_POINT('',(0.0025,0.00144337567297406,0.012));
#2373=CARTESIAN_POINT('',(0.0025,0.00144337567297406,0.012));
#2374=CARTESIAN_POINT('',(0.0025,-0.00144337567297406,0.012));
#2375=CARTESIAN_POINT('',(0.0025,-0.00144337567297406,0.012));
#2376=CARTESIAN_POINT('',(-1.77635683940025E-18,-0.00288675134594813,0.012));
#2377=CARTESIAN_POINT('',(-2.16840434497101E-18,-0.00288675134594813,0.012));
#2378=CARTESIAN_POINT('',(-0.0025,-0.00144337567297406,0.012));
#2379=CARTESIAN_POINT('',(-0.0025,-0.00144337567297406,0.012));
#2380=CARTESIAN_POINT('',(-0.0025,0.00144337567297406,0.012));
#2381=CARTESIAN_POINT('',(1.54037337868975E-5,-3.40072749008691E-5,0.018));
#2382=CARTESIAN_POINT('',(1.54037337868975E-5,-3.40072749008691E-5,0.018675));
#2383=MECHANICAL_DESIGN_GEOMETRIC_PRESENTATION_REPRESENTATION('',(#547),
#2384);
#2384=(
GEOMETRIC_REPRESENTATION_CONTEXT(3)
GLOBAL_UNCERTAINTY_ASSIGNED_CONTEXT((#2385))
GLOBAL_UNIT_ASSIGNED_CONTEXT((#2388,#2387,#2386))
REPRESENTATION_CONTEXT('standoff_raspi','TOP_LEVEL_ASSEMBLY_PART')
);
#2385=UNCERTAINTY_MEASURE_WITH_UNIT(LENGTH_MEASURE(5.E-6),#2388,
'DISTANCE_ACCURACY_VALUE','Maximum Tolerance applied to model');
#2386=(
NAMED_UNIT(*)
SI_UNIT($,.STERADIAN.)
SOLID_ANGLE_UNIT()
);
#2387=(
NAMED_UNIT(*)
PLANE_ANGLE_UNIT()
SI_UNIT($,.RADIAN.)
);
#2388=(
LENGTH_UNIT()
NAMED_UNIT(*)
SI_UNIT($,.METRE.)
);
#2389=PRODUCT_DEFINITION_SHAPE('','',#2390);
#2390=PRODUCT_DEFINITION('','',#2392,#2391);
#2391=PRODUCT_DEFINITION_CONTEXT('',#2398,'design');
#2392=PRODUCT_DEFINITION_FORMATION_WITH_SPECIFIED_SOURCE('','',#2394,
 .NOT_KNOWN.);
#2393=PRODUCT_RELATED_PRODUCT_CATEGORY('','',(#2394));
#2394=PRODUCT('standoff_raspi','standoff_raspi','standoff_raspi',(#2396));
#2395=PRODUCT_CATEGORY('','');
#2396=PRODUCT_CONTEXT('',#2398,'mechanical');
#2397=APPLICATION_PROTOCOL_DEFINITION('international standard',
'automotive_design',2010,#2398);
#2398=APPLICATION_CONTEXT(
'core data for automotive mechanical design processes');
ENDSEC;
END-ISO-10303-21;
