ISO-10303-21;
HEADER;
/* Generated by software containing ST-Developer
 * from STEP Tools, Inc. (www.steptools.com) 
 */
/* OPTION: using custom renumber hook */

FILE_DESCRIPTION(
/* description */ ('STEP AP214'),
/* implementation_level */ '2;1');

FILE_NAME(
/* name */ '654cf58a7f9aa566be1721cd',
/* time_stamp */ '2023-11-09T15:06:52Z',
/* author */ (''),
/* organization */ (''),
/* preprocessor_version */ 'ST-DEVELOPER v19.4',
/* originating_system */ '  ',
/* authorisation */ '  ');

FILE_SCHEMA (('AUTOMOTIVE_DESIGN {1 0 10303 214 3 1 1}'));
ENDSEC;

DATA;
#10=PROPERTY_DEFINITION_REPRESENTATION(#14,#12);
#11=PROPERTY_DEFINITION_REPRESENTATION(#15,#13);
#12=REPRESENTATION('',(#16),#22235);
#13=REPRESENTATION('',(#17),#22235);
#14=PROPERTY_DEFINITION('pmi validation property','',#22240);
#15=PROPERTY_DEFINITION('pmi validation property','',#22240);
#16=VALUE_REPRESENTATION_ITEM('number of annotations',COUNT_MEASURE(0.));
#17=VALUE_REPRESENTATION_ITEM('number of views',COUNT_MEASURE(0.));
#18=SHAPE_REPRESENTATION_RELATIONSHIP('','',#13329,#19);
#19=ADVANCED_BREP_SHAPE_REPRESENTATION('',(#13327),#22235);
#20=CYLINDRICAL_SURFACE('',#13975,0.0015);
#21=CYLINDRICAL_SURFACE('',#13977,0.00150000000000006);
#22=CYLINDRICAL_SURFACE('',#13978,0.0015);
#23=CYLINDRICAL_SURFACE('',#13979,0.0015);
#24=CYLINDRICAL_SURFACE('',#13982,0.0015);
#25=CYLINDRICAL_SURFACE('',#13985,0.0016);
#26=CYLINDRICAL_SURFACE('',#13986,0.00150000000000003);
#27=CYLINDRICAL_SURFACE('',#13987,0.003);
#28=CYLINDRICAL_SURFACE('',#13992,0.0015);
#29=CYLINDRICAL_SURFACE('',#13993,0.0015);
#30=CYLINDRICAL_SURFACE('',#13994,0.0015);
#31=CYLINDRICAL_SURFACE('',#13995,0.0015);
#32=CYLINDRICAL_SURFACE('',#13996,0.0015);
#33=CYLINDRICAL_SURFACE('',#14000,0.0015);
#34=CYLINDRICAL_SURFACE('',#14001,0.0015);
#35=CYLINDRICAL_SURFACE('',#14002,0.0015);
#36=CYLINDRICAL_SURFACE('',#14003,0.0015);
#37=CYLINDRICAL_SURFACE('',#14006,0.0015);
#38=CYLINDRICAL_SURFACE('',#14007,0.003);
#39=CYLINDRICAL_SURFACE('',#14008,0.0015);
#40=CYLINDRICAL_SURFACE('',#14009,0.0015);
#41=CYLINDRICAL_SURFACE('',#14010,0.0015);
#42=CYLINDRICAL_SURFACE('',#14011,0.0015);
#43=CYLINDRICAL_SURFACE('',#14029,0.0015);
#44=CYLINDRICAL_SURFACE('',#14030,0.0015);
#45=CYLINDRICAL_SURFACE('',#14031,0.003);
#46=CYLINDRICAL_SURFACE('',#14048,0.003);
#47=CYLINDRICAL_SURFACE('',#14049,0.0015);
#48=CYLINDRICAL_SURFACE('',#14052,0.0015);
#49=CYLINDRICAL_SURFACE('',#14053,0.0015);
#50=CYLINDRICAL_SURFACE('',#14054,0.0015);
#51=CYLINDRICAL_SURFACE('',#14055,0.0015);
#52=CYLINDRICAL_SURFACE('',#14058,0.0015);
#53=CYLINDRICAL_SURFACE('',#14060,0.0015);
#54=CYLINDRICAL_SURFACE('',#14061,0.0015);
#55=CYLINDRICAL_SURFACE('',#14062,0.0015);
#56=CYLINDRICAL_SURFACE('',#14063,0.0015);
#57=CYLINDRICAL_SURFACE('',#14068,0.0015);
#58=CYLINDRICAL_SURFACE('',#14069,0.0015);
#59=CYLINDRICAL_SURFACE('',#14070,0.0015);
#60=CYLINDRICAL_SURFACE('',#14071,0.0015);
#61=CYLINDRICAL_SURFACE('',#14072,0.003);
#62=CYLINDRICAL_SURFACE('',#14073,0.0015);
#63=CYLINDRICAL_SURFACE('',#14076,0.0016);
#64=CYLINDRICAL_SURFACE('',#14077,0.0015);
#65=CYLINDRICAL_SURFACE('',#14080,0.0015);
#66=CYLINDRICAL_SURFACE('',#14085,0.003);
#67=CYLINDRICAL_SURFACE('',#14087,0.0015);
#68=CYLINDRICAL_SURFACE('',#14088,0.0015);
#69=CYLINDRICAL_SURFACE('',#14089,0.0015);
#70=CYLINDRICAL_SURFACE('',#14090,0.0015);
#71=CYLINDRICAL_SURFACE('',#14091,0.00149999999999997);
#72=CYLINDRICAL_SURFACE('',#14092,0.0015);
#73=CYLINDRICAL_SURFACE('',#14093,0.0015);
#74=CYLINDRICAL_SURFACE('',#14094,0.003);
#75=CYLINDRICAL_SURFACE('',#14095,0.003);
#76=CYLINDRICAL_SURFACE('',#14096,0.003);
#77=CYLINDRICAL_SURFACE('',#14097,0.003);
#78=CYLINDRICAL_SURFACE('',#14098,0.0015);
#79=CYLINDRICAL_SURFACE('',#14099,0.0015);
#80=CYLINDRICAL_SURFACE('',#14100,0.00150000000000009);
#81=CYLINDRICAL_SURFACE('',#14101,0.00150000000000009);
#82=CYLINDRICAL_SURFACE('',#14102,0.0015);
#83=CYLINDRICAL_SURFACE('',#14103,0.00149999999999997);
#84=CYLINDRICAL_SURFACE('',#14104,0.0015);
#85=CYLINDRICAL_SURFACE('',#14105,0.0015);
#86=CYLINDRICAL_SURFACE('',#14106,0.0015);
#87=CYLINDRICAL_SURFACE('',#14107,0.0015);
#88=CYLINDRICAL_SURFACE('',#14108,0.0015);
#89=CYLINDRICAL_SURFACE('',#14109,0.0016);
#90=CYLINDRICAL_SURFACE('',#14110,0.0015);
#91=CYLINDRICAL_SURFACE('',#14111,0.0015);
#92=CYLINDRICAL_SURFACE('',#14112,0.0015);
#93=CYLINDRICAL_SURFACE('',#14113,0.00150000000000003);
#94=CYLINDRICAL_SURFACE('',#14114,0.00150000000000003);
#95=CYLINDRICAL_SURFACE('',#14115,0.00150000000000009);
#96=CYLINDRICAL_SURFACE('',#14116,0.00150000000000009);
#97=CYLINDRICAL_SURFACE('',#14117,0.0015);
#98=CYLINDRICAL_SURFACE('',#14118,0.0015);
#99=CYLINDRICAL_SURFACE('',#14119,0.0015);
#100=CYLINDRICAL_SURFACE('',#14120,0.0015);
#101=CYLINDRICAL_SURFACE('',#14121,0.00149999999999997);
#102=CYLINDRICAL_SURFACE('',#14122,0.0015);
#103=CYLINDRICAL_SURFACE('',#14123,0.0015);
#104=CYLINDRICAL_SURFACE('',#14124,0.00159999999999997);
#105=CYLINDRICAL_SURFACE('',#14125,0.0015);
#106=CYLINDRICAL_SURFACE('',#14126,0.004);
#107=CYLINDRICAL_SURFACE('',#14127,0.073);
#108=CYLINDRICAL_SURFACE('',#14128,0.004);
#109=CYLINDRICAL_SURFACE('',#14130,0.004);
#110=CYLINDRICAL_SURFACE('',#14132,0.004);
#111=CYLINDRICAL_SURFACE('',#14134,0.004);
#112=CYLINDRICAL_SURFACE('',#14136,0.004);
#113=CYLINDRICAL_SURFACE('',#14138,0.00150000000000006);
#114=CYLINDRICAL_SURFACE('',#14141,0.0015);
#115=CYLINDRICAL_SURFACE('',#14144,0.0015);
#116=CYLINDRICAL_SURFACE('',#14146,0.003);
#117=CYLINDRICAL_SURFACE('',#14148,0.0015);
#118=CYLINDRICAL_SURFACE('',#14150,0.001);
#119=CYLINDRICAL_SURFACE('',#14152,0.0015);
#120=CYLINDRICAL_SURFACE('',#14153,0.001);
#121=CYLINDRICAL_SURFACE('',#14155,0.0015);
#122=CYLINDRICAL_SURFACE('',#14157,0.003);
#123=CYLINDRICAL_SURFACE('',#14159,0.0015);
#124=CYLINDRICAL_SURFACE('',#14161,0.0015);
#125=CYLINDRICAL_SURFACE('',#14163,0.00150000000000007);
#126=CYLINDRICAL_SURFACE('',#14165,0.0015);
#127=CYLINDRICAL_SURFACE('',#14166,0.00150000000000003);
#128=CYLINDRICAL_SURFACE('',#14168,0.0015);
#129=CYLINDRICAL_SURFACE('',#14170,0.0016);
#130=CYLINDRICAL_SURFACE('',#14173,0.001);
#131=CYLINDRICAL_SURFACE('',#14175,0.0015);
#132=CYLINDRICAL_SURFACE('',#14177,0.003);
#133=CYLINDRICAL_SURFACE('',#14180,0.0015);
#134=CYLINDRICAL_SURFACE('',#14182,0.001);
#135=CYLINDRICAL_SURFACE('',#14184,0.0015);
#136=CYLINDRICAL_SURFACE('',#14186,0.0015);
#137=CYLINDRICAL_SURFACE('',#14188,0.0015);
#138=CYLINDRICAL_SURFACE('',#14189,0.0015);
#139=CYLINDRICAL_SURFACE('',#14191,0.0015);
#140=CYLINDRICAL_SURFACE('',#14193,0.0015);
#141=CYLINDRICAL_SURFACE('',#14197,0.0016);
#142=CYLINDRICAL_SURFACE('',#14200,0.0015);
#143=CYLINDRICAL_SURFACE('',#14202,0.0015);
#144=CYLINDRICAL_SURFACE('',#14205,0.0015);
#145=CYLINDRICAL_SURFACE('',#14207,0.0015);
#146=CYLINDRICAL_SURFACE('',#14210,0.0015);
#147=CYLINDRICAL_SURFACE('',#14213,0.0015);
#148=CYLINDRICAL_SURFACE('',#14216,0.00150000000000003);
#149=CYLINDRICAL_SURFACE('',#14220,0.0015);
#150=CYLINDRICAL_SURFACE('',#14223,0.0015);
#151=CYLINDRICAL_SURFACE('',#14226,0.0015);
#152=CYLINDRICAL_SURFACE('',#14228,0.003);
#153=CYLINDRICAL_SURFACE('',#14230,0.00150000000000003);
#154=CYLINDRICAL_SURFACE('',#14232,0.001);
#155=CYLINDRICAL_SURFACE('',#14234,0.0015);
#156=CYLINDRICAL_SURFACE('',#14235,0.001);
#157=CYLINDRICAL_SURFACE('',#14237,0.00150000000000003);
#158=CYLINDRICAL_SURFACE('',#14239,0.003);
#159=CYLINDRICAL_SURFACE('',#14241,0.0015);
#160=CYLINDRICAL_SURFACE('',#14243,0.0015);
#161=CYLINDRICAL_SURFACE('',#14246,0.0015);
#162=CYLINDRICAL_SURFACE('',#14249,0.0015);
#163=CYLINDRICAL_SURFACE('',#14252,0.0015);
#164=CYLINDRICAL_SURFACE('',#14254,0.00150000000000003);
#165=CYLINDRICAL_SURFACE('',#14256,0.0015);
#166=CYLINDRICAL_SURFACE('',#14257,0.0015);
#167=CYLINDRICAL_SURFACE('',#14259,0.0015);
#168=CYLINDRICAL_SURFACE('',#14261,0.001);
#169=CYLINDRICAL_SURFACE('',#14263,0.00150000000000003);
#170=CYLINDRICAL_SURFACE('',#14265,0.003);
#171=CYLINDRICAL_SURFACE('',#14268,0.0015);
#172=CYLINDRICAL_SURFACE('',#14270,0.001);
#173=CYLINDRICAL_SURFACE('',#14272,0.0015);
#174=CYLINDRICAL_SURFACE('',#14275,0.0015);
#175=CYLINDRICAL_SURFACE('',#14278,0.0015);
#176=CYLINDRICAL_SURFACE('',#14281,0.0015);
#177=CYLINDRICAL_SURFACE('',#14284,0.0015);
#178=CYLINDRICAL_SURFACE('',#14286,0.0015);
#179=CYLINDRICAL_SURFACE('',#14288,0.0015);
#180=CYLINDRICAL_SURFACE('',#14289,0.0015);
#181=CYLINDRICAL_SURFACE('',#14291,0.0015);
#182=CYLINDRICAL_SURFACE('',#14292,0.003);
#183=CYLINDRICAL_SURFACE('',#14294,0.0015);
#184=CYLINDRICAL_SURFACE('',#14296,0.001);
#185=CYLINDRICAL_SURFACE('',#14298,0.0015);
#186=CYLINDRICAL_SURFACE('',#14299,0.001);
#187=CYLINDRICAL_SURFACE('',#14301,0.0015);
#188=CYLINDRICAL_SURFACE('',#14303,0.003);
#189=CYLINDRICAL_SURFACE('',#14305,0.0015);
#190=CYLINDRICAL_SURFACE('',#14306,0.0015);
#191=CYLINDRICAL_SURFACE('',#14308,0.0015);
#192=CYLINDRICAL_SURFACE('',#14309,0.0015);
#193=CYLINDRICAL_SURFACE('',#14311,0.0015);
#194=CYLINDRICAL_SURFACE('',#14312,0.00150000000000003);
#195=CYLINDRICAL_SURFACE('',#14314,0.00150000000000003);
#196=CYLINDRICAL_SURFACE('',#14315,0.0015);
#197=CYLINDRICAL_SURFACE('',#14317,0.0015);
#198=CYLINDRICAL_SURFACE('',#14318,0.0015);
#199=CYLINDRICAL_SURFACE('',#14320,0.0015);
#200=CYLINDRICAL_SURFACE('',#14322,0.0015);
#201=CYLINDRICAL_SURFACE('',#14325,0.0015);
#202=CYLINDRICAL_SURFACE('',#14327,0.0015);
#203=CYLINDRICAL_SURFACE('',#14330,0.0015);
#204=CYLINDRICAL_SURFACE('',#14331,0.0015);
#205=CYLINDRICAL_SURFACE('',#14333,0.0015);
#206=CYLINDRICAL_SURFACE('',#14334,0.0015);
#207=CYLINDRICAL_SURFACE('',#14336,0.0015);
#208=CYLINDRICAL_SURFACE('',#14337,0.0015);
#209=CYLINDRICAL_SURFACE('',#14339,0.0015);
#210=CYLINDRICAL_SURFACE('',#14340,0.0015);
#211=CYLINDRICAL_SURFACE('',#14342,0.0015);
#212=CYLINDRICAL_SURFACE('',#14343,0.0015);
#213=CYLINDRICAL_SURFACE('',#14345,0.0015);
#214=CYLINDRICAL_SURFACE('',#14346,0.0015);
#215=CYLINDRICAL_SURFACE('',#14349,0.0015);
#216=CYLINDRICAL_SURFACE('',#14353,0.0015);
#217=CYLINDRICAL_SURFACE('',#14357,0.00100000000000003);
#218=CYLINDRICAL_SURFACE('',#14359,0.0015);
#219=CYLINDRICAL_SURFACE('',#14361,0.003);
#220=CYLINDRICAL_SURFACE('',#14364,0.0015);
#221=CYLINDRICAL_SURFACE('',#14366,0.001);
#222=CYLINDRICAL_SURFACE('',#14368,0.0015);
#223=CYLINDRICAL_SURFACE('',#14370,0.0015);
#224=CYLINDRICAL_SURFACE('',#14372,0.0015);
#225=CYLINDRICAL_SURFACE('',#14373,0.0015);
#226=CYLINDRICAL_SURFACE('',#14375,0.0015);
#227=CYLINDRICAL_SURFACE('',#14376,0.0015);
#228=CYLINDRICAL_SURFACE('',#14378,0.00150000000000003);
#229=CYLINDRICAL_SURFACE('',#14379,0.0015);
#230=CYLINDRICAL_SURFACE('',#14381,0.00150000000000003);
#231=CYLINDRICAL_SURFACE('',#14382,0.00100000000000003);
#232=CYLINDRICAL_SURFACE('',#14384,0.0015);
#233=CYLINDRICAL_SURFACE('',#14386,0.003);
#234=CYLINDRICAL_SURFACE('',#14388,0.0015);
#235=CYLINDRICAL_SURFACE('',#14389,0.003);
#236=CYLINDRICAL_SURFACE('',#14391,0.0015);
#237=CYLINDRICAL_SURFACE('',#14393,0.001);
#238=CYLINDRICAL_SURFACE('',#14395,0.0015);
#239=CYLINDRICAL_SURFACE('',#14396,0.0015);
#240=CYLINDRICAL_SURFACE('',#14398,0.0015);
#241=CYLINDRICAL_SURFACE('',#14399,0.0015);
#242=CYLINDRICAL_SURFACE('',#14401,0.0015);
#243=CYLINDRICAL_SURFACE('',#14402,0.00150000000000003);
#244=CYLINDRICAL_SURFACE('',#14404,0.00150000000000003);
#245=CYLINDRICAL_SURFACE('',#14405,0.0015);
#246=CYLINDRICAL_SURFACE('',#14407,0.0015);
#247=CYLINDRICAL_SURFACE('',#14408,0.0015);
#248=CYLINDRICAL_SURFACE('',#14410,0.0015);
#249=CYLINDRICAL_SURFACE('',#14411,0.0015);
#250=CYLINDRICAL_SURFACE('',#14413,0.0015);
#251=CYLINDRICAL_SURFACE('',#14414,0.0015);
#252=CYLINDRICAL_SURFACE('',#14416,0.0015);
#253=CYLINDRICAL_SURFACE('',#14417,0.0015);
#254=CYLINDRICAL_SURFACE('',#14419,0.0015);
#255=CYLINDRICAL_SURFACE('',#14420,0.0015);
#256=CYLINDRICAL_SURFACE('',#14422,0.0015);
#257=CYLINDRICAL_SURFACE('',#14423,0.0015);
#258=CYLINDRICAL_SURFACE('',#14425,0.0015);
#259=CYLINDRICAL_SURFACE('',#14427,0.0015);
#260=CYLINDRICAL_SURFACE('',#14429,0.001);
#261=CYLINDRICAL_SURFACE('',#14431,0.0015);
#262=CYLINDRICAL_SURFACE('',#14434,0.001);
#263=CYLINDRICAL_SURFACE('',#14436,0.0015);
#264=CYLINDRICAL_SURFACE('',#14438,0.003);
#265=CYLINDRICAL_SURFACE('',#14440,0.0015);
#266=CYLINDRICAL_SURFACE('',#14442,0.0015);
#267=CYLINDRICAL_SURFACE('',#14443,0.0015);
#268=CYLINDRICAL_SURFACE('',#14445,0.0015);
#269=CYLINDRICAL_SURFACE('',#14447,0.0015);
#270=CYLINDRICAL_SURFACE('',#14450,0.0015);
#271=CYLINDRICAL_SURFACE('',#14453,0.0015);
#272=CYLINDRICAL_SURFACE('',#14456,0.0015);
#273=CYLINDRICAL_SURFACE('',#14459,0.0015);
#274=CYLINDRICAL_SURFACE('',#14462,0.0015);
#275=CYLINDRICAL_SURFACE('',#14464,0.0015);
#276=CYLINDRICAL_SURFACE('',#14467,0.0015);
#277=CYLINDRICAL_SURFACE('',#14470,0.0015);
#278=CYLINDRICAL_SURFACE('',#14473,0.0015);
#279=CYLINDRICAL_SURFACE('',#14476,0.0015);
#280=CYLINDRICAL_SURFACE('',#14479,0.0015);
#281=CYLINDRICAL_SURFACE('',#14482,0.0015);
#282=CYLINDRICAL_SURFACE('',#14485,0.0015);
#283=CYLINDRICAL_SURFACE('',#14488,0.0015);
#284=CYLINDRICAL_SURFACE('',#14490,0.001);
#285=CYLINDRICAL_SURFACE('',#14492,0.00150000000000003);
#286=CYLINDRICAL_SURFACE('',#14494,0.003);
#287=CYLINDRICAL_SURFACE('',#14496,0.0015);
#288=CYLINDRICAL_SURFACE('',#14497,0.003);
#289=CYLINDRICAL_SURFACE('',#14499,0.00150000000000003);
#290=CYLINDRICAL_SURFACE('',#14501,0.001);
#291=CYLINDRICAL_SURFACE('',#14503,0.0015);
#292=CYLINDRICAL_SURFACE('',#14504,0.0015);
#293=CYLINDRICAL_SURFACE('',#14506,0.0015);
#294=CYLINDRICAL_SURFACE('',#14507,0.0015);
#295=CYLINDRICAL_SURFACE('',#14509,0.0015);
#296=CYLINDRICAL_SURFACE('',#14511,0.0015);
#297=CYLINDRICAL_SURFACE('',#14514,0.0015);
#298=CYLINDRICAL_SURFACE('',#14517,0.0015);
#299=CYLINDRICAL_SURFACE('',#14520,0.0015);
#300=CYLINDRICAL_SURFACE('',#14523,0.0015);
#301=CYLINDRICAL_SURFACE('',#14525,0.001);
#302=CYLINDRICAL_SURFACE('',#14527,0.0015);
#303=CYLINDRICAL_SURFACE('',#14530,0.001);
#304=CYLINDRICAL_SURFACE('',#14532,0.0015);
#305=CYLINDRICAL_SURFACE('',#14534,0.003);
#306=CYLINDRICAL_SURFACE('',#14536,0.0015);
#307=CYLINDRICAL_SURFACE('',#14538,0.0015);
#308=CYLINDRICAL_SURFACE('',#14539,0.00149999999999998);
#309=CYLINDRICAL_SURFACE('',#14541,0.0015);
#310=CYLINDRICAL_SURFACE('',#14543,0.0016);
#311=CYLINDRICAL_SURFACE('',#14546,0.0015);
#312=CYLINDRICAL_SURFACE('',#14548,0.001);
#313=CYLINDRICAL_SURFACE('',#14550,0.0015);
#314=CYLINDRICAL_SURFACE('',#14552,0.003);
#315=CYLINDRICAL_SURFACE('',#14554,0.0015);
#316=CYLINDRICAL_SURFACE('',#14555,0.003);
#317=CYLINDRICAL_SURFACE('',#14557,0.0015);
#318=CYLINDRICAL_SURFACE('',#14559,0.001);
#319=CYLINDRICAL_SURFACE('',#14561,0.0015);
#320=CYLINDRICAL_SURFACE('',#14563,0.0015);
#321=CYLINDRICAL_SURFACE('',#14566,0.0015);
#322=CYLINDRICAL_SURFACE('',#14569,0.0015);
#323=CYLINDRICAL_SURFACE('',#14571,0.0015);
#324=CYLINDRICAL_SURFACE('',#14574,0.0015);
#325=CYLINDRICAL_SURFACE('',#14575,0.0015);
#326=CYLINDRICAL_SURFACE('',#14577,0.0015);
#327=CYLINDRICAL_SURFACE('',#14578,0.00149999999999998);
#328=CYLINDRICAL_SURFACE('',#14580,0.0015);
#329=CYLINDRICAL_SURFACE('',#14582,0.0015);
#330=CYLINDRICAL_SURFACE('',#14584,0.001);
#331=CYLINDRICAL_SURFACE('',#14586,0.0015);
#332=CYLINDRICAL_SURFACE('',#14588,0.0015);
#333=CYLINDRICAL_SURFACE('',#14591,0.0016);
#334=CYLINDRICAL_SURFACE('',#14595,0.0015);
#335=CYLINDRICAL_SURFACE('',#14599,0.0015);
#336=CYLINDRICAL_SURFACE('',#14603,0.001);
#337=CYLINDRICAL_SURFACE('',#14605,0.0015);
#338=CYLINDRICAL_SURFACE('',#14607,0.003);
#339=CYLINDRICAL_SURFACE('',#14610,0.0015);
#340=CYLINDRICAL_SURFACE('',#14613,0.0015);
#341=LINE('',#18501,#1583);
#342=LINE('',#18506,#1584);
#343=LINE('',#18509,#1585);
#344=LINE('',#18514,#1586);
#345=LINE('',#18517,#1587);
#346=LINE('',#18522,#1588);
#347=LINE('',#18526,#1589);
#348=LINE('',#18530,#1590);
#349=LINE('',#18533,#1591);
#350=LINE('',#18538,#1592);
#351=LINE('',#18540,#1593);
#352=LINE('',#18544,#1594);
#353=LINE('',#18545,#1595);
#354=LINE('',#18548,#1596);
#355=LINE('',#18552,#1597);
#356=LINE('',#18554,#1598);
#357=LINE('',#18558,#1599);
#358=LINE('',#18560,#1600);
#359=LINE('',#18562,#1601);
#360=LINE('',#18565,#1602);
#361=LINE('',#18570,#1603);
#362=LINE('',#18574,#1604);
#363=LINE('',#18578,#1605);
#364=LINE('',#18584,#1606);
#365=LINE('',#18588,#1607);
#366=LINE('',#18592,#1608);
#367=LINE('',#18596,#1609);
#368=LINE('',#18600,#1610);
#369=LINE('',#18602,#1611);
#370=LINE('',#18606,#1612);
#371=LINE('',#18608,#1613);
#372=LINE('',#18612,#1614);
#373=LINE('',#18614,#1615);
#374=LINE('',#18618,#1616);
#375=LINE('',#18620,#1617);
#376=LINE('',#18621,#1618);
#377=LINE('',#18626,#1619);
#378=LINE('',#18632,#1620);
#379=LINE('',#18636,#1621);
#380=LINE('',#18640,#1622);
#381=LINE('',#18644,#1623);
#382=LINE('',#18648,#1624);
#383=LINE('',#18652,#1625);
#384=LINE('',#18656,#1626);
#385=LINE('',#18660,#1627);
#386=LINE('',#18661,#1628);
#387=LINE('',#18666,#1629);
#388=LINE('',#18669,#1630);
#389=LINE('',#18674,#1631);
#390=LINE('',#18680,#1632);
#391=LINE('',#18684,#1633);
#392=LINE('',#18688,#1634);
#393=LINE('',#18692,#1635);
#394=LINE('',#18693,#1636);
#395=LINE('',#18698,#1637);
#396=LINE('',#18702,#1638);
#397=LINE('',#18706,#1639);
#398=LINE('',#18709,#1640);
#399=LINE('',#18714,#1641);
#400=LINE('',#18718,#1642);
#401=LINE('',#18722,#1643);
#402=LINE('',#18725,#1644);
#403=LINE('',#18730,#1645);
#404=LINE('',#18733,#1646);
#405=LINE('',#18738,#1647);
#406=LINE('',#18741,#1648);
#407=LINE('',#18746,#1649);
#408=LINE('',#18749,#1650);
#409=LINE('',#18754,#1651);
#410=LINE('',#18760,#1652);
#411=LINE('',#18764,#1653);
#412=LINE('',#18768,#1654);
#413=LINE('',#18772,#1655);
#414=LINE('',#18776,#1656);
#415=LINE('',#18780,#1657);
#416=LINE('',#18784,#1658);
#417=LINE('',#18788,#1659);
#418=LINE('',#18792,#1660);
#419=LINE('',#18796,#1661);
#420=LINE('',#18800,#1662);
#421=LINE('',#18804,#1663);
#422=LINE('',#18805,#1664);
#423=LINE('',#18810,#1665);
#424=LINE('',#18813,#1666);
#425=LINE('',#18818,#1667);
#426=LINE('',#18821,#1668);
#427=LINE('',#18826,#1669);
#428=LINE('',#18829,#1670);
#429=LINE('',#18834,#1671);
#430=LINE('',#18837,#1672);
#431=LINE('',#18840,#1673);
#432=LINE('',#18844,#1674);
#433=LINE('',#18846,#1675);
#434=LINE('',#18849,#1676);
#435=LINE('',#18854,#1677);
#436=LINE('',#18856,#1678);
#437=LINE('',#18860,#1679);
#438=LINE('',#18864,#1680);
#439=LINE('',#18866,#1681);
#440=LINE('',#18870,#1682);
#441=LINE('',#18872,#1683);
#442=LINE('',#18876,#1684);
#443=LINE('',#18878,#1685);
#444=LINE('',#18882,#1686);
#445=LINE('',#18884,#1687);
#446=LINE('',#18885,#1688);
#447=LINE('',#18890,#1689);
#448=LINE('',#18893,#1690);
#449=LINE('',#18898,#1691);
#450=LINE('',#18901,#1692);
#451=LINE('',#18906,#1693);
#452=LINE('',#18909,#1694);
#453=LINE('',#18914,#1695);
#454=LINE('',#18920,#1696);
#455=LINE('',#18924,#1697);
#456=LINE('',#18928,#1698);
#457=LINE('',#18932,#1699);
#458=LINE('',#18933,#1700);
#459=LINE('',#18938,#1701);
#460=LINE('',#18942,#1702);
#461=LINE('',#18946,#1703);
#462=LINE('',#18949,#1704);
#463=LINE('',#18954,#1705);
#464=LINE('',#18958,#1706);
#465=LINE('',#18962,#1707);
#466=LINE('',#18968,#1708);
#467=LINE('',#18972,#1709);
#468=LINE('',#18976,#1710);
#469=LINE('',#18980,#1711);
#470=LINE('',#18984,#1712);
#471=LINE('',#18988,#1713);
#472=LINE('',#18992,#1714);
#473=LINE('',#18996,#1715);
#474=LINE('',#19000,#1716);
#475=LINE('',#19004,#1717);
#476=LINE('',#19008,#1718);
#477=LINE('',#19012,#1719);
#478=LINE('',#19016,#1720);
#479=LINE('',#19020,#1721);
#480=LINE('',#19024,#1722);
#481=LINE('',#19028,#1723);
#482=LINE('',#19032,#1724);
#483=LINE('',#19036,#1725);
#484=LINE('',#19040,#1726);
#485=LINE('',#19044,#1727);
#486=LINE('',#19048,#1728);
#487=LINE('',#19052,#1729);
#488=LINE('',#19056,#1730);
#489=LINE('',#19060,#1731);
#490=LINE('',#19064,#1732);
#491=LINE('',#19068,#1733);
#492=LINE('',#19072,#1734);
#493=LINE('',#19076,#1735);
#494=LINE('',#19080,#1736);
#495=LINE('',#19084,#1737);
#496=LINE('',#19088,#1738);
#497=LINE('',#19092,#1739);
#498=LINE('',#19096,#1740);
#499=LINE('',#19100,#1741);
#500=LINE('',#19104,#1742);
#501=LINE('',#19108,#1743);
#502=LINE('',#19109,#1744);
#503=LINE('',#19114,#1745);
#504=LINE('',#19118,#1746);
#505=LINE('',#19122,#1747);
#506=LINE('',#19125,#1748);
#507=LINE('',#19130,#1749);
#508=LINE('',#19134,#1750);
#509=LINE('',#19138,#1751);
#510=LINE('',#19141,#1752);
#511=LINE('',#19146,#1753);
#512=LINE('',#19148,#1754);
#513=LINE('',#19152,#1755);
#514=LINE('',#19153,#1756);
#515=LINE('',#19156,#1757);
#516=LINE('',#19160,#1758);
#517=LINE('',#19162,#1759);
#518=LINE('',#19168,#1760);
#519=LINE('',#19172,#1761);
#520=LINE('',#19176,#1762);
#521=LINE('',#19180,#1763);
#522=LINE('',#19184,#1764);
#523=LINE('',#19188,#1765);
#524=LINE('',#19192,#1766);
#525=LINE('',#19196,#1767);
#526=LINE('',#19200,#1768);
#527=LINE('',#19204,#1769);
#528=LINE('',#19208,#1770);
#529=LINE('',#19210,#1771);
#530=LINE('',#19214,#1772);
#531=LINE('',#19216,#1773);
#532=LINE('',#19220,#1774);
#533=LINE('',#19222,#1775);
#534=LINE('',#19226,#1776);
#535=LINE('',#19228,#1777);
#536=LINE('',#19232,#1778);
#537=LINE('',#19236,#1779);
#538=LINE('',#19240,#1780);
#539=LINE('',#19244,#1781);
#540=LINE('',#19248,#1782);
#541=LINE('',#19252,#1783);
#542=LINE('',#19256,#1784);
#543=LINE('',#19260,#1785);
#544=LINE('',#19264,#1786);
#545=LINE('',#19268,#1787);
#546=LINE('',#19272,#1788);
#547=LINE('',#19276,#1789);
#548=LINE('',#19280,#1790);
#549=LINE('',#19284,#1791);
#550=LINE('',#19288,#1792);
#551=LINE('',#19292,#1793);
#552=LINE('',#19296,#1794);
#553=LINE('',#19300,#1795);
#554=LINE('',#19304,#1796);
#555=LINE('',#19308,#1797);
#556=LINE('',#19312,#1798);
#557=LINE('',#19316,#1799);
#558=LINE('',#19317,#1800);
#559=LINE('',#19322,#1801);
#560=LINE('',#19325,#1802);
#561=LINE('',#19330,#1803);
#562=LINE('',#19333,#1804);
#563=LINE('',#19338,#1805);
#564=LINE('',#19341,#1806);
#565=LINE('',#19346,#1807);
#566=LINE('',#19349,#1808);
#567=LINE('',#19354,#1809);
#568=LINE('',#19358,#1810);
#569=LINE('',#19362,#1811);
#570=LINE('',#19365,#1812);
#571=LINE('',#19370,#1813);
#572=LINE('',#19374,#1814);
#573=LINE('',#19378,#1815);
#574=LINE('',#19384,#1816);
#575=LINE('',#19388,#1817);
#576=LINE('',#19392,#1818);
#577=LINE('',#19396,#1819);
#578=LINE('',#19397,#1820);
#579=LINE('',#19402,#1821);
#580=LINE('',#19405,#1822);
#581=LINE('',#19410,#1823);
#582=LINE('',#19413,#1824);
#583=LINE('',#19418,#1825);
#584=LINE('',#19421,#1826);
#585=LINE('',#19426,#1827);
#586=LINE('',#19432,#1828);
#587=LINE('',#19436,#1829);
#588=LINE('',#19440,#1830);
#589=LINE('',#19444,#1831);
#590=LINE('',#19448,#1832);
#591=LINE('',#19452,#1833);
#592=LINE('',#19456,#1834);
#593=LINE('',#19460,#1835);
#594=LINE('',#19461,#1836);
#595=LINE('',#19464,#1837);
#596=LINE('',#19468,#1838);
#597=LINE('',#19470,#1839);
#598=LINE('',#19473,#1840);
#599=LINE('',#19478,#1841);
#600=LINE('',#19480,#1842);
#601=LINE('',#19484,#1843);
#602=LINE('',#19485,#1844);
#603=LINE('',#19490,#1845);
#604=LINE('',#19493,#1846);
#605=LINE('',#19498,#1847);
#606=LINE('',#19501,#1848);
#607=LINE('',#19506,#1849);
#608=LINE('',#19509,#1850);
#609=LINE('',#19514,#1851);
#610=LINE('',#19520,#1852);
#611=LINE('',#19522,#1853);
#612=LINE('',#19526,#1854);
#613=LINE('',#19528,#1855);
#614=LINE('',#19532,#1856);
#615=LINE('',#19534,#1857);
#616=LINE('',#19538,#1858);
#617=LINE('',#19540,#1859);
#618=LINE('',#19542,#1860);
#619=LINE('',#19546,#1861);
#620=LINE('',#19548,#1862);
#621=LINE('',#19552,#1863);
#622=LINE('',#19556,#1864);
#623=LINE('',#19560,#1865);
#624=LINE('',#19564,#1866);
#625=LINE('',#19565,#1867);
#626=LINE('',#19570,#1868);
#627=LINE('',#19574,#1869);
#628=LINE('',#19578,#1870);
#629=LINE('',#19581,#1871);
#630=LINE('',#19586,#1872);
#631=LINE('',#19590,#1873);
#632=LINE('',#19594,#1874);
#633=LINE('',#19597,#1875);
#634=LINE('',#19602,#1876);
#635=LINE('',#19608,#1877);
#636=LINE('',#19612,#1878);
#637=LINE('',#19616,#1879);
#638=LINE('',#19620,#1880);
#639=LINE('',#19621,#1881);
#640=LINE('',#19626,#1882);
#641=LINE('',#19632,#1883);
#642=LINE('',#19636,#1884);
#643=LINE('',#19640,#1885);
#644=LINE('',#19644,#1886);
#645=LINE('',#19648,#1887);
#646=LINE('',#19652,#1888);
#647=LINE('',#19656,#1889);
#648=LINE('',#19660,#1890);
#649=LINE('',#19661,#1891);
#650=LINE('',#19666,#1892);
#651=LINE('',#19669,#1893);
#652=LINE('',#19674,#1894);
#653=LINE('',#19677,#1895);
#654=LINE('',#19682,#1896);
#655=LINE('',#19688,#1897);
#656=LINE('',#19696,#1898);
#657=LINE('',#19700,#1899);
#658=LINE('',#19704,#1900);
#659=LINE('',#19708,#1901);
#660=LINE('',#19782,#1902);
#661=LINE('',#19787,#1903);
#662=LINE('',#19790,#1904);
#663=LINE('',#19795,#1905);
#664=LINE('',#19798,#1906);
#665=LINE('',#19803,#1907);
#666=LINE('',#19807,#1908);
#667=LINE('',#19811,#1909);
#668=LINE('',#19814,#1910);
#669=LINE('',#19817,#1911);
#670=LINE('',#19821,#1912);
#671=LINE('',#19823,#1913);
#672=LINE('',#19826,#1914);
#673=LINE('',#19831,#1915);
#674=LINE('',#19833,#1916);
#675=LINE('',#19835,#1917);
#676=LINE('',#19839,#1918);
#677=LINE('',#19841,#1919);
#678=LINE('',#19845,#1920);
#679=LINE('',#19846,#1921);
#680=LINE('',#19851,#1922);
#681=LINE('',#19855,#1923);
#682=LINE('',#19859,#1924);
#683=LINE('',#19865,#1925);
#684=LINE('',#19869,#1926);
#685=LINE('',#19873,#1927);
#686=LINE('',#19877,#1928);
#687=LINE('',#19881,#1929);
#688=LINE('',#19883,#1930);
#689=LINE('',#19887,#1931);
#690=LINE('',#19889,#1932);
#691=LINE('',#19893,#1933);
#692=LINE('',#19895,#1934);
#693=LINE('',#19899,#1935);
#694=LINE('',#19901,#1936);
#695=LINE('',#19902,#1937);
#696=LINE('',#19907,#1938);
#697=LINE('',#19913,#1939);
#698=LINE('',#19917,#1940);
#699=LINE('',#19921,#1941);
#700=LINE('',#19925,#1942);
#701=LINE('',#19929,#1943);
#702=LINE('',#19933,#1944);
#703=LINE('',#19937,#1945);
#704=LINE('',#19941,#1946);
#705=LINE('',#19942,#1947);
#706=LINE('',#19947,#1948);
#707=LINE('',#19950,#1949);
#708=LINE('',#19955,#1950);
#709=LINE('',#19961,#1951);
#710=LINE('',#19965,#1952);
#711=LINE('',#19969,#1953);
#712=LINE('',#19973,#1954);
#713=LINE('',#19974,#1955);
#714=LINE('',#19979,#1956);
#715=LINE('',#19983,#1957);
#716=LINE('',#19987,#1958);
#717=LINE('',#19990,#1959);
#718=LINE('',#19995,#1960);
#719=LINE('',#19999,#1961);
#720=LINE('',#20003,#1962);
#721=LINE('',#20006,#1963);
#722=LINE('',#20011,#1964);
#723=LINE('',#20014,#1965);
#724=LINE('',#20019,#1966);
#725=LINE('',#20022,#1967);
#726=LINE('',#20027,#1968);
#727=LINE('',#20030,#1969);
#728=LINE('',#20035,#1970);
#729=LINE('',#20041,#1971);
#730=LINE('',#20045,#1972);
#731=LINE('',#20049,#1973);
#732=LINE('',#20053,#1974);
#733=LINE('',#20057,#1975);
#734=LINE('',#20061,#1976);
#735=LINE('',#20065,#1977);
#736=LINE('',#20069,#1978);
#737=LINE('',#20073,#1979);
#738=LINE('',#20077,#1980);
#739=LINE('',#20081,#1981);
#740=LINE('',#20085,#1982);
#741=LINE('',#20086,#1983);
#742=LINE('',#20091,#1984);
#743=LINE('',#20094,#1985);
#744=LINE('',#20099,#1986);
#745=LINE('',#20102,#1987);
#746=LINE('',#20107,#1988);
#747=LINE('',#20110,#1989);
#748=LINE('',#20115,#1990);
#749=LINE('',#20118,#1991);
#750=LINE('',#20123,#1992);
#751=LINE('',#20125,#1993);
#752=LINE('',#20129,#1994);
#753=LINE('',#20130,#1995);
#754=LINE('',#20133,#1996);
#755=LINE('',#20137,#1997);
#756=LINE('',#20139,#1998);
#757=LINE('',#20145,#1999);
#758=LINE('',#20147,#2000);
#759=LINE('',#20151,#2001);
#760=LINE('',#20153,#2002);
#761=LINE('',#20157,#2003);
#762=LINE('',#20159,#2004);
#763=LINE('',#20163,#2005);
#764=LINE('',#20165,#2006);
#765=LINE('',#20166,#2007);
#766=LINE('',#20171,#2008);
#767=LINE('',#20174,#2009);
#768=LINE('',#20179,#2010);
#769=LINE('',#20182,#2011);
#770=LINE('',#20187,#2012);
#771=LINE('',#20190,#2013);
#772=LINE('',#20195,#2014);
#773=LINE('',#20201,#2015);
#774=LINE('',#20205,#2016);
#775=LINE('',#20209,#2017);
#776=LINE('',#20213,#2018);
#777=LINE('',#20214,#2019);
#778=LINE('',#20219,#2020);
#779=LINE('',#20223,#2021);
#780=LINE('',#20227,#2022);
#781=LINE('',#20230,#2023);
#782=LINE('',#20235,#2024);
#783=LINE('',#20239,#2025);
#784=LINE('',#20243,#2026);
#785=LINE('',#20249,#2027);
#786=LINE('',#20253,#2028);
#787=LINE('',#20257,#2029);
#788=LINE('',#20261,#2030);
#789=LINE('',#20265,#2031);
#790=LINE('',#20269,#2032);
#791=LINE('',#20273,#2033);
#792=LINE('',#20277,#2034);
#793=LINE('',#20281,#2035);
#794=LINE('',#20285,#2036);
#795=LINE('',#20289,#2037);
#796=LINE('',#20293,#2038);
#797=LINE('',#20297,#2039);
#798=LINE('',#20301,#2040);
#799=LINE('',#20305,#2041);
#800=LINE('',#20309,#2042);
#801=LINE('',#20313,#2043);
#802=LINE('',#20317,#2044);
#803=LINE('',#20321,#2045);
#804=LINE('',#20325,#2046);
#805=LINE('',#20329,#2047);
#806=LINE('',#20333,#2048);
#807=LINE('',#20337,#2049);
#808=LINE('',#20341,#2050);
#809=LINE('',#20345,#2051);
#810=LINE('',#20349,#2052);
#811=LINE('',#20353,#2053);
#812=LINE('',#20357,#2054);
#813=LINE('',#20361,#2055);
#814=LINE('',#20365,#2056);
#815=LINE('',#20369,#2057);
#816=LINE('',#20373,#2058);
#817=LINE('',#20377,#2059);
#818=LINE('',#20381,#2060);
#819=LINE('',#20385,#2061);
#820=LINE('',#20389,#2062);
#821=LINE('',#20390,#2063);
#822=LINE('',#20395,#2064);
#823=LINE('',#20399,#2065);
#824=LINE('',#20403,#2066);
#825=LINE('',#20406,#2067);
#826=LINE('',#20411,#2068);
#827=LINE('',#20415,#2069);
#828=LINE('',#20419,#2070);
#829=LINE('',#20422,#2071);
#830=LINE('',#20425,#2072);
#831=LINE('',#20429,#2073);
#832=LINE('',#20431,#2074);
#833=LINE('',#20434,#2075);
#834=LINE('',#20439,#2076);
#835=LINE('',#20441,#2077);
#836=LINE('',#20445,#2078);
#837=LINE('',#20449,#2079);
#838=LINE('',#20453,#2080);
#839=LINE('',#20457,#2081);
#840=LINE('',#20461,#2082);
#841=LINE('',#20465,#2083);
#842=LINE('',#20469,#2084);
#843=LINE('',#20473,#2085);
#844=LINE('',#20477,#2086);
#845=LINE('',#20481,#2087);
#846=LINE('',#20485,#2088);
#847=LINE('',#20489,#2089);
#848=LINE('',#20491,#2090);
#849=LINE('',#20495,#2091);
#850=LINE('',#20497,#2092);
#851=LINE('',#20501,#2093);
#852=LINE('',#20503,#2094);
#853=LINE('',#20507,#2095);
#854=LINE('',#20509,#2096);
#855=LINE('',#20513,#2097);
#856=LINE('',#20517,#2098);
#857=LINE('',#20521,#2099);
#858=LINE('',#20525,#2100);
#859=LINE('',#20529,#2101);
#860=LINE('',#20533,#2102);
#861=LINE('',#20537,#2103);
#862=LINE('',#20541,#2104);
#863=LINE('',#20545,#2105);
#864=LINE('',#20549,#2106);
#865=LINE('',#20553,#2107);
#866=LINE('',#20557,#2108);
#867=LINE('',#20561,#2109);
#868=LINE('',#20565,#2110);
#869=LINE('',#20569,#2111);
#870=LINE('',#20573,#2112);
#871=LINE('',#20577,#2113);
#872=LINE('',#20581,#2114);
#873=LINE('',#20585,#2115);
#874=LINE('',#20589,#2116);
#875=LINE('',#20593,#2117);
#876=LINE('',#20597,#2118);
#877=LINE('',#20598,#2119);
#878=LINE('',#20603,#2120);
#879=LINE('',#20606,#2121);
#880=LINE('',#20611,#2122);
#881=LINE('',#20614,#2123);
#882=LINE('',#20619,#2124);
#883=LINE('',#20622,#2125);
#884=LINE('',#20627,#2126);
#885=LINE('',#20630,#2127);
#886=LINE('',#20635,#2128);
#887=LINE('',#20639,#2129);
#888=LINE('',#20643,#2130);
#889=LINE('',#20646,#2131);
#890=LINE('',#20651,#2132);
#891=LINE('',#20655,#2133);
#892=LINE('',#20659,#2134);
#893=LINE('',#20665,#2135);
#894=LINE('',#20669,#2136);
#895=LINE('',#20673,#2137);
#896=LINE('',#20677,#2138);
#897=LINE('',#20678,#2139);
#898=LINE('',#20683,#2140);
#899=LINE('',#20686,#2141);
#900=LINE('',#20691,#2142);
#901=LINE('',#20694,#2143);
#902=LINE('',#20699,#2144);
#903=LINE('',#20702,#2145);
#904=LINE('',#20707,#2146);
#905=LINE('',#20713,#2147);
#906=LINE('',#20717,#2148);
#907=LINE('',#20721,#2149);
#908=LINE('',#20725,#2150);
#909=LINE('',#20729,#2151);
#910=LINE('',#20733,#2152);
#911=LINE('',#20737,#2153);
#912=LINE('',#20741,#2154);
#913=LINE('',#20742,#2155);
#914=LINE('',#20747,#2156);
#915=LINE('',#20749,#2157);
#916=LINE('',#20753,#2158);
#917=LINE('',#20754,#2159);
#918=LINE('',#20757,#2160);
#919=LINE('',#20761,#2161);
#920=LINE('',#20763,#2162);
#921=LINE('',#20766,#2163);
#922=LINE('',#20771,#2164);
#923=LINE('',#20774,#2165);
#924=LINE('',#20779,#2166);
#925=LINE('',#20782,#2167);
#926=LINE('',#20787,#2168);
#927=LINE('',#20790,#2169);
#928=LINE('',#20795,#2170);
#929=LINE('',#20801,#2171);
#930=LINE('',#20803,#2172);
#931=LINE('',#20807,#2173);
#932=LINE('',#20809,#2174);
#933=LINE('',#20813,#2175);
#934=LINE('',#20815,#2176);
#935=LINE('',#20819,#2177);
#936=LINE('',#20821,#2178);
#937=LINE('',#20823,#2179);
#938=LINE('',#20827,#2180);
#939=LINE('',#20829,#2181);
#940=LINE('',#20833,#2182);
#941=LINE('',#20837,#2183);
#942=LINE('',#20841,#2184);
#943=LINE('',#20845,#2185);
#944=LINE('',#20846,#2186);
#945=LINE('',#20851,#2187);
#946=LINE('',#20855,#2188);
#947=LINE('',#20859,#2189);
#948=LINE('',#20862,#2190);
#949=LINE('',#20867,#2191);
#950=LINE('',#20871,#2192);
#951=LINE('',#20875,#2193);
#952=LINE('',#20878,#2194);
#953=LINE('',#20883,#2195);
#954=LINE('',#20889,#2196);
#955=LINE('',#20893,#2197);
#956=LINE('',#20897,#2198);
#957=LINE('',#20901,#2199);
#958=LINE('',#20902,#2200);
#959=LINE('',#20907,#2201);
#960=LINE('',#20913,#2202);
#961=LINE('',#20917,#2203);
#962=LINE('',#20921,#2204);
#963=LINE('',#20925,#2205);
#964=LINE('',#20929,#2206);
#965=LINE('',#20933,#2207);
#966=LINE('',#20937,#2208);
#967=LINE('',#20941,#2209);
#968=LINE('',#20942,#2210);
#969=LINE('',#20947,#2211);
#970=LINE('',#20950,#2212);
#971=LINE('',#20955,#2213);
#972=LINE('',#20958,#2214);
#973=LINE('',#20963,#2215);
#974=LINE('',#20966,#2216);
#975=LINE('',#20971,#2217);
#976=LINE('',#20975,#2218);
#977=LINE('',#20979,#2219);
#978=LINE('',#20983,#2220);
#979=LINE('',#20992,#2221);
#980=LINE('',#20993,#2222);
#981=LINE('',#20995,#2223);
#982=LINE('',#20996,#2224);
#983=LINE('',#20998,#2225);
#984=LINE('',#20999,#2226);
#985=LINE('',#21001,#2227);
#986=LINE('',#21002,#2228);
#987=LINE('',#21004,#2229);
#988=LINE('',#21005,#2230);
#989=LINE('',#21007,#2231);
#990=LINE('',#21008,#2232);
#991=LINE('',#21010,#2233);
#992=LINE('',#21011,#2234);
#993=LINE('',#21013,#2235);
#994=LINE('',#21014,#2236);
#995=LINE('',#21016,#2237);
#996=LINE('',#21017,#2238);
#997=LINE('',#21019,#2239);
#998=LINE('',#21020,#2240);
#999=LINE('',#21022,#2241);
#1000=LINE('',#21023,#2242);
#1001=LINE('',#21025,#2243);
#1002=LINE('',#21026,#2244);
#1003=LINE('',#21028,#2245);
#1004=LINE('',#21029,#2246);
#1005=LINE('',#21031,#2247);
#1006=LINE('',#21032,#2248);
#1007=LINE('',#21034,#2249);
#1008=LINE('',#21035,#2250);
#1009=LINE('',#21037,#2251);
#1010=LINE('',#21038,#2252);
#1011=LINE('',#21040,#2253);
#1012=LINE('',#21041,#2254);
#1013=LINE('',#21043,#2255);
#1014=LINE('',#21044,#2256);
#1015=LINE('',#21046,#2257);
#1016=LINE('',#21047,#2258);
#1017=LINE('',#21049,#2259);
#1018=LINE('',#21050,#2260);
#1019=LINE('',#21052,#2261);
#1020=LINE('',#21053,#2262);
#1021=LINE('',#21055,#2263);
#1022=LINE('',#21056,#2264);
#1023=LINE('',#21058,#2265);
#1024=LINE('',#21059,#2266);
#1025=LINE('',#21061,#2267);
#1026=LINE('',#21062,#2268);
#1027=LINE('',#21064,#2269);
#1028=LINE('',#21065,#2270);
#1029=LINE('',#21067,#2271);
#1030=LINE('',#21068,#2272);
#1031=LINE('',#21070,#2273);
#1032=LINE('',#21071,#2274);
#1033=LINE('',#21073,#2275);
#1034=LINE('',#21074,#2276);
#1035=LINE('',#21076,#2277);
#1036=LINE('',#21077,#2278);
#1037=LINE('',#21079,#2279);
#1038=LINE('',#21080,#2280);
#1039=LINE('',#21082,#2281);
#1040=LINE('',#21083,#2282);
#1041=LINE('',#21085,#2283);
#1042=LINE('',#21086,#2284);
#1043=LINE('',#21088,#2285);
#1044=LINE('',#21089,#2286);
#1045=LINE('',#21091,#2287);
#1046=LINE('',#21092,#2288);
#1047=LINE('',#21094,#2289);
#1048=LINE('',#21095,#2290);
#1049=LINE('',#21097,#2291);
#1050=LINE('',#21098,#2292);
#1051=LINE('',#21100,#2293);
#1052=LINE('',#21101,#2294);
#1053=LINE('',#21103,#2295);
#1054=LINE('',#21104,#2296);
#1055=LINE('',#21106,#2297);
#1056=LINE('',#21107,#2298);
#1057=LINE('',#21109,#2299);
#1058=LINE('',#21110,#2300);
#1059=LINE('',#21112,#2301);
#1060=LINE('',#21113,#2302);
#1061=LINE('',#21115,#2303);
#1062=LINE('',#21116,#2304);
#1063=LINE('',#21118,#2305);
#1064=LINE('',#21119,#2306);
#1065=LINE('',#21121,#2307);
#1066=LINE('',#21122,#2308);
#1067=LINE('',#21124,#2309);
#1068=LINE('',#21125,#2310);
#1069=LINE('',#21127,#2311);
#1070=LINE('',#21128,#2312);
#1071=LINE('',#21130,#2313);
#1072=LINE('',#21131,#2314);
#1073=LINE('',#21133,#2315);
#1074=LINE('',#21134,#2316);
#1075=LINE('',#21136,#2317);
#1076=LINE('',#21137,#2318);
#1077=LINE('',#21139,#2319);
#1078=LINE('',#21140,#2320);
#1079=LINE('',#21142,#2321);
#1080=LINE('',#21143,#2322);
#1081=LINE('',#21145,#2323);
#1082=LINE('',#21146,#2324);
#1083=LINE('',#21148,#2325);
#1084=LINE('',#21149,#2326);
#1085=LINE('',#21151,#2327);
#1086=LINE('',#21152,#2328);
#1087=LINE('',#21154,#2329);
#1088=LINE('',#21155,#2330);
#1089=LINE('',#21157,#2331);
#1090=LINE('',#21158,#2332);
#1091=LINE('',#21160,#2333);
#1092=LINE('',#21161,#2334);
#1093=LINE('',#21163,#2335);
#1094=LINE('',#21164,#2336);
#1095=LINE('',#21166,#2337);
#1096=LINE('',#21167,#2338);
#1097=LINE('',#21169,#2339);
#1098=LINE('',#21170,#2340);
#1099=LINE('',#21172,#2341);
#1100=LINE('',#21173,#2342);
#1101=LINE('',#21175,#2343);
#1102=LINE('',#21176,#2344);
#1103=LINE('',#21178,#2345);
#1104=LINE('',#21179,#2346);
#1105=LINE('',#21181,#2347);
#1106=LINE('',#21182,#2348);
#1107=LINE('',#21184,#2349);
#1108=LINE('',#21185,#2350);
#1109=LINE('',#21187,#2351);
#1110=LINE('',#21188,#2352);
#1111=LINE('',#21190,#2353);
#1112=LINE('',#21191,#2354);
#1113=LINE('',#21193,#2355);
#1114=LINE('',#21194,#2356);
#1115=LINE('',#21196,#2357);
#1116=LINE('',#21197,#2358);
#1117=LINE('',#21199,#2359);
#1118=LINE('',#21200,#2360);
#1119=LINE('',#21202,#2361);
#1120=LINE('',#21203,#2362);
#1121=LINE('',#21205,#2363);
#1122=LINE('',#21206,#2364);
#1123=LINE('',#21208,#2365);
#1124=LINE('',#21209,#2366);
#1125=LINE('',#21211,#2367);
#1126=LINE('',#21212,#2368);
#1127=LINE('',#21214,#2369);
#1128=LINE('',#21215,#2370);
#1129=LINE('',#21217,#2371);
#1130=LINE('',#21218,#2372);
#1131=LINE('',#21220,#2373);
#1132=LINE('',#21221,#2374);
#1133=LINE('',#21223,#2375);
#1134=LINE('',#21224,#2376);
#1135=LINE('',#21226,#2377);
#1136=LINE('',#21227,#2378);
#1137=LINE('',#21229,#2379);
#1138=LINE('',#21230,#2380);
#1139=LINE('',#21232,#2381);
#1140=LINE('',#21233,#2382);
#1141=LINE('',#21235,#2383);
#1142=LINE('',#21236,#2384);
#1143=LINE('',#21238,#2385);
#1144=LINE('',#21239,#2386);
#1145=LINE('',#21241,#2387);
#1146=LINE('',#21242,#2388);
#1147=LINE('',#21244,#2389);
#1148=LINE('',#21245,#2390);
#1149=LINE('',#21247,#2391);
#1150=LINE('',#21248,#2392);
#1151=LINE('',#21250,#2393);
#1152=LINE('',#21251,#2394);
#1153=LINE('',#21253,#2395);
#1154=LINE('',#21254,#2396);
#1155=LINE('',#21256,#2397);
#1156=LINE('',#21257,#2398);
#1157=LINE('',#21259,#2399);
#1158=LINE('',#21260,#2400);
#1159=LINE('',#21262,#2401);
#1160=LINE('',#21263,#2402);
#1161=LINE('',#21265,#2403);
#1162=LINE('',#21266,#2404);
#1163=LINE('',#21268,#2405);
#1164=LINE('',#21269,#2406);
#1165=LINE('',#21271,#2407);
#1166=LINE('',#21272,#2408);
#1167=LINE('',#21274,#2409);
#1168=LINE('',#21275,#2410);
#1169=LINE('',#21277,#2411);
#1170=LINE('',#21278,#2412);
#1171=LINE('',#21280,#2413);
#1172=LINE('',#21281,#2414);
#1173=LINE('',#21283,#2415);
#1174=LINE('',#21284,#2416);
#1175=LINE('',#21286,#2417);
#1176=LINE('',#21287,#2418);
#1177=LINE('',#21289,#2419);
#1178=LINE('',#21290,#2420);
#1179=LINE('',#21292,#2421);
#1180=LINE('',#21293,#2422);
#1181=LINE('',#21295,#2423);
#1182=LINE('',#21296,#2424);
#1183=LINE('',#21298,#2425);
#1184=LINE('',#21299,#2426);
#1185=LINE('',#21301,#2427);
#1186=LINE('',#21302,#2428);
#1187=LINE('',#21304,#2429);
#1188=LINE('',#21305,#2430);
#1189=LINE('',#21307,#2431);
#1190=LINE('',#21308,#2432);
#1191=LINE('',#21310,#2433);
#1192=LINE('',#21311,#2434);
#1193=LINE('',#21313,#2435);
#1194=LINE('',#21314,#2436);
#1195=LINE('',#21316,#2437);
#1196=LINE('',#21317,#2438);
#1197=LINE('',#21319,#2439);
#1198=LINE('',#21320,#2440);
#1199=LINE('',#21322,#2441);
#1200=LINE('',#21323,#2442);
#1201=LINE('',#21325,#2443);
#1202=LINE('',#21326,#2444);
#1203=LINE('',#21328,#2445);
#1204=LINE('',#21329,#2446);
#1205=LINE('',#21331,#2447);
#1206=LINE('',#21332,#2448);
#1207=LINE('',#21334,#2449);
#1208=LINE('',#21335,#2450);
#1209=LINE('',#21372,#2451);
#1210=LINE('',#21374,#2452);
#1211=LINE('',#21376,#2453);
#1212=LINE('',#21378,#2454);
#1213=LINE('',#21380,#2455);
#1214=LINE('',#21382,#2456);
#1215=LINE('',#21384,#2457);
#1216=LINE('',#21386,#2458);
#1217=LINE('',#21388,#2459);
#1218=LINE('',#21390,#2460);
#1219=LINE('',#21393,#2461);
#1220=LINE('',#21395,#2462);
#1221=LINE('',#21398,#2463);
#1222=LINE('',#21400,#2464);
#1223=LINE('',#21403,#2465);
#1224=LINE('',#21405,#2466);
#1225=LINE('',#21408,#2467);
#1226=LINE('',#21410,#2468);
#1227=LINE('',#21412,#2469);
#1228=LINE('',#21414,#2470);
#1229=LINE('',#21416,#2471);
#1230=LINE('',#21418,#2472);
#1231=LINE('',#21421,#2473);
#1232=LINE('',#21423,#2474);
#1233=LINE('',#21425,#2475);
#1234=LINE('',#21427,#2476);
#1235=LINE('',#21429,#2477);
#1236=LINE('',#21431,#2478);
#1237=LINE('',#21434,#2479);
#1238=LINE('',#21436,#2480);
#1239=LINE('',#21439,#2481);
#1240=LINE('',#21441,#2482);
#1241=LINE('',#21444,#2483);
#1242=LINE('',#21446,#2484);
#1243=LINE('',#21449,#2485);
#1244=LINE('',#21451,#2486);
#1245=LINE('',#21454,#2487);
#1246=LINE('',#21456,#2488);
#1247=LINE('',#21458,#2489);
#1248=LINE('',#21460,#2490);
#1249=LINE('',#21462,#2491);
#1250=LINE('',#21464,#2492);
#1251=LINE('',#21467,#2493);
#1252=LINE('',#21469,#2494);
#1253=LINE('',#21471,#2495);
#1254=LINE('',#21473,#2496);
#1255=LINE('',#21475,#2497);
#1256=LINE('',#21477,#2498);
#1257=LINE('',#21480,#2499);
#1258=LINE('',#21482,#2500);
#1259=LINE('',#21485,#2501);
#1260=LINE('',#21487,#2502);
#1261=LINE('',#21490,#2503);
#1262=LINE('',#21492,#2504);
#1263=LINE('',#21494,#2505);
#1264=LINE('',#21496,#2506);
#1265=LINE('',#21498,#2507);
#1266=LINE('',#21500,#2508);
#1267=LINE('',#21502,#2509);
#1268=LINE('',#21504,#2510);
#1269=LINE('',#21507,#2511);
#1270=LINE('',#21509,#2512);
#1271=LINE('',#21511,#2513);
#1272=LINE('',#21513,#2514);
#1273=LINE('',#21516,#2515);
#1274=LINE('',#21518,#2516);
#1275=LINE('',#21521,#2517);
#1276=LINE('',#21523,#2518);
#1277=LINE('',#21526,#2519);
#1278=LINE('',#21528,#2520);
#1279=LINE('',#21531,#2521);
#1280=LINE('',#21533,#2522);
#1281=LINE('',#21536,#2523);
#1282=LINE('',#21538,#2524);
#1283=LINE('',#21540,#2525);
#1284=LINE('',#21542,#2526);
#1285=LINE('',#21545,#2527);
#1286=LINE('',#21547,#2528);
#1287=LINE('',#21549,#2529);
#1288=LINE('',#21551,#2530);
#1289=LINE('',#21554,#2531);
#1290=LINE('',#21556,#2532);
#1291=LINE('',#21558,#2533);
#1292=LINE('',#21560,#2534);
#1293=LINE('',#21562,#2535);
#1294=LINE('',#21564,#2536);
#1295=LINE('',#21567,#2537);
#1296=LINE('',#21569,#2538);
#1297=LINE('',#21571,#2539);
#1298=LINE('',#21573,#2540);
#1299=LINE('',#21575,#2541);
#1300=LINE('',#21577,#2542);
#1301=LINE('',#21580,#2543);
#1302=LINE('',#21582,#2544);
#1303=LINE('',#21585,#2545);
#1304=LINE('',#21587,#2546);
#1305=LINE('',#21590,#2547);
#1306=LINE('',#21592,#2548);
#1307=LINE('',#21595,#2549);
#1308=LINE('',#21597,#2550);
#1309=LINE('',#21600,#2551);
#1310=LINE('',#21602,#2552);
#1311=LINE('',#21605,#2553);
#1312=LINE('',#21607,#2554);
#1313=LINE('',#21610,#2555);
#1314=LINE('',#21612,#2556);
#1315=LINE('',#21614,#2557);
#1316=LINE('',#21616,#2558);
#1317=LINE('',#21618,#2559);
#1318=LINE('',#21620,#2560);
#1319=LINE('',#21623,#2561);
#1320=LINE('',#21625,#2562);
#1321=LINE('',#21627,#2563);
#1322=LINE('',#21629,#2564);
#1323=LINE('',#21631,#2565);
#1324=LINE('',#21633,#2566);
#1325=LINE('',#21636,#2567);
#1326=LINE('',#21638,#2568);
#1327=LINE('',#21641,#2569);
#1328=LINE('',#21643,#2570);
#1329=LINE('',#21646,#2571);
#1330=LINE('',#21648,#2572);
#1331=LINE('',#21651,#2573);
#1332=LINE('',#21653,#2574);
#1333=LINE('',#21656,#2575);
#1334=LINE('',#21658,#2576);
#1335=LINE('',#21661,#2577);
#1336=LINE('',#21663,#2578);
#1337=LINE('',#21666,#2579);
#1338=LINE('',#21668,#2580);
#1339=LINE('',#21670,#2581);
#1340=LINE('',#21672,#2582);
#1341=LINE('',#21674,#2583);
#1342=LINE('',#21676,#2584);
#1343=LINE('',#21679,#2585);
#1344=LINE('',#21681,#2586);
#1345=LINE('',#21683,#2587);
#1346=LINE('',#21685,#2588);
#1347=LINE('',#21687,#2589);
#1348=LINE('',#21689,#2590);
#1349=LINE('',#21692,#2591);
#1350=LINE('',#21694,#2592);
#1351=LINE('',#21697,#2593);
#1352=LINE('',#21699,#2594);
#1353=LINE('',#21702,#2595);
#1354=LINE('',#21704,#2596);
#1355=LINE('',#21707,#2597);
#1356=LINE('',#21709,#2598);
#1357=LINE('',#21712,#2599);
#1358=LINE('',#21714,#2600);
#1359=LINE('',#21717,#2601);
#1360=LINE('',#21719,#2602);
#1361=LINE('',#21721,#2603);
#1362=LINE('',#21723,#2604);
#1363=LINE('',#21726,#2605);
#1364=LINE('',#21728,#2606);
#1365=LINE('',#21730,#2607);
#1366=LINE('',#21732,#2608);
#1367=LINE('',#21735,#2609);
#1368=LINE('',#21737,#2610);
#1369=LINE('',#21740,#2611);
#1370=LINE('',#21742,#2612);
#1371=LINE('',#21745,#2613);
#1372=LINE('',#21747,#2614);
#1373=LINE('',#21750,#2615);
#1374=LINE('',#21752,#2616);
#1375=LINE('',#21755,#2617);
#1376=LINE('',#21757,#2618);
#1377=LINE('',#21760,#2619);
#1378=LINE('',#21762,#2620);
#1379=LINE('',#21764,#2621);
#1380=LINE('',#21766,#2622);
#1381=LINE('',#21769,#2623);
#1382=LINE('',#21771,#2624);
#1383=LINE('',#21773,#2625);
#1384=LINE('',#21775,#2626);
#1385=LINE('',#21778,#2627);
#1386=LINE('',#21780,#2628);
#1387=LINE('',#21782,#2629);
#1388=LINE('',#21784,#2630);
#1389=LINE('',#21786,#2631);
#1390=LINE('',#21788,#2632);
#1391=LINE('',#21791,#2633);
#1392=LINE('',#21793,#2634);
#1393=LINE('',#21795,#2635);
#1394=LINE('',#21797,#2636);
#1395=LINE('',#21799,#2637);
#1396=LINE('',#21801,#2638);
#1397=LINE('',#21804,#2639);
#1398=LINE('',#21806,#2640);
#1399=LINE('',#21809,#2641);
#1400=LINE('',#21811,#2642);
#1401=LINE('',#21814,#2643);
#1402=LINE('',#21816,#2644);
#1403=LINE('',#21819,#2645);
#1404=LINE('',#21821,#2646);
#1405=LINE('',#21824,#2647);
#1406=LINE('',#21826,#2648);
#1407=LINE('',#21828,#2649);
#1408=LINE('',#21830,#2650);
#1409=LINE('',#21832,#2651);
#1410=LINE('',#21834,#2652);
#1411=LINE('',#21837,#2653);
#1412=LINE('',#21839,#2654);
#1413=LINE('',#21841,#2655);
#1414=LINE('',#21843,#2656);
#1415=LINE('',#21845,#2657);
#1416=LINE('',#21847,#2658);
#1417=LINE('',#21850,#2659);
#1418=LINE('',#21852,#2660);
#1419=LINE('',#21855,#2661);
#1420=LINE('',#21857,#2662);
#1421=LINE('',#21860,#2663);
#1422=LINE('',#21862,#2664);
#1423=LINE('',#21865,#2665);
#1424=LINE('',#21867,#2666);
#1425=LINE('',#21870,#2667);
#1426=LINE('',#21872,#2668);
#1427=LINE('',#21875,#2669);
#1428=LINE('',#21877,#2670);
#1429=LINE('',#21880,#2671);
#1430=LINE('',#21882,#2672);
#1431=LINE('',#21885,#2673);
#1432=LINE('',#21887,#2674);
#1433=LINE('',#21890,#2675);
#1434=LINE('',#21892,#2676);
#1435=LINE('',#21895,#2677);
#1436=LINE('',#21897,#2678);
#1437=LINE('',#21900,#2679);
#1438=LINE('',#21902,#2680);
#1439=LINE('',#21904,#2681);
#1440=LINE('',#21906,#2682);
#1441=LINE('',#21908,#2683);
#1442=LINE('',#21910,#2684);
#1443=LINE('',#21913,#2685);
#1444=LINE('',#21915,#2686);
#1445=LINE('',#21917,#2687);
#1446=LINE('',#21919,#2688);
#1447=LINE('',#21921,#2689);
#1448=LINE('',#21923,#2690);
#1449=LINE('',#21926,#2691);
#1450=LINE('',#21928,#2692);
#1451=LINE('',#21931,#2693);
#1452=LINE('',#21933,#2694);
#1453=LINE('',#21936,#2695);
#1454=LINE('',#21938,#2696);
#1455=LINE('',#21941,#2697);
#1456=LINE('',#21943,#2698);
#1457=LINE('',#21946,#2699);
#1458=LINE('',#21948,#2700);
#1459=LINE('',#21951,#2701);
#1460=LINE('',#21953,#2702);
#1461=LINE('',#21956,#2703);
#1462=LINE('',#21958,#2704);
#1463=LINE('',#21960,#2705);
#1464=LINE('',#21962,#2706);
#1465=LINE('',#21965,#2707);
#1466=LINE('',#21967,#2708);
#1467=LINE('',#21969,#2709);
#1468=LINE('',#21971,#2710);
#1469=LINE('',#21974,#2711);
#1470=LINE('',#21976,#2712);
#1471=LINE('',#21978,#2713);
#1472=LINE('',#21980,#2714);
#1473=LINE('',#21983,#2715);
#1474=LINE('',#21985,#2716);
#1475=LINE('',#21987,#2717);
#1476=LINE('',#21989,#2718);
#1477=LINE('',#21992,#2719);
#1478=LINE('',#21994,#2720);
#1479=LINE('',#21997,#2721);
#1480=LINE('',#21999,#2722);
#1481=LINE('',#22002,#2723);
#1482=LINE('',#22004,#2724);
#1483=LINE('',#22007,#2725);
#1484=LINE('',#22009,#2726);
#1485=LINE('',#22012,#2727);
#1486=LINE('',#22014,#2728);
#1487=LINE('',#22016,#2729);
#1488=LINE('',#22018,#2730);
#1489=LINE('',#22020,#2731);
#1490=LINE('',#22022,#2732);
#1491=LINE('',#22025,#2733);
#1492=LINE('',#22027,#2734);
#1493=LINE('',#22029,#2735);
#1494=LINE('',#22031,#2736);
#1495=LINE('',#22033,#2737);
#1496=LINE('',#22035,#2738);
#1497=LINE('',#22038,#2739);
#1498=LINE('',#22040,#2740);
#1499=LINE('',#22043,#2741);
#1500=LINE('',#22045,#2742);
#1501=LINE('',#22048,#2743);
#1502=LINE('',#22050,#2744);
#1503=LINE('',#22053,#2745);
#1504=LINE('',#22055,#2746);
#1505=LINE('',#22058,#2747);
#1506=LINE('',#22060,#2748);
#1507=LINE('',#22063,#2749);
#1508=LINE('',#22065,#2750);
#1509=LINE('',#22068,#2751);
#1510=LINE('',#22070,#2752);
#1511=LINE('',#22072,#2753);
#1512=LINE('',#22074,#2754);
#1513=LINE('',#22076,#2755);
#1514=LINE('',#22078,#2756);
#1515=LINE('',#22081,#2757);
#1516=LINE('',#22083,#2758);
#1517=LINE('',#22085,#2759);
#1518=LINE('',#22087,#2760);
#1519=LINE('',#22089,#2761);
#1520=LINE('',#22091,#2762);
#1521=LINE('',#22094,#2763);
#1522=LINE('',#22096,#2764);
#1523=LINE('',#22099,#2765);
#1524=LINE('',#22101,#2766);
#1525=LINE('',#22104,#2767);
#1526=LINE('',#22106,#2768);
#1527=LINE('',#22109,#2769);
#1528=LINE('',#22111,#2770);
#1529=LINE('',#22114,#2771);
#1530=LINE('',#22116,#2772);
#1531=LINE('',#22118,#2773);
#1532=LINE('',#22120,#2774);
#1533=LINE('',#22122,#2775);
#1534=LINE('',#22124,#2776);
#1535=LINE('',#22127,#2777);
#1536=LINE('',#22129,#2778);
#1537=LINE('',#22131,#2779);
#1538=LINE('',#22133,#2780);
#1539=LINE('',#22135,#2781);
#1540=LINE('',#22137,#2782);
#1541=LINE('',#22140,#2783);
#1542=LINE('',#22142,#2784);
#1543=LINE('',#22145,#2785);
#1544=LINE('',#22147,#2786);
#1545=LINE('',#22149,#2787);
#1546=LINE('',#22151,#2788);
#1547=LINE('',#22154,#2789);
#1548=LINE('',#22156,#2790);
#1549=LINE('',#22158,#2791);
#1550=LINE('',#22160,#2792);
#1551=LINE('',#22163,#2793);
#1552=LINE('',#22165,#2794);
#1553=LINE('',#22168,#2795);
#1554=LINE('',#22170,#2796);
#1555=LINE('',#22173,#2797);
#1556=LINE('',#22175,#2798);
#1557=LINE('',#22177,#2799);
#1558=LINE('',#22179,#2800);
#1559=LINE('',#22181,#2801);
#1560=LINE('',#22183,#2802);
#1561=LINE('',#22186,#2803);
#1562=LINE('',#22188,#2804);
#1563=LINE('',#22190,#2805);
#1564=LINE('',#22192,#2806);
#1565=LINE('',#22194,#2807);
#1566=LINE('',#22196,#2808);
#1567=LINE('',#22198,#2809);
#1568=LINE('',#22200,#2810);
#1569=LINE('',#22203,#2811);
#1570=LINE('',#22205,#2812);
#1571=LINE('',#22207,#2813);
#1572=LINE('',#22209,#2814);
#1573=LINE('',#22212,#2815);
#1574=LINE('',#22214,#2816);
#1575=LINE('',#22216,#2817);
#1576=LINE('',#22218,#2818);
#1577=LINE('',#22220,#2819);
#1578=LINE('',#22222,#2820);
#1579=LINE('',#22225,#2821);
#1580=LINE('',#22227,#2822);
#1581=LINE('',#22230,#2823);
#1582=LINE('',#22232,#2824);
#1583=VECTOR('',#14691,1.);
#1584=VECTOR('',#14694,1.);
#1585=VECTOR('',#14697,1.);
#1586=VECTOR('',#14700,1.);
#1587=VECTOR('',#14703,1.);
#1588=VECTOR('',#14706,1.);
#1589=VECTOR('',#14709,1.);
#1590=VECTOR('',#14712,1.);
#1591=VECTOR('',#14715,1.);
#1592=VECTOR('',#14718,1.);
#1593=VECTOR('',#14719,1.);
#1594=VECTOR('',#14722,1.);
#1595=VECTOR('',#14723,1.);
#1596=VECTOR('',#14724,1.);
#1597=VECTOR('',#14727,1.);
#1598=VECTOR('',#14728,1.);
#1599=VECTOR('',#14731,1.);
#1600=VECTOR('',#14732,1.);
#1601=VECTOR('',#14733,1.);
#1602=VECTOR('',#14736,1.);
#1603=VECTOR('',#14739,1.);
#1604=VECTOR('',#14742,1.);
#1605=VECTOR('',#14745,1.);
#1606=VECTOR('',#14750,1.);
#1607=VECTOR('',#14753,1.);
#1608=VECTOR('',#14756,1.);
#1609=VECTOR('',#14759,1.);
#1610=VECTOR('',#14762,1.);
#1611=VECTOR('',#14763,1.);
#1612=VECTOR('',#14766,1.);
#1613=VECTOR('',#14767,1.);
#1614=VECTOR('',#14770,1.);
#1615=VECTOR('',#14771,1.);
#1616=VECTOR('',#14774,1.);
#1617=VECTOR('',#14775,1.);
#1618=VECTOR('',#14776,1.);
#1619=VECTOR('',#14779,1.);
#1620=VECTOR('',#14784,1.);
#1621=VECTOR('',#14787,1.);
#1622=VECTOR('',#14790,1.);
#1623=VECTOR('',#14793,1.);
#1624=VECTOR('',#14796,1.);
#1625=VECTOR('',#14799,1.);
#1626=VECTOR('',#14802,1.);
#1627=VECTOR('',#14805,1.);
#1628=VECTOR('',#14806,1.);
#1629=VECTOR('',#14809,1.);
#1630=VECTOR('',#14812,1.);
#1631=VECTOR('',#14815,1.);
#1632=VECTOR('',#14820,1.);
#1633=VECTOR('',#14823,1.);
#1634=VECTOR('',#14826,1.);
#1635=VECTOR('',#14829,1.);
#1636=VECTOR('',#14830,1.);
#1637=VECTOR('',#14833,1.);
#1638=VECTOR('',#14836,1.);
#1639=VECTOR('',#14839,1.);
#1640=VECTOR('',#14842,1.);
#1641=VECTOR('',#14845,1.);
#1642=VECTOR('',#14848,1.);
#1643=VECTOR('',#14851,1.);
#1644=VECTOR('',#14854,1.);
#1645=VECTOR('',#14857,1.);
#1646=VECTOR('',#14860,1.);
#1647=VECTOR('',#14863,1.);
#1648=VECTOR('',#14866,1.);
#1649=VECTOR('',#14869,1.);
#1650=VECTOR('',#14872,1.);
#1651=VECTOR('',#14875,1.);
#1652=VECTOR('',#14880,1.);
#1653=VECTOR('',#14883,1.);
#1654=VECTOR('',#14886,1.);
#1655=VECTOR('',#14889,1.);
#1656=VECTOR('',#14892,1.);
#1657=VECTOR('',#14895,1.);
#1658=VECTOR('',#14898,1.);
#1659=VECTOR('',#14901,1.);
#1660=VECTOR('',#14904,1.);
#1661=VECTOR('',#14907,1.);
#1662=VECTOR('',#14910,1.);
#1663=VECTOR('',#14913,1.);
#1664=VECTOR('',#14914,1.);
#1665=VECTOR('',#14917,1.);
#1666=VECTOR('',#14920,1.);
#1667=VECTOR('',#14923,1.);
#1668=VECTOR('',#14926,1.);
#1669=VECTOR('',#14929,1.);
#1670=VECTOR('',#14932,1.);
#1671=VECTOR('',#14935,1.);
#1672=VECTOR('',#14938,1.);
#1673=VECTOR('',#14939,1.);
#1674=VECTOR('',#14942,1.);
#1675=VECTOR('',#14943,1.);
#1676=VECTOR('',#14946,1.);
#1677=VECTOR('',#14949,1.);
#1678=VECTOR('',#14950,1.);
#1679=VECTOR('',#14953,1.);
#1680=VECTOR('',#14956,1.);
#1681=VECTOR('',#14957,1.);
#1682=VECTOR('',#14960,1.);
#1683=VECTOR('',#14961,1.);
#1684=VECTOR('',#14964,1.);
#1685=VECTOR('',#14965,1.);
#1686=VECTOR('',#14968,1.);
#1687=VECTOR('',#14969,1.);
#1688=VECTOR('',#14970,1.);
#1689=VECTOR('',#14973,1.);
#1690=VECTOR('',#14976,1.);
#1691=VECTOR('',#14979,1.);
#1692=VECTOR('',#14982,1.);
#1693=VECTOR('',#14985,1.);
#1694=VECTOR('',#14988,1.);
#1695=VECTOR('',#14991,1.);
#1696=VECTOR('',#14996,1.);
#1697=VECTOR('',#14999,1.);
#1698=VECTOR('',#15002,1.);
#1699=VECTOR('',#15005,1.);
#1700=VECTOR('',#15006,1.);
#1701=VECTOR('',#15009,1.);
#1702=VECTOR('',#15012,1.);
#1703=VECTOR('',#15015,1.);
#1704=VECTOR('',#15018,1.);
#1705=VECTOR('',#15021,1.);
#1706=VECTOR('',#15024,1.);
#1707=VECTOR('',#15027,1.);
#1708=VECTOR('',#15032,1.);
#1709=VECTOR('',#15035,1.);
#1710=VECTOR('',#15038,1.);
#1711=VECTOR('',#15041,1.);
#1712=VECTOR('',#15044,1.);
#1713=VECTOR('',#15047,1.);
#1714=VECTOR('',#15050,1.);
#1715=VECTOR('',#15053,1.);
#1716=VECTOR('',#15056,1.);
#1717=VECTOR('',#15059,1.);
#1718=VECTOR('',#15062,1.);
#1719=VECTOR('',#15065,1.);
#1720=VECTOR('',#15068,1.);
#1721=VECTOR('',#15071,1.);
#1722=VECTOR('',#15074,1.);
#1723=VECTOR('',#15077,1.);
#1724=VECTOR('',#15080,1.);
#1725=VECTOR('',#15083,1.);
#1726=VECTOR('',#15086,1.);
#1727=VECTOR('',#15089,1.);
#1728=VECTOR('',#15092,1.);
#1729=VECTOR('',#15095,1.);
#1730=VECTOR('',#15098,1.);
#1731=VECTOR('',#15101,1.);
#1732=VECTOR('',#15104,1.);
#1733=VECTOR('',#15107,1.);
#1734=VECTOR('',#15110,1.);
#1735=VECTOR('',#15113,1.);
#1736=VECTOR('',#15116,1.);
#1737=VECTOR('',#15119,1.);
#1738=VECTOR('',#15122,1.);
#1739=VECTOR('',#15125,1.);
#1740=VECTOR('',#15128,1.);
#1741=VECTOR('',#15131,1.);
#1742=VECTOR('',#15134,1.);
#1743=VECTOR('',#15137,1.);
#1744=VECTOR('',#15138,1.);
#1745=VECTOR('',#15141,1.);
#1746=VECTOR('',#15144,1.);
#1747=VECTOR('',#15147,1.);
#1748=VECTOR('',#15150,1.);
#1749=VECTOR('',#15153,1.);
#1750=VECTOR('',#15156,1.);
#1751=VECTOR('',#15159,1.);
#1752=VECTOR('',#15162,1.);
#1753=VECTOR('',#15165,1.);
#1754=VECTOR('',#15166,1.);
#1755=VECTOR('',#15169,1.);
#1756=VECTOR('',#15170,1.);
#1757=VECTOR('',#15171,1.);
#1758=VECTOR('',#15174,1.);
#1759=VECTOR('',#15175,1.);
#1760=VECTOR('',#15180,1.);
#1761=VECTOR('',#15183,1.);
#1762=VECTOR('',#15186,1.);
#1763=VECTOR('',#15189,1.);
#1764=VECTOR('',#15192,1.);
#1765=VECTOR('',#15195,1.);
#1766=VECTOR('',#15198,1.);
#1767=VECTOR('',#15201,1.);
#1768=VECTOR('',#15204,1.);
#1769=VECTOR('',#15207,1.);
#1770=VECTOR('',#15210,1.);
#1771=VECTOR('',#15211,1.);
#1772=VECTOR('',#15214,1.);
#1773=VECTOR('',#15215,1.);
#1774=VECTOR('',#15218,1.);
#1775=VECTOR('',#15219,1.);
#1776=VECTOR('',#15222,1.);
#1777=VECTOR('',#15223,1.);
#1778=VECTOR('',#15226,1.);
#1779=VECTOR('',#15229,1.);
#1780=VECTOR('',#15232,1.);
#1781=VECTOR('',#15235,1.);
#1782=VECTOR('',#15238,1.);
#1783=VECTOR('',#15241,1.);
#1784=VECTOR('',#15244,1.);
#1785=VECTOR('',#15247,1.);
#1786=VECTOR('',#15250,1.);
#1787=VECTOR('',#15253,1.);
#1788=VECTOR('',#15256,1.);
#1789=VECTOR('',#15259,1.);
#1790=VECTOR('',#15262,1.);
#1791=VECTOR('',#15265,1.);
#1792=VECTOR('',#15268,1.);
#1793=VECTOR('',#15271,1.);
#1794=VECTOR('',#15274,1.);
#1795=VECTOR('',#15277,1.);
#1796=VECTOR('',#15280,1.);
#1797=VECTOR('',#15283,1.);
#1798=VECTOR('',#15286,1.);
#1799=VECTOR('',#15289,1.);
#1800=VECTOR('',#15290,1.);
#1801=VECTOR('',#15293,1.);
#1802=VECTOR('',#15296,1.);
#1803=VECTOR('',#15299,1.);
#1804=VECTOR('',#15302,1.);
#1805=VECTOR('',#15305,1.);
#1806=VECTOR('',#15308,1.);
#1807=VECTOR('',#15311,1.);
#1808=VECTOR('',#15314,1.);
#1809=VECTOR('',#15317,1.);
#1810=VECTOR('',#15320,1.);
#1811=VECTOR('',#15323,1.);
#1812=VECTOR('',#15326,1.);
#1813=VECTOR('',#15329,1.);
#1814=VECTOR('',#15332,1.);
#1815=VECTOR('',#15335,1.);
#1816=VECTOR('',#15340,1.);
#1817=VECTOR('',#15343,1.);
#1818=VECTOR('',#15346,1.);
#1819=VECTOR('',#15349,1.);
#1820=VECTOR('',#15350,1.);
#1821=VECTOR('',#15353,1.);
#1822=VECTOR('',#15356,1.);
#1823=VECTOR('',#15359,1.);
#1824=VECTOR('',#15362,1.);
#1825=VECTOR('',#15365,1.);
#1826=VECTOR('',#15368,1.);
#1827=VECTOR('',#15371,1.);
#1828=VECTOR('',#15376,1.);
#1829=VECTOR('',#15379,1.);
#1830=VECTOR('',#15382,1.);
#1831=VECTOR('',#15385,1.);
#1832=VECTOR('',#15388,1.);
#1833=VECTOR('',#15391,1.);
#1834=VECTOR('',#15394,1.);
#1835=VECTOR('',#15397,1.);
#1836=VECTOR('',#15398,1.);
#1837=VECTOR('',#15399,1.);
#1838=VECTOR('',#15402,1.);
#1839=VECTOR('',#15403,1.);
#1840=VECTOR('',#15406,1.);
#1841=VECTOR('',#15409,1.);
#1842=VECTOR('',#15410,1.);
#1843=VECTOR('',#15413,1.);
#1844=VECTOR('',#15414,1.);
#1845=VECTOR('',#15417,1.);
#1846=VECTOR('',#15420,1.);
#1847=VECTOR('',#15423,1.);
#1848=VECTOR('',#15426,1.);
#1849=VECTOR('',#15429,1.);
#1850=VECTOR('',#15432,1.);
#1851=VECTOR('',#15435,1.);
#1852=VECTOR('',#15440,1.);
#1853=VECTOR('',#15441,1.);
#1854=VECTOR('',#15444,1.);
#1855=VECTOR('',#15445,1.);
#1856=VECTOR('',#15448,1.);
#1857=VECTOR('',#15449,1.);
#1858=VECTOR('',#15452,1.);
#1859=VECTOR('',#15453,1.);
#1860=VECTOR('',#15454,1.);
#1861=VECTOR('',#15457,1.);
#1862=VECTOR('',#15458,1.);
#1863=VECTOR('',#15461,1.);
#1864=VECTOR('',#15464,1.);
#1865=VECTOR('',#15467,1.);
#1866=VECTOR('',#15470,1.);
#1867=VECTOR('',#15471,1.);
#1868=VECTOR('',#15474,1.);
#1869=VECTOR('',#15477,1.);
#1870=VECTOR('',#15480,1.);
#1871=VECTOR('',#15483,1.);
#1872=VECTOR('',#15486,1.);
#1873=VECTOR('',#15489,1.);
#1874=VECTOR('',#15492,1.);
#1875=VECTOR('',#15495,1.);
#1876=VECTOR('',#15498,1.);
#1877=VECTOR('',#15503,1.);
#1878=VECTOR('',#15506,1.);
#1879=VECTOR('',#15509,1.);
#1880=VECTOR('',#15512,1.);
#1881=VECTOR('',#15513,1.);
#1882=VECTOR('',#15516,1.);
#1883=VECTOR('',#15521,1.);
#1884=VECTOR('',#15524,1.);
#1885=VECTOR('',#15527,1.);
#1886=VECTOR('',#15530,1.);
#1887=VECTOR('',#15533,1.);
#1888=VECTOR('',#15536,1.);
#1889=VECTOR('',#15539,1.);
#1890=VECTOR('',#15542,1.);
#1891=VECTOR('',#15543,1.);
#1892=VECTOR('',#15546,1.);
#1893=VECTOR('',#15549,1.);
#1894=VECTOR('',#15552,1.);
#1895=VECTOR('',#15555,1.);
#1896=VECTOR('',#15558,1.);
#1897=VECTOR('',#15563,1.);
#1898=VECTOR('',#15570,1.);
#1899=VECTOR('',#15573,1.);
#1900=VECTOR('',#15576,1.);
#1901=VECTOR('',#15579,1.);
#1902=VECTOR('',#15654,1.);
#1903=VECTOR('',#15657,1.);
#1904=VECTOR('',#15660,1.);
#1905=VECTOR('',#15663,1.);
#1906=VECTOR('',#15666,1.);
#1907=VECTOR('',#15669,1.);
#1908=VECTOR('',#15672,1.);
#1909=VECTOR('',#15675,1.);
#1910=VECTOR('',#15678,1.);
#1911=VECTOR('',#15679,1.);
#1912=VECTOR('',#15682,1.);
#1913=VECTOR('',#15683,1.);
#1914=VECTOR('',#15686,1.);
#1915=VECTOR('',#15689,1.);
#1916=VECTOR('',#15690,1.);
#1917=VECTOR('',#15691,1.);
#1918=VECTOR('',#15694,1.);
#1919=VECTOR('',#15695,1.);
#1920=VECTOR('',#15698,1.);
#1921=VECTOR('',#15699,1.);
#1922=VECTOR('',#15702,1.);
#1923=VECTOR('',#15705,1.);
#1924=VECTOR('',#15708,1.);
#1925=VECTOR('',#15713,1.);
#1926=VECTOR('',#15716,1.);
#1927=VECTOR('',#15719,1.);
#1928=VECTOR('',#15722,1.);
#1929=VECTOR('',#15725,1.);
#1930=VECTOR('',#15726,1.);
#1931=VECTOR('',#15729,1.);
#1932=VECTOR('',#15730,1.);
#1933=VECTOR('',#15733,1.);
#1934=VECTOR('',#15734,1.);
#1935=VECTOR('',#15737,1.);
#1936=VECTOR('',#15738,1.);
#1937=VECTOR('',#15739,1.);
#1938=VECTOR('',#15742,1.);
#1939=VECTOR('',#15747,1.);
#1940=VECTOR('',#15750,1.);
#1941=VECTOR('',#15753,1.);
#1942=VECTOR('',#15756,1.);
#1943=VECTOR('',#15759,1.);
#1944=VECTOR('',#15762,1.);
#1945=VECTOR('',#15765,1.);
#1946=VECTOR('',#15768,1.);
#1947=VECTOR('',#15769,1.);
#1948=VECTOR('',#15772,1.);
#1949=VECTOR('',#15775,1.);
#1950=VECTOR('',#15778,1.);
#1951=VECTOR('',#15783,1.);
#1952=VECTOR('',#15786,1.);
#1953=VECTOR('',#15789,1.);
#1954=VECTOR('',#15792,1.);
#1955=VECTOR('',#15793,1.);
#1956=VECTOR('',#15796,1.);
#1957=VECTOR('',#15799,1.);
#1958=VECTOR('',#15802,1.);
#1959=VECTOR('',#15805,1.);
#1960=VECTOR('',#15808,1.);
#1961=VECTOR('',#15811,1.);
#1962=VECTOR('',#15814,1.);
#1963=VECTOR('',#15817,1.);
#1964=VECTOR('',#15820,1.);
#1965=VECTOR('',#15823,1.);
#1966=VECTOR('',#15826,1.);
#1967=VECTOR('',#15829,1.);
#1968=VECTOR('',#15832,1.);
#1969=VECTOR('',#15835,1.);
#1970=VECTOR('',#15838,1.);
#1971=VECTOR('',#15843,1.);
#1972=VECTOR('',#15846,1.);
#1973=VECTOR('',#15849,1.);
#1974=VECTOR('',#15852,1.);
#1975=VECTOR('',#15855,1.);
#1976=VECTOR('',#15858,1.);
#1977=VECTOR('',#15861,1.);
#1978=VECTOR('',#15864,1.);
#1979=VECTOR('',#15867,1.);
#1980=VECTOR('',#15870,1.);
#1981=VECTOR('',#15873,1.);
#1982=VECTOR('',#15876,1.);
#1983=VECTOR('',#15877,1.);
#1984=VECTOR('',#15880,1.);
#1985=VECTOR('',#15883,1.);
#1986=VECTOR('',#15886,1.);
#1987=VECTOR('',#15889,1.);
#1988=VECTOR('',#15892,1.);
#1989=VECTOR('',#15895,1.);
#1990=VECTOR('',#15898,1.);
#1991=VECTOR('',#15901,1.);
#1992=VECTOR('',#15904,1.);
#1993=VECTOR('',#15905,1.);
#1994=VECTOR('',#15908,1.);
#1995=VECTOR('',#15909,1.);
#1996=VECTOR('',#15910,1.);
#1997=VECTOR('',#15913,1.);
#1998=VECTOR('',#15914,1.);
#1999=VECTOR('',#15919,1.);
#2000=VECTOR('',#15920,1.);
#2001=VECTOR('',#15923,1.);
#2002=VECTOR('',#15924,1.);
#2003=VECTOR('',#15927,1.);
#2004=VECTOR('',#15928,1.);
#2005=VECTOR('',#15931,1.);
#2006=VECTOR('',#15932,1.);
#2007=VECTOR('',#15933,1.);
#2008=VECTOR('',#15936,1.);
#2009=VECTOR('',#15939,1.);
#2010=VECTOR('',#15942,1.);
#2011=VECTOR('',#15945,1.);
#2012=VECTOR('',#15948,1.);
#2013=VECTOR('',#15951,1.);
#2014=VECTOR('',#15954,1.);
#2015=VECTOR('',#15959,1.);
#2016=VECTOR('',#15962,1.);
#2017=VECTOR('',#15965,1.);
#2018=VECTOR('',#15968,1.);
#2019=VECTOR('',#15969,1.);
#2020=VECTOR('',#15972,1.);
#2021=VECTOR('',#15975,1.);
#2022=VECTOR('',#15978,1.);
#2023=VECTOR('',#15981,1.);
#2024=VECTOR('',#15984,1.);
#2025=VECTOR('',#15987,1.);
#2026=VECTOR('',#15990,1.);
#2027=VECTOR('',#15995,1.);
#2028=VECTOR('',#15998,1.);
#2029=VECTOR('',#16001,1.);
#2030=VECTOR('',#16004,1.);
#2031=VECTOR('',#16007,1.);
#2032=VECTOR('',#16010,1.);
#2033=VECTOR('',#16013,1.);
#2034=VECTOR('',#16016,1.);
#2035=VECTOR('',#16019,1.);
#2036=VECTOR('',#16022,1.);
#2037=VECTOR('',#16025,1.);
#2038=VECTOR('',#16028,1.);
#2039=VECTOR('',#16031,1.);
#2040=VECTOR('',#16034,1.);
#2041=VECTOR('',#16037,1.);
#2042=VECTOR('',#16040,1.);
#2043=VECTOR('',#16043,1.);
#2044=VECTOR('',#16046,1.);
#2045=VECTOR('',#16049,1.);
#2046=VECTOR('',#16052,1.);
#2047=VECTOR('',#16055,1.);
#2048=VECTOR('',#16058,1.);
#2049=VECTOR('',#16061,1.);
#2050=VECTOR('',#16064,1.);
#2051=VECTOR('',#16067,1.);
#2052=VECTOR('',#16070,1.);
#2053=VECTOR('',#16073,1.);
#2054=VECTOR('',#16076,1.);
#2055=VECTOR('',#16079,1.);
#2056=VECTOR('',#16082,1.);
#2057=VECTOR('',#16085,1.);
#2058=VECTOR('',#16088,1.);
#2059=VECTOR('',#16091,1.);
#2060=VECTOR('',#16094,1.);
#2061=VECTOR('',#16097,1.);
#2062=VECTOR('',#16100,1.);
#2063=VECTOR('',#16101,1.);
#2064=VECTOR('',#16104,1.);
#2065=VECTOR('',#16107,1.);
#2066=VECTOR('',#16110,1.);
#2067=VECTOR('',#16113,1.);
#2068=VECTOR('',#16116,1.);
#2069=VECTOR('',#16119,1.);
#2070=VECTOR('',#16122,1.);
#2071=VECTOR('',#16125,1.);
#2072=VECTOR('',#16126,1.);
#2073=VECTOR('',#16129,1.);
#2074=VECTOR('',#16130,1.);
#2075=VECTOR('',#16133,1.);
#2076=VECTOR('',#16136,1.);
#2077=VECTOR('',#16137,1.);
#2078=VECTOR('',#16140,1.);
#2079=VECTOR('',#16143,1.);
#2080=VECTOR('',#16146,1.);
#2081=VECTOR('',#16149,1.);
#2082=VECTOR('',#16152,1.);
#2083=VECTOR('',#16155,1.);
#2084=VECTOR('',#16158,1.);
#2085=VECTOR('',#16161,1.);
#2086=VECTOR('',#16164,1.);
#2087=VECTOR('',#16167,1.);
#2088=VECTOR('',#16170,1.);
#2089=VECTOR('',#16173,1.);
#2090=VECTOR('',#16174,1.);
#2091=VECTOR('',#16177,1.);
#2092=VECTOR('',#16178,1.);
#2093=VECTOR('',#16181,1.);
#2094=VECTOR('',#16182,1.);
#2095=VECTOR('',#16185,1.);
#2096=VECTOR('',#16186,1.);
#2097=VECTOR('',#16189,1.);
#2098=VECTOR('',#16192,1.);
#2099=VECTOR('',#16195,1.);
#2100=VECTOR('',#16198,1.);
#2101=VECTOR('',#16201,1.);
#2102=VECTOR('',#16204,1.);
#2103=VECTOR('',#16207,1.);
#2104=VECTOR('',#16210,1.);
#2105=VECTOR('',#16213,1.);
#2106=VECTOR('',#16216,1.);
#2107=VECTOR('',#16219,1.);
#2108=VECTOR('',#16222,1.);
#2109=VECTOR('',#16225,1.);
#2110=VECTOR('',#16228,1.);
#2111=VECTOR('',#16231,1.);
#2112=VECTOR('',#16234,1.);
#2113=VECTOR('',#16237,1.);
#2114=VECTOR('',#16240,1.);
#2115=VECTOR('',#16243,1.);
#2116=VECTOR('',#16246,1.);
#2117=VECTOR('',#16249,1.);
#2118=VECTOR('',#16252,1.);
#2119=VECTOR('',#16253,1.);
#2120=VECTOR('',#16256,1.);
#2121=VECTOR('',#16259,1.);
#2122=VECTOR('',#16262,1.);
#2123=VECTOR('',#16265,1.);
#2124=VECTOR('',#16268,1.);
#2125=VECTOR('',#16271,1.);
#2126=VECTOR('',#16274,1.);
#2127=VECTOR('',#16277,1.);
#2128=VECTOR('',#16280,1.);
#2129=VECTOR('',#16283,1.);
#2130=VECTOR('',#16286,1.);
#2131=VECTOR('',#16289,1.);
#2132=VECTOR('',#16292,1.);
#2133=VECTOR('',#16295,1.);
#2134=VECTOR('',#16298,1.);
#2135=VECTOR('',#16303,1.);
#2136=VECTOR('',#16306,1.);
#2137=VECTOR('',#16309,1.);
#2138=VECTOR('',#16312,1.);
#2139=VECTOR('',#16313,1.);
#2140=VECTOR('',#16316,1.);
#2141=VECTOR('',#16319,1.);
#2142=VECTOR('',#16322,1.);
#2143=VECTOR('',#16325,1.);
#2144=VECTOR('',#16328,1.);
#2145=VECTOR('',#16331,1.);
#2146=VECTOR('',#16334,1.);
#2147=VECTOR('',#16339,1.);
#2148=VECTOR('',#16342,1.);
#2149=VECTOR('',#16345,1.);
#2150=VECTOR('',#16348,1.);
#2151=VECTOR('',#16351,1.);
#2152=VECTOR('',#16354,1.);
#2153=VECTOR('',#16357,1.);
#2154=VECTOR('',#16360,1.);
#2155=VECTOR('',#16361,1.);
#2156=VECTOR('',#16364,1.);
#2157=VECTOR('',#16365,1.);
#2158=VECTOR('',#16368,1.);
#2159=VECTOR('',#16369,1.);
#2160=VECTOR('',#16370,1.);
#2161=VECTOR('',#16373,1.);
#2162=VECTOR('',#16374,1.);
#2163=VECTOR('',#16377,1.);
#2164=VECTOR('',#16380,1.);
#2165=VECTOR('',#16383,1.);
#2166=VECTOR('',#16386,1.);
#2167=VECTOR('',#16389,1.);
#2168=VECTOR('',#16392,1.);
#2169=VECTOR('',#16395,1.);
#2170=VECTOR('',#16398,1.);
#2171=VECTOR('',#16403,1.);
#2172=VECTOR('',#16404,1.);
#2173=VECTOR('',#16407,1.);
#2174=VECTOR('',#16408,1.);
#2175=VECTOR('',#16411,1.);
#2176=VECTOR('',#16412,1.);
#2177=VECTOR('',#16415,1.);
#2178=VECTOR('',#16416,1.);
#2179=VECTOR('',#16417,1.);
#2180=VECTOR('',#16420,1.);
#2181=VECTOR('',#16421,1.);
#2182=VECTOR('',#16424,1.);
#2183=VECTOR('',#16427,1.);
#2184=VECTOR('',#16430,1.);
#2185=VECTOR('',#16433,1.);
#2186=VECTOR('',#16434,1.);
#2187=VECTOR('',#16437,1.);
#2188=VECTOR('',#16440,1.);
#2189=VECTOR('',#16443,1.);
#2190=VECTOR('',#16446,1.);
#2191=VECTOR('',#16449,1.);
#2192=VECTOR('',#16452,1.);
#2193=VECTOR('',#16455,1.);
#2194=VECTOR('',#16458,1.);
#2195=VECTOR('',#16461,1.);
#2196=VECTOR('',#16466,1.);
#2197=VECTOR('',#16469,1.);
#2198=VECTOR('',#16472,1.);
#2199=VECTOR('',#16475,1.);
#2200=VECTOR('',#16476,1.);
#2201=VECTOR('',#16479,1.);
#2202=VECTOR('',#16484,1.);
#2203=VECTOR('',#16487,1.);
#2204=VECTOR('',#16490,1.);
#2205=VECTOR('',#16493,1.);
#2206=VECTOR('',#16496,1.);
#2207=VECTOR('',#16499,1.);
#2208=VECTOR('',#16502,1.);
#2209=VECTOR('',#16505,1.);
#2210=VECTOR('',#16506,1.);
#2211=VECTOR('',#16509,1.);
#2212=VECTOR('',#16512,1.);
#2213=VECTOR('',#16515,1.);
#2214=VECTOR('',#16518,1.);
#2215=VECTOR('',#16521,1.);
#2216=VECTOR('',#16524,1.);
#2217=VECTOR('',#16527,1.);
#2218=VECTOR('',#16530,1.);
#2219=VECTOR('',#16533,1.);
#2220=VECTOR('',#16536,1.);
#2221=VECTOR('',#16547,1.);
#2222=VECTOR('',#16548,1.);
#2223=VECTOR('',#16551,1.);
#2224=VECTOR('',#16552,1.);
#2225=VECTOR('',#16555,1.);
#2226=VECTOR('',#16556,1.);
#2227=VECTOR('',#16559,1.);
#2228=VECTOR('',#16560,1.);
#2229=VECTOR('',#16563,1.);
#2230=VECTOR('',#16564,1.);
#2231=VECTOR('',#16567,1.);
#2232=VECTOR('',#16568,1.);
#2233=VECTOR('',#16571,1.);
#2234=VECTOR('',#16572,1.);
#2235=VECTOR('',#16575,1.);
#2236=VECTOR('',#16576,1.);
#2237=VECTOR('',#16579,1.);
#2238=VECTOR('',#16580,1.);
#2239=VECTOR('',#16583,1.);
#2240=VECTOR('',#16584,1.);
#2241=VECTOR('',#16587,1.);
#2242=VECTOR('',#16588,1.);
#2243=VECTOR('',#16591,1.);
#2244=VECTOR('',#16592,1.);
#2245=VECTOR('',#16595,1.);
#2246=VECTOR('',#16596,1.);
#2247=VECTOR('',#16599,1.);
#2248=VECTOR('',#16600,1.);
#2249=VECTOR('',#16603,1.);
#2250=VECTOR('',#16604,1.);
#2251=VECTOR('',#16607,1.);
#2252=VECTOR('',#16608,1.);
#2253=VECTOR('',#16611,1.);
#2254=VECTOR('',#16612,1.);
#2255=VECTOR('',#16615,1.);
#2256=VECTOR('',#16616,1.);
#2257=VECTOR('',#16619,1.);
#2258=VECTOR('',#16620,1.);
#2259=VECTOR('',#16623,1.);
#2260=VECTOR('',#16624,1.);
#2261=VECTOR('',#16627,1.);
#2262=VECTOR('',#16628,1.);
#2263=VECTOR('',#16631,1.);
#2264=VECTOR('',#16632,1.);
#2265=VECTOR('',#16635,1.);
#2266=VECTOR('',#16636,1.);
#2267=VECTOR('',#16639,1.);
#2268=VECTOR('',#16640,1.);
#2269=VECTOR('',#16643,1.);
#2270=VECTOR('',#16644,1.);
#2271=VECTOR('',#16647,1.);
#2272=VECTOR('',#16648,1.);
#2273=VECTOR('',#16651,1.);
#2274=VECTOR('',#16652,1.);
#2275=VECTOR('',#16655,1.);
#2276=VECTOR('',#16656,1.);
#2277=VECTOR('',#16659,1.);
#2278=VECTOR('',#16660,1.);
#2279=VECTOR('',#16663,1.);
#2280=VECTOR('',#16664,1.);
#2281=VECTOR('',#16667,1.);
#2282=VECTOR('',#16668,1.);
#2283=VECTOR('',#16671,1.);
#2284=VECTOR('',#16672,1.);
#2285=VECTOR('',#16675,1.);
#2286=VECTOR('',#16676,1.);
#2287=VECTOR('',#16679,1.);
#2288=VECTOR('',#16680,1.);
#2289=VECTOR('',#16683,1.);
#2290=VECTOR('',#16684,1.);
#2291=VECTOR('',#16687,1.);
#2292=VECTOR('',#16688,1.);
#2293=VECTOR('',#16691,1.);
#2294=VECTOR('',#16692,1.);
#2295=VECTOR('',#16695,1.);
#2296=VECTOR('',#16696,1.);
#2297=VECTOR('',#16699,1.);
#2298=VECTOR('',#16700,1.);
#2299=VECTOR('',#16703,1.);
#2300=VECTOR('',#16704,1.);
#2301=VECTOR('',#16707,1.);
#2302=VECTOR('',#16708,1.);
#2303=VECTOR('',#16711,1.);
#2304=VECTOR('',#16712,1.);
#2305=VECTOR('',#16715,1.);
#2306=VECTOR('',#16716,1.);
#2307=VECTOR('',#16719,1.);
#2308=VECTOR('',#16720,1.);
#2309=VECTOR('',#16723,1.);
#2310=VECTOR('',#16724,1.);
#2311=VECTOR('',#16727,1.);
#2312=VECTOR('',#16728,1.);
#2313=VECTOR('',#16731,1.);
#2314=VECTOR('',#16732,1.);
#2315=VECTOR('',#16735,1.);
#2316=VECTOR('',#16736,1.);
#2317=VECTOR('',#16739,1.);
#2318=VECTOR('',#16740,1.);
#2319=VECTOR('',#16743,1.);
#2320=VECTOR('',#16744,1.);
#2321=VECTOR('',#16747,1.);
#2322=VECTOR('',#16748,1.);
#2323=VECTOR('',#16751,1.);
#2324=VECTOR('',#16752,1.);
#2325=VECTOR('',#16755,1.);
#2326=VECTOR('',#16756,1.);
#2327=VECTOR('',#16759,1.);
#2328=VECTOR('',#16760,1.);
#2329=VECTOR('',#16763,1.);
#2330=VECTOR('',#16764,1.);
#2331=VECTOR('',#16767,1.);
#2332=VECTOR('',#16768,1.);
#2333=VECTOR('',#16771,1.);
#2334=VECTOR('',#16772,1.);
#2335=VECTOR('',#16775,1.);
#2336=VECTOR('',#16776,1.);
#2337=VECTOR('',#16779,1.);
#2338=VECTOR('',#16780,1.);
#2339=VECTOR('',#16783,1.);
#2340=VECTOR('',#16784,1.);
#2341=VECTOR('',#16787,1.);
#2342=VECTOR('',#16788,1.);
#2343=VECTOR('',#16791,1.);
#2344=VECTOR('',#16792,1.);
#2345=VECTOR('',#16795,1.);
#2346=VECTOR('',#16796,1.);
#2347=VECTOR('',#16799,1.);
#2348=VECTOR('',#16800,1.);
#2349=VECTOR('',#16803,1.);
#2350=VECTOR('',#16804,1.);
#2351=VECTOR('',#16807,1.);
#2352=VECTOR('',#16808,1.);
#2353=VECTOR('',#16811,1.);
#2354=VECTOR('',#16812,1.);
#2355=VECTOR('',#16815,1.);
#2356=VECTOR('',#16816,1.);
#2357=VECTOR('',#16819,1.);
#2358=VECTOR('',#16820,1.);
#2359=VECTOR('',#16823,1.);
#2360=VECTOR('',#16824,1.);
#2361=VECTOR('',#16827,1.);
#2362=VECTOR('',#16828,1.);
#2363=VECTOR('',#16831,1.);
#2364=VECTOR('',#16832,1.);
#2365=VECTOR('',#16835,1.);
#2366=VECTOR('',#16836,1.);
#2367=VECTOR('',#16839,1.);
#2368=VECTOR('',#16840,1.);
#2369=VECTOR('',#16843,1.);
#2370=VECTOR('',#16844,1.);
#2371=VECTOR('',#16847,1.);
#2372=VECTOR('',#16848,1.);
#2373=VECTOR('',#16851,1.);
#2374=VECTOR('',#16852,1.);
#2375=VECTOR('',#16855,1.);
#2376=VECTOR('',#16856,1.);
#2377=VECTOR('',#16859,1.);
#2378=VECTOR('',#16860,1.);
#2379=VECTOR('',#16863,1.);
#2380=VECTOR('',#16864,1.);
#2381=VECTOR('',#16867,1.);
#2382=VECTOR('',#16868,1.);
#2383=VECTOR('',#16871,1.);
#2384=VECTOR('',#16872,1.);
#2385=VECTOR('',#16875,1.);
#2386=VECTOR('',#16876,1.);
#2387=VECTOR('',#16879,1.);
#2388=VECTOR('',#16880,1.);
#2389=VECTOR('',#16883,1.);
#2390=VECTOR('',#16884,1.);
#2391=VECTOR('',#16887,1.);
#2392=VECTOR('',#16888,1.);
#2393=VECTOR('',#16891,1.);
#2394=VECTOR('',#16892,1.);
#2395=VECTOR('',#16895,1.);
#2396=VECTOR('',#16896,1.);
#2397=VECTOR('',#16899,1.);
#2398=VECTOR('',#16900,1.);
#2399=VECTOR('',#16903,1.);
#2400=VECTOR('',#16904,1.);
#2401=VECTOR('',#16907,1.);
#2402=VECTOR('',#16908,1.);
#2403=VECTOR('',#16911,1.);
#2404=VECTOR('',#16912,1.);
#2405=VECTOR('',#16915,1.);
#2406=VECTOR('',#16916,1.);
#2407=VECTOR('',#16919,1.);
#2408=VECTOR('',#16920,1.);
#2409=VECTOR('',#16923,1.);
#2410=VECTOR('',#16924,1.);
#2411=VECTOR('',#16927,1.);
#2412=VECTOR('',#16928,1.);
#2413=VECTOR('',#16931,1.);
#2414=VECTOR('',#16932,1.);
#2415=VECTOR('',#16935,1.);
#2416=VECTOR('',#16936,1.);
#2417=VECTOR('',#16939,1.);
#2418=VECTOR('',#16940,1.);
#2419=VECTOR('',#16943,1.);
#2420=VECTOR('',#16944,1.);
#2421=VECTOR('',#16947,1.);
#2422=VECTOR('',#16948,1.);
#2423=VECTOR('',#16951,1.);
#2424=VECTOR('',#16952,1.);
#2425=VECTOR('',#16955,1.);
#2426=VECTOR('',#16956,1.);
#2427=VECTOR('',#16959,1.);
#2428=VECTOR('',#16960,1.);
#2429=VECTOR('',#16963,1.);
#2430=VECTOR('',#16964,1.);
#2431=VECTOR('',#16967,1.);
#2432=VECTOR('',#16968,1.);
#2433=VECTOR('',#16971,1.);
#2434=VECTOR('',#16972,1.);
#2435=VECTOR('',#16975,1.);
#2436=VECTOR('',#16976,1.);
#2437=VECTOR('',#16979,1.);
#2438=VECTOR('',#16980,1.);
#2439=VECTOR('',#16983,1.);
#2440=VECTOR('',#16984,1.);
#2441=VECTOR('',#16987,1.);
#2442=VECTOR('',#16988,1.);
#2443=VECTOR('',#16991,1.);
#2444=VECTOR('',#16992,1.);
#2445=VECTOR('',#16995,1.);
#2446=VECTOR('',#16996,1.);
#2447=VECTOR('',#16999,1.);
#2448=VECTOR('',#17000,1.);
#2449=VECTOR('',#17003,1.);
#2450=VECTOR('',#17004,1.);
#2451=VECTOR('',#17077,1.);
#2452=VECTOR('',#17080,1.);
#2453=VECTOR('',#17083,1.);
#2454=VECTOR('',#17086,1.);
#2455=VECTOR('',#17089,1.);
#2456=VECTOR('',#17092,1.);
#2457=VECTOR('',#17095,1.);
#2458=VECTOR('',#17098,1.);
#2459=VECTOR('',#17101,1.);
#2460=VECTOR('',#17104,1.);
#2461=VECTOR('',#17109,1.);
#2462=VECTOR('',#17112,1.);
#2463=VECTOR('',#17117,1.);
#2464=VECTOR('',#17120,1.);
#2465=VECTOR('',#17125,1.);
#2466=VECTOR('',#17128,1.);
#2467=VECTOR('',#17133,1.);
#2468=VECTOR('',#17136,1.);
#2469=VECTOR('',#17139,1.);
#2470=VECTOR('',#17142,1.);
#2471=VECTOR('',#17145,1.);
#2472=VECTOR('',#17148,1.);
#2473=VECTOR('',#17153,1.);
#2474=VECTOR('',#17156,1.);
#2475=VECTOR('',#17159,1.);
#2476=VECTOR('',#17162,1.);
#2477=VECTOR('',#17165,1.);
#2478=VECTOR('',#17168,1.);
#2479=VECTOR('',#17173,1.);
#2480=VECTOR('',#17176,1.);
#2481=VECTOR('',#17181,1.);
#2482=VECTOR('',#17184,1.);
#2483=VECTOR('',#17189,1.);
#2484=VECTOR('',#17192,1.);
#2485=VECTOR('',#17197,1.);
#2486=VECTOR('',#17200,1.);
#2487=VECTOR('',#17205,1.);
#2488=VECTOR('',#17208,1.);
#2489=VECTOR('',#17211,1.);
#2490=VECTOR('',#17214,1.);
#2491=VECTOR('',#17217,1.);
#2492=VECTOR('',#17220,1.);
#2493=VECTOR('',#17225,1.);
#2494=VECTOR('',#17228,1.);
#2495=VECTOR('',#17231,1.);
#2496=VECTOR('',#17234,1.);
#2497=VECTOR('',#17237,1.);
#2498=VECTOR('',#17240,1.);
#2499=VECTOR('',#17245,1.);
#2500=VECTOR('',#17248,1.);
#2501=VECTOR('',#17253,1.);
#2502=VECTOR('',#17256,1.);
#2503=VECTOR('',#17261,1.);
#2504=VECTOR('',#17264,1.);
#2505=VECTOR('',#17267,1.);
#2506=VECTOR('',#17270,1.);
#2507=VECTOR('',#17273,1.);
#2508=VECTOR('',#17276,1.);
#2509=VECTOR('',#17279,1.);
#2510=VECTOR('',#17282,1.);
#2511=VECTOR('',#17287,1.);
#2512=VECTOR('',#17290,1.);
#2513=VECTOR('',#17293,1.);
#2514=VECTOR('',#17296,1.);
#2515=VECTOR('',#17301,1.);
#2516=VECTOR('',#17304,1.);
#2517=VECTOR('',#17309,1.);
#2518=VECTOR('',#17312,1.);
#2519=VECTOR('',#17317,1.);
#2520=VECTOR('',#17320,1.);
#2521=VECTOR('',#17325,1.);
#2522=VECTOR('',#17328,1.);
#2523=VECTOR('',#17333,1.);
#2524=VECTOR('',#17336,1.);
#2525=VECTOR('',#17339,1.);
#2526=VECTOR('',#17342,1.);
#2527=VECTOR('',#17347,1.);
#2528=VECTOR('',#17350,1.);
#2529=VECTOR('',#17353,1.);
#2530=VECTOR('',#17356,1.);
#2531=VECTOR('',#17361,1.);
#2532=VECTOR('',#17364,1.);
#2533=VECTOR('',#17367,1.);
#2534=VECTOR('',#17370,1.);
#2535=VECTOR('',#17373,1.);
#2536=VECTOR('',#17376,1.);
#2537=VECTOR('',#17381,1.);
#2538=VECTOR('',#17384,1.);
#2539=VECTOR('',#17387,1.);
#2540=VECTOR('',#17390,1.);
#2541=VECTOR('',#17393,1.);
#2542=VECTOR('',#17396,1.);
#2543=VECTOR('',#17401,1.);
#2544=VECTOR('',#17404,1.);
#2545=VECTOR('',#17409,1.);
#2546=VECTOR('',#17412,1.);
#2547=VECTOR('',#17417,1.);
#2548=VECTOR('',#17420,1.);
#2549=VECTOR('',#17425,1.);
#2550=VECTOR('',#17428,1.);
#2551=VECTOR('',#17433,1.);
#2552=VECTOR('',#17436,1.);
#2553=VECTOR('',#17441,1.);
#2554=VECTOR('',#17444,1.);
#2555=VECTOR('',#17449,1.);
#2556=VECTOR('',#17452,1.);
#2557=VECTOR('',#17455,1.);
#2558=VECTOR('',#17458,1.);
#2559=VECTOR('',#17461,1.);
#2560=VECTOR('',#17464,1.);
#2561=VECTOR('',#17469,1.);
#2562=VECTOR('',#17472,1.);
#2563=VECTOR('',#17475,1.);
#2564=VECTOR('',#17478,1.);
#2565=VECTOR('',#17481,1.);
#2566=VECTOR('',#17484,1.);
#2567=VECTOR('',#17489,1.);
#2568=VECTOR('',#17492,1.);
#2569=VECTOR('',#17497,1.);
#2570=VECTOR('',#17500,1.);
#2571=VECTOR('',#17505,1.);
#2572=VECTOR('',#17508,1.);
#2573=VECTOR('',#17513,1.);
#2574=VECTOR('',#17516,1.);
#2575=VECTOR('',#17521,1.);
#2576=VECTOR('',#17524,1.);
#2577=VECTOR('',#17529,1.);
#2578=VECTOR('',#17532,1.);
#2579=VECTOR('',#17537,1.);
#2580=VECTOR('',#17540,1.);
#2581=VECTOR('',#17543,1.);
#2582=VECTOR('',#17546,1.);
#2583=VECTOR('',#17549,1.);
#2584=VECTOR('',#17552,1.);
#2585=VECTOR('',#17557,1.);
#2586=VECTOR('',#17560,1.);
#2587=VECTOR('',#17563,1.);
#2588=VECTOR('',#17566,1.);
#2589=VECTOR('',#17569,1.);
#2590=VECTOR('',#17572,1.);
#2591=VECTOR('',#17577,1.);
#2592=VECTOR('',#17580,1.);
#2593=VECTOR('',#17585,1.);
#2594=VECTOR('',#17588,1.);
#2595=VECTOR('',#17593,1.);
#2596=VECTOR('',#17596,1.);
#2597=VECTOR('',#17601,1.);
#2598=VECTOR('',#17604,1.);
#2599=VECTOR('',#17609,1.);
#2600=VECTOR('',#17612,1.);
#2601=VECTOR('',#17617,1.);
#2602=VECTOR('',#17620,1.);
#2603=VECTOR('',#17623,1.);
#2604=VECTOR('',#17626,1.);
#2605=VECTOR('',#17631,1.);
#2606=VECTOR('',#17634,1.);
#2607=VECTOR('',#17637,1.);
#2608=VECTOR('',#17640,1.);
#2609=VECTOR('',#17645,1.);
#2610=VECTOR('',#17648,1.);
#2611=VECTOR('',#17653,1.);
#2612=VECTOR('',#17656,1.);
#2613=VECTOR('',#17661,1.);
#2614=VECTOR('',#17664,1.);
#2615=VECTOR('',#17669,1.);
#2616=VECTOR('',#17672,1.);
#2617=VECTOR('',#17677,1.);
#2618=VECTOR('',#17680,1.);
#2619=VECTOR('',#17685,1.);
#2620=VECTOR('',#17688,1.);
#2621=VECTOR('',#17691,1.);
#2622=VECTOR('',#17694,1.);
#2623=VECTOR('',#17699,1.);
#2624=VECTOR('',#17702,1.);
#2625=VECTOR('',#17705,1.);
#2626=VECTOR('',#17708,1.);
#2627=VECTOR('',#17713,1.);
#2628=VECTOR('',#17716,1.);
#2629=VECTOR('',#17719,1.);
#2630=VECTOR('',#17722,1.);
#2631=VECTOR('',#17725,1.);
#2632=VECTOR('',#17728,1.);
#2633=VECTOR('',#17733,1.);
#2634=VECTOR('',#17736,1.);
#2635=VECTOR('',#17739,1.);
#2636=VECTOR('',#17742,1.);
#2637=VECTOR('',#17745,1.);
#2638=VECTOR('',#17748,1.);
#2639=VECTOR('',#17753,1.);
#2640=VECTOR('',#17756,1.);
#2641=VECTOR('',#17761,1.);
#2642=VECTOR('',#17764,1.);
#2643=VECTOR('',#17769,1.);
#2644=VECTOR('',#17772,1.);
#2645=VECTOR('',#17777,1.);
#2646=VECTOR('',#17780,1.);
#2647=VECTOR('',#17785,1.);
#2648=VECTOR('',#17788,1.);
#2649=VECTOR('',#17791,1.);
#2650=VECTOR('',#17794,1.);
#2651=VECTOR('',#17797,1.);
#2652=VECTOR('',#17800,1.);
#2653=VECTOR('',#17805,1.);
#2654=VECTOR('',#17808,1.);
#2655=VECTOR('',#17811,1.);
#2656=VECTOR('',#17814,1.);
#2657=VECTOR('',#17817,1.);
#2658=VECTOR('',#17820,1.);
#2659=VECTOR('',#17825,1.);
#2660=VECTOR('',#17828,1.);
#2661=VECTOR('',#17833,1.);
#2662=VECTOR('',#17836,1.);
#2663=VECTOR('',#17841,1.);
#2664=VECTOR('',#17844,1.);
#2665=VECTOR('',#17849,1.);
#2666=VECTOR('',#17852,1.);
#2667=VECTOR('',#17857,1.);
#2668=VECTOR('',#17860,1.);
#2669=VECTOR('',#17865,1.);
#2670=VECTOR('',#17868,1.);
#2671=VECTOR('',#17873,1.);
#2672=VECTOR('',#17876,1.);
#2673=VECTOR('',#17881,1.);
#2674=VECTOR('',#17884,1.);
#2675=VECTOR('',#17889,1.);
#2676=VECTOR('',#17892,1.);
#2677=VECTOR('',#17897,1.);
#2678=VECTOR('',#17900,1.);
#2679=VECTOR('',#17905,1.);
#2680=VECTOR('',#17908,1.);
#2681=VECTOR('',#17911,1.);
#2682=VECTOR('',#17914,1.);
#2683=VECTOR('',#17917,1.);
#2684=VECTOR('',#17920,1.);
#2685=VECTOR('',#17925,1.);
#2686=VECTOR('',#17928,1.);
#2687=VECTOR('',#17931,1.);
#2688=VECTOR('',#17934,1.);
#2689=VECTOR('',#17937,1.);
#2690=VECTOR('',#17940,1.);
#2691=VECTOR('',#17945,1.);
#2692=VECTOR('',#17948,1.);
#2693=VECTOR('',#17953,1.);
#2694=VECTOR('',#17956,1.);
#2695=VECTOR('',#17961,1.);
#2696=VECTOR('',#17964,1.);
#2697=VECTOR('',#17969,1.);
#2698=VECTOR('',#17972,1.);
#2699=VECTOR('',#17977,1.);
#2700=VECTOR('',#17980,1.);
#2701=VECTOR('',#17985,1.);
#2702=VECTOR('',#17988,1.);
#2703=VECTOR('',#17993,1.);
#2704=VECTOR('',#17996,1.);
#2705=VECTOR('',#17999,1.);
#2706=VECTOR('',#18002,1.);
#2707=VECTOR('',#18007,1.);
#2708=VECTOR('',#18010,1.);
#2709=VECTOR('',#18013,1.);
#2710=VECTOR('',#18016,1.);
#2711=VECTOR('',#18021,1.);
#2712=VECTOR('',#18024,1.);
#2713=VECTOR('',#18027,1.);
#2714=VECTOR('',#18030,1.);
#2715=VECTOR('',#18035,1.);
#2716=VECTOR('',#18038,1.);
#2717=VECTOR('',#18041,1.);
#2718=VECTOR('',#18044,1.);
#2719=VECTOR('',#18049,1.);
#2720=VECTOR('',#18052,1.);
#2721=VECTOR('',#18057,1.);
#2722=VECTOR('',#18060,1.);
#2723=VECTOR('',#18065,1.);
#2724=VECTOR('',#18068,1.);
#2725=VECTOR('',#18073,1.);
#2726=VECTOR('',#18076,1.);
#2727=VECTOR('',#18081,1.);
#2728=VECTOR('',#18084,1.);
#2729=VECTOR('',#18087,1.);
#2730=VECTOR('',#18090,1.);
#2731=VECTOR('',#18093,1.);
#2732=VECTOR('',#18096,1.);
#2733=VECTOR('',#18101,1.);
#2734=VECTOR('',#18104,1.);
#2735=VECTOR('',#18107,1.);
#2736=VECTOR('',#18110,1.);
#2737=VECTOR('',#18113,1.);
#2738=VECTOR('',#18116,1.);
#2739=VECTOR('',#18121,1.);
#2740=VECTOR('',#18124,1.);
#2741=VECTOR('',#18129,1.);
#2742=VECTOR('',#18132,1.);
#2743=VECTOR('',#18137,1.);
#2744=VECTOR('',#18140,1.);
#2745=VECTOR('',#18145,1.);
#2746=VECTOR('',#18148,1.);
#2747=VECTOR('',#18153,1.);
#2748=VECTOR('',#18156,1.);
#2749=VECTOR('',#18161,1.);
#2750=VECTOR('',#18164,1.);
#2751=VECTOR('',#18169,1.);
#2752=VECTOR('',#18172,1.);
#2753=VECTOR('',#18175,1.);
#2754=VECTOR('',#18178,1.);
#2755=VECTOR('',#18181,1.);
#2756=VECTOR('',#18184,1.);
#2757=VECTOR('',#18189,1.);
#2758=VECTOR('',#18192,1.);
#2759=VECTOR('',#18195,1.);
#2760=VECTOR('',#18198,1.);
#2761=VECTOR('',#18201,1.);
#2762=VECTOR('',#18204,1.);
#2763=VECTOR('',#18209,1.);
#2764=VECTOR('',#18212,1.);
#2765=VECTOR('',#18217,1.);
#2766=VECTOR('',#18220,1.);
#2767=VECTOR('',#18225,1.);
#2768=VECTOR('',#18228,1.);
#2769=VECTOR('',#18233,1.);
#2770=VECTOR('',#18236,1.);
#2771=VECTOR('',#18241,1.);
#2772=VECTOR('',#18244,1.);
#2773=VECTOR('',#18247,1.);
#2774=VECTOR('',#18250,1.);
#2775=VECTOR('',#18253,1.);
#2776=VECTOR('',#18256,1.);
#2777=VECTOR('',#18261,1.);
#2778=VECTOR('',#18264,1.);
#2779=VECTOR('',#18267,1.);
#2780=VECTOR('',#18270,1.);
#2781=VECTOR('',#18273,1.);
#2782=VECTOR('',#18276,1.);
#2783=VECTOR('',#18281,1.);
#2784=VECTOR('',#18284,1.);
#2785=VECTOR('',#18289,1.);
#2786=VECTOR('',#18292,1.);
#2787=VECTOR('',#18295,1.);
#2788=VECTOR('',#18298,1.);
#2789=VECTOR('',#18303,1.);
#2790=VECTOR('',#18306,1.);
#2791=VECTOR('',#18309,1.);
#2792=VECTOR('',#18312,1.);
#2793=VECTOR('',#18317,1.);
#2794=VECTOR('',#18320,1.);
#2795=VECTOR('',#18325,1.);
#2796=VECTOR('',#18328,1.);
#2797=VECTOR('',#18333,1.);
#2798=VECTOR('',#18336,1.);
#2799=VECTOR('',#18339,1.);
#2800=VECTOR('',#18342,1.);
#2801=VECTOR('',#18345,1.);
#2802=VECTOR('',#18348,1.);
#2803=VECTOR('',#18353,1.);
#2804=VECTOR('',#18356,1.);
#2805=VECTOR('',#18359,1.);
#2806=VECTOR('',#18362,1.);
#2807=VECTOR('',#18365,1.);
#2808=VECTOR('',#18368,1.);
#2809=VECTOR('',#18371,1.);
#2810=VECTOR('',#18374,1.);
#2811=VECTOR('',#18379,1.);
#2812=VECTOR('',#18382,1.);
#2813=VECTOR('',#18385,1.);
#2814=VECTOR('',#18388,1.);
#2815=VECTOR('',#18393,1.);
#2816=VECTOR('',#18396,1.);
#2817=VECTOR('',#18399,1.);
#2818=VECTOR('',#18402,1.);
#2819=VECTOR('',#18405,1.);
#2820=VECTOR('',#18408,1.);
#2821=VECTOR('',#18413,1.);
#2822=VECTOR('',#18416,1.);
#2823=VECTOR('',#18421,1.);
#2824=VECTOR('',#18424,1.);
#2825=ORIENTED_EDGE('',*,*,#6593,.T.);
#2826=ORIENTED_EDGE('',*,*,#6594,.T.);
#2827=ORIENTED_EDGE('',*,*,#6595,.T.);
#2828=ORIENTED_EDGE('',*,*,#6596,.F.);
#2829=ORIENTED_EDGE('',*,*,#6597,.T.);
#2830=ORIENTED_EDGE('',*,*,#6598,.T.);
#2831=ORIENTED_EDGE('',*,*,#6599,.T.);
#2832=ORIENTED_EDGE('',*,*,#6600,.T.);
#2833=ORIENTED_EDGE('',*,*,#6601,.T.);
#2834=ORIENTED_EDGE('',*,*,#6602,.T.);
#2835=ORIENTED_EDGE('',*,*,#6603,.T.);
#2836=ORIENTED_EDGE('',*,*,#6604,.T.);
#2837=ORIENTED_EDGE('',*,*,#6605,.T.);
#2838=ORIENTED_EDGE('',*,*,#6606,.T.);
#2839=ORIENTED_EDGE('',*,*,#6607,.F.);
#2840=ORIENTED_EDGE('',*,*,#6608,.T.);
#2841=ORIENTED_EDGE('',*,*,#6609,.T.);
#2842=ORIENTED_EDGE('',*,*,#6610,.T.);
#2843=ORIENTED_EDGE('',*,*,#6611,.F.);
#2844=ORIENTED_EDGE('',*,*,#6612,.T.);
#2845=ORIENTED_EDGE('',*,*,#6613,.T.);
#2846=ORIENTED_EDGE('',*,*,#6614,.T.);
#2847=ORIENTED_EDGE('',*,*,#6615,.T.);
#2848=ORIENTED_EDGE('',*,*,#6616,.T.);
#2849=ORIENTED_EDGE('',*,*,#6617,.T.);
#2850=ORIENTED_EDGE('',*,*,#6618,.T.);
#2851=ORIENTED_EDGE('',*,*,#6619,.T.);
#2852=ORIENTED_EDGE('',*,*,#6620,.T.);
#2853=ORIENTED_EDGE('',*,*,#6621,.T.);
#2854=ORIENTED_EDGE('',*,*,#6622,.T.);
#2855=ORIENTED_EDGE('',*,*,#6623,.T.);
#2856=ORIENTED_EDGE('',*,*,#6624,.T.);
#2857=ORIENTED_EDGE('',*,*,#6625,.T.);
#2858=ORIENTED_EDGE('',*,*,#6626,.T.);
#2859=ORIENTED_EDGE('',*,*,#6627,.F.);
#2860=ORIENTED_EDGE('',*,*,#6628,.F.);
#2861=ORIENTED_EDGE('',*,*,#6629,.T.);
#2862=ORIENTED_EDGE('',*,*,#6630,.T.);
#2863=ORIENTED_EDGE('',*,*,#6631,.T.);
#2864=ORIENTED_EDGE('',*,*,#6632,.T.);
#2865=ORIENTED_EDGE('',*,*,#6633,.T.);
#2866=ORIENTED_EDGE('',*,*,#6634,.T.);
#2867=ORIENTED_EDGE('',*,*,#6635,.T.);
#2868=ORIENTED_EDGE('',*,*,#6636,.T.);
#2869=ORIENTED_EDGE('',*,*,#6637,.T.);
#2870=ORIENTED_EDGE('',*,*,#6638,.T.);
#2871=ORIENTED_EDGE('',*,*,#6639,.T.);
#2872=ORIENTED_EDGE('',*,*,#6640,.T.);
#2873=ORIENTED_EDGE('',*,*,#6641,.T.);
#2874=ORIENTED_EDGE('',*,*,#6642,.T.);
#2875=ORIENTED_EDGE('',*,*,#6643,.T.);
#2876=ORIENTED_EDGE('',*,*,#6644,.T.);
#2877=ORIENTED_EDGE('',*,*,#6645,.T.);
#2878=ORIENTED_EDGE('',*,*,#6646,.T.);
#2879=ORIENTED_EDGE('',*,*,#6647,.T.);
#2880=ORIENTED_EDGE('',*,*,#6648,.T.);
#2881=ORIENTED_EDGE('',*,*,#6649,.T.);
#2882=ORIENTED_EDGE('',*,*,#6650,.T.);
#2883=ORIENTED_EDGE('',*,*,#6651,.T.);
#2884=ORIENTED_EDGE('',*,*,#6652,.T.);
#2885=ORIENTED_EDGE('',*,*,#6653,.T.);
#2886=ORIENTED_EDGE('',*,*,#6654,.T.);
#2887=ORIENTED_EDGE('',*,*,#6655,.T.);
#2888=ORIENTED_EDGE('',*,*,#6656,.T.);
#2889=ORIENTED_EDGE('',*,*,#6657,.T.);
#2890=ORIENTED_EDGE('',*,*,#6658,.T.);
#2891=ORIENTED_EDGE('',*,*,#6659,.T.);
#2892=ORIENTED_EDGE('',*,*,#6660,.T.);
#2893=ORIENTED_EDGE('',*,*,#6661,.T.);
#2894=ORIENTED_EDGE('',*,*,#6662,.T.);
#2895=ORIENTED_EDGE('',*,*,#6663,.T.);
#2896=ORIENTED_EDGE('',*,*,#6664,.T.);
#2897=ORIENTED_EDGE('',*,*,#6665,.T.);
#2898=ORIENTED_EDGE('',*,*,#6666,.T.);
#2899=ORIENTED_EDGE('',*,*,#6667,.T.);
#2900=ORIENTED_EDGE('',*,*,#6668,.T.);
#2901=ORIENTED_EDGE('',*,*,#6669,.T.);
#2902=ORIENTED_EDGE('',*,*,#6670,.T.);
#2903=ORIENTED_EDGE('',*,*,#6671,.T.);
#2904=ORIENTED_EDGE('',*,*,#6672,.T.);
#2905=ORIENTED_EDGE('',*,*,#6673,.T.);
#2906=ORIENTED_EDGE('',*,*,#6674,.T.);
#2907=ORIENTED_EDGE('',*,*,#6675,.T.);
#2908=ORIENTED_EDGE('',*,*,#6676,.T.);
#2909=ORIENTED_EDGE('',*,*,#6677,.T.);
#2910=ORIENTED_EDGE('',*,*,#6678,.T.);
#2911=ORIENTED_EDGE('',*,*,#6679,.T.);
#2912=ORIENTED_EDGE('',*,*,#6680,.T.);
#2913=ORIENTED_EDGE('',*,*,#6681,.T.);
#2914=ORIENTED_EDGE('',*,*,#6682,.T.);
#2915=ORIENTED_EDGE('',*,*,#6683,.T.);
#2916=ORIENTED_EDGE('',*,*,#6684,.T.);
#2917=ORIENTED_EDGE('',*,*,#6685,.T.);
#2918=ORIENTED_EDGE('',*,*,#6686,.T.);
#2919=ORIENTED_EDGE('',*,*,#6687,.T.);
#2920=ORIENTED_EDGE('',*,*,#6688,.T.);
#2921=ORIENTED_EDGE('',*,*,#6689,.T.);
#2922=ORIENTED_EDGE('',*,*,#6690,.T.);
#2923=ORIENTED_EDGE('',*,*,#6691,.T.);
#2924=ORIENTED_EDGE('',*,*,#6692,.T.);
#2925=ORIENTED_EDGE('',*,*,#6693,.T.);
#2926=ORIENTED_EDGE('',*,*,#6694,.T.);
#2927=ORIENTED_EDGE('',*,*,#6695,.T.);
#2928=ORIENTED_EDGE('',*,*,#6696,.T.);
#2929=ORIENTED_EDGE('',*,*,#6697,.T.);
#2930=ORIENTED_EDGE('',*,*,#6698,.T.);
#2931=ORIENTED_EDGE('',*,*,#6699,.T.);
#2932=ORIENTED_EDGE('',*,*,#6700,.T.);
#2933=ORIENTED_EDGE('',*,*,#6701,.T.);
#2934=ORIENTED_EDGE('',*,*,#6702,.T.);
#2935=ORIENTED_EDGE('',*,*,#6703,.T.);
#2936=ORIENTED_EDGE('',*,*,#6704,.T.);
#2937=ORIENTED_EDGE('',*,*,#6705,.T.);
#2938=ORIENTED_EDGE('',*,*,#6706,.T.);
#2939=ORIENTED_EDGE('',*,*,#6707,.T.);
#2940=ORIENTED_EDGE('',*,*,#6708,.T.);
#2941=ORIENTED_EDGE('',*,*,#6709,.T.);
#2942=ORIENTED_EDGE('',*,*,#6710,.T.);
#2943=ORIENTED_EDGE('',*,*,#6711,.T.);
#2944=ORIENTED_EDGE('',*,*,#6712,.T.);
#2945=ORIENTED_EDGE('',*,*,#6713,.T.);
#2946=ORIENTED_EDGE('',*,*,#6714,.T.);
#2947=ORIENTED_EDGE('',*,*,#6715,.T.);
#2948=ORIENTED_EDGE('',*,*,#6716,.T.);
#2949=ORIENTED_EDGE('',*,*,#6717,.T.);
#2950=ORIENTED_EDGE('',*,*,#6718,.T.);
#2951=ORIENTED_EDGE('',*,*,#6719,.T.);
#2952=ORIENTED_EDGE('',*,*,#6720,.T.);
#2953=ORIENTED_EDGE('',*,*,#6721,.T.);
#2954=ORIENTED_EDGE('',*,*,#6722,.T.);
#2955=ORIENTED_EDGE('',*,*,#6723,.T.);
#2956=ORIENTED_EDGE('',*,*,#6724,.T.);
#2957=ORIENTED_EDGE('',*,*,#6725,.T.);
#2958=ORIENTED_EDGE('',*,*,#6726,.T.);
#2959=ORIENTED_EDGE('',*,*,#6727,.T.);
#2960=ORIENTED_EDGE('',*,*,#6728,.T.);
#2961=ORIENTED_EDGE('',*,*,#6729,.T.);
#2962=ORIENTED_EDGE('',*,*,#6730,.T.);
#2963=ORIENTED_EDGE('',*,*,#6731,.T.);
#2964=ORIENTED_EDGE('',*,*,#6732,.T.);
#2965=ORIENTED_EDGE('',*,*,#6733,.T.);
#2966=ORIENTED_EDGE('',*,*,#6734,.T.);
#2967=ORIENTED_EDGE('',*,*,#6735,.T.);
#2968=ORIENTED_EDGE('',*,*,#6736,.T.);
#2969=ORIENTED_EDGE('',*,*,#6737,.T.);
#2970=ORIENTED_EDGE('',*,*,#6738,.T.);
#2971=ORIENTED_EDGE('',*,*,#6739,.T.);
#2972=ORIENTED_EDGE('',*,*,#6740,.T.);
#2973=ORIENTED_EDGE('',*,*,#6741,.T.);
#2974=ORIENTED_EDGE('',*,*,#6742,.T.);
#2975=ORIENTED_EDGE('',*,*,#6743,.T.);
#2976=ORIENTED_EDGE('',*,*,#6744,.T.);
#2977=ORIENTED_EDGE('',*,*,#6745,.T.);
#2978=ORIENTED_EDGE('',*,*,#6746,.T.);
#2979=ORIENTED_EDGE('',*,*,#6747,.T.);
#2980=ORIENTED_EDGE('',*,*,#6748,.T.);
#2981=ORIENTED_EDGE('',*,*,#6749,.T.);
#2982=ORIENTED_EDGE('',*,*,#6750,.T.);
#2983=ORIENTED_EDGE('',*,*,#6751,.T.);
#2984=ORIENTED_EDGE('',*,*,#6752,.T.);
#2985=ORIENTED_EDGE('',*,*,#6753,.T.);
#2986=ORIENTED_EDGE('',*,*,#6754,.T.);
#2987=ORIENTED_EDGE('',*,*,#6755,.T.);
#2988=ORIENTED_EDGE('',*,*,#6756,.T.);
#2989=ORIENTED_EDGE('',*,*,#6757,.T.);
#2990=ORIENTED_EDGE('',*,*,#6758,.T.);
#2991=ORIENTED_EDGE('',*,*,#6759,.T.);
#2992=ORIENTED_EDGE('',*,*,#6760,.T.);
#2993=ORIENTED_EDGE('',*,*,#6761,.T.);
#2994=ORIENTED_EDGE('',*,*,#6762,.T.);
#2995=ORIENTED_EDGE('',*,*,#6763,.T.);
#2996=ORIENTED_EDGE('',*,*,#6764,.T.);
#2997=ORIENTED_EDGE('',*,*,#6765,.T.);
#2998=ORIENTED_EDGE('',*,*,#6766,.T.);
#2999=ORIENTED_EDGE('',*,*,#6767,.T.);
#3000=ORIENTED_EDGE('',*,*,#6768,.T.);
#3001=ORIENTED_EDGE('',*,*,#6769,.T.);
#3002=ORIENTED_EDGE('',*,*,#6770,.T.);
#3003=ORIENTED_EDGE('',*,*,#6771,.T.);
#3004=ORIENTED_EDGE('',*,*,#6772,.T.);
#3005=ORIENTED_EDGE('',*,*,#6773,.T.);
#3006=ORIENTED_EDGE('',*,*,#6774,.T.);
#3007=ORIENTED_EDGE('',*,*,#6775,.T.);
#3008=ORIENTED_EDGE('',*,*,#6776,.T.);
#3009=ORIENTED_EDGE('',*,*,#6777,.T.);
#3010=ORIENTED_EDGE('',*,*,#6778,.T.);
#3011=ORIENTED_EDGE('',*,*,#6779,.T.);
#3012=ORIENTED_EDGE('',*,*,#6780,.T.);
#3013=ORIENTED_EDGE('',*,*,#6781,.T.);
#3014=ORIENTED_EDGE('',*,*,#6782,.T.);
#3015=ORIENTED_EDGE('',*,*,#6783,.T.);
#3016=ORIENTED_EDGE('',*,*,#6784,.T.);
#3017=ORIENTED_EDGE('',*,*,#6785,.T.);
#3018=ORIENTED_EDGE('',*,*,#6786,.T.);
#3019=ORIENTED_EDGE('',*,*,#6787,.T.);
#3020=ORIENTED_EDGE('',*,*,#6788,.T.);
#3021=ORIENTED_EDGE('',*,*,#6789,.T.);
#3022=ORIENTED_EDGE('',*,*,#6790,.T.);
#3023=ORIENTED_EDGE('',*,*,#6791,.T.);
#3024=ORIENTED_EDGE('',*,*,#6792,.T.);
#3025=ORIENTED_EDGE('',*,*,#6793,.T.);
#3026=ORIENTED_EDGE('',*,*,#6794,.T.);
#3027=ORIENTED_EDGE('',*,*,#6795,.T.);
#3028=ORIENTED_EDGE('',*,*,#6796,.T.);
#3029=ORIENTED_EDGE('',*,*,#6797,.T.);
#3030=ORIENTED_EDGE('',*,*,#6798,.T.);
#3031=ORIENTED_EDGE('',*,*,#6799,.T.);
#3032=ORIENTED_EDGE('',*,*,#6800,.T.);
#3033=ORIENTED_EDGE('',*,*,#6801,.T.);
#3034=ORIENTED_EDGE('',*,*,#6802,.T.);
#3035=ORIENTED_EDGE('',*,*,#6803,.T.);
#3036=ORIENTED_EDGE('',*,*,#6804,.T.);
#3037=ORIENTED_EDGE('',*,*,#6805,.T.);
#3038=ORIENTED_EDGE('',*,*,#6806,.T.);
#3039=ORIENTED_EDGE('',*,*,#6807,.T.);
#3040=ORIENTED_EDGE('',*,*,#6808,.T.);
#3041=ORIENTED_EDGE('',*,*,#6809,.T.);
#3042=ORIENTED_EDGE('',*,*,#6810,.T.);
#3043=ORIENTED_EDGE('',*,*,#6811,.T.);
#3044=ORIENTED_EDGE('',*,*,#6812,.T.);
#3045=ORIENTED_EDGE('',*,*,#6813,.T.);
#3046=ORIENTED_EDGE('',*,*,#6814,.T.);
#3047=ORIENTED_EDGE('',*,*,#6815,.T.);
#3048=ORIENTED_EDGE('',*,*,#6816,.T.);
#3049=ORIENTED_EDGE('',*,*,#6817,.T.);
#3050=ORIENTED_EDGE('',*,*,#6818,.T.);
#3051=ORIENTED_EDGE('',*,*,#6819,.T.);
#3052=ORIENTED_EDGE('',*,*,#6820,.T.);
#3053=ORIENTED_EDGE('',*,*,#6821,.T.);
#3054=ORIENTED_EDGE('',*,*,#6822,.T.);
#3055=ORIENTED_EDGE('',*,*,#6823,.T.);
#3056=ORIENTED_EDGE('',*,*,#6824,.T.);
#3057=ORIENTED_EDGE('',*,*,#6825,.T.);
#3058=ORIENTED_EDGE('',*,*,#6826,.T.);
#3059=ORIENTED_EDGE('',*,*,#6827,.T.);
#3060=ORIENTED_EDGE('',*,*,#6828,.T.);
#3061=ORIENTED_EDGE('',*,*,#6829,.T.);
#3062=ORIENTED_EDGE('',*,*,#6830,.T.);
#3063=ORIENTED_EDGE('',*,*,#6831,.T.);
#3064=ORIENTED_EDGE('',*,*,#6832,.T.);
#3065=ORIENTED_EDGE('',*,*,#6833,.T.);
#3066=ORIENTED_EDGE('',*,*,#6834,.T.);
#3067=ORIENTED_EDGE('',*,*,#6835,.T.);
#3068=ORIENTED_EDGE('',*,*,#6836,.T.);
#3069=ORIENTED_EDGE('',*,*,#6837,.T.);
#3070=ORIENTED_EDGE('',*,*,#6838,.T.);
#3071=ORIENTED_EDGE('',*,*,#6839,.T.);
#3072=ORIENTED_EDGE('',*,*,#6840,.T.);
#3073=ORIENTED_EDGE('',*,*,#6841,.T.);
#3074=ORIENTED_EDGE('',*,*,#6842,.T.);
#3075=ORIENTED_EDGE('',*,*,#6843,.T.);
#3076=ORIENTED_EDGE('',*,*,#6844,.T.);
#3077=ORIENTED_EDGE('',*,*,#6845,.T.);
#3078=ORIENTED_EDGE('',*,*,#6846,.T.);
#3079=ORIENTED_EDGE('',*,*,#6847,.T.);
#3080=ORIENTED_EDGE('',*,*,#6848,.T.);
#3081=ORIENTED_EDGE('',*,*,#6849,.T.);
#3082=ORIENTED_EDGE('',*,*,#6850,.T.);
#3083=ORIENTED_EDGE('',*,*,#6851,.T.);
#3084=ORIENTED_EDGE('',*,*,#6852,.T.);
#3085=ORIENTED_EDGE('',*,*,#6853,.T.);
#3086=ORIENTED_EDGE('',*,*,#6854,.T.);
#3087=ORIENTED_EDGE('',*,*,#6855,.T.);
#3088=ORIENTED_EDGE('',*,*,#6856,.T.);
#3089=ORIENTED_EDGE('',*,*,#6857,.T.);
#3090=ORIENTED_EDGE('',*,*,#6858,.T.);
#3091=ORIENTED_EDGE('',*,*,#6859,.T.);
#3092=ORIENTED_EDGE('',*,*,#6860,.T.);
#3093=ORIENTED_EDGE('',*,*,#6861,.T.);
#3094=ORIENTED_EDGE('',*,*,#6862,.T.);
#3095=ORIENTED_EDGE('',*,*,#6863,.T.);
#3096=ORIENTED_EDGE('',*,*,#6864,.T.);
#3097=ORIENTED_EDGE('',*,*,#6865,.T.);
#3098=ORIENTED_EDGE('',*,*,#6866,.T.);
#3099=ORIENTED_EDGE('',*,*,#6867,.T.);
#3100=ORIENTED_EDGE('',*,*,#6868,.T.);
#3101=ORIENTED_EDGE('',*,*,#6869,.T.);
#3102=ORIENTED_EDGE('',*,*,#6870,.T.);
#3103=ORIENTED_EDGE('',*,*,#6871,.T.);
#3104=ORIENTED_EDGE('',*,*,#6872,.T.);
#3105=ORIENTED_EDGE('',*,*,#6873,.T.);
#3106=ORIENTED_EDGE('',*,*,#6874,.T.);
#3107=ORIENTED_EDGE('',*,*,#6875,.T.);
#3108=ORIENTED_EDGE('',*,*,#6876,.T.);
#3109=ORIENTED_EDGE('',*,*,#6877,.T.);
#3110=ORIENTED_EDGE('',*,*,#6878,.T.);
#3111=ORIENTED_EDGE('',*,*,#6879,.T.);
#3112=ORIENTED_EDGE('',*,*,#6880,.T.);
#3113=ORIENTED_EDGE('',*,*,#6881,.T.);
#3114=ORIENTED_EDGE('',*,*,#6882,.T.);
#3115=ORIENTED_EDGE('',*,*,#6883,.T.);
#3116=ORIENTED_EDGE('',*,*,#6884,.T.);
#3117=ORIENTED_EDGE('',*,*,#6885,.T.);
#3118=ORIENTED_EDGE('',*,*,#6886,.T.);
#3119=ORIENTED_EDGE('',*,*,#6887,.T.);
#3120=ORIENTED_EDGE('',*,*,#6888,.T.);
#3121=ORIENTED_EDGE('',*,*,#6889,.T.);
#3122=ORIENTED_EDGE('',*,*,#6890,.T.);
#3123=ORIENTED_EDGE('',*,*,#6891,.T.);
#3124=ORIENTED_EDGE('',*,*,#6892,.T.);
#3125=ORIENTED_EDGE('',*,*,#6893,.T.);
#3126=ORIENTED_EDGE('',*,*,#6894,.T.);
#3127=ORIENTED_EDGE('',*,*,#6895,.T.);
#3128=ORIENTED_EDGE('',*,*,#6896,.T.);
#3129=ORIENTED_EDGE('',*,*,#6897,.T.);
#3130=ORIENTED_EDGE('',*,*,#6898,.T.);
#3131=ORIENTED_EDGE('',*,*,#6899,.T.);
#3132=ORIENTED_EDGE('',*,*,#6900,.T.);
#3133=ORIENTED_EDGE('',*,*,#6901,.T.);
#3134=ORIENTED_EDGE('',*,*,#6902,.T.);
#3135=ORIENTED_EDGE('',*,*,#6903,.T.);
#3136=ORIENTED_EDGE('',*,*,#6904,.T.);
#3137=ORIENTED_EDGE('',*,*,#6905,.T.);
#3138=ORIENTED_EDGE('',*,*,#6906,.T.);
#3139=ORIENTED_EDGE('',*,*,#6907,.T.);
#3140=ORIENTED_EDGE('',*,*,#6908,.T.);
#3141=ORIENTED_EDGE('',*,*,#6909,.T.);
#3142=ORIENTED_EDGE('',*,*,#6910,.T.);
#3143=ORIENTED_EDGE('',*,*,#6911,.T.);
#3144=ORIENTED_EDGE('',*,*,#6912,.T.);
#3145=ORIENTED_EDGE('',*,*,#6913,.T.);
#3146=ORIENTED_EDGE('',*,*,#6914,.T.);
#3147=ORIENTED_EDGE('',*,*,#6915,.T.);
#3148=ORIENTED_EDGE('',*,*,#6916,.T.);
#3149=ORIENTED_EDGE('',*,*,#6917,.T.);
#3150=ORIENTED_EDGE('',*,*,#6918,.T.);
#3151=ORIENTED_EDGE('',*,*,#6919,.T.);
#3152=ORIENTED_EDGE('',*,*,#6920,.T.);
#3153=ORIENTED_EDGE('',*,*,#6921,.T.);
#3154=ORIENTED_EDGE('',*,*,#6922,.T.);
#3155=ORIENTED_EDGE('',*,*,#6923,.T.);
#3156=ORIENTED_EDGE('',*,*,#6924,.T.);
#3157=ORIENTED_EDGE('',*,*,#6925,.T.);
#3158=ORIENTED_EDGE('',*,*,#6926,.T.);
#3159=ORIENTED_EDGE('',*,*,#6927,.T.);
#3160=ORIENTED_EDGE('',*,*,#6928,.T.);
#3161=ORIENTED_EDGE('',*,*,#6929,.T.);
#3162=ORIENTED_EDGE('',*,*,#6930,.T.);
#3163=ORIENTED_EDGE('',*,*,#6931,.T.);
#3164=ORIENTED_EDGE('',*,*,#6932,.T.);
#3165=ORIENTED_EDGE('',*,*,#6933,.T.);
#3166=ORIENTED_EDGE('',*,*,#6934,.T.);
#3167=ORIENTED_EDGE('',*,*,#6935,.T.);
#3168=ORIENTED_EDGE('',*,*,#6936,.T.);
#3169=ORIENTED_EDGE('',*,*,#6937,.T.);
#3170=ORIENTED_EDGE('',*,*,#6938,.T.);
#3171=ORIENTED_EDGE('',*,*,#6939,.T.);
#3172=ORIENTED_EDGE('',*,*,#6940,.T.);
#3173=ORIENTED_EDGE('',*,*,#6941,.T.);
#3174=ORIENTED_EDGE('',*,*,#6942,.T.);
#3175=ORIENTED_EDGE('',*,*,#6943,.T.);
#3176=ORIENTED_EDGE('',*,*,#6944,.T.);
#3177=ORIENTED_EDGE('',*,*,#6945,.T.);
#3178=ORIENTED_EDGE('',*,*,#6946,.T.);
#3179=ORIENTED_EDGE('',*,*,#6947,.T.);
#3180=ORIENTED_EDGE('',*,*,#6948,.T.);
#3181=ORIENTED_EDGE('',*,*,#6949,.T.);
#3182=ORIENTED_EDGE('',*,*,#6950,.T.);
#3183=ORIENTED_EDGE('',*,*,#6951,.T.);
#3184=ORIENTED_EDGE('',*,*,#6952,.T.);
#3185=ORIENTED_EDGE('',*,*,#6953,.T.);
#3186=ORIENTED_EDGE('',*,*,#6954,.T.);
#3187=ORIENTED_EDGE('',*,*,#6955,.T.);
#3188=ORIENTED_EDGE('',*,*,#6956,.T.);
#3189=ORIENTED_EDGE('',*,*,#6957,.T.);
#3190=ORIENTED_EDGE('',*,*,#6958,.T.);
#3191=ORIENTED_EDGE('',*,*,#6959,.T.);
#3192=ORIENTED_EDGE('',*,*,#6960,.T.);
#3193=ORIENTED_EDGE('',*,*,#6961,.T.);
#3194=ORIENTED_EDGE('',*,*,#6962,.T.);
#3195=ORIENTED_EDGE('',*,*,#6963,.T.);
#3196=ORIENTED_EDGE('',*,*,#6964,.T.);
#3197=ORIENTED_EDGE('',*,*,#6965,.T.);
#3198=ORIENTED_EDGE('',*,*,#6966,.T.);
#3199=ORIENTED_EDGE('',*,*,#6967,.T.);
#3200=ORIENTED_EDGE('',*,*,#6968,.T.);
#3201=ORIENTED_EDGE('',*,*,#6969,.T.);
#3202=ORIENTED_EDGE('',*,*,#6970,.T.);
#3203=ORIENTED_EDGE('',*,*,#6971,.T.);
#3204=ORIENTED_EDGE('',*,*,#6972,.T.);
#3205=ORIENTED_EDGE('',*,*,#6973,.T.);
#3206=ORIENTED_EDGE('',*,*,#6974,.T.);
#3207=ORIENTED_EDGE('',*,*,#6975,.T.);
#3208=ORIENTED_EDGE('',*,*,#6976,.T.);
#3209=ORIENTED_EDGE('',*,*,#6977,.T.);
#3210=ORIENTED_EDGE('',*,*,#6978,.T.);
#3211=ORIENTED_EDGE('',*,*,#6979,.T.);
#3212=ORIENTED_EDGE('',*,*,#6980,.T.);
#3213=ORIENTED_EDGE('',*,*,#6981,.T.);
#3214=ORIENTED_EDGE('',*,*,#6982,.T.);
#3215=ORIENTED_EDGE('',*,*,#6983,.T.);
#3216=ORIENTED_EDGE('',*,*,#6984,.T.);
#3217=ORIENTED_EDGE('',*,*,#6985,.T.);
#3218=ORIENTED_EDGE('',*,*,#6986,.T.);
#3219=ORIENTED_EDGE('',*,*,#6987,.T.);
#3220=ORIENTED_EDGE('',*,*,#6988,.T.);
#3221=ORIENTED_EDGE('',*,*,#6989,.T.);
#3222=ORIENTED_EDGE('',*,*,#6990,.T.);
#3223=ORIENTED_EDGE('',*,*,#6991,.T.);
#3224=ORIENTED_EDGE('',*,*,#6992,.T.);
#3225=ORIENTED_EDGE('',*,*,#6993,.T.);
#3226=ORIENTED_EDGE('',*,*,#6994,.T.);
#3227=ORIENTED_EDGE('',*,*,#6995,.T.);
#3228=ORIENTED_EDGE('',*,*,#6996,.T.);
#3229=ORIENTED_EDGE('',*,*,#6997,.T.);
#3230=ORIENTED_EDGE('',*,*,#6998,.T.);
#3231=ORIENTED_EDGE('',*,*,#6999,.T.);
#3232=ORIENTED_EDGE('',*,*,#7000,.T.);
#3233=ORIENTED_EDGE('',*,*,#7001,.T.);
#3234=ORIENTED_EDGE('',*,*,#7002,.T.);
#3235=ORIENTED_EDGE('',*,*,#7003,.T.);
#3236=ORIENTED_EDGE('',*,*,#7004,.T.);
#3237=ORIENTED_EDGE('',*,*,#7005,.T.);
#3238=ORIENTED_EDGE('',*,*,#7006,.T.);
#3239=ORIENTED_EDGE('',*,*,#7007,.T.);
#3240=ORIENTED_EDGE('',*,*,#7008,.T.);
#3241=ORIENTED_EDGE('',*,*,#7009,.T.);
#3242=ORIENTED_EDGE('',*,*,#7010,.T.);
#3243=ORIENTED_EDGE('',*,*,#7011,.T.);
#3244=ORIENTED_EDGE('',*,*,#7012,.T.);
#3245=ORIENTED_EDGE('',*,*,#7013,.T.);
#3246=ORIENTED_EDGE('',*,*,#7014,.T.);
#3247=ORIENTED_EDGE('',*,*,#7015,.T.);
#3248=ORIENTED_EDGE('',*,*,#7016,.T.);
#3249=ORIENTED_EDGE('',*,*,#7017,.T.);
#3250=ORIENTED_EDGE('',*,*,#7018,.T.);
#3251=ORIENTED_EDGE('',*,*,#7019,.T.);
#3252=ORIENTED_EDGE('',*,*,#7020,.T.);
#3253=ORIENTED_EDGE('',*,*,#7021,.T.);
#3254=ORIENTED_EDGE('',*,*,#7022,.T.);
#3255=ORIENTED_EDGE('',*,*,#7023,.T.);
#3256=ORIENTED_EDGE('',*,*,#7024,.T.);
#3257=ORIENTED_EDGE('',*,*,#7025,.T.);
#3258=ORIENTED_EDGE('',*,*,#7026,.T.);
#3259=ORIENTED_EDGE('',*,*,#7027,.T.);
#3260=ORIENTED_EDGE('',*,*,#7028,.T.);
#3261=ORIENTED_EDGE('',*,*,#7029,.T.);
#3262=ORIENTED_EDGE('',*,*,#7030,.T.);
#3263=ORIENTED_EDGE('',*,*,#7031,.T.);
#3264=ORIENTED_EDGE('',*,*,#7032,.T.);
#3265=ORIENTED_EDGE('',*,*,#7033,.T.);
#3266=ORIENTED_EDGE('',*,*,#7034,.T.);
#3267=ORIENTED_EDGE('',*,*,#7035,.T.);
#3268=ORIENTED_EDGE('',*,*,#7036,.T.);
#3269=ORIENTED_EDGE('',*,*,#7037,.T.);
#3270=ORIENTED_EDGE('',*,*,#7038,.T.);
#3271=ORIENTED_EDGE('',*,*,#7039,.T.);
#3272=ORIENTED_EDGE('',*,*,#7040,.T.);
#3273=ORIENTED_EDGE('',*,*,#7041,.T.);
#3274=ORIENTED_EDGE('',*,*,#7042,.T.);
#3275=ORIENTED_EDGE('',*,*,#7043,.T.);
#3276=ORIENTED_EDGE('',*,*,#7044,.T.);
#3277=ORIENTED_EDGE('',*,*,#7045,.T.);
#3278=ORIENTED_EDGE('',*,*,#7046,.T.);
#3279=ORIENTED_EDGE('',*,*,#7047,.T.);
#3280=ORIENTED_EDGE('',*,*,#7048,.T.);
#3281=ORIENTED_EDGE('',*,*,#7049,.T.);
#3282=ORIENTED_EDGE('',*,*,#7050,.T.);
#3283=ORIENTED_EDGE('',*,*,#7051,.T.);
#3284=ORIENTED_EDGE('',*,*,#7052,.T.);
#3285=ORIENTED_EDGE('',*,*,#7053,.T.);
#3286=ORIENTED_EDGE('',*,*,#7054,.T.);
#3287=ORIENTED_EDGE('',*,*,#7055,.T.);
#3288=ORIENTED_EDGE('',*,*,#7056,.T.);
#3289=ORIENTED_EDGE('',*,*,#7057,.T.);
#3290=ORIENTED_EDGE('',*,*,#7058,.T.);
#3291=ORIENTED_EDGE('',*,*,#7059,.T.);
#3292=ORIENTED_EDGE('',*,*,#7060,.T.);
#3293=ORIENTED_EDGE('',*,*,#7061,.T.);
#3294=ORIENTED_EDGE('',*,*,#7062,.T.);
#3295=ORIENTED_EDGE('',*,*,#7063,.T.);
#3296=ORIENTED_EDGE('',*,*,#7064,.T.);
#3297=ORIENTED_EDGE('',*,*,#7065,.T.);
#3298=ORIENTED_EDGE('',*,*,#7066,.T.);
#3299=ORIENTED_EDGE('',*,*,#7067,.T.);
#3300=ORIENTED_EDGE('',*,*,#7068,.T.);
#3301=ORIENTED_EDGE('',*,*,#7069,.T.);
#3302=ORIENTED_EDGE('',*,*,#7070,.T.);
#3303=ORIENTED_EDGE('',*,*,#7071,.T.);
#3304=ORIENTED_EDGE('',*,*,#7072,.T.);
#3305=ORIENTED_EDGE('',*,*,#7073,.T.);
#3306=ORIENTED_EDGE('',*,*,#7074,.T.);
#3307=ORIENTED_EDGE('',*,*,#7075,.T.);
#3308=ORIENTED_EDGE('',*,*,#7076,.T.);
#3309=ORIENTED_EDGE('',*,*,#7077,.T.);
#3310=ORIENTED_EDGE('',*,*,#7078,.T.);
#3311=ORIENTED_EDGE('',*,*,#7079,.T.);
#3312=ORIENTED_EDGE('',*,*,#7080,.T.);
#3313=ORIENTED_EDGE('',*,*,#7081,.T.);
#3314=ORIENTED_EDGE('',*,*,#7082,.T.);
#3315=ORIENTED_EDGE('',*,*,#7083,.T.);
#3316=ORIENTED_EDGE('',*,*,#7084,.T.);
#3317=ORIENTED_EDGE('',*,*,#7085,.T.);
#3318=ORIENTED_EDGE('',*,*,#7086,.T.);
#3319=ORIENTED_EDGE('',*,*,#7087,.T.);
#3320=ORIENTED_EDGE('',*,*,#7088,.T.);
#3321=ORIENTED_EDGE('',*,*,#7089,.T.);
#3322=ORIENTED_EDGE('',*,*,#7090,.T.);
#3323=ORIENTED_EDGE('',*,*,#7091,.T.);
#3324=ORIENTED_EDGE('',*,*,#7092,.T.);
#3325=ORIENTED_EDGE('',*,*,#7093,.T.);
#3326=ORIENTED_EDGE('',*,*,#7094,.T.);
#3327=ORIENTED_EDGE('',*,*,#7095,.T.);
#3328=ORIENTED_EDGE('',*,*,#7096,.T.);
#3329=ORIENTED_EDGE('',*,*,#7097,.T.);
#3330=ORIENTED_EDGE('',*,*,#7098,.T.);
#3331=ORIENTED_EDGE('',*,*,#7099,.T.);
#3332=ORIENTED_EDGE('',*,*,#7100,.T.);
#3333=ORIENTED_EDGE('',*,*,#7101,.T.);
#3334=ORIENTED_EDGE('',*,*,#7102,.T.);
#3335=ORIENTED_EDGE('',*,*,#7103,.T.);
#3336=ORIENTED_EDGE('',*,*,#7104,.T.);
#3337=ORIENTED_EDGE('',*,*,#7105,.T.);
#3338=ORIENTED_EDGE('',*,*,#7106,.T.);
#3339=ORIENTED_EDGE('',*,*,#7107,.T.);
#3340=ORIENTED_EDGE('',*,*,#7108,.T.);
#3341=ORIENTED_EDGE('',*,*,#7109,.T.);
#3342=ORIENTED_EDGE('',*,*,#7110,.T.);
#3343=ORIENTED_EDGE('',*,*,#7111,.T.);
#3344=ORIENTED_EDGE('',*,*,#7112,.T.);
#3345=ORIENTED_EDGE('',*,*,#7113,.T.);
#3346=ORIENTED_EDGE('',*,*,#7114,.T.);
#3347=ORIENTED_EDGE('',*,*,#7115,.T.);
#3348=ORIENTED_EDGE('',*,*,#7116,.T.);
#3349=ORIENTED_EDGE('',*,*,#7117,.T.);
#3350=ORIENTED_EDGE('',*,*,#7118,.T.);
#3351=ORIENTED_EDGE('',*,*,#7119,.T.);
#3352=ORIENTED_EDGE('',*,*,#7120,.T.);
#3353=ORIENTED_EDGE('',*,*,#7121,.T.);
#3354=ORIENTED_EDGE('',*,*,#7122,.T.);
#3355=ORIENTED_EDGE('',*,*,#7123,.T.);
#3356=ORIENTED_EDGE('',*,*,#7124,.T.);
#3357=ORIENTED_EDGE('',*,*,#7125,.T.);
#3358=ORIENTED_EDGE('',*,*,#7126,.T.);
#3359=ORIENTED_EDGE('',*,*,#7127,.T.);
#3360=ORIENTED_EDGE('',*,*,#7128,.T.);
#3361=ORIENTED_EDGE('',*,*,#7129,.T.);
#3362=ORIENTED_EDGE('',*,*,#7130,.T.);
#3363=ORIENTED_EDGE('',*,*,#7131,.T.);
#3364=ORIENTED_EDGE('',*,*,#7132,.T.);
#3365=ORIENTED_EDGE('',*,*,#7133,.T.);
#3366=ORIENTED_EDGE('',*,*,#7134,.T.);
#3367=ORIENTED_EDGE('',*,*,#7135,.T.);
#3368=ORIENTED_EDGE('',*,*,#7136,.T.);
#3369=ORIENTED_EDGE('',*,*,#7137,.T.);
#3370=ORIENTED_EDGE('',*,*,#7138,.T.);
#3371=ORIENTED_EDGE('',*,*,#7139,.T.);
#3372=ORIENTED_EDGE('',*,*,#7140,.T.);
#3373=ORIENTED_EDGE('',*,*,#7141,.T.);
#3374=ORIENTED_EDGE('',*,*,#7142,.T.);
#3375=ORIENTED_EDGE('',*,*,#7143,.T.);
#3376=ORIENTED_EDGE('',*,*,#7144,.T.);
#3377=ORIENTED_EDGE('',*,*,#7145,.T.);
#3378=ORIENTED_EDGE('',*,*,#7146,.T.);
#3379=ORIENTED_EDGE('',*,*,#7147,.T.);
#3380=ORIENTED_EDGE('',*,*,#7148,.T.);
#3381=ORIENTED_EDGE('',*,*,#7149,.T.);
#3382=ORIENTED_EDGE('',*,*,#7150,.T.);
#3383=ORIENTED_EDGE('',*,*,#7151,.T.);
#3384=ORIENTED_EDGE('',*,*,#7152,.T.);
#3385=ORIENTED_EDGE('',*,*,#7153,.T.);
#3386=ORIENTED_EDGE('',*,*,#7154,.T.);
#3387=ORIENTED_EDGE('',*,*,#7155,.T.);
#3388=ORIENTED_EDGE('',*,*,#7156,.T.);
#3389=ORIENTED_EDGE('',*,*,#7157,.T.);
#3390=ORIENTED_EDGE('',*,*,#7158,.T.);
#3391=ORIENTED_EDGE('',*,*,#7159,.T.);
#3392=ORIENTED_EDGE('',*,*,#7160,.T.);
#3393=ORIENTED_EDGE('',*,*,#7161,.T.);
#3394=ORIENTED_EDGE('',*,*,#7162,.T.);
#3395=ORIENTED_EDGE('',*,*,#7163,.T.);
#3396=ORIENTED_EDGE('',*,*,#7164,.T.);
#3397=ORIENTED_EDGE('',*,*,#7165,.T.);
#3398=ORIENTED_EDGE('',*,*,#7166,.T.);
#3399=ORIENTED_EDGE('',*,*,#7167,.T.);
#3400=ORIENTED_EDGE('',*,*,#7168,.T.);
#3401=ORIENTED_EDGE('',*,*,#7169,.T.);
#3402=ORIENTED_EDGE('',*,*,#7170,.T.);
#3403=ORIENTED_EDGE('',*,*,#7171,.T.);
#3404=ORIENTED_EDGE('',*,*,#7172,.T.);
#3405=ORIENTED_EDGE('',*,*,#7173,.T.);
#3406=ORIENTED_EDGE('',*,*,#7174,.T.);
#3407=ORIENTED_EDGE('',*,*,#7175,.T.);
#3408=ORIENTED_EDGE('',*,*,#7176,.T.);
#3409=ORIENTED_EDGE('',*,*,#7177,.T.);
#3410=ORIENTED_EDGE('',*,*,#7178,.T.);
#3411=ORIENTED_EDGE('',*,*,#7179,.T.);
#3412=ORIENTED_EDGE('',*,*,#7180,.T.);
#3413=ORIENTED_EDGE('',*,*,#7181,.T.);
#3414=ORIENTED_EDGE('',*,*,#7182,.T.);
#3415=ORIENTED_EDGE('',*,*,#7183,.T.);
#3416=ORIENTED_EDGE('',*,*,#7184,.T.);
#3417=ORIENTED_EDGE('',*,*,#7185,.T.);
#3418=ORIENTED_EDGE('',*,*,#7186,.T.);
#3419=ORIENTED_EDGE('',*,*,#7187,.T.);
#3420=ORIENTED_EDGE('',*,*,#7188,.T.);
#3421=ORIENTED_EDGE('',*,*,#7189,.T.);
#3422=ORIENTED_EDGE('',*,*,#7190,.T.);
#3423=ORIENTED_EDGE('',*,*,#7191,.T.);
#3424=ORIENTED_EDGE('',*,*,#7192,.T.);
#3425=ORIENTED_EDGE('',*,*,#7193,.T.);
#3426=ORIENTED_EDGE('',*,*,#7194,.T.);
#3427=ORIENTED_EDGE('',*,*,#7195,.T.);
#3428=ORIENTED_EDGE('',*,*,#7196,.T.);
#3429=ORIENTED_EDGE('',*,*,#7197,.T.);
#3430=ORIENTED_EDGE('',*,*,#7198,.T.);
#3431=ORIENTED_EDGE('',*,*,#7199,.T.);
#3432=ORIENTED_EDGE('',*,*,#7200,.T.);
#3433=ORIENTED_EDGE('',*,*,#7201,.T.);
#3434=ORIENTED_EDGE('',*,*,#7202,.T.);
#3435=ORIENTED_EDGE('',*,*,#7203,.T.);
#3436=ORIENTED_EDGE('',*,*,#7204,.T.);
#3437=ORIENTED_EDGE('',*,*,#7205,.T.);
#3438=ORIENTED_EDGE('',*,*,#7206,.T.);
#3439=ORIENTED_EDGE('',*,*,#7207,.T.);
#3440=ORIENTED_EDGE('',*,*,#7208,.T.);
#3441=ORIENTED_EDGE('',*,*,#7209,.T.);
#3442=ORIENTED_EDGE('',*,*,#7210,.T.);
#3443=ORIENTED_EDGE('',*,*,#7211,.T.);
#3444=ORIENTED_EDGE('',*,*,#7212,.T.);
#3445=ORIENTED_EDGE('',*,*,#7213,.T.);
#3446=ORIENTED_EDGE('',*,*,#7214,.T.);
#3447=ORIENTED_EDGE('',*,*,#7215,.T.);
#3448=ORIENTED_EDGE('',*,*,#7216,.T.);
#3449=ORIENTED_EDGE('',*,*,#7217,.T.);
#3450=ORIENTED_EDGE('',*,*,#7218,.T.);
#3451=ORIENTED_EDGE('',*,*,#7219,.T.);
#3452=ORIENTED_EDGE('',*,*,#7220,.T.);
#3453=ORIENTED_EDGE('',*,*,#7221,.F.);
#3454=ORIENTED_EDGE('',*,*,#7222,.F.);
#3455=ORIENTED_EDGE('',*,*,#7223,.F.);
#3456=ORIENTED_EDGE('',*,*,#7224,.F.);
#3457=ORIENTED_EDGE('',*,*,#7225,.F.);
#3458=ORIENTED_EDGE('',*,*,#7226,.F.);
#3459=ORIENTED_EDGE('',*,*,#7227,.F.);
#3460=ORIENTED_EDGE('',*,*,#7228,.F.);
#3461=ORIENTED_EDGE('',*,*,#7229,.F.);
#3462=ORIENTED_EDGE('',*,*,#7230,.F.);
#3463=ORIENTED_EDGE('',*,*,#7231,.F.);
#3464=ORIENTED_EDGE('',*,*,#7232,.F.);
#3465=ORIENTED_EDGE('',*,*,#7233,.F.);
#3466=ORIENTED_EDGE('',*,*,#7234,.F.);
#3467=ORIENTED_EDGE('',*,*,#7235,.F.);
#3468=ORIENTED_EDGE('',*,*,#7236,.T.);
#3469=ORIENTED_EDGE('',*,*,#7237,.F.);
#3470=ORIENTED_EDGE('',*,*,#7238,.F.);
#3471=ORIENTED_EDGE('',*,*,#7239,.F.);
#3472=ORIENTED_EDGE('',*,*,#7240,.F.);
#3473=ORIENTED_EDGE('',*,*,#7241,.F.);
#3474=ORIENTED_EDGE('',*,*,#7242,.F.);
#3475=ORIENTED_EDGE('',*,*,#7243,.F.);
#3476=ORIENTED_EDGE('',*,*,#7244,.F.);
#3477=ORIENTED_EDGE('',*,*,#7245,.F.);
#3478=ORIENTED_EDGE('',*,*,#7246,.F.);
#3479=ORIENTED_EDGE('',*,*,#7247,.T.);
#3480=ORIENTED_EDGE('',*,*,#7248,.F.);
#3481=ORIENTED_EDGE('',*,*,#7249,.F.);
#3482=ORIENTED_EDGE('',*,*,#7250,.F.);
#3483=ORIENTED_EDGE('',*,*,#7251,.T.);
#3484=ORIENTED_EDGE('',*,*,#7252,.F.);
#3485=ORIENTED_EDGE('',*,*,#7253,.F.);
#3486=ORIENTED_EDGE('',*,*,#7254,.F.);
#3487=ORIENTED_EDGE('',*,*,#7255,.F.);
#3488=ORIENTED_EDGE('',*,*,#7256,.F.);
#3489=ORIENTED_EDGE('',*,*,#7257,.F.);
#3490=ORIENTED_EDGE('',*,*,#7258,.F.);
#3491=ORIENTED_EDGE('',*,*,#7259,.F.);
#3492=ORIENTED_EDGE('',*,*,#7260,.F.);
#3493=ORIENTED_EDGE('',*,*,#7261,.F.);
#3494=ORIENTED_EDGE('',*,*,#7262,.F.);
#3495=ORIENTED_EDGE('',*,*,#7263,.F.);
#3496=ORIENTED_EDGE('',*,*,#7264,.F.);
#3497=ORIENTED_EDGE('',*,*,#7265,.F.);
#3498=ORIENTED_EDGE('',*,*,#7266,.F.);
#3499=ORIENTED_EDGE('',*,*,#7267,.T.);
#3500=ORIENTED_EDGE('',*,*,#7268,.T.);
#3501=ORIENTED_EDGE('',*,*,#7269,.F.);
#3502=ORIENTED_EDGE('',*,*,#7270,.F.);
#3503=ORIENTED_EDGE('',*,*,#7271,.F.);
#3504=ORIENTED_EDGE('',*,*,#7272,.F.);
#3505=ORIENTED_EDGE('',*,*,#7273,.F.);
#3506=ORIENTED_EDGE('',*,*,#7274,.F.);
#3507=ORIENTED_EDGE('',*,*,#7275,.F.);
#3508=ORIENTED_EDGE('',*,*,#7276,.F.);
#3509=ORIENTED_EDGE('',*,*,#7277,.F.);
#3510=ORIENTED_EDGE('',*,*,#7278,.F.);
#3511=ORIENTED_EDGE('',*,*,#7279,.F.);
#3512=ORIENTED_EDGE('',*,*,#7280,.F.);
#3513=ORIENTED_EDGE('',*,*,#7281,.F.);
#3514=ORIENTED_EDGE('',*,*,#7282,.F.);
#3515=ORIENTED_EDGE('',*,*,#7283,.F.);
#3516=ORIENTED_EDGE('',*,*,#7284,.F.);
#3517=ORIENTED_EDGE('',*,*,#7285,.F.);
#3518=ORIENTED_EDGE('',*,*,#7286,.F.);
#3519=ORIENTED_EDGE('',*,*,#7287,.F.);
#3520=ORIENTED_EDGE('',*,*,#7288,.F.);
#3521=ORIENTED_EDGE('',*,*,#7289,.F.);
#3522=ORIENTED_EDGE('',*,*,#7290,.F.);
#3523=ORIENTED_EDGE('',*,*,#7291,.F.);
#3524=ORIENTED_EDGE('',*,*,#7292,.F.);
#3525=ORIENTED_EDGE('',*,*,#7293,.F.);
#3526=ORIENTED_EDGE('',*,*,#7294,.F.);
#3527=ORIENTED_EDGE('',*,*,#7295,.F.);
#3528=ORIENTED_EDGE('',*,*,#7296,.F.);
#3529=ORIENTED_EDGE('',*,*,#7297,.F.);
#3530=ORIENTED_EDGE('',*,*,#7298,.F.);
#3531=ORIENTED_EDGE('',*,*,#7299,.F.);
#3532=ORIENTED_EDGE('',*,*,#7300,.F.);
#3533=ORIENTED_EDGE('',*,*,#7301,.F.);
#3534=ORIENTED_EDGE('',*,*,#7302,.F.);
#3535=ORIENTED_EDGE('',*,*,#7303,.F.);
#3536=ORIENTED_EDGE('',*,*,#7304,.F.);
#3537=ORIENTED_EDGE('',*,*,#7305,.F.);
#3538=ORIENTED_EDGE('',*,*,#7306,.F.);
#3539=ORIENTED_EDGE('',*,*,#7307,.F.);
#3540=ORIENTED_EDGE('',*,*,#7308,.F.);
#3541=ORIENTED_EDGE('',*,*,#7309,.F.);
#3542=ORIENTED_EDGE('',*,*,#7310,.F.);
#3543=ORIENTED_EDGE('',*,*,#7311,.F.);
#3544=ORIENTED_EDGE('',*,*,#7312,.F.);
#3545=ORIENTED_EDGE('',*,*,#7313,.F.);
#3546=ORIENTED_EDGE('',*,*,#7314,.F.);
#3547=ORIENTED_EDGE('',*,*,#7315,.F.);
#3548=ORIENTED_EDGE('',*,*,#7316,.F.);
#3549=ORIENTED_EDGE('',*,*,#7317,.F.);
#3550=ORIENTED_EDGE('',*,*,#7318,.F.);
#3551=ORIENTED_EDGE('',*,*,#7319,.F.);
#3552=ORIENTED_EDGE('',*,*,#7320,.F.);
#3553=ORIENTED_EDGE('',*,*,#7321,.F.);
#3554=ORIENTED_EDGE('',*,*,#7322,.F.);
#3555=ORIENTED_EDGE('',*,*,#7323,.F.);
#3556=ORIENTED_EDGE('',*,*,#7324,.F.);
#3557=ORIENTED_EDGE('',*,*,#7325,.F.);
#3558=ORIENTED_EDGE('',*,*,#7326,.F.);
#3559=ORIENTED_EDGE('',*,*,#7327,.F.);
#3560=ORIENTED_EDGE('',*,*,#7328,.F.);
#3561=ORIENTED_EDGE('',*,*,#7329,.F.);
#3562=ORIENTED_EDGE('',*,*,#7330,.F.);
#3563=ORIENTED_EDGE('',*,*,#7331,.F.);
#3564=ORIENTED_EDGE('',*,*,#7332,.F.);
#3565=ORIENTED_EDGE('',*,*,#7333,.F.);
#3566=ORIENTED_EDGE('',*,*,#7334,.F.);
#3567=ORIENTED_EDGE('',*,*,#7335,.F.);
#3568=ORIENTED_EDGE('',*,*,#7336,.F.);
#3569=ORIENTED_EDGE('',*,*,#7337,.F.);
#3570=ORIENTED_EDGE('',*,*,#7338,.F.);
#3571=ORIENTED_EDGE('',*,*,#7339,.F.);
#3572=ORIENTED_EDGE('',*,*,#7340,.F.);
#3573=ORIENTED_EDGE('',*,*,#7341,.F.);
#3574=ORIENTED_EDGE('',*,*,#7342,.F.);
#3575=ORIENTED_EDGE('',*,*,#7343,.F.);
#3576=ORIENTED_EDGE('',*,*,#7344,.F.);
#3577=ORIENTED_EDGE('',*,*,#7345,.F.);
#3578=ORIENTED_EDGE('',*,*,#7346,.F.);
#3579=ORIENTED_EDGE('',*,*,#7347,.F.);
#3580=ORIENTED_EDGE('',*,*,#7348,.F.);
#3581=ORIENTED_EDGE('',*,*,#7349,.F.);
#3582=ORIENTED_EDGE('',*,*,#7350,.F.);
#3583=ORIENTED_EDGE('',*,*,#7351,.F.);
#3584=ORIENTED_EDGE('',*,*,#7352,.F.);
#3585=ORIENTED_EDGE('',*,*,#7353,.F.);
#3586=ORIENTED_EDGE('',*,*,#7354,.F.);
#3587=ORIENTED_EDGE('',*,*,#7355,.F.);
#3588=ORIENTED_EDGE('',*,*,#7356,.F.);
#3589=ORIENTED_EDGE('',*,*,#7357,.F.);
#3590=ORIENTED_EDGE('',*,*,#7358,.F.);
#3591=ORIENTED_EDGE('',*,*,#7359,.F.);
#3592=ORIENTED_EDGE('',*,*,#7360,.F.);
#3593=ORIENTED_EDGE('',*,*,#7361,.F.);
#3594=ORIENTED_EDGE('',*,*,#7362,.F.);
#3595=ORIENTED_EDGE('',*,*,#7363,.F.);
#3596=ORIENTED_EDGE('',*,*,#7364,.F.);
#3597=ORIENTED_EDGE('',*,*,#7365,.F.);
#3598=ORIENTED_EDGE('',*,*,#7366,.F.);
#3599=ORIENTED_EDGE('',*,*,#7367,.F.);
#3600=ORIENTED_EDGE('',*,*,#7368,.F.);
#3601=ORIENTED_EDGE('',*,*,#7369,.F.);
#3602=ORIENTED_EDGE('',*,*,#7370,.F.);
#3603=ORIENTED_EDGE('',*,*,#7371,.F.);
#3604=ORIENTED_EDGE('',*,*,#7372,.F.);
#3605=ORIENTED_EDGE('',*,*,#7373,.F.);
#3606=ORIENTED_EDGE('',*,*,#7374,.F.);
#3607=ORIENTED_EDGE('',*,*,#7375,.F.);
#3608=ORIENTED_EDGE('',*,*,#7376,.F.);
#3609=ORIENTED_EDGE('',*,*,#7377,.F.);
#3610=ORIENTED_EDGE('',*,*,#7378,.F.);
#3611=ORIENTED_EDGE('',*,*,#7379,.F.);
#3612=ORIENTED_EDGE('',*,*,#7380,.F.);
#3613=ORIENTED_EDGE('',*,*,#7381,.F.);
#3614=ORIENTED_EDGE('',*,*,#7382,.F.);
#3615=ORIENTED_EDGE('',*,*,#7383,.F.);
#3616=ORIENTED_EDGE('',*,*,#7384,.F.);
#3617=ORIENTED_EDGE('',*,*,#7385,.F.);
#3618=ORIENTED_EDGE('',*,*,#7386,.F.);
#3619=ORIENTED_EDGE('',*,*,#7387,.F.);
#3620=ORIENTED_EDGE('',*,*,#7388,.F.);
#3621=ORIENTED_EDGE('',*,*,#7389,.F.);
#3622=ORIENTED_EDGE('',*,*,#7390,.F.);
#3623=ORIENTED_EDGE('',*,*,#7391,.F.);
#3624=ORIENTED_EDGE('',*,*,#7392,.F.);
#3625=ORIENTED_EDGE('',*,*,#7393,.F.);
#3626=ORIENTED_EDGE('',*,*,#7394,.F.);
#3627=ORIENTED_EDGE('',*,*,#7395,.F.);
#3628=ORIENTED_EDGE('',*,*,#7396,.F.);
#3629=ORIENTED_EDGE('',*,*,#7397,.F.);
#3630=ORIENTED_EDGE('',*,*,#7398,.F.);
#3631=ORIENTED_EDGE('',*,*,#7399,.F.);
#3632=ORIENTED_EDGE('',*,*,#7400,.F.);
#3633=ORIENTED_EDGE('',*,*,#7401,.F.);
#3634=ORIENTED_EDGE('',*,*,#7402,.F.);
#3635=ORIENTED_EDGE('',*,*,#7403,.F.);
#3636=ORIENTED_EDGE('',*,*,#7404,.F.);
#3637=ORIENTED_EDGE('',*,*,#7405,.F.);
#3638=ORIENTED_EDGE('',*,*,#7406,.F.);
#3639=ORIENTED_EDGE('',*,*,#7407,.F.);
#3640=ORIENTED_EDGE('',*,*,#7408,.F.);
#3641=ORIENTED_EDGE('',*,*,#7409,.F.);
#3642=ORIENTED_EDGE('',*,*,#7410,.F.);
#3643=ORIENTED_EDGE('',*,*,#7411,.F.);
#3644=ORIENTED_EDGE('',*,*,#7412,.F.);
#3645=ORIENTED_EDGE('',*,*,#7413,.F.);
#3646=ORIENTED_EDGE('',*,*,#7414,.F.);
#3647=ORIENTED_EDGE('',*,*,#7415,.F.);
#3648=ORIENTED_EDGE('',*,*,#7416,.F.);
#3649=ORIENTED_EDGE('',*,*,#7417,.F.);
#3650=ORIENTED_EDGE('',*,*,#7418,.F.);
#3651=ORIENTED_EDGE('',*,*,#7419,.F.);
#3652=ORIENTED_EDGE('',*,*,#7420,.F.);
#3653=ORIENTED_EDGE('',*,*,#7421,.F.);
#3654=ORIENTED_EDGE('',*,*,#7422,.F.);
#3655=ORIENTED_EDGE('',*,*,#7423,.F.);
#3656=ORIENTED_EDGE('',*,*,#7424,.F.);
#3657=ORIENTED_EDGE('',*,*,#7425,.F.);
#3658=ORIENTED_EDGE('',*,*,#7426,.F.);
#3659=ORIENTED_EDGE('',*,*,#7427,.F.);
#3660=ORIENTED_EDGE('',*,*,#7428,.F.);
#3661=ORIENTED_EDGE('',*,*,#7429,.F.);
#3662=ORIENTED_EDGE('',*,*,#7430,.F.);
#3663=ORIENTED_EDGE('',*,*,#7431,.F.);
#3664=ORIENTED_EDGE('',*,*,#7432,.F.);
#3665=ORIENTED_EDGE('',*,*,#7433,.F.);
#3666=ORIENTED_EDGE('',*,*,#7434,.F.);
#3667=ORIENTED_EDGE('',*,*,#7435,.F.);
#3668=ORIENTED_EDGE('',*,*,#7436,.F.);
#3669=ORIENTED_EDGE('',*,*,#7437,.F.);
#3670=ORIENTED_EDGE('',*,*,#7438,.F.);
#3671=ORIENTED_EDGE('',*,*,#7439,.F.);
#3672=ORIENTED_EDGE('',*,*,#7440,.F.);
#3673=ORIENTED_EDGE('',*,*,#7441,.F.);
#3674=ORIENTED_EDGE('',*,*,#7442,.F.);
#3675=ORIENTED_EDGE('',*,*,#7443,.F.);
#3676=ORIENTED_EDGE('',*,*,#7444,.F.);
#3677=ORIENTED_EDGE('',*,*,#7445,.F.);
#3678=ORIENTED_EDGE('',*,*,#7446,.F.);
#3679=ORIENTED_EDGE('',*,*,#7447,.F.);
#3680=ORIENTED_EDGE('',*,*,#7448,.F.);
#3681=ORIENTED_EDGE('',*,*,#7449,.F.);
#3682=ORIENTED_EDGE('',*,*,#7450,.F.);
#3683=ORIENTED_EDGE('',*,*,#7451,.F.);
#3684=ORIENTED_EDGE('',*,*,#7452,.F.);
#3685=ORIENTED_EDGE('',*,*,#7453,.F.);
#3686=ORIENTED_EDGE('',*,*,#7454,.F.);
#3687=ORIENTED_EDGE('',*,*,#7455,.F.);
#3688=ORIENTED_EDGE('',*,*,#7456,.F.);
#3689=ORIENTED_EDGE('',*,*,#7457,.F.);
#3690=ORIENTED_EDGE('',*,*,#7458,.F.);
#3691=ORIENTED_EDGE('',*,*,#7459,.F.);
#3692=ORIENTED_EDGE('',*,*,#7460,.F.);
#3693=ORIENTED_EDGE('',*,*,#7461,.F.);
#3694=ORIENTED_EDGE('',*,*,#7462,.F.);
#3695=ORIENTED_EDGE('',*,*,#7463,.F.);
#3696=ORIENTED_EDGE('',*,*,#7464,.F.);
#3697=ORIENTED_EDGE('',*,*,#7465,.F.);
#3698=ORIENTED_EDGE('',*,*,#7466,.F.);
#3699=ORIENTED_EDGE('',*,*,#7467,.F.);
#3700=ORIENTED_EDGE('',*,*,#7468,.F.);
#3701=ORIENTED_EDGE('',*,*,#7469,.F.);
#3702=ORIENTED_EDGE('',*,*,#7470,.F.);
#3703=ORIENTED_EDGE('',*,*,#7471,.F.);
#3704=ORIENTED_EDGE('',*,*,#7472,.F.);
#3705=ORIENTED_EDGE('',*,*,#7473,.F.);
#3706=ORIENTED_EDGE('',*,*,#7474,.F.);
#3707=ORIENTED_EDGE('',*,*,#7475,.F.);
#3708=ORIENTED_EDGE('',*,*,#7476,.F.);
#3709=ORIENTED_EDGE('',*,*,#7477,.F.);
#3710=ORIENTED_EDGE('',*,*,#7478,.F.);
#3711=ORIENTED_EDGE('',*,*,#7479,.F.);
#3712=ORIENTED_EDGE('',*,*,#7480,.F.);
#3713=ORIENTED_EDGE('',*,*,#7481,.F.);
#3714=ORIENTED_EDGE('',*,*,#7482,.F.);
#3715=ORIENTED_EDGE('',*,*,#7483,.F.);
#3716=ORIENTED_EDGE('',*,*,#7484,.F.);
#3717=ORIENTED_EDGE('',*,*,#7485,.F.);
#3718=ORIENTED_EDGE('',*,*,#7486,.F.);
#3719=ORIENTED_EDGE('',*,*,#7487,.F.);
#3720=ORIENTED_EDGE('',*,*,#7488,.F.);
#3721=ORIENTED_EDGE('',*,*,#7489,.F.);
#3722=ORIENTED_EDGE('',*,*,#7490,.F.);
#3723=ORIENTED_EDGE('',*,*,#7491,.F.);
#3724=ORIENTED_EDGE('',*,*,#7492,.F.);
#3725=ORIENTED_EDGE('',*,*,#7493,.F.);
#3726=ORIENTED_EDGE('',*,*,#7494,.F.);
#3727=ORIENTED_EDGE('',*,*,#7495,.F.);
#3728=ORIENTED_EDGE('',*,*,#7496,.F.);
#3729=ORIENTED_EDGE('',*,*,#7497,.F.);
#3730=ORIENTED_EDGE('',*,*,#7498,.F.);
#3731=ORIENTED_EDGE('',*,*,#7499,.F.);
#3732=ORIENTED_EDGE('',*,*,#7500,.F.);
#3733=ORIENTED_EDGE('',*,*,#7501,.F.);
#3734=ORIENTED_EDGE('',*,*,#7502,.F.);
#3735=ORIENTED_EDGE('',*,*,#7503,.F.);
#3736=ORIENTED_EDGE('',*,*,#7504,.F.);
#3737=ORIENTED_EDGE('',*,*,#7505,.F.);
#3738=ORIENTED_EDGE('',*,*,#7506,.F.);
#3739=ORIENTED_EDGE('',*,*,#7507,.F.);
#3740=ORIENTED_EDGE('',*,*,#7508,.F.);
#3741=ORIENTED_EDGE('',*,*,#7509,.F.);
#3742=ORIENTED_EDGE('',*,*,#7510,.F.);
#3743=ORIENTED_EDGE('',*,*,#7511,.F.);
#3744=ORIENTED_EDGE('',*,*,#7512,.F.);
#3745=ORIENTED_EDGE('',*,*,#7513,.F.);
#3746=ORIENTED_EDGE('',*,*,#7514,.F.);
#3747=ORIENTED_EDGE('',*,*,#7515,.F.);
#3748=ORIENTED_EDGE('',*,*,#7516,.F.);
#3749=ORIENTED_EDGE('',*,*,#7517,.F.);
#3750=ORIENTED_EDGE('',*,*,#7518,.F.);
#3751=ORIENTED_EDGE('',*,*,#7519,.F.);
#3752=ORIENTED_EDGE('',*,*,#7520,.F.);
#3753=ORIENTED_EDGE('',*,*,#7521,.F.);
#3754=ORIENTED_EDGE('',*,*,#7522,.F.);
#3755=ORIENTED_EDGE('',*,*,#7523,.F.);
#3756=ORIENTED_EDGE('',*,*,#7524,.F.);
#3757=ORIENTED_EDGE('',*,*,#7525,.F.);
#3758=ORIENTED_EDGE('',*,*,#7526,.F.);
#3759=ORIENTED_EDGE('',*,*,#7527,.F.);
#3760=ORIENTED_EDGE('',*,*,#7528,.F.);
#3761=ORIENTED_EDGE('',*,*,#7529,.F.);
#3762=ORIENTED_EDGE('',*,*,#7530,.F.);
#3763=ORIENTED_EDGE('',*,*,#7531,.F.);
#3764=ORIENTED_EDGE('',*,*,#7532,.F.);
#3765=ORIENTED_EDGE('',*,*,#7533,.F.);
#3766=ORIENTED_EDGE('',*,*,#7534,.F.);
#3767=ORIENTED_EDGE('',*,*,#7535,.F.);
#3768=ORIENTED_EDGE('',*,*,#7536,.F.);
#3769=ORIENTED_EDGE('',*,*,#7537,.F.);
#3770=ORIENTED_EDGE('',*,*,#7538,.F.);
#3771=ORIENTED_EDGE('',*,*,#7539,.F.);
#3772=ORIENTED_EDGE('',*,*,#7540,.F.);
#3773=ORIENTED_EDGE('',*,*,#7541,.F.);
#3774=ORIENTED_EDGE('',*,*,#7542,.F.);
#3775=ORIENTED_EDGE('',*,*,#7543,.F.);
#3776=ORIENTED_EDGE('',*,*,#7544,.F.);
#3777=ORIENTED_EDGE('',*,*,#7545,.F.);
#3778=ORIENTED_EDGE('',*,*,#7546,.F.);
#3779=ORIENTED_EDGE('',*,*,#7547,.F.);
#3780=ORIENTED_EDGE('',*,*,#7548,.F.);
#3781=ORIENTED_EDGE('',*,*,#7549,.F.);
#3782=ORIENTED_EDGE('',*,*,#7550,.F.);
#3783=ORIENTED_EDGE('',*,*,#7551,.F.);
#3784=ORIENTED_EDGE('',*,*,#7552,.F.);
#3785=ORIENTED_EDGE('',*,*,#7553,.F.);
#3786=ORIENTED_EDGE('',*,*,#7554,.F.);
#3787=ORIENTED_EDGE('',*,*,#7555,.F.);
#3788=ORIENTED_EDGE('',*,*,#7556,.F.);
#3789=ORIENTED_EDGE('',*,*,#7557,.F.);
#3790=ORIENTED_EDGE('',*,*,#7558,.F.);
#3791=ORIENTED_EDGE('',*,*,#7559,.F.);
#3792=ORIENTED_EDGE('',*,*,#7560,.F.);
#3793=ORIENTED_EDGE('',*,*,#7561,.F.);
#3794=ORIENTED_EDGE('',*,*,#7562,.F.);
#3795=ORIENTED_EDGE('',*,*,#7563,.F.);
#3796=ORIENTED_EDGE('',*,*,#7564,.F.);
#3797=ORIENTED_EDGE('',*,*,#7565,.F.);
#3798=ORIENTED_EDGE('',*,*,#7566,.F.);
#3799=ORIENTED_EDGE('',*,*,#7567,.F.);
#3800=ORIENTED_EDGE('',*,*,#7568,.F.);
#3801=ORIENTED_EDGE('',*,*,#7569,.F.);
#3802=ORIENTED_EDGE('',*,*,#7570,.F.);
#3803=ORIENTED_EDGE('',*,*,#7571,.F.);
#3804=ORIENTED_EDGE('',*,*,#7572,.F.);
#3805=ORIENTED_EDGE('',*,*,#7573,.F.);
#3806=ORIENTED_EDGE('',*,*,#7574,.F.);
#3807=ORIENTED_EDGE('',*,*,#7575,.F.);
#3808=ORIENTED_EDGE('',*,*,#7576,.F.);
#3809=ORIENTED_EDGE('',*,*,#7577,.F.);
#3810=ORIENTED_EDGE('',*,*,#7578,.F.);
#3811=ORIENTED_EDGE('',*,*,#7579,.F.);
#3812=ORIENTED_EDGE('',*,*,#7580,.F.);
#3813=ORIENTED_EDGE('',*,*,#7581,.F.);
#3814=ORIENTED_EDGE('',*,*,#7582,.F.);
#3815=ORIENTED_EDGE('',*,*,#7583,.F.);
#3816=ORIENTED_EDGE('',*,*,#7584,.F.);
#3817=ORIENTED_EDGE('',*,*,#7585,.F.);
#3818=ORIENTED_EDGE('',*,*,#7586,.F.);
#3819=ORIENTED_EDGE('',*,*,#7587,.F.);
#3820=ORIENTED_EDGE('',*,*,#7588,.F.);
#3821=ORIENTED_EDGE('',*,*,#7589,.F.);
#3822=ORIENTED_EDGE('',*,*,#7590,.F.);
#3823=ORIENTED_EDGE('',*,*,#7591,.F.);
#3824=ORIENTED_EDGE('',*,*,#7592,.F.);
#3825=ORIENTED_EDGE('',*,*,#7593,.F.);
#3826=ORIENTED_EDGE('',*,*,#7594,.F.);
#3827=ORIENTED_EDGE('',*,*,#7595,.F.);
#3828=ORIENTED_EDGE('',*,*,#7596,.F.);
#3829=ORIENTED_EDGE('',*,*,#7597,.F.);
#3830=ORIENTED_EDGE('',*,*,#7598,.F.);
#3831=ORIENTED_EDGE('',*,*,#7599,.F.);
#3832=ORIENTED_EDGE('',*,*,#7600,.F.);
#3833=ORIENTED_EDGE('',*,*,#7601,.F.);
#3834=ORIENTED_EDGE('',*,*,#7602,.F.);
#3835=ORIENTED_EDGE('',*,*,#7603,.F.);
#3836=ORIENTED_EDGE('',*,*,#7604,.F.);
#3837=ORIENTED_EDGE('',*,*,#7605,.F.);
#3838=ORIENTED_EDGE('',*,*,#7606,.F.);
#3839=ORIENTED_EDGE('',*,*,#7607,.F.);
#3840=ORIENTED_EDGE('',*,*,#7608,.F.);
#3841=ORIENTED_EDGE('',*,*,#7609,.F.);
#3842=ORIENTED_EDGE('',*,*,#7610,.F.);
#3843=ORIENTED_EDGE('',*,*,#7611,.F.);
#3844=ORIENTED_EDGE('',*,*,#7612,.F.);
#3845=ORIENTED_EDGE('',*,*,#7613,.F.);
#3846=ORIENTED_EDGE('',*,*,#7614,.F.);
#3847=ORIENTED_EDGE('',*,*,#7615,.F.);
#3848=ORIENTED_EDGE('',*,*,#7616,.F.);
#3849=ORIENTED_EDGE('',*,*,#7617,.F.);
#3850=ORIENTED_EDGE('',*,*,#7618,.F.);
#3851=ORIENTED_EDGE('',*,*,#7619,.F.);
#3852=ORIENTED_EDGE('',*,*,#7620,.F.);
#3853=ORIENTED_EDGE('',*,*,#7621,.F.);
#3854=ORIENTED_EDGE('',*,*,#7622,.F.);
#3855=ORIENTED_EDGE('',*,*,#7623,.F.);
#3856=ORIENTED_EDGE('',*,*,#7624,.F.);
#3857=ORIENTED_EDGE('',*,*,#7625,.F.);
#3858=ORIENTED_EDGE('',*,*,#7626,.F.);
#3859=ORIENTED_EDGE('',*,*,#7627,.F.);
#3860=ORIENTED_EDGE('',*,*,#7628,.F.);
#3861=ORIENTED_EDGE('',*,*,#7629,.F.);
#3862=ORIENTED_EDGE('',*,*,#7630,.F.);
#3863=ORIENTED_EDGE('',*,*,#7631,.F.);
#3864=ORIENTED_EDGE('',*,*,#7632,.F.);
#3865=ORIENTED_EDGE('',*,*,#7633,.F.);
#3866=ORIENTED_EDGE('',*,*,#7634,.F.);
#3867=ORIENTED_EDGE('',*,*,#7635,.F.);
#3868=ORIENTED_EDGE('',*,*,#7636,.F.);
#3869=ORIENTED_EDGE('',*,*,#7637,.F.);
#3870=ORIENTED_EDGE('',*,*,#7638,.F.);
#3871=ORIENTED_EDGE('',*,*,#7639,.F.);
#3872=ORIENTED_EDGE('',*,*,#7640,.F.);
#3873=ORIENTED_EDGE('',*,*,#7641,.F.);
#3874=ORIENTED_EDGE('',*,*,#7642,.F.);
#3875=ORIENTED_EDGE('',*,*,#7643,.F.);
#3876=ORIENTED_EDGE('',*,*,#7644,.F.);
#3877=ORIENTED_EDGE('',*,*,#7645,.F.);
#3878=ORIENTED_EDGE('',*,*,#7646,.F.);
#3879=ORIENTED_EDGE('',*,*,#7647,.F.);
#3880=ORIENTED_EDGE('',*,*,#7648,.F.);
#3881=ORIENTED_EDGE('',*,*,#7649,.F.);
#3882=ORIENTED_EDGE('',*,*,#7650,.F.);
#3883=ORIENTED_EDGE('',*,*,#7651,.F.);
#3884=ORIENTED_EDGE('',*,*,#7652,.F.);
#3885=ORIENTED_EDGE('',*,*,#7653,.F.);
#3886=ORIENTED_EDGE('',*,*,#7654,.F.);
#3887=ORIENTED_EDGE('',*,*,#7655,.F.);
#3888=ORIENTED_EDGE('',*,*,#7656,.F.);
#3889=ORIENTED_EDGE('',*,*,#7657,.F.);
#3890=ORIENTED_EDGE('',*,*,#7658,.F.);
#3891=ORIENTED_EDGE('',*,*,#7659,.F.);
#3892=ORIENTED_EDGE('',*,*,#7660,.F.);
#3893=ORIENTED_EDGE('',*,*,#7661,.F.);
#3894=ORIENTED_EDGE('',*,*,#7662,.F.);
#3895=ORIENTED_EDGE('',*,*,#7663,.F.);
#3896=ORIENTED_EDGE('',*,*,#7664,.F.);
#3897=ORIENTED_EDGE('',*,*,#7665,.F.);
#3898=ORIENTED_EDGE('',*,*,#7666,.F.);
#3899=ORIENTED_EDGE('',*,*,#7667,.F.);
#3900=ORIENTED_EDGE('',*,*,#7668,.F.);
#3901=ORIENTED_EDGE('',*,*,#7669,.F.);
#3902=ORIENTED_EDGE('',*,*,#7670,.F.);
#3903=ORIENTED_EDGE('',*,*,#7671,.F.);
#3904=ORIENTED_EDGE('',*,*,#7672,.F.);
#3905=ORIENTED_EDGE('',*,*,#7673,.F.);
#3906=ORIENTED_EDGE('',*,*,#7674,.F.);
#3907=ORIENTED_EDGE('',*,*,#7675,.F.);
#3908=ORIENTED_EDGE('',*,*,#7676,.F.);
#3909=ORIENTED_EDGE('',*,*,#7677,.F.);
#3910=ORIENTED_EDGE('',*,*,#7678,.F.);
#3911=ORIENTED_EDGE('',*,*,#7679,.F.);
#3912=ORIENTED_EDGE('',*,*,#7680,.F.);
#3913=ORIENTED_EDGE('',*,*,#7681,.F.);
#3914=ORIENTED_EDGE('',*,*,#7682,.F.);
#3915=ORIENTED_EDGE('',*,*,#7683,.F.);
#3916=ORIENTED_EDGE('',*,*,#7684,.F.);
#3917=ORIENTED_EDGE('',*,*,#7685,.F.);
#3918=ORIENTED_EDGE('',*,*,#7686,.F.);
#3919=ORIENTED_EDGE('',*,*,#7687,.F.);
#3920=ORIENTED_EDGE('',*,*,#7688,.F.);
#3921=ORIENTED_EDGE('',*,*,#7689,.F.);
#3922=ORIENTED_EDGE('',*,*,#7690,.F.);
#3923=ORIENTED_EDGE('',*,*,#7691,.F.);
#3924=ORIENTED_EDGE('',*,*,#7692,.F.);
#3925=ORIENTED_EDGE('',*,*,#7693,.F.);
#3926=ORIENTED_EDGE('',*,*,#7694,.F.);
#3927=ORIENTED_EDGE('',*,*,#7695,.F.);
#3928=ORIENTED_EDGE('',*,*,#7696,.F.);
#3929=ORIENTED_EDGE('',*,*,#7697,.F.);
#3930=ORIENTED_EDGE('',*,*,#7698,.F.);
#3931=ORIENTED_EDGE('',*,*,#7699,.F.);
#3932=ORIENTED_EDGE('',*,*,#7700,.F.);
#3933=ORIENTED_EDGE('',*,*,#7701,.F.);
#3934=ORIENTED_EDGE('',*,*,#7702,.F.);
#3935=ORIENTED_EDGE('',*,*,#7703,.F.);
#3936=ORIENTED_EDGE('',*,*,#7704,.F.);
#3937=ORIENTED_EDGE('',*,*,#7705,.F.);
#3938=ORIENTED_EDGE('',*,*,#7706,.F.);
#3939=ORIENTED_EDGE('',*,*,#7707,.F.);
#3940=ORIENTED_EDGE('',*,*,#7708,.F.);
#3941=ORIENTED_EDGE('',*,*,#7709,.F.);
#3942=ORIENTED_EDGE('',*,*,#7710,.F.);
#3943=ORIENTED_EDGE('',*,*,#7711,.F.);
#3944=ORIENTED_EDGE('',*,*,#7712,.F.);
#3945=ORIENTED_EDGE('',*,*,#7713,.F.);
#3946=ORIENTED_EDGE('',*,*,#7714,.F.);
#3947=ORIENTED_EDGE('',*,*,#7715,.F.);
#3948=ORIENTED_EDGE('',*,*,#7716,.F.);
#3949=ORIENTED_EDGE('',*,*,#7717,.F.);
#3950=ORIENTED_EDGE('',*,*,#7718,.F.);
#3951=ORIENTED_EDGE('',*,*,#7719,.F.);
#3952=ORIENTED_EDGE('',*,*,#7720,.F.);
#3953=ORIENTED_EDGE('',*,*,#7721,.F.);
#3954=ORIENTED_EDGE('',*,*,#7722,.F.);
#3955=ORIENTED_EDGE('',*,*,#7723,.F.);
#3956=ORIENTED_EDGE('',*,*,#7724,.F.);
#3957=ORIENTED_EDGE('',*,*,#7725,.F.);
#3958=ORIENTED_EDGE('',*,*,#7726,.F.);
#3959=ORIENTED_EDGE('',*,*,#7727,.F.);
#3960=ORIENTED_EDGE('',*,*,#7728,.F.);
#3961=ORIENTED_EDGE('',*,*,#7729,.F.);
#3962=ORIENTED_EDGE('',*,*,#7730,.F.);
#3963=ORIENTED_EDGE('',*,*,#7731,.F.);
#3964=ORIENTED_EDGE('',*,*,#7732,.F.);
#3965=ORIENTED_EDGE('',*,*,#7733,.F.);
#3966=ORIENTED_EDGE('',*,*,#7734,.F.);
#3967=ORIENTED_EDGE('',*,*,#7735,.F.);
#3968=ORIENTED_EDGE('',*,*,#7736,.F.);
#3969=ORIENTED_EDGE('',*,*,#7737,.F.);
#3970=ORIENTED_EDGE('',*,*,#7738,.F.);
#3971=ORIENTED_EDGE('',*,*,#7739,.F.);
#3972=ORIENTED_EDGE('',*,*,#7740,.F.);
#3973=ORIENTED_EDGE('',*,*,#7741,.F.);
#3974=ORIENTED_EDGE('',*,*,#7742,.F.);
#3975=ORIENTED_EDGE('',*,*,#7743,.F.);
#3976=ORIENTED_EDGE('',*,*,#7744,.F.);
#3977=ORIENTED_EDGE('',*,*,#7745,.F.);
#3978=ORIENTED_EDGE('',*,*,#7746,.F.);
#3979=ORIENTED_EDGE('',*,*,#7747,.F.);
#3980=ORIENTED_EDGE('',*,*,#7748,.F.);
#3981=ORIENTED_EDGE('',*,*,#7749,.F.);
#3982=ORIENTED_EDGE('',*,*,#7750,.F.);
#3983=ORIENTED_EDGE('',*,*,#7751,.F.);
#3984=ORIENTED_EDGE('',*,*,#7752,.F.);
#3985=ORIENTED_EDGE('',*,*,#7753,.F.);
#3986=ORIENTED_EDGE('',*,*,#7754,.F.);
#3987=ORIENTED_EDGE('',*,*,#7755,.F.);
#3988=ORIENTED_EDGE('',*,*,#7756,.F.);
#3989=ORIENTED_EDGE('',*,*,#7757,.F.);
#3990=ORIENTED_EDGE('',*,*,#7758,.F.);
#3991=ORIENTED_EDGE('',*,*,#7759,.F.);
#3992=ORIENTED_EDGE('',*,*,#7760,.F.);
#3993=ORIENTED_EDGE('',*,*,#7761,.F.);
#3994=ORIENTED_EDGE('',*,*,#7762,.F.);
#3995=ORIENTED_EDGE('',*,*,#7763,.F.);
#3996=ORIENTED_EDGE('',*,*,#7764,.F.);
#3997=ORIENTED_EDGE('',*,*,#7765,.F.);
#3998=ORIENTED_EDGE('',*,*,#7766,.F.);
#3999=ORIENTED_EDGE('',*,*,#7767,.F.);
#4000=ORIENTED_EDGE('',*,*,#7768,.F.);
#4001=ORIENTED_EDGE('',*,*,#7769,.F.);
#4002=ORIENTED_EDGE('',*,*,#7770,.F.);
#4003=ORIENTED_EDGE('',*,*,#7771,.F.);
#4004=ORIENTED_EDGE('',*,*,#7772,.F.);
#4005=ORIENTED_EDGE('',*,*,#7773,.F.);
#4006=ORIENTED_EDGE('',*,*,#7774,.F.);
#4007=ORIENTED_EDGE('',*,*,#7775,.F.);
#4008=ORIENTED_EDGE('',*,*,#7776,.F.);
#4009=ORIENTED_EDGE('',*,*,#7777,.F.);
#4010=ORIENTED_EDGE('',*,*,#7778,.F.);
#4011=ORIENTED_EDGE('',*,*,#7779,.F.);
#4012=ORIENTED_EDGE('',*,*,#7780,.F.);
#4013=ORIENTED_EDGE('',*,*,#7781,.F.);
#4014=ORIENTED_EDGE('',*,*,#7782,.F.);
#4015=ORIENTED_EDGE('',*,*,#7783,.F.);
#4016=ORIENTED_EDGE('',*,*,#7784,.F.);
#4017=ORIENTED_EDGE('',*,*,#7785,.F.);
#4018=ORIENTED_EDGE('',*,*,#7786,.F.);
#4019=ORIENTED_EDGE('',*,*,#7787,.F.);
#4020=ORIENTED_EDGE('',*,*,#7788,.F.);
#4021=ORIENTED_EDGE('',*,*,#7789,.F.);
#4022=ORIENTED_EDGE('',*,*,#7790,.F.);
#4023=ORIENTED_EDGE('',*,*,#7791,.F.);
#4024=ORIENTED_EDGE('',*,*,#7792,.F.);
#4025=ORIENTED_EDGE('',*,*,#7793,.F.);
#4026=ORIENTED_EDGE('',*,*,#7794,.F.);
#4027=ORIENTED_EDGE('',*,*,#7795,.F.);
#4028=ORIENTED_EDGE('',*,*,#7796,.F.);
#4029=ORIENTED_EDGE('',*,*,#7797,.F.);
#4030=ORIENTED_EDGE('',*,*,#7798,.F.);
#4031=ORIENTED_EDGE('',*,*,#7799,.F.);
#4032=ORIENTED_EDGE('',*,*,#7800,.F.);
#4033=ORIENTED_EDGE('',*,*,#7801,.F.);
#4034=ORIENTED_EDGE('',*,*,#7802,.F.);
#4035=ORIENTED_EDGE('',*,*,#7803,.F.);
#4036=ORIENTED_EDGE('',*,*,#7804,.F.);
#4037=ORIENTED_EDGE('',*,*,#7805,.F.);
#4038=ORIENTED_EDGE('',*,*,#7806,.F.);
#4039=ORIENTED_EDGE('',*,*,#7807,.F.);
#4040=ORIENTED_EDGE('',*,*,#7808,.F.);
#4041=ORIENTED_EDGE('',*,*,#7809,.F.);
#4042=ORIENTED_EDGE('',*,*,#7810,.F.);
#4043=ORIENTED_EDGE('',*,*,#7811,.F.);
#4044=ORIENTED_EDGE('',*,*,#7812,.F.);
#4045=ORIENTED_EDGE('',*,*,#7813,.F.);
#4046=ORIENTED_EDGE('',*,*,#7814,.F.);
#4047=ORIENTED_EDGE('',*,*,#7815,.F.);
#4048=ORIENTED_EDGE('',*,*,#7816,.F.);
#4049=ORIENTED_EDGE('',*,*,#7817,.F.);
#4050=ORIENTED_EDGE('',*,*,#7818,.F.);
#4051=ORIENTED_EDGE('',*,*,#7819,.F.);
#4052=ORIENTED_EDGE('',*,*,#7820,.F.);
#4053=ORIENTED_EDGE('',*,*,#7821,.F.);
#4054=ORIENTED_EDGE('',*,*,#7822,.F.);
#4055=ORIENTED_EDGE('',*,*,#7823,.F.);
#4056=ORIENTED_EDGE('',*,*,#7824,.F.);
#4057=ORIENTED_EDGE('',*,*,#7825,.F.);
#4058=ORIENTED_EDGE('',*,*,#7826,.F.);
#4059=ORIENTED_EDGE('',*,*,#7827,.F.);
#4060=ORIENTED_EDGE('',*,*,#7828,.F.);
#4061=ORIENTED_EDGE('',*,*,#7829,.F.);
#4062=ORIENTED_EDGE('',*,*,#7830,.F.);
#4063=ORIENTED_EDGE('',*,*,#7831,.F.);
#4064=ORIENTED_EDGE('',*,*,#7832,.F.);
#4065=ORIENTED_EDGE('',*,*,#7833,.F.);
#4066=ORIENTED_EDGE('',*,*,#7834,.F.);
#4067=ORIENTED_EDGE('',*,*,#7835,.F.);
#4068=ORIENTED_EDGE('',*,*,#7836,.F.);
#4069=ORIENTED_EDGE('',*,*,#7837,.F.);
#4070=ORIENTED_EDGE('',*,*,#7838,.F.);
#4071=ORIENTED_EDGE('',*,*,#7839,.F.);
#4072=ORIENTED_EDGE('',*,*,#7840,.F.);
#4073=ORIENTED_EDGE('',*,*,#7841,.F.);
#4074=ORIENTED_EDGE('',*,*,#7842,.F.);
#4075=ORIENTED_EDGE('',*,*,#7843,.F.);
#4076=ORIENTED_EDGE('',*,*,#7844,.F.);
#4077=ORIENTED_EDGE('',*,*,#7845,.F.);
#4078=ORIENTED_EDGE('',*,*,#7846,.F.);
#4079=ORIENTED_EDGE('',*,*,#7847,.F.);
#4080=ORIENTED_EDGE('',*,*,#7848,.F.);
#4081=ORIENTED_EDGE('',*,*,#7849,.F.);
#4082=ORIENTED_EDGE('',*,*,#7850,.F.);
#4083=ORIENTED_EDGE('',*,*,#7851,.F.);
#4084=ORIENTED_EDGE('',*,*,#7852,.F.);
#4085=ORIENTED_EDGE('',*,*,#7853,.F.);
#4086=ORIENTED_EDGE('',*,*,#7854,.F.);
#4087=ORIENTED_EDGE('',*,*,#7855,.F.);
#4088=ORIENTED_EDGE('',*,*,#7856,.F.);
#4089=ORIENTED_EDGE('',*,*,#7857,.F.);
#4090=ORIENTED_EDGE('',*,*,#7858,.F.);
#4091=ORIENTED_EDGE('',*,*,#7859,.F.);
#4092=ORIENTED_EDGE('',*,*,#7860,.F.);
#4093=ORIENTED_EDGE('',*,*,#7861,.T.);
#4094=ORIENTED_EDGE('',*,*,#7862,.T.);
#4095=ORIENTED_EDGE('',*,*,#7863,.T.);
#4096=ORIENTED_EDGE('',*,*,#7864,.T.);
#4097=ORIENTED_EDGE('',*,*,#7865,.T.);
#4098=ORIENTED_EDGE('',*,*,#7866,.T.);
#4099=ORIENTED_EDGE('',*,*,#7867,.T.);
#4100=ORIENTED_EDGE('',*,*,#7868,.T.);
#4101=ORIENTED_EDGE('',*,*,#7869,.T.);
#4102=ORIENTED_EDGE('',*,*,#7870,.T.);
#4103=ORIENTED_EDGE('',*,*,#7871,.T.);
#4104=ORIENTED_EDGE('',*,*,#7872,.T.);
#4105=ORIENTED_EDGE('',*,*,#6593,.F.);
#4106=ORIENTED_EDGE('',*,*,#7233,.T.);
#4107=ORIENTED_EDGE('',*,*,#7222,.T.);
#4108=ORIENTED_EDGE('',*,*,#7873,.F.);
#4109=ORIENTED_EDGE('',*,*,#7861,.F.);
#4110=ORIENTED_EDGE('',*,*,#7874,.T.);
#4111=ORIENTED_EDGE('',*,*,#7218,.F.);
#4112=ORIENTED_EDGE('',*,*,#7875,.F.);
#4113=ORIENTED_EDGE('',*,*,#7860,.T.);
#4114=ORIENTED_EDGE('',*,*,#7876,.T.);
#4115=ORIENTED_EDGE('',*,*,#7214,.F.);
#4116=ORIENTED_EDGE('',*,*,#7877,.F.);
#4117=ORIENTED_EDGE('',*,*,#7856,.T.);
#4118=ORIENTED_EDGE('',*,*,#7878,.T.);
#4119=ORIENTED_EDGE('',*,*,#7210,.F.);
#4120=ORIENTED_EDGE('',*,*,#7879,.F.);
#4121=ORIENTED_EDGE('',*,*,#7852,.T.);
#4122=ORIENTED_EDGE('',*,*,#7880,.T.);
#4123=ORIENTED_EDGE('',*,*,#7202,.F.);
#4124=ORIENTED_EDGE('',*,*,#7881,.F.);
#4125=ORIENTED_EDGE('',*,*,#7848,.T.);
#4126=ORIENTED_EDGE('',*,*,#7882,.T.);
#4127=ORIENTED_EDGE('',*,*,#7194,.F.);
#4128=ORIENTED_EDGE('',*,*,#7883,.F.);
#4129=ORIENTED_EDGE('',*,*,#7840,.T.);
#4130=ORIENTED_EDGE('',*,*,#7884,.T.);
#4131=ORIENTED_EDGE('',*,*,#7190,.F.);
#4132=ORIENTED_EDGE('',*,*,#7885,.F.);
#4133=ORIENTED_EDGE('',*,*,#7832,.T.);
#4134=ORIENTED_EDGE('',*,*,#7886,.T.);
#4135=ORIENTED_EDGE('',*,*,#7186,.F.);
#4136=ORIENTED_EDGE('',*,*,#7887,.F.);
#4137=ORIENTED_EDGE('',*,*,#7828,.T.);
#4138=ORIENTED_EDGE('',*,*,#7888,.T.);
#4139=ORIENTED_EDGE('',*,*,#7182,.F.);
#4140=ORIENTED_EDGE('',*,*,#7889,.F.);
#4141=ORIENTED_EDGE('',*,*,#7824,.T.);
#4142=ORIENTED_EDGE('',*,*,#7890,.T.);
#4143=ORIENTED_EDGE('',*,*,#7178,.F.);
#4144=ORIENTED_EDGE('',*,*,#7891,.F.);
#4145=ORIENTED_EDGE('',*,*,#7820,.T.);
#4146=ORIENTED_EDGE('',*,*,#7892,.T.);
#4147=ORIENTED_EDGE('',*,*,#7170,.F.);
#4148=ORIENTED_EDGE('',*,*,#7893,.F.);
#4149=ORIENTED_EDGE('',*,*,#7816,.T.);
#4150=ORIENTED_EDGE('',*,*,#7894,.T.);
#4151=ORIENTED_EDGE('',*,*,#7162,.F.);
#4152=ORIENTED_EDGE('',*,*,#7895,.F.);
#4153=ORIENTED_EDGE('',*,*,#7808,.T.);
#4154=ORIENTED_EDGE('',*,*,#7896,.T.);
#4155=ORIENTED_EDGE('',*,*,#7158,.F.);
#4156=ORIENTED_EDGE('',*,*,#7897,.F.);
#4157=ORIENTED_EDGE('',*,*,#7800,.T.);
#4158=ORIENTED_EDGE('',*,*,#7898,.T.);
#4159=ORIENTED_EDGE('',*,*,#7154,.F.);
#4160=ORIENTED_EDGE('',*,*,#7899,.F.);
#4161=ORIENTED_EDGE('',*,*,#7796,.T.);
#4162=ORIENTED_EDGE('',*,*,#7900,.T.);
#4163=ORIENTED_EDGE('',*,*,#7144,.F.);
#4164=ORIENTED_EDGE('',*,*,#7901,.F.);
#4165=ORIENTED_EDGE('',*,*,#7792,.T.);
#4166=ORIENTED_EDGE('',*,*,#7902,.T.);
#4167=ORIENTED_EDGE('',*,*,#7138,.F.);
#4168=ORIENTED_EDGE('',*,*,#7903,.F.);
#4169=ORIENTED_EDGE('',*,*,#7782,.T.);
#4170=ORIENTED_EDGE('',*,*,#7904,.T.);
#4171=ORIENTED_EDGE('',*,*,#7134,.F.);
#4172=ORIENTED_EDGE('',*,*,#7905,.F.);
#4173=ORIENTED_EDGE('',*,*,#7776,.T.);
#4174=ORIENTED_EDGE('',*,*,#7906,.T.);
#4175=ORIENTED_EDGE('',*,*,#7130,.F.);
#4176=ORIENTED_EDGE('',*,*,#7907,.F.);
#4177=ORIENTED_EDGE('',*,*,#7772,.T.);
#4178=ORIENTED_EDGE('',*,*,#7908,.T.);
#4179=ORIENTED_EDGE('',*,*,#7126,.F.);
#4180=ORIENTED_EDGE('',*,*,#7909,.F.);
#4181=ORIENTED_EDGE('',*,*,#7768,.T.);
#4182=ORIENTED_EDGE('',*,*,#7910,.T.);
#4183=ORIENTED_EDGE('',*,*,#7122,.F.);
#4184=ORIENTED_EDGE('',*,*,#7911,.F.);
#4185=ORIENTED_EDGE('',*,*,#7764,.T.);
#4186=ORIENTED_EDGE('',*,*,#7912,.T.);
#4187=ORIENTED_EDGE('',*,*,#7116,.F.);
#4188=ORIENTED_EDGE('',*,*,#7913,.F.);
#4189=ORIENTED_EDGE('',*,*,#7760,.T.);
#4190=ORIENTED_EDGE('',*,*,#7914,.T.);
#4191=ORIENTED_EDGE('',*,*,#7110,.F.);
#4192=ORIENTED_EDGE('',*,*,#7915,.F.);
#4193=ORIENTED_EDGE('',*,*,#7754,.T.);
#4194=ORIENTED_EDGE('',*,*,#7916,.T.);
#4195=ORIENTED_EDGE('',*,*,#7102,.F.);
#4196=ORIENTED_EDGE('',*,*,#7917,.F.);
#4197=ORIENTED_EDGE('',*,*,#7748,.T.);
#4198=ORIENTED_EDGE('',*,*,#7918,.T.);
#4199=ORIENTED_EDGE('',*,*,#7094,.F.);
#4200=ORIENTED_EDGE('',*,*,#7919,.F.);
#4201=ORIENTED_EDGE('',*,*,#7740,.T.);
#4202=ORIENTED_EDGE('',*,*,#7920,.T.);
#4203=ORIENTED_EDGE('',*,*,#7090,.F.);
#4204=ORIENTED_EDGE('',*,*,#7921,.F.);
#4205=ORIENTED_EDGE('',*,*,#7732,.T.);
#4206=ORIENTED_EDGE('',*,*,#7922,.T.);
#4207=ORIENTED_EDGE('',*,*,#7086,.F.);
#4208=ORIENTED_EDGE('',*,*,#7923,.F.);
#4209=ORIENTED_EDGE('',*,*,#7728,.T.);
#4210=ORIENTED_EDGE('',*,*,#7924,.T.);
#4211=ORIENTED_EDGE('',*,*,#7082,.F.);
#4212=ORIENTED_EDGE('',*,*,#7925,.F.);
#4213=ORIENTED_EDGE('',*,*,#7724,.T.);
#4214=ORIENTED_EDGE('',*,*,#7926,.T.);
#4215=ORIENTED_EDGE('',*,*,#7078,.F.);
#4216=ORIENTED_EDGE('',*,*,#7927,.F.);
#4217=ORIENTED_EDGE('',*,*,#7720,.T.);
#4218=ORIENTED_EDGE('',*,*,#7928,.T.);
#4219=ORIENTED_EDGE('',*,*,#7074,.F.);
#4220=ORIENTED_EDGE('',*,*,#7929,.F.);
#4221=ORIENTED_EDGE('',*,*,#7716,.T.);
#4222=ORIENTED_EDGE('',*,*,#7930,.T.);
#4223=ORIENTED_EDGE('',*,*,#7070,.F.);
#4224=ORIENTED_EDGE('',*,*,#7931,.F.);
#4225=ORIENTED_EDGE('',*,*,#7712,.T.);
#4226=ORIENTED_EDGE('',*,*,#7932,.T.);
#4227=ORIENTED_EDGE('',*,*,#7062,.F.);
#4228=ORIENTED_EDGE('',*,*,#7933,.F.);
#4229=ORIENTED_EDGE('',*,*,#7708,.T.);
#4230=ORIENTED_EDGE('',*,*,#7934,.T.);
#4231=ORIENTED_EDGE('',*,*,#7054,.F.);
#4232=ORIENTED_EDGE('',*,*,#7935,.F.);
#4233=ORIENTED_EDGE('',*,*,#7700,.T.);
#4234=ORIENTED_EDGE('',*,*,#7936,.T.);
#4235=ORIENTED_EDGE('',*,*,#7050,.F.);
#4236=ORIENTED_EDGE('',*,*,#7937,.F.);
#4237=ORIENTED_EDGE('',*,*,#7692,.T.);
#4238=ORIENTED_EDGE('',*,*,#7938,.T.);
#4239=ORIENTED_EDGE('',*,*,#7046,.F.);
#4240=ORIENTED_EDGE('',*,*,#7939,.F.);
#4241=ORIENTED_EDGE('',*,*,#7688,.T.);
#4242=ORIENTED_EDGE('',*,*,#7940,.T.);
#4243=ORIENTED_EDGE('',*,*,#7042,.F.);
#4244=ORIENTED_EDGE('',*,*,#7941,.F.);
#4245=ORIENTED_EDGE('',*,*,#7684,.T.);
#4246=ORIENTED_EDGE('',*,*,#7942,.T.);
#4247=ORIENTED_EDGE('',*,*,#7038,.F.);
#4248=ORIENTED_EDGE('',*,*,#7943,.F.);
#4249=ORIENTED_EDGE('',*,*,#7680,.T.);
#4250=ORIENTED_EDGE('',*,*,#7944,.T.);
#4251=ORIENTED_EDGE('',*,*,#7034,.F.);
#4252=ORIENTED_EDGE('',*,*,#7945,.F.);
#4253=ORIENTED_EDGE('',*,*,#7676,.T.);
#4254=ORIENTED_EDGE('',*,*,#7946,.T.);
#4255=ORIENTED_EDGE('',*,*,#7030,.F.);
#4256=ORIENTED_EDGE('',*,*,#7947,.F.);
#4257=ORIENTED_EDGE('',*,*,#7672,.T.);
#4258=ORIENTED_EDGE('',*,*,#7948,.T.);
#4259=ORIENTED_EDGE('',*,*,#7022,.F.);
#4260=ORIENTED_EDGE('',*,*,#7949,.F.);
#4261=ORIENTED_EDGE('',*,*,#7668,.T.);
#4262=ORIENTED_EDGE('',*,*,#7950,.T.);
#4263=ORIENTED_EDGE('',*,*,#7014,.F.);
#4264=ORIENTED_EDGE('',*,*,#7951,.F.);
#4265=ORIENTED_EDGE('',*,*,#7660,.T.);
#4266=ORIENTED_EDGE('',*,*,#7952,.T.);
#4267=ORIENTED_EDGE('',*,*,#7010,.F.);
#4268=ORIENTED_EDGE('',*,*,#7953,.F.);
#4269=ORIENTED_EDGE('',*,*,#7652,.T.);
#4270=ORIENTED_EDGE('',*,*,#7954,.T.);
#4271=ORIENTED_EDGE('',*,*,#7006,.F.);
#4272=ORIENTED_EDGE('',*,*,#7955,.F.);
#4273=ORIENTED_EDGE('',*,*,#7648,.T.);
#4274=ORIENTED_EDGE('',*,*,#7956,.T.);
#4275=ORIENTED_EDGE('',*,*,#7002,.F.);
#4276=ORIENTED_EDGE('',*,*,#7957,.F.);
#4277=ORIENTED_EDGE('',*,*,#7644,.T.);
#4278=ORIENTED_EDGE('',*,*,#7958,.T.);
#4279=ORIENTED_EDGE('',*,*,#6998,.F.);
#4280=ORIENTED_EDGE('',*,*,#7959,.F.);
#4281=ORIENTED_EDGE('',*,*,#7640,.T.);
#4282=ORIENTED_EDGE('',*,*,#7960,.T.);
#4283=ORIENTED_EDGE('',*,*,#6994,.F.);
#4284=ORIENTED_EDGE('',*,*,#7961,.F.);
#4285=ORIENTED_EDGE('',*,*,#7636,.T.);
#4286=ORIENTED_EDGE('',*,*,#7962,.T.);
#4287=ORIENTED_EDGE('',*,*,#6988,.F.);
#4288=ORIENTED_EDGE('',*,*,#7963,.F.);
#4289=ORIENTED_EDGE('',*,*,#7632,.T.);
#4290=ORIENTED_EDGE('',*,*,#7964,.T.);
#4291=ORIENTED_EDGE('',*,*,#6982,.F.);
#4292=ORIENTED_EDGE('',*,*,#7965,.F.);
#4293=ORIENTED_EDGE('',*,*,#7626,.T.);
#4294=ORIENTED_EDGE('',*,*,#7966,.T.);
#4295=ORIENTED_EDGE('',*,*,#6978,.F.);
#4296=ORIENTED_EDGE('',*,*,#7967,.F.);
#4297=ORIENTED_EDGE('',*,*,#7620,.T.);
#4298=ORIENTED_EDGE('',*,*,#7968,.T.);
#4299=ORIENTED_EDGE('',*,*,#6974,.F.);
#4300=ORIENTED_EDGE('',*,*,#7969,.F.);
#4301=ORIENTED_EDGE('',*,*,#7616,.T.);
#4302=ORIENTED_EDGE('',*,*,#7970,.T.);
#4303=ORIENTED_EDGE('',*,*,#6970,.F.);
#4304=ORIENTED_EDGE('',*,*,#7971,.F.);
#4305=ORIENTED_EDGE('',*,*,#7612,.T.);
#4306=ORIENTED_EDGE('',*,*,#7972,.T.);
#4307=ORIENTED_EDGE('',*,*,#6966,.F.);
#4308=ORIENTED_EDGE('',*,*,#7973,.F.);
#4309=ORIENTED_EDGE('',*,*,#7608,.T.);
#4310=ORIENTED_EDGE('',*,*,#7974,.T.);
#4311=ORIENTED_EDGE('',*,*,#6962,.F.);
#4312=ORIENTED_EDGE('',*,*,#7975,.F.);
#4313=ORIENTED_EDGE('',*,*,#7604,.T.);
#4314=ORIENTED_EDGE('',*,*,#7976,.T.);
#4315=ORIENTED_EDGE('',*,*,#6956,.F.);
#4316=ORIENTED_EDGE('',*,*,#7977,.F.);
#4317=ORIENTED_EDGE('',*,*,#7600,.T.);
#4318=ORIENTED_EDGE('',*,*,#7978,.T.);
#4319=ORIENTED_EDGE('',*,*,#6950,.F.);
#4320=ORIENTED_EDGE('',*,*,#7979,.F.);
#4321=ORIENTED_EDGE('',*,*,#7594,.T.);
#4322=ORIENTED_EDGE('',*,*,#7980,.T.);
#4323=ORIENTED_EDGE('',*,*,#6942,.F.);
#4324=ORIENTED_EDGE('',*,*,#7981,.F.);
#4325=ORIENTED_EDGE('',*,*,#7588,.T.);
#4326=ORIENTED_EDGE('',*,*,#7982,.T.);
#4327=ORIENTED_EDGE('',*,*,#6934,.F.);
#4328=ORIENTED_EDGE('',*,*,#7983,.F.);
#4329=ORIENTED_EDGE('',*,*,#7580,.T.);
#4330=ORIENTED_EDGE('',*,*,#7984,.T.);
#4331=ORIENTED_EDGE('',*,*,#6930,.F.);
#4332=ORIENTED_EDGE('',*,*,#7985,.F.);
#4333=ORIENTED_EDGE('',*,*,#7572,.T.);
#4334=ORIENTED_EDGE('',*,*,#7986,.T.);
#4335=ORIENTED_EDGE('',*,*,#6926,.F.);
#4336=ORIENTED_EDGE('',*,*,#7987,.F.);
#4337=ORIENTED_EDGE('',*,*,#7568,.T.);
#4338=ORIENTED_EDGE('',*,*,#7988,.T.);
#4339=ORIENTED_EDGE('',*,*,#6922,.F.);
#4340=ORIENTED_EDGE('',*,*,#7989,.F.);
#4341=ORIENTED_EDGE('',*,*,#7564,.T.);
#4342=ORIENTED_EDGE('',*,*,#7990,.T.);
#4343=ORIENTED_EDGE('',*,*,#6918,.F.);
#4344=ORIENTED_EDGE('',*,*,#7991,.F.);
#4345=ORIENTED_EDGE('',*,*,#7560,.T.);
#4346=ORIENTED_EDGE('',*,*,#7992,.T.);
#4347=ORIENTED_EDGE('',*,*,#6910,.F.);
#4348=ORIENTED_EDGE('',*,*,#7993,.F.);
#4349=ORIENTED_EDGE('',*,*,#7556,.T.);
#4350=ORIENTED_EDGE('',*,*,#7994,.T.);
#4351=ORIENTED_EDGE('',*,*,#6902,.F.);
#4352=ORIENTED_EDGE('',*,*,#7995,.F.);
#4353=ORIENTED_EDGE('',*,*,#7548,.T.);
#4354=ORIENTED_EDGE('',*,*,#7996,.T.);
#4355=ORIENTED_EDGE('',*,*,#6898,.F.);
#4356=ORIENTED_EDGE('',*,*,#7997,.F.);
#4357=ORIENTED_EDGE('',*,*,#7540,.T.);
#4358=ORIENTED_EDGE('',*,*,#7998,.T.);
#4359=ORIENTED_EDGE('',*,*,#6894,.F.);
#4360=ORIENTED_EDGE('',*,*,#7999,.F.);
#4361=ORIENTED_EDGE('',*,*,#7536,.T.);
#4362=ORIENTED_EDGE('',*,*,#8000,.T.);
#4363=ORIENTED_EDGE('',*,*,#6890,.F.);
#4364=ORIENTED_EDGE('',*,*,#8001,.F.);
#4365=ORIENTED_EDGE('',*,*,#7532,.T.);
#4366=ORIENTED_EDGE('',*,*,#8002,.T.);
#4367=ORIENTED_EDGE('',*,*,#6886,.F.);
#4368=ORIENTED_EDGE('',*,*,#8003,.F.);
#4369=ORIENTED_EDGE('',*,*,#7528,.T.);
#4370=ORIENTED_EDGE('',*,*,#8004,.T.);
#4371=ORIENTED_EDGE('',*,*,#6882,.F.);
#4372=ORIENTED_EDGE('',*,*,#8005,.F.);
#4373=ORIENTED_EDGE('',*,*,#7524,.T.);
#4374=ORIENTED_EDGE('',*,*,#8006,.T.);
#4375=ORIENTED_EDGE('',*,*,#6878,.F.);
#4376=ORIENTED_EDGE('',*,*,#8007,.F.);
#4377=ORIENTED_EDGE('',*,*,#7520,.T.);
#4378=ORIENTED_EDGE('',*,*,#8008,.T.);
#4379=ORIENTED_EDGE('',*,*,#6874,.F.);
#4380=ORIENTED_EDGE('',*,*,#8009,.F.);
#4381=ORIENTED_EDGE('',*,*,#7516,.T.);
#4382=ORIENTED_EDGE('',*,*,#8010,.T.);
#4383=ORIENTED_EDGE('',*,*,#6870,.F.);
#4384=ORIENTED_EDGE('',*,*,#8011,.F.);
#4385=ORIENTED_EDGE('',*,*,#7512,.T.);
#4386=ORIENTED_EDGE('',*,*,#8012,.T.);
#4387=ORIENTED_EDGE('',*,*,#6866,.F.);
#4388=ORIENTED_EDGE('',*,*,#8013,.F.);
#4389=ORIENTED_EDGE('',*,*,#7508,.T.);
#4390=ORIENTED_EDGE('',*,*,#8014,.T.);
#4391=ORIENTED_EDGE('',*,*,#6862,.F.);
#4392=ORIENTED_EDGE('',*,*,#8015,.F.);
#4393=ORIENTED_EDGE('',*,*,#7504,.T.);
#4394=ORIENTED_EDGE('',*,*,#8016,.T.);
#4395=ORIENTED_EDGE('',*,*,#6854,.F.);
#4396=ORIENTED_EDGE('',*,*,#8017,.F.);
#4397=ORIENTED_EDGE('',*,*,#7500,.T.);
#4398=ORIENTED_EDGE('',*,*,#8018,.T.);
#4399=ORIENTED_EDGE('',*,*,#6846,.F.);
#4400=ORIENTED_EDGE('',*,*,#8019,.F.);
#4401=ORIENTED_EDGE('',*,*,#7492,.T.);
#4402=ORIENTED_EDGE('',*,*,#8020,.T.);
#4403=ORIENTED_EDGE('',*,*,#6842,.F.);
#4404=ORIENTED_EDGE('',*,*,#8021,.F.);
#4405=ORIENTED_EDGE('',*,*,#7484,.T.);
#4406=ORIENTED_EDGE('',*,*,#8022,.T.);
#4407=ORIENTED_EDGE('',*,*,#6838,.F.);
#4408=ORIENTED_EDGE('',*,*,#8023,.F.);
#4409=ORIENTED_EDGE('',*,*,#7480,.T.);
#4410=ORIENTED_EDGE('',*,*,#8024,.T.);
#4411=ORIENTED_EDGE('',*,*,#6834,.F.);
#4412=ORIENTED_EDGE('',*,*,#8025,.F.);
#4413=ORIENTED_EDGE('',*,*,#7476,.T.);
#4414=ORIENTED_EDGE('',*,*,#8026,.T.);
#4415=ORIENTED_EDGE('',*,*,#6830,.F.);
#4416=ORIENTED_EDGE('',*,*,#8027,.F.);
#4417=ORIENTED_EDGE('',*,*,#7472,.T.);
#4418=ORIENTED_EDGE('',*,*,#8028,.T.);
#4419=ORIENTED_EDGE('',*,*,#6826,.F.);
#4420=ORIENTED_EDGE('',*,*,#8029,.F.);
#4421=ORIENTED_EDGE('',*,*,#7468,.T.);
#4422=ORIENTED_EDGE('',*,*,#8030,.T.);
#4423=ORIENTED_EDGE('',*,*,#6822,.F.);
#4424=ORIENTED_EDGE('',*,*,#8031,.F.);
#4425=ORIENTED_EDGE('',*,*,#7464,.T.);
#4426=ORIENTED_EDGE('',*,*,#8032,.T.);
#4427=ORIENTED_EDGE('',*,*,#6816,.F.);
#4428=ORIENTED_EDGE('',*,*,#8033,.F.);
#4429=ORIENTED_EDGE('',*,*,#7460,.T.);
#4430=ORIENTED_EDGE('',*,*,#8034,.T.);
#4431=ORIENTED_EDGE('',*,*,#6810,.F.);
#4432=ORIENTED_EDGE('',*,*,#8035,.F.);
#4433=ORIENTED_EDGE('',*,*,#7454,.T.);
#4434=ORIENTED_EDGE('',*,*,#8036,.T.);
#4435=ORIENTED_EDGE('',*,*,#6804,.F.);
#4436=ORIENTED_EDGE('',*,*,#8037,.F.);
#4437=ORIENTED_EDGE('',*,*,#7448,.T.);
#4438=ORIENTED_EDGE('',*,*,#8038,.T.);
#4439=ORIENTED_EDGE('',*,*,#6798,.F.);
#4440=ORIENTED_EDGE('',*,*,#8039,.F.);
#4441=ORIENTED_EDGE('',*,*,#7442,.T.);
#4442=ORIENTED_EDGE('',*,*,#8040,.T.);
#4443=ORIENTED_EDGE('',*,*,#6794,.F.);
#4444=ORIENTED_EDGE('',*,*,#8041,.F.);
#4445=ORIENTED_EDGE('',*,*,#7436,.T.);
#4446=ORIENTED_EDGE('',*,*,#8042,.T.);
#4447=ORIENTED_EDGE('',*,*,#6790,.F.);
#4448=ORIENTED_EDGE('',*,*,#8043,.F.);
#4449=ORIENTED_EDGE('',*,*,#7432,.T.);
#4450=ORIENTED_EDGE('',*,*,#8044,.T.);
#4451=ORIENTED_EDGE('',*,*,#6786,.F.);
#4452=ORIENTED_EDGE('',*,*,#8045,.F.);
#4453=ORIENTED_EDGE('',*,*,#7428,.T.);
#4454=ORIENTED_EDGE('',*,*,#8046,.T.);
#4455=ORIENTED_EDGE('',*,*,#6782,.F.);
#4456=ORIENTED_EDGE('',*,*,#8047,.F.);
#4457=ORIENTED_EDGE('',*,*,#7424,.T.);
#4458=ORIENTED_EDGE('',*,*,#8048,.T.);
#4459=ORIENTED_EDGE('',*,*,#6774,.F.);
#4460=ORIENTED_EDGE('',*,*,#8049,.F.);
#4461=ORIENTED_EDGE('',*,*,#7420,.T.);
#4462=ORIENTED_EDGE('',*,*,#8050,.T.);
#4463=ORIENTED_EDGE('',*,*,#6766,.F.);
#4464=ORIENTED_EDGE('',*,*,#8051,.F.);
#4465=ORIENTED_EDGE('',*,*,#7412,.T.);
#4466=ORIENTED_EDGE('',*,*,#8052,.T.);
#4467=ORIENTED_EDGE('',*,*,#6762,.F.);
#4468=ORIENTED_EDGE('',*,*,#8053,.F.);
#4469=ORIENTED_EDGE('',*,*,#7404,.T.);
#4470=ORIENTED_EDGE('',*,*,#8054,.T.);
#4471=ORIENTED_EDGE('',*,*,#6758,.F.);
#4472=ORIENTED_EDGE('',*,*,#8055,.F.);
#4473=ORIENTED_EDGE('',*,*,#7400,.T.);
#4474=ORIENTED_EDGE('',*,*,#8056,.T.);
#4475=ORIENTED_EDGE('',*,*,#6754,.F.);
#4476=ORIENTED_EDGE('',*,*,#8057,.F.);
#4477=ORIENTED_EDGE('',*,*,#7396,.T.);
#4478=ORIENTED_EDGE('',*,*,#8058,.T.);
#4479=ORIENTED_EDGE('',*,*,#6750,.F.);
#4480=ORIENTED_EDGE('',*,*,#8059,.F.);
#4481=ORIENTED_EDGE('',*,*,#7392,.T.);
#4482=ORIENTED_EDGE('',*,*,#8060,.T.);
#4483=ORIENTED_EDGE('',*,*,#6746,.F.);
#4484=ORIENTED_EDGE('',*,*,#8061,.F.);
#4485=ORIENTED_EDGE('',*,*,#7388,.T.);
#4486=ORIENTED_EDGE('',*,*,#8062,.T.);
#4487=ORIENTED_EDGE('',*,*,#6742,.F.);
#4488=ORIENTED_EDGE('',*,*,#8063,.F.);
#4489=ORIENTED_EDGE('',*,*,#7384,.T.);
#4490=ORIENTED_EDGE('',*,*,#8064,.T.);
#4491=ORIENTED_EDGE('',*,*,#6734,.F.);
#4492=ORIENTED_EDGE('',*,*,#8065,.F.);
#4493=ORIENTED_EDGE('',*,*,#7380,.T.);
#4494=ORIENTED_EDGE('',*,*,#8066,.T.);
#4495=ORIENTED_EDGE('',*,*,#6726,.F.);
#4496=ORIENTED_EDGE('',*,*,#8067,.F.);
#4497=ORIENTED_EDGE('',*,*,#7372,.T.);
#4498=ORIENTED_EDGE('',*,*,#8068,.T.);
#4499=ORIENTED_EDGE('',*,*,#6722,.F.);
#4500=ORIENTED_EDGE('',*,*,#8069,.F.);
#4501=ORIENTED_EDGE('',*,*,#7364,.T.);
#4502=ORIENTED_EDGE('',*,*,#8070,.T.);
#4503=ORIENTED_EDGE('',*,*,#6718,.F.);
#4504=ORIENTED_EDGE('',*,*,#8071,.F.);
#4505=ORIENTED_EDGE('',*,*,#7360,.T.);
#4506=ORIENTED_EDGE('',*,*,#8072,.T.);
#4507=ORIENTED_EDGE('',*,*,#6714,.F.);
#4508=ORIENTED_EDGE('',*,*,#8073,.F.);
#4509=ORIENTED_EDGE('',*,*,#7356,.T.);
#4510=ORIENTED_EDGE('',*,*,#8074,.T.);
#4511=ORIENTED_EDGE('',*,*,#6710,.F.);
#4512=ORIENTED_EDGE('',*,*,#8075,.F.);
#4513=ORIENTED_EDGE('',*,*,#7352,.T.);
#4514=ORIENTED_EDGE('',*,*,#8076,.T.);
#4515=ORIENTED_EDGE('',*,*,#6702,.F.);
#4516=ORIENTED_EDGE('',*,*,#8077,.F.);
#4517=ORIENTED_EDGE('',*,*,#7348,.T.);
#4518=ORIENTED_EDGE('',*,*,#8078,.T.);
#4519=ORIENTED_EDGE('',*,*,#6694,.F.);
#4520=ORIENTED_EDGE('',*,*,#8079,.F.);
#4521=ORIENTED_EDGE('',*,*,#7340,.T.);
#4522=ORIENTED_EDGE('',*,*,#8080,.T.);
#4523=ORIENTED_EDGE('',*,*,#6690,.F.);
#4524=ORIENTED_EDGE('',*,*,#8081,.F.);
#4525=ORIENTED_EDGE('',*,*,#7332,.T.);
#4526=ORIENTED_EDGE('',*,*,#8082,.T.);
#4527=ORIENTED_EDGE('',*,*,#6684,.F.);
#4528=ORIENTED_EDGE('',*,*,#8083,.F.);
#4529=ORIENTED_EDGE('',*,*,#7328,.T.);
#4530=ORIENTED_EDGE('',*,*,#8084,.T.);
#4531=ORIENTED_EDGE('',*,*,#6678,.F.);
#4532=ORIENTED_EDGE('',*,*,#8085,.F.);
#4533=ORIENTED_EDGE('',*,*,#7322,.T.);
#4534=ORIENTED_EDGE('',*,*,#8086,.T.);
#4535=ORIENTED_EDGE('',*,*,#6674,.F.);
#4536=ORIENTED_EDGE('',*,*,#8087,.F.);
#4537=ORIENTED_EDGE('',*,*,#7316,.T.);
#4538=ORIENTED_EDGE('',*,*,#8088,.T.);
#4539=ORIENTED_EDGE('',*,*,#6670,.F.);
#4540=ORIENTED_EDGE('',*,*,#8089,.F.);
#4541=ORIENTED_EDGE('',*,*,#7312,.T.);
#4542=ORIENTED_EDGE('',*,*,#8090,.T.);
#4543=ORIENTED_EDGE('',*,*,#6662,.F.);
#4544=ORIENTED_EDGE('',*,*,#8091,.F.);
#4545=ORIENTED_EDGE('',*,*,#7308,.T.);
#4546=ORIENTED_EDGE('',*,*,#8092,.T.);
#4547=ORIENTED_EDGE('',*,*,#6652,.F.);
#4548=ORIENTED_EDGE('',*,*,#8093,.F.);
#4549=ORIENTED_EDGE('',*,*,#7300,.T.);
#4550=ORIENTED_EDGE('',*,*,#8094,.T.);
#4551=ORIENTED_EDGE('',*,*,#6646,.F.);
#4552=ORIENTED_EDGE('',*,*,#8095,.F.);
#4553=ORIENTED_EDGE('',*,*,#7290,.T.);
#4554=ORIENTED_EDGE('',*,*,#8096,.T.);
#4555=ORIENTED_EDGE('',*,*,#6638,.F.);
#4556=ORIENTED_EDGE('',*,*,#8097,.F.);
#4557=ORIENTED_EDGE('',*,*,#7284,.T.);
#4558=ORIENTED_EDGE('',*,*,#8098,.T.);
#4559=ORIENTED_EDGE('',*,*,#6634,.F.);
#4560=ORIENTED_EDGE('',*,*,#8099,.F.);
#4561=ORIENTED_EDGE('',*,*,#7276,.T.);
#4562=ORIENTED_EDGE('',*,*,#8100,.T.);
#4563=ORIENTED_EDGE('',*,*,#6630,.F.);
#4564=ORIENTED_EDGE('',*,*,#8101,.F.);
#4565=ORIENTED_EDGE('',*,*,#7272,.T.);
#4566=ORIENTED_EDGE('',*,*,#8102,.T.);
#4567=ORIENTED_EDGE('',*,*,#6628,.T.);
#4568=ORIENTED_EDGE('',*,*,#7268,.F.);
#4569=ORIENTED_EDGE('',*,*,#6627,.T.);
#4570=ORIENTED_EDGE('',*,*,#7267,.F.);
#4571=ORIENTED_EDGE('',*,*,#6626,.F.);
#4572=ORIENTED_EDGE('',*,*,#7266,.T.);
#4573=ORIENTED_EDGE('',*,*,#6625,.F.);
#4574=ORIENTED_EDGE('',*,*,#7265,.T.);
#4575=ORIENTED_EDGE('',*,*,#6624,.F.);
#4576=ORIENTED_EDGE('',*,*,#7264,.T.);
#4577=ORIENTED_EDGE('',*,*,#6623,.F.);
#4578=ORIENTED_EDGE('',*,*,#7263,.T.);
#4579=ORIENTED_EDGE('',*,*,#6622,.F.);
#4580=ORIENTED_EDGE('',*,*,#7262,.T.);
#4581=ORIENTED_EDGE('',*,*,#6621,.F.);
#4582=ORIENTED_EDGE('',*,*,#7261,.T.);
#4583=ORIENTED_EDGE('',*,*,#6620,.F.);
#4584=ORIENTED_EDGE('',*,*,#7260,.T.);
#4585=ORIENTED_EDGE('',*,*,#6619,.F.);
#4586=ORIENTED_EDGE('',*,*,#7259,.T.);
#4587=ORIENTED_EDGE('',*,*,#6618,.F.);
#4588=ORIENTED_EDGE('',*,*,#7258,.T.);
#4589=ORIENTED_EDGE('',*,*,#6617,.F.);
#4590=ORIENTED_EDGE('',*,*,#7257,.T.);
#4591=ORIENTED_EDGE('',*,*,#6616,.F.);
#4592=ORIENTED_EDGE('',*,*,#7256,.T.);
#4593=ORIENTED_EDGE('',*,*,#6615,.F.);
#4594=ORIENTED_EDGE('',*,*,#7255,.T.);
#4595=ORIENTED_EDGE('',*,*,#6614,.F.);
#4596=ORIENTED_EDGE('',*,*,#7254,.T.);
#4597=ORIENTED_EDGE('',*,*,#6613,.F.);
#4598=ORIENTED_EDGE('',*,*,#7253,.T.);
#4599=ORIENTED_EDGE('',*,*,#6612,.F.);
#4600=ORIENTED_EDGE('',*,*,#7252,.T.);
#4601=ORIENTED_EDGE('',*,*,#6611,.T.);
#4602=ORIENTED_EDGE('',*,*,#7251,.F.);
#4603=ORIENTED_EDGE('',*,*,#6610,.F.);
#4604=ORIENTED_EDGE('',*,*,#7250,.T.);
#4605=ORIENTED_EDGE('',*,*,#6609,.F.);
#4606=ORIENTED_EDGE('',*,*,#7249,.T.);
#4607=ORIENTED_EDGE('',*,*,#6608,.F.);
#4608=ORIENTED_EDGE('',*,*,#7248,.T.);
#4609=ORIENTED_EDGE('',*,*,#6607,.T.);
#4610=ORIENTED_EDGE('',*,*,#7247,.F.);
#4611=ORIENTED_EDGE('',*,*,#6606,.F.);
#4612=ORIENTED_EDGE('',*,*,#7246,.T.);
#4613=ORIENTED_EDGE('',*,*,#6605,.F.);
#4614=ORIENTED_EDGE('',*,*,#7245,.T.);
#4615=ORIENTED_EDGE('',*,*,#6604,.F.);
#4616=ORIENTED_EDGE('',*,*,#7244,.T.);
#4617=ORIENTED_EDGE('',*,*,#6603,.F.);
#4618=ORIENTED_EDGE('',*,*,#7243,.T.);
#4619=ORIENTED_EDGE('',*,*,#6602,.F.);
#4620=ORIENTED_EDGE('',*,*,#7242,.T.);
#4621=ORIENTED_EDGE('',*,*,#6601,.F.);
#4622=ORIENTED_EDGE('',*,*,#7241,.T.);
#4623=ORIENTED_EDGE('',*,*,#6600,.F.);
#4624=ORIENTED_EDGE('',*,*,#7240,.T.);
#4625=ORIENTED_EDGE('',*,*,#6599,.F.);
#4626=ORIENTED_EDGE('',*,*,#7239,.T.);
#4627=ORIENTED_EDGE('',*,*,#6598,.F.);
#4628=ORIENTED_EDGE('',*,*,#7238,.T.);
#4629=ORIENTED_EDGE('',*,*,#6597,.F.);
#4630=ORIENTED_EDGE('',*,*,#7237,.T.);
#4631=ORIENTED_EDGE('',*,*,#6596,.T.);
#4632=ORIENTED_EDGE('',*,*,#7236,.F.);
#4633=ORIENTED_EDGE('',*,*,#6595,.F.);
#4634=ORIENTED_EDGE('',*,*,#7235,.T.);
#4635=ORIENTED_EDGE('',*,*,#6594,.F.);
#4636=ORIENTED_EDGE('',*,*,#7234,.T.);
#4637=ORIENTED_EDGE('',*,*,#7223,.T.);
#4638=ORIENTED_EDGE('',*,*,#7874,.F.);
#4639=ORIENTED_EDGE('',*,*,#7872,.F.);
#4640=ORIENTED_EDGE('',*,*,#8103,.T.);
#4641=ORIENTED_EDGE('',*,*,#7224,.T.);
#4642=ORIENTED_EDGE('',*,*,#8103,.F.);
#4643=ORIENTED_EDGE('',*,*,#7871,.F.);
#4644=ORIENTED_EDGE('',*,*,#8104,.T.);
#4645=ORIENTED_EDGE('',*,*,#7225,.T.);
#4646=ORIENTED_EDGE('',*,*,#8104,.F.);
#4647=ORIENTED_EDGE('',*,*,#7870,.F.);
#4648=ORIENTED_EDGE('',*,*,#8105,.T.);
#4649=ORIENTED_EDGE('',*,*,#7226,.T.);
#4650=ORIENTED_EDGE('',*,*,#8105,.F.);
#4651=ORIENTED_EDGE('',*,*,#7869,.F.);
#4652=ORIENTED_EDGE('',*,*,#8106,.T.);
#4653=ORIENTED_EDGE('',*,*,#7227,.T.);
#4654=ORIENTED_EDGE('',*,*,#8106,.F.);
#4655=ORIENTED_EDGE('',*,*,#7868,.F.);
#4656=ORIENTED_EDGE('',*,*,#8107,.T.);
#4657=ORIENTED_EDGE('',*,*,#7228,.T.);
#4658=ORIENTED_EDGE('',*,*,#8107,.F.);
#4659=ORIENTED_EDGE('',*,*,#7867,.F.);
#4660=ORIENTED_EDGE('',*,*,#8108,.T.);
#4661=ORIENTED_EDGE('',*,*,#7229,.T.);
#4662=ORIENTED_EDGE('',*,*,#8108,.F.);
#4663=ORIENTED_EDGE('',*,*,#7866,.F.);
#4664=ORIENTED_EDGE('',*,*,#8109,.T.);
#4665=ORIENTED_EDGE('',*,*,#7230,.T.);
#4666=ORIENTED_EDGE('',*,*,#8109,.F.);
#4667=ORIENTED_EDGE('',*,*,#7865,.F.);
#4668=ORIENTED_EDGE('',*,*,#8110,.T.);
#4669=ORIENTED_EDGE('',*,*,#7231,.T.);
#4670=ORIENTED_EDGE('',*,*,#8110,.F.);
#4671=ORIENTED_EDGE('',*,*,#7864,.F.);
#4672=ORIENTED_EDGE('',*,*,#8111,.T.);
#4673=ORIENTED_EDGE('',*,*,#7232,.T.);
#4674=ORIENTED_EDGE('',*,*,#8111,.F.);
#4675=ORIENTED_EDGE('',*,*,#7863,.F.);
#4676=ORIENTED_EDGE('',*,*,#8112,.T.);
#4677=ORIENTED_EDGE('',*,*,#7221,.T.);
#4678=ORIENTED_EDGE('',*,*,#8112,.F.);
#4679=ORIENTED_EDGE('',*,*,#7862,.F.);
#4680=ORIENTED_EDGE('',*,*,#7873,.T.);
#4681=ORIENTED_EDGE('',*,*,#7219,.F.);
#4682=ORIENTED_EDGE('',*,*,#7876,.F.);
#4683=ORIENTED_EDGE('',*,*,#7859,.T.);
#4684=ORIENTED_EDGE('',*,*,#8113,.T.);
#4685=ORIENTED_EDGE('',*,*,#7220,.F.);
#4686=ORIENTED_EDGE('',*,*,#8113,.F.);
#4687=ORIENTED_EDGE('',*,*,#7858,.T.);
#4688=ORIENTED_EDGE('',*,*,#8114,.T.);
#4689=ORIENTED_EDGE('',*,*,#7217,.F.);
#4690=ORIENTED_EDGE('',*,*,#8114,.F.);
#4691=ORIENTED_EDGE('',*,*,#7857,.T.);
#4692=ORIENTED_EDGE('',*,*,#7875,.T.);
#4693=ORIENTED_EDGE('',*,*,#7215,.F.);
#4694=ORIENTED_EDGE('',*,*,#7878,.F.);
#4695=ORIENTED_EDGE('',*,*,#7855,.T.);
#4696=ORIENTED_EDGE('',*,*,#8115,.T.);
#4697=ORIENTED_EDGE('',*,*,#7216,.F.);
#4698=ORIENTED_EDGE('',*,*,#8115,.F.);
#4699=ORIENTED_EDGE('',*,*,#7854,.T.);
#4700=ORIENTED_EDGE('',*,*,#8116,.T.);
#4701=ORIENTED_EDGE('',*,*,#7213,.F.);
#4702=ORIENTED_EDGE('',*,*,#8116,.F.);
#4703=ORIENTED_EDGE('',*,*,#7853,.T.);
#4704=ORIENTED_EDGE('',*,*,#7877,.T.);
#4705=ORIENTED_EDGE('',*,*,#7211,.F.);
#4706=ORIENTED_EDGE('',*,*,#7880,.F.);
#4707=ORIENTED_EDGE('',*,*,#7851,.T.);
#4708=ORIENTED_EDGE('',*,*,#8117,.T.);
#4709=ORIENTED_EDGE('',*,*,#7212,.F.);
#4710=ORIENTED_EDGE('',*,*,#8117,.F.);
#4711=ORIENTED_EDGE('',*,*,#7850,.T.);
#4712=ORIENTED_EDGE('',*,*,#8118,.T.);
#4713=ORIENTED_EDGE('',*,*,#7209,.F.);
#4714=ORIENTED_EDGE('',*,*,#8118,.F.);
#4715=ORIENTED_EDGE('',*,*,#7849,.T.);
#4716=ORIENTED_EDGE('',*,*,#7879,.T.);
#4717=ORIENTED_EDGE('',*,*,#7203,.F.);
#4718=ORIENTED_EDGE('',*,*,#7882,.F.);
#4719=ORIENTED_EDGE('',*,*,#7847,.T.);
#4720=ORIENTED_EDGE('',*,*,#8119,.T.);
#4721=ORIENTED_EDGE('',*,*,#7204,.F.);
#4722=ORIENTED_EDGE('',*,*,#8119,.F.);
#4723=ORIENTED_EDGE('',*,*,#7846,.T.);
#4724=ORIENTED_EDGE('',*,*,#8120,.T.);
#4725=ORIENTED_EDGE('',*,*,#7205,.F.);
#4726=ORIENTED_EDGE('',*,*,#8120,.F.);
#4727=ORIENTED_EDGE('',*,*,#7845,.T.);
#4728=ORIENTED_EDGE('',*,*,#8121,.T.);
#4729=ORIENTED_EDGE('',*,*,#7206,.F.);
#4730=ORIENTED_EDGE('',*,*,#8121,.F.);
#4731=ORIENTED_EDGE('',*,*,#7844,.T.);
#4732=ORIENTED_EDGE('',*,*,#8122,.T.);
#4733=ORIENTED_EDGE('',*,*,#7207,.F.);
#4734=ORIENTED_EDGE('',*,*,#8122,.F.);
#4735=ORIENTED_EDGE('',*,*,#7843,.T.);
#4736=ORIENTED_EDGE('',*,*,#8123,.T.);
#4737=ORIENTED_EDGE('',*,*,#7208,.F.);
#4738=ORIENTED_EDGE('',*,*,#8123,.F.);
#4739=ORIENTED_EDGE('',*,*,#7842,.T.);
#4740=ORIENTED_EDGE('',*,*,#8124,.T.);
#4741=ORIENTED_EDGE('',*,*,#7201,.F.);
#4742=ORIENTED_EDGE('',*,*,#8124,.F.);
#4743=ORIENTED_EDGE('',*,*,#7841,.T.);
#4744=ORIENTED_EDGE('',*,*,#7881,.T.);
#4745=ORIENTED_EDGE('',*,*,#7195,.F.);
#4746=ORIENTED_EDGE('',*,*,#7884,.F.);
#4747=ORIENTED_EDGE('',*,*,#7839,.T.);
#4748=ORIENTED_EDGE('',*,*,#8125,.T.);
#4749=ORIENTED_EDGE('',*,*,#7196,.F.);
#4750=ORIENTED_EDGE('',*,*,#8125,.F.);
#4751=ORIENTED_EDGE('',*,*,#7838,.T.);
#4752=ORIENTED_EDGE('',*,*,#8126,.T.);
#4753=ORIENTED_EDGE('',*,*,#7197,.F.);
#4754=ORIENTED_EDGE('',*,*,#8126,.F.);
#4755=ORIENTED_EDGE('',*,*,#7837,.T.);
#4756=ORIENTED_EDGE('',*,*,#8127,.T.);
#4757=ORIENTED_EDGE('',*,*,#7198,.F.);
#4758=ORIENTED_EDGE('',*,*,#8127,.F.);
#4759=ORIENTED_EDGE('',*,*,#7836,.T.);
#4760=ORIENTED_EDGE('',*,*,#8128,.T.);
#4761=ORIENTED_EDGE('',*,*,#7199,.F.);
#4762=ORIENTED_EDGE('',*,*,#8128,.F.);
#4763=ORIENTED_EDGE('',*,*,#7835,.T.);
#4764=ORIENTED_EDGE('',*,*,#8129,.T.);
#4765=ORIENTED_EDGE('',*,*,#7200,.F.);
#4766=ORIENTED_EDGE('',*,*,#8129,.F.);
#4767=ORIENTED_EDGE('',*,*,#7834,.T.);
#4768=ORIENTED_EDGE('',*,*,#8130,.T.);
#4769=ORIENTED_EDGE('',*,*,#7193,.F.);
#4770=ORIENTED_EDGE('',*,*,#8130,.F.);
#4771=ORIENTED_EDGE('',*,*,#7833,.T.);
#4772=ORIENTED_EDGE('',*,*,#7883,.T.);
#4773=ORIENTED_EDGE('',*,*,#7191,.F.);
#4774=ORIENTED_EDGE('',*,*,#7886,.F.);
#4775=ORIENTED_EDGE('',*,*,#7831,.T.);
#4776=ORIENTED_EDGE('',*,*,#8131,.T.);
#4777=ORIENTED_EDGE('',*,*,#7192,.F.);
#4778=ORIENTED_EDGE('',*,*,#8131,.F.);
#4779=ORIENTED_EDGE('',*,*,#7830,.T.);
#4780=ORIENTED_EDGE('',*,*,#8132,.T.);
#4781=ORIENTED_EDGE('',*,*,#7189,.F.);
#4782=ORIENTED_EDGE('',*,*,#8132,.F.);
#4783=ORIENTED_EDGE('',*,*,#7829,.T.);
#4784=ORIENTED_EDGE('',*,*,#7885,.T.);
#4785=ORIENTED_EDGE('',*,*,#7187,.F.);
#4786=ORIENTED_EDGE('',*,*,#7888,.F.);
#4787=ORIENTED_EDGE('',*,*,#7827,.T.);
#4788=ORIENTED_EDGE('',*,*,#8133,.T.);
#4789=ORIENTED_EDGE('',*,*,#7188,.F.);
#4790=ORIENTED_EDGE('',*,*,#8133,.F.);
#4791=ORIENTED_EDGE('',*,*,#7826,.T.);
#4792=ORIENTED_EDGE('',*,*,#8134,.T.);
#4793=ORIENTED_EDGE('',*,*,#7185,.F.);
#4794=ORIENTED_EDGE('',*,*,#8134,.F.);
#4795=ORIENTED_EDGE('',*,*,#7825,.T.);
#4796=ORIENTED_EDGE('',*,*,#7887,.T.);
#4797=ORIENTED_EDGE('',*,*,#7183,.F.);
#4798=ORIENTED_EDGE('',*,*,#7890,.F.);
#4799=ORIENTED_EDGE('',*,*,#7823,.T.);
#4800=ORIENTED_EDGE('',*,*,#8135,.T.);
#4801=ORIENTED_EDGE('',*,*,#7184,.F.);
#4802=ORIENTED_EDGE('',*,*,#8135,.F.);
#4803=ORIENTED_EDGE('',*,*,#7822,.T.);
#4804=ORIENTED_EDGE('',*,*,#8136,.T.);
#4805=ORIENTED_EDGE('',*,*,#7181,.F.);
#4806=ORIENTED_EDGE('',*,*,#8136,.F.);
#4807=ORIENTED_EDGE('',*,*,#7821,.T.);
#4808=ORIENTED_EDGE('',*,*,#7889,.T.);
#4809=ORIENTED_EDGE('',*,*,#7179,.F.);
#4810=ORIENTED_EDGE('',*,*,#7892,.F.);
#4811=ORIENTED_EDGE('',*,*,#7819,.T.);
#4812=ORIENTED_EDGE('',*,*,#8137,.T.);
#4813=ORIENTED_EDGE('',*,*,#7180,.F.);
#4814=ORIENTED_EDGE('',*,*,#8137,.F.);
#4815=ORIENTED_EDGE('',*,*,#7818,.T.);
#4816=ORIENTED_EDGE('',*,*,#8138,.T.);
#4817=ORIENTED_EDGE('',*,*,#7177,.F.);
#4818=ORIENTED_EDGE('',*,*,#8138,.F.);
#4819=ORIENTED_EDGE('',*,*,#7817,.T.);
#4820=ORIENTED_EDGE('',*,*,#7891,.T.);
#4821=ORIENTED_EDGE('',*,*,#7171,.F.);
#4822=ORIENTED_EDGE('',*,*,#7894,.F.);
#4823=ORIENTED_EDGE('',*,*,#7815,.T.);
#4824=ORIENTED_EDGE('',*,*,#8139,.T.);
#4825=ORIENTED_EDGE('',*,*,#7172,.F.);
#4826=ORIENTED_EDGE('',*,*,#8139,.F.);
#4827=ORIENTED_EDGE('',*,*,#7814,.T.);
#4828=ORIENTED_EDGE('',*,*,#8140,.T.);
#4829=ORIENTED_EDGE('',*,*,#7173,.F.);
#4830=ORIENTED_EDGE('',*,*,#8140,.F.);
#4831=ORIENTED_EDGE('',*,*,#7813,.T.);
#4832=ORIENTED_EDGE('',*,*,#8141,.T.);
#4833=ORIENTED_EDGE('',*,*,#7174,.F.);
#4834=ORIENTED_EDGE('',*,*,#8141,.F.);
#4835=ORIENTED_EDGE('',*,*,#7812,.T.);
#4836=ORIENTED_EDGE('',*,*,#8142,.T.);
#4837=ORIENTED_EDGE('',*,*,#7175,.F.);
#4838=ORIENTED_EDGE('',*,*,#8142,.F.);
#4839=ORIENTED_EDGE('',*,*,#7811,.T.);
#4840=ORIENTED_EDGE('',*,*,#8143,.T.);
#4841=ORIENTED_EDGE('',*,*,#7176,.F.);
#4842=ORIENTED_EDGE('',*,*,#8143,.F.);
#4843=ORIENTED_EDGE('',*,*,#7810,.T.);
#4844=ORIENTED_EDGE('',*,*,#8144,.T.);
#4845=ORIENTED_EDGE('',*,*,#7169,.F.);
#4846=ORIENTED_EDGE('',*,*,#8144,.F.);
#4847=ORIENTED_EDGE('',*,*,#7809,.T.);
#4848=ORIENTED_EDGE('',*,*,#7893,.T.);
#4849=ORIENTED_EDGE('',*,*,#7163,.F.);
#4850=ORIENTED_EDGE('',*,*,#7896,.F.);
#4851=ORIENTED_EDGE('',*,*,#7807,.T.);
#4852=ORIENTED_EDGE('',*,*,#8145,.T.);
#4853=ORIENTED_EDGE('',*,*,#7164,.F.);
#4854=ORIENTED_EDGE('',*,*,#8145,.F.);
#4855=ORIENTED_EDGE('',*,*,#7806,.T.);
#4856=ORIENTED_EDGE('',*,*,#8146,.T.);
#4857=ORIENTED_EDGE('',*,*,#7165,.F.);
#4858=ORIENTED_EDGE('',*,*,#8146,.F.);
#4859=ORIENTED_EDGE('',*,*,#7805,.T.);
#4860=ORIENTED_EDGE('',*,*,#8147,.T.);
#4861=ORIENTED_EDGE('',*,*,#7166,.F.);
#4862=ORIENTED_EDGE('',*,*,#8147,.F.);
#4863=ORIENTED_EDGE('',*,*,#7804,.T.);
#4864=ORIENTED_EDGE('',*,*,#8148,.T.);
#4865=ORIENTED_EDGE('',*,*,#7167,.F.);
#4866=ORIENTED_EDGE('',*,*,#8148,.F.);
#4867=ORIENTED_EDGE('',*,*,#7803,.T.);
#4868=ORIENTED_EDGE('',*,*,#8149,.T.);
#4869=ORIENTED_EDGE('',*,*,#7168,.F.);
#4870=ORIENTED_EDGE('',*,*,#8149,.F.);
#4871=ORIENTED_EDGE('',*,*,#7802,.T.);
#4872=ORIENTED_EDGE('',*,*,#8150,.T.);
#4873=ORIENTED_EDGE('',*,*,#7161,.F.);
#4874=ORIENTED_EDGE('',*,*,#8150,.F.);
#4875=ORIENTED_EDGE('',*,*,#7801,.T.);
#4876=ORIENTED_EDGE('',*,*,#7895,.T.);
#4877=ORIENTED_EDGE('',*,*,#7159,.F.);
#4878=ORIENTED_EDGE('',*,*,#7898,.F.);
#4879=ORIENTED_EDGE('',*,*,#7799,.T.);
#4880=ORIENTED_EDGE('',*,*,#8151,.T.);
#4881=ORIENTED_EDGE('',*,*,#7160,.F.);
#4882=ORIENTED_EDGE('',*,*,#8151,.F.);
#4883=ORIENTED_EDGE('',*,*,#7798,.T.);
#4884=ORIENTED_EDGE('',*,*,#8152,.T.);
#4885=ORIENTED_EDGE('',*,*,#7157,.F.);
#4886=ORIENTED_EDGE('',*,*,#8152,.F.);
#4887=ORIENTED_EDGE('',*,*,#7797,.T.);
#4888=ORIENTED_EDGE('',*,*,#7897,.T.);
#4889=ORIENTED_EDGE('',*,*,#7155,.F.);
#4890=ORIENTED_EDGE('',*,*,#7900,.F.);
#4891=ORIENTED_EDGE('',*,*,#7795,.T.);
#4892=ORIENTED_EDGE('',*,*,#8153,.T.);
#4893=ORIENTED_EDGE('',*,*,#7156,.F.);
#4894=ORIENTED_EDGE('',*,*,#8153,.F.);
#4895=ORIENTED_EDGE('',*,*,#7794,.T.);
#4896=ORIENTED_EDGE('',*,*,#8154,.T.);
#4897=ORIENTED_EDGE('',*,*,#7153,.F.);
#4898=ORIENTED_EDGE('',*,*,#8154,.F.);
#4899=ORIENTED_EDGE('',*,*,#7793,.T.);
#4900=ORIENTED_EDGE('',*,*,#7899,.T.);
#4901=ORIENTED_EDGE('',*,*,#7145,.F.);
#4902=ORIENTED_EDGE('',*,*,#7902,.F.);
#4903=ORIENTED_EDGE('',*,*,#7791,.T.);
#4904=ORIENTED_EDGE('',*,*,#8155,.T.);
#4905=ORIENTED_EDGE('',*,*,#7146,.F.);
#4906=ORIENTED_EDGE('',*,*,#8155,.F.);
#4907=ORIENTED_EDGE('',*,*,#7790,.T.);
#4908=ORIENTED_EDGE('',*,*,#8156,.T.);
#4909=ORIENTED_EDGE('',*,*,#7147,.F.);
#4910=ORIENTED_EDGE('',*,*,#8156,.F.);
#4911=ORIENTED_EDGE('',*,*,#7789,.T.);
#4912=ORIENTED_EDGE('',*,*,#8157,.T.);
#4913=ORIENTED_EDGE('',*,*,#7148,.F.);
#4914=ORIENTED_EDGE('',*,*,#8157,.F.);
#4915=ORIENTED_EDGE('',*,*,#7788,.T.);
#4916=ORIENTED_EDGE('',*,*,#8158,.T.);
#4917=ORIENTED_EDGE('',*,*,#7149,.F.);
#4918=ORIENTED_EDGE('',*,*,#8158,.F.);
#4919=ORIENTED_EDGE('',*,*,#7787,.T.);
#4920=ORIENTED_EDGE('',*,*,#8159,.T.);
#4921=ORIENTED_EDGE('',*,*,#7150,.F.);
#4922=ORIENTED_EDGE('',*,*,#8159,.F.);
#4923=ORIENTED_EDGE('',*,*,#7786,.T.);
#4924=ORIENTED_EDGE('',*,*,#8160,.T.);
#4925=ORIENTED_EDGE('',*,*,#7151,.F.);
#4926=ORIENTED_EDGE('',*,*,#8160,.F.);
#4927=ORIENTED_EDGE('',*,*,#7785,.T.);
#4928=ORIENTED_EDGE('',*,*,#8161,.T.);
#4929=ORIENTED_EDGE('',*,*,#7152,.F.);
#4930=ORIENTED_EDGE('',*,*,#8161,.F.);
#4931=ORIENTED_EDGE('',*,*,#7784,.T.);
#4932=ORIENTED_EDGE('',*,*,#8162,.T.);
#4933=ORIENTED_EDGE('',*,*,#7143,.F.);
#4934=ORIENTED_EDGE('',*,*,#8162,.F.);
#4935=ORIENTED_EDGE('',*,*,#7783,.T.);
#4936=ORIENTED_EDGE('',*,*,#7901,.T.);
#4937=ORIENTED_EDGE('',*,*,#7139,.F.);
#4938=ORIENTED_EDGE('',*,*,#7904,.F.);
#4939=ORIENTED_EDGE('',*,*,#7781,.T.);
#4940=ORIENTED_EDGE('',*,*,#8163,.T.);
#4941=ORIENTED_EDGE('',*,*,#7140,.F.);
#4942=ORIENTED_EDGE('',*,*,#8163,.F.);
#4943=ORIENTED_EDGE('',*,*,#7780,.T.);
#4944=ORIENTED_EDGE('',*,*,#8164,.T.);
#4945=ORIENTED_EDGE('',*,*,#7141,.F.);
#4946=ORIENTED_EDGE('',*,*,#8164,.F.);
#4947=ORIENTED_EDGE('',*,*,#7779,.T.);
#4948=ORIENTED_EDGE('',*,*,#8165,.T.);
#4949=ORIENTED_EDGE('',*,*,#7142,.F.);
#4950=ORIENTED_EDGE('',*,*,#8165,.F.);
#4951=ORIENTED_EDGE('',*,*,#7778,.T.);
#4952=ORIENTED_EDGE('',*,*,#8166,.T.);
#4953=ORIENTED_EDGE('',*,*,#7137,.F.);
#4954=ORIENTED_EDGE('',*,*,#8166,.F.);
#4955=ORIENTED_EDGE('',*,*,#7777,.T.);
#4956=ORIENTED_EDGE('',*,*,#7903,.T.);
#4957=ORIENTED_EDGE('',*,*,#7135,.F.);
#4958=ORIENTED_EDGE('',*,*,#7906,.F.);
#4959=ORIENTED_EDGE('',*,*,#7775,.T.);
#4960=ORIENTED_EDGE('',*,*,#8167,.T.);
#4961=ORIENTED_EDGE('',*,*,#7136,.F.);
#4962=ORIENTED_EDGE('',*,*,#8167,.F.);
#4963=ORIENTED_EDGE('',*,*,#7774,.T.);
#4964=ORIENTED_EDGE('',*,*,#8168,.T.);
#4965=ORIENTED_EDGE('',*,*,#7133,.F.);
#4966=ORIENTED_EDGE('',*,*,#8168,.F.);
#4967=ORIENTED_EDGE('',*,*,#7773,.T.);
#4968=ORIENTED_EDGE('',*,*,#7905,.T.);
#4969=ORIENTED_EDGE('',*,*,#7131,.F.);
#4970=ORIENTED_EDGE('',*,*,#7908,.F.);
#4971=ORIENTED_EDGE('',*,*,#7771,.T.);
#4972=ORIENTED_EDGE('',*,*,#8169,.T.);
#4973=ORIENTED_EDGE('',*,*,#7132,.F.);
#4974=ORIENTED_EDGE('',*,*,#8169,.F.);
#4975=ORIENTED_EDGE('',*,*,#7770,.T.);
#4976=ORIENTED_EDGE('',*,*,#8170,.T.);
#4977=ORIENTED_EDGE('',*,*,#7129,.F.);
#4978=ORIENTED_EDGE('',*,*,#8170,.F.);
#4979=ORIENTED_EDGE('',*,*,#7769,.T.);
#4980=ORIENTED_EDGE('',*,*,#7907,.T.);
#4981=ORIENTED_EDGE('',*,*,#7127,.F.);
#4982=ORIENTED_EDGE('',*,*,#7910,.F.);
#4983=ORIENTED_EDGE('',*,*,#7767,.T.);
#4984=ORIENTED_EDGE('',*,*,#8171,.T.);
#4985=ORIENTED_EDGE('',*,*,#7128,.F.);
#4986=ORIENTED_EDGE('',*,*,#8171,.F.);
#4987=ORIENTED_EDGE('',*,*,#7766,.T.);
#4988=ORIENTED_EDGE('',*,*,#8172,.T.);
#4989=ORIENTED_EDGE('',*,*,#7125,.F.);
#4990=ORIENTED_EDGE('',*,*,#8172,.F.);
#4991=ORIENTED_EDGE('',*,*,#7765,.T.);
#4992=ORIENTED_EDGE('',*,*,#7909,.T.);
#4993=ORIENTED_EDGE('',*,*,#7123,.F.);
#4994=ORIENTED_EDGE('',*,*,#7912,.F.);
#4995=ORIENTED_EDGE('',*,*,#7763,.T.);
#4996=ORIENTED_EDGE('',*,*,#8173,.T.);
#4997=ORIENTED_EDGE('',*,*,#7124,.F.);
#4998=ORIENTED_EDGE('',*,*,#8173,.F.);
#4999=ORIENTED_EDGE('',*,*,#7762,.T.);
#5000=ORIENTED_EDGE('',*,*,#8174,.T.);
#5001=ORIENTED_EDGE('',*,*,#7121,.F.);
#5002=ORIENTED_EDGE('',*,*,#8174,.F.);
#5003=ORIENTED_EDGE('',*,*,#7761,.T.);
#5004=ORIENTED_EDGE('',*,*,#7911,.T.);
#5005=ORIENTED_EDGE('',*,*,#7117,.F.);
#5006=ORIENTED_EDGE('',*,*,#7914,.F.);
#5007=ORIENTED_EDGE('',*,*,#7759,.T.);
#5008=ORIENTED_EDGE('',*,*,#8175,.T.);
#5009=ORIENTED_EDGE('',*,*,#7118,.F.);
#5010=ORIENTED_EDGE('',*,*,#8175,.F.);
#5011=ORIENTED_EDGE('',*,*,#7758,.T.);
#5012=ORIENTED_EDGE('',*,*,#8176,.T.);
#5013=ORIENTED_EDGE('',*,*,#7119,.F.);
#5014=ORIENTED_EDGE('',*,*,#8176,.F.);
#5015=ORIENTED_EDGE('',*,*,#7757,.T.);
#5016=ORIENTED_EDGE('',*,*,#8177,.T.);
#5017=ORIENTED_EDGE('',*,*,#7120,.F.);
#5018=ORIENTED_EDGE('',*,*,#8177,.F.);
#5019=ORIENTED_EDGE('',*,*,#7756,.T.);
#5020=ORIENTED_EDGE('',*,*,#8178,.T.);
#5021=ORIENTED_EDGE('',*,*,#7115,.F.);
#5022=ORIENTED_EDGE('',*,*,#8178,.F.);
#5023=ORIENTED_EDGE('',*,*,#7755,.T.);
#5024=ORIENTED_EDGE('',*,*,#7913,.T.);
#5025=ORIENTED_EDGE('',*,*,#7111,.F.);
#5026=ORIENTED_EDGE('',*,*,#7916,.F.);
#5027=ORIENTED_EDGE('',*,*,#7753,.T.);
#5028=ORIENTED_EDGE('',*,*,#8179,.T.);
#5029=ORIENTED_EDGE('',*,*,#7112,.F.);
#5030=ORIENTED_EDGE('',*,*,#8179,.F.);
#5031=ORIENTED_EDGE('',*,*,#7752,.T.);
#5032=ORIENTED_EDGE('',*,*,#8180,.T.);
#5033=ORIENTED_EDGE('',*,*,#7113,.F.);
#5034=ORIENTED_EDGE('',*,*,#8180,.F.);
#5035=ORIENTED_EDGE('',*,*,#7751,.T.);
#5036=ORIENTED_EDGE('',*,*,#8181,.T.);
#5037=ORIENTED_EDGE('',*,*,#7114,.F.);
#5038=ORIENTED_EDGE('',*,*,#8181,.F.);
#5039=ORIENTED_EDGE('',*,*,#7750,.T.);
#5040=ORIENTED_EDGE('',*,*,#8182,.T.);
#5041=ORIENTED_EDGE('',*,*,#7109,.F.);
#5042=ORIENTED_EDGE('',*,*,#8182,.F.);
#5043=ORIENTED_EDGE('',*,*,#7749,.T.);
#5044=ORIENTED_EDGE('',*,*,#7915,.T.);
#5045=ORIENTED_EDGE('',*,*,#7103,.F.);
#5046=ORIENTED_EDGE('',*,*,#7918,.F.);
#5047=ORIENTED_EDGE('',*,*,#7747,.T.);
#5048=ORIENTED_EDGE('',*,*,#8183,.T.);
#5049=ORIENTED_EDGE('',*,*,#7104,.F.);
#5050=ORIENTED_EDGE('',*,*,#8183,.F.);
#5051=ORIENTED_EDGE('',*,*,#7746,.T.);
#5052=ORIENTED_EDGE('',*,*,#8184,.T.);
#5053=ORIENTED_EDGE('',*,*,#7105,.F.);
#5054=ORIENTED_EDGE('',*,*,#8184,.F.);
#5055=ORIENTED_EDGE('',*,*,#7745,.T.);
#5056=ORIENTED_EDGE('',*,*,#8185,.T.);
#5057=ORIENTED_EDGE('',*,*,#7106,.F.);
#5058=ORIENTED_EDGE('',*,*,#8185,.F.);
#5059=ORIENTED_EDGE('',*,*,#7744,.T.);
#5060=ORIENTED_EDGE('',*,*,#8186,.T.);
#5061=ORIENTED_EDGE('',*,*,#7107,.F.);
#5062=ORIENTED_EDGE('',*,*,#8186,.F.);
#5063=ORIENTED_EDGE('',*,*,#7743,.T.);
#5064=ORIENTED_EDGE('',*,*,#8187,.T.);
#5065=ORIENTED_EDGE('',*,*,#7108,.F.);
#5066=ORIENTED_EDGE('',*,*,#8187,.F.);
#5067=ORIENTED_EDGE('',*,*,#7742,.T.);
#5068=ORIENTED_EDGE('',*,*,#8188,.T.);
#5069=ORIENTED_EDGE('',*,*,#7101,.F.);
#5070=ORIENTED_EDGE('',*,*,#8188,.F.);
#5071=ORIENTED_EDGE('',*,*,#7741,.T.);
#5072=ORIENTED_EDGE('',*,*,#7917,.T.);
#5073=ORIENTED_EDGE('',*,*,#7095,.F.);
#5074=ORIENTED_EDGE('',*,*,#7920,.F.);
#5075=ORIENTED_EDGE('',*,*,#7739,.T.);
#5076=ORIENTED_EDGE('',*,*,#8189,.T.);
#5077=ORIENTED_EDGE('',*,*,#7096,.F.);
#5078=ORIENTED_EDGE('',*,*,#8189,.F.);
#5079=ORIENTED_EDGE('',*,*,#7738,.T.);
#5080=ORIENTED_EDGE('',*,*,#8190,.T.);
#5081=ORIENTED_EDGE('',*,*,#7097,.F.);
#5082=ORIENTED_EDGE('',*,*,#8190,.F.);
#5083=ORIENTED_EDGE('',*,*,#7737,.T.);
#5084=ORIENTED_EDGE('',*,*,#8191,.T.);
#5085=ORIENTED_EDGE('',*,*,#7098,.F.);
#5086=ORIENTED_EDGE('',*,*,#8191,.F.);
#5087=ORIENTED_EDGE('',*,*,#7736,.T.);
#5088=ORIENTED_EDGE('',*,*,#8192,.T.);
#5089=ORIENTED_EDGE('',*,*,#7099,.F.);
#5090=ORIENTED_EDGE('',*,*,#8192,.F.);
#5091=ORIENTED_EDGE('',*,*,#7735,.T.);
#5092=ORIENTED_EDGE('',*,*,#8193,.T.);
#5093=ORIENTED_EDGE('',*,*,#7100,.F.);
#5094=ORIENTED_EDGE('',*,*,#8193,.F.);
#5095=ORIENTED_EDGE('',*,*,#7734,.T.);
#5096=ORIENTED_EDGE('',*,*,#8194,.T.);
#5097=ORIENTED_EDGE('',*,*,#7093,.F.);
#5098=ORIENTED_EDGE('',*,*,#8194,.F.);
#5099=ORIENTED_EDGE('',*,*,#7733,.T.);
#5100=ORIENTED_EDGE('',*,*,#7919,.T.);
#5101=ORIENTED_EDGE('',*,*,#7091,.F.);
#5102=ORIENTED_EDGE('',*,*,#7922,.F.);
#5103=ORIENTED_EDGE('',*,*,#7731,.T.);
#5104=ORIENTED_EDGE('',*,*,#8195,.T.);
#5105=ORIENTED_EDGE('',*,*,#7092,.F.);
#5106=ORIENTED_EDGE('',*,*,#8195,.F.);
#5107=ORIENTED_EDGE('',*,*,#7730,.T.);
#5108=ORIENTED_EDGE('',*,*,#8196,.T.);
#5109=ORIENTED_EDGE('',*,*,#7089,.F.);
#5110=ORIENTED_EDGE('',*,*,#8196,.F.);
#5111=ORIENTED_EDGE('',*,*,#7729,.T.);
#5112=ORIENTED_EDGE('',*,*,#7921,.T.);
#5113=ORIENTED_EDGE('',*,*,#7087,.F.);
#5114=ORIENTED_EDGE('',*,*,#7924,.F.);
#5115=ORIENTED_EDGE('',*,*,#7727,.T.);
#5116=ORIENTED_EDGE('',*,*,#8197,.T.);
#5117=ORIENTED_EDGE('',*,*,#7088,.F.);
#5118=ORIENTED_EDGE('',*,*,#8197,.F.);
#5119=ORIENTED_EDGE('',*,*,#7726,.T.);
#5120=ORIENTED_EDGE('',*,*,#8198,.T.);
#5121=ORIENTED_EDGE('',*,*,#7085,.F.);
#5122=ORIENTED_EDGE('',*,*,#8198,.F.);
#5123=ORIENTED_EDGE('',*,*,#7725,.T.);
#5124=ORIENTED_EDGE('',*,*,#7923,.T.);
#5125=ORIENTED_EDGE('',*,*,#7083,.F.);
#5126=ORIENTED_EDGE('',*,*,#7926,.F.);
#5127=ORIENTED_EDGE('',*,*,#7723,.T.);
#5128=ORIENTED_EDGE('',*,*,#8199,.T.);
#5129=ORIENTED_EDGE('',*,*,#7084,.F.);
#5130=ORIENTED_EDGE('',*,*,#8199,.F.);
#5131=ORIENTED_EDGE('',*,*,#7722,.T.);
#5132=ORIENTED_EDGE('',*,*,#8200,.T.);
#5133=ORIENTED_EDGE('',*,*,#7081,.F.);
#5134=ORIENTED_EDGE('',*,*,#8200,.F.);
#5135=ORIENTED_EDGE('',*,*,#7721,.T.);
#5136=ORIENTED_EDGE('',*,*,#7925,.T.);
#5137=ORIENTED_EDGE('',*,*,#7079,.F.);
#5138=ORIENTED_EDGE('',*,*,#7928,.F.);
#5139=ORIENTED_EDGE('',*,*,#7719,.T.);
#5140=ORIENTED_EDGE('',*,*,#8201,.T.);
#5141=ORIENTED_EDGE('',*,*,#7080,.F.);
#5142=ORIENTED_EDGE('',*,*,#8201,.F.);
#5143=ORIENTED_EDGE('',*,*,#7718,.T.);
#5144=ORIENTED_EDGE('',*,*,#8202,.T.);
#5145=ORIENTED_EDGE('',*,*,#7077,.F.);
#5146=ORIENTED_EDGE('',*,*,#8202,.F.);
#5147=ORIENTED_EDGE('',*,*,#7717,.T.);
#5148=ORIENTED_EDGE('',*,*,#7927,.T.);
#5149=ORIENTED_EDGE('',*,*,#7075,.F.);
#5150=ORIENTED_EDGE('',*,*,#7930,.F.);
#5151=ORIENTED_EDGE('',*,*,#7715,.T.);
#5152=ORIENTED_EDGE('',*,*,#8203,.T.);
#5153=ORIENTED_EDGE('',*,*,#7076,.F.);
#5154=ORIENTED_EDGE('',*,*,#8203,.F.);
#5155=ORIENTED_EDGE('',*,*,#7714,.T.);
#5156=ORIENTED_EDGE('',*,*,#8204,.T.);
#5157=ORIENTED_EDGE('',*,*,#7073,.F.);
#5158=ORIENTED_EDGE('',*,*,#8204,.F.);
#5159=ORIENTED_EDGE('',*,*,#7713,.T.);
#5160=ORIENTED_EDGE('',*,*,#7929,.T.);
#5161=ORIENTED_EDGE('',*,*,#7071,.F.);
#5162=ORIENTED_EDGE('',*,*,#7932,.F.);
#5163=ORIENTED_EDGE('',*,*,#7711,.T.);
#5164=ORIENTED_EDGE('',*,*,#8205,.T.);
#5165=ORIENTED_EDGE('',*,*,#7072,.F.);
#5166=ORIENTED_EDGE('',*,*,#8205,.F.);
#5167=ORIENTED_EDGE('',*,*,#7710,.T.);
#5168=ORIENTED_EDGE('',*,*,#8206,.T.);
#5169=ORIENTED_EDGE('',*,*,#7069,.F.);
#5170=ORIENTED_EDGE('',*,*,#8206,.F.);
#5171=ORIENTED_EDGE('',*,*,#7709,.T.);
#5172=ORIENTED_EDGE('',*,*,#7931,.T.);
#5173=ORIENTED_EDGE('',*,*,#7063,.F.);
#5174=ORIENTED_EDGE('',*,*,#7934,.F.);
#5175=ORIENTED_EDGE('',*,*,#7707,.T.);
#5176=ORIENTED_EDGE('',*,*,#8207,.T.);
#5177=ORIENTED_EDGE('',*,*,#7064,.F.);
#5178=ORIENTED_EDGE('',*,*,#8207,.F.);
#5179=ORIENTED_EDGE('',*,*,#7706,.T.);
#5180=ORIENTED_EDGE('',*,*,#8208,.T.);
#5181=ORIENTED_EDGE('',*,*,#7065,.F.);
#5182=ORIENTED_EDGE('',*,*,#8208,.F.);
#5183=ORIENTED_EDGE('',*,*,#7705,.T.);
#5184=ORIENTED_EDGE('',*,*,#8209,.T.);
#5185=ORIENTED_EDGE('',*,*,#7066,.F.);
#5186=ORIENTED_EDGE('',*,*,#8209,.F.);
#5187=ORIENTED_EDGE('',*,*,#7704,.T.);
#5188=ORIENTED_EDGE('',*,*,#8210,.T.);
#5189=ORIENTED_EDGE('',*,*,#7067,.F.);
#5190=ORIENTED_EDGE('',*,*,#8210,.F.);
#5191=ORIENTED_EDGE('',*,*,#7703,.T.);
#5192=ORIENTED_EDGE('',*,*,#8211,.T.);
#5193=ORIENTED_EDGE('',*,*,#7068,.F.);
#5194=ORIENTED_EDGE('',*,*,#8211,.F.);
#5195=ORIENTED_EDGE('',*,*,#7702,.T.);
#5196=ORIENTED_EDGE('',*,*,#8212,.T.);
#5197=ORIENTED_EDGE('',*,*,#7061,.F.);
#5198=ORIENTED_EDGE('',*,*,#8212,.F.);
#5199=ORIENTED_EDGE('',*,*,#7701,.T.);
#5200=ORIENTED_EDGE('',*,*,#7933,.T.);
#5201=ORIENTED_EDGE('',*,*,#7055,.F.);
#5202=ORIENTED_EDGE('',*,*,#7936,.F.);
#5203=ORIENTED_EDGE('',*,*,#7699,.T.);
#5204=ORIENTED_EDGE('',*,*,#8213,.T.);
#5205=ORIENTED_EDGE('',*,*,#7056,.F.);
#5206=ORIENTED_EDGE('',*,*,#8213,.F.);
#5207=ORIENTED_EDGE('',*,*,#7698,.T.);
#5208=ORIENTED_EDGE('',*,*,#8214,.T.);
#5209=ORIENTED_EDGE('',*,*,#7057,.F.);
#5210=ORIENTED_EDGE('',*,*,#8214,.F.);
#5211=ORIENTED_EDGE('',*,*,#7697,.T.);
#5212=ORIENTED_EDGE('',*,*,#8215,.T.);
#5213=ORIENTED_EDGE('',*,*,#7058,.F.);
#5214=ORIENTED_EDGE('',*,*,#8215,.F.);
#5215=ORIENTED_EDGE('',*,*,#7696,.T.);
#5216=ORIENTED_EDGE('',*,*,#8216,.T.);
#5217=ORIENTED_EDGE('',*,*,#7059,.F.);
#5218=ORIENTED_EDGE('',*,*,#8216,.F.);
#5219=ORIENTED_EDGE('',*,*,#7695,.T.);
#5220=ORIENTED_EDGE('',*,*,#8217,.T.);
#5221=ORIENTED_EDGE('',*,*,#7060,.F.);
#5222=ORIENTED_EDGE('',*,*,#8217,.F.);
#5223=ORIENTED_EDGE('',*,*,#7694,.T.);
#5224=ORIENTED_EDGE('',*,*,#8218,.T.);
#5225=ORIENTED_EDGE('',*,*,#7053,.F.);
#5226=ORIENTED_EDGE('',*,*,#8218,.F.);
#5227=ORIENTED_EDGE('',*,*,#7693,.T.);
#5228=ORIENTED_EDGE('',*,*,#7935,.T.);
#5229=ORIENTED_EDGE('',*,*,#7051,.F.);
#5230=ORIENTED_EDGE('',*,*,#7938,.F.);
#5231=ORIENTED_EDGE('',*,*,#7691,.T.);
#5232=ORIENTED_EDGE('',*,*,#8219,.T.);
#5233=ORIENTED_EDGE('',*,*,#7052,.F.);
#5234=ORIENTED_EDGE('',*,*,#8219,.F.);
#5235=ORIENTED_EDGE('',*,*,#7690,.T.);
#5236=ORIENTED_EDGE('',*,*,#8220,.T.);
#5237=ORIENTED_EDGE('',*,*,#7049,.F.);
#5238=ORIENTED_EDGE('',*,*,#8220,.F.);
#5239=ORIENTED_EDGE('',*,*,#7689,.T.);
#5240=ORIENTED_EDGE('',*,*,#7937,.T.);
#5241=ORIENTED_EDGE('',*,*,#7047,.F.);
#5242=ORIENTED_EDGE('',*,*,#7940,.F.);
#5243=ORIENTED_EDGE('',*,*,#7687,.T.);
#5244=ORIENTED_EDGE('',*,*,#8221,.T.);
#5245=ORIENTED_EDGE('',*,*,#7048,.F.);
#5246=ORIENTED_EDGE('',*,*,#8221,.F.);
#5247=ORIENTED_EDGE('',*,*,#7686,.T.);
#5248=ORIENTED_EDGE('',*,*,#8222,.T.);
#5249=ORIENTED_EDGE('',*,*,#7045,.F.);
#5250=ORIENTED_EDGE('',*,*,#8222,.F.);
#5251=ORIENTED_EDGE('',*,*,#7685,.T.);
#5252=ORIENTED_EDGE('',*,*,#7939,.T.);
#5253=ORIENTED_EDGE('',*,*,#7043,.F.);
#5254=ORIENTED_EDGE('',*,*,#7942,.F.);
#5255=ORIENTED_EDGE('',*,*,#7683,.T.);
#5256=ORIENTED_EDGE('',*,*,#8223,.T.);
#5257=ORIENTED_EDGE('',*,*,#7044,.F.);
#5258=ORIENTED_EDGE('',*,*,#8223,.F.);
#5259=ORIENTED_EDGE('',*,*,#7682,.T.);
#5260=ORIENTED_EDGE('',*,*,#8224,.T.);
#5261=ORIENTED_EDGE('',*,*,#7041,.F.);
#5262=ORIENTED_EDGE('',*,*,#8224,.F.);
#5263=ORIENTED_EDGE('',*,*,#7681,.T.);
#5264=ORIENTED_EDGE('',*,*,#7941,.T.);
#5265=ORIENTED_EDGE('',*,*,#7039,.F.);
#5266=ORIENTED_EDGE('',*,*,#7944,.F.);
#5267=ORIENTED_EDGE('',*,*,#7679,.T.);
#5268=ORIENTED_EDGE('',*,*,#8225,.T.);
#5269=ORIENTED_EDGE('',*,*,#7040,.F.);
#5270=ORIENTED_EDGE('',*,*,#8225,.F.);
#5271=ORIENTED_EDGE('',*,*,#7678,.T.);
#5272=ORIENTED_EDGE('',*,*,#8226,.T.);
#5273=ORIENTED_EDGE('',*,*,#7037,.F.);
#5274=ORIENTED_EDGE('',*,*,#8226,.F.);
#5275=ORIENTED_EDGE('',*,*,#7677,.T.);
#5276=ORIENTED_EDGE('',*,*,#7943,.T.);
#5277=ORIENTED_EDGE('',*,*,#7035,.F.);
#5278=ORIENTED_EDGE('',*,*,#7946,.F.);
#5279=ORIENTED_EDGE('',*,*,#7675,.T.);
#5280=ORIENTED_EDGE('',*,*,#8227,.T.);
#5281=ORIENTED_EDGE('',*,*,#7036,.F.);
#5282=ORIENTED_EDGE('',*,*,#8227,.F.);
#5283=ORIENTED_EDGE('',*,*,#7674,.T.);
#5284=ORIENTED_EDGE('',*,*,#8228,.T.);
#5285=ORIENTED_EDGE('',*,*,#7033,.F.);
#5286=ORIENTED_EDGE('',*,*,#8228,.F.);
#5287=ORIENTED_EDGE('',*,*,#7673,.T.);
#5288=ORIENTED_EDGE('',*,*,#7945,.T.);
#5289=ORIENTED_EDGE('',*,*,#7031,.F.);
#5290=ORIENTED_EDGE('',*,*,#7948,.F.);
#5291=ORIENTED_EDGE('',*,*,#7671,.T.);
#5292=ORIENTED_EDGE('',*,*,#8229,.T.);
#5293=ORIENTED_EDGE('',*,*,#7032,.F.);
#5294=ORIENTED_EDGE('',*,*,#8229,.F.);
#5295=ORIENTED_EDGE('',*,*,#7670,.T.);
#5296=ORIENTED_EDGE('',*,*,#8230,.T.);
#5297=ORIENTED_EDGE('',*,*,#7029,.F.);
#5298=ORIENTED_EDGE('',*,*,#8230,.F.);
#5299=ORIENTED_EDGE('',*,*,#7669,.T.);
#5300=ORIENTED_EDGE('',*,*,#7947,.T.);
#5301=ORIENTED_EDGE('',*,*,#7023,.F.);
#5302=ORIENTED_EDGE('',*,*,#7950,.F.);
#5303=ORIENTED_EDGE('',*,*,#7667,.T.);
#5304=ORIENTED_EDGE('',*,*,#8231,.T.);
#5305=ORIENTED_EDGE('',*,*,#7024,.F.);
#5306=ORIENTED_EDGE('',*,*,#8231,.F.);
#5307=ORIENTED_EDGE('',*,*,#7666,.T.);
#5308=ORIENTED_EDGE('',*,*,#8232,.T.);
#5309=ORIENTED_EDGE('',*,*,#7025,.F.);
#5310=ORIENTED_EDGE('',*,*,#8232,.F.);
#5311=ORIENTED_EDGE('',*,*,#7665,.T.);
#5312=ORIENTED_EDGE('',*,*,#8233,.T.);
#5313=ORIENTED_EDGE('',*,*,#7026,.F.);
#5314=ORIENTED_EDGE('',*,*,#8233,.F.);
#5315=ORIENTED_EDGE('',*,*,#7664,.T.);
#5316=ORIENTED_EDGE('',*,*,#8234,.T.);
#5317=ORIENTED_EDGE('',*,*,#7027,.F.);
#5318=ORIENTED_EDGE('',*,*,#8234,.F.);
#5319=ORIENTED_EDGE('',*,*,#7663,.T.);
#5320=ORIENTED_EDGE('',*,*,#8235,.T.);
#5321=ORIENTED_EDGE('',*,*,#7028,.F.);
#5322=ORIENTED_EDGE('',*,*,#8235,.F.);
#5323=ORIENTED_EDGE('',*,*,#7662,.T.);
#5324=ORIENTED_EDGE('',*,*,#8236,.T.);
#5325=ORIENTED_EDGE('',*,*,#7021,.F.);
#5326=ORIENTED_EDGE('',*,*,#8236,.F.);
#5327=ORIENTED_EDGE('',*,*,#7661,.T.);
#5328=ORIENTED_EDGE('',*,*,#7949,.T.);
#5329=ORIENTED_EDGE('',*,*,#7015,.F.);
#5330=ORIENTED_EDGE('',*,*,#7952,.F.);
#5331=ORIENTED_EDGE('',*,*,#7659,.T.);
#5332=ORIENTED_EDGE('',*,*,#8237,.T.);
#5333=ORIENTED_EDGE('',*,*,#7016,.F.);
#5334=ORIENTED_EDGE('',*,*,#8237,.F.);
#5335=ORIENTED_EDGE('',*,*,#7658,.T.);
#5336=ORIENTED_EDGE('',*,*,#8238,.T.);
#5337=ORIENTED_EDGE('',*,*,#7017,.F.);
#5338=ORIENTED_EDGE('',*,*,#8238,.F.);
#5339=ORIENTED_EDGE('',*,*,#7657,.T.);
#5340=ORIENTED_EDGE('',*,*,#8239,.T.);
#5341=ORIENTED_EDGE('',*,*,#7018,.F.);
#5342=ORIENTED_EDGE('',*,*,#8239,.F.);
#5343=ORIENTED_EDGE('',*,*,#7656,.T.);
#5344=ORIENTED_EDGE('',*,*,#8240,.T.);
#5345=ORIENTED_EDGE('',*,*,#7019,.F.);
#5346=ORIENTED_EDGE('',*,*,#8240,.F.);
#5347=ORIENTED_EDGE('',*,*,#7655,.T.);
#5348=ORIENTED_EDGE('',*,*,#8241,.T.);
#5349=ORIENTED_EDGE('',*,*,#7020,.F.);
#5350=ORIENTED_EDGE('',*,*,#8241,.F.);
#5351=ORIENTED_EDGE('',*,*,#7654,.T.);
#5352=ORIENTED_EDGE('',*,*,#8242,.T.);
#5353=ORIENTED_EDGE('',*,*,#7013,.F.);
#5354=ORIENTED_EDGE('',*,*,#8242,.F.);
#5355=ORIENTED_EDGE('',*,*,#7653,.T.);
#5356=ORIENTED_EDGE('',*,*,#7951,.T.);
#5357=ORIENTED_EDGE('',*,*,#7011,.F.);
#5358=ORIENTED_EDGE('',*,*,#7954,.F.);
#5359=ORIENTED_EDGE('',*,*,#7651,.T.);
#5360=ORIENTED_EDGE('',*,*,#8243,.T.);
#5361=ORIENTED_EDGE('',*,*,#7012,.F.);
#5362=ORIENTED_EDGE('',*,*,#8243,.F.);
#5363=ORIENTED_EDGE('',*,*,#7650,.T.);
#5364=ORIENTED_EDGE('',*,*,#8244,.T.);
#5365=ORIENTED_EDGE('',*,*,#7009,.F.);
#5366=ORIENTED_EDGE('',*,*,#8244,.F.);
#5367=ORIENTED_EDGE('',*,*,#7649,.T.);
#5368=ORIENTED_EDGE('',*,*,#7953,.T.);
#5369=ORIENTED_EDGE('',*,*,#7007,.F.);
#5370=ORIENTED_EDGE('',*,*,#7956,.F.);
#5371=ORIENTED_EDGE('',*,*,#7647,.T.);
#5372=ORIENTED_EDGE('',*,*,#8245,.T.);
#5373=ORIENTED_EDGE('',*,*,#7008,.F.);
#5374=ORIENTED_EDGE('',*,*,#8245,.F.);
#5375=ORIENTED_EDGE('',*,*,#7646,.T.);
#5376=ORIENTED_EDGE('',*,*,#8246,.T.);
#5377=ORIENTED_EDGE('',*,*,#7005,.F.);
#5378=ORIENTED_EDGE('',*,*,#8246,.F.);
#5379=ORIENTED_EDGE('',*,*,#7645,.T.);
#5380=ORIENTED_EDGE('',*,*,#7955,.T.);
#5381=ORIENTED_EDGE('',*,*,#7003,.F.);
#5382=ORIENTED_EDGE('',*,*,#7958,.F.);
#5383=ORIENTED_EDGE('',*,*,#7643,.T.);
#5384=ORIENTED_EDGE('',*,*,#8247,.T.);
#5385=ORIENTED_EDGE('',*,*,#7004,.F.);
#5386=ORIENTED_EDGE('',*,*,#8247,.F.);
#5387=ORIENTED_EDGE('',*,*,#7642,.T.);
#5388=ORIENTED_EDGE('',*,*,#8248,.T.);
#5389=ORIENTED_EDGE('',*,*,#7001,.F.);
#5390=ORIENTED_EDGE('',*,*,#8248,.F.);
#5391=ORIENTED_EDGE('',*,*,#7641,.T.);
#5392=ORIENTED_EDGE('',*,*,#7957,.T.);
#5393=ORIENTED_EDGE('',*,*,#6999,.F.);
#5394=ORIENTED_EDGE('',*,*,#7960,.F.);
#5395=ORIENTED_EDGE('',*,*,#7639,.T.);
#5396=ORIENTED_EDGE('',*,*,#8249,.T.);
#5397=ORIENTED_EDGE('',*,*,#7000,.F.);
#5398=ORIENTED_EDGE('',*,*,#8249,.F.);
#5399=ORIENTED_EDGE('',*,*,#7638,.T.);
#5400=ORIENTED_EDGE('',*,*,#8250,.T.);
#5401=ORIENTED_EDGE('',*,*,#6997,.F.);
#5402=ORIENTED_EDGE('',*,*,#8250,.F.);
#5403=ORIENTED_EDGE('',*,*,#7637,.T.);
#5404=ORIENTED_EDGE('',*,*,#7959,.T.);
#5405=ORIENTED_EDGE('',*,*,#6995,.F.);
#5406=ORIENTED_EDGE('',*,*,#7962,.F.);
#5407=ORIENTED_EDGE('',*,*,#7635,.T.);
#5408=ORIENTED_EDGE('',*,*,#8251,.T.);
#5409=ORIENTED_EDGE('',*,*,#6996,.F.);
#5410=ORIENTED_EDGE('',*,*,#8251,.F.);
#5411=ORIENTED_EDGE('',*,*,#7634,.T.);
#5412=ORIENTED_EDGE('',*,*,#8252,.T.);
#5413=ORIENTED_EDGE('',*,*,#6993,.F.);
#5414=ORIENTED_EDGE('',*,*,#8252,.F.);
#5415=ORIENTED_EDGE('',*,*,#7633,.T.);
#5416=ORIENTED_EDGE('',*,*,#7961,.T.);
#5417=ORIENTED_EDGE('',*,*,#6989,.F.);
#5418=ORIENTED_EDGE('',*,*,#7964,.F.);
#5419=ORIENTED_EDGE('',*,*,#7631,.T.);
#5420=ORIENTED_EDGE('',*,*,#8253,.T.);
#5421=ORIENTED_EDGE('',*,*,#6990,.F.);
#5422=ORIENTED_EDGE('',*,*,#8253,.F.);
#5423=ORIENTED_EDGE('',*,*,#7630,.T.);
#5424=ORIENTED_EDGE('',*,*,#8254,.T.);
#5425=ORIENTED_EDGE('',*,*,#6991,.F.);
#5426=ORIENTED_EDGE('',*,*,#8254,.F.);
#5427=ORIENTED_EDGE('',*,*,#7629,.T.);
#5428=ORIENTED_EDGE('',*,*,#8255,.T.);
#5429=ORIENTED_EDGE('',*,*,#6992,.F.);
#5430=ORIENTED_EDGE('',*,*,#8255,.F.);
#5431=ORIENTED_EDGE('',*,*,#7628,.T.);
#5432=ORIENTED_EDGE('',*,*,#8256,.T.);
#5433=ORIENTED_EDGE('',*,*,#6987,.F.);
#5434=ORIENTED_EDGE('',*,*,#8256,.F.);
#5435=ORIENTED_EDGE('',*,*,#7627,.T.);
#5436=ORIENTED_EDGE('',*,*,#7963,.T.);
#5437=ORIENTED_EDGE('',*,*,#6983,.F.);
#5438=ORIENTED_EDGE('',*,*,#7966,.F.);
#5439=ORIENTED_EDGE('',*,*,#7625,.T.);
#5440=ORIENTED_EDGE('',*,*,#8257,.T.);
#5441=ORIENTED_EDGE('',*,*,#6984,.F.);
#5442=ORIENTED_EDGE('',*,*,#8257,.F.);
#5443=ORIENTED_EDGE('',*,*,#7624,.T.);
#5444=ORIENTED_EDGE('',*,*,#8258,.T.);
#5445=ORIENTED_EDGE('',*,*,#6985,.F.);
#5446=ORIENTED_EDGE('',*,*,#8258,.F.);
#5447=ORIENTED_EDGE('',*,*,#7623,.T.);
#5448=ORIENTED_EDGE('',*,*,#8259,.T.);
#5449=ORIENTED_EDGE('',*,*,#6986,.F.);
#5450=ORIENTED_EDGE('',*,*,#8259,.F.);
#5451=ORIENTED_EDGE('',*,*,#7622,.T.);
#5452=ORIENTED_EDGE('',*,*,#8260,.T.);
#5453=ORIENTED_EDGE('',*,*,#6981,.F.);
#5454=ORIENTED_EDGE('',*,*,#8260,.F.);
#5455=ORIENTED_EDGE('',*,*,#7621,.T.);
#5456=ORIENTED_EDGE('',*,*,#7965,.T.);
#5457=ORIENTED_EDGE('',*,*,#6979,.F.);
#5458=ORIENTED_EDGE('',*,*,#7968,.F.);
#5459=ORIENTED_EDGE('',*,*,#7619,.T.);
#5460=ORIENTED_EDGE('',*,*,#8261,.T.);
#5461=ORIENTED_EDGE('',*,*,#6980,.F.);
#5462=ORIENTED_EDGE('',*,*,#8261,.F.);
#5463=ORIENTED_EDGE('',*,*,#7618,.T.);
#5464=ORIENTED_EDGE('',*,*,#8262,.T.);
#5465=ORIENTED_EDGE('',*,*,#6977,.F.);
#5466=ORIENTED_EDGE('',*,*,#8262,.F.);
#5467=ORIENTED_EDGE('',*,*,#7617,.T.);
#5468=ORIENTED_EDGE('',*,*,#7967,.T.);
#5469=ORIENTED_EDGE('',*,*,#6975,.F.);
#5470=ORIENTED_EDGE('',*,*,#7970,.F.);
#5471=ORIENTED_EDGE('',*,*,#7615,.T.);
#5472=ORIENTED_EDGE('',*,*,#8263,.T.);
#5473=ORIENTED_EDGE('',*,*,#6976,.F.);
#5474=ORIENTED_EDGE('',*,*,#8263,.F.);
#5475=ORIENTED_EDGE('',*,*,#7614,.T.);
#5476=ORIENTED_EDGE('',*,*,#8264,.T.);
#5477=ORIENTED_EDGE('',*,*,#6973,.F.);
#5478=ORIENTED_EDGE('',*,*,#8264,.F.);
#5479=ORIENTED_EDGE('',*,*,#7613,.T.);
#5480=ORIENTED_EDGE('',*,*,#7969,.T.);
#5481=ORIENTED_EDGE('',*,*,#6971,.F.);
#5482=ORIENTED_EDGE('',*,*,#7972,.F.);
#5483=ORIENTED_EDGE('',*,*,#7611,.T.);
#5484=ORIENTED_EDGE('',*,*,#8265,.T.);
#5485=ORIENTED_EDGE('',*,*,#6972,.F.);
#5486=ORIENTED_EDGE('',*,*,#8265,.F.);
#5487=ORIENTED_EDGE('',*,*,#7610,.T.);
#5488=ORIENTED_EDGE('',*,*,#8266,.T.);
#5489=ORIENTED_EDGE('',*,*,#6969,.F.);
#5490=ORIENTED_EDGE('',*,*,#8266,.F.);
#5491=ORIENTED_EDGE('',*,*,#7609,.T.);
#5492=ORIENTED_EDGE('',*,*,#7971,.T.);
#5493=ORIENTED_EDGE('',*,*,#6967,.F.);
#5494=ORIENTED_EDGE('',*,*,#7974,.F.);
#5495=ORIENTED_EDGE('',*,*,#7607,.T.);
#5496=ORIENTED_EDGE('',*,*,#8267,.T.);
#5497=ORIENTED_EDGE('',*,*,#6968,.F.);
#5498=ORIENTED_EDGE('',*,*,#8267,.F.);
#5499=ORIENTED_EDGE('',*,*,#7606,.T.);
#5500=ORIENTED_EDGE('',*,*,#8268,.T.);
#5501=ORIENTED_EDGE('',*,*,#6965,.F.);
#5502=ORIENTED_EDGE('',*,*,#8268,.F.);
#5503=ORIENTED_EDGE('',*,*,#7605,.T.);
#5504=ORIENTED_EDGE('',*,*,#7973,.T.);
#5505=ORIENTED_EDGE('',*,*,#6963,.F.);
#5506=ORIENTED_EDGE('',*,*,#7976,.F.);
#5507=ORIENTED_EDGE('',*,*,#7603,.T.);
#5508=ORIENTED_EDGE('',*,*,#8269,.T.);
#5509=ORIENTED_EDGE('',*,*,#6964,.F.);
#5510=ORIENTED_EDGE('',*,*,#8269,.F.);
#5511=ORIENTED_EDGE('',*,*,#7602,.T.);
#5512=ORIENTED_EDGE('',*,*,#8270,.T.);
#5513=ORIENTED_EDGE('',*,*,#6961,.F.);
#5514=ORIENTED_EDGE('',*,*,#8270,.F.);
#5515=ORIENTED_EDGE('',*,*,#7601,.T.);
#5516=ORIENTED_EDGE('',*,*,#7975,.T.);
#5517=ORIENTED_EDGE('',*,*,#6957,.F.);
#5518=ORIENTED_EDGE('',*,*,#7978,.F.);
#5519=ORIENTED_EDGE('',*,*,#7599,.T.);
#5520=ORIENTED_EDGE('',*,*,#8271,.T.);
#5521=ORIENTED_EDGE('',*,*,#6958,.F.);
#5522=ORIENTED_EDGE('',*,*,#8271,.F.);
#5523=ORIENTED_EDGE('',*,*,#7598,.T.);
#5524=ORIENTED_EDGE('',*,*,#8272,.T.);
#5525=ORIENTED_EDGE('',*,*,#6959,.F.);
#5526=ORIENTED_EDGE('',*,*,#8272,.F.);
#5527=ORIENTED_EDGE('',*,*,#7597,.T.);
#5528=ORIENTED_EDGE('',*,*,#8273,.T.);
#5529=ORIENTED_EDGE('',*,*,#6960,.F.);
#5530=ORIENTED_EDGE('',*,*,#8273,.F.);
#5531=ORIENTED_EDGE('',*,*,#7596,.T.);
#5532=ORIENTED_EDGE('',*,*,#8274,.T.);
#5533=ORIENTED_EDGE('',*,*,#6955,.F.);
#5534=ORIENTED_EDGE('',*,*,#8274,.F.);
#5535=ORIENTED_EDGE('',*,*,#7595,.T.);
#5536=ORIENTED_EDGE('',*,*,#7977,.T.);
#5537=ORIENTED_EDGE('',*,*,#6951,.F.);
#5538=ORIENTED_EDGE('',*,*,#7980,.F.);
#5539=ORIENTED_EDGE('',*,*,#7593,.T.);
#5540=ORIENTED_EDGE('',*,*,#8275,.T.);
#5541=ORIENTED_EDGE('',*,*,#6952,.F.);
#5542=ORIENTED_EDGE('',*,*,#8275,.F.);
#5543=ORIENTED_EDGE('',*,*,#7592,.T.);
#5544=ORIENTED_EDGE('',*,*,#8276,.T.);
#5545=ORIENTED_EDGE('',*,*,#6953,.F.);
#5546=ORIENTED_EDGE('',*,*,#8276,.F.);
#5547=ORIENTED_EDGE('',*,*,#7591,.T.);
#5548=ORIENTED_EDGE('',*,*,#8277,.T.);
#5549=ORIENTED_EDGE('',*,*,#6954,.F.);
#5550=ORIENTED_EDGE('',*,*,#8277,.F.);
#5551=ORIENTED_EDGE('',*,*,#7590,.T.);
#5552=ORIENTED_EDGE('',*,*,#8278,.T.);
#5553=ORIENTED_EDGE('',*,*,#6949,.F.);
#5554=ORIENTED_EDGE('',*,*,#8278,.F.);
#5555=ORIENTED_EDGE('',*,*,#7589,.T.);
#5556=ORIENTED_EDGE('',*,*,#7979,.T.);
#5557=ORIENTED_EDGE('',*,*,#6943,.F.);
#5558=ORIENTED_EDGE('',*,*,#7982,.F.);
#5559=ORIENTED_EDGE('',*,*,#7587,.T.);
#5560=ORIENTED_EDGE('',*,*,#8279,.T.);
#5561=ORIENTED_EDGE('',*,*,#6944,.F.);
#5562=ORIENTED_EDGE('',*,*,#8279,.F.);
#5563=ORIENTED_EDGE('',*,*,#7586,.T.);
#5564=ORIENTED_EDGE('',*,*,#8280,.T.);
#5565=ORIENTED_EDGE('',*,*,#6945,.F.);
#5566=ORIENTED_EDGE('',*,*,#8280,.F.);
#5567=ORIENTED_EDGE('',*,*,#7585,.T.);
#5568=ORIENTED_EDGE('',*,*,#8281,.T.);
#5569=ORIENTED_EDGE('',*,*,#6946,.F.);
#5570=ORIENTED_EDGE('',*,*,#8281,.F.);
#5571=ORIENTED_EDGE('',*,*,#7584,.T.);
#5572=ORIENTED_EDGE('',*,*,#8282,.T.);
#5573=ORIENTED_EDGE('',*,*,#6947,.F.);
#5574=ORIENTED_EDGE('',*,*,#8282,.F.);
#5575=ORIENTED_EDGE('',*,*,#7583,.T.);
#5576=ORIENTED_EDGE('',*,*,#8283,.T.);
#5577=ORIENTED_EDGE('',*,*,#6948,.F.);
#5578=ORIENTED_EDGE('',*,*,#8283,.F.);
#5579=ORIENTED_EDGE('',*,*,#7582,.T.);
#5580=ORIENTED_EDGE('',*,*,#8284,.T.);
#5581=ORIENTED_EDGE('',*,*,#6941,.F.);
#5582=ORIENTED_EDGE('',*,*,#8284,.F.);
#5583=ORIENTED_EDGE('',*,*,#7581,.T.);
#5584=ORIENTED_EDGE('',*,*,#7981,.T.);
#5585=ORIENTED_EDGE('',*,*,#6935,.F.);
#5586=ORIENTED_EDGE('',*,*,#7984,.F.);
#5587=ORIENTED_EDGE('',*,*,#7579,.T.);
#5588=ORIENTED_EDGE('',*,*,#8285,.T.);
#5589=ORIENTED_EDGE('',*,*,#6936,.F.);
#5590=ORIENTED_EDGE('',*,*,#8285,.F.);
#5591=ORIENTED_EDGE('',*,*,#7578,.T.);
#5592=ORIENTED_EDGE('',*,*,#8286,.T.);
#5593=ORIENTED_EDGE('',*,*,#6937,.F.);
#5594=ORIENTED_EDGE('',*,*,#8286,.F.);
#5595=ORIENTED_EDGE('',*,*,#7577,.T.);
#5596=ORIENTED_EDGE('',*,*,#8287,.T.);
#5597=ORIENTED_EDGE('',*,*,#6938,.F.);
#5598=ORIENTED_EDGE('',*,*,#8287,.F.);
#5599=ORIENTED_EDGE('',*,*,#7576,.T.);
#5600=ORIENTED_EDGE('',*,*,#8288,.T.);
#5601=ORIENTED_EDGE('',*,*,#6939,.F.);
#5602=ORIENTED_EDGE('',*,*,#8288,.F.);
#5603=ORIENTED_EDGE('',*,*,#7575,.T.);
#5604=ORIENTED_EDGE('',*,*,#8289,.T.);
#5605=ORIENTED_EDGE('',*,*,#6940,.F.);
#5606=ORIENTED_EDGE('',*,*,#8289,.F.);
#5607=ORIENTED_EDGE('',*,*,#7574,.T.);
#5608=ORIENTED_EDGE('',*,*,#8290,.T.);
#5609=ORIENTED_EDGE('',*,*,#6933,.F.);
#5610=ORIENTED_EDGE('',*,*,#8290,.F.);
#5611=ORIENTED_EDGE('',*,*,#7573,.T.);
#5612=ORIENTED_EDGE('',*,*,#7983,.T.);
#5613=ORIENTED_EDGE('',*,*,#6931,.F.);
#5614=ORIENTED_EDGE('',*,*,#7986,.F.);
#5615=ORIENTED_EDGE('',*,*,#7571,.T.);
#5616=ORIENTED_EDGE('',*,*,#8291,.T.);
#5617=ORIENTED_EDGE('',*,*,#6932,.F.);
#5618=ORIENTED_EDGE('',*,*,#8291,.F.);
#5619=ORIENTED_EDGE('',*,*,#7570,.T.);
#5620=ORIENTED_EDGE('',*,*,#8292,.T.);
#5621=ORIENTED_EDGE('',*,*,#6929,.F.);
#5622=ORIENTED_EDGE('',*,*,#8292,.F.);
#5623=ORIENTED_EDGE('',*,*,#7569,.T.);
#5624=ORIENTED_EDGE('',*,*,#7985,.T.);
#5625=ORIENTED_EDGE('',*,*,#6927,.F.);
#5626=ORIENTED_EDGE('',*,*,#7988,.F.);
#5627=ORIENTED_EDGE('',*,*,#7567,.T.);
#5628=ORIENTED_EDGE('',*,*,#8293,.T.);
#5629=ORIENTED_EDGE('',*,*,#6928,.F.);
#5630=ORIENTED_EDGE('',*,*,#8293,.F.);
#5631=ORIENTED_EDGE('',*,*,#7566,.T.);
#5632=ORIENTED_EDGE('',*,*,#8294,.T.);
#5633=ORIENTED_EDGE('',*,*,#6925,.F.);
#5634=ORIENTED_EDGE('',*,*,#8294,.F.);
#5635=ORIENTED_EDGE('',*,*,#7565,.T.);
#5636=ORIENTED_EDGE('',*,*,#7987,.T.);
#5637=ORIENTED_EDGE('',*,*,#6923,.F.);
#5638=ORIENTED_EDGE('',*,*,#7990,.F.);
#5639=ORIENTED_EDGE('',*,*,#7563,.T.);
#5640=ORIENTED_EDGE('',*,*,#8295,.T.);
#5641=ORIENTED_EDGE('',*,*,#6924,.F.);
#5642=ORIENTED_EDGE('',*,*,#8295,.F.);
#5643=ORIENTED_EDGE('',*,*,#7562,.T.);
#5644=ORIENTED_EDGE('',*,*,#8296,.T.);
#5645=ORIENTED_EDGE('',*,*,#6921,.F.);
#5646=ORIENTED_EDGE('',*,*,#8296,.F.);
#5647=ORIENTED_EDGE('',*,*,#7561,.T.);
#5648=ORIENTED_EDGE('',*,*,#7989,.T.);
#5649=ORIENTED_EDGE('',*,*,#6919,.F.);
#5650=ORIENTED_EDGE('',*,*,#7992,.F.);
#5651=ORIENTED_EDGE('',*,*,#7559,.T.);
#5652=ORIENTED_EDGE('',*,*,#8297,.T.);
#5653=ORIENTED_EDGE('',*,*,#6920,.F.);
#5654=ORIENTED_EDGE('',*,*,#8297,.F.);
#5655=ORIENTED_EDGE('',*,*,#7558,.T.);
#5656=ORIENTED_EDGE('',*,*,#8298,.T.);
#5657=ORIENTED_EDGE('',*,*,#6917,.F.);
#5658=ORIENTED_EDGE('',*,*,#8298,.F.);
#5659=ORIENTED_EDGE('',*,*,#7557,.T.);
#5660=ORIENTED_EDGE('',*,*,#7991,.T.);
#5661=ORIENTED_EDGE('',*,*,#6911,.F.);
#5662=ORIENTED_EDGE('',*,*,#7994,.F.);
#5663=ORIENTED_EDGE('',*,*,#7555,.T.);
#5664=ORIENTED_EDGE('',*,*,#8299,.T.);
#5665=ORIENTED_EDGE('',*,*,#6912,.F.);
#5666=ORIENTED_EDGE('',*,*,#8299,.F.);
#5667=ORIENTED_EDGE('',*,*,#7554,.T.);
#5668=ORIENTED_EDGE('',*,*,#8300,.T.);
#5669=ORIENTED_EDGE('',*,*,#6913,.F.);
#5670=ORIENTED_EDGE('',*,*,#8300,.F.);
#5671=ORIENTED_EDGE('',*,*,#7553,.T.);
#5672=ORIENTED_EDGE('',*,*,#8301,.T.);
#5673=ORIENTED_EDGE('',*,*,#6914,.F.);
#5674=ORIENTED_EDGE('',*,*,#8301,.F.);
#5675=ORIENTED_EDGE('',*,*,#7552,.T.);
#5676=ORIENTED_EDGE('',*,*,#8302,.T.);
#5677=ORIENTED_EDGE('',*,*,#6915,.F.);
#5678=ORIENTED_EDGE('',*,*,#8302,.F.);
#5679=ORIENTED_EDGE('',*,*,#7551,.T.);
#5680=ORIENTED_EDGE('',*,*,#8303,.T.);
#5681=ORIENTED_EDGE('',*,*,#6916,.F.);
#5682=ORIENTED_EDGE('',*,*,#8303,.F.);
#5683=ORIENTED_EDGE('',*,*,#7550,.T.);
#5684=ORIENTED_EDGE('',*,*,#8304,.T.);
#5685=ORIENTED_EDGE('',*,*,#6909,.F.);
#5686=ORIENTED_EDGE('',*,*,#8304,.F.);
#5687=ORIENTED_EDGE('',*,*,#7549,.T.);
#5688=ORIENTED_EDGE('',*,*,#7993,.T.);
#5689=ORIENTED_EDGE('',*,*,#6903,.F.);
#5690=ORIENTED_EDGE('',*,*,#7996,.F.);
#5691=ORIENTED_EDGE('',*,*,#7547,.T.);
#5692=ORIENTED_EDGE('',*,*,#8305,.T.);
#5693=ORIENTED_EDGE('',*,*,#6904,.F.);
#5694=ORIENTED_EDGE('',*,*,#8305,.F.);
#5695=ORIENTED_EDGE('',*,*,#7546,.T.);
#5696=ORIENTED_EDGE('',*,*,#8306,.T.);
#5697=ORIENTED_EDGE('',*,*,#6905,.F.);
#5698=ORIENTED_EDGE('',*,*,#8306,.F.);
#5699=ORIENTED_EDGE('',*,*,#7545,.T.);
#5700=ORIENTED_EDGE('',*,*,#8307,.T.);
#5701=ORIENTED_EDGE('',*,*,#6906,.F.);
#5702=ORIENTED_EDGE('',*,*,#8307,.F.);
#5703=ORIENTED_EDGE('',*,*,#7544,.T.);
#5704=ORIENTED_EDGE('',*,*,#8308,.T.);
#5705=ORIENTED_EDGE('',*,*,#6907,.F.);
#5706=ORIENTED_EDGE('',*,*,#8308,.F.);
#5707=ORIENTED_EDGE('',*,*,#7543,.T.);
#5708=ORIENTED_EDGE('',*,*,#8309,.T.);
#5709=ORIENTED_EDGE('',*,*,#6908,.F.);
#5710=ORIENTED_EDGE('',*,*,#8309,.F.);
#5711=ORIENTED_EDGE('',*,*,#7542,.T.);
#5712=ORIENTED_EDGE('',*,*,#8310,.T.);
#5713=ORIENTED_EDGE('',*,*,#6901,.F.);
#5714=ORIENTED_EDGE('',*,*,#8310,.F.);
#5715=ORIENTED_EDGE('',*,*,#7541,.T.);
#5716=ORIENTED_EDGE('',*,*,#7995,.T.);
#5717=ORIENTED_EDGE('',*,*,#6899,.F.);
#5718=ORIENTED_EDGE('',*,*,#7998,.F.);
#5719=ORIENTED_EDGE('',*,*,#7539,.T.);
#5720=ORIENTED_EDGE('',*,*,#8311,.T.);
#5721=ORIENTED_EDGE('',*,*,#6900,.F.);
#5722=ORIENTED_EDGE('',*,*,#8311,.F.);
#5723=ORIENTED_EDGE('',*,*,#7538,.T.);
#5724=ORIENTED_EDGE('',*,*,#8312,.T.);
#5725=ORIENTED_EDGE('',*,*,#6897,.F.);
#5726=ORIENTED_EDGE('',*,*,#8312,.F.);
#5727=ORIENTED_EDGE('',*,*,#7537,.T.);
#5728=ORIENTED_EDGE('',*,*,#7997,.T.);
#5729=ORIENTED_EDGE('',*,*,#6895,.F.);
#5730=ORIENTED_EDGE('',*,*,#8000,.F.);
#5731=ORIENTED_EDGE('',*,*,#7535,.T.);
#5732=ORIENTED_EDGE('',*,*,#8313,.T.);
#5733=ORIENTED_EDGE('',*,*,#6896,.F.);
#5734=ORIENTED_EDGE('',*,*,#8313,.F.);
#5735=ORIENTED_EDGE('',*,*,#7534,.T.);
#5736=ORIENTED_EDGE('',*,*,#8314,.T.);
#5737=ORIENTED_EDGE('',*,*,#6893,.F.);
#5738=ORIENTED_EDGE('',*,*,#8314,.F.);
#5739=ORIENTED_EDGE('',*,*,#7533,.T.);
#5740=ORIENTED_EDGE('',*,*,#7999,.T.);
#5741=ORIENTED_EDGE('',*,*,#6891,.F.);
#5742=ORIENTED_EDGE('',*,*,#8002,.F.);
#5743=ORIENTED_EDGE('',*,*,#7531,.T.);
#5744=ORIENTED_EDGE('',*,*,#8315,.T.);
#5745=ORIENTED_EDGE('',*,*,#6892,.F.);
#5746=ORIENTED_EDGE('',*,*,#8315,.F.);
#5747=ORIENTED_EDGE('',*,*,#7530,.T.);
#5748=ORIENTED_EDGE('',*,*,#8316,.T.);
#5749=ORIENTED_EDGE('',*,*,#6889,.F.);
#5750=ORIENTED_EDGE('',*,*,#8316,.F.);
#5751=ORIENTED_EDGE('',*,*,#7529,.T.);
#5752=ORIENTED_EDGE('',*,*,#8001,.T.);
#5753=ORIENTED_EDGE('',*,*,#6887,.F.);
#5754=ORIENTED_EDGE('',*,*,#8004,.F.);
#5755=ORIENTED_EDGE('',*,*,#7527,.T.);
#5756=ORIENTED_EDGE('',*,*,#8317,.T.);
#5757=ORIENTED_EDGE('',*,*,#6888,.F.);
#5758=ORIENTED_EDGE('',*,*,#8317,.F.);
#5759=ORIENTED_EDGE('',*,*,#7526,.T.);
#5760=ORIENTED_EDGE('',*,*,#8318,.T.);
#5761=ORIENTED_EDGE('',*,*,#6885,.F.);
#5762=ORIENTED_EDGE('',*,*,#8318,.F.);
#5763=ORIENTED_EDGE('',*,*,#7525,.T.);
#5764=ORIENTED_EDGE('',*,*,#8003,.T.);
#5765=ORIENTED_EDGE('',*,*,#6883,.F.);
#5766=ORIENTED_EDGE('',*,*,#8006,.F.);
#5767=ORIENTED_EDGE('',*,*,#7523,.T.);
#5768=ORIENTED_EDGE('',*,*,#8319,.T.);
#5769=ORIENTED_EDGE('',*,*,#6884,.F.);
#5770=ORIENTED_EDGE('',*,*,#8319,.F.);
#5771=ORIENTED_EDGE('',*,*,#7522,.T.);
#5772=ORIENTED_EDGE('',*,*,#8320,.T.);
#5773=ORIENTED_EDGE('',*,*,#6881,.F.);
#5774=ORIENTED_EDGE('',*,*,#8320,.F.);
#5775=ORIENTED_EDGE('',*,*,#7521,.T.);
#5776=ORIENTED_EDGE('',*,*,#8005,.T.);
#5777=ORIENTED_EDGE('',*,*,#6879,.F.);
#5778=ORIENTED_EDGE('',*,*,#8008,.F.);
#5779=ORIENTED_EDGE('',*,*,#7519,.T.);
#5780=ORIENTED_EDGE('',*,*,#8321,.T.);
#5781=ORIENTED_EDGE('',*,*,#6880,.F.);
#5782=ORIENTED_EDGE('',*,*,#8321,.F.);
#5783=ORIENTED_EDGE('',*,*,#7518,.T.);
#5784=ORIENTED_EDGE('',*,*,#8322,.T.);
#5785=ORIENTED_EDGE('',*,*,#6877,.F.);
#5786=ORIENTED_EDGE('',*,*,#8322,.F.);
#5787=ORIENTED_EDGE('',*,*,#7517,.T.);
#5788=ORIENTED_EDGE('',*,*,#8007,.T.);
#5789=ORIENTED_EDGE('',*,*,#6875,.F.);
#5790=ORIENTED_EDGE('',*,*,#8010,.F.);
#5791=ORIENTED_EDGE('',*,*,#7515,.T.);
#5792=ORIENTED_EDGE('',*,*,#8323,.T.);
#5793=ORIENTED_EDGE('',*,*,#6876,.F.);
#5794=ORIENTED_EDGE('',*,*,#8323,.F.);
#5795=ORIENTED_EDGE('',*,*,#7514,.T.);
#5796=ORIENTED_EDGE('',*,*,#8324,.T.);
#5797=ORIENTED_EDGE('',*,*,#6873,.F.);
#5798=ORIENTED_EDGE('',*,*,#8324,.F.);
#5799=ORIENTED_EDGE('',*,*,#7513,.T.);
#5800=ORIENTED_EDGE('',*,*,#8009,.T.);
#5801=ORIENTED_EDGE('',*,*,#6871,.F.);
#5802=ORIENTED_EDGE('',*,*,#8012,.F.);
#5803=ORIENTED_EDGE('',*,*,#7511,.T.);
#5804=ORIENTED_EDGE('',*,*,#8325,.T.);
#5805=ORIENTED_EDGE('',*,*,#6872,.F.);
#5806=ORIENTED_EDGE('',*,*,#8325,.F.);
#5807=ORIENTED_EDGE('',*,*,#7510,.T.);
#5808=ORIENTED_EDGE('',*,*,#8326,.T.);
#5809=ORIENTED_EDGE('',*,*,#6869,.F.);
#5810=ORIENTED_EDGE('',*,*,#8326,.F.);
#5811=ORIENTED_EDGE('',*,*,#7509,.T.);
#5812=ORIENTED_EDGE('',*,*,#8011,.T.);
#5813=ORIENTED_EDGE('',*,*,#6867,.F.);
#5814=ORIENTED_EDGE('',*,*,#8014,.F.);
#5815=ORIENTED_EDGE('',*,*,#7507,.T.);
#5816=ORIENTED_EDGE('',*,*,#8327,.T.);
#5817=ORIENTED_EDGE('',*,*,#6868,.F.);
#5818=ORIENTED_EDGE('',*,*,#8327,.F.);
#5819=ORIENTED_EDGE('',*,*,#7506,.T.);
#5820=ORIENTED_EDGE('',*,*,#8328,.T.);
#5821=ORIENTED_EDGE('',*,*,#6865,.F.);
#5822=ORIENTED_EDGE('',*,*,#8328,.F.);
#5823=ORIENTED_EDGE('',*,*,#7505,.T.);
#5824=ORIENTED_EDGE('',*,*,#8013,.T.);
#5825=ORIENTED_EDGE('',*,*,#6863,.F.);
#5826=ORIENTED_EDGE('',*,*,#8016,.F.);
#5827=ORIENTED_EDGE('',*,*,#7503,.T.);
#5828=ORIENTED_EDGE('',*,*,#8329,.T.);
#5829=ORIENTED_EDGE('',*,*,#6864,.F.);
#5830=ORIENTED_EDGE('',*,*,#8329,.F.);
#5831=ORIENTED_EDGE('',*,*,#7502,.T.);
#5832=ORIENTED_EDGE('',*,*,#8330,.T.);
#5833=ORIENTED_EDGE('',*,*,#6861,.F.);
#5834=ORIENTED_EDGE('',*,*,#8330,.F.);
#5835=ORIENTED_EDGE('',*,*,#7501,.T.);
#5836=ORIENTED_EDGE('',*,*,#8015,.T.);
#5837=ORIENTED_EDGE('',*,*,#6855,.F.);
#5838=ORIENTED_EDGE('',*,*,#8018,.F.);
#5839=ORIENTED_EDGE('',*,*,#7499,.T.);
#5840=ORIENTED_EDGE('',*,*,#8331,.T.);
#5841=ORIENTED_EDGE('',*,*,#6856,.F.);
#5842=ORIENTED_EDGE('',*,*,#8331,.F.);
#5843=ORIENTED_EDGE('',*,*,#7498,.T.);
#5844=ORIENTED_EDGE('',*,*,#8332,.T.);
#5845=ORIENTED_EDGE('',*,*,#6857,.F.);
#5846=ORIENTED_EDGE('',*,*,#8332,.F.);
#5847=ORIENTED_EDGE('',*,*,#7497,.T.);
#5848=ORIENTED_EDGE('',*,*,#8333,.T.);
#5849=ORIENTED_EDGE('',*,*,#6858,.F.);
#5850=ORIENTED_EDGE('',*,*,#8333,.F.);
#5851=ORIENTED_EDGE('',*,*,#7496,.T.);
#5852=ORIENTED_EDGE('',*,*,#8334,.T.);
#5853=ORIENTED_EDGE('',*,*,#6859,.F.);
#5854=ORIENTED_EDGE('',*,*,#8334,.F.);
#5855=ORIENTED_EDGE('',*,*,#7495,.T.);
#5856=ORIENTED_EDGE('',*,*,#8335,.T.);
#5857=ORIENTED_EDGE('',*,*,#6860,.F.);
#5858=ORIENTED_EDGE('',*,*,#8335,.F.);
#5859=ORIENTED_EDGE('',*,*,#7494,.T.);
#5860=ORIENTED_EDGE('',*,*,#8336,.T.);
#5861=ORIENTED_EDGE('',*,*,#6853,.F.);
#5862=ORIENTED_EDGE('',*,*,#8336,.F.);
#5863=ORIENTED_EDGE('',*,*,#7493,.T.);
#5864=ORIENTED_EDGE('',*,*,#8017,.T.);
#5865=ORIENTED_EDGE('',*,*,#6847,.F.);
#5866=ORIENTED_EDGE('',*,*,#8020,.F.);
#5867=ORIENTED_EDGE('',*,*,#7491,.T.);
#5868=ORIENTED_EDGE('',*,*,#8337,.T.);
#5869=ORIENTED_EDGE('',*,*,#6848,.F.);
#5870=ORIENTED_EDGE('',*,*,#8337,.F.);
#5871=ORIENTED_EDGE('',*,*,#7490,.T.);
#5872=ORIENTED_EDGE('',*,*,#8338,.T.);
#5873=ORIENTED_EDGE('',*,*,#6849,.F.);
#5874=ORIENTED_EDGE('',*,*,#8338,.F.);
#5875=ORIENTED_EDGE('',*,*,#7489,.T.);
#5876=ORIENTED_EDGE('',*,*,#8339,.T.);
#5877=ORIENTED_EDGE('',*,*,#6850,.F.);
#5878=ORIENTED_EDGE('',*,*,#8339,.F.);
#5879=ORIENTED_EDGE('',*,*,#7488,.T.);
#5880=ORIENTED_EDGE('',*,*,#8340,.T.);
#5881=ORIENTED_EDGE('',*,*,#6851,.F.);
#5882=ORIENTED_EDGE('',*,*,#8340,.F.);
#5883=ORIENTED_EDGE('',*,*,#7487,.T.);
#5884=ORIENTED_EDGE('',*,*,#8341,.T.);
#5885=ORIENTED_EDGE('',*,*,#6852,.F.);
#5886=ORIENTED_EDGE('',*,*,#8341,.F.);
#5887=ORIENTED_EDGE('',*,*,#7486,.T.);
#5888=ORIENTED_EDGE('',*,*,#8342,.T.);
#5889=ORIENTED_EDGE('',*,*,#6845,.F.);
#5890=ORIENTED_EDGE('',*,*,#8342,.F.);
#5891=ORIENTED_EDGE('',*,*,#7485,.T.);
#5892=ORIENTED_EDGE('',*,*,#8019,.T.);
#5893=ORIENTED_EDGE('',*,*,#6843,.F.);
#5894=ORIENTED_EDGE('',*,*,#8022,.F.);
#5895=ORIENTED_EDGE('',*,*,#7483,.T.);
#5896=ORIENTED_EDGE('',*,*,#8343,.T.);
#5897=ORIENTED_EDGE('',*,*,#6844,.F.);
#5898=ORIENTED_EDGE('',*,*,#8343,.F.);
#5899=ORIENTED_EDGE('',*,*,#7482,.T.);
#5900=ORIENTED_EDGE('',*,*,#8344,.T.);
#5901=ORIENTED_EDGE('',*,*,#6841,.F.);
#5902=ORIENTED_EDGE('',*,*,#8344,.F.);
#5903=ORIENTED_EDGE('',*,*,#7481,.T.);
#5904=ORIENTED_EDGE('',*,*,#8021,.T.);
#5905=ORIENTED_EDGE('',*,*,#6839,.F.);
#5906=ORIENTED_EDGE('',*,*,#8024,.F.);
#5907=ORIENTED_EDGE('',*,*,#7479,.T.);
#5908=ORIENTED_EDGE('',*,*,#8345,.T.);
#5909=ORIENTED_EDGE('',*,*,#6840,.F.);
#5910=ORIENTED_EDGE('',*,*,#8345,.F.);
#5911=ORIENTED_EDGE('',*,*,#7478,.T.);
#5912=ORIENTED_EDGE('',*,*,#8346,.T.);
#5913=ORIENTED_EDGE('',*,*,#6837,.F.);
#5914=ORIENTED_EDGE('',*,*,#8346,.F.);
#5915=ORIENTED_EDGE('',*,*,#7477,.T.);
#5916=ORIENTED_EDGE('',*,*,#8023,.T.);
#5917=ORIENTED_EDGE('',*,*,#6835,.F.);
#5918=ORIENTED_EDGE('',*,*,#8026,.F.);
#5919=ORIENTED_EDGE('',*,*,#7475,.T.);
#5920=ORIENTED_EDGE('',*,*,#8347,.T.);
#5921=ORIENTED_EDGE('',*,*,#6836,.F.);
#5922=ORIENTED_EDGE('',*,*,#8347,.F.);
#5923=ORIENTED_EDGE('',*,*,#7474,.T.);
#5924=ORIENTED_EDGE('',*,*,#8348,.T.);
#5925=ORIENTED_EDGE('',*,*,#6833,.F.);
#5926=ORIENTED_EDGE('',*,*,#8348,.F.);
#5927=ORIENTED_EDGE('',*,*,#7473,.T.);
#5928=ORIENTED_EDGE('',*,*,#8025,.T.);
#5929=ORIENTED_EDGE('',*,*,#6831,.F.);
#5930=ORIENTED_EDGE('',*,*,#8028,.F.);
#5931=ORIENTED_EDGE('',*,*,#7471,.T.);
#5932=ORIENTED_EDGE('',*,*,#8349,.T.);
#5933=ORIENTED_EDGE('',*,*,#6832,.F.);
#5934=ORIENTED_EDGE('',*,*,#8349,.F.);
#5935=ORIENTED_EDGE('',*,*,#7470,.T.);
#5936=ORIENTED_EDGE('',*,*,#8350,.T.);
#5937=ORIENTED_EDGE('',*,*,#6829,.F.);
#5938=ORIENTED_EDGE('',*,*,#8350,.F.);
#5939=ORIENTED_EDGE('',*,*,#7469,.T.);
#5940=ORIENTED_EDGE('',*,*,#8027,.T.);
#5941=ORIENTED_EDGE('',*,*,#6827,.F.);
#5942=ORIENTED_EDGE('',*,*,#8030,.F.);
#5943=ORIENTED_EDGE('',*,*,#7467,.T.);
#5944=ORIENTED_EDGE('',*,*,#8351,.T.);
#5945=ORIENTED_EDGE('',*,*,#6828,.F.);
#5946=ORIENTED_EDGE('',*,*,#8351,.F.);
#5947=ORIENTED_EDGE('',*,*,#7466,.T.);
#5948=ORIENTED_EDGE('',*,*,#8352,.T.);
#5949=ORIENTED_EDGE('',*,*,#6825,.F.);
#5950=ORIENTED_EDGE('',*,*,#8352,.F.);
#5951=ORIENTED_EDGE('',*,*,#7465,.T.);
#5952=ORIENTED_EDGE('',*,*,#8029,.T.);
#5953=ORIENTED_EDGE('',*,*,#6823,.F.);
#5954=ORIENTED_EDGE('',*,*,#8032,.F.);
#5955=ORIENTED_EDGE('',*,*,#7463,.T.);
#5956=ORIENTED_EDGE('',*,*,#8353,.T.);
#5957=ORIENTED_EDGE('',*,*,#6824,.F.);
#5958=ORIENTED_EDGE('',*,*,#8353,.F.);
#5959=ORIENTED_EDGE('',*,*,#7462,.T.);
#5960=ORIENTED_EDGE('',*,*,#8354,.T.);
#5961=ORIENTED_EDGE('',*,*,#6821,.F.);
#5962=ORIENTED_EDGE('',*,*,#8354,.F.);
#5963=ORIENTED_EDGE('',*,*,#7461,.T.);
#5964=ORIENTED_EDGE('',*,*,#8031,.T.);
#5965=ORIENTED_EDGE('',*,*,#6817,.F.);
#5966=ORIENTED_EDGE('',*,*,#8034,.F.);
#5967=ORIENTED_EDGE('',*,*,#7459,.T.);
#5968=ORIENTED_EDGE('',*,*,#8355,.T.);
#5969=ORIENTED_EDGE('',*,*,#6818,.F.);
#5970=ORIENTED_EDGE('',*,*,#8355,.F.);
#5971=ORIENTED_EDGE('',*,*,#7458,.T.);
#5972=ORIENTED_EDGE('',*,*,#8356,.T.);
#5973=ORIENTED_EDGE('',*,*,#6819,.F.);
#5974=ORIENTED_EDGE('',*,*,#8356,.F.);
#5975=ORIENTED_EDGE('',*,*,#7457,.T.);
#5976=ORIENTED_EDGE('',*,*,#8357,.T.);
#5977=ORIENTED_EDGE('',*,*,#6820,.F.);
#5978=ORIENTED_EDGE('',*,*,#8357,.F.);
#5979=ORIENTED_EDGE('',*,*,#7456,.T.);
#5980=ORIENTED_EDGE('',*,*,#8358,.T.);
#5981=ORIENTED_EDGE('',*,*,#6815,.F.);
#5982=ORIENTED_EDGE('',*,*,#8358,.F.);
#5983=ORIENTED_EDGE('',*,*,#7455,.T.);
#5984=ORIENTED_EDGE('',*,*,#8033,.T.);
#5985=ORIENTED_EDGE('',*,*,#6811,.F.);
#5986=ORIENTED_EDGE('',*,*,#8036,.F.);
#5987=ORIENTED_EDGE('',*,*,#7453,.T.);
#5988=ORIENTED_EDGE('',*,*,#8359,.T.);
#5989=ORIENTED_EDGE('',*,*,#6812,.F.);
#5990=ORIENTED_EDGE('',*,*,#8359,.F.);
#5991=ORIENTED_EDGE('',*,*,#7452,.T.);
#5992=ORIENTED_EDGE('',*,*,#8360,.T.);
#5993=ORIENTED_EDGE('',*,*,#6813,.F.);
#5994=ORIENTED_EDGE('',*,*,#8360,.F.);
#5995=ORIENTED_EDGE('',*,*,#7451,.T.);
#5996=ORIENTED_EDGE('',*,*,#8361,.T.);
#5997=ORIENTED_EDGE('',*,*,#6814,.F.);
#5998=ORIENTED_EDGE('',*,*,#8361,.F.);
#5999=ORIENTED_EDGE('',*,*,#7450,.T.);
#6000=ORIENTED_EDGE('',*,*,#8362,.T.);
#6001=ORIENTED_EDGE('',*,*,#6809,.F.);
#6002=ORIENTED_EDGE('',*,*,#8362,.F.);
#6003=ORIENTED_EDGE('',*,*,#7449,.T.);
#6004=ORIENTED_EDGE('',*,*,#8035,.T.);
#6005=ORIENTED_EDGE('',*,*,#6805,.F.);
#6006=ORIENTED_EDGE('',*,*,#8038,.F.);
#6007=ORIENTED_EDGE('',*,*,#7447,.T.);
#6008=ORIENTED_EDGE('',*,*,#8363,.T.);
#6009=ORIENTED_EDGE('',*,*,#6806,.F.);
#6010=ORIENTED_EDGE('',*,*,#8363,.F.);
#6011=ORIENTED_EDGE('',*,*,#7446,.T.);
#6012=ORIENTED_EDGE('',*,*,#8364,.T.);
#6013=ORIENTED_EDGE('',*,*,#6807,.F.);
#6014=ORIENTED_EDGE('',*,*,#8364,.F.);
#6015=ORIENTED_EDGE('',*,*,#7445,.T.);
#6016=ORIENTED_EDGE('',*,*,#8365,.T.);
#6017=ORIENTED_EDGE('',*,*,#6808,.F.);
#6018=ORIENTED_EDGE('',*,*,#8365,.F.);
#6019=ORIENTED_EDGE('',*,*,#7444,.T.);
#6020=ORIENTED_EDGE('',*,*,#8366,.T.);
#6021=ORIENTED_EDGE('',*,*,#6803,.F.);
#6022=ORIENTED_EDGE('',*,*,#8366,.F.);
#6023=ORIENTED_EDGE('',*,*,#7443,.T.);
#6024=ORIENTED_EDGE('',*,*,#8037,.T.);
#6025=ORIENTED_EDGE('',*,*,#6799,.F.);
#6026=ORIENTED_EDGE('',*,*,#8040,.F.);
#6027=ORIENTED_EDGE('',*,*,#7441,.T.);
#6028=ORIENTED_EDGE('',*,*,#8367,.T.);
#6029=ORIENTED_EDGE('',*,*,#6800,.F.);
#6030=ORIENTED_EDGE('',*,*,#8367,.F.);
#6031=ORIENTED_EDGE('',*,*,#7440,.T.);
#6032=ORIENTED_EDGE('',*,*,#8368,.T.);
#6033=ORIENTED_EDGE('',*,*,#6801,.F.);
#6034=ORIENTED_EDGE('',*,*,#8368,.F.);
#6035=ORIENTED_EDGE('',*,*,#7439,.T.);
#6036=ORIENTED_EDGE('',*,*,#8369,.T.);
#6037=ORIENTED_EDGE('',*,*,#6802,.F.);
#6038=ORIENTED_EDGE('',*,*,#8369,.F.);
#6039=ORIENTED_EDGE('',*,*,#7438,.T.);
#6040=ORIENTED_EDGE('',*,*,#8370,.T.);
#6041=ORIENTED_EDGE('',*,*,#6797,.F.);
#6042=ORIENTED_EDGE('',*,*,#8370,.F.);
#6043=ORIENTED_EDGE('',*,*,#7437,.T.);
#6044=ORIENTED_EDGE('',*,*,#8039,.T.);
#6045=ORIENTED_EDGE('',*,*,#6795,.F.);
#6046=ORIENTED_EDGE('',*,*,#8042,.F.);
#6047=ORIENTED_EDGE('',*,*,#7435,.T.);
#6048=ORIENTED_EDGE('',*,*,#8371,.T.);
#6049=ORIENTED_EDGE('',*,*,#6796,.F.);
#6050=ORIENTED_EDGE('',*,*,#8371,.F.);
#6051=ORIENTED_EDGE('',*,*,#7434,.T.);
#6052=ORIENTED_EDGE('',*,*,#8372,.T.);
#6053=ORIENTED_EDGE('',*,*,#6793,.F.);
#6054=ORIENTED_EDGE('',*,*,#8372,.F.);
#6055=ORIENTED_EDGE('',*,*,#7433,.T.);
#6056=ORIENTED_EDGE('',*,*,#8041,.T.);
#6057=ORIENTED_EDGE('',*,*,#6791,.F.);
#6058=ORIENTED_EDGE('',*,*,#8044,.F.);
#6059=ORIENTED_EDGE('',*,*,#7431,.T.);
#6060=ORIENTED_EDGE('',*,*,#8373,.T.);
#6061=ORIENTED_EDGE('',*,*,#6792,.F.);
#6062=ORIENTED_EDGE('',*,*,#8373,.F.);
#6063=ORIENTED_EDGE('',*,*,#7430,.T.);
#6064=ORIENTED_EDGE('',*,*,#8374,.T.);
#6065=ORIENTED_EDGE('',*,*,#6789,.F.);
#6066=ORIENTED_EDGE('',*,*,#8374,.F.);
#6067=ORIENTED_EDGE('',*,*,#7429,.T.);
#6068=ORIENTED_EDGE('',*,*,#8043,.T.);
#6069=ORIENTED_EDGE('',*,*,#6787,.F.);
#6070=ORIENTED_EDGE('',*,*,#8046,.F.);
#6071=ORIENTED_EDGE('',*,*,#7427,.T.);
#6072=ORIENTED_EDGE('',*,*,#8375,.T.);
#6073=ORIENTED_EDGE('',*,*,#6788,.F.);
#6074=ORIENTED_EDGE('',*,*,#8375,.F.);
#6075=ORIENTED_EDGE('',*,*,#7426,.T.);
#6076=ORIENTED_EDGE('',*,*,#8376,.T.);
#6077=ORIENTED_EDGE('',*,*,#6785,.F.);
#6078=ORIENTED_EDGE('',*,*,#8376,.F.);
#6079=ORIENTED_EDGE('',*,*,#7425,.T.);
#6080=ORIENTED_EDGE('',*,*,#8045,.T.);
#6081=ORIENTED_EDGE('',*,*,#6783,.F.);
#6082=ORIENTED_EDGE('',*,*,#8048,.F.);
#6083=ORIENTED_EDGE('',*,*,#7423,.T.);
#6084=ORIENTED_EDGE('',*,*,#8377,.T.);
#6085=ORIENTED_EDGE('',*,*,#6784,.F.);
#6086=ORIENTED_EDGE('',*,*,#8377,.F.);
#6087=ORIENTED_EDGE('',*,*,#7422,.T.);
#6088=ORIENTED_EDGE('',*,*,#8378,.T.);
#6089=ORIENTED_EDGE('',*,*,#6781,.F.);
#6090=ORIENTED_EDGE('',*,*,#8378,.F.);
#6091=ORIENTED_EDGE('',*,*,#7421,.T.);
#6092=ORIENTED_EDGE('',*,*,#8047,.T.);
#6093=ORIENTED_EDGE('',*,*,#6775,.F.);
#6094=ORIENTED_EDGE('',*,*,#8050,.F.);
#6095=ORIENTED_EDGE('',*,*,#7419,.T.);
#6096=ORIENTED_EDGE('',*,*,#8379,.T.);
#6097=ORIENTED_EDGE('',*,*,#6776,.F.);
#6098=ORIENTED_EDGE('',*,*,#8379,.F.);
#6099=ORIENTED_EDGE('',*,*,#7418,.T.);
#6100=ORIENTED_EDGE('',*,*,#8380,.T.);
#6101=ORIENTED_EDGE('',*,*,#6777,.F.);
#6102=ORIENTED_EDGE('',*,*,#8380,.F.);
#6103=ORIENTED_EDGE('',*,*,#7417,.T.);
#6104=ORIENTED_EDGE('',*,*,#8381,.T.);
#6105=ORIENTED_EDGE('',*,*,#6778,.F.);
#6106=ORIENTED_EDGE('',*,*,#8381,.F.);
#6107=ORIENTED_EDGE('',*,*,#7416,.T.);
#6108=ORIENTED_EDGE('',*,*,#8382,.T.);
#6109=ORIENTED_EDGE('',*,*,#6779,.F.);
#6110=ORIENTED_EDGE('',*,*,#8382,.F.);
#6111=ORIENTED_EDGE('',*,*,#7415,.T.);
#6112=ORIENTED_EDGE('',*,*,#8383,.T.);
#6113=ORIENTED_EDGE('',*,*,#6780,.F.);
#6114=ORIENTED_EDGE('',*,*,#8383,.F.);
#6115=ORIENTED_EDGE('',*,*,#7414,.T.);
#6116=ORIENTED_EDGE('',*,*,#8384,.T.);
#6117=ORIENTED_EDGE('',*,*,#6773,.F.);
#6118=ORIENTED_EDGE('',*,*,#8384,.F.);
#6119=ORIENTED_EDGE('',*,*,#7413,.T.);
#6120=ORIENTED_EDGE('',*,*,#8049,.T.);
#6121=ORIENTED_EDGE('',*,*,#6767,.F.);
#6122=ORIENTED_EDGE('',*,*,#8052,.F.);
#6123=ORIENTED_EDGE('',*,*,#7411,.T.);
#6124=ORIENTED_EDGE('',*,*,#8385,.T.);
#6125=ORIENTED_EDGE('',*,*,#6768,.F.);
#6126=ORIENTED_EDGE('',*,*,#8385,.F.);
#6127=ORIENTED_EDGE('',*,*,#7410,.T.);
#6128=ORIENTED_EDGE('',*,*,#8386,.T.);
#6129=ORIENTED_EDGE('',*,*,#6769,.F.);
#6130=ORIENTED_EDGE('',*,*,#8386,.F.);
#6131=ORIENTED_EDGE('',*,*,#7409,.T.);
#6132=ORIENTED_EDGE('',*,*,#8387,.T.);
#6133=ORIENTED_EDGE('',*,*,#6770,.F.);
#6134=ORIENTED_EDGE('',*,*,#8387,.F.);
#6135=ORIENTED_EDGE('',*,*,#7408,.T.);
#6136=ORIENTED_EDGE('',*,*,#8388,.T.);
#6137=ORIENTED_EDGE('',*,*,#6771,.F.);
#6138=ORIENTED_EDGE('',*,*,#8388,.F.);
#6139=ORIENTED_EDGE('',*,*,#7407,.T.);
#6140=ORIENTED_EDGE('',*,*,#8389,.T.);
#6141=ORIENTED_EDGE('',*,*,#6772,.F.);
#6142=ORIENTED_EDGE('',*,*,#8389,.F.);
#6143=ORIENTED_EDGE('',*,*,#7406,.T.);
#6144=ORIENTED_EDGE('',*,*,#8390,.T.);
#6145=ORIENTED_EDGE('',*,*,#6765,.F.);
#6146=ORIENTED_EDGE('',*,*,#8390,.F.);
#6147=ORIENTED_EDGE('',*,*,#7405,.T.);
#6148=ORIENTED_EDGE('',*,*,#8051,.T.);
#6149=ORIENTED_EDGE('',*,*,#6763,.F.);
#6150=ORIENTED_EDGE('',*,*,#8054,.F.);
#6151=ORIENTED_EDGE('',*,*,#7403,.T.);
#6152=ORIENTED_EDGE('',*,*,#8391,.T.);
#6153=ORIENTED_EDGE('',*,*,#6764,.F.);
#6154=ORIENTED_EDGE('',*,*,#8391,.F.);
#6155=ORIENTED_EDGE('',*,*,#7402,.T.);
#6156=ORIENTED_EDGE('',*,*,#8392,.T.);
#6157=ORIENTED_EDGE('',*,*,#6761,.F.);
#6158=ORIENTED_EDGE('',*,*,#8392,.F.);
#6159=ORIENTED_EDGE('',*,*,#7401,.T.);
#6160=ORIENTED_EDGE('',*,*,#8053,.T.);
#6161=ORIENTED_EDGE('',*,*,#6759,.F.);
#6162=ORIENTED_EDGE('',*,*,#8056,.F.);
#6163=ORIENTED_EDGE('',*,*,#7399,.T.);
#6164=ORIENTED_EDGE('',*,*,#8393,.T.);
#6165=ORIENTED_EDGE('',*,*,#6760,.F.);
#6166=ORIENTED_EDGE('',*,*,#8393,.F.);
#6167=ORIENTED_EDGE('',*,*,#7398,.T.);
#6168=ORIENTED_EDGE('',*,*,#8394,.T.);
#6169=ORIENTED_EDGE('',*,*,#6757,.F.);
#6170=ORIENTED_EDGE('',*,*,#8394,.F.);
#6171=ORIENTED_EDGE('',*,*,#7397,.T.);
#6172=ORIENTED_EDGE('',*,*,#8055,.T.);
#6173=ORIENTED_EDGE('',*,*,#6755,.F.);
#6174=ORIENTED_EDGE('',*,*,#8058,.F.);
#6175=ORIENTED_EDGE('',*,*,#7395,.T.);
#6176=ORIENTED_EDGE('',*,*,#8395,.T.);
#6177=ORIENTED_EDGE('',*,*,#6756,.F.);
#6178=ORIENTED_EDGE('',*,*,#8395,.F.);
#6179=ORIENTED_EDGE('',*,*,#7394,.T.);
#6180=ORIENTED_EDGE('',*,*,#8396,.T.);
#6181=ORIENTED_EDGE('',*,*,#6753,.F.);
#6182=ORIENTED_EDGE('',*,*,#8396,.F.);
#6183=ORIENTED_EDGE('',*,*,#7393,.T.);
#6184=ORIENTED_EDGE('',*,*,#8057,.T.);
#6185=ORIENTED_EDGE('',*,*,#6751,.F.);
#6186=ORIENTED_EDGE('',*,*,#8060,.F.);
#6187=ORIENTED_EDGE('',*,*,#7391,.T.);
#6188=ORIENTED_EDGE('',*,*,#8397,.T.);
#6189=ORIENTED_EDGE('',*,*,#6752,.F.);
#6190=ORIENTED_EDGE('',*,*,#8397,.F.);
#6191=ORIENTED_EDGE('',*,*,#7390,.T.);
#6192=ORIENTED_EDGE('',*,*,#8398,.T.);
#6193=ORIENTED_EDGE('',*,*,#6749,.F.);
#6194=ORIENTED_EDGE('',*,*,#8398,.F.);
#6195=ORIENTED_EDGE('',*,*,#7389,.T.);
#6196=ORIENTED_EDGE('',*,*,#8059,.T.);
#6197=ORIENTED_EDGE('',*,*,#6747,.F.);
#6198=ORIENTED_EDGE('',*,*,#8062,.F.);
#6199=ORIENTED_EDGE('',*,*,#7387,.T.);
#6200=ORIENTED_EDGE('',*,*,#8399,.T.);
#6201=ORIENTED_EDGE('',*,*,#6748,.F.);
#6202=ORIENTED_EDGE('',*,*,#8399,.F.);
#6203=ORIENTED_EDGE('',*,*,#7386,.T.);
#6204=ORIENTED_EDGE('',*,*,#8400,.T.);
#6205=ORIENTED_EDGE('',*,*,#6745,.F.);
#6206=ORIENTED_EDGE('',*,*,#8400,.F.);
#6207=ORIENTED_EDGE('',*,*,#7385,.T.);
#6208=ORIENTED_EDGE('',*,*,#8061,.T.);
#6209=ORIENTED_EDGE('',*,*,#6743,.F.);
#6210=ORIENTED_EDGE('',*,*,#8064,.F.);
#6211=ORIENTED_EDGE('',*,*,#7383,.T.);
#6212=ORIENTED_EDGE('',*,*,#8401,.T.);
#6213=ORIENTED_EDGE('',*,*,#6744,.F.);
#6214=ORIENTED_EDGE('',*,*,#8401,.F.);
#6215=ORIENTED_EDGE('',*,*,#7382,.T.);
#6216=ORIENTED_EDGE('',*,*,#8402,.T.);
#6217=ORIENTED_EDGE('',*,*,#6741,.F.);
#6218=ORIENTED_EDGE('',*,*,#8402,.F.);
#6219=ORIENTED_EDGE('',*,*,#7381,.T.);
#6220=ORIENTED_EDGE('',*,*,#8063,.T.);
#6221=ORIENTED_EDGE('',*,*,#6735,.F.);
#6222=ORIENTED_EDGE('',*,*,#8066,.F.);
#6223=ORIENTED_EDGE('',*,*,#7379,.T.);
#6224=ORIENTED_EDGE('',*,*,#8403,.T.);
#6225=ORIENTED_EDGE('',*,*,#6736,.F.);
#6226=ORIENTED_EDGE('',*,*,#8403,.F.);
#6227=ORIENTED_EDGE('',*,*,#7378,.T.);
#6228=ORIENTED_EDGE('',*,*,#8404,.T.);
#6229=ORIENTED_EDGE('',*,*,#6737,.F.);
#6230=ORIENTED_EDGE('',*,*,#8404,.F.);
#6231=ORIENTED_EDGE('',*,*,#7377,.T.);
#6232=ORIENTED_EDGE('',*,*,#8405,.T.);
#6233=ORIENTED_EDGE('',*,*,#6738,.F.);
#6234=ORIENTED_EDGE('',*,*,#8405,.F.);
#6235=ORIENTED_EDGE('',*,*,#7376,.T.);
#6236=ORIENTED_EDGE('',*,*,#8406,.T.);
#6237=ORIENTED_EDGE('',*,*,#6739,.F.);
#6238=ORIENTED_EDGE('',*,*,#8406,.F.);
#6239=ORIENTED_EDGE('',*,*,#7375,.T.);
#6240=ORIENTED_EDGE('',*,*,#8407,.T.);
#6241=ORIENTED_EDGE('',*,*,#6740,.F.);
#6242=ORIENTED_EDGE('',*,*,#8407,.F.);
#6243=ORIENTED_EDGE('',*,*,#7374,.T.);
#6244=ORIENTED_EDGE('',*,*,#8408,.T.);
#6245=ORIENTED_EDGE('',*,*,#6733,.F.);
#6246=ORIENTED_EDGE('',*,*,#8408,.F.);
#6247=ORIENTED_EDGE('',*,*,#7373,.T.);
#6248=ORIENTED_EDGE('',*,*,#8065,.T.);
#6249=ORIENTED_EDGE('',*,*,#6727,.F.);
#6250=ORIENTED_EDGE('',*,*,#8068,.F.);
#6251=ORIENTED_EDGE('',*,*,#7371,.T.);
#6252=ORIENTED_EDGE('',*,*,#8409,.T.);
#6253=ORIENTED_EDGE('',*,*,#6728,.F.);
#6254=ORIENTED_EDGE('',*,*,#8409,.F.);
#6255=ORIENTED_EDGE('',*,*,#7370,.T.);
#6256=ORIENTED_EDGE('',*,*,#8410,.T.);
#6257=ORIENTED_EDGE('',*,*,#6729,.F.);
#6258=ORIENTED_EDGE('',*,*,#8410,.F.);
#6259=ORIENTED_EDGE('',*,*,#7369,.T.);
#6260=ORIENTED_EDGE('',*,*,#8411,.T.);
#6261=ORIENTED_EDGE('',*,*,#6730,.F.);
#6262=ORIENTED_EDGE('',*,*,#8411,.F.);
#6263=ORIENTED_EDGE('',*,*,#7368,.T.);
#6264=ORIENTED_EDGE('',*,*,#8412,.T.);
#6265=ORIENTED_EDGE('',*,*,#6731,.F.);
#6266=ORIENTED_EDGE('',*,*,#8412,.F.);
#6267=ORIENTED_EDGE('',*,*,#7367,.T.);
#6268=ORIENTED_EDGE('',*,*,#8413,.T.);
#6269=ORIENTED_EDGE('',*,*,#6732,.F.);
#6270=ORIENTED_EDGE('',*,*,#8413,.F.);
#6271=ORIENTED_EDGE('',*,*,#7366,.T.);
#6272=ORIENTED_EDGE('',*,*,#8414,.T.);
#6273=ORIENTED_EDGE('',*,*,#6725,.F.);
#6274=ORIENTED_EDGE('',*,*,#8414,.F.);
#6275=ORIENTED_EDGE('',*,*,#7365,.T.);
#6276=ORIENTED_EDGE('',*,*,#8067,.T.);
#6277=ORIENTED_EDGE('',*,*,#6723,.F.);
#6278=ORIENTED_EDGE('',*,*,#8070,.F.);
#6279=ORIENTED_EDGE('',*,*,#7363,.T.);
#6280=ORIENTED_EDGE('',*,*,#8415,.T.);
#6281=ORIENTED_EDGE('',*,*,#6724,.F.);
#6282=ORIENTED_EDGE('',*,*,#8415,.F.);
#6283=ORIENTED_EDGE('',*,*,#7362,.T.);
#6284=ORIENTED_EDGE('',*,*,#8416,.T.);
#6285=ORIENTED_EDGE('',*,*,#6721,.F.);
#6286=ORIENTED_EDGE('',*,*,#8416,.F.);
#6287=ORIENTED_EDGE('',*,*,#7361,.T.);
#6288=ORIENTED_EDGE('',*,*,#8069,.T.);
#6289=ORIENTED_EDGE('',*,*,#6719,.F.);
#6290=ORIENTED_EDGE('',*,*,#8072,.F.);
#6291=ORIENTED_EDGE('',*,*,#7359,.T.);
#6292=ORIENTED_EDGE('',*,*,#8417,.T.);
#6293=ORIENTED_EDGE('',*,*,#6720,.F.);
#6294=ORIENTED_EDGE('',*,*,#8417,.F.);
#6295=ORIENTED_EDGE('',*,*,#7358,.T.);
#6296=ORIENTED_EDGE('',*,*,#8418,.T.);
#6297=ORIENTED_EDGE('',*,*,#6717,.F.);
#6298=ORIENTED_EDGE('',*,*,#8418,.F.);
#6299=ORIENTED_EDGE('',*,*,#7357,.T.);
#6300=ORIENTED_EDGE('',*,*,#8071,.T.);
#6301=ORIENTED_EDGE('',*,*,#6715,.F.);
#6302=ORIENTED_EDGE('',*,*,#8074,.F.);
#6303=ORIENTED_EDGE('',*,*,#7355,.T.);
#6304=ORIENTED_EDGE('',*,*,#8419,.T.);
#6305=ORIENTED_EDGE('',*,*,#6716,.F.);
#6306=ORIENTED_EDGE('',*,*,#8419,.F.);
#6307=ORIENTED_EDGE('',*,*,#7354,.T.);
#6308=ORIENTED_EDGE('',*,*,#8420,.T.);
#6309=ORIENTED_EDGE('',*,*,#6713,.F.);
#6310=ORIENTED_EDGE('',*,*,#8420,.F.);
#6311=ORIENTED_EDGE('',*,*,#7353,.T.);
#6312=ORIENTED_EDGE('',*,*,#8073,.T.);
#6313=ORIENTED_EDGE('',*,*,#6711,.F.);
#6314=ORIENTED_EDGE('',*,*,#8076,.F.);
#6315=ORIENTED_EDGE('',*,*,#7351,.T.);
#6316=ORIENTED_EDGE('',*,*,#8421,.T.);
#6317=ORIENTED_EDGE('',*,*,#6712,.F.);
#6318=ORIENTED_EDGE('',*,*,#8421,.F.);
#6319=ORIENTED_EDGE('',*,*,#7350,.T.);
#6320=ORIENTED_EDGE('',*,*,#8422,.T.);
#6321=ORIENTED_EDGE('',*,*,#6709,.F.);
#6322=ORIENTED_EDGE('',*,*,#8422,.F.);
#6323=ORIENTED_EDGE('',*,*,#7349,.T.);
#6324=ORIENTED_EDGE('',*,*,#8075,.T.);
#6325=ORIENTED_EDGE('',*,*,#6703,.F.);
#6326=ORIENTED_EDGE('',*,*,#8078,.F.);
#6327=ORIENTED_EDGE('',*,*,#7347,.T.);
#6328=ORIENTED_EDGE('',*,*,#8423,.T.);
#6329=ORIENTED_EDGE('',*,*,#6704,.F.);
#6330=ORIENTED_EDGE('',*,*,#8423,.F.);
#6331=ORIENTED_EDGE('',*,*,#7346,.T.);
#6332=ORIENTED_EDGE('',*,*,#8424,.T.);
#6333=ORIENTED_EDGE('',*,*,#6705,.F.);
#6334=ORIENTED_EDGE('',*,*,#8424,.F.);
#6335=ORIENTED_EDGE('',*,*,#7345,.T.);
#6336=ORIENTED_EDGE('',*,*,#8425,.T.);
#6337=ORIENTED_EDGE('',*,*,#6706,.F.);
#6338=ORIENTED_EDGE('',*,*,#8425,.F.);
#6339=ORIENTED_EDGE('',*,*,#7344,.T.);
#6340=ORIENTED_EDGE('',*,*,#8426,.T.);
#6341=ORIENTED_EDGE('',*,*,#6707,.F.);
#6342=ORIENTED_EDGE('',*,*,#8426,.F.);
#6343=ORIENTED_EDGE('',*,*,#7343,.T.);
#6344=ORIENTED_EDGE('',*,*,#8427,.T.);
#6345=ORIENTED_EDGE('',*,*,#6708,.F.);
#6346=ORIENTED_EDGE('',*,*,#8427,.F.);
#6347=ORIENTED_EDGE('',*,*,#7342,.T.);
#6348=ORIENTED_EDGE('',*,*,#8428,.T.);
#6349=ORIENTED_EDGE('',*,*,#6701,.F.);
#6350=ORIENTED_EDGE('',*,*,#8428,.F.);
#6351=ORIENTED_EDGE('',*,*,#7341,.T.);
#6352=ORIENTED_EDGE('',*,*,#8077,.T.);
#6353=ORIENTED_EDGE('',*,*,#6695,.F.);
#6354=ORIENTED_EDGE('',*,*,#8080,.F.);
#6355=ORIENTED_EDGE('',*,*,#7339,.T.);
#6356=ORIENTED_EDGE('',*,*,#8429,.T.);
#6357=ORIENTED_EDGE('',*,*,#6696,.F.);
#6358=ORIENTED_EDGE('',*,*,#8429,.F.);
#6359=ORIENTED_EDGE('',*,*,#7338,.T.);
#6360=ORIENTED_EDGE('',*,*,#8430,.T.);
#6361=ORIENTED_EDGE('',*,*,#6697,.F.);
#6362=ORIENTED_EDGE('',*,*,#8430,.F.);
#6363=ORIENTED_EDGE('',*,*,#7337,.T.);
#6364=ORIENTED_EDGE('',*,*,#8431,.T.);
#6365=ORIENTED_EDGE('',*,*,#6698,.F.);
#6366=ORIENTED_EDGE('',*,*,#8431,.F.);
#6367=ORIENTED_EDGE('',*,*,#7336,.T.);
#6368=ORIENTED_EDGE('',*,*,#8432,.T.);
#6369=ORIENTED_EDGE('',*,*,#6699,.F.);
#6370=ORIENTED_EDGE('',*,*,#8432,.F.);
#6371=ORIENTED_EDGE('',*,*,#7335,.T.);
#6372=ORIENTED_EDGE('',*,*,#8433,.T.);
#6373=ORIENTED_EDGE('',*,*,#6700,.F.);
#6374=ORIENTED_EDGE('',*,*,#8433,.F.);
#6375=ORIENTED_EDGE('',*,*,#7334,.T.);
#6376=ORIENTED_EDGE('',*,*,#8434,.T.);
#6377=ORIENTED_EDGE('',*,*,#6693,.F.);
#6378=ORIENTED_EDGE('',*,*,#8434,.F.);
#6379=ORIENTED_EDGE('',*,*,#7333,.T.);
#6380=ORIENTED_EDGE('',*,*,#8079,.T.);
#6381=ORIENTED_EDGE('',*,*,#6691,.F.);
#6382=ORIENTED_EDGE('',*,*,#8082,.F.);
#6383=ORIENTED_EDGE('',*,*,#7331,.T.);
#6384=ORIENTED_EDGE('',*,*,#8435,.T.);
#6385=ORIENTED_EDGE('',*,*,#6692,.F.);
#6386=ORIENTED_EDGE('',*,*,#8435,.F.);
#6387=ORIENTED_EDGE('',*,*,#7330,.T.);
#6388=ORIENTED_EDGE('',*,*,#8436,.T.);
#6389=ORIENTED_EDGE('',*,*,#6689,.F.);
#6390=ORIENTED_EDGE('',*,*,#8436,.F.);
#6391=ORIENTED_EDGE('',*,*,#7329,.T.);
#6392=ORIENTED_EDGE('',*,*,#8081,.T.);
#6393=ORIENTED_EDGE('',*,*,#6685,.F.);
#6394=ORIENTED_EDGE('',*,*,#8084,.F.);
#6395=ORIENTED_EDGE('',*,*,#7327,.T.);
#6396=ORIENTED_EDGE('',*,*,#8437,.T.);
#6397=ORIENTED_EDGE('',*,*,#6686,.F.);
#6398=ORIENTED_EDGE('',*,*,#8437,.F.);
#6399=ORIENTED_EDGE('',*,*,#7326,.T.);
#6400=ORIENTED_EDGE('',*,*,#8438,.T.);
#6401=ORIENTED_EDGE('',*,*,#6687,.F.);
#6402=ORIENTED_EDGE('',*,*,#8438,.F.);
#6403=ORIENTED_EDGE('',*,*,#7325,.T.);
#6404=ORIENTED_EDGE('',*,*,#8439,.T.);
#6405=ORIENTED_EDGE('',*,*,#6688,.F.);
#6406=ORIENTED_EDGE('',*,*,#8439,.F.);
#6407=ORIENTED_EDGE('',*,*,#7324,.T.);
#6408=ORIENTED_EDGE('',*,*,#8440,.T.);
#6409=ORIENTED_EDGE('',*,*,#6683,.F.);
#6410=ORIENTED_EDGE('',*,*,#8440,.F.);
#6411=ORIENTED_EDGE('',*,*,#7323,.T.);
#6412=ORIENTED_EDGE('',*,*,#8083,.T.);
#6413=ORIENTED_EDGE('',*,*,#6679,.F.);
#6414=ORIENTED_EDGE('',*,*,#8086,.F.);
#6415=ORIENTED_EDGE('',*,*,#7321,.T.);
#6416=ORIENTED_EDGE('',*,*,#8441,.T.);
#6417=ORIENTED_EDGE('',*,*,#6680,.F.);
#6418=ORIENTED_EDGE('',*,*,#8441,.F.);
#6419=ORIENTED_EDGE('',*,*,#7320,.T.);
#6420=ORIENTED_EDGE('',*,*,#8442,.T.);
#6421=ORIENTED_EDGE('',*,*,#6681,.F.);
#6422=ORIENTED_EDGE('',*,*,#8442,.F.);
#6423=ORIENTED_EDGE('',*,*,#7319,.T.);
#6424=ORIENTED_EDGE('',*,*,#8443,.T.);
#6425=ORIENTED_EDGE('',*,*,#6682,.F.);
#6426=ORIENTED_EDGE('',*,*,#8443,.F.);
#6427=ORIENTED_EDGE('',*,*,#7318,.T.);
#6428=ORIENTED_EDGE('',*,*,#8444,.T.);
#6429=ORIENTED_EDGE('',*,*,#6677,.F.);
#6430=ORIENTED_EDGE('',*,*,#8444,.F.);
#6431=ORIENTED_EDGE('',*,*,#7317,.T.);
#6432=ORIENTED_EDGE('',*,*,#8085,.T.);
#6433=ORIENTED_EDGE('',*,*,#6675,.F.);
#6434=ORIENTED_EDGE('',*,*,#8088,.F.);
#6435=ORIENTED_EDGE('',*,*,#7315,.T.);
#6436=ORIENTED_EDGE('',*,*,#8445,.T.);
#6437=ORIENTED_EDGE('',*,*,#6676,.F.);
#6438=ORIENTED_EDGE('',*,*,#8445,.F.);
#6439=ORIENTED_EDGE('',*,*,#7314,.T.);
#6440=ORIENTED_EDGE('',*,*,#8446,.T.);
#6441=ORIENTED_EDGE('',*,*,#6673,.F.);
#6442=ORIENTED_EDGE('',*,*,#8446,.F.);
#6443=ORIENTED_EDGE('',*,*,#7313,.T.);
#6444=ORIENTED_EDGE('',*,*,#8087,.T.);
#6445=ORIENTED_EDGE('',*,*,#6671,.F.);
#6446=ORIENTED_EDGE('',*,*,#8090,.F.);
#6447=ORIENTED_EDGE('',*,*,#7311,.T.);
#6448=ORIENTED_EDGE('',*,*,#8447,.T.);
#6449=ORIENTED_EDGE('',*,*,#6672,.F.);
#6450=ORIENTED_EDGE('',*,*,#8447,.F.);
#6451=ORIENTED_EDGE('',*,*,#7310,.T.);
#6452=ORIENTED_EDGE('',*,*,#8448,.T.);
#6453=ORIENTED_EDGE('',*,*,#6669,.F.);
#6454=ORIENTED_EDGE('',*,*,#8448,.F.);
#6455=ORIENTED_EDGE('',*,*,#7309,.T.);
#6456=ORIENTED_EDGE('',*,*,#8089,.T.);
#6457=ORIENTED_EDGE('',*,*,#6663,.F.);
#6458=ORIENTED_EDGE('',*,*,#8092,.F.);
#6459=ORIENTED_EDGE('',*,*,#7307,.T.);
#6460=ORIENTED_EDGE('',*,*,#8449,.T.);
#6461=ORIENTED_EDGE('',*,*,#6664,.F.);
#6462=ORIENTED_EDGE('',*,*,#8449,.F.);
#6463=ORIENTED_EDGE('',*,*,#7306,.T.);
#6464=ORIENTED_EDGE('',*,*,#8450,.T.);
#6465=ORIENTED_EDGE('',*,*,#6665,.F.);
#6466=ORIENTED_EDGE('',*,*,#8450,.F.);
#6467=ORIENTED_EDGE('',*,*,#7305,.T.);
#6468=ORIENTED_EDGE('',*,*,#8451,.T.);
#6469=ORIENTED_EDGE('',*,*,#6666,.F.);
#6470=ORIENTED_EDGE('',*,*,#8451,.F.);
#6471=ORIENTED_EDGE('',*,*,#7304,.T.);
#6472=ORIENTED_EDGE('',*,*,#8452,.T.);
#6473=ORIENTED_EDGE('',*,*,#6667,.F.);
#6474=ORIENTED_EDGE('',*,*,#8452,.F.);
#6475=ORIENTED_EDGE('',*,*,#7303,.T.);
#6476=ORIENTED_EDGE('',*,*,#8453,.T.);
#6477=ORIENTED_EDGE('',*,*,#6668,.F.);
#6478=ORIENTED_EDGE('',*,*,#8453,.F.);
#6479=ORIENTED_EDGE('',*,*,#7302,.T.);
#6480=ORIENTED_EDGE('',*,*,#8454,.T.);
#6481=ORIENTED_EDGE('',*,*,#6661,.F.);
#6482=ORIENTED_EDGE('',*,*,#8454,.F.);
#6483=ORIENTED_EDGE('',*,*,#7301,.T.);
#6484=ORIENTED_EDGE('',*,*,#8091,.T.);
#6485=ORIENTED_EDGE('',*,*,#6653,.F.);
#6486=ORIENTED_EDGE('',*,*,#8094,.F.);
#6487=ORIENTED_EDGE('',*,*,#7299,.T.);
#6488=ORIENTED_EDGE('',*,*,#8455,.T.);
#6489=ORIENTED_EDGE('',*,*,#6654,.F.);
#6490=ORIENTED_EDGE('',*,*,#8455,.F.);
#6491=ORIENTED_EDGE('',*,*,#7298,.T.);
#6492=ORIENTED_EDGE('',*,*,#8456,.T.);
#6493=ORIENTED_EDGE('',*,*,#6655,.F.);
#6494=ORIENTED_EDGE('',*,*,#8456,.F.);
#6495=ORIENTED_EDGE('',*,*,#7297,.T.);
#6496=ORIENTED_EDGE('',*,*,#8457,.T.);
#6497=ORIENTED_EDGE('',*,*,#6656,.F.);
#6498=ORIENTED_EDGE('',*,*,#8457,.F.);
#6499=ORIENTED_EDGE('',*,*,#7296,.T.);
#6500=ORIENTED_EDGE('',*,*,#8458,.T.);
#6501=ORIENTED_EDGE('',*,*,#6657,.F.);
#6502=ORIENTED_EDGE('',*,*,#8458,.F.);
#6503=ORIENTED_EDGE('',*,*,#7295,.T.);
#6504=ORIENTED_EDGE('',*,*,#8459,.T.);
#6505=ORIENTED_EDGE('',*,*,#6658,.F.);
#6506=ORIENTED_EDGE('',*,*,#8459,.F.);
#6507=ORIENTED_EDGE('',*,*,#7294,.T.);
#6508=ORIENTED_EDGE('',*,*,#8460,.T.);
#6509=ORIENTED_EDGE('',*,*,#6659,.F.);
#6510=ORIENTED_EDGE('',*,*,#8460,.F.);
#6511=ORIENTED_EDGE('',*,*,#7293,.T.);
#6512=ORIENTED_EDGE('',*,*,#8461,.T.);
#6513=ORIENTED_EDGE('',*,*,#6660,.F.);
#6514=ORIENTED_EDGE('',*,*,#8461,.F.);
#6515=ORIENTED_EDGE('',*,*,#7292,.T.);
#6516=ORIENTED_EDGE('',*,*,#8462,.T.);
#6517=ORIENTED_EDGE('',*,*,#6651,.F.);
#6518=ORIENTED_EDGE('',*,*,#8462,.F.);
#6519=ORIENTED_EDGE('',*,*,#7291,.T.);
#6520=ORIENTED_EDGE('',*,*,#8093,.T.);
#6521=ORIENTED_EDGE('',*,*,#6647,.F.);
#6522=ORIENTED_EDGE('',*,*,#8096,.F.);
#6523=ORIENTED_EDGE('',*,*,#7289,.T.);
#6524=ORIENTED_EDGE('',*,*,#8463,.T.);
#6525=ORIENTED_EDGE('',*,*,#6648,.F.);
#6526=ORIENTED_EDGE('',*,*,#8463,.F.);
#6527=ORIENTED_EDGE('',*,*,#7288,.T.);
#6528=ORIENTED_EDGE('',*,*,#8464,.T.);
#6529=ORIENTED_EDGE('',*,*,#6649,.F.);
#6530=ORIENTED_EDGE('',*,*,#8464,.F.);
#6531=ORIENTED_EDGE('',*,*,#7287,.T.);
#6532=ORIENTED_EDGE('',*,*,#8465,.T.);
#6533=ORIENTED_EDGE('',*,*,#6650,.F.);
#6534=ORIENTED_EDGE('',*,*,#8465,.F.);
#6535=ORIENTED_EDGE('',*,*,#7286,.T.);
#6536=ORIENTED_EDGE('',*,*,#8466,.T.);
#6537=ORIENTED_EDGE('',*,*,#6645,.F.);
#6538=ORIENTED_EDGE('',*,*,#8466,.F.);
#6539=ORIENTED_EDGE('',*,*,#7285,.T.);
#6540=ORIENTED_EDGE('',*,*,#8095,.T.);
#6541=ORIENTED_EDGE('',*,*,#6639,.F.);
#6542=ORIENTED_EDGE('',*,*,#8098,.F.);
#6543=ORIENTED_EDGE('',*,*,#7283,.T.);
#6544=ORIENTED_EDGE('',*,*,#8467,.T.);
#6545=ORIENTED_EDGE('',*,*,#6640,.F.);
#6546=ORIENTED_EDGE('',*,*,#8467,.F.);
#6547=ORIENTED_EDGE('',*,*,#7282,.T.);
#6548=ORIENTED_EDGE('',*,*,#8468,.T.);
#6549=ORIENTED_EDGE('',*,*,#6641,.F.);
#6550=ORIENTED_EDGE('',*,*,#8468,.F.);
#6551=ORIENTED_EDGE('',*,*,#7281,.T.);
#6552=ORIENTED_EDGE('',*,*,#8469,.T.);
#6553=ORIENTED_EDGE('',*,*,#6642,.F.);
#6554=ORIENTED_EDGE('',*,*,#8469,.F.);
#6555=ORIENTED_EDGE('',*,*,#7280,.T.);
#6556=ORIENTED_EDGE('',*,*,#8470,.T.);
#6557=ORIENTED_EDGE('',*,*,#6643,.F.);
#6558=ORIENTED_EDGE('',*,*,#8470,.F.);
#6559=ORIENTED_EDGE('',*,*,#7279,.T.);
#6560=ORIENTED_EDGE('',*,*,#8471,.T.);
#6561=ORIENTED_EDGE('',*,*,#6644,.F.);
#6562=ORIENTED_EDGE('',*,*,#8471,.F.);
#6563=ORIENTED_EDGE('',*,*,#7278,.T.);
#6564=ORIENTED_EDGE('',*,*,#8472,.T.);
#6565=ORIENTED_EDGE('',*,*,#6637,.F.);
#6566=ORIENTED_EDGE('',*,*,#8472,.F.);
#6567=ORIENTED_EDGE('',*,*,#7277,.T.);
#6568=ORIENTED_EDGE('',*,*,#8097,.T.);
#6569=ORIENTED_EDGE('',*,*,#6635,.F.);
#6570=ORIENTED_EDGE('',*,*,#8100,.F.);
#6571=ORIENTED_EDGE('',*,*,#7275,.T.);
#6572=ORIENTED_EDGE('',*,*,#8473,.T.);
#6573=ORIENTED_EDGE('',*,*,#6636,.F.);
#6574=ORIENTED_EDGE('',*,*,#8473,.F.);
#6575=ORIENTED_EDGE('',*,*,#7274,.T.);
#6576=ORIENTED_EDGE('',*,*,#8474,.T.);
#6577=ORIENTED_EDGE('',*,*,#6633,.F.);
#6578=ORIENTED_EDGE('',*,*,#8474,.F.);
#6579=ORIENTED_EDGE('',*,*,#7273,.T.);
#6580=ORIENTED_EDGE('',*,*,#8099,.T.);
#6581=ORIENTED_EDGE('',*,*,#6631,.F.);
#6582=ORIENTED_EDGE('',*,*,#8102,.F.);
#6583=ORIENTED_EDGE('',*,*,#7271,.T.);
#6584=ORIENTED_EDGE('',*,*,#8475,.T.);
#6585=ORIENTED_EDGE('',*,*,#6632,.F.);
#6586=ORIENTED_EDGE('',*,*,#8475,.F.);
#6587=ORIENTED_EDGE('',*,*,#7270,.T.);
#6588=ORIENTED_EDGE('',*,*,#8476,.T.);
#6589=ORIENTED_EDGE('',*,*,#6629,.F.);
#6590=ORIENTED_EDGE('',*,*,#8476,.F.);
#6591=ORIENTED_EDGE('',*,*,#7269,.T.);
#6592=ORIENTED_EDGE('',*,*,#8101,.T.);
#6593=EDGE_CURVE('',#8477,#8477,#9757,.T.);
#6594=EDGE_CURVE('',#8478,#8478,#9758,.T.);
#6595=EDGE_CURVE('',#8479,#8479,#9759,.T.);
#6596=EDGE_CURVE('',#8480,#8480,#9760,.T.);
#6597=EDGE_CURVE('',#8481,#8481,#9761,.T.);
#6598=EDGE_CURVE('',#8482,#8482,#9762,.T.);
#6599=EDGE_CURVE('',#8483,#8483,#9763,.T.);
#6600=EDGE_CURVE('',#8484,#8484,#9764,.T.);
#6601=EDGE_CURVE('',#8485,#8485,#9765,.T.);
#6602=EDGE_CURVE('',#8486,#8486,#9766,.T.);
#6603=EDGE_CURVE('',#8487,#8487,#9767,.T.);
#6604=EDGE_CURVE('',#8488,#8488,#9768,.T.);
#6605=EDGE_CURVE('',#8489,#8489,#9769,.T.);
#6606=EDGE_CURVE('',#8490,#8490,#9770,.T.);
#6607=EDGE_CURVE('',#8491,#8491,#9771,.T.);
#6608=EDGE_CURVE('',#8492,#8492,#9772,.T.);
#6609=EDGE_CURVE('',#8493,#8493,#9773,.T.);
#6610=EDGE_CURVE('',#8494,#8494,#9774,.T.);
#6611=EDGE_CURVE('',#8495,#8495,#9775,.T.);
#6612=EDGE_CURVE('',#8496,#8496,#9776,.T.);
#6613=EDGE_CURVE('',#8497,#8497,#9777,.T.);
#6614=EDGE_CURVE('',#8498,#8498,#9778,.T.);
#6615=EDGE_CURVE('',#8499,#8499,#9779,.T.);
#6616=EDGE_CURVE('',#8500,#8500,#9780,.T.);
#6617=EDGE_CURVE('',#8501,#8501,#9781,.T.);
#6618=EDGE_CURVE('',#8502,#8502,#9782,.T.);
#6619=EDGE_CURVE('',#8503,#8503,#9783,.T.);
#6620=EDGE_CURVE('',#8504,#8504,#9784,.T.);
#6621=EDGE_CURVE('',#8505,#8505,#9785,.T.);
#6622=EDGE_CURVE('',#8506,#8506,#9786,.T.);
#6623=EDGE_CURVE('',#8507,#8507,#9787,.T.);
#6624=EDGE_CURVE('',#8508,#8508,#9788,.T.);
#6625=EDGE_CURVE('',#8509,#8509,#9789,.T.);
#6626=EDGE_CURVE('',#8510,#8510,#9790,.T.);
#6627=EDGE_CURVE('',#8511,#8511,#9791,.T.);
#6628=EDGE_CURVE('',#8512,#8512,#9792,.T.);
#6629=EDGE_CURVE('',#8513,#8514,#341,.T.);
#6630=EDGE_CURVE('',#8514,#8515,#9793,.T.);
#6631=EDGE_CURVE('',#8515,#8516,#342,.T.);
#6632=EDGE_CURVE('',#8516,#8513,#9794,.T.);
#6633=EDGE_CURVE('',#8517,#8518,#343,.T.);
#6634=EDGE_CURVE('',#8518,#8519,#9795,.T.);
#6635=EDGE_CURVE('',#8519,#8520,#344,.T.);
#6636=EDGE_CURVE('',#8520,#8517,#9796,.T.);
#6637=EDGE_CURVE('',#8521,#8522,#345,.T.);
#6638=EDGE_CURVE('',#8522,#8523,#9797,.T.);
#6639=EDGE_CURVE('',#8523,#8524,#346,.T.);
#6640=EDGE_CURVE('',#8524,#8525,#9798,.T.);
#6641=EDGE_CURVE('',#8525,#8526,#347,.T.);
#6642=EDGE_CURVE('',#8526,#8527,#9799,.T.);
#6643=EDGE_CURVE('',#8527,#8528,#348,.T.);
#6644=EDGE_CURVE('',#8528,#8521,#9800,.T.);
#6645=EDGE_CURVE('',#8529,#8530,#349,.T.);
#6646=EDGE_CURVE('',#8530,#8531,#9801,.T.);
#6647=EDGE_CURVE('',#8531,#8532,#350,.T.);
#6648=EDGE_CURVE('',#8532,#8533,#351,.T.);
#6649=EDGE_CURVE('',#8533,#8534,#9802,.T.);
#6650=EDGE_CURVE('',#8534,#8529,#352,.T.);
#6651=EDGE_CURVE('',#8535,#8536,#353,.T.);
#6652=EDGE_CURVE('',#8536,#8537,#354,.T.);
#6653=EDGE_CURVE('',#8537,#8538,#9803,.T.);
#6654=EDGE_CURVE('',#8538,#8539,#355,.T.);
#6655=EDGE_CURVE('',#8539,#8540,#356,.T.);
#6656=EDGE_CURVE('',#8540,#8541,#9804,.T.);
#6657=EDGE_CURVE('',#8541,#8542,#357,.T.);
#6658=EDGE_CURVE('',#8542,#8543,#358,.T.);
#6659=EDGE_CURVE('',#8543,#8544,#359,.T.);
#6660=EDGE_CURVE('',#8544,#8535,#9805,.T.);
#6661=EDGE_CURVE('',#8545,#8546,#360,.T.);
#6662=EDGE_CURVE('',#8546,#8547,#9806,.T.);
#6663=EDGE_CURVE('',#8547,#8548,#361,.T.);
#6664=EDGE_CURVE('',#8548,#8549,#9807,.T.);
#6665=EDGE_CURVE('',#8549,#8550,#362,.T.);
#6666=EDGE_CURVE('',#8550,#8551,#9808,.T.);
#6667=EDGE_CURVE('',#8551,#8552,#363,.T.);
#6668=EDGE_CURVE('',#8552,#8545,#9809,.T.);
#6669=EDGE_CURVE('',#8553,#8554,#9810,.T.);
#6670=EDGE_CURVE('',#8554,#8555,#364,.T.);
#6671=EDGE_CURVE('',#8555,#8556,#9811,.T.);
#6672=EDGE_CURVE('',#8556,#8553,#365,.T.);
#6673=EDGE_CURVE('',#8557,#8558,#9812,.T.);
#6674=EDGE_CURVE('',#8558,#8559,#366,.T.);
#6675=EDGE_CURVE('',#8559,#8560,#9813,.T.);
#6676=EDGE_CURVE('',#8560,#8557,#367,.T.);
#6677=EDGE_CURVE('',#8561,#8562,#9814,.T.);
#6678=EDGE_CURVE('',#8562,#8563,#368,.T.);
#6679=EDGE_CURVE('',#8563,#8564,#369,.T.);
#6680=EDGE_CURVE('',#8564,#8565,#9815,.T.);
#6681=EDGE_CURVE('',#8565,#8566,#370,.T.);
#6682=EDGE_CURVE('',#8566,#8561,#371,.T.);
#6683=EDGE_CURVE('',#8567,#8568,#9816,.T.);
#6684=EDGE_CURVE('',#8568,#8569,#372,.T.);
#6685=EDGE_CURVE('',#8569,#8570,#373,.T.);
#6686=EDGE_CURVE('',#8570,#8571,#9817,.T.);
#6687=EDGE_CURVE('',#8571,#8572,#374,.T.);
#6688=EDGE_CURVE('',#8572,#8567,#375,.T.);
#6689=EDGE_CURVE('',#8573,#8574,#376,.T.);
#6690=EDGE_CURVE('',#8574,#8575,#9818,.T.);
#6691=EDGE_CURVE('',#8575,#8576,#377,.T.);
#6692=EDGE_CURVE('',#8576,#8573,#9819,.T.);
#6693=EDGE_CURVE('',#8577,#8578,#9820,.T.);
#6694=EDGE_CURVE('',#8578,#8579,#378,.T.);
#6695=EDGE_CURVE('',#8579,#8580,#9821,.T.);
#6696=EDGE_CURVE('',#8580,#8581,#379,.T.);
#6697=EDGE_CURVE('',#8581,#8582,#9822,.T.);
#6698=EDGE_CURVE('',#8582,#8583,#380,.T.);
#6699=EDGE_CURVE('',#8583,#8584,#9823,.T.);
#6700=EDGE_CURVE('',#8584,#8577,#381,.T.);
#6701=EDGE_CURVE('',#8585,#8586,#9824,.T.);
#6702=EDGE_CURVE('',#8586,#8587,#382,.T.);
#6703=EDGE_CURVE('',#8587,#8588,#9825,.T.);
#6704=EDGE_CURVE('',#8588,#8589,#383,.T.);
#6705=EDGE_CURVE('',#8589,#8590,#9826,.T.);
#6706=EDGE_CURVE('',#8590,#8591,#384,.T.);
#6707=EDGE_CURVE('',#8591,#8592,#9827,.T.);
#6708=EDGE_CURVE('',#8592,#8585,#385,.T.);
#6709=EDGE_CURVE('',#8593,#8594,#386,.T.);
#6710=EDGE_CURVE('',#8594,#8595,#9828,.T.);
#6711=EDGE_CURVE('',#8595,#8596,#387,.T.);
#6712=EDGE_CURVE('',#8596,#8593,#9829,.T.);
#6713=EDGE_CURVE('',#8597,#8598,#388,.T.);
#6714=EDGE_CURVE('',#8598,#8599,#9830,.T.);
#6715=EDGE_CURVE('',#8599,#8600,#389,.T.);
#6716=EDGE_CURVE('',#8600,#8597,#9831,.T.);
#6717=EDGE_CURVE('',#8601,#8602,#9832,.T.);
#6718=EDGE_CURVE('',#8602,#8603,#390,.T.);
#6719=EDGE_CURVE('',#8603,#8604,#9833,.T.);
#6720=EDGE_CURVE('',#8604,#8601,#391,.T.);
#6721=EDGE_CURVE('',#8605,#8606,#9834,.T.);
#6722=EDGE_CURVE('',#8606,#8607,#392,.T.);
#6723=EDGE_CURVE('',#8607,#8608,#9835,.T.);
#6724=EDGE_CURVE('',#8608,#8605,#393,.T.);
#6725=EDGE_CURVE('',#8609,#8610,#394,.T.);
#6726=EDGE_CURVE('',#8610,#8611,#9836,.T.);
#6727=EDGE_CURVE('',#8611,#8612,#395,.T.);
#6728=EDGE_CURVE('',#8612,#8613,#9837,.T.);
#6729=EDGE_CURVE('',#8613,#8614,#396,.T.);
#6730=EDGE_CURVE('',#8614,#8615,#9838,.T.);
#6731=EDGE_CURVE('',#8615,#8616,#397,.T.);
#6732=EDGE_CURVE('',#8616,#8609,#9839,.T.);
#6733=EDGE_CURVE('',#8617,#8618,#398,.T.);
#6734=EDGE_CURVE('',#8618,#8619,#9840,.T.);
#6735=EDGE_CURVE('',#8619,#8620,#399,.T.);
#6736=EDGE_CURVE('',#8620,#8621,#9841,.T.);
#6737=EDGE_CURVE('',#8621,#8622,#400,.T.);
#6738=EDGE_CURVE('',#8622,#8623,#9842,.T.);
#6739=EDGE_CURVE('',#8623,#8624,#401,.T.);
#6740=EDGE_CURVE('',#8624,#8617,#9843,.T.);
#6741=EDGE_CURVE('',#8625,#8626,#402,.T.);
#6742=EDGE_CURVE('',#8626,#8627,#9844,.T.);
#6743=EDGE_CURVE('',#8627,#8628,#403,.T.);
#6744=EDGE_CURVE('',#8628,#8625,#9845,.T.);
#6745=EDGE_CURVE('',#8629,#8630,#404,.T.);
#6746=EDGE_CURVE('',#8630,#8631,#9846,.T.);
#6747=EDGE_CURVE('',#8631,#8632,#405,.T.);
#6748=EDGE_CURVE('',#8632,#8629,#9847,.T.);
#6749=EDGE_CURVE('',#8633,#8634,#406,.T.);
#6750=EDGE_CURVE('',#8634,#8635,#9848,.T.);
#6751=EDGE_CURVE('',#8635,#8636,#407,.T.);
#6752=EDGE_CURVE('',#8636,#8633,#9849,.T.);
#6753=EDGE_CURVE('',#8637,#8638,#408,.T.);
#6754=EDGE_CURVE('',#8638,#8639,#9850,.T.);
#6755=EDGE_CURVE('',#8639,#8640,#409,.T.);
#6756=EDGE_CURVE('',#8640,#8637,#9851,.T.);
#6757=EDGE_CURVE('',#8641,#8642,#9852,.T.);
#6758=EDGE_CURVE('',#8642,#8643,#410,.T.);
#6759=EDGE_CURVE('',#8643,#8644,#9853,.T.);
#6760=EDGE_CURVE('',#8644,#8641,#411,.T.);
#6761=EDGE_CURVE('',#8645,#8646,#9854,.T.);
#6762=EDGE_CURVE('',#8646,#8647,#412,.T.);
#6763=EDGE_CURVE('',#8647,#8648,#9855,.T.);
#6764=EDGE_CURVE('',#8648,#8645,#413,.T.);
#6765=EDGE_CURVE('',#8649,#8650,#9856,.T.);
#6766=EDGE_CURVE('',#8650,#8651,#414,.T.);
#6767=EDGE_CURVE('',#8651,#8652,#9857,.T.);
#6768=EDGE_CURVE('',#8652,#8653,#415,.T.);
#6769=EDGE_CURVE('',#8653,#8654,#9858,.T.);
#6770=EDGE_CURVE('',#8654,#8655,#416,.T.);
#6771=EDGE_CURVE('',#8655,#8656,#9859,.T.);
#6772=EDGE_CURVE('',#8656,#8649,#417,.T.);
#6773=EDGE_CURVE('',#8657,#8658,#9860,.T.);
#6774=EDGE_CURVE('',#8658,#8659,#418,.T.);
#6775=EDGE_CURVE('',#8659,#8660,#9861,.T.);
#6776=EDGE_CURVE('',#8660,#8661,#419,.T.);
#6777=EDGE_CURVE('',#8661,#8662,#9862,.T.);
#6778=EDGE_CURVE('',#8662,#8663,#420,.T.);
#6779=EDGE_CURVE('',#8663,#8664,#9863,.T.);
#6780=EDGE_CURVE('',#8664,#8657,#421,.T.);
#6781=EDGE_CURVE('',#8665,#8666,#422,.T.);
#6782=EDGE_CURVE('',#8666,#8667,#9864,.T.);
#6783=EDGE_CURVE('',#8667,#8668,#423,.T.);
#6784=EDGE_CURVE('',#8668,#8665,#9865,.T.);
#6785=EDGE_CURVE('',#8669,#8670,#424,.T.);
#6786=EDGE_CURVE('',#8670,#8671,#9866,.T.);
#6787=EDGE_CURVE('',#8671,#8672,#425,.T.);
#6788=EDGE_CURVE('',#8672,#8669,#9867,.T.);
#6789=EDGE_CURVE('',#8673,#8674,#426,.T.);
#6790=EDGE_CURVE('',#8674,#8675,#9868,.T.);
#6791=EDGE_CURVE('',#8675,#8676,#427,.T.);
#6792=EDGE_CURVE('',#8676,#8673,#9869,.T.);
#6793=EDGE_CURVE('',#8677,#8678,#428,.T.);
#6794=EDGE_CURVE('',#8678,#8679,#9870,.T.);
#6795=EDGE_CURVE('',#8679,#8680,#429,.T.);
#6796=EDGE_CURVE('',#8680,#8677,#9871,.T.);
#6797=EDGE_CURVE('',#8681,#8682,#430,.T.);
#6798=EDGE_CURVE('',#8682,#8683,#431,.T.);
#6799=EDGE_CURVE('',#8683,#8684,#9872,.T.);
#6800=EDGE_CURVE('',#8684,#8685,#432,.T.);
#6801=EDGE_CURVE('',#8685,#8686,#433,.T.);
#6802=EDGE_CURVE('',#8686,#8681,#9873,.T.);
#6803=EDGE_CURVE('',#8687,#8688,#434,.T.);
#6804=EDGE_CURVE('',#8688,#8689,#9874,.T.);
#6805=EDGE_CURVE('',#8689,#8690,#435,.T.);
#6806=EDGE_CURVE('',#8690,#8691,#436,.T.);
#6807=EDGE_CURVE('',#8691,#8692,#9875,.T.);
#6808=EDGE_CURVE('',#8692,#8687,#437,.T.);
#6809=EDGE_CURVE('',#8693,#8694,#9876,.T.);
#6810=EDGE_CURVE('',#8694,#8695,#438,.T.);
#6811=EDGE_CURVE('',#8695,#8696,#439,.T.);
#6812=EDGE_CURVE('',#8696,#8697,#9877,.T.);
#6813=EDGE_CURVE('',#8697,#8698,#440,.T.);
#6814=EDGE_CURVE('',#8698,#8693,#441,.T.);
#6815=EDGE_CURVE('',#8699,#8700,#9878,.T.);
#6816=EDGE_CURVE('',#8700,#8701,#442,.T.);
#6817=EDGE_CURVE('',#8701,#8702,#443,.T.);
#6818=EDGE_CURVE('',#8702,#8703,#9879,.T.);
#6819=EDGE_CURVE('',#8703,#8704,#444,.T.);
#6820=EDGE_CURVE('',#8704,#8699,#445,.T.);
#6821=EDGE_CURVE('',#8705,#8706,#446,.T.);
#6822=EDGE_CURVE('',#8706,#8707,#9880,.T.);
#6823=EDGE_CURVE('',#8707,#8708,#447,.T.);
#6824=EDGE_CURVE('',#8708,#8705,#9881,.T.);
#6825=EDGE_CURVE('',#8709,#8710,#448,.T.);
#6826=EDGE_CURVE('',#8710,#8711,#9882,.T.);
#6827=EDGE_CURVE('',#8711,#8712,#449,.T.);
#6828=EDGE_CURVE('',#8712,#8709,#9883,.T.);
#6829=EDGE_CURVE('',#8713,#8714,#450,.T.);
#6830=EDGE_CURVE('',#8714,#8715,#9884,.T.);
#6831=EDGE_CURVE('',#8715,#8716,#451,.T.);
#6832=EDGE_CURVE('',#8716,#8713,#9885,.T.);
#6833=EDGE_CURVE('',#8717,#8718,#452,.T.);
#6834=EDGE_CURVE('',#8718,#8719,#9886,.T.);
#6835=EDGE_CURVE('',#8719,#8720,#453,.T.);
#6836=EDGE_CURVE('',#8720,#8717,#9887,.T.);
#6837=EDGE_CURVE('',#8721,#8722,#9888,.T.);
#6838=EDGE_CURVE('',#8722,#8723,#454,.T.);
#6839=EDGE_CURVE('',#8723,#8724,#9889,.T.);
#6840=EDGE_CURVE('',#8724,#8721,#455,.T.);
#6841=EDGE_CURVE('',#8725,#8726,#9890,.T.);
#6842=EDGE_CURVE('',#8726,#8727,#456,.T.);
#6843=EDGE_CURVE('',#8727,#8728,#9891,.T.);
#6844=EDGE_CURVE('',#8728,#8725,#457,.T.);
#6845=EDGE_CURVE('',#8729,#8730,#458,.T.);
#6846=EDGE_CURVE('',#8730,#8731,#9892,.T.);
#6847=EDGE_CURVE('',#8731,#8732,#459,.T.);
#6848=EDGE_CURVE('',#8732,#8733,#9893,.T.);
#6849=EDGE_CURVE('',#8733,#8734,#460,.T.);
#6850=EDGE_CURVE('',#8734,#8735,#9894,.T.);
#6851=EDGE_CURVE('',#8735,#8736,#461,.T.);
#6852=EDGE_CURVE('',#8736,#8729,#9895,.T.);
#6853=EDGE_CURVE('',#8737,#8738,#462,.T.);
#6854=EDGE_CURVE('',#8738,#8739,#9896,.T.);
#6855=EDGE_CURVE('',#8739,#8740,#463,.T.);
#6856=EDGE_CURVE('',#8740,#8741,#9897,.T.);
#6857=EDGE_CURVE('',#8741,#8742,#464,.T.);
#6858=EDGE_CURVE('',#8742,#8743,#9898,.T.);
#6859=EDGE_CURVE('',#8743,#8744,#465,.T.);
#6860=EDGE_CURVE('',#8744,#8737,#9899,.T.);
#6861=EDGE_CURVE('',#8745,#8746,#9900,.T.);
#6862=EDGE_CURVE('',#8746,#8747,#466,.T.);
#6863=EDGE_CURVE('',#8747,#8748,#9901,.T.);
#6864=EDGE_CURVE('',#8748,#8745,#467,.T.);
#6865=EDGE_CURVE('',#8749,#8750,#9902,.T.);
#6866=EDGE_CURVE('',#8750,#8751,#468,.T.);
#6867=EDGE_CURVE('',#8751,#8752,#9903,.T.);
#6868=EDGE_CURVE('',#8752,#8749,#469,.T.);
#6869=EDGE_CURVE('',#8753,#8754,#9904,.T.);
#6870=EDGE_CURVE('',#8754,#8755,#470,.T.);
#6871=EDGE_CURVE('',#8755,#8756,#9905,.T.);
#6872=EDGE_CURVE('',#8756,#8753,#471,.T.);
#6873=EDGE_CURVE('',#8757,#8758,#9906,.T.);
#6874=EDGE_CURVE('',#8758,#8759,#472,.T.);
#6875=EDGE_CURVE('',#8759,#8760,#9907,.T.);
#6876=EDGE_CURVE('',#8760,#8757,#473,.T.);
#6877=EDGE_CURVE('',#8761,#8762,#9908,.T.);
#6878=EDGE_CURVE('',#8762,#8763,#474,.T.);
#6879=EDGE_CURVE('',#8763,#8764,#9909,.T.);
#6880=EDGE_CURVE('',#8764,#8761,#475,.T.);
#6881=EDGE_CURVE('',#8765,#8766,#9910,.T.);
#6882=EDGE_CURVE('',#8766,#8767,#476,.T.);
#6883=EDGE_CURVE('',#8767,#8768,#9911,.T.);
#6884=EDGE_CURVE('',#8768,#8765,#477,.T.);
#6885=EDGE_CURVE('',#8769,#8770,#9912,.T.);
#6886=EDGE_CURVE('',#8770,#8771,#478,.T.);
#6887=EDGE_CURVE('',#8771,#8772,#9913,.T.);
#6888=EDGE_CURVE('',#8772,#8769,#479,.T.);
#6889=EDGE_CURVE('',#8773,#8774,#9914,.T.);
#6890=EDGE_CURVE('',#8774,#8775,#480,.T.);
#6891=EDGE_CURVE('',#8775,#8776,#9915,.T.);
#6892=EDGE_CURVE('',#8776,#8773,#481,.T.);
#6893=EDGE_CURVE('',#8777,#8778,#9916,.T.);
#6894=EDGE_CURVE('',#8778,#8779,#482,.T.);
#6895=EDGE_CURVE('',#8779,#8780,#9917,.T.);
#6896=EDGE_CURVE('',#8780,#8777,#483,.T.);
#6897=EDGE_CURVE('',#8781,#8782,#9918,.T.);
#6898=EDGE_CURVE('',#8782,#8783,#484,.T.);
#6899=EDGE_CURVE('',#8783,#8784,#9919,.T.);
#6900=EDGE_CURVE('',#8784,#8781,#485,.T.);
#6901=EDGE_CURVE('',#8785,#8786,#9920,.T.);
#6902=EDGE_CURVE('',#8786,#8787,#486,.T.);
#6903=EDGE_CURVE('',#8787,#8788,#9921,.T.);
#6904=EDGE_CURVE('',#8788,#8789,#487,.T.);
#6905=EDGE_CURVE('',#8789,#8790,#9922,.T.);
#6906=EDGE_CURVE('',#8790,#8791,#488,.T.);
#6907=EDGE_CURVE('',#8791,#8792,#9923,.T.);
#6908=EDGE_CURVE('',#8792,#8785,#489,.T.);
#6909=EDGE_CURVE('',#8793,#8794,#9924,.T.);
#6910=EDGE_CURVE('',#8794,#8795,#490,.T.);
#6911=EDGE_CURVE('',#8795,#8796,#9925,.T.);
#6912=EDGE_CURVE('',#8796,#8797,#491,.T.);
#6913=EDGE_CURVE('',#8797,#8798,#9926,.T.);
#6914=EDGE_CURVE('',#8798,#8799,#492,.T.);
#6915=EDGE_CURVE('',#8799,#8800,#9927,.T.);
#6916=EDGE_CURVE('',#8800,#8793,#493,.T.);
#6917=EDGE_CURVE('',#8801,#8802,#9928,.T.);
#6918=EDGE_CURVE('',#8802,#8803,#494,.T.);
#6919=EDGE_CURVE('',#8803,#8804,#9929,.T.);
#6920=EDGE_CURVE('',#8804,#8801,#495,.T.);
#6921=EDGE_CURVE('',#8805,#8806,#9930,.T.);
#6922=EDGE_CURVE('',#8806,#8807,#496,.T.);
#6923=EDGE_CURVE('',#8807,#8808,#9931,.T.);
#6924=EDGE_CURVE('',#8808,#8805,#497,.T.);
#6925=EDGE_CURVE('',#8809,#8810,#9932,.T.);
#6926=EDGE_CURVE('',#8810,#8811,#498,.T.);
#6927=EDGE_CURVE('',#8811,#8812,#9933,.T.);
#6928=EDGE_CURVE('',#8812,#8809,#499,.T.);
#6929=EDGE_CURVE('',#8813,#8814,#9934,.T.);
#6930=EDGE_CURVE('',#8814,#8815,#500,.T.);
#6931=EDGE_CURVE('',#8815,#8816,#9935,.T.);
#6932=EDGE_CURVE('',#8816,#8813,#501,.T.);
#6933=EDGE_CURVE('',#8817,#8818,#502,.T.);
#6934=EDGE_CURVE('',#8818,#8819,#9936,.T.);
#6935=EDGE_CURVE('',#8819,#8820,#503,.T.);
#6936=EDGE_CURVE('',#8820,#8821,#9937,.T.);
#6937=EDGE_CURVE('',#8821,#8822,#504,.T.);
#6938=EDGE_CURVE('',#8822,#8823,#9938,.T.);
#6939=EDGE_CURVE('',#8823,#8824,#505,.T.);
#6940=EDGE_CURVE('',#8824,#8817,#9939,.T.);
#6941=EDGE_CURVE('',#8825,#8826,#506,.T.);
#6942=EDGE_CURVE('',#8826,#8827,#9940,.T.);
#6943=EDGE_CURVE('',#8827,#8828,#507,.T.);
#6944=EDGE_CURVE('',#8828,#8829,#9941,.T.);
#6945=EDGE_CURVE('',#8829,#8830,#508,.T.);
#6946=EDGE_CURVE('',#8830,#8831,#9942,.T.);
#6947=EDGE_CURVE('',#8831,#8832,#509,.T.);
#6948=EDGE_CURVE('',#8832,#8825,#9943,.T.);
#6949=EDGE_CURVE('',#8833,#8834,#510,.T.);
#6950=EDGE_CURVE('',#8834,#8835,#9944,.T.);
#6951=EDGE_CURVE('',#8835,#8836,#511,.T.);
#6952=EDGE_CURVE('',#8836,#8837,#512,.T.);
#6953=EDGE_CURVE('',#8837,#8838,#9945,.T.);
#6954=EDGE_CURVE('',#8838,#8833,#513,.T.);
#6955=EDGE_CURVE('',#8839,#8840,#514,.T.);
#6956=EDGE_CURVE('',#8840,#8841,#515,.T.);
#6957=EDGE_CURVE('',#8841,#8842,#9946,.T.);
#6958=EDGE_CURVE('',#8842,#8843,#516,.T.);
#6959=EDGE_CURVE('',#8843,#8844,#517,.T.);
#6960=EDGE_CURVE('',#8844,#8839,#9947,.T.);
#6961=EDGE_CURVE('',#8845,#8846,#9948,.T.);
#6962=EDGE_CURVE('',#8846,#8847,#518,.T.);
#6963=EDGE_CURVE('',#8847,#8848,#9949,.T.);
#6964=EDGE_CURVE('',#8848,#8845,#519,.T.);
#6965=EDGE_CURVE('',#8849,#8850,#9950,.T.);
#6966=EDGE_CURVE('',#8850,#8851,#520,.T.);
#6967=EDGE_CURVE('',#8851,#8852,#9951,.T.);
#6968=EDGE_CURVE('',#8852,#8849,#521,.T.);
#6969=EDGE_CURVE('',#8853,#8854,#9952,.T.);
#6970=EDGE_CURVE('',#8854,#8855,#522,.T.);
#6971=EDGE_CURVE('',#8855,#8856,#9953,.T.);
#6972=EDGE_CURVE('',#8856,#8853,#523,.T.);
#6973=EDGE_CURVE('',#8857,#8858,#9954,.T.);
#6974=EDGE_CURVE('',#8858,#8859,#524,.T.);
#6975=EDGE_CURVE('',#8859,#8860,#9955,.T.);
#6976=EDGE_CURVE('',#8860,#8857,#525,.T.);
#6977=EDGE_CURVE('',#8861,#8862,#9956,.T.);
#6978=EDGE_CURVE('',#8862,#8863,#526,.T.);
#6979=EDGE_CURVE('',#8863,#8864,#9957,.T.);
#6980=EDGE_CURVE('',#8864,#8861,#527,.T.);
#6981=EDGE_CURVE('',#8865,#8866,#9958,.T.);
#6982=EDGE_CURVE('',#8866,#8867,#528,.T.);
#6983=EDGE_CURVE('',#8867,#8868,#529,.T.);
#6984=EDGE_CURVE('',#8868,#8869,#9959,.T.);
#6985=EDGE_CURVE('',#8869,#8870,#530,.T.);
#6986=EDGE_CURVE('',#8870,#8865,#531,.T.);
#6987=EDGE_CURVE('',#8871,#8872,#9960,.T.);
#6988=EDGE_CURVE('',#8872,#8873,#532,.T.);
#6989=EDGE_CURVE('',#8873,#8874,#533,.T.);
#6990=EDGE_CURVE('',#8874,#8875,#9961,.T.);
#6991=EDGE_CURVE('',#8875,#8876,#534,.T.);
#6992=EDGE_CURVE('',#8876,#8871,#535,.T.);
#6993=EDGE_CURVE('',#8877,#8878,#9962,.T.);
#6994=EDGE_CURVE('',#8878,#8879,#536,.T.);
#6995=EDGE_CURVE('',#8879,#8880,#9963,.T.);
#6996=EDGE_CURVE('',#8880,#8877,#537,.T.);
#6997=EDGE_CURVE('',#8881,#8882,#9964,.T.);
#6998=EDGE_CURVE('',#8882,#8883,#538,.T.);
#6999=EDGE_CURVE('',#8883,#8884,#9965,.T.);
#7000=EDGE_CURVE('',#8884,#8881,#539,.T.);
#7001=EDGE_CURVE('',#8885,#8886,#9966,.T.);
#7002=EDGE_CURVE('',#8886,#8887,#540,.T.);
#7003=EDGE_CURVE('',#8887,#8888,#9967,.T.);
#7004=EDGE_CURVE('',#8888,#8885,#541,.T.);
#7005=EDGE_CURVE('',#8889,#8890,#9968,.T.);
#7006=EDGE_CURVE('',#8890,#8891,#542,.T.);
#7007=EDGE_CURVE('',#8891,#8892,#9969,.T.);
#7008=EDGE_CURVE('',#8892,#8889,#543,.T.);
#7009=EDGE_CURVE('',#8893,#8894,#9970,.T.);
#7010=EDGE_CURVE('',#8894,#8895,#544,.T.);
#7011=EDGE_CURVE('',#8895,#8896,#9971,.T.);
#7012=EDGE_CURVE('',#8896,#8893,#545,.T.);
#7013=EDGE_CURVE('',#8897,#8898,#9972,.T.);
#7014=EDGE_CURVE('',#8898,#8899,#546,.T.);
#7015=EDGE_CURVE('',#8899,#8900,#9973,.T.);
#7016=EDGE_CURVE('',#8900,#8901,#547,.T.);
#7017=EDGE_CURVE('',#8901,#8902,#9974,.T.);
#7018=EDGE_CURVE('',#8902,#8903,#548,.T.);
#7019=EDGE_CURVE('',#8903,#8904,#9975,.T.);
#7020=EDGE_CURVE('',#8904,#8897,#549,.T.);
#7021=EDGE_CURVE('',#8905,#8906,#9976,.T.);
#7022=EDGE_CURVE('',#8906,#8907,#550,.T.);
#7023=EDGE_CURVE('',#8907,#8908,#9977,.T.);
#7024=EDGE_CURVE('',#8908,#8909,#551,.T.);
#7025=EDGE_CURVE('',#8909,#8910,#9978,.T.);
#7026=EDGE_CURVE('',#8910,#8911,#552,.T.);
#7027=EDGE_CURVE('',#8911,#8912,#9979,.T.);
#7028=EDGE_CURVE('',#8912,#8905,#553,.T.);
#7029=EDGE_CURVE('',#8913,#8914,#9980,.T.);
#7030=EDGE_CURVE('',#8914,#8915,#554,.T.);
#7031=EDGE_CURVE('',#8915,#8916,#9981,.T.);
#7032=EDGE_CURVE('',#8916,#8913,#555,.T.);
#7033=EDGE_CURVE('',#8917,#8918,#9982,.T.);
#7034=EDGE_CURVE('',#8918,#8919,#556,.T.);
#7035=EDGE_CURVE('',#8919,#8920,#9983,.T.);
#7036=EDGE_CURVE('',#8920,#8917,#557,.T.);
#7037=EDGE_CURVE('',#8921,#8922,#558,.T.);
#7038=EDGE_CURVE('',#8922,#8923,#9984,.T.);
#7039=EDGE_CURVE('',#8923,#8924,#559,.T.);
#7040=EDGE_CURVE('',#8924,#8921,#9985,.T.);
#7041=EDGE_CURVE('',#8925,#8926,#560,.T.);
#7042=EDGE_CURVE('',#8926,#8927,#9986,.T.);
#7043=EDGE_CURVE('',#8927,#8928,#561,.T.);
#7044=EDGE_CURVE('',#8928,#8925,#9987,.T.);
#7045=EDGE_CURVE('',#8929,#8930,#562,.T.);
#7046=EDGE_CURVE('',#8930,#8931,#9988,.T.);
#7047=EDGE_CURVE('',#8931,#8932,#563,.T.);
#7048=EDGE_CURVE('',#8932,#8929,#9989,.T.);
#7049=EDGE_CURVE('',#8933,#8934,#564,.T.);
#7050=EDGE_CURVE('',#8934,#8935,#9990,.T.);
#7051=EDGE_CURVE('',#8935,#8936,#565,.T.);
#7052=EDGE_CURVE('',#8936,#8933,#9991,.T.);
#7053=EDGE_CURVE('',#8937,#8938,#566,.T.);
#7054=EDGE_CURVE('',#8938,#8939,#9992,.T.);
#7055=EDGE_CURVE('',#8939,#8940,#567,.T.);
#7056=EDGE_CURVE('',#8940,#8941,#9993,.T.);
#7057=EDGE_CURVE('',#8941,#8942,#568,.T.);
#7058=EDGE_CURVE('',#8942,#8943,#9994,.T.);
#7059=EDGE_CURVE('',#8943,#8944,#569,.T.);
#7060=EDGE_CURVE('',#8944,#8937,#9995,.T.);
#7061=EDGE_CURVE('',#8945,#8946,#570,.T.);
#7062=EDGE_CURVE('',#8946,#8947,#9996,.T.);
#7063=EDGE_CURVE('',#8947,#8948,#571,.T.);
#7064=EDGE_CURVE('',#8948,#8949,#9997,.T.);
#7065=EDGE_CURVE('',#8949,#8950,#572,.T.);
#7066=EDGE_CURVE('',#8950,#8951,#9998,.T.);
#7067=EDGE_CURVE('',#8951,#8952,#573,.T.);
#7068=EDGE_CURVE('',#8952,#8945,#9999,.T.);
#7069=EDGE_CURVE('',#8953,#8954,#10000,.T.);
#7070=EDGE_CURVE('',#8954,#8955,#574,.T.);
#7071=EDGE_CURVE('',#8955,#8956,#10001,.T.);
#7072=EDGE_CURVE('',#8956,#8953,#575,.T.);
#7073=EDGE_CURVE('',#8957,#8958,#10002,.T.);
#7074=EDGE_CURVE('',#8958,#8959,#576,.T.);
#7075=EDGE_CURVE('',#8959,#8960,#10003,.T.);
#7076=EDGE_CURVE('',#8960,#8957,#577,.T.);
#7077=EDGE_CURVE('',#8961,#8962,#578,.T.);
#7078=EDGE_CURVE('',#8962,#8963,#10004,.T.);
#7079=EDGE_CURVE('',#8963,#8964,#579,.T.);
#7080=EDGE_CURVE('',#8964,#8961,#10005,.T.);
#7081=EDGE_CURVE('',#8965,#8966,#580,.T.);
#7082=EDGE_CURVE('',#8966,#8967,#10006,.T.);
#7083=EDGE_CURVE('',#8967,#8968,#581,.T.);
#7084=EDGE_CURVE('',#8968,#8965,#10007,.T.);
#7085=EDGE_CURVE('',#8969,#8970,#582,.T.);
#7086=EDGE_CURVE('',#8970,#8971,#10008,.T.);
#7087=EDGE_CURVE('',#8971,#8972,#583,.T.);
#7088=EDGE_CURVE('',#8972,#8969,#10009,.T.);
#7089=EDGE_CURVE('',#8973,#8974,#584,.T.);
#7090=EDGE_CURVE('',#8974,#8975,#10010,.T.);
#7091=EDGE_CURVE('',#8975,#8976,#585,.T.);
#7092=EDGE_CURVE('',#8976,#8973,#10011,.T.);
#7093=EDGE_CURVE('',#8977,#8978,#10012,.T.);
#7094=EDGE_CURVE('',#8978,#8979,#586,.T.);
#7095=EDGE_CURVE('',#8979,#8980,#10013,.T.);
#7096=EDGE_CURVE('',#8980,#8981,#587,.T.);
#7097=EDGE_CURVE('',#8981,#8982,#10014,.T.);
#7098=EDGE_CURVE('',#8982,#8983,#588,.T.);
#7099=EDGE_CURVE('',#8983,#8984,#10015,.T.);
#7100=EDGE_CURVE('',#8984,#8977,#589,.T.);
#7101=EDGE_CURVE('',#8985,#8986,#10016,.T.);
#7102=EDGE_CURVE('',#8986,#8987,#590,.T.);
#7103=EDGE_CURVE('',#8987,#8988,#10017,.T.);
#7104=EDGE_CURVE('',#8988,#8989,#591,.T.);
#7105=EDGE_CURVE('',#8989,#8990,#10018,.T.);
#7106=EDGE_CURVE('',#8990,#8991,#592,.T.);
#7107=EDGE_CURVE('',#8991,#8992,#10019,.T.);
#7108=EDGE_CURVE('',#8992,#8985,#593,.T.);
#7109=EDGE_CURVE('',#8993,#8994,#594,.T.);
#7110=EDGE_CURVE('',#8994,#8995,#595,.T.);
#7111=EDGE_CURVE('',#8995,#8996,#10020,.T.);
#7112=EDGE_CURVE('',#8996,#8997,#596,.T.);
#7113=EDGE_CURVE('',#8997,#8998,#597,.T.);
#7114=EDGE_CURVE('',#8998,#8993,#10021,.T.);
#7115=EDGE_CURVE('',#8999,#9000,#598,.T.);
#7116=EDGE_CURVE('',#9000,#9001,#10022,.T.);
#7117=EDGE_CURVE('',#9001,#9002,#599,.T.);
#7118=EDGE_CURVE('',#9002,#9003,#600,.T.);
#7119=EDGE_CURVE('',#9003,#9004,#10023,.T.);
#7120=EDGE_CURVE('',#9004,#8999,#601,.T.);
#7121=EDGE_CURVE('',#9005,#9006,#602,.T.);
#7122=EDGE_CURVE('',#9006,#9007,#10024,.T.);
#7123=EDGE_CURVE('',#9007,#9008,#603,.T.);
#7124=EDGE_CURVE('',#9008,#9005,#10025,.T.);
#7125=EDGE_CURVE('',#9009,#9010,#604,.T.);
#7126=EDGE_CURVE('',#9010,#9011,#10026,.T.);
#7127=EDGE_CURVE('',#9011,#9012,#605,.T.);
#7128=EDGE_CURVE('',#9012,#9009,#10027,.T.);
#7129=EDGE_CURVE('',#9013,#9014,#606,.T.);
#7130=EDGE_CURVE('',#9014,#9015,#10028,.T.);
#7131=EDGE_CURVE('',#9015,#9016,#607,.T.);
#7132=EDGE_CURVE('',#9016,#9013,#10029,.T.);
#7133=EDGE_CURVE('',#9017,#9018,#608,.T.);
#7134=EDGE_CURVE('',#9018,#9019,#10030,.T.);
#7135=EDGE_CURVE('',#9019,#9020,#609,.T.);
#7136=EDGE_CURVE('',#9020,#9017,#10031,.T.);
#7137=EDGE_CURVE('',#9021,#9022,#10032,.T.);
#7138=EDGE_CURVE('',#9022,#9023,#610,.T.);
#7139=EDGE_CURVE('',#9023,#9024,#611,.T.);
#7140=EDGE_CURVE('',#9024,#9025,#10033,.T.);
#7141=EDGE_CURVE('',#9025,#9026,#612,.T.);
#7142=EDGE_CURVE('',#9026,#9021,#613,.T.);
#7143=EDGE_CURVE('',#9027,#9028,#10034,.T.);
#7144=EDGE_CURVE('',#9028,#9029,#614,.T.);
#7145=EDGE_CURVE('',#9029,#9030,#615,.T.);
#7146=EDGE_CURVE('',#9030,#9031,#10035,.T.);
#7147=EDGE_CURVE('',#9031,#9032,#616,.T.);
#7148=EDGE_CURVE('',#9032,#9033,#617,.T.);
#7149=EDGE_CURVE('',#9033,#9034,#618,.T.);
#7150=EDGE_CURVE('',#9034,#9035,#10036,.T.);
#7151=EDGE_CURVE('',#9035,#9036,#619,.T.);
#7152=EDGE_CURVE('',#9036,#9027,#620,.T.);
#7153=EDGE_CURVE('',#9037,#9038,#10037,.T.);
#7154=EDGE_CURVE('',#9038,#9039,#621,.T.);
#7155=EDGE_CURVE('',#9039,#9040,#10038,.T.);
#7156=EDGE_CURVE('',#9040,#9037,#622,.T.);
#7157=EDGE_CURVE('',#9041,#9042,#10039,.T.);
#7158=EDGE_CURVE('',#9042,#9043,#623,.T.);
#7159=EDGE_CURVE('',#9043,#9044,#10040,.T.);
#7160=EDGE_CURVE('',#9044,#9041,#624,.T.);
#7161=EDGE_CURVE('',#9045,#9046,#625,.T.);
#7162=EDGE_CURVE('',#9046,#9047,#10041,.T.);
#7163=EDGE_CURVE('',#9047,#9048,#626,.T.);
#7164=EDGE_CURVE('',#9048,#9049,#10042,.T.);
#7165=EDGE_CURVE('',#9049,#9050,#627,.T.);
#7166=EDGE_CURVE('',#9050,#9051,#10043,.T.);
#7167=EDGE_CURVE('',#9051,#9052,#628,.T.);
#7168=EDGE_CURVE('',#9052,#9045,#10044,.T.);
#7169=EDGE_CURVE('',#9053,#9054,#629,.T.);
#7170=EDGE_CURVE('',#9054,#9055,#10045,.T.);
#7171=EDGE_CURVE('',#9055,#9056,#630,.T.);
#7172=EDGE_CURVE('',#9056,#9057,#10046,.T.);
#7173=EDGE_CURVE('',#9057,#9058,#631,.T.);
#7174=EDGE_CURVE('',#9058,#9059,#10047,.T.);
#7175=EDGE_CURVE('',#9059,#9060,#632,.T.);
#7176=EDGE_CURVE('',#9060,#9053,#10048,.T.);
#7177=EDGE_CURVE('',#9061,#9062,#633,.T.);
#7178=EDGE_CURVE('',#9062,#9063,#10049,.T.);
#7179=EDGE_CURVE('',#9063,#9064,#634,.T.);
#7180=EDGE_CURVE('',#9064,#9061,#10050,.T.);
#7181=EDGE_CURVE('',#9065,#9066,#10051,.T.);
#7182=EDGE_CURVE('',#9066,#9067,#635,.T.);
#7183=EDGE_CURVE('',#9067,#9068,#10052,.T.);
#7184=EDGE_CURVE('',#9068,#9065,#636,.T.);
#7185=EDGE_CURVE('',#9069,#9070,#10053,.T.);
#7186=EDGE_CURVE('',#9070,#9071,#637,.T.);
#7187=EDGE_CURVE('',#9071,#9072,#10054,.T.);
#7188=EDGE_CURVE('',#9072,#9069,#638,.T.);
#7189=EDGE_CURVE('',#9073,#9074,#639,.T.);
#7190=EDGE_CURVE('',#9074,#9075,#10055,.T.);
#7191=EDGE_CURVE('',#9075,#9076,#640,.T.);
#7192=EDGE_CURVE('',#9076,#9073,#10056,.T.);
#7193=EDGE_CURVE('',#9077,#9078,#10057,.T.);
#7194=EDGE_CURVE('',#9078,#9079,#641,.T.);
#7195=EDGE_CURVE('',#9079,#9080,#10058,.T.);
#7196=EDGE_CURVE('',#9080,#9081,#642,.T.);
#7197=EDGE_CURVE('',#9081,#9082,#10059,.T.);
#7198=EDGE_CURVE('',#9082,#9083,#643,.T.);
#7199=EDGE_CURVE('',#9083,#9084,#10060,.T.);
#7200=EDGE_CURVE('',#9084,#9077,#644,.T.);
#7201=EDGE_CURVE('',#9085,#9086,#10061,.T.);
#7202=EDGE_CURVE('',#9086,#9087,#645,.T.);
#7203=EDGE_CURVE('',#9087,#9088,#10062,.T.);
#7204=EDGE_CURVE('',#9088,#9089,#646,.T.);
#7205=EDGE_CURVE('',#9089,#9090,#10063,.T.);
#7206=EDGE_CURVE('',#9090,#9091,#647,.T.);
#7207=EDGE_CURVE('',#9091,#9092,#10064,.T.);
#7208=EDGE_CURVE('',#9092,#9085,#648,.T.);
#7209=EDGE_CURVE('',#9093,#9094,#649,.T.);
#7210=EDGE_CURVE('',#9094,#9095,#10065,.T.);
#7211=EDGE_CURVE('',#9095,#9096,#650,.T.);
#7212=EDGE_CURVE('',#9096,#9093,#10066,.T.);
#7213=EDGE_CURVE('',#9097,#9098,#651,.T.);
#7214=EDGE_CURVE('',#9098,#9099,#10067,.T.);
#7215=EDGE_CURVE('',#9099,#9100,#652,.T.);
#7216=EDGE_CURVE('',#9100,#9097,#10068,.T.);
#7217=EDGE_CURVE('',#9101,#9102,#653,.T.);
#7218=EDGE_CURVE('',#9102,#9103,#10069,.T.);
#7219=EDGE_CURVE('',#9103,#9104,#654,.T.);
#7220=EDGE_CURVE('',#9104,#9101,#10070,.T.);
#7221=EDGE_CURVE('',#9105,#9106,#10071,.T.);
#7222=EDGE_CURVE('',#9107,#9105,#655,.T.);
#7223=EDGE_CURVE('',#9108,#9107,#10072,.T.);
#7224=EDGE_CURVE('',#9109,#9108,#10073,.T.);
#7225=EDGE_CURVE('',#9110,#9109,#10074,.T.);
#7226=EDGE_CURVE('',#9111,#9110,#656,.T.);
#7227=EDGE_CURVE('',#9112,#9111,#10075,.T.);
#7228=EDGE_CURVE('',#9113,#9112,#657,.T.);
#7229=EDGE_CURVE('',#9114,#9113,#10076,.T.);
#7230=EDGE_CURVE('',#9115,#9114,#658,.T.);
#7231=EDGE_CURVE('',#9116,#9115,#10077,.T.);
#7232=EDGE_CURVE('',#9106,#9116,#659,.T.);
#7233=EDGE_CURVE('',#9117,#9117,#10078,.T.);
#7234=EDGE_CURVE('',#9118,#9118,#10079,.T.);
#7235=EDGE_CURVE('',#9119,#9119,#10080,.T.);
#7236=EDGE_CURVE('',#9120,#9120,#10081,.T.);
#7237=EDGE_CURVE('',#9121,#9121,#10082,.T.);
#7238=EDGE_CURVE('',#9122,#9122,#10083,.T.);
#7239=EDGE_CURVE('',#9123,#9123,#10084,.T.);
#7240=EDGE_CURVE('',#9124,#9124,#10085,.T.);
#7241=EDGE_CURVE('',#9125,#9125,#10086,.T.);
#7242=EDGE_CURVE('',#9126,#9126,#10087,.T.);
#7243=EDGE_CURVE('',#9127,#9127,#10088,.T.);
#7244=EDGE_CURVE('',#9128,#9128,#10089,.T.);
#7245=EDGE_CURVE('',#9129,#9129,#10090,.T.);
#7246=EDGE_CURVE('',#9130,#9130,#10091,.T.);
#7247=EDGE_CURVE('',#9131,#9131,#10092,.T.);
#7248=EDGE_CURVE('',#9132,#9132,#10093,.T.);
#7249=EDGE_CURVE('',#9133,#9133,#10094,.T.);
#7250=EDGE_CURVE('',#9134,#9134,#10095,.T.);
#7251=EDGE_CURVE('',#9135,#9135,#10096,.T.);
#7252=EDGE_CURVE('',#9136,#9136,#10097,.T.);
#7253=EDGE_CURVE('',#9137,#9137,#10098,.T.);
#7254=EDGE_CURVE('',#9138,#9138,#10099,.T.);
#7255=EDGE_CURVE('',#9139,#9139,#10100,.T.);
#7256=EDGE_CURVE('',#9140,#9140,#10101,.T.);
#7257=EDGE_CURVE('',#9141,#9141,#10102,.T.);
#7258=EDGE_CURVE('',#9142,#9142,#10103,.T.);
#7259=EDGE_CURVE('',#9143,#9143,#10104,.T.);
#7260=EDGE_CURVE('',#9144,#9144,#10105,.T.);
#7261=EDGE_CURVE('',#9145,#9145,#10106,.T.);
#7262=EDGE_CURVE('',#9146,#9146,#10107,.T.);
#7263=EDGE_CURVE('',#9147,#9147,#10108,.T.);
#7264=EDGE_CURVE('',#9148,#9148,#10109,.T.);
#7265=EDGE_CURVE('',#9149,#9149,#10110,.T.);
#7266=EDGE_CURVE('',#9150,#9150,#10111,.T.);
#7267=EDGE_CURVE('',#9151,#9151,#10112,.T.);
#7268=EDGE_CURVE('',#9152,#9152,#10113,.T.);
#7269=EDGE_CURVE('',#9153,#9154,#660,.T.);
#7270=EDGE_CURVE('',#9155,#9153,#10114,.T.);
#7271=EDGE_CURVE('',#9156,#9155,#661,.T.);
#7272=EDGE_CURVE('',#9154,#9156,#10115,.T.);
#7273=EDGE_CURVE('',#9157,#9158,#662,.T.);
#7274=EDGE_CURVE('',#9159,#9157,#10116,.T.);
#7275=EDGE_CURVE('',#9160,#9159,#663,.T.);
#7276=EDGE_CURVE('',#9158,#9160,#10117,.T.);
#7277=EDGE_CURVE('',#9161,#9162,#664,.T.);
#7278=EDGE_CURVE('',#9163,#9161,#10118,.T.);
#7279=EDGE_CURVE('',#9164,#9163,#665,.T.);
#7280=EDGE_CURVE('',#9165,#9164,#10119,.T.);
#7281=EDGE_CURVE('',#9166,#9165,#666,.T.);
#7282=EDGE_CURVE('',#9167,#9166,#10120,.T.);
#7283=EDGE_CURVE('',#9168,#9167,#667,.T.);
#7284=EDGE_CURVE('',#9162,#9168,#10121,.T.);
#7285=EDGE_CURVE('',#9169,#9170,#668,.T.);
#7286=EDGE_CURVE('',#9171,#9169,#669,.T.);
#7287=EDGE_CURVE('',#9172,#9171,#10122,.T.);
#7288=EDGE_CURVE('',#9173,#9172,#670,.T.);
#7289=EDGE_CURVE('',#9174,#9173,#671,.T.);
#7290=EDGE_CURVE('',#9170,#9174,#10123,.T.);
#7291=EDGE_CURVE('',#9175,#9176,#672,.T.);
#7292=EDGE_CURVE('',#9177,#9175,#10124,.T.);
#7293=EDGE_CURVE('',#9178,#9177,#673,.T.);
#7294=EDGE_CURVE('',#9179,#9178,#674,.T.);
#7295=EDGE_CURVE('',#9180,#9179,#675,.T.);
#7296=EDGE_CURVE('',#9181,#9180,#10125,.T.);
#7297=EDGE_CURVE('',#9182,#9181,#676,.T.);
#7298=EDGE_CURVE('',#9183,#9182,#677,.T.);
#7299=EDGE_CURVE('',#9184,#9183,#10126,.T.);
#7300=EDGE_CURVE('',#9176,#9184,#678,.T.);
#7301=EDGE_CURVE('',#9185,#9186,#679,.T.);
#7302=EDGE_CURVE('',#9187,#9185,#10127,.T.);
#7303=EDGE_CURVE('',#9188,#9187,#680,.T.);
#7304=EDGE_CURVE('',#9189,#9188,#10128,.T.);
#7305=EDGE_CURVE('',#9190,#9189,#681,.T.);
#7306=EDGE_CURVE('',#9191,#9190,#10129,.T.);
#7307=EDGE_CURVE('',#9192,#9191,#682,.T.);
#7308=EDGE_CURVE('',#9186,#9192,#10130,.T.);
#7309=EDGE_CURVE('',#9193,#9194,#10131,.T.);
#7310=EDGE_CURVE('',#9195,#9193,#683,.T.);
#7311=EDGE_CURVE('',#9196,#9195,#10132,.T.);
#7312=EDGE_CURVE('',#9194,#9196,#684,.T.);
#7313=EDGE_CURVE('',#9197,#9198,#10133,.T.);
#7314=EDGE_CURVE('',#9199,#9197,#685,.T.);
#7315=EDGE_CURVE('',#9200,#9199,#10134,.T.);
#7316=EDGE_CURVE('',#9198,#9200,#686,.T.);
#7317=EDGE_CURVE('',#9201,#9202,#10135,.T.);
#7318=EDGE_CURVE('',#9203,#9201,#687,.T.);
#7319=EDGE_CURVE('',#9204,#9203,#688,.T.);
#7320=EDGE_CURVE('',#9205,#9204,#10136,.T.);
#7321=EDGE_CURVE('',#9206,#9205,#689,.T.);
#7322=EDGE_CURVE('',#9202,#9206,#690,.T.);
#7323=EDGE_CURVE('',#9207,#9208,#10137,.T.);
#7324=EDGE_CURVE('',#9209,#9207,#691,.T.);
#7325=EDGE_CURVE('',#9210,#9209,#692,.T.);
#7326=EDGE_CURVE('',#9211,#9210,#10138,.T.);
#7327=EDGE_CURVE('',#9212,#9211,#693,.T.);
#7328=EDGE_CURVE('',#9208,#9212,#694,.T.);
#7329=EDGE_CURVE('',#9213,#9214,#695,.T.);
#7330=EDGE_CURVE('',#9215,#9213,#10139,.T.);
#7331=EDGE_CURVE('',#9216,#9215,#696,.T.);
#7332=EDGE_CURVE('',#9214,#9216,#10140,.T.);
#7333=EDGE_CURVE('',#9217,#9218,#10141,.T.);
#7334=EDGE_CURVE('',#9219,#9217,#697,.T.);
#7335=EDGE_CURVE('',#9220,#9219,#10142,.T.);
#7336=EDGE_CURVE('',#9221,#9220,#698,.T.);
#7337=EDGE_CURVE('',#9222,#9221,#10143,.T.);
#7338=EDGE_CURVE('',#9223,#9222,#699,.T.);
#7339=EDGE_CURVE('',#9224,#9223,#10144,.T.);
#7340=EDGE_CURVE('',#9218,#9224,#700,.T.);
#7341=EDGE_CURVE('',#9225,#9226,#10145,.T.);
#7342=EDGE_CURVE('',#9227,#9225,#701,.T.);
#7343=EDGE_CURVE('',#9228,#9227,#10146,.T.);
#7344=EDGE_CURVE('',#9229,#9228,#702,.T.);
#7345=EDGE_CURVE('',#9230,#9229,#10147,.T.);
#7346=EDGE_CURVE('',#9231,#9230,#703,.T.);
#7347=EDGE_CURVE('',#9232,#9231,#10148,.T.);
#7348=EDGE_CURVE('',#9226,#9232,#704,.T.);
#7349=EDGE_CURVE('',#9233,#9234,#705,.T.);
#7350=EDGE_CURVE('',#9235,#9233,#10149,.T.);
#7351=EDGE_CURVE('',#9236,#9235,#706,.T.);
#7352=EDGE_CURVE('',#9234,#9236,#10150,.T.);
#7353=EDGE_CURVE('',#9237,#9238,#707,.T.);
#7354=EDGE_CURVE('',#9239,#9237,#10151,.T.);
#7355=EDGE_CURVE('',#9240,#9239,#708,.T.);
#7356=EDGE_CURVE('',#9238,#9240,#10152,.T.);
#7357=EDGE_CURVE('',#9241,#9242,#10153,.T.);
#7358=EDGE_CURVE('',#9243,#9241,#709,.T.);
#7359=EDGE_CURVE('',#9244,#9243,#10154,.T.);
#7360=EDGE_CURVE('',#9242,#9244,#710,.T.);
#7361=EDGE_CURVE('',#9245,#9246,#10155,.T.);
#7362=EDGE_CURVE('',#9247,#9245,#711,.T.);
#7363=EDGE_CURVE('',#9248,#9247,#10156,.T.);
#7364=EDGE_CURVE('',#9246,#9248,#712,.T.);
#7365=EDGE_CURVE('',#9249,#9250,#713,.T.);
#7366=EDGE_CURVE('',#9251,#9249,#10157,.T.);
#7367=EDGE_CURVE('',#9252,#9251,#714,.T.);
#7368=EDGE_CURVE('',#9253,#9252,#10158,.T.);
#7369=EDGE_CURVE('',#9254,#9253,#715,.T.);
#7370=EDGE_CURVE('',#9255,#9254,#10159,.T.);
#7371=EDGE_CURVE('',#9256,#9255,#716,.T.);
#7372=EDGE_CURVE('',#9250,#9256,#10160,.T.);
#7373=EDGE_CURVE('',#9257,#9258,#717,.T.);
#7374=EDGE_CURVE('',#9259,#9257,#10161,.T.);
#7375=EDGE_CURVE('',#9260,#9259,#718,.T.);
#7376=EDGE_CURVE('',#9261,#9260,#10162,.T.);
#7377=EDGE_CURVE('',#9262,#9261,#719,.T.);
#7378=EDGE_CURVE('',#9263,#9262,#10163,.T.);
#7379=EDGE_CURVE('',#9264,#9263,#720,.T.);
#7380=EDGE_CURVE('',#9258,#9264,#10164,.T.);
#7381=EDGE_CURVE('',#9265,#9266,#721,.T.);
#7382=EDGE_CURVE('',#9267,#9265,#10165,.T.);
#7383=EDGE_CURVE('',#9268,#9267,#722,.T.);
#7384=EDGE_CURVE('',#9266,#9268,#10166,.T.);
#7385=EDGE_CURVE('',#9269,#9270,#723,.T.);
#7386=EDGE_CURVE('',#9271,#9269,#10167,.T.);
#7387=EDGE_CURVE('',#9272,#9271,#724,.T.);
#7388=EDGE_CURVE('',#9270,#9272,#10168,.T.);
#7389=EDGE_CURVE('',#9273,#9274,#725,.T.);
#7390=EDGE_CURVE('',#9275,#9273,#10169,.T.);
#7391=EDGE_CURVE('',#9276,#9275,#726,.T.);
#7392=EDGE_CURVE('',#9274,#9276,#10170,.T.);
#7393=EDGE_CURVE('',#9277,#9278,#727,.T.);
#7394=EDGE_CURVE('',#9279,#9277,#10171,.T.);
#7395=EDGE_CURVE('',#9280,#9279,#728,.T.);
#7396=EDGE_CURVE('',#9278,#9280,#10172,.T.);
#7397=EDGE_CURVE('',#9281,#9282,#10173,.T.);
#7398=EDGE_CURVE('',#9283,#9281,#729,.T.);
#7399=EDGE_CURVE('',#9284,#9283,#10174,.T.);
#7400=EDGE_CURVE('',#9282,#9284,#730,.T.);
#7401=EDGE_CURVE('',#9285,#9286,#10175,.T.);
#7402=EDGE_CURVE('',#9287,#9285,#731,.T.);
#7403=EDGE_CURVE('',#9288,#9287,#10176,.T.);
#7404=EDGE_CURVE('',#9286,#9288,#732,.T.);
#7405=EDGE_CURVE('',#9289,#9290,#10177,.T.);
#7406=EDGE_CURVE('',#9291,#9289,#733,.T.);
#7407=EDGE_CURVE('',#9292,#9291,#10178,.T.);
#7408=EDGE_CURVE('',#9293,#9292,#734,.T.);
#7409=EDGE_CURVE('',#9294,#9293,#10179,.T.);
#7410=EDGE_CURVE('',#9295,#9294,#735,.T.);
#7411=EDGE_CURVE('',#9296,#9295,#10180,.T.);
#7412=EDGE_CURVE('',#9290,#9296,#736,.T.);
#7413=EDGE_CURVE('',#9297,#9298,#10181,.T.);
#7414=EDGE_CURVE('',#9299,#9297,#737,.T.);
#7415=EDGE_CURVE('',#9300,#9299,#10182,.T.);
#7416=EDGE_CURVE('',#9301,#9300,#738,.T.);
#7417=EDGE_CURVE('',#9302,#9301,#10183,.T.);
#7418=EDGE_CURVE('',#9303,#9302,#739,.T.);
#7419=EDGE_CURVE('',#9304,#9303,#10184,.T.);
#7420=EDGE_CURVE('',#9298,#9304,#740,.T.);
#7421=EDGE_CURVE('',#9305,#9306,#741,.T.);
#7422=EDGE_CURVE('',#9307,#9305,#10185,.T.);
#7423=EDGE_CURVE('',#9308,#9307,#742,.T.);
#7424=EDGE_CURVE('',#9306,#9308,#10186,.T.);
#7425=EDGE_CURVE('',#9309,#9310,#743,.T.);
#7426=EDGE_CURVE('',#9311,#9309,#10187,.T.);
#7427=EDGE_CURVE('',#9312,#9311,#744,.T.);
#7428=EDGE_CURVE('',#9310,#9312,#10188,.T.);
#7429=EDGE_CURVE('',#9313,#9314,#745,.T.);
#7430=EDGE_CURVE('',#9315,#9313,#10189,.T.);
#7431=EDGE_CURVE('',#9316,#9315,#746,.T.);
#7432=EDGE_CURVE('',#9314,#9316,#10190,.T.);
#7433=EDGE_CURVE('',#9317,#9318,#747,.T.);
#7434=EDGE_CURVE('',#9319,#9317,#10191,.T.);
#7435=EDGE_CURVE('',#9320,#9319,#748,.T.);
#7436=EDGE_CURVE('',#9318,#9320,#10192,.T.);
#7437=EDGE_CURVE('',#9321,#9322,#749,.T.);
#7438=EDGE_CURVE('',#9323,#9321,#10193,.T.);
#7439=EDGE_CURVE('',#9324,#9323,#750,.T.);
#7440=EDGE_CURVE('',#9325,#9324,#751,.T.);
#7441=EDGE_CURVE('',#9326,#9325,#10194,.T.);
#7442=EDGE_CURVE('',#9322,#9326,#752,.T.);
#7443=EDGE_CURVE('',#9327,#9328,#753,.T.);
#7444=EDGE_CURVE('',#9329,#9327,#754,.T.);
#7445=EDGE_CURVE('',#9330,#9329,#10195,.T.);
#7446=EDGE_CURVE('',#9331,#9330,#755,.T.);
#7447=EDGE_CURVE('',#9332,#9331,#756,.T.);
#7448=EDGE_CURVE('',#9328,#9332,#10196,.T.);
#7449=EDGE_CURVE('',#9333,#9334,#10197,.T.);
#7450=EDGE_CURVE('',#9335,#9333,#757,.T.);
#7451=EDGE_CURVE('',#9336,#9335,#758,.T.);
#7452=EDGE_CURVE('',#9337,#9336,#10198,.T.);
#7453=EDGE_CURVE('',#9338,#9337,#759,.T.);
#7454=EDGE_CURVE('',#9334,#9338,#760,.T.);
#7455=EDGE_CURVE('',#9339,#9340,#10199,.T.);
#7456=EDGE_CURVE('',#9341,#9339,#761,.T.);
#7457=EDGE_CURVE('',#9342,#9341,#762,.T.);
#7458=EDGE_CURVE('',#9343,#9342,#10200,.T.);
#7459=EDGE_CURVE('',#9344,#9343,#763,.T.);
#7460=EDGE_CURVE('',#9340,#9344,#764,.T.);
#7461=EDGE_CURVE('',#9345,#9346,#765,.T.);
#7462=EDGE_CURVE('',#9347,#9345,#10201,.T.);
#7463=EDGE_CURVE('',#9348,#9347,#766,.T.);
#7464=EDGE_CURVE('',#9346,#9348,#10202,.T.);
#7465=EDGE_CURVE('',#9349,#9350,#767,.T.);
#7466=EDGE_CURVE('',#9351,#9349,#10203,.T.);
#7467=EDGE_CURVE('',#9352,#9351,#768,.T.);
#7468=EDGE_CURVE('',#9350,#9352,#10204,.T.);
#7469=EDGE_CURVE('',#9353,#9354,#769,.T.);
#7470=EDGE_CURVE('',#9355,#9353,#10205,.T.);
#7471=EDGE_CURVE('',#9356,#9355,#770,.T.);
#7472=EDGE_CURVE('',#9354,#9356,#10206,.T.);
#7473=EDGE_CURVE('',#9357,#9358,#771,.T.);
#7474=EDGE_CURVE('',#9359,#9357,#10207,.T.);
#7475=EDGE_CURVE('',#9360,#9359,#772,.T.);
#7476=EDGE_CURVE('',#9358,#9360,#10208,.T.);
#7477=EDGE_CURVE('',#9361,#9362,#10209,.T.);
#7478=EDGE_CURVE('',#9363,#9361,#773,.T.);
#7479=EDGE_CURVE('',#9364,#9363,#10210,.T.);
#7480=EDGE_CURVE('',#9362,#9364,#774,.T.);
#7481=EDGE_CURVE('',#9365,#9366,#10211,.T.);
#7482=EDGE_CURVE('',#9367,#9365,#775,.T.);
#7483=EDGE_CURVE('',#9368,#9367,#10212,.T.);
#7484=EDGE_CURVE('',#9366,#9368,#776,.T.);
#7485=EDGE_CURVE('',#9369,#9370,#777,.T.);
#7486=EDGE_CURVE('',#9371,#9369,#10213,.T.);
#7487=EDGE_CURVE('',#9372,#9371,#778,.T.);
#7488=EDGE_CURVE('',#9373,#9372,#10214,.T.);
#7489=EDGE_CURVE('',#9374,#9373,#779,.T.);
#7490=EDGE_CURVE('',#9375,#9374,#10215,.T.);
#7491=EDGE_CURVE('',#9376,#9375,#780,.T.);
#7492=EDGE_CURVE('',#9370,#9376,#10216,.T.);
#7493=EDGE_CURVE('',#9377,#9378,#781,.T.);
#7494=EDGE_CURVE('',#9379,#9377,#10217,.T.);
#7495=EDGE_CURVE('',#9380,#9379,#782,.T.);
#7496=EDGE_CURVE('',#9381,#9380,#10218,.T.);
#7497=EDGE_CURVE('',#9382,#9381,#783,.T.);
#7498=EDGE_CURVE('',#9383,#9382,#10219,.T.);
#7499=EDGE_CURVE('',#9384,#9383,#784,.T.);
#7500=EDGE_CURVE('',#9378,#9384,#10220,.T.);
#7501=EDGE_CURVE('',#9385,#9386,#10221,.T.);
#7502=EDGE_CURVE('',#9387,#9385,#785,.T.);
#7503=EDGE_CURVE('',#9388,#9387,#10222,.T.);
#7504=EDGE_CURVE('',#9386,#9388,#786,.T.);
#7505=EDGE_CURVE('',#9389,#9390,#10223,.T.);
#7506=EDGE_CURVE('',#9391,#9389,#787,.T.);
#7507=EDGE_CURVE('',#9392,#9391,#10224,.T.);
#7508=EDGE_CURVE('',#9390,#9392,#788,.T.);
#7509=EDGE_CURVE('',#9393,#9394,#10225,.T.);
#7510=EDGE_CURVE('',#9395,#9393,#789,.T.);
#7511=EDGE_CURVE('',#9396,#9395,#10226,.T.);
#7512=EDGE_CURVE('',#9394,#9396,#790,.T.);
#7513=EDGE_CURVE('',#9397,#9398,#10227,.T.);
#7514=EDGE_CURVE('',#9399,#9397,#791,.T.);
#7515=EDGE_CURVE('',#9400,#9399,#10228,.T.);
#7516=EDGE_CURVE('',#9398,#9400,#792,.T.);
#7517=EDGE_CURVE('',#9401,#9402,#10229,.T.);
#7518=EDGE_CURVE('',#9403,#9401,#793,.T.);
#7519=EDGE_CURVE('',#9404,#9403,#10230,.T.);
#7520=EDGE_CURVE('',#9402,#9404,#794,.T.);
#7521=EDGE_CURVE('',#9405,#9406,#10231,.T.);
#7522=EDGE_CURVE('',#9407,#9405,#795,.T.);
#7523=EDGE_CURVE('',#9408,#9407,#10232,.T.);
#7524=EDGE_CURVE('',#9406,#9408,#796,.T.);
#7525=EDGE_CURVE('',#9409,#9410,#10233,.T.);
#7526=EDGE_CURVE('',#9411,#9409,#797,.T.);
#7527=EDGE_CURVE('',#9412,#9411,#10234,.T.);
#7528=EDGE_CURVE('',#9410,#9412,#798,.T.);
#7529=EDGE_CURVE('',#9413,#9414,#10235,.T.);
#7530=EDGE_CURVE('',#9415,#9413,#799,.T.);
#7531=EDGE_CURVE('',#9416,#9415,#10236,.T.);
#7532=EDGE_CURVE('',#9414,#9416,#800,.T.);
#7533=EDGE_CURVE('',#9417,#9418,#10237,.T.);
#7534=EDGE_CURVE('',#9419,#9417,#801,.T.);
#7535=EDGE_CURVE('',#9420,#9419,#10238,.T.);
#7536=EDGE_CURVE('',#9418,#9420,#802,.T.);
#7537=EDGE_CURVE('',#9421,#9422,#10239,.T.);
#7538=EDGE_CURVE('',#9423,#9421,#803,.T.);
#7539=EDGE_CURVE('',#9424,#9423,#10240,.T.);
#7540=EDGE_CURVE('',#9422,#9424,#804,.T.);
#7541=EDGE_CURVE('',#9425,#9426,#10241,.T.);
#7542=EDGE_CURVE('',#9427,#9425,#805,.T.);
#7543=EDGE_CURVE('',#9428,#9427,#10242,.T.);
#7544=EDGE_CURVE('',#9429,#9428,#806,.T.);
#7545=EDGE_CURVE('',#9430,#9429,#10243,.T.);
#7546=EDGE_CURVE('',#9431,#9430,#807,.T.);
#7547=EDGE_CURVE('',#9432,#9431,#10244,.T.);
#7548=EDGE_CURVE('',#9426,#9432,#808,.T.);
#7549=EDGE_CURVE('',#9433,#9434,#10245,.T.);
#7550=EDGE_CURVE('',#9435,#9433,#809,.T.);
#7551=EDGE_CURVE('',#9436,#9435,#10246,.T.);
#7552=EDGE_CURVE('',#9437,#9436,#810,.T.);
#7553=EDGE_CURVE('',#9438,#9437,#10247,.T.);
#7554=EDGE_CURVE('',#9439,#9438,#811,.T.);
#7555=EDGE_CURVE('',#9440,#9439,#10248,.T.);
#7556=EDGE_CURVE('',#9434,#9440,#812,.T.);
#7557=EDGE_CURVE('',#9441,#9442,#10249,.T.);
#7558=EDGE_CURVE('',#9443,#9441,#813,.T.);
#7559=EDGE_CURVE('',#9444,#9443,#10250,.T.);
#7560=EDGE_CURVE('',#9442,#9444,#814,.T.);
#7561=EDGE_CURVE('',#9445,#9446,#10251,.T.);
#7562=EDGE_CURVE('',#9447,#9445,#815,.T.);
#7563=EDGE_CURVE('',#9448,#9447,#10252,.T.);
#7564=EDGE_CURVE('',#9446,#9448,#816,.T.);
#7565=EDGE_CURVE('',#9449,#9450,#10253,.T.);
#7566=EDGE_CURVE('',#9451,#9449,#817,.T.);
#7567=EDGE_CURVE('',#9452,#9451,#10254,.T.);
#7568=EDGE_CURVE('',#9450,#9452,#818,.T.);
#7569=EDGE_CURVE('',#9453,#9454,#10255,.T.);
#7570=EDGE_CURVE('',#9455,#9453,#819,.T.);
#7571=EDGE_CURVE('',#9456,#9455,#10256,.T.);
#7572=EDGE_CURVE('',#9454,#9456,#820,.T.);
#7573=EDGE_CURVE('',#9457,#9458,#821,.T.);
#7574=EDGE_CURVE('',#9459,#9457,#10257,.T.);
#7575=EDGE_CURVE('',#9460,#9459,#822,.T.);
#7576=EDGE_CURVE('',#9461,#9460,#10258,.T.);
#7577=EDGE_CURVE('',#9462,#9461,#823,.T.);
#7578=EDGE_CURVE('',#9463,#9462,#10259,.T.);
#7579=EDGE_CURVE('',#9464,#9463,#824,.T.);
#7580=EDGE_CURVE('',#9458,#9464,#10260,.T.);
#7581=EDGE_CURVE('',#9465,#9466,#825,.T.);
#7582=EDGE_CURVE('',#9467,#9465,#10261,.T.);
#7583=EDGE_CURVE('',#9468,#9467,#826,.T.);
#7584=EDGE_CURVE('',#9469,#9468,#10262,.T.);
#7585=EDGE_CURVE('',#9470,#9469,#827,.T.);
#7586=EDGE_CURVE('',#9471,#9470,#10263,.T.);
#7587=EDGE_CURVE('',#9472,#9471,#828,.T.);
#7588=EDGE_CURVE('',#9466,#9472,#10264,.T.);
#7589=EDGE_CURVE('',#9473,#9474,#829,.T.);
#7590=EDGE_CURVE('',#9475,#9473,#830,.T.);
#7591=EDGE_CURVE('',#9476,#9475,#10265,.T.);
#7592=EDGE_CURVE('',#9477,#9476,#831,.T.);
#7593=EDGE_CURVE('',#9478,#9477,#832,.T.);
#7594=EDGE_CURVE('',#9474,#9478,#10266,.T.);
#7595=EDGE_CURVE('',#9479,#9480,#833,.T.);
#7596=EDGE_CURVE('',#9481,#9479,#10267,.T.);
#7597=EDGE_CURVE('',#9482,#9481,#834,.T.);
#7598=EDGE_CURVE('',#9483,#9482,#835,.T.);
#7599=EDGE_CURVE('',#9484,#9483,#10268,.T.);
#7600=EDGE_CURVE('',#9480,#9484,#836,.T.);
#7601=EDGE_CURVE('',#9485,#9486,#10269,.T.);
#7602=EDGE_CURVE('',#9487,#9485,#837,.T.);
#7603=EDGE_CURVE('',#9488,#9487,#10270,.T.);
#7604=EDGE_CURVE('',#9486,#9488,#838,.T.);
#7605=EDGE_CURVE('',#9489,#9490,#10271,.T.);
#7606=EDGE_CURVE('',#9491,#9489,#839,.T.);
#7607=EDGE_CURVE('',#9492,#9491,#10272,.T.);
#7608=EDGE_CURVE('',#9490,#9492,#840,.T.);
#7609=EDGE_CURVE('',#9493,#9494,#10273,.T.);
#7610=EDGE_CURVE('',#9495,#9493,#841,.T.);
#7611=EDGE_CURVE('',#9496,#9495,#10274,.T.);
#7612=EDGE_CURVE('',#9494,#9496,#842,.T.);
#7613=EDGE_CURVE('',#9497,#9498,#10275,.T.);
#7614=EDGE_CURVE('',#9499,#9497,#843,.T.);
#7615=EDGE_CURVE('',#9500,#9499,#10276,.T.);
#7616=EDGE_CURVE('',#9498,#9500,#844,.T.);
#7617=EDGE_CURVE('',#9501,#9502,#10277,.T.);
#7618=EDGE_CURVE('',#9503,#9501,#845,.T.);
#7619=EDGE_CURVE('',#9504,#9503,#10278,.T.);
#7620=EDGE_CURVE('',#9502,#9504,#846,.T.);
#7621=EDGE_CURVE('',#9505,#9506,#10279,.T.);
#7622=EDGE_CURVE('',#9507,#9505,#847,.T.);
#7623=EDGE_CURVE('',#9508,#9507,#848,.T.);
#7624=EDGE_CURVE('',#9509,#9508,#10280,.T.);
#7625=EDGE_CURVE('',#9510,#9509,#849,.T.);
#7626=EDGE_CURVE('',#9506,#9510,#850,.T.);
#7627=EDGE_CURVE('',#9511,#9512,#10281,.T.);
#7628=EDGE_CURVE('',#9513,#9511,#851,.T.);
#7629=EDGE_CURVE('',#9514,#9513,#852,.T.);
#7630=EDGE_CURVE('',#9515,#9514,#10282,.T.);
#7631=EDGE_CURVE('',#9516,#9515,#853,.T.);
#7632=EDGE_CURVE('',#9512,#9516,#854,.T.);
#7633=EDGE_CURVE('',#9517,#9518,#10283,.T.);
#7634=EDGE_CURVE('',#9519,#9517,#855,.T.);
#7635=EDGE_CURVE('',#9520,#9519,#10284,.T.);
#7636=EDGE_CURVE('',#9518,#9520,#856,.T.);
#7637=EDGE_CURVE('',#9521,#9522,#10285,.T.);
#7638=EDGE_CURVE('',#9523,#9521,#857,.T.);
#7639=EDGE_CURVE('',#9524,#9523,#10286,.T.);
#7640=EDGE_CURVE('',#9522,#9524,#858,.T.);
#7641=EDGE_CURVE('',#9525,#9526,#10287,.T.);
#7642=EDGE_CURVE('',#9527,#9525,#859,.T.);
#7643=EDGE_CURVE('',#9528,#9527,#10288,.T.);
#7644=EDGE_CURVE('',#9526,#9528,#860,.T.);
#7645=EDGE_CURVE('',#9529,#9530,#10289,.T.);
#7646=EDGE_CURVE('',#9531,#9529,#861,.T.);
#7647=EDGE_CURVE('',#9532,#9531,#10290,.T.);
#7648=EDGE_CURVE('',#9530,#9532,#862,.T.);
#7649=EDGE_CURVE('',#9533,#9534,#10291,.T.);
#7650=EDGE_CURVE('',#9535,#9533,#863,.T.);
#7651=EDGE_CURVE('',#9536,#9535,#10292,.T.);
#7652=EDGE_CURVE('',#9534,#9536,#864,.T.);
#7653=EDGE_CURVE('',#9537,#9538,#10293,.T.);
#7654=EDGE_CURVE('',#9539,#9537,#865,.T.);
#7655=EDGE_CURVE('',#9540,#9539,#10294,.T.);
#7656=EDGE_CURVE('',#9541,#9540,#866,.T.);
#7657=EDGE_CURVE('',#9542,#9541,#10295,.T.);
#7658=EDGE_CURVE('',#9543,#9542,#867,.T.);
#7659=EDGE_CURVE('',#9544,#9543,#10296,.T.);
#7660=EDGE_CURVE('',#9538,#9544,#868,.T.);
#7661=EDGE_CURVE('',#9545,#9546,#10297,.T.);
#7662=EDGE_CURVE('',#9547,#9545,#869,.T.);
#7663=EDGE_CURVE('',#9548,#9547,#10298,.T.);
#7664=EDGE_CURVE('',#9549,#9548,#870,.T.);
#7665=EDGE_CURVE('',#9550,#9549,#10299,.T.);
#7666=EDGE_CURVE('',#9551,#9550,#871,.T.);
#7667=EDGE_CURVE('',#9552,#9551,#10300,.T.);
#7668=EDGE_CURVE('',#9546,#9552,#872,.T.);
#7669=EDGE_CURVE('',#9553,#9554,#10301,.T.);
#7670=EDGE_CURVE('',#9555,#9553,#873,.T.);
#7671=EDGE_CURVE('',#9556,#9555,#10302,.T.);
#7672=EDGE_CURVE('',#9554,#9556,#874,.T.);
#7673=EDGE_CURVE('',#9557,#9558,#10303,.T.);
#7674=EDGE_CURVE('',#9559,#9557,#875,.T.);
#7675=EDGE_CURVE('',#9560,#9559,#10304,.T.);
#7676=EDGE_CURVE('',#9558,#9560,#876,.T.);
#7677=EDGE_CURVE('',#9561,#9562,#877,.T.);
#7678=EDGE_CURVE('',#9563,#9561,#10305,.T.);
#7679=EDGE_CURVE('',#9564,#9563,#878,.T.);
#7680=EDGE_CURVE('',#9562,#9564,#10306,.T.);
#7681=EDGE_CURVE('',#9565,#9566,#879,.T.);
#7682=EDGE_CURVE('',#9567,#9565,#10307,.T.);
#7683=EDGE_CURVE('',#9568,#9567,#880,.T.);
#7684=EDGE_CURVE('',#9566,#9568,#10308,.T.);
#7685=EDGE_CURVE('',#9569,#9570,#881,.T.);
#7686=EDGE_CURVE('',#9571,#9569,#10309,.T.);
#7687=EDGE_CURVE('',#9572,#9571,#882,.T.);
#7688=EDGE_CURVE('',#9570,#9572,#10310,.T.);
#7689=EDGE_CURVE('',#9573,#9574,#883,.T.);
#7690=EDGE_CURVE('',#9575,#9573,#10311,.T.);
#7691=EDGE_CURVE('',#9576,#9575,#884,.T.);
#7692=EDGE_CURVE('',#9574,#9576,#10312,.T.);
#7693=EDGE_CURVE('',#9577,#9578,#885,.T.);
#7694=EDGE_CURVE('',#9579,#9577,#10313,.T.);
#7695=EDGE_CURVE('',#9580,#9579,#886,.T.);
#7696=EDGE_CURVE('',#9581,#9580,#10314,.T.);
#7697=EDGE_CURVE('',#9582,#9581,#887,.T.);
#7698=EDGE_CURVE('',#9583,#9582,#10315,.T.);
#7699=EDGE_CURVE('',#9584,#9583,#888,.T.);
#7700=EDGE_CURVE('',#9578,#9584,#10316,.T.);
#7701=EDGE_CURVE('',#9585,#9586,#889,.T.);
#7702=EDGE_CURVE('',#9587,#9585,#10317,.T.);
#7703=EDGE_CURVE('',#9588,#9587,#890,.T.);
#7704=EDGE_CURVE('',#9589,#9588,#10318,.T.);
#7705=EDGE_CURVE('',#9590,#9589,#891,.T.);
#7706=EDGE_CURVE('',#9591,#9590,#10319,.T.);
#7707=EDGE_CURVE('',#9592,#9591,#892,.T.);
#7708=EDGE_CURVE('',#9586,#9592,#10320,.T.);
#7709=EDGE_CURVE('',#9593,#9594,#10321,.T.);
#7710=EDGE_CURVE('',#9595,#9593,#893,.T.);
#7711=EDGE_CURVE('',#9596,#9595,#10322,.T.);
#7712=EDGE_CURVE('',#9594,#9596,#894,.T.);
#7713=EDGE_CURVE('',#9597,#9598,#10323,.T.);
#7714=EDGE_CURVE('',#9599,#9597,#895,.T.);
#7715=EDGE_CURVE('',#9600,#9599,#10324,.T.);
#7716=EDGE_CURVE('',#9598,#9600,#896,.T.);
#7717=EDGE_CURVE('',#9601,#9602,#897,.T.);
#7718=EDGE_CURVE('',#9603,#9601,#10325,.T.);
#7719=EDGE_CURVE('',#9604,#9603,#898,.T.);
#7720=EDGE_CURVE('',#9602,#9604,#10326,.T.);
#7721=EDGE_CURVE('',#9605,#9606,#899,.T.);
#7722=EDGE_CURVE('',#9607,#9605,#10327,.T.);
#7723=EDGE_CURVE('',#9608,#9607,#900,.T.);
#7724=EDGE_CURVE('',#9606,#9608,#10328,.T.);
#7725=EDGE_CURVE('',#9609,#9610,#901,.T.);
#7726=EDGE_CURVE('',#9611,#9609,#10329,.T.);
#7727=EDGE_CURVE('',#9612,#9611,#902,.T.);
#7728=EDGE_CURVE('',#9610,#9612,#10330,.T.);
#7729=EDGE_CURVE('',#9613,#9614,#903,.T.);
#7730=EDGE_CURVE('',#9615,#9613,#10331,.T.);
#7731=EDGE_CURVE('',#9616,#9615,#904,.T.);
#7732=EDGE_CURVE('',#9614,#9616,#10332,.T.);
#7733=EDGE_CURVE('',#9617,#9618,#10333,.T.);
#7734=EDGE_CURVE('',#9619,#9617,#905,.T.);
#7735=EDGE_CURVE('',#9620,#9619,#10334,.T.);
#7736=EDGE_CURVE('',#9621,#9620,#906,.T.);
#7737=EDGE_CURVE('',#9622,#9621,#10335,.T.);
#7738=EDGE_CURVE('',#9623,#9622,#907,.T.);
#7739=EDGE_CURVE('',#9624,#9623,#10336,.T.);
#7740=EDGE_CURVE('',#9618,#9624,#908,.T.);
#7741=EDGE_CURVE('',#9625,#9626,#10337,.T.);
#7742=EDGE_CURVE('',#9627,#9625,#909,.T.);
#7743=EDGE_CURVE('',#9628,#9627,#10338,.T.);
#7744=EDGE_CURVE('',#9629,#9628,#910,.T.);
#7745=EDGE_CURVE('',#9630,#9629,#10339,.T.);
#7746=EDGE_CURVE('',#9631,#9630,#911,.T.);
#7747=EDGE_CURVE('',#9632,#9631,#10340,.T.);
#7748=EDGE_CURVE('',#9626,#9632,#912,.T.);
#7749=EDGE_CURVE('',#9633,#9634,#913,.T.);
#7750=EDGE_CURVE('',#9635,#9633,#10341,.T.);
#7751=EDGE_CURVE('',#9636,#9635,#914,.T.);
#7752=EDGE_CURVE('',#9637,#9636,#915,.T.);
#7753=EDGE_CURVE('',#9638,#9637,#10342,.T.);
#7754=EDGE_CURVE('',#9634,#9638,#916,.T.);
#7755=EDGE_CURVE('',#9639,#9640,#917,.T.);
#7756=EDGE_CURVE('',#9641,#9639,#918,.T.);
#7757=EDGE_CURVE('',#9642,#9641,#10343,.T.);
#7758=EDGE_CURVE('',#9643,#9642,#919,.T.);
#7759=EDGE_CURVE('',#9644,#9643,#920,.T.);
#7760=EDGE_CURVE('',#9640,#9644,#10344,.T.);
#7761=EDGE_CURVE('',#9645,#9646,#921,.T.);
#7762=EDGE_CURVE('',#9647,#9645,#10345,.T.);
#7763=EDGE_CURVE('',#9648,#9647,#922,.T.);
#7764=EDGE_CURVE('',#9646,#9648,#10346,.T.);
#7765=EDGE_CURVE('',#9649,#9650,#923,.T.);
#7766=EDGE_CURVE('',#9651,#9649,#10347,.T.);
#7767=EDGE_CURVE('',#9652,#9651,#924,.T.);
#7768=EDGE_CURVE('',#9650,#9652,#10348,.T.);
#7769=EDGE_CURVE('',#9653,#9654,#925,.T.);
#7770=EDGE_CURVE('',#9655,#9653,#10349,.T.);
#7771=EDGE_CURVE('',#9656,#9655,#926,.T.);
#7772=EDGE_CURVE('',#9654,#9656,#10350,.T.);
#7773=EDGE_CURVE('',#9657,#9658,#927,.T.);
#7774=EDGE_CURVE('',#9659,#9657,#10351,.T.);
#7775=EDGE_CURVE('',#9660,#9659,#928,.T.);
#7776=EDGE_CURVE('',#9658,#9660,#10352,.T.);
#7777=EDGE_CURVE('',#9661,#9662,#10353,.T.);
#7778=EDGE_CURVE('',#9663,#9661,#929,.T.);
#7779=EDGE_CURVE('',#9664,#9663,#930,.T.);
#7780=EDGE_CURVE('',#9665,#9664,#10354,.T.);
#7781=EDGE_CURVE('',#9666,#9665,#931,.T.);
#7782=EDGE_CURVE('',#9662,#9666,#932,.T.);
#7783=EDGE_CURVE('',#9667,#9668,#10355,.T.);
#7784=EDGE_CURVE('',#9669,#9667,#933,.T.);
#7785=EDGE_CURVE('',#9670,#9669,#934,.T.);
#7786=EDGE_CURVE('',#9671,#9670,#10356,.T.);
#7787=EDGE_CURVE('',#9672,#9671,#935,.T.);
#7788=EDGE_CURVE('',#9673,#9672,#936,.T.);
#7789=EDGE_CURVE('',#9674,#9673,#937,.T.);
#7790=EDGE_CURVE('',#9675,#9674,#10357,.T.);
#7791=EDGE_CURVE('',#9676,#9675,#938,.T.);
#7792=EDGE_CURVE('',#9668,#9676,#939,.T.);
#7793=EDGE_CURVE('',#9677,#9678,#10358,.T.);
#7794=EDGE_CURVE('',#9679,#9677,#940,.T.);
#7795=EDGE_CURVE('',#9680,#9679,#10359,.T.);
#7796=EDGE_CURVE('',#9678,#9680,#941,.T.);
#7797=EDGE_CURVE('',#9681,#9682,#10360,.T.);
#7798=EDGE_CURVE('',#9683,#9681,#942,.T.);
#7799=EDGE_CURVE('',#9684,#9683,#10361,.T.);
#7800=EDGE_CURVE('',#9682,#9684,#943,.T.);
#7801=EDGE_CURVE('',#9685,#9686,#944,.T.);
#7802=EDGE_CURVE('',#9687,#9685,#10362,.T.);
#7803=EDGE_CURVE('',#9688,#9687,#945,.T.);
#7804=EDGE_CURVE('',#9689,#9688,#10363,.T.);
#7805=EDGE_CURVE('',#9690,#9689,#946,.T.);
#7806=EDGE_CURVE('',#9691,#9690,#10364,.T.);
#7807=EDGE_CURVE('',#9692,#9691,#947,.T.);
#7808=EDGE_CURVE('',#9686,#9692,#10365,.T.);
#7809=EDGE_CURVE('',#9693,#9694,#948,.T.);
#7810=EDGE_CURVE('',#9695,#9693,#10366,.T.);
#7811=EDGE_CURVE('',#9696,#9695,#949,.T.);
#7812=EDGE_CURVE('',#9697,#9696,#10367,.T.);
#7813=EDGE_CURVE('',#9698,#9697,#950,.T.);
#7814=EDGE_CURVE('',#9699,#9698,#10368,.T.);
#7815=EDGE_CURVE('',#9700,#9699,#951,.T.);
#7816=EDGE_CURVE('',#9694,#9700,#10369,.T.);
#7817=EDGE_CURVE('',#9701,#9702,#952,.T.);
#7818=EDGE_CURVE('',#9703,#9701,#10370,.T.);
#7819=EDGE_CURVE('',#9704,#9703,#953,.T.);
#7820=EDGE_CURVE('',#9702,#9704,#10371,.T.);
#7821=EDGE_CURVE('',#9705,#9706,#10372,.T.);
#7822=EDGE_CURVE('',#9707,#9705,#954,.T.);
#7823=EDGE_CURVE('',#9708,#9707,#10373,.T.);
#7824=EDGE_CURVE('',#9706,#9708,#955,.T.);
#7825=EDGE_CURVE('',#9709,#9710,#10374,.T.);
#7826=EDGE_CURVE('',#9711,#9709,#956,.T.);
#7827=EDGE_CURVE('',#9712,#9711,#10375,.T.);
#7828=EDGE_CURVE('',#9710,#9712,#957,.T.);
#7829=EDGE_CURVE('',#9713,#9714,#958,.T.);
#7830=EDGE_CURVE('',#9715,#9713,#10376,.T.);
#7831=EDGE_CURVE('',#9716,#9715,#959,.T.);
#7832=EDGE_CURVE('',#9714,#9716,#10377,.T.);
#7833=EDGE_CURVE('',#9717,#9718,#10378,.T.);
#7834=EDGE_CURVE('',#9719,#9717,#960,.T.);
#7835=EDGE_CURVE('',#9720,#9719,#10379,.T.);
#7836=EDGE_CURVE('',#9721,#9720,#961,.T.);
#7837=EDGE_CURVE('',#9722,#9721,#10380,.T.);
#7838=EDGE_CURVE('',#9723,#9722,#962,.T.);
#7839=EDGE_CURVE('',#9724,#9723,#10381,.T.);
#7840=EDGE_CURVE('',#9718,#9724,#963,.T.);
#7841=EDGE_CURVE('',#9725,#9726,#10382,.T.);
#7842=EDGE_CURVE('',#9727,#9725,#964,.T.);
#7843=EDGE_CURVE('',#9728,#9727,#10383,.T.);
#7844=EDGE_CURVE('',#9729,#9728,#965,.T.);
#7845=EDGE_CURVE('',#9730,#9729,#10384,.T.);
#7846=EDGE_CURVE('',#9731,#9730,#966,.T.);
#7847=EDGE_CURVE('',#9732,#9731,#10385,.T.);
#7848=EDGE_CURVE('',#9726,#9732,#967,.T.);
#7849=EDGE_CURVE('',#9733,#9734,#968,.T.);
#7850=EDGE_CURVE('',#9735,#9733,#10386,.T.);
#7851=EDGE_CURVE('',#9736,#9735,#969,.T.);
#7852=EDGE_CURVE('',#9734,#9736,#10387,.T.);
#7853=EDGE_CURVE('',#9737,#9738,#970,.T.);
#7854=EDGE_CURVE('',#9739,#9737,#10388,.T.);
#7855=EDGE_CURVE('',#9740,#9739,#971,.T.);
#7856=EDGE_CURVE('',#9738,#9740,#10389,.T.);
#7857=EDGE_CURVE('',#9741,#9742,#972,.T.);
#7858=EDGE_CURVE('',#9743,#9741,#10390,.T.);
#7859=EDGE_CURVE('',#9744,#9743,#973,.T.);
#7860=EDGE_CURVE('',#9742,#9744,#10391,.T.);
#7861=EDGE_CURVE('',#9745,#9746,#974,.T.);
#7862=EDGE_CURVE('',#9746,#9747,#10392,.T.);
#7863=EDGE_CURVE('',#9747,#9748,#975,.T.);
#7864=EDGE_CURVE('',#9748,#9749,#10393,.T.);
#7865=EDGE_CURVE('',#9749,#9750,#976,.T.);
#7866=EDGE_CURVE('',#9750,#9751,#10394,.T.);
#7867=EDGE_CURVE('',#9751,#9752,#977,.T.);
#7868=EDGE_CURVE('',#9752,#9753,#10395,.T.);
#7869=EDGE_CURVE('',#9753,#9754,#978,.T.);
#7870=EDGE_CURVE('',#9754,#9755,#10396,.T.);
#7871=EDGE_CURVE('',#9755,#9756,#10397,.T.);
#7872=EDGE_CURVE('',#9756,#9745,#10398,.T.);
#7873=EDGE_CURVE('',#9746,#9105,#979,.T.);
#7874=EDGE_CURVE('',#9745,#9107,#980,.T.);
#7875=EDGE_CURVE('',#9742,#9102,#981,.T.);
#7876=EDGE_CURVE('',#9744,#9103,#982,.T.);
#7877=EDGE_CURVE('',#9738,#9098,#983,.T.);
#7878=EDGE_CURVE('',#9740,#9099,#984,.T.);
#7879=EDGE_CURVE('',#9734,#9094,#985,.T.);
#7880=EDGE_CURVE('',#9736,#9095,#986,.T.);
#7881=EDGE_CURVE('',#9726,#9086,#987,.T.);
#7882=EDGE_CURVE('',#9732,#9087,#988,.T.);
#7883=EDGE_CURVE('',#9718,#9078,#989,.T.);
#7884=EDGE_CURVE('',#9724,#9079,#990,.T.);
#7885=EDGE_CURVE('',#9714,#9074,#991,.T.);
#7886=EDGE_CURVE('',#9716,#9075,#992,.T.);
#7887=EDGE_CURVE('',#9710,#9070,#993,.T.);
#7888=EDGE_CURVE('',#9712,#9071,#994,.T.);
#7889=EDGE_CURVE('',#9706,#9066,#995,.T.);
#7890=EDGE_CURVE('',#9708,#9067,#996,.T.);
#7891=EDGE_CURVE('',#9702,#9062,#997,.T.);
#7892=EDGE_CURVE('',#9704,#9063,#998,.T.);
#7893=EDGE_CURVE('',#9694,#9054,#999,.T.);
#7894=EDGE_CURVE('',#9700,#9055,#1000,.T.);
#7895=EDGE_CURVE('',#9686,#9046,#1001,.T.);
#7896=EDGE_CURVE('',#9692,#9047,#1002,.T.);
#7897=EDGE_CURVE('',#9682,#9042,#1003,.T.);
#7898=EDGE_CURVE('',#9684,#9043,#1004,.T.);
#7899=EDGE_CURVE('',#9678,#9038,#1005,.T.);
#7900=EDGE_CURVE('',#9680,#9039,#1006,.T.);
#7901=EDGE_CURVE('',#9668,#9028,#1007,.T.);
#7902=EDGE_CURVE('',#9676,#9029,#1008,.T.);
#7903=EDGE_CURVE('',#9662,#9022,#1009,.T.);
#7904=EDGE_CURVE('',#9666,#9023,#1010,.T.);
#7905=EDGE_CURVE('',#9658,#9018,#1011,.T.);
#7906=EDGE_CURVE('',#9660,#9019,#1012,.T.);
#7907=EDGE_CURVE('',#9654,#9014,#1013,.T.);
#7908=EDGE_CURVE('',#9656,#9015,#1014,.T.);
#7909=EDGE_CURVE('',#9650,#9010,#1015,.T.);
#7910=EDGE_CURVE('',#9652,#9011,#1016,.T.);
#7911=EDGE_CURVE('',#9646,#9006,#1017,.T.);
#7912=EDGE_CURVE('',#9648,#9007,#1018,.T.);
#7913=EDGE_CURVE('',#9640,#9000,#1019,.T.);
#7914=EDGE_CURVE('',#9644,#9001,#1020,.T.);
#7915=EDGE_CURVE('',#9634,#8994,#1021,.T.);
#7916=EDGE_CURVE('',#9638,#8995,#1022,.T.);
#7917=EDGE_CURVE('',#9626,#8986,#1023,.T.);
#7918=EDGE_CURVE('',#9632,#8987,#1024,.T.);
#7919=EDGE_CURVE('',#9618,#8978,#1025,.T.);
#7920=EDGE_CURVE('',#9624,#8979,#1026,.T.);
#7921=EDGE_CURVE('',#9614,#8974,#1027,.T.);
#7922=EDGE_CURVE('',#9616,#8975,#1028,.T.);
#7923=EDGE_CURVE('',#9610,#8970,#1029,.T.);
#7924=EDGE_CURVE('',#9612,#8971,#1030,.T.);
#7925=EDGE_CURVE('',#9606,#8966,#1031,.T.);
#7926=EDGE_CURVE('',#9608,#8967,#1032,.T.);
#7927=EDGE_CURVE('',#9602,#8962,#1033,.T.);
#7928=EDGE_CURVE('',#9604,#8963,#1034,.T.);
#7929=EDGE_CURVE('',#9598,#8958,#1035,.T.);
#7930=EDGE_CURVE('',#9600,#8959,#1036,.T.);
#7931=EDGE_CURVE('',#9594,#8954,#1037,.T.);
#7932=EDGE_CURVE('',#9596,#8955,#1038,.T.);
#7933=EDGE_CURVE('',#9586,#8946,#1039,.T.);
#7934=EDGE_CURVE('',#9592,#8947,#1040,.T.);
#7935=EDGE_CURVE('',#9578,#8938,#1041,.T.);
#7936=EDGE_CURVE('',#9584,#8939,#1042,.T.);
#7937=EDGE_CURVE('',#9574,#8934,#1043,.T.);
#7938=EDGE_CURVE('',#9576,#8935,#1044,.T.);
#7939=EDGE_CURVE('',#9570,#8930,#1045,.T.);
#7940=EDGE_CURVE('',#9572,#8931,#1046,.T.);
#7941=EDGE_CURVE('',#9566,#8926,#1047,.T.);
#7942=EDGE_CURVE('',#9568,#8927,#1048,.T.);
#7943=EDGE_CURVE('',#9562,#8922,#1049,.T.);
#7944=EDGE_CURVE('',#9564,#8923,#1050,.T.);
#7945=EDGE_CURVE('',#9558,#8918,#1051,.T.);
#7946=EDGE_CURVE('',#9560,#8919,#1052,.T.);
#7947=EDGE_CURVE('',#9554,#8914,#1053,.T.);
#7948=EDGE_CURVE('',#9556,#8915,#1054,.T.);
#7949=EDGE_CURVE('',#9546,#8906,#1055,.T.);
#7950=EDGE_CURVE('',#9552,#8907,#1056,.T.);
#7951=EDGE_CURVE('',#9538,#8898,#1057,.T.);
#7952=EDGE_CURVE('',#9544,#8899,#1058,.T.);
#7953=EDGE_CURVE('',#9534,#8894,#1059,.T.);
#7954=EDGE_CURVE('',#9536,#8895,#1060,.T.);
#7955=EDGE_CURVE('',#9530,#8890,#1061,.T.);
#7956=EDGE_CURVE('',#9532,#8891,#1062,.T.);
#7957=EDGE_CURVE('',#9526,#8886,#1063,.T.);
#7958=EDGE_CURVE('',#9528,#8887,#1064,.T.);
#7959=EDGE_CURVE('',#9522,#8882,#1065,.T.);
#7960=EDGE_CURVE('',#9524,#8883,#1066,.T.);
#7961=EDGE_CURVE('',#9518,#8878,#1067,.T.);
#7962=EDGE_CURVE('',#9520,#8879,#1068,.T.);
#7963=EDGE_CURVE('',#9512,#8872,#1069,.T.);
#7964=EDGE_CURVE('',#9516,#8873,#1070,.T.);
#7965=EDGE_CURVE('',#9506,#8866,#1071,.T.);
#7966=EDGE_CURVE('',#9510,#8867,#1072,.T.);
#7967=EDGE_CURVE('',#9502,#8862,#1073,.T.);
#7968=EDGE_CURVE('',#9504,#8863,#1074,.T.);
#7969=EDGE_CURVE('',#9498,#8858,#1075,.T.);
#7970=EDGE_CURVE('',#9500,#8859,#1076,.T.);
#7971=EDGE_CURVE('',#9494,#8854,#1077,.T.);
#7972=EDGE_CURVE('',#9496,#8855,#1078,.T.);
#7973=EDGE_CURVE('',#9490,#8850,#1079,.T.);
#7974=EDGE_CURVE('',#9492,#8851,#1080,.T.);
#7975=EDGE_CURVE('',#9486,#8846,#1081,.T.);
#7976=EDGE_CURVE('',#9488,#8847,#1082,.T.);
#7977=EDGE_CURVE('',#9480,#8840,#1083,.T.);
#7978=EDGE_CURVE('',#9484,#8841,#1084,.T.);
#7979=EDGE_CURVE('',#9474,#8834,#1085,.T.);
#7980=EDGE_CURVE('',#9478,#8835,#1086,.T.);
#7981=EDGE_CURVE('',#9466,#8826,#1087,.T.);
#7982=EDGE_CURVE('',#9472,#8827,#1088,.T.);
#7983=EDGE_CURVE('',#9458,#8818,#1089,.T.);
#7984=EDGE_CURVE('',#9464,#8819,#1090,.T.);
#7985=EDGE_CURVE('',#9454,#8814,#1091,.T.);
#7986=EDGE_CURVE('',#9456,#8815,#1092,.T.);
#7987=EDGE_CURVE('',#9450,#8810,#1093,.T.);
#7988=EDGE_CURVE('',#9452,#8811,#1094,.T.);
#7989=EDGE_CURVE('',#9446,#8806,#1095,.T.);
#7990=EDGE_CURVE('',#9448,#8807,#1096,.T.);
#7991=EDGE_CURVE('',#9442,#8802,#1097,.T.);
#7992=EDGE_CURVE('',#9444,#8803,#1098,.T.);
#7993=EDGE_CURVE('',#9434,#8794,#1099,.T.);
#7994=EDGE_CURVE('',#9440,#8795,#1100,.T.);
#7995=EDGE_CURVE('',#9426,#8786,#1101,.T.);
#7996=EDGE_CURVE('',#9432,#8787,#1102,.T.);
#7997=EDGE_CURVE('',#9422,#8782,#1103,.T.);
#7998=EDGE_CURVE('',#9424,#8783,#1104,.T.);
#7999=EDGE_CURVE('',#9418,#8778,#1105,.T.);
#8000=EDGE_CURVE('',#9420,#8779,#1106,.T.);
#8001=EDGE_CURVE('',#9414,#8774,#1107,.T.);
#8002=EDGE_CURVE('',#9416,#8775,#1108,.T.);
#8003=EDGE_CURVE('',#9410,#8770,#1109,.T.);
#8004=EDGE_CURVE('',#9412,#8771,#1110,.T.);
#8005=EDGE_CURVE('',#9406,#8766,#1111,.T.);
#8006=EDGE_CURVE('',#9408,#8767,#1112,.T.);
#8007=EDGE_CURVE('',#9402,#8762,#1113,.T.);
#8008=EDGE_CURVE('',#9404,#8763,#1114,.T.);
#8009=EDGE_CURVE('',#9398,#8758,#1115,.T.);
#8010=EDGE_CURVE('',#9400,#8759,#1116,.T.);
#8011=EDGE_CURVE('',#9394,#8754,#1117,.T.);
#8012=EDGE_CURVE('',#9396,#8755,#1118,.T.);
#8013=EDGE_CURVE('',#9390,#8750,#1119,.T.);
#8014=EDGE_CURVE('',#9392,#8751,#1120,.T.);
#8015=EDGE_CURVE('',#9386,#8746,#1121,.T.);
#8016=EDGE_CURVE('',#9388,#8747,#1122,.T.);
#8017=EDGE_CURVE('',#9378,#8738,#1123,.T.);
#8018=EDGE_CURVE('',#9384,#8739,#1124,.T.);
#8019=EDGE_CURVE('',#9370,#8730,#1125,.T.);
#8020=EDGE_CURVE('',#9376,#8731,#1126,.T.);
#8021=EDGE_CURVE('',#9366,#8726,#1127,.T.);
#8022=EDGE_CURVE('',#9368,#8727,#1128,.T.);
#8023=EDGE_CURVE('',#9362,#8722,#1129,.T.);
#8024=EDGE_CURVE('',#9364,#8723,#1130,.T.);
#8025=EDGE_CURVE('',#9358,#8718,#1131,.T.);
#8026=EDGE_CURVE('',#9360,#8719,#1132,.T.);
#8027=EDGE_CURVE('',#9354,#8714,#1133,.T.);
#8028=EDGE_CURVE('',#9356,#8715,#1134,.T.);
#8029=EDGE_CURVE('',#9350,#8710,#1135,.T.);
#8030=EDGE_CURVE('',#9352,#8711,#1136,.T.);
#8031=EDGE_CURVE('',#9346,#8706,#1137,.T.);
#8032=EDGE_CURVE('',#9348,#8707,#1138,.T.);
#8033=EDGE_CURVE('',#9340,#8700,#1139,.T.);
#8034=EDGE_CURVE('',#9344,#8701,#1140,.T.);
#8035=EDGE_CURVE('',#9334,#8694,#1141,.T.);
#8036=EDGE_CURVE('',#9338,#8695,#1142,.T.);
#8037=EDGE_CURVE('',#9328,#8688,#1143,.T.);
#8038=EDGE_CURVE('',#9332,#8689,#1144,.T.);
#8039=EDGE_CURVE('',#9322,#8682,#1145,.T.);
#8040=EDGE_CURVE('',#9326,#8683,#1146,.T.);
#8041=EDGE_CURVE('',#9318,#8678,#1147,.T.);
#8042=EDGE_CURVE('',#9320,#8679,#1148,.T.);
#8043=EDGE_CURVE('',#9314,#8674,#1149,.T.);
#8044=EDGE_CURVE('',#9316,#8675,#1150,.T.);
#8045=EDGE_CURVE('',#9310,#8670,#1151,.T.);
#8046=EDGE_CURVE('',#9312,#8671,#1152,.T.);
#8047=EDGE_CURVE('',#9306,#8666,#1153,.T.);
#8048=EDGE_CURVE('',#9308,#8667,#1154,.T.);
#8049=EDGE_CURVE('',#9298,#8658,#1155,.T.);
#8050=EDGE_CURVE('',#9304,#8659,#1156,.T.);
#8051=EDGE_CURVE('',#9290,#8650,#1157,.T.);
#8052=EDGE_CURVE('',#9296,#8651,#1158,.T.);
#8053=EDGE_CURVE('',#9286,#8646,#1159,.T.);
#8054=EDGE_CURVE('',#9288,#8647,#1160,.T.);
#8055=EDGE_CURVE('',#9282,#8642,#1161,.T.);
#8056=EDGE_CURVE('',#9284,#8643,#1162,.T.);
#8057=EDGE_CURVE('',#9278,#8638,#1163,.T.);
#8058=EDGE_CURVE('',#9280,#8639,#1164,.T.);
#8059=EDGE_CURVE('',#9274,#8634,#1165,.T.);
#8060=EDGE_CURVE('',#9276,#8635,#1166,.T.);
#8061=EDGE_CURVE('',#9270,#8630,#1167,.T.);
#8062=EDGE_CURVE('',#9272,#8631,#1168,.T.);
#8063=EDGE_CURVE('',#9266,#8626,#1169,.T.);
#8064=EDGE_CURVE('',#9268,#8627,#1170,.T.);
#8065=EDGE_CURVE('',#9258,#8618,#1171,.T.);
#8066=EDGE_CURVE('',#9264,#8619,#1172,.T.);
#8067=EDGE_CURVE('',#9250,#8610,#1173,.T.);
#8068=EDGE_CURVE('',#9256,#8611,#1174,.T.);
#8069=EDGE_CURVE('',#9246,#8606,#1175,.T.);
#8070=EDGE_CURVE('',#9248,#8607,#1176,.T.);
#8071=EDGE_CURVE('',#9242,#8602,#1177,.T.);
#8072=EDGE_CURVE('',#9244,#8603,#1178,.T.);
#8073=EDGE_CURVE('',#9238,#8598,#1179,.T.);
#8074=EDGE_CURVE('',#9240,#8599,#1180,.T.);
#8075=EDGE_CURVE('',#9234,#8594,#1181,.T.);
#8076=EDGE_CURVE('',#9236,#8595,#1182,.T.);
#8077=EDGE_CURVE('',#9226,#8586,#1183,.T.);
#8078=EDGE_CURVE('',#9232,#8587,#1184,.T.);
#8079=EDGE_CURVE('',#9218,#8578,#1185,.T.);
#8080=EDGE_CURVE('',#9224,#8579,#1186,.T.);
#8081=EDGE_CURVE('',#9214,#8574,#1187,.T.);
#8082=EDGE_CURVE('',#9216,#8575,#1188,.T.);
#8083=EDGE_CURVE('',#9208,#8568,#1189,.T.);
#8084=EDGE_CURVE('',#9212,#8569,#1190,.T.);
#8085=EDGE_CURVE('',#9202,#8562,#1191,.T.);
#8086=EDGE_CURVE('',#9206,#8563,#1192,.T.);
#8087=EDGE_CURVE('',#9198,#8558,#1193,.T.);
#8088=EDGE_CURVE('',#9200,#8559,#1194,.T.);
#8089=EDGE_CURVE('',#9194,#8554,#1195,.T.);
#8090=EDGE_CURVE('',#9196,#8555,#1196,.T.);
#8091=EDGE_CURVE('',#9186,#8546,#1197,.T.);
#8092=EDGE_CURVE('',#9192,#8547,#1198,.T.);
#8093=EDGE_CURVE('',#9176,#8536,#1199,.T.);
#8094=EDGE_CURVE('',#9184,#8537,#1200,.T.);
#8095=EDGE_CURVE('',#9170,#8530,#1201,.T.);
#8096=EDGE_CURVE('',#9174,#8531,#1202,.T.);
#8097=EDGE_CURVE('',#9162,#8522,#1203,.T.);
#8098=EDGE_CURVE('',#9168,#8523,#1204,.T.);
#8099=EDGE_CURVE('',#9158,#8518,#1205,.T.);
#8100=EDGE_CURVE('',#9160,#8519,#1206,.T.);
#8101=EDGE_CURVE('',#9154,#8514,#1207,.T.);
#8102=EDGE_CURVE('',#9156,#8515,#1208,.T.);
#8103=EDGE_CURVE('',#9756,#9108,#1209,.T.);
#8104=EDGE_CURVE('',#9755,#9109,#1210,.T.);
#8105=EDGE_CURVE('',#9754,#9110,#1211,.T.);
#8106=EDGE_CURVE('',#9753,#9111,#1212,.T.);
#8107=EDGE_CURVE('',#9752,#9112,#1213,.T.);
#8108=EDGE_CURVE('',#9751,#9113,#1214,.T.);
#8109=EDGE_CURVE('',#9750,#9114,#1215,.T.);
#8110=EDGE_CURVE('',#9749,#9115,#1216,.T.);
#8111=EDGE_CURVE('',#9748,#9116,#1217,.T.);
#8112=EDGE_CURVE('',#9747,#9106,#1218,.T.);
#8113=EDGE_CURVE('',#9743,#9104,#1219,.T.);
#8114=EDGE_CURVE('',#9741,#9101,#1220,.T.);
#8115=EDGE_CURVE('',#9739,#9100,#1221,.T.);
#8116=EDGE_CURVE('',#9737,#9097,#1222,.T.);
#8117=EDGE_CURVE('',#9735,#9096,#1223,.T.);
#8118=EDGE_CURVE('',#9733,#9093,#1224,.T.);
#8119=EDGE_CURVE('',#9731,#9088,#1225,.T.);
#8120=EDGE_CURVE('',#9730,#9089,#1226,.T.);
#8121=EDGE_CURVE('',#9729,#9090,#1227,.T.);
#8122=EDGE_CURVE('',#9728,#9091,#1228,.T.);
#8123=EDGE_CURVE('',#9727,#9092,#1229,.T.);
#8124=EDGE_CURVE('',#9725,#9085,#1230,.T.);
#8125=EDGE_CURVE('',#9723,#9080,#1231,.T.);
#8126=EDGE_CURVE('',#9722,#9081,#1232,.T.);
#8127=EDGE_CURVE('',#9721,#9082,#1233,.T.);
#8128=EDGE_CURVE('',#9720,#9083,#1234,.T.);
#8129=EDGE_CURVE('',#9719,#9084,#1235,.T.);
#8130=EDGE_CURVE('',#9717,#9077,#1236,.T.);
#8131=EDGE_CURVE('',#9715,#9076,#1237,.T.);
#8132=EDGE_CURVE('',#9713,#9073,#1238,.T.);
#8133=EDGE_CURVE('',#9711,#9072,#1239,.T.);
#8134=EDGE_CURVE('',#9709,#9069,#1240,.T.);
#8135=EDGE_CURVE('',#9707,#9068,#1241,.T.);
#8136=EDGE_CURVE('',#9705,#9065,#1242,.T.);
#8137=EDGE_CURVE('',#9703,#9064,#1243,.T.);
#8138=EDGE_CURVE('',#9701,#9061,#1244,.T.);
#8139=EDGE_CURVE('',#9699,#9056,#1245,.T.);
#8140=EDGE_CURVE('',#9698,#9057,#1246,.T.);
#8141=EDGE_CURVE('',#9697,#9058,#1247,.T.);
#8142=EDGE_CURVE('',#9696,#9059,#1248,.T.);
#8143=EDGE_CURVE('',#9695,#9060,#1249,.T.);
#8144=EDGE_CURVE('',#9693,#9053,#1250,.T.);
#8145=EDGE_CURVE('',#9691,#9048,#1251,.T.);
#8146=EDGE_CURVE('',#9690,#9049,#1252,.T.);
#8147=EDGE_CURVE('',#9689,#9050,#1253,.T.);
#8148=EDGE_CURVE('',#9688,#9051,#1254,.T.);
#8149=EDGE_CURVE('',#9687,#9052,#1255,.T.);
#8150=EDGE_CURVE('',#9685,#9045,#1256,.T.);
#8151=EDGE_CURVE('',#9683,#9044,#1257,.T.);
#8152=EDGE_CURVE('',#9681,#9041,#1258,.T.);
#8153=EDGE_CURVE('',#9679,#9040,#1259,.T.);
#8154=EDGE_CURVE('',#9677,#9037,#1260,.T.);
#8155=EDGE_CURVE('',#9675,#9030,#1261,.T.);
#8156=EDGE_CURVE('',#9674,#9031,#1262,.T.);
#8157=EDGE_CURVE('',#9673,#9032,#1263,.T.);
#8158=EDGE_CURVE('',#9672,#9033,#1264,.T.);
#8159=EDGE_CURVE('',#9671,#9034,#1265,.T.);
#8160=EDGE_CURVE('',#9670,#9035,#1266,.T.);
#8161=EDGE_CURVE('',#9669,#9036,#1267,.T.);
#8162=EDGE_CURVE('',#9667,#9027,#1268,.T.);
#8163=EDGE_CURVE('',#9665,#9024,#1269,.T.);
#8164=EDGE_CURVE('',#9664,#9025,#1270,.T.);
#8165=EDGE_CURVE('',#9663,#9026,#1271,.T.);
#8166=EDGE_CURVE('',#9661,#9021,#1272,.T.);
#8167=EDGE_CURVE('',#9659,#9020,#1273,.T.);
#8168=EDGE_CURVE('',#9657,#9017,#1274,.T.);
#8169=EDGE_CURVE('',#9655,#9016,#1275,.T.);
#8170=EDGE_CURVE('',#9653,#9013,#1276,.T.);
#8171=EDGE_CURVE('',#9651,#9012,#1277,.T.);
#8172=EDGE_CURVE('',#9649,#9009,#1278,.T.);
#8173=EDGE_CURVE('',#9647,#9008,#1279,.T.);
#8174=EDGE_CURVE('',#9645,#9005,#1280,.T.);
#8175=EDGE_CURVE('',#9643,#9002,#1281,.T.);
#8176=EDGE_CURVE('',#9642,#9003,#1282,.T.);
#8177=EDGE_CURVE('',#9641,#9004,#1283,.T.);
#8178=EDGE_CURVE('',#9639,#8999,#1284,.T.);
#8179=EDGE_CURVE('',#9637,#8996,#1285,.T.);
#8180=EDGE_CURVE('',#9636,#8997,#1286,.T.);
#8181=EDGE_CURVE('',#9635,#8998,#1287,.T.);
#8182=EDGE_CURVE('',#9633,#8993,#1288,.T.);
#8183=EDGE_CURVE('',#9631,#8988,#1289,.T.);
#8184=EDGE_CURVE('',#9630,#8989,#1290,.T.);
#8185=EDGE_CURVE('',#9629,#8990,#1291,.T.);
#8186=EDGE_CURVE('',#9628,#8991,#1292,.T.);
#8187=EDGE_CURVE('',#9627,#8992,#1293,.T.);
#8188=EDGE_CURVE('',#9625,#8985,#1294,.T.);
#8189=EDGE_CURVE('',#9623,#8980,#1295,.T.);
#8190=EDGE_CURVE('',#9622,#8981,#1296,.T.);
#8191=EDGE_CURVE('',#9621,#8982,#1297,.T.);
#8192=EDGE_CURVE('',#9620,#8983,#1298,.T.);
#8193=EDGE_CURVE('',#9619,#8984,#1299,.T.);
#8194=EDGE_CURVE('',#9617,#8977,#1300,.T.);
#8195=EDGE_CURVE('',#9615,#8976,#1301,.T.);
#8196=EDGE_CURVE('',#9613,#8973,#1302,.T.);
#8197=EDGE_CURVE('',#9611,#8972,#1303,.T.);
#8198=EDGE_CURVE('',#9609,#8969,#1304,.T.);
#8199=EDGE_CURVE('',#9607,#8968,#1305,.T.);
#8200=EDGE_CURVE('',#9605,#8965,#1306,.T.);
#8201=EDGE_CURVE('',#9603,#8964,#1307,.T.);
#8202=EDGE_CURVE('',#9601,#8961,#1308,.T.);
#8203=EDGE_CURVE('',#9599,#8960,#1309,.T.);
#8204=EDGE_CURVE('',#9597,#8957,#1310,.T.);
#8205=EDGE_CURVE('',#9595,#8956,#1311,.T.);
#8206=EDGE_CURVE('',#9593,#8953,#1312,.T.);
#8207=EDGE_CURVE('',#9591,#8948,#1313,.T.);
#8208=EDGE_CURVE('',#9590,#8949,#1314,.T.);
#8209=EDGE_CURVE('',#9589,#8950,#1315,.T.);
#8210=EDGE_CURVE('',#9588,#8951,#1316,.T.);
#8211=EDGE_CURVE('',#9587,#8952,#1317,.T.);
#8212=EDGE_CURVE('',#9585,#8945,#1318,.T.);
#8213=EDGE_CURVE('',#9583,#8940,#1319,.T.);
#8214=EDGE_CURVE('',#9582,#8941,#1320,.T.);
#8215=EDGE_CURVE('',#9581,#8942,#1321,.T.);
#8216=EDGE_CURVE('',#9580,#8943,#1322,.T.);
#8217=EDGE_CURVE('',#9579,#8944,#1323,.T.);
#8218=EDGE_CURVE('',#9577,#8937,#1324,.T.);
#8219=EDGE_CURVE('',#9575,#8936,#1325,.T.);
#8220=EDGE_CURVE('',#9573,#8933,#1326,.T.);
#8221=EDGE_CURVE('',#9571,#8932,#1327,.T.);
#8222=EDGE_CURVE('',#9569,#8929,#1328,.T.);
#8223=EDGE_CURVE('',#9567,#8928,#1329,.T.);
#8224=EDGE_CURVE('',#9565,#8925,#1330,.T.);
#8225=EDGE_CURVE('',#9563,#8924,#1331,.T.);
#8226=EDGE_CURVE('',#9561,#8921,#1332,.T.);
#8227=EDGE_CURVE('',#9559,#8920,#1333,.T.);
#8228=EDGE_CURVE('',#9557,#8917,#1334,.T.);
#8229=EDGE_CURVE('',#9555,#8916,#1335,.T.);
#8230=EDGE_CURVE('',#9553,#8913,#1336,.T.);
#8231=EDGE_CURVE('',#9551,#8908,#1337,.T.);
#8232=EDGE_CURVE('',#9550,#8909,#1338,.T.);
#8233=EDGE_CURVE('',#9549,#8910,#1339,.T.);
#8234=EDGE_CURVE('',#9548,#8911,#1340,.T.);
#8235=EDGE_CURVE('',#9547,#8912,#1341,.T.);
#8236=EDGE_CURVE('',#9545,#8905,#1342,.T.);
#8237=EDGE_CURVE('',#9543,#8900,#1343,.T.);
#8238=EDGE_CURVE('',#9542,#8901,#1344,.T.);
#8239=EDGE_CURVE('',#9541,#8902,#1345,.T.);
#8240=EDGE_CURVE('',#9540,#8903,#1346,.T.);
#8241=EDGE_CURVE('',#9539,#8904,#1347,.T.);
#8242=EDGE_CURVE('',#9537,#8897,#1348,.T.);
#8243=EDGE_CURVE('',#9535,#8896,#1349,.T.);
#8244=EDGE_CURVE('',#9533,#8893,#1350,.T.);
#8245=EDGE_CURVE('',#9531,#8892,#1351,.T.);
#8246=EDGE_CURVE('',#9529,#8889,#1352,.T.);
#8247=EDGE_CURVE('',#9527,#8888,#1353,.T.);
#8248=EDGE_CURVE('',#9525,#8885,#1354,.T.);
#8249=EDGE_CURVE('',#9523,#8884,#1355,.T.);
#8250=EDGE_CURVE('',#9521,#8881,#1356,.T.);
#8251=EDGE_CURVE('',#9519,#8880,#1357,.T.);
#8252=EDGE_CURVE('',#9517,#8877,#1358,.T.);
#8253=EDGE_CURVE('',#9515,#8874,#1359,.T.);
#8254=EDGE_CURVE('',#9514,#8875,#1360,.T.);
#8255=EDGE_CURVE('',#9513,#8876,#1361,.T.);
#8256=EDGE_CURVE('',#9511,#8871,#1362,.T.);
#8257=EDGE_CURVE('',#9509,#8868,#1363,.T.);
#8258=EDGE_CURVE('',#9508,#8869,#1364,.T.);
#8259=EDGE_CURVE('',#9507,#8870,#1365,.T.);
#8260=EDGE_CURVE('',#9505,#8865,#1366,.T.);
#8261=EDGE_CURVE('',#9503,#8864,#1367,.T.);
#8262=EDGE_CURVE('',#9501,#8861,#1368,.T.);
#8263=EDGE_CURVE('',#9499,#8860,#1369,.T.);
#8264=EDGE_CURVE('',#9497,#8857,#1370,.T.);
#8265=EDGE_CURVE('',#9495,#8856,#1371,.T.);
#8266=EDGE_CURVE('',#9493,#8853,#1372,.T.);
#8267=EDGE_CURVE('',#9491,#8852,#1373,.T.);
#8268=EDGE_CURVE('',#9489,#8849,#1374,.T.);
#8269=EDGE_CURVE('',#9487,#8848,#1375,.T.);
#8270=EDGE_CURVE('',#9485,#8845,#1376,.T.);
#8271=EDGE_CURVE('',#9483,#8842,#1377,.T.);
#8272=EDGE_CURVE('',#9482,#8843,#1378,.T.);
#8273=EDGE_CURVE('',#9481,#8844,#1379,.T.);
#8274=EDGE_CURVE('',#9479,#8839,#1380,.T.);
#8275=EDGE_CURVE('',#9477,#8836,#1381,.T.);
#8276=EDGE_CURVE('',#9476,#8837,#1382,.T.);
#8277=EDGE_CURVE('',#9475,#8838,#1383,.T.);
#8278=EDGE_CURVE('',#9473,#8833,#1384,.T.);
#8279=EDGE_CURVE('',#9471,#8828,#1385,.T.);
#8280=EDGE_CURVE('',#9470,#8829,#1386,.T.);
#8281=EDGE_CURVE('',#9469,#8830,#1387,.T.);
#8282=EDGE_CURVE('',#9468,#8831,#1388,.T.);
#8283=EDGE_CURVE('',#9467,#8832,#1389,.T.);
#8284=EDGE_CURVE('',#9465,#8825,#1390,.T.);
#8285=EDGE_CURVE('',#9463,#8820,#1391,.T.);
#8286=EDGE_CURVE('',#9462,#8821,#1392,.T.);
#8287=EDGE_CURVE('',#9461,#8822,#1393,.T.);
#8288=EDGE_CURVE('',#9460,#8823,#1394,.T.);
#8289=EDGE_CURVE('',#9459,#8824,#1395,.T.);
#8290=EDGE_CURVE('',#9457,#8817,#1396,.T.);
#8291=EDGE_CURVE('',#9455,#8816,#1397,.T.);
#8292=EDGE_CURVE('',#9453,#8813,#1398,.T.);
#8293=EDGE_CURVE('',#9451,#8812,#1399,.T.);
#8294=EDGE_CURVE('',#9449,#8809,#1400,.T.);
#8295=EDGE_CURVE('',#9447,#8808,#1401,.T.);
#8296=EDGE_CURVE('',#9445,#8805,#1402,.T.);
#8297=EDGE_CURVE('',#9443,#8804,#1403,.T.);
#8298=EDGE_CURVE('',#9441,#8801,#1404,.T.);
#8299=EDGE_CURVE('',#9439,#8796,#1405,.T.);
#8300=EDGE_CURVE('',#9438,#8797,#1406,.T.);
#8301=EDGE_CURVE('',#9437,#8798,#1407,.T.);
#8302=EDGE_CURVE('',#9436,#8799,#1408,.T.);
#8303=EDGE_CURVE('',#9435,#8800,#1409,.T.);
#8304=EDGE_CURVE('',#9433,#8793,#1410,.T.);
#8305=EDGE_CURVE('',#9431,#8788,#1411,.T.);
#8306=EDGE_CURVE('',#9430,#8789,#1412,.T.);
#8307=EDGE_CURVE('',#9429,#8790,#1413,.T.);
#8308=EDGE_CURVE('',#9428,#8791,#1414,.T.);
#8309=EDGE_CURVE('',#9427,#8792,#1415,.T.);
#8310=EDGE_CURVE('',#9425,#8785,#1416,.T.);
#8311=EDGE_CURVE('',#9423,#8784,#1417,.T.);
#8312=EDGE_CURVE('',#9421,#8781,#1418,.T.);
#8313=EDGE_CURVE('',#9419,#8780,#1419,.T.);
#8314=EDGE_CURVE('',#9417,#8777,#1420,.T.);
#8315=EDGE_CURVE('',#9415,#8776,#1421,.T.);
#8316=EDGE_CURVE('',#9413,#8773,#1422,.T.);
#8317=EDGE_CURVE('',#9411,#8772,#1423,.T.);
#8318=EDGE_CURVE('',#9409,#8769,#1424,.T.);
#8319=EDGE_CURVE('',#9407,#8768,#1425,.T.);
#8320=EDGE_CURVE('',#9405,#8765,#1426,.T.);
#8321=EDGE_CURVE('',#9403,#8764,#1427,.T.);
#8322=EDGE_CURVE('',#9401,#8761,#1428,.T.);
#8323=EDGE_CURVE('',#9399,#8760,#1429,.T.);
#8324=EDGE_CURVE('',#9397,#8757,#1430,.T.);
#8325=EDGE_CURVE('',#9395,#8756,#1431,.T.);
#8326=EDGE_CURVE('',#9393,#8753,#1432,.T.);
#8327=EDGE_CURVE('',#9391,#8752,#1433,.T.);
#8328=EDGE_CURVE('',#9389,#8749,#1434,.T.);
#8329=EDGE_CURVE('',#9387,#8748,#1435,.T.);
#8330=EDGE_CURVE('',#9385,#8745,#1436,.T.);
#8331=EDGE_CURVE('',#9383,#8740,#1437,.T.);
#8332=EDGE_CURVE('',#9382,#8741,#1438,.T.);
#8333=EDGE_CURVE('',#9381,#8742,#1439,.T.);
#8334=EDGE_CURVE('',#9380,#8743,#1440,.T.);
#8335=EDGE_CURVE('',#9379,#8744,#1441,.T.);
#8336=EDGE_CURVE('',#9377,#8737,#1442,.T.);
#8337=EDGE_CURVE('',#9375,#8732,#1443,.T.);
#8338=EDGE_CURVE('',#9374,#8733,#1444,.T.);
#8339=EDGE_CURVE('',#9373,#8734,#1445,.T.);
#8340=EDGE_CURVE('',#9372,#8735,#1446,.T.);
#8341=EDGE_CURVE('',#9371,#8736,#1447,.T.);
#8342=EDGE_CURVE('',#9369,#8729,#1448,.T.);
#8343=EDGE_CURVE('',#9367,#8728,#1449,.T.);
#8344=EDGE_CURVE('',#9365,#8725,#1450,.T.);
#8345=EDGE_CURVE('',#9363,#8724,#1451,.T.);
#8346=EDGE_CURVE('',#9361,#8721,#1452,.T.);
#8347=EDGE_CURVE('',#9359,#8720,#1453,.T.);
#8348=EDGE_CURVE('',#9357,#8717,#1454,.T.);
#8349=EDGE_CURVE('',#9355,#8716,#1455,.T.);
#8350=EDGE_CURVE('',#9353,#8713,#1456,.T.);
#8351=EDGE_CURVE('',#9351,#8712,#1457,.T.);
#8352=EDGE_CURVE('',#9349,#8709,#1458,.T.);
#8353=EDGE_CURVE('',#9347,#8708,#1459,.T.);
#8354=EDGE_CURVE('',#9345,#8705,#1460,.T.);
#8355=EDGE_CURVE('',#9343,#8702,#1461,.T.);
#8356=EDGE_CURVE('',#9342,#8703,#1462,.T.);
#8357=EDGE_CURVE('',#9341,#8704,#1463,.T.);
#8358=EDGE_CURVE('',#9339,#8699,#1464,.T.);
#8359=EDGE_CURVE('',#9337,#8696,#1465,.T.);
#8360=EDGE_CURVE('',#9336,#8697,#1466,.T.);
#8361=EDGE_CURVE('',#9335,#8698,#1467,.T.);
#8362=EDGE_CURVE('',#9333,#8693,#1468,.T.);
#8363=EDGE_CURVE('',#9331,#8690,#1469,.T.);
#8364=EDGE_CURVE('',#9330,#8691,#1470,.T.);
#8365=EDGE_CURVE('',#9329,#8692,#1471,.T.);
#8366=EDGE_CURVE('',#9327,#8687,#1472,.T.);
#8367=EDGE_CURVE('',#9325,#8684,#1473,.T.);
#8368=EDGE_CURVE('',#9324,#8685,#1474,.T.);
#8369=EDGE_CURVE('',#9323,#8686,#1475,.T.);
#8370=EDGE_CURVE('',#9321,#8681,#1476,.T.);
#8371=EDGE_CURVE('',#9319,#8680,#1477,.T.);
#8372=EDGE_CURVE('',#9317,#8677,#1478,.T.);
#8373=EDGE_CURVE('',#9315,#8676,#1479,.T.);
#8374=EDGE_CURVE('',#9313,#8673,#1480,.T.);
#8375=EDGE_CURVE('',#9311,#8672,#1481,.T.);
#8376=EDGE_CURVE('',#9309,#8669,#1482,.T.);
#8377=EDGE_CURVE('',#9307,#8668,#1483,.T.);
#8378=EDGE_CURVE('',#9305,#8665,#1484,.T.);
#8379=EDGE_CURVE('',#9303,#8660,#1485,.T.);
#8380=EDGE_CURVE('',#9302,#8661,#1486,.T.);
#8381=EDGE_CURVE('',#9301,#8662,#1487,.T.);
#8382=EDGE_CURVE('',#9300,#8663,#1488,.T.);
#8383=EDGE_CURVE('',#9299,#8664,#1489,.T.);
#8384=EDGE_CURVE('',#9297,#8657,#1490,.T.);
#8385=EDGE_CURVE('',#9295,#8652,#1491,.T.);
#8386=EDGE_CURVE('',#9294,#8653,#1492,.T.);
#8387=EDGE_CURVE('',#9293,#8654,#1493,.T.);
#8388=EDGE_CURVE('',#9292,#8655,#1494,.T.);
#8389=EDGE_CURVE('',#9291,#8656,#1495,.T.);
#8390=EDGE_CURVE('',#9289,#8649,#1496,.T.);
#8391=EDGE_CURVE('',#9287,#8648,#1497,.T.);
#8392=EDGE_CURVE('',#9285,#8645,#1498,.T.);
#8393=EDGE_CURVE('',#9283,#8644,#1499,.T.);
#8394=EDGE_CURVE('',#9281,#8641,#1500,.T.);
#8395=EDGE_CURVE('',#9279,#8640,#1501,.T.);
#8396=EDGE_CURVE('',#9277,#8637,#1502,.T.);
#8397=EDGE_CURVE('',#9275,#8636,#1503,.T.);
#8398=EDGE_CURVE('',#9273,#8633,#1504,.T.);
#8399=EDGE_CURVE('',#9271,#8632,#1505,.T.);
#8400=EDGE_CURVE('',#9269,#8629,#1506,.T.);
#8401=EDGE_CURVE('',#9267,#8628,#1507,.T.);
#8402=EDGE_CURVE('',#9265,#8625,#1508,.T.);
#8403=EDGE_CURVE('',#9263,#8620,#1509,.T.);
#8404=EDGE_CURVE('',#9262,#8621,#1510,.T.);
#8405=EDGE_CURVE('',#9261,#8622,#1511,.T.);
#8406=EDGE_CURVE('',#9260,#8623,#1512,.T.);
#8407=EDGE_CURVE('',#9259,#8624,#1513,.T.);
#8408=EDGE_CURVE('',#9257,#8617,#1514,.T.);
#8409=EDGE_CURVE('',#9255,#8612,#1515,.T.);
#8410=EDGE_CURVE('',#9254,#8613,#1516,.T.);
#8411=EDGE_CURVE('',#9253,#8614,#1517,.T.);
#8412=EDGE_CURVE('',#9252,#8615,#1518,.T.);
#8413=EDGE_CURVE('',#9251,#8616,#1519,.T.);
#8414=EDGE_CURVE('',#9249,#8609,#1520,.T.);
#8415=EDGE_CURVE('',#9247,#8608,#1521,.T.);
#8416=EDGE_CURVE('',#9245,#8605,#1522,.T.);
#8417=EDGE_CURVE('',#9243,#8604,#1523,.T.);
#8418=EDGE_CURVE('',#9241,#8601,#1524,.T.);
#8419=EDGE_CURVE('',#9239,#8600,#1525,.T.);
#8420=EDGE_CURVE('',#9237,#8597,#1526,.T.);
#8421=EDGE_CURVE('',#9235,#8596,#1527,.T.);
#8422=EDGE_CURVE('',#9233,#8593,#1528,.T.);
#8423=EDGE_CURVE('',#9231,#8588,#1529,.T.);
#8424=EDGE_CURVE('',#9230,#8589,#1530,.T.);
#8425=EDGE_CURVE('',#9229,#8590,#1531,.T.);
#8426=EDGE_CURVE('',#9228,#8591,#1532,.T.);
#8427=EDGE_CURVE('',#9227,#8592,#1533,.T.);
#8428=EDGE_CURVE('',#9225,#8585,#1534,.T.);
#8429=EDGE_CURVE('',#9223,#8580,#1535,.T.);
#8430=EDGE_CURVE('',#9222,#8581,#1536,.T.);
#8431=EDGE_CURVE('',#9221,#8582,#1537,.T.);
#8432=EDGE_CURVE('',#9220,#8583,#1538,.T.);
#8433=EDGE_CURVE('',#9219,#8584,#1539,.T.);
#8434=EDGE_CURVE('',#9217,#8577,#1540,.T.);
#8435=EDGE_CURVE('',#9215,#8576,#1541,.T.);
#8436=EDGE_CURVE('',#9213,#8573,#1542,.T.);
#8437=EDGE_CURVE('',#9211,#8570,#1543,.T.);
#8438=EDGE_CURVE('',#9210,#8571,#1544,.T.);
#8439=EDGE_CURVE('',#9209,#8572,#1545,.T.);
#8440=EDGE_CURVE('',#9207,#8567,#1546,.T.);
#8441=EDGE_CURVE('',#9205,#8564,#1547,.T.);
#8442=EDGE_CURVE('',#9204,#8565,#1548,.T.);
#8443=EDGE_CURVE('',#9203,#8566,#1549,.T.);
#8444=EDGE_CURVE('',#9201,#8561,#1550,.T.);
#8445=EDGE_CURVE('',#9199,#8560,#1551,.T.);
#8446=EDGE_CURVE('',#9197,#8557,#1552,.T.);
#8447=EDGE_CURVE('',#9195,#8556,#1553,.T.);
#8448=EDGE_CURVE('',#9193,#8553,#1554,.T.);
#8449=EDGE_CURVE('',#9191,#8548,#1555,.T.);
#8450=EDGE_CURVE('',#9190,#8549,#1556,.T.);
#8451=EDGE_CURVE('',#9189,#8550,#1557,.T.);
#8452=EDGE_CURVE('',#9188,#8551,#1558,.T.);
#8453=EDGE_CURVE('',#9187,#8552,#1559,.T.);
#8454=EDGE_CURVE('',#9185,#8545,#1560,.T.);
#8455=EDGE_CURVE('',#9183,#8538,#1561,.T.);
#8456=EDGE_CURVE('',#9182,#8539,#1562,.T.);
#8457=EDGE_CURVE('',#9181,#8540,#1563,.T.);
#8458=EDGE_CURVE('',#9180,#8541,#1564,.T.);
#8459=EDGE_CURVE('',#9179,#8542,#1565,.T.);
#8460=EDGE_CURVE('',#9178,#8543,#1566,.T.);
#8461=EDGE_CURVE('',#9177,#8544,#1567,.T.);
#8462=EDGE_CURVE('',#9175,#8535,#1568,.T.);
#8463=EDGE_CURVE('',#9173,#8532,#1569,.T.);
#8464=EDGE_CURVE('',#9172,#8533,#1570,.T.);
#8465=EDGE_CURVE('',#9171,#8534,#1571,.T.);
#8466=EDGE_CURVE('',#9169,#8529,#1572,.T.);
#8467=EDGE_CURVE('',#9167,#8524,#1573,.T.);
#8468=EDGE_CURVE('',#9166,#8525,#1574,.T.);
#8469=EDGE_CURVE('',#9165,#8526,#1575,.T.);
#8470=EDGE_CURVE('',#9164,#8527,#1576,.T.);
#8471=EDGE_CURVE('',#9163,#8528,#1577,.T.);
#8472=EDGE_CURVE('',#9161,#8521,#1578,.T.);
#8473=EDGE_CURVE('',#9159,#8520,#1579,.T.);
#8474=EDGE_CURVE('',#9157,#8517,#1580,.T.);
#8475=EDGE_CURVE('',#9155,#8516,#1581,.T.);
#8476=EDGE_CURVE('',#9153,#8513,#1582,.T.);
#8477=VERTEX_POINT('',#18430);
#8478=VERTEX_POINT('',#18432);
#8479=VERTEX_POINT('',#18434);
#8480=VERTEX_POINT('',#18436);
#8481=VERTEX_POINT('',#18438);
#8482=VERTEX_POINT('',#18440);
#8483=VERTEX_POINT('',#18442);
#8484=VERTEX_POINT('',#18444);
#8485=VERTEX_POINT('',#18446);
#8486=VERTEX_POINT('',#18448);
#8487=VERTEX_POINT('',#18450);
#8488=VERTEX_POINT('',#18452);
#8489=VERTEX_POINT('',#18454);
#8490=VERTEX_POINT('',#18456);
#8491=VERTEX_POINT('',#18458);
#8492=VERTEX_POINT('',#18460);
#8493=VERTEX_POINT('',#18462);
#8494=VERTEX_POINT('',#18464);
#8495=VERTEX_POINT('',#18466);
#8496=VERTEX_POINT('',#18468);
#8497=VERTEX_POINT('',#18470);
#8498=VERTEX_POINT('',#18472);
#8499=VERTEX_POINT('',#18474);
#8500=VERTEX_POINT('',#18476);
#8501=VERTEX_POINT('',#18478);
#8502=VERTEX_POINT('',#18480);
#8503=VERTEX_POINT('',#18482);
#8504=VERTEX_POINT('',#18484);
#8505=VERTEX_POINT('',#18486);
#8506=VERTEX_POINT('',#18488);
#8507=VERTEX_POINT('',#18490);
#8508=VERTEX_POINT('',#18492);
#8509=VERTEX_POINT('',#18494);
#8510=VERTEX_POINT('',#18496);
#8511=VERTEX_POINT('',#18498);
#8512=VERTEX_POINT('',#18500);
#8513=VERTEX_POINT('',#18502);
#8514=VERTEX_POINT('',#18503);
#8515=VERTEX_POINT('',#18505);
#8516=VERTEX_POINT('',#18507);
#8517=VERTEX_POINT('',#18510);
#8518=VERTEX_POINT('',#18511);
#8519=VERTEX_POINT('',#18513);
#8520=VERTEX_POINT('',#18515);
#8521=VERTEX_POINT('',#18518);
#8522=VERTEX_POINT('',#18519);
#8523=VERTEX_POINT('',#18521);
#8524=VERTEX_POINT('',#18523);
#8525=VERTEX_POINT('',#18525);
#8526=VERTEX_POINT('',#18527);
#8527=VERTEX_POINT('',#18529);
#8528=VERTEX_POINT('',#18531);
#8529=VERTEX_POINT('',#18534);
#8530=VERTEX_POINT('',#18535);
#8531=VERTEX_POINT('',#18537);
#8532=VERTEX_POINT('',#18539);
#8533=VERTEX_POINT('',#18541);
#8534=VERTEX_POINT('',#18543);
#8535=VERTEX_POINT('',#18546);
#8536=VERTEX_POINT('',#18547);
#8537=VERTEX_POINT('',#18549);
#8538=VERTEX_POINT('',#18551);
#8539=VERTEX_POINT('',#18553);
#8540=VERTEX_POINT('',#18555);
#8541=VERTEX_POINT('',#18557);
#8542=VERTEX_POINT('',#18559);
#8543=VERTEX_POINT('',#18561);
#8544=VERTEX_POINT('',#18563);
#8545=VERTEX_POINT('',#18566);
#8546=VERTEX_POINT('',#18567);
#8547=VERTEX_POINT('',#18569);
#8548=VERTEX_POINT('',#18571);
#8549=VERTEX_POINT('',#18573);
#8550=VERTEX_POINT('',#18575);
#8551=VERTEX_POINT('',#18577);
#8552=VERTEX_POINT('',#18579);
#8553=VERTEX_POINT('',#18582);
#8554=VERTEX_POINT('',#18583);
#8555=VERTEX_POINT('',#18585);
#8556=VERTEX_POINT('',#18587);
#8557=VERTEX_POINT('',#18590);
#8558=VERTEX_POINT('',#18591);
#8559=VERTEX_POINT('',#18593);
#8560=VERTEX_POINT('',#18595);
#8561=VERTEX_POINT('',#18598);
#8562=VERTEX_POINT('',#18599);
#8563=VERTEX_POINT('',#18601);
#8564=VERTEX_POINT('',#18603);
#8565=VERTEX_POINT('',#18605);
#8566=VERTEX_POINT('',#18607);
#8567=VERTEX_POINT('',#18610);
#8568=VERTEX_POINT('',#18611);
#8569=VERTEX_POINT('',#18613);
#8570=VERTEX_POINT('',#18615);
#8571=VERTEX_POINT('',#18617);
#8572=VERTEX_POINT('',#18619);
#8573=VERTEX_POINT('',#18622);
#8574=VERTEX_POINT('',#18623);
#8575=VERTEX_POINT('',#18625);
#8576=VERTEX_POINT('',#18627);
#8577=VERTEX_POINT('',#18630);
#8578=VERTEX_POINT('',#18631);
#8579=VERTEX_POINT('',#18633);
#8580=VERTEX_POINT('',#18635);
#8581=VERTEX_POINT('',#18637);
#8582=VERTEX_POINT('',#18639);
#8583=VERTEX_POINT('',#18641);
#8584=VERTEX_POINT('',#18643);
#8585=VERTEX_POINT('',#18646);
#8586=VERTEX_POINT('',#18647);
#8587=VERTEX_POINT('',#18649);
#8588=VERTEX_POINT('',#18651);
#8589=VERTEX_POINT('',#18653);
#8590=VERTEX_POINT('',#18655);
#8591=VERTEX_POINT('',#18657);
#8592=VERTEX_POINT('',#18659);
#8593=VERTEX_POINT('',#18662);
#8594=VERTEX_POINT('',#18663);
#8595=VERTEX_POINT('',#18665);
#8596=VERTEX_POINT('',#18667);
#8597=VERTEX_POINT('',#18670);
#8598=VERTEX_POINT('',#18671);
#8599=VERTEX_POINT('',#18673);
#8600=VERTEX_POINT('',#18675);
#8601=VERTEX_POINT('',#18678);
#8602=VERTEX_POINT('',#18679);
#8603=VERTEX_POINT('',#18681);
#8604=VERTEX_POINT('',#18683);
#8605=VERTEX_POINT('',#18686);
#8606=VERTEX_POINT('',#18687);
#8607=VERTEX_POINT('',#18689);
#8608=VERTEX_POINT('',#18691);
#8609=VERTEX_POINT('',#18694);
#8610=VERTEX_POINT('',#18695);
#8611=VERTEX_POINT('',#18697);
#8612=VERTEX_POINT('',#18699);
#8613=VERTEX_POINT('',#18701);
#8614=VERTEX_POINT('',#18703);
#8615=VERTEX_POINT('',#18705);
#8616=VERTEX_POINT('',#18707);
#8617=VERTEX_POINT('',#18710);
#8618=VERTEX_POINT('',#18711);
#8619=VERTEX_POINT('',#18713);
#8620=VERTEX_POINT('',#18715);
#8621=VERTEX_POINT('',#18717);
#8622=VERTEX_POINT('',#18719);
#8623=VERTEX_POINT('',#18721);
#8624=VERTEX_POINT('',#18723);
#8625=VERTEX_POINT('',#18726);
#8626=VERTEX_POINT('',#18727);
#8627=VERTEX_POINT('',#18729);
#8628=VERTEX_POINT('',#18731);
#8629=VERTEX_POINT('',#18734);
#8630=VERTEX_POINT('',#18735);
#8631=VERTEX_POINT('',#18737);
#8632=VERTEX_POINT('',#18739);
#8633=VERTEX_POINT('',#18742);
#8634=VERTEX_POINT('',#18743);
#8635=VERTEX_POINT('',#18745);
#8636=VERTEX_POINT('',#18747);
#8637=VERTEX_POINT('',#18750);
#8638=VERTEX_POINT('',#18751);
#8639=VERTEX_POINT('',#18753);
#8640=VERTEX_POINT('',#18755);
#8641=VERTEX_POINT('',#18758);
#8642=VERTEX_POINT('',#18759);
#8643=VERTEX_POINT('',#18761);
#8644=VERTEX_POINT('',#18763);
#8645=VERTEX_POINT('',#18766);
#8646=VERTEX_POINT('',#18767);
#8647=VERTEX_POINT('',#18769);
#8648=VERTEX_POINT('',#18771);
#8649=VERTEX_POINT('',#18774);
#8650=VERTEX_POINT('',#18775);
#8651=VERTEX_POINT('',#18777);
#8652=VERTEX_POINT('',#18779);
#8653=VERTEX_POINT('',#18781);
#8654=VERTEX_POINT('',#18783);
#8655=VERTEX_POINT('',#18785);
#8656=VERTEX_POINT('',#18787);
#8657=VERTEX_POINT('',#18790);
#8658=VERTEX_POINT('',#18791);
#8659=VERTEX_POINT('',#18793);
#8660=VERTEX_POINT('',#18795);
#8661=VERTEX_POINT('',#18797);
#8662=VERTEX_POINT('',#18799);
#8663=VERTEX_POINT('',#18801);
#8664=VERTEX_POINT('',#18803);
#8665=VERTEX_POINT('',#18806);
#8666=VERTEX_POINT('',#18807);
#8667=VERTEX_POINT('',#18809);
#8668=VERTEX_POINT('',#18811);
#8669=VERTEX_POINT('',#18814);
#8670=VERTEX_POINT('',#18815);
#8671=VERTEX_POINT('',#18817);
#8672=VERTEX_POINT('',#18819);
#8673=VERTEX_POINT('',#18822);
#8674=VERTEX_POINT('',#18823);
#8675=VERTEX_POINT('',#18825);
#8676=VERTEX_POINT('',#18827);
#8677=VERTEX_POINT('',#18830);
#8678=VERTEX_POINT('',#18831);
#8679=VERTEX_POINT('',#18833);
#8680=VERTEX_POINT('',#18835);
#8681=VERTEX_POINT('',#18838);
#8682=VERTEX_POINT('',#18839);
#8683=VERTEX_POINT('',#18841);
#8684=VERTEX_POINT('',#18843);
#8685=VERTEX_POINT('',#18845);
#8686=VERTEX_POINT('',#18847);
#8687=VERTEX_POINT('',#18850);
#8688=VERTEX_POINT('',#18851);
#8689=VERTEX_POINT('',#18853);
#8690=VERTEX_POINT('',#18855);
#8691=VERTEX_POINT('',#18857);
#8692=VERTEX_POINT('',#18859);
#8693=VERTEX_POINT('',#18862);
#8694=VERTEX_POINT('',#18863);
#8695=VERTEX_POINT('',#18865);
#8696=VERTEX_POINT('',#18867);
#8697=VERTEX_POINT('',#18869);
#8698=VERTEX_POINT('',#18871);
#8699=VERTEX_POINT('',#18874);
#8700=VERTEX_POINT('',#18875);
#8701=VERTEX_POINT('',#18877);
#8702=VERTEX_POINT('',#18879);
#8703=VERTEX_POINT('',#18881);
#8704=VERTEX_POINT('',#18883);
#8705=VERTEX_POINT('',#18886);
#8706=VERTEX_POINT('',#18887);
#8707=VERTEX_POINT('',#18889);
#8708=VERTEX_POINT('',#18891);
#8709=VERTEX_POINT('',#18894);
#8710=VERTEX_POINT('',#18895);
#8711=VERTEX_POINT('',#18897);
#8712=VERTEX_POINT('',#18899);
#8713=VERTEX_POINT('',#18902);
#8714=VERTEX_POINT('',#18903);
#8715=VERTEX_POINT('',#18905);
#8716=VERTEX_POINT('',#18907);
#8717=VERTEX_POINT('',#18910);
#8718=VERTEX_POINT('',#18911);
#8719=VERTEX_POINT('',#18913);
#8720=VERTEX_POINT('',#18915);
#8721=VERTEX_POINT('',#18918);
#8722=VERTEX_POINT('',#18919);
#8723=VERTEX_POINT('',#18921);
#8724=VERTEX_POINT('',#18923);
#8725=VERTEX_POINT('',#18926);
#8726=VERTEX_POINT('',#18927);
#8727=VERTEX_POINT('',#18929);
#8728=VERTEX_POINT('',#18931);
#8729=VERTEX_POINT('',#18934);
#8730=VERTEX_POINT('',#18935);
#8731=VERTEX_POINT('',#18937);
#8732=VERTEX_POINT('',#18939);
#8733=VERTEX_POINT('',#18941);
#8734=VERTEX_POINT('',#18943);
#8735=VERTEX_POINT('',#18945);
#8736=VERTEX_POINT('',#18947);
#8737=VERTEX_POINT('',#18950);
#8738=VERTEX_POINT('',#18951);
#8739=VERTEX_POINT('',#18953);
#8740=VERTEX_POINT('',#18955);
#8741=VERTEX_POINT('',#18957);
#8742=VERTEX_POINT('',#18959);
#8743=VERTEX_POINT('',#18961);
#8744=VERTEX_POINT('',#18963);
#8745=VERTEX_POINT('',#18966);
#8746=VERTEX_POINT('',#18967);
#8747=VERTEX_POINT('',#18969);
#8748=VERTEX_POINT('',#18971);
#8749=VERTEX_POINT('',#18974);
#8750=VERTEX_POINT('',#18975);
#8751=VERTEX_POINT('',#18977);
#8752=VERTEX_POINT('',#18979);
#8753=VERTEX_POINT('',#18982);
#8754=VERTEX_POINT('',#18983);
#8755=VERTEX_POINT('',#18985);
#8756=VERTEX_POINT('',#18987);
#8757=VERTEX_POINT('',#18990);
#8758=VERTEX_POINT('',#18991);
#8759=VERTEX_POINT('',#18993);
#8760=VERTEX_POINT('',#18995);
#8761=VERTEX_POINT('',#18998);
#8762=VERTEX_POINT('',#18999);
#8763=VERTEX_POINT('',#19001);
#8764=VERTEX_POINT('',#19003);
#8765=VERTEX_POINT('',#19006);
#8766=VERTEX_POINT('',#19007);
#8767=VERTEX_POINT('',#19009);
#8768=VERTEX_POINT('',#19011);
#8769=VERTEX_POINT('',#19014);
#8770=VERTEX_POINT('',#19015);
#8771=VERTEX_POINT('',#19017);
#8772=VERTEX_POINT('',#19019);
#8773=VERTEX_POINT('',#19022);
#8774=VERTEX_POINT('',#19023);
#8775=VERTEX_POINT('',#19025);
#8776=VERTEX_POINT('',#19027);
#8777=VERTEX_POINT('',#19030);
#8778=VERTEX_POINT('',#19031);
#8779=VERTEX_POINT('',#19033);
#8780=VERTEX_POINT('',#19035);
#8781=VERTEX_POINT('',#19038);
#8782=VERTEX_POINT('',#19039);
#8783=VERTEX_POINT('',#19041);
#8784=VERTEX_POINT('',#19043);
#8785=VERTEX_POINT('',#19046);
#8786=VERTEX_POINT('',#19047);
#8787=VERTEX_POINT('',#19049);
#8788=VERTEX_POINT('',#19051);
#8789=VERTEX_POINT('',#19053);
#8790=VERTEX_POINT('',#19055);
#8791=VERTEX_POINT('',#19057);
#8792=VERTEX_POINT('',#19059);
#8793=VERTEX_POINT('',#19062);
#8794=VERTEX_POINT('',#19063);
#8795=VERTEX_POINT('',#19065);
#8796=VERTEX_POINT('',#19067);
#8797=VERTEX_POINT('',#19069);
#8798=VERTEX_POINT('',#19071);
#8799=VERTEX_POINT('',#19073);
#8800=VERTEX_POINT('',#19075);
#8801=VERTEX_POINT('',#19078);
#8802=VERTEX_POINT('',#19079);
#8803=VERTEX_POINT('',#19081);
#8804=VERTEX_POINT('',#19083);
#8805=VERTEX_POINT('',#19086);
#8806=VERTEX_POINT('',#19087);
#8807=VERTEX_POINT('',#19089);
#8808=VERTEX_POINT('',#19091);
#8809=VERTEX_POINT('',#19094);
#8810=VERTEX_POINT('',#19095);
#8811=VERTEX_POINT('',#19097);
#8812=VERTEX_POINT('',#19099);
#8813=VERTEX_POINT('',#19102);
#8814=VERTEX_POINT('',#19103);
#8815=VERTEX_POINT('',#19105);
#8816=VERTEX_POINT('',#19107);
#8817=VERTEX_POINT('',#19110);
#8818=VERTEX_POINT('',#19111);
#8819=VERTEX_POINT('',#19113);
#8820=VERTEX_POINT('',#19115);
#8821=VERTEX_POINT('',#19117);
#8822=VERTEX_POINT('',#19119);
#8823=VERTEX_POINT('',#19121);
#8824=VERTEX_POINT('',#19123);
#8825=VERTEX_POINT('',#19126);
#8826=VERTEX_POINT('',#19127);
#8827=VERTEX_POINT('',#19129);
#8828=VERTEX_POINT('',#19131);
#8829=VERTEX_POINT('',#19133);
#8830=VERTEX_POINT('',#19135);
#8831=VERTEX_POINT('',#19137);
#8832=VERTEX_POINT('',#19139);
#8833=VERTEX_POINT('',#19142);
#8834=VERTEX_POINT('',#19143);
#8835=VERTEX_POINT('',#19145);
#8836=VERTEX_POINT('',#19147);
#8837=VERTEX_POINT('',#19149);
#8838=VERTEX_POINT('',#19151);
#8839=VERTEX_POINT('',#19154);
#8840=VERTEX_POINT('',#19155);
#8841=VERTEX_POINT('',#19157);
#8842=VERTEX_POINT('',#19159);
#8843=VERTEX_POINT('',#19161);
#8844=VERTEX_POINT('',#19163);
#8845=VERTEX_POINT('',#19166);
#8846=VERTEX_POINT('',#19167);
#8847=VERTEX_POINT('',#19169);
#8848=VERTEX_POINT('',#19171);
#8849=VERTEX_POINT('',#19174);
#8850=VERTEX_POINT('',#19175);
#8851=VERTEX_POINT('',#19177);
#8852=VERTEX_POINT('',#19179);
#8853=VERTEX_POINT('',#19182);
#8854=VERTEX_POINT('',#19183);
#8855=VERTEX_POINT('',#19185);
#8856=VERTEX_POINT('',#19187);
#8857=VERTEX_POINT('',#19190);
#8858=VERTEX_POINT('',#19191);
#8859=VERTEX_POINT('',#19193);
#8860=VERTEX_POINT('',#19195);
#8861=VERTEX_POINT('',#19198);
#8862=VERTEX_POINT('',#19199);
#8863=VERTEX_POINT('',#19201);
#8864=VERTEX_POINT('',#19203);
#8865=VERTEX_POINT('',#19206);
#8866=VERTEX_POINT('',#19207);
#8867=VERTEX_POINT('',#19209);
#8868=VERTEX_POINT('',#19211);
#8869=VERTEX_POINT('',#19213);
#8870=VERTEX_POINT('',#19215);
#8871=VERTEX_POINT('',#19218);
#8872=VERTEX_POINT('',#19219);
#8873=VERTEX_POINT('',#19221);
#8874=VERTEX_POINT('',#19223);
#8875=VERTEX_POINT('',#19225);
#8876=VERTEX_POINT('',#19227);
#8877=VERTEX_POINT('',#19230);
#8878=VERTEX_POINT('',#19231);
#8879=VERTEX_POINT('',#19233);
#8880=VERTEX_POINT('',#19235);
#8881=VERTEX_POINT('',#19238);
#8882=VERTEX_POINT('',#19239);
#8883=VERTEX_POINT('',#19241);
#8884=VERTEX_POINT('',#19243);
#8885=VERTEX_POINT('',#19246);
#8886=VERTEX_POINT('',#19247);
#8887=VERTEX_POINT('',#19249);
#8888=VERTEX_POINT('',#19251);
#8889=VERTEX_POINT('',#19254);
#8890=VERTEX_POINT('',#19255);
#8891=VERTEX_POINT('',#19257);
#8892=VERTEX_POINT('',#19259);
#8893=VERTEX_POINT('',#19262);
#8894=VERTEX_POINT('',#19263);
#8895=VERTEX_POINT('',#19265);
#8896=VERTEX_POINT('',#19267);
#8897=VERTEX_POINT('',#19270);
#8898=VERTEX_POINT('',#19271);
#8899=VERTEX_POINT('',#19273);
#8900=VERTEX_POINT('',#19275);
#8901=VERTEX_POINT('',#19277);
#8902=VERTEX_POINT('',#19279);
#8903=VERTEX_POINT('',#19281);
#8904=VERTEX_POINT('',#19283);
#8905=VERTEX_POINT('',#19286);
#8906=VERTEX_POINT('',#19287);
#8907=VERTEX_POINT('',#19289);
#8908=VERTEX_POINT('',#19291);
#8909=VERTEX_POINT('',#19293);
#8910=VERTEX_POINT('',#19295);
#8911=VERTEX_POINT('',#19297);
#8912=VERTEX_POINT('',#19299);
#8913=VERTEX_POINT('',#19302);
#8914=VERTEX_POINT('',#19303);
#8915=VERTEX_POINT('',#19305);
#8916=VERTEX_POINT('',#19307);
#8917=VERTEX_POINT('',#19310);
#8918=VERTEX_POINT('',#19311);
#8919=VERTEX_POINT('',#19313);
#8920=VERTEX_POINT('',#19315);
#8921=VERTEX_POINT('',#19318);
#8922=VERTEX_POINT('',#19319);
#8923=VERTEX_POINT('',#19321);
#8924=VERTEX_POINT('',#19323);
#8925=VERTEX_POINT('',#19326);
#8926=VERTEX_POINT('',#19327);
#8927=VERTEX_POINT('',#19329);
#8928=VERTEX_POINT('',#19331);
#8929=VERTEX_POINT('',#19334);
#8930=VERTEX_POINT('',#19335);
#8931=VERTEX_POINT('',#19337);
#8932=VERTEX_POINT('',#19339);
#8933=VERTEX_POINT('',#19342);
#8934=VERTEX_POINT('',#19343);
#8935=VERTEX_POINT('',#19345);
#8936=VERTEX_POINT('',#19347);
#8937=VERTEX_POINT('',#19350);
#8938=VERTEX_POINT('',#19351);
#8939=VERTEX_POINT('',#19353);
#8940=VERTEX_POINT('',#19355);
#8941=VERTEX_POINT('',#19357);
#8942=VERTEX_POINT('',#19359);
#8943=VERTEX_POINT('',#19361);
#8944=VERTEX_POINT('',#19363);
#8945=VERTEX_POINT('',#19366);
#8946=VERTEX_POINT('',#19367);
#8947=VERTEX_POINT('',#19369);
#8948=VERTEX_POINT('',#19371);
#8949=VERTEX_POINT('',#19373);
#8950=VERTEX_POINT('',#19375);
#8951=VERTEX_POINT('',#19377);
#8952=VERTEX_POINT('',#19379);
#8953=VERTEX_POINT('',#19382);
#8954=VERTEX_POINT('',#19383);
#8955=VERTEX_POINT('',#19385);
#8956=VERTEX_POINT('',#19387);
#8957=VERTEX_POINT('',#19390);
#8958=VERTEX_POINT('',#19391);
#8959=VERTEX_POINT('',#19393);
#8960=VERTEX_POINT('',#19395);
#8961=VERTEX_POINT('',#19398);
#8962=VERTEX_POINT('',#19399);
#8963=VERTEX_POINT('',#19401);
#8964=VERTEX_POINT('',#19403);
#8965=VERTEX_POINT('',#19406);
#8966=VERTEX_POINT('',#19407);
#8967=VERTEX_POINT('',#19409);
#8968=VERTEX_POINT('',#19411);
#8969=VERTEX_POINT('',#19414);
#8970=VERTEX_POINT('',#19415);
#8971=VERTEX_POINT('',#19417);
#8972=VERTEX_POINT('',#19419);
#8973=VERTEX_POINT('',#19422);
#8974=VERTEX_POINT('',#19423);
#8975=VERTEX_POINT('',#19425);
#8976=VERTEX_POINT('',#19427);
#8977=VERTEX_POINT('',#19430);
#8978=VERTEX_POINT('',#19431);
#8979=VERTEX_POINT('',#19433);
#8980=VERTEX_POINT('',#19435);
#8981=VERTEX_POINT('',#19437);
#8982=VERTEX_POINT('',#19439);
#8983=VERTEX_POINT('',#19441);
#8984=VERTEX_POINT('',#19443);
#8985=VERTEX_POINT('',#19446);
#8986=VERTEX_POINT('',#19447);
#8987=VERTEX_POINT('',#19449);
#8988=VERTEX_POINT('',#19451);
#8989=VERTEX_POINT('',#19453);
#8990=VERTEX_POINT('',#19455);
#8991=VERTEX_POINT('',#19457);
#8992=VERTEX_POINT('',#19459);
#8993=VERTEX_POINT('',#19462);
#8994=VERTEX_POINT('',#19463);
#8995=VERTEX_POINT('',#19465);
#8996=VERTEX_POINT('',#19467);
#8997=VERTEX_POINT('',#19469);
#8998=VERTEX_POINT('',#19471);
#8999=VERTEX_POINT('',#19474);
#9000=VERTEX_POINT('',#19475);
#9001=VERTEX_POINT('',#19477);
#9002=VERTEX_POINT('',#19479);
#9003=VERTEX_POINT('',#19481);
#9004=VERTEX_POINT('',#19483);
#9005=VERTEX_POINT('',#19486);
#9006=VERTEX_POINT('',#19487);
#9007=VERTEX_POINT('',#19489);
#9008=VERTEX_POINT('',#19491);
#9009=VERTEX_POINT('',#19494);
#9010=VERTEX_POINT('',#19495);
#9011=VERTEX_POINT('',#19497);
#9012=VERTEX_POINT('',#19499);
#9013=VERTEX_POINT('',#19502);
#9014=VERTEX_POINT('',#19503);
#9015=VERTEX_POINT('',#19505);
#9016=VERTEX_POINT('',#19507);
#9017=VERTEX_POINT('',#19510);
#9018=VERTEX_POINT('',#19511);
#9019=VERTEX_POINT('',#19513);
#9020=VERTEX_POINT('',#19515);
#9021=VERTEX_POINT('',#19518);
#9022=VERTEX_POINT('',#19519);
#9023=VERTEX_POINT('',#19521);
#9024=VERTEX_POINT('',#19523);
#9025=VERTEX_POINT('',#19525);
#9026=VERTEX_POINT('',#19527);
#9027=VERTEX_POINT('',#19530);
#9028=VERTEX_POINT('',#19531);
#9029=VERTEX_POINT('',#19533);
#9030=VERTEX_POINT('',#19535);
#9031=VERTEX_POINT('',#19537);
#9032=VERTEX_POINT('',#19539);
#9033=VERTEX_POINT('',#19541);
#9034=VERTEX_POINT('',#19543);
#9035=VERTEX_POINT('',#19545);
#9036=VERTEX_POINT('',#19547);
#9037=VERTEX_POINT('',#19550);
#9038=VERTEX_POINT('',#19551);
#9039=VERTEX_POINT('',#19553);
#9040=VERTEX_POINT('',#19555);
#9041=VERTEX_POINT('',#19558);
#9042=VERTEX_POINT('',#19559);
#9043=VERTEX_POINT('',#19561);
#9044=VERTEX_POINT('',#19563);
#9045=VERTEX_POINT('',#19566);
#9046=VERTEX_POINT('',#19567);
#9047=VERTEX_POINT('',#19569);
#9048=VERTEX_POINT('',#19571);
#9049=VERTEX_POINT('',#19573);
#9050=VERTEX_POINT('',#19575);
#9051=VERTEX_POINT('',#19577);
#9052=VERTEX_POINT('',#19579);
#9053=VERTEX_POINT('',#19582);
#9054=VERTEX_POINT('',#19583);
#9055=VERTEX_POINT('',#19585);
#9056=VERTEX_POINT('',#19587);
#9057=VERTEX_POINT('',#19589);
#9058=VERTEX_POINT('',#19591);
#9059=VERTEX_POINT('',#19593);
#9060=VERTEX_POINT('',#19595);
#9061=VERTEX_POINT('',#19598);
#9062=VERTEX_POINT('',#19599);
#9063=VERTEX_POINT('',#19601);
#9064=VERTEX_POINT('',#19603);
#9065=VERTEX_POINT('',#19606);
#9066=VERTEX_POINT('',#19607);
#9067=VERTEX_POINT('',#19609);
#9068=VERTEX_POINT('',#19611);
#9069=VERTEX_POINT('',#19614);
#9070=VERTEX_POINT('',#19615);
#9071=VERTEX_POINT('',#19617);
#9072=VERTEX_POINT('',#19619);
#9073=VERTEX_POINT('',#19622);
#9074=VERTEX_POINT('',#19623);
#9075=VERTEX_POINT('',#19625);
#9076=VERTEX_POINT('',#19627);
#9077=VERTEX_POINT('',#19630);
#9078=VERTEX_POINT('',#19631);
#9079=VERTEX_POINT('',#19633);
#9080=VERTEX_POINT('',#19635);
#9081=VERTEX_POINT('',#19637);
#9082=VERTEX_POINT('',#19639);
#9083=VERTEX_POINT('',#19641);
#9084=VERTEX_POINT('',#19643);
#9085=VERTEX_POINT('',#19646);
#9086=VERTEX_POINT('',#19647);
#9087=VERTEX_POINT('',#19649);
#9088=VERTEX_POINT('',#19651);
#9089=VERTEX_POINT('',#19653);
#9090=VERTEX_POINT('',#19655);
#9091=VERTEX_POINT('',#19657);
#9092=VERTEX_POINT('',#19659);
#9093=VERTEX_POINT('',#19662);
#9094=VERTEX_POINT('',#19663);
#9095=VERTEX_POINT('',#19665);
#9096=VERTEX_POINT('',#19667);
#9097=VERTEX_POINT('',#19670);
#9098=VERTEX_POINT('',#19671);
#9099=VERTEX_POINT('',#19673);
#9100=VERTEX_POINT('',#19675);
#9101=VERTEX_POINT('',#19678);
#9102=VERTEX_POINT('',#19679);
#9103=VERTEX_POINT('',#19681);
#9104=VERTEX_POINT('',#19683);
#9105=VERTEX_POINT('',#19686);
#9106=VERTEX_POINT('',#19687);
#9107=VERTEX_POINT('',#19689);
#9108=VERTEX_POINT('',#19691);
#9109=VERTEX_POINT('',#19693);
#9110=VERTEX_POINT('',#19695);
#9111=VERTEX_POINT('',#19697);
#9112=VERTEX_POINT('',#19699);
#9113=VERTEX_POINT('',#19701);
#9114=VERTEX_POINT('',#19703);
#9115=VERTEX_POINT('',#19705);
#9116=VERTEX_POINT('',#19707);
#9117=VERTEX_POINT('',#19711);
#9118=VERTEX_POINT('',#19713);
#9119=VERTEX_POINT('',#19715);
#9120=VERTEX_POINT('',#19717);
#9121=VERTEX_POINT('',#19719);
#9122=VERTEX_POINT('',#19721);
#9123=VERTEX_POINT('',#19723);
#9124=VERTEX_POINT('',#19725);
#9125=VERTEX_POINT('',#19727);
#9126=VERTEX_POINT('',#19729);
#9127=VERTEX_POINT('',#19731);
#9128=VERTEX_POINT('',#19733);
#9129=VERTEX_POINT('',#19735);
#9130=VERTEX_POINT('',#19737);
#9131=VERTEX_POINT('',#19739);
#9132=VERTEX_POINT('',#19741);
#9133=VERTEX_POINT('',#19743);
#9134=VERTEX_POINT('',#19745);
#9135=VERTEX_POINT('',#19747);
#9136=VERTEX_POINT('',#19749);
#9137=VERTEX_POINT('',#19751);
#9138=VERTEX_POINT('',#19753);
#9139=VERTEX_POINT('',#19755);
#9140=VERTEX_POINT('',#19757);
#9141=VERTEX_POINT('',#19759);
#9142=VERTEX_POINT('',#19761);
#9143=VERTEX_POINT('',#19763);
#9144=VERTEX_POINT('',#19765);
#9145=VERTEX_POINT('',#19767);
#9146=VERTEX_POINT('',#19769);
#9147=VERTEX_POINT('',#19771);
#9148=VERTEX_POINT('',#19773);
#9149=VERTEX_POINT('',#19775);
#9150=VERTEX_POINT('',#19777);
#9151=VERTEX_POINT('',#19779);
#9152=VERTEX_POINT('',#19781);
#9153=VERTEX_POINT('',#19783);
#9154=VERTEX_POINT('',#19784);
#9155=VERTEX_POINT('',#19786);
#9156=VERTEX_POINT('',#19788);
#9157=VERTEX_POINT('',#19791);
#9158=VERTEX_POINT('',#19792);
#9159=VERTEX_POINT('',#19794);
#9160=VERTEX_POINT('',#19796);
#9161=VERTEX_POINT('',#19799);
#9162=VERTEX_POINT('',#19800);
#9163=VERTEX_POINT('',#19802);
#9164=VERTEX_POINT('',#19804);
#9165=VERTEX_POINT('',#19806);
#9166=VERTEX_POINT('',#19808);
#9167=VERTEX_POINT('',#19810);
#9168=VERTEX_POINT('',#19812);
#9169=VERTEX_POINT('',#19815);
#9170=VERTEX_POINT('',#19816);
#9171=VERTEX_POINT('',#19818);
#9172=VERTEX_POINT('',#19820);
#9173=VERTEX_POINT('',#19822);
#9174=VERTEX_POINT('',#19824);
#9175=VERTEX_POINT('',#19827);
#9176=VERTEX_POINT('',#19828);
#9177=VERTEX_POINT('',#19830);
#9178=VERTEX_POINT('',#19832);
#9179=VERTEX_POINT('',#19834);
#9180=VERTEX_POINT('',#19836);
#9181=VERTEX_POINT('',#19838);
#9182=VERTEX_POINT('',#19840);
#9183=VERTEX_POINT('',#19842);
#9184=VERTEX_POINT('',#19844);
#9185=VERTEX_POINT('',#19847);
#9186=VERTEX_POINT('',#19848);
#9187=VERTEX_POINT('',#19850);
#9188=VERTEX_POINT('',#19852);
#9189=VERTEX_POINT('',#19854);
#9190=VERTEX_POINT('',#19856);
#9191=VERTEX_POINT('',#19858);
#9192=VERTEX_POINT('',#19860);
#9193=VERTEX_POINT('',#19863);
#9194=VERTEX_POINT('',#19864);
#9195=VERTEX_POINT('',#19866);
#9196=VERTEX_POINT('',#19868);
#9197=VERTEX_POINT('',#19871);
#9198=VERTEX_POINT('',#19872);
#9199=VERTEX_POINT('',#19874);
#9200=VERTEX_POINT('',#19876);
#9201=VERTEX_POINT('',#19879);
#9202=VERTEX_POINT('',#19880);
#9203=VERTEX_POINT('',#19882);
#9204=VERTEX_POINT('',#19884);
#9205=VERTEX_POINT('',#19886);
#9206=VERTEX_POINT('',#19888);
#9207=VERTEX_POINT('',#19891);
#9208=VERTEX_POINT('',#19892);
#9209=VERTEX_POINT('',#19894);
#9210=VERTEX_POINT('',#19896);
#9211=VERTEX_POINT('',#19898);
#9212=VERTEX_POINT('',#19900);
#9213=VERTEX_POINT('',#19903);
#9214=VERTEX_POINT('',#19904);
#9215=VERTEX_POINT('',#19906);
#9216=VERTEX_POINT('',#19908);
#9217=VERTEX_POINT('',#19911);
#9218=VERTEX_POINT('',#19912);
#9219=VERTEX_POINT('',#19914);
#9220=VERTEX_POINT('',#19916);
#9221=VERTEX_POINT('',#19918);
#9222=VERTEX_POINT('',#19920);
#9223=VERTEX_POINT('',#19922);
#9224=VERTEX_POINT('',#19924);
#9225=VERTEX_POINT('',#19927);
#9226=VERTEX_POINT('',#19928);
#9227=VERTEX_POINT('',#19930);
#9228=VERTEX_POINT('',#19932);
#9229=VERTEX_POINT('',#19934);
#9230=VERTEX_POINT('',#19936);
#9231=VERTEX_POINT('',#19938);
#9232=VERTEX_POINT('',#19940);
#9233=VERTEX_POINT('',#19943);
#9234=VERTEX_POINT('',#19944);
#9235=VERTEX_POINT('',#19946);
#9236=VERTEX_POINT('',#19948);
#9237=VERTEX_POINT('',#19951);
#9238=VERTEX_POINT('',#19952);
#9239=VERTEX_POINT('',#19954);
#9240=VERTEX_POINT('',#19956);
#9241=VERTEX_POINT('',#19959);
#9242=VERTEX_POINT('',#19960);
#9243=VERTEX_POINT('',#19962);
#9244=VERTEX_POINT('',#19964);
#9245=VERTEX_POINT('',#19967);
#9246=VERTEX_POINT('',#19968);
#9247=VERTEX_POINT('',#19970);
#9248=VERTEX_POINT('',#19972);
#9249=VERTEX_POINT('',#19975);
#9250=VERTEX_POINT('',#19976);
#9251=VERTEX_POINT('',#19978);
#9252=VERTEX_POINT('',#19980);
#9253=VERTEX_POINT('',#19982);
#9254=VERTEX_POINT('',#19984);
#9255=VERTEX_POINT('',#19986);
#9256=VERTEX_POINT('',#19988);
#9257=VERTEX_POINT('',#19991);
#9258=VERTEX_POINT('',#19992);
#9259=VERTEX_POINT('',#19994);
#9260=VERTEX_POINT('',#19996);
#9261=VERTEX_POINT('',#19998);
#9262=VERTEX_POINT('',#20000);
#9263=VERTEX_POINT('',#20002);
#9264=VERTEX_POINT('',#20004);
#9265=VERTEX_POINT('',#20007);
#9266=VERTEX_POINT('',#20008);
#9267=VERTEX_POINT('',#20010);
#9268=VERTEX_POINT('',#20012);
#9269=VERTEX_POINT('',#20015);
#9270=VERTEX_POINT('',#20016);
#9271=VERTEX_POINT('',#20018);
#9272=VERTEX_POINT('',#20020);
#9273=VERTEX_POINT('',#20023);
#9274=VERTEX_POINT('',#20024);
#9275=VERTEX_POINT('',#20026);
#9276=VERTEX_POINT('',#20028);
#9277=VERTEX_POINT('',#20031);
#9278=VERTEX_POINT('',#20032);
#9279=VERTEX_POINT('',#20034);
#9280=VERTEX_POINT('',#20036);
#9281=VERTEX_POINT('',#20039);
#9282=VERTEX_POINT('',#20040);
#9283=VERTEX_POINT('',#20042);
#9284=VERTEX_POINT('',#20044);
#9285=VERTEX_POINT('',#20047);
#9286=VERTEX_POINT('',#20048);
#9287=VERTEX_POINT('',#20050);
#9288=VERTEX_POINT('',#20052);
#9289=VERTEX_POINT('',#20055);
#9290=VERTEX_POINT('',#20056);
#9291=VERTEX_POINT('',#20058);
#9292=VERTEX_POINT('',#20060);
#9293=VERTEX_POINT('',#20062);
#9294=VERTEX_POINT('',#20064);
#9295=VERTEX_POINT('',#20066);
#9296=VERTEX_POINT('',#20068);
#9297=VERTEX_POINT('',#20071);
#9298=VERTEX_POINT('',#20072);
#9299=VERTEX_POINT('',#20074);
#9300=VERTEX_POINT('',#20076);
#9301=VERTEX_POINT('',#20078);
#9302=VERTEX_POINT('',#20080);
#9303=VERTEX_POINT('',#20082);
#9304=VERTEX_POINT('',#20084);
#9305=VERTEX_POINT('',#20087);
#9306=VERTEX_POINT('',#20088);
#9307=VERTEX_POINT('',#20090);
#9308=VERTEX_POINT('',#20092);
#9309=VERTEX_POINT('',#20095);
#9310=VERTEX_POINT('',#20096);
#9311=VERTEX_POINT('',#20098);
#9312=VERTEX_POINT('',#20100);
#9313=VERTEX_POINT('',#20103);
#9314=VERTEX_POINT('',#20104);
#9315=VERTEX_POINT('',#20106);
#9316=VERTEX_POINT('',#20108);
#9317=VERTEX_POINT('',#20111);
#9318=VERTEX_POINT('',#20112);
#9319=VERTEX_POINT('',#20114);
#9320=VERTEX_POINT('',#20116);
#9321=VERTEX_POINT('',#20119);
#9322=VERTEX_POINT('',#20120);
#9323=VERTEX_POINT('',#20122);
#9324=VERTEX_POINT('',#20124);
#9325=VERTEX_POINT('',#20126);
#9326=VERTEX_POINT('',#20128);
#9327=VERTEX_POINT('',#20131);
#9328=VERTEX_POINT('',#20132);
#9329=VERTEX_POINT('',#20134);
#9330=VERTEX_POINT('',#20136);
#9331=VERTEX_POINT('',#20138);
#9332=VERTEX_POINT('',#20140);
#9333=VERTEX_POINT('',#20143);
#9334=VERTEX_POINT('',#20144);
#9335=VERTEX_POINT('',#20146);
#9336=VERTEX_POINT('',#20148);
#9337=VERTEX_POINT('',#20150);
#9338=VERTEX_POINT('',#20152);
#9339=VERTEX_POINT('',#20155);
#9340=VERTEX_POINT('',#20156);
#9341=VERTEX_POINT('',#20158);
#9342=VERTEX_POINT('',#20160);
#9343=VERTEX_POINT('',#20162);
#9344=VERTEX_POINT('',#20164);
#9345=VERTEX_POINT('',#20167);
#9346=VERTEX_POINT('',#20168);
#9347=VERTEX_POINT('',#20170);
#9348=VERTEX_POINT('',#20172);
#9349=VERTEX_POINT('',#20175);
#9350=VERTEX_POINT('',#20176);
#9351=VERTEX_POINT('',#20178);
#9352=VERTEX_POINT('',#20180);
#9353=VERTEX_POINT('',#20183);
#9354=VERTEX_POINT('',#20184);
#9355=VERTEX_POINT('',#20186);
#9356=VERTEX_POINT('',#20188);
#9357=VERTEX_POINT('',#20191);
#9358=VERTEX_POINT('',#20192);
#9359=VERTEX_POINT('',#20194);
#9360=VERTEX_POINT('',#20196);
#9361=VERTEX_POINT('',#20199);
#9362=VERTEX_POINT('',#20200);
#9363=VERTEX_POINT('',#20202);
#9364=VERTEX_POINT('',#20204);
#9365=VERTEX_POINT('',#20207);
#9366=VERTEX_POINT('',#20208);
#9367=VERTEX_POINT('',#20210);
#9368=VERTEX_POINT('',#20212);
#9369=VERTEX_POINT('',#20215);
#9370=VERTEX_POINT('',#20216);
#9371=VERTEX_POINT('',#20218);
#9372=VERTEX_POINT('',#20220);
#9373=VERTEX_POINT('',#20222);
#9374=VERTEX_POINT('',#20224);
#9375=VERTEX_POINT('',#20226);
#9376=VERTEX_POINT('',#20228);
#9377=VERTEX_POINT('',#20231);
#9378=VERTEX_POINT('',#20232);
#9379=VERTEX_POINT('',#20234);
#9380=VERTEX_POINT('',#20236);
#9381=VERTEX_POINT('',#20238);
#9382=VERTEX_POINT('',#20240);
#9383=VERTEX_POINT('',#20242);
#9384=VERTEX_POINT('',#20244);
#9385=VERTEX_POINT('',#20247);
#9386=VERTEX_POINT('',#20248);
#9387=VERTEX_POINT('',#20250);
#9388=VERTEX_POINT('',#20252);
#9389=VERTEX_POINT('',#20255);
#9390=VERTEX_POINT('',#20256);
#9391=VERTEX_POINT('',#20258);
#9392=VERTEX_POINT('',#20260);
#9393=VERTEX_POINT('',#20263);
#9394=VERTEX_POINT('',#20264);
#9395=VERTEX_POINT('',#20266);
#9396=VERTEX_POINT('',#20268);
#9397=VERTEX_POINT('',#20271);
#9398=VERTEX_POINT('',#20272);
#9399=VERTEX_POINT('',#20274);
#9400=VERTEX_POINT('',#20276);
#9401=VERTEX_POINT('',#20279);
#9402=VERTEX_POINT('',#20280);
#9403=VERTEX_POINT('',#20282);
#9404=VERTEX_POINT('',#20284);
#9405=VERTEX_POINT('',#20287);
#9406=VERTEX_POINT('',#20288);
#9407=VERTEX_POINT('',#20290);
#9408=VERTEX_POINT('',#20292);
#9409=VERTEX_POINT('',#20295);
#9410=VERTEX_POINT('',#20296);
#9411=VERTEX_POINT('',#20298);
#9412=VERTEX_POINT('',#20300);
#9413=VERTEX_POINT('',#20303);
#9414=VERTEX_POINT('',#20304);
#9415=VERTEX_POINT('',#20306);
#9416=VERTEX_POINT('',#20308);
#9417=VERTEX_POINT('',#20311);
#9418=VERTEX_POINT('',#20312);
#9419=VERTEX_POINT('',#20314);
#9420=VERTEX_POINT('',#20316);
#9421=VERTEX_POINT('',#20319);
#9422=VERTEX_POINT('',#20320);
#9423=VERTEX_POINT('',#20322);
#9424=VERTEX_POINT('',#20324);
#9425=VERTEX_POINT('',#20327);
#9426=VERTEX_POINT('',#20328);
#9427=VERTEX_POINT('',#20330);
#9428=VERTEX_POINT('',#20332);
#9429=VERTEX_POINT('',#20334);
#9430=VERTEX_POINT('',#20336);
#9431=VERTEX_POINT('',#20338);
#9432=VERTEX_POINT('',#20340);
#9433=VERTEX_POINT('',#20343);
#9434=VERTEX_POINT('',#20344);
#9435=VERTEX_POINT('',#20346);
#9436=VERTEX_POINT('',#20348);
#9437=VERTEX_POINT('',#20350);
#9438=VERTEX_POINT('',#20352);
#9439=VERTEX_POINT('',#20354);
#9440=VERTEX_POINT('',#20356);
#9441=VERTEX_POINT('',#20359);
#9442=VERTEX_POINT('',#20360);
#9443=VERTEX_POINT('',#20362);
#9444=VERTEX_POINT('',#20364);
#9445=VERTEX_POINT('',#20367);
#9446=VERTEX_POINT('',#20368);
#9447=VERTEX_POINT('',#20370);
#9448=VERTEX_POINT('',#20372);
#9449=VERTEX_POINT('',#20375);
#9450=VERTEX_POINT('',#20376);
#9451=VERTEX_POINT('',#20378);
#9452=VERTEX_POINT('',#20380);
#9453=VERTEX_POINT('',#20383);
#9454=VERTEX_POINT('',#20384);
#9455=VERTEX_POINT('',#20386);
#9456=VERTEX_POINT('',#20388);
#9457=VERTEX_POINT('',#20391);
#9458=VERTEX_POINT('',#20392);
#9459=VERTEX_POINT('',#20394);
#9460=VERTEX_POINT('',#20396);
#9461=VERTEX_POINT('',#20398);
#9462=VERTEX_POINT('',#20400);
#9463=VERTEX_POINT('',#20402);
#9464=VERTEX_POINT('',#20404);
#9465=VERTEX_POINT('',#20407);
#9466=VERTEX_POINT('',#20408);
#9467=VERTEX_POINT('',#20410);
#9468=VERTEX_POINT('',#20412);
#9469=VERTEX_POINT('',#20414);
#9470=VERTEX_POINT('',#20416);
#9471=VERTEX_POINT('',#20418);
#9472=VERTEX_POINT('',#20420);
#9473=VERTEX_POINT('',#20423);
#9474=VERTEX_POINT('',#20424);
#9475=VERTEX_POINT('',#20426);
#9476=VERTEX_POINT('',#20428);
#9477=VERTEX_POINT('',#20430);
#9478=VERTEX_POINT('',#20432);
#9479=VERTEX_POINT('',#20435);
#9480=VERTEX_POINT('',#20436);
#9481=VERTEX_POINT('',#20438);
#9482=VERTEX_POINT('',#20440);
#9483=VERTEX_POINT('',#20442);
#9484=VERTEX_POINT('',#20444);
#9485=VERTEX_POINT('',#20447);
#9486=VERTEX_POINT('',#20448);
#9487=VERTEX_POINT('',#20450);
#9488=VERTEX_POINT('',#20452);
#9489=VERTEX_POINT('',#20455);
#9490=VERTEX_POINT('',#20456);
#9491=VERTEX_POINT('',#20458);
#9492=VERTEX_POINT('',#20460);
#9493=VERTEX_POINT('',#20463);
#9494=VERTEX_POINT('',#20464);
#9495=VERTEX_POINT('',#20466);
#9496=VERTEX_POINT('',#20468);
#9497=VERTEX_POINT('',#20471);
#9498=VERTEX_POINT('',#20472);
#9499=VERTEX_POINT('',#20474);
#9500=VERTEX_POINT('',#20476);
#9501=VERTEX_POINT('',#20479);
#9502=VERTEX_POINT('',#20480);
#9503=VERTEX_POINT('',#20482);
#9504=VERTEX_POINT('',#20484);
#9505=VERTEX_POINT('',#20487);
#9506=VERTEX_POINT('',#20488);
#9507=VERTEX_POINT('',#20490);
#9508=VERTEX_POINT('',#20492);
#9509=VERTEX_POINT('',#20494);
#9510=VERTEX_POINT('',#20496);
#9511=VERTEX_POINT('',#20499);
#9512=VERTEX_POINT('',#20500);
#9513=VERTEX_POINT('',#20502);
#9514=VERTEX_POINT('',#20504);
#9515=VERTEX_POINT('',#20506);
#9516=VERTEX_POINT('',#20508);
#9517=VERTEX_POINT('',#20511);
#9518=VERTEX_POINT('',#20512);
#9519=VERTEX_POINT('',#20514);
#9520=VERTEX_POINT('',#20516);
#9521=VERTEX_POINT('',#20519);
#9522=VERTEX_POINT('',#20520);
#9523=VERTEX_POINT('',#20522);
#9524=VERTEX_POINT('',#20524);
#9525=VERTEX_POINT('',#20527);
#9526=VERTEX_POINT('',#20528);
#9527=VERTEX_POINT('',#20530);
#9528=VERTEX_POINT('',#20532);
#9529=VERTEX_POINT('',#20535);
#9530=VERTEX_POINT('',#20536);
#9531=VERTEX_POINT('',#20538);
#9532=VERTEX_POINT('',#20540);
#9533=VERTEX_POINT('',#20543);
#9534=VERTEX_POINT('',#20544);
#9535=VERTEX_POINT('',#20546);
#9536=VERTEX_POINT('',#20548);
#9537=VERTEX_POINT('',#20551);
#9538=VERTEX_POINT('',#20552);
#9539=VERTEX_POINT('',#20554);
#9540=VERTEX_POINT('',#20556);
#9541=VERTEX_POINT('',#20558);
#9542=VERTEX_POINT('',#20560);
#9543=VERTEX_POINT('',#20562);
#9544=VERTEX_POINT('',#20564);
#9545=VERTEX_POINT('',#20567);
#9546=VERTEX_POINT('',#20568);
#9547=VERTEX_POINT('',#20570);
#9548=VERTEX_POINT('',#20572);
#9549=VERTEX_POINT('',#20574);
#9550=VERTEX_POINT('',#20576);
#9551=VERTEX_POINT('',#20578);
#9552=VERTEX_POINT('',#20580);
#9553=VERTEX_POINT('',#20583);
#9554=VERTEX_POINT('',#20584);
#9555=VERTEX_POINT('',#20586);
#9556=VERTEX_POINT('',#20588);
#9557=VERTEX_POINT('',#20591);
#9558=VERTEX_POINT('',#20592);
#9559=VERTEX_POINT('',#20594);
#9560=VERTEX_POINT('',#20596);
#9561=VERTEX_POINT('',#20599);
#9562=VERTEX_POINT('',#20600);
#9563=VERTEX_POINT('',#20602);
#9564=VERTEX_POINT('',#20604);
#9565=VERTEX_POINT('',#20607);
#9566=VERTEX_POINT('',#20608);
#9567=VERTEX_POINT('',#20610);
#9568=VERTEX_POINT('',#20612);
#9569=VERTEX_POINT('',#20615);
#9570=VERTEX_POINT('',#20616);
#9571=VERTEX_POINT('',#20618);
#9572=VERTEX_POINT('',#20620);
#9573=VERTEX_POINT('',#20623);
#9574=VERTEX_POINT('',#20624);
#9575=VERTEX_POINT('',#20626);
#9576=VERTEX_POINT('',#20628);
#9577=VERTEX_POINT('',#20631);
#9578=VERTEX_POINT('',#20632);
#9579=VERTEX_POINT('',#20634);
#9580=VERTEX_POINT('',#20636);
#9581=VERTEX_POINT('',#20638);
#9582=VERTEX_POINT('',#20640);
#9583=VERTEX_POINT('',#20642);
#9584=VERTEX_POINT('',#20644);
#9585=VERTEX_POINT('',#20647);
#9586=VERTEX_POINT('',#20648);
#9587=VERTEX_POINT('',#20650);
#9588=VERTEX_POINT('',#20652);
#9589=VERTEX_POINT('',#20654);
#9590=VERTEX_POINT('',#20656);
#9591=VERTEX_POINT('',#20658);
#9592=VERTEX_POINT('',#20660);
#9593=VERTEX_POINT('',#20663);
#9594=VERTEX_POINT('',#20664);
#9595=VERTEX_POINT('',#20666);
#9596=VERTEX_POINT('',#20668);
#9597=VERTEX_POINT('',#20671);
#9598=VERTEX_POINT('',#20672);
#9599=VERTEX_POINT('',#20674);
#9600=VERTEX_POINT('',#20676);
#9601=VERTEX_POINT('',#20679);
#9602=VERTEX_POINT('',#20680);
#9603=VERTEX_POINT('',#20682);
#9604=VERTEX_POINT('',#20684);
#9605=VERTEX_POINT('',#20687);
#9606=VERTEX_POINT('',#20688);
#9607=VERTEX_POINT('',#20690);
#9608=VERTEX_POINT('',#20692);
#9609=VERTEX_POINT('',#20695);
#9610=VERTEX_POINT('',#20696);
#9611=VERTEX_POINT('',#20698);
#9612=VERTEX_POINT('',#20700);
#9613=VERTEX_POINT('',#20703);
#9614=VERTEX_POINT('',#20704);
#9615=VERTEX_POINT('',#20706);
#9616=VERTEX_POINT('',#20708);
#9617=VERTEX_POINT('',#20711);
#9618=VERTEX_POINT('',#20712);
#9619=VERTEX_POINT('',#20714);
#9620=VERTEX_POINT('',#20716);
#9621=VERTEX_POINT('',#20718);
#9622=VERTEX_POINT('',#20720);
#9623=VERTEX_POINT('',#20722);
#9624=VERTEX_POINT('',#20724);
#9625=VERTEX_POINT('',#20727);
#9626=VERTEX_POINT('',#20728);
#9627=VERTEX_POINT('',#20730);
#9628=VERTEX_POINT('',#20732);
#9629=VERTEX_POINT('',#20734);
#9630=VERTEX_POINT('',#20736);
#9631=VERTEX_POINT('',#20738);
#9632=VERTEX_POINT('',#20740);
#9633=VERTEX_POINT('',#20743);
#9634=VERTEX_POINT('',#20744);
#9635=VERTEX_POINT('',#20746);
#9636=VERTEX_POINT('',#20748);
#9637=VERTEX_POINT('',#20750);
#9638=VERTEX_POINT('',#20752);
#9639=VERTEX_POINT('',#20755);
#9640=VERTEX_POINT('',#20756);
#9641=VERTEX_POINT('',#20758);
#9642=VERTEX_POINT('',#20760);
#9643=VERTEX_POINT('',#20762);
#9644=VERTEX_POINT('',#20764);
#9645=VERTEX_POINT('',#20767);
#9646=VERTEX_POINT('',#20768);
#9647=VERTEX_POINT('',#20770);
#9648=VERTEX_POINT('',#20772);
#9649=VERTEX_POINT('',#20775);
#9650=VERTEX_POINT('',#20776);
#9651=VERTEX_POINT('',#20778);
#9652=VERTEX_POINT('',#20780);
#9653=VERTEX_POINT('',#20783);
#9654=VERTEX_POINT('',#20784);
#9655=VERTEX_POINT('',#20786);
#9656=VERTEX_POINT('',#20788);
#9657=VERTEX_POINT('',#20791);
#9658=VERTEX_POINT('',#20792);
#9659=VERTEX_POINT('',#20794);
#9660=VERTEX_POINT('',#20796);
#9661=VERTEX_POINT('',#20799);
#9662=VERTEX_POINT('',#20800);
#9663=VERTEX_POINT('',#20802);
#9664=VERTEX_POINT('',#20804);
#9665=VERTEX_POINT('',#20806);
#9666=VERTEX_POINT('',#20808);
#9667=VERTEX_POINT('',#20811);
#9668=VERTEX_POINT('',#20812);
#9669=VERTEX_POINT('',#20814);
#9670=VERTEX_POINT('',#20816);
#9671=VERTEX_POINT('',#20818);
#9672=VERTEX_POINT('',#20820);
#9673=VERTEX_POINT('',#20822);
#9674=VERTEX_POINT('',#20824);
#9675=VERTEX_POINT('',#20826);
#9676=VERTEX_POINT('',#20828);
#9677=VERTEX_POINT('',#20831);
#9678=VERTEX_POINT('',#20832);
#9679=VERTEX_POINT('',#20834);
#9680=VERTEX_POINT('',#20836);
#9681=VERTEX_POINT('',#20839);
#9682=VERTEX_POINT('',#20840);
#9683=VERTEX_POINT('',#20842);
#9684=VERTEX_POINT('',#20844);
#9685=VERTEX_POINT('',#20847);
#9686=VERTEX_POINT('',#20848);
#9687=VERTEX_POINT('',#20850);
#9688=VERTEX_POINT('',#20852);
#9689=VERTEX_POINT('',#20854);
#9690=VERTEX_POINT('',#20856);
#9691=VERTEX_POINT('',#20858);
#9692=VERTEX_POINT('',#20860);
#9693=VERTEX_POINT('',#20863);
#9694=VERTEX_POINT('',#20864);
#9695=VERTEX_POINT('',#20866);
#9696=VERTEX_POINT('',#20868);
#9697=VERTEX_POINT('',#20870);
#9698=VERTEX_POINT('',#20872);
#9699=VERTEX_POINT('',#20874);
#9700=VERTEX_POINT('',#20876);
#9701=VERTEX_POINT('',#20879);
#9702=VERTEX_POINT('',#20880);
#9703=VERTEX_POINT('',#20882);
#9704=VERTEX_POINT('',#20884);
#9705=VERTEX_POINT('',#20887);
#9706=VERTEX_POINT('',#20888);
#9707=VERTEX_POINT('',#20890);
#9708=VERTEX_POINT('',#20892);
#9709=VERTEX_POINT('',#20895);
#9710=VERTEX_POINT('',#20896);
#9711=VERTEX_POINT('',#20898);
#9712=VERTEX_POINT('',#20900);
#9713=VERTEX_POINT('',#20903);
#9714=VERTEX_POINT('',#20904);
#9715=VERTEX_POINT('',#20906);
#9716=VERTEX_POINT('',#20908);
#9717=VERTEX_POINT('',#20911);
#9718=VERTEX_POINT('',#20912);
#9719=VERTEX_POINT('',#20914);
#9720=VERTEX_POINT('',#20916);
#9721=VERTEX_POINT('',#20918);
#9722=VERTEX_POINT('',#20920);
#9723=VERTEX_POINT('',#20922);
#9724=VERTEX_POINT('',#20924);
#9725=VERTEX_POINT('',#20927);
#9726=VERTEX_POINT('',#20928);
#9727=VERTEX_POINT('',#20930);
#9728=VERTEX_POINT('',#20932);
#9729=VERTEX_POINT('',#20934);
#9730=VERTEX_POINT('',#20936);
#9731=VERTEX_POINT('',#20938);
#9732=VERTEX_POINT('',#20940);
#9733=VERTEX_POINT('',#20943);
#9734=VERTEX_POINT('',#20944);
#9735=VERTEX_POINT('',#20946);
#9736=VERTEX_POINT('',#20948);
#9737=VERTEX_POINT('',#20951);
#9738=VERTEX_POINT('',#20952);
#9739=VERTEX_POINT('',#20954);
#9740=VERTEX_POINT('',#20956);
#9741=VERTEX_POINT('',#20959);
#9742=VERTEX_POINT('',#20960);
#9743=VERTEX_POINT('',#20962);
#9744=VERTEX_POINT('',#20964);
#9745=VERTEX_POINT('',#20967);
#9746=VERTEX_POINT('',#20968);
#9747=VERTEX_POINT('',#20970);
#9748=VERTEX_POINT('',#20972);
#9749=VERTEX_POINT('',#20974);
#9750=VERTEX_POINT('',#20976);
#9751=VERTEX_POINT('',#20978);
#9752=VERTEX_POINT('',#20980);
#9753=VERTEX_POINT('',#20982);
#9754=VERTEX_POINT('',#20984);
#9755=VERTEX_POINT('',#20986);
#9756=VERTEX_POINT('',#20988);
#9757=CIRCLE('',#13332,0.0015);
#9758=CIRCLE('',#13333,0.0015);
#9759=CIRCLE('',#13334,0.00159999999999997);
#9760=CIRCLE('',#13335,0.0015);
#9761=CIRCLE('',#13336,0.0015);
#9762=CIRCLE('',#13337,0.00149999999999997);
#9763=CIRCLE('',#13338,0.0015);
#9764=CIRCLE('',#13339,0.0015);
#9765=CIRCLE('',#13340,0.0015);
#9766=CIRCLE('',#13341,0.0015);
#9767=CIRCLE('',#13342,0.00150000000000009);
#9768=CIRCLE('',#13343,0.00150000000000009);
#9769=CIRCLE('',#13344,0.00150000000000003);
#9770=CIRCLE('',#13345,0.00150000000000003);
#9771=CIRCLE('',#13346,0.0015);
#9772=CIRCLE('',#13347,0.0015);
#9773=CIRCLE('',#13348,0.0015);
#9774=CIRCLE('',#13349,0.0016);
#9775=CIRCLE('',#13350,0.0015);
#9776=CIRCLE('',#13351,0.0015);
#9777=CIRCLE('',#13352,0.0015);
#9778=CIRCLE('',#13353,0.0015);
#9779=CIRCLE('',#13354,0.0015);
#9780=CIRCLE('',#13355,0.00149999999999997);
#9781=CIRCLE('',#13356,0.0015);
#9782=CIRCLE('',#13357,0.00150000000000009);
#9783=CIRCLE('',#13358,0.00150000000000009);
#9784=CIRCLE('',#13359,0.0015);
#9785=CIRCLE('',#13360,0.0015);
#9786=CIRCLE('',#13361,0.003);
#9787=CIRCLE('',#13362,0.003);
#9788=CIRCLE('',#13363,0.003);
#9789=CIRCLE('',#13364,0.003);
#9790=CIRCLE('',#13365,0.0015);
#9791=CIRCLE('',#13366,0.0015);
#9792=CIRCLE('',#13367,0.00149999999999997);
#9793=CIRCLE('',#13368,0.0015);
#9794=CIRCLE('',#13369,0.0015);
#9795=CIRCLE('',#13370,0.0015);
#9796=CIRCLE('',#13371,0.0015);
#9797=CIRCLE('',#13372,0.0015);
#9798=CIRCLE('',#13373,0.001);
#9799=CIRCLE('',#13374,0.0015);
#9800=CIRCLE('',#13375,0.003);
#9801=CIRCLE('',#13376,0.0015);
#9802=CIRCLE('',#13377,0.0015);
#9803=CIRCLE('',#13378,0.0015);
#9804=CIRCLE('',#13379,0.0016);
#9805=CIRCLE('',#13380,0.0015);
#9806=CIRCLE('',#13381,0.003);
#9807=CIRCLE('',#13382,0.0015);
#9808=CIRCLE('',#13383,0.001);
#9809=CIRCLE('',#13384,0.0015);
#9810=CIRCLE('',#13385,0.0015);
#9811=CIRCLE('',#13386,0.00149999999999998);
#9812=CIRCLE('',#13387,0.0015);
#9813=CIRCLE('',#13388,0.0015);
#9814=CIRCLE('',#13389,0.0015);
#9815=CIRCLE('',#13390,0.0015);
#9816=CIRCLE('',#13391,0.0015);
#9817=CIRCLE('',#13392,0.0015);
#9818=CIRCLE('',#13393,0.0015);
#9819=CIRCLE('',#13394,0.0015);
#9820=CIRCLE('',#13395,0.0015);
#9821=CIRCLE('',#13396,0.003);
#9822=CIRCLE('',#13397,0.0015);
#9823=CIRCLE('',#13398,0.001);
#9824=CIRCLE('',#13399,0.0015);
#9825=CIRCLE('',#13400,0.001);
#9826=CIRCLE('',#13401,0.0015);
#9827=CIRCLE('',#13402,0.003);
#9828=CIRCLE('',#13403,0.0015);
#9829=CIRCLE('',#13404,0.0015);
#9830=CIRCLE('',#13405,0.0016);
#9831=CIRCLE('',#13406,0.0016);
#9832=CIRCLE('',#13407,0.0015);
#9833=CIRCLE('',#13408,0.00149999999999998);
#9834=CIRCLE('',#13409,0.0015);
#9835=CIRCLE('',#13410,0.0015);
#9836=CIRCLE('',#13411,0.0015);
#9837=CIRCLE('',#13412,0.001);
#9838=CIRCLE('',#13413,0.0015);
#9839=CIRCLE('',#13414,0.003);
#9840=CIRCLE('',#13415,0.003);
#9841=CIRCLE('',#13416,0.0015);
#9842=CIRCLE('',#13417,0.001);
#9843=CIRCLE('',#13418,0.0015);
#9844=CIRCLE('',#13419,0.0015);
#9845=CIRCLE('',#13420,0.0015);
#9846=CIRCLE('',#13421,0.0015);
#9847=CIRCLE('',#13422,0.0015);
#9848=CIRCLE('',#13423,0.0015);
#9849=CIRCLE('',#13424,0.0015);
#9850=CIRCLE('',#13425,0.0015);
#9851=CIRCLE('',#13426,0.0015);
#9852=CIRCLE('',#13427,0.0015);
#9853=CIRCLE('',#13428,0.0015);
#9854=CIRCLE('',#13429,0.0015);
#9855=CIRCLE('',#13430,0.0015);
#9856=CIRCLE('',#13431,0.0015);
#9857=CIRCLE('',#13432,0.003);
#9858=CIRCLE('',#13433,0.00150000000000003);
#9859=CIRCLE('',#13434,0.001);
#9860=CIRCLE('',#13435,0.0015);
#9861=CIRCLE('',#13436,0.001);
#9862=CIRCLE('',#13437,0.00150000000000003);
#9863=CIRCLE('',#13438,0.003);
#9864=CIRCLE('',#13439,0.0015);
#9865=CIRCLE('',#13440,0.0015);
#9866=CIRCLE('',#13441,0.0015);
#9867=CIRCLE('',#13442,0.0015);
#9868=CIRCLE('',#13443,0.0015);
#9869=CIRCLE('',#13444,0.0015);
#9870=CIRCLE('',#13445,0.0015);
#9871=CIRCLE('',#13446,0.0015);
#9872=CIRCLE('',#13447,0.0015);
#9873=CIRCLE('',#13448,0.0015);
#9874=CIRCLE('',#13449,0.0015);
#9875=CIRCLE('',#13450,0.0015);
#9876=CIRCLE('',#13451,0.0015);
#9877=CIRCLE('',#13452,0.0015);
#9878=CIRCLE('',#13453,0.0015);
#9879=CIRCLE('',#13454,0.0015);
#9880=CIRCLE('',#13455,0.0015);
#9881=CIRCLE('',#13456,0.0015);
#9882=CIRCLE('',#13457,0.0015);
#9883=CIRCLE('',#13458,0.0015);
#9884=CIRCLE('',#13459,0.0015);
#9885=CIRCLE('',#13460,0.0015);
#9886=CIRCLE('',#13461,0.0015);
#9887=CIRCLE('',#13462,0.0015);
#9888=CIRCLE('',#13463,0.0015);
#9889=CIRCLE('',#13464,0.0015);
#9890=CIRCLE('',#13465,0.0015);
#9891=CIRCLE('',#13466,0.0015);
#9892=CIRCLE('',#13467,0.0015);
#9893=CIRCLE('',#13468,0.001);
#9894=CIRCLE('',#13469,0.0015);
#9895=CIRCLE('',#13470,0.003);
#9896=CIRCLE('',#13471,0.003);
#9897=CIRCLE('',#13472,0.0015);
#9898=CIRCLE('',#13473,0.001);
#9899=CIRCLE('',#13474,0.0015);
#9900=CIRCLE('',#13475,0.0015);
#9901=CIRCLE('',#13476,0.0015);
#9902=CIRCLE('',#13477,0.0015);
#9903=CIRCLE('',#13478,0.0015);
#9904=CIRCLE('',#13479,0.0015);
#9905=CIRCLE('',#13480,0.0015);
#9906=CIRCLE('',#13481,0.0015);
#9907=CIRCLE('',#13482,0.0015);
#9908=CIRCLE('',#13483,0.0015);
#9909=CIRCLE('',#13484,0.0015);
#9910=CIRCLE('',#13485,0.0015);
#9911=CIRCLE('',#13486,0.0015);
#9912=CIRCLE('',#13487,0.0015);
#9913=CIRCLE('',#13488,0.0015);
#9914=CIRCLE('',#13489,0.00150000000000003);
#9915=CIRCLE('',#13490,0.00150000000000003);
#9916=CIRCLE('',#13491,0.0015);
#9917=CIRCLE('',#13492,0.0015);
#9918=CIRCLE('',#13493,0.0015);
#9919=CIRCLE('',#13494,0.0015);
#9920=CIRCLE('',#13495,0.0015);
#9921=CIRCLE('',#13496,0.003);
#9922=CIRCLE('',#13497,0.0015);
#9923=CIRCLE('',#13498,0.001);
#9924=CIRCLE('',#13499,0.0015);
#9925=CIRCLE('',#13500,0.00100000000000003);
#9926=CIRCLE('',#13501,0.0015);
#9927=CIRCLE('',#13502,0.003);
#9928=CIRCLE('',#13503,0.00150000000000003);
#9929=CIRCLE('',#13504,0.0015);
#9930=CIRCLE('',#13505,0.00150000000000003);
#9931=CIRCLE('',#13506,0.0015);
#9932=CIRCLE('',#13507,0.0015);
#9933=CIRCLE('',#13508,0.0015);
#9934=CIRCLE('',#13509,0.0015);
#9935=CIRCLE('',#13510,0.0015);
#9936=CIRCLE('',#13511,0.003);
#9937=CIRCLE('',#13512,0.0015);
#9938=CIRCLE('',#13513,0.001);
#9939=CIRCLE('',#13514,0.0015);
#9940=CIRCLE('',#13515,0.0015);
#9941=CIRCLE('',#13516,0.00100000000000003);
#9942=CIRCLE('',#13517,0.0015);
#9943=CIRCLE('',#13518,0.003);
#9944=CIRCLE('',#13519,0.0015);
#9945=CIRCLE('',#13520,0.0015);
#9946=CIRCLE('',#13521,0.0015);
#9947=CIRCLE('',#13522,0.0015);
#9948=CIRCLE('',#13523,0.0015);
#9949=CIRCLE('',#13524,0.0015);
#9950=CIRCLE('',#13525,0.0015);
#9951=CIRCLE('',#13526,0.0015);
#9952=CIRCLE('',#13527,0.0015);
#9953=CIRCLE('',#13528,0.0015);
#9954=CIRCLE('',#13529,0.0015);
#9955=CIRCLE('',#13530,0.0015);
#9956=CIRCLE('',#13531,0.0015);
#9957=CIRCLE('',#13532,0.0015);
#9958=CIRCLE('',#13533,0.0015);
#9959=CIRCLE('',#13534,0.0015);
#9960=CIRCLE('',#13535,0.0015);
#9961=CIRCLE('',#13536,0.0015);
#9962=CIRCLE('',#13537,0.0015);
#9963=CIRCLE('',#13538,0.0015);
#9964=CIRCLE('',#13539,0.0015);
#9965=CIRCLE('',#13540,0.0015);
#9966=CIRCLE('',#13541,0.00150000000000003);
#9967=CIRCLE('',#13542,0.00150000000000003);
#9968=CIRCLE('',#13543,0.0015);
#9969=CIRCLE('',#13544,0.0015);
#9970=CIRCLE('',#13545,0.0015);
#9971=CIRCLE('',#13546,0.0015);
#9972=CIRCLE('',#13547,0.0015);
#9973=CIRCLE('',#13548,0.001);
#9974=CIRCLE('',#13549,0.0015);
#9975=CIRCLE('',#13550,0.003);
#9976=CIRCLE('',#13551,0.0015);
#9977=CIRCLE('',#13552,0.003);
#9978=CIRCLE('',#13553,0.0015);
#9979=CIRCLE('',#13554,0.001);
#9980=CIRCLE('',#13555,0.0015);
#9981=CIRCLE('',#13556,0.0015);
#9982=CIRCLE('',#13557,0.0015);
#9983=CIRCLE('',#13558,0.0015);
#9984=CIRCLE('',#13559,0.0015);
#9985=CIRCLE('',#13560,0.0015);
#9986=CIRCLE('',#13561,0.0015);
#9987=CIRCLE('',#13562,0.0015);
#9988=CIRCLE('',#13563,0.0015);
#9989=CIRCLE('',#13564,0.0015);
#9990=CIRCLE('',#13565,0.0015);
#9991=CIRCLE('',#13566,0.0015);
#9992=CIRCLE('',#13567,0.003);
#9993=CIRCLE('',#13568,0.0015);
#9994=CIRCLE('',#13569,0.001);
#9995=CIRCLE('',#13570,0.0015);
#9996=CIRCLE('',#13571,0.0015);
#9997=CIRCLE('',#13572,0.001);
#9998=CIRCLE('',#13573,0.00150000000000003);
#9999=CIRCLE('',#13574,0.003);
#10000=CIRCLE('',#13575,0.0015);
#10001=CIRCLE('',#13576,0.0015);
#10002=CIRCLE('',#13577,0.0015);
#10003=CIRCLE('',#13578,0.00150000000000003);
#10004=CIRCLE('',#13579,0.0015);
#10005=CIRCLE('',#13580,0.0015);
#10006=CIRCLE('',#13581,0.0015);
#10007=CIRCLE('',#13582,0.0015);
#10008=CIRCLE('',#13583,0.0015);
#10009=CIRCLE('',#13584,0.0015);
#10010=CIRCLE('',#13585,0.0015);
#10011=CIRCLE('',#13586,0.0015);
#10012=CIRCLE('',#13587,0.0015);
#10013=CIRCLE('',#13588,0.001);
#10014=CIRCLE('',#13589,0.00150000000000003);
#10015=CIRCLE('',#13590,0.003);
#10016=CIRCLE('',#13591,0.0015);
#10017=CIRCLE('',#13592,0.003);
#10018=CIRCLE('',#13593,0.00150000000000003);
#10019=CIRCLE('',#13594,0.001);
#10020=CIRCLE('',#13595,0.0015);
#10021=CIRCLE('',#13596,0.0015);
#10022=CIRCLE('',#13597,0.0015);
#10023=CIRCLE('',#13598,0.0015);
#10024=CIRCLE('',#13599,0.0015);
#10025=CIRCLE('',#13600,0.00150000000000003);
#10026=CIRCLE('',#13601,0.0015);
#10027=CIRCLE('',#13602,0.0015);
#10028=CIRCLE('',#13603,0.0015);
#10029=CIRCLE('',#13604,0.0015);
#10030=CIRCLE('',#13605,0.0015);
#10031=CIRCLE('',#13606,0.0015);
#10032=CIRCLE('',#13607,0.0015);
#10033=CIRCLE('',#13608,0.0015);
#10034=CIRCLE('',#13609,0.0015);
#10035=CIRCLE('',#13610,0.0015);
#10036=CIRCLE('',#13611,0.0016);
#10037=CIRCLE('',#13612,0.0015);
#10038=CIRCLE('',#13613,0.0015);
#10039=CIRCLE('',#13614,0.0015);
#10040=CIRCLE('',#13615,0.0015);
#10041=CIRCLE('',#13616,0.003);
#10042=CIRCLE('',#13617,0.0015);
#10043=CIRCLE('',#13618,0.001);
#10044=CIRCLE('',#13619,0.0015);
#10045=CIRCLE('',#13620,0.00150000000000003);
#10046=CIRCLE('',#13621,0.001);
#10047=CIRCLE('',#13622,0.0015);
#10048=CIRCLE('',#13623,0.003);
#10049=CIRCLE('',#13624,0.0016);
#10050=CIRCLE('',#13625,0.0016);
#10051=CIRCLE('',#13626,0.0015);
#10052=CIRCLE('',#13627,0.00150000000000003);
#10053=CIRCLE('',#13628,0.0015);
#10054=CIRCLE('',#13629,0.00150000000000007);
#10055=CIRCLE('',#13630,0.0015);
#10056=CIRCLE('',#13631,0.0015);
#10057=CIRCLE('',#13632,0.0015);
#10058=CIRCLE('',#13633,0.001);
#10059=CIRCLE('',#13634,0.0015);
#10060=CIRCLE('',#13635,0.003);
#10061=CIRCLE('',#13636,0.0015);
#10062=CIRCLE('',#13637,0.003);
#10063=CIRCLE('',#13638,0.0015);
#10064=CIRCLE('',#13639,0.001);
#10065=CIRCLE('',#13640,0.0015);
#10066=CIRCLE('',#13641,0.0015);
#10067=CIRCLE('',#13642,0.0015);
#10068=CIRCLE('',#13643,0.0015);
#10069=CIRCLE('',#13644,0.00150000000000006);
#10070=CIRCLE('',#13645,0.00150000000000006);
#10071=CIRCLE('',#13646,0.004);
#10072=CIRCLE('',#13647,0.004);
#10073=CIRCLE('',#13648,0.073);
#10074=CIRCLE('',#13649,0.004);
#10075=CIRCLE('',#13650,0.004);
#10076=CIRCLE('',#13651,0.004);
#10077=CIRCLE('',#13652,0.004);
#10078=CIRCLE('',#13654,0.0015);
#10079=CIRCLE('',#13655,0.0015);
#10080=CIRCLE('',#13656,0.00159999999999997);
#10081=CIRCLE('',#13657,0.0015);
#10082=CIRCLE('',#13658,0.0015);
#10083=CIRCLE('',#13659,0.00149999999999997);
#10084=CIRCLE('',#13660,0.0015);
#10085=CIRCLE('',#13661,0.0015);
#10086=CIRCLE('',#13662,0.0015);
#10087=CIRCLE('',#13663,0.0015);
#10088=CIRCLE('',#13664,0.00150000000000009);
#10089=CIRCLE('',#13665,0.00150000000000009);
#10090=CIRCLE('',#13666,0.00150000000000003);
#10091=CIRCLE('',#13667,0.00150000000000003);
#10092=CIRCLE('',#13668,0.0015);
#10093=CIRCLE('',#13669,0.0015);
#10094=CIRCLE('',#13670,0.0015);
#10095=CIRCLE('',#13671,0.0016);
#10096=CIRCLE('',#13672,0.0015);
#10097=CIRCLE('',#13673,0.0015);
#10098=CIRCLE('',#13674,0.0015);
#10099=CIRCLE('',#13675,0.0015);
#10100=CIRCLE('',#13676,0.0015);
#10101=CIRCLE('',#13677,0.00149999999999997);
#10102=CIRCLE('',#13678,0.0015);
#10103=CIRCLE('',#13679,0.00150000000000009);
#10104=CIRCLE('',#13680,0.00150000000000009);
#10105=CIRCLE('',#13681,0.0015);
#10106=CIRCLE('',#13682,0.0015);
#10107=CIRCLE('',#13683,0.003);
#10108=CIRCLE('',#13684,0.003);
#10109=CIRCLE('',#13685,0.003);
#10110=CIRCLE('',#13686,0.003);
#10111=CIRCLE('',#13687,0.0015);
#10112=CIRCLE('',#13688,0.0015);
#10113=CIRCLE('',#13689,0.00149999999999997);
#10114=CIRCLE('',#13690,0.0015);
#10115=CIRCLE('',#13691,0.0015);
#10116=CIRCLE('',#13692,0.0015);
#10117=CIRCLE('',#13693,0.0015);
#10118=CIRCLE('',#13694,0.003);
#10119=CIRCLE('',#13695,0.0015);
#10120=CIRCLE('',#13696,0.001);
#10121=CIRCLE('',#13697,0.0015);
#10122=CIRCLE('',#13698,0.0015);
#10123=CIRCLE('',#13699,0.0015);
#10124=CIRCLE('',#13700,0.0015);
#10125=CIRCLE('',#13701,0.0016);
#10126=CIRCLE('',#13702,0.0015);
#10127=CIRCLE('',#13703,0.0015);
#10128=CIRCLE('',#13704,0.001);
#10129=CIRCLE('',#13705,0.0015);
#10130=CIRCLE('',#13706,0.003);
#10131=CIRCLE('',#13707,0.0015);
#10132=CIRCLE('',#13708,0.00149999999999998);
#10133=CIRCLE('',#13709,0.0015);
#10134=CIRCLE('',#13710,0.0015);
#10135=CIRCLE('',#13711,0.0015);
#10136=CIRCLE('',#13712,0.0015);
#10137=CIRCLE('',#13713,0.0015);
#10138=CIRCLE('',#13714,0.0015);
#10139=CIRCLE('',#13715,0.0015);
#10140=CIRCLE('',#13716,0.0015);
#10141=CIRCLE('',#13717,0.0015);
#10142=CIRCLE('',#13718,0.001);
#10143=CIRCLE('',#13719,0.0015);
#10144=CIRCLE('',#13720,0.003);
#10145=CIRCLE('',#13721,0.0015);
#10146=CIRCLE('',#13722,0.003);
#10147=CIRCLE('',#13723,0.0015);
#10148=CIRCLE('',#13724,0.001);
#10149=CIRCLE('',#13725,0.0015);
#10150=CIRCLE('',#13726,0.0015);
#10151=CIRCLE('',#13727,0.0016);
#10152=CIRCLE('',#13728,0.0016);
#10153=CIRCLE('',#13729,0.0015);
#10154=CIRCLE('',#13730,0.00149999999999998);
#10155=CIRCLE('',#13731,0.0015);
#10156=CIRCLE('',#13732,0.0015);
#10157=CIRCLE('',#13733,0.003);
#10158=CIRCLE('',#13734,0.0015);
#10159=CIRCLE('',#13735,0.001);
#10160=CIRCLE('',#13736,0.0015);
#10161=CIRCLE('',#13737,0.0015);
#10162=CIRCLE('',#13738,0.001);
#10163=CIRCLE('',#13739,0.0015);
#10164=CIRCLE('',#13740,0.003);
#10165=CIRCLE('',#13741,0.0015);
#10166=CIRCLE('',#13742,0.0015);
#10167=CIRCLE('',#13743,0.0015);
#10168=CIRCLE('',#13744,0.0015);
#10169=CIRCLE('',#13745,0.0015);
#10170=CIRCLE('',#13746,0.0015);
#10171=CIRCLE('',#13747,0.0015);
#10172=CIRCLE('',#13748,0.0015);
#10173=CIRCLE('',#13749,0.0015);
#10174=CIRCLE('',#13750,0.0015);
#10175=CIRCLE('',#13751,0.0015);
#10176=CIRCLE('',#13752,0.0015);
#10177=CIRCLE('',#13753,0.0015);
#10178=CIRCLE('',#13754,0.001);
#10179=CIRCLE('',#13755,0.00150000000000003);
#10180=CIRCLE('',#13756,0.003);
#10181=CIRCLE('',#13757,0.0015);
#10182=CIRCLE('',#13758,0.003);
#10183=CIRCLE('',#13759,0.00150000000000003);
#10184=CIRCLE('',#13760,0.001);
#10185=CIRCLE('',#13761,0.0015);
#10186=CIRCLE('',#13762,0.0015);
#10187=CIRCLE('',#13763,0.0015);
#10188=CIRCLE('',#13764,0.0015);
#10189=CIRCLE('',#13765,0.0015);
#10190=CIRCLE('',#13766,0.0015);
#10191=CIRCLE('',#13767,0.0015);
#10192=CIRCLE('',#13768,0.0015);
#10193=CIRCLE('',#13769,0.0015);
#10194=CIRCLE('',#13770,0.0015);
#10195=CIRCLE('',#13771,0.0015);
#10196=CIRCLE('',#13772,0.0015);
#10197=CIRCLE('',#13773,0.0015);
#10198=CIRCLE('',#13774,0.0015);
#10199=CIRCLE('',#13775,0.0015);
#10200=CIRCLE('',#13776,0.0015);
#10201=CIRCLE('',#13777,0.0015);
#10202=CIRCLE('',#13778,0.0015);
#10203=CIRCLE('',#13779,0.0015);
#10204=CIRCLE('',#13780,0.0015);
#10205=CIRCLE('',#13781,0.0015);
#10206=CIRCLE('',#13782,0.0015);
#10207=CIRCLE('',#13783,0.0015);
#10208=CIRCLE('',#13784,0.0015);
#10209=CIRCLE('',#13785,0.0015);
#10210=CIRCLE('',#13786,0.0015);
#10211=CIRCLE('',#13787,0.0015);
#10212=CIRCLE('',#13788,0.0015);
#10213=CIRCLE('',#13789,0.003);
#10214=CIRCLE('',#13790,0.0015);
#10215=CIRCLE('',#13791,0.001);
#10216=CIRCLE('',#13792,0.0015);
#10217=CIRCLE('',#13793,0.0015);
#10218=CIRCLE('',#13794,0.001);
#10219=CIRCLE('',#13795,0.0015);
#10220=CIRCLE('',#13796,0.003);
#10221=CIRCLE('',#13797,0.0015);
#10222=CIRCLE('',#13798,0.0015);
#10223=CIRCLE('',#13799,0.0015);
#10224=CIRCLE('',#13800,0.0015);
#10225=CIRCLE('',#13801,0.0015);
#10226=CIRCLE('',#13802,0.0015);
#10227=CIRCLE('',#13803,0.0015);
#10228=CIRCLE('',#13804,0.0015);
#10229=CIRCLE('',#13805,0.0015);
#10230=CIRCLE('',#13806,0.0015);
#10231=CIRCLE('',#13807,0.0015);
#10232=CIRCLE('',#13808,0.0015);
#10233=CIRCLE('',#13809,0.0015);
#10234=CIRCLE('',#13810,0.0015);
#10235=CIRCLE('',#13811,0.00150000000000003);
#10236=CIRCLE('',#13812,0.00150000000000003);
#10237=CIRCLE('',#13813,0.0015);
#10238=CIRCLE('',#13814,0.0015);
#10239=CIRCLE('',#13815,0.0015);
#10240=CIRCLE('',#13816,0.0015);
#10241=CIRCLE('',#13817,0.0015);
#10242=CIRCLE('',#13818,0.001);
#10243=CIRCLE('',#13819,0.0015);
#10244=CIRCLE('',#13820,0.003);
#10245=CIRCLE('',#13821,0.0015);
#10246=CIRCLE('',#13822,0.003);
#10247=CIRCLE('',#13823,0.0015);
#10248=CIRCLE('',#13824,0.00100000000000003);
#10249=CIRCLE('',#13825,0.00150000000000003);
#10250=CIRCLE('',#13826,0.0015);
#10251=CIRCLE('',#13827,0.00150000000000003);
#10252=CIRCLE('',#13828,0.0015);
#10253=CIRCLE('',#13829,0.0015);
#10254=CIRCLE('',#13830,0.0015);
#10255=CIRCLE('',#13831,0.0015);
#10256=CIRCLE('',#13832,0.0015);
#10257=CIRCLE('',#13833,0.0015);
#10258=CIRCLE('',#13834,0.001);
#10259=CIRCLE('',#13835,0.0015);
#10260=CIRCLE('',#13836,0.003);
#10261=CIRCLE('',#13837,0.003);
#10262=CIRCLE('',#13838,0.0015);
#10263=CIRCLE('',#13839,0.00100000000000003);
#10264=CIRCLE('',#13840,0.0015);
#10265=CIRCLE('',#13841,0.0015);
#10266=CIRCLE('',#13842,0.0015);
#10267=CIRCLE('',#13843,0.0015);
#10268=CIRCLE('',#13844,0.0015);
#10269=CIRCLE('',#13845,0.0015);
#10270=CIRCLE('',#13846,0.0015);
#10271=CIRCLE('',#13847,0.0015);
#10272=CIRCLE('',#13848,0.0015);
#10273=CIRCLE('',#13849,0.0015);
#10274=CIRCLE('',#13850,0.0015);
#10275=CIRCLE('',#13851,0.0015);
#10276=CIRCLE('',#13852,0.0015);
#10277=CIRCLE('',#13853,0.0015);
#10278=CIRCLE('',#13854,0.0015);
#10279=CIRCLE('',#13855,0.0015);
#10280=CIRCLE('',#13856,0.0015);
#10281=CIRCLE('',#13857,0.0015);
#10282=CIRCLE('',#13858,0.0015);
#10283=CIRCLE('',#13859,0.0015);
#10284=CIRCLE('',#13860,0.0015);
#10285=CIRCLE('',#13861,0.0015);
#10286=CIRCLE('',#13862,0.0015);
#10287=CIRCLE('',#13863,0.00150000000000003);
#10288=CIRCLE('',#13864,0.00150000000000003);
#10289=CIRCLE('',#13865,0.0015);
#10290=CIRCLE('',#13866,0.0015);
#10291=CIRCLE('',#13867,0.0015);
#10292=CIRCLE('',#13868,0.0015);
#10293=CIRCLE('',#13869,0.0015);
#10294=CIRCLE('',#13870,0.003);
#10295=CIRCLE('',#13871,0.0015);
#10296=CIRCLE('',#13872,0.001);
#10297=CIRCLE('',#13873,0.0015);
#10298=CIRCLE('',#13874,0.001);
#10299=CIRCLE('',#13875,0.0015);
#10300=CIRCLE('',#13876,0.003);
#10301=CIRCLE('',#13877,0.0015);
#10302=CIRCLE('',#13878,0.0015);
#10303=CIRCLE('',#13879,0.0015);
#10304=CIRCLE('',#13880,0.0015);
#10305=CIRCLE('',#13881,0.0015);
#10306=CIRCLE('',#13882,0.0015);
#10307=CIRCLE('',#13883,0.0015);
#10308=CIRCLE('',#13884,0.0015);
#10309=CIRCLE('',#13885,0.0015);
#10310=CIRCLE('',#13886,0.0015);
#10311=CIRCLE('',#13887,0.0015);
#10312=CIRCLE('',#13888,0.0015);
#10313=CIRCLE('',#13889,0.0015);
#10314=CIRCLE('',#13890,0.001);
#10315=CIRCLE('',#13891,0.0015);
#10316=CIRCLE('',#13892,0.003);
#10317=CIRCLE('',#13893,0.003);
#10318=CIRCLE('',#13894,0.00150000000000003);
#10319=CIRCLE('',#13895,0.001);
#10320=CIRCLE('',#13896,0.0015);
#10321=CIRCLE('',#13897,0.0015);
#10322=CIRCLE('',#13898,0.0015);
#10323=CIRCLE('',#13899,0.0015);
#10324=CIRCLE('',#13900,0.00150000000000003);
#10325=CIRCLE('',#13901,0.0015);
#10326=CIRCLE('',#13902,0.0015);
#10327=CIRCLE('',#13903,0.0015);
#10328=CIRCLE('',#13904,0.0015);
#10329=CIRCLE('',#13905,0.0015);
#10330=CIRCLE('',#13906,0.0015);
#10331=CIRCLE('',#13907,0.0015);
#10332=CIRCLE('',#13908,0.0015);
#10333=CIRCLE('',#13909,0.0015);
#10334=CIRCLE('',#13910,0.003);
#10335=CIRCLE('',#13911,0.00150000000000003);
#10336=CIRCLE('',#13912,0.001);
#10337=CIRCLE('',#13913,0.0015);
#10338=CIRCLE('',#13914,0.001);
#10339=CIRCLE('',#13915,0.00150000000000003);
#10340=CIRCLE('',#13916,0.003);
#10341=CIRCLE('',#13917,0.0015);
#10342=CIRCLE('',#13918,0.0015);
#10343=CIRCLE('',#13919,0.0015);
#10344=CIRCLE('',#13920,0.0015);
#10345=CIRCLE('',#13921,0.00150000000000003);
#10346=CIRCLE('',#13922,0.0015);
#10347=CIRCLE('',#13923,0.0015);
#10348=CIRCLE('',#13924,0.0015);
#10349=CIRCLE('',#13925,0.0015);
#10350=CIRCLE('',#13926,0.0015);
#10351=CIRCLE('',#13927,0.0015);
#10352=CIRCLE('',#13928,0.0015);
#10353=CIRCLE('',#13929,0.0015);
#10354=CIRCLE('',#13930,0.0015);
#10355=CIRCLE('',#13931,0.0015);
#10356=CIRCLE('',#13932,0.0016);
#10357=CIRCLE('',#13933,0.0015);
#10358=CIRCLE('',#13934,0.0015);
#10359=CIRCLE('',#13935,0.0015);
#10360=CIRCLE('',#13936,0.0015);
#10361=CIRCLE('',#13937,0.0015);
#10362=CIRCLE('',#13938,0.0015);
#10363=CIRCLE('',#13939,0.001);
#10364=CIRCLE('',#13940,0.0015);
#10365=CIRCLE('',#13941,0.003);
#10366=CIRCLE('',#13942,0.003);
#10367=CIRCLE('',#13943,0.0015);
#10368=CIRCLE('',#13944,0.001);
#10369=CIRCLE('',#13945,0.00150000000000003);
#10370=CIRCLE('',#13946,0.0016);
#10371=CIRCLE('',#13947,0.0016);
#10372=CIRCLE('',#13948,0.0015);
#10373=CIRCLE('',#13949,0.00150000000000003);
#10374=CIRCLE('',#13950,0.0015);
#10375=CIRCLE('',#13951,0.00150000000000007);
#10376=CIRCLE('',#13952,0.0015);
#10377=CIRCLE('',#13953,0.0015);
#10378=CIRCLE('',#13954,0.0015);
#10379=CIRCLE('',#13955,0.003);
#10380=CIRCLE('',#13956,0.0015);
#10381=CIRCLE('',#13957,0.001);
#10382=CIRCLE('',#13958,0.0015);
#10383=CIRCLE('',#13959,0.001);
#10384=CIRCLE('',#13960,0.0015);
#10385=CIRCLE('',#13961,0.003);
#10386=CIRCLE('',#13962,0.0015);
#10387=CIRCLE('',#13963,0.0015);
#10388=CIRCLE('',#13964,0.0015);
#10389=CIRCLE('',#13965,0.0015);
#10390=CIRCLE('',#13966,0.00150000000000006);
#10391=CIRCLE('',#13967,0.00150000000000006);
#10392=CIRCLE('',#13968,0.004);
#10393=CIRCLE('',#13969,0.004);
#10394=CIRCLE('',#13970,0.004);
#10395=CIRCLE('',#13971,0.004);
#10396=CIRCLE('',#13972,0.004);
#10397=CIRCLE('',#13973,0.073);
#10398=CIRCLE('',#13974,0.004);
#10399=EDGE_LOOP('',(#2825));
#10400=EDGE_LOOP('',(#2826));
#10401=EDGE_LOOP('',(#2827));
#10402=EDGE_LOOP('',(#2828));
#10403=EDGE_LOOP('',(#2829));
#10404=EDGE_LOOP('',(#2830));
#10405=EDGE_LOOP('',(#2831));
#10406=EDGE_LOOP('',(#2832));
#10407=EDGE_LOOP('',(#2833));
#10408=EDGE_LOOP('',(#2834));
#10409=EDGE_LOOP('',(#2835));
#10410=EDGE_LOOP('',(#2836));
#10411=EDGE_LOOP('',(#2837));
#10412=EDGE_LOOP('',(#2838));
#10413=EDGE_LOOP('',(#2839));
#10414=EDGE_LOOP('',(#2840));
#10415=EDGE_LOOP('',(#2841));
#10416=EDGE_LOOP('',(#2842));
#10417=EDGE_LOOP('',(#2843));
#10418=EDGE_LOOP('',(#2844));
#10419=EDGE_LOOP('',(#2845));
#10420=EDGE_LOOP('',(#2846));
#10421=EDGE_LOOP('',(#2847));
#10422=EDGE_LOOP('',(#2848));
#10423=EDGE_LOOP('',(#2849));
#10424=EDGE_LOOP('',(#2850));
#10425=EDGE_LOOP('',(#2851));
#10426=EDGE_LOOP('',(#2852));
#10427=EDGE_LOOP('',(#2853));
#10428=EDGE_LOOP('',(#2854));
#10429=EDGE_LOOP('',(#2855));
#10430=EDGE_LOOP('',(#2856));
#10431=EDGE_LOOP('',(#2857));
#10432=EDGE_LOOP('',(#2858));
#10433=EDGE_LOOP('',(#2859));
#10434=EDGE_LOOP('',(#2860));
#10435=EDGE_LOOP('',(#2861,#2862,#2863,#2864));
#10436=EDGE_LOOP('',(#2865,#2866,#2867,#2868));
#10437=EDGE_LOOP('',(#2869,#2870,#2871,#2872,#2873,#2874,#2875,#2876));
#10438=EDGE_LOOP('',(#2877,#2878,#2879,#2880,#2881,#2882));
#10439=EDGE_LOOP('',(#2883,#2884,#2885,#2886,#2887,#2888,#2889,#2890,#2891,
#2892));
#10440=EDGE_LOOP('',(#2893,#2894,#2895,#2896,#2897,#2898,#2899,#2900));
#10441=EDGE_LOOP('',(#2901,#2902,#2903,#2904));
#10442=EDGE_LOOP('',(#2905,#2906,#2907,#2908));
#10443=EDGE_LOOP('',(#2909,#2910,#2911,#2912,#2913,#2914));
#10444=EDGE_LOOP('',(#2915,#2916,#2917,#2918,#2919,#2920));
#10445=EDGE_LOOP('',(#2921,#2922,#2923,#2924));
#10446=EDGE_LOOP('',(#2925,#2926,#2927,#2928,#2929,#2930,#2931,#2932));
#10447=EDGE_LOOP('',(#2933,#2934,#2935,#2936,#2937,#2938,#2939,#2940));
#10448=EDGE_LOOP('',(#2941,#2942,#2943,#2944));
#10449=EDGE_LOOP('',(#2945,#2946,#2947,#2948));
#10450=EDGE_LOOP('',(#2949,#2950,#2951,#2952));
#10451=EDGE_LOOP('',(#2953,#2954,#2955,#2956));
#10452=EDGE_LOOP('',(#2957,#2958,#2959,#2960,#2961,#2962,#2963,#2964));
#10453=EDGE_LOOP('',(#2965,#2966,#2967,#2968,#2969,#2970,#2971,#2972));
#10454=EDGE_LOOP('',(#2973,#2974,#2975,#2976));
#10455=EDGE_LOOP('',(#2977,#2978,#2979,#2980));
#10456=EDGE_LOOP('',(#2981,#2982,#2983,#2984));
#10457=EDGE_LOOP('',(#2985,#2986,#2987,#2988));
#10458=EDGE_LOOP('',(#2989,#2990,#2991,#2992));
#10459=EDGE_LOOP('',(#2993,#2994,#2995,#2996));
#10460=EDGE_LOOP('',(#2997,#2998,#2999,#3000,#3001,#3002,#3003,#3004));
#10461=EDGE_LOOP('',(#3005,#3006,#3007,#3008,#3009,#3010,#3011,#3012));
#10462=EDGE_LOOP('',(#3013,#3014,#3015,#3016));
#10463=EDGE_LOOP('',(#3017,#3018,#3019,#3020));
#10464=EDGE_LOOP('',(#3021,#3022,#3023,#3024));
#10465=EDGE_LOOP('',(#3025,#3026,#3027,#3028));
#10466=EDGE_LOOP('',(#3029,#3030,#3031,#3032,#3033,#3034));
#10467=EDGE_LOOP('',(#3035,#3036,#3037,#3038,#3039,#3040));
#10468=EDGE_LOOP('',(#3041,#3042,#3043,#3044,#3045,#3046));
#10469=EDGE_LOOP('',(#3047,#3048,#3049,#3050,#3051,#3052));
#10470=EDGE_LOOP('',(#3053,#3054,#3055,#3056));
#10471=EDGE_LOOP('',(#3057,#3058,#3059,#3060));
#10472=EDGE_LOOP('',(#3061,#3062,#3063,#3064));
#10473=EDGE_LOOP('',(#3065,#3066,#3067,#3068));
#10474=EDGE_LOOP('',(#3069,#3070,#3071,#3072));
#10475=EDGE_LOOP('',(#3073,#3074,#3075,#3076));
#10476=EDGE_LOOP('',(#3077,#3078,#3079,#3080,#3081,#3082,#3083,#3084));
#10477=EDGE_LOOP('',(#3085,#3086,#3087,#3088,#3089,#3090,#3091,#3092));
#10478=EDGE_LOOP('',(#3093,#3094,#3095,#3096));
#10479=EDGE_LOOP('',(#3097,#3098,#3099,#3100));
#10480=EDGE_LOOP('',(#3101,#3102,#3103,#3104));
#10481=EDGE_LOOP('',(#3105,#3106,#3107,#3108));
#10482=EDGE_LOOP('',(#3109,#3110,#3111,#3112));
#10483=EDGE_LOOP('',(#3113,#3114,#3115,#3116));
#10484=EDGE_LOOP('',(#3117,#3118,#3119,#3120));
#10485=EDGE_LOOP('',(#3121,#3122,#3123,#3124));
#10486=EDGE_LOOP('',(#3125,#3126,#3127,#3128));
#10487=EDGE_LOOP('',(#3129,#3130,#3131,#3132));
#10488=EDGE_LOOP('',(#3133,#3134,#3135,#3136,#3137,#3138,#3139,#3140));
#10489=EDGE_LOOP('',(#3141,#3142,#3143,#3144,#3145,#3146,#3147,#3148));
#10490=EDGE_LOOP('',(#3149,#3150,#3151,#3152));
#10491=EDGE_LOOP('',(#3153,#3154,#3155,#3156));
#10492=EDGE_LOOP('',(#3157,#3158,#3159,#3160));
#10493=EDGE_LOOP('',(#3161,#3162,#3163,#3164));
#10494=EDGE_LOOP('',(#3165,#3166,#3167,#3168,#3169,#3170,#3171,#3172));
#10495=EDGE_LOOP('',(#3173,#3174,#3175,#3176,#3177,#3178,#3179,#3180));
#10496=EDGE_LOOP('',(#3181,#3182,#3183,#3184,#3185,#3186));
#10497=EDGE_LOOP('',(#3187,#3188,#3189,#3190,#3191,#3192));
#10498=EDGE_LOOP('',(#3193,#3194,#3195,#3196));
#10499=EDGE_LOOP('',(#3197,#3198,#3199,#3200));
#10500=EDGE_LOOP('',(#3201,#3202,#3203,#3204));
#10501=EDGE_LOOP('',(#3205,#3206,#3207,#3208));
#10502=EDGE_LOOP('',(#3209,#3210,#3211,#3212));
#10503=EDGE_LOOP('',(#3213,#3214,#3215,#3216,#3217,#3218));
#10504=EDGE_LOOP('',(#3219,#3220,#3221,#3222,#3223,#3224));
#10505=EDGE_LOOP('',(#3225,#3226,#3227,#3228));
#10506=EDGE_LOOP('',(#3229,#3230,#3231,#3232));
#10507=EDGE_LOOP('',(#3233,#3234,#3235,#3236));
#10508=EDGE_LOOP('',(#3237,#3238,#3239,#3240));
#10509=EDGE_LOOP('',(#3241,#3242,#3243,#3244));
#10510=EDGE_LOOP('',(#3245,#3246,#3247,#3248,#3249,#3250,#3251,#3252));
#10511=EDGE_LOOP('',(#3253,#3254,#3255,#3256,#3257,#3258,#3259,#3260));
#10512=EDGE_LOOP('',(#3261,#3262,#3263,#3264));
#10513=EDGE_LOOP('',(#3265,#3266,#3267,#3268));
#10514=EDGE_LOOP('',(#3269,#3270,#3271,#3272));
#10515=EDGE_LOOP('',(#3273,#3274,#3275,#3276));
#10516=EDGE_LOOP('',(#3277,#3278,#3279,#3280));
#10517=EDGE_LOOP('',(#3281,#3282,#3283,#3284));
#10518=EDGE_LOOP('',(#3285,#3286,#3287,#3288,#3289,#3290,#3291,#3292));
#10519=EDGE_LOOP('',(#3293,#3294,#3295,#3296,#3297,#3298,#3299,#3300));
#10520=EDGE_LOOP('',(#3301,#3302,#3303,#3304));
#10521=EDGE_LOOP('',(#3305,#3306,#3307,#3308));
#10522=EDGE_LOOP('',(#3309,#3310,#3311,#3312));
#10523=EDGE_LOOP('',(#3313,#3314,#3315,#3316));
#10524=EDGE_LOOP('',(#3317,#3318,#3319,#3320));
#10525=EDGE_LOOP('',(#3321,#3322,#3323,#3324));
#10526=EDGE_LOOP('',(#3325,#3326,#3327,#3328,#3329,#3330,#3331,#3332));
#10527=EDGE_LOOP('',(#3333,#3334,#3335,#3336,#3337,#3338,#3339,#3340));
#10528=EDGE_LOOP('',(#3341,#3342,#3343,#3344,#3345,#3346));
#10529=EDGE_LOOP('',(#3347,#3348,#3349,#3350,#3351,#3352));
#10530=EDGE_LOOP('',(#3353,#3354,#3355,#3356));
#10531=EDGE_LOOP('',(#3357,#3358,#3359,#3360));
#10532=EDGE_LOOP('',(#3361,#3362,#3363,#3364));
#10533=EDGE_LOOP('',(#3365,#3366,#3367,#3368));
#10534=EDGE_LOOP('',(#3369,#3370,#3371,#3372,#3373,#3374));
#10535=EDGE_LOOP('',(#3375,#3376,#3377,#3378,#3379,#3380,#3381,#3382,#3383,
#3384));
#10536=EDGE_LOOP('',(#3385,#3386,#3387,#3388));
#10537=EDGE_LOOP('',(#3389,#3390,#3391,#3392));
#10538=EDGE_LOOP('',(#3393,#3394,#3395,#3396,#3397,#3398,#3399,#3400));
#10539=EDGE_LOOP('',(#3401,#3402,#3403,#3404,#3405,#3406,#3407,#3408));
#10540=EDGE_LOOP('',(#3409,#3410,#3411,#3412));
#10541=EDGE_LOOP('',(#3413,#3414,#3415,#3416));
#10542=EDGE_LOOP('',(#3417,#3418,#3419,#3420));
#10543=EDGE_LOOP('',(#3421,#3422,#3423,#3424));
#10544=EDGE_LOOP('',(#3425,#3426,#3427,#3428,#3429,#3430,#3431,#3432));
#10545=EDGE_LOOP('',(#3433,#3434,#3435,#3436,#3437,#3438,#3439,#3440));
#10546=EDGE_LOOP('',(#3441,#3442,#3443,#3444));
#10547=EDGE_LOOP('',(#3445,#3446,#3447,#3448));
#10548=EDGE_LOOP('',(#3449,#3450,#3451,#3452));
#10549=EDGE_LOOP('',(#3453,#3454,#3455,#3456,#3457,#3458,#3459,#3460,#3461,
#3462,#3463,#3464));
#10550=EDGE_LOOP('',(#3465));
#10551=EDGE_LOOP('',(#3466));
#10552=EDGE_LOOP('',(#3467));
#10553=EDGE_LOOP('',(#3468));
#10554=EDGE_LOOP('',(#3469));
#10555=EDGE_LOOP('',(#3470));
#10556=EDGE_LOOP('',(#3471));
#10557=EDGE_LOOP('',(#3472));
#10558=EDGE_LOOP('',(#3473));
#10559=EDGE_LOOP('',(#3474));
#10560=EDGE_LOOP('',(#3475));
#10561=EDGE_LOOP('',(#3476));
#10562=EDGE_LOOP('',(#3477));
#10563=EDGE_LOOP('',(#3478));
#10564=EDGE_LOOP('',(#3479));
#10565=EDGE_LOOP('',(#3480));
#10566=EDGE_LOOP('',(#3481));
#10567=EDGE_LOOP('',(#3482));
#10568=EDGE_LOOP('',(#3483));
#10569=EDGE_LOOP('',(#3484));
#10570=EDGE_LOOP('',(#3485));
#10571=EDGE_LOOP('',(#3486));
#10572=EDGE_LOOP('',(#3487));
#10573=EDGE_LOOP('',(#3488));
#10574=EDGE_LOOP('',(#3489));
#10575=EDGE_LOOP('',(#3490));
#10576=EDGE_LOOP('',(#3491));
#10577=EDGE_LOOP('',(#3492));
#10578=EDGE_LOOP('',(#3493));
#10579=EDGE_LOOP('',(#3494));
#10580=EDGE_LOOP('',(#3495));
#10581=EDGE_LOOP('',(#3496));
#10582=EDGE_LOOP('',(#3497));
#10583=EDGE_LOOP('',(#3498));
#10584=EDGE_LOOP('',(#3499));
#10585=EDGE_LOOP('',(#3500));
#10586=EDGE_LOOP('',(#3501,#3502,#3503,#3504));
#10587=EDGE_LOOP('',(#3505,#3506,#3507,#3508));
#10588=EDGE_LOOP('',(#3509,#3510,#3511,#3512,#3513,#3514,#3515,#3516));
#10589=EDGE_LOOP('',(#3517,#3518,#3519,#3520,#3521,#3522));
#10590=EDGE_LOOP('',(#3523,#3524,#3525,#3526,#3527,#3528,#3529,#3530,#3531,
#3532));
#10591=EDGE_LOOP('',(#3533,#3534,#3535,#3536,#3537,#3538,#3539,#3540));
#10592=EDGE_LOOP('',(#3541,#3542,#3543,#3544));
#10593=EDGE_LOOP('',(#3545,#3546,#3547,#3548));
#10594=EDGE_LOOP('',(#3549,#3550,#3551,#3552,#3553,#3554));
#10595=EDGE_LOOP('',(#3555,#3556,#3557,#3558,#3559,#3560));
#10596=EDGE_LOOP('',(#3561,#3562,#3563,#3564));
#10597=EDGE_LOOP('',(#3565,#3566,#3567,#3568,#3569,#3570,#3571,#3572));
#10598=EDGE_LOOP('',(#3573,#3574,#3575,#3576,#3577,#3578,#3579,#3580));
#10599=EDGE_LOOP('',(#3581,#3582,#3583,#3584));
#10600=EDGE_LOOP('',(#3585,#3586,#3587,#3588));
#10601=EDGE_LOOP('',(#3589,#3590,#3591,#3592));
#10602=EDGE_LOOP('',(#3593,#3594,#3595,#3596));
#10603=EDGE_LOOP('',(#3597,#3598,#3599,#3600,#3601,#3602,#3603,#3604));
#10604=EDGE_LOOP('',(#3605,#3606,#3607,#3608,#3609,#3610,#3611,#3612));
#10605=EDGE_LOOP('',(#3613,#3614,#3615,#3616));
#10606=EDGE_LOOP('',(#3617,#3618,#3619,#3620));
#10607=EDGE_LOOP('',(#3621,#3622,#3623,#3624));
#10608=EDGE_LOOP('',(#3625,#3626,#3627,#3628));
#10609=EDGE_LOOP('',(#3629,#3630,#3631,#3632));
#10610=EDGE_LOOP('',(#3633,#3634,#3635,#3636));
#10611=EDGE_LOOP('',(#3637,#3638,#3639,#3640,#3641,#3642,#3643,#3644));
#10612=EDGE_LOOP('',(#3645,#3646,#3647,#3648,#3649,#3650,#3651,#3652));
#10613=EDGE_LOOP('',(#3653,#3654,#3655,#3656));
#10614=EDGE_LOOP('',(#3657,#3658,#3659,#3660));
#10615=EDGE_LOOP('',(#3661,#3662,#3663,#3664));
#10616=EDGE_LOOP('',(#3665,#3666,#3667,#3668));
#10617=EDGE_LOOP('',(#3669,#3670,#3671,#3672,#3673,#3674));
#10618=EDGE_LOOP('',(#3675,#3676,#3677,#3678,#3679,#3680));
#10619=EDGE_LOOP('',(#3681,#3682,#3683,#3684,#3685,#3686));
#10620=EDGE_LOOP('',(#3687,#3688,#3689,#3690,#3691,#3692));
#10621=EDGE_LOOP('',(#3693,#3694,#3695,#3696));
#10622=EDGE_LOOP('',(#3697,#3698,#3699,#3700));
#10623=EDGE_LOOP('',(#3701,#3702,#3703,#3704));
#10624=EDGE_LOOP('',(#3705,#3706,#3707,#3708));
#10625=EDGE_LOOP('',(#3709,#3710,#3711,#3712));
#10626=EDGE_LOOP('',(#3713,#3714,#3715,#3716));
#10627=EDGE_LOOP('',(#3717,#3718,#3719,#3720,#3721,#3722,#3723,#3724));
#10628=EDGE_LOOP('',(#3725,#3726,#3727,#3728,#3729,#3730,#3731,#3732));
#10629=EDGE_LOOP('',(#3733,#3734,#3735,#3736));
#10630=EDGE_LOOP('',(#3737,#3738,#3739,#3740));
#10631=EDGE_LOOP('',(#3741,#3742,#3743,#3744));
#10632=EDGE_LOOP('',(#3745,#3746,#3747,#3748));
#10633=EDGE_LOOP('',(#3749,#3750,#3751,#3752));
#10634=EDGE_LOOP('',(#3753,#3754,#3755,#3756));
#10635=EDGE_LOOP('',(#3757,#3758,#3759,#3760));
#10636=EDGE_LOOP('',(#3761,#3762,#3763,#3764));
#10637=EDGE_LOOP('',(#3765,#3766,#3767,#3768));
#10638=EDGE_LOOP('',(#3769,#3770,#3771,#3772));
#10639=EDGE_LOOP('',(#3773,#3774,#3775,#3776,#3777,#3778,#3779,#3780));
#10640=EDGE_LOOP('',(#3781,#3782,#3783,#3784,#3785,#3786,#3787,#3788));
#10641=EDGE_LOOP('',(#3789,#3790,#3791,#3792));
#10642=EDGE_LOOP('',(#3793,#3794,#3795,#3796));
#10643=EDGE_LOOP('',(#3797,#3798,#3799,#3800));
#10644=EDGE_LOOP('',(#3801,#3802,#3803,#3804));
#10645=EDGE_LOOP('',(#3805,#3806,#3807,#3808,#3809,#3810,#3811,#3812));
#10646=EDGE_LOOP('',(#3813,#3814,#3815,#3816,#3817,#3818,#3819,#3820));
#10647=EDGE_LOOP('',(#3821,#3822,#3823,#3824,#3825,#3826));
#10648=EDGE_LOOP('',(#3827,#3828,#3829,#3830,#3831,#3832));
#10649=EDGE_LOOP('',(#3833,#3834,#3835,#3836));
#10650=EDGE_LOOP('',(#3837,#3838,#3839,#3840));
#10651=EDGE_LOOP('',(#3841,#3842,#3843,#3844));
#10652=EDGE_LOOP('',(#3845,#3846,#3847,#3848));
#10653=EDGE_LOOP('',(#3849,#3850,#3851,#3852));
#10654=EDGE_LOOP('',(#3853,#3854,#3855,#3856,#3857,#3858));
#10655=EDGE_LOOP('',(#3859,#3860,#3861,#3862,#3863,#3864));
#10656=EDGE_LOOP('',(#3865,#3866,#3867,#3868));
#10657=EDGE_LOOP('',(#3869,#3870,#3871,#3872));
#10658=EDGE_LOOP('',(#3873,#3874,#3875,#3876));
#10659=EDGE_LOOP('',(#3877,#3878,#3879,#3880));
#10660=EDGE_LOOP('',(#3881,#3882,#3883,#3884));
#10661=EDGE_LOOP('',(#3885,#3886,#3887,#3888,#3889,#3890,#3891,#3892));
#10662=EDGE_LOOP('',(#3893,#3894,#3895,#3896,#3897,#3898,#3899,#3900));
#10663=EDGE_LOOP('',(#3901,#3902,#3903,#3904));
#10664=EDGE_LOOP('',(#3905,#3906,#3907,#3908));
#10665=EDGE_LOOP('',(#3909,#3910,#3911,#3912));
#10666=EDGE_LOOP('',(#3913,#3914,#3915,#3916));
#10667=EDGE_LOOP('',(#3917,#3918,#3919,#3920));
#10668=EDGE_LOOP('',(#3921,#3922,#3923,#3924));
#10669=EDGE_LOOP('',(#3925,#3926,#3927,#3928,#3929,#3930,#3931,#3932));
#10670=EDGE_LOOP('',(#3933,#3934,#3935,#3936,#3937,#3938,#3939,#3940));
#10671=EDGE_LOOP('',(#3941,#3942,#3943,#3944));
#10672=EDGE_LOOP('',(#3945,#3946,#3947,#3948));
#10673=EDGE_LOOP('',(#3949,#3950,#3951,#3952));
#10674=EDGE_LOOP('',(#3953,#3954,#3955,#3956));
#10675=EDGE_LOOP('',(#3957,#3958,#3959,#3960));
#10676=EDGE_LOOP('',(#3961,#3962,#3963,#3964));
#10677=EDGE_LOOP('',(#3965,#3966,#3967,#3968,#3969,#3970,#3971,#3972));
#10678=EDGE_LOOP('',(#3973,#3974,#3975,#3976,#3977,#3978,#3979,#3980));
#10679=EDGE_LOOP('',(#3981,#3982,#3983,#3984,#3985,#3986));
#10680=EDGE_LOOP('',(#3987,#3988,#3989,#3990,#3991,#3992));
#10681=EDGE_LOOP('',(#3993,#3994,#3995,#3996));
#10682=EDGE_LOOP('',(#3997,#3998,#3999,#4000));
#10683=EDGE_LOOP('',(#4001,#4002,#4003,#4004));
#10684=EDGE_LOOP('',(#4005,#4006,#4007,#4008));
#10685=EDGE_LOOP('',(#4009,#4010,#4011,#4012,#4013,#4014));
#10686=EDGE_LOOP('',(#4015,#4016,#4017,#4018,#4019,#4020,#4021,#4022,#4023,
#4024));
#10687=EDGE_LOOP('',(#4025,#4026,#4027,#4028));
#10688=EDGE_LOOP('',(#4029,#4030,#4031,#4032));
#10689=EDGE_LOOP('',(#4033,#4034,#4035,#4036,#4037,#4038,#4039,#4040));
#10690=EDGE_LOOP('',(#4041,#4042,#4043,#4044,#4045,#4046,#4047,#4048));
#10691=EDGE_LOOP('',(#4049,#4050,#4051,#4052));
#10692=EDGE_LOOP('',(#4053,#4054,#4055,#4056));
#10693=EDGE_LOOP('',(#4057,#4058,#4059,#4060));
#10694=EDGE_LOOP('',(#4061,#4062,#4063,#4064));
#10695=EDGE_LOOP('',(#4065,#4066,#4067,#4068,#4069,#4070,#4071,#4072));
#10696=EDGE_LOOP('',(#4073,#4074,#4075,#4076,#4077,#4078,#4079,#4080));
#10697=EDGE_LOOP('',(#4081,#4082,#4083,#4084));
#10698=EDGE_LOOP('',(#4085,#4086,#4087,#4088));
#10699=EDGE_LOOP('',(#4089,#4090,#4091,#4092));
#10700=EDGE_LOOP('',(#4093,#4094,#4095,#4096,#4097,#4098,#4099,#4100,#4101,
#4102,#4103,#4104));
#10701=EDGE_LOOP('',(#4105));
#10702=EDGE_LOOP('',(#4106));
#10703=EDGE_LOOP('',(#4107,#4108,#4109,#4110));
#10704=EDGE_LOOP('',(#4111,#4112,#4113,#4114));
#10705=EDGE_LOOP('',(#4115,#4116,#4117,#4118));
#10706=EDGE_LOOP('',(#4119,#4120,#4121,#4122));
#10707=EDGE_LOOP('',(#4123,#4124,#4125,#4126));
#10708=EDGE_LOOP('',(#4127,#4128,#4129,#4130));
#10709=EDGE_LOOP('',(#4131,#4132,#4133,#4134));
#10710=EDGE_LOOP('',(#4135,#4136,#4137,#4138));
#10711=EDGE_LOOP('',(#4139,#4140,#4141,#4142));
#10712=EDGE_LOOP('',(#4143,#4144,#4145,#4146));
#10713=EDGE_LOOP('',(#4147,#4148,#4149,#4150));
#10714=EDGE_LOOP('',(#4151,#4152,#4153,#4154));
#10715=EDGE_LOOP('',(#4155,#4156,#4157,#4158));
#10716=EDGE_LOOP('',(#4159,#4160,#4161,#4162));
#10717=EDGE_LOOP('',(#4163,#4164,#4165,#4166));
#10718=EDGE_LOOP('',(#4167,#4168,#4169,#4170));
#10719=EDGE_LOOP('',(#4171,#4172,#4173,#4174));
#10720=EDGE_LOOP('',(#4175,#4176,#4177,#4178));
#10721=EDGE_LOOP('',(#4179,#4180,#4181,#4182));
#10722=EDGE_LOOP('',(#4183,#4184,#4185,#4186));
#10723=EDGE_LOOP('',(#4187,#4188,#4189,#4190));
#10724=EDGE_LOOP('',(#4191,#4192,#4193,#4194));
#10725=EDGE_LOOP('',(#4195,#4196,#4197,#4198));
#10726=EDGE_LOOP('',(#4199,#4200,#4201,#4202));
#10727=EDGE_LOOP('',(#4203,#4204,#4205,#4206));
#10728=EDGE_LOOP('',(#4207,#4208,#4209,#4210));
#10729=EDGE_LOOP('',(#4211,#4212,#4213,#4214));
#10730=EDGE_LOOP('',(#4215,#4216,#4217,#4218));
#10731=EDGE_LOOP('',(#4219,#4220,#4221,#4222));
#10732=EDGE_LOOP('',(#4223,#4224,#4225,#4226));
#10733=EDGE_LOOP('',(#4227,#4228,#4229,#4230));
#10734=EDGE_LOOP('',(#4231,#4232,#4233,#4234));
#10735=EDGE_LOOP('',(#4235,#4236,#4237,#4238));
#10736=EDGE_LOOP('',(#4239,#4240,#4241,#4242));
#10737=EDGE_LOOP('',(#4243,#4244,#4245,#4246));
#10738=EDGE_LOOP('',(#4247,#4248,#4249,#4250));
#10739=EDGE_LOOP('',(#4251,#4252,#4253,#4254));
#10740=EDGE_LOOP('',(#4255,#4256,#4257,#4258));
#10741=EDGE_LOOP('',(#4259,#4260,#4261,#4262));
#10742=EDGE_LOOP('',(#4263,#4264,#4265,#4266));
#10743=EDGE_LOOP('',(#4267,#4268,#4269,#4270));
#10744=EDGE_LOOP('',(#4271,#4272,#4273,#4274));
#10745=EDGE_LOOP('',(#4275,#4276,#4277,#4278));
#10746=EDGE_LOOP('',(#4279,#4280,#4281,#4282));
#10747=EDGE_LOOP('',(#4283,#4284,#4285,#4286));
#10748=EDGE_LOOP('',(#4287,#4288,#4289,#4290));
#10749=EDGE_LOOP('',(#4291,#4292,#4293,#4294));
#10750=EDGE_LOOP('',(#4295,#4296,#4297,#4298));
#10751=EDGE_LOOP('',(#4299,#4300,#4301,#4302));
#10752=EDGE_LOOP('',(#4303,#4304,#4305,#4306));
#10753=EDGE_LOOP('',(#4307,#4308,#4309,#4310));
#10754=EDGE_LOOP('',(#4311,#4312,#4313,#4314));
#10755=EDGE_LOOP('',(#4315,#4316,#4317,#4318));
#10756=EDGE_LOOP('',(#4319,#4320,#4321,#4322));
#10757=EDGE_LOOP('',(#4323,#4324,#4325,#4326));
#10758=EDGE_LOOP('',(#4327,#4328,#4329,#4330));
#10759=EDGE_LOOP('',(#4331,#4332,#4333,#4334));
#10760=EDGE_LOOP('',(#4335,#4336,#4337,#4338));
#10761=EDGE_LOOP('',(#4339,#4340,#4341,#4342));
#10762=EDGE_LOOP('',(#4343,#4344,#4345,#4346));
#10763=EDGE_LOOP('',(#4347,#4348,#4349,#4350));
#10764=EDGE_LOOP('',(#4351,#4352,#4353,#4354));
#10765=EDGE_LOOP('',(#4355,#4356,#4357,#4358));
#10766=EDGE_LOOP('',(#4359,#4360,#4361,#4362));
#10767=EDGE_LOOP('',(#4363,#4364,#4365,#4366));
#10768=EDGE_LOOP('',(#4367,#4368,#4369,#4370));
#10769=EDGE_LOOP('',(#4371,#4372,#4373,#4374));
#10770=EDGE_LOOP('',(#4375,#4376,#4377,#4378));
#10771=EDGE_LOOP('',(#4379,#4380,#4381,#4382));
#10772=EDGE_LOOP('',(#4383,#4384,#4385,#4386));
#10773=EDGE_LOOP('',(#4387,#4388,#4389,#4390));
#10774=EDGE_LOOP('',(#4391,#4392,#4393,#4394));
#10775=EDGE_LOOP('',(#4395,#4396,#4397,#4398));
#10776=EDGE_LOOP('',(#4399,#4400,#4401,#4402));
#10777=EDGE_LOOP('',(#4403,#4404,#4405,#4406));
#10778=EDGE_LOOP('',(#4407,#4408,#4409,#4410));
#10779=EDGE_LOOP('',(#4411,#4412,#4413,#4414));
#10780=EDGE_LOOP('',(#4415,#4416,#4417,#4418));
#10781=EDGE_LOOP('',(#4419,#4420,#4421,#4422));
#10782=EDGE_LOOP('',(#4423,#4424,#4425,#4426));
#10783=EDGE_LOOP('',(#4427,#4428,#4429,#4430));
#10784=EDGE_LOOP('',(#4431,#4432,#4433,#4434));
#10785=EDGE_LOOP('',(#4435,#4436,#4437,#4438));
#10786=EDGE_LOOP('',(#4439,#4440,#4441,#4442));
#10787=EDGE_LOOP('',(#4443,#4444,#4445,#4446));
#10788=EDGE_LOOP('',(#4447,#4448,#4449,#4450));
#10789=EDGE_LOOP('',(#4451,#4452,#4453,#4454));
#10790=EDGE_LOOP('',(#4455,#4456,#4457,#4458));
#10791=EDGE_LOOP('',(#4459,#4460,#4461,#4462));
#10792=EDGE_LOOP('',(#4463,#4464,#4465,#4466));
#10793=EDGE_LOOP('',(#4467,#4468,#4469,#4470));
#10794=EDGE_LOOP('',(#4471,#4472,#4473,#4474));
#10795=EDGE_LOOP('',(#4475,#4476,#4477,#4478));
#10796=EDGE_LOOP('',(#4479,#4480,#4481,#4482));
#10797=EDGE_LOOP('',(#4483,#4484,#4485,#4486));
#10798=EDGE_LOOP('',(#4487,#4488,#4489,#4490));
#10799=EDGE_LOOP('',(#4491,#4492,#4493,#4494));
#10800=EDGE_LOOP('',(#4495,#4496,#4497,#4498));
#10801=EDGE_LOOP('',(#4499,#4500,#4501,#4502));
#10802=EDGE_LOOP('',(#4503,#4504,#4505,#4506));
#10803=EDGE_LOOP('',(#4507,#4508,#4509,#4510));
#10804=EDGE_LOOP('',(#4511,#4512,#4513,#4514));
#10805=EDGE_LOOP('',(#4515,#4516,#4517,#4518));
#10806=EDGE_LOOP('',(#4519,#4520,#4521,#4522));
#10807=EDGE_LOOP('',(#4523,#4524,#4525,#4526));
#10808=EDGE_LOOP('',(#4527,#4528,#4529,#4530));
#10809=EDGE_LOOP('',(#4531,#4532,#4533,#4534));
#10810=EDGE_LOOP('',(#4535,#4536,#4537,#4538));
#10811=EDGE_LOOP('',(#4539,#4540,#4541,#4542));
#10812=EDGE_LOOP('',(#4543,#4544,#4545,#4546));
#10813=EDGE_LOOP('',(#4547,#4548,#4549,#4550));
#10814=EDGE_LOOP('',(#4551,#4552,#4553,#4554));
#10815=EDGE_LOOP('',(#4555,#4556,#4557,#4558));
#10816=EDGE_LOOP('',(#4559,#4560,#4561,#4562));
#10817=EDGE_LOOP('',(#4563,#4564,#4565,#4566));
#10818=EDGE_LOOP('',(#4567));
#10819=EDGE_LOOP('',(#4568));
#10820=EDGE_LOOP('',(#4569));
#10821=EDGE_LOOP('',(#4570));
#10822=EDGE_LOOP('',(#4571));
#10823=EDGE_LOOP('',(#4572));
#10824=EDGE_LOOP('',(#4573));
#10825=EDGE_LOOP('',(#4574));
#10826=EDGE_LOOP('',(#4575));
#10827=EDGE_LOOP('',(#4576));
#10828=EDGE_LOOP('',(#4577));
#10829=EDGE_LOOP('',(#4578));
#10830=EDGE_LOOP('',(#4579));
#10831=EDGE_LOOP('',(#4580));
#10832=EDGE_LOOP('',(#4581));
#10833=EDGE_LOOP('',(#4582));
#10834=EDGE_LOOP('',(#4583));
#10835=EDGE_LOOP('',(#4584));
#10836=EDGE_LOOP('',(#4585));
#10837=EDGE_LOOP('',(#4586));
#10838=EDGE_LOOP('',(#4587));
#10839=EDGE_LOOP('',(#4588));
#10840=EDGE_LOOP('',(#4589));
#10841=EDGE_LOOP('',(#4590));
#10842=EDGE_LOOP('',(#4591));
#10843=EDGE_LOOP('',(#4592));
#10844=EDGE_LOOP('',(#4593));
#10845=EDGE_LOOP('',(#4594));
#10846=EDGE_LOOP('',(#4595));
#10847=EDGE_LOOP('',(#4596));
#10848=EDGE_LOOP('',(#4597));
#10849=EDGE_LOOP('',(#4598));
#10850=EDGE_LOOP('',(#4599));
#10851=EDGE_LOOP('',(#4600));
#10852=EDGE_LOOP('',(#4601));
#10853=EDGE_LOOP('',(#4602));
#10854=EDGE_LOOP('',(#4603));
#10855=EDGE_LOOP('',(#4604));
#10856=EDGE_LOOP('',(#4605));
#10857=EDGE_LOOP('',(#4606));
#10858=EDGE_LOOP('',(#4607));
#10859=EDGE_LOOP('',(#4608));
#10860=EDGE_LOOP('',(#4609));
#10861=EDGE_LOOP('',(#4610));
#10862=EDGE_LOOP('',(#4611));
#10863=EDGE_LOOP('',(#4612));
#10864=EDGE_LOOP('',(#4613));
#10865=EDGE_LOOP('',(#4614));
#10866=EDGE_LOOP('',(#4615));
#10867=EDGE_LOOP('',(#4616));
#10868=EDGE_LOOP('',(#4617));
#10869=EDGE_LOOP('',(#4618));
#10870=EDGE_LOOP('',(#4619));
#10871=EDGE_LOOP('',(#4620));
#10872=EDGE_LOOP('',(#4621));
#10873=EDGE_LOOP('',(#4622));
#10874=EDGE_LOOP('',(#4623));
#10875=EDGE_LOOP('',(#4624));
#10876=EDGE_LOOP('',(#4625));
#10877=EDGE_LOOP('',(#4626));
#10878=EDGE_LOOP('',(#4627));
#10879=EDGE_LOOP('',(#4628));
#10880=EDGE_LOOP('',(#4629));
#10881=EDGE_LOOP('',(#4630));
#10882=EDGE_LOOP('',(#4631));
#10883=EDGE_LOOP('',(#4632));
#10884=EDGE_LOOP('',(#4633));
#10885=EDGE_LOOP('',(#4634));
#10886=EDGE_LOOP('',(#4635));
#10887=EDGE_LOOP('',(#4636));
#10888=EDGE_LOOP('',(#4637,#4638,#4639,#4640));
#10889=EDGE_LOOP('',(#4641,#4642,#4643,#4644));
#10890=EDGE_LOOP('',(#4645,#4646,#4647,#4648));
#10891=EDGE_LOOP('',(#4649,#4650,#4651,#4652));
#10892=EDGE_LOOP('',(#4653,#4654,#4655,#4656));
#10893=EDGE_LOOP('',(#4657,#4658,#4659,#4660));
#10894=EDGE_LOOP('',(#4661,#4662,#4663,#4664));
#10895=EDGE_LOOP('',(#4665,#4666,#4667,#4668));
#10896=EDGE_LOOP('',(#4669,#4670,#4671,#4672));
#10897=EDGE_LOOP('',(#4673,#4674,#4675,#4676));
#10898=EDGE_LOOP('',(#4677,#4678,#4679,#4680));
#10899=EDGE_LOOP('',(#4681,#4682,#4683,#4684));
#10900=EDGE_LOOP('',(#4685,#4686,#4687,#4688));
#10901=EDGE_LOOP('',(#4689,#4690,#4691,#4692));
#10902=EDGE_LOOP('',(#4693,#4694,#4695,#4696));
#10903=EDGE_LOOP('',(#4697,#4698,#4699,#4700));
#10904=EDGE_LOOP('',(#4701,#4702,#4703,#4704));
#10905=EDGE_LOOP('',(#4705,#4706,#4707,#4708));
#10906=EDGE_LOOP('',(#4709,#4710,#4711,#4712));
#10907=EDGE_LOOP('',(#4713,#4714,#4715,#4716));
#10908=EDGE_LOOP('',(#4717,#4718,#4719,#4720));
#10909=EDGE_LOOP('',(#4721,#4722,#4723,#4724));
#10910=EDGE_LOOP('',(#4725,#4726,#4727,#4728));
#10911=EDGE_LOOP('',(#4729,#4730,#4731,#4732));
#10912=EDGE_LOOP('',(#4733,#4734,#4735,#4736));
#10913=EDGE_LOOP('',(#4737,#4738,#4739,#4740));
#10914=EDGE_LOOP('',(#4741,#4742,#4743,#4744));
#10915=EDGE_LOOP('',(#4745,#4746,#4747,#4748));
#10916=EDGE_LOOP('',(#4749,#4750,#4751,#4752));
#10917=EDGE_LOOP('',(#4753,#4754,#4755,#4756));
#10918=EDGE_LOOP('',(#4757,#4758,#4759,#4760));
#10919=EDGE_LOOP('',(#4761,#4762,#4763,#4764));
#10920=EDGE_LOOP('',(#4765,#4766,#4767,#4768));
#10921=EDGE_LOOP('',(#4769,#4770,#4771,#4772));
#10922=EDGE_LOOP('',(#4773,#4774,#4775,#4776));
#10923=EDGE_LOOP('',(#4777,#4778,#4779,#4780));
#10924=EDGE_LOOP('',(#4781,#4782,#4783,#4784));
#10925=EDGE_LOOP('',(#4785,#4786,#4787,#4788));
#10926=EDGE_LOOP('',(#4789,#4790,#4791,#4792));
#10927=EDGE_LOOP('',(#4793,#4794,#4795,#4796));
#10928=EDGE_LOOP('',(#4797,#4798,#4799,#4800));
#10929=EDGE_LOOP('',(#4801,#4802,#4803,#4804));
#10930=EDGE_LOOP('',(#4805,#4806,#4807,#4808));
#10931=EDGE_LOOP('',(#4809,#4810,#4811,#4812));
#10932=EDGE_LOOP('',(#4813,#4814,#4815,#4816));
#10933=EDGE_LOOP('',(#4817,#4818,#4819,#4820));
#10934=EDGE_LOOP('',(#4821,#4822,#4823,#4824));
#10935=EDGE_LOOP('',(#4825,#4826,#4827,#4828));
#10936=EDGE_LOOP('',(#4829,#4830,#4831,#4832));
#10937=EDGE_LOOP('',(#4833,#4834,#4835,#4836));
#10938=EDGE_LOOP('',(#4837,#4838,#4839,#4840));
#10939=EDGE_LOOP('',(#4841,#4842,#4843,#4844));
#10940=EDGE_LOOP('',(#4845,#4846,#4847,#4848));
#10941=EDGE_LOOP('',(#4849,#4850,#4851,#4852));
#10942=EDGE_LOOP('',(#4853,#4854,#4855,#4856));
#10943=EDGE_LOOP('',(#4857,#4858,#4859,#4860));
#10944=EDGE_LOOP('',(#4861,#4862,#4863,#4864));
#10945=EDGE_LOOP('',(#4865,#4866,#4867,#4868));
#10946=EDGE_LOOP('',(#4869,#4870,#4871,#4872));
#10947=EDGE_LOOP('',(#4873,#4874,#4875,#4876));
#10948=EDGE_LOOP('',(#4877,#4878,#4879,#4880));
#10949=EDGE_LOOP('',(#4881,#4882,#4883,#4884));
#10950=EDGE_LOOP('',(#4885,#4886,#4887,#4888));
#10951=EDGE_LOOP('',(#4889,#4890,#4891,#4892));
#10952=EDGE_LOOP('',(#4893,#4894,#4895,#4896));
#10953=EDGE_LOOP('',(#4897,#4898,#4899,#4900));
#10954=EDGE_LOOP('',(#4901,#4902,#4903,#4904));
#10955=EDGE_LOOP('',(#4905,#4906,#4907,#4908));
#10956=EDGE_LOOP('',(#4909,#4910,#4911,#4912));
#10957=EDGE_LOOP('',(#4913,#4914,#4915,#4916));
#10958=EDGE_LOOP('',(#4917,#4918,#4919,#4920));
#10959=EDGE_LOOP('',(#4921,#4922,#4923,#4924));
#10960=EDGE_LOOP('',(#4925,#4926,#4927,#4928));
#10961=EDGE_LOOP('',(#4929,#4930,#4931,#4932));
#10962=EDGE_LOOP('',(#4933,#4934,#4935,#4936));
#10963=EDGE_LOOP('',(#4937,#4938,#4939,#4940));
#10964=EDGE_LOOP('',(#4941,#4942,#4943,#4944));
#10965=EDGE_LOOP('',(#4945,#4946,#4947,#4948));
#10966=EDGE_LOOP('',(#4949,#4950,#4951,#4952));
#10967=EDGE_LOOP('',(#4953,#4954,#4955,#4956));
#10968=EDGE_LOOP('',(#4957,#4958,#4959,#4960));
#10969=EDGE_LOOP('',(#4961,#4962,#4963,#4964));
#10970=EDGE_LOOP('',(#4965,#4966,#4967,#4968));
#10971=EDGE_LOOP('',(#4969,#4970,#4971,#4972));
#10972=EDGE_LOOP('',(#4973,#4974,#4975,#4976));
#10973=EDGE_LOOP('',(#4977,#4978,#4979,#4980));
#10974=EDGE_LOOP('',(#4981,#4982,#4983,#4984));
#10975=EDGE_LOOP('',(#4985,#4986,#4987,#4988));
#10976=EDGE_LOOP('',(#4989,#4990,#4991,#4992));
#10977=EDGE_LOOP('',(#4993,#4994,#4995,#4996));
#10978=EDGE_LOOP('',(#4997,#4998,#4999,#5000));
#10979=EDGE_LOOP('',(#5001,#5002,#5003,#5004));
#10980=EDGE_LOOP('',(#5005,#5006,#5007,#5008));
#10981=EDGE_LOOP('',(#5009,#5010,#5011,#5012));
#10982=EDGE_LOOP('',(#5013,#5014,#5015,#5016));
#10983=EDGE_LOOP('',(#5017,#5018,#5019,#5020));
#10984=EDGE_LOOP('',(#5021,#5022,#5023,#5024));
#10985=EDGE_LOOP('',(#5025,#5026,#5027,#5028));
#10986=EDGE_LOOP('',(#5029,#5030,#5031,#5032));
#10987=EDGE_LOOP('',(#5033,#5034,#5035,#5036));
#10988=EDGE_LOOP('',(#5037,#5038,#5039,#5040));
#10989=EDGE_LOOP('',(#5041,#5042,#5043,#5044));
#10990=EDGE_LOOP('',(#5045,#5046,#5047,#5048));
#10991=EDGE_LOOP('',(#5049,#5050,#5051,#5052));
#10992=EDGE_LOOP('',(#5053,#5054,#5055,#5056));
#10993=EDGE_LOOP('',(#5057,#5058,#5059,#5060));
#10994=EDGE_LOOP('',(#5061,#5062,#5063,#5064));
#10995=EDGE_LOOP('',(#5065,#5066,#5067,#5068));
#10996=EDGE_LOOP('',(#5069,#5070,#5071,#5072));
#10997=EDGE_LOOP('',(#5073,#5074,#5075,#5076));
#10998=EDGE_LOOP('',(#5077,#5078,#5079,#5080));
#10999=EDGE_LOOP('',(#5081,#5082,#5083,#5084));
#11000=EDGE_LOOP('',(#5085,#5086,#5087,#5088));
#11001=EDGE_LOOP('',(#5089,#5090,#5091,#5092));
#11002=EDGE_LOOP('',(#5093,#5094,#5095,#5096));
#11003=EDGE_LOOP('',(#5097,#5098,#5099,#5100));
#11004=EDGE_LOOP('',(#5101,#5102,#5103,#5104));
#11005=EDGE_LOOP('',(#5105,#5106,#5107,#5108));
#11006=EDGE_LOOP('',(#5109,#5110,#5111,#5112));
#11007=EDGE_LOOP('',(#5113,#5114,#5115,#5116));
#11008=EDGE_LOOP('',(#5117,#5118,#5119,#5120));
#11009=EDGE_LOOP('',(#5121,#5122,#5123,#5124));
#11010=EDGE_LOOP('',(#5125,#5126,#5127,#5128));
#11011=EDGE_LOOP('',(#5129,#5130,#5131,#5132));
#11012=EDGE_LOOP('',(#5133,#5134,#5135,#5136));
#11013=EDGE_LOOP('',(#5137,#5138,#5139,#5140));
#11014=EDGE_LOOP('',(#5141,#5142,#5143,#5144));
#11015=EDGE_LOOP('',(#5145,#5146,#5147,#5148));
#11016=EDGE_LOOP('',(#5149,#5150,#5151,#5152));
#11017=EDGE_LOOP('',(#5153,#5154,#5155,#5156));
#11018=EDGE_LOOP('',(#5157,#5158,#5159,#5160));
#11019=EDGE_LOOP('',(#5161,#5162,#5163,#5164));
#11020=EDGE_LOOP('',(#5165,#5166,#5167,#5168));
#11021=EDGE_LOOP('',(#5169,#5170,#5171,#5172));
#11022=EDGE_LOOP('',(#5173,#5174,#5175,#5176));
#11023=EDGE_LOOP('',(#5177,#5178,#5179,#5180));
#11024=EDGE_LOOP('',(#5181,#5182,#5183,#5184));
#11025=EDGE_LOOP('',(#5185,#5186,#5187,#5188));
#11026=EDGE_LOOP('',(#5189,#5190,#5191,#5192));
#11027=EDGE_LOOP('',(#5193,#5194,#5195,#5196));
#11028=EDGE_LOOP('',(#5197,#5198,#5199,#5200));
#11029=EDGE_LOOP('',(#5201,#5202,#5203,#5204));
#11030=EDGE_LOOP('',(#5205,#5206,#5207,#5208));
#11031=EDGE_LOOP('',(#5209,#5210,#5211,#5212));
#11032=EDGE_LOOP('',(#5213,#5214,#5215,#5216));
#11033=EDGE_LOOP('',(#5217,#5218,#5219,#5220));
#11034=EDGE_LOOP('',(#5221,#5222,#5223,#5224));
#11035=EDGE_LOOP('',(#5225,#5226,#5227,#5228));
#11036=EDGE_LOOP('',(#5229,#5230,#5231,#5232));
#11037=EDGE_LOOP('',(#5233,#5234,#5235,#5236));
#11038=EDGE_LOOP('',(#5237,#5238,#5239,#5240));
#11039=EDGE_LOOP('',(#5241,#5242,#5243,#5244));
#11040=EDGE_LOOP('',(#5245,#5246,#5247,#5248));
#11041=EDGE_LOOP('',(#5249,#5250,#5251,#5252));
#11042=EDGE_LOOP('',(#5253,#5254,#5255,#5256));
#11043=EDGE_LOOP('',(#5257,#5258,#5259,#5260));
#11044=EDGE_LOOP('',(#5261,#5262,#5263,#5264));
#11045=EDGE_LOOP('',(#5265,#5266,#5267,#5268));
#11046=EDGE_LOOP('',(#5269,#5270,#5271,#5272));
#11047=EDGE_LOOP('',(#5273,#5274,#5275,#5276));
#11048=EDGE_LOOP('',(#5277,#5278,#5279,#5280));
#11049=EDGE_LOOP('',(#5281,#5282,#5283,#5284));
#11050=EDGE_LOOP('',(#5285,#5286,#5287,#5288));
#11051=EDGE_LOOP('',(#5289,#5290,#5291,#5292));
#11052=EDGE_LOOP('',(#5293,#5294,#5295,#5296));
#11053=EDGE_LOOP('',(#5297,#5298,#5299,#5300));
#11054=EDGE_LOOP('',(#5301,#5302,#5303,#5304));
#11055=EDGE_LOOP('',(#5305,#5306,#5307,#5308));
#11056=EDGE_LOOP('',(#5309,#5310,#5311,#5312));
#11057=EDGE_LOOP('',(#5313,#5314,#5315,#5316));
#11058=EDGE_LOOP('',(#5317,#5318,#5319,#5320));
#11059=EDGE_LOOP('',(#5321,#5322,#5323,#5324));
#11060=EDGE_LOOP('',(#5325,#5326,#5327,#5328));
#11061=EDGE_LOOP('',(#5329,#5330,#5331,#5332));
#11062=EDGE_LOOP('',(#5333,#5334,#5335,#5336));
#11063=EDGE_LOOP('',(#5337,#5338,#5339,#5340));
#11064=EDGE_LOOP('',(#5341,#5342,#5343,#5344));
#11065=EDGE_LOOP('',(#5345,#5346,#5347,#5348));
#11066=EDGE_LOOP('',(#5349,#5350,#5351,#5352));
#11067=EDGE_LOOP('',(#5353,#5354,#5355,#5356));
#11068=EDGE_LOOP('',(#5357,#5358,#5359,#5360));
#11069=EDGE_LOOP('',(#5361,#5362,#5363,#5364));
#11070=EDGE_LOOP('',(#5365,#5366,#5367,#5368));
#11071=EDGE_LOOP('',(#5369,#5370,#5371,#5372));
#11072=EDGE_LOOP('',(#5373,#5374,#5375,#5376));
#11073=EDGE_LOOP('',(#5377,#5378,#5379,#5380));
#11074=EDGE_LOOP('',(#5381,#5382,#5383,#5384));
#11075=EDGE_LOOP('',(#5385,#5386,#5387,#5388));
#11076=EDGE_LOOP('',(#5389,#5390,#5391,#5392));
#11077=EDGE_LOOP('',(#5393,#5394,#5395,#5396));
#11078=EDGE_LOOP('',(#5397,#5398,#5399,#5400));
#11079=EDGE_LOOP('',(#5401,#5402,#5403,#5404));
#11080=EDGE_LOOP('',(#5405,#5406,#5407,#5408));
#11081=EDGE_LOOP('',(#5409,#5410,#5411,#5412));
#11082=EDGE_LOOP('',(#5413,#5414,#5415,#5416));
#11083=EDGE_LOOP('',(#5417,#5418,#5419,#5420));
#11084=EDGE_LOOP('',(#5421,#5422,#5423,#5424));
#11085=EDGE_LOOP('',(#5425,#5426,#5427,#5428));
#11086=EDGE_LOOP('',(#5429,#5430,#5431,#5432));
#11087=EDGE_LOOP('',(#5433,#5434,#5435,#5436));
#11088=EDGE_LOOP('',(#5437,#5438,#5439,#5440));
#11089=EDGE_LOOP('',(#5441,#5442,#5443,#5444));
#11090=EDGE_LOOP('',(#5445,#5446,#5447,#5448));
#11091=EDGE_LOOP('',(#5449,#5450,#5451,#5452));
#11092=EDGE_LOOP('',(#5453,#5454,#5455,#5456));
#11093=EDGE_LOOP('',(#5457,#5458,#5459,#5460));
#11094=EDGE_LOOP('',(#5461,#5462,#5463,#5464));
#11095=EDGE_LOOP('',(#5465,#5466,#5467,#5468));
#11096=EDGE_LOOP('',(#5469,#5470,#5471,#5472));
#11097=EDGE_LOOP('',(#5473,#5474,#5475,#5476));
#11098=EDGE_LOOP('',(#5477,#5478,#5479,#5480));
#11099=EDGE_LOOP('',(#5481,#5482,#5483,#5484));
#11100=EDGE_LOOP('',(#5485,#5486,#5487,#5488));
#11101=EDGE_LOOP('',(#5489,#5490,#5491,#5492));
#11102=EDGE_LOOP('',(#5493,#5494,#5495,#5496));
#11103=EDGE_LOOP('',(#5497,#5498,#5499,#5500));
#11104=EDGE_LOOP('',(#5501,#5502,#5503,#5504));
#11105=EDGE_LOOP('',(#5505,#5506,#5507,#5508));
#11106=EDGE_LOOP('',(#5509,#5510,#5511,#5512));
#11107=EDGE_LOOP('',(#5513,#5514,#5515,#5516));
#11108=EDGE_LOOP('',(#5517,#5518,#5519,#5520));
#11109=EDGE_LOOP('',(#5521,#5522,#5523,#5524));
#11110=EDGE_LOOP('',(#5525,#5526,#5527,#5528));
#11111=EDGE_LOOP('',(#5529,#5530,#5531,#5532));
#11112=EDGE_LOOP('',(#5533,#5534,#5535,#5536));
#11113=EDGE_LOOP('',(#5537,#5538,#5539,#5540));
#11114=EDGE_LOOP('',(#5541,#5542,#5543,#5544));
#11115=EDGE_LOOP('',(#5545,#5546,#5547,#5548));
#11116=EDGE_LOOP('',(#5549,#5550,#5551,#5552));
#11117=EDGE_LOOP('',(#5553,#5554,#5555,#5556));
#11118=EDGE_LOOP('',(#5557,#5558,#5559,#5560));
#11119=EDGE_LOOP('',(#5561,#5562,#5563,#5564));
#11120=EDGE_LOOP('',(#5565,#5566,#5567,#5568));
#11121=EDGE_LOOP('',(#5569,#5570,#5571,#5572));
#11122=EDGE_LOOP('',(#5573,#5574,#5575,#5576));
#11123=EDGE_LOOP('',(#5577,#5578,#5579,#5580));
#11124=EDGE_LOOP('',(#5581,#5582,#5583,#5584));
#11125=EDGE_LOOP('',(#5585,#5586,#5587,#5588));
#11126=EDGE_LOOP('',(#5589,#5590,#5591,#5592));
#11127=EDGE_LOOP('',(#5593,#5594,#5595,#5596));
#11128=EDGE_LOOP('',(#5597,#5598,#5599,#5600));
#11129=EDGE_LOOP('',(#5601,#5602,#5603,#5604));
#11130=EDGE_LOOP('',(#5605,#5606,#5607,#5608));
#11131=EDGE_LOOP('',(#5609,#5610,#5611,#5612));
#11132=EDGE_LOOP('',(#5613,#5614,#5615,#5616));
#11133=EDGE_LOOP('',(#5617,#5618,#5619,#5620));
#11134=EDGE_LOOP('',(#5621,#5622,#5623,#5624));
#11135=EDGE_LOOP('',(#5625,#5626,#5627,#5628));
#11136=EDGE_LOOP('',(#5629,#5630,#5631,#5632));
#11137=EDGE_LOOP('',(#5633,#5634,#5635,#5636));
#11138=EDGE_LOOP('',(#5637,#5638,#5639,#5640));
#11139=EDGE_LOOP('',(#5641,#5642,#5643,#5644));
#11140=EDGE_LOOP('',(#5645,#5646,#5647,#5648));
#11141=EDGE_LOOP('',(#5649,#5650,#5651,#5652));
#11142=EDGE_LOOP('',(#5653,#5654,#5655,#5656));
#11143=EDGE_LOOP('',(#5657,#5658,#5659,#5660));
#11144=EDGE_LOOP('',(#5661,#5662,#5663,#5664));
#11145=EDGE_LOOP('',(#5665,#5666,#5667,#5668));
#11146=EDGE_LOOP('',(#5669,#5670,#5671,#5672));
#11147=EDGE_LOOP('',(#5673,#5674,#5675,#5676));
#11148=EDGE_LOOP('',(#5677,#5678,#5679,#5680));
#11149=EDGE_LOOP('',(#5681,#5682,#5683,#5684));
#11150=EDGE_LOOP('',(#5685,#5686,#5687,#5688));
#11151=EDGE_LOOP('',(#5689,#5690,#5691,#5692));
#11152=EDGE_LOOP('',(#5693,#5694,#5695,#5696));
#11153=EDGE_LOOP('',(#5697,#5698,#5699,#5700));
#11154=EDGE_LOOP('',(#5701,#5702,#5703,#5704));
#11155=EDGE_LOOP('',(#5705,#5706,#5707,#5708));
#11156=EDGE_LOOP('',(#5709,#5710,#5711,#5712));
#11157=EDGE_LOOP('',(#5713,#5714,#5715,#5716));
#11158=EDGE_LOOP('',(#5717,#5718,#5719,#5720));
#11159=EDGE_LOOP('',(#5721,#5722,#5723,#5724));
#11160=EDGE_LOOP('',(#5725,#5726,#5727,#5728));
#11161=EDGE_LOOP('',(#5729,#5730,#5731,#5732));
#11162=EDGE_LOOP('',(#5733,#5734,#5735,#5736));
#11163=EDGE_LOOP('',(#5737,#5738,#5739,#5740));
#11164=EDGE_LOOP('',(#5741,#5742,#5743,#5744));
#11165=EDGE_LOOP('',(#5745,#5746,#5747,#5748));
#11166=EDGE_LOOP('',(#5749,#5750,#5751,#5752));
#11167=EDGE_LOOP('',(#5753,#5754,#5755,#5756));
#11168=EDGE_LOOP('',(#5757,#5758,#5759,#5760));
#11169=EDGE_LOOP('',(#5761,#5762,#5763,#5764));
#11170=EDGE_LOOP('',(#5765,#5766,#5767,#5768));
#11171=EDGE_LOOP('',(#5769,#5770,#5771,#5772));
#11172=EDGE_LOOP('',(#5773,#5774,#5775,#5776));
#11173=EDGE_LOOP('',(#5777,#5778,#5779,#5780));
#11174=EDGE_LOOP('',(#5781,#5782,#5783,#5784));
#11175=EDGE_LOOP('',(#5785,#5786,#5787,#5788));
#11176=EDGE_LOOP('',(#5789,#5790,#5791,#5792));
#11177=EDGE_LOOP('',(#5793,#5794,#5795,#5796));
#11178=EDGE_LOOP('',(#5797,#5798,#5799,#5800));
#11179=EDGE_LOOP('',(#5801,#5802,#5803,#5804));
#11180=EDGE_LOOP('',(#5805,#5806,#5807,#5808));
#11181=EDGE_LOOP('',(#5809,#5810,#5811,#5812));
#11182=EDGE_LOOP('',(#5813,#5814,#5815,#5816));
#11183=EDGE_LOOP('',(#5817,#5818,#5819,#5820));
#11184=EDGE_LOOP('',(#5821,#5822,#5823,#5824));
#11185=EDGE_LOOP('',(#5825,#5826,#5827,#5828));
#11186=EDGE_LOOP('',(#5829,#5830,#5831,#5832));
#11187=EDGE_LOOP('',(#5833,#5834,#5835,#5836));
#11188=EDGE_LOOP('',(#5837,#5838,#5839,#5840));
#11189=EDGE_LOOP('',(#5841,#5842,#5843,#5844));
#11190=EDGE_LOOP('',(#5845,#5846,#5847,#5848));
#11191=EDGE_LOOP('',(#5849,#5850,#5851,#5852));
#11192=EDGE_LOOP('',(#5853,#5854,#5855,#5856));
#11193=EDGE_LOOP('',(#5857,#5858,#5859,#5860));
#11194=EDGE_LOOP('',(#5861,#5862,#5863,#5864));
#11195=EDGE_LOOP('',(#5865,#5866,#5867,#5868));
#11196=EDGE_LOOP('',(#5869,#5870,#5871,#5872));
#11197=EDGE_LOOP('',(#5873,#5874,#5875,#5876));
#11198=EDGE_LOOP('',(#5877,#5878,#5879,#5880));
#11199=EDGE_LOOP('',(#5881,#5882,#5883,#5884));
#11200=EDGE_LOOP('',(#5885,#5886,#5887,#5888));
#11201=EDGE_LOOP('',(#5889,#5890,#5891,#5892));
#11202=EDGE_LOOP('',(#5893,#5894,#5895,#5896));
#11203=EDGE_LOOP('',(#5897,#5898,#5899,#5900));
#11204=EDGE_LOOP('',(#5901,#5902,#5903,#5904));
#11205=EDGE_LOOP('',(#5905,#5906,#5907,#5908));
#11206=EDGE_LOOP('',(#5909,#5910,#5911,#5912));
#11207=EDGE_LOOP('',(#5913,#5914,#5915,#5916));
#11208=EDGE_LOOP('',(#5917,#5918,#5919,#5920));
#11209=EDGE_LOOP('',(#5921,#5922,#5923,#5924));
#11210=EDGE_LOOP('',(#5925,#5926,#5927,#5928));
#11211=EDGE_LOOP('',(#5929,#5930,#5931,#5932));
#11212=EDGE_LOOP('',(#5933,#5934,#5935,#5936));
#11213=EDGE_LOOP('',(#5937,#5938,#5939,#5940));
#11214=EDGE_LOOP('',(#5941,#5942,#5943,#5944));
#11215=EDGE_LOOP('',(#5945,#5946,#5947,#5948));
#11216=EDGE_LOOP('',(#5949,#5950,#5951,#5952));
#11217=EDGE_LOOP('',(#5953,#5954,#5955,#5956));
#11218=EDGE_LOOP('',(#5957,#5958,#5959,#5960));
#11219=EDGE_LOOP('',(#5961,#5962,#5963,#5964));
#11220=EDGE_LOOP('',(#5965,#5966,#5967,#5968));
#11221=EDGE_LOOP('',(#5969,#5970,#5971,#5972));
#11222=EDGE_LOOP('',(#5973,#5974,#5975,#5976));
#11223=EDGE_LOOP('',(#5977,#5978,#5979,#5980));
#11224=EDGE_LOOP('',(#5981,#5982,#5983,#5984));
#11225=EDGE_LOOP('',(#5985,#5986,#5987,#5988));
#11226=EDGE_LOOP('',(#5989,#5990,#5991,#5992));
#11227=EDGE_LOOP('',(#5993,#5994,#5995,#5996));
#11228=EDGE_LOOP('',(#5997,#5998,#5999,#6000));
#11229=EDGE_LOOP('',(#6001,#6002,#6003,#6004));
#11230=EDGE_LOOP('',(#6005,#6006,#6007,#6008));
#11231=EDGE_LOOP('',(#6009,#6010,#6011,#6012));
#11232=EDGE_LOOP('',(#6013,#6014,#6015,#6016));
#11233=EDGE_LOOP('',(#6017,#6018,#6019,#6020));
#11234=EDGE_LOOP('',(#6021,#6022,#6023,#6024));
#11235=EDGE_LOOP('',(#6025,#6026,#6027,#6028));
#11236=EDGE_LOOP('',(#6029,#6030,#6031,#6032));
#11237=EDGE_LOOP('',(#6033,#6034,#6035,#6036));
#11238=EDGE_LOOP('',(#6037,#6038,#6039,#6040));
#11239=EDGE_LOOP('',(#6041,#6042,#6043,#6044));
#11240=EDGE_LOOP('',(#6045,#6046,#6047,#6048));
#11241=EDGE_LOOP('',(#6049,#6050,#6051,#6052));
#11242=EDGE_LOOP('',(#6053,#6054,#6055,#6056));
#11243=EDGE_LOOP('',(#6057,#6058,#6059,#6060));
#11244=EDGE_LOOP('',(#6061,#6062,#6063,#6064));
#11245=EDGE_LOOP('',(#6065,#6066,#6067,#6068));
#11246=EDGE_LOOP('',(#6069,#6070,#6071,#6072));
#11247=EDGE_LOOP('',(#6073,#6074,#6075,#6076));
#11248=EDGE_LOOP('',(#6077,#6078,#6079,#6080));
#11249=EDGE_LOOP('',(#6081,#6082,#6083,#6084));
#11250=EDGE_LOOP('',(#6085,#6086,#6087,#6088));
#11251=EDGE_LOOP('',(#6089,#6090,#6091,#6092));
#11252=EDGE_LOOP('',(#6093,#6094,#6095,#6096));
#11253=EDGE_LOOP('',(#6097,#6098,#6099,#6100));
#11254=EDGE_LOOP('',(#6101,#6102,#6103,#6104));
#11255=EDGE_LOOP('',(#6105,#6106,#6107,#6108));
#11256=EDGE_LOOP('',(#6109,#6110,#6111,#6112));
#11257=EDGE_LOOP('',(#6113,#6114,#6115,#6116));
#11258=EDGE_LOOP('',(#6117,#6118,#6119,#6120));
#11259=EDGE_LOOP('',(#6121,#6122,#6123,#6124));
#11260=EDGE_LOOP('',(#6125,#6126,#6127,#6128));
#11261=EDGE_LOOP('',(#6129,#6130,#6131,#6132));
#11262=EDGE_LOOP('',(#6133,#6134,#6135,#6136));
#11263=EDGE_LOOP('',(#6137,#6138,#6139,#6140));
#11264=EDGE_LOOP('',(#6141,#6142,#6143,#6144));
#11265=EDGE_LOOP('',(#6145,#6146,#6147,#6148));
#11266=EDGE_LOOP('',(#6149,#6150,#6151,#6152));
#11267=EDGE_LOOP('',(#6153,#6154,#6155,#6156));
#11268=EDGE_LOOP('',(#6157,#6158,#6159,#6160));
#11269=EDGE_LOOP('',(#6161,#6162,#6163,#6164));
#11270=EDGE_LOOP('',(#6165,#6166,#6167,#6168));
#11271=EDGE_LOOP('',(#6169,#6170,#6171,#6172));
#11272=EDGE_LOOP('',(#6173,#6174,#6175,#6176));
#11273=EDGE_LOOP('',(#6177,#6178,#6179,#6180));
#11274=EDGE_LOOP('',(#6181,#6182,#6183,#6184));
#11275=EDGE_LOOP('',(#6185,#6186,#6187,#6188));
#11276=EDGE_LOOP('',(#6189,#6190,#6191,#6192));
#11277=EDGE_LOOP('',(#6193,#6194,#6195,#6196));
#11278=EDGE_LOOP('',(#6197,#6198,#6199,#6200));
#11279=EDGE_LOOP('',(#6201,#6202,#6203,#6204));
#11280=EDGE_LOOP('',(#6205,#6206,#6207,#6208));
#11281=EDGE_LOOP('',(#6209,#6210,#6211,#6212));
#11282=EDGE_LOOP('',(#6213,#6214,#6215,#6216));
#11283=EDGE_LOOP('',(#6217,#6218,#6219,#6220));
#11284=EDGE_LOOP('',(#6221,#6222,#6223,#6224));
#11285=EDGE_LOOP('',(#6225,#6226,#6227,#6228));
#11286=EDGE_LOOP('',(#6229,#6230,#6231,#6232));
#11287=EDGE_LOOP('',(#6233,#6234,#6235,#6236));
#11288=EDGE_LOOP('',(#6237,#6238,#6239,#6240));
#11289=EDGE_LOOP('',(#6241,#6242,#6243,#6244));
#11290=EDGE_LOOP('',(#6245,#6246,#6247,#6248));
#11291=EDGE_LOOP('',(#6249,#6250,#6251,#6252));
#11292=EDGE_LOOP('',(#6253,#6254,#6255,#6256));
#11293=EDGE_LOOP('',(#6257,#6258,#6259,#6260));
#11294=EDGE_LOOP('',(#6261,#6262,#6263,#6264));
#11295=EDGE_LOOP('',(#6265,#6266,#6267,#6268));
#11296=EDGE_LOOP('',(#6269,#6270,#6271,#6272));
#11297=EDGE_LOOP('',(#6273,#6274,#6275,#6276));
#11298=EDGE_LOOP('',(#6277,#6278,#6279,#6280));
#11299=EDGE_LOOP('',(#6281,#6282,#6283,#6284));
#11300=EDGE_LOOP('',(#6285,#6286,#6287,#6288));
#11301=EDGE_LOOP('',(#6289,#6290,#6291,#6292));
#11302=EDGE_LOOP('',(#6293,#6294,#6295,#6296));
#11303=EDGE_LOOP('',(#6297,#6298,#6299,#6300));
#11304=EDGE_LOOP('',(#6301,#6302,#6303,#6304));
#11305=EDGE_LOOP('',(#6305,#6306,#6307,#6308));
#11306=EDGE_LOOP('',(#6309,#6310,#6311,#6312));
#11307=EDGE_LOOP('',(#6313,#6314,#6315,#6316));
#11308=EDGE_LOOP('',(#6317,#6318,#6319,#6320));
#11309=EDGE_LOOP('',(#6321,#6322,#6323,#6324));
#11310=EDGE_LOOP('',(#6325,#6326,#6327,#6328));
#11311=EDGE_LOOP('',(#6329,#6330,#6331,#6332));
#11312=EDGE_LOOP('',(#6333,#6334,#6335,#6336));
#11313=EDGE_LOOP('',(#6337,#6338,#6339,#6340));
#11314=EDGE_LOOP('',(#6341,#6342,#6343,#6344));
#11315=EDGE_LOOP('',(#6345,#6346,#6347,#6348));
#11316=EDGE_LOOP('',(#6349,#6350,#6351,#6352));
#11317=EDGE_LOOP('',(#6353,#6354,#6355,#6356));
#11318=EDGE_LOOP('',(#6357,#6358,#6359,#6360));
#11319=EDGE_LOOP('',(#6361,#6362,#6363,#6364));
#11320=EDGE_LOOP('',(#6365,#6366,#6367,#6368));
#11321=EDGE_LOOP('',(#6369,#6370,#6371,#6372));
#11322=EDGE_LOOP('',(#6373,#6374,#6375,#6376));
#11323=EDGE_LOOP('',(#6377,#6378,#6379,#6380));
#11324=EDGE_LOOP('',(#6381,#6382,#6383,#6384));
#11325=EDGE_LOOP('',(#6385,#6386,#6387,#6388));
#11326=EDGE_LOOP('',(#6389,#6390,#6391,#6392));
#11327=EDGE_LOOP('',(#6393,#6394,#6395,#6396));
#11328=EDGE_LOOP('',(#6397,#6398,#6399,#6400));
#11329=EDGE_LOOP('',(#6401,#6402,#6403,#6404));
#11330=EDGE_LOOP('',(#6405,#6406,#6407,#6408));
#11331=EDGE_LOOP('',(#6409,#6410,#6411,#6412));
#11332=EDGE_LOOP('',(#6413,#6414,#6415,#6416));
#11333=EDGE_LOOP('',(#6417,#6418,#6419,#6420));
#11334=EDGE_LOOP('',(#6421,#6422,#6423,#6424));
#11335=EDGE_LOOP('',(#6425,#6426,#6427,#6428));
#11336=EDGE_LOOP('',(#6429,#6430,#6431,#6432));
#11337=EDGE_LOOP('',(#6433,#6434,#6435,#6436));
#11338=EDGE_LOOP('',(#6437,#6438,#6439,#6440));
#11339=EDGE_LOOP('',(#6441,#6442,#6443,#6444));
#11340=EDGE_LOOP('',(#6445,#6446,#6447,#6448));
#11341=EDGE_LOOP('',(#6449,#6450,#6451,#6452));
#11342=EDGE_LOOP('',(#6453,#6454,#6455,#6456));
#11343=EDGE_LOOP('',(#6457,#6458,#6459,#6460));
#11344=EDGE_LOOP('',(#6461,#6462,#6463,#6464));
#11345=EDGE_LOOP('',(#6465,#6466,#6467,#6468));
#11346=EDGE_LOOP('',(#6469,#6470,#6471,#6472));
#11347=EDGE_LOOP('',(#6473,#6474,#6475,#6476));
#11348=EDGE_LOOP('',(#6477,#6478,#6479,#6480));
#11349=EDGE_LOOP('',(#6481,#6482,#6483,#6484));
#11350=EDGE_LOOP('',(#6485,#6486,#6487,#6488));
#11351=EDGE_LOOP('',(#6489,#6490,#6491,#6492));
#11352=EDGE_LOOP('',(#6493,#6494,#6495,#6496));
#11353=EDGE_LOOP('',(#6497,#6498,#6499,#6500));
#11354=EDGE_LOOP('',(#6501,#6502,#6503,#6504));
#11355=EDGE_LOOP('',(#6505,#6506,#6507,#6508));
#11356=EDGE_LOOP('',(#6509,#6510,#6511,#6512));
#11357=EDGE_LOOP('',(#6513,#6514,#6515,#6516));
#11358=EDGE_LOOP('',(#6517,#6518,#6519,#6520));
#11359=EDGE_LOOP('',(#6521,#6522,#6523,#6524));
#11360=EDGE_LOOP('',(#6525,#6526,#6527,#6528));
#11361=EDGE_LOOP('',(#6529,#6530,#6531,#6532));
#11362=EDGE_LOOP('',(#6533,#6534,#6535,#6536));
#11363=EDGE_LOOP('',(#6537,#6538,#6539,#6540));
#11364=EDGE_LOOP('',(#6541,#6542,#6543,#6544));
#11365=EDGE_LOOP('',(#6545,#6546,#6547,#6548));
#11366=EDGE_LOOP('',(#6549,#6550,#6551,#6552));
#11367=EDGE_LOOP('',(#6553,#6554,#6555,#6556));
#11368=EDGE_LOOP('',(#6557,#6558,#6559,#6560));
#11369=EDGE_LOOP('',(#6561,#6562,#6563,#6564));
#11370=EDGE_LOOP('',(#6565,#6566,#6567,#6568));
#11371=EDGE_LOOP('',(#6569,#6570,#6571,#6572));
#11372=EDGE_LOOP('',(#6573,#6574,#6575,#6576));
#11373=EDGE_LOOP('',(#6577,#6578,#6579,#6580));
#11374=EDGE_LOOP('',(#6581,#6582,#6583,#6584));
#11375=EDGE_LOOP('',(#6585,#6586,#6587,#6588));
#11376=EDGE_LOOP('',(#6589,#6590,#6591,#6592));
#11377=FACE_BOUND('',#10399,.T.);
#11378=FACE_BOUND('',#10400,.T.);
#11379=FACE_BOUND('',#10401,.T.);
#11380=FACE_BOUND('',#10402,.T.);
#11381=FACE_BOUND('',#10403,.T.);
#11382=FACE_BOUND('',#10404,.T.);
#11383=FACE_BOUND('',#10405,.T.);
#11384=FACE_BOUND('',#10406,.T.);
#11385=FACE_BOUND('',#10407,.T.);
#11386=FACE_BOUND('',#10408,.T.);
#11387=FACE_BOUND('',#10409,.T.);
#11388=FACE_BOUND('',#10410,.T.);
#11389=FACE_BOUND('',#10411,.T.);
#11390=FACE_BOUND('',#10412,.T.);
#11391=FACE_BOUND('',#10413,.T.);
#11392=FACE_BOUND('',#10414,.T.);
#11393=FACE_BOUND('',#10415,.T.);
#11394=FACE_BOUND('',#10416,.T.);
#11395=FACE_BOUND('',#10417,.T.);
#11396=FACE_BOUND('',#10418,.T.);
#11397=FACE_BOUND('',#10419,.T.);
#11398=FACE_BOUND('',#10420,.T.);
#11399=FACE_BOUND('',#10421,.T.);
#11400=FACE_BOUND('',#10422,.T.);
#11401=FACE_BOUND('',#10423,.T.);
#11402=FACE_BOUND('',#10424,.T.);
#11403=FACE_BOUND('',#10425,.T.);
#11404=FACE_BOUND('',#10426,.T.);
#11405=FACE_BOUND('',#10427,.T.);
#11406=FACE_BOUND('',#10428,.T.);
#11407=FACE_BOUND('',#10429,.T.);
#11408=FACE_BOUND('',#10430,.T.);
#11409=FACE_BOUND('',#10431,.T.);
#11410=FACE_BOUND('',#10432,.T.);
#11411=FACE_BOUND('',#10433,.T.);
#11412=FACE_BOUND('',#10434,.T.);
#11413=FACE_BOUND('',#10435,.T.);
#11414=FACE_BOUND('',#10436,.T.);
#11415=FACE_BOUND('',#10437,.T.);
#11416=FACE_BOUND('',#10438,.T.);
#11417=FACE_BOUND('',#10439,.T.);
#11418=FACE_BOUND('',#10440,.T.);
#11419=FACE_BOUND('',#10441,.T.);
#11420=FACE_BOUND('',#10442,.T.);
#11421=FACE_BOUND('',#10443,.T.);
#11422=FACE_BOUND('',#10444,.T.);
#11423=FACE_BOUND('',#10445,.T.);
#11424=FACE_BOUND('',#10446,.T.);
#11425=FACE_BOUND('',#10447,.T.);
#11426=FACE_BOUND('',#10448,.T.);
#11427=FACE_BOUND('',#10449,.T.);
#11428=FACE_BOUND('',#10450,.T.);
#11429=FACE_BOUND('',#10451,.T.);
#11430=FACE_BOUND('',#10452,.T.);
#11431=FACE_BOUND('',#10453,.T.);
#11432=FACE_BOUND('',#10454,.T.);
#11433=FACE_BOUND('',#10455,.T.);
#11434=FACE_BOUND('',#10456,.T.);
#11435=FACE_BOUND('',#10457,.T.);
#11436=FACE_BOUND('',#10458,.T.);
#11437=FACE_BOUND('',#10459,.T.);
#11438=FACE_BOUND('',#10460,.T.);
#11439=FACE_BOUND('',#10461,.T.);
#11440=FACE_BOUND('',#10462,.T.);
#11441=FACE_BOUND('',#10463,.T.);
#11442=FACE_BOUND('',#10464,.T.);
#11443=FACE_BOUND('',#10465,.T.);
#11444=FACE_BOUND('',#10466,.T.);
#11445=FACE_BOUND('',#10467,.T.);
#11446=FACE_BOUND('',#10468,.T.);
#11447=FACE_BOUND('',#10469,.T.);
#11448=FACE_BOUND('',#10470,.T.);
#11449=FACE_BOUND('',#10471,.T.);
#11450=FACE_BOUND('',#10472,.T.);
#11451=FACE_BOUND('',#10473,.T.);
#11452=FACE_BOUND('',#10474,.T.);
#11453=FACE_BOUND('',#10475,.T.);
#11454=FACE_BOUND('',#10476,.T.);
#11455=FACE_BOUND('',#10477,.T.);
#11456=FACE_BOUND('',#10478,.T.);
#11457=FACE_BOUND('',#10479,.T.);
#11458=FACE_BOUND('',#10480,.T.);
#11459=FACE_BOUND('',#10481,.T.);
#11460=FACE_BOUND('',#10482,.T.);
#11461=FACE_BOUND('',#10483,.T.);
#11462=FACE_BOUND('',#10484,.T.);
#11463=FACE_BOUND('',#10485,.T.);
#11464=FACE_BOUND('',#10486,.T.);
#11465=FACE_BOUND('',#10487,.T.);
#11466=FACE_BOUND('',#10488,.T.);
#11467=FACE_BOUND('',#10489,.T.);
#11468=FACE_BOUND('',#10490,.T.);
#11469=FACE_BOUND('',#10491,.T.);
#11470=FACE_BOUND('',#10492,.T.);
#11471=FACE_BOUND('',#10493,.T.);
#11472=FACE_BOUND('',#10494,.T.);
#11473=FACE_BOUND('',#10495,.T.);
#11474=FACE_BOUND('',#10496,.T.);
#11475=FACE_BOUND('',#10497,.T.);
#11476=FACE_BOUND('',#10498,.T.);
#11477=FACE_BOUND('',#10499,.T.);
#11478=FACE_BOUND('',#10500,.T.);
#11479=FACE_BOUND('',#10501,.T.);
#11480=FACE_BOUND('',#10502,.T.);
#11481=FACE_BOUND('',#10503,.T.);
#11482=FACE_BOUND('',#10504,.T.);
#11483=FACE_BOUND('',#10505,.T.);
#11484=FACE_BOUND('',#10506,.T.);
#11485=FACE_BOUND('',#10507,.T.);
#11486=FACE_BOUND('',#10508,.T.);
#11487=FACE_BOUND('',#10509,.T.);
#11488=FACE_BOUND('',#10510,.T.);
#11489=FACE_BOUND('',#10511,.T.);
#11490=FACE_BOUND('',#10512,.T.);
#11491=FACE_BOUND('',#10513,.T.);
#11492=FACE_BOUND('',#10514,.T.);
#11493=FACE_BOUND('',#10515,.T.);
#11494=FACE_BOUND('',#10516,.T.);
#11495=FACE_BOUND('',#10517,.T.);
#11496=FACE_BOUND('',#10518,.T.);
#11497=FACE_BOUND('',#10519,.T.);
#11498=FACE_BOUND('',#10520,.T.);
#11499=FACE_BOUND('',#10521,.T.);
#11500=FACE_BOUND('',#10522,.T.);
#11501=FACE_BOUND('',#10523,.T.);
#11502=FACE_BOUND('',#10524,.T.);
#11503=FACE_BOUND('',#10525,.T.);
#11504=FACE_BOUND('',#10526,.T.);
#11505=FACE_BOUND('',#10527,.T.);
#11506=FACE_BOUND('',#10528,.T.);
#11507=FACE_BOUND('',#10529,.T.);
#11508=FACE_BOUND('',#10530,.T.);
#11509=FACE_BOUND('',#10531,.T.);
#11510=FACE_BOUND('',#10532,.T.);
#11511=FACE_BOUND('',#10533,.T.);
#11512=FACE_BOUND('',#10534,.T.);
#11513=FACE_BOUND('',#10535,.T.);
#11514=FACE_BOUND('',#10536,.T.);
#11515=FACE_BOUND('',#10537,.T.);
#11516=FACE_BOUND('',#10538,.T.);
#11517=FACE_BOUND('',#10539,.T.);
#11518=FACE_BOUND('',#10540,.T.);
#11519=FACE_BOUND('',#10541,.T.);
#11520=FACE_BOUND('',#10542,.T.);
#11521=FACE_BOUND('',#10543,.T.);
#11522=FACE_BOUND('',#10544,.T.);
#11523=FACE_BOUND('',#10545,.T.);
#11524=FACE_BOUND('',#10546,.T.);
#11525=FACE_BOUND('',#10547,.T.);
#11526=FACE_BOUND('',#10548,.T.);
#11527=FACE_BOUND('',#10549,.T.);
#11528=FACE_BOUND('',#10550,.T.);
#11529=FACE_BOUND('',#10551,.T.);
#11530=FACE_BOUND('',#10552,.T.);
#11531=FACE_BOUND('',#10553,.T.);
#11532=FACE_BOUND('',#10554,.T.);
#11533=FACE_BOUND('',#10555,.T.);
#11534=FACE_BOUND('',#10556,.T.);
#11535=FACE_BOUND('',#10557,.T.);
#11536=FACE_BOUND('',#10558,.T.);
#11537=FACE_BOUND('',#10559,.T.);
#11538=FACE_BOUND('',#10560,.T.);
#11539=FACE_BOUND('',#10561,.T.);
#11540=FACE_BOUND('',#10562,.T.);
#11541=FACE_BOUND('',#10563,.T.);
#11542=FACE_BOUND('',#10564,.T.);
#11543=FACE_BOUND('',#10565,.T.);
#11544=FACE_BOUND('',#10566,.T.);
#11545=FACE_BOUND('',#10567,.T.);
#11546=FACE_BOUND('',#10568,.T.);
#11547=FACE_BOUND('',#10569,.T.);
#11548=FACE_BOUND('',#10570,.T.);
#11549=FACE_BOUND('',#10571,.T.);
#11550=FACE_BOUND('',#10572,.T.);
#11551=FACE_BOUND('',#10573,.T.);
#11552=FACE_BOUND('',#10574,.T.);
#11553=FACE_BOUND('',#10575,.T.);
#11554=FACE_BOUND('',#10576,.T.);
#11555=FACE_BOUND('',#10577,.T.);
#11556=FACE_BOUND('',#10578,.T.);
#11557=FACE_BOUND('',#10579,.T.);
#11558=FACE_BOUND('',#10580,.T.);
#11559=FACE_BOUND('',#10581,.T.);
#11560=FACE_BOUND('',#10582,.T.);
#11561=FACE_BOUND('',#10583,.T.);
#11562=FACE_BOUND('',#10584,.T.);
#11563=FACE_BOUND('',#10585,.T.);
#11564=FACE_BOUND('',#10586,.T.);
#11565=FACE_BOUND('',#10587,.T.);
#11566=FACE_BOUND('',#10588,.T.);
#11567=FACE_BOUND('',#10589,.T.);
#11568=FACE_BOUND('',#10590,.T.);
#11569=FACE_BOUND('',#10591,.T.);
#11570=FACE_BOUND('',#10592,.T.);
#11571=FACE_BOUND('',#10593,.T.);
#11572=FACE_BOUND('',#10594,.T.);
#11573=FACE_BOUND('',#10595,.T.);
#11574=FACE_BOUND('',#10596,.T.);
#11575=FACE_BOUND('',#10597,.T.);
#11576=FACE_BOUND('',#10598,.T.);
#11577=FACE_BOUND('',#10599,.T.);
#11578=FACE_BOUND('',#10600,.T.);
#11579=FACE_BOUND('',#10601,.T.);
#11580=FACE_BOUND('',#10602,.T.);
#11581=FACE_BOUND('',#10603,.T.);
#11582=FACE_BOUND('',#10604,.T.);
#11583=FACE_BOUND('',#10605,.T.);
#11584=FACE_BOUND('',#10606,.T.);
#11585=FACE_BOUND('',#10607,.T.);
#11586=FACE_BOUND('',#10608,.T.);
#11587=FACE_BOUND('',#10609,.T.);
#11588=FACE_BOUND('',#10610,.T.);
#11589=FACE_BOUND('',#10611,.T.);
#11590=FACE_BOUND('',#10612,.T.);
#11591=FACE_BOUND('',#10613,.T.);
#11592=FACE_BOUND('',#10614,.T.);
#11593=FACE_BOUND('',#10615,.T.);
#11594=FACE_BOUND('',#10616,.T.);
#11595=FACE_BOUND('',#10617,.T.);
#11596=FACE_BOUND('',#10618,.T.);
#11597=FACE_BOUND('',#10619,.T.);
#11598=FACE_BOUND('',#10620,.T.);
#11599=FACE_BOUND('',#10621,.T.);
#11600=FACE_BOUND('',#10622,.T.);
#11601=FACE_BOUND('',#10623,.T.);
#11602=FACE_BOUND('',#10624,.T.);
#11603=FACE_BOUND('',#10625,.T.);
#11604=FACE_BOUND('',#10626,.T.);
#11605=FACE_BOUND('',#10627,.T.);
#11606=FACE_BOUND('',#10628,.T.);
#11607=FACE_BOUND('',#10629,.T.);
#11608=FACE_BOUND('',#10630,.T.);
#11609=FACE_BOUND('',#10631,.T.);
#11610=FACE_BOUND('',#10632,.T.);
#11611=FACE_BOUND('',#10633,.T.);
#11612=FACE_BOUND('',#10634,.T.);
#11613=FACE_BOUND('',#10635,.T.);
#11614=FACE_BOUND('',#10636,.T.);
#11615=FACE_BOUND('',#10637,.T.);
#11616=FACE_BOUND('',#10638,.T.);
#11617=FACE_BOUND('',#10639,.T.);
#11618=FACE_BOUND('',#10640,.T.);
#11619=FACE_BOUND('',#10641,.T.);
#11620=FACE_BOUND('',#10642,.T.);
#11621=FACE_BOUND('',#10643,.T.);
#11622=FACE_BOUND('',#10644,.T.);
#11623=FACE_BOUND('',#10645,.T.);
#11624=FACE_BOUND('',#10646,.T.);
#11625=FACE_BOUND('',#10647,.T.);
#11626=FACE_BOUND('',#10648,.T.);
#11627=FACE_BOUND('',#10649,.T.);
#11628=FACE_BOUND('',#10650,.T.);
#11629=FACE_BOUND('',#10651,.T.);
#11630=FACE_BOUND('',#10652,.T.);
#11631=FACE_BOUND('',#10653,.T.);
#11632=FACE_BOUND('',#10654,.T.);
#11633=FACE_BOUND('',#10655,.T.);
#11634=FACE_BOUND('',#10656,.T.);
#11635=FACE_BOUND('',#10657,.T.);
#11636=FACE_BOUND('',#10658,.T.);
#11637=FACE_BOUND('',#10659,.T.);
#11638=FACE_BOUND('',#10660,.T.);
#11639=FACE_BOUND('',#10661,.T.);
#11640=FACE_BOUND('',#10662,.T.);
#11641=FACE_BOUND('',#10663,.T.);
#11642=FACE_BOUND('',#10664,.T.);
#11643=FACE_BOUND('',#10665,.T.);
#11644=FACE_BOUND('',#10666,.T.);
#11645=FACE_BOUND('',#10667,.T.);
#11646=FACE_BOUND('',#10668,.T.);
#11647=FACE_BOUND('',#10669,.T.);
#11648=FACE_BOUND('',#10670,.T.);
#11649=FACE_BOUND('',#10671,.T.);
#11650=FACE_BOUND('',#10672,.T.);
#11651=FACE_BOUND('',#10673,.T.);
#11652=FACE_BOUND('',#10674,.T.);
#11653=FACE_BOUND('',#10675,.T.);
#11654=FACE_BOUND('',#10676,.T.);
#11655=FACE_BOUND('',#10677,.T.);
#11656=FACE_BOUND('',#10678,.T.);
#11657=FACE_BOUND('',#10679,.T.);
#11658=FACE_BOUND('',#10680,.T.);
#11659=FACE_BOUND('',#10681,.T.);
#11660=FACE_BOUND('',#10682,.T.);
#11661=FACE_BOUND('',#10683,.T.);
#11662=FACE_BOUND('',#10684,.T.);
#11663=FACE_BOUND('',#10685,.T.);
#11664=FACE_BOUND('',#10686,.T.);
#11665=FACE_BOUND('',#10687,.T.);
#11666=FACE_BOUND('',#10688,.T.);
#11667=FACE_BOUND('',#10689,.T.);
#11668=FACE_BOUND('',#10690,.T.);
#11669=FACE_BOUND('',#10691,.T.);
#11670=FACE_BOUND('',#10692,.T.);
#11671=FACE_BOUND('',#10693,.T.);
#11672=FACE_BOUND('',#10694,.T.);
#11673=FACE_BOUND('',#10695,.T.);
#11674=FACE_BOUND('',#10696,.T.);
#11675=FACE_BOUND('',#10697,.T.);
#11676=FACE_BOUND('',#10698,.T.);
#11677=FACE_BOUND('',#10699,.T.);
#11678=FACE_BOUND('',#10700,.T.);
#11679=FACE_BOUND('',#10701,.T.);
#11680=FACE_BOUND('',#10702,.T.);
#11681=FACE_BOUND('',#10703,.T.);
#11682=FACE_BOUND('',#10704,.T.);
#11683=FACE_BOUND('',#10705,.T.);
#11684=FACE_BOUND('',#10706,.T.);
#11685=FACE_BOUND('',#10707,.T.);
#11686=FACE_BOUND('',#10708,.T.);
#11687=FACE_BOUND('',#10709,.T.);
#11688=FACE_BOUND('',#10710,.T.);
#11689=FACE_BOUND('',#10711,.T.);
#11690=FACE_BOUND('',#10712,.T.);
#11691=FACE_BOUND('',#10713,.T.);
#11692=FACE_BOUND('',#10714,.T.);
#11693=FACE_BOUND('',#10715,.T.);
#11694=FACE_BOUND('',#10716,.T.);
#11695=FACE_BOUND('',#10717,.T.);
#11696=FACE_BOUND('',#10718,.T.);
#11697=FACE_BOUND('',#10719,.T.);
#11698=FACE_BOUND('',#10720,.T.);
#11699=FACE_BOUND('',#10721,.T.);
#11700=FACE_BOUND('',#10722,.T.);
#11701=FACE_BOUND('',#10723,.T.);
#11702=FACE_BOUND('',#10724,.T.);
#11703=FACE_BOUND('',#10725,.T.);
#11704=FACE_BOUND('',#10726,.T.);
#11705=FACE_BOUND('',#10727,.T.);
#11706=FACE_BOUND('',#10728,.T.);
#11707=FACE_BOUND('',#10729,.T.);
#11708=FACE_BOUND('',#10730,.T.);
#11709=FACE_BOUND('',#10731,.T.);
#11710=FACE_BOUND('',#10732,.T.);
#11711=FACE_BOUND('',#10733,.T.);
#11712=FACE_BOUND('',#10734,.T.);
#11713=FACE_BOUND('',#10735,.T.);
#11714=FACE_BOUND('',#10736,.T.);
#11715=FACE_BOUND('',#10737,.T.);
#11716=FACE_BOUND('',#10738,.T.);
#11717=FACE_BOUND('',#10739,.T.);
#11718=FACE_BOUND('',#10740,.T.);
#11719=FACE_BOUND('',#10741,.T.);
#11720=FACE_BOUND('',#10742,.T.);
#11721=FACE_BOUND('',#10743,.T.);
#11722=FACE_BOUND('',#10744,.T.);
#11723=FACE_BOUND('',#10745,.T.);
#11724=FACE_BOUND('',#10746,.T.);
#11725=FACE_BOUND('',#10747,.T.);
#11726=FACE_BOUND('',#10748,.T.);
#11727=FACE_BOUND('',#10749,.T.);
#11728=FACE_BOUND('',#10750,.T.);
#11729=FACE_BOUND('',#10751,.T.);
#11730=FACE_BOUND('',#10752,.T.);
#11731=FACE_BOUND('',#10753,.T.);
#11732=FACE_BOUND('',#10754,.T.);
#11733=FACE_BOUND('',#10755,.T.);
#11734=FACE_BOUND('',#10756,.T.);
#11735=FACE_BOUND('',#10757,.T.);
#11736=FACE_BOUND('',#10758,.T.);
#11737=FACE_BOUND('',#10759,.T.);
#11738=FACE_BOUND('',#10760,.T.);
#11739=FACE_BOUND('',#10761,.T.);
#11740=FACE_BOUND('',#10762,.T.);
#11741=FACE_BOUND('',#10763,.T.);
#11742=FACE_BOUND('',#10764,.T.);
#11743=FACE_BOUND('',#10765,.T.);
#11744=FACE_BOUND('',#10766,.T.);
#11745=FACE_BOUND('',#10767,.T.);
#11746=FACE_BOUND('',#10768,.T.);
#11747=FACE_BOUND('',#10769,.T.);
#11748=FACE_BOUND('',#10770,.T.);
#11749=FACE_BOUND('',#10771,.T.);
#11750=FACE_BOUND('',#10772,.T.);
#11751=FACE_BOUND('',#10773,.T.);
#11752=FACE_BOUND('',#10774,.T.);
#11753=FACE_BOUND('',#10775,.T.);
#11754=FACE_BOUND('',#10776,.T.);
#11755=FACE_BOUND('',#10777,.T.);
#11756=FACE_BOUND('',#10778,.T.);
#11757=FACE_BOUND('',#10779,.T.);
#11758=FACE_BOUND('',#10780,.T.);
#11759=FACE_BOUND('',#10781,.T.);
#11760=FACE_BOUND('',#10782,.T.);
#11761=FACE_BOUND('',#10783,.T.);
#11762=FACE_BOUND('',#10784,.T.);
#11763=FACE_BOUND('',#10785,.T.);
#11764=FACE_BOUND('',#10786,.T.);
#11765=FACE_BOUND('',#10787,.T.);
#11766=FACE_BOUND('',#10788,.T.);
#11767=FACE_BOUND('',#10789,.T.);
#11768=FACE_BOUND('',#10790,.T.);
#11769=FACE_BOUND('',#10791,.T.);
#11770=FACE_BOUND('',#10792,.T.);
#11771=FACE_BOUND('',#10793,.T.);
#11772=FACE_BOUND('',#10794,.T.);
#11773=FACE_BOUND('',#10795,.T.);
#11774=FACE_BOUND('',#10796,.T.);
#11775=FACE_BOUND('',#10797,.T.);
#11776=FACE_BOUND('',#10798,.T.);
#11777=FACE_BOUND('',#10799,.T.);
#11778=FACE_BOUND('',#10800,.T.);
#11779=FACE_BOUND('',#10801,.T.);
#11780=FACE_BOUND('',#10802,.T.);
#11781=FACE_BOUND('',#10803,.T.);
#11782=FACE_BOUND('',#10804,.T.);
#11783=FACE_BOUND('',#10805,.T.);
#11784=FACE_BOUND('',#10806,.T.);
#11785=FACE_BOUND('',#10807,.T.);
#11786=FACE_BOUND('',#10808,.T.);
#11787=FACE_BOUND('',#10809,.T.);
#11788=FACE_BOUND('',#10810,.T.);
#11789=FACE_BOUND('',#10811,.T.);
#11790=FACE_BOUND('',#10812,.T.);
#11791=FACE_BOUND('',#10813,.T.);
#11792=FACE_BOUND('',#10814,.T.);
#11793=FACE_BOUND('',#10815,.T.);
#11794=FACE_BOUND('',#10816,.T.);
#11795=FACE_BOUND('',#10817,.T.);
#11796=FACE_BOUND('',#10818,.T.);
#11797=FACE_BOUND('',#10819,.T.);
#11798=FACE_BOUND('',#10820,.T.);
#11799=FACE_BOUND('',#10821,.T.);
#11800=FACE_BOUND('',#10822,.T.);
#11801=FACE_BOUND('',#10823,.T.);
#11802=FACE_BOUND('',#10824,.T.);
#11803=FACE_BOUND('',#10825,.T.);
#11804=FACE_BOUND('',#10826,.T.);
#11805=FACE_BOUND('',#10827,.T.);
#11806=FACE_BOUND('',#10828,.T.);
#11807=FACE_BOUND('',#10829,.T.);
#11808=FACE_BOUND('',#10830,.T.);
#11809=FACE_BOUND('',#10831,.T.);
#11810=FACE_BOUND('',#10832,.T.);
#11811=FACE_BOUND('',#10833,.T.);
#11812=FACE_BOUND('',#10834,.T.);
#11813=FACE_BOUND('',#10835,.T.);
#11814=FACE_BOUND('',#10836,.T.);
#11815=FACE_BOUND('',#10837,.T.);
#11816=FACE_BOUND('',#10838,.T.);
#11817=FACE_BOUND('',#10839,.T.);
#11818=FACE_BOUND('',#10840,.T.);
#11819=FACE_BOUND('',#10841,.T.);
#11820=FACE_BOUND('',#10842,.T.);
#11821=FACE_BOUND('',#10843,.T.);
#11822=FACE_BOUND('',#10844,.T.);
#11823=FACE_BOUND('',#10845,.T.);
#11824=FACE_BOUND('',#10846,.T.);
#11825=FACE_BOUND('',#10847,.T.);
#11826=FACE_BOUND('',#10848,.T.);
#11827=FACE_BOUND('',#10849,.T.);
#11828=FACE_BOUND('',#10850,.T.);
#11829=FACE_BOUND('',#10851,.T.);
#11830=FACE_BOUND('',#10852,.T.);
#11831=FACE_BOUND('',#10853,.T.);
#11832=FACE_BOUND('',#10854,.T.);
#11833=FACE_BOUND('',#10855,.T.);
#11834=FACE_BOUND('',#10856,.T.);
#11835=FACE_BOUND('',#10857,.T.);
#11836=FACE_BOUND('',#10858,.T.);
#11837=FACE_BOUND('',#10859,.T.);
#11838=FACE_BOUND('',#10860,.T.);
#11839=FACE_BOUND('',#10861,.T.);
#11840=FACE_BOUND('',#10862,.T.);
#11841=FACE_BOUND('',#10863,.T.);
#11842=FACE_BOUND('',#10864,.T.);
#11843=FACE_BOUND('',#10865,.T.);
#11844=FACE_BOUND('',#10866,.T.);
#11845=FACE_BOUND('',#10867,.T.);
#11846=FACE_BOUND('',#10868,.T.);
#11847=FACE_BOUND('',#10869,.T.);
#11848=FACE_BOUND('',#10870,.T.);
#11849=FACE_BOUND('',#10871,.T.);
#11850=FACE_BOUND('',#10872,.T.);
#11851=FACE_BOUND('',#10873,.T.);
#11852=FACE_BOUND('',#10874,.T.);
#11853=FACE_BOUND('',#10875,.T.);
#11854=FACE_BOUND('',#10876,.T.);
#11855=FACE_BOUND('',#10877,.T.);
#11856=FACE_BOUND('',#10878,.T.);
#11857=FACE_BOUND('',#10879,.T.);
#11858=FACE_BOUND('',#10880,.T.);
#11859=FACE_BOUND('',#10881,.T.);
#11860=FACE_BOUND('',#10882,.T.);
#11861=FACE_BOUND('',#10883,.T.);
#11862=FACE_BOUND('',#10884,.T.);
#11863=FACE_BOUND('',#10885,.T.);
#11864=FACE_BOUND('',#10886,.T.);
#11865=FACE_BOUND('',#10887,.T.);
#11866=FACE_BOUND('',#10888,.T.);
#11867=FACE_BOUND('',#10889,.T.);
#11868=FACE_BOUND('',#10890,.T.);
#11869=FACE_BOUND('',#10891,.T.);
#11870=FACE_BOUND('',#10892,.T.);
#11871=FACE_BOUND('',#10893,.T.);
#11872=FACE_BOUND('',#10894,.T.);
#11873=FACE_BOUND('',#10895,.T.);
#11874=FACE_BOUND('',#10896,.T.);
#11875=FACE_BOUND('',#10897,.T.);
#11876=FACE_BOUND('',#10898,.T.);
#11877=FACE_BOUND('',#10899,.T.);
#11878=FACE_BOUND('',#10900,.T.);
#11879=FACE_BOUND('',#10901,.T.);
#11880=FACE_BOUND('',#10902,.T.);
#11881=FACE_BOUND('',#10903,.T.);
#11882=FACE_BOUND('',#10904,.T.);
#11883=FACE_BOUND('',#10905,.T.);
#11884=FACE_BOUND('',#10906,.T.);
#11885=FACE_BOUND('',#10907,.T.);
#11886=FACE_BOUND('',#10908,.T.);
#11887=FACE_BOUND('',#10909,.T.);
#11888=FACE_BOUND('',#10910,.T.);
#11889=FACE_BOUND('',#10911,.T.);
#11890=FACE_BOUND('',#10912,.T.);
#11891=FACE_BOUND('',#10913,.T.);
#11892=FACE_BOUND('',#10914,.T.);
#11893=FACE_BOUND('',#10915,.T.);
#11894=FACE_BOUND('',#10916,.T.);
#11895=FACE_BOUND('',#10917,.T.);
#11896=FACE_BOUND('',#10918,.T.);
#11897=FACE_BOUND('',#10919,.T.);
#11898=FACE_BOUND('',#10920,.T.);
#11899=FACE_BOUND('',#10921,.T.);
#11900=FACE_BOUND('',#10922,.T.);
#11901=FACE_BOUND('',#10923,.T.);
#11902=FACE_BOUND('',#10924,.T.);
#11903=FACE_BOUND('',#10925,.T.);
#11904=FACE_BOUND('',#10926,.T.);
#11905=FACE_BOUND('',#10927,.T.);
#11906=FACE_BOUND('',#10928,.T.);
#11907=FACE_BOUND('',#10929,.T.);
#11908=FACE_BOUND('',#10930,.T.);
#11909=FACE_BOUND('',#10931,.T.);
#11910=FACE_BOUND('',#10932,.T.);
#11911=FACE_BOUND('',#10933,.T.);
#11912=FACE_BOUND('',#10934,.T.);
#11913=FACE_BOUND('',#10935,.T.);
#11914=FACE_BOUND('',#10936,.T.);
#11915=FACE_BOUND('',#10937,.T.);
#11916=FACE_BOUND('',#10938,.T.);
#11917=FACE_BOUND('',#10939,.T.);
#11918=FACE_BOUND('',#10940,.T.);
#11919=FACE_BOUND('',#10941,.T.);
#11920=FACE_BOUND('',#10942,.T.);
#11921=FACE_BOUND('',#10943,.T.);
#11922=FACE_BOUND('',#10944,.T.);
#11923=FACE_BOUND('',#10945,.T.);
#11924=FACE_BOUND('',#10946,.T.);
#11925=FACE_BOUND('',#10947,.T.);
#11926=FACE_BOUND('',#10948,.T.);
#11927=FACE_BOUND('',#10949,.T.);
#11928=FACE_BOUND('',#10950,.T.);
#11929=FACE_BOUND('',#10951,.T.);
#11930=FACE_BOUND('',#10952,.T.);
#11931=FACE_BOUND('',#10953,.T.);
#11932=FACE_BOUND('',#10954,.T.);
#11933=FACE_BOUND('',#10955,.T.);
#11934=FACE_BOUND('',#10956,.T.);
#11935=FACE_BOUND('',#10957,.T.);
#11936=FACE_BOUND('',#10958,.T.);
#11937=FACE_BOUND('',#10959,.T.);
#11938=FACE_BOUND('',#10960,.T.);
#11939=FACE_BOUND('',#10961,.T.);
#11940=FACE_BOUND('',#10962,.T.);
#11941=FACE_BOUND('',#10963,.T.);
#11942=FACE_BOUND('',#10964,.T.);
#11943=FACE_BOUND('',#10965,.T.);
#11944=FACE_BOUND('',#10966,.T.);
#11945=FACE_BOUND('',#10967,.T.);
#11946=FACE_BOUND('',#10968,.T.);
#11947=FACE_BOUND('',#10969,.T.);
#11948=FACE_BOUND('',#10970,.T.);
#11949=FACE_BOUND('',#10971,.T.);
#11950=FACE_BOUND('',#10972,.T.);
#11951=FACE_BOUND('',#10973,.T.);
#11952=FACE_BOUND('',#10974,.T.);
#11953=FACE_BOUND('',#10975,.T.);
#11954=FACE_BOUND('',#10976,.T.);
#11955=FACE_BOUND('',#10977,.T.);
#11956=FACE_BOUND('',#10978,.T.);
#11957=FACE_BOUND('',#10979,.T.);
#11958=FACE_BOUND('',#10980,.T.);
#11959=FACE_BOUND('',#10981,.T.);
#11960=FACE_BOUND('',#10982,.T.);
#11961=FACE_BOUND('',#10983,.T.);
#11962=FACE_BOUND('',#10984,.T.);
#11963=FACE_BOUND('',#10985,.T.);
#11964=FACE_BOUND('',#10986,.T.);
#11965=FACE_BOUND('',#10987,.T.);
#11966=FACE_BOUND('',#10988,.T.);
#11967=FACE_BOUND('',#10989,.T.);
#11968=FACE_BOUND('',#10990,.T.);
#11969=FACE_BOUND('',#10991,.T.);
#11970=FACE_BOUND('',#10992,.T.);
#11971=FACE_BOUND('',#10993,.T.);
#11972=FACE_BOUND('',#10994,.T.);
#11973=FACE_BOUND('',#10995,.T.);
#11974=FACE_BOUND('',#10996,.T.);
#11975=FACE_BOUND('',#10997,.T.);
#11976=FACE_BOUND('',#10998,.T.);
#11977=FACE_BOUND('',#10999,.T.);
#11978=FACE_BOUND('',#11000,.T.);
#11979=FACE_BOUND('',#11001,.T.);
#11980=FACE_BOUND('',#11002,.T.);
#11981=FACE_BOUND('',#11003,.T.);
#11982=FACE_BOUND('',#11004,.T.);
#11983=FACE_BOUND('',#11005,.T.);
#11984=FACE_BOUND('',#11006,.T.);
#11985=FACE_BOUND('',#11007,.T.);
#11986=FACE_BOUND('',#11008,.T.);
#11987=FACE_BOUND('',#11009,.T.);
#11988=FACE_BOUND('',#11010,.T.);
#11989=FACE_BOUND('',#11011,.T.);
#11990=FACE_BOUND('',#11012,.T.);
#11991=FACE_BOUND('',#11013,.T.);
#11992=FACE_BOUND('',#11014,.T.);
#11993=FACE_BOUND('',#11015,.T.);
#11994=FACE_BOUND('',#11016,.T.);
#11995=FACE_BOUND('',#11017,.T.);
#11996=FACE_BOUND('',#11018,.T.);
#11997=FACE_BOUND('',#11019,.T.);
#11998=FACE_BOUND('',#11020,.T.);
#11999=FACE_BOUND('',#11021,.T.);
#12000=FACE_BOUND('',#11022,.T.);
#12001=FACE_BOUND('',#11023,.T.);
#12002=FACE_BOUND('',#11024,.T.);
#12003=FACE_BOUND('',#11025,.T.);
#12004=FACE_BOUND('',#11026,.T.);
#12005=FACE_BOUND('',#11027,.T.);
#12006=FACE_BOUND('',#11028,.T.);
#12007=FACE_BOUND('',#11029,.T.);
#12008=FACE_BOUND('',#11030,.T.);
#12009=FACE_BOUND('',#11031,.T.);
#12010=FACE_BOUND('',#11032,.T.);
#12011=FACE_BOUND('',#11033,.T.);
#12012=FACE_BOUND('',#11034,.T.);
#12013=FACE_BOUND('',#11035,.T.);
#12014=FACE_BOUND('',#11036,.T.);
#12015=FACE_BOUND('',#11037,.T.);
#12016=FACE_BOUND('',#11038,.T.);
#12017=FACE_BOUND('',#11039,.T.);
#12018=FACE_BOUND('',#11040,.T.);
#12019=FACE_BOUND('',#11041,.T.);
#12020=FACE_BOUND('',#11042,.T.);
#12021=FACE_BOUND('',#11043,.T.);
#12022=FACE_BOUND('',#11044,.T.);
#12023=FACE_BOUND('',#11045,.T.);
#12024=FACE_BOUND('',#11046,.T.);
#12025=FACE_BOUND('',#11047,.T.);
#12026=FACE_BOUND('',#11048,.T.);
#12027=FACE_BOUND('',#11049,.T.);
#12028=FACE_BOUND('',#11050,.T.);
#12029=FACE_BOUND('',#11051,.T.);
#12030=FACE_BOUND('',#11052,.T.);
#12031=FACE_BOUND('',#11053,.T.);
#12032=FACE_BOUND('',#11054,.T.);
#12033=FACE_BOUND('',#11055,.T.);
#12034=FACE_BOUND('',#11056,.T.);
#12035=FACE_BOUND('',#11057,.T.);
#12036=FACE_BOUND('',#11058,.T.);
#12037=FACE_BOUND('',#11059,.T.);
#12038=FACE_BOUND('',#11060,.T.);
#12039=FACE_BOUND('',#11061,.T.);
#12040=FACE_BOUND('',#11062,.T.);
#12041=FACE_BOUND('',#11063,.T.);
#12042=FACE_BOUND('',#11064,.T.);
#12043=FACE_BOUND('',#11065,.T.);
#12044=FACE_BOUND('',#11066,.T.);
#12045=FACE_BOUND('',#11067,.T.);
#12046=FACE_BOUND('',#11068,.T.);
#12047=FACE_BOUND('',#11069,.T.);
#12048=FACE_BOUND('',#11070,.T.);
#12049=FACE_BOUND('',#11071,.T.);
#12050=FACE_BOUND('',#11072,.T.);
#12051=FACE_BOUND('',#11073,.T.);
#12052=FACE_BOUND('',#11074,.T.);
#12053=FACE_BOUND('',#11075,.T.);
#12054=FACE_BOUND('',#11076,.T.);
#12055=FACE_BOUND('',#11077,.T.);
#12056=FACE_BOUND('',#11078,.T.);
#12057=FACE_BOUND('',#11079,.T.);
#12058=FACE_BOUND('',#11080,.T.);
#12059=FACE_BOUND('',#11081,.T.);
#12060=FACE_BOUND('',#11082,.T.);
#12061=FACE_BOUND('',#11083,.T.);
#12062=FACE_BOUND('',#11084,.T.);
#12063=FACE_BOUND('',#11085,.T.);
#12064=FACE_BOUND('',#11086,.T.);
#12065=FACE_BOUND('',#11087,.T.);
#12066=FACE_BOUND('',#11088,.T.);
#12067=FACE_BOUND('',#11089,.T.);
#12068=FACE_BOUND('',#11090,.T.);
#12069=FACE_BOUND('',#11091,.T.);
#12070=FACE_BOUND('',#11092,.T.);
#12071=FACE_BOUND('',#11093,.T.);
#12072=FACE_BOUND('',#11094,.T.);
#12073=FACE_BOUND('',#11095,.T.);
#12074=FACE_BOUND('',#11096,.T.);
#12075=FACE_BOUND('',#11097,.T.);
#12076=FACE_BOUND('',#11098,.T.);
#12077=FACE_BOUND('',#11099,.T.);
#12078=FACE_BOUND('',#11100,.T.);
#12079=FACE_BOUND('',#11101,.T.);
#12080=FACE_BOUND('',#11102,.T.);
#12081=FACE_BOUND('',#11103,.T.);
#12082=FACE_BOUND('',#11104,.T.);
#12083=FACE_BOUND('',#11105,.T.);
#12084=FACE_BOUND('',#11106,.T.);
#12085=FACE_BOUND('',#11107,.T.);
#12086=FACE_BOUND('',#11108,.T.);
#12087=FACE_BOUND('',#11109,.T.);
#12088=FACE_BOUND('',#11110,.T.);
#12089=FACE_BOUND('',#11111,.T.);
#12090=FACE_BOUND('',#11112,.T.);
#12091=FACE_BOUND('',#11113,.T.);
#12092=FACE_BOUND('',#11114,.T.);
#12093=FACE_BOUND('',#11115,.T.);
#12094=FACE_BOUND('',#11116,.T.);
#12095=FACE_BOUND('',#11117,.T.);
#12096=FACE_BOUND('',#11118,.T.);
#12097=FACE_BOUND('',#11119,.T.);
#12098=FACE_BOUND('',#11120,.T.);
#12099=FACE_BOUND('',#11121,.T.);
#12100=FACE_BOUND('',#11122,.T.);
#12101=FACE_BOUND('',#11123,.T.);
#12102=FACE_BOUND('',#11124,.T.);
#12103=FACE_BOUND('',#11125,.T.);
#12104=FACE_BOUND('',#11126,.T.);
#12105=FACE_BOUND('',#11127,.T.);
#12106=FACE_BOUND('',#11128,.T.);
#12107=FACE_BOUND('',#11129,.T.);
#12108=FACE_BOUND('',#11130,.T.);
#12109=FACE_BOUND('',#11131,.T.);
#12110=FACE_BOUND('',#11132,.T.);
#12111=FACE_BOUND('',#11133,.T.);
#12112=FACE_BOUND('',#11134,.T.);
#12113=FACE_BOUND('',#11135,.T.);
#12114=FACE_BOUND('',#11136,.T.);
#12115=FACE_BOUND('',#11137,.T.);
#12116=FACE_BOUND('',#11138,.T.);
#12117=FACE_BOUND('',#11139,.T.);
#12118=FACE_BOUND('',#11140,.T.);
#12119=FACE_BOUND('',#11141,.T.);
#12120=FACE_BOUND('',#11142,.T.);
#12121=FACE_BOUND('',#11143,.T.);
#12122=FACE_BOUND('',#11144,.T.);
#12123=FACE_BOUND('',#11145,.T.);
#12124=FACE_BOUND('',#11146,.T.);
#12125=FACE_BOUND('',#11147,.T.);
#12126=FACE_BOUND('',#11148,.T.);
#12127=FACE_BOUND('',#11149,.T.);
#12128=FACE_BOUND('',#11150,.T.);
#12129=FACE_BOUND('',#11151,.T.);
#12130=FACE_BOUND('',#11152,.T.);
#12131=FACE_BOUND('',#11153,.T.);
#12132=FACE_BOUND('',#11154,.T.);
#12133=FACE_BOUND('',#11155,.T.);
#12134=FACE_BOUND('',#11156,.T.);
#12135=FACE_BOUND('',#11157,.T.);
#12136=FACE_BOUND('',#11158,.T.);
#12137=FACE_BOUND('',#11159,.T.);
#12138=FACE_BOUND('',#11160,.T.);
#12139=FACE_BOUND('',#11161,.T.);
#12140=FACE_BOUND('',#11162,.T.);
#12141=FACE_BOUND('',#11163,.T.);
#12142=FACE_BOUND('',#11164,.T.);
#12143=FACE_BOUND('',#11165,.T.);
#12144=FACE_BOUND('',#11166,.T.);
#12145=FACE_BOUND('',#11167,.T.);
#12146=FACE_BOUND('',#11168,.T.);
#12147=FACE_BOUND('',#11169,.T.);
#12148=FACE_BOUND('',#11170,.T.);
#12149=FACE_BOUND('',#11171,.T.);
#12150=FACE_BOUND('',#11172,.T.);
#12151=FACE_BOUND('',#11173,.T.);
#12152=FACE_BOUND('',#11174,.T.);
#12153=FACE_BOUND('',#11175,.T.);
#12154=FACE_BOUND('',#11176,.T.);
#12155=FACE_BOUND('',#11177,.T.);
#12156=FACE_BOUND('',#11178,.T.);
#12157=FACE_BOUND('',#11179,.T.);
#12158=FACE_BOUND('',#11180,.T.);
#12159=FACE_BOUND('',#11181,.T.);
#12160=FACE_BOUND('',#11182,.T.);
#12161=FACE_BOUND('',#11183,.T.);
#12162=FACE_BOUND('',#11184,.T.);
#12163=FACE_BOUND('',#11185,.T.);
#12164=FACE_BOUND('',#11186,.T.);
#12165=FACE_BOUND('',#11187,.T.);
#12166=FACE_BOUND('',#11188,.T.);
#12167=FACE_BOUND('',#11189,.T.);
#12168=FACE_BOUND('',#11190,.T.);
#12169=FACE_BOUND('',#11191,.T.);
#12170=FACE_BOUND('',#11192,.T.);
#12171=FACE_BOUND('',#11193,.T.);
#12172=FACE_BOUND('',#11194,.T.);
#12173=FACE_BOUND('',#11195,.T.);
#12174=FACE_BOUND('',#11196,.T.);
#12175=FACE_BOUND('',#11197,.T.);
#12176=FACE_BOUND('',#11198,.T.);
#12177=FACE_BOUND('',#11199,.T.);
#12178=FACE_BOUND('',#11200,.T.);
#12179=FACE_BOUND('',#11201,.T.);
#12180=FACE_BOUND('',#11202,.T.);
#12181=FACE_BOUND('',#11203,.T.);
#12182=FACE_BOUND('',#11204,.T.);
#12183=FACE_BOUND('',#11205,.T.);
#12184=FACE_BOUND('',#11206,.T.);
#12185=FACE_BOUND('',#11207,.T.);
#12186=FACE_BOUND('',#11208,.T.);
#12187=FACE_BOUND('',#11209,.T.);
#12188=FACE_BOUND('',#11210,.T.);
#12189=FACE_BOUND('',#11211,.T.);
#12190=FACE_BOUND('',#11212,.T.);
#12191=FACE_BOUND('',#11213,.T.);
#12192=FACE_BOUND('',#11214,.T.);
#12193=FACE_BOUND('',#11215,.T.);
#12194=FACE_BOUND('',#11216,.T.);
#12195=FACE_BOUND('',#11217,.T.);
#12196=FACE_BOUND('',#11218,.T.);
#12197=FACE_BOUND('',#11219,.T.);
#12198=FACE_BOUND('',#11220,.T.);
#12199=FACE_BOUND('',#11221,.T.);
#12200=FACE_BOUND('',#11222,.T.);
#12201=FACE_BOUND('',#11223,.T.);
#12202=FACE_BOUND('',#11224,.T.);
#12203=FACE_BOUND('',#11225,.T.);
#12204=FACE_BOUND('',#11226,.T.);
#12205=FACE_BOUND('',#11227,.T.);
#12206=FACE_BOUND('',#11228,.T.);
#12207=FACE_BOUND('',#11229,.T.);
#12208=FACE_BOUND('',#11230,.T.);
#12209=FACE_BOUND('',#11231,.T.);
#12210=FACE_BOUND('',#11232,.T.);
#12211=FACE_BOUND('',#11233,.T.);
#12212=FACE_BOUND('',#11234,.T.);
#12213=FACE_BOUND('',#11235,.T.);
#12214=FACE_BOUND('',#11236,.T.);
#12215=FACE_BOUND('',#11237,.T.);
#12216=FACE_BOUND('',#11238,.T.);
#12217=FACE_BOUND('',#11239,.T.);
#12218=FACE_BOUND('',#11240,.T.);
#12219=FACE_BOUND('',#11241,.T.);
#12220=FACE_BOUND('',#11242,.T.);
#12221=FACE_BOUND('',#11243,.T.);
#12222=FACE_BOUND('',#11244,.T.);
#12223=FACE_BOUND('',#11245,.T.);
#12224=FACE_BOUND('',#11246,.T.);
#12225=FACE_BOUND('',#11247,.T.);
#12226=FACE_BOUND('',#11248,.T.);
#12227=FACE_BOUND('',#11249,.T.);
#12228=FACE_BOUND('',#11250,.T.);
#12229=FACE_BOUND('',#11251,.T.);
#12230=FACE_BOUND('',#11252,.T.);
#12231=FACE_BOUND('',#11253,.T.);
#12232=FACE_BOUND('',#11254,.T.);
#12233=FACE_BOUND('',#11255,.T.);
#12234=FACE_BOUND('',#11256,.T.);
#12235=FACE_BOUND('',#11257,.T.);
#12236=FACE_BOUND('',#11258,.T.);
#12237=FACE_BOUND('',#11259,.T.);
#12238=FACE_BOUND('',#11260,.T.);
#12239=FACE_BOUND('',#11261,.T.);
#12240=FACE_BOUND('',#11262,.T.);
#12241=FACE_BOUND('',#11263,.T.);
#12242=FACE_BOUND('',#11264,.T.);
#12243=FACE_BOUND('',#11265,.T.);
#12244=FACE_BOUND('',#11266,.T.);
#12245=FACE_BOUND('',#11267,.T.);
#12246=FACE_BOUND('',#11268,.T.);
#12247=FACE_BOUND('',#11269,.T.);
#12248=FACE_BOUND('',#11270,.T.);
#12249=FACE_BOUND('',#11271,.T.);
#12250=FACE_BOUND('',#11272,.T.);
#12251=FACE_BOUND('',#11273,.T.);
#12252=FACE_BOUND('',#11274,.T.);
#12253=FACE_BOUND('',#11275,.T.);
#12254=FACE_BOUND('',#11276,.T.);
#12255=FACE_BOUND('',#11277,.T.);
#12256=FACE_BOUND('',#11278,.T.);
#12257=FACE_BOUND('',#11279,.T.);
#12258=FACE_BOUND('',#11280,.T.);
#12259=FACE_BOUND('',#11281,.T.);
#12260=FACE_BOUND('',#11282,.T.);
#12261=FACE_BOUND('',#11283,.T.);
#12262=FACE_BOUND('',#11284,.T.);
#12263=FACE_BOUND('',#11285,.T.);
#12264=FACE_BOUND('',#11286,.T.);
#12265=FACE_BOUND('',#11287,.T.);
#12266=FACE_BOUND('',#11288,.T.);
#12267=FACE_BOUND('',#11289,.T.);
#12268=FACE_BOUND('',#11290,.T.);
#12269=FACE_BOUND('',#11291,.T.);
#12270=FACE_BOUND('',#11292,.T.);
#12271=FACE_BOUND('',#11293,.T.);
#12272=FACE_BOUND('',#11294,.T.);
#12273=FACE_BOUND('',#11295,.T.);
#12274=FACE_BOUND('',#11296,.T.);
#12275=FACE_BOUND('',#11297,.T.);
#12276=FACE_BOUND('',#11298,.T.);
#12277=FACE_BOUND('',#11299,.T.);
#12278=FACE_BOUND('',#11300,.T.);
#12279=FACE_BOUND('',#11301,.T.);
#12280=FACE_BOUND('',#11302,.T.);
#12281=FACE_BOUND('',#11303,.T.);
#12282=FACE_BOUND('',#11304,.T.);
#12283=FACE_BOUND('',#11305,.T.);
#12284=FACE_BOUND('',#11306,.T.);
#12285=FACE_BOUND('',#11307,.T.);
#12286=FACE_BOUND('',#11308,.T.);
#12287=FACE_BOUND('',#11309,.T.);
#12288=FACE_BOUND('',#11310,.T.);
#12289=FACE_BOUND('',#11311,.T.);
#12290=FACE_BOUND('',#11312,.T.);
#12291=FACE_BOUND('',#11313,.T.);
#12292=FACE_BOUND('',#11314,.T.);
#12293=FACE_BOUND('',#11315,.T.);
#12294=FACE_BOUND('',#11316,.T.);
#12295=FACE_BOUND('',#11317,.T.);
#12296=FACE_BOUND('',#11318,.T.);
#12297=FACE_BOUND('',#11319,.T.);
#12298=FACE_BOUND('',#11320,.T.);
#12299=FACE_BOUND('',#11321,.T.);
#12300=FACE_BOUND('',#11322,.T.);
#12301=FACE_BOUND('',#11323,.T.);
#12302=FACE_BOUND('',#11324,.T.);
#12303=FACE_BOUND('',#11325,.T.);
#12304=FACE_BOUND('',#11326,.T.);
#12305=FACE_BOUND('',#11327,.T.);
#12306=FACE_BOUND('',#11328,.T.);
#12307=FACE_BOUND('',#11329,.T.);
#12308=FACE_BOUND('',#11330,.T.);
#12309=FACE_BOUND('',#11331,.T.);
#12310=FACE_BOUND('',#11332,.T.);
#12311=FACE_BOUND('',#11333,.T.);
#12312=FACE_BOUND('',#11334,.T.);
#12313=FACE_BOUND('',#11335,.T.);
#12314=FACE_BOUND('',#11336,.T.);
#12315=FACE_BOUND('',#11337,.T.);
#12316=FACE_BOUND('',#11338,.T.);
#12317=FACE_BOUND('',#11339,.T.);
#12318=FACE_BOUND('',#11340,.T.);
#12319=FACE_BOUND('',#11341,.T.);
#12320=FACE_BOUND('',#11342,.T.);
#12321=FACE_BOUND('',#11343,.T.);
#12322=FACE_BOUND('',#11344,.T.);
#12323=FACE_BOUND('',#11345,.T.);
#12324=FACE_BOUND('',#11346,.T.);
#12325=FACE_BOUND('',#11347,.T.);
#12326=FACE_BOUND('',#11348,.T.);
#12327=FACE_BOUND('',#11349,.T.);
#12328=FACE_BOUND('',#11350,.T.);
#12329=FACE_BOUND('',#11351,.T.);
#12330=FACE_BOUND('',#11352,.T.);
#12331=FACE_BOUND('',#11353,.T.);
#12332=FACE_BOUND('',#11354,.T.);
#12333=FACE_BOUND('',#11355,.T.);
#12334=FACE_BOUND('',#11356,.T.);
#12335=FACE_BOUND('',#11357,.T.);
#12336=FACE_BOUND('',#11358,.T.);
#12337=FACE_BOUND('',#11359,.T.);
#12338=FACE_BOUND('',#11360,.T.);
#12339=FACE_BOUND('',#11361,.T.);
#12340=FACE_BOUND('',#11362,.T.);
#12341=FACE_BOUND('',#11363,.T.);
#12342=FACE_BOUND('',#11364,.T.);
#12343=FACE_BOUND('',#11365,.T.);
#12344=FACE_BOUND('',#11366,.T.);
#12345=FACE_BOUND('',#11367,.T.);
#12346=FACE_BOUND('',#11368,.T.);
#12347=FACE_BOUND('',#11369,.T.);
#12348=FACE_BOUND('',#11370,.T.);
#12349=FACE_BOUND('',#11371,.T.);
#12350=FACE_BOUND('',#11372,.T.);
#12351=FACE_BOUND('',#11373,.T.);
#12352=FACE_BOUND('',#11374,.T.);
#12353=FACE_BOUND('',#11375,.T.);
#12354=FACE_BOUND('',#11376,.T.);
#12355=PLANE('',#13331);
#12356=PLANE('',#13653);
#12357=PLANE('',#13976);
#12358=PLANE('',#13980);
#12359=PLANE('',#13981);
#12360=PLANE('',#13983);
#12361=PLANE('',#13984);
#12362=PLANE('',#13988);
#12363=PLANE('',#13989);
#12364=PLANE('',#13990);
#12365=PLANE('',#13991);
#12366=PLANE('',#13997);
#12367=PLANE('',#13998);
#12368=PLANE('',#13999);
#12369=PLANE('',#14004);
#12370=PLANE('',#14005);
#12371=PLANE('',#14012);
#12372=PLANE('',#14013);
#12373=PLANE('',#14014);
#12374=PLANE('',#14015);
#12375=PLANE('',#14016);
#12376=PLANE('',#14017);
#12377=PLANE('',#14018);
#12378=PLANE('',#14019);
#12379=PLANE('',#14020);
#12380=PLANE('',#14021);
#12381=PLANE('',#14022);
#12382=PLANE('',#14023);
#12383=PLANE('',#14024);
#12384=PLANE('',#14025);
#12385=PLANE('',#14026);
#12386=PLANE('',#14027);
#12387=PLANE('',#14028);
#12388=PLANE('',#14032);
#12389=PLANE('',#14033);
#12390=PLANE('',#14034);
#12391=PLANE('',#14035);
#12392=PLANE('',#14036);
#12393=PLANE('',#14037);
#12394=PLANE('',#14038);
#12395=PLANE('',#14039);
#12396=PLANE('',#14040);
#12397=PLANE('',#14041);
#12398=PLANE('',#14042);
#12399=PLANE('',#14043);
#12400=PLANE('',#14044);
#12401=PLANE('',#14045);
#12402=PLANE('',#14046);
#12403=PLANE('',#14047);
#12404=PLANE('',#14050);
#12405=PLANE('',#14051);
#12406=PLANE('',#14056);
#12407=PLANE('',#14057);
#12408=PLANE('',#14059);
#12409=PLANE('',#14064);
#12410=PLANE('',#14065);
#12411=PLANE('',#14066);
#12412=PLANE('',#14067);
#12413=PLANE('',#14074);
#12414=PLANE('',#14075);
#12415=PLANE('',#14078);
#12416=PLANE('',#14079);
#12417=PLANE('',#14081);
#12418=PLANE('',#14082);
#12419=PLANE('',#14083);
#12420=PLANE('',#14084);
#12421=PLANE('',#14086);
#12422=PLANE('',#14129);
#12423=PLANE('',#14131);
#12424=PLANE('',#14133);
#12425=PLANE('',#14135);
#12426=PLANE('',#14137);
#12427=PLANE('',#14139);
#12428=PLANE('',#14140);
#12429=PLANE('',#14142);
#12430=PLANE('',#14143);
#12431=PLANE('',#14145);
#12432=PLANE('',#14147);
#12433=PLANE('',#14149);
#12434=PLANE('',#14151);
#12435=PLANE('',#14154);
#12436=PLANE('',#14156);
#12437=PLANE('',#14158);
#12438=PLANE('',#14160);
#12439=PLANE('',#14162);
#12440=PLANE('',#14164);
#12441=PLANE('',#14167);
#12442=PLANE('',#14169);
#12443=PLANE('',#14171);
#12444=PLANE('',#14172);
#12445=PLANE('',#14174);
#12446=PLANE('',#14176);
#12447=PLANE('',#14178);
#12448=PLANE('',#14179);
#12449=PLANE('',#14181);
#12450=PLANE('',#14183);
#12451=PLANE('',#14185);
#12452=PLANE('',#14187);
#12453=PLANE('',#14190);
#12454=PLANE('',#14192);
#12455=PLANE('',#14194);
#12456=PLANE('',#14195);
#12457=PLANE('',#14196);
#12458=PLANE('',#14198);
#12459=PLANE('',#14199);
#12460=PLANE('',#14201);
#12461=PLANE('',#14203);
#12462=PLANE('',#14204);
#12463=PLANE('',#14206);
#12464=PLANE('',#14208);
#12465=PLANE('',#14209);
#12466=PLANE('',#14211);
#12467=PLANE('',#14212);
#12468=PLANE('',#14214);
#12469=PLANE('',#14215);
#12470=PLANE('',#14217);
#12471=PLANE('',#14218);
#12472=PLANE('',#14219);
#12473=PLANE('',#14221);
#12474=PLANE('',#14222);
#12475=PLANE('',#14224);
#12476=PLANE('',#14225);
#12477=PLANE('',#14227);
#12478=PLANE('',#14229);
#12479=PLANE('',#14231);
#12480=PLANE('',#14233);
#12481=PLANE('',#14236);
#12482=PLANE('',#14238);
#12483=PLANE('',#14240);
#12484=PLANE('',#14242);
#12485=PLANE('',#14244);
#12486=PLANE('',#14245);
#12487=PLANE('',#14247);
#12488=PLANE('',#14248);
#12489=PLANE('',#14250);
#12490=PLANE('',#14251);
#12491=PLANE('',#14253);
#12492=PLANE('',#14255);
#12493=PLANE('',#14258);
#12494=PLANE('',#14260);
#12495=PLANE('',#14262);
#12496=PLANE('',#14264);
#12497=PLANE('',#14266);
#12498=PLANE('',#14267);
#12499=PLANE('',#14269);
#12500=PLANE('',#14271);
#12501=PLANE('',#14273);
#12502=PLANE('',#14274);
#12503=PLANE('',#14276);
#12504=PLANE('',#14277);
#12505=PLANE('',#14279);
#12506=PLANE('',#14280);
#12507=PLANE('',#14282);
#12508=PLANE('',#14283);
#12509=PLANE('',#14285);
#12510=PLANE('',#14287);
#12511=PLANE('',#14290);
#12512=PLANE('',#14293);
#12513=PLANE('',#14295);
#12514=PLANE('',#14297);
#12515=PLANE('',#14300);
#12516=PLANE('',#14302);
#12517=PLANE('',#14304);
#12518=PLANE('',#14307);
#12519=PLANE('',#14310);
#12520=PLANE('',#14313);
#12521=PLANE('',#14316);
#12522=PLANE('',#14319);
#12523=PLANE('',#14321);
#12524=PLANE('',#14323);
#12525=PLANE('',#14324);
#12526=PLANE('',#14326);
#12527=PLANE('',#14328);
#12528=PLANE('',#14329);
#12529=PLANE('',#14332);
#12530=PLANE('',#14335);
#12531=PLANE('',#14338);
#12532=PLANE('',#14341);
#12533=PLANE('',#14344);
#12534=PLANE('',#14347);
#12535=PLANE('',#14348);
#12536=PLANE('',#14350);
#12537=PLANE('',#14351);
#12538=PLANE('',#14352);
#12539=PLANE('',#14354);
#12540=PLANE('',#14355);
#12541=PLANE('',#14356);
#12542=PLANE('',#14358);
#12543=PLANE('',#14360);
#12544=PLANE('',#14362);
#12545=PLANE('',#14363);
#12546=PLANE('',#14365);
#12547=PLANE('',#14367);
#12548=PLANE('',#14369);
#12549=PLANE('',#14371);
#12550=PLANE('',#14374);
#12551=PLANE('',#14377);
#12552=PLANE('',#14380);
#12553=PLANE('',#14383);
#12554=PLANE('',#14385);
#12555=PLANE('',#14387);
#12556=PLANE('',#14390);
#12557=PLANE('',#14392);
#12558=PLANE('',#14394);
#12559=PLANE('',#14397);
#12560=PLANE('',#14400);
#12561=PLANE('',#14403);
#12562=PLANE('',#14406);
#12563=PLANE('',#14409);
#12564=PLANE('',#14412);
#12565=PLANE('',#14415);
#12566=PLANE('',#14418);
#12567=PLANE('',#14421);
#12568=PLANE('',#14424);
#12569=PLANE('',#14426);
#12570=PLANE('',#14428);
#12571=PLANE('',#14430);
#12572=PLANE('',#14432);
#12573=PLANE('',#14433);
#12574=PLANE('',#14435);
#12575=PLANE('',#14437);
#12576=PLANE('',#14439);
#12577=PLANE('',#14441);
#12578=PLANE('',#14444);
#12579=PLANE('',#14446);
#12580=PLANE('',#14448);
#12581=PLANE('',#14449);
#12582=PLANE('',#14451);
#12583=PLANE('',#14452);
#12584=PLANE('',#14454);
#12585=PLANE('',#14455);
#12586=PLANE('',#14457);
#12587=PLANE('',#14458);
#12588=PLANE('',#14460);
#12589=PLANE('',#14461);
#12590=PLANE('',#14463);
#12591=PLANE('',#14465);
#12592=PLANE('',#14466);
#12593=PLANE('',#14468);
#12594=PLANE('',#14469);
#12595=PLANE('',#14471);
#12596=PLANE('',#14472);
#12597=PLANE('',#14474);
#12598=PLANE('',#14475);
#12599=PLANE('',#14477);
#12600=PLANE('',#14478);
#12601=PLANE('',#14480);
#12602=PLANE('',#14481);
#12603=PLANE('',#14483);
#12604=PLANE('',#14484);
#12605=PLANE('',#14486);
#12606=PLANE('',#14487);
#12607=PLANE('',#14489);
#12608=PLANE('',#14491);
#12609=PLANE('',#14493);
#12610=PLANE('',#14495);
#12611=PLANE('',#14498);
#12612=PLANE('',#14500);
#12613=PLANE('',#14502);
#12614=PLANE('',#14505);
#12615=PLANE('',#14508);
#12616=PLANE('',#14510);
#12617=PLANE('',#14512);
#12618=PLANE('',#14513);
#12619=PLANE('',#14515);
#12620=PLANE('',#14516);
#12621=PLANE('',#14518);
#12622=PLANE('',#14519);
#12623=PLANE('',#14521);
#12624=PLANE('',#14522);
#12625=PLANE('',#14524);
#12626=PLANE('',#14526);
#12627=PLANE('',#14528);
#12628=PLANE('',#14529);
#12629=PLANE('',#14531);
#12630=PLANE('',#14533);
#12631=PLANE('',#14535);
#12632=PLANE('',#14537);
#12633=PLANE('',#14540);
#12634=PLANE('',#14542);
#12635=PLANE('',#14544);
#12636=PLANE('',#14545);
#12637=PLANE('',#14547);
#12638=PLANE('',#14549);
#12639=PLANE('',#14551);
#12640=PLANE('',#14553);
#12641=PLANE('',#14556);
#12642=PLANE('',#14558);
#12643=PLANE('',#14560);
#12644=PLANE('',#14562);
#12645=PLANE('',#14564);
#12646=PLANE('',#14565);
#12647=PLANE('',#14567);
#12648=PLANE('',#14568);
#12649=PLANE('',#14570);
#12650=PLANE('',#14572);
#12651=PLANE('',#14573);
#12652=PLANE('',#14576);
#12653=PLANE('',#14579);
#12654=PLANE('',#14581);
#12655=PLANE('',#14583);
#12656=PLANE('',#14585);
#12657=PLANE('',#14587);
#12658=PLANE('',#14589);
#12659=PLANE('',#14590);
#12660=PLANE('',#14592);
#12661=PLANE('',#14593);
#12662=PLANE('',#14594);
#12663=PLANE('',#14596);
#12664=PLANE('',#14597);
#12665=PLANE('',#14598);
#12666=PLANE('',#14600);
#12667=PLANE('',#14601);
#12668=PLANE('',#14602);
#12669=PLANE('',#14604);
#12670=PLANE('',#14606);
#12671=PLANE('',#14608);
#12672=PLANE('',#14609);
#12673=PLANE('',#14611);
#12674=PLANE('',#14612);
#12675=PLANE('',#14614);
#12676=ADVANCED_FACE('',(#11377,#11378,#11379,#11380,#11381,#11382,#11383,
#11384,#11385,#11386,#11387,#11388,#11389,#11390,#11391,#11392,#11393,#11394,
#11395,#11396,#11397,#11398,#11399,#11400,#11401,#11402,#11403,#11404,#11405,
#11406,#11407,#11408,#11409,#11410,#11411,#11412,#11413,#11414,#11415,#11416,
#11417,#11418,#11419,#11420,#11421,#11422,#11423,#11424,#11425,#11426,#11427,
#11428,#11429,#11430,#11431,#11432,#11433,#11434,#11435,#11436,#11437,#11438,
#11439,#11440,#11441,#11442,#11443,#11444,#11445,#11446,#11447,#11448,#11449,
#11450,#11451,#11452,#11453,#11454,#11455,#11456,#11457,#11458,#11459,#11460,
#11461,#11462,#11463,#11464,#11465,#11466,#11467,#11468,#11469,#11470,#11471,
#11472,#11473,#11474,#11475,#11476,#11477,#11478,#11479,#11480,#11481,#11482,
#11483,#11484,#11485,#11486,#11487,#11488,#11489,#11490,#11491,#11492,#11493,
#11494,#11495,#11496,#11497,#11498,#11499,#11500,#11501,#11502,#11503,#11504,
#11505,#11506,#11507,#11508,#11509,#11510,#11511,#11512,#11513,#11514,#11515,
#11516,#11517,#11518,#11519,#11520,#11521,#11522,#11523,#11524,#11525,#11526,
#11527),#12355,.F.);
#12677=ADVANCED_FACE('',(#11528,#11529,#11530,#11531,#11532,#11533,#11534,
#11535,#11536,#11537,#11538,#11539,#11540,#11541,#11542,#11543,#11544,#11545,
#11546,#11547,#11548,#11549,#11550,#11551,#11552,#11553,#11554,#11555,#11556,
#11557,#11558,#11559,#11560,#11561,#11562,#11563,#11564,#11565,#11566,#11567,
#11568,#11569,#11570,#11571,#11572,#11573,#11574,#11575,#11576,#11577,#11578,
#11579,#11580,#11581,#11582,#11583,#11584,#11585,#11586,#11587,#11588,#11589,
#11590,#11591,#11592,#11593,#11594,#11595,#11596,#11597,#11598,#11599,#11600,
#11601,#11602,#11603,#11604,#11605,#11606,#11607,#11608,#11609,#11610,#11611,
#11612,#11613,#11614,#11615,#11616,#11617,#11618,#11619,#11620,#11621,#11622,
#11623,#11624,#11625,#11626,#11627,#11628,#11629,#11630,#11631,#11632,#11633,
#11634,#11635,#11636,#11637,#11638,#11639,#11640,#11641,#11642,#11643,#11644,
#11645,#11646,#11647,#11648,#11649,#11650,#11651,#11652,#11653,#11654,#11655,
#11656,#11657,#11658,#11659,#11660,#11661,#11662,#11663,#11664,#11665,#11666,
#11667,#11668,#11669,#11670,#11671,#11672,#11673,#11674,#11675,#11676,#11677,
#11678),#12356,.T.);
#12678=ADVANCED_FACE('',(#11679,#11680),#20,.F.);
#12679=ADVANCED_FACE('',(#11681),#12357,.F.);
#12680=ADVANCED_FACE('',(#11682),#21,.F.);
#12681=ADVANCED_FACE('',(#11683),#22,.F.);
#12682=ADVANCED_FACE('',(#11684),#23,.F.);
#12683=ADVANCED_FACE('',(#11685),#12358,.T.);
#12684=ADVANCED_FACE('',(#11686),#12359,.T.);
#12685=ADVANCED_FACE('',(#11687),#24,.F.);
#12686=ADVANCED_FACE('',(#11688),#12360,.T.);
#12687=ADVANCED_FACE('',(#11689),#12361,.T.);
#12688=ADVANCED_FACE('',(#11690),#25,.F.);
#12689=ADVANCED_FACE('',(#11691),#26,.F.);
#12690=ADVANCED_FACE('',(#11692),#27,.F.);
#12691=ADVANCED_FACE('',(#11693),#12362,.T.);
#12692=ADVANCED_FACE('',(#11694),#12363,.T.);
#12693=ADVANCED_FACE('',(#11695),#12364,.T.);
#12694=ADVANCED_FACE('',(#11696),#12365,.T.);
#12695=ADVANCED_FACE('',(#11697),#28,.F.);
#12696=ADVANCED_FACE('',(#11698),#29,.F.);
#12697=ADVANCED_FACE('',(#11699),#30,.F.);
#12698=ADVANCED_FACE('',(#11700),#31,.F.);
#12699=ADVANCED_FACE('',(#11701),#32,.F.);
#12700=ADVANCED_FACE('',(#11702),#12366,.T.);
#12701=ADVANCED_FACE('',(#11703),#12367,.T.);
#12702=ADVANCED_FACE('',(#11704),#12368,.T.);
#12703=ADVANCED_FACE('',(#11705),#33,.F.);
#12704=ADVANCED_FACE('',(#11706),#34,.F.);
#12705=ADVANCED_FACE('',(#11707),#35,.F.);
#12706=ADVANCED_FACE('',(#11708),#36,.F.);
#12707=ADVANCED_FACE('',(#11709),#12369,.T.);
#12708=ADVANCED_FACE('',(#11710),#12370,.T.);
#12709=ADVANCED_FACE('',(#11711),#37,.F.);
#12710=ADVANCED_FACE('',(#11712),#38,.F.);
#12711=ADVANCED_FACE('',(#11713),#39,.F.);
#12712=ADVANCED_FACE('',(#11714),#40,.F.);
#12713=ADVANCED_FACE('',(#11715),#41,.F.);
#12714=ADVANCED_FACE('',(#11716),#42,.F.);
#12715=ADVANCED_FACE('',(#11717),#12371,.T.);
#12716=ADVANCED_FACE('',(#11718),#12372,.T.);
#12717=ADVANCED_FACE('',(#11719),#12373,.T.);
#12718=ADVANCED_FACE('',(#11720),#12374,.T.);
#12719=ADVANCED_FACE('',(#11721),#12375,.T.);
#12720=ADVANCED_FACE('',(#11722),#12376,.T.);
#12721=ADVANCED_FACE('',(#11723),#12377,.T.);
#12722=ADVANCED_FACE('',(#11724),#12378,.T.);
#12723=ADVANCED_FACE('',(#11725),#12379,.T.);
#12724=ADVANCED_FACE('',(#11726),#12380,.T.);
#12725=ADVANCED_FACE('',(#11727),#12381,.T.);
#12726=ADVANCED_FACE('',(#11728),#12382,.T.);
#12727=ADVANCED_FACE('',(#11729),#12383,.T.);
#12728=ADVANCED_FACE('',(#11730),#12384,.T.);
#12729=ADVANCED_FACE('',(#11731),#12385,.T.);
#12730=ADVANCED_FACE('',(#11732),#12386,.T.);
#12731=ADVANCED_FACE('',(#11733),#12387,.T.);
#12732=ADVANCED_FACE('',(#11734),#43,.F.);
#12733=ADVANCED_FACE('',(#11735),#44,.F.);
#12734=ADVANCED_FACE('',(#11736),#45,.F.);
#12735=ADVANCED_FACE('',(#11737),#12388,.T.);
#12736=ADVANCED_FACE('',(#11738),#12389,.T.);
#12737=ADVANCED_FACE('',(#11739),#12390,.T.);
#12738=ADVANCED_FACE('',(#11740),#12391,.T.);
#12739=ADVANCED_FACE('',(#11741),#12392,.T.);
#12740=ADVANCED_FACE('',(#11742),#12393,.T.);
#12741=ADVANCED_FACE('',(#11743),#12394,.T.);
#12742=ADVANCED_FACE('',(#11744),#12395,.T.);
#12743=ADVANCED_FACE('',(#11745),#12396,.T.);
#12744=ADVANCED_FACE('',(#11746),#12397,.T.);
#12745=ADVANCED_FACE('',(#11747),#12398,.T.);
#12746=ADVANCED_FACE('',(#11748),#12399,.T.);
#12747=ADVANCED_FACE('',(#11749),#12400,.T.);
#12748=ADVANCED_FACE('',(#11750),#12401,.T.);
#12749=ADVANCED_FACE('',(#11751),#12402,.T.);
#12750=ADVANCED_FACE('',(#11752),#12403,.T.);
#12751=ADVANCED_FACE('',(#11753),#46,.F.);
#12752=ADVANCED_FACE('',(#11754),#47,.F.);
#12753=ADVANCED_FACE('',(#11755),#12404,.T.);
#12754=ADVANCED_FACE('',(#11756),#12405,.T.);
#12755=ADVANCED_FACE('',(#11757),#48,.F.);
#12756=ADVANCED_FACE('',(#11758),#49,.F.);
#12757=ADVANCED_FACE('',(#11759),#50,.F.);
#12758=ADVANCED_FACE('',(#11760),#51,.F.);
#12759=ADVANCED_FACE('',(#11761),#12406,.T.);
#12760=ADVANCED_FACE('',(#11762),#12407,.T.);
#12761=ADVANCED_FACE('',(#11763),#52,.F.);
#12762=ADVANCED_FACE('',(#11764),#12408,.T.);
#12763=ADVANCED_FACE('',(#11765),#53,.F.);
#12764=ADVANCED_FACE('',(#11766),#54,.F.);
#12765=ADVANCED_FACE('',(#11767),#55,.F.);
#12766=ADVANCED_FACE('',(#11768),#56,.F.);
#12767=ADVANCED_FACE('',(#11769),#12409,.T.);
#12768=ADVANCED_FACE('',(#11770),#12410,.T.);
#12769=ADVANCED_FACE('',(#11771),#12411,.T.);
#12770=ADVANCED_FACE('',(#11772),#12412,.T.);
#12771=ADVANCED_FACE('',(#11773),#57,.F.);
#12772=ADVANCED_FACE('',(#11774),#58,.F.);
#12773=ADVANCED_FACE('',(#11775),#59,.F.);
#12774=ADVANCED_FACE('',(#11776),#60,.F.);
#12775=ADVANCED_FACE('',(#11777),#61,.F.);
#12776=ADVANCED_FACE('',(#11778),#62,.F.);
#12777=ADVANCED_FACE('',(#11779),#12413,.T.);
#12778=ADVANCED_FACE('',(#11780),#12414,.T.);
#12779=ADVANCED_FACE('',(#11781),#63,.F.);
#12780=ADVANCED_FACE('',(#11782),#64,.F.);
#12781=ADVANCED_FACE('',(#11783),#12415,.T.);
#12782=ADVANCED_FACE('',(#11784),#12416,.T.);
#12783=ADVANCED_FACE('',(#11785),#65,.F.);
#12784=ADVANCED_FACE('',(#11786),#12417,.T.);
#12785=ADVANCED_FACE('',(#11787),#12418,.T.);
#12786=ADVANCED_FACE('',(#11788),#12419,.T.);
#12787=ADVANCED_FACE('',(#11789),#12420,.T.);
#12788=ADVANCED_FACE('',(#11790),#66,.F.);
#12789=ADVANCED_FACE('',(#11791),#12421,.T.);
#12790=ADVANCED_FACE('',(#11792),#67,.F.);
#12791=ADVANCED_FACE('',(#11793),#68,.F.);
#12792=ADVANCED_FACE('',(#11794),#69,.F.);
#12793=ADVANCED_FACE('',(#11795),#70,.F.);
#12794=ADVANCED_FACE('',(#11796,#11797),#71,.F.);
#12795=ADVANCED_FACE('',(#11798,#11799),#72,.F.);
#12796=ADVANCED_FACE('',(#11800,#11801),#73,.F.);
#12797=ADVANCED_FACE('',(#11802,#11803),#74,.F.);
#12798=ADVANCED_FACE('',(#11804,#11805),#75,.F.);
#12799=ADVANCED_FACE('',(#11806,#11807),#76,.F.);
#12800=ADVANCED_FACE('',(#11808,#11809),#77,.F.);
#12801=ADVANCED_FACE('',(#11810,#11811),#78,.F.);
#12802=ADVANCED_FACE('',(#11812,#11813),#79,.F.);
#12803=ADVANCED_FACE('',(#11814,#11815),#80,.F.);
#12804=ADVANCED_FACE('',(#11816,#11817),#81,.F.);
#12805=ADVANCED_FACE('',(#11818,#11819),#82,.F.);
#12806=ADVANCED_FACE('',(#11820,#11821),#83,.F.);
#12807=ADVANCED_FACE('',(#11822,#11823),#84,.F.);
#12808=ADVANCED_FACE('',(#11824,#11825),#85,.F.);
#12809=ADVANCED_FACE('',(#11826,#11827),#86,.F.);
#12810=ADVANCED_FACE('',(#11828,#11829),#87,.F.);
#12811=ADVANCED_FACE('',(#11830,#11831),#88,.F.);
#12812=ADVANCED_FACE('',(#11832,#11833),#89,.F.);
#12813=ADVANCED_FACE('',(#11834,#11835),#90,.F.);
#12814=ADVANCED_FACE('',(#11836,#11837),#91,.F.);
#12815=ADVANCED_FACE('',(#11838,#11839),#92,.F.);
#12816=ADVANCED_FACE('',(#11840,#11841),#93,.F.);
#12817=ADVANCED_FACE('',(#11842,#11843),#94,.F.);
#12818=ADVANCED_FACE('',(#11844,#11845),#95,.F.);
#12819=ADVANCED_FACE('',(#11846,#11847),#96,.F.);
#12820=ADVANCED_FACE('',(#11848,#11849),#97,.F.);
#12821=ADVANCED_FACE('',(#11850,#11851),#98,.F.);
#12822=ADVANCED_FACE('',(#11852,#11853),#99,.F.);
#12823=ADVANCED_FACE('',(#11854,#11855),#100,.F.);
#12824=ADVANCED_FACE('',(#11856,#11857),#101,.F.);
#12825=ADVANCED_FACE('',(#11858,#11859),#102,.F.);
#12826=ADVANCED_FACE('',(#11860,#11861),#103,.F.);
#12827=ADVANCED_FACE('',(#11862,#11863),#104,.F.);
#12828=ADVANCED_FACE('',(#11864,#11865),#105,.F.);
#12829=ADVANCED_FACE('',(#11866),#106,.T.);
#12830=ADVANCED_FACE('',(#11867),#107,.T.);
#12831=ADVANCED_FACE('',(#11868),#108,.T.);
#12832=ADVANCED_FACE('',(#11869),#12422,.F.);
#12833=ADVANCED_FACE('',(#11870),#109,.T.);
#12834=ADVANCED_FACE('',(#11871),#12423,.F.);
#12835=ADVANCED_FACE('',(#11872),#110,.T.);
#12836=ADVANCED_FACE('',(#11873),#12424,.F.);
#12837=ADVANCED_FACE('',(#11874),#111,.T.);
#12838=ADVANCED_FACE('',(#11875),#12425,.F.);
#12839=ADVANCED_FACE('',(#11876),#112,.T.);
#12840=ADVANCED_FACE('',(#11877),#12426,.T.);
#12841=ADVANCED_FACE('',(#11878),#113,.F.);
#12842=ADVANCED_FACE('',(#11879),#12427,.T.);
#12843=ADVANCED_FACE('',(#11880),#12428,.T.);
#12844=ADVANCED_FACE('',(#11881),#114,.F.);
#12845=ADVANCED_FACE('',(#11882),#12429,.T.);
#12846=ADVANCED_FACE('',(#11883),#12430,.T.);
#12847=ADVANCED_FACE('',(#11884),#115,.F.);
#12848=ADVANCED_FACE('',(#11885),#12431,.T.);
#12849=ADVANCED_FACE('',(#11886),#116,.F.);
#12850=ADVANCED_FACE('',(#11887),#12432,.T.);
#12851=ADVANCED_FACE('',(#11888),#117,.F.);
#12852=ADVANCED_FACE('',(#11889),#12433,.T.);
#12853=ADVANCED_FACE('',(#11890),#118,.T.);
#12854=ADVANCED_FACE('',(#11891),#12434,.T.);
#12855=ADVANCED_FACE('',(#11892),#119,.F.);
#12856=ADVANCED_FACE('',(#11893),#120,.T.);
#12857=ADVANCED_FACE('',(#11894),#12435,.T.);
#12858=ADVANCED_FACE('',(#11895),#121,.F.);
#12859=ADVANCED_FACE('',(#11896),#12436,.T.);
#12860=ADVANCED_FACE('',(#11897),#122,.F.);
#12861=ADVANCED_FACE('',(#11898),#12437,.T.);
#12862=ADVANCED_FACE('',(#11899),#123,.F.);
#12863=ADVANCED_FACE('',(#11900),#12438,.T.);
#12864=ADVANCED_FACE('',(#11901),#124,.F.);
#12865=ADVANCED_FACE('',(#11902),#12439,.T.);
#12866=ADVANCED_FACE('',(#11903),#125,.F.);
#12867=ADVANCED_FACE('',(#11904),#12440,.T.);
#12868=ADVANCED_FACE('',(#11905),#126,.F.);
#12869=ADVANCED_FACE('',(#11906),#127,.F.);
#12870=ADVANCED_FACE('',(#11907),#12441,.T.);
#12871=ADVANCED_FACE('',(#11908),#128,.F.);
#12872=ADVANCED_FACE('',(#11909),#12442,.T.);
#12873=ADVANCED_FACE('',(#11910),#129,.F.);
#12874=ADVANCED_FACE('',(#11911),#12443,.T.);
#12875=ADVANCED_FACE('',(#11912),#12444,.T.);
#12876=ADVANCED_FACE('',(#11913),#130,.T.);
#12877=ADVANCED_FACE('',(#11914),#12445,.T.);
#12878=ADVANCED_FACE('',(#11915),#131,.F.);
#12879=ADVANCED_FACE('',(#11916),#12446,.T.);
#12880=ADVANCED_FACE('',(#11917),#132,.F.);
#12881=ADVANCED_FACE('',(#11918),#12447,.T.);
#12882=ADVANCED_FACE('',(#11919),#12448,.T.);
#12883=ADVANCED_FACE('',(#11920),#133,.F.);
#12884=ADVANCED_FACE('',(#11921),#12449,.T.);
#12885=ADVANCED_FACE('',(#11922),#134,.T.);
#12886=ADVANCED_FACE('',(#11923),#12450,.T.);
#12887=ADVANCED_FACE('',(#11924),#135,.F.);
#12888=ADVANCED_FACE('',(#11925),#12451,.T.);
#12889=ADVANCED_FACE('',(#11926),#136,.F.);
#12890=ADVANCED_FACE('',(#11927),#12452,.T.);
#12891=ADVANCED_FACE('',(#11928),#137,.F.);
#12892=ADVANCED_FACE('',(#11929),#138,.F.);
#12893=ADVANCED_FACE('',(#11930),#12453,.T.);
#12894=ADVANCED_FACE('',(#11931),#139,.F.);
#12895=ADVANCED_FACE('',(#11932),#12454,.T.);
#12896=ADVANCED_FACE('',(#11933),#140,.F.);
#12897=ADVANCED_FACE('',(#11934),#12455,.T.);
#12898=ADVANCED_FACE('',(#11935),#12456,.T.);
#12899=ADVANCED_FACE('',(#11936),#12457,.T.);
#12900=ADVANCED_FACE('',(#11937),#141,.F.);
#12901=ADVANCED_FACE('',(#11938),#12458,.T.);
#12902=ADVANCED_FACE('',(#11939),#12459,.T.);
#12903=ADVANCED_FACE('',(#11940),#142,.F.);
#12904=ADVANCED_FACE('',(#11941),#12460,.T.);
#12905=ADVANCED_FACE('',(#11942),#143,.F.);
#12906=ADVANCED_FACE('',(#11943),#12461,.T.);
#12907=ADVANCED_FACE('',(#11944),#12462,.T.);
#12908=ADVANCED_FACE('',(#11945),#144,.F.);
#12909=ADVANCED_FACE('',(#11946),#12463,.T.);
#12910=ADVANCED_FACE('',(#11947),#145,.F.);
#12911=ADVANCED_FACE('',(#11948),#12464,.T.);
#12912=ADVANCED_FACE('',(#11949),#12465,.T.);
#12913=ADVANCED_FACE('',(#11950),#146,.F.);
#12914=ADVANCED_FACE('',(#11951),#12466,.T.);
#12915=ADVANCED_FACE('',(#11952),#12467,.T.);
#12916=ADVANCED_FACE('',(#11953),#147,.F.);
#12917=ADVANCED_FACE('',(#11954),#12468,.T.);
#12918=ADVANCED_FACE('',(#11955),#12469,.T.);
#12919=ADVANCED_FACE('',(#11956),#148,.F.);
#12920=ADVANCED_FACE('',(#11957),#12470,.T.);
#12921=ADVANCED_FACE('',(#11958),#12471,.T.);
#12922=ADVANCED_FACE('',(#11959),#12472,.T.);
#12923=ADVANCED_FACE('',(#11960),#149,.F.);
#12924=ADVANCED_FACE('',(#11961),#12473,.T.);
#12925=ADVANCED_FACE('',(#11962),#12474,.T.);
#12926=ADVANCED_FACE('',(#11963),#150,.F.);
#12927=ADVANCED_FACE('',(#11964),#12475,.T.);
#12928=ADVANCED_FACE('',(#11965),#12476,.T.);
#12929=ADVANCED_FACE('',(#11966),#151,.F.);
#12930=ADVANCED_FACE('',(#11967),#12477,.T.);
#12931=ADVANCED_FACE('',(#11968),#152,.F.);
#12932=ADVANCED_FACE('',(#11969),#12478,.T.);
#12933=ADVANCED_FACE('',(#11970),#153,.F.);
#12934=ADVANCED_FACE('',(#11971),#12479,.T.);
#12935=ADVANCED_FACE('',(#11972),#154,.T.);
#12936=ADVANCED_FACE('',(#11973),#12480,.T.);
#12937=ADVANCED_FACE('',(#11974),#155,.F.);
#12938=ADVANCED_FACE('',(#11975),#156,.T.);
#12939=ADVANCED_FACE('',(#11976),#12481,.T.);
#12940=ADVANCED_FACE('',(#11977),#157,.F.);
#12941=ADVANCED_FACE('',(#11978),#12482,.T.);
#12942=ADVANCED_FACE('',(#11979),#158,.F.);
#12943=ADVANCED_FACE('',(#11980),#12483,.T.);
#12944=ADVANCED_FACE('',(#11981),#159,.F.);
#12945=ADVANCED_FACE('',(#11982),#12484,.T.);
#12946=ADVANCED_FACE('',(#11983),#160,.F.);
#12947=ADVANCED_FACE('',(#11984),#12485,.T.);
#12948=ADVANCED_FACE('',(#11985),#12486,.T.);
#12949=ADVANCED_FACE('',(#11986),#161,.F.);
#12950=ADVANCED_FACE('',(#11987),#12487,.T.);
#12951=ADVANCED_FACE('',(#11988),#12488,.T.);
#12952=ADVANCED_FACE('',(#11989),#162,.F.);
#12953=ADVANCED_FACE('',(#11990),#12489,.T.);
#12954=ADVANCED_FACE('',(#11991),#12490,.T.);
#12955=ADVANCED_FACE('',(#11992),#163,.F.);
#12956=ADVANCED_FACE('',(#11993),#12491,.T.);
#12957=ADVANCED_FACE('',(#11994),#164,.F.);
#12958=ADVANCED_FACE('',(#11995),#12492,.T.);
#12959=ADVANCED_FACE('',(#11996),#165,.F.);
#12960=ADVANCED_FACE('',(#11997),#166,.F.);
#12961=ADVANCED_FACE('',(#11998),#12493,.T.);
#12962=ADVANCED_FACE('',(#11999),#167,.F.);
#12963=ADVANCED_FACE('',(#12000),#12494,.T.);
#12964=ADVANCED_FACE('',(#12001),#168,.T.);
#12965=ADVANCED_FACE('',(#12002),#12495,.T.);
#12966=ADVANCED_FACE('',(#12003),#169,.F.);
#12967=ADVANCED_FACE('',(#12004),#12496,.T.);
#12968=ADVANCED_FACE('',(#12005),#170,.F.);
#12969=ADVANCED_FACE('',(#12006),#12497,.T.);
#12970=ADVANCED_FACE('',(#12007),#12498,.T.);
#12971=ADVANCED_FACE('',(#12008),#171,.F.);
#12972=ADVANCED_FACE('',(#12009),#12499,.T.);
#12973=ADVANCED_FACE('',(#12010),#172,.T.);
#12974=ADVANCED_FACE('',(#12011),#12500,.T.);
#12975=ADVANCED_FACE('',(#12012),#173,.F.);
#12976=ADVANCED_FACE('',(#12013),#12501,.T.);
#12977=ADVANCED_FACE('',(#12014),#12502,.T.);
#12978=ADVANCED_FACE('',(#12015),#174,.F.);
#12979=ADVANCED_FACE('',(#12016),#12503,.T.);
#12980=ADVANCED_FACE('',(#12017),#12504,.T.);
#12981=ADVANCED_FACE('',(#12018),#175,.F.);
#12982=ADVANCED_FACE('',(#12019),#12505,.T.);
#12983=ADVANCED_FACE('',(#12020),#12506,.T.);
#12984=ADVANCED_FACE('',(#12021),#176,.F.);
#12985=ADVANCED_FACE('',(#12022),#12507,.T.);
#12986=ADVANCED_FACE('',(#12023),#12508,.T.);
#12987=ADVANCED_FACE('',(#12024),#177,.F.);
#12988=ADVANCED_FACE('',(#12025),#12509,.T.);
#12989=ADVANCED_FACE('',(#12026),#178,.F.);
#12990=ADVANCED_FACE('',(#12027),#12510,.T.);
#12991=ADVANCED_FACE('',(#12028),#179,.F.);
#12992=ADVANCED_FACE('',(#12029),#180,.F.);
#12993=ADVANCED_FACE('',(#12030),#12511,.T.);
#12994=ADVANCED_FACE('',(#12031),#181,.F.);
#12995=ADVANCED_FACE('',(#12032),#182,.F.);
#12996=ADVANCED_FACE('',(#12033),#12512,.T.);
#12997=ADVANCED_FACE('',(#12034),#183,.F.);
#12998=ADVANCED_FACE('',(#12035),#12513,.T.);
#12999=ADVANCED_FACE('',(#12036),#184,.T.);
#13000=ADVANCED_FACE('',(#12037),#12514,.T.);
#13001=ADVANCED_FACE('',(#12038),#185,.F.);
#13002=ADVANCED_FACE('',(#12039),#186,.T.);
#13003=ADVANCED_FACE('',(#12040),#12515,.T.);
#13004=ADVANCED_FACE('',(#12041),#187,.F.);
#13005=ADVANCED_FACE('',(#12042),#12516,.T.);
#13006=ADVANCED_FACE('',(#12043),#188,.F.);
#13007=ADVANCED_FACE('',(#12044),#12517,.T.);
#13008=ADVANCED_FACE('',(#12045),#189,.F.);
#13009=ADVANCED_FACE('',(#12046),#190,.F.);
#13010=ADVANCED_FACE('',(#12047),#12518,.T.);
#13011=ADVANCED_FACE('',(#12048),#191,.F.);
#13012=ADVANCED_FACE('',(#12049),#192,.F.);
#13013=ADVANCED_FACE('',(#12050),#12519,.T.);
#13014=ADVANCED_FACE('',(#12051),#193,.F.);
#13015=ADVANCED_FACE('',(#12052),#194,.F.);
#13016=ADVANCED_FACE('',(#12053),#12520,.T.);
#13017=ADVANCED_FACE('',(#12054),#195,.F.);
#13018=ADVANCED_FACE('',(#12055),#196,.F.);
#13019=ADVANCED_FACE('',(#12056),#12521,.T.);
#13020=ADVANCED_FACE('',(#12057),#197,.F.);
#13021=ADVANCED_FACE('',(#12058),#198,.F.);
#13022=ADVANCED_FACE('',(#12059),#12522,.T.);
#13023=ADVANCED_FACE('',(#12060),#199,.F.);
#13024=ADVANCED_FACE('',(#12061),#12523,.T.);
#13025=ADVANCED_FACE('',(#12062),#200,.F.);
#13026=ADVANCED_FACE('',(#12063),#12524,.T.);
#13027=ADVANCED_FACE('',(#12064),#12525,.T.);
#13028=ADVANCED_FACE('',(#12065),#201,.F.);
#13029=ADVANCED_FACE('',(#12066),#12526,.T.);
#13030=ADVANCED_FACE('',(#12067),#202,.F.);
#13031=ADVANCED_FACE('',(#12068),#12527,.T.);
#13032=ADVANCED_FACE('',(#12069),#12528,.T.);
#13033=ADVANCED_FACE('',(#12070),#203,.F.);
#13034=ADVANCED_FACE('',(#12071),#204,.F.);
#13035=ADVANCED_FACE('',(#12072),#12529,.T.);
#13036=ADVANCED_FACE('',(#12073),#205,.F.);
#13037=ADVANCED_FACE('',(#12074),#206,.F.);
#13038=ADVANCED_FACE('',(#12075),#12530,.T.);
#13039=ADVANCED_FACE('',(#12076),#207,.F.);
#13040=ADVANCED_FACE('',(#12077),#208,.F.);
#13041=ADVANCED_FACE('',(#12078),#12531,.T.);
#13042=ADVANCED_FACE('',(#12079),#209,.F.);
#13043=ADVANCED_FACE('',(#12080),#210,.F.);
#13044=ADVANCED_FACE('',(#12081),#12532,.T.);
#13045=ADVANCED_FACE('',(#12082),#211,.F.);
#13046=ADVANCED_FACE('',(#12083),#212,.F.);
#13047=ADVANCED_FACE('',(#12084),#12533,.T.);
#13048=ADVANCED_FACE('',(#12085),#213,.F.);
#13049=ADVANCED_FACE('',(#12086),#214,.F.);
#13050=ADVANCED_FACE('',(#12087),#12534,.T.);
#13051=ADVANCED_FACE('',(#12088),#12535,.T.);
#13052=ADVANCED_FACE('',(#12089),#215,.F.);
#13053=ADVANCED_FACE('',(#12090),#12536,.T.);
#13054=ADVANCED_FACE('',(#12091),#12537,.T.);
#13055=ADVANCED_FACE('',(#12092),#12538,.T.);
#13056=ADVANCED_FACE('',(#12093),#216,.F.);
#13057=ADVANCED_FACE('',(#12094),#12539,.T.);
#13058=ADVANCED_FACE('',(#12095),#12540,.T.);
#13059=ADVANCED_FACE('',(#12096),#12541,.T.);
#13060=ADVANCED_FACE('',(#12097),#217,.T.);
#13061=ADVANCED_FACE('',(#12098),#12542,.T.);
#13062=ADVANCED_FACE('',(#12099),#218,.F.);
#13063=ADVANCED_FACE('',(#12100),#12543,.T.);
#13064=ADVANCED_FACE('',(#12101),#219,.F.);
#13065=ADVANCED_FACE('',(#12102),#12544,.T.);
#13066=ADVANCED_FACE('',(#12103),#12545,.T.);
#13067=ADVANCED_FACE('',(#12104),#220,.F.);
#13068=ADVANCED_FACE('',(#12105),#12546,.T.);
#13069=ADVANCED_FACE('',(#12106),#221,.T.);
#13070=ADVANCED_FACE('',(#12107),#12547,.T.);
#13071=ADVANCED_FACE('',(#12108),#222,.F.);
#13072=ADVANCED_FACE('',(#12109),#12548,.T.);
#13073=ADVANCED_FACE('',(#12110),#223,.F.);
#13074=ADVANCED_FACE('',(#12111),#12549,.T.);
#13075=ADVANCED_FACE('',(#12112),#224,.F.);
#13076=ADVANCED_FACE('',(#12113),#225,.F.);
#13077=ADVANCED_FACE('',(#12114),#12550,.T.);
#13078=ADVANCED_FACE('',(#12115),#226,.F.);
#13079=ADVANCED_FACE('',(#12116),#227,.F.);
#13080=ADVANCED_FACE('',(#12117),#12551,.T.);
#13081=ADVANCED_FACE('',(#12118),#228,.F.);
#13082=ADVANCED_FACE('',(#12119),#229,.F.);
#13083=ADVANCED_FACE('',(#12120),#12552,.T.);
#13084=ADVANCED_FACE('',(#12121),#230,.F.);
#13085=ADVANCED_FACE('',(#12122),#231,.T.);
#13086=ADVANCED_FACE('',(#12123),#12553,.T.);
#13087=ADVANCED_FACE('',(#12124),#232,.F.);
#13088=ADVANCED_FACE('',(#12125),#12554,.T.);
#13089=ADVANCED_FACE('',(#12126),#233,.F.);
#13090=ADVANCED_FACE('',(#12127),#12555,.T.);
#13091=ADVANCED_FACE('',(#12128),#234,.F.);
#13092=ADVANCED_FACE('',(#12129),#235,.F.);
#13093=ADVANCED_FACE('',(#12130),#12556,.T.);
#13094=ADVANCED_FACE('',(#12131),#236,.F.);
#13095=ADVANCED_FACE('',(#12132),#12557,.T.);
#13096=ADVANCED_FACE('',(#12133),#237,.T.);
#13097=ADVANCED_FACE('',(#12134),#12558,.T.);
#13098=ADVANCED_FACE('',(#12135),#238,.F.);
#13099=ADVANCED_FACE('',(#12136),#239,.F.);
#13100=ADVANCED_FACE('',(#12137),#12559,.T.);
#13101=ADVANCED_FACE('',(#12138),#240,.F.);
#13102=ADVANCED_FACE('',(#12139),#241,.F.);
#13103=ADVANCED_FACE('',(#12140),#12560,.T.);
#13104=ADVANCED_FACE('',(#12141),#242,.F.);
#13105=ADVANCED_FACE('',(#12142),#243,.F.);
#13106=ADVANCED_FACE('',(#12143),#12561,.T.);
#13107=ADVANCED_FACE('',(#12144),#244,.F.);
#13108=ADVANCED_FACE('',(#12145),#245,.F.);
#13109=ADVANCED_FACE('',(#12146),#12562,.T.);
#13110=ADVANCED_FACE('',(#12147),#246,.F.);
#13111=ADVANCED_FACE('',(#12148),#247,.F.);
#13112=ADVANCED_FACE('',(#12149),#12563,.T.);
#13113=ADVANCED_FACE('',(#12150),#248,.F.);
#13114=ADVANCED_FACE('',(#12151),#249,.F.);
#13115=ADVANCED_FACE('',(#12152),#12564,.T.);
#13116=ADVANCED_FACE('',(#12153),#250,.F.);
#13117=ADVANCED_FACE('',(#12154),#251,.F.);
#13118=ADVANCED_FACE('',(#12155),#12565,.T.);
#13119=ADVANCED_FACE('',(#12156),#252,.F.);
#13120=ADVANCED_FACE('',(#12157),#253,.F.);
#13121=ADVANCED_FACE('',(#12158),#12566,.T.);
#13122=ADVANCED_FACE('',(#12159),#254,.F.);
#13123=ADVANCED_FACE('',(#12160),#255,.F.);
#13124=ADVANCED_FACE('',(#12161),#12567,.T.);
#13125=ADVANCED_FACE('',(#12162),#256,.F.);
#13126=ADVANCED_FACE('',(#12163),#257,.F.);
#13127=ADVANCED_FACE('',(#12164),#12568,.T.);
#13128=ADVANCED_FACE('',(#12165),#258,.F.);
#13129=ADVANCED_FACE('',(#12166),#12569,.T.);
#13130=ADVANCED_FACE('',(#12167),#259,.F.);
#13131=ADVANCED_FACE('',(#12168),#12570,.T.);
#13132=ADVANCED_FACE('',(#12169),#260,.T.);
#13133=ADVANCED_FACE('',(#12170),#12571,.T.);
#13134=ADVANCED_FACE('',(#12171),#261,.F.);
#13135=ADVANCED_FACE('',(#12172),#12572,.T.);
#13136=ADVANCED_FACE('',(#12173),#12573,.T.);
#13137=ADVANCED_FACE('',(#12174),#262,.T.);
#13138=ADVANCED_FACE('',(#12175),#12574,.T.);
#13139=ADVANCED_FACE('',(#12176),#263,.F.);
#13140=ADVANCED_FACE('',(#12177),#12575,.T.);
#13141=ADVANCED_FACE('',(#12178),#264,.F.);
#13142=ADVANCED_FACE('',(#12179),#12576,.T.);
#13143=ADVANCED_FACE('',(#12180),#265,.F.);
#13144=ADVANCED_FACE('',(#12181),#12577,.T.);
#13145=ADVANCED_FACE('',(#12182),#266,.F.);
#13146=ADVANCED_FACE('',(#12183),#267,.F.);
#13147=ADVANCED_FACE('',(#12184),#12578,.T.);
#13148=ADVANCED_FACE('',(#12185),#268,.F.);
#13149=ADVANCED_FACE('',(#12186),#12579,.T.);
#13150=ADVANCED_FACE('',(#12187),#269,.F.);
#13151=ADVANCED_FACE('',(#12188),#12580,.T.);
#13152=ADVANCED_FACE('',(#12189),#12581,.T.);
#13153=ADVANCED_FACE('',(#12190),#270,.F.);
#13154=ADVANCED_FACE('',(#12191),#12582,.T.);
#13155=ADVANCED_FACE('',(#12192),#12583,.T.);
#13156=ADVANCED_FACE('',(#12193),#271,.F.);
#13157=ADVANCED_FACE('',(#12194),#12584,.T.);
#13158=ADVANCED_FACE('',(#12195),#12585,.T.);
#13159=ADVANCED_FACE('',(#12196),#272,.F.);
#13160=ADVANCED_FACE('',(#12197),#12586,.T.);
#13161=ADVANCED_FACE('',(#12198),#12587,.T.);
#13162=ADVANCED_FACE('',(#12199),#273,.F.);
#13163=ADVANCED_FACE('',(#12200),#12588,.T.);
#13164=ADVANCED_FACE('',(#12201),#12589,.T.);
#13165=ADVANCED_FACE('',(#12202),#274,.F.);
#13166=ADVANCED_FACE('',(#12203),#12590,.T.);
#13167=ADVANCED_FACE('',(#12204),#275,.F.);
#13168=ADVANCED_FACE('',(#12205),#12591,.T.);
#13169=ADVANCED_FACE('',(#12206),#12592,.T.);
#13170=ADVANCED_FACE('',(#12207),#276,.F.);
#13171=ADVANCED_FACE('',(#12208),#12593,.T.);
#13172=ADVANCED_FACE('',(#12209),#12594,.T.);
#13173=ADVANCED_FACE('',(#12210),#277,.F.);
#13174=ADVANCED_FACE('',(#12211),#12595,.T.);
#13175=ADVANCED_FACE('',(#12212),#12596,.T.);
#13176=ADVANCED_FACE('',(#12213),#278,.F.);
#13177=ADVANCED_FACE('',(#12214),#12597,.T.);
#13178=ADVANCED_FACE('',(#12215),#12598,.T.);
#13179=ADVANCED_FACE('',(#12216),#279,.F.);
#13180=ADVANCED_FACE('',(#12217),#12599,.T.);
#13181=ADVANCED_FACE('',(#12218),#12600,.T.);
#13182=ADVANCED_FACE('',(#12219),#280,.F.);
#13183=ADVANCED_FACE('',(#12220),#12601,.T.);
#13184=ADVANCED_FACE('',(#12221),#12602,.T.);
#13185=ADVANCED_FACE('',(#12222),#281,.F.);
#13186=ADVANCED_FACE('',(#12223),#12603,.T.);
#13187=ADVANCED_FACE('',(#12224),#12604,.T.);
#13188=ADVANCED_FACE('',(#12225),#282,.F.);
#13189=ADVANCED_FACE('',(#12226),#12605,.T.);
#13190=ADVANCED_FACE('',(#12227),#12606,.T.);
#13191=ADVANCED_FACE('',(#12228),#283,.F.);
#13192=ADVANCED_FACE('',(#12229),#12607,.T.);
#13193=ADVANCED_FACE('',(#12230),#284,.T.);
#13194=ADVANCED_FACE('',(#12231),#12608,.T.);
#13195=ADVANCED_FACE('',(#12232),#285,.F.);
#13196=ADVANCED_FACE('',(#12233),#12609,.T.);
#13197=ADVANCED_FACE('',(#12234),#286,.F.);
#13198=ADVANCED_FACE('',(#12235),#12610,.T.);
#13199=ADVANCED_FACE('',(#12236),#287,.F.);
#13200=ADVANCED_FACE('',(#12237),#288,.F.);
#13201=ADVANCED_FACE('',(#12238),#12611,.T.);
#13202=ADVANCED_FACE('',(#12239),#289,.F.);
#13203=ADVANCED_FACE('',(#12240),#12612,.T.);
#13204=ADVANCED_FACE('',(#12241),#290,.T.);
#13205=ADVANCED_FACE('',(#12242),#12613,.T.);
#13206=ADVANCED_FACE('',(#12243),#291,.F.);
#13207=ADVANCED_FACE('',(#12244),#292,.F.);
#13208=ADVANCED_FACE('',(#12245),#12614,.T.);
#13209=ADVANCED_FACE('',(#12246),#293,.F.);
#13210=ADVANCED_FACE('',(#12247),#294,.F.);
#13211=ADVANCED_FACE('',(#12248),#12615,.T.);
#13212=ADVANCED_FACE('',(#12249),#295,.F.);
#13213=ADVANCED_FACE('',(#12250),#12616,.T.);
#13214=ADVANCED_FACE('',(#12251),#296,.F.);
#13215=ADVANCED_FACE('',(#12252),#12617,.T.);
#13216=ADVANCED_FACE('',(#12253),#12618,.T.);
#13217=ADVANCED_FACE('',(#12254),#297,.F.);
#13218=ADVANCED_FACE('',(#12255),#12619,.T.);
#13219=ADVANCED_FACE('',(#12256),#12620,.T.);
#13220=ADVANCED_FACE('',(#12257),#298,.F.);
#13221=ADVANCED_FACE('',(#12258),#12621,.T.);
#13222=ADVANCED_FACE('',(#12259),#12622,.T.);
#13223=ADVANCED_FACE('',(#12260),#299,.F.);
#13224=ADVANCED_FACE('',(#12261),#12623,.T.);
#13225=ADVANCED_FACE('',(#12262),#12624,.T.);
#13226=ADVANCED_FACE('',(#12263),#300,.F.);
#13227=ADVANCED_FACE('',(#12264),#12625,.T.);
#13228=ADVANCED_FACE('',(#12265),#301,.T.);
#13229=ADVANCED_FACE('',(#12266),#12626,.T.);
#13230=ADVANCED_FACE('',(#12267),#302,.F.);
#13231=ADVANCED_FACE('',(#12268),#12627,.T.);
#13232=ADVANCED_FACE('',(#12269),#12628,.T.);
#13233=ADVANCED_FACE('',(#12270),#303,.T.);
#13234=ADVANCED_FACE('',(#12271),#12629,.T.);
#13235=ADVANCED_FACE('',(#12272),#304,.F.);
#13236=ADVANCED_FACE('',(#12273),#12630,.T.);
#13237=ADVANCED_FACE('',(#12274),#305,.F.);
#13238=ADVANCED_FACE('',(#12275),#12631,.T.);
#13239=ADVANCED_FACE('',(#12276),#306,.F.);
#13240=ADVANCED_FACE('',(#12277),#12632,.T.);
#13241=ADVANCED_FACE('',(#12278),#307,.F.);
#13242=ADVANCED_FACE('',(#12279),#308,.F.);
#13243=ADVANCED_FACE('',(#12280),#12633,.T.);
#13244=ADVANCED_FACE('',(#12281),#309,.F.);
#13245=ADVANCED_FACE('',(#12282),#12634,.T.);
#13246=ADVANCED_FACE('',(#12283),#310,.F.);
#13247=ADVANCED_FACE('',(#12284),#12635,.T.);
#13248=ADVANCED_FACE('',(#12285),#12636,.T.);
#13249=ADVANCED_FACE('',(#12286),#311,.F.);
#13250=ADVANCED_FACE('',(#12287),#12637,.T.);
#13251=ADVANCED_FACE('',(#12288),#312,.T.);
#13252=ADVANCED_FACE('',(#12289),#12638,.T.);
#13253=ADVANCED_FACE('',(#12290),#313,.F.);
#13254=ADVANCED_FACE('',(#12291),#12639,.T.);
#13255=ADVANCED_FACE('',(#12292),#314,.F.);
#13256=ADVANCED_FACE('',(#12293),#12640,.T.);
#13257=ADVANCED_FACE('',(#12294),#315,.F.);
#13258=ADVANCED_FACE('',(#12295),#316,.F.);
#13259=ADVANCED_FACE('',(#12296),#12641,.T.);
#13260=ADVANCED_FACE('',(#12297),#317,.F.);
#13261=ADVANCED_FACE('',(#12298),#12642,.T.);
#13262=ADVANCED_FACE('',(#12299),#318,.T.);
#13263=ADVANCED_FACE('',(#12300),#12643,.T.);
#13264=ADVANCED_FACE('',(#12301),#319,.F.);
#13265=ADVANCED_FACE('',(#12302),#12644,.T.);
#13266=ADVANCED_FACE('',(#12303),#320,.F.);
#13267=ADVANCED_FACE('',(#12304),#12645,.T.);
#13268=ADVANCED_FACE('',(#12305),#12646,.T.);
#13269=ADVANCED_FACE('',(#12306),#321,.F.);
#13270=ADVANCED_FACE('',(#12307),#12647,.T.);
#13271=ADVANCED_FACE('',(#12308),#12648,.T.);
#13272=ADVANCED_FACE('',(#12309),#322,.F.);
#13273=ADVANCED_FACE('',(#12310),#12649,.T.);
#13274=ADVANCED_FACE('',(#12311),#323,.F.);
#13275=ADVANCED_FACE('',(#12312),#12650,.T.);
#13276=ADVANCED_FACE('',(#12313),#12651,.T.);
#13277=ADVANCED_FACE('',(#12314),#324,.F.);
#13278=ADVANCED_FACE('',(#12315),#325,.F.);
#13279=ADVANCED_FACE('',(#12316),#12652,.T.);
#13280=ADVANCED_FACE('',(#12317),#326,.F.);
#13281=ADVANCED_FACE('',(#12318),#327,.F.);
#13282=ADVANCED_FACE('',(#12319),#12653,.T.);
#13283=ADVANCED_FACE('',(#12320),#328,.F.);
#13284=ADVANCED_FACE('',(#12321),#12654,.T.);
#13285=ADVANCED_FACE('',(#12322),#329,.F.);
#13286=ADVANCED_FACE('',(#12323),#12655,.T.);
#13287=ADVANCED_FACE('',(#12324),#330,.T.);
#13288=ADVANCED_FACE('',(#12325),#12656,.T.);
#13289=ADVANCED_FACE('',(#12326),#331,.F.);
#13290=ADVANCED_FACE('',(#12327),#12657,.T.);
#13291=ADVANCED_FACE('',(#12328),#332,.F.);
#13292=ADVANCED_FACE('',(#12329),#12658,.T.);
#13293=ADVANCED_FACE('',(#12330),#12659,.T.);
#13294=ADVANCED_FACE('',(#12331),#333,.F.);
#13295=ADVANCED_FACE('',(#12332),#12660,.T.);
#13296=ADVANCED_FACE('',(#12333),#12661,.T.);
#13297=ADVANCED_FACE('',(#12334),#12662,.T.);
#13298=ADVANCED_FACE('',(#12335),#334,.F.);
#13299=ADVANCED_FACE('',(#12336),#12663,.T.);
#13300=ADVANCED_FACE('',(#12337),#12664,.T.);
#13301=ADVANCED_FACE('',(#12338),#12665,.T.);
#13302=ADVANCED_FACE('',(#12339),#335,.F.);
#13303=ADVANCED_FACE('',(#12340),#12666,.T.);
#13304=ADVANCED_FACE('',(#12341),#12667,.T.);
#13305=ADVANCED_FACE('',(#12342),#12668,.T.);
#13306=ADVANCED_FACE('',(#12343),#336,.T.);
#13307=ADVANCED_FACE('',(#12344),#12669,.T.);
#13308=ADVANCED_FACE('',(#12345),#337,.F.);
#13309=ADVANCED_FACE('',(#12346),#12670,.T.);
#13310=ADVANCED_FACE('',(#12347),#338,.F.);
#13311=ADVANCED_FACE('',(#12348),#12671,.T.);
#13312=ADVANCED_FACE('',(#12349),#12672,.T.);
#13313=ADVANCED_FACE('',(#12350),#339,.F.);
#13314=ADVANCED_FACE('',(#12351),#12673,.T.);
#13315=ADVANCED_FACE('',(#12352),#12674,.T.);
#13316=ADVANCED_FACE('',(#12353),#340,.F.);
#13317=ADVANCED_FACE('',(#12354),#12675,.T.);
#13318=CLOSED_SHELL('',(#12676,#12677,#12678,#12679,#12680,#12681,#12682,
#12683,#12684,#12685,#12686,#12687,#12688,#12689,#12690,#12691,#12692,#12693,
#12694,#12695,#12696,#12697,#12698,#12699,#12700,#12701,#12702,#12703,#12704,
#12705,#12706,#12707,#12708,#12709,#12710,#12711,#12712,#12713,#12714,#12715,
#12716,#12717,#12718,#12719,#12720,#12721,#12722,#12723,#12724,#12725,#12726,
#12727,#12728,#12729,#12730,#12731,#12732,#12733,#12734,#12735,#12736,#12737,
#12738,#12739,#12740,#12741,#12742,#12743,#12744,#12745,#12746,#12747,#12748,
#12749,#12750,#12751,#12752,#12753,#12754,#12755,#12756,#12757,#12758,#12759,
#12760,#12761,#12762,#12763,#12764,#12765,#12766,#12767,#12768,#12769,#12770,
#12771,#12772,#12773,#12774,#12775,#12776,#12777,#12778,#12779,#12780,#12781,
#12782,#12783,#12784,#12785,#12786,#12787,#12788,#12789,#12790,#12791,#12792,
#12793,#12794,#12795,#12796,#12797,#12798,#12799,#12800,#12801,#12802,#12803,
#12804,#12805,#12806,#12807,#12808,#12809,#12810,#12811,#12812,#12813,#12814,
#12815,#12816,#12817,#12818,#12819,#12820,#12821,#12822,#12823,#12824,#12825,
#12826,#12827,#12828,#12829,#12830,#12831,#12832,#12833,#12834,#12835,#12836,
#12837,#12838,#12839,#12840,#12841,#12842,#12843,#12844,#12845,#12846,#12847,
#12848,#12849,#12850,#12851,#12852,#12853,#12854,#12855,#12856,#12857,#12858,
#12859,#12860,#12861,#12862,#12863,#12864,#12865,#12866,#12867,#12868,#12869,
#12870,#12871,#12872,#12873,#12874,#12875,#12876,#12877,#12878,#12879,#12880,
#12881,#12882,#12883,#12884,#12885,#12886,#12887,#12888,#12889,#12890,#12891,
#12892,#12893,#12894,#12895,#12896,#12897,#12898,#12899,#12900,#12901,#12902,
#12903,#12904,#12905,#12906,#12907,#12908,#12909,#12910,#12911,#12912,#12913,
#12914,#12915,#12916,#12917,#12918,#12919,#12920,#12921,#12922,#12923,#12924,
#12925,#12926,#12927,#12928,#12929,#12930,#12931,#12932,#12933,#12934,#12935,
#12936,#12937,#12938,#12939,#12940,#12941,#12942,#12943,#12944,#12945,#12946,
#12947,#12948,#12949,#12950,#12951,#12952,#12953,#12954,#12955,#12956,#12957,
#12958,#12959,#12960,#12961,#12962,#12963,#12964,#12965,#12966,#12967,#12968,
#12969,#12970,#12971,#12972,#12973,#12974,#12975,#12976,#12977,#12978,#12979,
#12980,#12981,#12982,#12983,#12984,#12985,#12986,#12987,#12988,#12989,#12990,
#12991,#12992,#12993,#12994,#12995,#12996,#12997,#12998,#12999,#13000,#13001,
#13002,#13003,#13004,#13005,#13006,#13007,#13008,#13009,#13010,#13011,#13012,
#13013,#13014,#13015,#13016,#13017,#13018,#13019,#13020,#13021,#13022,#13023,
#13024,#13025,#13026,#13027,#13028,#13029,#13030,#13031,#13032,#13033,#13034,
#13035,#13036,#13037,#13038,#13039,#13040,#13041,#13042,#13043,#13044,#13045,
#13046,#13047,#13048,#13049,#13050,#13051,#13052,#13053,#13054,#13055,#13056,
#13057,#13058,#13059,#13060,#13061,#13062,#13063,#13064,#13065,#13066,#13067,
#13068,#13069,#13070,#13071,#13072,#13073,#13074,#13075,#13076,#13077,#13078,
#13079,#13080,#13081,#13082,#13083,#13084,#13085,#13086,#13087,#13088,#13089,
#13090,#13091,#13092,#13093,#13094,#13095,#13096,#13097,#13098,#13099,#13100,
#13101,#13102,#13103,#13104,#13105,#13106,#13107,#13108,#13109,#13110,#13111,
#13112,#13113,#13114,#13115,#13116,#13117,#13118,#13119,#13120,#13121,#13122,
#13123,#13124,#13125,#13126,#13127,#13128,#13129,#13130,#13131,#13132,#13133,
#13134,#13135,#13136,#13137,#13138,#13139,#13140,#13141,#13142,#13143,#13144,
#13145,#13146,#13147,#13148,#13149,#13150,#13151,#13152,#13153,#13154,#13155,
#13156,#13157,#13158,#13159,#13160,#13161,#13162,#13163,#13164,#13165,#13166,
#13167,#13168,#13169,#13170,#13171,#13172,#13173,#13174,#13175,#13176,#13177,
#13178,#13179,#13180,#13181,#13182,#13183,#13184,#13185,#13186,#13187,#13188,
#13189,#13190,#13191,#13192,#13193,#13194,#13195,#13196,#13197,#13198,#13199,
#13200,#13201,#13202,#13203,#13204,#13205,#13206,#13207,#13208,#13209,#13210,
#13211,#13212,#13213,#13214,#13215,#13216,#13217,#13218,#13219,#13220,#13221,
#13222,#13223,#13224,#13225,#13226,#13227,#13228,#13229,#13230,#13231,#13232,
#13233,#13234,#13235,#13236,#13237,#13238,#13239,#13240,#13241,#13242,#13243,
#13244,#13245,#13246,#13247,#13248,#13249,#13250,#13251,#13252,#13253,#13254,
#13255,#13256,#13257,#13258,#13259,#13260,#13261,#13262,#13263,#13264,#13265,
#13266,#13267,#13268,#13269,#13270,#13271,#13272,#13273,#13274,#13275,#13276,
#13277,#13278,#13279,#13280,#13281,#13282,#13283,#13284,#13285,#13286,#13287,
#13288,#13289,#13290,#13291,#13292,#13293,#13294,#13295,#13296,#13297,#13298,
#13299,#13300,#13301,#13302,#13303,#13304,#13305,#13306,#13307,#13308,#13309,
#13310,#13311,#13312,#13313,#13314,#13315,#13316,#13317));
#13319=STYLED_ITEM('',(#13320),#13327);
#13320=PRESENTATION_STYLE_ASSIGNMENT((#13321));
#13321=SURFACE_STYLE_USAGE(.BOTH.,#13322);
#13322=SURFACE_SIDE_STYLE('',(#13323));
#13323=SURFACE_STYLE_FILL_AREA(#13324);
#13324=FILL_AREA_STYLE('',(#13325));
#13325=FILL_AREA_STYLE_COLOUR('',#13326);
#13326=COLOUR_RGB('',0.8,0.2,0.2);
#13327=MANIFOLD_SOLID_BREP('top_plate',#13318);
#13328=SHAPE_DEFINITION_REPRESENTATION(#22240,#13329);
#13329=SHAPE_REPRESENTATION('top_plate',(#13330),#22235);
#13330=AXIS2_PLACEMENT_3D('',#18427,#14615,#14616);
#13331=AXIS2_PLACEMENT_3D('',#18428,#14617,#14618);
#13332=AXIS2_PLACEMENT_3D('',#18429,#14619,#14620);
#13333=AXIS2_PLACEMENT_3D('',#18431,#14621,#14622);
#13334=AXIS2_PLACEMENT_3D('',#18433,#14623,#14624);
#13335=AXIS2_PLACEMENT_3D('',#18435,#14625,#14626);
#13336=AXIS2_PLACEMENT_3D('',#18437,#14627,#14628);
#13337=AXIS2_PLACEMENT_3D('',#18439,#14629,#14630);
#13338=AXIS2_PLACEMENT_3D('',#18441,#14631,#14632);
#13339=AXIS2_PLACEMENT_3D('',#18443,#14633,#14634);
#13340=AXIS2_PLACEMENT_3D('',#18445,#14635,#14636);
#13341=AXIS2_PLACEMENT_3D('',#18447,#14637,#14638);
#13342=AXIS2_PLACEMENT_3D('',#18449,#14639,#14640);
#13343=AXIS2_PLACEMENT_3D('',#18451,#14641,#14642);
#13344=AXIS2_PLACEMENT_3D('',#18453,#14643,#14644);
#13345=AXIS2_PLACEMENT_3D('',#18455,#14645,#14646);
#13346=AXIS2_PLACEMENT_3D('',#18457,#14647,#14648);
#13347=AXIS2_PLACEMENT_3D('',#18459,#14649,#14650);
#13348=AXIS2_PLACEMENT_3D('',#18461,#14651,#14652);
#13349=AXIS2_PLACEMENT_3D('',#18463,#14653,#14654);
#13350=AXIS2_PLACEMENT_3D('',#18465,#14655,#14656);
#13351=AXIS2_PLACEMENT_3D('',#18467,#14657,#14658);
#13352=AXIS2_PLACEMENT_3D('',#18469,#14659,#14660);
#13353=AXIS2_PLACEMENT_3D('',#18471,#14661,#14662);
#13354=AXIS2_PLACEMENT_3D('',#18473,#14663,#14664);
#13355=AXIS2_PLACEMENT_3D('',#18475,#14665,#14666);
#13356=AXIS2_PLACEMENT_3D('',#18477,#14667,#14668);
#13357=AXIS2_PLACEMENT_3D('',#18479,#14669,#14670);
#13358=AXIS2_PLACEMENT_3D('',#18481,#14671,#14672);
#13359=AXIS2_PLACEMENT_3D('',#18483,#14673,#14674);
#13360=AXIS2_PLACEMENT_3D('',#18485,#14675,#14676);
#13361=AXIS2_PLACEMENT_3D('',#18487,#14677,#14678);
#13362=AXIS2_PLACEMENT_3D('',#18489,#14679,#14680);
#13363=AXIS2_PLACEMENT_3D('',#18491,#14681,#14682);
#13364=AXIS2_PLACEMENT_3D('',#18493,#14683,#14684);
#13365=AXIS2_PLACEMENT_3D('',#18495,#14685,#14686);
#13366=AXIS2_PLACEMENT_3D('',#18497,#14687,#14688);
#13367=AXIS2_PLACEMENT_3D('',#18499,#14689,#14690);
#13368=AXIS2_PLACEMENT_3D('',#18504,#14692,#14693);
#13369=AXIS2_PLACEMENT_3D('',#18508,#14695,#14696);
#13370=AXIS2_PLACEMENT_3D('',#18512,#14698,#14699);
#13371=AXIS2_PLACEMENT_3D('',#18516,#14701,#14702);
#13372=AXIS2_PLACEMENT_3D('',#18520,#14704,#14705);
#13373=AXIS2_PLACEMENT_3D('',#18524,#14707,#14708);
#13374=AXIS2_PLACEMENT_3D('',#18528,#14710,#14711);
#13375=AXIS2_PLACEMENT_3D('',#18532,#14713,#14714);
#13376=AXIS2_PLACEMENT_3D('',#18536,#14716,#14717);
#13377=AXIS2_PLACEMENT_3D('',#18542,#14720,#14721);
#13378=AXIS2_PLACEMENT_3D('',#18550,#14725,#14726);
#13379=AXIS2_PLACEMENT_3D('',#18556,#14729,#14730);
#13380=AXIS2_PLACEMENT_3D('',#18564,#14734,#14735);
#13381=AXIS2_PLACEMENT_3D('',#18568,#14737,#14738);
#13382=AXIS2_PLACEMENT_3D('',#18572,#14740,#14741);
#13383=AXIS2_PLACEMENT_3D('',#18576,#14743,#14744);
#13384=AXIS2_PLACEMENT_3D('',#18580,#14746,#14747);
#13385=AXIS2_PLACEMENT_3D('',#18581,#14748,#14749);
#13386=AXIS2_PLACEMENT_3D('',#18586,#14751,#14752);
#13387=AXIS2_PLACEMENT_3D('',#18589,#14754,#14755);
#13388=AXIS2_PLACEMENT_3D('',#18594,#14757,#14758);
#13389=AXIS2_PLACEMENT_3D('',#18597,#14760,#14761);
#13390=AXIS2_PLACEMENT_3D('',#18604,#14764,#14765);
#13391=AXIS2_PLACEMENT_3D('',#18609,#14768,#14769);
#13392=AXIS2_PLACEMENT_3D('',#18616,#14772,#14773);
#13393=AXIS2_PLACEMENT_3D('',#18624,#14777,#14778);
#13394=AXIS2_PLACEMENT_3D('',#18628,#14780,#14781);
#13395=AXIS2_PLACEMENT_3D('',#18629,#14782,#14783);
#13396=AXIS2_PLACEMENT_3D('',#18634,#14785,#14786);
#13397=AXIS2_PLACEMENT_3D('',#18638,#14788,#14789);
#13398=AXIS2_PLACEMENT_3D('',#18642,#14791,#14792);
#13399=AXIS2_PLACEMENT_3D('',#18645,#14794,#14795);
#13400=AXIS2_PLACEMENT_3D('',#18650,#14797,#14798);
#13401=AXIS2_PLACEMENT_3D('',#18654,#14800,#14801);
#13402=AXIS2_PLACEMENT_3D('',#18658,#14803,#14804);
#13403=AXIS2_PLACEMENT_3D('',#18664,#14807,#14808);
#13404=AXIS2_PLACEMENT_3D('',#18668,#14810,#14811);
#13405=AXIS2_PLACEMENT_3D('',#18672,#14813,#14814);
#13406=AXIS2_PLACEMENT_3D('',#18676,#14816,#14817);
#13407=AXIS2_PLACEMENT_3D('',#18677,#14818,#14819);
#13408=AXIS2_PLACEMENT_3D('',#18682,#14821,#14822);
#13409=AXIS2_PLACEMENT_3D('',#18685,#14824,#14825);
#13410=AXIS2_PLACEMENT_3D('',#18690,#14827,#14828);
#13411=AXIS2_PLACEMENT_3D('',#18696,#14831,#14832);
#13412=AXIS2_PLACEMENT_3D('',#18700,#14834,#14835);
#13413=AXIS2_PLACEMENT_3D('',#18704,#14837,#14838);
#13414=AXIS2_PLACEMENT_3D('',#18708,#14840,#14841);
#13415=AXIS2_PLACEMENT_3D('',#18712,#14843,#14844);
#13416=AXIS2_PLACEMENT_3D('',#18716,#14846,#14847);
#13417=AXIS2_PLACEMENT_3D('',#18720,#14849,#14850);
#13418=AXIS2_PLACEMENT_3D('',#18724,#14852,#14853);
#13419=AXIS2_PLACEMENT_3D('',#18728,#14855,#14856);
#13420=AXIS2_PLACEMENT_3D('',#18732,#14858,#14859);
#13421=AXIS2_PLACEMENT_3D('',#18736,#14861,#14862);
#13422=AXIS2_PLACEMENT_3D('',#18740,#14864,#14865);
#13423=AXIS2_PLACEMENT_3D('',#18744,#14867,#14868);
#13424=AXIS2_PLACEMENT_3D('',#18748,#14870,#14871);
#13425=AXIS2_PLACEMENT_3D('',#18752,#14873,#14874);
#13426=AXIS2_PLACEMENT_3D('',#18756,#14876,#14877);
#13427=AXIS2_PLACEMENT_3D('',#18757,#14878,#14879);
#13428=AXIS2_PLACEMENT_3D('',#18762,#14881,#14882);
#13429=AXIS2_PLACEMENT_3D('',#18765,#14884,#14885);
#13430=AXIS2_PLACEMENT_3D('',#18770,#14887,#14888);
#13431=AXIS2_PLACEMENT_3D('',#18773,#14890,#14891);
#13432=AXIS2_PLACEMENT_3D('',#18778,#14893,#14894);
#13433=AXIS2_PLACEMENT_3D('',#18782,#14896,#14897);
#13434=AXIS2_PLACEMENT_3D('',#18786,#14899,#14900);
#13435=AXIS2_PLACEMENT_3D('',#18789,#14902,#14903);
#13436=AXIS2_PLACEMENT_3D('',#18794,#14905,#14906);
#13437=AXIS2_PLACEMENT_3D('',#18798,#14908,#14909);
#13438=AXIS2_PLACEMENT_3D('',#18802,#14911,#14912);
#13439=AXIS2_PLACEMENT_3D('',#18808,#14915,#14916);
#13440=AXIS2_PLACEMENT_3D('',#18812,#14918,#14919);
#13441=AXIS2_PLACEMENT_3D('',#18816,#14921,#14922);
#13442=AXIS2_PLACEMENT_3D('',#18820,#14924,#14925);
#13443=AXIS2_PLACEMENT_3D('',#18824,#14927,#14928);
#13444=AXIS2_PLACEMENT_3D('',#18828,#14930,#14931);
#13445=AXIS2_PLACEMENT_3D('',#18832,#14933,#14934);
#13446=AXIS2_PLACEMENT_3D('',#18836,#14936,#14937);
#13447=AXIS2_PLACEMENT_3D('',#18842,#14940,#14941);
#13448=AXIS2_PLACEMENT_3D('',#18848,#14944,#14945);
#13449=AXIS2_PLACEMENT_3D('',#18852,#14947,#14948);
#13450=AXIS2_PLACEMENT_3D('',#18858,#14951,#14952);
#13451=AXIS2_PLACEMENT_3D('',#18861,#14954,#14955);
#13452=AXIS2_PLACEMENT_3D('',#18868,#14958,#14959);
#13453=AXIS2_PLACEMENT_3D('',#18873,#14962,#14963);
#13454=AXIS2_PLACEMENT_3D('',#18880,#14966,#14967);
#13455=AXIS2_PLACEMENT_3D('',#18888,#14971,#14972);
#13456=AXIS2_PLACEMENT_3D('',#18892,#14974,#14975);
#13457=AXIS2_PLACEMENT_3D('',#18896,#14977,#14978);
#13458=AXIS2_PLACEMENT_3D('',#18900,#14980,#14981);
#13459=AXIS2_PLACEMENT_3D('',#18904,#14983,#14984);
#13460=AXIS2_PLACEMENT_3D('',#18908,#14986,#14987);
#13461=AXIS2_PLACEMENT_3D('',#18912,#14989,#14990);
#13462=AXIS2_PLACEMENT_3D('',#18916,#14992,#14993);
#13463=AXIS2_PLACEMENT_3D('',#18917,#14994,#14995);
#13464=AXIS2_PLACEMENT_3D('',#18922,#14997,#14998);
#13465=AXIS2_PLACEMENT_3D('',#18925,#15000,#15001);
#13466=AXIS2_PLACEMENT_3D('',#18930,#15003,#15004);
#13467=AXIS2_PLACEMENT_3D('',#18936,#15007,#15008);
#13468=AXIS2_PLACEMENT_3D('',#18940,#15010,#15011);
#13469=AXIS2_PLACEMENT_3D('',#18944,#15013,#15014);
#13470=AXIS2_PLACEMENT_3D('',#18948,#15016,#15017);
#13471=AXIS2_PLACEMENT_3D('',#18952,#15019,#15020);
#13472=AXIS2_PLACEMENT_3D('',#18956,#15022,#15023);
#13473=AXIS2_PLACEMENT_3D('',#18960,#15025,#15026);
#13474=AXIS2_PLACEMENT_3D('',#18964,#15028,#15029);
#13475=AXIS2_PLACEMENT_3D('',#18965,#15030,#15031);
#13476=AXIS2_PLACEMENT_3D('',#18970,#15033,#15034);
#13477=AXIS2_PLACEMENT_3D('',#18973,#15036,#15037);
#13478=AXIS2_PLACEMENT_3D('',#18978,#15039,#15040);
#13479=AXIS2_PLACEMENT_3D('',#18981,#15042,#15043);
#13480=AXIS2_PLACEMENT_3D('',#18986,#15045,#15046);
#13481=AXIS2_PLACEMENT_3D('',#18989,#15048,#15049);
#13482=AXIS2_PLACEMENT_3D('',#18994,#15051,#15052);
#13483=AXIS2_PLACEMENT_3D('',#18997,#15054,#15055);
#13484=AXIS2_PLACEMENT_3D('',#19002,#15057,#15058);
#13485=AXIS2_PLACEMENT_3D('',#19005,#15060,#15061);
#13486=AXIS2_PLACEMENT_3D('',#19010,#15063,#15064);
#13487=AXIS2_PLACEMENT_3D('',#19013,#15066,#15067);
#13488=AXIS2_PLACEMENT_3D('',#19018,#15069,#15070);
#13489=AXIS2_PLACEMENT_3D('',#19021,#15072,#15073);
#13490=AXIS2_PLACEMENT_3D('',#19026,#15075,#15076);
#13491=AXIS2_PLACEMENT_3D('',#19029,#15078,#15079);
#13492=AXIS2_PLACEMENT_3D('',#19034,#15081,#15082);
#13493=AXIS2_PLACEMENT_3D('',#19037,#15084,#15085);
#13494=AXIS2_PLACEMENT_3D('',#19042,#15087,#15088);
#13495=AXIS2_PLACEMENT_3D('',#19045,#15090,#15091);
#13496=AXIS2_PLACEMENT_3D('',#19050,#15093,#15094);
#13497=AXIS2_PLACEMENT_3D('',#19054,#15096,#15097);
#13498=AXIS2_PLACEMENT_3D('',#19058,#15099,#15100);
#13499=AXIS2_PLACEMENT_3D('',#19061,#15102,#15103);
#13500=AXIS2_PLACEMENT_3D('',#19066,#15105,#15106);
#13501=AXIS2_PLACEMENT_3D('',#19070,#15108,#15109);
#13502=AXIS2_PLACEMENT_3D('',#19074,#15111,#15112);
#13503=AXIS2_PLACEMENT_3D('',#19077,#15114,#15115);
#13504=AXIS2_PLACEMENT_3D('',#19082,#15117,#15118);
#13505=AXIS2_PLACEMENT_3D('',#19085,#15120,#15121);
#13506=AXIS2_PLACEMENT_3D('',#19090,#15123,#15124);
#13507=AXIS2_PLACEMENT_3D('',#19093,#15126,#15127);
#13508=AXIS2_PLACEMENT_3D('',#19098,#15129,#15130);
#13509=AXIS2_PLACEMENT_3D('',#19101,#15132,#15133);
#13510=AXIS2_PLACEMENT_3D('',#19106,#15135,#15136);
#13511=AXIS2_PLACEMENT_3D('',#19112,#15139,#15140);
#13512=AXIS2_PLACEMENT_3D('',#19116,#15142,#15143);
#13513=AXIS2_PLACEMENT_3D('',#19120,#15145,#15146);
#13514=AXIS2_PLACEMENT_3D('',#19124,#15148,#15149);
#13515=AXIS2_PLACEMENT_3D('',#19128,#15151,#15152);
#13516=AXIS2_PLACEMENT_3D('',#19132,#15154,#15155);
#13517=AXIS2_PLACEMENT_3D('',#19136,#15157,#15158);
#13518=AXIS2_PLACEMENT_3D('',#19140,#15160,#15161);
#13519=AXIS2_PLACEMENT_3D('',#19144,#15163,#15164);
#13520=AXIS2_PLACEMENT_3D('',#19150,#15167,#15168);
#13521=AXIS2_PLACEMENT_3D('',#19158,#15172,#15173);
#13522=AXIS2_PLACEMENT_3D('',#19164,#15176,#15177);
#13523=AXIS2_PLACEMENT_3D('',#19165,#15178,#15179);
#13524=AXIS2_PLACEMENT_3D('',#19170,#15181,#15182);
#13525=AXIS2_PLACEMENT_3D('',#19173,#15184,#15185);
#13526=AXIS2_PLACEMENT_3D('',#19178,#15187,#15188);
#13527=AXIS2_PLACEMENT_3D('',#19181,#15190,#15191);
#13528=AXIS2_PLACEMENT_3D('',#19186,#15193,#15194);
#13529=AXIS2_PLACEMENT_3D('',#19189,#15196,#15197);
#13530=AXIS2_PLACEMENT_3D('',#19194,#15199,#15200);
#13531=AXIS2_PLACEMENT_3D('',#19197,#15202,#15203);
#13532=AXIS2_PLACEMENT_3D('',#19202,#15205,#15206);
#13533=AXIS2_PLACEMENT_3D('',#19205,#15208,#15209);
#13534=AXIS2_PLACEMENT_3D('',#19212,#15212,#15213);
#13535=AXIS2_PLACEMENT_3D('',#19217,#15216,#15217);
#13536=AXIS2_PLACEMENT_3D('',#19224,#15220,#15221);
#13537=AXIS2_PLACEMENT_3D('',#19229,#15224,#15225);
#13538=AXIS2_PLACEMENT_3D('',#19234,#15227,#15228);
#13539=AXIS2_PLACEMENT_3D('',#19237,#15230,#15231);
#13540=AXIS2_PLACEMENT_3D('',#19242,#15233,#15234);
#13541=AXIS2_PLACEMENT_3D('',#19245,#15236,#15237);
#13542=AXIS2_PLACEMENT_3D('',#19250,#15239,#15240);
#13543=AXIS2_PLACEMENT_3D('',#19253,#15242,#15243);
#13544=AXIS2_PLACEMENT_3D('',#19258,#15245,#15246);
#13545=AXIS2_PLACEMENT_3D('',#19261,#15248,#15249);
#13546=AXIS2_PLACEMENT_3D('',#19266,#15251,#15252);
#13547=AXIS2_PLACEMENT_3D('',#19269,#15254,#15255);
#13548=AXIS2_PLACEMENT_3D('',#19274,#15257,#15258);
#13549=AXIS2_PLACEMENT_3D('',#19278,#15260,#15261);
#13550=AXIS2_PLACEMENT_3D('',#19282,#15263,#15264);
#13551=AXIS2_PLACEMENT_3D('',#19285,#15266,#15267);
#13552=AXIS2_PLACEMENT_3D('',#19290,#15269,#15270);
#13553=AXIS2_PLACEMENT_3D('',#19294,#15272,#15273);
#13554=AXIS2_PLACEMENT_3D('',#19298,#15275,#15276);
#13555=AXIS2_PLACEMENT_3D('',#19301,#15278,#15279);
#13556=AXIS2_PLACEMENT_3D('',#19306,#15281,#15282);
#13557=AXIS2_PLACEMENT_3D('',#19309,#15284,#15285);
#13558=AXIS2_PLACEMENT_3D('',#19314,#15287,#15288);
#13559=AXIS2_PLACEMENT_3D('',#19320,#15291,#15292);
#13560=AXIS2_PLACEMENT_3D('',#19324,#15294,#15295);
#13561=AXIS2_PLACEMENT_3D('',#19328,#15297,#15298);
#13562=AXIS2_PLACEMENT_3D('',#19332,#15300,#15301);
#13563=AXIS2_PLACEMENT_3D('',#19336,#15303,#15304);
#13564=AXIS2_PLACEMENT_3D('',#19340,#15306,#15307);
#13565=AXIS2_PLACEMENT_3D('',#19344,#15309,#15310);
#13566=AXIS2_PLACEMENT_3D('',#19348,#15312,#15313);
#13567=AXIS2_PLACEMENT_3D('',#19352,#15315,#15316);
#13568=AXIS2_PLACEMENT_3D('',#19356,#15318,#15319);
#13569=AXIS2_PLACEMENT_3D('',#19360,#15321,#15322);
#13570=AXIS2_PLACEMENT_3D('',#19364,#15324,#15325);
#13571=AXIS2_PLACEMENT_3D('',#19368,#15327,#15328);
#13572=AXIS2_PLACEMENT_3D('',#19372,#15330,#15331);
#13573=AXIS2_PLACEMENT_3D('',#19376,#15333,#15334);
#13574=AXIS2_PLACEMENT_3D('',#19380,#15336,#15337);
#13575=AXIS2_PLACEMENT_3D('',#19381,#15338,#15339);
#13576=AXIS2_PLACEMENT_3D('',#19386,#15341,#15342);
#13577=AXIS2_PLACEMENT_3D('',#19389,#15344,#15345);
#13578=AXIS2_PLACEMENT_3D('',#19394,#15347,#15348);
#13579=AXIS2_PLACEMENT_3D('',#19400,#15351,#15352);
#13580=AXIS2_PLACEMENT_3D('',#19404,#15354,#15355);
#13581=AXIS2_PLACEMENT_3D('',#19408,#15357,#15358);
#13582=AXIS2_PLACEMENT_3D('',#19412,#15360,#15361);
#13583=AXIS2_PLACEMENT_3D('',#19416,#15363,#15364);
#13584=AXIS2_PLACEMENT_3D('',#19420,#15366,#15367);
#13585=AXIS2_PLACEMENT_3D('',#19424,#15369,#15370);
#13586=AXIS2_PLACEMENT_3D('',#19428,#15372,#15373);
#13587=AXIS2_PLACEMENT_3D('',#19429,#15374,#15375);
#13588=AXIS2_PLACEMENT_3D('',#19434,#15377,#15378);
#13589=AXIS2_PLACEMENT_3D('',#19438,#15380,#15381);
#13590=AXIS2_PLACEMENT_3D('',#19442,#15383,#15384);
#13591=AXIS2_PLACEMENT_3D('',#19445,#15386,#15387);
#13592=AXIS2_PLACEMENT_3D('',#19450,#15389,#15390);
#13593=AXIS2_PLACEMENT_3D('',#19454,#15392,#15393);
#13594=AXIS2_PLACEMENT_3D('',#19458,#15395,#15396);
#13595=AXIS2_PLACEMENT_3D('',#19466,#15400,#15401);
#13596=AXIS2_PLACEMENT_3D('',#19472,#15404,#15405);
#13597=AXIS2_PLACEMENT_3D('',#19476,#15407,#15408);
#13598=AXIS2_PLACEMENT_3D('',#19482,#15411,#15412);
#13599=AXIS2_PLACEMENT_3D('',#19488,#15415,#15416);
#13600=AXIS2_PLACEMENT_3D('',#19492,#15418,#15419);
#13601=AXIS2_PLACEMENT_3D('',#19496,#15421,#15422);
#13602=AXIS2_PLACEMENT_3D('',#19500,#15424,#15425);
#13603=AXIS2_PLACEMENT_3D('',#19504,#15427,#15428);
#13604=AXIS2_PLACEMENT_3D('',#19508,#15430,#15431);
#13605=AXIS2_PLACEMENT_3D('',#19512,#15433,#15434);
#13606=AXIS2_PLACEMENT_3D('',#19516,#15436,#15437);
#13607=AXIS2_PLACEMENT_3D('',#19517,#15438,#15439);
#13608=AXIS2_PLACEMENT_3D('',#19524,#15442,#15443);
#13609=AXIS2_PLACEMENT_3D('',#19529,#15446,#15447);
#13610=AXIS2_PLACEMENT_3D('',#19536,#15450,#15451);
#13611=AXIS2_PLACEMENT_3D('',#19544,#15455,#15456);
#13612=AXIS2_PLACEMENT_3D('',#19549,#15459,#15460);
#13613=AXIS2_PLACEMENT_3D('',#19554,#15462,#15463);
#13614=AXIS2_PLACEMENT_3D('',#19557,#15465,#15466);
#13615=AXIS2_PLACEMENT_3D('',#19562,#15468,#15469);
#13616=AXIS2_PLACEMENT_3D('',#19568,#15472,#15473);
#13617=AXIS2_PLACEMENT_3D('',#19572,#15475,#15476);
#13618=AXIS2_PLACEMENT_3D('',#19576,#15478,#15479);
#13619=AXIS2_PLACEMENT_3D('',#19580,#15481,#15482);
#13620=AXIS2_PLACEMENT_3D('',#19584,#15484,#15485);
#13621=AXIS2_PLACEMENT_3D('',#19588,#15487,#15488);
#13622=AXIS2_PLACEMENT_3D('',#19592,#15490,#15491);
#13623=AXIS2_PLACEMENT_3D('',#19596,#15493,#15494);
#13624=AXIS2_PLACEMENT_3D('',#19600,#15496,#15497);
#13625=AXIS2_PLACEMENT_3D('',#19604,#15499,#15500);
#13626=AXIS2_PLACEMENT_3D('',#19605,#15501,#15502);
#13627=AXIS2_PLACEMENT_3D('',#19610,#15504,#15505);
#13628=AXIS2_PLACEMENT_3D('',#19613,#15507,#15508);
#13629=AXIS2_PLACEMENT_3D('',#19618,#15510,#15511);
#13630=AXIS2_PLACEMENT_3D('',#19624,#15514,#15515);
#13631=AXIS2_PLACEMENT_3D('',#19628,#15517,#15518);
#13632=AXIS2_PLACEMENT_3D('',#19629,#15519,#15520);
#13633=AXIS2_PLACEMENT_3D('',#19634,#15522,#15523);
#13634=AXIS2_PLACEMENT_3D('',#19638,#15525,#15526);
#13635=AXIS2_PLACEMENT_3D('',#19642,#15528,#15529);
#13636=AXIS2_PLACEMENT_3D('',#19645,#15531,#15532);
#13637=AXIS2_PLACEMENT_3D('',#19650,#15534,#15535);
#13638=AXIS2_PLACEMENT_3D('',#19654,#15537,#15538);
#13639=AXIS2_PLACEMENT_3D('',#19658,#15540,#15541);
#13640=AXIS2_PLACEMENT_3D('',#19664,#15544,#15545);
#13641=AXIS2_PLACEMENT_3D('',#19668,#15547,#15548);
#13642=AXIS2_PLACEMENT_3D('',#19672,#15550,#15551);
#13643=AXIS2_PLACEMENT_3D('',#19676,#15553,#15554);
#13644=AXIS2_PLACEMENT_3D('',#19680,#15556,#15557);
#13645=AXIS2_PLACEMENT_3D('',#19684,#15559,#15560);
#13646=AXIS2_PLACEMENT_3D('',#19685,#15561,#15562);
#13647=AXIS2_PLACEMENT_3D('',#19690,#15564,#15565);
#13648=AXIS2_PLACEMENT_3D('',#19692,#15566,#15567);
#13649=AXIS2_PLACEMENT_3D('',#19694,#15568,#15569);
#13650=AXIS2_PLACEMENT_3D('',#19698,#15571,#15572);
#13651=AXIS2_PLACEMENT_3D('',#19702,#15574,#15575);
#13652=AXIS2_PLACEMENT_3D('',#19706,#15577,#15578);
#13653=AXIS2_PLACEMENT_3D('',#19709,#15580,#15581);
#13654=AXIS2_PLACEMENT_3D('',#19710,#15582,#15583);
#13655=AXIS2_PLACEMENT_3D('',#19712,#15584,#15585);
#13656=AXIS2_PLACEMENT_3D('',#19714,#15586,#15587);
#13657=AXIS2_PLACEMENT_3D('',#19716,#15588,#15589);
#13658=AXIS2_PLACEMENT_3D('',#19718,#15590,#15591);
#13659=AXIS2_PLACEMENT_3D('',#19720,#15592,#15593);
#13660=AXIS2_PLACEMENT_3D('',#19722,#15594,#15595);
#13661=AXIS2_PLACEMENT_3D('',#19724,#15596,#15597);
#13662=AXIS2_PLACEMENT_3D('',#19726,#15598,#15599);
#13663=AXIS2_PLACEMENT_3D('',#19728,#15600,#15601);
#13664=AXIS2_PLACEMENT_3D('',#19730,#15602,#15603);
#13665=AXIS2_PLACEMENT_3D('',#19732,#15604,#15605);
#13666=AXIS2_PLACEMENT_3D('',#19734,#15606,#15607);
#13667=AXIS2_PLACEMENT_3D('',#19736,#15608,#15609);
#13668=AXIS2_PLACEMENT_3D('',#19738,#15610,#15611);
#13669=AXIS2_PLACEMENT_3D('',#19740,#15612,#15613);
#13670=AXIS2_PLACEMENT_3D('',#19742,#15614,#15615);
#13671=AXIS2_PLACEMENT_3D('',#19744,#15616,#15617);
#13672=AXIS2_PLACEMENT_3D('',#19746,#15618,#15619);
#13673=AXIS2_PLACEMENT_3D('',#19748,#15620,#15621);
#13674=AXIS2_PLACEMENT_3D('',#19750,#15622,#15623);
#13675=AXIS2_PLACEMENT_3D('',#19752,#15624,#15625);
#13676=AXIS2_PLACEMENT_3D('',#19754,#15626,#15627);
#13677=AXIS2_PLACEMENT_3D('',#19756,#15628,#15629);
#13678=AXIS2_PLACEMENT_3D('',#19758,#15630,#15631);
#13679=AXIS2_PLACEMENT_3D('',#19760,#15632,#15633);
#13680=AXIS2_PLACEMENT_3D('',#19762,#15634,#15635);
#13681=AXIS2_PLACEMENT_3D('',#19764,#15636,#15637);
#13682=AXIS2_PLACEMENT_3D('',#19766,#15638,#15639);
#13683=AXIS2_PLACEMENT_3D('',#19768,#15640,#15641);
#13684=AXIS2_PLACEMENT_3D('',#19770,#15642,#15643);
#13685=AXIS2_PLACEMENT_3D('',#19772,#15644,#15645);
#13686=AXIS2_PLACEMENT_3D('',#19774,#15646,#15647);
#13687=AXIS2_PLACEMENT_3D('',#19776,#15648,#15649);
#13688=AXIS2_PLACEMENT_3D('',#19778,#15650,#15651);
#13689=AXIS2_PLACEMENT_3D('',#19780,#15652,#15653);
#13690=AXIS2_PLACEMENT_3D('',#19785,#15655,#15656);
#13691=AXIS2_PLACEMENT_3D('',#19789,#15658,#15659);
#13692=AXIS2_PLACEMENT_3D('',#19793,#15661,#15662);
#13693=AXIS2_PLACEMENT_3D('',#19797,#15664,#15665);
#13694=AXIS2_PLACEMENT_3D('',#19801,#15667,#15668);
#13695=AXIS2_PLACEMENT_3D('',#19805,#15670,#15671);
#13696=AXIS2_PLACEMENT_3D('',#19809,#15673,#15674);
#13697=AXIS2_PLACEMENT_3D('',#19813,#15676,#15677);
#13698=AXIS2_PLACEMENT_3D('',#19819,#15680,#15681);
#13699=AXIS2_PLACEMENT_3D('',#19825,#15684,#15685);
#13700=AXIS2_PLACEMENT_3D('',#19829,#15687,#15688);
#13701=AXIS2_PLACEMENT_3D('',#19837,#15692,#15693);
#13702=AXIS2_PLACEMENT_3D('',#19843,#15696,#15697);
#13703=AXIS2_PLACEMENT_3D('',#19849,#15700,#15701);
#13704=AXIS2_PLACEMENT_3D('',#19853,#15703,#15704);
#13705=AXIS2_PLACEMENT_3D('',#19857,#15706,#15707);
#13706=AXIS2_PLACEMENT_3D('',#19861,#15709,#15710);
#13707=AXIS2_PLACEMENT_3D('',#19862,#15711,#15712);
#13708=AXIS2_PLACEMENT_3D('',#19867,#15714,#15715);
#13709=AXIS2_PLACEMENT_3D('',#19870,#15717,#15718);
#13710=AXIS2_PLACEMENT_3D('',#19875,#15720,#15721);
#13711=AXIS2_PLACEMENT_3D('',#19878,#15723,#15724);
#13712=AXIS2_PLACEMENT_3D('',#19885,#15727,#15728);
#13713=AXIS2_PLACEMENT_3D('',#19890,#15731,#15732);
#13714=AXIS2_PLACEMENT_3D('',#19897,#15735,#15736);
#13715=AXIS2_PLACEMENT_3D('',#19905,#15740,#15741);
#13716=AXIS2_PLACEMENT_3D('',#19909,#15743,#15744);
#13717=AXIS2_PLACEMENT_3D('',#19910,#15745,#15746);
#13718=AXIS2_PLACEMENT_3D('',#19915,#15748,#15749);
#13719=AXIS2_PLACEMENT_3D('',#19919,#15751,#15752);
#13720=AXIS2_PLACEMENT_3D('',#19923,#15754,#15755);
#13721=AXIS2_PLACEMENT_3D('',#19926,#15757,#15758);
#13722=AXIS2_PLACEMENT_3D('',#19931,#15760,#15761);
#13723=AXIS2_PLACEMENT_3D('',#19935,#15763,#15764);
#13724=AXIS2_PLACEMENT_3D('',#19939,#15766,#15767);
#13725=AXIS2_PLACEMENT_3D('',#19945,#15770,#15771);
#13726=AXIS2_PLACEMENT_3D('',#19949,#15773,#15774);
#13727=AXIS2_PLACEMENT_3D('',#19953,#15776,#15777);
#13728=AXIS2_PLACEMENT_3D('',#19957,#15779,#15780);
#13729=AXIS2_PLACEMENT_3D('',#19958,#15781,#15782);
#13730=AXIS2_PLACEMENT_3D('',#19963,#15784,#15785);
#13731=AXIS2_PLACEMENT_3D('',#19966,#15787,#15788);
#13732=AXIS2_PLACEMENT_3D('',#19971,#15790,#15791);
#13733=AXIS2_PLACEMENT_3D('',#19977,#15794,#15795);
#13734=AXIS2_PLACEMENT_3D('',#19981,#15797,#15798);
#13735=AXIS2_PLACEMENT_3D('',#19985,#15800,#15801);
#13736=AXIS2_PLACEMENT_3D('',#19989,#15803,#15804);
#13737=AXIS2_PLACEMENT_3D('',#19993,#15806,#15807);
#13738=AXIS2_PLACEMENT_3D('',#19997,#15809,#15810);
#13739=AXIS2_PLACEMENT_3D('',#20001,#15812,#15813);
#13740=AXIS2_PLACEMENT_3D('',#20005,#15815,#15816);
#13741=AXIS2_PLACEMENT_3D('',#20009,#15818,#15819);
#13742=AXIS2_PLACEMENT_3D('',#20013,#15821,#15822);
#13743=AXIS2_PLACEMENT_3D('',#20017,#15824,#15825);
#13744=AXIS2_PLACEMENT_3D('',#20021,#15827,#15828);
#13745=AXIS2_PLACEMENT_3D('',#20025,#15830,#15831);
#13746=AXIS2_PLACEMENT_3D('',#20029,#15833,#15834);
#13747=AXIS2_PLACEMENT_3D('',#20033,#15836,#15837);
#13748=AXIS2_PLACEMENT_3D('',#20037,#15839,#15840);
#13749=AXIS2_PLACEMENT_3D('',#20038,#15841,#15842);
#13750=AXIS2_PLACEMENT_3D('',#20043,#15844,#15845);
#13751=AXIS2_PLACEMENT_3D('',#20046,#15847,#15848);
#13752=AXIS2_PLACEMENT_3D('',#20051,#15850,#15851);
#13753=AXIS2_PLACEMENT_3D('',#20054,#15853,#15854);
#13754=AXIS2_PLACEMENT_3D('',#20059,#15856,#15857);
#13755=AXIS2_PLACEMENT_3D('',#20063,#15859,#15860);
#13756=AXIS2_PLACEMENT_3D('',#20067,#15862,#15863);
#13757=AXIS2_PLACEMENT_3D('',#20070,#15865,#15866);
#13758=AXIS2_PLACEMENT_3D('',#20075,#15868,#15869);
#13759=AXIS2_PLACEMENT_3D('',#20079,#15871,#15872);
#13760=AXIS2_PLACEMENT_3D('',#20083,#15874,#15875);
#13761=AXIS2_PLACEMENT_3D('',#20089,#15878,#15879);
#13762=AXIS2_PLACEMENT_3D('',#20093,#15881,#15882);
#13763=AXIS2_PLACEMENT_3D('',#20097,#15884,#15885);
#13764=AXIS2_PLACEMENT_3D('',#20101,#15887,#15888);
#13765=AXIS2_PLACEMENT_3D('',#20105,#15890,#15891);
#13766=AXIS2_PLACEMENT_3D('',#20109,#15893,#15894);
#13767=AXIS2_PLACEMENT_3D('',#20113,#15896,#15897);
#13768=AXIS2_PLACEMENT_3D('',#20117,#15899,#15900);
#13769=AXIS2_PLACEMENT_3D('',#20121,#15902,#15903);
#13770=AXIS2_PLACEMENT_3D('',#20127,#15906,#15907);
#13771=AXIS2_PLACEMENT_3D('',#20135,#15911,#15912);
#13772=AXIS2_PLACEMENT_3D('',#20141,#15915,#15916);
#13773=AXIS2_PLACEMENT_3D('',#20142,#15917,#15918);
#13774=AXIS2_PLACEMENT_3D('',#20149,#15921,#15922);
#13775=AXIS2_PLACEMENT_3D('',#20154,#15925,#15926);
#13776=AXIS2_PLACEMENT_3D('',#20161,#15929,#15930);
#13777=AXIS2_PLACEMENT_3D('',#20169,#15934,#15935);
#13778=AXIS2_PLACEMENT_3D('',#20173,#15937,#15938);
#13779=AXIS2_PLACEMENT_3D('',#20177,#15940,#15941);
#13780=AXIS2_PLACEMENT_3D('',#20181,#15943,#15944);
#13781=AXIS2_PLACEMENT_3D('',#20185,#15946,#15947);
#13782=AXIS2_PLACEMENT_3D('',#20189,#15949,#15950);
#13783=AXIS2_PLACEMENT_3D('',#20193,#15952,#15953);
#13784=AXIS2_PLACEMENT_3D('',#20197,#15955,#15956);
#13785=AXIS2_PLACEMENT_3D('',#20198,#15957,#15958);
#13786=AXIS2_PLACEMENT_3D('',#20203,#15960,#15961);
#13787=AXIS2_PLACEMENT_3D('',#20206,#15963,#15964);
#13788=AXIS2_PLACEMENT_3D('',#20211,#15966,#15967);
#13789=AXIS2_PLACEMENT_3D('',#20217,#15970,#15971);
#13790=AXIS2_PLACEMENT_3D('',#20221,#15973,#15974);
#13791=AXIS2_PLACEMENT_3D('',#20225,#15976,#15977);
#13792=AXIS2_PLACEMENT_3D('',#20229,#15979,#15980);
#13793=AXIS2_PLACEMENT_3D('',#20233,#15982,#15983);
#13794=AXIS2_PLACEMENT_3D('',#20237,#15985,#15986);
#13795=AXIS2_PLACEMENT_3D('',#20241,#15988,#15989);
#13796=AXIS2_PLACEMENT_3D('',#20245,#15991,#15992);
#13797=AXIS2_PLACEMENT_3D('',#20246,#15993,#15994);
#13798=AXIS2_PLACEMENT_3D('',#20251,#15996,#15997);
#13799=AXIS2_PLACEMENT_3D('',#20254,#15999,#16000);
#13800=AXIS2_PLACEMENT_3D('',#20259,#16002,#16003);
#13801=AXIS2_PLACEMENT_3D('',#20262,#16005,#16006);
#13802=AXIS2_PLACEMENT_3D('',#20267,#16008,#16009);
#13803=AXIS2_PLACEMENT_3D('',#20270,#16011,#16012);
#13804=AXIS2_PLACEMENT_3D('',#20275,#16014,#16015);
#13805=AXIS2_PLACEMENT_3D('',#20278,#16017,#16018);
#13806=AXIS2_PLACEMENT_3D('',#20283,#16020,#16021);
#13807=AXIS2_PLACEMENT_3D('',#20286,#16023,#16024);
#13808=AXIS2_PLACEMENT_3D('',#20291,#16026,#16027);
#13809=AXIS2_PLACEMENT_3D('',#20294,#16029,#16030);
#13810=AXIS2_PLACEMENT_3D('',#20299,#16032,#16033);
#13811=AXIS2_PLACEMENT_3D('',#20302,#16035,#16036);
#13812=AXIS2_PLACEMENT_3D('',#20307,#16038,#16039);
#13813=AXIS2_PLACEMENT_3D('',#20310,#16041,#16042);
#13814=AXIS2_PLACEMENT_3D('',#20315,#16044,#16045);
#13815=AXIS2_PLACEMENT_3D('',#20318,#16047,#16048);
#13816=AXIS2_PLACEMENT_3D('',#20323,#16050,#16051);
#13817=AXIS2_PLACEMENT_3D('',#20326,#16053,#16054);
#13818=AXIS2_PLACEMENT_3D('',#20331,#16056,#16057);
#13819=AXIS2_PLACEMENT_3D('',#20335,#16059,#16060);
#13820=AXIS2_PLACEMENT_3D('',#20339,#16062,#16063);
#13821=AXIS2_PLACEMENT_3D('',#20342,#16065,#16066);
#13822=AXIS2_PLACEMENT_3D('',#20347,#16068,#16069);
#13823=AXIS2_PLACEMENT_3D('',#20351,#16071,#16072);
#13824=AXIS2_PLACEMENT_3D('',#20355,#16074,#16075);
#13825=AXIS2_PLACEMENT_3D('',#20358,#16077,#16078);
#13826=AXIS2_PLACEMENT_3D('',#20363,#16080,#16081);
#13827=AXIS2_PLACEMENT_3D('',#20366,#16083,#16084);
#13828=AXIS2_PLACEMENT_3D('',#20371,#16086,#16087);
#13829=AXIS2_PLACEMENT_3D('',#20374,#16089,#16090);
#13830=AXIS2_PLACEMENT_3D('',#20379,#16092,#16093);
#13831=AXIS2_PLACEMENT_3D('',#20382,#16095,#16096);
#13832=AXIS2_PLACEMENT_3D('',#20387,#16098,#16099);
#13833=AXIS2_PLACEMENT_3D('',#20393,#16102,#16103);
#13834=AXIS2_PLACEMENT_3D('',#20397,#16105,#16106);
#13835=AXIS2_PLACEMENT_3D('',#20401,#16108,#16109);
#13836=AXIS2_PLACEMENT_3D('',#20405,#16111,#16112);
#13837=AXIS2_PLACEMENT_3D('',#20409,#16114,#16115);
#13838=AXIS2_PLACEMENT_3D('',#20413,#16117,#16118);
#13839=AXIS2_PLACEMENT_3D('',#20417,#16120,#16121);
#13840=AXIS2_PLACEMENT_3D('',#20421,#16123,#16124);
#13841=AXIS2_PLACEMENT_3D('',#20427,#16127,#16128);
#13842=AXIS2_PLACEMENT_3D('',#20433,#16131,#16132);
#13843=AXIS2_PLACEMENT_3D('',#20437,#16134,#16135);
#13844=AXIS2_PLACEMENT_3D('',#20443,#16138,#16139);
#13845=AXIS2_PLACEMENT_3D('',#20446,#16141,#16142);
#13846=AXIS2_PLACEMENT_3D('',#20451,#16144,#16145);
#13847=AXIS2_PLACEMENT_3D('',#20454,#16147,#16148);
#13848=AXIS2_PLACEMENT_3D('',#20459,#16150,#16151);
#13849=AXIS2_PLACEMENT_3D('',#20462,#16153,#16154);
#13850=AXIS2_PLACEMENT_3D('',#20467,#16156,#16157);
#13851=AXIS2_PLACEMENT_3D('',#20470,#16159,#16160);
#13852=AXIS2_PLACEMENT_3D('',#20475,#16162,#16163);
#13853=AXIS2_PLACEMENT_3D('',#20478,#16165,#16166);
#13854=AXIS2_PLACEMENT_3D('',#20483,#16168,#16169);
#13855=AXIS2_PLACEMENT_3D('',#20486,#16171,#16172);
#13856=AXIS2_PLACEMENT_3D('',#20493,#16175,#16176);
#13857=AXIS2_PLACEMENT_3D('',#20498,#16179,#16180);
#13858=AXIS2_PLACEMENT_3D('',#20505,#16183,#16184);
#13859=AXIS2_PLACEMENT_3D('',#20510,#16187,#16188);
#13860=AXIS2_PLACEMENT_3D('',#20515,#16190,#16191);
#13861=AXIS2_PLACEMENT_3D('',#20518,#16193,#16194);
#13862=AXIS2_PLACEMENT_3D('',#20523,#16196,#16197);
#13863=AXIS2_PLACEMENT_3D('',#20526,#16199,#16200);
#13864=AXIS2_PLACEMENT_3D('',#20531,#16202,#16203);
#13865=AXIS2_PLACEMENT_3D('',#20534,#16205,#16206);
#13866=AXIS2_PLACEMENT_3D('',#20539,#16208,#16209);
#13867=AXIS2_PLACEMENT_3D('',#20542,#16211,#16212);
#13868=AXIS2_PLACEMENT_3D('',#20547,#16214,#16215);
#13869=AXIS2_PLACEMENT_3D('',#20550,#16217,#16218);
#13870=AXIS2_PLACEMENT_3D('',#20555,#16220,#16221);
#13871=AXIS2_PLACEMENT_3D('',#20559,#16223,#16224);
#13872=AXIS2_PLACEMENT_3D('',#20563,#16226,#16227);
#13873=AXIS2_PLACEMENT_3D('',#20566,#16229,#16230);
#13874=AXIS2_PLACEMENT_3D('',#20571,#16232,#16233);
#13875=AXIS2_PLACEMENT_3D('',#20575,#16235,#16236);
#13876=AXIS2_PLACEMENT_3D('',#20579,#16238,#16239);
#13877=AXIS2_PLACEMENT_3D('',#20582,#16241,#16242);
#13878=AXIS2_PLACEMENT_3D('',#20587,#16244,#16245);
#13879=AXIS2_PLACEMENT_3D('',#20590,#16247,#16248);
#13880=AXIS2_PLACEMENT_3D('',#20595,#16250,#16251);
#13881=AXIS2_PLACEMENT_3D('',#20601,#16254,#16255);
#13882=AXIS2_PLACEMENT_3D('',#20605,#16257,#16258);
#13883=AXIS2_PLACEMENT_3D('',#20609,#16260,#16261);
#13884=AXIS2_PLACEMENT_3D('',#20613,#16263,#16264);
#13885=AXIS2_PLACEMENT_3D('',#20617,#16266,#16267);
#13886=AXIS2_PLACEMENT_3D('',#20621,#16269,#16270);
#13887=AXIS2_PLACEMENT_3D('',#20625,#16272,#16273);
#13888=AXIS2_PLACEMENT_3D('',#20629,#16275,#16276);
#13889=AXIS2_PLACEMENT_3D('',#20633,#16278,#16279);
#13890=AXIS2_PLACEMENT_3D('',#20637,#16281,#16282);
#13891=AXIS2_PLACEMENT_3D('',#20641,#16284,#16285);
#13892=AXIS2_PLACEMENT_3D('',#20645,#16287,#16288);
#13893=AXIS2_PLACEMENT_3D('',#20649,#16290,#16291);
#13894=AXIS2_PLACEMENT_3D('',#20653,#16293,#16294);
#13895=AXIS2_PLACEMENT_3D('',#20657,#16296,#16297);
#13896=AXIS2_PLACEMENT_3D('',#20661,#16299,#16300);
#13897=AXIS2_PLACEMENT_3D('',#20662,#16301,#16302);
#13898=AXIS2_PLACEMENT_3D('',#20667,#16304,#16305);
#13899=AXIS2_PLACEMENT_3D('',#20670,#16307,#16308);
#13900=AXIS2_PLACEMENT_3D('',#20675,#16310,#16311);
#13901=AXIS2_PLACEMENT_3D('',#20681,#16314,#16315);
#13902=AXIS2_PLACEMENT_3D('',#20685,#16317,#16318);
#13903=AXIS2_PLACEMENT_3D('',#20689,#16320,#16321);
#13904=AXIS2_PLACEMENT_3D('',#20693,#16323,#16324);
#13905=AXIS2_PLACEMENT_3D('',#20697,#16326,#16327);
#13906=AXIS2_PLACEMENT_3D('',#20701,#16329,#16330);
#13907=AXIS2_PLACEMENT_3D('',#20705,#16332,#16333);
#13908=AXIS2_PLACEMENT_3D('',#20709,#16335,#16336);
#13909=AXIS2_PLACEMENT_3D('',#20710,#16337,#16338);
#13910=AXIS2_PLACEMENT_3D('',#20715,#16340,#16341);
#13911=AXIS2_PLACEMENT_3D('',#20719,#16343,#16344);
#13912=AXIS2_PLACEMENT_3D('',#20723,#16346,#16347);
#13913=AXIS2_PLACEMENT_3D('',#20726,#16349,#16350);
#13914=AXIS2_PLACEMENT_3D('',#20731,#16352,#16353);
#13915=AXIS2_PLACEMENT_3D('',#20735,#16355,#16356);
#13916=AXIS2_PLACEMENT_3D('',#20739,#16358,#16359);
#13917=AXIS2_PLACEMENT_3D('',#20745,#16362,#16363);
#13918=AXIS2_PLACEMENT_3D('',#20751,#16366,#16367);
#13919=AXIS2_PLACEMENT_3D('',#20759,#16371,#16372);
#13920=AXIS2_PLACEMENT_3D('',#20765,#16375,#16376);
#13921=AXIS2_PLACEMENT_3D('',#20769,#16378,#16379);
#13922=AXIS2_PLACEMENT_3D('',#20773,#16381,#16382);
#13923=AXIS2_PLACEMENT_3D('',#20777,#16384,#16385);
#13924=AXIS2_PLACEMENT_3D('',#20781,#16387,#16388);
#13925=AXIS2_PLACEMENT_3D('',#20785,#16390,#16391);
#13926=AXIS2_PLACEMENT_3D('',#20789,#16393,#16394);
#13927=AXIS2_PLACEMENT_3D('',#20793,#16396,#16397);
#13928=AXIS2_PLACEMENT_3D('',#20797,#16399,#16400);
#13929=AXIS2_PLACEMENT_3D('',#20798,#16401,#16402);
#13930=AXIS2_PLACEMENT_3D('',#20805,#16405,#16406);
#13931=AXIS2_PLACEMENT_3D('',#20810,#16409,#16410);
#13932=AXIS2_PLACEMENT_3D('',#20817,#16413,#16414);
#13933=AXIS2_PLACEMENT_3D('',#20825,#16418,#16419);
#13934=AXIS2_PLACEMENT_3D('',#20830,#16422,#16423);
#13935=AXIS2_PLACEMENT_3D('',#20835,#16425,#16426);
#13936=AXIS2_PLACEMENT_3D('',#20838,#16428,#16429);
#13937=AXIS2_PLACEMENT_3D('',#20843,#16431,#16432);
#13938=AXIS2_PLACEMENT_3D('',#20849,#16435,#16436);
#13939=AXIS2_PLACEMENT_3D('',#20853,#16438,#16439);
#13940=AXIS2_PLACEMENT_3D('',#20857,#16441,#16442);
#13941=AXIS2_PLACEMENT_3D('',#20861,#16444,#16445);
#13942=AXIS2_PLACEMENT_3D('',#20865,#16447,#16448);
#13943=AXIS2_PLACEMENT_3D('',#20869,#16450,#16451);
#13944=AXIS2_PLACEMENT_3D('',#20873,#16453,#16454);
#13945=AXIS2_PLACEMENT_3D('',#20877,#16456,#16457);
#13946=AXIS2_PLACEMENT_3D('',#20881,#16459,#16460);
#13947=AXIS2_PLACEMENT_3D('',#20885,#16462,#16463);
#13948=AXIS2_PLACEMENT_3D('',#20886,#16464,#16465);
#13949=AXIS2_PLACEMENT_3D('',#20891,#16467,#16468);
#13950=AXIS2_PLACEMENT_3D('',#20894,#16470,#16471);
#13951=AXIS2_PLACEMENT_3D('',#20899,#16473,#16474);
#13952=AXIS2_PLACEMENT_3D('',#20905,#16477,#16478);
#13953=AXIS2_PLACEMENT_3D('',#20909,#16480,#16481);
#13954=AXIS2_PLACEMENT_3D('',#20910,#16482,#16483);
#13955=AXIS2_PLACEMENT_3D('',#20915,#16485,#16486);
#13956=AXIS2_PLACEMENT_3D('',#20919,#16488,#16489);
#13957=AXIS2_PLACEMENT_3D('',#20923,#16491,#16492);
#13958=AXIS2_PLACEMENT_3D('',#20926,#16494,#16495);
#13959=AXIS2_PLACEMENT_3D('',#20931,#16497,#16498);
#13960=AXIS2_PLACEMENT_3D('',#20935,#16500,#16501);
#13961=AXIS2_PLACEMENT_3D('',#20939,#16503,#16504);
#13962=AXIS2_PLACEMENT_3D('',#20945,#16507,#16508);
#13963=AXIS2_PLACEMENT_3D('',#20949,#16510,#16511);
#13964=AXIS2_PLACEMENT_3D('',#20953,#16513,#16514);
#13965=AXIS2_PLACEMENT_3D('',#20957,#16516,#16517);
#13966=AXIS2_PLACEMENT_3D('',#20961,#16519,#16520);
#13967=AXIS2_PLACEMENT_3D('',#20965,#16522,#16523);
#13968=AXIS2_PLACEMENT_3D('',#20969,#16525,#16526);
#13969=AXIS2_PLACEMENT_3D('',#20973,#16528,#16529);
#13970=AXIS2_PLACEMENT_3D('',#20977,#16531,#16532);
#13971=AXIS2_PLACEMENT_3D('',#20981,#16534,#16535);
#13972=AXIS2_PLACEMENT_3D('',#20985,#16537,#16538);
#13973=AXIS2_PLACEMENT_3D('',#20987,#16539,#16540);
#13974=AXIS2_PLACEMENT_3D('',#20989,#16541,#16542);
#13975=AXIS2_PLACEMENT_3D('',#20990,#16543,#16544);
#13976=AXIS2_PLACEMENT_3D('',#20991,#16545,#16546);
#13977=AXIS2_PLACEMENT_3D('',#20994,#16549,#16550);
#13978=AXIS2_PLACEMENT_3D('',#20997,#16553,#16554);
#13979=AXIS2_PLACEMENT_3D('',#21000,#16557,#16558);
#13980=AXIS2_PLACEMENT_3D('',#21003,#16561,#16562);
#13981=AXIS2_PLACEMENT_3D('',#21006,#16565,#16566);
#13982=AXIS2_PLACEMENT_3D('',#21009,#16569,#16570);
#13983=AXIS2_PLACEMENT_3D('',#21012,#16573,#16574);
#13984=AXIS2_PLACEMENT_3D('',#21015,#16577,#16578);
#13985=AXIS2_PLACEMENT_3D('',#21018,#16581,#16582);
#13986=AXIS2_PLACEMENT_3D('',#21021,#16585,#16586);
#13987=AXIS2_PLACEMENT_3D('',#21024,#16589,#16590);
#13988=AXIS2_PLACEMENT_3D('',#21027,#16593,#16594);
#13989=AXIS2_PLACEMENT_3D('',#21030,#16597,#16598);
#13990=AXIS2_PLACEMENT_3D('',#21033,#16601,#16602);
#13991=AXIS2_PLACEMENT_3D('',#21036,#16605,#16606);
#13992=AXIS2_PLACEMENT_3D('',#21039,#16609,#16610);
#13993=AXIS2_PLACEMENT_3D('',#21042,#16613,#16614);
#13994=AXIS2_PLACEMENT_3D('',#21045,#16617,#16618);
#13995=AXIS2_PLACEMENT_3D('',#21048,#16621,#16622);
#13996=AXIS2_PLACEMENT_3D('',#21051,#16625,#16626);
#13997=AXIS2_PLACEMENT_3D('',#21054,#16629,#16630);
#13998=AXIS2_PLACEMENT_3D('',#21057,#16633,#16634);
#13999=AXIS2_PLACEMENT_3D('',#21060,#16637,#16638);
#14000=AXIS2_PLACEMENT_3D('',#21063,#16641,#16642);
#14001=AXIS2_PLACEMENT_3D('',#21066,#16645,#16646);
#14002=AXIS2_PLACEMENT_3D('',#21069,#16649,#16650);
#14003=AXIS2_PLACEMENT_3D('',#21072,#16653,#16654);
#14004=AXIS2_PLACEMENT_3D('',#21075,#16657,#16658);
#14005=AXIS2_PLACEMENT_3D('',#21078,#16661,#16662);
#14006=AXIS2_PLACEMENT_3D('',#21081,#16665,#16666);
#14007=AXIS2_PLACEMENT_3D('',#21084,#16669,#16670);
#14008=AXIS2_PLACEMENT_3D('',#21087,#16673,#16674);
#14009=AXIS2_PLACEMENT_3D('',#21090,#16677,#16678);
#14010=AXIS2_PLACEMENT_3D('',#21093,#16681,#16682);
#14011=AXIS2_PLACEMENT_3D('',#21096,#16685,#16686);
#14012=AXIS2_PLACEMENT_3D('',#21099,#16689,#16690);
#14013=AXIS2_PLACEMENT_3D('',#21102,#16693,#16694);
#14014=AXIS2_PLACEMENT_3D('',#21105,#16697,#16698);
#14015=AXIS2_PLACEMENT_3D('',#21108,#16701,#16702);
#14016=AXIS2_PLACEMENT_3D('',#21111,#16705,#16706);
#14017=AXIS2_PLACEMENT_3D('',#21114,#16709,#16710);
#14018=AXIS2_PLACEMENT_3D('',#21117,#16713,#16714);
#14019=AXIS2_PLACEMENT_3D('',#21120,#16717,#16718);
#14020=AXIS2_PLACEMENT_3D('',#21123,#16721,#16722);
#14021=AXIS2_PLACEMENT_3D('',#21126,#16725,#16726);
#14022=AXIS2_PLACEMENT_3D('',#21129,#16729,#16730);
#14023=AXIS2_PLACEMENT_3D('',#21132,#16733,#16734);
#14024=AXIS2_PLACEMENT_3D('',#21135,#16737,#16738);
#14025=AXIS2_PLACEMENT_3D('',#21138,#16741,#16742);
#14026=AXIS2_PLACEMENT_3D('',#21141,#16745,#16746);
#14027=AXIS2_PLACEMENT_3D('',#21144,#16749,#16750);
#14028=AXIS2_PLACEMENT_3D('',#21147,#16753,#16754);
#14029=AXIS2_PLACEMENT_3D('',#21150,#16757,#16758);
#14030=AXIS2_PLACEMENT_3D('',#21153,#16761,#16762);
#14031=AXIS2_PLACEMENT_3D('',#21156,#16765,#16766);
#14032=AXIS2_PLACEMENT_3D('',#21159,#16769,#16770);
#14033=AXIS2_PLACEMENT_3D('',#21162,#16773,#16774);
#14034=AXIS2_PLACEMENT_3D('',#21165,#16777,#16778);
#14035=AXIS2_PLACEMENT_3D('',#21168,#16781,#16782);
#14036=AXIS2_PLACEMENT_3D('',#21171,#16785,#16786);
#14037=AXIS2_PLACEMENT_3D('',#21174,#16789,#16790);
#14038=AXIS2_PLACEMENT_3D('',#21177,#16793,#16794);
#14039=AXIS2_PLACEMENT_3D('',#21180,#16797,#16798);
#14040=AXIS2_PLACEMENT_3D('',#21183,#16801,#16802);
#14041=AXIS2_PLACEMENT_3D('',#21186,#16805,#16806);
#14042=AXIS2_PLACEMENT_3D('',#21189,#16809,#16810);
#14043=AXIS2_PLACEMENT_3D('',#21192,#16813,#16814);
#14044=AXIS2_PLACEMENT_3D('',#21195,#16817,#16818);
#14045=AXIS2_PLACEMENT_3D('',#21198,#16821,#16822);
#14046=AXIS2_PLACEMENT_3D('',#21201,#16825,#16826);
#14047=AXIS2_PLACEMENT_3D('',#21204,#16829,#16830);
#14048=AXIS2_PLACEMENT_3D('',#21207,#16833,#16834);
#14049=AXIS2_PLACEMENT_3D('',#21210,#16837,#16838);
#14050=AXIS2_PLACEMENT_3D('',#21213,#16841,#16842);
#14051=AXIS2_PLACEMENT_3D('',#21216,#16845,#16846);
#14052=AXIS2_PLACEMENT_3D('',#21219,#16849,#16850);
#14053=AXIS2_PLACEMENT_3D('',#21222,#16853,#16854);
#14054=AXIS2_PLACEMENT_3D('',#21225,#16857,#16858);
#14055=AXIS2_PLACEMENT_3D('',#21228,#16861,#16862);
#14056=AXIS2_PLACEMENT_3D('',#21231,#16865,#16866);
#14057=AXIS2_PLACEMENT_3D('',#21234,#16869,#16870);
#14058=AXIS2_PLACEMENT_3D('',#21237,#16873,#16874);
#14059=AXIS2_PLACEMENT_3D('',#21240,#16877,#16878);
#14060=AXIS2_PLACEMENT_3D('',#21243,#16881,#16882);
#14061=AXIS2_PLACEMENT_3D('',#21246,#16885,#16886);
#14062=AXIS2_PLACEMENT_3D('',#21249,#16889,#16890);
#14063=AXIS2_PLACEMENT_3D('',#21252,#16893,#16894);
#14064=AXIS2_PLACEMENT_3D('',#21255,#16897,#16898);
#14065=AXIS2_PLACEMENT_3D('',#21258,#16901,#16902);
#14066=AXIS2_PLACEMENT_3D('',#21261,#16905,#16906);
#14067=AXIS2_PLACEMENT_3D('',#21264,#16909,#16910);
#14068=AXIS2_PLACEMENT_3D('',#21267,#16913,#16914);
#14069=AXIS2_PLACEMENT_3D('',#21270,#16917,#16918);
#14070=AXIS2_PLACEMENT_3D('',#21273,#16921,#16922);
#14071=AXIS2_PLACEMENT_3D('',#21276,#16925,#16926);
#14072=AXIS2_PLACEMENT_3D('',#21279,#16929,#16930);
#14073=AXIS2_PLACEMENT_3D('',#21282,#16933,#16934);
#14074=AXIS2_PLACEMENT_3D('',#21285,#16937,#16938);
#14075=AXIS2_PLACEMENT_3D('',#21288,#16941,#16942);
#14076=AXIS2_PLACEMENT_3D('',#21291,#16945,#16946);
#14077=AXIS2_PLACEMENT_3D('',#21294,#16949,#16950);
#14078=AXIS2_PLACEMENT_3D('',#21297,#16953,#16954);
#14079=AXIS2_PLACEMENT_3D('',#21300,#16957,#16958);
#14080=AXIS2_PLACEMENT_3D('',#21303,#16961,#16962);
#14081=AXIS2_PLACEMENT_3D('',#21306,#16965,#16966);
#14082=AXIS2_PLACEMENT_3D('',#21309,#16969,#16970);
#14083=AXIS2_PLACEMENT_3D('',#21312,#16973,#16974);
#14084=AXIS2_PLACEMENT_3D('',#21315,#16977,#16978);
#14085=AXIS2_PLACEMENT_3D('',#21318,#16981,#16982);
#14086=AXIS2_PLACEMENT_3D('',#21321,#16985,#16986);
#14087=AXIS2_PLACEMENT_3D('',#21324,#16989,#16990);
#14088=AXIS2_PLACEMENT_3D('',#21327,#16993,#16994);
#14089=AXIS2_PLACEMENT_3D('',#21330,#16997,#16998);
#14090=AXIS2_PLACEMENT_3D('',#21333,#17001,#17002);
#14091=AXIS2_PLACEMENT_3D('',#21336,#17005,#17006);
#14092=AXIS2_PLACEMENT_3D('',#21337,#17007,#17008);
#14093=AXIS2_PLACEMENT_3D('',#21338,#17009,#17010);
#14094=AXIS2_PLACEMENT_3D('',#21339,#17011,#17012);
#14095=AXIS2_PLACEMENT_3D('',#21340,#17013,#17014);
#14096=AXIS2_PLACEMENT_3D('',#21341,#17015,#17016);
#14097=AXIS2_PLACEMENT_3D('',#21342,#17017,#17018);
#14098=AXIS2_PLACEMENT_3D('',#21343,#17019,#17020);
#14099=AXIS2_PLACEMENT_3D('',#21344,#17021,#17022);
#14100=AXIS2_PLACEMENT_3D('',#21345,#17023,#17024);
#14101=AXIS2_PLACEMENT_3D('',#21346,#17025,#17026);
#14102=AXIS2_PLACEMENT_3D('',#21347,#17027,#17028);
#14103=AXIS2_PLACEMENT_3D('',#21348,#17029,#17030);
#14104=AXIS2_PLACEMENT_3D('',#21349,#17031,#17032);
#14105=AXIS2_PLACEMENT_3D('',#21350,#17033,#17034);
#14106=AXIS2_PLACEMENT_3D('',#21351,#17035,#17036);
#14107=AXIS2_PLACEMENT_3D('',#21352,#17037,#17038);
#14108=AXIS2_PLACEMENT_3D('',#21353,#17039,#17040);
#14109=AXIS2_PLACEMENT_3D('',#21354,#17041,#17042);
#14110=AXIS2_PLACEMENT_3D('',#21355,#17043,#17044);
#14111=AXIS2_PLACEMENT_3D('',#21356,#17045,#17046);
#14112=AXIS2_PLACEMENT_3D('',#21357,#17047,#17048);
#14113=AXIS2_PLACEMENT_3D('',#21358,#17049,#17050);
#14114=AXIS2_PLACEMENT_3D('',#21359,#17051,#17052);
#14115=AXIS2_PLACEMENT_3D('',#21360,#17053,#17054);
#14116=AXIS2_PLACEMENT_3D('',#21361,#17055,#17056);
#14117=AXIS2_PLACEMENT_3D('',#21362,#17057,#17058);
#14118=AXIS2_PLACEMENT_3D('',#21363,#17059,#17060);
#14119=AXIS2_PLACEMENT_3D('',#21364,#17061,#17062);
#14120=AXIS2_PLACEMENT_3D('',#21365,#17063,#17064);
#14121=AXIS2_PLACEMENT_3D('',#21366,#17065,#17066);
#14122=AXIS2_PLACEMENT_3D('',#21367,#17067,#17068);
#14123=AXIS2_PLACEMENT_3D('',#21368,#17069,#17070);
#14124=AXIS2_PLACEMENT_3D('',#21369,#17071,#17072);
#14125=AXIS2_PLACEMENT_3D('',#21370,#17073,#17074);
#14126=AXIS2_PLACEMENT_3D('',#21371,#17075,#17076);
#14127=AXIS2_PLACEMENT_3D('',#21373,#17078,#17079);
#14128=AXIS2_PLACEMENT_3D('',#21375,#17081,#17082);
#14129=AXIS2_PLACEMENT_3D('',#21377,#17084,#17085);
#14130=AXIS2_PLACEMENT_3D('',#21379,#17087,#17088);
#14131=AXIS2_PLACEMENT_3D('',#21381,#17090,#17091);
#14132=AXIS2_PLACEMENT_3D('',#21383,#17093,#17094);
#14133=AXIS2_PLACEMENT_3D('',#21385,#17096,#17097);
#14134=AXIS2_PLACEMENT_3D('',#21387,#17099,#17100);
#14135=AXIS2_PLACEMENT_3D('',#21389,#17102,#17103);
#14136=AXIS2_PLACEMENT_3D('',#21391,#17105,#17106);
#14137=AXIS2_PLACEMENT_3D('',#21392,#17107,#17108);
#14138=AXIS2_PLACEMENT_3D('',#21394,#17110,#17111);
#14139=AXIS2_PLACEMENT_3D('',#21396,#17113,#17114);
#14140=AXIS2_PLACEMENT_3D('',#21397,#17115,#17116);
#14141=AXIS2_PLACEMENT_3D('',#21399,#17118,#17119);
#14142=AXIS2_PLACEMENT_3D('',#21401,#17121,#17122);
#14143=AXIS2_PLACEMENT_3D('',#21402,#17123,#17124);
#14144=AXIS2_PLACEMENT_3D('',#21404,#17126,#17127);
#14145=AXIS2_PLACEMENT_3D('',#21406,#17129,#17130);
#14146=AXIS2_PLACEMENT_3D('',#21407,#17131,#17132);
#14147=AXIS2_PLACEMENT_3D('',#21409,#17134,#17135);
#14148=AXIS2_PLACEMENT_3D('',#21411,#17137,#17138);
#14149=AXIS2_PLACEMENT_3D('',#21413,#17140,#17141);
#14150=AXIS2_PLACEMENT_3D('',#21415,#17143,#17144);
#14151=AXIS2_PLACEMENT_3D('',#21417,#17146,#17147);
#14152=AXIS2_PLACEMENT_3D('',#21419,#17149,#17150);
#14153=AXIS2_PLACEMENT_3D('',#21420,#17151,#17152);
#14154=AXIS2_PLACEMENT_3D('',#21422,#17154,#17155);
#14155=AXIS2_PLACEMENT_3D('',#21424,#17157,#17158);
#14156=AXIS2_PLACEMENT_3D('',#21426,#17160,#17161);
#14157=AXIS2_PLACEMENT_3D('',#21428,#17163,#17164);
#14158=AXIS2_PLACEMENT_3D('',#21430,#17166,#17167);
#14159=AXIS2_PLACEMENT_3D('',#21432,#17169,#17170);
#14160=AXIS2_PLACEMENT_3D('',#21433,#17171,#17172);
#14161=AXIS2_PLACEMENT_3D('',#21435,#17174,#17175);
#14162=AXIS2_PLACEMENT_3D('',#21437,#17177,#17178);
#14163=AXIS2_PLACEMENT_3D('',#21438,#17179,#17180);
#14164=AXIS2_PLACEMENT_3D('',#21440,#17182,#17183);
#14165=AXIS2_PLACEMENT_3D('',#21442,#17185,#17186);
#14166=AXIS2_PLACEMENT_3D('',#21443,#17187,#17188);
#14167=AXIS2_PLACEMENT_3D('',#21445,#17190,#17191);
#14168=AXIS2_PLACEMENT_3D('',#21447,#17193,#17194);
#14169=AXIS2_PLACEMENT_3D('',#21448,#17195,#17196);
#14170=AXIS2_PLACEMENT_3D('',#21450,#17198,#17199);
#14171=AXIS2_PLACEMENT_3D('',#21452,#17201,#17202);
#14172=AXIS2_PLACEMENT_3D('',#21453,#17203,#17204);
#14173=AXIS2_PLACEMENT_3D('',#21455,#17206,#17207);
#14174=AXIS2_PLACEMENT_3D('',#21457,#17209,#17210);
#14175=AXIS2_PLACEMENT_3D('',#21459,#17212,#17213);
#14176=AXIS2_PLACEMENT_3D('',#21461,#17215,#17216);
#14177=AXIS2_PLACEMENT_3D('',#21463,#17218,#17219);
#14178=AXIS2_PLACEMENT_3D('',#21465,#17221,#17222);
#14179=AXIS2_PLACEMENT_3D('',#21466,#17223,#17224);
#14180=AXIS2_PLACEMENT_3D('',#21468,#17226,#17227);
#14181=AXIS2_PLACEMENT_3D('',#21470,#17229,#17230);
#14182=AXIS2_PLACEMENT_3D('',#21472,#17232,#17233);
#14183=AXIS2_PLACEMENT_3D('',#21474,#17235,#17236);
#14184=AXIS2_PLACEMENT_3D('',#21476,#17238,#17239);
#14185=AXIS2_PLACEMENT_3D('',#21478,#17241,#17242);
#14186=AXIS2_PLACEMENT_3D('',#21479,#17243,#17244);
#14187=AXIS2_PLACEMENT_3D('',#21481,#17246,#17247);
#14188=AXIS2_PLACEMENT_3D('',#21483,#17249,#17250);
#14189=AXIS2_PLACEMENT_3D('',#21484,#17251,#17252);
#14190=AXIS2_PLACEMENT_3D('',#21486,#17254,#17255);
#14191=AXIS2_PLACEMENT_3D('',#21488,#17257,#17258);
#14192=AXIS2_PLACEMENT_3D('',#21489,#17259,#17260);
#14193=AXIS2_PLACEMENT_3D('',#21491,#17262,#17263);
#14194=AXIS2_PLACEMENT_3D('',#21493,#17265,#17266);
#14195=AXIS2_PLACEMENT_3D('',#21495,#17268,#17269);
#14196=AXIS2_PLACEMENT_3D('',#21497,#17271,#17272);
#14197=AXIS2_PLACEMENT_3D('',#21499,#17274,#17275);
#14198=AXIS2_PLACEMENT_3D('',#21501,#17277,#17278);
#14199=AXIS2_PLACEMENT_3D('',#21503,#17280,#17281);
#14200=AXIS2_PLACEMENT_3D('',#21505,#17283,#17284);
#14201=AXIS2_PLACEMENT_3D('',#21506,#17285,#17286);
#14202=AXIS2_PLACEMENT_3D('',#21508,#17288,#17289);
#14203=AXIS2_PLACEMENT_3D('',#21510,#17291,#17292);
#14204=AXIS2_PLACEMENT_3D('',#21512,#17294,#17295);
#14205=AXIS2_PLACEMENT_3D('',#21514,#17297,#17298);
#14206=AXIS2_PLACEMENT_3D('',#21515,#17299,#17300);
#14207=AXIS2_PLACEMENT_3D('',#21517,#17302,#17303);
#14208=AXIS2_PLACEMENT_3D('',#21519,#17305,#17306);
#14209=AXIS2_PLACEMENT_3D('',#21520,#17307,#17308);
#14210=AXIS2_PLACEMENT_3D('',#21522,#17310,#17311);
#14211=AXIS2_PLACEMENT_3D('',#21524,#17313,#17314);
#14212=AXIS2_PLACEMENT_3D('',#21525,#17315,#17316);
#14213=AXIS2_PLACEMENT_3D('',#21527,#17318,#17319);
#14214=AXIS2_PLACEMENT_3D('',#21529,#17321,#17322);
#14215=AXIS2_PLACEMENT_3D('',#21530,#17323,#17324);
#14216=AXIS2_PLACEMENT_3D('',#21532,#17326,#17327);
#14217=AXIS2_PLACEMENT_3D('',#21534,#17329,#17330);
#14218=AXIS2_PLACEMENT_3D('',#21535,#17331,#17332);
#14219=AXIS2_PLACEMENT_3D('',#21537,#17334,#17335);
#14220=AXIS2_PLACEMENT_3D('',#21539,#17337,#17338);
#14221=AXIS2_PLACEMENT_3D('',#21541,#17340,#17341);
#14222=AXIS2_PLACEMENT_3D('',#21543,#17343,#17344);
#14223=AXIS2_PLACEMENT_3D('',#21544,#17345,#17346);
#14224=AXIS2_PLACEMENT_3D('',#21546,#17348,#17349);
#14225=AXIS2_PLACEMENT_3D('',#21548,#17351,#17352);
#14226=AXIS2_PLACEMENT_3D('',#21550,#17354,#17355);
#14227=AXIS2_PLACEMENT_3D('',#21552,#17357,#17358);
#14228=AXIS2_PLACEMENT_3D('',#21553,#17359,#17360);
#14229=AXIS2_PLACEMENT_3D('',#21555,#17362,#17363);
#14230=AXIS2_PLACEMENT_3D('',#21557,#17365,#17366);
#14231=AXIS2_PLACEMENT_3D('',#21559,#17368,#17369);
#14232=AXIS2_PLACEMENT_3D('',#21561,#17371,#17372);
#14233=AXIS2_PLACEMENT_3D('',#21563,#17374,#17375);
#14234=AXIS2_PLACEMENT_3D('',#21565,#17377,#17378);
#14235=AXIS2_PLACEMENT_3D('',#21566,#17379,#17380);
#14236=AXIS2_PLACEMENT_3D('',#21568,#17382,#17383);
#14237=AXIS2_PLACEMENT_3D('',#21570,#17385,#17386);
#14238=AXIS2_PLACEMENT_3D('',#21572,#17388,#17389);
#14239=AXIS2_PLACEMENT_3D('',#21574,#17391,#17392);
#14240=AXIS2_PLACEMENT_3D('',#21576,#17394,#17395);
#14241=AXIS2_PLACEMENT_3D('',#21578,#17397,#17398);
#14242=AXIS2_PLACEMENT_3D('',#21579,#17399,#17400);
#14243=AXIS2_PLACEMENT_3D('',#21581,#17402,#17403);
#14244=AXIS2_PLACEMENT_3D('',#21583,#17405,#17406);
#14245=AXIS2_PLACEMENT_3D('',#21584,#17407,#17408);
#14246=AXIS2_PLACEMENT_3D('',#21586,#17410,#17411);
#14247=AXIS2_PLACEMENT_3D('',#21588,#17413,#17414);
#14248=AXIS2_PLACEMENT_3D('',#21589,#17415,#17416);
#14249=AXIS2_PLACEMENT_3D('',#21591,#17418,#17419);
#14250=AXIS2_PLACEMENT_3D('',#21593,#17421,#17422);
#14251=AXIS2_PLACEMENT_3D('',#21594,#17423,#17424);
#14252=AXIS2_PLACEMENT_3D('',#21596,#17426,#17427);
#14253=AXIS2_PLACEMENT_3D('',#21598,#17429,#17430);
#14254=AXIS2_PLACEMENT_3D('',#21599,#17431,#17432);
#14255=AXIS2_PLACEMENT_3D('',#21601,#17434,#17435);
#14256=AXIS2_PLACEMENT_3D('',#21603,#17437,#17438);
#14257=AXIS2_PLACEMENT_3D('',#21604,#17439,#17440);
#14258=AXIS2_PLACEMENT_3D('',#21606,#17442,#17443);
#14259=AXIS2_PLACEMENT_3D('',#21608,#17445,#17446);
#14260=AXIS2_PLACEMENT_3D('',#21609,#17447,#17448);
#14261=AXIS2_PLACEMENT_3D('',#21611,#17450,#17451);
#14262=AXIS2_PLACEMENT_3D('',#21613,#17453,#17454);
#14263=AXIS2_PLACEMENT_3D('',#21615,#17456,#17457);
#14264=AXIS2_PLACEMENT_3D('',#21617,#17459,#17460);
#14265=AXIS2_PLACEMENT_3D('',#21619,#17462,#17463);
#14266=AXIS2_PLACEMENT_3D('',#21621,#17465,#17466);
#14267=AXIS2_PLACEMENT_3D('',#21622,#17467,#17468);
#14268=AXIS2_PLACEMENT_3D('',#21624,#17470,#17471);
#14269=AXIS2_PLACEMENT_3D('',#21626,#17473,#17474);
#14270=AXIS2_PLACEMENT_3D('',#21628,#17476,#17477);
#14271=AXIS2_PLACEMENT_3D('',#21630,#17479,#17480);
#14272=AXIS2_PLACEMENT_3D('',#21632,#17482,#17483);
#14273=AXIS2_PLACEMENT_3D('',#21634,#17485,#17486);
#14274=AXIS2_PLACEMENT_3D('',#21635,#17487,#17488);
#14275=AXIS2_PLACEMENT_3D('',#21637,#17490,#17491);
#14276=AXIS2_PLACEMENT_3D('',#21639,#17493,#17494);
#14277=AXIS2_PLACEMENT_3D('',#21640,#17495,#17496);
#14278=AXIS2_PLACEMENT_3D('',#21642,#17498,#17499);
#14279=AXIS2_PLACEMENT_3D('',#21644,#17501,#17502);
#14280=AXIS2_PLACEMENT_3D('',#21645,#17503,#17504);
#14281=AXIS2_PLACEMENT_3D('',#21647,#17506,#17507);
#14282=AXIS2_PLACEMENT_3D('',#21649,#17509,#17510);
#14283=AXIS2_PLACEMENT_3D('',#21650,#17511,#17512);
#14284=AXIS2_PLACEMENT_3D('',#21652,#17514,#17515);
#14285=AXIS2_PLACEMENT_3D('',#21654,#17517,#17518);
#14286=AXIS2_PLACEMENT_3D('',#21655,#17519,#17520);
#14287=AXIS2_PLACEMENT_3D('',#21657,#17522,#17523);
#14288=AXIS2_PLACEMENT_3D('',#21659,#17525,#17526);
#14289=AXIS2_PLACEMENT_3D('',#21660,#17527,#17528);
#14290=AXIS2_PLACEMENT_3D('',#21662,#17530,#17531);
#14291=AXIS2_PLACEMENT_3D('',#21664,#17533,#17534);
#14292=AXIS2_PLACEMENT_3D('',#21665,#17535,#17536);
#14293=AXIS2_PLACEMENT_3D('',#21667,#17538,#17539);
#14294=AXIS2_PLACEMENT_3D('',#21669,#17541,#17542);
#14295=AXIS2_PLACEMENT_3D('',#21671,#17544,#17545);
#14296=AXIS2_PLACEMENT_3D('',#21673,#17547,#17548);
#14297=AXIS2_PLACEMENT_3D('',#21675,#17550,#17551);
#14298=AXIS2_PLACEMENT_3D('',#21677,#17553,#17554);
#14299=AXIS2_PLACEMENT_3D('',#21678,#17555,#17556);
#14300=AXIS2_PLACEMENT_3D('',#21680,#17558,#17559);
#14301=AXIS2_PLACEMENT_3D('',#21682,#17561,#17562);
#14302=AXIS2_PLACEMENT_3D('',#21684,#17564,#17565);
#14303=AXIS2_PLACEMENT_3D('',#21686,#17567,#17568);
#14304=AXIS2_PLACEMENT_3D('',#21688,#17570,#17571);
#14305=AXIS2_PLACEMENT_3D('',#21690,#17573,#17574);
#14306=AXIS2_PLACEMENT_3D('',#21691,#17575,#17576);
#14307=AXIS2_PLACEMENT_3D('',#21693,#17578,#17579);
#14308=AXIS2_PLACEMENT_3D('',#21695,#17581,#17582);
#14309=AXIS2_PLACEMENT_3D('',#21696,#17583,#17584);
#14310=AXIS2_PLACEMENT_3D('',#21698,#17586,#17587);
#14311=AXIS2_PLACEMENT_3D('',#21700,#17589,#17590);
#14312=AXIS2_PLACEMENT_3D('',#21701,#17591,#17592);
#14313=AXIS2_PLACEMENT_3D('',#21703,#17594,#17595);
#14314=AXIS2_PLACEMENT_3D('',#21705,#17597,#17598);
#14315=AXIS2_PLACEMENT_3D('',#21706,#17599,#17600);
#14316=AXIS2_PLACEMENT_3D('',#21708,#17602,#17603);
#14317=AXIS2_PLACEMENT_3D('',#21710,#17605,#17606);
#14318=AXIS2_PLACEMENT_3D('',#21711,#17607,#17608);
#14319=AXIS2_PLACEMENT_3D('',#21713,#17610,#17611);
#14320=AXIS2_PLACEMENT_3D('',#21715,#17613,#17614);
#14321=AXIS2_PLACEMENT_3D('',#21716,#17615,#17616);
#14322=AXIS2_PLACEMENT_3D('',#21718,#17618,#17619);
#14323=AXIS2_PLACEMENT_3D('',#21720,#17621,#17622);
#14324=AXIS2_PLACEMENT_3D('',#21722,#17624,#17625);
#14325=AXIS2_PLACEMENT_3D('',#21724,#17627,#17628);
#14326=AXIS2_PLACEMENT_3D('',#21725,#17629,#17630);
#14327=AXIS2_PLACEMENT_3D('',#21727,#17632,#17633);
#14328=AXIS2_PLACEMENT_3D('',#21729,#17635,#17636);
#14329=AXIS2_PLACEMENT_3D('',#21731,#17638,#17639);
#14330=AXIS2_PLACEMENT_3D('',#21733,#17641,#17642);
#14331=AXIS2_PLACEMENT_3D('',#21734,#17643,#17644);
#14332=AXIS2_PLACEMENT_3D('',#21736,#17646,#17647);
#14333=AXIS2_PLACEMENT_3D('',#21738,#17649,#17650);
#14334=AXIS2_PLACEMENT_3D('',#21739,#17651,#17652);
#14335=AXIS2_PLACEMENT_3D('',#21741,#17654,#17655);
#14336=AXIS2_PLACEMENT_3D('',#21743,#17657,#17658);
#14337=AXIS2_PLACEMENT_3D('',#21744,#17659,#17660);
#14338=AXIS2_PLACEMENT_3D('',#21746,#17662,#17663);
#14339=AXIS2_PLACEMENT_3D('',#21748,#17665,#17666);
#14340=AXIS2_PLACEMENT_3D('',#21749,#17667,#17668);
#14341=AXIS2_PLACEMENT_3D('',#21751,#17670,#17671);
#14342=AXIS2_PLACEMENT_3D('',#21753,#17673,#17674);
#14343=AXIS2_PLACEMENT_3D('',#21754,#17675,#17676);
#14344=AXIS2_PLACEMENT_3D('',#21756,#17678,#17679);
#14345=AXIS2_PLACEMENT_3D('',#21758,#17681,#17682);
#14346=AXIS2_PLACEMENT_3D('',#21759,#17683,#17684);
#14347=AXIS2_PLACEMENT_3D('',#21761,#17686,#17687);
#14348=AXIS2_PLACEMENT_3D('',#21763,#17689,#17690);
#14349=AXIS2_PLACEMENT_3D('',#21765,#17692,#17693);
#14350=AXIS2_PLACEMENT_3D('',#21767,#17695,#17696);
#14351=AXIS2_PLACEMENT_3D('',#21768,#17697,#17698);
#14352=AXIS2_PLACEMENT_3D('',#21770,#17700,#17701);
#14353=AXIS2_PLACEMENT_3D('',#21772,#17703,#17704);
#14354=AXIS2_PLACEMENT_3D('',#21774,#17706,#17707);
#14355=AXIS2_PLACEMENT_3D('',#21776,#17709,#17710);
#14356=AXIS2_PLACEMENT_3D('',#21777,#17711,#17712);
#14357=AXIS2_PLACEMENT_3D('',#21779,#17714,#17715);
#14358=AXIS2_PLACEMENT_3D('',#21781,#17717,#17718);
#14359=AXIS2_PLACEMENT_3D('',#21783,#17720,#17721);
#14360=AXIS2_PLACEMENT_3D('',#21785,#17723,#17724);
#14361=AXIS2_PLACEMENT_3D('',#21787,#17726,#17727);
#14362=AXIS2_PLACEMENT_3D('',#21789,#17729,#17730);
#14363=AXIS2_PLACEMENT_3D('',#21790,#17731,#17732);
#14364=AXIS2_PLACEMENT_3D('',#21792,#17734,#17735);
#14365=AXIS2_PLACEMENT_3D('',#21794,#17737,#17738);
#14366=AXIS2_PLACEMENT_3D('',#21796,#17740,#17741);
#14367=AXIS2_PLACEMENT_3D('',#21798,#17743,#17744);
#14368=AXIS2_PLACEMENT_3D('',#21800,#17746,#17747);
#14369=AXIS2_PLACEMENT_3D('',#21802,#17749,#17750);
#14370=AXIS2_PLACEMENT_3D('',#21803,#17751,#17752);
#14371=AXIS2_PLACEMENT_3D('',#21805,#17754,#17755);
#14372=AXIS2_PLACEMENT_3D('',#21807,#17757,#17758);
#14373=AXIS2_PLACEMENT_3D('',#21808,#17759,#17760);
#14374=AXIS2_PLACEMENT_3D('',#21810,#17762,#17763);
#14375=AXIS2_PLACEMENT_3D('',#21812,#17765,#17766);
#14376=AXIS2_PLACEMENT_3D('',#21813,#17767,#17768);
#14377=AXIS2_PLACEMENT_3D('',#21815,#17770,#17771);
#14378=AXIS2_PLACEMENT_3D('',#21817,#17773,#17774);
#14379=AXIS2_PLACEMENT_3D('',#21818,#17775,#17776);
#14380=AXIS2_PLACEMENT_3D('',#21820,#17778,#17779);
#14381=AXIS2_PLACEMENT_3D('',#21822,#17781,#17782);
#14382=AXIS2_PLACEMENT_3D('',#21823,#17783,#17784);
#14383=AXIS2_PLACEMENT_3D('',#21825,#17786,#17787);
#14384=AXIS2_PLACEMENT_3D('',#21827,#17789,#17790);
#14385=AXIS2_PLACEMENT_3D('',#21829,#17792,#17793);
#14386=AXIS2_PLACEMENT_3D('',#21831,#17795,#17796);
#14387=AXIS2_PLACEMENT_3D('',#21833,#17798,#17799);
#14388=AXIS2_PLACEMENT_3D('',#21835,#17801,#17802);
#14389=AXIS2_PLACEMENT_3D('',#21836,#17803,#17804);
#14390=AXIS2_PLACEMENT_3D('',#21838,#17806,#17807);
#14391=AXIS2_PLACEMENT_3D('',#21840,#17809,#17810);
#14392=AXIS2_PLACEMENT_3D('',#21842,#17812,#17813);
#14393=AXIS2_PLACEMENT_3D('',#21844,#17815,#17816);
#14394=AXIS2_PLACEMENT_3D('',#21846,#17818,#17819);
#14395=AXIS2_PLACEMENT_3D('',#21848,#17821,#17822);
#14396=AXIS2_PLACEMENT_3D('',#21849,#17823,#17824);
#14397=AXIS2_PLACEMENT_3D('',#21851,#17826,#17827);
#14398=AXIS2_PLACEMENT_3D('',#21853,#17829,#17830);
#14399=AXIS2_PLACEMENT_3D('',#21854,#17831,#17832);
#14400=AXIS2_PLACEMENT_3D('',#21856,#17834,#17835);
#14401=AXIS2_PLACEMENT_3D('',#21858,#17837,#17838);
#14402=AXIS2_PLACEMENT_3D('',#21859,#17839,#17840);
#14403=AXIS2_PLACEMENT_3D('',#21861,#17842,#17843);
#14404=AXIS2_PLACEMENT_3D('',#21863,#17845,#17846);
#14405=AXIS2_PLACEMENT_3D('',#21864,#17847,#17848);
#14406=AXIS2_PLACEMENT_3D('',#21866,#17850,#17851);
#14407=AXIS2_PLACEMENT_3D('',#21868,#17853,#17854);
#14408=AXIS2_PLACEMENT_3D('',#21869,#17855,#17856);
#14409=AXIS2_PLACEMENT_3D('',#21871,#17858,#17859);
#14410=AXIS2_PLACEMENT_3D('',#21873,#17861,#17862);
#14411=AXIS2_PLACEMENT_3D('',#21874,#17863,#17864);
#14412=AXIS2_PLACEMENT_3D('',#21876,#17866,#17867);
#14413=AXIS2_PLACEMENT_3D('',#21878,#17869,#17870);
#14414=AXIS2_PLACEMENT_3D('',#21879,#17871,#17872);
#14415=AXIS2_PLACEMENT_3D('',#21881,#17874,#17875);
#14416=AXIS2_PLACEMENT_3D('',#21883,#17877,#17878);
#14417=AXIS2_PLACEMENT_3D('',#21884,#17879,#17880);
#14418=AXIS2_PLACEMENT_3D('',#21886,#17882,#17883);
#14419=AXIS2_PLACEMENT_3D('',#21888,#17885,#17886);
#14420=AXIS2_PLACEMENT_3D('',#21889,#17887,#17888);
#14421=AXIS2_PLACEMENT_3D('',#21891,#17890,#17891);
#14422=AXIS2_PLACEMENT_3D('',#21893,#17893,#17894);
#14423=AXIS2_PLACEMENT_3D('',#21894,#17895,#17896);
#14424=AXIS2_PLACEMENT_3D('',#21896,#17898,#17899);
#14425=AXIS2_PLACEMENT_3D('',#21898,#17901,#17902);
#14426=AXIS2_PLACEMENT_3D('',#21899,#17903,#17904);
#14427=AXIS2_PLACEMENT_3D('',#21901,#17906,#17907);
#14428=AXIS2_PLACEMENT_3D('',#21903,#17909,#17910);
#14429=AXIS2_PLACEMENT_3D('',#21905,#17912,#17913);
#14430=AXIS2_PLACEMENT_3D('',#21907,#17915,#17916);
#14431=AXIS2_PLACEMENT_3D('',#21909,#17918,#17919);
#14432=AXIS2_PLACEMENT_3D('',#21911,#17921,#17922);
#14433=AXIS2_PLACEMENT_3D('',#21912,#17923,#17924);
#14434=AXIS2_PLACEMENT_3D('',#21914,#17926,#17927);
#14435=AXIS2_PLACEMENT_3D('',#21916,#17929,#17930);
#14436=AXIS2_PLACEMENT_3D('',#21918,#17932,#17933);
#14437=AXIS2_PLACEMENT_3D('',#21920,#17935,#17936);
#14438=AXIS2_PLACEMENT_3D('',#21922,#17938,#17939);
#14439=AXIS2_PLACEMENT_3D('',#21924,#17941,#17942);
#14440=AXIS2_PLACEMENT_3D('',#21925,#17943,#17944);
#14441=AXIS2_PLACEMENT_3D('',#21927,#17946,#17947);
#14442=AXIS2_PLACEMENT_3D('',#21929,#17949,#17950);
#14443=AXIS2_PLACEMENT_3D('',#21930,#17951,#17952);
#14444=AXIS2_PLACEMENT_3D('',#21932,#17954,#17955);
#14445=AXIS2_PLACEMENT_3D('',#21934,#17957,#17958);
#14446=AXIS2_PLACEMENT_3D('',#21935,#17959,#17960);
#14447=AXIS2_PLACEMENT_3D('',#21937,#17962,#17963);
#14448=AXIS2_PLACEMENT_3D('',#21939,#17965,#17966);
#14449=AXIS2_PLACEMENT_3D('',#21940,#17967,#17968);
#14450=AXIS2_PLACEMENT_3D('',#21942,#17970,#17971);
#14451=AXIS2_PLACEMENT_3D('',#21944,#17973,#17974);
#14452=AXIS2_PLACEMENT_3D('',#21945,#17975,#17976);
#14453=AXIS2_PLACEMENT_3D('',#21947,#17978,#17979);
#14454=AXIS2_PLACEMENT_3D('',#21949,#17981,#17982);
#14455=AXIS2_PLACEMENT_3D('',#21950,#17983,#17984);
#14456=AXIS2_PLACEMENT_3D('',#21952,#17986,#17987);
#14457=AXIS2_PLACEMENT_3D('',#21954,#17989,#17990);
#14458=AXIS2_PLACEMENT_3D('',#21955,#17991,#17992);
#14459=AXIS2_PLACEMENT_3D('',#21957,#17994,#17995);
#14460=AXIS2_PLACEMENT_3D('',#21959,#17997,#17998);
#14461=AXIS2_PLACEMENT_3D('',#21961,#18000,#18001);
#14462=AXIS2_PLACEMENT_3D('',#21963,#18003,#18004);
#14463=AXIS2_PLACEMENT_3D('',#21964,#18005,#18006);
#14464=AXIS2_PLACEMENT_3D('',#21966,#18008,#18009);
#14465=AXIS2_PLACEMENT_3D('',#21968,#18011,#18012);
#14466=AXIS2_PLACEMENT_3D('',#21970,#18014,#18015);
#14467=AXIS2_PLACEMENT_3D('',#21972,#18017,#18018);
#14468=AXIS2_PLACEMENT_3D('',#21973,#18019,#18020);
#14469=AXIS2_PLACEMENT_3D('',#21975,#18022,#18023);
#14470=AXIS2_PLACEMENT_3D('',#21977,#18025,#18026);
#14471=AXIS2_PLACEMENT_3D('',#21979,#18028,#18029);
#14472=AXIS2_PLACEMENT_3D('',#21981,#18031,#18032);
#14473=AXIS2_PLACEMENT_3D('',#21982,#18033,#18034);
#14474=AXIS2_PLACEMENT_3D('',#21984,#18036,#18037);
#14475=AXIS2_PLACEMENT_3D('',#21986,#18039,#18040);
#14476=AXIS2_PLACEMENT_3D('',#21988,#18042,#18043);
#14477=AXIS2_PLACEMENT_3D('',#21990,#18045,#18046);
#14478=AXIS2_PLACEMENT_3D('',#21991,#18047,#18048);
#14479=AXIS2_PLACEMENT_3D('',#21993,#18050,#18051);
#14480=AXIS2_PLACEMENT_3D('',#21995,#18053,#18054);
#14481=AXIS2_PLACEMENT_3D('',#21996,#18055,#18056);
#14482=AXIS2_PLACEMENT_3D('',#21998,#18058,#18059);
#14483=AXIS2_PLACEMENT_3D('',#22000,#18061,#18062);
#14484=AXIS2_PLACEMENT_3D('',#22001,#18063,#18064);
#14485=AXIS2_PLACEMENT_3D('',#22003,#18066,#18067);
#14486=AXIS2_PLACEMENT_3D('',#22005,#18069,#18070);
#14487=AXIS2_PLACEMENT_3D('',#22006,#18071,#18072);
#14488=AXIS2_PLACEMENT_3D('',#22008,#18074,#18075);
#14489=AXIS2_PLACEMENT_3D('',#22010,#18077,#18078);
#14490=AXIS2_PLACEMENT_3D('',#22011,#18079,#18080);
#14491=AXIS2_PLACEMENT_3D('',#22013,#18082,#18083);
#14492=AXIS2_PLACEMENT_3D('',#22015,#18085,#18086);
#14493=AXIS2_PLACEMENT_3D('',#22017,#18088,#18089);
#14494=AXIS2_PLACEMENT_3D('',#22019,#18091,#18092);
#14495=AXIS2_PLACEMENT_3D('',#22021,#18094,#18095);
#14496=AXIS2_PLACEMENT_3D('',#22023,#18097,#18098);
#14497=AXIS2_PLACEMENT_3D('',#22024,#18099,#18100);
#14498=AXIS2_PLACEMENT_3D('',#22026,#18102,#18103);
#14499=AXIS2_PLACEMENT_3D('',#22028,#18105,#18106);
#14500=AXIS2_PLACEMENT_3D('',#22030,#18108,#18109);
#14501=AXIS2_PLACEMENT_3D('',#22032,#18111,#18112);
#14502=AXIS2_PLACEMENT_3D('',#22034,#18114,#18115);
#14503=AXIS2_PLACEMENT_3D('',#22036,#18117,#18118);
#14504=AXIS2_PLACEMENT_3D('',#22037,#18119,#18120);
#14505=AXIS2_PLACEMENT_3D('',#22039,#18122,#18123);
#14506=AXIS2_PLACEMENT_3D('',#22041,#18125,#18126);
#14507=AXIS2_PLACEMENT_3D('',#22042,#18127,#18128);
#14508=AXIS2_PLACEMENT_3D('',#22044,#18130,#18131);
#14509=AXIS2_PLACEMENT_3D('',#22046,#18133,#18134);
#14510=AXIS2_PLACEMENT_3D('',#22047,#18135,#18136);
#14511=AXIS2_PLACEMENT_3D('',#22049,#18138,#18139);
#14512=AXIS2_PLACEMENT_3D('',#22051,#18141,#18142);
#14513=AXIS2_PLACEMENT_3D('',#22052,#18143,#18144);
#14514=AXIS2_PLACEMENT_3D('',#22054,#18146,#18147);
#14515=AXIS2_PLACEMENT_3D('',#22056,#18149,#18150);
#14516=AXIS2_PLACEMENT_3D('',#22057,#18151,#18152);
#14517=AXIS2_PLACEMENT_3D('',#22059,#18154,#18155);
#14518=AXIS2_PLACEMENT_3D('',#22061,#18157,#18158);
#14519=AXIS2_PLACEMENT_3D('',#22062,#18159,#18160);
#14520=AXIS2_PLACEMENT_3D('',#22064,#18162,#18163);
#14521=AXIS2_PLACEMENT_3D('',#22066,#18165,#18166);
#14522=AXIS2_PLACEMENT_3D('',#22067,#18167,#18168);
#14523=AXIS2_PLACEMENT_3D('',#22069,#18170,#18171);
#14524=AXIS2_PLACEMENT_3D('',#22071,#18173,#18174);
#14525=AXIS2_PLACEMENT_3D('',#22073,#18176,#18177);
#14526=AXIS2_PLACEMENT_3D('',#22075,#18179,#18180);
#14527=AXIS2_PLACEMENT_3D('',#22077,#18182,#18183);
#14528=AXIS2_PLACEMENT_3D('',#22079,#18185,#18186);
#14529=AXIS2_PLACEMENT_3D('',#22080,#18187,#18188);
#14530=AXIS2_PLACEMENT_3D('',#22082,#18190,#18191);
#14531=AXIS2_PLACEMENT_3D('',#22084,#18193,#18194);
#14532=AXIS2_PLACEMENT_3D('',#22086,#18196,#18197);
#14533=AXIS2_PLACEMENT_3D('',#22088,#18199,#18200);
#14534=AXIS2_PLACEMENT_3D('',#22090,#18202,#18203);
#14535=AXIS2_PLACEMENT_3D('',#22092,#18205,#18206);
#14536=AXIS2_PLACEMENT_3D('',#22093,#18207,#18208);
#14537=AXIS2_PLACEMENT_3D('',#22095,#18210,#18211);
#14538=AXIS2_PLACEMENT_3D('',#22097,#18213,#18214);
#14539=AXIS2_PLACEMENT_3D('',#22098,#18215,#18216);
#14540=AXIS2_PLACEMENT_3D('',#22100,#18218,#18219);
#14541=AXIS2_PLACEMENT_3D('',#22102,#18221,#18222);
#14542=AXIS2_PLACEMENT_3D('',#22103,#18223,#18224);
#14543=AXIS2_PLACEMENT_3D('',#22105,#18226,#18227);
#14544=AXIS2_PLACEMENT_3D('',#22107,#18229,#18230);
#14545=AXIS2_PLACEMENT_3D('',#22108,#18231,#18232);
#14546=AXIS2_PLACEMENT_3D('',#22110,#18234,#18235);
#14547=AXIS2_PLACEMENT_3D('',#22112,#18237,#18238);
#14548=AXIS2_PLACEMENT_3D('',#22113,#18239,#18240);
#14549=AXIS2_PLACEMENT_3D('',#22115,#18242,#18243);
#14550=AXIS2_PLACEMENT_3D('',#22117,#18245,#18246);
#14551=AXIS2_PLACEMENT_3D('',#22119,#18248,#18249);
#14552=AXIS2_PLACEMENT_3D('',#22121,#18251,#18252);
#14553=AXIS2_PLACEMENT_3D('',#22123,#18254,#18255);
#14554=AXIS2_PLACEMENT_3D('',#22125,#18257,#18258);
#14555=AXIS2_PLACEMENT_3D('',#22126,#18259,#18260);
#14556=AXIS2_PLACEMENT_3D('',#22128,#18262,#18263);
#14557=AXIS2_PLACEMENT_3D('',#22130,#18265,#18266);
#14558=AXIS2_PLACEMENT_3D('',#22132,#18268,#18269);
#14559=AXIS2_PLACEMENT_3D('',#22134,#18271,#18272);
#14560=AXIS2_PLACEMENT_3D('',#22136,#18274,#18275);
#14561=AXIS2_PLACEMENT_3D('',#22138,#18277,#18278);
#14562=AXIS2_PLACEMENT_3D('',#22139,#18279,#18280);
#14563=AXIS2_PLACEMENT_3D('',#22141,#18282,#18283);
#14564=AXIS2_PLACEMENT_3D('',#22143,#18285,#18286);
#14565=AXIS2_PLACEMENT_3D('',#22144,#18287,#18288);
#14566=AXIS2_PLACEMENT_3D('',#22146,#18290,#18291);
#14567=AXIS2_PLACEMENT_3D('',#22148,#18293,#18294);
#14568=AXIS2_PLACEMENT_3D('',#22150,#18296,#18297);
#14569=AXIS2_PLACEMENT_3D('',#22152,#18299,#18300);
#14570=AXIS2_PLACEMENT_3D('',#22153,#18301,#18302);
#14571=AXIS2_PLACEMENT_3D('',#22155,#18304,#18305);
#14572=AXIS2_PLACEMENT_3D('',#22157,#18307,#18308);
#14573=AXIS2_PLACEMENT_3D('',#22159,#18310,#18311);
#14574=AXIS2_PLACEMENT_3D('',#22161,#18313,#18314);
#14575=AXIS2_PLACEMENT_3D('',#22162,#18315,#18316);
#14576=AXIS2_PLACEMENT_3D('',#22164,#18318,#18319);
#14577=AXIS2_PLACEMENT_3D('',#22166,#18321,#18322);
#14578=AXIS2_PLACEMENT_3D('',#22167,#18323,#18324);
#14579=AXIS2_PLACEMENT_3D('',#22169,#18326,#18327);
#14580=AXIS2_PLACEMENT_3D('',#22171,#18329,#18330);
#14581=AXIS2_PLACEMENT_3D('',#22172,#18331,#18332);
#14582=AXIS2_PLACEMENT_3D('',#22174,#18334,#18335);
#14583=AXIS2_PLACEMENT_3D('',#22176,#18337,#18338);
#14584=AXIS2_PLACEMENT_3D('',#22178,#18340,#18341);
#14585=AXIS2_PLACEMENT_3D('',#22180,#18343,#18344);
#14586=AXIS2_PLACEMENT_3D('',#22182,#18346,#18347);
#14587=AXIS2_PLACEMENT_3D('',#22184,#18349,#18350);
#14588=AXIS2_PLACEMENT_3D('',#22185,#18351,#18352);
#14589=AXIS2_PLACEMENT_3D('',#22187,#18354,#18355);
#14590=AXIS2_PLACEMENT_3D('',#22189,#18357,#18358);
#14591=AXIS2_PLACEMENT_3D('',#22191,#18360,#18361);
#14592=AXIS2_PLACEMENT_3D('',#22193,#18363,#18364);
#14593=AXIS2_PLACEMENT_3D('',#22195,#18366,#18367);
#14594=AXIS2_PLACEMENT_3D('',#22197,#18369,#18370);
#14595=AXIS2_PLACEMENT_3D('',#22199,#18372,#18373);
#14596=AXIS2_PLACEMENT_3D('',#22201,#18375,#18376);
#14597=AXIS2_PLACEMENT_3D('',#22202,#18377,#18378);
#14598=AXIS2_PLACEMENT_3D('',#22204,#18380,#18381);
#14599=AXIS2_PLACEMENT_3D('',#22206,#18383,#18384);
#14600=AXIS2_PLACEMENT_3D('',#22208,#18386,#18387);
#14601=AXIS2_PLACEMENT_3D('',#22210,#18389,#18390);
#14602=AXIS2_PLACEMENT_3D('',#22211,#18391,#18392);
#14603=AXIS2_PLACEMENT_3D('',#22213,#18394,#18395);
#14604=AXIS2_PLACEMENT_3D('',#22215,#18397,#18398);
#14605=AXIS2_PLACEMENT_3D('',#22217,#18400,#18401);
#14606=AXIS2_PLACEMENT_3D('',#22219,#18403,#18404);
#14607=AXIS2_PLACEMENT_3D('',#22221,#18406,#18407);
#14608=AXIS2_PLACEMENT_3D('',#22223,#18409,#18410);
#14609=AXIS2_PLACEMENT_3D('',#22224,#18411,#18412);
#14610=AXIS2_PLACEMENT_3D('',#22226,#18414,#18415);
#14611=AXIS2_PLACEMENT_3D('',#22228,#18417,#18418);
#14612=AXIS2_PLACEMENT_3D('',#22229,#18419,#18420);
#14613=AXIS2_PLACEMENT_3D('',#22231,#18422,#18423);
#14614=AXIS2_PLACEMENT_3D('',#22233,#18425,#18426);
#14615=DIRECTION('',(0.,0.,1.));
#14616=DIRECTION('',(1.,0.,0.));
#14617=DIRECTION('',(0.,0.,1.));
#14618=DIRECTION('',(1.,0.,0.));
#14619=DIRECTION('',(0.,0.,1.));
#14620=DIRECTION('',(1.,0.,0.));
#14621=DIRECTION('',(0.,0.,1.));
#14622=DIRECTION('',(1.,0.,0.));
#14623=DIRECTION('',(0.,0.,1.));
#14624=DIRECTION('',(1.,0.,0.));
#14625=DIRECTION('',(0.,0.,-1.));
#14626=DIRECTION('',(-1.,0.,0.));
#14627=DIRECTION('',(0.,0.,1.));
#14628=DIRECTION('',(1.,0.,0.));
#14629=DIRECTION('',(0.,0.,1.));
#14630=DIRECTION('',(1.,0.,0.));
#14631=DIRECTION('',(0.,0.,1.));
#14632=DIRECTION('',(1.,0.,0.));
#14633=DIRECTION('',(0.,0.,1.));
#14634=DIRECTION('',(1.,0.,0.));
#14635=DIRECTION('',(0.,0.,1.));
#14636=DIRECTION('',(1.,0.,0.));
#14637=DIRECTION('',(0.,0.,1.));
#14638=DIRECTION('',(1.,0.,0.));
#14639=DIRECTION('',(0.,0.,1.));
#14640=DIRECTION('',(1.,0.,0.));
#14641=DIRECTION('',(0.,0.,1.));
#14642=DIRECTION('',(1.,0.,0.));
#14643=DIRECTION('',(0.,0.,1.));
#14644=DIRECTION('',(1.,0.,0.));
#14645=DIRECTION('',(0.,0.,1.));
#14646=DIRECTION('',(1.,0.,0.));
#14647=DIRECTION('',(0.,0.,-1.));
#14648=DIRECTION('',(-1.,0.,0.));
#14649=DIRECTION('',(0.,0.,1.));
#14650=DIRECTION('',(1.,0.,0.));
#14651=DIRECTION('',(0.,0.,1.));
#14652=DIRECTION('',(1.,0.,0.));
#14653=DIRECTION('',(0.,0.,1.));
#14654=DIRECTION('',(1.,0.,0.));
#14655=DIRECTION('',(0.,0.,-1.));
#14656=DIRECTION('',(-1.,0.,0.));
#14657=DIRECTION('',(0.,0.,1.));
#14658=DIRECTION('',(1.,0.,0.));
#14659=DIRECTION('',(0.,0.,1.));
#14660=DIRECTION('',(1.,0.,0.));
#14661=DIRECTION('',(0.,0.,1.));
#14662=DIRECTION('',(1.,0.,0.));
#14663=DIRECTION('',(0.,0.,1.));
#14664=DIRECTION('',(1.,0.,0.));
#14665=DIRECTION('',(0.,0.,1.));
#14666=DIRECTION('',(1.,0.,0.));
#14667=DIRECTION('',(0.,0.,1.));
#14668=DIRECTION('',(1.,0.,0.));
#14669=DIRECTION('',(0.,0.,1.));
#14670=DIRECTION('',(1.,0.,0.));
#14671=DIRECTION('',(0.,0.,1.));
#14672=DIRECTION('',(1.,0.,0.));
#14673=DIRECTION('',(0.,0.,1.));
#14674=DIRECTION('',(1.,0.,0.));
#14675=DIRECTION('',(0.,0.,1.));
#14676=DIRECTION('',(1.,0.,0.));
#14677=DIRECTION('',(0.,0.,1.));
#14678=DIRECTION('',(1.,0.,0.));
#14679=DIRECTION('',(0.,0.,1.));
#14680=DIRECTION('',(1.,0.,0.));
#14681=DIRECTION('',(0.,0.,1.));
#14682=DIRECTION('',(1.,0.,0.));
#14683=DIRECTION('',(0.,0.,1.));
#14684=DIRECTION('',(1.,0.,0.));
#14685=DIRECTION('',(0.,0.,1.));
#14686=DIRECTION('',(1.,0.,0.));
#14687=DIRECTION('',(0.,0.,-1.));
#14688=DIRECTION('',(-1.,0.,0.));
#14689=DIRECTION('',(0.,0.,-1.));
#14690=DIRECTION('',(-1.,0.,0.));
#14691=DIRECTION('',(0.,-1.,0.));
#14692=DIRECTION('',(0.,0.,1.));
#14693=DIRECTION('',(1.,0.,0.));
#14694=DIRECTION('',(0.,1.,0.));
#14695=DIRECTION('',(0.,0.,1.));
#14696=DIRECTION('',(1.,0.,0.));
#14697=DIRECTION('',(0.,-1.,0.));
#14698=DIRECTION('',(0.,0.,1.));
#14699=DIRECTION('',(1.,0.,0.));
#14700=DIRECTION('',(0.,1.,0.));
#14701=DIRECTION('',(0.,0.,1.));
#14702=DIRECTION('',(1.,0.,0.));
#14703=DIRECTION('',(0.,-1.,0.));
#14704=DIRECTION('',(0.,0.,1.));
#14705=DIRECTION('',(1.,0.,0.));
#14706=DIRECTION('',(0.,1.,0.));
#14707=DIRECTION('',(0.,0.,-1.));
#14708=DIRECTION('',(1.,0.,0.));
#14709=DIRECTION('',(1.,0.,0.));
#14710=DIRECTION('',(0.,0.,1.));
#14711=DIRECTION('',(1.,0.,0.));
#14712=DIRECTION('',(-1.,0.,0.));
#14713=DIRECTION('',(0.,0.,1.));
#14714=DIRECTION('',(1.,0.,0.));
#14715=DIRECTION('',(0.,-1.,0.));
#14716=DIRECTION('',(0.,0.,1.));
#14717=DIRECTION('',(1.,0.,0.));
#14718=DIRECTION('',(0.,1.,0.));
#14719=DIRECTION('',(1.,0.,0.));
#14720=DIRECTION('',(0.,0.,1.));
#14721=DIRECTION('',(1.,0.,0.));
#14722=DIRECTION('',(-1.,0.,0.));
#14723=DIRECTION('',(0.,-1.,0.));
#14724=DIRECTION('',(1.,0.,0.));
#14725=DIRECTION('',(0.,0.,1.));
#14726=DIRECTION('',(1.,0.,0.));
#14727=DIRECTION('',(-1.,0.,0.));
#14728=DIRECTION('',(0.,1.,0.));
#14729=DIRECTION('',(0.,0.,1.));
#14730=DIRECTION('',(1.,0.,0.));
#14731=DIRECTION('',(0.,-1.,0.));
#14732=DIRECTION('',(-1.,0.,0.));
#14733=DIRECTION('',(0.,1.,0.));
#14734=DIRECTION('',(0.,0.,1.));
#14735=DIRECTION('',(1.,0.,0.));
#14736=DIRECTION('',(0.,-1.,0.));
#14737=DIRECTION('',(0.,0.,1.));
#14738=DIRECTION('',(1.,0.,0.));
#14739=DIRECTION('',(1.,0.,0.));
#14740=DIRECTION('',(0.,0.,1.));
#14741=DIRECTION('',(1.,0.,0.));
#14742=DIRECTION('',(-1.,0.,0.));
#14743=DIRECTION('',(0.,0.,-1.));
#14744=DIRECTION('',(1.,0.,0.));
#14745=DIRECTION('',(0.,1.,0.));
#14746=DIRECTION('',(0.,0.,1.));
#14747=DIRECTION('',(1.,0.,0.));
#14748=DIRECTION('',(0.,0.,1.));
#14749=DIRECTION('',(1.,0.,0.));
#14750=DIRECTION('',(0.707106594922027,-0.70710696745102,0.));
#14751=DIRECTION('',(0.,0.,1.));
#14752=DIRECTION('',(1.,0.,0.));
#14753=DIRECTION('',(-0.707106594922027,0.70710696745102,0.));
#14754=DIRECTION('',(0.,0.,1.));
#14755=DIRECTION('',(1.,0.,0.));
#14756=DIRECTION('',(0.707106688054281,0.707106874318802,0.));
#14757=DIRECTION('',(0.,0.,1.));
#14758=DIRECTION('',(1.,0.,0.));
#14759=DIRECTION('',(-0.707106688054281,-0.707106874318802,0.));
#14760=DIRECTION('',(0.,0.,1.));
#14761=DIRECTION('',(1.,0.,0.));
#14762=DIRECTION('',(1.,0.,0.));
#14763=DIRECTION('',(0.,1.,0.));
#14764=DIRECTION('',(0.,0.,1.));
#14765=DIRECTION('',(1.,0.,0.));
#14766=DIRECTION('',(0.,-1.,0.));
#14767=DIRECTION('',(-1.,0.,0.));
#14768=DIRECTION('',(0.,0.,1.));
#14769=DIRECTION('',(1.,0.,0.));
#14770=DIRECTION('',(1.,0.,0.));
#14771=DIRECTION('',(0.,-1.,0.));
#14772=DIRECTION('',(0.,0.,1.));
#14773=DIRECTION('',(1.,0.,0.));
#14774=DIRECTION('',(0.,1.,0.));
#14775=DIRECTION('',(-1.,0.,0.));
#14776=DIRECTION('',(0.,-1.,0.));
#14777=DIRECTION('',(0.,0.,1.));
#14778=DIRECTION('',(1.,0.,0.));
#14779=DIRECTION('',(0.,1.,0.));
#14780=DIRECTION('',(0.,0.,1.));
#14781=DIRECTION('',(1.,0.,0.));
#14782=DIRECTION('',(0.,0.,1.));
#14783=DIRECTION('',(1.,0.,0.));
#14784=DIRECTION('',(1.,0.,0.));
#14785=DIRECTION('',(0.,0.,1.));
#14786=DIRECTION('',(1.,0.,0.));
#14787=DIRECTION('',(0.,1.,0.));
#14788=DIRECTION('',(0.,0.,1.));
#14789=DIRECTION('',(1.,0.,0.));
#14790=DIRECTION('',(0.,-1.,0.));
#14791=DIRECTION('',(0.,0.,-1.));
#14792=DIRECTION('',(1.,0.,0.));
#14793=DIRECTION('',(-1.,0.,0.));
#14794=DIRECTION('',(0.,0.,1.));
#14795=DIRECTION('',(1.,0.,0.));
#14796=DIRECTION('',(1.,0.,0.));
#14797=DIRECTION('',(0.,0.,-1.));
#14798=DIRECTION('',(1.,0.,0.));
#14799=DIRECTION('',(0.,-1.,0.));
#14800=DIRECTION('',(0.,0.,1.));
#14801=DIRECTION('',(1.,0.,0.));
#14802=DIRECTION('',(0.,1.,0.));
#14803=DIRECTION('',(0.,0.,1.));
#14804=DIRECTION('',(1.,0.,0.));
#14805=DIRECTION('',(-1.,0.,0.));
#14806=DIRECTION('',(0.,-1.,0.));
#14807=DIRECTION('',(0.,0.,1.));
#14808=DIRECTION('',(1.,0.,0.));
#14809=DIRECTION('',(0.,1.,0.));
#14810=DIRECTION('',(0.,0.,1.));
#14811=DIRECTION('',(1.,0.,0.));
#14812=DIRECTION('',(0.,-1.,0.));
#14813=DIRECTION('',(0.,0.,1.));
#14814=DIRECTION('',(1.,0.,0.));
#14815=DIRECTION('',(0.,1.,0.));
#14816=DIRECTION('',(0.,0.,1.));
#14817=DIRECTION('',(1.,0.,0.));
#14818=DIRECTION('',(0.,0.,1.));
#14819=DIRECTION('',(1.,0.,0.));
#14820=DIRECTION('',(0.707106594922027,-0.70710696745102,0.));
#14821=DIRECTION('',(0.,0.,1.));
#14822=DIRECTION('',(1.,0.,0.));
#14823=DIRECTION('',(-0.707106594922027,0.70710696745102,0.));
#14824=DIRECTION('',(0.,0.,1.));
#14825=DIRECTION('',(1.,0.,0.));
#14826=DIRECTION('',(0.707106688054281,0.707106874318802,0.));
#14827=DIRECTION('',(0.,0.,1.));
#14828=DIRECTION('',(1.,0.,0.));
#14829=DIRECTION('',(-0.707106688054281,-0.707106874318802,0.));
#14830=DIRECTION('',(0.,-1.,0.));
#14831=DIRECTION('',(0.,0.,1.));
#14832=DIRECTION('',(1.,0.,0.));
#14833=DIRECTION('',(0.,1.,0.));
#14834=DIRECTION('',(0.,0.,-1.));
#14835=DIRECTION('',(1.,0.,0.));
#14836=DIRECTION('',(1.,0.,0.));
#14837=DIRECTION('',(0.,0.,1.));
#14838=DIRECTION('',(1.,0.,0.));
#14839=DIRECTION('',(-1.,0.,0.));
#14840=DIRECTION('',(0.,0.,1.));
#14841=DIRECTION('',(1.,0.,0.));
#14842=DIRECTION('',(0.,-1.,0.));
#14843=DIRECTION('',(0.,0.,1.));
#14844=DIRECTION('',(1.,0.,0.));
#14845=DIRECTION('',(1.,0.,0.));
#14846=DIRECTION('',(0.,0.,1.));
#14847=DIRECTION('',(1.,0.,0.));
#14848=DIRECTION('',(-1.,0.,0.));
#14849=DIRECTION('',(0.,0.,-1.));
#14850=DIRECTION('',(1.,0.,0.));
#14851=DIRECTION('',(0.,1.,0.));
#14852=DIRECTION('',(0.,0.,1.));
#14853=DIRECTION('',(1.,0.,0.));
#14854=DIRECTION('',(0.,-1.,0.));
#14855=DIRECTION('',(0.,0.,1.));
#14856=DIRECTION('',(1.,0.,0.));
#14857=DIRECTION('',(0.,1.,0.));
#14858=DIRECTION('',(0.,0.,1.));
#14859=DIRECTION('',(1.,0.,0.));
#14860=DIRECTION('',(0.,-1.,0.));
#14861=DIRECTION('',(0.,0.,1.));
#14862=DIRECTION('',(1.,0.,0.));
#14863=DIRECTION('',(0.,1.,0.));
#14864=DIRECTION('',(0.,0.,1.));
#14865=DIRECTION('',(1.,0.,0.));
#14866=DIRECTION('',(0.,-1.,0.));
#14867=DIRECTION('',(0.,0.,1.));
#14868=DIRECTION('',(1.,0.,0.));
#14869=DIRECTION('',(0.,1.,0.));
#14870=DIRECTION('',(0.,0.,1.));
#14871=DIRECTION('',(1.,0.,0.));
#14872=DIRECTION('',(0.,-1.,0.));
#14873=DIRECTION('',(0.,0.,1.));
#14874=DIRECTION('',(1.,0.,0.));
#14875=DIRECTION('',(0.,1.,0.));
#14876=DIRECTION('',(0.,0.,1.));
#14877=DIRECTION('',(1.,0.,0.));
#14878=DIRECTION('',(0.,0.,1.));
#14879=DIRECTION('',(1.,0.,0.));
#14880=DIRECTION('',(0.707106688054306,-0.707106874318777,0.));
#14881=DIRECTION('',(0.,0.,1.));
#14882=DIRECTION('',(1.,0.,0.));
#14883=DIRECTION('',(-0.707106594922027,0.70710696745102,0.));
#14884=DIRECTION('',(0.,0.,1.));
#14885=DIRECTION('',(1.,0.,0.));
#14886=DIRECTION('',(0.707106688054281,0.707106874318802,0.));
#14887=DIRECTION('',(0.,0.,1.));
#14888=DIRECTION('',(1.,0.,0.));
#14889=DIRECTION('',(-0.707106781186548,-0.707106781186548,0.));
#14890=DIRECTION('',(0.,0.,1.));
#14891=DIRECTION('',(1.,0.,0.));
#14892=DIRECTION('',(1.,0.,0.));
#14893=DIRECTION('',(0.,0.,1.));
#14894=DIRECTION('',(1.,0.,0.));
#14895=DIRECTION('',(0.,1.,0.));
#14896=DIRECTION('',(0.,0.,1.));
#14897=DIRECTION('',(1.,0.,0.));
#14898=DIRECTION('',(0.,-1.,0.));
#14899=DIRECTION('',(0.,0.,-1.));
#14900=DIRECTION('',(1.,0.,0.));
#14901=DIRECTION('',(-1.,0.,0.));
#14902=DIRECTION('',(0.,0.,1.));
#14903=DIRECTION('',(1.,0.,0.));
#14904=DIRECTION('',(1.,0.,0.));
#14905=DIRECTION('',(0.,0.,-1.));
#14906=DIRECTION('',(1.,0.,0.));
#14907=DIRECTION('',(0.,-1.,0.));
#14908=DIRECTION('',(0.,0.,1.));
#14909=DIRECTION('',(1.,0.,0.));
#14910=DIRECTION('',(0.,1.,0.));
#14911=DIRECTION('',(0.,0.,1.));
#14912=DIRECTION('',(1.,0.,0.));
#14913=DIRECTION('',(-1.,0.,0.));
#14914=DIRECTION('',(0.,-1.,0.));
#14915=DIRECTION('',(0.,0.,1.));
#14916=DIRECTION('',(1.,0.,0.));
#14917=DIRECTION('',(0.,1.,0.));
#14918=DIRECTION('',(0.,0.,1.));
#14919=DIRECTION('',(1.,0.,0.));
#14920=DIRECTION('',(0.,-1.,0.));
#14921=DIRECTION('',(0.,0.,1.));
#14922=DIRECTION('',(1.,0.,0.));
#14923=DIRECTION('',(0.,1.,0.));
#14924=DIRECTION('',(0.,0.,1.));
#14925=DIRECTION('',(1.,0.,0.));
#14926=DIRECTION('',(0.,-1.,0.));
#14927=DIRECTION('',(0.,0.,1.));
#14928=DIRECTION('',(1.,0.,0.));
#14929=DIRECTION('',(0.,1.,0.));
#14930=DIRECTION('',(0.,0.,1.));
#14931=DIRECTION('',(1.,0.,0.));
#14932=DIRECTION('',(0.,-1.,0.));
#14933=DIRECTION('',(0.,0.,1.));
#14934=DIRECTION('',(1.,0.,0.));
#14935=DIRECTION('',(0.,1.,0.));
#14936=DIRECTION('',(0.,0.,1.));
#14937=DIRECTION('',(1.,0.,0.));
#14938=DIRECTION('',(0.,-1.,0.));
#14939=DIRECTION('',(1.,0.,0.));
#14940=DIRECTION('',(0.,0.,1.));
#14941=DIRECTION('',(1.,0.,0.));
#14942=DIRECTION('',(-1.,0.,0.));
#14943=DIRECTION('',(0.,1.,0.));
#14944=DIRECTION('',(0.,0.,1.));
#14945=DIRECTION('',(1.,0.,0.));
#14946=DIRECTION('',(0.,-1.,0.));
#14947=DIRECTION('',(0.,0.,1.));
#14948=DIRECTION('',(1.,0.,0.));
#14949=DIRECTION('',(0.,1.,0.));
#14950=DIRECTION('',(1.,0.,0.));
#14951=DIRECTION('',(0.,0.,1.));
#14952=DIRECTION('',(1.,0.,0.));
#14953=DIRECTION('',(-1.,0.,0.));
#14954=DIRECTION('',(0.,0.,1.));
#14955=DIRECTION('',(1.,0.,0.));
#14956=DIRECTION('',(1.,0.,0.));
#14957=DIRECTION('',(0.,-1.,0.));
#14958=DIRECTION('',(0.,0.,1.));
#14959=DIRECTION('',(1.,0.,0.));
#14960=DIRECTION('',(0.,1.,0.));
#14961=DIRECTION('',(-1.,0.,0.));
#14962=DIRECTION('',(0.,0.,1.));
#14963=DIRECTION('',(1.,0.,0.));
#14964=DIRECTION('',(1.,0.,0.));
#14965=DIRECTION('',(0.,1.,0.));
#14966=DIRECTION('',(0.,0.,1.));
#14967=DIRECTION('',(1.,0.,0.));
#14968=DIRECTION('',(0.,-1.,0.));
#14969=DIRECTION('',(-1.,0.,0.));
#14970=DIRECTION('',(0.,-1.,0.));
#14971=DIRECTION('',(0.,0.,1.));
#14972=DIRECTION('',(1.,0.,0.));
#14973=DIRECTION('',(0.,1.,0.));
#14974=DIRECTION('',(0.,0.,1.));
#14975=DIRECTION('',(1.,0.,0.));
#14976=DIRECTION('',(0.,-1.,0.));
#14977=DIRECTION('',(0.,0.,1.));
#14978=DIRECTION('',(1.,0.,0.));
#14979=DIRECTION('',(0.,1.,0.));
#14980=DIRECTION('',(0.,0.,1.));
#14981=DIRECTION('',(1.,0.,0.));
#14982=DIRECTION('',(0.,-1.,0.));
#14983=DIRECTION('',(0.,0.,1.));
#14984=DIRECTION('',(1.,0.,0.));
#14985=DIRECTION('',(0.,1.,0.));
#14986=DIRECTION('',(0.,0.,1.));
#14987=DIRECTION('',(1.,0.,0.));
#14988=DIRECTION('',(0.,-1.,0.));
#14989=DIRECTION('',(0.,0.,1.));
#14990=DIRECTION('',(1.,0.,0.));
#14991=DIRECTION('',(0.,1.,0.));
#14992=DIRECTION('',(0.,0.,1.));
#14993=DIRECTION('',(1.,0.,0.));
#14994=DIRECTION('',(0.,0.,1.));
#14995=DIRECTION('',(1.,0.,0.));
#14996=DIRECTION('',(0.707106594922027,-0.70710696745102,0.));
#14997=DIRECTION('',(0.,0.,1.));
#14998=DIRECTION('',(1.,0.,0.));
#14999=DIRECTION('',(-0.70710664148817,0.707106920884897,0.));
#15000=DIRECTION('',(0.,0.,1.));
#15001=DIRECTION('',(1.,0.,0.));
#15002=DIRECTION('',(0.707106734620419,0.707106827752673,0.));
#15003=DIRECTION('',(0.,0.,1.));
#15004=DIRECTION('',(1.,0.,0.));
#15005=DIRECTION('',(-0.707106688054281,-0.707106874318802,0.));
#15006=DIRECTION('',(0.,-1.,0.));
#15007=DIRECTION('',(0.,0.,1.));
#15008=DIRECTION('',(1.,0.,0.));
#15009=DIRECTION('',(0.,1.,0.));
#15010=DIRECTION('',(0.,0.,-1.));
#15011=DIRECTION('',(1.,0.,0.));
#15012=DIRECTION('',(1.,0.,0.));
#15013=DIRECTION('',(0.,0.,1.));
#15014=DIRECTION('',(1.,0.,0.));
#15015=DIRECTION('',(-1.,0.,0.));
#15016=DIRECTION('',(0.,0.,1.));
#15017=DIRECTION('',(1.,0.,0.));
#15018=DIRECTION('',(0.,-1.,0.));
#15019=DIRECTION('',(0.,0.,1.));
#15020=DIRECTION('',(1.,0.,0.));
#15021=DIRECTION('',(1.,0.,0.));
#15022=DIRECTION('',(0.,0.,1.));
#15023=DIRECTION('',(1.,0.,0.));
#15024=DIRECTION('',(-1.,0.,0.));
#15025=DIRECTION('',(0.,0.,-1.));
#15026=DIRECTION('',(1.,0.,0.));
#15027=DIRECTION('',(0.,1.,0.));
#15028=DIRECTION('',(0.,0.,1.));
#15029=DIRECTION('',(1.,0.,0.));
#15030=DIRECTION('',(0.,0.,1.));
#15031=DIRECTION('',(1.,0.,0.));
#15032=DIRECTION('',(1.,0.,0.));
#15033=DIRECTION('',(0.,0.,1.));
#15034=DIRECTION('',(1.,0.,0.));
#15035=DIRECTION('',(-1.,0.,0.));
#15036=DIRECTION('',(0.,0.,1.));
#15037=DIRECTION('',(1.,0.,0.));
#15038=DIRECTION('',(1.,0.,0.));
#15039=DIRECTION('',(0.,0.,1.));
#15040=DIRECTION('',(1.,0.,0.));
#15041=DIRECTION('',(-1.,0.,0.));
#15042=DIRECTION('',(0.,0.,1.));
#15043=DIRECTION('',(1.,0.,0.));
#15044=DIRECTION('',(1.,0.,0.));
#15045=DIRECTION('',(0.,0.,1.));
#15046=DIRECTION('',(1.,0.,0.));
#15047=DIRECTION('',(-1.,0.,0.));
#15048=DIRECTION('',(0.,0.,1.));
#15049=DIRECTION('',(1.,0.,0.));
#15050=DIRECTION('',(1.,0.,0.));
#15051=DIRECTION('',(0.,0.,1.));
#15052=DIRECTION('',(1.,0.,0.));
#15053=DIRECTION('',(-1.,0.,0.));
#15054=DIRECTION('',(0.,0.,1.));
#15055=DIRECTION('',(1.,0.,0.));
#15056=DIRECTION('',(1.,0.,0.));
#15057=DIRECTION('',(0.,0.,1.));
#15058=DIRECTION('',(1.,0.,0.));
#15059=DIRECTION('',(-1.,0.,0.));
#15060=DIRECTION('',(0.,0.,1.));
#15061=DIRECTION('',(1.,0.,0.));
#15062=DIRECTION('',(1.,0.,0.));
#15063=DIRECTION('',(0.,0.,1.));
#15064=DIRECTION('',(1.,0.,0.));
#15065=DIRECTION('',(-1.,0.,0.));
#15066=DIRECTION('',(0.,0.,1.));
#15067=DIRECTION('',(1.,0.,0.));
#15068=DIRECTION('',(1.,0.,0.));
#15069=DIRECTION('',(0.,0.,1.));
#15070=DIRECTION('',(1.,0.,0.));
#15071=DIRECTION('',(-1.,0.,0.));
#15072=DIRECTION('',(0.,0.,1.));
#15073=DIRECTION('',(1.,0.,0.));
#15074=DIRECTION('',(1.,0.,0.));
#15075=DIRECTION('',(0.,0.,1.));
#15076=DIRECTION('',(1.,0.,0.));
#15077=DIRECTION('',(-1.,0.,0.));
#15078=DIRECTION('',(0.,0.,1.));
#15079=DIRECTION('',(1.,0.,0.));
#15080=DIRECTION('',(1.,0.,0.));
#15081=DIRECTION('',(0.,0.,1.));
#15082=DIRECTION('',(1.,0.,0.));
#15083=DIRECTION('',(-1.,0.,0.));
#15084=DIRECTION('',(0.,0.,1.));
#15085=DIRECTION('',(1.,0.,0.));
#15086=DIRECTION('',(1.,0.,0.));
#15087=DIRECTION('',(0.,0.,1.));
#15088=DIRECTION('',(1.,0.,0.));
#15089=DIRECTION('',(-1.,0.,0.));
#15090=DIRECTION('',(0.,0.,1.));
#15091=DIRECTION('',(1.,0.,0.));
#15092=DIRECTION('',(1.,0.,0.));
#15093=DIRECTION('',(0.,0.,1.));
#15094=DIRECTION('',(1.,0.,0.));
#15095=DIRECTION('',(0.,1.,0.));
#15096=DIRECTION('',(0.,0.,1.));
#15097=DIRECTION('',(1.,0.,0.));
#15098=DIRECTION('',(0.,-1.,0.));
#15099=DIRECTION('',(0.,0.,-1.));
#15100=DIRECTION('',(1.,0.,0.));
#15101=DIRECTION('',(-1.,0.,0.));
#15102=DIRECTION('',(0.,0.,1.));
#15103=DIRECTION('',(1.,0.,0.));
#15104=DIRECTION('',(1.,0.,0.));
#15105=DIRECTION('',(0.,0.,-1.));
#15106=DIRECTION('',(1.,0.,0.));
#15107=DIRECTION('',(0.,-1.,0.));
#15108=DIRECTION('',(0.,0.,1.));
#15109=DIRECTION('',(1.,0.,0.));
#15110=DIRECTION('',(0.,1.,0.));
#15111=DIRECTION('',(0.,0.,1.));
#15112=DIRECTION('',(1.,0.,0.));
#15113=DIRECTION('',(-1.,0.,0.));
#15114=DIRECTION('',(0.,0.,1.));
#15115=DIRECTION('',(1.,0.,0.));
#15116=DIRECTION('',(0.707106664771239,-0.707106897601837,0.));
#15117=DIRECTION('',(0.,0.,1.));
#15118=DIRECTION('',(1.,0.,0.));
#15119=DIRECTION('',(-0.707106635667403,0.707106926705662,0.));
#15120=DIRECTION('',(0.,0.,1.));
#15121=DIRECTION('',(1.,0.,0.));
#15122=DIRECTION('',(0.707106728799652,0.707106833573439,0.));
#15123=DIRECTION('',(0.,0.,1.));
#15124=DIRECTION('',(1.,0.,0.));
#15125=DIRECTION('',(-0.707106757903484,-0.70710680446961,0.));
#15126=DIRECTION('',(0.,0.,1.));
#15127=DIRECTION('',(1.,0.,0.));
#15128=DIRECTION('',(0.707106664771239,0.707106897601837,0.));
#15129=DIRECTION('',(0.,0.,1.));
#15130=DIRECTION('',(1.,0.,0.));
#15131=DIRECTION('',(-0.707106635667403,-0.707106926705662,0.));
#15132=DIRECTION('',(0.,0.,1.));
#15133=DIRECTION('',(1.,0.,0.));
#15134=DIRECTION('',(0.707106728799652,-0.707106833573439,0.));
#15135=DIRECTION('',(0.,0.,1.));
#15136=DIRECTION('',(1.,0.,0.));
#15137=DIRECTION('',(-0.707106757903484,0.70710680446961,0.));
#15138=DIRECTION('',(0.,-1.,0.));
#15139=DIRECTION('',(0.,0.,1.));
#15140=DIRECTION('',(1.,0.,0.));
#15141=DIRECTION('',(1.,0.,0.));
#15142=DIRECTION('',(0.,0.,1.));
#15143=DIRECTION('',(1.,0.,0.));
#15144=DIRECTION('',(-1.,0.,0.));
#15145=DIRECTION('',(0.,0.,-1.));
#15146=DIRECTION('',(1.,0.,0.));
#15147=DIRECTION('',(0.,1.,0.));
#15148=DIRECTION('',(0.,0.,1.));
#15149=DIRECTION('',(1.,0.,0.));
#15150=DIRECTION('',(0.,-1.,0.));
#15151=DIRECTION('',(0.,0.,1.));
#15152=DIRECTION('',(1.,0.,0.));
#15153=DIRECTION('',(0.,1.,0.));
#15154=DIRECTION('',(0.,0.,-1.));
#15155=DIRECTION('',(1.,0.,0.));
#15156=DIRECTION('',(1.,0.,0.));
#15157=DIRECTION('',(0.,0.,1.));
#15158=DIRECTION('',(1.,0.,0.));
#15159=DIRECTION('',(-1.,0.,0.));
#15160=DIRECTION('',(0.,0.,1.));
#15161=DIRECTION('',(1.,0.,0.));
#15162=DIRECTION('',(0.,-1.,0.));
#15163=DIRECTION('',(0.,0.,1.));
#15164=DIRECTION('',(1.,0.,0.));
#15165=DIRECTION('',(0.,1.,0.));
#15166=DIRECTION('',(1.,0.,0.));
#15167=DIRECTION('',(0.,0.,1.));
#15168=DIRECTION('',(1.,0.,0.));
#15169=DIRECTION('',(-1.,0.,0.));
#15170=DIRECTION('',(0.,-1.,0.));
#15171=DIRECTION('',(1.,0.,0.));
#15172=DIRECTION('',(0.,0.,1.));
#15173=DIRECTION('',(1.,0.,0.));
#15174=DIRECTION('',(-1.,0.,0.));
#15175=DIRECTION('',(0.,1.,0.));
#15176=DIRECTION('',(0.,0.,1.));
#15177=DIRECTION('',(1.,0.,0.));
#15178=DIRECTION('',(0.,0.,1.));
#15179=DIRECTION('',(1.,0.,0.));
#15180=DIRECTION('',(1.,0.,0.));
#15181=DIRECTION('',(0.,0.,1.));
#15182=DIRECTION('',(1.,0.,0.));
#15183=DIRECTION('',(-1.,0.,0.));
#15184=DIRECTION('',(0.,0.,1.));
#15185=DIRECTION('',(1.,0.,0.));
#15186=DIRECTION('',(1.,0.,0.));
#15187=DIRECTION('',(0.,0.,1.));
#15188=DIRECTION('',(1.,0.,0.));
#15189=DIRECTION('',(-1.,0.,0.));
#15190=DIRECTION('',(0.,0.,1.));
#15191=DIRECTION('',(1.,0.,0.));
#15192=DIRECTION('',(1.,0.,0.));
#15193=DIRECTION('',(0.,0.,1.));
#15194=DIRECTION('',(1.,0.,0.));
#15195=DIRECTION('',(-1.,0.,0.));
#15196=DIRECTION('',(0.,0.,1.));
#15197=DIRECTION('',(1.,0.,0.));
#15198=DIRECTION('',(1.,0.,0.));
#15199=DIRECTION('',(0.,0.,1.));
#15200=DIRECTION('',(1.,0.,0.));
#15201=DIRECTION('',(-1.,0.,0.));
#15202=DIRECTION('',(0.,0.,1.));
#15203=DIRECTION('',(1.,0.,0.));
#15204=DIRECTION('',(1.,0.,0.));
#15205=DIRECTION('',(0.,0.,1.));
#15206=DIRECTION('',(1.,0.,0.));
#15207=DIRECTION('',(-1.,0.,0.));
#15208=DIRECTION('',(0.,0.,1.));
#15209=DIRECTION('',(1.,0.,0.));
#15210=DIRECTION('',(1.,0.,0.));
#15211=DIRECTION('',(0.,1.,0.));
#15212=DIRECTION('',(0.,0.,1.));
#15213=DIRECTION('',(1.,0.,0.));
#15214=DIRECTION('',(0.,-1.,0.));
#15215=DIRECTION('',(-1.,0.,0.));
#15216=DIRECTION('',(0.,0.,1.));
#15217=DIRECTION('',(1.,0.,0.));
#15218=DIRECTION('',(1.,0.,0.));
#15219=DIRECTION('',(0.,-1.,0.));
#15220=DIRECTION('',(0.,0.,1.));
#15221=DIRECTION('',(1.,0.,0.));
#15222=DIRECTION('',(0.,1.,0.));
#15223=DIRECTION('',(-1.,0.,0.));
#15224=DIRECTION('',(0.,0.,1.));
#15225=DIRECTION('',(1.,0.,0.));
#15226=DIRECTION('',(1.,0.,0.));
#15227=DIRECTION('',(0.,0.,1.));
#15228=DIRECTION('',(1.,0.,0.));
#15229=DIRECTION('',(-1.,0.,0.));
#15230=DIRECTION('',(0.,0.,1.));
#15231=DIRECTION('',(1.,0.,0.));
#15232=DIRECTION('',(1.,0.,0.));
#15233=DIRECTION('',(0.,0.,1.));
#15234=DIRECTION('',(1.,0.,0.));
#15235=DIRECTION('',(-1.,0.,0.));
#15236=DIRECTION('',(0.,0.,1.));
#15237=DIRECTION('',(1.,0.,0.));
#15238=DIRECTION('',(1.,0.,0.));
#15239=DIRECTION('',(0.,0.,1.));
#15240=DIRECTION('',(1.,0.,0.));
#15241=DIRECTION('',(-1.,0.,0.));
#15242=DIRECTION('',(0.,0.,1.));
#15243=DIRECTION('',(1.,0.,0.));
#15244=DIRECTION('',(1.,0.,0.));
#15245=DIRECTION('',(0.,0.,1.));
#15246=DIRECTION('',(1.,0.,0.));
#15247=DIRECTION('',(-1.,0.,0.));
#15248=DIRECTION('',(0.,0.,1.));
#15249=DIRECTION('',(1.,0.,0.));
#15250=DIRECTION('',(1.,0.,0.));
#15251=DIRECTION('',(0.,0.,1.));
#15252=DIRECTION('',(1.,0.,0.));
#15253=DIRECTION('',(-1.,0.,0.));
#15254=DIRECTION('',(0.,0.,1.));
#15255=DIRECTION('',(1.,0.,0.));
#15256=DIRECTION('',(1.,0.,0.));
#15257=DIRECTION('',(0.,0.,-1.));
#15258=DIRECTION('',(1.,0.,0.));
#15259=DIRECTION('',(0.,-1.,0.));
#15260=DIRECTION('',(0.,0.,1.));
#15261=DIRECTION('',(1.,0.,0.));
#15262=DIRECTION('',(0.,1.,0.));
#15263=DIRECTION('',(0.,0.,1.));
#15264=DIRECTION('',(1.,0.,0.));
#15265=DIRECTION('',(-1.,0.,0.));
#15266=DIRECTION('',(0.,0.,1.));
#15267=DIRECTION('',(1.,0.,0.));
#15268=DIRECTION('',(1.,0.,0.));
#15269=DIRECTION('',(0.,0.,1.));
#15270=DIRECTION('',(1.,0.,0.));
#15271=DIRECTION('',(0.,1.,0.));
#15272=DIRECTION('',(0.,0.,1.));
#15273=DIRECTION('',(1.,0.,0.));
#15274=DIRECTION('',(0.,-1.,0.));
#15275=DIRECTION('',(0.,0.,-1.));
#15276=DIRECTION('',(1.,0.,0.));
#15277=DIRECTION('',(-1.,0.,0.));
#15278=DIRECTION('',(0.,0.,1.));
#15279=DIRECTION('',(1.,0.,0.));
#15280=DIRECTION('',(0.707106594922027,0.70710696745102,0.));
#15281=DIRECTION('',(0.,0.,1.));
#15282=DIRECTION('',(1.,0.,0.));
#15283=DIRECTION('',(-0.70710664148817,-0.707106920884897,0.));
#15284=DIRECTION('',(0.,0.,1.));
#15285=DIRECTION('',(1.,0.,0.));
#15286=DIRECTION('',(0.707106734620419,-0.707106827752673,0.));
#15287=DIRECTION('',(0.,0.,1.));
#15288=DIRECTION('',(1.,0.,0.));
#15289=DIRECTION('',(-0.707106688054281,0.707106874318802,0.));
#15290=DIRECTION('',(0.,-1.,0.));
#15291=DIRECTION('',(0.,0.,1.));
#15292=DIRECTION('',(1.,0.,0.));
#15293=DIRECTION('',(0.,1.,0.));
#15294=DIRECTION('',(0.,0.,1.));
#15295=DIRECTION('',(1.,0.,0.));
#15296=DIRECTION('',(0.,-1.,0.));
#15297=DIRECTION('',(0.,0.,1.));
#15298=DIRECTION('',(1.,0.,0.));
#15299=DIRECTION('',(0.,1.,0.));
#15300=DIRECTION('',(0.,0.,1.));
#15301=DIRECTION('',(1.,0.,0.));
#15302=DIRECTION('',(0.,-1.,0.));
#15303=DIRECTION('',(0.,0.,1.));
#15304=DIRECTION('',(1.,0.,0.));
#15305=DIRECTION('',(0.,1.,0.));
#15306=DIRECTION('',(0.,0.,1.));
#15307=DIRECTION('',(1.,0.,0.));
#15308=DIRECTION('',(0.,-1.,0.));
#15309=DIRECTION('',(0.,0.,1.));
#15310=DIRECTION('',(1.,0.,0.));
#15311=DIRECTION('',(0.,1.,0.));
#15312=DIRECTION('',(0.,0.,1.));
#15313=DIRECTION('',(1.,0.,0.));
#15314=DIRECTION('',(0.,-1.,0.));
#15315=DIRECTION('',(0.,0.,1.));
#15316=DIRECTION('',(1.,0.,0.));
#15317=DIRECTION('',(1.,0.,0.));
#15318=DIRECTION('',(0.,0.,1.));
#15319=DIRECTION('',(1.,0.,0.));
#15320=DIRECTION('',(-1.,0.,0.));
#15321=DIRECTION('',(0.,0.,-1.));
#15322=DIRECTION('',(1.,0.,0.));
#15323=DIRECTION('',(0.,1.,0.));
#15324=DIRECTION('',(0.,0.,1.));
#15325=DIRECTION('',(1.,0.,0.));
#15326=DIRECTION('',(0.,-1.,0.));
#15327=DIRECTION('',(0.,0.,1.));
#15328=DIRECTION('',(1.,0.,0.));
#15329=DIRECTION('',(0.,1.,0.));
#15330=DIRECTION('',(0.,0.,-1.));
#15331=DIRECTION('',(1.,0.,0.));
#15332=DIRECTION('',(1.,0.,0.));
#15333=DIRECTION('',(0.,0.,1.));
#15334=DIRECTION('',(1.,0.,0.));
#15335=DIRECTION('',(-1.,0.,0.));
#15336=DIRECTION('',(0.,0.,1.));
#15337=DIRECTION('',(1.,0.,0.));
#15338=DIRECTION('',(0.,0.,1.));
#15339=DIRECTION('',(1.,0.,0.));
#15340=DIRECTION('',(0.707106688054306,0.707106874318777,0.));
#15341=DIRECTION('',(0.,0.,1.));
#15342=DIRECTION('',(1.,0.,0.));
#15343=DIRECTION('',(-0.707106594922027,-0.70710696745102,0.));
#15344=DIRECTION('',(0.,0.,1.));
#15345=DIRECTION('',(1.,0.,0.));
#15346=DIRECTION('',(0.707106688054281,-0.707106874318802,0.));
#15347=DIRECTION('',(0.,0.,1.));
#15348=DIRECTION('',(1.,0.,0.));
#15349=DIRECTION('',(-0.707106781186548,0.707106781186548,0.));
#15350=DIRECTION('',(0.,-1.,0.));
#15351=DIRECTION('',(0.,0.,1.));
#15352=DIRECTION('',(1.,0.,0.));
#15353=DIRECTION('',(0.,1.,0.));
#15354=DIRECTION('',(0.,0.,1.));
#15355=DIRECTION('',(1.,0.,0.));
#15356=DIRECTION('',(0.,-1.,0.));
#15357=DIRECTION('',(0.,0.,1.));
#15358=DIRECTION('',(1.,0.,0.));
#15359=DIRECTION('',(0.,1.,0.));
#15360=DIRECTION('',(0.,0.,1.));
#15361=DIRECTION('',(1.,0.,0.));
#15362=DIRECTION('',(0.,-1.,0.));
#15363=DIRECTION('',(0.,0.,1.));
#15364=DIRECTION('',(1.,0.,0.));
#15365=DIRECTION('',(0.,1.,0.));
#15366=DIRECTION('',(0.,0.,1.));
#15367=DIRECTION('',(1.,0.,0.));
#15368=DIRECTION('',(0.,-1.,0.));
#15369=DIRECTION('',(0.,0.,1.));
#15370=DIRECTION('',(1.,0.,0.));
#15371=DIRECTION('',(0.,1.,0.));
#15372=DIRECTION('',(0.,0.,1.));
#15373=DIRECTION('',(1.,0.,0.));
#15374=DIRECTION('',(0.,0.,1.));
#15375=DIRECTION('',(1.,0.,0.));
#15376=DIRECTION('',(1.,0.,0.));
#15377=DIRECTION('',(0.,0.,-1.));
#15378=DIRECTION('',(1.,0.,0.));
#15379=DIRECTION('',(0.,-1.,0.));
#15380=DIRECTION('',(0.,0.,1.));
#15381=DIRECTION('',(1.,0.,0.));
#15382=DIRECTION('',(0.,1.,0.));
#15383=DIRECTION('',(0.,0.,1.));
#15384=DIRECTION('',(1.,0.,0.));
#15385=DIRECTION('',(-1.,0.,0.));
#15386=DIRECTION('',(0.,0.,1.));
#15387=DIRECTION('',(1.,0.,0.));
#15388=DIRECTION('',(1.,0.,0.));
#15389=DIRECTION('',(0.,0.,1.));
#15390=DIRECTION('',(1.,0.,0.));
#15391=DIRECTION('',(0.,1.,0.));
#15392=DIRECTION('',(0.,0.,1.));
#15393=DIRECTION('',(1.,0.,0.));
#15394=DIRECTION('',(0.,-1.,0.));
#15395=DIRECTION('',(0.,0.,-1.));
#15396=DIRECTION('',(1.,0.,0.));
#15397=DIRECTION('',(-1.,0.,0.));
#15398=DIRECTION('',(0.,-1.,0.));
#15399=DIRECTION('',(1.,0.,0.));
#15400=DIRECTION('',(0.,0.,1.));
#15401=DIRECTION('',(1.,0.,0.));
#15402=DIRECTION('',(-1.,0.,0.));
#15403=DIRECTION('',(0.,1.,0.));
#15404=DIRECTION('',(0.,0.,1.));
#15405=DIRECTION('',(1.,0.,0.));
#15406=DIRECTION('',(0.,-1.,0.));
#15407=DIRECTION('',(0.,0.,1.));
#15408=DIRECTION('',(1.,0.,0.));
#15409=DIRECTION('',(0.,1.,0.));
#15410=DIRECTION('',(1.,0.,0.));
#15411=DIRECTION('',(0.,0.,1.));
#15412=DIRECTION('',(1.,0.,0.));
#15413=DIRECTION('',(-1.,0.,0.));
#15414=DIRECTION('',(0.,-1.,0.));
#15415=DIRECTION('',(0.,0.,1.));
#15416=DIRECTION('',(1.,0.,0.));
#15417=DIRECTION('',(0.,1.,0.));
#15418=DIRECTION('',(0.,0.,1.));
#15419=DIRECTION('',(1.,0.,0.));
#15420=DIRECTION('',(0.,-1.,0.));
#15421=DIRECTION('',(0.,0.,1.));
#15422=DIRECTION('',(1.,0.,0.));
#15423=DIRECTION('',(0.,1.,0.));
#15424=DIRECTION('',(0.,0.,1.));
#15425=DIRECTION('',(1.,0.,0.));
#15426=DIRECTION('',(0.,-1.,0.));
#15427=DIRECTION('',(0.,0.,1.));
#15428=DIRECTION('',(1.,0.,0.));
#15429=DIRECTION('',(0.,1.,0.));
#15430=DIRECTION('',(0.,0.,1.));
#15431=DIRECTION('',(1.,0.,0.));
#15432=DIRECTION('',(0.,-1.,0.));
#15433=DIRECTION('',(0.,0.,1.));
#15434=DIRECTION('',(1.,0.,0.));
#15435=DIRECTION('',(0.,1.,0.));
#15436=DIRECTION('',(0.,0.,1.));
#15437=DIRECTION('',(1.,0.,0.));
#15438=DIRECTION('',(0.,0.,1.));
#15439=DIRECTION('',(1.,0.,0.));
#15440=DIRECTION('',(1.,0.,0.));
#15441=DIRECTION('',(0.,-1.,0.));
#15442=DIRECTION('',(0.,0.,1.));
#15443=DIRECTION('',(1.,0.,0.));
#15444=DIRECTION('',(0.,1.,0.));
#15445=DIRECTION('',(-1.,0.,0.));
#15446=DIRECTION('',(0.,0.,1.));
#15447=DIRECTION('',(1.,0.,0.));
#15448=DIRECTION('',(1.,0.,0.));
#15449=DIRECTION('',(0.,1.,0.));
#15450=DIRECTION('',(0.,0.,1.));
#15451=DIRECTION('',(1.,0.,0.));
#15452=DIRECTION('',(0.,-1.,0.));
#15453=DIRECTION('',(-1.,0.,0.));
#15454=DIRECTION('',(0.,1.,0.));
#15455=DIRECTION('',(0.,0.,1.));
#15456=DIRECTION('',(1.,0.,0.));
#15457=DIRECTION('',(0.,-1.,0.));
#15458=DIRECTION('',(-1.,0.,0.));
#15459=DIRECTION('',(0.,0.,1.));
#15460=DIRECTION('',(1.,0.,0.));
#15461=DIRECTION('',(0.707106594922027,0.70710696745102,0.));
#15462=DIRECTION('',(0.,0.,1.));
#15463=DIRECTION('',(1.,0.,0.));
#15464=DIRECTION('',(-0.707106594922027,-0.70710696745102,0.));
#15465=DIRECTION('',(0.,0.,1.));
#15466=DIRECTION('',(1.,0.,0.));
#15467=DIRECTION('',(0.707106688054281,-0.707106874318802,0.));
#15468=DIRECTION('',(0.,0.,1.));
#15469=DIRECTION('',(1.,0.,0.));
#15470=DIRECTION('',(-0.707106688054281,0.707106874318802,0.));
#15471=DIRECTION('',(0.,-1.,0.));
#15472=DIRECTION('',(0.,0.,1.));
#15473=DIRECTION('',(1.,0.,0.));
#15474=DIRECTION('',(1.,0.,0.));
#15475=DIRECTION('',(0.,0.,1.));
#15476=DIRECTION('',(1.,0.,0.));
#15477=DIRECTION('',(-1.,0.,0.));
#15478=DIRECTION('',(0.,0.,-1.));
#15479=DIRECTION('',(1.,0.,0.));
#15480=DIRECTION('',(0.,1.,0.));
#15481=DIRECTION('',(0.,0.,1.));
#15482=DIRECTION('',(1.,0.,0.));
#15483=DIRECTION('',(0.,-1.,0.));
#15484=DIRECTION('',(0.,0.,1.));
#15485=DIRECTION('',(1.,0.,0.));
#15486=DIRECTION('',(0.,1.,0.));
#15487=DIRECTION('',(0.,0.,-1.));
#15488=DIRECTION('',(1.,0.,0.));
#15489=DIRECTION('',(1.,0.,0.));
#15490=DIRECTION('',(0.,0.,1.));
#15491=DIRECTION('',(1.,0.,0.));
#15492=DIRECTION('',(-1.,0.,0.));
#15493=DIRECTION('',(0.,0.,1.));
#15494=DIRECTION('',(1.,0.,0.));
#15495=DIRECTION('',(0.,-1.,0.));
#15496=DIRECTION('',(0.,0.,1.));
#15497=DIRECTION('',(1.,0.,0.));
#15498=DIRECTION('',(0.,1.,0.));
#15499=DIRECTION('',(0.,0.,1.));
#15500=DIRECTION('',(1.,0.,0.));
#15501=DIRECTION('',(0.,0.,1.));
#15502=DIRECTION('',(1.,0.,0.));
#15503=DIRECTION('',(0.707106594922027,0.70710696745102,0.));
#15504=DIRECTION('',(0.,0.,1.));
#15505=DIRECTION('',(1.,0.,0.));
#15506=DIRECTION('',(-0.707106594922027,-0.70710696745102,0.));
#15507=DIRECTION('',(0.,0.,1.));
#15508=DIRECTION('',(1.,0.,0.));
#15509=DIRECTION('',(0.707106688054281,-0.707106874318802,0.));
#15510=DIRECTION('',(0.,0.,1.));
#15511=DIRECTION('',(1.,0.,0.));
#15512=DIRECTION('',(-0.707106688054281,0.707106874318802,0.));
#15513=DIRECTION('',(0.,-1.,0.));
#15514=DIRECTION('',(0.,0.,1.));
#15515=DIRECTION('',(1.,0.,0.));
#15516=DIRECTION('',(0.,1.,0.));
#15517=DIRECTION('',(0.,0.,1.));
#15518=DIRECTION('',(1.,0.,0.));
#15519=DIRECTION('',(0.,0.,1.));
#15520=DIRECTION('',(1.,0.,0.));
#15521=DIRECTION('',(1.,0.,0.));
#15522=DIRECTION('',(0.,0.,-1.));
#15523=DIRECTION('',(1.,0.,0.));
#15524=DIRECTION('',(0.,-1.,0.));
#15525=DIRECTION('',(0.,0.,1.));
#15526=DIRECTION('',(1.,0.,0.));
#15527=DIRECTION('',(0.,1.,0.));
#15528=DIRECTION('',(0.,0.,1.));
#15529=DIRECTION('',(1.,0.,0.));
#15530=DIRECTION('',(-1.,0.,0.));
#15531=DIRECTION('',(0.,0.,1.));
#15532=DIRECTION('',(1.,0.,0.));
#15533=DIRECTION('',(1.,0.,0.));
#15534=DIRECTION('',(0.,0.,1.));
#15535=DIRECTION('',(1.,0.,0.));
#15536=DIRECTION('',(0.,1.,0.));
#15537=DIRECTION('',(0.,0.,1.));
#15538=DIRECTION('',(1.,0.,0.));
#15539=DIRECTION('',(0.,-1.,0.));
#15540=DIRECTION('',(0.,0.,-1.));
#15541=DIRECTION('',(1.,0.,0.));
#15542=DIRECTION('',(-1.,0.,0.));
#15543=DIRECTION('',(0.,-1.,0.));
#15544=DIRECTION('',(0.,0.,1.));
#15545=DIRECTION('',(1.,0.,0.));
#15546=DIRECTION('',(0.,1.,0.));
#15547=DIRECTION('',(0.,0.,1.));
#15548=DIRECTION('',(1.,0.,0.));
#15549=DIRECTION('',(0.,-1.,0.));
#15550=DIRECTION('',(0.,0.,1.));
#15551=DIRECTION('',(1.,0.,0.));
#15552=DIRECTION('',(0.,1.,0.));
#15553=DIRECTION('',(0.,0.,1.));
#15554=DIRECTION('',(1.,0.,0.));
#15555=DIRECTION('',(0.,-1.,0.));
#15556=DIRECTION('',(0.,0.,1.));
#15557=DIRECTION('',(1.,0.,0.));
#15558=DIRECTION('',(0.,1.,0.));
#15559=DIRECTION('',(0.,0.,1.));
#15560=DIRECTION('',(1.,0.,0.));
#15561=DIRECTION('',(0.,0.,1.));
#15562=DIRECTION('',(1.,0.,0.));
#15563=DIRECTION('',(0.,-1.,0.));
#15564=DIRECTION('',(0.,0.,1.));
#15565=DIRECTION('',(1.,0.,0.));
#15566=DIRECTION('',(0.,0.,1.));
#15567=DIRECTION('',(1.,0.,0.));
#15568=DIRECTION('',(0.,0.,1.));
#15569=DIRECTION('',(1.,0.,0.));
#15570=DIRECTION('',(0.,1.,0.));
#15571=DIRECTION('',(0.,0.,1.));
#15572=DIRECTION('',(1.,0.,0.));
#15573=DIRECTION('',(0.447213595499958,0.894427190999916,0.));
#15574=DIRECTION('',(0.,0.,1.));
#15575=DIRECTION('',(1.,0.,0.));
#15576=DIRECTION('',(1.,-4.65625976168317E-16,0.));
#15577=DIRECTION('',(0.,0.,1.));
#15578=DIRECTION('',(1.,0.,0.));
#15579=DIRECTION('',(0.447213595499958,-0.894427190999916,0.));
#15580=DIRECTION('',(0.,0.,1.));
#15581=DIRECTION('',(1.,0.,0.));
#15582=DIRECTION('',(0.,0.,1.));
#15583=DIRECTION('',(1.,0.,0.));
#15584=DIRECTION('',(0.,0.,1.));
#15585=DIRECTION('',(1.,0.,0.));
#15586=DIRECTION('',(0.,0.,1.));
#15587=DIRECTION('',(1.,0.,0.));
#15588=DIRECTION('',(0.,0.,-1.));
#15589=DIRECTION('',(-1.,0.,0.));
#15590=DIRECTION('',(0.,0.,1.));
#15591=DIRECTION('',(1.,0.,0.));
#15592=DIRECTION('',(0.,0.,1.));
#15593=DIRECTION('',(1.,0.,0.));
#15594=DIRECTION('',(0.,0.,1.));
#15595=DIRECTION('',(1.,0.,0.));
#15596=DIRECTION('',(0.,0.,1.));
#15597=DIRECTION('',(1.,0.,0.));
#15598=DIRECTION('',(0.,0.,1.));
#15599=DIRECTION('',(1.,0.,0.));
#15600=DIRECTION('',(0.,0.,1.));
#15601=DIRECTION('',(1.,0.,0.));
#15602=DIRECTION('',(0.,0.,1.));
#15603=DIRECTION('',(1.,0.,0.));
#15604=DIRECTION('',(0.,0.,1.));
#15605=DIRECTION('',(1.,0.,0.));
#15606=DIRECTION('',(0.,0.,1.));
#15607=DIRECTION('',(1.,0.,0.));
#15608=DIRECTION('',(0.,0.,1.));
#15609=DIRECTION('',(1.,0.,0.));
#15610=DIRECTION('',(0.,0.,-1.));
#15611=DIRECTION('',(-1.,0.,0.));
#15612=DIRECTION('',(0.,0.,1.));
#15613=DIRECTION('',(1.,0.,0.));
#15614=DIRECTION('',(0.,0.,1.));
#15615=DIRECTION('',(1.,0.,0.));
#15616=DIRECTION('',(0.,0.,1.));
#15617=DIRECTION('',(1.,0.,0.));
#15618=DIRECTION('',(0.,0.,-1.));
#15619=DIRECTION('',(-1.,0.,0.));
#15620=DIRECTION('',(0.,0.,1.));
#15621=DIRECTION('',(1.,0.,0.));
#15622=DIRECTION('',(0.,0.,1.));
#15623=DIRECTION('',(1.,0.,0.));
#15624=DIRECTION('',(0.,0.,1.));
#15625=DIRECTION('',(1.,0.,0.));
#15626=DIRECTION('',(0.,0.,1.));
#15627=DIRECTION('',(1.,0.,0.));
#15628=DIRECTION('',(0.,0.,1.));
#15629=DIRECTION('',(1.,0.,0.));
#15630=DIRECTION('',(0.,0.,1.));
#15631=DIRECTION('',(1.,0.,0.));
#15632=DIRECTION('',(0.,0.,1.));
#15633=DIRECTION('',(1.,0.,0.));
#15634=DIRECTION('',(0.,0.,1.));
#15635=DIRECTION('',(1.,0.,0.));
#15636=DIRECTION('',(0.,0.,1.));
#15637=DIRECTION('',(1.,0.,0.));
#15638=DIRECTION('',(0.,0.,1.));
#15639=DIRECTION('',(1.,0.,0.));
#15640=DIRECTION('',(0.,0.,1.));
#15641=DIRECTION('',(1.,0.,0.));
#15642=DIRECTION('',(0.,0.,1.));
#15643=DIRECTION('',(1.,0.,0.));
#15644=DIRECTION('',(0.,0.,1.));
#15645=DIRECTION('',(1.,0.,0.));
#15646=DIRECTION('',(0.,0.,1.));
#15647=DIRECTION('',(1.,0.,0.));
#15648=DIRECTION('',(0.,0.,1.));
#15649=DIRECTION('',(1.,0.,0.));
#15650=DIRECTION('',(0.,0.,-1.));
#15651=DIRECTION('',(-1.,0.,0.));
#15652=DIRECTION('',(0.,0.,-1.));
#15653=DIRECTION('',(-1.,0.,0.));
#15654=DIRECTION('',(0.,-1.,0.));
#15655=DIRECTION('',(0.,0.,1.));
#15656=DIRECTION('',(1.,0.,0.));
#15657=DIRECTION('',(0.,1.,0.));
#15658=DIRECTION('',(0.,0.,1.));
#15659=DIRECTION('',(1.,0.,0.));
#15660=DIRECTION('',(0.,-1.,0.));
#15661=DIRECTION('',(0.,0.,1.));
#15662=DIRECTION('',(1.,0.,0.));
#15663=DIRECTION('',(0.,1.,0.));
#15664=DIRECTION('',(0.,0.,1.));
#15665=DIRECTION('',(1.,0.,0.));
#15666=DIRECTION('',(0.,-1.,0.));
#15667=DIRECTION('',(0.,0.,1.));
#15668=DIRECTION('',(1.,0.,0.));
#15669=DIRECTION('',(-1.,0.,0.));
#15670=DIRECTION('',(0.,0.,1.));
#15671=DIRECTION('',(1.,0.,0.));
#15672=DIRECTION('',(1.,0.,0.));
#15673=DIRECTION('',(0.,0.,-1.));
#15674=DIRECTION('',(1.,0.,0.));
#15675=DIRECTION('',(0.,1.,0.));
#15676=DIRECTION('',(0.,0.,1.));
#15677=DIRECTION('',(1.,0.,0.));
#15678=DIRECTION('',(0.,-1.,0.));
#15679=DIRECTION('',(-1.,0.,0.));
#15680=DIRECTION('',(0.,0.,1.));
#15681=DIRECTION('',(1.,0.,0.));
#15682=DIRECTION('',(1.,0.,0.));
#15683=DIRECTION('',(0.,1.,0.));
#15684=DIRECTION('',(0.,0.,1.));
#15685=DIRECTION('',(1.,0.,0.));
#15686=DIRECTION('',(0.,-1.,0.));
#15687=DIRECTION('',(0.,0.,1.));
#15688=DIRECTION('',(1.,0.,0.));
#15689=DIRECTION('',(0.,1.,0.));
#15690=DIRECTION('',(-1.,0.,0.));
#15691=DIRECTION('',(0.,-1.,0.));
#15692=DIRECTION('',(0.,0.,1.));
#15693=DIRECTION('',(1.,0.,0.));
#15694=DIRECTION('',(0.,1.,0.));
#15695=DIRECTION('',(-1.,0.,0.));
#15696=DIRECTION('',(0.,0.,1.));
#15697=DIRECTION('',(1.,0.,0.));
#15698=DIRECTION('',(1.,0.,0.));
#15699=DIRECTION('',(0.,-1.,0.));
#15700=DIRECTION('',(0.,0.,1.));
#15701=DIRECTION('',(1.,0.,0.));
#15702=DIRECTION('',(0.,1.,0.));
#15703=DIRECTION('',(0.,0.,-1.));
#15704=DIRECTION('',(1.,0.,0.));
#15705=DIRECTION('',(-1.,0.,0.));
#15706=DIRECTION('',(0.,0.,1.));
#15707=DIRECTION('',(1.,0.,0.));
#15708=DIRECTION('',(1.,0.,0.));
#15709=DIRECTION('',(0.,0.,1.));
#15710=DIRECTION('',(1.,0.,0.));
#15711=DIRECTION('',(0.,0.,1.));
#15712=DIRECTION('',(1.,0.,0.));
#15713=DIRECTION('',(-0.707106594922027,0.70710696745102,0.));
#15714=DIRECTION('',(0.,0.,1.));
#15715=DIRECTION('',(1.,0.,0.));
#15716=DIRECTION('',(0.707106594922027,-0.70710696745102,0.));
#15717=DIRECTION('',(0.,0.,1.));
#15718=DIRECTION('',(1.,0.,0.));
#15719=DIRECTION('',(-0.707106688054281,-0.707106874318802,0.));
#15720=DIRECTION('',(0.,0.,1.));
#15721=DIRECTION('',(1.,0.,0.));
#15722=DIRECTION('',(0.707106688054281,0.707106874318802,0.));
#15723=DIRECTION('',(0.,0.,1.));
#15724=DIRECTION('',(1.,0.,0.));
#15725=DIRECTION('',(-1.,0.,0.));
#15726=DIRECTION('',(0.,-1.,0.));
#15727=DIRECTION('',(0.,0.,1.));
#15728=DIRECTION('',(1.,0.,0.));
#15729=DIRECTION('',(0.,1.,0.));
#15730=DIRECTION('',(1.,0.,0.));
#15731=DIRECTION('',(0.,0.,1.));
#15732=DIRECTION('',(1.,0.,0.));
#15733=DIRECTION('',(-1.,0.,0.));
#15734=DIRECTION('',(0.,1.,0.));
#15735=DIRECTION('',(0.,0.,1.));
#15736=DIRECTION('',(1.,0.,0.));
#15737=DIRECTION('',(0.,-1.,0.));
#15738=DIRECTION('',(1.,0.,0.));
#15739=DIRECTION('',(0.,-1.,0.));
#15740=DIRECTION('',(0.,0.,1.));
#15741=DIRECTION('',(1.,0.,0.));
#15742=DIRECTION('',(0.,1.,0.));
#15743=DIRECTION('',(0.,0.,1.));
#15744=DIRECTION('',(1.,0.,0.));
#15745=DIRECTION('',(0.,0.,1.));
#15746=DIRECTION('',(1.,0.,0.));
#15747=DIRECTION('',(-1.,0.,0.));
#15748=DIRECTION('',(0.,0.,-1.));
#15749=DIRECTION('',(1.,0.,0.));
#15750=DIRECTION('',(0.,-1.,0.));
#15751=DIRECTION('',(0.,0.,1.));
#15752=DIRECTION('',(1.,0.,0.));
#15753=DIRECTION('',(0.,1.,0.));
#15754=DIRECTION('',(0.,0.,1.));
#15755=DIRECTION('',(1.,0.,0.));
#15756=DIRECTION('',(1.,0.,0.));
#15757=DIRECTION('',(0.,0.,1.));
#15758=DIRECTION('',(1.,0.,0.));
#15759=DIRECTION('',(-1.,0.,0.));
#15760=DIRECTION('',(0.,0.,1.));
#15761=DIRECTION('',(1.,0.,0.));
#15762=DIRECTION('',(0.,1.,0.));
#15763=DIRECTION('',(0.,0.,1.));
#15764=DIRECTION('',(1.,0.,0.));
#15765=DIRECTION('',(0.,-1.,0.));
#15766=DIRECTION('',(0.,0.,-1.));
#15767=DIRECTION('',(1.,0.,0.));
#15768=DIRECTION('',(1.,0.,0.));
#15769=DIRECTION('',(0.,-1.,0.));
#15770=DIRECTION('',(0.,0.,1.));
#15771=DIRECTION('',(1.,0.,0.));
#15772=DIRECTION('',(0.,1.,0.));
#15773=DIRECTION('',(0.,0.,1.));
#15774=DIRECTION('',(1.,0.,0.));
#15775=DIRECTION('',(0.,-1.,0.));
#15776=DIRECTION('',(0.,0.,1.));
#15777=DIRECTION('',(1.,0.,0.));
#15778=DIRECTION('',(0.,1.,0.));
#15779=DIRECTION('',(0.,0.,1.));
#15780=DIRECTION('',(1.,0.,0.));
#15781=DIRECTION('',(0.,0.,1.));
#15782=DIRECTION('',(1.,0.,0.));
#15783=DIRECTION('',(-0.707106594922027,0.70710696745102,0.));
#15784=DIRECTION('',(0.,0.,1.));
#15785=DIRECTION('',(1.,0.,0.));
#15786=DIRECTION('',(0.707106594922027,-0.70710696745102,0.));
#15787=DIRECTION('',(0.,0.,1.));
#15788=DIRECTION('',(1.,0.,0.));
#15789=DIRECTION('',(-0.707106688054281,-0.707106874318802,0.));
#15790=DIRECTION('',(0.,0.,1.));
#15791=DIRECTION('',(1.,0.,0.));
#15792=DIRECTION('',(0.707106688054281,0.707106874318802,0.));
#15793=DIRECTION('',(0.,-1.,0.));
#15794=DIRECTION('',(0.,0.,1.));
#15795=DIRECTION('',(1.,0.,0.));
#15796=DIRECTION('',(-1.,0.,0.));
#15797=DIRECTION('',(0.,0.,1.));
#15798=DIRECTION('',(1.,0.,0.));
#15799=DIRECTION('',(1.,0.,0.));
#15800=DIRECTION('',(0.,0.,-1.));
#15801=DIRECTION('',(1.,0.,0.));
#15802=DIRECTION('',(0.,1.,0.));
#15803=DIRECTION('',(0.,0.,1.));
#15804=DIRECTION('',(1.,0.,0.));
#15805=DIRECTION('',(0.,-1.,0.));
#15806=DIRECTION('',(0.,0.,1.));
#15807=DIRECTION('',(1.,0.,0.));
#15808=DIRECTION('',(0.,1.,0.));
#15809=DIRECTION('',(0.,0.,-1.));
#15810=DIRECTION('',(1.,0.,0.));
#15811=DIRECTION('',(-1.,0.,0.));
#15812=DIRECTION('',(0.,0.,1.));
#15813=DIRECTION('',(1.,0.,0.));
#15814=DIRECTION('',(1.,0.,0.));
#15815=DIRECTION('',(0.,0.,1.));
#15816=DIRECTION('',(1.,0.,0.));
#15817=DIRECTION('',(0.,-1.,0.));
#15818=DIRECTION('',(0.,0.,1.));
#15819=DIRECTION('',(1.,0.,0.));
#15820=DIRECTION('',(0.,1.,0.));
#15821=DIRECTION('',(0.,0.,1.));
#15822=DIRECTION('',(1.,0.,0.));
#15823=DIRECTION('',(0.,-1.,0.));
#15824=DIRECTION('',(0.,0.,1.));
#15825=DIRECTION('',(1.,0.,0.));
#15826=DIRECTION('',(0.,1.,0.));
#15827=DIRECTION('',(0.,0.,1.));
#15828=DIRECTION('',(1.,0.,0.));
#15829=DIRECTION('',(0.,-1.,0.));
#15830=DIRECTION('',(0.,0.,1.));
#15831=DIRECTION('',(1.,0.,0.));
#15832=DIRECTION('',(0.,1.,0.));
#15833=DIRECTION('',(0.,0.,1.));
#15834=DIRECTION('',(1.,0.,0.));
#15835=DIRECTION('',(0.,-1.,0.));
#15836=DIRECTION('',(0.,0.,1.));
#15837=DIRECTION('',(1.,0.,0.));
#15838=DIRECTION('',(0.,1.,0.));
#15839=DIRECTION('',(0.,0.,1.));
#15840=DIRECTION('',(1.,0.,0.));
#15841=DIRECTION('',(0.,0.,1.));
#15842=DIRECTION('',(1.,0.,0.));
#15843=DIRECTION('',(-0.707106594922027,0.70710696745102,0.));
#15844=DIRECTION('',(0.,0.,1.));
#15845=DIRECTION('',(1.,0.,0.));
#15846=DIRECTION('',(0.707106688054306,-0.707106874318777,0.));
#15847=DIRECTION('',(0.,0.,1.));
#15848=DIRECTION('',(1.,0.,0.));
#15849=DIRECTION('',(-0.707106781186548,-0.707106781186548,0.));
#15850=DIRECTION('',(0.,0.,1.));
#15851=DIRECTION('',(1.,0.,0.));
#15852=DIRECTION('',(0.707106688054281,0.707106874318802,0.));
#15853=DIRECTION('',(0.,0.,1.));
#15854=DIRECTION('',(1.,0.,0.));
#15855=DIRECTION('',(-1.,0.,0.));
#15856=DIRECTION('',(0.,0.,-1.));
#15857=DIRECTION('',(1.,0.,0.));
#15858=DIRECTION('',(0.,-1.,0.));
#15859=DIRECTION('',(0.,0.,1.));
#15860=DIRECTION('',(1.,0.,0.));
#15861=DIRECTION('',(0.,1.,0.));
#15862=DIRECTION('',(0.,0.,1.));
#15863=DIRECTION('',(1.,0.,0.));
#15864=DIRECTION('',(1.,0.,0.));
#15865=DIRECTION('',(0.,0.,1.));
#15866=DIRECTION('',(1.,0.,0.));
#15867=DIRECTION('',(-1.,0.,0.));
#15868=DIRECTION('',(0.,0.,1.));
#15869=DIRECTION('',(1.,0.,0.));
#15870=DIRECTION('',(0.,1.,0.));
#15871=DIRECTION('',(0.,0.,1.));
#15872=DIRECTION('',(1.,0.,0.));
#15873=DIRECTION('',(0.,-1.,0.));
#15874=DIRECTION('',(0.,0.,-1.));
#15875=DIRECTION('',(1.,0.,0.));
#15876=DIRECTION('',(1.,0.,0.));
#15877=DIRECTION('',(0.,-1.,0.));
#15878=DIRECTION('',(0.,0.,1.));
#15879=DIRECTION('',(1.,0.,0.));
#15880=DIRECTION('',(0.,1.,0.));
#15881=DIRECTION('',(0.,0.,1.));
#15882=DIRECTION('',(1.,0.,0.));
#15883=DIRECTION('',(0.,-1.,0.));
#15884=DIRECTION('',(0.,0.,1.));
#15885=DIRECTION('',(1.,0.,0.));
#15886=DIRECTION('',(0.,1.,0.));
#15887=DIRECTION('',(0.,0.,1.));
#15888=DIRECTION('',(1.,0.,0.));
#15889=DIRECTION('',(0.,-1.,0.));
#15890=DIRECTION('',(0.,0.,1.));
#15891=DIRECTION('',(1.,0.,0.));
#15892=DIRECTION('',(0.,1.,0.));
#15893=DIRECTION('',(0.,0.,1.));
#15894=DIRECTION('',(1.,0.,0.));
#15895=DIRECTION('',(0.,-1.,0.));
#15896=DIRECTION('',(0.,0.,1.));
#15897=DIRECTION('',(1.,0.,0.));
#15898=DIRECTION('',(0.,1.,0.));
#15899=DIRECTION('',(0.,0.,1.));
#15900=DIRECTION('',(1.,0.,0.));
#15901=DIRECTION('',(0.,-1.,0.));
#15902=DIRECTION('',(0.,0.,1.));
#15903=DIRECTION('',(1.,0.,0.));
#15904=DIRECTION('',(0.,1.,0.));
#15905=DIRECTION('',(-1.,0.,0.));
#15906=DIRECTION('',(0.,0.,1.));
#15907=DIRECTION('',(1.,0.,0.));
#15908=DIRECTION('',(1.,0.,0.));
#15909=DIRECTION('',(0.,-1.,0.));
#15910=DIRECTION('',(-1.,0.,0.));
#15911=DIRECTION('',(0.,0.,1.));
#15912=DIRECTION('',(1.,0.,0.));
#15913=DIRECTION('',(1.,0.,0.));
#15914=DIRECTION('',(0.,1.,0.));
#15915=DIRECTION('',(0.,0.,1.));
#15916=DIRECTION('',(1.,0.,0.));
#15917=DIRECTION('',(0.,0.,1.));
#15918=DIRECTION('',(1.,0.,0.));
#15919=DIRECTION('',(-1.,0.,0.));
#15920=DIRECTION('',(0.,1.,0.));
#15921=DIRECTION('',(0.,0.,1.));
#15922=DIRECTION('',(1.,0.,0.));
#15923=DIRECTION('',(0.,-1.,0.));
#15924=DIRECTION('',(1.,0.,0.));
#15925=DIRECTION('',(0.,0.,1.));
#15926=DIRECTION('',(1.,0.,0.));
#15927=DIRECTION('',(-1.,0.,0.));
#15928=DIRECTION('',(0.,-1.,0.));
#15929=DIRECTION('',(0.,0.,1.));
#15930=DIRECTION('',(1.,0.,0.));
#15931=DIRECTION('',(0.,1.,0.));
#15932=DIRECTION('',(1.,0.,0.));
#15933=DIRECTION('',(0.,-1.,0.));
#15934=DIRECTION('',(0.,0.,1.));
#15935=DIRECTION('',(1.,0.,0.));
#15936=DIRECTION('',(0.,1.,0.));
#15937=DIRECTION('',(0.,0.,1.));
#15938=DIRECTION('',(1.,0.,0.));
#15939=DIRECTION('',(0.,-1.,0.));
#15940=DIRECTION('',(0.,0.,1.));
#15941=DIRECTION('',(1.,0.,0.));
#15942=DIRECTION('',(0.,1.,0.));
#15943=DIRECTION('',(0.,0.,1.));
#15944=DIRECTION('',(1.,0.,0.));
#15945=DIRECTION('',(0.,-1.,0.));
#15946=DIRECTION('',(0.,0.,1.));
#15947=DIRECTION('',(1.,0.,0.));
#15948=DIRECTION('',(0.,1.,0.));
#15949=DIRECTION('',(0.,0.,1.));
#15950=DIRECTION('',(1.,0.,0.));
#15951=DIRECTION('',(0.,-1.,0.));
#15952=DIRECTION('',(0.,0.,1.));
#15953=DIRECTION('',(1.,0.,0.));
#15954=DIRECTION('',(0.,1.,0.));
#15955=DIRECTION('',(0.,0.,1.));
#15956=DIRECTION('',(1.,0.,0.));
#15957=DIRECTION('',(0.,0.,1.));
#15958=DIRECTION('',(1.,0.,0.));
#15959=DIRECTION('',(-0.70710664148817,0.707106920884897,0.));
#15960=DIRECTION('',(0.,0.,1.));
#15961=DIRECTION('',(1.,0.,0.));
#15962=DIRECTION('',(0.707106594922027,-0.70710696745102,0.));
#15963=DIRECTION('',(0.,0.,1.));
#15964=DIRECTION('',(1.,0.,0.));
#15965=DIRECTION('',(-0.707106688054281,-0.707106874318802,0.));
#15966=DIRECTION('',(0.,0.,1.));
#15967=DIRECTION('',(1.,0.,0.));
#15968=DIRECTION('',(0.707106734620419,0.707106827752673,0.));
#15969=DIRECTION('',(0.,-1.,0.));
#15970=DIRECTION('',(0.,0.,1.));
#15971=DIRECTION('',(1.,0.,0.));
#15972=DIRECTION('',(-1.,0.,0.));
#15973=DIRECTION('',(0.,0.,1.));
#15974=DIRECTION('',(1.,0.,0.));
#15975=DIRECTION('',(1.,0.,0.));
#15976=DIRECTION('',(0.,0.,-1.));
#15977=DIRECTION('',(1.,0.,0.));
#15978=DIRECTION('',(0.,1.,0.));
#15979=DIRECTION('',(0.,0.,1.));
#15980=DIRECTION('',(1.,0.,0.));
#15981=DIRECTION('',(0.,-1.,0.));
#15982=DIRECTION('',(0.,0.,1.));
#15983=DIRECTION('',(1.,0.,0.));
#15984=DIRECTION('',(0.,1.,0.));
#15985=DIRECTION('',(0.,0.,-1.));
#15986=DIRECTION('',(1.,0.,0.));
#15987=DIRECTION('',(-1.,0.,0.));
#15988=DIRECTION('',(0.,0.,1.));
#15989=DIRECTION('',(1.,0.,0.));
#15990=DIRECTION('',(1.,0.,0.));
#15991=DIRECTION('',(0.,0.,1.));
#15992=DIRECTION('',(1.,0.,0.));
#15993=DIRECTION('',(0.,0.,1.));
#15994=DIRECTION('',(1.,0.,0.));
#15995=DIRECTION('',(-1.,0.,0.));
#15996=DIRECTION('',(0.,0.,1.));
#15997=DIRECTION('',(1.,0.,0.));
#15998=DIRECTION('',(1.,0.,0.));
#15999=DIRECTION('',(0.,0.,1.));
#16000=DIRECTION('',(1.,0.,0.));
#16001=DIRECTION('',(-1.,0.,0.));
#16002=DIRECTION('',(0.,0.,1.));
#16003=DIRECTION('',(1.,0.,0.));
#16004=DIRECTION('',(1.,0.,0.));
#16005=DIRECTION('',(0.,0.,1.));
#16006=DIRECTION('',(1.,0.,0.));
#16007=DIRECTION('',(-1.,0.,0.));
#16008=DIRECTION('',(0.,0.,1.));
#16009=DIRECTION('',(1.,0.,0.));
#16010=DIRECTION('',(1.,0.,0.));
#16011=DIRECTION('',(0.,0.,1.));
#16012=DIRECTION('',(1.,0.,0.));
#16013=DIRECTION('',(-1.,0.,0.));
#16014=DIRECTION('',(0.,0.,1.));
#16015=DIRECTION('',(1.,0.,0.));
#16016=DIRECTION('',(1.,0.,0.));
#16017=DIRECTION('',(0.,0.,1.));
#16018=DIRECTION('',(1.,0.,0.));
#16019=DIRECTION('',(-1.,0.,0.));
#16020=DIRECTION('',(0.,0.,1.));
#16021=DIRECTION('',(1.,0.,0.));
#16022=DIRECTION('',(1.,0.,0.));
#16023=DIRECTION('',(0.,0.,1.));
#16024=DIRECTION('',(1.,0.,0.));
#16025=DIRECTION('',(-1.,0.,0.));
#16026=DIRECTION('',(0.,0.,1.));
#16027=DIRECTION('',(1.,0.,0.));
#16028=DIRECTION('',(1.,0.,0.));
#16029=DIRECTION('',(0.,0.,1.));
#16030=DIRECTION('',(1.,0.,0.));
#16031=DIRECTION('',(-1.,0.,0.));
#16032=DIRECTION('',(0.,0.,1.));
#16033=DIRECTION('',(1.,0.,0.));
#16034=DIRECTION('',(1.,0.,0.));
#16035=DIRECTION('',(0.,0.,1.));
#16036=DIRECTION('',(1.,0.,0.));
#16037=DIRECTION('',(-1.,0.,0.));
#16038=DIRECTION('',(0.,0.,1.));
#16039=DIRECTION('',(1.,0.,0.));
#16040=DIRECTION('',(1.,0.,0.));
#16041=DIRECTION('',(0.,0.,1.));
#16042=DIRECTION('',(1.,0.,0.));
#16043=DIRECTION('',(-1.,0.,0.));
#16044=DIRECTION('',(0.,0.,1.));
#16045=DIRECTION('',(1.,0.,0.));
#16046=DIRECTION('',(1.,0.,0.));
#16047=DIRECTION('',(0.,0.,1.));
#16048=DIRECTION('',(1.,0.,0.));
#16049=DIRECTION('',(-1.,0.,0.));
#16050=DIRECTION('',(0.,0.,1.));
#16051=DIRECTION('',(1.,0.,0.));
#16052=DIRECTION('',(1.,0.,0.));
#16053=DIRECTION('',(0.,0.,1.));
#16054=DIRECTION('',(1.,0.,0.));
#16055=DIRECTION('',(-1.,0.,0.));
#16056=DIRECTION('',(0.,0.,-1.));
#16057=DIRECTION('',(1.,0.,0.));
#16058=DIRECTION('',(0.,-1.,0.));
#16059=DIRECTION('',(0.,0.,1.));
#16060=DIRECTION('',(1.,0.,0.));
#16061=DIRECTION('',(0.,1.,0.));
#16062=DIRECTION('',(0.,0.,1.));
#16063=DIRECTION('',(1.,0.,0.));
#16064=DIRECTION('',(1.,0.,0.));
#16065=DIRECTION('',(0.,0.,1.));
#16066=DIRECTION('',(1.,0.,0.));
#16067=DIRECTION('',(-1.,0.,0.));
#16068=DIRECTION('',(0.,0.,1.));
#16069=DIRECTION('',(1.,0.,0.));
#16070=DIRECTION('',(0.,1.,0.));
#16071=DIRECTION('',(0.,0.,1.));
#16072=DIRECTION('',(1.,0.,0.));
#16073=DIRECTION('',(0.,-1.,0.));
#16074=DIRECTION('',(0.,0.,-1.));
#16075=DIRECTION('',(1.,0.,0.));
#16076=DIRECTION('',(1.,0.,0.));
#16077=DIRECTION('',(0.,0.,1.));
#16078=DIRECTION('',(1.,0.,0.));
#16079=DIRECTION('',(-0.707106635667403,0.707106926705662,0.));
#16080=DIRECTION('',(0.,0.,1.));
#16081=DIRECTION('',(1.,0.,0.));
#16082=DIRECTION('',(0.707106664771239,-0.707106897601837,0.));
#16083=DIRECTION('',(0.,0.,1.));
#16084=DIRECTION('',(1.,0.,0.));
#16085=DIRECTION('',(-0.707106757903484,-0.70710680446961,0.));
#16086=DIRECTION('',(0.,0.,1.));
#16087=DIRECTION('',(1.,0.,0.));
#16088=DIRECTION('',(0.707106728799652,0.707106833573439,0.));
#16089=DIRECTION('',(0.,0.,1.));
#16090=DIRECTION('',(1.,0.,0.));
#16091=DIRECTION('',(-0.707106635667403,-0.707106926705662,0.));
#16092=DIRECTION('',(0.,0.,1.));
#16093=DIRECTION('',(1.,0.,0.));
#16094=DIRECTION('',(0.707106664771239,0.707106897601837,0.));
#16095=DIRECTION('',(0.,0.,1.));
#16096=DIRECTION('',(1.,0.,0.));
#16097=DIRECTION('',(-0.707106757903484,0.70710680446961,0.));
#16098=DIRECTION('',(0.,0.,1.));
#16099=DIRECTION('',(1.,0.,0.));
#16100=DIRECTION('',(0.707106728799652,-0.707106833573439,0.));
#16101=DIRECTION('',(0.,-1.,0.));
#16102=DIRECTION('',(0.,0.,1.));
#16103=DIRECTION('',(1.,0.,0.));
#16104=DIRECTION('',(0.,1.,0.));
#16105=DIRECTION('',(0.,0.,-1.));
#16106=DIRECTION('',(1.,0.,0.));
#16107=DIRECTION('',(-1.,0.,0.));
#16108=DIRECTION('',(0.,0.,1.));
#16109=DIRECTION('',(1.,0.,0.));
#16110=DIRECTION('',(1.,0.,0.));
#16111=DIRECTION('',(0.,0.,1.));
#16112=DIRECTION('',(1.,0.,0.));
#16113=DIRECTION('',(0.,-1.,0.));
#16114=DIRECTION('',(0.,0.,1.));
#16115=DIRECTION('',(1.,0.,0.));
#16116=DIRECTION('',(-1.,0.,0.));
#16117=DIRECTION('',(0.,0.,1.));
#16118=DIRECTION('',(1.,0.,0.));
#16119=DIRECTION('',(1.,0.,0.));
#16120=DIRECTION('',(0.,0.,-1.));
#16121=DIRECTION('',(1.,0.,0.));
#16122=DIRECTION('',(0.,1.,0.));
#16123=DIRECTION('',(0.,0.,1.));
#16124=DIRECTION('',(1.,0.,0.));
#16125=DIRECTION('',(0.,-1.,0.));
#16126=DIRECTION('',(-1.,0.,0.));
#16127=DIRECTION('',(0.,0.,1.));
#16128=DIRECTION('',(1.,0.,0.));
#16129=DIRECTION('',(1.,0.,0.));
#16130=DIRECTION('',(0.,1.,0.));
#16131=DIRECTION('',(0.,0.,1.));
#16132=DIRECTION('',(1.,0.,0.));
#16133=DIRECTION('',(0.,-1.,0.));
#16134=DIRECTION('',(0.,0.,1.));
#16135=DIRECTION('',(1.,0.,0.));
#16136=DIRECTION('',(0.,1.,0.));
#16137=DIRECTION('',(-1.,0.,0.));
#16138=DIRECTION('',(0.,0.,1.));
#16139=DIRECTION('',(1.,0.,0.));
#16140=DIRECTION('',(1.,0.,0.));
#16141=DIRECTION('',(0.,0.,1.));
#16142=DIRECTION('',(1.,0.,0.));
#16143=DIRECTION('',(-1.,0.,0.));
#16144=DIRECTION('',(0.,0.,1.));
#16145=DIRECTION('',(1.,0.,0.));
#16146=DIRECTION('',(1.,0.,0.));
#16147=DIRECTION('',(0.,0.,1.));
#16148=DIRECTION('',(1.,0.,0.));
#16149=DIRECTION('',(-1.,0.,0.));
#16150=DIRECTION('',(0.,0.,1.));
#16151=DIRECTION('',(1.,0.,0.));
#16152=DIRECTION('',(1.,0.,0.));
#16153=DIRECTION('',(0.,0.,1.));
#16154=DIRECTION('',(1.,0.,0.));
#16155=DIRECTION('',(-1.,0.,0.));
#16156=DIRECTION('',(0.,0.,1.));
#16157=DIRECTION('',(1.,0.,0.));
#16158=DIRECTION('',(1.,0.,0.));
#16159=DIRECTION('',(0.,0.,1.));
#16160=DIRECTION('',(1.,0.,0.));
#16161=DIRECTION('',(-1.,0.,0.));
#16162=DIRECTION('',(0.,0.,1.));
#16163=DIRECTION('',(1.,0.,0.));
#16164=DIRECTION('',(1.,0.,0.));
#16165=DIRECTION('',(0.,0.,1.));
#16166=DIRECTION('',(1.,0.,0.));
#16167=DIRECTION('',(-1.,0.,0.));
#16168=DIRECTION('',(0.,0.,1.));
#16169=DIRECTION('',(1.,0.,0.));
#16170=DIRECTION('',(1.,0.,0.));
#16171=DIRECTION('',(0.,0.,1.));
#16172=DIRECTION('',(1.,0.,0.));
#16173=DIRECTION('',(-1.,0.,0.));
#16174=DIRECTION('',(0.,-1.,0.));
#16175=DIRECTION('',(0.,0.,1.));
#16176=DIRECTION('',(1.,0.,0.));
#16177=DIRECTION('',(0.,1.,0.));
#16178=DIRECTION('',(1.,0.,0.));
#16179=DIRECTION('',(0.,0.,1.));
#16180=DIRECTION('',(1.,0.,0.));
#16181=DIRECTION('',(-1.,0.,0.));
#16182=DIRECTION('',(0.,1.,0.));
#16183=DIRECTION('',(0.,0.,1.));
#16184=DIRECTION('',(1.,0.,0.));
#16185=DIRECTION('',(0.,-1.,0.));
#16186=DIRECTION('',(1.,0.,0.));
#16187=DIRECTION('',(0.,0.,1.));
#16188=DIRECTION('',(1.,0.,0.));
#16189=DIRECTION('',(-1.,0.,0.));
#16190=DIRECTION('',(0.,0.,1.));
#16191=DIRECTION('',(1.,0.,0.));
#16192=DIRECTION('',(1.,0.,0.));
#16193=DIRECTION('',(0.,0.,1.));
#16194=DIRECTION('',(1.,0.,0.));
#16195=DIRECTION('',(-1.,0.,0.));
#16196=DIRECTION('',(0.,0.,1.));
#16197=DIRECTION('',(1.,0.,0.));
#16198=DIRECTION('',(1.,0.,0.));
#16199=DIRECTION('',(0.,0.,1.));
#16200=DIRECTION('',(1.,0.,0.));
#16201=DIRECTION('',(-1.,0.,0.));
#16202=DIRECTION('',(0.,0.,1.));
#16203=DIRECTION('',(1.,0.,0.));
#16204=DIRECTION('',(1.,0.,0.));
#16205=DIRECTION('',(0.,0.,1.));
#16206=DIRECTION('',(1.,0.,0.));
#16207=DIRECTION('',(-1.,0.,0.));
#16208=DIRECTION('',(0.,0.,1.));
#16209=DIRECTION('',(1.,0.,0.));
#16210=DIRECTION('',(1.,0.,0.));
#16211=DIRECTION('',(0.,0.,1.));
#16212=DIRECTION('',(1.,0.,0.));
#16213=DIRECTION('',(-1.,0.,0.));
#16214=DIRECTION('',(0.,0.,1.));
#16215=DIRECTION('',(1.,0.,0.));
#16216=DIRECTION('',(1.,0.,0.));
#16217=DIRECTION('',(0.,0.,1.));
#16218=DIRECTION('',(1.,0.,0.));
#16219=DIRECTION('',(-1.,0.,0.));
#16220=DIRECTION('',(0.,0.,1.));
#16221=DIRECTION('',(1.,0.,0.));
#16222=DIRECTION('',(0.,1.,0.));
#16223=DIRECTION('',(0.,0.,1.));
#16224=DIRECTION('',(1.,0.,0.));
#16225=DIRECTION('',(0.,-1.,0.));
#16226=DIRECTION('',(0.,0.,-1.));
#16227=DIRECTION('',(1.,0.,0.));
#16228=DIRECTION('',(1.,0.,0.));
#16229=DIRECTION('',(0.,0.,1.));
#16230=DIRECTION('',(1.,0.,0.));
#16231=DIRECTION('',(-1.,0.,0.));
#16232=DIRECTION('',(0.,0.,-1.));
#16233=DIRECTION('',(1.,0.,0.));
#16234=DIRECTION('',(0.,-1.,0.));
#16235=DIRECTION('',(0.,0.,1.));
#16236=DIRECTION('',(1.,0.,0.));
#16237=DIRECTION('',(0.,1.,0.));
#16238=DIRECTION('',(0.,0.,1.));
#16239=DIRECTION('',(1.,0.,0.));
#16240=DIRECTION('',(1.,0.,0.));
#16241=DIRECTION('',(0.,0.,1.));
#16242=DIRECTION('',(1.,0.,0.));
#16243=DIRECTION('',(-0.70710664148817,-0.707106920884897,0.));
#16244=DIRECTION('',(0.,0.,1.));
#16245=DIRECTION('',(1.,0.,0.));
#16246=DIRECTION('',(0.707106594922027,0.70710696745102,0.));
#16247=DIRECTION('',(0.,0.,1.));
#16248=DIRECTION('',(1.,0.,0.));
#16249=DIRECTION('',(-0.707106688054281,0.707106874318802,0.));
#16250=DIRECTION('',(0.,0.,1.));
#16251=DIRECTION('',(1.,0.,0.));
#16252=DIRECTION('',(0.707106734620419,-0.707106827752673,0.));
#16253=DIRECTION('',(0.,-1.,0.));
#16254=DIRECTION('',(0.,0.,1.));
#16255=DIRECTION('',(1.,0.,0.));
#16256=DIRECTION('',(0.,1.,0.));
#16257=DIRECTION('',(0.,0.,1.));
#16258=DIRECTION('',(1.,0.,0.));
#16259=DIRECTION('',(0.,-1.,0.));
#16260=DIRECTION('',(0.,0.,1.));
#16261=DIRECTION('',(1.,0.,0.));
#16262=DIRECTION('',(0.,1.,0.));
#16263=DIRECTION('',(0.,0.,1.));
#16264=DIRECTION('',(1.,0.,0.));
#16265=DIRECTION('',(0.,-1.,0.));
#16266=DIRECTION('',(0.,0.,1.));
#16267=DIRECTION('',(1.,0.,0.));
#16268=DIRECTION('',(0.,1.,0.));
#16269=DIRECTION('',(0.,0.,1.));
#16270=DIRECTION('',(1.,0.,0.));
#16271=DIRECTION('',(0.,-1.,0.));
#16272=DIRECTION('',(0.,0.,1.));
#16273=DIRECTION('',(1.,0.,0.));
#16274=DIRECTION('',(0.,1.,0.));
#16275=DIRECTION('',(0.,0.,1.));
#16276=DIRECTION('',(1.,0.,0.));
#16277=DIRECTION('',(0.,-1.,0.));
#16278=DIRECTION('',(0.,0.,1.));
#16279=DIRECTION('',(1.,0.,0.));
#16280=DIRECTION('',(0.,1.,0.));
#16281=DIRECTION('',(0.,0.,-1.));
#16282=DIRECTION('',(1.,0.,0.));
#16283=DIRECTION('',(-1.,0.,0.));
#16284=DIRECTION('',(0.,0.,1.));
#16285=DIRECTION('',(1.,0.,0.));
#16286=DIRECTION('',(1.,0.,0.));
#16287=DIRECTION('',(0.,0.,1.));
#16288=DIRECTION('',(1.,0.,0.));
#16289=DIRECTION('',(0.,-1.,0.));
#16290=DIRECTION('',(0.,0.,1.));
#16291=DIRECTION('',(1.,0.,0.));
#16292=DIRECTION('',(-1.,0.,0.));
#16293=DIRECTION('',(0.,0.,1.));
#16294=DIRECTION('',(1.,0.,0.));
#16295=DIRECTION('',(1.,0.,0.));
#16296=DIRECTION('',(0.,0.,-1.));
#16297=DIRECTION('',(1.,0.,0.));
#16298=DIRECTION('',(0.,1.,0.));
#16299=DIRECTION('',(0.,0.,1.));
#16300=DIRECTION('',(1.,0.,0.));
#16301=DIRECTION('',(0.,0.,1.));
#16302=DIRECTION('',(1.,0.,0.));
#16303=DIRECTION('',(-0.707106594922027,-0.70710696745102,0.));
#16304=DIRECTION('',(0.,0.,1.));
#16305=DIRECTION('',(1.,0.,0.));
#16306=DIRECTION('',(0.707106688054306,0.707106874318777,0.));
#16307=DIRECTION('',(0.,0.,1.));
#16308=DIRECTION('',(1.,0.,0.));
#16309=DIRECTION('',(-0.707106781186548,0.707106781186548,0.));
#16310=DIRECTION('',(0.,0.,1.));
#16311=DIRECTION('',(1.,0.,0.));
#16312=DIRECTION('',(0.707106688054281,-0.707106874318802,0.));
#16313=DIRECTION('',(0.,-1.,0.));
#16314=DIRECTION('',(0.,0.,1.));
#16315=DIRECTION('',(1.,0.,0.));
#16316=DIRECTION('',(0.,1.,0.));
#16317=DIRECTION('',(0.,0.,1.));
#16318=DIRECTION('',(1.,0.,0.));
#16319=DIRECTION('',(0.,-1.,0.));
#16320=DIRECTION('',(0.,0.,1.));
#16321=DIRECTION('',(1.,0.,0.));
#16322=DIRECTION('',(0.,1.,0.));
#16323=DIRECTION('',(0.,0.,1.));
#16324=DIRECTION('',(1.,0.,0.));
#16325=DIRECTION('',(0.,-1.,0.));
#16326=DIRECTION('',(0.,0.,1.));
#16327=DIRECTION('',(1.,0.,0.));
#16328=DIRECTION('',(0.,1.,0.));
#16329=DIRECTION('',(0.,0.,1.));
#16330=DIRECTION('',(1.,0.,0.));
#16331=DIRECTION('',(0.,-1.,0.));
#16332=DIRECTION('',(0.,0.,1.));
#16333=DIRECTION('',(1.,0.,0.));
#16334=DIRECTION('',(0.,1.,0.));
#16335=DIRECTION('',(0.,0.,1.));
#16336=DIRECTION('',(1.,0.,0.));
#16337=DIRECTION('',(0.,0.,1.));
#16338=DIRECTION('',(1.,0.,0.));
#16339=DIRECTION('',(-1.,0.,0.));
#16340=DIRECTION('',(0.,0.,1.));
#16341=DIRECTION('',(1.,0.,0.));
#16342=DIRECTION('',(0.,1.,0.));
#16343=DIRECTION('',(0.,0.,1.));
#16344=DIRECTION('',(1.,0.,0.));
#16345=DIRECTION('',(0.,-1.,0.));
#16346=DIRECTION('',(0.,0.,-1.));
#16347=DIRECTION('',(1.,0.,0.));
#16348=DIRECTION('',(1.,0.,0.));
#16349=DIRECTION('',(0.,0.,1.));
#16350=DIRECTION('',(1.,0.,0.));
#16351=DIRECTION('',(-1.,0.,0.));
#16352=DIRECTION('',(0.,0.,-1.));
#16353=DIRECTION('',(1.,0.,0.));
#16354=DIRECTION('',(0.,-1.,0.));
#16355=DIRECTION('',(0.,0.,1.));
#16356=DIRECTION('',(1.,0.,0.));
#16357=DIRECTION('',(0.,1.,0.));
#16358=DIRECTION('',(0.,0.,1.));
#16359=DIRECTION('',(1.,0.,0.));
#16360=DIRECTION('',(1.,0.,0.));
#16361=DIRECTION('',(0.,-1.,0.));
#16362=DIRECTION('',(0.,0.,1.));
#16363=DIRECTION('',(1.,0.,0.));
#16364=DIRECTION('',(0.,1.,0.));
#16365=DIRECTION('',(-1.,0.,0.));
#16366=DIRECTION('',(0.,0.,1.));
#16367=DIRECTION('',(1.,0.,0.));
#16368=DIRECTION('',(1.,0.,0.));
#16369=DIRECTION('',(0.,-1.,0.));
#16370=DIRECTION('',(-1.,0.,0.));
#16371=DIRECTION('',(0.,0.,1.));
#16372=DIRECTION('',(1.,0.,0.));
#16373=DIRECTION('',(1.,0.,0.));
#16374=DIRECTION('',(0.,1.,0.));
#16375=DIRECTION('',(0.,0.,1.));
#16376=DIRECTION('',(1.,0.,0.));
#16377=DIRECTION('',(0.,-1.,0.));
#16378=DIRECTION('',(0.,0.,1.));
#16379=DIRECTION('',(1.,0.,0.));
#16380=DIRECTION('',(0.,1.,0.));
#16381=DIRECTION('',(0.,0.,1.));
#16382=DIRECTION('',(1.,0.,0.));
#16383=DIRECTION('',(0.,-1.,0.));
#16384=DIRECTION('',(0.,0.,1.));
#16385=DIRECTION('',(1.,0.,0.));
#16386=DIRECTION('',(0.,1.,0.));
#16387=DIRECTION('',(0.,0.,1.));
#16388=DIRECTION('',(1.,0.,0.));
#16389=DIRECTION('',(0.,-1.,0.));
#16390=DIRECTION('',(0.,0.,1.));
#16391=DIRECTION('',(1.,0.,0.));
#16392=DIRECTION('',(0.,1.,0.));
#16393=DIRECTION('',(0.,0.,1.));
#16394=DIRECTION('',(1.,0.,0.));
#16395=DIRECTION('',(0.,-1.,0.));
#16396=DIRECTION('',(0.,0.,1.));
#16397=DIRECTION('',(1.,0.,0.));
#16398=DIRECTION('',(0.,1.,0.));
#16399=DIRECTION('',(0.,0.,1.));
#16400=DIRECTION('',(1.,0.,0.));
#16401=DIRECTION('',(0.,0.,1.));
#16402=DIRECTION('',(1.,0.,0.));
#16403=DIRECTION('',(-1.,0.,0.));
#16404=DIRECTION('',(0.,1.,0.));
#16405=DIRECTION('',(0.,0.,1.));
#16406=DIRECTION('',(1.,0.,0.));
#16407=DIRECTION('',(0.,-1.,0.));
#16408=DIRECTION('',(1.,0.,0.));
#16409=DIRECTION('',(0.,0.,1.));
#16410=DIRECTION('',(1.,0.,0.));
#16411=DIRECTION('',(-1.,0.,0.));
#16412=DIRECTION('',(0.,-1.,0.));
#16413=DIRECTION('',(0.,0.,1.));
#16414=DIRECTION('',(1.,0.,0.));
#16415=DIRECTION('',(0.,1.,0.));
#16416=DIRECTION('',(-1.,0.,0.));
#16417=DIRECTION('',(0.,-1.,0.));
#16418=DIRECTION('',(0.,0.,1.));
#16419=DIRECTION('',(1.,0.,0.));
#16420=DIRECTION('',(0.,1.,0.));
#16421=DIRECTION('',(1.,0.,0.));
#16422=DIRECTION('',(0.,0.,1.));
#16423=DIRECTION('',(1.,0.,0.));
#16424=DIRECTION('',(-0.707106594922027,-0.70710696745102,0.));
#16425=DIRECTION('',(0.,0.,1.));
#16426=DIRECTION('',(1.,0.,0.));
#16427=DIRECTION('',(0.707106594922027,0.70710696745102,0.));
#16428=DIRECTION('',(0.,0.,1.));
#16429=DIRECTION('',(1.,0.,0.));
#16430=DIRECTION('',(-0.707106688054281,0.707106874318802,0.));
#16431=DIRECTION('',(0.,0.,1.));
#16432=DIRECTION('',(1.,0.,0.));
#16433=DIRECTION('',(0.707106688054281,-0.707106874318802,0.));
#16434=DIRECTION('',(0.,-1.,0.));
#16435=DIRECTION('',(0.,0.,1.));
#16436=DIRECTION('',(1.,0.,0.));
#16437=DIRECTION('',(0.,1.,0.));
#16438=DIRECTION('',(0.,0.,-1.));
#16439=DIRECTION('',(1.,0.,0.));
#16440=DIRECTION('',(-1.,0.,0.));
#16441=DIRECTION('',(0.,0.,1.));
#16442=DIRECTION('',(1.,0.,0.));
#16443=DIRECTION('',(1.,0.,0.));
#16444=DIRECTION('',(0.,0.,1.));
#16445=DIRECTION('',(1.,0.,0.));
#16446=DIRECTION('',(0.,-1.,0.));
#16447=DIRECTION('',(0.,0.,1.));
#16448=DIRECTION('',(1.,0.,0.));
#16449=DIRECTION('',(-1.,0.,0.));
#16450=DIRECTION('',(0.,0.,1.));
#16451=DIRECTION('',(1.,0.,0.));
#16452=DIRECTION('',(1.,0.,0.));
#16453=DIRECTION('',(0.,0.,-1.));
#16454=DIRECTION('',(1.,0.,0.));
#16455=DIRECTION('',(0.,1.,0.));
#16456=DIRECTION('',(0.,0.,1.));
#16457=DIRECTION('',(1.,0.,0.));
#16458=DIRECTION('',(0.,-1.,0.));
#16459=DIRECTION('',(0.,0.,1.));
#16460=DIRECTION('',(1.,0.,0.));
#16461=DIRECTION('',(0.,1.,0.));
#16462=DIRECTION('',(0.,0.,1.));
#16463=DIRECTION('',(1.,0.,0.));
#16464=DIRECTION('',(0.,0.,1.));
#16465=DIRECTION('',(1.,0.,0.));
#16466=DIRECTION('',(-0.707106594922027,-0.70710696745102,0.));
#16467=DIRECTION('',(0.,0.,1.));
#16468=DIRECTION('',(1.,0.,0.));
#16469=DIRECTION('',(0.707106594922027,0.70710696745102,0.));
#16470=DIRECTION('',(0.,0.,1.));
#16471=DIRECTION('',(1.,0.,0.));
#16472=DIRECTION('',(-0.707106688054281,0.707106874318802,0.));
#16473=DIRECTION('',(0.,0.,1.));
#16474=DIRECTION('',(1.,0.,0.));
#16475=DIRECTION('',(0.707106688054281,-0.707106874318802,0.));
#16476=DIRECTION('',(0.,-1.,0.));
#16477=DIRECTION('',(0.,0.,1.));
#16478=DIRECTION('',(1.,0.,0.));
#16479=DIRECTION('',(0.,1.,0.));
#16480=DIRECTION('',(0.,0.,1.));
#16481=DIRECTION('',(1.,0.,0.));
#16482=DIRECTION('',(0.,0.,1.));
#16483=DIRECTION('',(1.,0.,0.));
#16484=DIRECTION('',(-1.,0.,0.));
#16485=DIRECTION('',(0.,0.,1.));
#16486=DIRECTION('',(1.,0.,0.));
#16487=DIRECTION('',(0.,1.,0.));
#16488=DIRECTION('',(0.,0.,1.));
#16489=DIRECTION('',(1.,0.,0.));
#16490=DIRECTION('',(0.,-1.,0.));
#16491=DIRECTION('',(0.,0.,-1.));
#16492=DIRECTION('',(1.,0.,0.));
#16493=DIRECTION('',(1.,0.,0.));
#16494=DIRECTION('',(0.,0.,1.));
#16495=DIRECTION('',(1.,0.,0.));
#16496=DIRECTION('',(-1.,0.,0.));
#16497=DIRECTION('',(0.,0.,-1.));
#16498=DIRECTION('',(1.,0.,0.));
#16499=DIRECTION('',(0.,-1.,0.));
#16500=DIRECTION('',(0.,0.,1.));
#16501=DIRECTION('',(1.,0.,0.));
#16502=DIRECTION('',(0.,1.,0.));
#16503=DIRECTION('',(0.,0.,1.));
#16504=DIRECTION('',(1.,0.,0.));
#16505=DIRECTION('',(1.,0.,0.));
#16506=DIRECTION('',(0.,-1.,0.));
#16507=DIRECTION('',(0.,0.,1.));
#16508=DIRECTION('',(1.,0.,0.));
#16509=DIRECTION('',(0.,1.,0.));
#16510=DIRECTION('',(0.,0.,1.));
#16511=DIRECTION('',(1.,0.,0.));
#16512=DIRECTION('',(0.,-1.,0.));
#16513=DIRECTION('',(0.,0.,1.));
#16514=DIRECTION('',(1.,0.,0.));
#16515=DIRECTION('',(0.,1.,0.));
#16516=DIRECTION('',(0.,0.,1.));
#16517=DIRECTION('',(1.,0.,0.));
#16518=DIRECTION('',(0.,-1.,0.));
#16519=DIRECTION('',(0.,0.,1.));
#16520=DIRECTION('',(1.,0.,0.));
#16521=DIRECTION('',(0.,1.,0.));
#16522=DIRECTION('',(0.,0.,1.));
#16523=DIRECTION('',(1.,0.,0.));
#16524=DIRECTION('',(0.,-1.,0.));
#16525=DIRECTION('',(0.,0.,1.));
#16526=DIRECTION('',(1.,0.,0.));
#16527=DIRECTION('',(0.447213595499958,-0.894427190999916,0.));
#16528=DIRECTION('',(0.,0.,1.));
#16529=DIRECTION('',(1.,0.,0.));
#16530=DIRECTION('',(1.,-4.62592926927148E-16,0.));
#16531=DIRECTION('',(0.,0.,1.));
#16532=DIRECTION('',(1.,0.,0.));
#16533=DIRECTION('',(0.447213595499958,0.894427190999916,0.));
#16534=DIRECTION('',(0.,0.,1.));
#16535=DIRECTION('',(1.,0.,0.));
#16536=DIRECTION('',(0.,1.,0.));
#16537=DIRECTION('',(0.,0.,1.));
#16538=DIRECTION('',(1.,0.,0.));
#16539=DIRECTION('',(0.,0.,1.));
#16540=DIRECTION('',(1.,0.,0.));
#16541=DIRECTION('',(0.,0.,1.));
#16542=DIRECTION('',(1.,0.,0.));
#16543=DIRECTION('',(0.,0.,-1.));
#16544=DIRECTION('',(-1.,0.,0.));
#16545=DIRECTION('',(1.,0.,0.));
#16546=DIRECTION('',(0.,0.,-1.));
#16547=DIRECTION('',(0.,0.,-1.));
#16548=DIRECTION('',(0.,0.,-1.));
#16549=DIRECTION('',(0.,0.,-1.));
#16550=DIRECTION('',(-1.,0.,0.));
#16551=DIRECTION('',(0.,0.,-1.));
#16552=DIRECTION('',(0.,0.,-1.));
#16553=DIRECTION('',(0.,0.,-1.));
#16554=DIRECTION('',(-1.,0.,0.));
#16555=DIRECTION('',(0.,0.,-1.));
#16556=DIRECTION('',(0.,0.,-1.));
#16557=DIRECTION('',(0.,0.,-1.));
#16558=DIRECTION('',(-1.,0.,0.));
#16559=DIRECTION('',(0.,0.,-1.));
#16560=DIRECTION('',(0.,0.,-1.));
#16561=DIRECTION('',(0.,1.,0.));
#16562=DIRECTION('',(0.,0.,1.));
#16563=DIRECTION('',(0.,0.,-1.));
#16564=DIRECTION('',(0.,0.,-1.));
#16565=DIRECTION('',(0.,1.,0.));
#16566=DIRECTION('',(0.,0.,1.));
#16567=DIRECTION('',(0.,0.,-1.));
#16568=DIRECTION('',(0.,0.,-1.));
#16569=DIRECTION('',(0.,0.,-1.));
#16570=DIRECTION('',(-1.,0.,0.));
#16571=DIRECTION('',(0.,0.,-1.));
#16572=DIRECTION('',(0.,0.,-1.));
#16573=DIRECTION('',(0.707106874318802,0.707106688054281,0.));
#16574=DIRECTION('',(-0.707106688054281,0.707106874318802,0.));
#16575=DIRECTION('',(0.,0.,-1.));
#16576=DIRECTION('',(0.,0.,-1.));
#16577=DIRECTION('',(-0.70710696745102,0.707106594922027,0.));
#16578=DIRECTION('',(-0.707106594922027,-0.70710696745102,0.));
#16579=DIRECTION('',(0.,0.,-1.));
#16580=DIRECTION('',(0.,0.,-1.));
#16581=DIRECTION('',(0.,0.,-1.));
#16582=DIRECTION('',(-1.,0.,0.));
#16583=DIRECTION('',(0.,0.,-1.));
#16584=DIRECTION('',(0.,0.,-1.));
#16585=DIRECTION('',(0.,0.,-1.));
#16586=DIRECTION('',(-1.,0.,0.));
#16587=DIRECTION('',(0.,0.,-1.));
#16588=DIRECTION('',(0.,0.,-1.));
#16589=DIRECTION('',(0.,0.,-1.));
#16590=DIRECTION('',(-1.,0.,0.));
#16591=DIRECTION('',(0.,0.,-1.));
#16592=DIRECTION('',(0.,0.,-1.));
#16593=DIRECTION('',(0.707106874318802,0.707106688054281,0.));
#16594=DIRECTION('',(-0.707106688054281,0.707106874318802,0.));
#16595=DIRECTION('',(0.,0.,-1.));
#16596=DIRECTION('',(0.,0.,-1.));
#16597=DIRECTION('',(-0.70710696745102,0.707106594922027,0.));
#16598=DIRECTION('',(-0.707106594922027,-0.70710696745102,0.));
#16599=DIRECTION('',(0.,0.,-1.));
#16600=DIRECTION('',(0.,0.,-1.));
#16601=DIRECTION('',(0.,1.,0.));
#16602=DIRECTION('',(0.,0.,1.));
#16603=DIRECTION('',(0.,0.,-1.));
#16604=DIRECTION('',(0.,0.,-1.));
#16605=DIRECTION('',(0.,1.,0.));
#16606=DIRECTION('',(0.,0.,1.));
#16607=DIRECTION('',(0.,0.,-1.));
#16608=DIRECTION('',(0.,0.,-1.));
#16609=DIRECTION('',(0.,0.,-1.));
#16610=DIRECTION('',(-1.,0.,0.));
#16611=DIRECTION('',(0.,0.,-1.));
#16612=DIRECTION('',(0.,0.,-1.));
#16613=DIRECTION('',(0.,0.,-1.));
#16614=DIRECTION('',(-1.,0.,0.));
#16615=DIRECTION('',(0.,0.,-1.));
#16616=DIRECTION('',(0.,0.,-1.));
#16617=DIRECTION('',(0.,0.,-1.));
#16618=DIRECTION('',(-1.,0.,0.));
#16619=DIRECTION('',(0.,0.,-1.));
#16620=DIRECTION('',(0.,0.,-1.));
#16621=DIRECTION('',(0.,0.,-1.));
#16622=DIRECTION('',(-1.,0.,0.));
#16623=DIRECTION('',(0.,0.,-1.));
#16624=DIRECTION('',(0.,0.,-1.));
#16625=DIRECTION('',(0.,0.,-1.));
#16626=DIRECTION('',(-1.,0.,0.));
#16627=DIRECTION('',(0.,0.,-1.));
#16628=DIRECTION('',(0.,0.,-1.));
#16629=DIRECTION('',(0.,1.,0.));
#16630=DIRECTION('',(0.,0.,1.));
#16631=DIRECTION('',(0.,0.,-1.));
#16632=DIRECTION('',(0.,0.,-1.));
#16633=DIRECTION('',(0.,1.,0.));
#16634=DIRECTION('',(0.,0.,1.));
#16635=DIRECTION('',(0.,0.,-1.));
#16636=DIRECTION('',(0.,0.,-1.));
#16637=DIRECTION('',(0.,1.,0.));
#16638=DIRECTION('',(0.,0.,1.));
#16639=DIRECTION('',(0.,0.,-1.));
#16640=DIRECTION('',(0.,0.,-1.));
#16641=DIRECTION('',(0.,0.,-1.));
#16642=DIRECTION('',(-1.,0.,0.));
#16643=DIRECTION('',(0.,0.,-1.));
#16644=DIRECTION('',(0.,0.,-1.));
#16645=DIRECTION('',(0.,0.,-1.));
#16646=DIRECTION('',(-1.,0.,0.));
#16647=DIRECTION('',(0.,0.,-1.));
#16648=DIRECTION('',(0.,0.,-1.));
#16649=DIRECTION('',(0.,0.,-1.));
#16650=DIRECTION('',(-1.,0.,0.));
#16651=DIRECTION('',(0.,0.,-1.));
#16652=DIRECTION('',(0.,0.,-1.));
#16653=DIRECTION('',(0.,0.,-1.));
#16654=DIRECTION('',(-1.,0.,0.));
#16655=DIRECTION('',(0.,0.,-1.));
#16656=DIRECTION('',(0.,0.,-1.));
#16657=DIRECTION('',(0.707106874318802,0.707106688054281,0.));
#16658=DIRECTION('',(-0.707106688054281,0.707106874318802,0.));
#16659=DIRECTION('',(0.,0.,-1.));
#16660=DIRECTION('',(0.,0.,-1.));
#16661=DIRECTION('',(-0.707106874318777,0.707106688054305,0.));
#16662=DIRECTION('',(-0.707106688054305,-0.707106874318777,0.));
#16663=DIRECTION('',(0.,0.,-1.));
#16664=DIRECTION('',(0.,0.,-1.));
#16665=DIRECTION('',(0.,0.,-1.));
#16666=DIRECTION('',(-1.,0.,0.));
#16667=DIRECTION('',(0.,0.,-1.));
#16668=DIRECTION('',(0.,0.,-1.));
#16669=DIRECTION('',(0.,0.,-1.));
#16670=DIRECTION('',(-1.,0.,0.));
#16671=DIRECTION('',(0.,0.,-1.));
#16672=DIRECTION('',(0.,0.,-1.));
#16673=DIRECTION('',(0.,0.,-1.));
#16674=DIRECTION('',(-1.,0.,0.));
#16675=DIRECTION('',(0.,0.,-1.));
#16676=DIRECTION('',(0.,0.,-1.));
#16677=DIRECTION('',(0.,0.,-1.));
#16678=DIRECTION('',(-1.,0.,0.));
#16679=DIRECTION('',(0.,0.,-1.));
#16680=DIRECTION('',(0.,0.,-1.));
#16681=DIRECTION('',(0.,0.,-1.));
#16682=DIRECTION('',(-1.,0.,0.));
#16683=DIRECTION('',(0.,0.,-1.));
#16684=DIRECTION('',(0.,0.,-1.));
#16685=DIRECTION('',(0.,0.,-1.));
#16686=DIRECTION('',(-1.,0.,0.));
#16687=DIRECTION('',(0.,0.,-1.));
#16688=DIRECTION('',(0.,0.,-1.));
#16689=DIRECTION('',(0.707106827752673,0.707106734620419,0.));
#16690=DIRECTION('',(-0.707106734620419,0.707106827752673,0.));
#16691=DIRECTION('',(0.,0.,-1.));
#16692=DIRECTION('',(0.,0.,-1.));
#16693=DIRECTION('',(-0.70710696745102,0.707106594922027,0.));
#16694=DIRECTION('',(-0.707106594922027,-0.70710696745102,0.));
#16695=DIRECTION('',(0.,0.,-1.));
#16696=DIRECTION('',(0.,0.,-1.));
#16697=DIRECTION('',(0.,1.,0.));
#16698=DIRECTION('',(0.,0.,1.));
#16699=DIRECTION('',(0.,0.,-1.));
#16700=DIRECTION('',(0.,0.,-1.));
#16701=DIRECTION('',(0.,1.,0.));
#16702=DIRECTION('',(0.,0.,1.));
#16703=DIRECTION('',(0.,0.,-1.));
#16704=DIRECTION('',(0.,0.,-1.));
#16705=DIRECTION('',(0.,1.,0.));
#16706=DIRECTION('',(0.,0.,1.));
#16707=DIRECTION('',(0.,0.,-1.));
#16708=DIRECTION('',(0.,0.,-1.));
#16709=DIRECTION('',(0.,1.,0.));
#16710=DIRECTION('',(0.,0.,1.));
#16711=DIRECTION('',(0.,0.,-1.));
#16712=DIRECTION('',(0.,0.,-1.));
#16713=DIRECTION('',(0.,1.,0.));
#16714=DIRECTION('',(0.,0.,1.));
#16715=DIRECTION('',(0.,0.,-1.));
#16716=DIRECTION('',(0.,0.,-1.));
#16717=DIRECTION('',(0.,1.,0.));
#16718=DIRECTION('',(0.,0.,1.));
#16719=DIRECTION('',(0.,0.,-1.));
#16720=DIRECTION('',(0.,0.,-1.));
#16721=DIRECTION('',(0.,1.,0.));
#16722=DIRECTION('',(0.,0.,1.));
#16723=DIRECTION('',(0.,0.,-1.));
#16724=DIRECTION('',(0.,0.,-1.));
#16725=DIRECTION('',(0.,1.,0.));
#16726=DIRECTION('',(0.,0.,1.));
#16727=DIRECTION('',(0.,0.,-1.));
#16728=DIRECTION('',(0.,0.,-1.));
#16729=DIRECTION('',(0.,1.,0.));
#16730=DIRECTION('',(0.,0.,1.));
#16731=DIRECTION('',(0.,0.,-1.));
#16732=DIRECTION('',(0.,0.,-1.));
#16733=DIRECTION('',(0.,1.,0.));
#16734=DIRECTION('',(0.,0.,1.));
#16735=DIRECTION('',(0.,0.,-1.));
#16736=DIRECTION('',(0.,0.,-1.));
#16737=DIRECTION('',(0.,1.,0.));
#16738=DIRECTION('',(0.,0.,1.));
#16739=DIRECTION('',(0.,0.,-1.));
#16740=DIRECTION('',(0.,0.,-1.));
#16741=DIRECTION('',(0.,1.,0.));
#16742=DIRECTION('',(0.,0.,1.));
#16743=DIRECTION('',(0.,0.,-1.));
#16744=DIRECTION('',(0.,0.,-1.));
#16745=DIRECTION('',(0.,1.,0.));
#16746=DIRECTION('',(0.,0.,1.));
#16747=DIRECTION('',(0.,0.,-1.));
#16748=DIRECTION('',(0.,0.,-1.));
#16749=DIRECTION('',(0.,1.,0.));
#16750=DIRECTION('',(0.,0.,1.));
#16751=DIRECTION('',(0.,0.,-1.));
#16752=DIRECTION('',(0.,0.,-1.));
#16753=DIRECTION('',(0.,1.,0.));
#16754=DIRECTION('',(0.,0.,1.));
#16755=DIRECTION('',(0.,0.,-1.));
#16756=DIRECTION('',(0.,0.,-1.));
#16757=DIRECTION('',(0.,0.,-1.));
#16758=DIRECTION('',(-1.,0.,0.));
#16759=DIRECTION('',(0.,0.,-1.));
#16760=DIRECTION('',(0.,0.,-1.));
#16761=DIRECTION('',(0.,0.,-1.));
#16762=DIRECTION('',(-1.,0.,0.));
#16763=DIRECTION('',(0.,0.,-1.));
#16764=DIRECTION('',(0.,0.,-1.));
#16765=DIRECTION('',(0.,0.,-1.));
#16766=DIRECTION('',(-1.,0.,0.));
#16767=DIRECTION('',(0.,0.,-1.));
#16768=DIRECTION('',(0.,0.,-1.));
#16769=DIRECTION('',(0.707106833573439,0.707106728799652,0.));
#16770=DIRECTION('',(-0.707106728799652,0.707106833573439,0.));
#16771=DIRECTION('',(0.,0.,-1.));
#16772=DIRECTION('',(0.,0.,-1.));
#16773=DIRECTION('',(-0.707106897601837,0.707106664771239,0.));
#16774=DIRECTION('',(-0.707106664771239,-0.707106897601837,0.));
#16775=DIRECTION('',(0.,0.,-1.));
#16776=DIRECTION('',(0.,0.,-1.));
#16777=DIRECTION('',(-0.707106833573439,0.707106728799652,0.));
#16778=DIRECTION('',(-0.707106728799652,-0.707106833573439,0.));
#16779=DIRECTION('',(0.,0.,-1.));
#16780=DIRECTION('',(0.,0.,-1.));
#16781=DIRECTION('',(0.707106897601837,0.707106664771239,0.));
#16782=DIRECTION('',(-0.707106664771239,0.707106897601837,0.));
#16783=DIRECTION('',(0.,0.,-1.));
#16784=DIRECTION('',(0.,0.,-1.));
#16785=DIRECTION('',(0.,1.,0.));
#16786=DIRECTION('',(0.,0.,1.));
#16787=DIRECTION('',(0.,0.,-1.));
#16788=DIRECTION('',(0.,0.,-1.));
#16789=DIRECTION('',(0.,1.,0.));
#16790=DIRECTION('',(0.,0.,1.));
#16791=DIRECTION('',(0.,0.,-1.));
#16792=DIRECTION('',(0.,0.,-1.));
#16793=DIRECTION('',(0.,1.,0.));
#16794=DIRECTION('',(0.,0.,1.));
#16795=DIRECTION('',(0.,0.,-1.));
#16796=DIRECTION('',(0.,0.,-1.));
#16797=DIRECTION('',(0.,1.,0.));
#16798=DIRECTION('',(0.,0.,1.));
#16799=DIRECTION('',(0.,0.,-1.));
#16800=DIRECTION('',(0.,0.,-1.));
#16801=DIRECTION('',(0.,1.,0.));
#16802=DIRECTION('',(0.,0.,1.));
#16803=DIRECTION('',(0.,0.,-1.));
#16804=DIRECTION('',(0.,0.,-1.));
#16805=DIRECTION('',(0.,1.,0.));
#16806=DIRECTION('',(0.,0.,1.));
#16807=DIRECTION('',(0.,0.,-1.));
#16808=DIRECTION('',(0.,0.,-1.));
#16809=DIRECTION('',(0.,1.,0.));
#16810=DIRECTION('',(0.,0.,1.));
#16811=DIRECTION('',(0.,0.,-1.));
#16812=DIRECTION('',(0.,0.,-1.));
#16813=DIRECTION('',(0.,1.,0.));
#16814=DIRECTION('',(0.,0.,1.));
#16815=DIRECTION('',(0.,0.,-1.));
#16816=DIRECTION('',(0.,0.,-1.));
#16817=DIRECTION('',(0.,1.,0.));
#16818=DIRECTION('',(0.,0.,1.));
#16819=DIRECTION('',(0.,0.,-1.));
#16820=DIRECTION('',(0.,0.,-1.));
#16821=DIRECTION('',(0.,1.,0.));
#16822=DIRECTION('',(0.,0.,1.));
#16823=DIRECTION('',(0.,0.,-1.));
#16824=DIRECTION('',(0.,0.,-1.));
#16825=DIRECTION('',(0.,1.,0.));
#16826=DIRECTION('',(0.,0.,1.));
#16827=DIRECTION('',(0.,0.,-1.));
#16828=DIRECTION('',(0.,0.,-1.));
#16829=DIRECTION('',(0.,1.,0.));
#16830=DIRECTION('',(0.,0.,1.));
#16831=DIRECTION('',(0.,0.,-1.));
#16832=DIRECTION('',(0.,0.,-1.));
#16833=DIRECTION('',(0.,0.,-1.));
#16834=DIRECTION('',(-1.,0.,0.));
#16835=DIRECTION('',(0.,0.,-1.));
#16836=DIRECTION('',(0.,0.,-1.));
#16837=DIRECTION('',(0.,0.,-1.));
#16838=DIRECTION('',(-1.,0.,0.));
#16839=DIRECTION('',(0.,0.,-1.));
#16840=DIRECTION('',(0.,0.,-1.));
#16841=DIRECTION('',(-0.707106827752673,0.707106734620419,0.));
#16842=DIRECTION('',(-0.707106734620419,-0.707106827752673,0.));
#16843=DIRECTION('',(0.,0.,-1.));
#16844=DIRECTION('',(0.,0.,-1.));
#16845=DIRECTION('',(0.70710696745102,0.707106594922027,0.));
#16846=DIRECTION('',(-0.707106594922027,0.70710696745102,0.));
#16847=DIRECTION('',(0.,0.,-1.));
#16848=DIRECTION('',(0.,0.,-1.));
#16849=DIRECTION('',(0.,0.,-1.));
#16850=DIRECTION('',(-1.,0.,0.));
#16851=DIRECTION('',(0.,0.,-1.));
#16852=DIRECTION('',(0.,0.,-1.));
#16853=DIRECTION('',(0.,0.,-1.));
#16854=DIRECTION('',(-1.,0.,0.));
#16855=DIRECTION('',(0.,0.,-1.));
#16856=DIRECTION('',(0.,0.,-1.));
#16857=DIRECTION('',(0.,0.,-1.));
#16858=DIRECTION('',(-1.,0.,0.));
#16859=DIRECTION('',(0.,0.,-1.));
#16860=DIRECTION('',(0.,0.,-1.));
#16861=DIRECTION('',(0.,0.,-1.));
#16862=DIRECTION('',(-1.,0.,0.));
#16863=DIRECTION('',(0.,0.,-1.));
#16864=DIRECTION('',(0.,0.,-1.));
#16865=DIRECTION('',(0.,1.,0.));
#16866=DIRECTION('',(0.,0.,1.));
#16867=DIRECTION('',(0.,0.,-1.));
#16868=DIRECTION('',(0.,0.,-1.));
#16869=DIRECTION('',(0.,1.,0.));
#16870=DIRECTION('',(0.,0.,1.));
#16871=DIRECTION('',(0.,0.,-1.));
#16872=DIRECTION('',(0.,0.,-1.));
#16873=DIRECTION('',(0.,0.,-1.));
#16874=DIRECTION('',(-1.,0.,0.));
#16875=DIRECTION('',(0.,0.,-1.));
#16876=DIRECTION('',(0.,0.,-1.));
#16877=DIRECTION('',(0.,1.,0.));
#16878=DIRECTION('',(0.,0.,1.));
#16879=DIRECTION('',(0.,0.,-1.));
#16880=DIRECTION('',(0.,0.,-1.));
#16881=DIRECTION('',(0.,0.,-1.));
#16882=DIRECTION('',(-1.,0.,0.));
#16883=DIRECTION('',(0.,0.,-1.));
#16884=DIRECTION('',(0.,0.,-1.));
#16885=DIRECTION('',(0.,0.,-1.));
#16886=DIRECTION('',(-1.,0.,0.));
#16887=DIRECTION('',(0.,0.,-1.));
#16888=DIRECTION('',(0.,0.,-1.));
#16889=DIRECTION('',(0.,0.,-1.));
#16890=DIRECTION('',(-1.,0.,0.));
#16891=DIRECTION('',(0.,0.,-1.));
#16892=DIRECTION('',(0.,0.,-1.));
#16893=DIRECTION('',(0.,0.,-1.));
#16894=DIRECTION('',(-1.,0.,0.));
#16895=DIRECTION('',(0.,0.,-1.));
#16896=DIRECTION('',(0.,0.,-1.));
#16897=DIRECTION('',(0.,1.,0.));
#16898=DIRECTION('',(0.,0.,1.));
#16899=DIRECTION('',(0.,0.,-1.));
#16900=DIRECTION('',(0.,0.,-1.));
#16901=DIRECTION('',(0.,1.,0.));
#16902=DIRECTION('',(0.,0.,1.));
#16903=DIRECTION('',(0.,0.,-1.));
#16904=DIRECTION('',(0.,0.,-1.));
#16905=DIRECTION('',(-0.707106874318802,0.707106688054281,0.));
#16906=DIRECTION('',(-0.707106688054281,-0.707106874318802,0.));
#16907=DIRECTION('',(0.,0.,-1.));
#16908=DIRECTION('',(0.,0.,-1.));
#16909=DIRECTION('',(0.707106874318777,0.707106688054305,0.));
#16910=DIRECTION('',(-0.707106688054305,0.707106874318777,0.));
#16911=DIRECTION('',(0.,0.,-1.));
#16912=DIRECTION('',(0.,0.,-1.));
#16913=DIRECTION('',(0.,0.,-1.));
#16914=DIRECTION('',(-1.,0.,0.));
#16915=DIRECTION('',(0.,0.,-1.));
#16916=DIRECTION('',(0.,0.,-1.));
#16917=DIRECTION('',(0.,0.,-1.));
#16918=DIRECTION('',(-1.,0.,0.));
#16919=DIRECTION('',(0.,0.,-1.));
#16920=DIRECTION('',(0.,0.,-1.));
#16921=DIRECTION('',(0.,0.,-1.));
#16922=DIRECTION('',(-1.,0.,0.));
#16923=DIRECTION('',(0.,0.,-1.));
#16924=DIRECTION('',(0.,0.,-1.));
#16925=DIRECTION('',(0.,0.,-1.));
#16926=DIRECTION('',(-1.,0.,0.));
#16927=DIRECTION('',(0.,0.,-1.));
#16928=DIRECTION('',(0.,0.,-1.));
#16929=DIRECTION('',(0.,0.,-1.));
#16930=DIRECTION('',(-1.,0.,0.));
#16931=DIRECTION('',(0.,0.,-1.));
#16932=DIRECTION('',(0.,0.,-1.));
#16933=DIRECTION('',(0.,0.,-1.));
#16934=DIRECTION('',(-1.,0.,0.));
#16935=DIRECTION('',(0.,0.,-1.));
#16936=DIRECTION('',(0.,0.,-1.));
#16937=DIRECTION('',(-0.707106874318802,0.707106688054281,0.));
#16938=DIRECTION('',(-0.707106688054281,-0.707106874318802,0.));
#16939=DIRECTION('',(0.,0.,-1.));
#16940=DIRECTION('',(0.,0.,-1.));
#16941=DIRECTION('',(0.70710696745102,0.707106594922027,0.));
#16942=DIRECTION('',(-0.707106594922027,0.70710696745102,0.));
#16943=DIRECTION('',(0.,0.,-1.));
#16944=DIRECTION('',(0.,0.,-1.));
#16945=DIRECTION('',(0.,0.,-1.));
#16946=DIRECTION('',(-1.,0.,0.));
#16947=DIRECTION('',(0.,0.,-1.));
#16948=DIRECTION('',(0.,0.,-1.));
#16949=DIRECTION('',(0.,0.,-1.));
#16950=DIRECTION('',(-1.,0.,0.));
#16951=DIRECTION('',(0.,0.,-1.));
#16952=DIRECTION('',(0.,0.,-1.));
#16953=DIRECTION('',(0.,1.,0.));
#16954=DIRECTION('',(0.,0.,1.));
#16955=DIRECTION('',(0.,0.,-1.));
#16956=DIRECTION('',(0.,0.,-1.));
#16957=DIRECTION('',(0.,1.,0.));
#16958=DIRECTION('',(0.,0.,1.));
#16959=DIRECTION('',(0.,0.,-1.));
#16960=DIRECTION('',(0.,0.,-1.));
#16961=DIRECTION('',(0.,0.,-1.));
#16962=DIRECTION('',(-1.,0.,0.));
#16963=DIRECTION('',(0.,0.,-1.));
#16964=DIRECTION('',(0.,0.,-1.));
#16965=DIRECTION('',(0.,1.,0.));
#16966=DIRECTION('',(0.,0.,1.));
#16967=DIRECTION('',(0.,0.,-1.));
#16968=DIRECTION('',(0.,0.,-1.));
#16969=DIRECTION('',(0.,1.,0.));
#16970=DIRECTION('',(0.,0.,1.));
#16971=DIRECTION('',(0.,0.,-1.));
#16972=DIRECTION('',(0.,0.,-1.));
#16973=DIRECTION('',(-0.707106874318802,0.707106688054281,0.));
#16974=DIRECTION('',(-0.707106688054281,-0.707106874318802,0.));
#16975=DIRECTION('',(0.,0.,-1.));
#16976=DIRECTION('',(0.,0.,-1.));
#16977=DIRECTION('',(0.70710696745102,0.707106594922027,0.));
#16978=DIRECTION('',(-0.707106594922027,0.70710696745102,0.));
#16979=DIRECTION('',(0.,0.,-1.));
#16980=DIRECTION('',(0.,0.,-1.));
#16981=DIRECTION('',(0.,0.,-1.));
#16982=DIRECTION('',(-1.,0.,0.));
#16983=DIRECTION('',(0.,0.,-1.));
#16984=DIRECTION('',(0.,0.,-1.));
#16985=DIRECTION('',(0.,1.,0.));
#16986=DIRECTION('',(0.,0.,1.));
#16987=DIRECTION('',(0.,0.,-1.));
#16988=DIRECTION('',(0.,0.,-1.));
#16989=DIRECTION('',(0.,0.,-1.));
#16990=DIRECTION('',(-1.,0.,0.));
#16991=DIRECTION('',(0.,0.,-1.));
#16992=DIRECTION('',(0.,0.,-1.));
#16993=DIRECTION('',(0.,0.,-1.));
#16994=DIRECTION('',(-1.,0.,0.));
#16995=DIRECTION('',(0.,0.,-1.));
#16996=DIRECTION('',(0.,0.,-1.));
#16997=DIRECTION('',(0.,0.,-1.));
#16998=DIRECTION('',(-1.,0.,0.));
#16999=DIRECTION('',(0.,0.,-1.));
#17000=DIRECTION('',(0.,0.,-1.));
#17001=DIRECTION('',(0.,0.,-1.));
#17002=DIRECTION('',(-1.,0.,0.));
#17003=DIRECTION('',(0.,0.,-1.));
#17004=DIRECTION('',(0.,0.,-1.));
#17005=DIRECTION('',(0.,0.,-1.));
#17006=DIRECTION('',(-1.,0.,0.));
#17007=DIRECTION('',(0.,0.,-1.));
#17008=DIRECTION('',(-1.,0.,0.));
#17009=DIRECTION('',(0.,0.,-1.));
#17010=DIRECTION('',(-1.,0.,0.));
#17011=DIRECTION('',(0.,0.,-1.));
#17012=DIRECTION('',(-1.,0.,0.));
#17013=DIRECTION('',(0.,0.,-1.));
#17014=DIRECTION('',(-1.,0.,0.));
#17015=DIRECTION('',(0.,0.,-1.));
#17016=DIRECTION('',(-1.,0.,0.));
#17017=DIRECTION('',(0.,0.,-1.));
#17018=DIRECTION('',(-1.,0.,0.));
#17019=DIRECTION('',(0.,0.,-1.));
#17020=DIRECTION('',(-1.,0.,0.));
#17021=DIRECTION('',(0.,0.,-1.));
#17022=DIRECTION('',(-1.,0.,0.));
#17023=DIRECTION('',(0.,0.,-1.));
#17024=DIRECTION('',(-1.,0.,0.));
#17025=DIRECTION('',(0.,0.,-1.));
#17026=DIRECTION('',(-1.,0.,0.));
#17027=DIRECTION('',(0.,0.,-1.));
#17028=DIRECTION('',(-1.,0.,0.));
#17029=DIRECTION('',(0.,0.,-1.));
#17030=DIRECTION('',(-1.,0.,0.));
#17031=DIRECTION('',(0.,0.,-1.));
#17032=DIRECTION('',(-1.,0.,0.));
#17033=DIRECTION('',(0.,0.,-1.));
#17034=DIRECTION('',(-1.,0.,0.));
#17035=DIRECTION('',(0.,0.,-1.));
#17036=DIRECTION('',(-1.,0.,0.));
#17037=DIRECTION('',(0.,0.,-1.));
#17038=DIRECTION('',(-1.,0.,0.));
#17039=DIRECTION('',(0.,0.,-1.));
#17040=DIRECTION('',(-1.,0.,0.));
#17041=DIRECTION('',(0.,0.,-1.));
#17042=DIRECTION('',(-1.,0.,0.));
#17043=DIRECTION('',(0.,0.,-1.));
#17044=DIRECTION('',(-1.,0.,0.));
#17045=DIRECTION('',(0.,0.,-1.));
#17046=DIRECTION('',(-1.,0.,0.));
#17047=DIRECTION('',(0.,0.,-1.));
#17048=DIRECTION('',(-1.,0.,0.));
#17049=DIRECTION('',(0.,0.,-1.));
#17050=DIRECTION('',(-1.,0.,0.));
#17051=DIRECTION('',(0.,0.,-1.));
#17052=DIRECTION('',(-1.,0.,0.));
#17053=DIRECTION('',(0.,0.,-1.));
#17054=DIRECTION('',(-1.,0.,0.));
#17055=DIRECTION('',(0.,0.,-1.));
#17056=DIRECTION('',(-1.,0.,0.));
#17057=DIRECTION('',(0.,0.,-1.));
#17058=DIRECTION('',(-1.,0.,0.));
#17059=DIRECTION('',(0.,0.,-1.));
#17060=DIRECTION('',(-1.,0.,0.));
#17061=DIRECTION('',(0.,0.,-1.));
#17062=DIRECTION('',(-1.,0.,0.));
#17063=DIRECTION('',(0.,0.,-1.));
#17064=DIRECTION('',(-1.,0.,0.));
#17065=DIRECTION('',(0.,0.,-1.));
#17066=DIRECTION('',(-1.,0.,0.));
#17067=DIRECTION('',(0.,0.,-1.));
#17068=DIRECTION('',(-1.,0.,0.));
#17069=DIRECTION('',(0.,0.,-1.));
#17070=DIRECTION('',(-1.,0.,0.));
#17071=DIRECTION('',(0.,0.,-1.));
#17072=DIRECTION('',(-1.,0.,0.));
#17073=DIRECTION('',(0.,0.,-1.));
#17074=DIRECTION('',(-1.,0.,0.));
#17075=DIRECTION('',(0.,0.,-1.));
#17076=DIRECTION('',(-1.,0.,0.));
#17077=DIRECTION('',(0.,0.,-1.));
#17078=DIRECTION('',(0.,0.,-1.));
#17079=DIRECTION('',(-1.,0.,0.));
#17080=DIRECTION('',(0.,0.,-1.));
#17081=DIRECTION('',(0.,0.,-1.));
#17082=DIRECTION('',(-1.,0.,0.));
#17083=DIRECTION('',(0.,0.,-1.));
#17084=DIRECTION('',(-1.,0.,0.));
#17085=DIRECTION('',(0.,0.,1.));
#17086=DIRECTION('',(0.,0.,-1.));
#17087=DIRECTION('',(0.,0.,-1.));
#17088=DIRECTION('',(-1.,0.,0.));
#17089=DIRECTION('',(0.,0.,-1.));
#17090=DIRECTION('',(-0.894427190999916,0.447213595499958,0.));
#17091=DIRECTION('',(-0.447213595499958,-0.894427190999916,0.));
#17092=DIRECTION('',(0.,0.,-1.));
#17093=DIRECTION('',(0.,0.,-1.));
#17094=DIRECTION('',(-1.,0.,0.));
#17095=DIRECTION('',(0.,0.,-1.));
#17096=DIRECTION('',(4.65625976168317E-16,1.,0.));
#17097=DIRECTION('',(-1.,4.65625976168317E-16,0.));
#17098=DIRECTION('',(0.,0.,-1.));
#17099=DIRECTION('',(0.,0.,-1.));
#17100=DIRECTION('',(-1.,0.,0.));
#17101=DIRECTION('',(0.,0.,-1.));
#17102=DIRECTION('',(0.894427190999916,0.447213595499958,0.));
#17103=DIRECTION('',(-0.447213595499958,0.894427190999916,0.));
#17104=DIRECTION('',(0.,0.,-1.));
#17105=DIRECTION('',(0.,0.,-1.));
#17106=DIRECTION('',(-1.,0.,0.));
#17107=DIRECTION('',(-1.,0.,0.));
#17108=DIRECTION('',(0.,0.,1.));
#17109=DIRECTION('',(0.,0.,-1.));
#17110=DIRECTION('',(0.,0.,-1.));
#17111=DIRECTION('',(-1.,0.,0.));
#17112=DIRECTION('',(0.,0.,-1.));
#17113=DIRECTION('',(1.,0.,0.));
#17114=DIRECTION('',(0.,0.,-1.));
#17115=DIRECTION('',(-1.,0.,0.));
#17116=DIRECTION('',(0.,0.,1.));
#17117=DIRECTION('',(0.,0.,-1.));
#17118=DIRECTION('',(0.,0.,-1.));
#17119=DIRECTION('',(4.67564705632159E-13,1.,0.));
#17120=DIRECTION('',(0.,0.,-1.));
#17121=DIRECTION('',(1.,0.,0.));
#17122=DIRECTION('',(0.,0.,-1.));
#17123=DIRECTION('',(-1.,0.,0.));
#17124=DIRECTION('',(0.,0.,1.));
#17125=DIRECTION('',(0.,0.,-1.));
#17126=DIRECTION('',(0.,0.,-1.));
#17127=DIRECTION('',(-1.,0.,0.));
#17128=DIRECTION('',(0.,0.,-1.));
#17129=DIRECTION('',(1.,0.,0.));
#17130=DIRECTION('',(0.,0.,-1.));
#17131=DIRECTION('',(0.,0.,-1.));
#17132=DIRECTION('',(-1.,0.,0.));
#17133=DIRECTION('',(0.,0.,-1.));
#17134=DIRECTION('',(-1.,0.,0.));
#17135=DIRECTION('',(0.,0.,1.));
#17136=DIRECTION('',(0.,0.,-1.));
#17137=DIRECTION('',(0.,0.,-1.));
#17138=DIRECTION('',(-1.,0.,0.));
#17139=DIRECTION('',(0.,0.,-1.));
#17140=DIRECTION('',(1.,0.,0.));
#17141=DIRECTION('',(0.,0.,-1.));
#17142=DIRECTION('',(0.,0.,-1.));
#17143=DIRECTION('',(0.,0.,-1.));
#17144=DIRECTION('',(0.707107097287464,-0.70710646508549,0.));
#17145=DIRECTION('',(0.,0.,-1.));
#17146=DIRECTION('',(0.,-1.,0.));
#17147=DIRECTION('',(0.,0.,-1.));
#17148=DIRECTION('',(0.,0.,-1.));
#17149=DIRECTION('',(0.,0.,-1.));
#17150=DIRECTION('',(-1.,0.,0.));
#17151=DIRECTION('',(0.,0.,-1.));
#17152=DIRECTION('',(-1.,0.,0.));
#17153=DIRECTION('',(0.,0.,-1.));
#17154=DIRECTION('',(1.,0.,0.));
#17155=DIRECTION('',(0.,0.,-1.));
#17156=DIRECTION('',(0.,0.,-1.));
#17157=DIRECTION('',(0.,0.,-1.));
#17158=DIRECTION('',(-1.,0.,0.));
#17159=DIRECTION('',(0.,0.,-1.));
#17160=DIRECTION('',(-1.,0.,0.));
#17161=DIRECTION('',(0.,0.,1.));
#17162=DIRECTION('',(0.,0.,-1.));
#17163=DIRECTION('',(0.,0.,-1.));
#17164=DIRECTION('',(-1.,0.,0.));
#17165=DIRECTION('',(0.,0.,-1.));
#17166=DIRECTION('',(0.,-1.,0.));
#17167=DIRECTION('',(0.,0.,-1.));
#17168=DIRECTION('',(0.,0.,-1.));
#17169=DIRECTION('',(0.,0.,-1.));
#17170=DIRECTION('',(-1.,0.,0.));
#17171=DIRECTION('',(-1.,0.,0.));
#17172=DIRECTION('',(0.,0.,1.));
#17173=DIRECTION('',(0.,0.,-1.));
#17174=DIRECTION('',(0.,0.,-1.));
#17175=DIRECTION('',(-5.18091295630055E-13,1.,0.));
#17176=DIRECTION('',(0.,0.,-1.));
#17177=DIRECTION('',(1.,0.,0.));
#17178=DIRECTION('',(0.,0.,-1.));
#17179=DIRECTION('',(0.,0.,-1.));
#17180=DIRECTION('',(0.7071068926443,-0.707106669728777,0.));
#17181=DIRECTION('',(0.,0.,-1.));
#17182=DIRECTION('',(-0.707106874318802,-0.707106688054281,0.));
#17183=DIRECTION('',(0.707106688054281,-0.707106874318802,0.));
#17184=DIRECTION('',(0.,0.,-1.));
#17185=DIRECTION('',(0.,0.,-1.));
#17186=DIRECTION('',(-1.,0.,0.));
#17187=DIRECTION('',(0.,0.,-1.));
#17188=DIRECTION('',(0.70710672223499,0.7071068401381,0.));
#17189=DIRECTION('',(0.,0.,-1.));
#17190=DIRECTION('',(0.70710696745102,-0.707106594922027,0.));
#17191=DIRECTION('',(0.707106594922027,0.70710696745102,0.));
#17192=DIRECTION('',(0.,0.,-1.));
#17193=DIRECTION('',(0.,0.,-1.));
#17194=DIRECTION('',(-1.,0.,0.));
#17195=DIRECTION('',(-1.,0.,0.));
#17196=DIRECTION('',(0.,0.,1.));
#17197=DIRECTION('',(0.,0.,-1.));
#17198=DIRECTION('',(0.,0.,-1.));
#17199=DIRECTION('',(-1.,0.,0.));
#17200=DIRECTION('',(0.,0.,-1.));
#17201=DIRECTION('',(1.,0.,0.));
#17202=DIRECTION('',(0.,0.,-1.));
#17203=DIRECTION('',(-1.,0.,0.));
#17204=DIRECTION('',(0.,0.,1.));
#17205=DIRECTION('',(0.,0.,-1.));
#17206=DIRECTION('',(0.,0.,-1.));
#17207=DIRECTION('',(-1.,0.,0.));
#17208=DIRECTION('',(0.,0.,-1.));
#17209=DIRECTION('',(0.,1.,0.));
#17210=DIRECTION('',(0.,0.,1.));
#17211=DIRECTION('',(0.,0.,-1.));
#17212=DIRECTION('',(0.,0.,-1.));
#17213=DIRECTION('',(0.999999999999953,-3.0795738080701E-7,0.));
#17214=DIRECTION('',(0.,0.,-1.));
#17215=DIRECTION('',(0.,-1.,0.));
#17216=DIRECTION('',(0.,0.,-1.));
#17217=DIRECTION('',(0.,0.,-1.));
#17218=DIRECTION('',(0.,0.,-1.));
#17219=DIRECTION('',(-1.,0.,0.));
#17220=DIRECTION('',(0.,0.,-1.));
#17221=DIRECTION('',(1.,0.,0.));
#17222=DIRECTION('',(0.,0.,-1.));
#17223=DIRECTION('',(0.,1.,0.));
#17224=DIRECTION('',(0.,0.,1.));
#17225=DIRECTION('',(0.,0.,-1.));
#17226=DIRECTION('',(0.,0.,-1.));
#17227=DIRECTION('',(0.999999999999953,-3.0795849413866E-7,0.));
#17228=DIRECTION('',(0.,0.,-1.));
#17229=DIRECTION('',(0.,-1.,0.));
#17230=DIRECTION('',(0.,0.,-1.));
#17231=DIRECTION('',(0.,0.,-1.));
#17232=DIRECTION('',(0.,0.,-1.));
#17233=DIRECTION('',(-1.,0.,0.));
#17234=DIRECTION('',(0.,0.,-1.));
#17235=DIRECTION('',(-1.,0.,0.));
#17236=DIRECTION('',(0.,0.,1.));
#17237=DIRECTION('',(0.,0.,-1.));
#17238=DIRECTION('',(0.,0.,-1.));
#17239=DIRECTION('',(4.55796341571132E-13,1.,0.));
#17240=DIRECTION('',(0.,0.,-1.));
#17241=DIRECTION('',(1.,0.,0.));
#17242=DIRECTION('',(0.,0.,-1.));
#17243=DIRECTION('',(0.,0.,-1.));
#17244=DIRECTION('',(0.707106619456282,-0.707106942916776,0.));
#17245=DIRECTION('',(0.,0.,-1.));
#17246=DIRECTION('',(-0.707106874318802,-0.707106688054281,0.));
#17247=DIRECTION('',(0.707106688054281,-0.707106874318802,0.));
#17248=DIRECTION('',(0.,0.,-1.));
#17249=DIRECTION('',(0.,0.,-1.));
#17250=DIRECTION('',(-1.,0.,0.));
#17251=DIRECTION('',(0.,0.,-1.));
#17252=DIRECTION('',(0.707106374540674,0.707107187832187,0.));
#17253=DIRECTION('',(0.,0.,-1.));
#17254=DIRECTION('',(0.70710696745102,-0.707106594922027,0.));
#17255=DIRECTION('',(0.707106594922027,0.70710696745102,0.));
#17256=DIRECTION('',(0.,0.,-1.));
#17257=DIRECTION('',(0.,0.,-1.));
#17258=DIRECTION('',(-1.,0.,0.));
#17259=DIRECTION('',(-1.,0.,0.));
#17260=DIRECTION('',(0.,0.,1.));
#17261=DIRECTION('',(0.,0.,-1.));
#17262=DIRECTION('',(0.,0.,-1.));
#17263=DIRECTION('',(-1.,0.,0.));
#17264=DIRECTION('',(0.,0.,-1.));
#17265=DIRECTION('',(1.,0.,0.));
#17266=DIRECTION('',(0.,0.,-1.));
#17267=DIRECTION('',(0.,0.,-1.));
#17268=DIRECTION('',(0.,-1.,0.));
#17269=DIRECTION('',(0.,0.,-1.));
#17270=DIRECTION('',(0.,0.,-1.));
#17271=DIRECTION('',(-1.,0.,0.));
#17272=DIRECTION('',(0.,0.,1.));
#17273=DIRECTION('',(0.,0.,-1.));
#17274=DIRECTION('',(0.,0.,-1.));
#17275=DIRECTION('',(-1.,0.,0.));
#17276=DIRECTION('',(0.,0.,-1.));
#17277=DIRECTION('',(1.,0.,0.));
#17278=DIRECTION('',(0.,0.,-1.));
#17279=DIRECTION('',(0.,0.,-1.));
#17280=DIRECTION('',(0.,-1.,0.));
#17281=DIRECTION('',(0.,0.,-1.));
#17282=DIRECTION('',(0.,0.,-1.));
#17283=DIRECTION('',(0.,0.,-1.));
#17284=DIRECTION('',(-1.,0.,0.));
#17285=DIRECTION('',(1.,0.,0.));
#17286=DIRECTION('',(0.,0.,-1.));
#17287=DIRECTION('',(0.,0.,-1.));
#17288=DIRECTION('',(0.,0.,-1.));
#17289=DIRECTION('',(-1.,0.,0.));
#17290=DIRECTION('',(0.,0.,-1.));
#17291=DIRECTION('',(-1.,0.,0.));
#17292=DIRECTION('',(0.,0.,1.));
#17293=DIRECTION('',(0.,0.,-1.));
#17294=DIRECTION('',(0.,-1.,0.));
#17295=DIRECTION('',(0.,0.,-1.));
#17296=DIRECTION('',(0.,0.,-1.));
#17297=DIRECTION('',(0.,0.,-1.));
#17298=DIRECTION('',(-1.,0.,0.));
#17299=DIRECTION('',(-1.,0.,0.));
#17300=DIRECTION('',(0.,0.,1.));
#17301=DIRECTION('',(0.,0.,-1.));
#17302=DIRECTION('',(0.,0.,-1.));
#17303=DIRECTION('',(-1.,0.,0.));
#17304=DIRECTION('',(0.,0.,-1.));
#17305=DIRECTION('',(1.,0.,0.));
#17306=DIRECTION('',(0.,0.,-1.));
#17307=DIRECTION('',(-1.,0.,0.));
#17308=DIRECTION('',(0.,0.,1.));
#17309=DIRECTION('',(0.,0.,-1.));
#17310=DIRECTION('',(0.,0.,-1.));
#17311=DIRECTION('',(-1.,0.,0.));
#17312=DIRECTION('',(0.,0.,-1.));
#17313=DIRECTION('',(1.,0.,0.));
#17314=DIRECTION('',(0.,0.,-1.));
#17315=DIRECTION('',(-1.,0.,0.));
#17316=DIRECTION('',(0.,0.,1.));
#17317=DIRECTION('',(0.,0.,-1.));
#17318=DIRECTION('',(0.,0.,-1.));
#17319=DIRECTION('',(-9.35757197494039E-13,1.,0.));
#17320=DIRECTION('',(0.,0.,-1.));
#17321=DIRECTION('',(1.,0.,0.));
#17322=DIRECTION('',(0.,0.,-1.));
#17323=DIRECTION('',(-1.,0.,0.));
#17324=DIRECTION('',(0.,0.,1.));
#17325=DIRECTION('',(0.,0.,-1.));
#17326=DIRECTION('',(0.,0.,-1.));
#17327=DIRECTION('',(-1.,0.,0.));
#17328=DIRECTION('',(0.,0.,-1.));
#17329=DIRECTION('',(1.,0.,0.));
#17330=DIRECTION('',(0.,0.,-1.));
#17331=DIRECTION('',(-1.,0.,0.));
#17332=DIRECTION('',(0.,0.,1.));
#17333=DIRECTION('',(0.,0.,-1.));
#17334=DIRECTION('',(0.,1.,0.));
#17335=DIRECTION('',(0.,0.,1.));
#17336=DIRECTION('',(0.,0.,-1.));
#17337=DIRECTION('',(0.,0.,-1.));
#17338=DIRECTION('',(1.,-8.94069528297664E-8,0.));
#17339=DIRECTION('',(0.,0.,-1.));
#17340=DIRECTION('',(0.,-1.,0.));
#17341=DIRECTION('',(0.,0.,-1.));
#17342=DIRECTION('',(0.,0.,-1.));
#17343=DIRECTION('',(1.,0.,0.));
#17344=DIRECTION('',(0.,0.,-1.));
#17345=DIRECTION('',(0.,0.,-1.));
#17346=DIRECTION('',(1.,-8.94069883569032E-8,0.));
#17347=DIRECTION('',(0.,0.,-1.));
#17348=DIRECTION('',(0.,-1.,0.));
#17349=DIRECTION('',(0.,0.,-1.));
#17350=DIRECTION('',(0.,0.,-1.));
#17351=DIRECTION('',(-1.,0.,0.));
#17352=DIRECTION('',(0.,0.,1.));
#17353=DIRECTION('',(0.,0.,-1.));
#17354=DIRECTION('',(0.,0.,-1.));
#17355=DIRECTION('',(-1.,0.,0.));
#17356=DIRECTION('',(0.,0.,-1.));
#17357=DIRECTION('',(1.,0.,0.));
#17358=DIRECTION('',(0.,0.,-1.));
#17359=DIRECTION('',(0.,0.,-1.));
#17360=DIRECTION('',(-1.,0.,0.));
#17361=DIRECTION('',(0.,0.,-1.));
#17362=DIRECTION('',(-1.,0.,0.));
#17363=DIRECTION('',(0.,0.,1.));
#17364=DIRECTION('',(0.,0.,-1.));
#17365=DIRECTION('',(0.,0.,-1.));
#17366=DIRECTION('',(-1.,0.,0.));
#17367=DIRECTION('',(0.,0.,-1.));
#17368=DIRECTION('',(1.,0.,0.));
#17369=DIRECTION('',(0.,0.,-1.));
#17370=DIRECTION('',(0.,0.,-1.));
#17371=DIRECTION('',(0.,0.,-1.));
#17372=DIRECTION('',(0.707107097287872,-0.707106465085082,0.));
#17373=DIRECTION('',(0.,0.,-1.));
#17374=DIRECTION('',(0.,-1.,0.));
#17375=DIRECTION('',(0.,0.,-1.));
#17376=DIRECTION('',(0.,0.,-1.));
#17377=DIRECTION('',(0.,0.,-1.));
#17378=DIRECTION('',(-1.,0.,0.));
#17379=DIRECTION('',(0.,0.,-1.));
#17380=DIRECTION('',(-1.,0.,0.));
#17381=DIRECTION('',(0.,0.,-1.));
#17382=DIRECTION('',(1.,0.,0.));
#17383=DIRECTION('',(0.,0.,-1.));
#17384=DIRECTION('',(0.,0.,-1.));
#17385=DIRECTION('',(0.,0.,-1.));
#17386=DIRECTION('',(-1.,0.,0.));
#17387=DIRECTION('',(0.,0.,-1.));
#17388=DIRECTION('',(-1.,0.,0.));
#17389=DIRECTION('',(0.,0.,1.));
#17390=DIRECTION('',(0.,0.,-1.));
#17391=DIRECTION('',(0.,0.,-1.));
#17392=DIRECTION('',(-1.,0.,0.));
#17393=DIRECTION('',(0.,0.,-1.));
#17394=DIRECTION('',(0.,-1.,0.));
#17395=DIRECTION('',(0.,0.,-1.));
#17396=DIRECTION('',(0.,0.,-1.));
#17397=DIRECTION('',(0.,0.,-1.));
#17398=DIRECTION('',(-1.,0.,0.));
#17399=DIRECTION('',(-1.,0.,0.));
#17400=DIRECTION('',(0.,0.,1.));
#17401=DIRECTION('',(0.,0.,-1.));
#17402=DIRECTION('',(0.,0.,-1.));
#17403=DIRECTION('',(-1.,0.,0.));
#17404=DIRECTION('',(0.,0.,-1.));
#17405=DIRECTION('',(1.,0.,0.));
#17406=DIRECTION('',(0.,0.,-1.));
#17407=DIRECTION('',(-1.,0.,0.));
#17408=DIRECTION('',(0.,0.,1.));
#17409=DIRECTION('',(0.,0.,-1.));
#17410=DIRECTION('',(0.,0.,-1.));
#17411=DIRECTION('',(-1.,0.,0.));
#17412=DIRECTION('',(0.,0.,-1.));
#17413=DIRECTION('',(1.,0.,0.));
#17414=DIRECTION('',(0.,0.,-1.));
#17415=DIRECTION('',(-1.,0.,0.));
#17416=DIRECTION('',(0.,0.,1.));
#17417=DIRECTION('',(0.,0.,-1.));
#17418=DIRECTION('',(0.,0.,-1.));
#17419=DIRECTION('',(5.67040688638573E-13,1.,0.));
#17420=DIRECTION('',(0.,0.,-1.));
#17421=DIRECTION('',(1.,0.,0.));
#17422=DIRECTION('',(0.,0.,-1.));
#17423=DIRECTION('',(-1.,0.,0.));
#17424=DIRECTION('',(0.,0.,1.));
#17425=DIRECTION('',(0.,0.,-1.));
#17426=DIRECTION('',(0.,0.,-1.));
#17427=DIRECTION('',(-1.,0.,0.));
#17428=DIRECTION('',(0.,0.,-1.));
#17429=DIRECTION('',(1.,0.,0.));
#17430=DIRECTION('',(0.,0.,-1.));
#17431=DIRECTION('',(0.,0.,-1.));
#17432=DIRECTION('',(0.707106656709252,-0.707106905663821,0.));
#17433=DIRECTION('',(0.,0.,-1.));
#17434=DIRECTION('',(-0.707106781186548,-0.707106781186548,0.));
#17435=DIRECTION('',(0.707106781186548,-0.707106781186548,0.));
#17436=DIRECTION('',(0.,0.,-1.));
#17437=DIRECTION('',(0.,0.,-1.));
#17438=DIRECTION('',(-1.,0.,0.));
#17439=DIRECTION('',(0.,0.,-1.));
#17440=DIRECTION('',(0.707106337287864,0.707107225084953,0.));
#17441=DIRECTION('',(0.,0.,-1.));
#17442=DIRECTION('',(0.70710696745102,-0.707106594922027,0.));
#17443=DIRECTION('',(0.707106594922027,0.70710696745102,0.));
#17444=DIRECTION('',(0.,0.,-1.));
#17445=DIRECTION('',(0.,0.,-1.));
#17446=DIRECTION('',(-1.,0.,0.));
#17447=DIRECTION('',(-1.,0.,0.));
#17448=DIRECTION('',(0.,0.,1.));
#17449=DIRECTION('',(0.,0.,-1.));
#17450=DIRECTION('',(0.,0.,-1.));
#17451=DIRECTION('',(-1.,0.,0.));
#17452=DIRECTION('',(0.,0.,-1.));
#17453=DIRECTION('',(0.,1.,0.));
#17454=DIRECTION('',(0.,0.,1.));
#17455=DIRECTION('',(0.,0.,-1.));
#17456=DIRECTION('',(0.,0.,-1.));
#17457=DIRECTION('',(1.,4.96699005293075E-9,0.));
#17458=DIRECTION('',(0.,0.,-1.));
#17459=DIRECTION('',(0.,-1.,0.));
#17460=DIRECTION('',(0.,0.,-1.));
#17461=DIRECTION('',(0.,0.,-1.));
#17462=DIRECTION('',(0.,0.,-1.));
#17463=DIRECTION('',(-1.,0.,0.));
#17464=DIRECTION('',(0.,0.,-1.));
#17465=DIRECTION('',(1.,0.,0.));
#17466=DIRECTION('',(0.,0.,-1.));
#17467=DIRECTION('',(0.,1.,0.));
#17468=DIRECTION('',(0.,0.,1.));
#17469=DIRECTION('',(0.,0.,-1.));
#17470=DIRECTION('',(0.,0.,-1.));
#17471=DIRECTION('',(1.,4.96699005293075E-9,0.));
#17472=DIRECTION('',(0.,0.,-1.));
#17473=DIRECTION('',(0.,-1.,0.));
#17474=DIRECTION('',(0.,0.,-1.));
#17475=DIRECTION('',(0.,0.,-1.));
#17476=DIRECTION('',(0.,0.,-1.));
#17477=DIRECTION('',(-1.,0.,0.));
#17478=DIRECTION('',(0.,0.,-1.));
#17479=DIRECTION('',(-1.,0.,0.));
#17480=DIRECTION('',(0.,0.,1.));
#17481=DIRECTION('',(0.,0.,-1.));
#17482=DIRECTION('',(0.,0.,-1.));
#17483=DIRECTION('',(2.19096792721049E-13,1.,0.));
#17484=DIRECTION('',(0.,0.,-1.));
#17485=DIRECTION('',(1.,0.,0.));
#17486=DIRECTION('',(0.,0.,-1.));
#17487=DIRECTION('',(-1.,0.,0.));
#17488=DIRECTION('',(0.,0.,1.));
#17489=DIRECTION('',(0.,0.,-1.));
#17490=DIRECTION('',(0.,0.,-1.));
#17491=DIRECTION('',(-1.,0.,0.));
#17492=DIRECTION('',(0.,0.,-1.));
#17493=DIRECTION('',(1.,0.,0.));
#17494=DIRECTION('',(0.,0.,-1.));
#17495=DIRECTION('',(-1.,0.,0.));
#17496=DIRECTION('',(0.,0.,1.));
#17497=DIRECTION('',(0.,0.,-1.));
#17498=DIRECTION('',(0.,0.,-1.));
#17499=DIRECTION('',(-1.,0.,0.));
#17500=DIRECTION('',(0.,0.,-1.));
#17501=DIRECTION('',(1.,0.,0.));
#17502=DIRECTION('',(0.,0.,-1.));
#17503=DIRECTION('',(-1.,0.,0.));
#17504=DIRECTION('',(0.,0.,1.));
#17505=DIRECTION('',(0.,0.,-1.));
#17506=DIRECTION('',(0.,0.,-1.));
#17507=DIRECTION('',(-7.13712592569008E-13,1.,0.));
#17508=DIRECTION('',(0.,0.,-1.));
#17509=DIRECTION('',(1.,0.,0.));
#17510=DIRECTION('',(0.,0.,-1.));
#17511=DIRECTION('',(-1.,0.,0.));
#17512=DIRECTION('',(0.,0.,1.));
#17513=DIRECTION('',(0.,0.,-1.));
#17514=DIRECTION('',(0.,0.,-1.));
#17515=DIRECTION('',(-1.,0.,0.));
#17516=DIRECTION('',(0.,0.,-1.));
#17517=DIRECTION('',(1.,0.,0.));
#17518=DIRECTION('',(0.,0.,-1.));
#17519=DIRECTION('',(0.,0.,-1.));
#17520=DIRECTION('',(0.707106693962116,-0.707106868410969,0.));
#17521=DIRECTION('',(0.,0.,-1.));
#17522=DIRECTION('',(-0.707106874318802,-0.707106688054281,0.));
#17523=DIRECTION('',(0.707106688054281,-0.707106874318802,0.));
#17524=DIRECTION('',(0.,0.,-1.));
#17525=DIRECTION('',(0.,0.,-1.));
#17526=DIRECTION('',(-1.,0.,0.));
#17527=DIRECTION('',(0.,0.,-1.));
#17528=DIRECTION('',(0.707106610475904,0.70710695189715,0.));
#17529=DIRECTION('',(0.,0.,-1.));
#17530=DIRECTION('',(0.707106920884897,-0.707106641488171,0.));
#17531=DIRECTION('',(0.707106641488171,0.707106920884897,0.));
#17532=DIRECTION('',(0.,0.,-1.));
#17533=DIRECTION('',(0.,0.,-1.));
#17534=DIRECTION('',(-1.,0.,0.));
#17535=DIRECTION('',(0.,0.,-1.));
#17536=DIRECTION('',(-1.,0.,0.));
#17537=DIRECTION('',(0.,0.,-1.));
#17538=DIRECTION('',(-1.,0.,0.));
#17539=DIRECTION('',(0.,0.,1.));
#17540=DIRECTION('',(0.,0.,-1.));
#17541=DIRECTION('',(0.,0.,-1.));
#17542=DIRECTION('',(-1.,0.,0.));
#17543=DIRECTION('',(0.,0.,-1.));
#17544=DIRECTION('',(1.,0.,0.));
#17545=DIRECTION('',(0.,0.,-1.));
#17546=DIRECTION('',(0.,0.,-1.));
#17547=DIRECTION('',(0.,0.,-1.));
#17548=DIRECTION('',(0.707107097287459,-0.707106465085495,0.));
#17549=DIRECTION('',(0.,0.,-1.));
#17550=DIRECTION('',(0.,-1.,0.));
#17551=DIRECTION('',(0.,0.,-1.));
#17552=DIRECTION('',(0.,0.,-1.));
#17553=DIRECTION('',(0.,0.,-1.));
#17554=DIRECTION('',(-1.,0.,0.));
#17555=DIRECTION('',(0.,0.,-1.));
#17556=DIRECTION('',(-1.,0.,0.));
#17557=DIRECTION('',(0.,0.,-1.));
#17558=DIRECTION('',(1.,0.,0.));
#17559=DIRECTION('',(0.,0.,-1.));
#17560=DIRECTION('',(0.,0.,-1.));
#17561=DIRECTION('',(0.,0.,-1.));
#17562=DIRECTION('',(-1.,0.,0.));
#17563=DIRECTION('',(0.,0.,-1.));
#17564=DIRECTION('',(-1.,0.,0.));
#17565=DIRECTION('',(0.,0.,1.));
#17566=DIRECTION('',(0.,0.,-1.));
#17567=DIRECTION('',(0.,0.,-1.));
#17568=DIRECTION('',(-1.,0.,0.));
#17569=DIRECTION('',(0.,0.,-1.));
#17570=DIRECTION('',(0.,-1.,0.));
#17571=DIRECTION('',(0.,0.,-1.));
#17572=DIRECTION('',(0.,0.,-1.));
#17573=DIRECTION('',(0.,0.,-1.));
#17574=DIRECTION('',(-1.,0.,0.));
#17575=DIRECTION('',(0.,0.,-1.));
#17576=DIRECTION('',(1.,1.16725657706491E-7,0.));
#17577=DIRECTION('',(0.,0.,-1.));
#17578=DIRECTION('',(0.,-1.,0.));
#17579=DIRECTION('',(0.,0.,-1.));
#17580=DIRECTION('',(0.,0.,-1.));
#17581=DIRECTION('',(0.,0.,-1.));
#17582=DIRECTION('',(-1.,0.,0.));
#17583=DIRECTION('',(0.,0.,-1.));
#17584=DIRECTION('',(1.,1.16725687016379E-7,0.));
#17585=DIRECTION('',(0.,0.,-1.));
#17586=DIRECTION('',(0.,-1.,0.));
#17587=DIRECTION('',(0.,0.,-1.));
#17588=DIRECTION('',(0.,0.,-1.));
#17589=DIRECTION('',(0.,0.,-1.));
#17590=DIRECTION('',(-1.,0.,0.));
#17591=DIRECTION('',(0.,0.,-1.));
#17592=DIRECTION('',(1.,1.16725663479651E-7,0.));
#17593=DIRECTION('',(0.,0.,-1.));
#17594=DIRECTION('',(0.,-1.,0.));
#17595=DIRECTION('',(0.,0.,-1.));
#17596=DIRECTION('',(0.,0.,-1.));
#17597=DIRECTION('',(0.,0.,-1.));
#17598=DIRECTION('',(-1.,0.,0.));
#17599=DIRECTION('',(0.,0.,-1.));
#17600=DIRECTION('',(1.,1.16725645716083E-7,0.));
#17601=DIRECTION('',(0.,0.,-1.));
#17602=DIRECTION('',(0.,-1.,0.));
#17603=DIRECTION('',(0.,0.,-1.));
#17604=DIRECTION('',(0.,0.,-1.));
#17605=DIRECTION('',(0.,0.,-1.));
#17606=DIRECTION('',(-1.,0.,0.));
#17607=DIRECTION('',(0.,0.,-1.));
#17608=DIRECTION('',(1.,1.16725971233474E-7,0.));
#17609=DIRECTION('',(0.,0.,-1.));
#17610=DIRECTION('',(0.,-1.,0.));
#17611=DIRECTION('',(0.,0.,-1.));
#17612=DIRECTION('',(0.,0.,-1.));
#17613=DIRECTION('',(0.,0.,-1.));
#17614=DIRECTION('',(-1.,0.,0.));
#17615=DIRECTION('',(1.,0.,0.));
#17616=DIRECTION('',(0.,0.,-1.));
#17617=DIRECTION('',(0.,0.,-1.));
#17618=DIRECTION('',(0.,0.,-1.));
#17619=DIRECTION('',(-1.,0.,0.));
#17620=DIRECTION('',(0.,0.,-1.));
#17621=DIRECTION('',(-1.,0.,0.));
#17622=DIRECTION('',(0.,0.,1.));
#17623=DIRECTION('',(0.,0.,-1.));
#17624=DIRECTION('',(0.,-1.,0.));
#17625=DIRECTION('',(0.,0.,-1.));
#17626=DIRECTION('',(0.,0.,-1.));
#17627=DIRECTION('',(0.,0.,-1.));
#17628=DIRECTION('',(-1.,0.,0.));
#17629=DIRECTION('',(-1.,0.,0.));
#17630=DIRECTION('',(0.,0.,1.));
#17631=DIRECTION('',(0.,0.,-1.));
#17632=DIRECTION('',(0.,0.,-1.));
#17633=DIRECTION('',(-1.,0.,0.));
#17634=DIRECTION('',(0.,0.,-1.));
#17635=DIRECTION('',(1.,0.,0.));
#17636=DIRECTION('',(0.,0.,-1.));
#17637=DIRECTION('',(0.,0.,-1.));
#17638=DIRECTION('',(0.,-1.,0.));
#17639=DIRECTION('',(0.,0.,-1.));
#17640=DIRECTION('',(0.,0.,-1.));
#17641=DIRECTION('',(0.,0.,-1.));
#17642=DIRECTION('',(-1.,0.,0.));
#17643=DIRECTION('',(0.,0.,-1.));
#17644=DIRECTION('',(1.,1.16726122667894E-7,0.));
#17645=DIRECTION('',(0.,0.,-1.));
#17646=DIRECTION('',(0.,-1.,0.));
#17647=DIRECTION('',(0.,0.,-1.));
#17648=DIRECTION('',(0.,0.,-1.));
#17649=DIRECTION('',(0.,0.,-1.));
#17650=DIRECTION('',(-1.,0.,0.));
#17651=DIRECTION('',(0.,0.,-1.));
#17652=DIRECTION('',(1.,1.16725130572599E-7,0.));
#17653=DIRECTION('',(0.,0.,-1.));
#17654=DIRECTION('',(0.,-1.,0.));
#17655=DIRECTION('',(0.,0.,-1.));
#17656=DIRECTION('',(0.,0.,-1.));
#17657=DIRECTION('',(0.,0.,-1.));
#17658=DIRECTION('',(-1.,0.,0.));
#17659=DIRECTION('',(0.,0.,-1.));
#17660=DIRECTION('',(1.,1.16725638166566E-7,0.));
#17661=DIRECTION('',(0.,0.,-1.));
#17662=DIRECTION('',(0.,-1.,0.));
#17663=DIRECTION('',(0.,0.,-1.));
#17664=DIRECTION('',(0.,0.,-1.));
#17665=DIRECTION('',(0.,0.,-1.));
#17666=DIRECTION('',(-1.,0.,0.));
#17667=DIRECTION('',(0.,0.,-1.));
#17668=DIRECTION('',(1.,1.16725851329387E-7,0.));
#17669=DIRECTION('',(0.,0.,-1.));
#17670=DIRECTION('',(0.,-1.,0.));
#17671=DIRECTION('',(0.,0.,-1.));
#17672=DIRECTION('',(0.,0.,-1.));
#17673=DIRECTION('',(0.,0.,-1.));
#17674=DIRECTION('',(-1.,0.,0.));
#17675=DIRECTION('',(0.,0.,-1.));
#17676=DIRECTION('',(1.,5.83627964959658E-8,0.));
#17677=DIRECTION('',(0.,0.,-1.));
#17678=DIRECTION('',(0.,-1.,0.));
#17679=DIRECTION('',(0.,0.,-1.));
#17680=DIRECTION('',(0.,0.,-1.));
#17681=DIRECTION('',(0.,0.,-1.));
#17682=DIRECTION('',(-1.,0.,0.));
#17683=DIRECTION('',(0.,0.,-1.));
#17684=DIRECTION('',(1.,1.24176338667577E-7,0.));
#17685=DIRECTION('',(0.,0.,-1.));
#17686=DIRECTION('',(0.,-1.,0.));
#17687=DIRECTION('',(0.,0.,-1.));
#17688=DIRECTION('',(0.,0.,-1.));
#17689=DIRECTION('',(-1.,0.,0.));
#17690=DIRECTION('',(0.,0.,1.));
#17691=DIRECTION('',(0.,0.,-1.));
#17692=DIRECTION('',(0.,0.,-1.));
#17693=DIRECTION('',(-1.,0.,0.));
#17694=DIRECTION('',(0.,0.,-1.));
#17695=DIRECTION('',(1.,0.,0.));
#17696=DIRECTION('',(0.,0.,-1.));
#17697=DIRECTION('',(-1.,0.,0.));
#17698=DIRECTION('',(0.,0.,1.));
#17699=DIRECTION('',(0.,0.,-1.));
#17700=DIRECTION('',(0.,1.,0.));
#17701=DIRECTION('',(0.,0.,1.));
#17702=DIRECTION('',(0.,0.,-1.));
#17703=DIRECTION('',(0.,0.,-1.));
#17704=DIRECTION('',(1.,1.24176257399251E-7,0.));
#17705=DIRECTION('',(0.,0.,-1.));
#17706=DIRECTION('',(0.,-1.,0.));
#17707=DIRECTION('',(0.,0.,-1.));
#17708=DIRECTION('',(0.,0.,-1.));
#17709=DIRECTION('',(1.,0.,0.));
#17710=DIRECTION('',(0.,0.,-1.));
#17711=DIRECTION('',(-1.,0.,0.));
#17712=DIRECTION('',(0.,0.,1.));
#17713=DIRECTION('',(0.,0.,-1.));
#17714=DIRECTION('',(0.,0.,-1.));
#17715=DIRECTION('',(-1.,0.,0.));
#17716=DIRECTION('',(0.,0.,-1.));
#17717=DIRECTION('',(0.,1.,0.));
#17718=DIRECTION('',(0.,0.,1.));
#17719=DIRECTION('',(0.,0.,-1.));
#17720=DIRECTION('',(0.,0.,-1.));
#17721=DIRECTION('',(1.,7.45032492400363E-9,0.));
#17722=DIRECTION('',(0.,0.,-1.));
#17723=DIRECTION('',(0.,-1.,0.));
#17724=DIRECTION('',(0.,0.,-1.));
#17725=DIRECTION('',(0.,0.,-1.));
#17726=DIRECTION('',(0.,0.,-1.));
#17727=DIRECTION('',(-1.,0.,0.));
#17728=DIRECTION('',(0.,0.,-1.));
#17729=DIRECTION('',(1.,0.,0.));
#17730=DIRECTION('',(0.,0.,-1.));
#17731=DIRECTION('',(0.,1.,0.));
#17732=DIRECTION('',(0.,0.,1.));
#17733=DIRECTION('',(0.,0.,-1.));
#17734=DIRECTION('',(0.,0.,-1.));
#17735=DIRECTION('',(1.,7.4503369144123E-9,0.));
#17736=DIRECTION('',(0.,0.,-1.));
#17737=DIRECTION('',(0.,-1.,0.));
#17738=DIRECTION('',(0.,0.,-1.));
#17739=DIRECTION('',(0.,0.,-1.));
#17740=DIRECTION('',(0.,0.,-1.));
#17741=DIRECTION('',(-1.,0.,0.));
#17742=DIRECTION('',(0.,0.,-1.));
#17743=DIRECTION('',(-1.,0.,0.));
#17744=DIRECTION('',(0.,0.,1.));
#17745=DIRECTION('',(0.,0.,-1.));
#17746=DIRECTION('',(0.,0.,-1.));
#17747=DIRECTION('',(-3.18136108442368E-14,1.,0.));
#17748=DIRECTION('',(0.,0.,-1.));
#17749=DIRECTION('',(1.,0.,0.));
#17750=DIRECTION('',(0.,0.,-1.));
#17751=DIRECTION('',(0.,0.,-1.));
#17752=DIRECTION('',(0.707106731215055,-0.707106831158036,0.));
#17753=DIRECTION('',(0.,0.,-1.));
#17754=DIRECTION('',(-0.70710680446961,-0.707106757903484,0.));
#17755=DIRECTION('',(0.707106757903484,-0.70710680446961,0.));
#17756=DIRECTION('',(0.,0.,-1.));
#17757=DIRECTION('',(0.,0.,-1.));
#17758=DIRECTION('',(-1.,0.,0.));
#17759=DIRECTION('',(0.,0.,-1.));
#17760=DIRECTION('',(0.70710641800245,0.707107144370458,0.));
#17761=DIRECTION('',(0.,0.,-1.));
#17762=DIRECTION('',(0.707106926705662,-0.707106635667403,0.));
#17763=DIRECTION('',(0.707106635667403,0.707106926705662,0.));
#17764=DIRECTION('',(0.,0.,-1.));
#17765=DIRECTION('',(0.,0.,-1.));
#17766=DIRECTION('',(-1.,0.,0.));
#17767=DIRECTION('',(0.,0.,-1.));
#17768=DIRECTION('',(0.707106672988674,0.707106889384405,0.));
#17769=DIRECTION('',(0.,0.,-1.));
#17770=DIRECTION('',(0.70710680446961,-0.707106757903484,0.));
#17771=DIRECTION('',(0.707106757903484,0.70710680446961,0.));
#17772=DIRECTION('',(0.,0.,-1.));
#17773=DIRECTION('',(0.,0.,-1.));
#17774=DIRECTION('',(-1.,0.,0.));
#17775=DIRECTION('',(0.,0.,-1.));
#17776=DIRECTION('',(0.70710688368296,-0.70710667869012,0.));
#17777=DIRECTION('',(0.,0.,-1.));
#17778=DIRECTION('',(-0.707106926705662,-0.707106635667403,0.));
#17779=DIRECTION('',(0.707106635667403,-0.707106926705662,0.));
#17780=DIRECTION('',(0.,0.,-1.));
#17781=DIRECTION('',(0.,0.,-1.));
#17782=DIRECTION('',(-1.,0.,0.));
#17783=DIRECTION('',(0.,0.,-1.));
#17784=DIRECTION('',(-1.,0.,0.));
#17785=DIRECTION('',(0.,0.,-1.));
#17786=DIRECTION('',(1.,0.,0.));
#17787=DIRECTION('',(0.,0.,-1.));
#17788=DIRECTION('',(0.,0.,-1.));
#17789=DIRECTION('',(0.,0.,-1.));
#17790=DIRECTION('',(-1.,0.,0.));
#17791=DIRECTION('',(0.,0.,-1.));
#17792=DIRECTION('',(-1.,0.,0.));
#17793=DIRECTION('',(0.,0.,1.));
#17794=DIRECTION('',(0.,0.,-1.));
#17795=DIRECTION('',(0.,0.,-1.));
#17796=DIRECTION('',(-1.,0.,0.));
#17797=DIRECTION('',(0.,0.,-1.));
#17798=DIRECTION('',(0.,-1.,0.));
#17799=DIRECTION('',(0.,0.,-1.));
#17800=DIRECTION('',(0.,0.,-1.));
#17801=DIRECTION('',(0.,0.,-1.));
#17802=DIRECTION('',(-1.,0.,0.));
#17803=DIRECTION('',(0.,0.,-1.));
#17804=DIRECTION('',(-1.,0.,0.));
#17805=DIRECTION('',(0.,0.,-1.));
#17806=DIRECTION('',(-1.,0.,0.));
#17807=DIRECTION('',(0.,0.,1.));
#17808=DIRECTION('',(0.,0.,-1.));
#17809=DIRECTION('',(0.,0.,-1.));
#17810=DIRECTION('',(7.95432752714622E-7,0.999999999999684,0.));
#17811=DIRECTION('',(0.,0.,-1.));
#17812=DIRECTION('',(1.,0.,0.));
#17813=DIRECTION('',(0.,0.,-1.));
#17814=DIRECTION('',(0.,0.,-1.));
#17815=DIRECTION('',(0.,0.,-1.));
#17816=DIRECTION('',(0.707107981623973,-0.707105580747084,0.));
#17817=DIRECTION('',(0.,0.,-1.));
#17818=DIRECTION('',(0.,-1.,0.));
#17819=DIRECTION('',(0.,0.,-1.));
#17820=DIRECTION('',(0.,0.,-1.));
#17821=DIRECTION('',(0.,0.,-1.));
#17822=DIRECTION('',(-1.,0.,0.));
#17823=DIRECTION('',(0.,0.,-1.));
#17824=DIRECTION('',(1.,-4.47036539893349E-8,0.));
#17825=DIRECTION('',(0.,0.,-1.));
#17826=DIRECTION('',(0.,-1.,0.));
#17827=DIRECTION('',(0.,0.,-1.));
#17828=DIRECTION('',(0.,0.,-1.));
#17829=DIRECTION('',(0.,0.,-1.));
#17830=DIRECTION('',(-1.,0.,0.));
#17831=DIRECTION('',(0.,0.,-1.));
#17832=DIRECTION('',(1.,-4.47036597624946E-8,0.));
#17833=DIRECTION('',(0.,0.,-1.));
#17834=DIRECTION('',(0.,-1.,0.));
#17835=DIRECTION('',(0.,0.,-1.));
#17836=DIRECTION('',(0.,0.,-1.));
#17837=DIRECTION('',(0.,0.,-1.));
#17838=DIRECTION('',(-1.,0.,0.));
#17839=DIRECTION('',(0.,0.,-1.));
#17840=DIRECTION('',(1.,-4.47036539893349E-8,0.));
#17841=DIRECTION('',(0.,0.,-1.));
#17842=DIRECTION('',(0.,-1.,0.));
#17843=DIRECTION('',(0.,0.,-1.));
#17844=DIRECTION('',(0.,0.,-1.));
#17845=DIRECTION('',(0.,0.,-1.));
#17846=DIRECTION('',(-1.,0.,0.));
#17847=DIRECTION('',(0.,0.,-1.));
#17848=DIRECTION('',(1.,-4.47036539893349E-8,0.));
#17849=DIRECTION('',(0.,0.,-1.));
#17850=DIRECTION('',(0.,-1.,0.));
#17851=DIRECTION('',(0.,0.,-1.));
#17852=DIRECTION('',(0.,0.,-1.));
#17853=DIRECTION('',(0.,0.,-1.));
#17854=DIRECTION('',(-1.,0.,0.));
#17855=DIRECTION('',(0.,0.,-1.));
#17856=DIRECTION('',(1.,-4.47036419989262E-8,0.));
#17857=DIRECTION('',(0.,0.,-1.));
#17858=DIRECTION('',(0.,-1.,0.));
#17859=DIRECTION('',(0.,0.,-1.));
#17860=DIRECTION('',(0.,0.,-1.));
#17861=DIRECTION('',(0.,0.,-1.));
#17862=DIRECTION('',(-1.,0.,0.));
#17863=DIRECTION('',(0.,0.,-1.));
#17864=DIRECTION('',(1.,-4.47037010627911E-8,0.));
#17865=DIRECTION('',(0.,0.,-1.));
#17866=DIRECTION('',(0.,-1.,0.));
#17867=DIRECTION('',(0.,0.,-1.));
#17868=DIRECTION('',(0.,0.,-1.));
#17869=DIRECTION('',(0.,0.,-1.));
#17870=DIRECTION('',(-1.,0.,0.));
#17871=DIRECTION('',(0.,0.,-1.));
#17872=DIRECTION('',(1.,-4.47035580660655E-8,0.));
#17873=DIRECTION('',(0.,0.,-1.));
#17874=DIRECTION('',(0.,-1.,0.));
#17875=DIRECTION('',(0.,0.,-1.));
#17876=DIRECTION('',(0.,0.,-1.));
#17877=DIRECTION('',(0.,0.,-1.));
#17878=DIRECTION('',(-1.,0.,0.));
#17879=DIRECTION('',(0.,0.,-1.));
#17880=DIRECTION('',(1.,-4.47036419989262E-8,0.));
#17881=DIRECTION('',(0.,0.,-1.));
#17882=DIRECTION('',(0.,-1.,0.));
#17883=DIRECTION('',(0.,0.,-1.));
#17884=DIRECTION('',(0.,0.,-1.));
#17885=DIRECTION('',(0.,0.,-1.));
#17886=DIRECTION('',(-1.,0.,0.));
#17887=DIRECTION('',(0.,0.,-1.));
#17888=DIRECTION('',(1.,-4.47037485803366E-8,0.));
#17889=DIRECTION('',(0.,0.,-1.));
#17890=DIRECTION('',(0.,-1.,0.));
#17891=DIRECTION('',(0.,0.,-1.));
#17892=DIRECTION('',(0.,0.,-1.));
#17893=DIRECTION('',(0.,0.,-1.));
#17894=DIRECTION('',(-1.,0.,0.));
#17895=DIRECTION('',(0.,0.,-1.));
#17896=DIRECTION('',(1.,-2.23520671856976E-8,0.));
#17897=DIRECTION('',(0.,0.,-1.));
#17898=DIRECTION('',(0.,-1.,0.));
#17899=DIRECTION('',(0.,0.,-1.));
#17900=DIRECTION('',(0.,0.,-1.));
#17901=DIRECTION('',(0.,0.,-1.));
#17902=DIRECTION('',(-1.,0.,0.));
#17903=DIRECTION('',(0.,1.,0.));
#17904=DIRECTION('',(0.,0.,1.));
#17905=DIRECTION('',(0.,0.,-1.));
#17906=DIRECTION('',(0.,0.,-1.));
#17907=DIRECTION('',(0.999999999999988,-1.53978685235249E-7,0.));
#17908=DIRECTION('',(0.,0.,-1.));
#17909=DIRECTION('',(0.,-1.,0.));
#17910=DIRECTION('',(0.,0.,-1.));
#17911=DIRECTION('',(0.,0.,-1.));
#17912=DIRECTION('',(0.,0.,-1.));
#17913=DIRECTION('',(-1.,0.,0.));
#17914=DIRECTION('',(0.,0.,-1.));
#17915=DIRECTION('',(-1.,0.,0.));
#17916=DIRECTION('',(0.,0.,1.));
#17917=DIRECTION('',(0.,0.,-1.));
#17918=DIRECTION('',(0.,0.,-1.));
#17919=DIRECTION('',(-1.,0.,0.));
#17920=DIRECTION('',(0.,0.,-1.));
#17921=DIRECTION('',(1.,0.,0.));
#17922=DIRECTION('',(0.,0.,-1.));
#17923=DIRECTION('',(-1.,0.,0.));
#17924=DIRECTION('',(0.,0.,1.));
#17925=DIRECTION('',(0.,0.,-1.));
#17926=DIRECTION('',(0.,0.,-1.));
#17927=DIRECTION('',(-1.,0.,0.));
#17928=DIRECTION('',(0.,0.,-1.));
#17929=DIRECTION('',(0.,1.,0.));
#17930=DIRECTION('',(0.,0.,1.));
#17931=DIRECTION('',(0.,0.,-1.));
#17932=DIRECTION('',(0.,0.,-1.));
#17933=DIRECTION('',(0.999999999999988,-1.53979229244531E-7,0.));
#17934=DIRECTION('',(0.,0.,-1.));
#17935=DIRECTION('',(0.,-1.,0.));
#17936=DIRECTION('',(0.,0.,-1.));
#17937=DIRECTION('',(0.,0.,-1.));
#17938=DIRECTION('',(0.,0.,-1.));
#17939=DIRECTION('',(-1.,0.,0.));
#17940=DIRECTION('',(0.,0.,-1.));
#17941=DIRECTION('',(1.,0.,0.));
#17942=DIRECTION('',(0.,0.,-1.));
#17943=DIRECTION('',(0.,0.,-1.));
#17944=DIRECTION('',(0.70710661633317,0.707106946039886,0.));
#17945=DIRECTION('',(0.,0.,-1.));
#17946=DIRECTION('',(0.707106874318802,-0.707106688054281,0.));
#17947=DIRECTION('',(0.707106688054281,0.707106874318802,0.));
#17948=DIRECTION('',(0.,0.,-1.));
#17949=DIRECTION('',(0.,0.,-1.));
#17950=DIRECTION('',(-1.,0.,0.));
#17951=DIRECTION('',(0.,0.,-1.));
#17952=DIRECTION('',(0.70710684332563,-0.70710671904746,0.));
#17953=DIRECTION('',(0.,0.,-1.));
#17954=DIRECTION('',(-0.707106920884897,-0.707106641488171,0.));
#17955=DIRECTION('',(0.707106641488171,-0.707106920884897,0.));
#17956=DIRECTION('',(0.,0.,-1.));
#17957=DIRECTION('',(0.,0.,-1.));
#17958=DIRECTION('',(-1.,0.,0.));
#17959=DIRECTION('',(-1.,0.,0.));
#17960=DIRECTION('',(0.,0.,1.));
#17961=DIRECTION('',(0.,0.,-1.));
#17962=DIRECTION('',(0.,0.,-1.));
#17963=DIRECTION('',(-1.,0.,0.));
#17964=DIRECTION('',(0.,0.,-1.));
#17965=DIRECTION('',(1.,0.,0.));
#17966=DIRECTION('',(0.,0.,-1.));
#17967=DIRECTION('',(-1.,0.,0.));
#17968=DIRECTION('',(0.,0.,1.));
#17969=DIRECTION('',(0.,0.,-1.));
#17970=DIRECTION('',(0.,0.,-1.));
#17971=DIRECTION('',(-1.,0.,0.));
#17972=DIRECTION('',(0.,0.,-1.));
#17973=DIRECTION('',(1.,0.,0.));
#17974=DIRECTION('',(0.,0.,-1.));
#17975=DIRECTION('',(-1.,0.,0.));
#17976=DIRECTION('',(0.,0.,1.));
#17977=DIRECTION('',(0.,0.,-1.));
#17978=DIRECTION('',(0.,0.,-1.));
#17979=DIRECTION('',(7.13368083284168E-13,1.,0.));
#17980=DIRECTION('',(0.,0.,-1.));
#17981=DIRECTION('',(1.,0.,0.));
#17982=DIRECTION('',(0.,0.,-1.));
#17983=DIRECTION('',(-1.,0.,0.));
#17984=DIRECTION('',(0.,0.,1.));
#17985=DIRECTION('',(0.,0.,-1.));
#17986=DIRECTION('',(0.,0.,-1.));
#17987=DIRECTION('',(-1.,0.,0.));
#17988=DIRECTION('',(0.,0.,-1.));
#17989=DIRECTION('',(1.,0.,0.));
#17990=DIRECTION('',(0.,0.,-1.));
#17991=DIRECTION('',(-1.,0.,0.));
#17992=DIRECTION('',(0.,0.,1.));
#17993=DIRECTION('',(0.,0.,-1.));
#17994=DIRECTION('',(0.,0.,-1.));
#17995=DIRECTION('',(-1.,0.,0.));
#17996=DIRECTION('',(0.,0.,-1.));
#17997=DIRECTION('',(1.,0.,0.));
#17998=DIRECTION('',(0.,0.,-1.));
#17999=DIRECTION('',(0.,0.,-1.));
#18000=DIRECTION('',(0.,-1.,0.));
#18001=DIRECTION('',(0.,0.,-1.));
#18002=DIRECTION('',(0.,0.,-1.));
#18003=DIRECTION('',(0.,0.,-1.));
#18004=DIRECTION('',(-1.,0.,0.));
#18005=DIRECTION('',(1.,0.,0.));
#18006=DIRECTION('',(0.,0.,-1.));
#18007=DIRECTION('',(0.,0.,-1.));
#18008=DIRECTION('',(0.,0.,-1.));
#18009=DIRECTION('',(-1.,0.,0.));
#18010=DIRECTION('',(0.,0.,-1.));
#18011=DIRECTION('',(-1.,0.,0.));
#18012=DIRECTION('',(0.,0.,1.));
#18013=DIRECTION('',(0.,0.,-1.));
#18014=DIRECTION('',(0.,-1.,0.));
#18015=DIRECTION('',(0.,0.,-1.));
#18016=DIRECTION('',(0.,0.,-1.));
#18017=DIRECTION('',(0.,0.,-1.));
#18018=DIRECTION('',(-1.,0.,0.));
#18019=DIRECTION('',(-1.,0.,0.));
#18020=DIRECTION('',(0.,0.,1.));
#18021=DIRECTION('',(0.,0.,-1.));
#18022=DIRECTION('',(0.,1.,0.));
#18023=DIRECTION('',(0.,0.,1.));
#18024=DIRECTION('',(0.,0.,-1.));
#18025=DIRECTION('',(0.,0.,-1.));
#18026=DIRECTION('',(1.,-4.47036317848744E-8,0.));
#18027=DIRECTION('',(0.,0.,-1.));
#18028=DIRECTION('',(0.,-1.,0.));
#18029=DIRECTION('',(0.,0.,-1.));
#18030=DIRECTION('',(0.,0.,-1.));
#18031=DIRECTION('',(1.,0.,0.));
#18032=DIRECTION('',(0.,0.,-1.));
#18033=DIRECTION('',(0.,0.,-1.));
#18034=DIRECTION('',(1.,-4.47036539893349E-8,0.));
#18035=DIRECTION('',(0.,0.,-1.));
#18036=DIRECTION('',(0.,-1.,0.));
#18037=DIRECTION('',(0.,0.,-1.));
#18038=DIRECTION('',(0.,0.,-1.));
#18039=DIRECTION('',(-1.,0.,0.));
#18040=DIRECTION('',(0.,0.,1.));
#18041=DIRECTION('',(0.,0.,-1.));
#18042=DIRECTION('',(0.,0.,-1.));
#18043=DIRECTION('',(-1.,0.,0.));
#18044=DIRECTION('',(0.,0.,-1.));
#18045=DIRECTION('',(1.,0.,0.));
#18046=DIRECTION('',(0.,0.,-1.));
#18047=DIRECTION('',(-1.,0.,0.));
#18048=DIRECTION('',(0.,0.,1.));
#18049=DIRECTION('',(0.,0.,-1.));
#18050=DIRECTION('',(0.,0.,-1.));
#18051=DIRECTION('',(-1.,0.,0.));
#18052=DIRECTION('',(0.,0.,-1.));
#18053=DIRECTION('',(1.,0.,0.));
#18054=DIRECTION('',(0.,0.,-1.));
#18055=DIRECTION('',(-1.,0.,0.));
#18056=DIRECTION('',(0.,0.,1.));
#18057=DIRECTION('',(0.,0.,-1.));
#18058=DIRECTION('',(0.,0.,-1.));
#18059=DIRECTION('',(-1.,0.,0.));
#18060=DIRECTION('',(0.,0.,-1.));
#18061=DIRECTION('',(1.,0.,0.));
#18062=DIRECTION('',(0.,0.,-1.));
#18063=DIRECTION('',(-1.,0.,0.));
#18064=DIRECTION('',(0.,0.,1.));
#18065=DIRECTION('',(0.,0.,-1.));
#18066=DIRECTION('',(0.,0.,-1.));
#18067=DIRECTION('',(-5.67385197923412E-13,1.,0.));
#18068=DIRECTION('',(0.,0.,-1.));
#18069=DIRECTION('',(1.,0.,0.));
#18070=DIRECTION('',(0.,0.,-1.));
#18071=DIRECTION('',(-1.,0.,0.));
#18072=DIRECTION('',(0.,0.,1.));
#18073=DIRECTION('',(0.,0.,-1.));
#18074=DIRECTION('',(0.,0.,-1.));
#18075=DIRECTION('',(-1.,0.,0.));
#18076=DIRECTION('',(0.,0.,-1.));
#18077=DIRECTION('',(1.,0.,0.));
#18078=DIRECTION('',(0.,0.,-1.));
#18079=DIRECTION('',(0.,0.,-1.));
#18080=DIRECTION('',(-1.,0.,0.));
#18081=DIRECTION('',(0.,0.,-1.));
#18082=DIRECTION('',(1.,0.,0.));
#18083=DIRECTION('',(0.,0.,-1.));
#18084=DIRECTION('',(0.,0.,-1.));
#18085=DIRECTION('',(0.,0.,-1.));
#18086=DIRECTION('',(-1.,0.,0.));
#18087=DIRECTION('',(0.,0.,-1.));
#18088=DIRECTION('',(-1.,0.,0.));
#18089=DIRECTION('',(0.,0.,1.));
#18090=DIRECTION('',(0.,0.,-1.));
#18091=DIRECTION('',(0.,0.,-1.));
#18092=DIRECTION('',(-1.,0.,0.));
#18093=DIRECTION('',(0.,0.,-1.));
#18094=DIRECTION('',(0.,-1.,0.));
#18095=DIRECTION('',(0.,0.,-1.));
#18096=DIRECTION('',(0.,0.,-1.));
#18097=DIRECTION('',(0.,0.,-1.));
#18098=DIRECTION('',(-1.,0.,0.));
#18099=DIRECTION('',(0.,0.,-1.));
#18100=DIRECTION('',(-1.,0.,0.));
#18101=DIRECTION('',(0.,0.,-1.));
#18102=DIRECTION('',(-1.,0.,0.));
#18103=DIRECTION('',(0.,0.,1.));
#18104=DIRECTION('',(0.,0.,-1.));
#18105=DIRECTION('',(0.,0.,-1.));
#18106=DIRECTION('',(7.95432531558195E-7,0.999999999999684,0.));
#18107=DIRECTION('',(0.,0.,-1.));
#18108=DIRECTION('',(1.,0.,0.));
#18109=DIRECTION('',(0.,0.,-1.));
#18110=DIRECTION('',(0.,0.,-1.));
#18111=DIRECTION('',(0.,0.,-1.));
#18112=DIRECTION('',(0.707107981623923,-0.707105580747135,0.));
#18113=DIRECTION('',(0.,0.,-1.));
#18114=DIRECTION('',(0.,-1.,0.));
#18115=DIRECTION('',(0.,0.,-1.));
#18116=DIRECTION('',(0.,0.,-1.));
#18117=DIRECTION('',(0.,0.,-1.));
#18118=DIRECTION('',(-1.,0.,0.));
#18119=DIRECTION('',(0.,0.,-1.));
#18120=DIRECTION('',(0.707106734300702,0.70710682807239,0.));
#18121=DIRECTION('',(0.,0.,-1.));
#18122=DIRECTION('',(0.707106781186548,-0.707106781186548,0.));
#18123=DIRECTION('',(0.707106781186548,0.707106781186548,0.));
#18124=DIRECTION('',(0.,0.,-1.));
#18125=DIRECTION('',(0.,0.,-1.));
#18126=DIRECTION('',(-1.,0.,0.));
#18127=DIRECTION('',(0.,0.,-1.));
#18128=DIRECTION('',(0.707106880578461,-0.707106681794621,0.));
#18129=DIRECTION('',(0.,0.,-1.));
#18130=DIRECTION('',(-0.70710696745102,-0.707106594922027,0.));
#18131=DIRECTION('',(0.707106594922027,-0.70710696745102,0.));
#18132=DIRECTION('',(0.,0.,-1.));
#18133=DIRECTION('',(0.,0.,-1.));
#18134=DIRECTION('',(-1.,0.,0.));
#18135=DIRECTION('',(-1.,0.,0.));
#18136=DIRECTION('',(0.,0.,1.));
#18137=DIRECTION('',(0.,0.,-1.));
#18138=DIRECTION('',(0.,0.,-1.));
#18139=DIRECTION('',(-1.,0.,0.));
#18140=DIRECTION('',(0.,0.,-1.));
#18141=DIRECTION('',(1.,0.,0.));
#18142=DIRECTION('',(0.,0.,-1.));
#18143=DIRECTION('',(-1.,0.,0.));
#18144=DIRECTION('',(0.,0.,1.));
#18145=DIRECTION('',(0.,0.,-1.));
#18146=DIRECTION('',(0.,0.,-1.));
#18147=DIRECTION('',(-1.,0.,0.));
#18148=DIRECTION('',(0.,0.,-1.));
#18149=DIRECTION('',(1.,0.,0.));
#18150=DIRECTION('',(0.,0.,-1.));
#18151=DIRECTION('',(-1.,0.,0.));
#18152=DIRECTION('',(0.,0.,1.));
#18153=DIRECTION('',(0.,0.,-1.));
#18154=DIRECTION('',(0.,0.,-1.));
#18155=DIRECTION('',(9.23422279543248E-13,1.,0.));
#18156=DIRECTION('',(0.,0.,-1.));
#18157=DIRECTION('',(1.,0.,0.));
#18158=DIRECTION('',(0.,0.,-1.));
#18159=DIRECTION('',(-1.,0.,0.));
#18160=DIRECTION('',(0.,0.,1.));
#18161=DIRECTION('',(0.,0.,-1.));
#18162=DIRECTION('',(0.,0.,-1.));
#18163=DIRECTION('',(-1.,0.,0.));
#18164=DIRECTION('',(0.,0.,-1.));
#18165=DIRECTION('',(1.,0.,0.));
#18166=DIRECTION('',(0.,0.,-1.));
#18167=DIRECTION('',(0.,1.,0.));
#18168=DIRECTION('',(0.,0.,1.));
#18169=DIRECTION('',(0.,0.,-1.));
#18170=DIRECTION('',(0.,0.,-1.));
#18171=DIRECTION('',(0.999999999999987,1.58945686512874E-7,0.));
#18172=DIRECTION('',(0.,0.,-1.));
#18173=DIRECTION('',(0.,-1.,0.));
#18174=DIRECTION('',(0.,0.,-1.));
#18175=DIRECTION('',(0.,0.,-1.));
#18176=DIRECTION('',(0.,0.,-1.));
#18177=DIRECTION('',(-1.,0.,0.));
#18178=DIRECTION('',(0.,0.,-1.));
#18179=DIRECTION('',(-1.,0.,0.));
#18180=DIRECTION('',(0.,0.,1.));
#18181=DIRECTION('',(0.,0.,-1.));
#18182=DIRECTION('',(0.,0.,-1.));
#18183=DIRECTION('',(-1.,0.,0.));
#18184=DIRECTION('',(0.,0.,-1.));
#18185=DIRECTION('',(1.,0.,0.));
#18186=DIRECTION('',(0.,0.,-1.));
#18187=DIRECTION('',(-1.,0.,0.));
#18188=DIRECTION('',(0.,0.,1.));
#18189=DIRECTION('',(0.,0.,-1.));
#18190=DIRECTION('',(0.,0.,-1.));
#18191=DIRECTION('',(-1.,0.,0.));
#18192=DIRECTION('',(0.,0.,-1.));
#18193=DIRECTION('',(0.,1.,0.));
#18194=DIRECTION('',(0.,0.,1.));
#18195=DIRECTION('',(0.,0.,-1.));
#18196=DIRECTION('',(0.,0.,-1.));
#18197=DIRECTION('',(0.999999999999987,1.58945946749151E-7,0.));
#18198=DIRECTION('',(0.,0.,-1.));
#18199=DIRECTION('',(0.,-1.,0.));
#18200=DIRECTION('',(0.,0.,-1.));
#18201=DIRECTION('',(0.,0.,-1.));
#18202=DIRECTION('',(0.,0.,-1.));
#18203=DIRECTION('',(-1.,0.,0.));
#18204=DIRECTION('',(0.,0.,-1.));
#18205=DIRECTION('',(1.,0.,0.));
#18206=DIRECTION('',(0.,0.,-1.));
#18207=DIRECTION('',(0.,0.,-1.));
#18208=DIRECTION('',(0.707106697047792,0.707106865325293,0.));
#18209=DIRECTION('',(0.,0.,-1.));
#18210=DIRECTION('',(0.707106874318802,-0.707106688054281,0.));
#18211=DIRECTION('',(0.707106688054281,0.707106874318802,0.));
#18212=DIRECTION('',(0.,0.,-1.));
#18213=DIRECTION('',(0.,0.,-1.));
#18214=DIRECTION('',(-1.,0.,0.));
#18215=DIRECTION('',(0.,0.,-1.));
#18216=DIRECTION('',(0.707106607390849,-0.707106954982203,0.));
#18217=DIRECTION('',(0.,0.,-1.));
#18218=DIRECTION('',(-0.70710696745102,-0.707106594922027,0.));
#18219=DIRECTION('',(0.707106594922027,-0.70710696745102,0.));
#18220=DIRECTION('',(0.,0.,-1.));
#18221=DIRECTION('',(0.,0.,-1.));
#18222=DIRECTION('',(-1.,0.,0.));
#18223=DIRECTION('',(-1.,0.,0.));
#18224=DIRECTION('',(0.,0.,1.));
#18225=DIRECTION('',(0.,0.,-1.));
#18226=DIRECTION('',(0.,0.,-1.));
#18227=DIRECTION('',(-1.,0.,0.));
#18228=DIRECTION('',(0.,0.,-1.));
#18229=DIRECTION('',(1.,0.,0.));
#18230=DIRECTION('',(0.,0.,-1.));
#18231=DIRECTION('',(-1.,0.,0.));
#18232=DIRECTION('',(0.,0.,1.));
#18233=DIRECTION('',(0.,0.,-1.));
#18234=DIRECTION('',(0.,0.,-1.));
#18235=DIRECTION('',(5.17968830950141E-13,1.,0.));
#18236=DIRECTION('',(0.,0.,-1.));
#18237=DIRECTION('',(1.,0.,0.));
#18238=DIRECTION('',(0.,0.,-1.));
#18239=DIRECTION('',(0.,0.,-1.));
#18240=DIRECTION('',(-1.,0.,0.));
#18241=DIRECTION('',(0.,0.,-1.));
#18242=DIRECTION('',(1.,0.,0.));
#18243=DIRECTION('',(0.,0.,-1.));
#18244=DIRECTION('',(0.,0.,-1.));
#18245=DIRECTION('',(0.,0.,-1.));
#18246=DIRECTION('',(-1.,0.,0.));
#18247=DIRECTION('',(0.,0.,-1.));
#18248=DIRECTION('',(-1.,0.,0.));
#18249=DIRECTION('',(0.,0.,1.));
#18250=DIRECTION('',(0.,0.,-1.));
#18251=DIRECTION('',(0.,0.,-1.));
#18252=DIRECTION('',(-1.,0.,0.));
#18253=DIRECTION('',(0.,0.,-1.));
#18254=DIRECTION('',(0.,-1.,0.));
#18255=DIRECTION('',(0.,0.,-1.));
#18256=DIRECTION('',(0.,0.,-1.));
#18257=DIRECTION('',(0.,0.,-1.));
#18258=DIRECTION('',(-1.,0.,0.));
#18259=DIRECTION('',(0.,0.,-1.));
#18260=DIRECTION('',(-1.,0.,0.));
#18261=DIRECTION('',(0.,0.,-1.));
#18262=DIRECTION('',(-1.,0.,0.));
#18263=DIRECTION('',(0.,0.,1.));
#18264=DIRECTION('',(0.,0.,-1.));
#18265=DIRECTION('',(0.,0.,-1.));
#18266=DIRECTION('',(7.95433253869295E-7,0.999999999999684,0.));
#18267=DIRECTION('',(0.,0.,-1.));
#18268=DIRECTION('',(1.,0.,0.));
#18269=DIRECTION('',(0.,0.,-1.));
#18270=DIRECTION('',(0.,0.,-1.));
#18271=DIRECTION('',(0.,0.,-1.));
#18272=DIRECTION('',(0.707107981622699,-0.707105580748359,0.));
#18273=DIRECTION('',(0.,0.,-1.));
#18274=DIRECTION('',(0.,-1.,0.));
#18275=DIRECTION('',(0.,0.,-1.));
#18276=DIRECTION('',(0.,0.,-1.));
#18277=DIRECTION('',(0.,0.,-1.));
#18278=DIRECTION('',(-1.,0.,0.));
#18279=DIRECTION('',(-1.,0.,0.));
#18280=DIRECTION('',(0.,0.,1.));
#18281=DIRECTION('',(0.,0.,-1.));
#18282=DIRECTION('',(0.,0.,-1.));
#18283=DIRECTION('',(-1.,0.,0.));
#18284=DIRECTION('',(0.,0.,-1.));
#18285=DIRECTION('',(1.,0.,0.));
#18286=DIRECTION('',(0.,0.,-1.));
#18287=DIRECTION('',(1.,0.,0.));
#18288=DIRECTION('',(0.,0.,-1.));
#18289=DIRECTION('',(0.,0.,-1.));
#18290=DIRECTION('',(0.,0.,-1.));
#18291=DIRECTION('',(-1.,0.,0.));
#18292=DIRECTION('',(0.,0.,-1.));
#18293=DIRECTION('',(-1.,0.,0.));
#18294=DIRECTION('',(0.,0.,1.));
#18295=DIRECTION('',(0.,0.,-1.));
#18296=DIRECTION('',(0.,-1.,0.));
#18297=DIRECTION('',(0.,0.,-1.));
#18298=DIRECTION('',(0.,0.,-1.));
#18299=DIRECTION('',(0.,0.,-1.));
#18300=DIRECTION('',(-1.,0.,0.));
#18301=DIRECTION('',(-1.,0.,0.));
#18302=DIRECTION('',(0.,0.,1.));
#18303=DIRECTION('',(0.,0.,-1.));
#18304=DIRECTION('',(0.,0.,-1.));
#18305=DIRECTION('',(-1.,0.,0.));
#18306=DIRECTION('',(0.,0.,-1.));
#18307=DIRECTION('',(1.,0.,0.));
#18308=DIRECTION('',(0.,0.,-1.));
#18309=DIRECTION('',(0.,0.,-1.));
#18310=DIRECTION('',(0.,-1.,0.));
#18311=DIRECTION('',(0.,0.,-1.));
#18312=DIRECTION('',(0.,0.,-1.));
#18313=DIRECTION('',(0.,0.,-1.));
#18314=DIRECTION('',(-1.,0.,0.));
#18315=DIRECTION('',(0.,0.,-1.));
#18316=DIRECTION('',(0.707106970236332,0.707106592136712,0.));
#18317=DIRECTION('',(0.,0.,-1.));
#18318=DIRECTION('',(0.707106874318802,-0.707106688054281,0.));
#18319=DIRECTION('',(0.707106688054281,0.707106874318802,0.));
#18320=DIRECTION('',(0.,0.,-1.));
#18321=DIRECTION('',(0.,0.,-1.));
#18322=DIRECTION('',(-1.,0.,0.));
#18323=DIRECTION('',(0.,0.,-1.));
#18324=DIRECTION('',(0.707106955084349,-0.707106607288704,0.));
#18325=DIRECTION('',(0.,0.,-1.));
#18326=DIRECTION('',(-0.70710696745102,-0.707106594922027,0.));
#18327=DIRECTION('',(0.707106594922027,-0.70710696745102,0.));
#18328=DIRECTION('',(0.,0.,-1.));
#18329=DIRECTION('',(0.,0.,-1.));
#18330=DIRECTION('',(-1.,0.,0.));
#18331=DIRECTION('',(0.,1.,0.));
#18332=DIRECTION('',(0.,0.,1.));
#18333=DIRECTION('',(0.,0.,-1.));
#18334=DIRECTION('',(0.,0.,-1.));
#18335=DIRECTION('',(0.999999999999989,-1.49011706407013E-7,0.));
#18336=DIRECTION('',(0.,0.,-1.));
#18337=DIRECTION('',(0.,-1.,0.));
#18338=DIRECTION('',(0.,0.,-1.));
#18339=DIRECTION('',(0.,0.,-1.));
#18340=DIRECTION('',(0.,0.,-1.));
#18341=DIRECTION('',(-1.,0.,0.));
#18342=DIRECTION('',(0.,0.,-1.));
#18343=DIRECTION('',(-1.,0.,0.));
#18344=DIRECTION('',(0.,0.,1.));
#18345=DIRECTION('',(0.,0.,-1.));
#18346=DIRECTION('',(0.,0.,-1.));
#18347=DIRECTION('',(-1.,0.,0.));
#18348=DIRECTION('',(0.,0.,-1.));
#18349=DIRECTION('',(1.,0.,0.));
#18350=DIRECTION('',(0.,0.,-1.));
#18351=DIRECTION('',(0.,0.,-1.));
#18352=DIRECTION('',(0.999999999999986,1.68879665929717E-7,0.));
#18353=DIRECTION('',(0.,0.,-1.));
#18354=DIRECTION('',(0.,-1.,0.));
#18355=DIRECTION('',(0.,0.,-1.));
#18356=DIRECTION('',(0.,0.,-1.));
#18357=DIRECTION('',(-1.,0.,0.));
#18358=DIRECTION('',(0.,0.,1.));
#18359=DIRECTION('',(0.,0.,-1.));
#18360=DIRECTION('',(0.,0.,-1.));
#18361=DIRECTION('',(-1.,0.,0.));
#18362=DIRECTION('',(0.,0.,-1.));
#18363=DIRECTION('',(1.,0.,0.));
#18364=DIRECTION('',(0.,0.,-1.));
#18365=DIRECTION('',(0.,0.,-1.));
#18366=DIRECTION('',(0.,-1.,0.));
#18367=DIRECTION('',(0.,0.,-1.));
#18368=DIRECTION('',(0.,0.,-1.));
#18369=DIRECTION('',(-1.,0.,0.));
#18370=DIRECTION('',(0.,0.,1.));
#18371=DIRECTION('',(0.,0.,-1.));
#18372=DIRECTION('',(0.,0.,-1.));
#18373=DIRECTION('',(-1.,0.,0.));
#18374=DIRECTION('',(0.,0.,-1.));
#18375=DIRECTION('',(1.,0.,0.));
#18376=DIRECTION('',(0.,0.,-1.));
#18377=DIRECTION('',(-1.,0.,0.));
#18378=DIRECTION('',(0.,0.,1.));
#18379=DIRECTION('',(0.,0.,-1.));
#18380=DIRECTION('',(0.,1.,0.));
#18381=DIRECTION('',(0.,0.,1.));
#18382=DIRECTION('',(0.,0.,-1.));
#18383=DIRECTION('',(0.,0.,-1.));
#18384=DIRECTION('',(0.999999999999986,1.68879464757305E-7,0.));
#18385=DIRECTION('',(0.,0.,-1.));
#18386=DIRECTION('',(0.,-1.,0.));
#18387=DIRECTION('',(0.,0.,-1.));
#18388=DIRECTION('',(0.,0.,-1.));
#18389=DIRECTION('',(1.,0.,0.));
#18390=DIRECTION('',(0.,0.,-1.));
#18391=DIRECTION('',(-1.,0.,0.));
#18392=DIRECTION('',(0.,0.,1.));
#18393=DIRECTION('',(0.,0.,-1.));
#18394=DIRECTION('',(0.,0.,-1.));
#18395=DIRECTION('',(-1.,0.,0.));
#18396=DIRECTION('',(0.,0.,-1.));
#18397=DIRECTION('',(0.,1.,0.));
#18398=DIRECTION('',(0.,0.,1.));
#18399=DIRECTION('',(0.,0.,-1.));
#18400=DIRECTION('',(0.,0.,-1.));
#18401=DIRECTION('',(0.999999999999989,-1.49012203786928E-7,0.));
#18402=DIRECTION('',(0.,0.,-1.));
#18403=DIRECTION('',(0.,-1.,0.));
#18404=DIRECTION('',(0.,0.,-1.));
#18405=DIRECTION('',(0.,0.,-1.));
#18406=DIRECTION('',(0.,0.,-1.));
#18407=DIRECTION('',(-1.,0.,0.));
#18408=DIRECTION('',(0.,0.,-1.));
#18409=DIRECTION('',(1.,0.,0.));
#18410=DIRECTION('',(0.,0.,-1.));
#18411=DIRECTION('',(-1.,0.,0.));
#18412=DIRECTION('',(0.,0.,1.));
#18413=DIRECTION('',(0.,0.,-1.));
#18414=DIRECTION('',(0.,0.,-1.));
#18415=DIRECTION('',(-4.67909214916998E-13,1.,0.));
#18416=DIRECTION('',(0.,0.,-1.));
#18417=DIRECTION('',(1.,0.,0.));
#18418=DIRECTION('',(0.,0.,-1.));
#18419=DIRECTION('',(-1.,0.,0.));
#18420=DIRECTION('',(0.,0.,1.));
#18421=DIRECTION('',(0.,0.,-1.));
#18422=DIRECTION('',(0.,0.,-1.));
#18423=DIRECTION('',(-1.,0.,0.));
#18424=DIRECTION('',(0.,0.,-1.));
#18425=DIRECTION('',(1.,0.,0.));
#18426=DIRECTION('',(0.,0.,-1.));
#18427=CARTESIAN_POINT('',(0.,0.,0.));
#18428=CARTESIAN_POINT('',(0.166994206363149,0.0587362706436339,0.));
#18429=CARTESIAN_POINT('',(0.261994206363149,0.140791998733635,0.));
#18430=CARTESIAN_POINT('',(0.263494206363149,0.140791998733635,0.));
#18431=CARTESIAN_POINT('',(0.261994206363149,0.0959704060471869,0.));
#18432=CARTESIAN_POINT('',(0.263494206363149,0.0959704060471869,0.));
#18433=CARTESIAN_POINT('',(0.257994206363149,0.0507968189638525,0.));
#18434=CARTESIAN_POINT('',(0.259594206363149,0.0507968189638525,0.));
#18435=CARTESIAN_POINT('',(0.250994206363149,0.0327919987336347,0.));
#18436=CARTESIAN_POINT('',(0.249494206363149,0.0327919987336347,0.));
#18437=CARTESIAN_POINT('',(0.249994206363149,0.177291998733635,0.));
#18438=CARTESIAN_POINT('',(0.251494206363149,0.177291998733635,0.));
#18439=CARTESIAN_POINT('',(0.249994206363149,0.0594704060471867,0.));
#18440=CARTESIAN_POINT('',(0.251494206363149,0.0594704060471867,0.));
#18441=CARTESIAN_POINT('',(0.244994206363149,0.140791998733635,0.));
#18442=CARTESIAN_POINT('',(0.246494206363149,0.140791998733635,0.));
#18443=CARTESIAN_POINT('',(0.244994206363149,0.0959704060471868,0.));
#18444=CARTESIAN_POINT('',(0.246494206363149,0.0959704060471868,0.));
#18445=CARTESIAN_POINT('',(0.243994206363149,0.177291998733635,0.));
#18446=CARTESIAN_POINT('',(0.245494206363149,0.177291998733635,0.));
#18447=CARTESIAN_POINT('',(0.243994206363149,0.0594704060471867,0.));
#18448=CARTESIAN_POINT('',(0.245494206363149,0.0594704060471867,0.));
#18449=CARTESIAN_POINT('',(0.237994206363149,0.177291998733635,0.));
#18450=CARTESIAN_POINT('',(0.239494206363149,0.177291998733635,0.));
#18451=CARTESIAN_POINT('',(0.237994206363149,0.0594704060471866,0.));
#18452=CARTESIAN_POINT('',(0.239494206363149,0.0594704060471866,0.));
#18453=CARTESIAN_POINT('',(0.227994206363149,0.140791998733635,0.));
#18454=CARTESIAN_POINT('',(0.229494206363149,0.140791998733635,0.));
#18455=CARTESIAN_POINT('',(0.227994206363149,0.0959704060471867,0.));
#18456=CARTESIAN_POINT('',(0.229494206363149,0.0959704060471867,0.));
#18457=CARTESIAN_POINT('',(0.184994206363149,0.0327919987336347,0.));
#18458=CARTESIAN_POINT('',(0.183494206363149,0.0327919987336347,0.));
#18459=CARTESIAN_POINT('',(0.173994206363149,0.0959704060471868,0.));
#18460=CARTESIAN_POINT('',(0.175494206363149,0.0959704060471868,0.));
#18461=CARTESIAN_POINT('',(0.173994206363149,0.140791998733635,0.));
#18462=CARTESIAN_POINT('',(0.175494206363149,0.140791998733635,0.));
#18463=CARTESIAN_POINT('',(0.177994206363149,0.0507968189638525,0.));
#18464=CARTESIAN_POINT('',(0.179594206363149,0.0507968189638525,0.));
#18465=CARTESIAN_POINT('',(0.178994206363149,0.172791998733635,0.));
#18466=CARTESIAN_POINT('',(0.177494206363149,0.172791998733635,0.));
#18467=CARTESIAN_POINT('',(0.185994206363149,0.0594704060471867,0.));
#18468=CARTESIAN_POINT('',(0.187494206363149,0.0594704060471867,0.));
#18469=CARTESIAN_POINT('',(0.185994206363149,0.177291998733635,0.));
#18470=CARTESIAN_POINT('',(0.187494206363149,0.177291998733635,0.));
#18471=CARTESIAN_POINT('',(0.190994206363149,0.0959704060471867,0.));
#18472=CARTESIAN_POINT('',(0.192494206363149,0.0959704060471867,0.));
#18473=CARTESIAN_POINT('',(0.190994206363149,0.140791998733635,0.));
#18474=CARTESIAN_POINT('',(0.192494206363149,0.140791998733635,0.));
#18475=CARTESIAN_POINT('',(0.191994206363149,0.0594704060471867,0.));
#18476=CARTESIAN_POINT('',(0.193494206363149,0.0594704060471867,0.));
#18477=CARTESIAN_POINT('',(0.191994206363149,0.177291998733635,0.));
#18478=CARTESIAN_POINT('',(0.193494206363149,0.177291998733635,0.));
#18479=CARTESIAN_POINT('',(0.197994206363149,0.0594704060471866,0.));
#18480=CARTESIAN_POINT('',(0.199494206363149,0.0594704060471866,0.));
#18481=CARTESIAN_POINT('',(0.197994206363149,0.177291998733635,0.));
#18482=CARTESIAN_POINT('',(0.199494206363149,0.177291998733635,0.));
#18483=CARTESIAN_POINT('',(0.207994206363149,0.0959704060471866,0.));
#18484=CARTESIAN_POINT('',(0.209494206363149,0.0959704060471866,0.));
#18485=CARTESIAN_POINT('',(0.207994206363149,0.140791998733635,0.));
#18486=CARTESIAN_POINT('',(0.209494206363149,0.140791998733635,0.));
#18487=CARTESIAN_POINT('',(0.217994206363149,0.0849704060471866,0.));
#18488=CARTESIAN_POINT('',(0.220994206363149,0.0849704060471866,0.));
#18489=CARTESIAN_POINT('',(0.217994206363149,0.151791998733635,0.));
#18490=CARTESIAN_POINT('',(0.220994206363149,0.151791998733635,0.));
#18491=CARTESIAN_POINT('',(0.217994206363149,0.168291998733635,0.));
#18492=CARTESIAN_POINT('',(0.220994206363149,0.168291998733635,0.));
#18493=CARTESIAN_POINT('',(0.217994206363149,0.186291998733635,0.));
#18494=CARTESIAN_POINT('',(0.220994206363149,0.186291998733635,0.));
#18495=CARTESIAN_POINT('',(0.217994206363149,0.114796901165671,0.));
#18496=CARTESIAN_POINT('',(0.219494206363149,0.114796901165671,0.));
#18497=CARTESIAN_POINT('',(0.217994206363149,0.197791998733635,0.));
#18498=CARTESIAN_POINT('',(0.216494206363149,0.197791998733635,0.));
#18499=CARTESIAN_POINT('',(0.256994206363149,0.172791998733635,0.));
#18500=CARTESIAN_POINT('',(0.255494206363149,0.172791998733635,0.));
#18501=CARTESIAN_POINT('',(0.165994205290265,0.174791998707558,0.));
#18502=CARTESIAN_POINT('',(0.165994205826462,0.174791998707558,0.));
#18503=CARTESIAN_POINT('',(0.165994205826462,0.164791998465414,0.));
#18504=CARTESIAN_POINT('',(0.167494206363149,0.164791998733635,0.));
#18505=CARTESIAN_POINT('',(0.168994207003606,0.164791998733635,0.));
#18506=CARTESIAN_POINT('',(0.168994207644649,0.164791998465414,0.));
#18507=CARTESIAN_POINT('',(0.168994207004192,0.174791998707558,0.));
#18508=CARTESIAN_POINT('',(0.167494206363149,0.174791998733635,0.));
#18509=CARTESIAN_POINT('',(0.166994207316823,0.0719704041377256,0.));
#18510=CARTESIAN_POINT('',(0.166994206840205,0.0719704041377239,0.));
#18511=CARTESIAN_POINT('',(0.166994206840204,0.0619704062238884,0.));
#18512=CARTESIAN_POINT('',(0.168494206363149,0.0619704060471866,0.));
#18513=CARTESIAN_POINT('',(0.169994206154819,0.0619704060471866,0.));
#18514=CARTESIAN_POINT('',(0.169994205945916,0.0619704062238882,0.));
#18515=CARTESIAN_POINT('',(0.169994206154246,0.0719704041377249,0.));
#18516=CARTESIAN_POINT('',(0.168494206363149,0.0719704060471866,0.));
#18517=CARTESIAN_POINT('',(0.166994207316823,0.0999704087272832,0.));
#18518=CARTESIAN_POINT('',(0.166994206840205,0.0999704087272844,0.));
#18519=CARTESIAN_POINT('',(0.166994206840204,0.0944704050317944,0.));
#18520=CARTESIAN_POINT('',(0.168494206363149,0.0944704060471869,0.));
#18521=CARTESIAN_POINT('',(0.169994206154819,0.0944704060471869,0.));
#18522=CARTESIAN_POINT('',(0.169994205945916,0.0944704050317953,0.));
#18523=CARTESIAN_POINT('',(0.169994206154246,0.0989704067007249,0.));
#18524=CARTESIAN_POINT('',(0.170994206363149,0.0989704060471868,0.));
#18525=CARTESIAN_POINT('',(0.170994206363149,0.0999704073870308,0.));
#18526=CARTESIAN_POINT('',(0.170994207972474,0.0999704087272832,0.));
#18527=CARTESIAN_POINT('',(0.175494205916113,0.0999704073874394,0.));
#18528=CARTESIAN_POINT('',(0.175494206363149,0.101470406047187,0.));
#18529=CARTESIAN_POINT('',(0.175494206363149,0.102970406701482,0.));
#18530=CARTESIAN_POINT('',(0.175494205916114,0.102970407356376,0.));
#18531=CARTESIAN_POINT('',(0.169994205945916,0.102970406702081,0.));
#18532=CARTESIAN_POINT('',(0.169994206363149,0.0999704060471869,0.));
#18533=CARTESIAN_POINT('',(0.166994207316823,0.116881203849668,0.));
#18534=CARTESIAN_POINT('',(0.166994207316823,0.116881203849668,0.));
#18535=CARTESIAN_POINT('',(0.166994206840204,0.11252025609171,0.));
#18536=CARTESIAN_POINT('',(0.168494206363149,0.112520254794987,0.));
#18537=CARTESIAN_POINT('',(0.169994206154819,0.112520254794987,0.));
#18538=CARTESIAN_POINT('',(0.169994205945916,0.112520256091709,0.));
#18539=CARTESIAN_POINT('',(0.169994205945916,0.113881201495285,0.));
#18540=CARTESIAN_POINT('',(0.169994205945916,0.113881201495285,0.));
#18541=CARTESIAN_POINT('',(0.186994206869788,0.113881201942643,0.));
#18542=CARTESIAN_POINT('',(0.186994206363149,0.115381202390411,0.));
#18543=CARTESIAN_POINT('',(0.186994206363149,0.116881203119706,0.));
#18544=CARTESIAN_POINT('',(0.186994206869788,0.116881203849668,0.));
#18545=CARTESIAN_POINT('',(0.166994207316823,0.124242150236721,0.));
#18546=CARTESIAN_POINT('',(0.166994206840204,0.124242150236721,0.));
#18547=CARTESIAN_POINT('',(0.166994207316823,0.119881202478761,0.));
#18548=CARTESIAN_POINT('',(0.166994207316823,0.119881202478761,0.));
#18549=CARTESIAN_POINT('',(0.186994206869788,0.119881202434768,0.));
#18550=CARTESIAN_POINT('',(0.186994206363149,0.121381202390411,0.));
#18551=CARTESIAN_POINT('',(0.186994206363149,0.122881201749426,0.));
#18552=CARTESIAN_POINT('',(0.186994206869788,0.122881201107855,0.));
#18553=CARTESIAN_POINT('',(0.179594204539247,0.122881201107855,0.));
#18554=CARTESIAN_POINT('',(0.179594204539247,0.122881201107855,0.));
#18555=CARTESIAN_POINT('',(0.179594205450781,0.124881201435678,0.));
#18556=CARTESIAN_POINT('',(0.177994206363149,0.124881202390411,0.));
#18557=CARTESIAN_POINT('',(0.176394206306758,0.124881202390411,0.));
#18558=CARTESIAN_POINT('',(0.1763942062499,0.12488120143568,0.));
#18559=CARTESIAN_POINT('',(0.1763942062499,0.122881201107855,0.));
#18560=CARTESIAN_POINT('',(0.1763942062499,0.122881201107855,0.));
#18561=CARTESIAN_POINT('',(0.169994205945916,0.122881201107855,0.));
#18562=CARTESIAN_POINT('',(0.169994205945916,0.122881201107855,0.));
#18563=CARTESIAN_POINT('',(0.169994206154246,0.124242150236721,0.));
#18564=CARTESIAN_POINT('',(0.168494206363149,0.124242149985835,0.));
#18565=CARTESIAN_POINT('',(0.166994207316823,0.142291997571344,0.));
#18566=CARTESIAN_POINT('',(0.166994206840204,0.142291997571343,0.));
#18567=CARTESIAN_POINT('',(0.166994206840204,0.136791997601146,0.));
#18568=CARTESIAN_POINT('',(0.169994206363149,0.136791998733634,0.));
#18569=CARTESIAN_POINT('',(0.169994206363149,0.133791998852353,0.));
#18570=CARTESIAN_POINT('',(0.169994205945916,0.133791998972053,0.));
#18571=CARTESIAN_POINT('',(0.175494205916114,0.133791998853334,0.));
#18572=CARTESIAN_POINT('',(0.175494206363149,0.135291998733634,0.));
#18573=CARTESIAN_POINT('',(0.175494206363149,0.136791998167649,0.));
#18574=CARTESIAN_POINT('',(0.175494205916114,0.136791997601147,0.));
#18575=CARTESIAN_POINT('',(0.170994207972472,0.136791998167132,0.));
#18576=CARTESIAN_POINT('',(0.170994206363149,0.137791998733634,0.));
#18577=CARTESIAN_POINT('',(0.169994206154819,0.137791998733634,0.));
#18578=CARTESIAN_POINT('',(0.169994205945916,0.137791999627704,0.));
#18579=CARTESIAN_POINT('',(0.169994206154246,0.142291997571344,0.));
#18580=CARTESIAN_POINT('',(0.168494206363149,0.142291998733635,0.));
#18581=CARTESIAN_POINT('',(0.168458672457216,0.0845059399531193,0.));
#18582=CARTESIAN_POINT('',(0.169519333341772,0.0855666008376741,0.));
#18583=CARTESIAN_POINT('',(0.167398013173018,0.0834452806689201,0.));
#18584=CARTESIAN_POINT('',(0.167398013884015,0.0834452817336271,0.));
#18585=CARTESIAN_POINT('',(0.174469080575209,0.0763742114039953,0.));
#18586=CARTESIAN_POINT('',(0.175529740269081,0.0774348721412538,0.));
#18587=CARTESIAN_POINT('',(0.176590400222939,0.0784955320951123,0.));
#18588=CARTESIAN_POINT('',(0.176590398663468,0.0784955332175443,0.));
#18589=CARTESIAN_POINT('',(0.168458672457216,0.152256464827702,0.));
#18590=CARTESIAN_POINT('',(0.167398012786022,0.153317124498897,0.));
#18591=CARTESIAN_POINT('',(0.169519332489726,0.151195804795192,0.));
#18592=CARTESIAN_POINT('',(0.1695193320157,0.151195804600472,0.));
#18593=CARTESIAN_POINT('',(0.176590399268313,0.158266872506038,0.));
#18594=CARTESIAN_POINT('',(0.175529740269081,0.159327532639567,0.));
#18595=CARTESIAN_POINT('',(0.17446908013231,0.160388192776339,0.));
#18596=CARTESIAN_POINT('',(0.174469080531783,0.160388193105216,0.));
#18597=CARTESIAN_POINT('',(0.168494206363149,0.107470406047187,0.));
#18598=CARTESIAN_POINT('',(0.168494206363149,0.108970405331203,0.));
#18599=CARTESIAN_POINT('',(0.168494206363149,0.105970406016709,0.));
#18600=CARTESIAN_POINT('',(0.16849420663137,0.10597040598547,0.));
#18601=CARTESIAN_POINT('',(0.188494206184335,0.10597040598547,0.));
#18602=CARTESIAN_POINT('',(0.188494206184335,0.10597040598547,0.));
#18603=CARTESIAN_POINT('',(0.188494206273374,0.1104704076544,0.));
#18604=CARTESIAN_POINT('',(0.186994206363149,0.110470406047187,0.));
#18605=CARTESIAN_POINT('',(0.185494206958923,0.110470406047187,0.));
#18606=CARTESIAN_POINT('',(0.185494207555242,0.1104704076544,0.));
#18607=CARTESIAN_POINT('',(0.185494207555242,0.108970404614563,0.));
#18608=CARTESIAN_POINT('',(0.185494207555242,0.108970404614563,0.));
#18609=CARTESIAN_POINT('',(0.168494206363149,0.129291998733634,0.));
#18610=CARTESIAN_POINT('',(0.168494206363149,0.130791999537929,0.));
#18611=CARTESIAN_POINT('',(0.168494206363149,0.127791998361276,0.));
#18612=CARTESIAN_POINT('',(0.16849420663137,0.127791997988577,0.));
#18613=CARTESIAN_POINT('',(0.185494207555242,0.127791997988577,0.));
#18614=CARTESIAN_POINT('',(0.185494207555242,0.127791997988577,0.));
#18615=CARTESIAN_POINT('',(0.185494206959468,0.12629199867403,0.));
#18616=CARTESIAN_POINT('',(0.186994206363149,0.126291998733634,0.));
#18617=CARTESIAN_POINT('',(0.18849420627411,0.126291998733634,0.));
#18618=CARTESIAN_POINT('',(0.188494206184335,0.12629199867403,0.));
#18619=CARTESIAN_POINT('',(0.188494206184335,0.13079200034296,0.));
#18620=CARTESIAN_POINT('',(0.188494206184335,0.13079200034296,0.));
#18621=CARTESIAN_POINT('',(0.171994206273742,0.174791998707558,0.));
#18622=CARTESIAN_POINT('',(0.171994206318262,0.174791998707558,0.));
#18623=CARTESIAN_POINT('',(0.171994206318262,0.164791998465414,0.));
#18624=CARTESIAN_POINT('',(0.173494206363149,0.164791998733635,0.));
#18625=CARTESIAN_POINT('',(0.174994205633326,0.164791998733635,0.));
#18626=CARTESIAN_POINT('',(0.174994204902835,0.164791998465414,0.));
#18627=CARTESIAN_POINT('',(0.174994205632658,0.174791998707558,0.));
#18628=CARTESIAN_POINT('',(0.173494206363149,0.174791998733635,0.));
#18629=CARTESIAN_POINT('',(0.172494206363149,0.0904704060471869,0.));
#18630=CARTESIAN_POINT('',(0.172494206363149,0.0919704067312711,0.));
#18631=CARTESIAN_POINT('',(0.172494206363149,0.0889704074168286,0.));
#18632=CARTESIAN_POINT('',(0.172494207287021,0.0889704087868879,0.));
#18633=CARTESIAN_POINT('',(0.177994207257219,0.0889704074172462,0.));
#18634=CARTESIAN_POINT('',(0.177994206363149,0.0919704060471869,0.));
#18635=CARTESIAN_POINT('',(0.180994206125058,0.0919704060471869,0.));
#18636=CARTESIAN_POINT('',(0.180994205886312,0.0919704074159811,0.));
#18637=CARTESIAN_POINT('',(0.180994206124403,0.0974704036608874,0.));
#18638=CARTESIAN_POINT('',(0.179494206363149,0.0974704060471868,0.));
#18639=CARTESIAN_POINT('',(0.177994206809979,0.0974704060471868,0.));
#18640=CARTESIAN_POINT('',(0.177994207257218,0.0974704036608884,0.));
#18641=CARTESIAN_POINT('',(0.177994206810385,0.0929704094425347,0.));
#18642=CARTESIAN_POINT('',(0.176994206363149,0.0929704060471869,0.));
#18643=CARTESIAN_POINT('',(0.176994206363149,0.0919704067312711,0.));
#18644=CARTESIAN_POINT('',(0.17699420523066,0.0919704074159811,0.));
#18645=CARTESIAN_POINT('',(0.172494206363149,0.146291998733635,0.));
#18646=CARTESIAN_POINT('',(0.172494206363149,0.147791999068451,0.));
#18647=CARTESIAN_POINT('',(0.172494206363149,0.144791998822674,0.));
#18648=CARTESIAN_POINT('',(0.172494207287021,0.144791998912449,0.));
#18649=CARTESIAN_POINT('',(0.17699420523066,0.144791998823409,0.));
#18650=CARTESIAN_POINT('',(0.176994206363149,0.143791998733634,0.));
#18651=CARTESIAN_POINT('',(0.177994206809979,0.143791998733634,0.));
#18652=CARTESIAN_POINT('',(0.177994207257218,0.143791996885891,0.));
#18653=CARTESIAN_POINT('',(0.177994206810388,0.139291998942251,0.));
#18654=CARTESIAN_POINT('',(0.179494206363149,0.139291998733635,0.));
#18655=CARTESIAN_POINT('',(0.180994206125058,0.139291998733635,0.));
#18656=CARTESIAN_POINT('',(0.180994205886312,0.139291998942251,0.));
#18657=CARTESIAN_POINT('',(0.180994206124404,0.144791998912449,0.));
#18658=CARTESIAN_POINT('',(0.177994206363149,0.144791998733635,0.));
#18659=CARTESIAN_POINT('',(0.177994206363149,0.147791999068451,0.));
#18660=CARTESIAN_POINT('',(0.177994207257218,0.147791999404187,0.));
#18661=CARTESIAN_POINT('',(0.172994204575009,0.0719704041377256,0.));
#18662=CARTESIAN_POINT('',(0.172994205468671,0.0719704041377288,0.));
#18663=CARTESIAN_POINT('',(0.17299420546867,0.0619704062238879,0.));
#18664=CARTESIAN_POINT('',(0.174494206363149,0.0619704060471866,0.));
#18665=CARTESIAN_POINT('',(0.175994206645883,0.0619704060471866,0.));
#18666=CARTESIAN_POINT('',(0.175994206929393,0.0619704062238882,0.));
#18667=CARTESIAN_POINT('',(0.175994206646659,0.0719704041377265,0.));
#18668=CARTESIAN_POINT('',(0.174494206363149,0.0719704060471866,0.));
#18669=CARTESIAN_POINT('',(0.1763942062499,0.184791998949702,0.));
#18670=CARTESIAN_POINT('',(0.176394206306291,0.184791998949702,0.));
#18671=CARTESIAN_POINT('',(0.176394206306291,0.178791998781132,0.));
#18672=CARTESIAN_POINT('',(0.177994206363149,0.178791998733635,0.));
#18673=CARTESIAN_POINT('',(0.179594205451615,0.178791998733635,0.));
#18674=CARTESIAN_POINT('',(0.179594204539247,0.178791998781132,0.));
#18675=CARTESIAN_POINT('',(0.179594205450781,0.184791998949702,0.));
#18676=CARTESIAN_POINT('',(0.177994206363149,0.184791998733635,0.));
#18677=CARTESIAN_POINT('',(0.178458672457216,0.0845059399531193,0.));
#18678=CARTESIAN_POINT('',(0.179519333751709,0.0855666012476107,0.));
#18679=CARTESIAN_POINT('',(0.177398012651445,0.0834452801473478,0.));
#18680=CARTESIAN_POINT('',(0.177398011797853,0.0834452817336271,0.));
#18681=CARTESIAN_POINT('',(0.18446907901051,0.0763742119254563,0.));
#18682=CARTESIAN_POINT('',(0.185529740269081,0.0774348721412538,0.));
#18683=CARTESIAN_POINT('',(0.18659040063216,0.078495532504332,0.));
#18684=CARTESIAN_POINT('',(0.186590400302596,0.0784955332175443,0.));
#18685=CARTESIAN_POINT('',(0.178458672457216,0.152256464827702,0.));
#18686=CARTESIAN_POINT('',(0.177398012264966,0.153317125019952,0.));
#18687=CARTESIAN_POINT('',(0.179519332899193,0.151195804385725,0.));
#18688=CARTESIAN_POINT('',(0.179519333654828,0.151195804600472,0.));
#18689=CARTESIAN_POINT('',(0.186590400497669,0.158266872915812,0.));
#18690=CARTESIAN_POINT('',(0.185529740269081,0.159327532639567,0.));
#18691=CARTESIAN_POINT('',(0.184469079611137,0.160388193297512,0.));
#18692=CARTESIAN_POINT('',(0.184469078445621,0.160388193105216,0.));
#18693=CARTESIAN_POINT('',(0.183994204515405,0.0999704087272832,0.));
#18694=CARTESIAN_POINT('',(0.183994205438855,0.0999704087272808,0.));
#18695=CARTESIAN_POINT('',(0.183994205438855,0.0944704050317971,0.));
#18696=CARTESIAN_POINT('',(0.185494206363149,0.0944704060471867,0.));
#18697=CARTESIAN_POINT('',(0.186994206616121,0.0944704060471867,0.));
#18698=CARTESIAN_POINT('',(0.186994206869788,0.0944704050317953,0.));
#18699=CARTESIAN_POINT('',(0.186994206616816,0.0989704067007258,0.));
#18700=CARTESIAN_POINT('',(0.187994206363149,0.0989704060471867,0.));
#18701=CARTESIAN_POINT('',(0.187994206363149,0.0999704073870307,0.));
#18702=CARTESIAN_POINT('',(0.187994207033701,0.0999704087272832,0.));
#18703=CARTESIAN_POINT('',(0.192494206839987,0.0999704073874394,0.));
#18704=CARTESIAN_POINT('',(0.192494206363149,0.101470406047187,0.));
#18705=CARTESIAN_POINT('',(0.192494206363149,0.102970406701482,0.));
#18706=CARTESIAN_POINT('',(0.192494206839986,0.102970407356376,0.));
#18707=CARTESIAN_POINT('',(0.186994206869788,0.102970406702081,0.));
#18708=CARTESIAN_POINT('',(0.186994206363149,0.0999704060471867,0.));
#18709=CARTESIAN_POINT('',(0.183994204515405,0.142291997571344,0.));
#18710=CARTESIAN_POINT('',(0.183994205438855,0.142291997571346,0.));
#18711=CARTESIAN_POINT('',(0.183994205438855,0.136791997601148,0.));
#18712=CARTESIAN_POINT('',(0.186994206363149,0.136791998733635,0.));
#18713=CARTESIAN_POINT('',(0.186994206363149,0.133791998852353,0.));
#18714=CARTESIAN_POINT('',(0.186994206869788,0.133791998972053,0.));
#18715=CARTESIAN_POINT('',(0.192494206839986,0.133791998853335,0.));
#18716=CARTESIAN_POINT('',(0.192494206363149,0.135291998733635,0.));
#18717=CARTESIAN_POINT('',(0.192494206363149,0.13679199816765,0.));
#18718=CARTESIAN_POINT('',(0.192494206839986,0.136791997601147,0.));
#18719=CARTESIAN_POINT('',(0.1879942070337,0.136791998167132,0.));
#18720=CARTESIAN_POINT('',(0.187994206363149,0.137791998733635,0.));
#18721=CARTESIAN_POINT('',(0.186994206616121,0.137791998733635,0.));
#18722=CARTESIAN_POINT('',(0.186994206869788,0.137791999627704,0.));
#18723=CARTESIAN_POINT('',(0.186994206616816,0.142291997571345,0.));
#18724=CARTESIAN_POINT('',(0.185494206363149,0.142291998733635,0.));
#18725=CARTESIAN_POINT('',(0.184494205528684,0.0544704059258649,0.));
#18726=CARTESIAN_POINT('',(0.184494205945726,0.054470405925865,0.));
#18727=CARTESIAN_POINT('',(0.184494205945726,0.0474704066411202,0.));
#18728=CARTESIAN_POINT('',(0.185994206363149,0.0474704060471867,0.));
#18729=CARTESIAN_POINT('',(0.187494206192021,0.0474704060471867,0.));
#18730=CARTESIAN_POINT('',(0.187494206020422,0.0474704066411207,0.));
#18731=CARTESIAN_POINT('',(0.18749420619155,0.0544704059258649,0.));
#18732=CARTESIAN_POINT('',(0.185994206363149,0.0544704060471867,0.));
#18733=CARTESIAN_POINT('',(0.184494205528684,0.0714704031244466,0.));
#18734=CARTESIAN_POINT('',(0.184494205945727,0.0714704031244489,0.));
#18735=CARTESIAN_POINT('',(0.184494205945727,0.0644704038397041,0.));
#18736=CARTESIAN_POINT('',(0.185994206363149,0.0644704060471867,0.));
#18737=CARTESIAN_POINT('',(0.187494206192021,0.0644704060471867,0.));
#18738=CARTESIAN_POINT('',(0.187494206020422,0.0644704038397024,0.));
#18739=CARTESIAN_POINT('',(0.187494206191549,0.0714704031244458,0.));
#18740=CARTESIAN_POINT('',(0.185994206363149,0.0714704060471867,0.));
#18741=CARTESIAN_POINT('',(0.184494205528684,0.172291998763437,0.));
#18742=CARTESIAN_POINT('',(0.184494205945726,0.172291998763437,0.));
#18743=CARTESIAN_POINT('',(0.184494205945726,0.16529199854737,0.));
#18744=CARTESIAN_POINT('',(0.185994206363149,0.165291998733635,0.));
#18745=CARTESIAN_POINT('',(0.187494206192021,0.165291998733635,0.));
#18746=CARTESIAN_POINT('',(0.187494206020422,0.16529199854737,0.));
#18747=CARTESIAN_POINT('',(0.18749420619155,0.172291998763437,0.));
#18748=CARTESIAN_POINT('',(0.185994206363149,0.172291998733635,0.));
#18749=CARTESIAN_POINT('',(0.184494205528684,0.189291998755986,0.));
#18750=CARTESIAN_POINT('',(0.184494205945726,0.189291998755986,0.));
#18751=CARTESIAN_POINT('',(0.184494205945726,0.18229199853992,0.));
#18752=CARTESIAN_POINT('',(0.185994206363149,0.182291998733635,0.));
#18753=CARTESIAN_POINT('',(0.187494206192021,0.182291998733635,0.));
#18754=CARTESIAN_POINT('',(0.187494206020422,0.18229199853992,0.));
#18755=CARTESIAN_POINT('',(0.18749420619155,0.189291998755986,0.));
#18756=CARTESIAN_POINT('',(0.185994206363149,0.189291998733635,0.));
#18757=CARTESIAN_POINT('',(0.188458672457216,0.0845059399531193,0.));
#18758=CARTESIAN_POINT('',(0.189519333695839,0.08556660119174,0.));
#18759=CARTESIAN_POINT('',(0.187398012595591,0.0834452800914941,0.));
#18760=CARTESIAN_POINT('',(0.187398011574335,0.0834452817336271,0.));
#18761=CARTESIAN_POINT('',(0.194469080239899,0.0763742115157205,0.));
#18762=CARTESIAN_POINT('',(0.195529740269081,0.0774348721412538,0.));
#18763=CARTESIAN_POINT('',(0.196590400576357,0.0784955324485295,0.));
#18764=CARTESIAN_POINT('',(0.196590400079079,0.0784955332175443,0.));
#18765=CARTESIAN_POINT('',(0.188458672457216,0.152256464827702,0.));
#18766=CARTESIAN_POINT('',(0.187398012209146,0.153317125075772,0.));
#18767=CARTESIAN_POINT('',(0.189519332843143,0.151195804441775,0.));
#18768=CARTESIAN_POINT('',(0.189519333431311,0.151195804600472,0.));
#18769=CARTESIAN_POINT('',(0.196590400329954,0.15826687286001,0.));
#18770=CARTESIAN_POINT('',(0.195529740269081,0.159327532639567,0.));
#18771=CARTESIAN_POINT('',(0.194469080021011,0.160388192887638,0.));
#18772=CARTESIAN_POINT('',(0.194469080084748,0.160388193105216,0.));
#18773=CARTESIAN_POINT('',(0.189494206363149,0.0904704060471867,0.));
#18774=CARTESIAN_POINT('',(0.189494206363149,0.091970406731271,0.));
#18775=CARTESIAN_POINT('',(0.189494206363149,0.0889704074168285,0.));
#18776=CARTESIAN_POINT('',(0.189494206348248,0.0889704087868879,0.));
#18777=CARTESIAN_POINT('',(0.194994206318445,0.0889704074172461,0.));
#18778=CARTESIAN_POINT('',(0.194994206363149,0.0919704060471867,0.));
#18779=CARTESIAN_POINT('',(0.19799420658636,0.0919704060471867,0.));
#18780=CARTESIAN_POINT('',(0.197994206810184,0.0919704074159811,0.));
#18781=CARTESIAN_POINT('',(0.197994206586972,0.0974704036608892,0.));
#18782=CARTESIAN_POINT('',(0.196494206363149,0.0974704060471868,0.));
#18783=CARTESIAN_POINT('',(0.194994206341073,0.0974704060471867,0.));
#18784=CARTESIAN_POINT('',(0.194994206318445,0.0974704036608884,0.));
#18785=CARTESIAN_POINT('',(0.194994206340518,0.0929704094425392,0.));
#18786=CARTESIAN_POINT('',(0.193994206363149,0.0929704060471867,0.));
#18787=CARTESIAN_POINT('',(0.193994206363149,0.091970406731271,0.));
#18788=CARTESIAN_POINT('',(0.193994206154532,0.0919704074159811,0.));
#18789=CARTESIAN_POINT('',(0.189494206363149,0.146291998733635,0.));
#18790=CARTESIAN_POINT('',(0.189494206363149,0.147791999068451,0.));
#18791=CARTESIAN_POINT('',(0.189494206363149,0.144791998822674,0.));
#18792=CARTESIAN_POINT('',(0.189494206348248,0.144791998912449,0.));
#18793=CARTESIAN_POINT('',(0.193994206154532,0.14479199882341,0.));
#18794=CARTESIAN_POINT('',(0.193994206363149,0.143791998733635,0.));
#18795=CARTESIAN_POINT('',(0.194994206341073,0.143791998733635,0.));
#18796=CARTESIAN_POINT('',(0.194994206318445,0.143791996885891,0.));
#18797=CARTESIAN_POINT('',(0.194994206340521,0.139291998942251,0.));
#18798=CARTESIAN_POINT('',(0.196494206363149,0.139291998733635,0.));
#18799=CARTESIAN_POINT('',(0.19799420658636,0.139291998733635,0.));
#18800=CARTESIAN_POINT('',(0.197994206810184,0.139291998942251,0.));
#18801=CARTESIAN_POINT('',(0.197994206586973,0.144791998912449,0.));
#18802=CARTESIAN_POINT('',(0.194994206363149,0.144791998733635,0.));
#18803=CARTESIAN_POINT('',(0.194994206363149,0.147791999068451,0.));
#18804=CARTESIAN_POINT('',(0.194994206318445,0.147791999404187,0.));
#18805=CARTESIAN_POINT('',(0.19049420651216,0.0544704059258649,0.));
#18806=CARTESIAN_POINT('',(0.190494206437961,0.0544704059258649,0.));
#18807=CARTESIAN_POINT('',(0.190494206437961,0.0474704066411208,0.));
#18808=CARTESIAN_POINT('',(0.191994206363149,0.0474704060471867,0.));
#18809=CARTESIAN_POINT('',(0.193494206683085,0.0474704060471867,0.));
#18810=CARTESIAN_POINT('',(0.193494207003899,0.0474704066411207,0.));
#18811=CARTESIAN_POINT('',(0.193494206683963,0.0544704059258649,0.));
#18812=CARTESIAN_POINT('',(0.191994206363149,0.0544704060471867,0.));
#18813=CARTESIAN_POINT('',(0.19049420651216,0.0714704031244466,0.));
#18814=CARTESIAN_POINT('',(0.190494206437963,0.0714704031244463,0.));
#18815=CARTESIAN_POINT('',(0.190494206437962,0.0644704038397022,0.));
#18816=CARTESIAN_POINT('',(0.191994206363149,0.0644704060471867,0.));
#18817=CARTESIAN_POINT('',(0.193494206683085,0.0644704060471867,0.));
#18818=CARTESIAN_POINT('',(0.193494207003899,0.0644704038397024,0.));
#18819=CARTESIAN_POINT('',(0.193494206683962,0.0714704031244482,0.));
#18820=CARTESIAN_POINT('',(0.191994206363149,0.0714704060471867,0.));
#18821=CARTESIAN_POINT('',(0.19049420651216,0.172291998763437,0.));
#18822=CARTESIAN_POINT('',(0.190494206437961,0.172291998763437,0.));
#18823=CARTESIAN_POINT('',(0.190494206437961,0.16529199854737,0.));
#18824=CARTESIAN_POINT('',(0.191994206363149,0.165291998733635,0.));
#18825=CARTESIAN_POINT('',(0.193494206683085,0.165291998733635,0.));
#18826=CARTESIAN_POINT('',(0.193494207003899,0.16529199854737,0.));
#18827=CARTESIAN_POINT('',(0.193494206683963,0.172291998763437,0.));
#18828=CARTESIAN_POINT('',(0.191994206363149,0.172291998733635,0.));
#18829=CARTESIAN_POINT('',(0.19049420651216,0.189291998755986,0.));
#18830=CARTESIAN_POINT('',(0.190494206437961,0.189291998755986,0.));
#18831=CARTESIAN_POINT('',(0.190494206437961,0.18229199853992,0.));
#18832=CARTESIAN_POINT('',(0.191994206363149,0.182291998733635,0.));
#18833=CARTESIAN_POINT('',(0.193494206683085,0.182291998733635,0.));
#18834=CARTESIAN_POINT('',(0.193494207003899,0.18229199853992,0.));
#18835=CARTESIAN_POINT('',(0.193494206683963,0.189291998755986,0.));
#18836=CARTESIAN_POINT('',(0.191994206363149,0.189291998733635,0.));
#18837=CARTESIAN_POINT('',(0.191494206676073,0.1104704076544,0.));
#18838=CARTESIAN_POINT('',(0.191494206519826,0.110470407654401,0.));
#18839=CARTESIAN_POINT('',(0.191494206676073,0.10597040598547,0.));
#18840=CARTESIAN_POINT('',(0.191494206676073,0.10597040598547,0.));
#18841=CARTESIAN_POINT('',(0.211494206229038,0.105970406015948,0.));
#18842=CARTESIAN_POINT('',(0.211494206363149,0.107470406047187,0.));
#18843=CARTESIAN_POINT('',(0.211494206363149,0.108970405331203,0.));
#18844=CARTESIAN_POINT('',(0.211494206229038,0.108970404614563,0.));
#18845=CARTESIAN_POINT('',(0.194494207167811,0.108970404614563,0.));
#18846=CARTESIAN_POINT('',(0.194494207167811,0.108970404614563,0.));
#18847=CARTESIAN_POINT('',(0.194494206765664,0.110470407654399,0.));
#18848=CARTESIAN_POINT('',(0.192994206363149,0.110470406047187,0.));
#18849=CARTESIAN_POINT('',(0.191494206676073,0.13079200034296,0.));
#18850=CARTESIAN_POINT('',(0.191494206676073,0.13079200034296,0.));
#18851=CARTESIAN_POINT('',(0.191494206519826,0.12629199867403,0.));
#18852=CARTESIAN_POINT('',(0.192994206363149,0.126291998733634,0.));
#18853=CARTESIAN_POINT('',(0.194494206765296,0.126291998733634,0.));
#18854=CARTESIAN_POINT('',(0.194494207167811,0.12629199867403,0.));
#18855=CARTESIAN_POINT('',(0.194494207167811,0.127791997988577,0.));
#18856=CARTESIAN_POINT('',(0.194494207167811,0.127791997988577,0.));
#18857=CARTESIAN_POINT('',(0.211494206229038,0.127791998360935,0.));
#18858=CARTESIAN_POINT('',(0.211494206363149,0.129291998733634,0.));
#18859=CARTESIAN_POINT('',(0.211494206363149,0.130791999537929,0.));
#18860=CARTESIAN_POINT('',(0.211494206229038,0.13079200034296,0.));
#18861=CARTESIAN_POINT('',(0.192994206363149,0.115381202390411,0.));
#18862=CARTESIAN_POINT('',(0.192994206363149,0.116881203119706,0.));
#18863=CARTESIAN_POINT('',(0.192994206363149,0.113881201943053,0.));
#18864=CARTESIAN_POINT('',(0.19299420599062,0.113881201495285,0.));
#18865=CARTESIAN_POINT('',(0.209994205983169,0.113881201495285,0.));
#18866=CARTESIAN_POINT('',(0.209994205983169,0.113881201495285,0.));
#18867=CARTESIAN_POINT('',(0.209994206172899,0.112520256091709,0.));
#18868=CARTESIAN_POINT('',(0.211494206363149,0.112520254794987,0.));
#18869=CARTESIAN_POINT('',(0.212994206418798,0.112520254794987,0.));
#18870=CARTESIAN_POINT('',(0.212994206474907,0.112520256091709,0.));
#18871=CARTESIAN_POINT('',(0.212994206474907,0.116881203849668,0.));
#18872=CARTESIAN_POINT('',(0.212994206474907,0.116881203849668,0.));
#18873=CARTESIAN_POINT('',(0.192994206363149,0.121381202390411,0.));
#18874=CARTESIAN_POINT('',(0.192994206363149,0.122881201749426,0.));
#18875=CARTESIAN_POINT('',(0.192994206363149,0.119881202434404,0.));
#18876=CARTESIAN_POINT('',(0.19299420599062,0.119881202478761,0.));
#18877=CARTESIAN_POINT('',(0.212994206474907,0.119881202478761,0.));
#18878=CARTESIAN_POINT('',(0.212994206474907,0.119881202478761,0.));
#18879=CARTESIAN_POINT('',(0.212994206419258,0.124242150236721,0.));
#18880=CARTESIAN_POINT('',(0.211494206363149,0.124242149985835,0.));
#18881=CARTESIAN_POINT('',(0.20999420617342,0.124242149985835,0.));
#18882=CARTESIAN_POINT('',(0.209994205983169,0.124242150236721,0.));
#18883=CARTESIAN_POINT('',(0.209994205983169,0.122881201107855,0.));
#18884=CARTESIAN_POINT('',(0.209994205983169,0.122881201107855,0.));
#18885=CARTESIAN_POINT('',(0.196494205632992,0.0544704059258649,0.));
#18886=CARTESIAN_POINT('',(0.196494205997904,0.0544704059258649,0.));
#18887=CARTESIAN_POINT('',(0.196494205997904,0.0474704066411203,0.));
#18888=CARTESIAN_POINT('',(0.197994206363149,0.0474704060471866,0.));
#18889=CARTESIAN_POINT('',(0.19949420624443,0.0474704060471866,0.));
#18890=CARTESIAN_POINT('',(0.19949420612473,0.0474704066411207,0.));
#18891=CARTESIAN_POINT('',(0.199494206243449,0.0544704059258649,0.));
#18892=CARTESIAN_POINT('',(0.197994206363149,0.0544704060471866,0.));
#18893=CARTESIAN_POINT('',(0.196494205632992,0.0714704031244466,0.));
#18894=CARTESIAN_POINT('',(0.196494205997905,0.0714704031244486,0.));
#18895=CARTESIAN_POINT('',(0.196494205997904,0.0644704038397039,0.));
#18896=CARTESIAN_POINT('',(0.197994206363149,0.0644704060471866,0.));
#18897=CARTESIAN_POINT('',(0.19949420624443,0.0644704060471866,0.));
#18898=CARTESIAN_POINT('',(0.19949420612473,0.0644704038397024,0.));
#18899=CARTESIAN_POINT('',(0.199494206243448,0.0714704031244461,0.));
#18900=CARTESIAN_POINT('',(0.197994206363149,0.0714704060471866,0.));
#18901=CARTESIAN_POINT('',(0.196494205632992,0.172291998763437,0.));
#18902=CARTESIAN_POINT('',(0.196494205997904,0.172291998763437,0.));
#18903=CARTESIAN_POINT('',(0.196494205997904,0.16529199854737,0.));
#18904=CARTESIAN_POINT('',(0.197994206363149,0.165291998733635,0.));
#18905=CARTESIAN_POINT('',(0.19949420624443,0.165291998733635,0.));
#18906=CARTESIAN_POINT('',(0.19949420612473,0.16529199854737,0.));
#18907=CARTESIAN_POINT('',(0.199494206243449,0.172291998763437,0.));
#18908=CARTESIAN_POINT('',(0.197994206363149,0.172291998733635,0.));
#18909=CARTESIAN_POINT('',(0.196494205632992,0.189291998755986,0.));
#18910=CARTESIAN_POINT('',(0.196494205997904,0.189291998755986,0.));
#18911=CARTESIAN_POINT('',(0.196494205997904,0.18229199853992,0.));
#18912=CARTESIAN_POINT('',(0.197994206363149,0.182291998733635,0.));
#18913=CARTESIAN_POINT('',(0.19949420624443,0.182291998733635,0.));
#18914=CARTESIAN_POINT('',(0.19949420612473,0.18229199853992,0.));
#18915=CARTESIAN_POINT('',(0.199494206243449,0.189291998755986,0.));
#18916=CARTESIAN_POINT('',(0.197994206363149,0.189291998733635,0.));
#18917=CARTESIAN_POINT('',(0.198458672457216,0.0845059399531193,0.));
#18918=CARTESIAN_POINT('',(0.199519333639968,0.0855666011358694,0.));
#18919=CARTESIAN_POINT('',(0.197398013005186,0.0834452805010883,0.));
#18920=CARTESIAN_POINT('',(0.197398013213463,0.0834452817336271,0.));
#18921=CARTESIAN_POINT('',(0.204469080072185,0.0763742115715231,0.));
#18922=CARTESIAN_POINT('',(0.205529740269081,0.0774348721412538,0.));
#18923=CARTESIAN_POINT('',(0.206590400753352,0.0784955326255239,0.));
#18924=CARTESIAN_POINT('',(0.206590400786884,0.0784955332175443,0.));
#18925=CARTESIAN_POINT('',(0.198458672457216,0.152256464827702,0.));
#18926=CARTESIAN_POINT('',(0.19739801261846,0.153317124666458,0.));
#18927=CARTESIAN_POINT('',(0.19951933278734,0.151195804497578,0.));
#18928=CARTESIAN_POINT('',(0.199519333207793,0.151195804600472,0.));
#18929=CARTESIAN_POINT('',(0.206590400860847,0.158266873036922,0.));
#18930=CARTESIAN_POINT('',(0.205529740269081,0.159327532639567,0.));
#18931=CARTESIAN_POINT('',(0.204469079964999,0.16038819294365,0.));
#18932=CARTESIAN_POINT('',(0.204469079861231,0.160388193105216,0.));
#18933=CARTESIAN_POINT('',(0.200994205439277,0.0999704087272832,0.));
#18934=CARTESIAN_POINT('',(0.200994205901002,0.099970408727282,0.));
#18935=CARTESIAN_POINT('',(0.200994205901002,0.0944704050317962,0.));
#18936=CARTESIAN_POINT('',(0.202494206363149,0.0944704060471866,0.));
#18937=CARTESIAN_POINT('',(0.203994206147378,0.0944704060471866,0.));
#18938=CARTESIAN_POINT('',(0.203994205931015,0.0944704050317953,0.));
#18939=CARTESIAN_POINT('',(0.203994206146786,0.0989704067007249,0.));
#18940=CARTESIAN_POINT('',(0.204994206363149,0.0989704060471866,0.));
#18941=CARTESIAN_POINT('',(0.204994206363149,0.0999704073870307,0.));
#18942=CARTESIAN_POINT('',(0.204994206094928,0.0999704087272832,0.));
#18943=CARTESIAN_POINT('',(0.209494205901212,0.0999704073874394,0.));
#18944=CARTESIAN_POINT('',(0.209494206363149,0.101470406047187,0.));
#18945=CARTESIAN_POINT('',(0.209494206363149,0.102970406701482,0.));
#18946=CARTESIAN_POINT('',(0.209494205901213,0.102970407356376,0.));
#18947=CARTESIAN_POINT('',(0.203994205931015,0.102970406702081,0.));
#18948=CARTESIAN_POINT('',(0.203994206363149,0.0999704060471866,0.));
#18949=CARTESIAN_POINT('',(0.200994205439277,0.142291997571344,0.));
#18950=CARTESIAN_POINT('',(0.200994205901002,0.142291997571345,0.));
#18951=CARTESIAN_POINT('',(0.200994205901002,0.136791997601148,0.));
#18952=CARTESIAN_POINT('',(0.203994206363149,0.136791998733635,0.));
#18953=CARTESIAN_POINT('',(0.203994206363149,0.133791998852353,0.));
#18954=CARTESIAN_POINT('',(0.203994205931015,0.133791998972053,0.));
#18955=CARTESIAN_POINT('',(0.209494205901213,0.133791998853335,0.));
#18956=CARTESIAN_POINT('',(0.209494206363149,0.135291998733635,0.));
#18957=CARTESIAN_POINT('',(0.209494206363149,0.13679199816765,0.));
#18958=CARTESIAN_POINT('',(0.209494205901213,0.136791997601147,0.));
#18959=CARTESIAN_POINT('',(0.204994206094928,0.136791998167132,0.));
#18960=CARTESIAN_POINT('',(0.204994206363149,0.137791998733635,0.));
#18961=CARTESIAN_POINT('',(0.203994206147378,0.137791998733635,0.));
#18962=CARTESIAN_POINT('',(0.203994205931015,0.137791999627704,0.));
#18963=CARTESIAN_POINT('',(0.203994206146785,0.142291997571344,0.));
#18964=CARTESIAN_POINT('',(0.202494206363149,0.142291998733635,0.));
#18965=CARTESIAN_POINT('',(0.204494206363149,0.0474704060471866,0.));
#18966=CARTESIAN_POINT('',(0.204494206363149,0.0489704041390727,0.));
#18967=CARTESIAN_POINT('',(0.20449420618806,0.0459704085495255,0.));
#18968=CARTESIAN_POINT('',(0.204494206012971,0.0459704110518644,0.));
#18969=CARTESIAN_POINT('',(0.211494206296093,0.0459704085495255,0.));
#18970=CARTESIAN_POINT('',(0.211494206363149,0.0474704060471866,0.));
#18971=CARTESIAN_POINT('',(0.211494206363149,0.0489704041390727,0.));
#18972=CARTESIAN_POINT('',(0.211494206229038,0.048970402230377,0.));
#18973=CARTESIAN_POINT('',(0.204494206363149,0.0534704060471866,0.));
#18974=CARTESIAN_POINT('',(0.204494206363149,0.0549704064929613,0.));
#18975=CARTESIAN_POINT('',(0.204494206363149,0.0519704071784462,0.));
#18976=CARTESIAN_POINT('',(0.204494206012971,0.0519704083100507,0.));
#18977=CARTESIAN_POINT('',(0.211494206229038,0.0519704071787911,0.));
#18978=CARTESIAN_POINT('',(0.211494206363149,0.0534704060471866,0.));
#18979=CARTESIAN_POINT('',(0.211494206363149,0.0549704064929613,0.));
#18980=CARTESIAN_POINT('',(0.211494206229038,0.0549704069391439,0.));
#18981=CARTESIAN_POINT('',(0.204494206363149,0.0594704060471866,0.));
#18982=CARTESIAN_POINT('',(0.204494206363149,0.0609704051226813,0.));
#18983=CARTESIAN_POINT('',(0.204494206363149,0.0579704058080403,0.));
#18984=CARTESIAN_POINT('',(0.204494206012971,0.0579704055682371,0.));
#18985=CARTESIAN_POINT('',(0.211494206229038,0.0579704058073834,0.));
#18986=CARTESIAN_POINT('',(0.211494206363149,0.0594704060471866,0.));
#18987=CARTESIAN_POINT('',(0.211494206363149,0.0609704051226813,0.));
#18988=CARTESIAN_POINT('',(0.211494206229038,0.0609704041973302,0.));
#18989=CARTESIAN_POINT('',(0.204494206363149,0.0654704060471866,0.));
#18990=CARTESIAN_POINT('',(0.204494206363149,0.066970407476424,0.));
#18991=CARTESIAN_POINT('',(0.204494206363149,0.0639704044370504,0.));
#18992=CARTESIAN_POINT('',(0.204494206012971,0.0639704028264234,0.));
#18993=CARTESIAN_POINT('',(0.211494206229038,0.0639704044365596,0.));
#18994=CARTESIAN_POINT('',(0.211494206363149,0.0654704060471866,0.));
#18995=CARTESIAN_POINT('',(0.211494206363149,0.066970407476424,0.));
#18996=CARTESIAN_POINT('',(0.211494206229038,0.0669704089060972,0.));
#18997=CARTESIAN_POINT('',(0.204494206363149,0.0714704060471866,0.));
#18998=CARTESIAN_POINT('',(0.204494206363149,0.0729704061054941,0.));
#18999=CARTESIAN_POINT('',(0.204494206363149,0.0699704067908483,0.));
#19000=CARTESIAN_POINT('',(0.204494206012971,0.0699704075351903,0.));
#19001=CARTESIAN_POINT('',(0.211494206229038,0.0699704067915286,0.));
#19002=CARTESIAN_POINT('',(0.211494206363149,0.0714704060471866,0.));
#19003=CARTESIAN_POINT('',(0.211494206363149,0.0729704061054941,0.));
#19004=CARTESIAN_POINT('',(0.211494206229038,0.0729704061642835,0.));
#19005=CARTESIAN_POINT('',(0.204494206363149,0.165291998733635,0.));
#19006=CARTESIAN_POINT('',(0.204494206363149,0.166791998763069,0.));
#19007=CARTESIAN_POINT('',(0.204494206363149,0.163791998517864,0.));
#19008=CARTESIAN_POINT('',(0.204494206012971,0.163791998301501,0.));
#19009=CARTESIAN_POINT('',(0.211494206229038,0.163791998517272,0.));
#19010=CARTESIAN_POINT('',(0.211494206363149,0.165291998733635,0.));
#19011=CARTESIAN_POINT('',(0.211494206363149,0.166791998763069,0.));
#19012=CARTESIAN_POINT('',(0.211494206229038,0.166791998793239,0.));
#19013=CARTESIAN_POINT('',(0.204494206363149,0.171291998733635,0.));
#19014=CARTESIAN_POINT('',(0.204494206363149,0.172791998789284,0.));
#19015=CARTESIAN_POINT('',(0.204494206363149,0.169791998543906,0.));
#19016=CARTESIAN_POINT('',(0.204494206012971,0.169791998353655,0.));
#19017=CARTESIAN_POINT('',(0.211494206229038,0.169791998543384,0.));
#19018=CARTESIAN_POINT('',(0.211494206363149,0.171291998733635,0.));
#19019=CARTESIAN_POINT('',(0.211494206363149,0.172791998789284,0.));
#19020=CARTESIAN_POINT('',(0.211494206229038,0.172791998845393,0.));
#19021=CARTESIAN_POINT('',(0.204494206363149,0.177291998733635,0.));
#19022=CARTESIAN_POINT('',(0.204494206363149,0.17879199875709,0.));
#19023=CARTESIAN_POINT('',(0.204494206363149,0.175791998686333,0.));
#19024=CARTESIAN_POINT('',(0.204494206012971,0.17579199863864,0.));
#19025=CARTESIAN_POINT('',(0.211494206229038,0.175791998685942,0.));
#19026=CARTESIAN_POINT('',(0.211494206363149,0.177291998733635,0.));
#19027=CARTESIAN_POINT('',(0.211494206363149,0.17879199875709,0.));
#19028=CARTESIAN_POINT('',(0.211494206229038,0.178791998781132,0.));
#19029=CARTESIAN_POINT('',(0.204494206363149,0.183291998733635,0.));
#19030=CARTESIAN_POINT('',(0.204494206363149,0.184791998841224,0.));
#19031=CARTESIAN_POINT('',(0.204494206363149,0.181791998828239,0.));
#19032=CARTESIAN_POINT('',(0.204494206012971,0.181791998923625,0.));
#19033=CARTESIAN_POINT('',(0.211494206229038,0.181791998829021,0.));
#19034=CARTESIAN_POINT('',(0.211494206363149,0.183291998733635,0.));
#19035=CARTESIAN_POINT('',(0.211494206363149,0.184791998841224,0.));
#19036=CARTESIAN_POINT('',(0.211494206229038,0.184791998949702,0.));
#19037=CARTESIAN_POINT('',(0.204494206363149,0.189291998733635,0.));
#19038=CARTESIAN_POINT('',(0.204494206363149,0.190791998867562,0.));
#19039=CARTESIAN_POINT('',(0.204494206363149,0.187791998622336,0.));
#19040=CARTESIAN_POINT('',(0.204494206012971,0.187791998510117,0.));
#19041=CARTESIAN_POINT('',(0.211494206229038,0.187791998621416,0.));
#19042=CARTESIAN_POINT('',(0.211494206363149,0.189291998733635,0.));
#19043=CARTESIAN_POINT('',(0.211494206363149,0.190791998867562,0.));
#19044=CARTESIAN_POINT('',(0.211494206229038,0.190791999001856,0.));
#19045=CARTESIAN_POINT('',(0.206494206363149,0.0904704060471866,0.));
#19046=CARTESIAN_POINT('',(0.206494206363149,0.0919704067312709,0.));
#19047=CARTESIAN_POINT('',(0.206494206363149,0.0889704074168285,0.));
#19048=CARTESIAN_POINT('',(0.206494206340797,0.0889704087868879,0.));
#19049=CARTESIAN_POINT('',(0.211994206310995,0.088970407417246,0.));
#19050=CARTESIAN_POINT('',(0.211994206363149,0.0919704060471866,0.));
#19051=CARTESIAN_POINT('',(0.214994206350593,0.0919704060471866,0.));
#19052=CARTESIAN_POINT('',(0.214994206337072,0.0919704074159811,0.));
#19053=CARTESIAN_POINT('',(0.214994206349627,0.0974704036608884,0.));
#19054=CARTESIAN_POINT('',(0.213494206363149,0.0974704060471866,0.));
#19055=CARTESIAN_POINT('',(0.211994206337394,0.0974704060471866,0.));
#19056=CARTESIAN_POINT('',(0.211994206310995,0.0974704036608884,0.));
#19057=CARTESIAN_POINT('',(0.211994206336747,0.0929704094425392,0.));
#19058=CARTESIAN_POINT('',(0.210994206363149,0.0929704060471866,0.));
#19059=CARTESIAN_POINT('',(0.210994206363149,0.0919704067312709,0.));
#19060=CARTESIAN_POINT('',(0.210994206147082,0.0919704074159811,0.));
#19061=CARTESIAN_POINT('',(0.206494206363149,0.146291998733635,0.));
#19062=CARTESIAN_POINT('',(0.206494206363149,0.147791999068451,0.));
#19063=CARTESIAN_POINT('',(0.206494206363149,0.144791998822674,0.));
#19064=CARTESIAN_POINT('',(0.206494206340797,0.144791998912449,0.));
#19065=CARTESIAN_POINT('',(0.210994206147082,0.14479199882341,0.));
#19066=CARTESIAN_POINT('',(0.210994206363149,0.143791998733635,0.));
#19067=CARTESIAN_POINT('',(0.211994206337394,0.143791998733635,0.));
#19068=CARTESIAN_POINT('',(0.211994206310995,0.143791996885891,0.));
#19069=CARTESIAN_POINT('',(0.21199420633675,0.139291998942251,0.));
#19070=CARTESIAN_POINT('',(0.213494206363149,0.139291998733635,0.));
#19071=CARTESIAN_POINT('',(0.214994206350593,0.139291998733635,0.));
#19072=CARTESIAN_POINT('',(0.214994206337072,0.139291998942251,0.));
#19073=CARTESIAN_POINT('',(0.214994206349628,0.144791998912449,0.));
#19074=CARTESIAN_POINT('',(0.211994206363149,0.144791998733635,0.));
#19075=CARTESIAN_POINT('',(0.211994206363149,0.147791999068451,0.));
#19076=CARTESIAN_POINT('',(0.211994206310995,0.147791999404187,0.));
#19077=CARTESIAN_POINT('',(0.208458672457216,0.0845059399531193,0.));
#19078=CARTESIAN_POINT('',(0.209519333584097,0.0855666010799986,0.));
#19079=CARTESIAN_POINT('',(0.207398012716608,0.0834452802125107,0.));
#19080=CARTESIAN_POINT('',(0.207398012058623,0.0834452817336271,0.));
#19081=CARTESIAN_POINT('',(0.214469080253876,0.07637421151107,0.));
#19082=CARTESIAN_POINT('',(0.215529740269081,0.0774348721412538,0.));
#19083=CARTESIAN_POINT('',(0.216590400668199,0.0784955325403714,0.));
#19084=CARTESIAN_POINT('',(0.216590400446951,0.0784955332175443,0.));
#19085=CARTESIAN_POINT('',(0.208458672457216,0.152256464827702,0.));
#19086=CARTESIAN_POINT('',(0.20739801232972,0.153317124955198,0.));
#19087=CARTESIAN_POINT('',(0.209519332731538,0.15119580455338,0.));
#19088=CARTESIAN_POINT('',(0.209519332984276,0.151195804600472,0.));
#19089=CARTESIAN_POINT('',(0.216590400605985,0.158266872951852,0.));
#19090=CARTESIAN_POINT('',(0.215529740269081,0.159327532639567,0.));
#19091=CARTESIAN_POINT('',(0.214469080025649,0.160388192883,0.));
#19092=CARTESIAN_POINT('',(0.214469080103375,0.160388193105216,0.));
#19093=CARTESIAN_POINT('',(0.220458672457216,0.0774348721412538,0.));
#19094=CARTESIAN_POINT('',(0.219398012058098,0.0784955325403712,0.));
#19095=CARTESIAN_POINT('',(0.221519332779497,0.0763742118189728,0.));
#19096=CARTESIAN_POINT('',(0.221519332622923,0.0763742113605688,0.));
#19097=CARTESIAN_POINT('',(0.228590401098847,0.0834452813024574,0.));
#19098=CARTESIAN_POINT('',(0.227529740269081,0.0845059399531193,0.));
#19099=CARTESIAN_POINT('',(0.226469079142201,0.0855666010799989,0.));
#19100=CARTESIAN_POINT('',(0.226469079742022,0.0855666035906026,0.));
#19101=CARTESIAN_POINT('',(0.220458672457216,0.159327532639567,0.));
#19102=CARTESIAN_POINT('',(0.221519332700649,0.160388192883,0.));
#19103=CARTESIAN_POINT('',(0.219398012444469,0.158266872626821,0.));
#19104=CARTESIAN_POINT('',(0.219398012279346,0.158266873110885,0.));
#19105=CARTESIAN_POINT('',(0.226469079844563,0.151195804703013,0.));
#19106=CARTESIAN_POINT('',(0.227529740269081,0.152256464827702,0.));
#19107=CARTESIAN_POINT('',(0.228590400396578,0.153317124955199,0.));
#19108=CARTESIAN_POINT('',(0.228590400667675,0.153317124594803,0.));
#19109=CARTESIAN_POINT('',(0.220994206389226,0.0974704036608884,0.));
#19110=CARTESIAN_POINT('',(0.220994206376671,0.0974704036608884,0.));
#19111=CARTESIAN_POINT('',(0.220994206376671,0.0919704074159811,0.));
#19112=CARTESIAN_POINT('',(0.223994206363149,0.0919704060471866,0.));
#19113=CARTESIAN_POINT('',(0.223994206363149,0.0889704074168285,0.));
#19114=CARTESIAN_POINT('',(0.223994206415303,0.0889704087868879,0.));
#19115=CARTESIAN_POINT('',(0.2294942063855,0.088970407417246,0.));
#19116=CARTESIAN_POINT('',(0.229494206363149,0.0904704060471866,0.));
#19117=CARTESIAN_POINT('',(0.229494206363149,0.0919704067312709,0.));
#19118=CARTESIAN_POINT('',(0.2294942063855,0.0919704074159811,0.));
#19119=CARTESIAN_POINT('',(0.224994206579216,0.0919704067318968,0.));
#19120=CARTESIAN_POINT('',(0.224994206363149,0.0929704060471866,0.));
#19121=CARTESIAN_POINT('',(0.223994206388904,0.0929704060471866,0.));
#19122=CARTESIAN_POINT('',(0.223994206415303,0.092970409442539,0.));
#19123=CARTESIAN_POINT('',(0.223994206389547,0.0974704036608884,0.));
#19124=CARTESIAN_POINT('',(0.222494206363149,0.0974704060471866,0.));
#19125=CARTESIAN_POINT('',(0.220994206389226,0.144791998912449,0.));
#19126=CARTESIAN_POINT('',(0.22099420637667,0.144791998912449,0.));
#19127=CARTESIAN_POINT('',(0.22099420637667,0.139291998942251,0.));
#19128=CARTESIAN_POINT('',(0.222494206363149,0.139291998733635,0.));
#19129=CARTESIAN_POINT('',(0.223994206388904,0.139291998733635,0.));
#19130=CARTESIAN_POINT('',(0.223994206415303,0.139291998942251,0.));
#19131=CARTESIAN_POINT('',(0.223994206389549,0.143791996885891,0.));
#19132=CARTESIAN_POINT('',(0.224994206363149,0.143791998733635,0.));
#19133=CARTESIAN_POINT('',(0.224994206363149,0.144791998822674,0.));
#19134=CARTESIAN_POINT('',(0.224994206579216,0.144791998912449,0.));
#19135=CARTESIAN_POINT('',(0.2294942063855,0.14479199882341,0.));
#19136=CARTESIAN_POINT('',(0.229494206363149,0.146291998733635,0.));
#19137=CARTESIAN_POINT('',(0.229494206363149,0.147791999068451,0.));
#19138=CARTESIAN_POINT('',(0.2294942063855,0.147791999404187,0.));
#19139=CARTESIAN_POINT('',(0.223994206415303,0.147791999069371,0.));
#19140=CARTESIAN_POINT('',(0.223994206363149,0.144791998733635,0.));
#19141=CARTESIAN_POINT('',(0.22299420625139,0.116881203849668,0.));
#19142=CARTESIAN_POINT('',(0.22299420625139,0.116881203849668,0.));
#19143=CARTESIAN_POINT('',(0.22299420630704,0.112520256091709,0.));
#19144=CARTESIAN_POINT('',(0.224494206363149,0.112520254794987,0.));
#19145=CARTESIAN_POINT('',(0.225994206552878,0.112520254794987,0.));
#19146=CARTESIAN_POINT('',(0.225994206743128,0.112520256091709,0.));
#19147=CARTESIAN_POINT('',(0.225994206743128,0.113881201495285,0.));
#19148=CARTESIAN_POINT('',(0.225994206743128,0.113881201495285,0.));
#19149=CARTESIAN_POINT('',(0.242994206735678,0.113881201942643,0.));
#19150=CARTESIAN_POINT('',(0.242994206363149,0.115381202390411,0.));
#19151=CARTESIAN_POINT('',(0.242994206363149,0.116881203119706,0.));
#19152=CARTESIAN_POINT('',(0.242994206735678,0.116881203849668,0.));
#19153=CARTESIAN_POINT('',(0.22299420625139,0.124242150236721,0.));
#19154=CARTESIAN_POINT('',(0.22299420630704,0.124242150236721,0.));
#19155=CARTESIAN_POINT('',(0.22299420625139,0.119881202478761,0.));
#19156=CARTESIAN_POINT('',(0.22299420625139,0.119881202478761,0.));
#19157=CARTESIAN_POINT('',(0.242994206735678,0.119881202434768,0.));
#19158=CARTESIAN_POINT('',(0.242994206363149,0.121381202390411,0.));
#19159=CARTESIAN_POINT('',(0.242994206363149,0.122881201749426,0.));
#19160=CARTESIAN_POINT('',(0.242994206735678,0.122881201107855,0.));
#19161=CARTESIAN_POINT('',(0.225994206743128,0.122881201107855,0.));
#19162=CARTESIAN_POINT('',(0.225994206743128,0.122881201107855,0.));
#19163=CARTESIAN_POINT('',(0.225994206553399,0.124242150236721,0.));
#19164=CARTESIAN_POINT('',(0.224494206363149,0.124242149985835,0.));
#19165=CARTESIAN_POINT('',(0.224494206363149,0.0474704060471866,0.));
#19166=CARTESIAN_POINT('',(0.224494206363149,0.0489704041390727,0.));
#19167=CARTESIAN_POINT('',(0.224494206430204,0.0459704085495255,0.));
#19168=CARTESIAN_POINT('',(0.224494206497259,0.0459704110518644,0.));
#19169=CARTESIAN_POINT('',(0.231494206538237,0.0459704085495255,0.));
#19170=CARTESIAN_POINT('',(0.231494206363149,0.0474704060471866,0.));
#19171=CARTESIAN_POINT('',(0.231494206363149,0.0489704041390727,0.));
#19172=CARTESIAN_POINT('',(0.231494206713326,0.048970402230377,0.));
#19173=CARTESIAN_POINT('',(0.224494206363149,0.0534704060471866,0.));
#19174=CARTESIAN_POINT('',(0.224494206363149,0.0549704064929613,0.));
#19175=CARTESIAN_POINT('',(0.224494206363149,0.0519704071784462,0.));
#19176=CARTESIAN_POINT('',(0.224494206497259,0.0519704083100507,0.));
#19177=CARTESIAN_POINT('',(0.231494206713327,0.0519704071787911,0.));
#19178=CARTESIAN_POINT('',(0.231494206363149,0.0534704060471866,0.));
#19179=CARTESIAN_POINT('',(0.231494206363149,0.0549704064929613,0.));
#19180=CARTESIAN_POINT('',(0.231494206713326,0.0549704069391439,0.));
#19181=CARTESIAN_POINT('',(0.224494206363149,0.0594704060471866,0.));
#19182=CARTESIAN_POINT('',(0.224494206363149,0.0609704051226813,0.));
#19183=CARTESIAN_POINT('',(0.224494206363149,0.0579704058080403,0.));
#19184=CARTESIAN_POINT('',(0.224494206497259,0.0579704055682371,0.));
#19185=CARTESIAN_POINT('',(0.231494206713326,0.0579704058073834,0.));
#19186=CARTESIAN_POINT('',(0.231494206363149,0.0594704060471866,0.));
#19187=CARTESIAN_POINT('',(0.231494206363149,0.0609704051226813,0.));
#19188=CARTESIAN_POINT('',(0.231494206713326,0.0609704041973302,0.));
#19189=CARTESIAN_POINT('',(0.224494206363149,0.0654704060471866,0.));
#19190=CARTESIAN_POINT('',(0.224494206363149,0.066970407476424,0.));
#19191=CARTESIAN_POINT('',(0.224494206363149,0.0639704044370504,0.));
#19192=CARTESIAN_POINT('',(0.224494206497259,0.0639704028264234,0.));
#19193=CARTESIAN_POINT('',(0.231494206713325,0.0639704044365596,0.));
#19194=CARTESIAN_POINT('',(0.231494206363149,0.0654704060471866,0.));
#19195=CARTESIAN_POINT('',(0.231494206363149,0.066970407476424,0.));
#19196=CARTESIAN_POINT('',(0.231494206713326,0.0669704089060972,0.));
#19197=CARTESIAN_POINT('',(0.224494206363148,0.0714704060471866,0.));
#19198=CARTESIAN_POINT('',(0.224494206363148,0.0729704061054941,0.));
#19199=CARTESIAN_POINT('',(0.224494206363148,0.0699704067908483,0.));
#19200=CARTESIAN_POINT('',(0.224494206497259,0.0699704075351903,0.));
#19201=CARTESIAN_POINT('',(0.231494206713327,0.0699704067915287,0.));
#19202=CARTESIAN_POINT('',(0.231494206363148,0.0714704060471866,0.));
#19203=CARTESIAN_POINT('',(0.231494206363148,0.0729704061054941,0.));
#19204=CARTESIAN_POINT('',(0.231494206713326,0.0729704061642835,0.));
#19205=CARTESIAN_POINT('',(0.224494206363149,0.107470406047187,0.));
#19206=CARTESIAN_POINT('',(0.224494206363149,0.108970405331203,0.));
#19207=CARTESIAN_POINT('',(0.224494206363149,0.105970406016709,0.));
#19208=CARTESIAN_POINT('',(0.224494206497259,0.10597040598547,0.));
#19209=CARTESIAN_POINT('',(0.244494206050224,0.10597040598547,0.));
#19210=CARTESIAN_POINT('',(0.244494206050224,0.10597040598547,0.));
#19211=CARTESIAN_POINT('',(0.244494206206471,0.110470407654401,0.));
#19212=CARTESIAN_POINT('',(0.242994206363149,0.110470406047187,0.));
#19213=CARTESIAN_POINT('',(0.241494205961001,0.110470406047187,0.));
#19214=CARTESIAN_POINT('',(0.241494205558486,0.1104704076544,0.));
#19215=CARTESIAN_POINT('',(0.241494205558486,0.108970404614563,0.));
#19216=CARTESIAN_POINT('',(0.241494205558486,0.108970404614563,0.));
#19217=CARTESIAN_POINT('',(0.224494206363149,0.129291998733634,0.));
#19218=CARTESIAN_POINT('',(0.224494206363149,0.130791999537929,0.));
#19219=CARTESIAN_POINT('',(0.224494206363149,0.127791998361276,0.));
#19220=CARTESIAN_POINT('',(0.224494206497259,0.127791997988577,0.));
#19221=CARTESIAN_POINT('',(0.241494205558486,0.127791997988577,0.));
#19222=CARTESIAN_POINT('',(0.241494205558486,0.127791997988577,0.));
#19223=CARTESIAN_POINT('',(0.241494205960634,0.12629199867403,0.));
#19224=CARTESIAN_POINT('',(0.242994206363149,0.126291998733634,0.));
#19225=CARTESIAN_POINT('',(0.244494206206901,0.126291998733634,0.));
#19226=CARTESIAN_POINT('',(0.244494206050224,0.12629199867403,0.));
#19227=CARTESIAN_POINT('',(0.244494206050224,0.13079200034296,0.));
#19228=CARTESIAN_POINT('',(0.244494206050224,0.13079200034296,0.));
#19229=CARTESIAN_POINT('',(0.224494206363148,0.165291998733635,0.));
#19230=CARTESIAN_POINT('',(0.224494206363148,0.166791998763069,0.));
#19231=CARTESIAN_POINT('',(0.224494206363148,0.163791998517864,0.));
#19232=CARTESIAN_POINT('',(0.224494206497259,0.163791998301501,0.));
#19233=CARTESIAN_POINT('',(0.231494206713326,0.163791998517272,0.));
#19234=CARTESIAN_POINT('',(0.231494206363148,0.165291998733635,0.));
#19235=CARTESIAN_POINT('',(0.231494206363148,0.166791998763069,0.));
#19236=CARTESIAN_POINT('',(0.231494206713326,0.166791998793239,0.));
#19237=CARTESIAN_POINT('',(0.224494206363149,0.171291998733635,0.));
#19238=CARTESIAN_POINT('',(0.224494206363149,0.172791998789284,0.));
#19239=CARTESIAN_POINT('',(0.224494206363149,0.169791998543906,0.));
#19240=CARTESIAN_POINT('',(0.224494206497259,0.169791998353655,0.));
#19241=CARTESIAN_POINT('',(0.231494206713326,0.169791998543384,0.));
#19242=CARTESIAN_POINT('',(0.231494206363149,0.171291998733635,0.));
#19243=CARTESIAN_POINT('',(0.231494206363149,0.172791998789284,0.));
#19244=CARTESIAN_POINT('',(0.231494206713326,0.172791998845393,0.));
#19245=CARTESIAN_POINT('',(0.224494206363149,0.177291998733635,0.));
#19246=CARTESIAN_POINT('',(0.224494206363149,0.17879199875709,0.));
#19247=CARTESIAN_POINT('',(0.224494206363149,0.175791998686333,0.));
#19248=CARTESIAN_POINT('',(0.224494206497259,0.17579199863864,0.));
#19249=CARTESIAN_POINT('',(0.231494206713326,0.175791998685942,0.));
#19250=CARTESIAN_POINT('',(0.231494206363149,0.177291998733635,0.));
#19251=CARTESIAN_POINT('',(0.231494206363149,0.17879199875709,0.));
#19252=CARTESIAN_POINT('',(0.231494206713326,0.178791998781132,0.));
#19253=CARTESIAN_POINT('',(0.224494206363149,0.183291998733635,0.));
#19254=CARTESIAN_POINT('',(0.224494206363149,0.184791998841224,0.));
#19255=CARTESIAN_POINT('',(0.224494206363149,0.181791998828239,0.));
#19256=CARTESIAN_POINT('',(0.224494206497259,0.181791998923625,0.));
#19257=CARTESIAN_POINT('',(0.231494206713326,0.181791998829021,0.));
#19258=CARTESIAN_POINT('',(0.231494206363149,0.183291998733635,0.));
#19259=CARTESIAN_POINT('',(0.231494206363149,0.184791998841224,0.));
#19260=CARTESIAN_POINT('',(0.231494206713326,0.184791998949702,0.));
#19261=CARTESIAN_POINT('',(0.224494206363149,0.189291998733635,0.));
#19262=CARTESIAN_POINT('',(0.224494206363149,0.190791998867562,0.));
#19263=CARTESIAN_POINT('',(0.224494206363149,0.187791998622336,0.));
#19264=CARTESIAN_POINT('',(0.224494206497259,0.187791998510117,0.));
#19265=CARTESIAN_POINT('',(0.231494206713326,0.187791998621416,0.));
#19266=CARTESIAN_POINT('',(0.231494206363149,0.189291998733635,0.));
#19267=CARTESIAN_POINT('',(0.231494206363149,0.190791998867562,0.));
#19268=CARTESIAN_POINT('',(0.231494206713326,0.190791999001856,0.));
#19269=CARTESIAN_POINT('',(0.226494206363149,0.101470406047187,0.));
#19270=CARTESIAN_POINT('',(0.226494206363149,0.102970406701482,0.));
#19271=CARTESIAN_POINT('',(0.226494206363149,0.0999704073870309,0.));
#19272=CARTESIAN_POINT('',(0.226494206825085,0.0999704087272832,0.));
#19273=CARTESIAN_POINT('',(0.230994206631369,0.0999704073874391,0.));
#19274=CARTESIAN_POINT('',(0.230994206363149,0.0989704060471866,0.));
#19275=CARTESIAN_POINT('',(0.231994206578919,0.0989704060471866,0.));
#19276=CARTESIAN_POINT('',(0.231994206795282,0.0989704067007253,0.));
#19277=CARTESIAN_POINT('',(0.231994206579512,0.0944704050317949,0.));
#19278=CARTESIAN_POINT('',(0.233494206363149,0.0944704060471867,0.));
#19279=CARTESIAN_POINT('',(0.234994206824874,0.0944704060471867,0.));
#19280=CARTESIAN_POINT('',(0.234994207287021,0.0944704050317953,0.));
#19281=CARTESIAN_POINT('',(0.234994206825296,0.0999704087272821,0.));
#19282=CARTESIAN_POINT('',(0.231994206363149,0.0999704060471866,0.));
#19283=CARTESIAN_POINT('',(0.231994206363149,0.102970406701482,0.));
#19284=CARTESIAN_POINT('',(0.231994206795282,0.102970407356376,0.));
#19285=CARTESIAN_POINT('',(0.226494206363149,0.135291998733635,0.));
#19286=CARTESIAN_POINT('',(0.226494206363149,0.13679199816765,0.));
#19287=CARTESIAN_POINT('',(0.226494206363149,0.133791998852353,0.));
#19288=CARTESIAN_POINT('',(0.226494206825085,0.133791998972053,0.));
#19289=CARTESIAN_POINT('',(0.231994206795282,0.133791998853335,0.));
#19290=CARTESIAN_POINT('',(0.231994206363149,0.136791998733635,0.));
#19291=CARTESIAN_POINT('',(0.234994206824874,0.136791998733635,0.));
#19292=CARTESIAN_POINT('',(0.234994207287021,0.136791997601147,0.));
#19293=CARTESIAN_POINT('',(0.234994206825296,0.142291997571345,0.));
#19294=CARTESIAN_POINT('',(0.233494206363149,0.142291998733635,0.));
#19295=CARTESIAN_POINT('',(0.231994206578919,0.142291998733635,0.));
#19296=CARTESIAN_POINT('',(0.231994206795282,0.142291997571344,0.));
#19297=CARTESIAN_POINT('',(0.231994206579512,0.137791999627703,0.));
#19298=CARTESIAN_POINT('',(0.230994206363149,0.137791998733635,0.));
#19299=CARTESIAN_POINT('',(0.230994206363149,0.13679199816765,0.));
#19300=CARTESIAN_POINT('',(0.23099420663137,0.136791997601147,0.));
#19301=CARTESIAN_POINT('',(0.230458672457216,0.0774348721412538,0.));
#19302=CARTESIAN_POINT('',(0.229398011972946,0.0784955326255238,0.));
#19303=CARTESIAN_POINT('',(0.23151933283995,0.07637421175852,0.));
#19304=CARTESIAN_POINT('',(0.231519332865067,0.0763742113605688,0.));
#19305=CARTESIAN_POINT('',(0.238590400232585,0.0834452810138787,0.));
#19306=CARTESIAN_POINT('',(0.237529740269081,0.0845059399531193,0.));
#19307=CARTESIAN_POINT('',(0.23646907908633,0.0855666011358698,0.));
#19308=CARTESIAN_POINT('',(0.236469079518504,0.0855666035906026,0.));
#19309=CARTESIAN_POINT('',(0.230458672457216,0.159327532639567,0.));
#19310=CARTESIAN_POINT('',(0.231519332761299,0.16038819294365,0.));
#19311=CARTESIAN_POINT('',(0.229398012359399,0.158266872541751,0.));
#19312=CARTESIAN_POINT('',(0.229398011939414,0.158266873110885,0.));
#19313=CARTESIAN_POINT('',(0.236469079676849,0.151195804758816,0.));
#19314=CARTESIAN_POINT('',(0.237529740269081,0.152256464827702,0.));
#19315=CARTESIAN_POINT('',(0.238590400107837,0.153317124666458,0.));
#19316=CARTESIAN_POINT('',(0.238590399512835,0.153317124594803,0.));
#19317=CARTESIAN_POINT('',(0.236494206601567,0.0544704059258649,0.));
#19318=CARTESIAN_POINT('',(0.236494206482849,0.0544704059258649,0.));
#19319=CARTESIAN_POINT('',(0.236494206482849,0.0474704066411208,0.));
#19320=CARTESIAN_POINT('',(0.237994206363149,0.0474704060471866,0.));
#19321=CARTESIAN_POINT('',(0.239494206728061,0.0474704060471866,0.));
#19322=CARTESIAN_POINT('',(0.239494207093306,0.0474704066411207,0.));
#19323=CARTESIAN_POINT('',(0.239494206728394,0.0544704059258649,0.));
#19324=CARTESIAN_POINT('',(0.237994206363149,0.0544704060471866,0.));
#19325=CARTESIAN_POINT('',(0.236494206601567,0.0714704031244466,0.));
#19326=CARTESIAN_POINT('',(0.23649420648285,0.0714704031244461,0.));
#19327=CARTESIAN_POINT('',(0.236494206482849,0.064470403839702,0.));
#19328=CARTESIAN_POINT('',(0.237994206363149,0.0644704060471866,0.));
#19329=CARTESIAN_POINT('',(0.239494206728061,0.0644704060471866,0.));
#19330=CARTESIAN_POINT('',(0.239494207093306,0.0644704038397024,0.));
#19331=CARTESIAN_POINT('',(0.239494206728393,0.0714704031244486,0.));
#19332=CARTESIAN_POINT('',(0.237994206363149,0.0714704060471866,0.));
#19333=CARTESIAN_POINT('',(0.236494206601567,0.172291998763437,0.));
#19334=CARTESIAN_POINT('',(0.236494206482849,0.172291998763437,0.));
#19335=CARTESIAN_POINT('',(0.236494206482849,0.16529199854737,0.));
#19336=CARTESIAN_POINT('',(0.237994206363149,0.165291998733635,0.));
#19337=CARTESIAN_POINT('',(0.239494206728061,0.165291998733635,0.));
#19338=CARTESIAN_POINT('',(0.239494207093306,0.16529199854737,0.));
#19339=CARTESIAN_POINT('',(0.239494206728394,0.172291998763437,0.));
#19340=CARTESIAN_POINT('',(0.237994206363149,0.172291998733635,0.));
#19341=CARTESIAN_POINT('',(0.236494206601567,0.189291998755986,0.));
#19342=CARTESIAN_POINT('',(0.236494206482849,0.189291998755986,0.));
#19343=CARTESIAN_POINT('',(0.236494206482849,0.18229199853992,0.));
#19344=CARTESIAN_POINT('',(0.237994206363149,0.182291998733635,0.));
#19345=CARTESIAN_POINT('',(0.239494206728061,0.182291998733635,0.));
#19346=CARTESIAN_POINT('',(0.239494207093306,0.18229199853992,0.));
#19347=CARTESIAN_POINT('',(0.239494206728394,0.189291998755986,0.));
#19348=CARTESIAN_POINT('',(0.237994206363149,0.189291998733635,0.));
#19349=CARTESIAN_POINT('',(0.237994205916114,0.0974704036608884,0.));
#19350=CARTESIAN_POINT('',(0.237994206139326,0.0974704036608893,0.));
#19351=CARTESIAN_POINT('',(0.237994206139325,0.0919704074159809,0.));
#19352=CARTESIAN_POINT('',(0.240994206363149,0.0919704060471868,0.));
#19353=CARTESIAN_POINT('',(0.240994206363149,0.0889704074168286,0.));
#19354=CARTESIAN_POINT('',(0.240994206407852,0.0889704087868879,0.));
#19355=CARTESIAN_POINT('',(0.24649420637805,0.0889704074172462,0.));
#19356=CARTESIAN_POINT('',(0.246494206363149,0.0904704060471868,0.));
#19357=CARTESIAN_POINT('',(0.246494206363149,0.091970406731271,0.));
#19358=CARTESIAN_POINT('',(0.24649420637805,0.0919704074159811,0.));
#19359=CARTESIAN_POINT('',(0.241994206571765,0.0919704067318969,0.));
#19360=CARTESIAN_POINT('',(0.241994206363149,0.0929704060471868,0.));
#19361=CARTESIAN_POINT('',(0.240994206385225,0.0929704060471868,0.));
#19362=CARTESIAN_POINT('',(0.240994206407852,0.092970409442539,0.));
#19363=CARTESIAN_POINT('',(0.240994206385776,0.0974704036608884,0.));
#19364=CARTESIAN_POINT('',(0.239494206363149,0.0974704060471868,0.));
#19365=CARTESIAN_POINT('',(0.237994205916114,0.144791998912449,0.));
#19366=CARTESIAN_POINT('',(0.237994206139325,0.144791998912449,0.));
#19367=CARTESIAN_POINT('',(0.237994206139325,0.139291998942251,0.));
#19368=CARTESIAN_POINT('',(0.239494206363149,0.139291998733635,0.));
#19369=CARTESIAN_POINT('',(0.240994206385225,0.139291998733635,0.));
#19370=CARTESIAN_POINT('',(0.240994206407852,0.139291998942251,0.));
#19371=CARTESIAN_POINT('',(0.240994206385777,0.143791996885891,0.));
#19372=CARTESIAN_POINT('',(0.241994206363149,0.143791998733635,0.));
#19373=CARTESIAN_POINT('',(0.241994206363149,0.144791998822674,0.));
#19374=CARTESIAN_POINT('',(0.241994206571765,0.144791998912449,0.));
#19375=CARTESIAN_POINT('',(0.24649420637805,0.14479199882341,0.));
#19376=CARTESIAN_POINT('',(0.246494206363149,0.146291998733635,0.));
#19377=CARTESIAN_POINT('',(0.246494206363149,0.147791999068451,0.));
#19378=CARTESIAN_POINT('',(0.24649420637805,0.147791999404187,0.));
#19379=CARTESIAN_POINT('',(0.240994206407852,0.147791999069371,0.));
#19380=CARTESIAN_POINT('',(0.240994206363149,0.144791998733635,0.));
#19381=CARTESIAN_POINT('',(0.240458672457216,0.0774348721412538,0.));
#19382=CARTESIAN_POINT('',(0.23939801214994,0.0784955324485292,0.));
#19383=CARTESIAN_POINT('',(0.241519332784147,0.0763742118143227,0.));
#19384=CARTESIAN_POINT('',(0.241519332641549,0.0763742113605688,0.));
#19385=CARTESIAN_POINT('',(0.248590401462117,0.0834452814234737,0.));
#19386=CARTESIAN_POINT('',(0.247529740269081,0.0845059399531193,0.));
#19387=CARTESIAN_POINT('',(0.246469079030459,0.0855666011917403,0.));
#19388=CARTESIAN_POINT('',(0.246469079294987,0.0855666035906026,0.));
#19389=CARTESIAN_POINT('',(0.240458672457216,0.159327532639567,0.));
#19390=CARTESIAN_POINT('',(0.241519332705286,0.160388192887637,0.));
#19391=CARTESIAN_POINT('',(0.239398012536311,0.158266872718663,0.));
#19392=CARTESIAN_POINT('',(0.239398012647219,0.158266873110885,0.));
#19393=CARTESIAN_POINT('',(0.246469079509134,0.151195804814619,0.));
#19394=CARTESIAN_POINT('',(0.247529740269081,0.152256464827702,0.));
#19395=CARTESIAN_POINT('',(0.248590400517151,0.153317125075772,0.));
#19396=CARTESIAN_POINT('',(0.248590401151962,0.153317124594803,0.));
#19397=CARTESIAN_POINT('',(0.242494205722399,0.0544704059258649,0.));
#19398=CARTESIAN_POINT('',(0.242494206042334,0.0544704059258649,0.));
#19399=CARTESIAN_POINT('',(0.242494206042335,0.0474704066411204,0.));
#19400=CARTESIAN_POINT('',(0.243994206363149,0.0474704060471867,0.));
#19401=CARTESIAN_POINT('',(0.24549420628895,0.0474704060471867,0.));
#19402=CARTESIAN_POINT('',(0.245494206214137,0.0474704066411207,0.));
#19403=CARTESIAN_POINT('',(0.245494206288336,0.0544704059258649,0.));
#19404=CARTESIAN_POINT('',(0.243994206363149,0.0544704060471867,0.));
#19405=CARTESIAN_POINT('',(0.242494205722399,0.0714704031244466,0.));
#19406=CARTESIAN_POINT('',(0.242494206042336,0.0714704031244482,0.));
#19407=CARTESIAN_POINT('',(0.242494206042335,0.0644704038397036,0.));
#19408=CARTESIAN_POINT('',(0.243994206363149,0.0644704060471867,0.));
#19409=CARTESIAN_POINT('',(0.24549420628895,0.0644704060471867,0.));
#19410=CARTESIAN_POINT('',(0.245494206214137,0.0644704038397024,0.));
#19411=CARTESIAN_POINT('',(0.245494206288335,0.0714704031244463,0.));
#19412=CARTESIAN_POINT('',(0.243994206363149,0.0714704060471867,0.));
#19413=CARTESIAN_POINT('',(0.242494205722399,0.172291998763437,0.));
#19414=CARTESIAN_POINT('',(0.242494206042334,0.172291998763437,0.));
#19415=CARTESIAN_POINT('',(0.242494206042334,0.16529199854737,0.));
#19416=CARTESIAN_POINT('',(0.243994206363149,0.165291998733635,0.));
#19417=CARTESIAN_POINT('',(0.24549420628895,0.165291998733635,0.));
#19418=CARTESIAN_POINT('',(0.245494206214137,0.16529199854737,0.));
#19419=CARTESIAN_POINT('',(0.245494206288336,0.172291998763437,0.));
#19420=CARTESIAN_POINT('',(0.243994206363149,0.172291998733635,0.));
#19421=CARTESIAN_POINT('',(0.242494205722399,0.189291998755986,0.));
#19422=CARTESIAN_POINT('',(0.242494206042334,0.189291998755986,0.));
#19423=CARTESIAN_POINT('',(0.242494206042334,0.18229199853992,0.));
#19424=CARTESIAN_POINT('',(0.243994206363149,0.182291998733635,0.));
#19425=CARTESIAN_POINT('',(0.24549420628895,0.182291998733635,0.));
#19426=CARTESIAN_POINT('',(0.245494206214137,0.18229199853992,0.));
#19427=CARTESIAN_POINT('',(0.245494206288336,0.189291998755986,0.));
#19428=CARTESIAN_POINT('',(0.243994206363149,0.189291998733635,0.));
#19429=CARTESIAN_POINT('',(0.243494206363149,0.101470406047187,0.));
#19430=CARTESIAN_POINT('',(0.243494206363149,0.102970406701482,0.));
#19431=CARTESIAN_POINT('',(0.243494206363149,0.0999704073870309,0.));
#19432=CARTESIAN_POINT('',(0.243494205886312,0.0999704087272832,0.));
#19433=CARTESIAN_POINT('',(0.247994205692599,0.0999704073874391,0.));
#19434=CARTESIAN_POINT('',(0.247994206363149,0.0989704060471868,0.));
#19435=CARTESIAN_POINT('',(0.248994206110176,0.0989704060471868,0.));
#19436=CARTESIAN_POINT('',(0.248994205856509,0.0989704067007253,0.));
#19437=CARTESIAN_POINT('',(0.248994206109482,0.0944704050317958,0.));
#19438=CARTESIAN_POINT('',(0.250494206363149,0.0944704060471868,0.));
#19439=CARTESIAN_POINT('',(0.251994207286599,0.0944704060471868,0.));
#19440=CARTESIAN_POINT('',(0.251994208210893,0.0944704050317953,0.));
#19441=CARTESIAN_POINT('',(0.251994207287443,0.0999704087272809,0.));
#19442=CARTESIAN_POINT('',(0.248994206363149,0.0999704060471868,0.));
#19443=CARTESIAN_POINT('',(0.248994206363149,0.102970406701482,0.));
#19444=CARTESIAN_POINT('',(0.248994205856509,0.102970407356376,0.));
#19445=CARTESIAN_POINT('',(0.243494206363149,0.135291998733635,0.));
#19446=CARTESIAN_POINT('',(0.243494206363149,0.13679199816765,0.));
#19447=CARTESIAN_POINT('',(0.243494206363149,0.133791998852353,0.));
#19448=CARTESIAN_POINT('',(0.243494205886312,0.133791998972053,0.));
#19449=CARTESIAN_POINT('',(0.248994205856509,0.133791998853335,0.));
#19450=CARTESIAN_POINT('',(0.248994206363149,0.136791998733635,0.));
#19451=CARTESIAN_POINT('',(0.251994207286599,0.136791998733635,0.));
#19452=CARTESIAN_POINT('',(0.251994208210893,0.136791997601147,0.));
#19453=CARTESIAN_POINT('',(0.251994207287443,0.142291997571346,0.));
#19454=CARTESIAN_POINT('',(0.250494206363149,0.142291998733635,0.));
#19455=CARTESIAN_POINT('',(0.248994206110176,0.142291998733635,0.));
#19456=CARTESIAN_POINT('',(0.248994205856509,0.142291997571344,0.));
#19457=CARTESIAN_POINT('',(0.248994206109481,0.137791999627705,0.));
#19458=CARTESIAN_POINT('',(0.247994206363149,0.137791998733635,0.));
#19459=CARTESIAN_POINT('',(0.247994206363149,0.13679199816765,0.));
#19460=CARTESIAN_POINT('',(0.247994205692596,0.136791997601147,0.));
#19461=CARTESIAN_POINT('',(0.247494206541963,0.1104704076544,0.));
#19462=CARTESIAN_POINT('',(0.247494206452924,0.1104704076544,0.));
#19463=CARTESIAN_POINT('',(0.247494206541963,0.10597040598547,0.));
#19464=CARTESIAN_POINT('',(0.247494206541963,0.10597040598547,0.));
#19465=CARTESIAN_POINT('',(0.267494206094928,0.105970406015948,0.));
#19466=CARTESIAN_POINT('',(0.267494206363149,0.107470406047187,0.));
#19467=CARTESIAN_POINT('',(0.267494206363149,0.108970405331203,0.));
#19468=CARTESIAN_POINT('',(0.267494206094928,0.108970404614563,0.));
#19469=CARTESIAN_POINT('',(0.250494205171056,0.108970404614563,0.));
#19470=CARTESIAN_POINT('',(0.250494205171056,0.108970404614563,0.));
#19471=CARTESIAN_POINT('',(0.25049420576683,0.110470407654402,0.));
#19472=CARTESIAN_POINT('',(0.248994206363149,0.110470406047187,0.));
#19473=CARTESIAN_POINT('',(0.247494206541963,0.13079200034296,0.));
#19474=CARTESIAN_POINT('',(0.247494206541963,0.13079200034296,0.));
#19475=CARTESIAN_POINT('',(0.247494206452924,0.12629199867403,0.));
#19476=CARTESIAN_POINT('',(0.248994206363149,0.126291998733635,0.));
#19477=CARTESIAN_POINT('',(0.250494205767375,0.126291998733635,0.));
#19478=CARTESIAN_POINT('',(0.250494205171056,0.12629199867403,0.));
#19479=CARTESIAN_POINT('',(0.250494205171056,0.127791997988577,0.));
#19480=CARTESIAN_POINT('',(0.250494205171056,0.127791997988577,0.));
#19481=CARTESIAN_POINT('',(0.267494206094928,0.127791998360936,0.));
#19482=CARTESIAN_POINT('',(0.267494206363149,0.129291998733635,0.));
#19483=CARTESIAN_POINT('',(0.267494206363149,0.13079199953793,0.));
#19484=CARTESIAN_POINT('',(0.267494206094928,0.13079200034296,0.));
#19485=CARTESIAN_POINT('',(0.248494206705875,0.0544704059258649,0.));
#19486=CARTESIAN_POINT('',(0.248494206534747,0.0544704059258649,0.));
#19487=CARTESIAN_POINT('',(0.248494206534747,0.0474704066411209,0.));
#19488=CARTESIAN_POINT('',(0.249994206363149,0.0474704060471867,0.));
#19489=CARTESIAN_POINT('',(0.251494206780191,0.0474704060471867,0.));
#19490=CARTESIAN_POINT('',(0.251494207197614,0.0474704066411207,0.));
#19491=CARTESIAN_POINT('',(0.251494206780572,0.054470405925865,0.));
#19492=CARTESIAN_POINT('',(0.249994206363149,0.0544704060471867,0.));
#19493=CARTESIAN_POINT('',(0.248494206705875,0.0714704031244466,0.));
#19494=CARTESIAN_POINT('',(0.248494206534749,0.0714704031244458,0.));
#19495=CARTESIAN_POINT('',(0.248494206534748,0.0644704038397018,0.));
#19496=CARTESIAN_POINT('',(0.249994206363149,0.0644704060471867,0.));
#19497=CARTESIAN_POINT('',(0.251494206780191,0.0644704060471867,0.));
#19498=CARTESIAN_POINT('',(0.251494207197614,0.0644704038397024,0.));
#19499=CARTESIAN_POINT('',(0.251494206780571,0.0714704031244489,0.));
#19500=CARTESIAN_POINT('',(0.249994206363149,0.0714704060471867,0.));
#19501=CARTESIAN_POINT('',(0.248494206705875,0.172291998763437,0.));
#19502=CARTESIAN_POINT('',(0.248494206534747,0.172291998763437,0.));
#19503=CARTESIAN_POINT('',(0.248494206534747,0.16529199854737,0.));
#19504=CARTESIAN_POINT('',(0.249994206363149,0.165291998733635,0.));
#19505=CARTESIAN_POINT('',(0.251494206780191,0.165291998733635,0.));
#19506=CARTESIAN_POINT('',(0.251494207197614,0.16529199854737,0.));
#19507=CARTESIAN_POINT('',(0.251494206780572,0.172291998763437,0.));
#19508=CARTESIAN_POINT('',(0.249994206363149,0.172291998733635,0.));
#19509=CARTESIAN_POINT('',(0.248494206705875,0.189291998755986,0.));
#19510=CARTESIAN_POINT('',(0.248494206534747,0.189291998755986,0.));
#19511=CARTESIAN_POINT('',(0.248494206534747,0.18229199853992,0.));
#19512=CARTESIAN_POINT('',(0.249994206363149,0.182291998733635,0.));
#19513=CARTESIAN_POINT('',(0.251494206780191,0.182291998733635,0.));
#19514=CARTESIAN_POINT('',(0.251494207197614,0.18229199853992,0.));
#19515=CARTESIAN_POINT('',(0.251494206780572,0.189291998755986,0.));
#19516=CARTESIAN_POINT('',(0.249994206363149,0.189291998733635,0.));
#19517=CARTESIAN_POINT('',(0.248994206363149,0.115381202390411,0.));
#19518=CARTESIAN_POINT('',(0.248994206363149,0.116881203119706,0.));
#19519=CARTESIAN_POINT('',(0.248994206363149,0.113881201943053,0.));
#19520=CARTESIAN_POINT('',(0.248994205856509,0.113881201495285,0.));
#19521=CARTESIAN_POINT('',(0.265994206780381,0.113881201495285,0.));
#19522=CARTESIAN_POINT('',(0.265994206780381,0.113881201495285,0.));
#19523=CARTESIAN_POINT('',(0.265994206572051,0.112520256091709,0.));
#19524=CARTESIAN_POINT('',(0.267494206363149,0.112520254794987,0.));
#19525=CARTESIAN_POINT('',(0.26899420588653,0.112520254794987,0.));
#19526=CARTESIAN_POINT('',(0.268994205409474,0.112520256091709,0.));
#19527=CARTESIAN_POINT('',(0.268994205409474,0.116881203849668,0.));
#19528=CARTESIAN_POINT('',(0.268994205409474,0.116881203849668,0.));
#19529=CARTESIAN_POINT('',(0.248994206363149,0.121381202390411,0.));
#19530=CARTESIAN_POINT('',(0.248994206363149,0.122881201749426,0.));
#19531=CARTESIAN_POINT('',(0.248994206363149,0.119881202434404,0.));
#19532=CARTESIAN_POINT('',(0.248994205856509,0.119881202478761,0.));
#19533=CARTESIAN_POINT('',(0.268994205409474,0.119881202478761,0.));
#19534=CARTESIAN_POINT('',(0.268994205409474,0.119881202478761,0.));
#19535=CARTESIAN_POINT('',(0.268994205886093,0.124242150236721,0.));
#19536=CARTESIAN_POINT('',(0.267494206363149,0.124242149985835,0.));
#19537=CARTESIAN_POINT('',(0.265994206571479,0.124242149985835,0.));
#19538=CARTESIAN_POINT('',(0.265994206780381,0.124242150236721,0.));
#19539=CARTESIAN_POINT('',(0.265994206780381,0.122881201107855,0.));
#19540=CARTESIAN_POINT('',(0.265994206780381,0.122881201107855,0.));
#19541=CARTESIAN_POINT('',(0.259594206476398,0.122881201107855,0.));
#19542=CARTESIAN_POINT('',(0.259594206476398,0.122881201107855,0.));
#19543=CARTESIAN_POINT('',(0.259594206420006,0.12488120143568,0.));
#19544=CARTESIAN_POINT('',(0.257994206363149,0.124881202390411,0.));
#19545=CARTESIAN_POINT('',(0.256394207274683,0.124881202390411,0.));
#19546=CARTESIAN_POINT('',(0.256394208187051,0.12488120143568,0.));
#19547=CARTESIAN_POINT('',(0.256394208187051,0.122881201107855,0.));
#19548=CARTESIAN_POINT('',(0.256394208187051,0.122881201107855,0.));
#19549=CARTESIAN_POINT('',(0.250458672457216,0.0774348721412538,0.));
#19550=CARTESIAN_POINT('',(0.249398012094137,0.0784955325043321,0.));
#19551=CARTESIAN_POINT('',(0.251519333193885,0.0763742114045863,0.));
#19552=CARTESIAN_POINT('',(0.251519334280677,0.0763742113605688,0.));
#19553=CARTESIAN_POINT('',(0.258590401294454,0.08344528136762,0.));
#19554=CARTESIAN_POINT('',(0.257529740269081,0.0845059399531193,0.));
#19555=CARTESIAN_POINT('',(0.256469078974588,0.0855666012476112,0.));
#19556=CARTESIAN_POINT('',(0.256469079071469,0.0855666035906026,0.));
#19557=CARTESIAN_POINT('',(0.250458672457216,0.159327532639567,0.));
#19558=CARTESIAN_POINT('',(0.251519333115161,0.160388193297512,0.));
#19559=CARTESIAN_POINT('',(0.249398012480508,0.15826687266286,0.));
#19560=CARTESIAN_POINT('',(0.249398012423701,0.158266873110885,0.));
#19561=CARTESIAN_POINT('',(0.256469079341666,0.151195804870669,0.));
#19562=CARTESIAN_POINT('',(0.257529740269081,0.152256464827702,0.));
#19563=CARTESIAN_POINT('',(0.258590400461331,0.153317125019952,0.));
#19564=CARTESIAN_POINT('',(0.258590400928445,0.153317124594803,0.));
#19565=CARTESIAN_POINT('',(0.254994206839986,0.0974704036608884,0.));
#19566=CARTESIAN_POINT('',(0.254994206601896,0.0974704036608874,0.));
#19567=CARTESIAN_POINT('',(0.254994206601895,0.0919704074159814,0.));
#19568=CARTESIAN_POINT('',(0.257994206363149,0.0919704060471869,0.));
#19569=CARTESIAN_POINT('',(0.257994206363149,0.0889704074168286,0.));
#19570=CARTESIAN_POINT('',(0.257994205469079,0.0889704087868879,0.));
#19571=CARTESIAN_POINT('',(0.263494205439274,0.0889704074172463,0.));
#19572=CARTESIAN_POINT('',(0.263494206363149,0.0904704060471869,0.));
#19573=CARTESIAN_POINT('',(0.263494206363149,0.0919704067312711,0.));
#19574=CARTESIAN_POINT('',(0.263494205439277,0.0919704074159811,0.));
#19575=CARTESIAN_POINT('',(0.258994207495639,0.0919704067318973,0.));
#19576=CARTESIAN_POINT('',(0.258994206363149,0.0929704060471869,0.));
#19577=CARTESIAN_POINT('',(0.257994205916318,0.0929704060471869,0.));
#19578=CARTESIAN_POINT('',(0.257994205469079,0.092970409442539,0.));
#19579=CARTESIAN_POINT('',(0.257994205915909,0.0974704036608864,0.));
#19580=CARTESIAN_POINT('',(0.256494206363149,0.0974704060471869,0.));
#19581=CARTESIAN_POINT('',(0.254994206839986,0.144791998912449,0.));
#19582=CARTESIAN_POINT('',(0.254994206601895,0.144791998912449,0.));
#19583=CARTESIAN_POINT('',(0.254994206601895,0.139291998942251,0.));
#19584=CARTESIAN_POINT('',(0.256494206363149,0.139291998733635,0.));
#19585=CARTESIAN_POINT('',(0.257994205916318,0.139291998733635,0.));
#19586=CARTESIAN_POINT('',(0.257994205469079,0.139291998942251,0.));
#19587=CARTESIAN_POINT('',(0.25799420591591,0.143791996885893,0.));
#19588=CARTESIAN_POINT('',(0.258994206363149,0.143791998733635,0.));
#19589=CARTESIAN_POINT('',(0.258994206363149,0.144791998822674,0.));
#19590=CARTESIAN_POINT('',(0.258994207495637,0.144791998912449,0.));
#19591=CARTESIAN_POINT('',(0.263494205439277,0.14479199882341,0.));
#19592=CARTESIAN_POINT('',(0.263494206363149,0.146291998733635,0.));
#19593=CARTESIAN_POINT('',(0.263494206363149,0.147791999068451,0.));
#19594=CARTESIAN_POINT('',(0.263494205439277,0.147791999404187,0.));
#19595=CARTESIAN_POINT('',(0.257994205469079,0.147791999069371,0.));
#19596=CARTESIAN_POINT('',(0.257994206363149,0.144791998733635,0.));
#19597=CARTESIAN_POINT('',(0.256394208187051,0.184791998949702,0.));
#19598=CARTESIAN_POINT('',(0.256394207275517,0.184791998949702,0.));
#19599=CARTESIAN_POINT('',(0.256394207275517,0.178791998781132,0.));
#19600=CARTESIAN_POINT('',(0.257994206363149,0.178791998733635,0.));
#19601=CARTESIAN_POINT('',(0.259594206419541,0.178791998733635,0.));
#19602=CARTESIAN_POINT('',(0.259594206476398,0.178791998781132,0.));
#19603=CARTESIAN_POINT('',(0.259594206420007,0.184791998949702,0.));
#19604=CARTESIAN_POINT('',(0.257994206363149,0.184791998733635,0.));
#19605=CARTESIAN_POINT('',(0.260458672457216,0.0774348721412538,0.));
#19606=CARTESIAN_POINT('',(0.259398012503358,0.0784955320951123,0.));
#19607=CARTESIAN_POINT('',(0.261519332672422,0.0763742119260478,0.));
#19608=CARTESIAN_POINT('',(0.261519332194514,0.0763742113605688,0.));
#19609=CARTESIAN_POINT('',(0.268590399729864,0.0834452808460455,0.));
#19610=CARTESIAN_POINT('',(0.267529740269082,0.0845059399531193,0.));
#19611=CARTESIAN_POINT('',(0.266469079384526,0.0855666008376744,0.));
#19612=CARTESIAN_POINT('',(0.266469080710597,0.0855666035906026,0.));
#19613=CARTESIAN_POINT('',(0.260458672457216,0.159327532639567,0.));
#19614=CARTESIAN_POINT('',(0.261519332593987,0.160388192776338,0.));
#19615=CARTESIAN_POINT('',(0.259398012890282,0.158266873072633,0.));
#19616=CARTESIAN_POINT('',(0.259398014062829,0.158266873110885,0.));
#19617=CARTESIAN_POINT('',(0.266469080571327,0.151195804461202,0.));
#19618=CARTESIAN_POINT('',(0.267529740269082,0.152256464827702,0.));
#19619=CARTESIAN_POINT('',(0.268590399940275,0.153317124498897,0.));
#19620=CARTESIAN_POINT('',(0.268590398842282,0.153317124594803,0.));
#19621=CARTESIAN_POINT('',(0.259994205796905,0.0719704041377256,0.));
#19622=CARTESIAN_POINT('',(0.259994206079639,0.0719704041377265,0.));
#19623=CARTESIAN_POINT('',(0.259994206079639,0.0619704062238881,0.));
#19624=CARTESIAN_POINT('',(0.261494206363149,0.0619704060471867,0.));
#19625=CARTESIAN_POINT('',(0.26299420725681,0.0619704060471867,0.));
#19626=CARTESIAN_POINT('',(0.262994208151288,0.0619704062238882,0.));
#19627=CARTESIAN_POINT('',(0.262994207257627,0.0719704041377288,0.));
#19628=CARTESIAN_POINT('',(0.261494206363149,0.0719704060471867,0.));
#19629=CARTESIAN_POINT('',(0.260494206363149,0.101470406047187,0.));
#19630=CARTESIAN_POINT('',(0.260494206363149,0.102970406701482,0.));
#19631=CARTESIAN_POINT('',(0.260494206363149,0.0999704073870309,0.));
#19632=CARTESIAN_POINT('',(0.260494206810184,0.0999704087272832,0.));
#19633=CARTESIAN_POINT('',(0.26499420475383,0.0999704073874386,0.));
#19634=CARTESIAN_POINT('',(0.264994206363149,0.0989704060471869,0.));
#19635=CARTESIAN_POINT('',(0.265994206571479,0.0989704060471869,0.));
#19636=CARTESIAN_POINT('',(0.265994206780381,0.0989704067007253,0.));
#19637=CARTESIAN_POINT('',(0.265994206572051,0.094470405031795,0.));
#19638=CARTESIAN_POINT('',(0.267494206363149,0.0944704060471869,0.));
#19639=CARTESIAN_POINT('',(0.26899420588653,0.0944704060471869,0.));
#19640=CARTESIAN_POINT('',(0.268994205409474,0.0944704050317953,0.));
#19641=CARTESIAN_POINT('',(0.268994205886093,0.0999704087272844,0.));
#19642=CARTESIAN_POINT('',(0.265994206363149,0.0999704060471869,0.));
#19643=CARTESIAN_POINT('',(0.265994206363149,0.102970406701482,0.));
#19644=CARTESIAN_POINT('',(0.265994206780381,0.102970407356376,0.));
#19645=CARTESIAN_POINT('',(0.260494206363149,0.135291998733635,0.));
#19646=CARTESIAN_POINT('',(0.260494206363149,0.13679199816765,0.));
#19647=CARTESIAN_POINT('',(0.260494206363149,0.133791998852353,0.));
#19648=CARTESIAN_POINT('',(0.260494206810184,0.133791998972053,0.));
#19649=CARTESIAN_POINT('',(0.265994206780381,0.133791998853335,0.));
#19650=CARTESIAN_POINT('',(0.265994206363149,0.136791998733635,0.));
#19651=CARTESIAN_POINT('',(0.26899420588653,0.136791998733635,0.));
#19652=CARTESIAN_POINT('',(0.268994205409474,0.136791997601147,0.));
#19653=CARTESIAN_POINT('',(0.268994205886093,0.142291997571343,0.));
#19654=CARTESIAN_POINT('',(0.267494206363149,0.142291998733635,0.));
#19655=CARTESIAN_POINT('',(0.265994206571479,0.142291998733635,0.));
#19656=CARTESIAN_POINT('',(0.265994206780381,0.142291997571344,0.));
#19657=CARTESIAN_POINT('',(0.265994206572051,0.137791999627703,0.));
#19658=CARTESIAN_POINT('',(0.264994206363149,0.137791998733635,0.));
#19659=CARTESIAN_POINT('',(0.264994206363149,0.13679199816765,0.));
#19660=CARTESIAN_POINT('',(0.264994204753823,0.136791997601147,0.));
#19661=CARTESIAN_POINT('',(0.260994207823462,0.174791998707558,0.));
#19662=CARTESIAN_POINT('',(0.260994207093639,0.174791998707558,0.));
#19663=CARTESIAN_POINT('',(0.260994207093639,0.164791998465414,0.));
#19664=CARTESIAN_POINT('',(0.262494206363149,0.164791998733635,0.));
#19665=CARTESIAN_POINT('',(0.263994206407669,0.164791998733635,0.));
#19666=CARTESIAN_POINT('',(0.263994206452556,0.164791998465414,0.));
#19667=CARTESIAN_POINT('',(0.263994206408036,0.174791998707558,0.));
#19668=CARTESIAN_POINT('',(0.262494206363149,0.174791998733635,0.));
#19669=CARTESIAN_POINT('',(0.265994206780381,0.0719704041377256,0.));
#19670=CARTESIAN_POINT('',(0.265994206572052,0.0719704041377249,0.));
#19671=CARTESIAN_POINT('',(0.265994206572051,0.0619704062238882,0.));
#19672=CARTESIAN_POINT('',(0.267494206363149,0.0619704060471867,0.));
#19673=CARTESIAN_POINT('',(0.26899420588653,0.0619704060471867,0.));
#19674=CARTESIAN_POINT('',(0.268994205409474,0.0619704062238882,0.));
#19675=CARTESIAN_POINT('',(0.268994205886093,0.0719704041377239,0.));
#19676=CARTESIAN_POINT('',(0.267494206363149,0.0719704060471867,0.));
#19677=CARTESIAN_POINT('',(0.266994205081649,0.174791998707558,0.));
#19678=CARTESIAN_POINT('',(0.266994205722106,0.174791998707558,0.));
#19679=CARTESIAN_POINT('',(0.266994205722106,0.164791998465414,0.));
#19680=CARTESIAN_POINT('',(0.268494206363149,0.164791998733635,0.));
#19681=CARTESIAN_POINT('',(0.269994206899345,0.164791998733635,0.));
#19682=CARTESIAN_POINT('',(0.269994207436032,0.164791998465414,0.));
#19683=CARTESIAN_POINT('',(0.269994206899836,0.174791998707558,0.));
#19684=CARTESIAN_POINT('',(0.268494206363149,0.174791998733635,0.));
#19685=CARTESIAN_POINT('',(0.166994206363149,0.0587362706436339,0.));
#19686=CARTESIAN_POINT('',(0.162994206177155,0.0587362707231614,0.));
#19687=CARTESIAN_POINT('',(0.1634164982545,0.0569474165893098,0.));
#19688=CARTESIAN_POINT('',(0.162994205991671,0.156267798967651,0.));
#19689=CARTESIAN_POINT('',(0.162994206177665,0.176267798888124,0.));
#19690=CARTESIAN_POINT('',(0.166994206363149,0.176267798888124,0.));
#19691=CARTESIAN_POINT('',(0.164037684624019,0.178962048172443,0.));
#19692=CARTESIAN_POINT('',(0.217994206363149,0.129791998733635,0.));
#19693=CARTESIAN_POINT('',(0.271950728102279,0.178962048172442,0.));
#19694=CARTESIAN_POINT('',(0.268994206363149,0.176267798888124,0.));
#19695=CARTESIAN_POINT('',(0.272994206363149,0.176267798888124,0.));
#19696=CARTESIAN_POINT('',(0.272994206363149,0.156267798888124,0.));
#19697=CARTESIAN_POINT('',(0.272994206363149,0.0587362706436338,0.));
#19698=CARTESIAN_POINT('',(0.268994206363149,0.0587362706436338,0.));
#19699=CARTESIAN_POINT('',(0.272571915262824,0.0569474181728626,0.));
#19700=CARTESIAN_POINT('',(0.259099778497405,0.0300031462804029,0.));
#19701=CARTESIAN_POINT('',(0.259099778516798,0.0300031446793107,0.));
#19702=CARTESIAN_POINT('',(0.255522070408149,0.0317919987336347,0.));
#19703=CARTESIAN_POINT('',(0.255522070408149,0.0277919987336347,0.));
#19704=CARTESIAN_POINT('',(0.218266342318148,0.0277919987336347,0.));
#19705=CARTESIAN_POINT('',(0.180466342318148,0.0277919987336347,0.));
#19706=CARTESIAN_POINT('',(0.180466342318148,0.0317919987336347,0.));
#19707=CARTESIAN_POINT('',(0.176888633573541,0.030003145952728,0.));
#19708=CARTESIAN_POINT('',(0.163416498118825,0.0569474185005376,0.));
#19709=CARTESIAN_POINT('',(0.166994206363149,0.0587362706436339,0.003));
#19710=CARTESIAN_POINT('',(0.261994206363149,0.140791998733635,0.003));
#19711=CARTESIAN_POINT('',(0.263494206363149,0.140791998733635,0.003));
#19712=CARTESIAN_POINT('',(0.261994206363149,0.0959704060471869,0.003));
#19713=CARTESIAN_POINT('',(0.263494206363149,0.0959704060471869,0.003));
#19714=CARTESIAN_POINT('',(0.257994206363149,0.0507968189638525,0.003));
#19715=CARTESIAN_POINT('',(0.259594206363149,0.0507968189638525,0.003));
#19716=CARTESIAN_POINT('',(0.250994206363149,0.0327919987336347,0.003));
#19717=CARTESIAN_POINT('',(0.249494206363149,0.0327919987336347,0.003));
#19718=CARTESIAN_POINT('',(0.249994206363149,0.177291998733635,0.003));
#19719=CARTESIAN_POINT('',(0.251494206363149,0.177291998733635,0.003));
#19720=CARTESIAN_POINT('',(0.249994206363149,0.0594704060471867,0.003));
#19721=CARTESIAN_POINT('',(0.251494206363149,0.0594704060471867,0.003));
#19722=CARTESIAN_POINT('',(0.244994206363149,0.140791998733635,0.003));
#19723=CARTESIAN_POINT('',(0.246494206363149,0.140791998733635,0.003));
#19724=CARTESIAN_POINT('',(0.244994206363149,0.0959704060471868,0.003));
#19725=CARTESIAN_POINT('',(0.246494206363149,0.0959704060471868,0.003));
#19726=CARTESIAN_POINT('',(0.243994206363149,0.177291998733635,0.003));
#19727=CARTESIAN_POINT('',(0.245494206363149,0.177291998733635,0.003));
#19728=CARTESIAN_POINT('',(0.243994206363149,0.0594704060471867,0.003));
#19729=CARTESIAN_POINT('',(0.245494206363149,0.0594704060471867,0.003));
#19730=CARTESIAN_POINT('',(0.237994206363149,0.177291998733635,0.003));
#19731=CARTESIAN_POINT('',(0.239494206363149,0.177291998733635,0.003));
#19732=CARTESIAN_POINT('',(0.237994206363149,0.0594704060471866,0.003));
#19733=CARTESIAN_POINT('',(0.239494206363149,0.0594704060471866,0.003));
#19734=CARTESIAN_POINT('',(0.227994206363149,0.140791998733635,0.003));
#19735=CARTESIAN_POINT('',(0.229494206363149,0.140791998733635,0.003));
#19736=CARTESIAN_POINT('',(0.227994206363149,0.0959704060471867,0.003));
#19737=CARTESIAN_POINT('',(0.229494206363149,0.0959704060471867,0.003));
#19738=CARTESIAN_POINT('',(0.184994206363149,0.0327919987336347,0.003));
#19739=CARTESIAN_POINT('',(0.183494206363149,0.0327919987336347,0.003));
#19740=CARTESIAN_POINT('',(0.173994206363149,0.0959704060471868,0.003));
#19741=CARTESIAN_POINT('',(0.175494206363149,0.0959704060471868,0.003));
#19742=CARTESIAN_POINT('',(0.173994206363149,0.140791998733635,0.003));
#19743=CARTESIAN_POINT('',(0.175494206363149,0.140791998733635,0.003));
#19744=CARTESIAN_POINT('',(0.177994206363149,0.0507968189638525,0.003));
#19745=CARTESIAN_POINT('',(0.179594206363149,0.0507968189638525,0.003));
#19746=CARTESIAN_POINT('',(0.178994206363149,0.172791998733635,0.003));
#19747=CARTESIAN_POINT('',(0.177494206363149,0.172791998733635,0.003));
#19748=CARTESIAN_POINT('',(0.185994206363149,0.0594704060471867,0.003));
#19749=CARTESIAN_POINT('',(0.187494206363149,0.0594704060471867,0.003));
#19750=CARTESIAN_POINT('',(0.185994206363149,0.177291998733635,0.003));
#19751=CARTESIAN_POINT('',(0.187494206363149,0.177291998733635,0.003));
#19752=CARTESIAN_POINT('',(0.190994206363149,0.0959704060471867,0.003));
#19753=CARTESIAN_POINT('',(0.192494206363149,0.0959704060471867,0.003));
#19754=CARTESIAN_POINT('',(0.190994206363149,0.140791998733635,0.003));
#19755=CARTESIAN_POINT('',(0.192494206363149,0.140791998733635,0.003));
#19756=CARTESIAN_POINT('',(0.191994206363149,0.0594704060471867,0.003));
#19757=CARTESIAN_POINT('',(0.193494206363149,0.0594704060471867,0.003));
#19758=CARTESIAN_POINT('',(0.191994206363149,0.177291998733635,0.003));
#19759=CARTESIAN_POINT('',(0.193494206363149,0.177291998733635,0.003));
#19760=CARTESIAN_POINT('',(0.197994206363149,0.0594704060471866,0.003));
#19761=CARTESIAN_POINT('',(0.199494206363149,0.0594704060471866,0.003));
#19762=CARTESIAN_POINT('',(0.197994206363149,0.177291998733635,0.003));
#19763=CARTESIAN_POINT('',(0.199494206363149,0.177291998733635,0.003));
#19764=CARTESIAN_POINT('',(0.207994206363149,0.0959704060471866,0.003));
#19765=CARTESIAN_POINT('',(0.209494206363149,0.0959704060471866,0.003));
#19766=CARTESIAN_POINT('',(0.207994206363149,0.140791998733635,0.003));
#19767=CARTESIAN_POINT('',(0.209494206363149,0.140791998733635,0.003));
#19768=CARTESIAN_POINT('',(0.217994206363149,0.0849704060471866,0.003));
#19769=CARTESIAN_POINT('',(0.220994206363149,0.0849704060471866,0.003));
#19770=CARTESIAN_POINT('',(0.217994206363149,0.151791998733635,0.003));
#19771=CARTESIAN_POINT('',(0.220994206363149,0.151791998733635,0.003));
#19772=CARTESIAN_POINT('',(0.217994206363149,0.168291998733635,0.003));
#19773=CARTESIAN_POINT('',(0.220994206363149,0.168291998733635,0.003));
#19774=CARTESIAN_POINT('',(0.217994206363149,0.186291998733635,0.003));
#19775=CARTESIAN_POINT('',(0.220994206363149,0.186291998733635,0.003));
#19776=CARTESIAN_POINT('',(0.217994206363149,0.114796901165671,0.003));
#19777=CARTESIAN_POINT('',(0.219494206363149,0.114796901165671,0.003));
#19778=CARTESIAN_POINT('',(0.217994206363149,0.197791998733635,0.003));
#19779=CARTESIAN_POINT('',(0.216494206363149,0.197791998733635,0.003));
#19780=CARTESIAN_POINT('',(0.256994206363149,0.172791998733635,0.003));
#19781=CARTESIAN_POINT('',(0.255494206363149,0.172791998733635,0.003));
#19782=CARTESIAN_POINT('',(0.165994205290265,0.174791998707558,0.003));
#19783=CARTESIAN_POINT('',(0.165994205826462,0.174791998707558,0.003));
#19784=CARTESIAN_POINT('',(0.165994205826462,0.164791998465414,0.003));
#19785=CARTESIAN_POINT('',(0.167494206363149,0.174791998733635,0.003));
#19786=CARTESIAN_POINT('',(0.168994207004192,0.174791998707558,0.003));
#19787=CARTESIAN_POINT('',(0.168994207644649,0.164791998465414,0.003));
#19788=CARTESIAN_POINT('',(0.168994207003606,0.164791998733635,0.003));
#19789=CARTESIAN_POINT('',(0.167494206363149,0.164791998733635,0.003));
#19790=CARTESIAN_POINT('',(0.166994207316823,0.0719704041377256,0.003));
#19791=CARTESIAN_POINT('',(0.166994206840205,0.0719704041377239,0.003));
#19792=CARTESIAN_POINT('',(0.166994206840204,0.0619704062238884,0.003));
#19793=CARTESIAN_POINT('',(0.168494206363149,0.0719704060471866,0.003));
#19794=CARTESIAN_POINT('',(0.169994206154246,0.0719704041377249,0.003));
#19795=CARTESIAN_POINT('',(0.169994205945916,0.0619704062238882,0.003));
#19796=CARTESIAN_POINT('',(0.169994206154819,0.0619704060471866,0.003));
#19797=CARTESIAN_POINT('',(0.168494206363149,0.0619704060471866,0.003));
#19798=CARTESIAN_POINT('',(0.166994207316823,0.0999704087272832,0.003));
#19799=CARTESIAN_POINT('',(0.166994206840205,0.0999704087272844,0.003));
#19800=CARTESIAN_POINT('',(0.166994206840204,0.0944704050317944,0.003));
#19801=CARTESIAN_POINT('',(0.169994206363149,0.0999704060471869,0.003));
#19802=CARTESIAN_POINT('',(0.169994205945916,0.102970406702081,0.003));
#19803=CARTESIAN_POINT('',(0.175494205916114,0.102970407356376,0.003));
#19804=CARTESIAN_POINT('',(0.175494206363149,0.102970406701482,0.003));
#19805=CARTESIAN_POINT('',(0.175494206363149,0.101470406047187,0.003));
#19806=CARTESIAN_POINT('',(0.175494205916113,0.0999704073874394,0.003));
#19807=CARTESIAN_POINT('',(0.170994207972474,0.0999704087272832,0.003));
#19808=CARTESIAN_POINT('',(0.170994206363149,0.0999704073870308,0.003));
#19809=CARTESIAN_POINT('',(0.170994206363149,0.0989704060471868,0.003));
#19810=CARTESIAN_POINT('',(0.169994206154246,0.0989704067007249,0.003));
#19811=CARTESIAN_POINT('',(0.169994205945916,0.0944704050317953,0.003));
#19812=CARTESIAN_POINT('',(0.169994206154819,0.0944704060471869,0.003));
#19813=CARTESIAN_POINT('',(0.168494206363149,0.0944704060471869,0.003));
#19814=CARTESIAN_POINT('',(0.166994207316823,0.116881203849668,0.003));
#19815=CARTESIAN_POINT('',(0.166994207316823,0.116881203849668,0.003));
#19816=CARTESIAN_POINT('',(0.166994206840204,0.11252025609171,0.003));
#19817=CARTESIAN_POINT('',(0.186994206869788,0.116881203849668,0.003));
#19818=CARTESIAN_POINT('',(0.186994206363149,0.116881203119706,0.003));
#19819=CARTESIAN_POINT('',(0.186994206363149,0.115381202390411,0.003));
#19820=CARTESIAN_POINT('',(0.186994206869788,0.113881201942643,0.003));
#19821=CARTESIAN_POINT('',(0.169994205945916,0.113881201495285,0.003));
#19822=CARTESIAN_POINT('',(0.169994205945916,0.113881201495285,0.003));
#19823=CARTESIAN_POINT('',(0.169994205945916,0.112520256091709,0.003));
#19824=CARTESIAN_POINT('',(0.169994206154819,0.112520254794987,0.003));
#19825=CARTESIAN_POINT('',(0.168494206363149,0.112520254794987,0.003));
#19826=CARTESIAN_POINT('',(0.166994207316823,0.124242150236721,0.003));
#19827=CARTESIAN_POINT('',(0.166994206840204,0.124242150236721,0.003));
#19828=CARTESIAN_POINT('',(0.166994207316823,0.119881202478761,0.003));
#19829=CARTESIAN_POINT('',(0.168494206363149,0.124242149985835,0.003));
#19830=CARTESIAN_POINT('',(0.169994206154246,0.124242150236721,0.003));
#19831=CARTESIAN_POINT('',(0.169994205945916,0.122881201107855,0.003));
#19832=CARTESIAN_POINT('',(0.169994205945916,0.122881201107855,0.003));
#19833=CARTESIAN_POINT('',(0.1763942062499,0.122881201107855,0.003));
#19834=CARTESIAN_POINT('',(0.1763942062499,0.122881201107855,0.003));
#19835=CARTESIAN_POINT('',(0.1763942062499,0.12488120143568,0.003));
#19836=CARTESIAN_POINT('',(0.176394206306758,0.124881202390411,0.003));
#19837=CARTESIAN_POINT('',(0.177994206363149,0.124881202390411,0.003));
#19838=CARTESIAN_POINT('',(0.179594205450781,0.124881201435678,0.003));
#19839=CARTESIAN_POINT('',(0.179594204539247,0.122881201107855,0.003));
#19840=CARTESIAN_POINT('',(0.179594204539247,0.122881201107855,0.003));
#19841=CARTESIAN_POINT('',(0.186994206869788,0.122881201107855,0.003));
#19842=CARTESIAN_POINT('',(0.186994206363149,0.122881201749426,0.003));
#19843=CARTESIAN_POINT('',(0.186994206363149,0.121381202390411,0.003));
#19844=CARTESIAN_POINT('',(0.186994206869788,0.119881202434768,0.003));
#19845=CARTESIAN_POINT('',(0.166994207316823,0.119881202478761,0.003));
#19846=CARTESIAN_POINT('',(0.166994207316823,0.142291997571344,0.003));
#19847=CARTESIAN_POINT('',(0.166994206840204,0.142291997571343,0.003));
#19848=CARTESIAN_POINT('',(0.166994206840204,0.136791997601146,0.003));
#19849=CARTESIAN_POINT('',(0.168494206363149,0.142291998733635,0.003));
#19850=CARTESIAN_POINT('',(0.169994206154246,0.142291997571344,0.003));
#19851=CARTESIAN_POINT('',(0.169994205945916,0.137791999627704,0.003));
#19852=CARTESIAN_POINT('',(0.169994206154819,0.137791998733634,0.003));
#19853=CARTESIAN_POINT('',(0.170994206363149,0.137791998733634,0.003));
#19854=CARTESIAN_POINT('',(0.170994207972472,0.136791998167132,0.003));
#19855=CARTESIAN_POINT('',(0.175494205916114,0.136791997601147,0.003));
#19856=CARTESIAN_POINT('',(0.175494206363149,0.136791998167649,0.003));
#19857=CARTESIAN_POINT('',(0.175494206363149,0.135291998733634,0.003));
#19858=CARTESIAN_POINT('',(0.175494205916114,0.133791998853334,0.003));
#19859=CARTESIAN_POINT('',(0.169994205945916,0.133791998972053,0.003));
#19860=CARTESIAN_POINT('',(0.169994206363149,0.133791998852353,0.003));
#19861=CARTESIAN_POINT('',(0.169994206363149,0.136791998733634,0.003));
#19862=CARTESIAN_POINT('',(0.168458672457216,0.0845059399531193,0.003));
#19863=CARTESIAN_POINT('',(0.169519333341772,0.0855666008376741,0.003));
#19864=CARTESIAN_POINT('',(0.167398013173018,0.0834452806689201,0.003));
#19865=CARTESIAN_POINT('',(0.176590398663468,0.0784955332175443,0.003));
#19866=CARTESIAN_POINT('',(0.176590400222939,0.0784955320951123,0.003));
#19867=CARTESIAN_POINT('',(0.175529740269081,0.0774348721412538,0.003));
#19868=CARTESIAN_POINT('',(0.174469080575209,0.0763742114039953,0.003));
#19869=CARTESIAN_POINT('',(0.167398013884015,0.0834452817336271,0.003));
#19870=CARTESIAN_POINT('',(0.168458672457216,0.152256464827702,0.003));
#19871=CARTESIAN_POINT('',(0.167398012786022,0.153317124498897,0.003));
#19872=CARTESIAN_POINT('',(0.169519332489726,0.151195804795192,0.003));
#19873=CARTESIAN_POINT('',(0.174469080531783,0.160388193105216,0.003));
#19874=CARTESIAN_POINT('',(0.17446908013231,0.160388192776339,0.003));
#19875=CARTESIAN_POINT('',(0.175529740269081,0.159327532639567,0.003));
#19876=CARTESIAN_POINT('',(0.176590399268313,0.158266872506038,0.003));
#19877=CARTESIAN_POINT('',(0.1695193320157,0.151195804600472,0.003));
#19878=CARTESIAN_POINT('',(0.168494206363149,0.107470406047187,0.003));
#19879=CARTESIAN_POINT('',(0.168494206363149,0.108970405331203,0.003));
#19880=CARTESIAN_POINT('',(0.168494206363149,0.105970406016709,0.003));
#19881=CARTESIAN_POINT('',(0.185494207555242,0.108970404614563,0.003));
#19882=CARTESIAN_POINT('',(0.185494207555242,0.108970404614563,0.003));
#19883=CARTESIAN_POINT('',(0.185494207555242,0.1104704076544,0.003));
#19884=CARTESIAN_POINT('',(0.185494206958923,0.110470406047187,0.003));
#19885=CARTESIAN_POINT('',(0.186994206363149,0.110470406047187,0.003));
#19886=CARTESIAN_POINT('',(0.188494206273374,0.1104704076544,0.003));
#19887=CARTESIAN_POINT('',(0.188494206184335,0.10597040598547,0.003));
#19888=CARTESIAN_POINT('',(0.188494206184335,0.10597040598547,0.003));
#19889=CARTESIAN_POINT('',(0.16849420663137,0.10597040598547,0.003));
#19890=CARTESIAN_POINT('',(0.168494206363149,0.129291998733634,0.003));
#19891=CARTESIAN_POINT('',(0.168494206363149,0.130791999537929,0.003));
#19892=CARTESIAN_POINT('',(0.168494206363149,0.127791998361276,0.003));
#19893=CARTESIAN_POINT('',(0.188494206184335,0.13079200034296,0.003));
#19894=CARTESIAN_POINT('',(0.188494206184335,0.13079200034296,0.003));
#19895=CARTESIAN_POINT('',(0.188494206184335,0.12629199867403,0.003));
#19896=CARTESIAN_POINT('',(0.18849420627411,0.126291998733634,0.003));
#19897=CARTESIAN_POINT('',(0.186994206363149,0.126291998733634,0.003));
#19898=CARTESIAN_POINT('',(0.185494206959468,0.12629199867403,0.003));
#19899=CARTESIAN_POINT('',(0.185494207555242,0.127791997988577,0.003));
#19900=CARTESIAN_POINT('',(0.185494207555242,0.127791997988577,0.003));
#19901=CARTESIAN_POINT('',(0.16849420663137,0.127791997988577,0.003));
#19902=CARTESIAN_POINT('',(0.171994206273742,0.174791998707558,0.003));
#19903=CARTESIAN_POINT('',(0.171994206318262,0.174791998707558,0.003));
#19904=CARTESIAN_POINT('',(0.171994206318262,0.164791998465414,0.003));
#19905=CARTESIAN_POINT('',(0.173494206363149,0.174791998733635,0.003));
#19906=CARTESIAN_POINT('',(0.174994205632658,0.174791998707558,0.003));
#19907=CARTESIAN_POINT('',(0.174994204902835,0.164791998465414,0.003));
#19908=CARTESIAN_POINT('',(0.174994205633326,0.164791998733635,0.003));
#19909=CARTESIAN_POINT('',(0.173494206363149,0.164791998733635,0.003));
#19910=CARTESIAN_POINT('',(0.172494206363149,0.0904704060471869,0.003));
#19911=CARTESIAN_POINT('',(0.172494206363149,0.0919704067312711,0.003));
#19912=CARTESIAN_POINT('',(0.172494206363149,0.0889704074168286,0.003));
#19913=CARTESIAN_POINT('',(0.17699420523066,0.0919704074159811,0.003));
#19914=CARTESIAN_POINT('',(0.176994206363149,0.0919704067312711,0.003));
#19915=CARTESIAN_POINT('',(0.176994206363149,0.0929704060471869,0.003));
#19916=CARTESIAN_POINT('',(0.177994206810385,0.0929704094425347,0.003));
#19917=CARTESIAN_POINT('',(0.177994207257218,0.0974704036608884,0.003));
#19918=CARTESIAN_POINT('',(0.177994206809979,0.0974704060471868,0.003));
#19919=CARTESIAN_POINT('',(0.179494206363149,0.0974704060471868,0.003));
#19920=CARTESIAN_POINT('',(0.180994206124403,0.0974704036608874,0.003));
#19921=CARTESIAN_POINT('',(0.180994205886312,0.0919704074159811,0.003));
#19922=CARTESIAN_POINT('',(0.180994206125058,0.0919704060471869,0.003));
#19923=CARTESIAN_POINT('',(0.177994206363149,0.0919704060471869,0.003));
#19924=CARTESIAN_POINT('',(0.177994207257219,0.0889704074172462,0.003));
#19925=CARTESIAN_POINT('',(0.172494207287021,0.0889704087868879,0.003));
#19926=CARTESIAN_POINT('',(0.172494206363149,0.146291998733635,0.003));
#19927=CARTESIAN_POINT('',(0.172494206363149,0.147791999068451,0.003));
#19928=CARTESIAN_POINT('',(0.172494206363149,0.144791998822674,0.003));
#19929=CARTESIAN_POINT('',(0.177994207257218,0.147791999404187,0.003));
#19930=CARTESIAN_POINT('',(0.177994206363149,0.147791999068451,0.003));
#19931=CARTESIAN_POINT('',(0.177994206363149,0.144791998733635,0.003));
#19932=CARTESIAN_POINT('',(0.180994206124404,0.144791998912449,0.003));
#19933=CARTESIAN_POINT('',(0.180994205886312,0.139291998942251,0.003));
#19934=CARTESIAN_POINT('',(0.180994206125058,0.139291998733635,0.003));
#19935=CARTESIAN_POINT('',(0.179494206363149,0.139291998733635,0.003));
#19936=CARTESIAN_POINT('',(0.177994206810388,0.139291998942251,0.003));
#19937=CARTESIAN_POINT('',(0.177994207257218,0.143791996885891,0.003));
#19938=CARTESIAN_POINT('',(0.177994206809979,0.143791998733634,0.003));
#19939=CARTESIAN_POINT('',(0.176994206363149,0.143791998733634,0.003));
#19940=CARTESIAN_POINT('',(0.17699420523066,0.144791998823409,0.003));
#19941=CARTESIAN_POINT('',(0.172494207287021,0.144791998912449,0.003));
#19942=CARTESIAN_POINT('',(0.172994204575009,0.0719704041377256,0.003));
#19943=CARTESIAN_POINT('',(0.172994205468671,0.0719704041377288,0.003));
#19944=CARTESIAN_POINT('',(0.17299420546867,0.0619704062238879,0.003));
#19945=CARTESIAN_POINT('',(0.174494206363149,0.0719704060471866,0.003));
#19946=CARTESIAN_POINT('',(0.175994206646659,0.0719704041377265,0.003));
#19947=CARTESIAN_POINT('',(0.175994206929393,0.0619704062238882,0.003));
#19948=CARTESIAN_POINT('',(0.175994206645883,0.0619704060471866,0.003));
#19949=CARTESIAN_POINT('',(0.174494206363149,0.0619704060471866,0.003));
#19950=CARTESIAN_POINT('',(0.1763942062499,0.184791998949702,0.003));
#19951=CARTESIAN_POINT('',(0.176394206306291,0.184791998949702,0.003));
#19952=CARTESIAN_POINT('',(0.176394206306291,0.178791998781132,0.003));
#19953=CARTESIAN_POINT('',(0.177994206363149,0.184791998733635,0.003));
#19954=CARTESIAN_POINT('',(0.179594205450781,0.184791998949702,0.003));
#19955=CARTESIAN_POINT('',(0.179594204539247,0.178791998781132,0.003));
#19956=CARTESIAN_POINT('',(0.179594205451615,0.178791998733635,0.003));
#19957=CARTESIAN_POINT('',(0.177994206363149,0.178791998733635,0.003));
#19958=CARTESIAN_POINT('',(0.178458672457216,0.0845059399531193,0.003));
#19959=CARTESIAN_POINT('',(0.179519333751709,0.0855666012476107,0.003));
#19960=CARTESIAN_POINT('',(0.177398012651445,0.0834452801473478,0.003));
#19961=CARTESIAN_POINT('',(0.186590400302596,0.0784955332175443,0.003));
#19962=CARTESIAN_POINT('',(0.18659040063216,0.0784955325043321,0.003));
#19963=CARTESIAN_POINT('',(0.185529740269081,0.0774348721412538,0.003));
#19964=CARTESIAN_POINT('',(0.18446907901051,0.0763742119254563,0.003));
#19965=CARTESIAN_POINT('',(0.177398011797853,0.0834452817336271,0.003));
#19966=CARTESIAN_POINT('',(0.178458672457216,0.152256464827702,0.003));
#19967=CARTESIAN_POINT('',(0.177398012264966,0.153317125019952,0.003));
#19968=CARTESIAN_POINT('',(0.179519332899193,0.151195804385725,0.003));
#19969=CARTESIAN_POINT('',(0.184469078445621,0.160388193105216,0.003));
#19970=CARTESIAN_POINT('',(0.184469079611137,0.160388193297512,0.003));
#19971=CARTESIAN_POINT('',(0.185529740269081,0.159327532639567,0.003));
#19972=CARTESIAN_POINT('',(0.186590400497669,0.158266872915812,0.003));
#19973=CARTESIAN_POINT('',(0.179519333654828,0.151195804600472,0.003));
#19974=CARTESIAN_POINT('',(0.183994204515405,0.0999704087272832,0.003));
#19975=CARTESIAN_POINT('',(0.183994205438855,0.0999704087272809,0.003));
#19976=CARTESIAN_POINT('',(0.183994205438855,0.0944704050317971,0.003));
#19977=CARTESIAN_POINT('',(0.186994206363149,0.0999704060471867,0.003));
#19978=CARTESIAN_POINT('',(0.186994206869788,0.102970406702081,0.003));
#19979=CARTESIAN_POINT('',(0.192494206839986,0.102970407356376,0.003));
#19980=CARTESIAN_POINT('',(0.192494206363149,0.102970406701482,0.003));
#19981=CARTESIAN_POINT('',(0.192494206363149,0.101470406047187,0.003));
#19982=CARTESIAN_POINT('',(0.192494206839987,0.0999704073874394,0.003));
#19983=CARTESIAN_POINT('',(0.187994207033701,0.0999704087272832,0.003));
#19984=CARTESIAN_POINT('',(0.187994206363149,0.0999704073870307,0.003));
#19985=CARTESIAN_POINT('',(0.187994206363149,0.0989704060471867,0.003));
#19986=CARTESIAN_POINT('',(0.186994206616816,0.0989704067007258,0.003));
#19987=CARTESIAN_POINT('',(0.186994206869788,0.0944704050317953,0.003));
#19988=CARTESIAN_POINT('',(0.186994206616121,0.0944704060471867,0.003));
#19989=CARTESIAN_POINT('',(0.185494206363149,0.0944704060471867,0.003));
#19990=CARTESIAN_POINT('',(0.183994204515405,0.142291997571344,0.003));
#19991=CARTESIAN_POINT('',(0.183994205438855,0.142291997571346,0.003));
#19992=CARTESIAN_POINT('',(0.183994205438855,0.136791997601148,0.003));
#19993=CARTESIAN_POINT('',(0.185494206363149,0.142291998733635,0.003));
#19994=CARTESIAN_POINT('',(0.186994206616816,0.142291997571345,0.003));
#19995=CARTESIAN_POINT('',(0.186994206869788,0.137791999627704,0.003));
#19996=CARTESIAN_POINT('',(0.186994206616121,0.137791998733635,0.003));
#19997=CARTESIAN_POINT('',(0.187994206363149,0.137791998733635,0.003));
#19998=CARTESIAN_POINT('',(0.1879942070337,0.136791998167132,0.003));
#19999=CARTESIAN_POINT('',(0.192494206839986,0.136791997601147,0.003));
#20000=CARTESIAN_POINT('',(0.192494206363149,0.13679199816765,0.003));
#20001=CARTESIAN_POINT('',(0.192494206363149,0.135291998733635,0.003));
#20002=CARTESIAN_POINT('',(0.192494206839986,0.133791998853335,0.003));
#20003=CARTESIAN_POINT('',(0.186994206869788,0.133791998972053,0.003));
#20004=CARTESIAN_POINT('',(0.186994206363149,0.133791998852353,0.003));
#20005=CARTESIAN_POINT('',(0.186994206363149,0.136791998733635,0.003));
#20006=CARTESIAN_POINT('',(0.184494205528684,0.0544704059258649,0.003));
#20007=CARTESIAN_POINT('',(0.184494205945726,0.054470405925865,0.003));
#20008=CARTESIAN_POINT('',(0.184494205945726,0.0474704066411202,0.003));
#20009=CARTESIAN_POINT('',(0.185994206363149,0.0544704060471867,0.003));
#20010=CARTESIAN_POINT('',(0.18749420619155,0.0544704059258649,0.003));
#20011=CARTESIAN_POINT('',(0.187494206020422,0.0474704066411207,0.003));
#20012=CARTESIAN_POINT('',(0.187494206192021,0.0474704060471867,0.003));
#20013=CARTESIAN_POINT('',(0.185994206363149,0.0474704060471867,0.003));
#20014=CARTESIAN_POINT('',(0.184494205528684,0.0714704031244466,0.003));
#20015=CARTESIAN_POINT('',(0.184494205945727,0.0714704031244489,0.003));
#20016=CARTESIAN_POINT('',(0.184494205945727,0.0644704038397041,0.003));
#20017=CARTESIAN_POINT('',(0.185994206363149,0.0714704060471867,0.003));
#20018=CARTESIAN_POINT('',(0.187494206191549,0.0714704031244458,0.003));
#20019=CARTESIAN_POINT('',(0.187494206020422,0.0644704038397024,0.003));
#20020=CARTESIAN_POINT('',(0.187494206192021,0.0644704060471867,0.003));
#20021=CARTESIAN_POINT('',(0.185994206363149,0.0644704060471867,0.003));
#20022=CARTESIAN_POINT('',(0.184494205528684,0.172291998763437,0.003));
#20023=CARTESIAN_POINT('',(0.184494205945726,0.172291998763437,0.003));
#20024=CARTESIAN_POINT('',(0.184494205945726,0.16529199854737,0.003));
#20025=CARTESIAN_POINT('',(0.185994206363149,0.172291998733635,0.003));
#20026=CARTESIAN_POINT('',(0.18749420619155,0.172291998763437,0.003));
#20027=CARTESIAN_POINT('',(0.187494206020422,0.16529199854737,0.003));
#20028=CARTESIAN_POINT('',(0.187494206192021,0.165291998733635,0.003));
#20029=CARTESIAN_POINT('',(0.185994206363149,0.165291998733635,0.003));
#20030=CARTESIAN_POINT('',(0.184494205528684,0.189291998755986,0.003));
#20031=CARTESIAN_POINT('',(0.184494205945726,0.189291998755986,0.003));
#20032=CARTESIAN_POINT('',(0.184494205945726,0.18229199853992,0.003));
#20033=CARTESIAN_POINT('',(0.185994206363149,0.189291998733635,0.003));
#20034=CARTESIAN_POINT('',(0.18749420619155,0.189291998755986,0.003));
#20035=CARTESIAN_POINT('',(0.187494206020422,0.18229199853992,0.003));
#20036=CARTESIAN_POINT('',(0.187494206192021,0.182291998733635,0.003));
#20037=CARTESIAN_POINT('',(0.185994206363149,0.182291998733635,0.003));
#20038=CARTESIAN_POINT('',(0.188458672457216,0.0845059399531193,0.003));
#20039=CARTESIAN_POINT('',(0.189519333695839,0.0855666011917401,0.003));
#20040=CARTESIAN_POINT('',(0.187398012595591,0.0834452800914941,0.003));
#20041=CARTESIAN_POINT('',(0.196590400079079,0.0784955332175443,0.003));
#20042=CARTESIAN_POINT('',(0.196590400576357,0.0784955324485295,0.003));
#20043=CARTESIAN_POINT('',(0.195529740269081,0.0774348721412538,0.003));
#20044=CARTESIAN_POINT('',(0.194469080239899,0.0763742115157205,0.003));
#20045=CARTESIAN_POINT('',(0.187398011574335,0.0834452817336271,0.003));
#20046=CARTESIAN_POINT('',(0.188458672457216,0.152256464827702,0.003));
#20047=CARTESIAN_POINT('',(0.187398012209146,0.153317125075772,0.003));
#20048=CARTESIAN_POINT('',(0.189519332843143,0.151195804441775,0.003));
#20049=CARTESIAN_POINT('',(0.194469080084748,0.160388193105216,0.003));
#20050=CARTESIAN_POINT('',(0.194469080021011,0.160388192887638,0.003));
#20051=CARTESIAN_POINT('',(0.195529740269081,0.159327532639567,0.003));
#20052=CARTESIAN_POINT('',(0.196590400329954,0.15826687286001,0.003));
#20053=CARTESIAN_POINT('',(0.189519333431311,0.151195804600472,0.003));
#20054=CARTESIAN_POINT('',(0.189494206363149,0.0904704060471867,0.003));
#20055=CARTESIAN_POINT('',(0.189494206363149,0.091970406731271,0.003));
#20056=CARTESIAN_POINT('',(0.189494206363149,0.0889704074168285,0.003));
#20057=CARTESIAN_POINT('',(0.193994206154532,0.0919704074159811,0.003));
#20058=CARTESIAN_POINT('',(0.193994206363149,0.091970406731271,0.003));
#20059=CARTESIAN_POINT('',(0.193994206363149,0.0929704060471867,0.003));
#20060=CARTESIAN_POINT('',(0.194994206340518,0.0929704094425392,0.003));
#20061=CARTESIAN_POINT('',(0.194994206318445,0.0974704036608884,0.003));
#20062=CARTESIAN_POINT('',(0.194994206341073,0.0974704060471867,0.003));
#20063=CARTESIAN_POINT('',(0.196494206363149,0.0974704060471868,0.003));
#20064=CARTESIAN_POINT('',(0.197994206586972,0.0974704036608892,0.003));
#20065=CARTESIAN_POINT('',(0.197994206810184,0.0919704074159811,0.003));
#20066=CARTESIAN_POINT('',(0.19799420658636,0.0919704060471867,0.003));
#20067=CARTESIAN_POINT('',(0.194994206363149,0.0919704060471867,0.003));
#20068=CARTESIAN_POINT('',(0.194994206318445,0.0889704074172461,0.003));
#20069=CARTESIAN_POINT('',(0.189494206348248,0.0889704087868879,0.003));
#20070=CARTESIAN_POINT('',(0.189494206363149,0.146291998733635,0.003));
#20071=CARTESIAN_POINT('',(0.189494206363149,0.147791999068451,0.003));
#20072=CARTESIAN_POINT('',(0.189494206363149,0.144791998822674,0.003));
#20073=CARTESIAN_POINT('',(0.194994206318445,0.147791999404187,0.003));
#20074=CARTESIAN_POINT('',(0.194994206363149,0.147791999068451,0.003));
#20075=CARTESIAN_POINT('',(0.194994206363149,0.144791998733635,0.003));
#20076=CARTESIAN_POINT('',(0.197994206586973,0.144791998912449,0.003));
#20077=CARTESIAN_POINT('',(0.197994206810184,0.139291998942251,0.003));
#20078=CARTESIAN_POINT('',(0.19799420658636,0.139291998733635,0.003));
#20079=CARTESIAN_POINT('',(0.196494206363149,0.139291998733635,0.003));
#20080=CARTESIAN_POINT('',(0.194994206340521,0.139291998942251,0.003));
#20081=CARTESIAN_POINT('',(0.194994206318445,0.143791996885891,0.003));
#20082=CARTESIAN_POINT('',(0.194994206341073,0.143791998733635,0.003));
#20083=CARTESIAN_POINT('',(0.193994206363149,0.143791998733635,0.003));
#20084=CARTESIAN_POINT('',(0.193994206154532,0.14479199882341,0.003));
#20085=CARTESIAN_POINT('',(0.189494206348248,0.144791998912449,0.003));
#20086=CARTESIAN_POINT('',(0.19049420651216,0.0544704059258649,0.003));
#20087=CARTESIAN_POINT('',(0.190494206437961,0.0544704059258649,0.003));
#20088=CARTESIAN_POINT('',(0.190494206437961,0.0474704066411208,0.003));
#20089=CARTESIAN_POINT('',(0.191994206363149,0.0544704060471867,0.003));
#20090=CARTESIAN_POINT('',(0.193494206683963,0.0544704059258649,0.003));
#20091=CARTESIAN_POINT('',(0.193494207003899,0.0474704066411207,0.003));
#20092=CARTESIAN_POINT('',(0.193494206683085,0.0474704060471867,0.003));
#20093=CARTESIAN_POINT('',(0.191994206363149,0.0474704060471867,0.003));
#20094=CARTESIAN_POINT('',(0.19049420651216,0.0714704031244466,0.003));
#20095=CARTESIAN_POINT('',(0.190494206437963,0.0714704031244463,0.003));
#20096=CARTESIAN_POINT('',(0.190494206437962,0.0644704038397022,0.003));
#20097=CARTESIAN_POINT('',(0.191994206363149,0.0714704060471867,0.003));
#20098=CARTESIAN_POINT('',(0.193494206683962,0.0714704031244482,0.003));
#20099=CARTESIAN_POINT('',(0.193494207003899,0.0644704038397024,0.003));
#20100=CARTESIAN_POINT('',(0.193494206683085,0.0644704060471867,0.003));
#20101=CARTESIAN_POINT('',(0.191994206363149,0.0644704060471867,0.003));
#20102=CARTESIAN_POINT('',(0.19049420651216,0.172291998763437,0.003));
#20103=CARTESIAN_POINT('',(0.190494206437961,0.172291998763437,0.003));
#20104=CARTESIAN_POINT('',(0.190494206437961,0.16529199854737,0.003));
#20105=CARTESIAN_POINT('',(0.191994206363149,0.172291998733635,0.003));
#20106=CARTESIAN_POINT('',(0.193494206683963,0.172291998763437,0.003));
#20107=CARTESIAN_POINT('',(0.193494207003899,0.16529199854737,0.003));
#20108=CARTESIAN_POINT('',(0.193494206683085,0.165291998733635,0.003));
#20109=CARTESIAN_POINT('',(0.191994206363149,0.165291998733635,0.003));
#20110=CARTESIAN_POINT('',(0.19049420651216,0.189291998755986,0.003));
#20111=CARTESIAN_POINT('',(0.190494206437961,0.189291998755986,0.003));
#20112=CARTESIAN_POINT('',(0.190494206437961,0.18229199853992,0.003));
#20113=CARTESIAN_POINT('',(0.191994206363149,0.189291998733635,0.003));
#20114=CARTESIAN_POINT('',(0.193494206683963,0.189291998755986,0.003));
#20115=CARTESIAN_POINT('',(0.193494207003899,0.18229199853992,0.003));
#20116=CARTESIAN_POINT('',(0.193494206683085,0.182291998733635,0.003));
#20117=CARTESIAN_POINT('',(0.191994206363149,0.182291998733635,0.003));
#20118=CARTESIAN_POINT('',(0.191494206676073,0.1104704076544,0.003));
#20119=CARTESIAN_POINT('',(0.191494206519826,0.110470407654401,0.003));
#20120=CARTESIAN_POINT('',(0.191494206676073,0.10597040598547,0.003));
#20121=CARTESIAN_POINT('',(0.192994206363149,0.110470406047187,0.003));
#20122=CARTESIAN_POINT('',(0.194494206765664,0.110470407654399,0.003));
#20123=CARTESIAN_POINT('',(0.194494207167811,0.108970404614563,0.003));
#20124=CARTESIAN_POINT('',(0.194494207167811,0.108970404614563,0.003));
#20125=CARTESIAN_POINT('',(0.211494206229038,0.108970404614563,0.003));
#20126=CARTESIAN_POINT('',(0.211494206363149,0.108970405331203,0.003));
#20127=CARTESIAN_POINT('',(0.211494206363149,0.107470406047187,0.003));
#20128=CARTESIAN_POINT('',(0.211494206229038,0.105970406015948,0.003));
#20129=CARTESIAN_POINT('',(0.191494206676073,0.10597040598547,0.003));
#20130=CARTESIAN_POINT('',(0.191494206676073,0.13079200034296,0.003));
#20131=CARTESIAN_POINT('',(0.191494206676073,0.13079200034296,0.003));
#20132=CARTESIAN_POINT('',(0.191494206519826,0.12629199867403,0.003));
#20133=CARTESIAN_POINT('',(0.211494206229038,0.13079200034296,0.003));
#20134=CARTESIAN_POINT('',(0.211494206363149,0.130791999537929,0.003));
#20135=CARTESIAN_POINT('',(0.211494206363149,0.129291998733634,0.003));
#20136=CARTESIAN_POINT('',(0.211494206229038,0.127791998360935,0.003));
#20137=CARTESIAN_POINT('',(0.194494207167811,0.127791997988577,0.003));
#20138=CARTESIAN_POINT('',(0.194494207167811,0.127791997988577,0.003));
#20139=CARTESIAN_POINT('',(0.194494207167811,0.12629199867403,0.003));
#20140=CARTESIAN_POINT('',(0.194494206765296,0.126291998733634,0.003));
#20141=CARTESIAN_POINT('',(0.192994206363149,0.126291998733634,0.003));
#20142=CARTESIAN_POINT('',(0.192994206363149,0.115381202390411,0.003));
#20143=CARTESIAN_POINT('',(0.192994206363149,0.116881203119706,0.003));
#20144=CARTESIAN_POINT('',(0.192994206363149,0.113881201943053,0.003));
#20145=CARTESIAN_POINT('',(0.212994206474907,0.116881203849668,0.003));
#20146=CARTESIAN_POINT('',(0.212994206474907,0.116881203849668,0.003));
#20147=CARTESIAN_POINT('',(0.212994206474907,0.112520256091709,0.003));
#20148=CARTESIAN_POINT('',(0.212994206418798,0.112520254794987,0.003));
#20149=CARTESIAN_POINT('',(0.211494206363149,0.112520254794987,0.003));
#20150=CARTESIAN_POINT('',(0.209994206172899,0.112520256091709,0.003));
#20151=CARTESIAN_POINT('',(0.209994205983169,0.113881201495285,0.003));
#20152=CARTESIAN_POINT('',(0.209994205983169,0.113881201495285,0.003));
#20153=CARTESIAN_POINT('',(0.19299420599062,0.113881201495285,0.003));
#20154=CARTESIAN_POINT('',(0.192994206363149,0.121381202390411,0.003));
#20155=CARTESIAN_POINT('',(0.192994206363149,0.122881201749426,0.003));
#20156=CARTESIAN_POINT('',(0.192994206363149,0.119881202434404,0.003));
#20157=CARTESIAN_POINT('',(0.209994205983169,0.122881201107855,0.003));
#20158=CARTESIAN_POINT('',(0.209994205983169,0.122881201107855,0.003));
#20159=CARTESIAN_POINT('',(0.209994205983169,0.124242150236721,0.003));
#20160=CARTESIAN_POINT('',(0.20999420617342,0.124242149985835,0.003));
#20161=CARTESIAN_POINT('',(0.211494206363149,0.124242149985835,0.003));
#20162=CARTESIAN_POINT('',(0.212994206419258,0.124242150236721,0.003));
#20163=CARTESIAN_POINT('',(0.212994206474907,0.119881202478761,0.003));
#20164=CARTESIAN_POINT('',(0.212994206474907,0.119881202478761,0.003));
#20165=CARTESIAN_POINT('',(0.19299420599062,0.119881202478761,0.003));
#20166=CARTESIAN_POINT('',(0.196494205632992,0.0544704059258649,0.003));
#20167=CARTESIAN_POINT('',(0.196494205997904,0.0544704059258649,0.003));
#20168=CARTESIAN_POINT('',(0.196494205997904,0.0474704066411203,0.003));
#20169=CARTESIAN_POINT('',(0.197994206363149,0.0544704060471866,0.003));
#20170=CARTESIAN_POINT('',(0.199494206243449,0.0544704059258649,0.003));
#20171=CARTESIAN_POINT('',(0.19949420612473,0.0474704066411207,0.003));
#20172=CARTESIAN_POINT('',(0.19949420624443,0.0474704060471866,0.003));
#20173=CARTESIAN_POINT('',(0.197994206363149,0.0474704060471866,0.003));
#20174=CARTESIAN_POINT('',(0.196494205632992,0.0714704031244466,0.003));
#20175=CARTESIAN_POINT('',(0.196494205997905,0.0714704031244486,0.003));
#20176=CARTESIAN_POINT('',(0.196494205997904,0.0644704038397039,0.003));
#20177=CARTESIAN_POINT('',(0.197994206363149,0.0714704060471866,0.003));
#20178=CARTESIAN_POINT('',(0.199494206243448,0.0714704031244461,0.003));
#20179=CARTESIAN_POINT('',(0.19949420612473,0.0644704038397024,0.003));
#20180=CARTESIAN_POINT('',(0.19949420624443,0.0644704060471866,0.003));
#20181=CARTESIAN_POINT('',(0.197994206363149,0.0644704060471866,0.003));
#20182=CARTESIAN_POINT('',(0.196494205632992,0.172291998763437,0.003));
#20183=CARTESIAN_POINT('',(0.196494205997904,0.172291998763437,0.003));
#20184=CARTESIAN_POINT('',(0.196494205997904,0.16529199854737,0.003));
#20185=CARTESIAN_POINT('',(0.197994206363149,0.172291998733635,0.003));
#20186=CARTESIAN_POINT('',(0.199494206243449,0.172291998763437,0.003));
#20187=CARTESIAN_POINT('',(0.19949420612473,0.16529199854737,0.003));
#20188=CARTESIAN_POINT('',(0.19949420624443,0.165291998733635,0.003));
#20189=CARTESIAN_POINT('',(0.197994206363149,0.165291998733635,0.003));
#20190=CARTESIAN_POINT('',(0.196494205632992,0.189291998755986,0.003));
#20191=CARTESIAN_POINT('',(0.196494205997904,0.189291998755986,0.003));
#20192=CARTESIAN_POINT('',(0.196494205997904,0.18229199853992,0.003));
#20193=CARTESIAN_POINT('',(0.197994206363149,0.189291998733635,0.003));
#20194=CARTESIAN_POINT('',(0.199494206243449,0.189291998755986,0.003));
#20195=CARTESIAN_POINT('',(0.19949420612473,0.18229199853992,0.003));
#20196=CARTESIAN_POINT('',(0.19949420624443,0.182291998733635,0.003));
#20197=CARTESIAN_POINT('',(0.197994206363149,0.182291998733635,0.003));
#20198=CARTESIAN_POINT('',(0.198458672457216,0.0845059399531193,0.003));
#20199=CARTESIAN_POINT('',(0.199519333639968,0.0855666011358694,0.003));
#20200=CARTESIAN_POINT('',(0.197398013005186,0.0834452805010883,0.003));
#20201=CARTESIAN_POINT('',(0.206590400786884,0.0784955332175443,0.003));
#20202=CARTESIAN_POINT('',(0.206590400753352,0.0784955326255239,0.003));
#20203=CARTESIAN_POINT('',(0.205529740269081,0.0774348721412538,0.003));
#20204=CARTESIAN_POINT('',(0.204469080072185,0.0763742115715231,0.003));
#20205=CARTESIAN_POINT('',(0.197398013213463,0.0834452817336271,0.003));
#20206=CARTESIAN_POINT('',(0.198458672457216,0.152256464827702,0.003));
#20207=CARTESIAN_POINT('',(0.19739801261846,0.153317124666458,0.003));
#20208=CARTESIAN_POINT('',(0.19951933278734,0.151195804497578,0.003));
#20209=CARTESIAN_POINT('',(0.204469079861231,0.160388193105216,0.003));
#20210=CARTESIAN_POINT('',(0.204469079964999,0.16038819294365,0.003));
#20211=CARTESIAN_POINT('',(0.205529740269081,0.159327532639567,0.003));
#20212=CARTESIAN_POINT('',(0.206590400860847,0.158266873036922,0.003));
#20213=CARTESIAN_POINT('',(0.199519333207793,0.151195804600472,0.003));
#20214=CARTESIAN_POINT('',(0.200994205439277,0.0999704087272832,0.003));
#20215=CARTESIAN_POINT('',(0.200994205901002,0.0999704087272821,0.003));
#20216=CARTESIAN_POINT('',(0.200994205901002,0.0944704050317962,0.003));
#20217=CARTESIAN_POINT('',(0.203994206363149,0.0999704060471866,0.003));
#20218=CARTESIAN_POINT('',(0.203994205931015,0.102970406702081,0.003));
#20219=CARTESIAN_POINT('',(0.209494205901213,0.102970407356376,0.003));
#20220=CARTESIAN_POINT('',(0.209494206363149,0.102970406701482,0.003));
#20221=CARTESIAN_POINT('',(0.209494206363149,0.101470406047187,0.003));
#20222=CARTESIAN_POINT('',(0.209494205901212,0.0999704073874394,0.003));
#20223=CARTESIAN_POINT('',(0.204994206094928,0.0999704087272832,0.003));
#20224=CARTESIAN_POINT('',(0.204994206363149,0.0999704073870307,0.003));
#20225=CARTESIAN_POINT('',(0.204994206363149,0.0989704060471866,0.003));
#20226=CARTESIAN_POINT('',(0.203994206146786,0.0989704067007249,0.003));
#20227=CARTESIAN_POINT('',(0.203994205931015,0.0944704050317953,0.003));
#20228=CARTESIAN_POINT('',(0.203994206147378,0.0944704060471866,0.003));
#20229=CARTESIAN_POINT('',(0.202494206363149,0.0944704060471866,0.003));
#20230=CARTESIAN_POINT('',(0.200994205439277,0.142291997571344,0.003));
#20231=CARTESIAN_POINT('',(0.200994205901002,0.142291997571345,0.003));
#20232=CARTESIAN_POINT('',(0.200994205901002,0.136791997601148,0.003));
#20233=CARTESIAN_POINT('',(0.202494206363149,0.142291998733635,0.003));
#20234=CARTESIAN_POINT('',(0.203994206146785,0.142291997571344,0.003));
#20235=CARTESIAN_POINT('',(0.203994205931015,0.137791999627704,0.003));
#20236=CARTESIAN_POINT('',(0.203994206147378,0.137791998733635,0.003));
#20237=CARTESIAN_POINT('',(0.204994206363149,0.137791998733635,0.003));
#20238=CARTESIAN_POINT('',(0.204994206094928,0.136791998167132,0.003));
#20239=CARTESIAN_POINT('',(0.209494205901213,0.136791997601147,0.003));
#20240=CARTESIAN_POINT('',(0.209494206363149,0.13679199816765,0.003));
#20241=CARTESIAN_POINT('',(0.209494206363149,0.135291998733635,0.003));
#20242=CARTESIAN_POINT('',(0.209494205901213,0.133791998853335,0.003));
#20243=CARTESIAN_POINT('',(0.203994205931015,0.133791998972053,0.003));
#20244=CARTESIAN_POINT('',(0.203994206363149,0.133791998852353,0.003));
#20245=CARTESIAN_POINT('',(0.203994206363149,0.136791998733635,0.003));
#20246=CARTESIAN_POINT('',(0.204494206363149,0.0474704060471866,0.003));
#20247=CARTESIAN_POINT('',(0.204494206363149,0.0489704041390727,0.003));
#20248=CARTESIAN_POINT('',(0.20449420618806,0.0459704085495255,0.003));
#20249=CARTESIAN_POINT('',(0.211494206229038,0.048970402230377,0.003));
#20250=CARTESIAN_POINT('',(0.211494206363149,0.0489704041390727,0.003));
#20251=CARTESIAN_POINT('',(0.211494206363149,0.0474704060471866,0.003));
#20252=CARTESIAN_POINT('',(0.211494206296093,0.0459704085495255,0.003));
#20253=CARTESIAN_POINT('',(0.204494206012971,0.0459704110518644,0.003));
#20254=CARTESIAN_POINT('',(0.204494206363149,0.0534704060471866,0.003));
#20255=CARTESIAN_POINT('',(0.204494206363149,0.0549704064929613,0.003));
#20256=CARTESIAN_POINT('',(0.204494206363149,0.0519704071784462,0.003));
#20257=CARTESIAN_POINT('',(0.211494206229038,0.0549704069391439,0.003));
#20258=CARTESIAN_POINT('',(0.211494206363149,0.0549704064929613,0.003));
#20259=CARTESIAN_POINT('',(0.211494206363149,0.0534704060471866,0.003));
#20260=CARTESIAN_POINT('',(0.211494206229038,0.0519704071787911,0.003));
#20261=CARTESIAN_POINT('',(0.204494206012971,0.0519704083100507,0.003));
#20262=CARTESIAN_POINT('',(0.204494206363149,0.0594704060471866,0.003));
#20263=CARTESIAN_POINT('',(0.204494206363149,0.0609704051226813,0.003));
#20264=CARTESIAN_POINT('',(0.204494206363149,0.0579704058080403,0.003));
#20265=CARTESIAN_POINT('',(0.211494206229038,0.0609704041973302,0.003));
#20266=CARTESIAN_POINT('',(0.211494206363149,0.0609704051226813,0.003));
#20267=CARTESIAN_POINT('',(0.211494206363149,0.0594704060471866,0.003));
#20268=CARTESIAN_POINT('',(0.211494206229038,0.0579704058073834,0.003));
#20269=CARTESIAN_POINT('',(0.204494206012971,0.0579704055682371,0.003));
#20270=CARTESIAN_POINT('',(0.204494206363149,0.0654704060471866,0.003));
#20271=CARTESIAN_POINT('',(0.204494206363149,0.066970407476424,0.003));
#20272=CARTESIAN_POINT('',(0.204494206363149,0.0639704044370504,0.003));
#20273=CARTESIAN_POINT('',(0.211494206229038,0.0669704089060972,0.003));
#20274=CARTESIAN_POINT('',(0.211494206363149,0.066970407476424,0.003));
#20275=CARTESIAN_POINT('',(0.211494206363149,0.0654704060471866,0.003));
#20276=CARTESIAN_POINT('',(0.211494206229038,0.0639704044365596,0.003));
#20277=CARTESIAN_POINT('',(0.204494206012971,0.0639704028264234,0.003));
#20278=CARTESIAN_POINT('',(0.204494206363149,0.0714704060471866,0.003));
#20279=CARTESIAN_POINT('',(0.204494206363149,0.0729704061054941,0.003));
#20280=CARTESIAN_POINT('',(0.204494206363149,0.0699704067908483,0.003));
#20281=CARTESIAN_POINT('',(0.211494206229038,0.0729704061642835,0.003));
#20282=CARTESIAN_POINT('',(0.211494206363149,0.0729704061054941,0.003));
#20283=CARTESIAN_POINT('',(0.211494206363149,0.0714704060471866,0.003));
#20284=CARTESIAN_POINT('',(0.211494206229038,0.0699704067915286,0.003));
#20285=CARTESIAN_POINT('',(0.204494206012971,0.0699704075351903,0.003));
#20286=CARTESIAN_POINT('',(0.204494206363149,0.165291998733635,0.003));
#20287=CARTESIAN_POINT('',(0.204494206363149,0.166791998763069,0.003));
#20288=CARTESIAN_POINT('',(0.204494206363149,0.163791998517864,0.003));
#20289=CARTESIAN_POINT('',(0.211494206229038,0.166791998793239,0.003));
#20290=CARTESIAN_POINT('',(0.211494206363149,0.166791998763069,0.003));
#20291=CARTESIAN_POINT('',(0.211494206363149,0.165291998733635,0.003));
#20292=CARTESIAN_POINT('',(0.211494206229038,0.163791998517272,0.003));
#20293=CARTESIAN_POINT('',(0.204494206012971,0.163791998301501,0.003));
#20294=CARTESIAN_POINT('',(0.204494206363149,0.171291998733635,0.003));
#20295=CARTESIAN_POINT('',(0.204494206363149,0.172791998789284,0.003));
#20296=CARTESIAN_POINT('',(0.204494206363149,0.169791998543906,0.003));
#20297=CARTESIAN_POINT('',(0.211494206229038,0.172791998845393,0.003));
#20298=CARTESIAN_POINT('',(0.211494206363149,0.172791998789284,0.003));
#20299=CARTESIAN_POINT('',(0.211494206363149,0.171291998733635,0.003));
#20300=CARTESIAN_POINT('',(0.211494206229038,0.169791998543384,0.003));
#20301=CARTESIAN_POINT('',(0.204494206012971,0.169791998353655,0.003));
#20302=CARTESIAN_POINT('',(0.204494206363149,0.177291998733635,0.003));
#20303=CARTESIAN_POINT('',(0.204494206363149,0.17879199875709,0.003));
#20304=CARTESIAN_POINT('',(0.204494206363149,0.175791998686333,0.003));
#20305=CARTESIAN_POINT('',(0.211494206229038,0.178791998781132,0.003));
#20306=CARTESIAN_POINT('',(0.211494206363149,0.17879199875709,0.003));
#20307=CARTESIAN_POINT('',(0.211494206363149,0.177291998733635,0.003));
#20308=CARTESIAN_POINT('',(0.211494206229038,0.175791998685942,0.003));
#20309=CARTESIAN_POINT('',(0.204494206012971,0.17579199863864,0.003));
#20310=CARTESIAN_POINT('',(0.204494206363149,0.183291998733635,0.003));
#20311=CARTESIAN_POINT('',(0.204494206363149,0.184791998841224,0.003));
#20312=CARTESIAN_POINT('',(0.204494206363149,0.181791998828239,0.003));
#20313=CARTESIAN_POINT('',(0.211494206229038,0.184791998949702,0.003));
#20314=CARTESIAN_POINT('',(0.211494206363149,0.184791998841224,0.003));
#20315=CARTESIAN_POINT('',(0.211494206363149,0.183291998733635,0.003));
#20316=CARTESIAN_POINT('',(0.211494206229038,0.181791998829021,0.003));
#20317=CARTESIAN_POINT('',(0.204494206012971,0.181791998923625,0.003));
#20318=CARTESIAN_POINT('',(0.204494206363149,0.189291998733635,0.003));
#20319=CARTESIAN_POINT('',(0.204494206363149,0.190791998867562,0.003));
#20320=CARTESIAN_POINT('',(0.204494206363149,0.187791998622336,0.003));
#20321=CARTESIAN_POINT('',(0.211494206229038,0.190791999001856,0.003));
#20322=CARTESIAN_POINT('',(0.211494206363149,0.190791998867562,0.003));
#20323=CARTESIAN_POINT('',(0.211494206363149,0.189291998733635,0.003));
#20324=CARTESIAN_POINT('',(0.211494206229038,0.187791998621416,0.003));
#20325=CARTESIAN_POINT('',(0.204494206012971,0.187791998510117,0.003));
#20326=CARTESIAN_POINT('',(0.206494206363149,0.0904704060471866,0.003));
#20327=CARTESIAN_POINT('',(0.206494206363149,0.0919704067312709,0.003));
#20328=CARTESIAN_POINT('',(0.206494206363149,0.0889704074168285,0.003));
#20329=CARTESIAN_POINT('',(0.210994206147082,0.0919704074159811,0.003));
#20330=CARTESIAN_POINT('',(0.210994206363149,0.0919704067312709,0.003));
#20331=CARTESIAN_POINT('',(0.210994206363149,0.0929704060471866,0.003));
#20332=CARTESIAN_POINT('',(0.211994206336747,0.0929704094425392,0.003));
#20333=CARTESIAN_POINT('',(0.211994206310995,0.0974704036608884,0.003));
#20334=CARTESIAN_POINT('',(0.211994206337394,0.0974704060471866,0.003));
#20335=CARTESIAN_POINT('',(0.213494206363149,0.0974704060471866,0.003));
#20336=CARTESIAN_POINT('',(0.214994206349627,0.0974704036608884,0.003));
#20337=CARTESIAN_POINT('',(0.214994206337072,0.0919704074159811,0.003));
#20338=CARTESIAN_POINT('',(0.214994206350593,0.0919704060471866,0.003));
#20339=CARTESIAN_POINT('',(0.211994206363149,0.0919704060471866,0.003));
#20340=CARTESIAN_POINT('',(0.211994206310995,0.088970407417246,0.003));
#20341=CARTESIAN_POINT('',(0.206494206340797,0.0889704087868879,0.003));
#20342=CARTESIAN_POINT('',(0.206494206363149,0.146291998733635,0.003));
#20343=CARTESIAN_POINT('',(0.206494206363149,0.147791999068451,0.003));
#20344=CARTESIAN_POINT('',(0.206494206363149,0.144791998822674,0.003));
#20345=CARTESIAN_POINT('',(0.211994206310995,0.147791999404187,0.003));
#20346=CARTESIAN_POINT('',(0.211994206363149,0.147791999068451,0.003));
#20347=CARTESIAN_POINT('',(0.211994206363149,0.144791998733635,0.003));
#20348=CARTESIAN_POINT('',(0.214994206349628,0.144791998912449,0.003));
#20349=CARTESIAN_POINT('',(0.214994206337072,0.139291998942251,0.003));
#20350=CARTESIAN_POINT('',(0.214994206350593,0.139291998733635,0.003));
#20351=CARTESIAN_POINT('',(0.213494206363149,0.139291998733635,0.003));
#20352=CARTESIAN_POINT('',(0.21199420633675,0.139291998942251,0.003));
#20353=CARTESIAN_POINT('',(0.211994206310995,0.143791996885891,0.003));
#20354=CARTESIAN_POINT('',(0.211994206337394,0.143791998733635,0.003));
#20355=CARTESIAN_POINT('',(0.210994206363149,0.143791998733635,0.003));
#20356=CARTESIAN_POINT('',(0.210994206147082,0.14479199882341,0.003));
#20357=CARTESIAN_POINT('',(0.206494206340797,0.144791998912449,0.003));
#20358=CARTESIAN_POINT('',(0.208458672457216,0.0845059399531193,0.003));
#20359=CARTESIAN_POINT('',(0.209519333584097,0.0855666010799985,0.003));
#20360=CARTESIAN_POINT('',(0.207398012716608,0.0834452802125107,0.003));
#20361=CARTESIAN_POINT('',(0.216590400446951,0.0784955332175443,0.003));
#20362=CARTESIAN_POINT('',(0.216590400668199,0.0784955325403714,0.003));
#20363=CARTESIAN_POINT('',(0.215529740269081,0.0774348721412538,0.003));
#20364=CARTESIAN_POINT('',(0.214469080253876,0.0763742115110701,0.003));
#20365=CARTESIAN_POINT('',(0.207398012058623,0.0834452817336271,0.003));
#20366=CARTESIAN_POINT('',(0.208458672457216,0.152256464827702,0.003));
#20367=CARTESIAN_POINT('',(0.20739801232972,0.153317124955198,0.003));
#20368=CARTESIAN_POINT('',(0.209519332731538,0.15119580455338,0.003));
#20369=CARTESIAN_POINT('',(0.214469080103375,0.160388193105216,0.003));
#20370=CARTESIAN_POINT('',(0.214469080025649,0.160388192883,0.003));
#20371=CARTESIAN_POINT('',(0.215529740269081,0.159327532639567,0.003));
#20372=CARTESIAN_POINT('',(0.216590400605985,0.158266872951852,0.003));
#20373=CARTESIAN_POINT('',(0.209519332984276,0.151195804600472,0.003));
#20374=CARTESIAN_POINT('',(0.220458672457216,0.0774348721412538,0.003));
#20375=CARTESIAN_POINT('',(0.219398012058098,0.0784955325403712,0.003));
#20376=CARTESIAN_POINT('',(0.221519332779497,0.0763742118189728,0.003));
#20377=CARTESIAN_POINT('',(0.226469079742022,0.0855666035906026,0.003));
#20378=CARTESIAN_POINT('',(0.226469079142201,0.0855666010799988,0.003));
#20379=CARTESIAN_POINT('',(0.227529740269081,0.0845059399531193,0.003));
#20380=CARTESIAN_POINT('',(0.228590401098847,0.0834452813024574,0.003));
#20381=CARTESIAN_POINT('',(0.221519332622923,0.0763742113605688,0.003));
#20382=CARTESIAN_POINT('',(0.220458672457216,0.159327532639567,0.003));
#20383=CARTESIAN_POINT('',(0.221519332700649,0.160388192883,0.003));
#20384=CARTESIAN_POINT('',(0.219398012444469,0.158266872626821,0.003));
#20385=CARTESIAN_POINT('',(0.228590400667675,0.153317124594803,0.003));
#20386=CARTESIAN_POINT('',(0.228590400396578,0.153317124955199,0.003));
#20387=CARTESIAN_POINT('',(0.227529740269081,0.152256464827702,0.003));
#20388=CARTESIAN_POINT('',(0.226469079844563,0.151195804703013,0.003));
#20389=CARTESIAN_POINT('',(0.219398012279346,0.158266873110885,0.003));
#20390=CARTESIAN_POINT('',(0.220994206389226,0.0974704036608884,0.003));
#20391=CARTESIAN_POINT('',(0.220994206376671,0.0974704036608884,0.003));
#20392=CARTESIAN_POINT('',(0.220994206376671,0.0919704074159811,0.003));
#20393=CARTESIAN_POINT('',(0.222494206363149,0.0974704060471866,0.003));
#20394=CARTESIAN_POINT('',(0.223994206389547,0.0974704036608884,0.003));
#20395=CARTESIAN_POINT('',(0.223994206415303,0.092970409442539,0.003));
#20396=CARTESIAN_POINT('',(0.223994206388904,0.0929704060471866,0.003));
#20397=CARTESIAN_POINT('',(0.224994206363149,0.0929704060471866,0.003));
#20398=CARTESIAN_POINT('',(0.224994206579216,0.0919704067318968,0.003));
#20399=CARTESIAN_POINT('',(0.2294942063855,0.0919704074159811,0.003));
#20400=CARTESIAN_POINT('',(0.229494206363149,0.0919704067312709,0.003));
#20401=CARTESIAN_POINT('',(0.229494206363149,0.0904704060471866,0.003));
#20402=CARTESIAN_POINT('',(0.2294942063855,0.088970407417246,0.003));
#20403=CARTESIAN_POINT('',(0.223994206415303,0.0889704087868879,0.003));
#20404=CARTESIAN_POINT('',(0.223994206363149,0.0889704074168285,0.003));
#20405=CARTESIAN_POINT('',(0.223994206363149,0.0919704060471866,0.003));
#20406=CARTESIAN_POINT('',(0.220994206389226,0.144791998912449,0.003));
#20407=CARTESIAN_POINT('',(0.22099420637667,0.144791998912449,0.003));
#20408=CARTESIAN_POINT('',(0.22099420637667,0.139291998942251,0.003));
#20409=CARTESIAN_POINT('',(0.223994206363149,0.144791998733635,0.003));
#20410=CARTESIAN_POINT('',(0.223994206415303,0.147791999069371,0.003));
#20411=CARTESIAN_POINT('',(0.2294942063855,0.147791999404187,0.003));
#20412=CARTESIAN_POINT('',(0.229494206363149,0.147791999068451,0.003));
#20413=CARTESIAN_POINT('',(0.229494206363149,0.146291998733635,0.003));
#20414=CARTESIAN_POINT('',(0.2294942063855,0.14479199882341,0.003));
#20415=CARTESIAN_POINT('',(0.224994206579216,0.144791998912449,0.003));
#20416=CARTESIAN_POINT('',(0.224994206363149,0.144791998822674,0.003));
#20417=CARTESIAN_POINT('',(0.224994206363149,0.143791998733635,0.003));
#20418=CARTESIAN_POINT('',(0.223994206389549,0.143791996885891,0.003));
#20419=CARTESIAN_POINT('',(0.223994206415303,0.139291998942251,0.003));
#20420=CARTESIAN_POINT('',(0.223994206388904,0.139291998733635,0.003));
#20421=CARTESIAN_POINT('',(0.222494206363149,0.139291998733635,0.003));
#20422=CARTESIAN_POINT('',(0.22299420625139,0.116881203849668,0.003));
#20423=CARTESIAN_POINT('',(0.22299420625139,0.116881203849668,0.003));
#20424=CARTESIAN_POINT('',(0.22299420630704,0.112520256091709,0.003));
#20425=CARTESIAN_POINT('',(0.242994206735678,0.116881203849668,0.003));
#20426=CARTESIAN_POINT('',(0.242994206363149,0.116881203119706,0.003));
#20427=CARTESIAN_POINT('',(0.242994206363149,0.115381202390411,0.003));
#20428=CARTESIAN_POINT('',(0.242994206735678,0.113881201942643,0.003));
#20429=CARTESIAN_POINT('',(0.225994206743128,0.113881201495285,0.003));
#20430=CARTESIAN_POINT('',(0.225994206743128,0.113881201495285,0.003));
#20431=CARTESIAN_POINT('',(0.225994206743128,0.112520256091709,0.003));
#20432=CARTESIAN_POINT('',(0.225994206552878,0.112520254794987,0.003));
#20433=CARTESIAN_POINT('',(0.224494206363149,0.112520254794987,0.003));
#20434=CARTESIAN_POINT('',(0.22299420625139,0.124242150236721,0.003));
#20435=CARTESIAN_POINT('',(0.22299420630704,0.124242150236721,0.003));
#20436=CARTESIAN_POINT('',(0.22299420625139,0.119881202478761,0.003));
#20437=CARTESIAN_POINT('',(0.224494206363149,0.124242149985835,0.003));
#20438=CARTESIAN_POINT('',(0.225994206553399,0.124242150236721,0.003));
#20439=CARTESIAN_POINT('',(0.225994206743128,0.122881201107855,0.003));
#20440=CARTESIAN_POINT('',(0.225994206743128,0.122881201107855,0.003));
#20441=CARTESIAN_POINT('',(0.242994206735678,0.122881201107855,0.003));
#20442=CARTESIAN_POINT('',(0.242994206363149,0.122881201749426,0.003));
#20443=CARTESIAN_POINT('',(0.242994206363149,0.121381202390411,0.003));
#20444=CARTESIAN_POINT('',(0.242994206735678,0.119881202434768,0.003));
#20445=CARTESIAN_POINT('',(0.22299420625139,0.119881202478761,0.003));
#20446=CARTESIAN_POINT('',(0.224494206363149,0.0474704060471866,0.003));
#20447=CARTESIAN_POINT('',(0.224494206363149,0.0489704041390727,0.003));
#20448=CARTESIAN_POINT('',(0.224494206430204,0.0459704085495255,0.003));
#20449=CARTESIAN_POINT('',(0.231494206713326,0.048970402230377,0.003));
#20450=CARTESIAN_POINT('',(0.231494206363149,0.0489704041390727,0.003));
#20451=CARTESIAN_POINT('',(0.231494206363149,0.0474704060471866,0.003));
#20452=CARTESIAN_POINT('',(0.231494206538237,0.0459704085495255,0.003));
#20453=CARTESIAN_POINT('',(0.224494206497259,0.0459704110518644,0.003));
#20454=CARTESIAN_POINT('',(0.224494206363149,0.0534704060471866,0.003));
#20455=CARTESIAN_POINT('',(0.224494206363149,0.0549704064929613,0.003));
#20456=CARTESIAN_POINT('',(0.224494206363149,0.0519704071784462,0.003));
#20457=CARTESIAN_POINT('',(0.231494206713326,0.0549704069391439,0.003));
#20458=CARTESIAN_POINT('',(0.231494206363149,0.0549704064929613,0.003));
#20459=CARTESIAN_POINT('',(0.231494206363149,0.0534704060471866,0.003));
#20460=CARTESIAN_POINT('',(0.231494206713327,0.0519704071787911,0.003));
#20461=CARTESIAN_POINT('',(0.224494206497259,0.0519704083100507,0.003));
#20462=CARTESIAN_POINT('',(0.224494206363149,0.0594704060471866,0.003));
#20463=CARTESIAN_POINT('',(0.224494206363149,0.0609704051226813,0.003));
#20464=CARTESIAN_POINT('',(0.224494206363149,0.0579704058080403,0.003));
#20465=CARTESIAN_POINT('',(0.231494206713326,0.0609704041973302,0.003));
#20466=CARTESIAN_POINT('',(0.231494206363149,0.0609704051226813,0.003));
#20467=CARTESIAN_POINT('',(0.231494206363149,0.0594704060471866,0.003));
#20468=CARTESIAN_POINT('',(0.231494206713326,0.0579704058073834,0.003));
#20469=CARTESIAN_POINT('',(0.224494206497259,0.0579704055682371,0.003));
#20470=CARTESIAN_POINT('',(0.224494206363149,0.0654704060471866,0.003));
#20471=CARTESIAN_POINT('',(0.224494206363149,0.066970407476424,0.003));
#20472=CARTESIAN_POINT('',(0.224494206363149,0.0639704044370504,0.003));
#20473=CARTESIAN_POINT('',(0.231494206713326,0.0669704089060972,0.003));
#20474=CARTESIAN_POINT('',(0.231494206363149,0.066970407476424,0.003));
#20475=CARTESIAN_POINT('',(0.231494206363149,0.0654704060471866,0.003));
#20476=CARTESIAN_POINT('',(0.231494206713325,0.0639704044365596,0.003));
#20477=CARTESIAN_POINT('',(0.224494206497259,0.0639704028264234,0.003));
#20478=CARTESIAN_POINT('',(0.224494206363148,0.0714704060471866,0.003));
#20479=CARTESIAN_POINT('',(0.224494206363148,0.0729704061054941,0.003));
#20480=CARTESIAN_POINT('',(0.224494206363148,0.0699704067908483,0.003));
#20481=CARTESIAN_POINT('',(0.231494206713326,0.0729704061642835,0.003));
#20482=CARTESIAN_POINT('',(0.231494206363148,0.0729704061054941,0.003));
#20483=CARTESIAN_POINT('',(0.231494206363148,0.0714704060471866,0.003));
#20484=CARTESIAN_POINT('',(0.231494206713327,0.0699704067915287,0.003));
#20485=CARTESIAN_POINT('',(0.224494206497259,0.0699704075351903,0.003));
#20486=CARTESIAN_POINT('',(0.224494206363149,0.107470406047187,0.003));
#20487=CARTESIAN_POINT('',(0.224494206363149,0.108970405331203,0.003));
#20488=CARTESIAN_POINT('',(0.224494206363149,0.105970406016709,0.003));
#20489=CARTESIAN_POINT('',(0.241494205558486,0.108970404614563,0.003));
#20490=CARTESIAN_POINT('',(0.241494205558486,0.108970404614563,0.003));
#20491=CARTESIAN_POINT('',(0.241494205558486,0.1104704076544,0.003));
#20492=CARTESIAN_POINT('',(0.241494205961002,0.110470406047187,0.003));
#20493=CARTESIAN_POINT('',(0.242994206363149,0.110470406047187,0.003));
#20494=CARTESIAN_POINT('',(0.244494206206471,0.110470407654401,0.003));
#20495=CARTESIAN_POINT('',(0.244494206050224,0.10597040598547,0.003));
#20496=CARTESIAN_POINT('',(0.244494206050224,0.10597040598547,0.003));
#20497=CARTESIAN_POINT('',(0.224494206497259,0.10597040598547,0.003));
#20498=CARTESIAN_POINT('',(0.224494206363149,0.129291998733634,0.003));
#20499=CARTESIAN_POINT('',(0.224494206363149,0.130791999537929,0.003));
#20500=CARTESIAN_POINT('',(0.224494206363149,0.127791998361276,0.003));
#20501=CARTESIAN_POINT('',(0.244494206050224,0.13079200034296,0.003));
#20502=CARTESIAN_POINT('',(0.244494206050224,0.13079200034296,0.003));
#20503=CARTESIAN_POINT('',(0.244494206050224,0.12629199867403,0.003));
#20504=CARTESIAN_POINT('',(0.244494206206901,0.126291998733634,0.003));
#20505=CARTESIAN_POINT('',(0.242994206363149,0.126291998733634,0.003));
#20506=CARTESIAN_POINT('',(0.241494205960634,0.12629199867403,0.003));
#20507=CARTESIAN_POINT('',(0.241494205558486,0.127791997988577,0.003));
#20508=CARTESIAN_POINT('',(0.241494205558486,0.127791997988577,0.003));
#20509=CARTESIAN_POINT('',(0.224494206497259,0.127791997988577,0.003));
#20510=CARTESIAN_POINT('',(0.224494206363148,0.165291998733635,0.003));
#20511=CARTESIAN_POINT('',(0.224494206363148,0.166791998763069,0.003));
#20512=CARTESIAN_POINT('',(0.224494206363148,0.163791998517864,0.003));
#20513=CARTESIAN_POINT('',(0.231494206713326,0.166791998793239,0.003));
#20514=CARTESIAN_POINT('',(0.231494206363148,0.166791998763069,0.003));
#20515=CARTESIAN_POINT('',(0.231494206363148,0.165291998733635,0.003));
#20516=CARTESIAN_POINT('',(0.231494206713326,0.163791998517272,0.003));
#20517=CARTESIAN_POINT('',(0.224494206497259,0.163791998301501,0.003));
#20518=CARTESIAN_POINT('',(0.224494206363149,0.171291998733635,0.003));
#20519=CARTESIAN_POINT('',(0.224494206363149,0.172791998789284,0.003));
#20520=CARTESIAN_POINT('',(0.224494206363149,0.169791998543906,0.003));
#20521=CARTESIAN_POINT('',(0.231494206713326,0.172791998845393,0.003));
#20522=CARTESIAN_POINT('',(0.231494206363149,0.172791998789284,0.003));
#20523=CARTESIAN_POINT('',(0.231494206363149,0.171291998733635,0.003));
#20524=CARTESIAN_POINT('',(0.231494206713326,0.169791998543384,0.003));
#20525=CARTESIAN_POINT('',(0.224494206497259,0.169791998353655,0.003));
#20526=CARTESIAN_POINT('',(0.224494206363149,0.177291998733635,0.003));
#20527=CARTESIAN_POINT('',(0.224494206363149,0.17879199875709,0.003));
#20528=CARTESIAN_POINT('',(0.224494206363149,0.175791998686333,0.003));
#20529=CARTESIAN_POINT('',(0.231494206713326,0.178791998781132,0.003));
#20530=CARTESIAN_POINT('',(0.231494206363149,0.17879199875709,0.003));
#20531=CARTESIAN_POINT('',(0.231494206363149,0.177291998733635,0.003));
#20532=CARTESIAN_POINT('',(0.231494206713326,0.175791998685942,0.003));
#20533=CARTESIAN_POINT('',(0.224494206497259,0.17579199863864,0.003));
#20534=CARTESIAN_POINT('',(0.224494206363149,0.183291998733635,0.003));
#20535=CARTESIAN_POINT('',(0.224494206363149,0.184791998841224,0.003));
#20536=CARTESIAN_POINT('',(0.224494206363149,0.181791998828239,0.003));
#20537=CARTESIAN_POINT('',(0.231494206713326,0.184791998949702,0.003));
#20538=CARTESIAN_POINT('',(0.231494206363149,0.184791998841224,0.003));
#20539=CARTESIAN_POINT('',(0.231494206363149,0.183291998733635,0.003));
#20540=CARTESIAN_POINT('',(0.231494206713326,0.181791998829021,0.003));
#20541=CARTESIAN_POINT('',(0.224494206497259,0.181791998923625,0.003));
#20542=CARTESIAN_POINT('',(0.224494206363149,0.189291998733635,0.003));
#20543=CARTESIAN_POINT('',(0.224494206363149,0.190791998867562,0.003));
#20544=CARTESIAN_POINT('',(0.224494206363149,0.187791998622336,0.003));
#20545=CARTESIAN_POINT('',(0.231494206713326,0.190791999001856,0.003));
#20546=CARTESIAN_POINT('',(0.231494206363149,0.190791998867562,0.003));
#20547=CARTESIAN_POINT('',(0.231494206363149,0.189291998733635,0.003));
#20548=CARTESIAN_POINT('',(0.231494206713326,0.187791998621416,0.003));
#20549=CARTESIAN_POINT('',(0.224494206497259,0.187791998510117,0.003));
#20550=CARTESIAN_POINT('',(0.226494206363149,0.101470406047187,0.003));
#20551=CARTESIAN_POINT('',(0.226494206363149,0.102970406701482,0.003));
#20552=CARTESIAN_POINT('',(0.226494206363149,0.0999704073870309,0.003));
#20553=CARTESIAN_POINT('',(0.231994206795282,0.102970407356376,0.003));
#20554=CARTESIAN_POINT('',(0.231994206363149,0.102970406701482,0.003));
#20555=CARTESIAN_POINT('',(0.231994206363149,0.0999704060471866,0.003));
#20556=CARTESIAN_POINT('',(0.234994206825296,0.0999704087272821,0.003));
#20557=CARTESIAN_POINT('',(0.234994207287021,0.0944704050317953,0.003));
#20558=CARTESIAN_POINT('',(0.234994206824874,0.0944704060471867,0.003));
#20559=CARTESIAN_POINT('',(0.233494206363149,0.0944704060471867,0.003));
#20560=CARTESIAN_POINT('',(0.231994206579512,0.0944704050317949,0.003));
#20561=CARTESIAN_POINT('',(0.231994206795282,0.0989704067007253,0.003));
#20562=CARTESIAN_POINT('',(0.231994206578919,0.0989704060471866,0.003));
#20563=CARTESIAN_POINT('',(0.230994206363149,0.0989704060471866,0.003));
#20564=CARTESIAN_POINT('',(0.230994206631369,0.0999704073874391,0.003));
#20565=CARTESIAN_POINT('',(0.226494206825085,0.0999704087272832,0.003));
#20566=CARTESIAN_POINT('',(0.226494206363149,0.135291998733635,0.003));
#20567=CARTESIAN_POINT('',(0.226494206363149,0.13679199816765,0.003));
#20568=CARTESIAN_POINT('',(0.226494206363149,0.133791998852353,0.003));
#20569=CARTESIAN_POINT('',(0.23099420663137,0.136791997601147,0.003));
#20570=CARTESIAN_POINT('',(0.230994206363149,0.13679199816765,0.003));
#20571=CARTESIAN_POINT('',(0.230994206363149,0.137791998733635,0.003));
#20572=CARTESIAN_POINT('',(0.231994206579512,0.137791999627703,0.003));
#20573=CARTESIAN_POINT('',(0.231994206795282,0.142291997571344,0.003));
#20574=CARTESIAN_POINT('',(0.231994206578919,0.142291998733635,0.003));
#20575=CARTESIAN_POINT('',(0.233494206363149,0.142291998733635,0.003));
#20576=CARTESIAN_POINT('',(0.234994206825296,0.142291997571345,0.003));
#20577=CARTESIAN_POINT('',(0.234994207287021,0.136791997601147,0.003));
#20578=CARTESIAN_POINT('',(0.234994206824874,0.136791998733635,0.003));
#20579=CARTESIAN_POINT('',(0.231994206363149,0.136791998733635,0.003));
#20580=CARTESIAN_POINT('',(0.231994206795282,0.133791998853335,0.003));
#20581=CARTESIAN_POINT('',(0.226494206825085,0.133791998972053,0.003));
#20582=CARTESIAN_POINT('',(0.230458672457216,0.0774348721412538,0.003));
#20583=CARTESIAN_POINT('',(0.229398011972946,0.0784955326255238,0.003));
#20584=CARTESIAN_POINT('',(0.23151933283995,0.07637421175852,0.003));
#20585=CARTESIAN_POINT('',(0.236469079518504,0.0855666035906026,0.003));
#20586=CARTESIAN_POINT('',(0.23646907908633,0.0855666011358698,0.003));
#20587=CARTESIAN_POINT('',(0.237529740269081,0.0845059399531193,0.003));
#20588=CARTESIAN_POINT('',(0.238590400232585,0.0834452810138787,0.003));
#20589=CARTESIAN_POINT('',(0.231519332865067,0.0763742113605688,0.003));
#20590=CARTESIAN_POINT('',(0.230458672457216,0.159327532639567,0.003));
#20591=CARTESIAN_POINT('',(0.231519332761299,0.16038819294365,0.003));
#20592=CARTESIAN_POINT('',(0.229398012359399,0.158266872541751,0.003));
#20593=CARTESIAN_POINT('',(0.238590399512835,0.153317124594803,0.003));
#20594=CARTESIAN_POINT('',(0.238590400107837,0.153317124666458,0.003));
#20595=CARTESIAN_POINT('',(0.237529740269081,0.152256464827702,0.003));
#20596=CARTESIAN_POINT('',(0.236469079676849,0.151195804758816,0.003));
#20597=CARTESIAN_POINT('',(0.229398011939414,0.158266873110885,0.003));
#20598=CARTESIAN_POINT('',(0.236494206601567,0.0544704059258649,0.003));
#20599=CARTESIAN_POINT('',(0.236494206482849,0.0544704059258649,0.003));
#20600=CARTESIAN_POINT('',(0.236494206482849,0.0474704066411208,0.003));
#20601=CARTESIAN_POINT('',(0.237994206363149,0.0544704060471866,0.003));
#20602=CARTESIAN_POINT('',(0.239494206728394,0.0544704059258649,0.003));
#20603=CARTESIAN_POINT('',(0.239494207093306,0.0474704066411207,0.003));
#20604=CARTESIAN_POINT('',(0.239494206728061,0.0474704060471866,0.003));
#20605=CARTESIAN_POINT('',(0.237994206363149,0.0474704060471866,0.003));
#20606=CARTESIAN_POINT('',(0.236494206601567,0.0714704031244466,0.003));
#20607=CARTESIAN_POINT('',(0.23649420648285,0.0714704031244461,0.003));
#20608=CARTESIAN_POINT('',(0.236494206482849,0.064470403839702,0.003));
#20609=CARTESIAN_POINT('',(0.237994206363149,0.0714704060471866,0.003));
#20610=CARTESIAN_POINT('',(0.239494206728393,0.0714704031244486,0.003));
#20611=CARTESIAN_POINT('',(0.239494207093306,0.0644704038397024,0.003));
#20612=CARTESIAN_POINT('',(0.239494206728061,0.0644704060471866,0.003));
#20613=CARTESIAN_POINT('',(0.237994206363149,0.0644704060471866,0.003));
#20614=CARTESIAN_POINT('',(0.236494206601567,0.172291998763437,0.003));
#20615=CARTESIAN_POINT('',(0.236494206482849,0.172291998763437,0.003));
#20616=CARTESIAN_POINT('',(0.236494206482849,0.16529199854737,0.003));
#20617=CARTESIAN_POINT('',(0.237994206363149,0.172291998733635,0.003));
#20618=CARTESIAN_POINT('',(0.239494206728394,0.172291998763437,0.003));
#20619=CARTESIAN_POINT('',(0.239494207093306,0.16529199854737,0.003));
#20620=CARTESIAN_POINT('',(0.239494206728061,0.165291998733635,0.003));
#20621=CARTESIAN_POINT('',(0.237994206363149,0.165291998733635,0.003));
#20622=CARTESIAN_POINT('',(0.236494206601567,0.189291998755986,0.003));
#20623=CARTESIAN_POINT('',(0.236494206482849,0.189291998755986,0.003));
#20624=CARTESIAN_POINT('',(0.236494206482849,0.18229199853992,0.003));
#20625=CARTESIAN_POINT('',(0.237994206363149,0.189291998733635,0.003));
#20626=CARTESIAN_POINT('',(0.239494206728394,0.189291998755986,0.003));
#20627=CARTESIAN_POINT('',(0.239494207093306,0.18229199853992,0.003));
#20628=CARTESIAN_POINT('',(0.239494206728061,0.182291998733635,0.003));
#20629=CARTESIAN_POINT('',(0.237994206363149,0.182291998733635,0.003));
#20630=CARTESIAN_POINT('',(0.237994205916114,0.0974704036608884,0.003));
#20631=CARTESIAN_POINT('',(0.237994206139326,0.0974704036608892,0.003));
#20632=CARTESIAN_POINT('',(0.237994206139325,0.0919704074159809,0.003));
#20633=CARTESIAN_POINT('',(0.239494206363149,0.0974704060471868,0.003));
#20634=CARTESIAN_POINT('',(0.240994206385776,0.0974704036608884,0.003));
#20635=CARTESIAN_POINT('',(0.240994206407852,0.092970409442539,0.003));
#20636=CARTESIAN_POINT('',(0.240994206385225,0.0929704060471868,0.003));
#20637=CARTESIAN_POINT('',(0.241994206363149,0.0929704060471868,0.003));
#20638=CARTESIAN_POINT('',(0.241994206571765,0.0919704067318969,0.003));
#20639=CARTESIAN_POINT('',(0.24649420637805,0.0919704074159811,0.003));
#20640=CARTESIAN_POINT('',(0.246494206363149,0.091970406731271,0.003));
#20641=CARTESIAN_POINT('',(0.246494206363149,0.0904704060471868,0.003));
#20642=CARTESIAN_POINT('',(0.24649420637805,0.0889704074172461,0.003));
#20643=CARTESIAN_POINT('',(0.240994206407852,0.0889704087868879,0.003));
#20644=CARTESIAN_POINT('',(0.240994206363149,0.0889704074168286,0.003));
#20645=CARTESIAN_POINT('',(0.240994206363149,0.0919704060471868,0.003));
#20646=CARTESIAN_POINT('',(0.237994205916114,0.144791998912449,0.003));
#20647=CARTESIAN_POINT('',(0.237994206139325,0.144791998912449,0.003));
#20648=CARTESIAN_POINT('',(0.237994206139325,0.139291998942251,0.003));
#20649=CARTESIAN_POINT('',(0.240994206363149,0.144791998733635,0.003));
#20650=CARTESIAN_POINT('',(0.240994206407852,0.147791999069371,0.003));
#20651=CARTESIAN_POINT('',(0.24649420637805,0.147791999404187,0.003));
#20652=CARTESIAN_POINT('',(0.246494206363149,0.147791999068451,0.003));
#20653=CARTESIAN_POINT('',(0.246494206363149,0.146291998733635,0.003));
#20654=CARTESIAN_POINT('',(0.24649420637805,0.14479199882341,0.003));
#20655=CARTESIAN_POINT('',(0.241994206571765,0.144791998912449,0.003));
#20656=CARTESIAN_POINT('',(0.241994206363149,0.144791998822674,0.003));
#20657=CARTESIAN_POINT('',(0.241994206363149,0.143791998733635,0.003));
#20658=CARTESIAN_POINT('',(0.240994206385777,0.143791996885891,0.003));
#20659=CARTESIAN_POINT('',(0.240994206407852,0.139291998942251,0.003));
#20660=CARTESIAN_POINT('',(0.240994206385225,0.139291998733635,0.003));
#20661=CARTESIAN_POINT('',(0.239494206363149,0.139291998733635,0.003));
#20662=CARTESIAN_POINT('',(0.240458672457216,0.0774348721412538,0.003));
#20663=CARTESIAN_POINT('',(0.23939801214994,0.0784955324485292,0.003));
#20664=CARTESIAN_POINT('',(0.241519332784147,0.0763742118143227,0.003));
#20665=CARTESIAN_POINT('',(0.246469079294987,0.0855666035906026,0.003));
#20666=CARTESIAN_POINT('',(0.246469079030459,0.0855666011917403,0.003));
#20667=CARTESIAN_POINT('',(0.247529740269081,0.0845059399531193,0.003));
#20668=CARTESIAN_POINT('',(0.248590401462117,0.0834452814234737,0.003));
#20669=CARTESIAN_POINT('',(0.241519332641549,0.0763742113605688,0.003));
#20670=CARTESIAN_POINT('',(0.240458672457216,0.159327532639567,0.003));
#20671=CARTESIAN_POINT('',(0.241519332705286,0.160388192887637,0.003));
#20672=CARTESIAN_POINT('',(0.239398012536311,0.158266872718663,0.003));
#20673=CARTESIAN_POINT('',(0.248590401151962,0.153317124594803,0.003));
#20674=CARTESIAN_POINT('',(0.248590400517151,0.153317125075772,0.003));
#20675=CARTESIAN_POINT('',(0.247529740269081,0.152256464827702,0.003));
#20676=CARTESIAN_POINT('',(0.246469079509134,0.151195804814619,0.003));
#20677=CARTESIAN_POINT('',(0.239398012647219,0.158266873110885,0.003));
#20678=CARTESIAN_POINT('',(0.242494205722399,0.0544704059258649,0.003));
#20679=CARTESIAN_POINT('',(0.242494206042335,0.0544704059258649,0.003));
#20680=CARTESIAN_POINT('',(0.242494206042335,0.0474704066411204,0.003));
#20681=CARTESIAN_POINT('',(0.243994206363149,0.0544704060471867,0.003));
#20682=CARTESIAN_POINT('',(0.245494206288336,0.0544704059258649,0.003));
#20683=CARTESIAN_POINT('',(0.245494206214137,0.0474704066411207,0.003));
#20684=CARTESIAN_POINT('',(0.24549420628895,0.0474704060471867,0.003));
#20685=CARTESIAN_POINT('',(0.243994206363149,0.0474704060471867,0.003));
#20686=CARTESIAN_POINT('',(0.242494205722399,0.0714704031244466,0.003));
#20687=CARTESIAN_POINT('',(0.242494206042336,0.0714704031244482,0.003));
#20688=CARTESIAN_POINT('',(0.242494206042335,0.0644704038397036,0.003));
#20689=CARTESIAN_POINT('',(0.243994206363149,0.0714704060471867,0.003));
#20690=CARTESIAN_POINT('',(0.245494206288335,0.0714704031244463,0.003));
#20691=CARTESIAN_POINT('',(0.245494206214137,0.0644704038397024,0.003));
#20692=CARTESIAN_POINT('',(0.24549420628895,0.0644704060471867,0.003));
#20693=CARTESIAN_POINT('',(0.243994206363149,0.0644704060471867,0.003));
#20694=CARTESIAN_POINT('',(0.242494205722399,0.172291998763437,0.003));
#20695=CARTESIAN_POINT('',(0.242494206042335,0.172291998763437,0.003));
#20696=CARTESIAN_POINT('',(0.242494206042334,0.16529199854737,0.003));
#20697=CARTESIAN_POINT('',(0.243994206363149,0.172291998733635,0.003));
#20698=CARTESIAN_POINT('',(0.245494206288336,0.172291998763437,0.003));
#20699=CARTESIAN_POINT('',(0.245494206214137,0.16529199854737,0.003));
#20700=CARTESIAN_POINT('',(0.24549420628895,0.165291998733635,0.003));
#20701=CARTESIAN_POINT('',(0.243994206363149,0.165291998733635,0.003));
#20702=CARTESIAN_POINT('',(0.242494205722399,0.189291998755986,0.003));
#20703=CARTESIAN_POINT('',(0.242494206042335,0.189291998755986,0.003));
#20704=CARTESIAN_POINT('',(0.242494206042334,0.18229199853992,0.003));
#20705=CARTESIAN_POINT('',(0.243994206363149,0.189291998733635,0.003));
#20706=CARTESIAN_POINT('',(0.245494206288336,0.189291998755986,0.003));
#20707=CARTESIAN_POINT('',(0.245494206214137,0.18229199853992,0.003));
#20708=CARTESIAN_POINT('',(0.24549420628895,0.182291998733635,0.003));
#20709=CARTESIAN_POINT('',(0.243994206363149,0.182291998733635,0.003));
#20710=CARTESIAN_POINT('',(0.243494206363149,0.101470406047187,0.003));
#20711=CARTESIAN_POINT('',(0.243494206363149,0.102970406701482,0.003));
#20712=CARTESIAN_POINT('',(0.243494206363149,0.0999704073870309,0.003));
#20713=CARTESIAN_POINT('',(0.248994205856509,0.102970407356376,0.003));
#20714=CARTESIAN_POINT('',(0.248994206363149,0.102970406701482,0.003));
#20715=CARTESIAN_POINT('',(0.248994206363149,0.0999704060471868,0.003));
#20716=CARTESIAN_POINT('',(0.251994207287443,0.0999704087272809,0.003));
#20717=CARTESIAN_POINT('',(0.251994208210893,0.0944704050317953,0.003));
#20718=CARTESIAN_POINT('',(0.251994207286599,0.0944704060471868,0.003));
#20719=CARTESIAN_POINT('',(0.250494206363149,0.0944704060471868,0.003));
#20720=CARTESIAN_POINT('',(0.248994206109482,0.0944704050317958,0.003));
#20721=CARTESIAN_POINT('',(0.248994205856509,0.0989704067007253,0.003));
#20722=CARTESIAN_POINT('',(0.248994206110176,0.0989704060471868,0.003));
#20723=CARTESIAN_POINT('',(0.247994206363149,0.0989704060471868,0.003));
#20724=CARTESIAN_POINT('',(0.247994205692599,0.0999704073874391,0.003));
#20725=CARTESIAN_POINT('',(0.243494205886312,0.0999704087272832,0.003));
#20726=CARTESIAN_POINT('',(0.243494206363149,0.135291998733635,0.003));
#20727=CARTESIAN_POINT('',(0.243494206363149,0.13679199816765,0.003));
#20728=CARTESIAN_POINT('',(0.243494206363149,0.133791998852353,0.003));
#20729=CARTESIAN_POINT('',(0.247994205692596,0.136791997601147,0.003));
#20730=CARTESIAN_POINT('',(0.247994206363149,0.13679199816765,0.003));
#20731=CARTESIAN_POINT('',(0.247994206363149,0.137791998733635,0.003));
#20732=CARTESIAN_POINT('',(0.248994206109481,0.137791999627705,0.003));
#20733=CARTESIAN_POINT('',(0.248994205856509,0.142291997571344,0.003));
#20734=CARTESIAN_POINT('',(0.248994206110176,0.142291998733635,0.003));
#20735=CARTESIAN_POINT('',(0.250494206363149,0.142291998733635,0.003));
#20736=CARTESIAN_POINT('',(0.251994207287443,0.142291997571346,0.003));
#20737=CARTESIAN_POINT('',(0.251994208210893,0.136791997601147,0.003));
#20738=CARTESIAN_POINT('',(0.251994207286599,0.136791998733635,0.003));
#20739=CARTESIAN_POINT('',(0.248994206363149,0.136791998733635,0.003));
#20740=CARTESIAN_POINT('',(0.248994205856509,0.133791998853335,0.003));
#20741=CARTESIAN_POINT('',(0.243494205886312,0.133791998972053,0.003));
#20742=CARTESIAN_POINT('',(0.247494206541963,0.1104704076544,0.003));
#20743=CARTESIAN_POINT('',(0.247494206452924,0.1104704076544,0.003));
#20744=CARTESIAN_POINT('',(0.247494206541963,0.10597040598547,0.003));
#20745=CARTESIAN_POINT('',(0.248994206363149,0.110470406047187,0.003));
#20746=CARTESIAN_POINT('',(0.25049420576683,0.110470407654402,0.003));
#20747=CARTESIAN_POINT('',(0.250494205171056,0.108970404614563,0.003));
#20748=CARTESIAN_POINT('',(0.250494205171056,0.108970404614563,0.003));
#20749=CARTESIAN_POINT('',(0.267494206094928,0.108970404614563,0.003));
#20750=CARTESIAN_POINT('',(0.267494206363149,0.108970405331203,0.003));
#20751=CARTESIAN_POINT('',(0.267494206363149,0.107470406047187,0.003));
#20752=CARTESIAN_POINT('',(0.267494206094928,0.105970406015948,0.003));
#20753=CARTESIAN_POINT('',(0.247494206541963,0.10597040598547,0.003));
#20754=CARTESIAN_POINT('',(0.247494206541963,0.13079200034296,0.003));
#20755=CARTESIAN_POINT('',(0.247494206541963,0.13079200034296,0.003));
#20756=CARTESIAN_POINT('',(0.247494206452924,0.12629199867403,0.003));
#20757=CARTESIAN_POINT('',(0.267494206094928,0.13079200034296,0.003));
#20758=CARTESIAN_POINT('',(0.267494206363149,0.13079199953793,0.003));
#20759=CARTESIAN_POINT('',(0.267494206363149,0.129291998733635,0.003));
#20760=CARTESIAN_POINT('',(0.267494206094928,0.127791998360936,0.003));
#20761=CARTESIAN_POINT('',(0.250494205171056,0.127791997988577,0.003));
#20762=CARTESIAN_POINT('',(0.250494205171056,0.127791997988577,0.003));
#20763=CARTESIAN_POINT('',(0.250494205171056,0.12629199867403,0.003));
#20764=CARTESIAN_POINT('',(0.250494205767375,0.126291998733635,0.003));
#20765=CARTESIAN_POINT('',(0.248994206363149,0.126291998733635,0.003));
#20766=CARTESIAN_POINT('',(0.248494206705875,0.0544704059258649,0.003));
#20767=CARTESIAN_POINT('',(0.248494206534747,0.0544704059258649,0.003));
#20768=CARTESIAN_POINT('',(0.248494206534747,0.0474704066411209,0.003));
#20769=CARTESIAN_POINT('',(0.249994206363149,0.0544704060471867,0.003));
#20770=CARTESIAN_POINT('',(0.251494206780572,0.054470405925865,0.003));
#20771=CARTESIAN_POINT('',(0.251494207197614,0.0474704066411207,0.003));
#20772=CARTESIAN_POINT('',(0.251494206780191,0.0474704060471867,0.003));
#20773=CARTESIAN_POINT('',(0.249994206363149,0.0474704060471867,0.003));
#20774=CARTESIAN_POINT('',(0.248494206705875,0.0714704031244466,0.003));
#20775=CARTESIAN_POINT('',(0.248494206534749,0.0714704031244458,0.003));
#20776=CARTESIAN_POINT('',(0.248494206534748,0.0644704038397018,0.003));
#20777=CARTESIAN_POINT('',(0.249994206363149,0.0714704060471867,0.003));
#20778=CARTESIAN_POINT('',(0.251494206780571,0.0714704031244489,0.003));
#20779=CARTESIAN_POINT('',(0.251494207197614,0.0644704038397024,0.003));
#20780=CARTESIAN_POINT('',(0.251494206780191,0.0644704060471867,0.003));
#20781=CARTESIAN_POINT('',(0.249994206363149,0.0644704060471867,0.003));
#20782=CARTESIAN_POINT('',(0.248494206705875,0.172291998763437,0.003));
#20783=CARTESIAN_POINT('',(0.248494206534747,0.172291998763437,0.003));
#20784=CARTESIAN_POINT('',(0.248494206534747,0.16529199854737,0.003));
#20785=CARTESIAN_POINT('',(0.249994206363149,0.172291998733635,0.003));
#20786=CARTESIAN_POINT('',(0.251494206780572,0.172291998763437,0.003));
#20787=CARTESIAN_POINT('',(0.251494207197614,0.16529199854737,0.003));
#20788=CARTESIAN_POINT('',(0.251494206780191,0.165291998733635,0.003));
#20789=CARTESIAN_POINT('',(0.249994206363149,0.165291998733635,0.003));
#20790=CARTESIAN_POINT('',(0.248494206705875,0.189291998755986,0.003));
#20791=CARTESIAN_POINT('',(0.248494206534747,0.189291998755986,0.003));
#20792=CARTESIAN_POINT('',(0.248494206534747,0.18229199853992,0.003));
#20793=CARTESIAN_POINT('',(0.249994206363149,0.189291998733635,0.003));
#20794=CARTESIAN_POINT('',(0.251494206780572,0.189291998755986,0.003));
#20795=CARTESIAN_POINT('',(0.251494207197614,0.18229199853992,0.003));
#20796=CARTESIAN_POINT('',(0.251494206780191,0.182291998733635,0.003));
#20797=CARTESIAN_POINT('',(0.249994206363149,0.182291998733635,0.003));
#20798=CARTESIAN_POINT('',(0.248994206363149,0.115381202390411,0.003));
#20799=CARTESIAN_POINT('',(0.248994206363149,0.116881203119706,0.003));
#20800=CARTESIAN_POINT('',(0.248994206363149,0.113881201943053,0.003));
#20801=CARTESIAN_POINT('',(0.268994205409474,0.116881203849668,0.003));
#20802=CARTESIAN_POINT('',(0.268994205409474,0.116881203849668,0.003));
#20803=CARTESIAN_POINT('',(0.268994205409474,0.112520256091709,0.003));
#20804=CARTESIAN_POINT('',(0.268994205886529,0.112520254794987,0.003));
#20805=CARTESIAN_POINT('',(0.267494206363149,0.112520254794987,0.003));
#20806=CARTESIAN_POINT('',(0.265994206572051,0.112520256091709,0.003));
#20807=CARTESIAN_POINT('',(0.265994206780381,0.113881201495285,0.003));
#20808=CARTESIAN_POINT('',(0.265994206780381,0.113881201495285,0.003));
#20809=CARTESIAN_POINT('',(0.248994205856509,0.113881201495285,0.003));
#20810=CARTESIAN_POINT('',(0.248994206363149,0.121381202390411,0.003));
#20811=CARTESIAN_POINT('',(0.248994206363149,0.122881201749426,0.003));
#20812=CARTESIAN_POINT('',(0.248994206363149,0.119881202434404,0.003));
#20813=CARTESIAN_POINT('',(0.256394208187051,0.122881201107855,0.003));
#20814=CARTESIAN_POINT('',(0.256394208187051,0.122881201107855,0.003));
#20815=CARTESIAN_POINT('',(0.256394208187051,0.12488120143568,0.003));
#20816=CARTESIAN_POINT('',(0.256394207274683,0.124881202390411,0.003));
#20817=CARTESIAN_POINT('',(0.257994206363149,0.124881202390411,0.003));
#20818=CARTESIAN_POINT('',(0.259594206420006,0.12488120143568,0.003));
#20819=CARTESIAN_POINT('',(0.259594206476398,0.122881201107855,0.003));
#20820=CARTESIAN_POINT('',(0.259594206476398,0.122881201107855,0.003));
#20821=CARTESIAN_POINT('',(0.265994206780381,0.122881201107855,0.003));
#20822=CARTESIAN_POINT('',(0.265994206780381,0.122881201107855,0.003));
#20823=CARTESIAN_POINT('',(0.265994206780381,0.124242150236721,0.003));
#20824=CARTESIAN_POINT('',(0.265994206571479,0.124242149985835,0.003));
#20825=CARTESIAN_POINT('',(0.267494206363149,0.124242149985835,0.003));
#20826=CARTESIAN_POINT('',(0.268994205886093,0.124242150236721,0.003));
#20827=CARTESIAN_POINT('',(0.268994205409474,0.119881202478761,0.003));
#20828=CARTESIAN_POINT('',(0.268994205409474,0.119881202478761,0.003));
#20829=CARTESIAN_POINT('',(0.248994205856509,0.119881202478761,0.003));
#20830=CARTESIAN_POINT('',(0.250458672457216,0.0774348721412538,0.003));
#20831=CARTESIAN_POINT('',(0.249398012094137,0.0784955325043321,0.003));
#20832=CARTESIAN_POINT('',(0.251519333193885,0.0763742114045863,0.003));
#20833=CARTESIAN_POINT('',(0.256469079071469,0.0855666035906026,0.003));
#20834=CARTESIAN_POINT('',(0.256469078974588,0.0855666012476112,0.003));
#20835=CARTESIAN_POINT('',(0.257529740269081,0.0845059399531193,0.003));
#20836=CARTESIAN_POINT('',(0.258590401294454,0.08344528136762,0.003));
#20837=CARTESIAN_POINT('',(0.251519334280677,0.0763742113605688,0.003));
#20838=CARTESIAN_POINT('',(0.250458672457216,0.159327532639567,0.003));
#20839=CARTESIAN_POINT('',(0.251519333115161,0.160388193297512,0.003));
#20840=CARTESIAN_POINT('',(0.249398012480508,0.15826687266286,0.003));
#20841=CARTESIAN_POINT('',(0.258590400928445,0.153317124594803,0.003));
#20842=CARTESIAN_POINT('',(0.258590400461331,0.153317125019952,0.003));
#20843=CARTESIAN_POINT('',(0.257529740269081,0.152256464827702,0.003));
#20844=CARTESIAN_POINT('',(0.256469079341666,0.151195804870669,0.003));
#20845=CARTESIAN_POINT('',(0.249398012423701,0.158266873110885,0.003));
#20846=CARTESIAN_POINT('',(0.254994206839986,0.0974704036608884,0.003));
#20847=CARTESIAN_POINT('',(0.254994206601895,0.0974704036608874,0.003));
#20848=CARTESIAN_POINT('',(0.254994206601895,0.0919704074159814,0.003));
#20849=CARTESIAN_POINT('',(0.256494206363149,0.0974704060471869,0.003));
#20850=CARTESIAN_POINT('',(0.257994205915909,0.0974704036608864,0.003));
#20851=CARTESIAN_POINT('',(0.257994205469079,0.092970409442539,0.003));
#20852=CARTESIAN_POINT('',(0.257994205916318,0.0929704060471869,0.003));
#20853=CARTESIAN_POINT('',(0.258994206363149,0.0929704060471869,0.003));
#20854=CARTESIAN_POINT('',(0.258994207495639,0.0919704067318973,0.003));
#20855=CARTESIAN_POINT('',(0.263494205439277,0.0919704074159811,0.003));
#20856=CARTESIAN_POINT('',(0.263494206363149,0.0919704067312711,0.003));
#20857=CARTESIAN_POINT('',(0.263494206363149,0.0904704060471869,0.003));
#20858=CARTESIAN_POINT('',(0.263494205439274,0.0889704074172463,0.003));
#20859=CARTESIAN_POINT('',(0.257994205469079,0.0889704087868879,0.003));
#20860=CARTESIAN_POINT('',(0.257994206363149,0.0889704074168286,0.003));
#20861=CARTESIAN_POINT('',(0.257994206363149,0.0919704060471869,0.003));
#20862=CARTESIAN_POINT('',(0.254994206839986,0.144791998912449,0.003));
#20863=CARTESIAN_POINT('',(0.254994206601895,0.144791998912449,0.003));
#20864=CARTESIAN_POINT('',(0.254994206601895,0.139291998942251,0.003));
#20865=CARTESIAN_POINT('',(0.257994206363149,0.144791998733635,0.003));
#20866=CARTESIAN_POINT('',(0.257994205469079,0.147791999069371,0.003));
#20867=CARTESIAN_POINT('',(0.263494205439277,0.147791999404187,0.003));
#20868=CARTESIAN_POINT('',(0.263494206363149,0.147791999068451,0.003));
#20869=CARTESIAN_POINT('',(0.263494206363149,0.146291998733635,0.003));
#20870=CARTESIAN_POINT('',(0.263494205439277,0.14479199882341,0.003));
#20871=CARTESIAN_POINT('',(0.258994207495637,0.144791998912449,0.003));
#20872=CARTESIAN_POINT('',(0.258994206363149,0.144791998822674,0.003));
#20873=CARTESIAN_POINT('',(0.258994206363149,0.143791998733635,0.003));
#20874=CARTESIAN_POINT('',(0.25799420591591,0.143791996885893,0.003));
#20875=CARTESIAN_POINT('',(0.257994205469079,0.139291998942251,0.003));
#20876=CARTESIAN_POINT('',(0.257994205916318,0.139291998733635,0.003));
#20877=CARTESIAN_POINT('',(0.256494206363149,0.139291998733635,0.003));
#20878=CARTESIAN_POINT('',(0.256394208187051,0.184791998949702,0.003));
#20879=CARTESIAN_POINT('',(0.256394207275517,0.184791998949702,0.003));
#20880=CARTESIAN_POINT('',(0.256394207275517,0.178791998781132,0.003));
#20881=CARTESIAN_POINT('',(0.257994206363149,0.184791998733635,0.003));
#20882=CARTESIAN_POINT('',(0.259594206420007,0.184791998949702,0.003));
#20883=CARTESIAN_POINT('',(0.259594206476398,0.178791998781132,0.003));
#20884=CARTESIAN_POINT('',(0.259594206419541,0.178791998733635,0.003));
#20885=CARTESIAN_POINT('',(0.257994206363149,0.178791998733635,0.003));
#20886=CARTESIAN_POINT('',(0.260458672457216,0.0774348721412538,0.003));
#20887=CARTESIAN_POINT('',(0.259398012503358,0.0784955320951124,0.003));
#20888=CARTESIAN_POINT('',(0.261519332672422,0.0763742119260478,0.003));
#20889=CARTESIAN_POINT('',(0.266469080710597,0.0855666035906026,0.003));
#20890=CARTESIAN_POINT('',(0.266469079384526,0.0855666008376743,0.003));
#20891=CARTESIAN_POINT('',(0.267529740269082,0.0845059399531193,0.003));
#20892=CARTESIAN_POINT('',(0.268590399729864,0.0834452808460455,0.003));
#20893=CARTESIAN_POINT('',(0.261519332194514,0.0763742113605688,0.003));
#20894=CARTESIAN_POINT('',(0.260458672457216,0.159327532639567,0.003));
#20895=CARTESIAN_POINT('',(0.261519332593987,0.160388192776338,0.003));
#20896=CARTESIAN_POINT('',(0.259398012890282,0.158266873072633,0.003));
#20897=CARTESIAN_POINT('',(0.268590398842282,0.153317124594803,0.003));
#20898=CARTESIAN_POINT('',(0.268590399940276,0.153317124498897,0.003));
#20899=CARTESIAN_POINT('',(0.267529740269082,0.152256464827702,0.003));
#20900=CARTESIAN_POINT('',(0.266469080571327,0.151195804461202,0.003));
#20901=CARTESIAN_POINT('',(0.259398014062829,0.158266873110885,0.003));
#20902=CARTESIAN_POINT('',(0.259994205796905,0.0719704041377256,0.003));
#20903=CARTESIAN_POINT('',(0.259994206079639,0.0719704041377265,0.003));
#20904=CARTESIAN_POINT('',(0.259994206079639,0.0619704062238881,0.003));
#20905=CARTESIAN_POINT('',(0.261494206363149,0.0719704060471867,0.003));
#20906=CARTESIAN_POINT('',(0.262994207257627,0.0719704041377288,0.003));
#20907=CARTESIAN_POINT('',(0.262994208151288,0.0619704062238882,0.003));
#20908=CARTESIAN_POINT('',(0.26299420725681,0.0619704060471867,0.003));
#20909=CARTESIAN_POINT('',(0.261494206363149,0.0619704060471867,0.003));
#20910=CARTESIAN_POINT('',(0.260494206363149,0.101470406047187,0.003));
#20911=CARTESIAN_POINT('',(0.260494206363149,0.102970406701482,0.003));
#20912=CARTESIAN_POINT('',(0.260494206363149,0.0999704073870309,0.003));
#20913=CARTESIAN_POINT('',(0.265994206780381,0.102970407356376,0.003));
#20914=CARTESIAN_POINT('',(0.265994206363149,0.102970406701482,0.003));
#20915=CARTESIAN_POINT('',(0.265994206363149,0.0999704060471869,0.003));
#20916=CARTESIAN_POINT('',(0.268994205886093,0.0999704087272844,0.003));
#20917=CARTESIAN_POINT('',(0.268994205409474,0.0944704050317953,0.003));
#20918=CARTESIAN_POINT('',(0.268994205886529,0.0944704060471869,0.003));
#20919=CARTESIAN_POINT('',(0.267494206363149,0.0944704060471869,0.003));
#20920=CARTESIAN_POINT('',(0.265994206572051,0.094470405031795,0.003));
#20921=CARTESIAN_POINT('',(0.265994206780381,0.0989704067007253,0.003));
#20922=CARTESIAN_POINT('',(0.265994206571479,0.0989704060471869,0.003));
#20923=CARTESIAN_POINT('',(0.264994206363149,0.0989704060471869,0.003));
#20924=CARTESIAN_POINT('',(0.26499420475383,0.0999704073874386,0.003));
#20925=CARTESIAN_POINT('',(0.260494206810184,0.0999704087272832,0.003));
#20926=CARTESIAN_POINT('',(0.260494206363149,0.135291998733635,0.003));
#20927=CARTESIAN_POINT('',(0.260494206363149,0.13679199816765,0.003));
#20928=CARTESIAN_POINT('',(0.260494206363149,0.133791998852353,0.003));
#20929=CARTESIAN_POINT('',(0.264994204753823,0.136791997601147,0.003));
#20930=CARTESIAN_POINT('',(0.264994206363149,0.13679199816765,0.003));
#20931=CARTESIAN_POINT('',(0.264994206363149,0.137791998733635,0.003));
#20932=CARTESIAN_POINT('',(0.265994206572051,0.137791999627703,0.003));
#20933=CARTESIAN_POINT('',(0.265994206780381,0.142291997571344,0.003));
#20934=CARTESIAN_POINT('',(0.265994206571479,0.142291998733635,0.003));
#20935=CARTESIAN_POINT('',(0.267494206363149,0.142291998733635,0.003));
#20936=CARTESIAN_POINT('',(0.268994205886093,0.142291997571343,0.003));
#20937=CARTESIAN_POINT('',(0.268994205409474,0.136791997601147,0.003));
#20938=CARTESIAN_POINT('',(0.26899420588653,0.136791998733635,0.003));
#20939=CARTESIAN_POINT('',(0.265994206363149,0.136791998733635,0.003));
#20940=CARTESIAN_POINT('',(0.265994206780381,0.133791998853335,0.003));
#20941=CARTESIAN_POINT('',(0.260494206810184,0.133791998972053,0.003));
#20942=CARTESIAN_POINT('',(0.260994207823462,0.174791998707558,0.003));
#20943=CARTESIAN_POINT('',(0.260994207093639,0.174791998707558,0.003));
#20944=CARTESIAN_POINT('',(0.260994207093639,0.164791998465414,0.003));
#20945=CARTESIAN_POINT('',(0.262494206363149,0.174791998733635,0.003));
#20946=CARTESIAN_POINT('',(0.263994206408037,0.174791998707558,0.003));
#20947=CARTESIAN_POINT('',(0.263994206452556,0.164791998465414,0.003));
#20948=CARTESIAN_POINT('',(0.263994206407669,0.164791998733635,0.003));
#20949=CARTESIAN_POINT('',(0.262494206363149,0.164791998733635,0.003));
#20950=CARTESIAN_POINT('',(0.265994206780381,0.0719704041377256,0.003));
#20951=CARTESIAN_POINT('',(0.265994206572052,0.0719704041377249,0.003));
#20952=CARTESIAN_POINT('',(0.265994206572051,0.0619704062238882,0.003));
#20953=CARTESIAN_POINT('',(0.267494206363149,0.0719704060471867,0.003));
#20954=CARTESIAN_POINT('',(0.268994205886093,0.0719704041377239,0.003));
#20955=CARTESIAN_POINT('',(0.268994205409474,0.0619704062238882,0.003));
#20956=CARTESIAN_POINT('',(0.268994205886529,0.0619704060471867,0.003));
#20957=CARTESIAN_POINT('',(0.267494206363149,0.0619704060471867,0.003));
#20958=CARTESIAN_POINT('',(0.266994205081649,0.174791998707558,0.003));
#20959=CARTESIAN_POINT('',(0.266994205722106,0.174791998707558,0.003));
#20960=CARTESIAN_POINT('',(0.266994205722106,0.164791998465414,0.003));
#20961=CARTESIAN_POINT('',(0.268494206363149,0.174791998733635,0.003));
#20962=CARTESIAN_POINT('',(0.269994206899836,0.174791998707558,0.003));
#20963=CARTESIAN_POINT('',(0.269994207436032,0.164791998465414,0.003));
#20964=CARTESIAN_POINT('',(0.269994206899345,0.164791998733635,0.003));
#20965=CARTESIAN_POINT('',(0.268494206363149,0.164791998733635,0.003));
#20966=CARTESIAN_POINT('',(0.162994205991671,0.155967798967651,0.003));
#20967=CARTESIAN_POINT('',(0.162994206177665,0.176267798888124,0.003));
#20968=CARTESIAN_POINT('',(0.162994206177155,0.0587362707231614,0.003));
#20969=CARTESIAN_POINT('',(0.166994206363149,0.0587362706436339,0.003));
#20970=CARTESIAN_POINT('',(0.1634164982545,0.0569474165893098,0.003));
#20971=CARTESIAN_POINT('',(0.163416498118825,0.0569474185005376,0.003));
#20972=CARTESIAN_POINT('',(0.176888633573541,0.030003145952728,0.003));
#20973=CARTESIAN_POINT('',(0.180466342318148,0.0317919987336347,0.003));
#20974=CARTESIAN_POINT('',(0.180466342318148,0.0277919987336347,0.003));
#20975=CARTESIAN_POINT('',(0.180466342318148,0.0277919987336347,0.003));
#20976=CARTESIAN_POINT('',(0.255522070408149,0.0277919987336347,0.003));
#20977=CARTESIAN_POINT('',(0.255522070408149,0.0317919987336347,0.003));
#20978=CARTESIAN_POINT('',(0.259099778516798,0.0300031446793107,0.003));
#20979=CARTESIAN_POINT('',(0.259099778497405,0.0300031462804029,0.003));
#20980=CARTESIAN_POINT('',(0.272571915262824,0.0569474181728626,0.003));
#20981=CARTESIAN_POINT('',(0.268994206363149,0.0587362706436338,0.003));
#20982=CARTESIAN_POINT('',(0.272994206363149,0.0587362706436338,0.003));
#20983=CARTESIAN_POINT('',(0.272994206363149,0.0587362706436338,0.003));
#20984=CARTESIAN_POINT('',(0.272994206363149,0.176267798888124,0.003));
#20985=CARTESIAN_POINT('',(0.268994206363149,0.176267798888124,0.003));
#20986=CARTESIAN_POINT('',(0.271950728102279,0.178962048172442,0.003));
#20987=CARTESIAN_POINT('',(0.217994206363149,0.129791998733635,0.003));
#20988=CARTESIAN_POINT('',(0.164037684624019,0.178962048172443,0.003));
#20989=CARTESIAN_POINT('',(0.166994206363149,0.176267798888124,0.003));
#20990=CARTESIAN_POINT('',(0.261994206363149,0.140791998733635,0.003));
#20991=CARTESIAN_POINT('',(0.162994205991671,0.156267798967651,0.003));
#20992=CARTESIAN_POINT('',(0.162994205991671,0.0587362707231614,0.003));
#20993=CARTESIAN_POINT('',(0.162994206363149,0.176267798888124,0.003));
#20994=CARTESIAN_POINT('',(0.268494206363149,0.164791998733635,0.003));
#20995=CARTESIAN_POINT('',(0.266994205081649,0.164791998465414,0.003));
#20996=CARTESIAN_POINT('',(0.269994206363149,0.164791998733635,0.003));
#20997=CARTESIAN_POINT('',(0.267494206363149,0.0619704060471867,0.003));
#20998=CARTESIAN_POINT('',(0.265994206780381,0.0619704062238882,0.003));
#20999=CARTESIAN_POINT('',(0.268994206363149,0.0619704060471867,0.003));
#21000=CARTESIAN_POINT('',(0.262494206363149,0.164791998733635,0.003));
#21001=CARTESIAN_POINT('',(0.260994207823462,0.164791998465414,0.003));
#21002=CARTESIAN_POINT('',(0.263994206363149,0.164791998733635,0.003));
#21003=CARTESIAN_POINT('',(0.260494206810184,0.133791998972053,0.003));
#21004=CARTESIAN_POINT('',(0.260494206363149,0.133791998733635,0.003));
#21005=CARTESIAN_POINT('',(0.265994206780381,0.133791998972053,0.003));
#21006=CARTESIAN_POINT('',(0.260494206810184,0.0999704087272832,0.003));
#21007=CARTESIAN_POINT('',(0.260494206363149,0.0999704060471869,0.003));
#21008=CARTESIAN_POINT('',(0.264994204753823,0.0999704087272832,0.003));
#21009=CARTESIAN_POINT('',(0.261494206363149,0.0619704060471867,0.003));
#21010=CARTESIAN_POINT('',(0.259994205796905,0.0619704062238882,0.003));
#21011=CARTESIAN_POINT('',(0.262994206363149,0.0619704060471867,0.003));
#21012=CARTESIAN_POINT('',(0.259398014062829,0.158266873110885,0.003));
#21013=CARTESIAN_POINT('',(0.259398012285436,0.158266872467788,0.003));
#21014=CARTESIAN_POINT('',(0.266469080710597,0.151195804600472,0.003));
#21015=CARTESIAN_POINT('',(0.261519332194514,0.0763742113605688,0.003));
#21016=CARTESIAN_POINT('',(0.261519332628996,0.076374211969474,0.003));
#21017=CARTESIAN_POINT('',(0.268590398842282,0.0834452817336271,0.003));
#21018=CARTESIAN_POINT('',(0.257994206363149,0.178791998733635,0.003));
#21019=CARTESIAN_POINT('',(0.256394208187051,0.178791998781132,0.003));
#21020=CARTESIAN_POINT('',(0.259594206363149,0.178791998733635,0.003));
#21021=CARTESIAN_POINT('',(0.256494206363149,0.139291998733635,0.003));
#21022=CARTESIAN_POINT('',(0.254994206839986,0.139291998942251,0.003));
#21023=CARTESIAN_POINT('',(0.257994206363149,0.139291998733635,0.003));
#21024=CARTESIAN_POINT('',(0.257994206363149,0.0919704060471869,0.003));
#21025=CARTESIAN_POINT('',(0.254994206839986,0.0919704074159811,0.003));
#21026=CARTESIAN_POINT('',(0.257994206363149,0.0889704060471869,0.003));
#21027=CARTESIAN_POINT('',(0.249398012423701,0.158266873110885,0.003));
#21028=CARTESIAN_POINT('',(0.249398012285436,0.158266872467788,0.003));
#21029=CARTESIAN_POINT('',(0.256469079071469,0.151195804600472,0.003));
#21030=CARTESIAN_POINT('',(0.251519334280677,0.0763742113605688,0.003));
#21031=CARTESIAN_POINT('',(0.251519332628996,0.076374211969474,0.003));
#21032=CARTESIAN_POINT('',(0.258590400928445,0.0834452817336271,0.003));
#21033=CARTESIAN_POINT('',(0.248994205856509,0.119881202478761,0.003));
#21034=CARTESIAN_POINT('',(0.248994206363149,0.119881202390411,0.003));
#21035=CARTESIAN_POINT('',(0.268994205409474,0.119881202478761,0.003));
#21036=CARTESIAN_POINT('',(0.248994205856509,0.113881201495285,0.003));
#21037=CARTESIAN_POINT('',(0.248994206363149,0.113881202390411,0.003));
#21038=CARTESIAN_POINT('',(0.265994206780381,0.113881201495285,0.003));
#21039=CARTESIAN_POINT('',(0.249994206363149,0.182291998733635,0.003));
#21040=CARTESIAN_POINT('',(0.248494206705875,0.18229199853992,0.003));
#21041=CARTESIAN_POINT('',(0.251494206363149,0.182291998733635,0.003));
#21042=CARTESIAN_POINT('',(0.249994206363149,0.165291998733635,0.003));
#21043=CARTESIAN_POINT('',(0.248494206705875,0.16529199854737,0.003));
#21044=CARTESIAN_POINT('',(0.251494206363149,0.165291998733635,0.003));
#21045=CARTESIAN_POINT('',(0.249994206363149,0.0644704060471867,0.003));
#21046=CARTESIAN_POINT('',(0.248494206705875,0.0644704038397024,0.003));
#21047=CARTESIAN_POINT('',(0.251494206363149,0.0644704060471867,0.003));
#21048=CARTESIAN_POINT('',(0.249994206363149,0.0474704060471867,0.003));
#21049=CARTESIAN_POINT('',(0.248494206705875,0.0474704066411207,0.003));
#21050=CARTESIAN_POINT('',(0.251494206363149,0.0474704060471867,0.003));
#21051=CARTESIAN_POINT('',(0.248994206363149,0.126291998733635,0.003));
#21052=CARTESIAN_POINT('',(0.247494206541963,0.12629199867403,0.003));
#21053=CARTESIAN_POINT('',(0.250494206363149,0.126291998733635,0.003));
#21054=CARTESIAN_POINT('',(0.247494206541963,0.10597040598547,0.003));
#21055=CARTESIAN_POINT('',(0.247494206541963,0.10597040598547,0.003));
#21056=CARTESIAN_POINT('',(0.267494206094928,0.10597040598547,0.003));
#21057=CARTESIAN_POINT('',(0.243494205886312,0.133791998972053,0.003));
#21058=CARTESIAN_POINT('',(0.243494206363149,0.133791998733635,0.003));
#21059=CARTESIAN_POINT('',(0.248994205856509,0.133791998972053,0.003));
#21060=CARTESIAN_POINT('',(0.243494205886312,0.0999704087272832,0.003));
#21061=CARTESIAN_POINT('',(0.243494206363149,0.0999704060471868,0.003));
#21062=CARTESIAN_POINT('',(0.247994205692596,0.0999704087272832,0.003));
#21063=CARTESIAN_POINT('',(0.243994206363149,0.182291998733635,0.003));
#21064=CARTESIAN_POINT('',(0.242494205722399,0.18229199853992,0.003));
#21065=CARTESIAN_POINT('',(0.245494206363149,0.182291998733635,0.003));
#21066=CARTESIAN_POINT('',(0.243994206363149,0.165291998733635,0.003));
#21067=CARTESIAN_POINT('',(0.242494205722399,0.16529199854737,0.003));
#21068=CARTESIAN_POINT('',(0.245494206363149,0.165291998733635,0.003));
#21069=CARTESIAN_POINT('',(0.243994206363149,0.0644704060471867,0.003));
#21070=CARTESIAN_POINT('',(0.242494205722399,0.0644704038397024,0.003));
#21071=CARTESIAN_POINT('',(0.245494206363149,0.0644704060471867,0.003));
#21072=CARTESIAN_POINT('',(0.243994206363149,0.0474704060471867,0.003));
#21073=CARTESIAN_POINT('',(0.242494205722399,0.0474704066411207,0.003));
#21074=CARTESIAN_POINT('',(0.245494206363149,0.0474704060471867,0.003));
#21075=CARTESIAN_POINT('',(0.239398012647219,0.158266873110885,0.003));
#21076=CARTESIAN_POINT('',(0.239398012285436,0.158266872467788,0.003));
#21077=CARTESIAN_POINT('',(0.246469079294987,0.151195804600472,0.003));
#21078=CARTESIAN_POINT('',(0.241519332641549,0.0763742113605688,0.003));
#21079=CARTESIAN_POINT('',(0.241519332628996,0.076374211969474,0.003));
#21080=CARTESIAN_POINT('',(0.248590401151962,0.0834452817336271,0.003));
#21081=CARTESIAN_POINT('',(0.239494206363149,0.139291998733635,0.003));
#21082=CARTESIAN_POINT('',(0.237994205916114,0.139291998942251,0.003));
#21083=CARTESIAN_POINT('',(0.240994206363149,0.139291998733635,0.003));
#21084=CARTESIAN_POINT('',(0.240994206363149,0.0919704060471868,0.003));
#21085=CARTESIAN_POINT('',(0.237994205916114,0.0919704074159811,0.003));
#21086=CARTESIAN_POINT('',(0.240994206363149,0.0889704060471868,0.003));
#21087=CARTESIAN_POINT('',(0.237994206363149,0.182291998733635,0.003));
#21088=CARTESIAN_POINT('',(0.236494206601567,0.18229199853992,0.003));
#21089=CARTESIAN_POINT('',(0.239494206363149,0.182291998733635,0.003));
#21090=CARTESIAN_POINT('',(0.237994206363149,0.165291998733635,0.003));
#21091=CARTESIAN_POINT('',(0.236494206601567,0.16529199854737,0.003));
#21092=CARTESIAN_POINT('',(0.239494206363149,0.165291998733635,0.003));
#21093=CARTESIAN_POINT('',(0.237994206363149,0.0644704060471866,0.003));
#21094=CARTESIAN_POINT('',(0.236494206601567,0.0644704038397024,0.003));
#21095=CARTESIAN_POINT('',(0.239494206363149,0.0644704060471866,0.003));
#21096=CARTESIAN_POINT('',(0.237994206363149,0.0474704060471866,0.003));
#21097=CARTESIAN_POINT('',(0.236494206601567,0.0474704066411207,0.003));
#21098=CARTESIAN_POINT('',(0.239494206363149,0.0474704060471866,0.003));
#21099=CARTESIAN_POINT('',(0.229398011939414,0.158266873110885,0.003));
#21100=CARTESIAN_POINT('',(0.229398012285436,0.158266872467788,0.003));
#21101=CARTESIAN_POINT('',(0.236469079518504,0.151195804600472,0.003));
#21102=CARTESIAN_POINT('',(0.231519332865067,0.0763742113605688,0.003));
#21103=CARTESIAN_POINT('',(0.231519332628996,0.076374211969474,0.003));
#21104=CARTESIAN_POINT('',(0.238590399512835,0.0834452817336271,0.003));
#21105=CARTESIAN_POINT('',(0.226494206825085,0.133791998972053,0.003));
#21106=CARTESIAN_POINT('',(0.226494206363149,0.133791998733635,0.003));
#21107=CARTESIAN_POINT('',(0.231994206795282,0.133791998972053,0.003));
#21108=CARTESIAN_POINT('',(0.226494206825085,0.0999704087272832,0.003));
#21109=CARTESIAN_POINT('',(0.226494206363149,0.0999704060471866,0.003));
#21110=CARTESIAN_POINT('',(0.23099420663137,0.0999704087272832,0.003));
#21111=CARTESIAN_POINT('',(0.224494206497259,0.187791998510117,0.003));
#21112=CARTESIAN_POINT('',(0.224494206363149,0.187791998733635,0.003));
#21113=CARTESIAN_POINT('',(0.231494206713326,0.187791998510117,0.003));
#21114=CARTESIAN_POINT('',(0.224494206497259,0.181791998923625,0.003));
#21115=CARTESIAN_POINT('',(0.224494206363149,0.181791998733635,0.003));
#21116=CARTESIAN_POINT('',(0.231494206713326,0.181791998923625,0.003));
#21117=CARTESIAN_POINT('',(0.224494206497259,0.17579199863864,0.003));
#21118=CARTESIAN_POINT('',(0.224494206363149,0.175791998733635,0.003));
#21119=CARTESIAN_POINT('',(0.231494206713326,0.17579199863864,0.003));
#21120=CARTESIAN_POINT('',(0.224494206497259,0.169791998353655,0.003));
#21121=CARTESIAN_POINT('',(0.224494206363149,0.169791998733635,0.003));
#21122=CARTESIAN_POINT('',(0.231494206713326,0.169791998353655,0.003));
#21123=CARTESIAN_POINT('',(0.224494206497259,0.163791998301501,0.003));
#21124=CARTESIAN_POINT('',(0.224494206363148,0.163791998733635,0.003));
#21125=CARTESIAN_POINT('',(0.231494206713326,0.163791998301501,0.003));
#21126=CARTESIAN_POINT('',(0.224494206497259,0.127791997988577,0.003));
#21127=CARTESIAN_POINT('',(0.224494206363149,0.127791998733634,0.003));
#21128=CARTESIAN_POINT('',(0.241494205558486,0.127791997988577,0.003));
#21129=CARTESIAN_POINT('',(0.224494206497259,0.10597040598547,0.003));
#21130=CARTESIAN_POINT('',(0.224494206363149,0.105970406047187,0.003));
#21131=CARTESIAN_POINT('',(0.244494206050224,0.10597040598547,0.003));
#21132=CARTESIAN_POINT('',(0.224494206497259,0.0699704075351903,0.003));
#21133=CARTESIAN_POINT('',(0.224494206363148,0.0699704060471866,0.003));
#21134=CARTESIAN_POINT('',(0.231494206713326,0.0699704075351903,0.003));
#21135=CARTESIAN_POINT('',(0.224494206497259,0.0639704028264234,0.003));
#21136=CARTESIAN_POINT('',(0.224494206363149,0.0639704060471866,0.003));
#21137=CARTESIAN_POINT('',(0.231494206713326,0.0639704028264234,0.003));
#21138=CARTESIAN_POINT('',(0.224494206497259,0.0579704055682371,0.003));
#21139=CARTESIAN_POINT('',(0.224494206363149,0.0579704060471866,0.003));
#21140=CARTESIAN_POINT('',(0.231494206713326,0.0579704055682371,0.003));
#21141=CARTESIAN_POINT('',(0.224494206497259,0.0519704083100507,0.003));
#21142=CARTESIAN_POINT('',(0.224494206363149,0.0519704060471866,0.003));
#21143=CARTESIAN_POINT('',(0.231494206713326,0.0519704083100507,0.003));
#21144=CARTESIAN_POINT('',(0.224494206497259,0.0459704110518644,0.003));
#21145=CARTESIAN_POINT('',(0.224494206430204,0.0459704060471866,0.003));
#21146=CARTESIAN_POINT('',(0.231494206538237,0.0459704110518644,0.003));
#21147=CARTESIAN_POINT('',(0.22299420625139,0.119881202478761,0.003));
#21148=CARTESIAN_POINT('',(0.22299420625139,0.119881202478761,0.003));
#21149=CARTESIAN_POINT('',(0.242994206735678,0.119881202478761,0.003));
#21150=CARTESIAN_POINT('',(0.224494206363149,0.112520254794987,0.003));
#21151=CARTESIAN_POINT('',(0.22299420625139,0.112520256091709,0.003));
#21152=CARTESIAN_POINT('',(0.225994206363149,0.112520254794987,0.003));
#21153=CARTESIAN_POINT('',(0.222494206363149,0.139291998733635,0.003));
#21154=CARTESIAN_POINT('',(0.220994206389226,0.139291998942251,0.003));
#21155=CARTESIAN_POINT('',(0.223994206363149,0.139291998733635,0.003));
#21156=CARTESIAN_POINT('',(0.223994206363149,0.0919704060471866,0.003));
#21157=CARTESIAN_POINT('',(0.220994206389226,0.0919704074159811,0.003));
#21158=CARTESIAN_POINT('',(0.223994206363149,0.0889704060471866,0.003));
#21159=CARTESIAN_POINT('',(0.219398012279346,0.158266873110885,0.003));
#21160=CARTESIAN_POINT('',(0.219398012285436,0.158266872467788,0.003));
#21161=CARTESIAN_POINT('',(0.226469079742022,0.151195804600472,0.003));
#21162=CARTESIAN_POINT('',(0.221519332622923,0.0763742113605688,0.003));
#21163=CARTESIAN_POINT('',(0.221519332628996,0.076374211969474,0.003));
#21164=CARTESIAN_POINT('',(0.228590400667675,0.0834452817336271,0.003));
#21165=CARTESIAN_POINT('',(0.209519332984276,0.151195804600472,0.003));
#21166=CARTESIAN_POINT('',(0.209519332628996,0.151195804655922,0.003));
#21167=CARTESIAN_POINT('',(0.216590400446951,0.158266873110885,0.003));
#21168=CARTESIAN_POINT('',(0.207398012058623,0.0834452817336271,0.003));
#21169=CARTESIAN_POINT('',(0.207398012285436,0.0834452797813395,0.003));
#21170=CARTESIAN_POINT('',(0.214469080103375,0.0763742113605688,0.003));
#21171=CARTESIAN_POINT('',(0.206494206340797,0.144791998912449,0.003));
#21172=CARTESIAN_POINT('',(0.206494206363149,0.144791998733635,0.003));
#21173=CARTESIAN_POINT('',(0.210994206147082,0.144791998912449,0.003));
#21174=CARTESIAN_POINT('',(0.206494206340797,0.0889704087868879,0.003));
#21175=CARTESIAN_POINT('',(0.206494206363149,0.0889704060471866,0.003));
#21176=CARTESIAN_POINT('',(0.211994206310995,0.0889704087868879,0.003));
#21177=CARTESIAN_POINT('',(0.204494206012971,0.187791998510117,0.003));
#21178=CARTESIAN_POINT('',(0.204494206363149,0.187791998733635,0.003));
#21179=CARTESIAN_POINT('',(0.211494206229038,0.187791998510117,0.003));
#21180=CARTESIAN_POINT('',(0.204494206012971,0.181791998923625,0.003));
#21181=CARTESIAN_POINT('',(0.204494206363149,0.181791998733635,0.003));
#21182=CARTESIAN_POINT('',(0.211494206229038,0.181791998923625,0.003));
#21183=CARTESIAN_POINT('',(0.204494206012971,0.17579199863864,0.003));
#21184=CARTESIAN_POINT('',(0.204494206363149,0.175791998733635,0.003));
#21185=CARTESIAN_POINT('',(0.211494206229038,0.17579199863864,0.003));
#21186=CARTESIAN_POINT('',(0.204494206012971,0.169791998353655,0.003));
#21187=CARTESIAN_POINT('',(0.204494206363149,0.169791998733635,0.003));
#21188=CARTESIAN_POINT('',(0.211494206229038,0.169791998353655,0.003));
#21189=CARTESIAN_POINT('',(0.204494206012971,0.163791998301501,0.003));
#21190=CARTESIAN_POINT('',(0.204494206363149,0.163791998733635,0.003));
#21191=CARTESIAN_POINT('',(0.211494206229038,0.163791998301501,0.003));
#21192=CARTESIAN_POINT('',(0.204494206012971,0.0699704075351903,0.003));
#21193=CARTESIAN_POINT('',(0.204494206363149,0.0699704060471866,0.003));
#21194=CARTESIAN_POINT('',(0.211494206229038,0.0699704075351903,0.003));
#21195=CARTESIAN_POINT('',(0.204494206012971,0.0639704028264234,0.003));
#21196=CARTESIAN_POINT('',(0.204494206363149,0.0639704060471866,0.003));
#21197=CARTESIAN_POINT('',(0.211494206229038,0.0639704028264234,0.003));
#21198=CARTESIAN_POINT('',(0.204494206012971,0.0579704055682371,0.003));
#21199=CARTESIAN_POINT('',(0.204494206363149,0.0579704060471866,0.003));
#21200=CARTESIAN_POINT('',(0.211494206229038,0.0579704055682371,0.003));
#21201=CARTESIAN_POINT('',(0.204494206012971,0.0519704083100507,0.003));
#21202=CARTESIAN_POINT('',(0.204494206363149,0.0519704060471866,0.003));
#21203=CARTESIAN_POINT('',(0.211494206229038,0.0519704083100507,0.003));
#21204=CARTESIAN_POINT('',(0.204494206012971,0.0459704110518644,0.003));
#21205=CARTESIAN_POINT('',(0.20449420618806,0.0459704060471866,0.003));
#21206=CARTESIAN_POINT('',(0.211494206296093,0.0459704110518644,0.003));
#21207=CARTESIAN_POINT('',(0.203994206363149,0.136791998733635,0.003));
#21208=CARTESIAN_POINT('',(0.200994205439277,0.136791997601147,0.003));
#21209=CARTESIAN_POINT('',(0.203994206363149,0.133791998733635,0.003));
#21210=CARTESIAN_POINT('',(0.202494206363149,0.0944704060471866,0.003));
#21211=CARTESIAN_POINT('',(0.200994205439277,0.0944704050317953,0.003));
#21212=CARTESIAN_POINT('',(0.203994206363149,0.0944704060471866,0.003));
#21213=CARTESIAN_POINT('',(0.199519333207793,0.151195804600472,0.003));
#21214=CARTESIAN_POINT('',(0.199519332628996,0.151195804655922,0.003));
#21215=CARTESIAN_POINT('',(0.206590400786884,0.158266873110885,0.003));
#21216=CARTESIAN_POINT('',(0.197398013213463,0.0834452817336271,0.003));
#21217=CARTESIAN_POINT('',(0.197398012285436,0.0834452797813395,0.003));
#21218=CARTESIAN_POINT('',(0.204469079861231,0.0763742113605688,0.003));
#21219=CARTESIAN_POINT('',(0.197994206363149,0.182291998733635,0.003));
#21220=CARTESIAN_POINT('',(0.196494205632992,0.18229199853992,0.003));
#21221=CARTESIAN_POINT('',(0.199494206363149,0.182291998733635,0.003));
#21222=CARTESIAN_POINT('',(0.197994206363149,0.165291998733635,0.003));
#21223=CARTESIAN_POINT('',(0.196494205632992,0.16529199854737,0.003));
#21224=CARTESIAN_POINT('',(0.199494206363149,0.165291998733635,0.003));
#21225=CARTESIAN_POINT('',(0.197994206363149,0.0644704060471866,0.003));
#21226=CARTESIAN_POINT('',(0.196494205632992,0.0644704038397024,0.003));
#21227=CARTESIAN_POINT('',(0.199494206363149,0.0644704060471866,0.003));
#21228=CARTESIAN_POINT('',(0.197994206363149,0.0474704060471866,0.003));
#21229=CARTESIAN_POINT('',(0.196494205632992,0.0474704066411207,0.003));
#21230=CARTESIAN_POINT('',(0.199494206363149,0.0474704060471866,0.003));
#21231=CARTESIAN_POINT('',(0.19299420599062,0.119881202478761,0.003));
#21232=CARTESIAN_POINT('',(0.192994206363149,0.119881202390411,0.003));
#21233=CARTESIAN_POINT('',(0.212994206474907,0.119881202478761,0.003));
#21234=CARTESIAN_POINT('',(0.19299420599062,0.113881201495285,0.003));
#21235=CARTESIAN_POINT('',(0.192994206363149,0.113881202390411,0.003));
#21236=CARTESIAN_POINT('',(0.209994205983169,0.113881201495285,0.003));
#21237=CARTESIAN_POINT('',(0.192994206363149,0.126291998733634,0.003));
#21238=CARTESIAN_POINT('',(0.191494206676073,0.12629199867403,0.003));
#21239=CARTESIAN_POINT('',(0.194494206363149,0.126291998733634,0.003));
#21240=CARTESIAN_POINT('',(0.191494206676073,0.10597040598547,0.003));
#21241=CARTESIAN_POINT('',(0.191494206676073,0.10597040598547,0.003));
#21242=CARTESIAN_POINT('',(0.211494206229038,0.10597040598547,0.003));
#21243=CARTESIAN_POINT('',(0.191994206363149,0.182291998733635,0.003));
#21244=CARTESIAN_POINT('',(0.19049420651216,0.18229199853992,0.003));
#21245=CARTESIAN_POINT('',(0.193494206363149,0.182291998733635,0.003));
#21246=CARTESIAN_POINT('',(0.191994206363149,0.165291998733635,0.003));
#21247=CARTESIAN_POINT('',(0.19049420651216,0.16529199854737,0.003));
#21248=CARTESIAN_POINT('',(0.193494206363149,0.165291998733635,0.003));
#21249=CARTESIAN_POINT('',(0.191994206363149,0.0644704060471867,0.003));
#21250=CARTESIAN_POINT('',(0.19049420651216,0.0644704038397024,0.003));
#21251=CARTESIAN_POINT('',(0.193494206363149,0.0644704060471867,0.003));
#21252=CARTESIAN_POINT('',(0.191994206363149,0.0474704060471867,0.003));
#21253=CARTESIAN_POINT('',(0.19049420651216,0.0474704066411207,0.003));
#21254=CARTESIAN_POINT('',(0.193494206363149,0.0474704060471867,0.003));
#21255=CARTESIAN_POINT('',(0.189494206348248,0.144791998912449,0.003));
#21256=CARTESIAN_POINT('',(0.189494206363149,0.144791998733635,0.003));
#21257=CARTESIAN_POINT('',(0.193994206154532,0.144791998912449,0.003));
#21258=CARTESIAN_POINT('',(0.189494206348248,0.0889704087868879,0.003));
#21259=CARTESIAN_POINT('',(0.189494206363149,0.0889704060471867,0.003));
#21260=CARTESIAN_POINT('',(0.194994206318445,0.0889704087868879,0.003));
#21261=CARTESIAN_POINT('',(0.189519333431311,0.151195804600472,0.003));
#21262=CARTESIAN_POINT('',(0.189519332628996,0.151195804655922,0.003));
#21263=CARTESIAN_POINT('',(0.196590400079079,0.158266873110885,0.003));
#21264=CARTESIAN_POINT('',(0.187398011574335,0.0834452817336271,0.003));
#21265=CARTESIAN_POINT('',(0.187398012285436,0.0834452797813395,0.003));
#21266=CARTESIAN_POINT('',(0.194469080084748,0.0763742113605688,0.003));
#21267=CARTESIAN_POINT('',(0.185994206363149,0.182291998733635,0.003));
#21268=CARTESIAN_POINT('',(0.184494205528684,0.18229199853992,0.003));
#21269=CARTESIAN_POINT('',(0.187494206363149,0.182291998733635,0.003));
#21270=CARTESIAN_POINT('',(0.185994206363149,0.165291998733635,0.003));
#21271=CARTESIAN_POINT('',(0.184494205528684,0.16529199854737,0.003));
#21272=CARTESIAN_POINT('',(0.187494206363149,0.165291998733635,0.003));
#21273=CARTESIAN_POINT('',(0.185994206363149,0.0644704060471867,0.003));
#21274=CARTESIAN_POINT('',(0.184494205528684,0.0644704038397024,0.003));
#21275=CARTESIAN_POINT('',(0.187494206363149,0.0644704060471867,0.003));
#21276=CARTESIAN_POINT('',(0.185994206363149,0.0474704060471867,0.003));
#21277=CARTESIAN_POINT('',(0.184494205528684,0.0474704066411207,0.003));
#21278=CARTESIAN_POINT('',(0.187494206363149,0.0474704060471867,0.003));
#21279=CARTESIAN_POINT('',(0.186994206363149,0.136791998733635,0.003));
#21280=CARTESIAN_POINT('',(0.183994204515405,0.136791997601147,0.003));
#21281=CARTESIAN_POINT('',(0.186994206363149,0.133791998733635,0.003));
#21282=CARTESIAN_POINT('',(0.185494206363149,0.0944704060471867,0.003));
#21283=CARTESIAN_POINT('',(0.183994204515405,0.0944704050317953,0.003));
#21284=CARTESIAN_POINT('',(0.186994206363149,0.0944704060471867,0.003));
#21285=CARTESIAN_POINT('',(0.179519333654828,0.151195804600472,0.003));
#21286=CARTESIAN_POINT('',(0.179519332628996,0.151195804655922,0.003));
#21287=CARTESIAN_POINT('',(0.186590400302596,0.158266873110885,0.003));
#21288=CARTESIAN_POINT('',(0.177398011797853,0.0834452817336271,0.003));
#21289=CARTESIAN_POINT('',(0.177398012285436,0.0834452797813395,0.003));
#21290=CARTESIAN_POINT('',(0.184469078445621,0.0763742113605688,0.003));
#21291=CARTESIAN_POINT('',(0.177994206363149,0.178791998733635,0.003));
#21292=CARTESIAN_POINT('',(0.1763942062499,0.178791998781132,0.003));
#21293=CARTESIAN_POINT('',(0.179594206363149,0.178791998733635,0.003));
#21294=CARTESIAN_POINT('',(0.174494206363149,0.0619704060471866,0.003));
#21295=CARTESIAN_POINT('',(0.172994204575009,0.0619704062238882,0.003));
#21296=CARTESIAN_POINT('',(0.175994206363149,0.0619704060471866,0.003));
#21297=CARTESIAN_POINT('',(0.172494207287021,0.144791998912449,0.003));
#21298=CARTESIAN_POINT('',(0.172494206363149,0.144791998733635,0.003));
#21299=CARTESIAN_POINT('',(0.17699420523066,0.144791998912449,0.003));
#21300=CARTESIAN_POINT('',(0.172494207287021,0.0889704087868879,0.003));
#21301=CARTESIAN_POINT('',(0.172494206363149,0.0889704060471869,0.003));
#21302=CARTESIAN_POINT('',(0.177994207257218,0.0889704087868879,0.003));
#21303=CARTESIAN_POINT('',(0.173494206363149,0.164791998733635,0.003));
#21304=CARTESIAN_POINT('',(0.171994206273742,0.164791998465414,0.003));
#21305=CARTESIAN_POINT('',(0.174994206363149,0.164791998733635,0.003));
#21306=CARTESIAN_POINT('',(0.16849420663137,0.127791997988577,0.003));
#21307=CARTESIAN_POINT('',(0.168494206363149,0.127791998733634,0.003));
#21308=CARTESIAN_POINT('',(0.185494207555242,0.127791997988577,0.003));
#21309=CARTESIAN_POINT('',(0.16849420663137,0.10597040598547,0.003));
#21310=CARTESIAN_POINT('',(0.168494206363149,0.105970406047187,0.003));
#21311=CARTESIAN_POINT('',(0.188494206184335,0.10597040598547,0.003));
#21312=CARTESIAN_POINT('',(0.1695193320157,0.151195804600472,0.003));
#21313=CARTESIAN_POINT('',(0.169519332628996,0.151195804655922,0.003));
#21314=CARTESIAN_POINT('',(0.176590398663468,0.158266873110885,0.003));
#21315=CARTESIAN_POINT('',(0.167398013884015,0.0834452817336271,0.003));
#21316=CARTESIAN_POINT('',(0.167398012285436,0.0834452797813395,0.003));
#21317=CARTESIAN_POINT('',(0.174469080531783,0.0763742113605688,0.003));
#21318=CARTESIAN_POINT('',(0.169994206363149,0.136791998733634,0.003));
#21319=CARTESIAN_POINT('',(0.166994207316823,0.136791997601147,0.003));
#21320=CARTESIAN_POINT('',(0.169994206363149,0.133791998733634,0.003));
#21321=CARTESIAN_POINT('',(0.166994207316823,0.119881202478761,0.003));
#21322=CARTESIAN_POINT('',(0.166994207316823,0.119881202478761,0.003));
#21323=CARTESIAN_POINT('',(0.186994206869788,0.119881202478761,0.003));
#21324=CARTESIAN_POINT('',(0.168494206363149,0.112520254794987,0.003));
#21325=CARTESIAN_POINT('',(0.166994207316823,0.112520256091709,0.003));
#21326=CARTESIAN_POINT('',(0.169994206363149,0.112520254794987,0.003));
#21327=CARTESIAN_POINT('',(0.168494206363149,0.0944704060471869,0.003));
#21328=CARTESIAN_POINT('',(0.166994207316823,0.0944704050317953,0.003));
#21329=CARTESIAN_POINT('',(0.169994206363149,0.0944704060471869,0.003));
#21330=CARTESIAN_POINT('',(0.168494206363149,0.0619704060471866,0.003));
#21331=CARTESIAN_POINT('',(0.166994207316823,0.0619704062238882,0.003));
#21332=CARTESIAN_POINT('',(0.169994206363149,0.0619704060471866,0.003));
#21333=CARTESIAN_POINT('',(0.167494206363149,0.164791998733635,0.003));
#21334=CARTESIAN_POINT('',(0.165994205290265,0.164791998465414,0.003));
#21335=CARTESIAN_POINT('',(0.168994206363149,0.164791998733635,0.003));
#21336=CARTESIAN_POINT('',(0.256994206363149,0.172791998733635,0.003));
#21337=CARTESIAN_POINT('',(0.217994206363149,0.197791998733635,0.003));
#21338=CARTESIAN_POINT('',(0.217994206363149,0.114796901165671,0.003));
#21339=CARTESIAN_POINT('',(0.217994206363149,0.186291998733635,0.003));
#21340=CARTESIAN_POINT('',(0.217994206363149,0.168291998733635,0.003));
#21341=CARTESIAN_POINT('',(0.217994206363149,0.151791998733635,0.003));
#21342=CARTESIAN_POINT('',(0.217994206363149,0.0849704060471866,0.003));
#21343=CARTESIAN_POINT('',(0.207994206363149,0.140791998733635,0.003));
#21344=CARTESIAN_POINT('',(0.207994206363149,0.0959704060471866,0.003));
#21345=CARTESIAN_POINT('',(0.197994206363149,0.177291998733635,0.003));
#21346=CARTESIAN_POINT('',(0.197994206363149,0.0594704060471866,0.003));
#21347=CARTESIAN_POINT('',(0.191994206363149,0.177291998733635,0.003));
#21348=CARTESIAN_POINT('',(0.191994206363149,0.0594704060471867,0.003));
#21349=CARTESIAN_POINT('',(0.190994206363149,0.140791998733635,0.003));
#21350=CARTESIAN_POINT('',(0.190994206363149,0.0959704060471867,0.003));
#21351=CARTESIAN_POINT('',(0.185994206363149,0.177291998733635,0.003));
#21352=CARTESIAN_POINT('',(0.185994206363149,0.0594704060471867,0.003));
#21353=CARTESIAN_POINT('',(0.178994206363149,0.172791998733635,0.003));
#21354=CARTESIAN_POINT('',(0.177994206363149,0.0507968189638525,0.003));
#21355=CARTESIAN_POINT('',(0.173994206363149,0.140791998733635,0.003));
#21356=CARTESIAN_POINT('',(0.173994206363149,0.0959704060471868,0.003));
#21357=CARTESIAN_POINT('',(0.184994206363149,0.0327919987336347,0.003));
#21358=CARTESIAN_POINT('',(0.227994206363149,0.0959704060471867,0.003));
#21359=CARTESIAN_POINT('',(0.227994206363149,0.140791998733635,0.003));
#21360=CARTESIAN_POINT('',(0.237994206363149,0.0594704060471866,0.003));
#21361=CARTESIAN_POINT('',(0.237994206363149,0.177291998733635,0.003));
#21362=CARTESIAN_POINT('',(0.243994206363149,0.0594704060471867,0.003));
#21363=CARTESIAN_POINT('',(0.243994206363149,0.177291998733635,0.003));
#21364=CARTESIAN_POINT('',(0.244994206363149,0.0959704060471868,0.003));
#21365=CARTESIAN_POINT('',(0.244994206363149,0.140791998733635,0.003));
#21366=CARTESIAN_POINT('',(0.249994206363149,0.0594704060471867,0.003));
#21367=CARTESIAN_POINT('',(0.249994206363149,0.177291998733635,0.003));
#21368=CARTESIAN_POINT('',(0.250994206363149,0.0327919987336347,0.003));
#21369=CARTESIAN_POINT('',(0.257994206363149,0.0507968189638525,0.003));
#21370=CARTESIAN_POINT('',(0.261994206363149,0.0959704060471869,0.003));
#21371=CARTESIAN_POINT('',(0.166994206363149,0.176267798888124,0.003));
#21372=CARTESIAN_POINT('',(0.164037684624019,0.178962048172443,0.003));
#21373=CARTESIAN_POINT('',(0.217994206363149,0.129791998733635,0.003));
#21374=CARTESIAN_POINT('',(0.271950728102279,0.178962048172442,0.003));
#21375=CARTESIAN_POINT('',(0.268994206363149,0.176267798888124,0.003));
#21376=CARTESIAN_POINT('',(0.272994206363149,0.176267798888124,0.003));
#21377=CARTESIAN_POINT('',(0.272994206363149,0.156267798888124,0.003));
#21378=CARTESIAN_POINT('',(0.272994206363149,0.0587362706436338,0.003));
#21379=CARTESIAN_POINT('',(0.268994206363149,0.0587362706436338,0.003));
#21380=CARTESIAN_POINT('',(0.272571914607472,0.0569474185005376,0.003));
#21381=CARTESIAN_POINT('',(0.259099778497405,0.0300031462804029,0.003));
#21382=CARTESIAN_POINT('',(0.259099779172149,0.0300031443516349,0.003));
#21383=CARTESIAN_POINT('',(0.255522070408149,0.0317919987336347,0.003));
#21384=CARTESIAN_POINT('',(0.255522070408149,0.0277919987336347,0.003));
#21385=CARTESIAN_POINT('',(0.218266342318148,0.0277919987336347,0.003));
#21386=CARTESIAN_POINT('',(0.180466342318148,0.0277919987336347,0.003));
#21387=CARTESIAN_POINT('',(0.180466342318148,0.0317919987336347,0.003));
#21388=CARTESIAN_POINT('',(0.176888634228892,0.0300031462804029,0.003));
#21389=CARTESIAN_POINT('',(0.163416498118825,0.0569474185005376,0.003));
#21390=CARTESIAN_POINT('',(0.163416497599149,0.0569474162616341,0.003));
#21391=CARTESIAN_POINT('',(0.166994206363149,0.0587362706436339,0.003));
#21392=CARTESIAN_POINT('',(0.269994207436032,0.164791998465414,0.003));
#21393=CARTESIAN_POINT('',(0.269994207436032,0.174791998707558,0.003));
#21394=CARTESIAN_POINT('',(0.268494206363149,0.174791998733635,0.003));
#21395=CARTESIAN_POINT('',(0.266994205081649,0.174791998707558,0.003));
#21396=CARTESIAN_POINT('',(0.266994205081649,0.174791998707558,0.003));
#21397=CARTESIAN_POINT('',(0.268994205409474,0.0619704062238882,0.003));
#21398=CARTESIAN_POINT('',(0.268994205409474,0.0719704041377256,0.003));
#21399=CARTESIAN_POINT('',(0.267494206363149,0.0719704060471867,0.003));
#21400=CARTESIAN_POINT('',(0.265994206780381,0.0719704041377256,0.003));
#21401=CARTESIAN_POINT('',(0.265994206780381,0.0719704041377256,0.003));
#21402=CARTESIAN_POINT('',(0.263994206452556,0.164791998465414,0.003));
#21403=CARTESIAN_POINT('',(0.263994206452556,0.174791998707558,0.003));
#21404=CARTESIAN_POINT('',(0.262494206363149,0.174791998733635,0.003));
#21405=CARTESIAN_POINT('',(0.260994207823462,0.174791998707558,0.003));
#21406=CARTESIAN_POINT('',(0.260994207823462,0.174791998707558,0.003));
#21407=CARTESIAN_POINT('',(0.265994206363149,0.136791998733635,0.003));
#21408=CARTESIAN_POINT('',(0.268994206363149,0.136791998733635,0.003));
#21409=CARTESIAN_POINT('',(0.268994205409474,0.136791997601147,0.003));
#21410=CARTESIAN_POINT('',(0.268994205409474,0.142291997571344,0.003));
#21411=CARTESIAN_POINT('',(0.267494206363149,0.142291998733635,0.003));
#21412=CARTESIAN_POINT('',(0.265994206363149,0.142291998733635,0.003));
#21413=CARTESIAN_POINT('',(0.265994206780381,0.142291997571344,0.003));
#21414=CARTESIAN_POINT('',(0.265994206780381,0.137791999627704,0.003));
#21415=CARTESIAN_POINT('',(0.264994206363149,0.137791998733635,0.003));
#21416=CARTESIAN_POINT('',(0.264994206363149,0.136791998733635,0.003));
#21417=CARTESIAN_POINT('',(0.264994204753823,0.136791997601147,0.003));
#21418=CARTESIAN_POINT('',(0.260494206363149,0.136791998733635,0.003));
#21419=CARTESIAN_POINT('',(0.260494206363149,0.135291998733635,0.003));
#21420=CARTESIAN_POINT('',(0.264994206363149,0.0989704060471869,0.003));
#21421=CARTESIAN_POINT('',(0.265994206363149,0.0989704060471869,0.003));
#21422=CARTESIAN_POINT('',(0.265994206780381,0.0989704067007253,0.003));
#21423=CARTESIAN_POINT('',(0.265994206780381,0.0944704050317953,0.003));
#21424=CARTESIAN_POINT('',(0.267494206363149,0.0944704060471869,0.003));
#21425=CARTESIAN_POINT('',(0.268994206363149,0.0944704060471869,0.003));
#21426=CARTESIAN_POINT('',(0.268994205409474,0.0944704050317953,0.003));
#21427=CARTESIAN_POINT('',(0.268994205409474,0.0999704087272832,0.003));
#21428=CARTESIAN_POINT('',(0.265994206363149,0.0999704060471869,0.003));
#21429=CARTESIAN_POINT('',(0.265994206363149,0.102970406047187,0.003));
#21430=CARTESIAN_POINT('',(0.265994206780381,0.102970407356376,0.003));
#21431=CARTESIAN_POINT('',(0.260494206363149,0.102970406047187,0.003));
#21432=CARTESIAN_POINT('',(0.260494206363149,0.101470406047187,0.003));
#21433=CARTESIAN_POINT('',(0.262994208151288,0.0619704062238882,0.003));
#21434=CARTESIAN_POINT('',(0.262994208151288,0.0719704041377256,0.003));
#21435=CARTESIAN_POINT('',(0.261494206363149,0.0719704060471867,0.003));
#21436=CARTESIAN_POINT('',(0.259994205796905,0.0719704041377256,0.003));
#21437=CARTESIAN_POINT('',(0.259994205796905,0.0719704041377256,0.003));
#21438=CARTESIAN_POINT('',(0.267529740269082,0.152256464827702,0.003));
#21439=CARTESIAN_POINT('',(0.268590400440861,0.153317124999482,0.003));
#21440=CARTESIAN_POINT('',(0.268590398842282,0.153317124594803,0.003));
#21441=CARTESIAN_POINT('',(0.261519332628996,0.160388192811347,0.003));
#21442=CARTESIAN_POINT('',(0.260458672457216,0.159327532639567,0.003));
#21443=CARTESIAN_POINT('',(0.267529740269082,0.0845059399531193,0.003));
#21444=CARTESIAN_POINT('',(0.266469080097302,0.0855666001248991,0.003));
#21445=CARTESIAN_POINT('',(0.266469080710597,0.0855666035906026,0.003));
#21446=CARTESIAN_POINT('',(0.259398012285436,0.0784955323130337,0.003));
#21447=CARTESIAN_POINT('',(0.260458672457216,0.0774348721412538,0.003));
#21448=CARTESIAN_POINT('',(0.259594206476398,0.178791998781132,0.003));
#21449=CARTESIAN_POINT('',(0.259594206476398,0.184791998949702,0.003));
#21450=CARTESIAN_POINT('',(0.257994206363149,0.184791998733635,0.003));
#21451=CARTESIAN_POINT('',(0.256394208187051,0.184791998949702,0.003));
#21452=CARTESIAN_POINT('',(0.256394208187051,0.184791998949702,0.003));
#21453=CARTESIAN_POINT('',(0.257994205469079,0.139291998942251,0.003));
#21454=CARTESIAN_POINT('',(0.257994205469079,0.143791996885891,0.003));
#21455=CARTESIAN_POINT('',(0.258994206363149,0.143791998733635,0.003));
#21456=CARTESIAN_POINT('',(0.258994206363149,0.144791998733635,0.003));
#21457=CARTESIAN_POINT('',(0.258994207495637,0.144791998912449,0.003));
#21458=CARTESIAN_POINT('',(0.263494205439277,0.144791998912449,0.003));
#21459=CARTESIAN_POINT('',(0.263494206363149,0.146291998733635,0.003));
#21460=CARTESIAN_POINT('',(0.263494206363149,0.147791998733635,0.003));
#21461=CARTESIAN_POINT('',(0.263494205439277,0.147791999404187,0.003));
#21462=CARTESIAN_POINT('',(0.257994205469079,0.147791999404187,0.003));
#21463=CARTESIAN_POINT('',(0.257994206363149,0.144791998733635,0.003));
#21464=CARTESIAN_POINT('',(0.254994206839986,0.144791998912449,0.003));
#21465=CARTESIAN_POINT('',(0.254994206839986,0.144791998912449,0.003));
#21466=CARTESIAN_POINT('',(0.257994205469079,0.0889704087868879,0.003));
#21467=CARTESIAN_POINT('',(0.263494205439277,0.0889704087868879,0.003));
#21468=CARTESIAN_POINT('',(0.263494206363149,0.0904704060471869,0.003));
#21469=CARTESIAN_POINT('',(0.263494206363149,0.0919704060471869,0.003));
#21470=CARTESIAN_POINT('',(0.263494205439277,0.0919704074159811,0.003));
#21471=CARTESIAN_POINT('',(0.258994207495637,0.0919704074159811,0.003));
#21472=CARTESIAN_POINT('',(0.258994206363149,0.0929704060471869,0.003));
#21473=CARTESIAN_POINT('',(0.257994206363149,0.0929704060471869,0.003));
#21474=CARTESIAN_POINT('',(0.257994205469079,0.092970409442539,0.003));
#21475=CARTESIAN_POINT('',(0.257994205469079,0.0974704036608884,0.003));
#21476=CARTESIAN_POINT('',(0.256494206363149,0.0974704060471869,0.003));
#21477=CARTESIAN_POINT('',(0.254994206839986,0.0974704036608884,0.003));
#21478=CARTESIAN_POINT('',(0.254994206839986,0.0974704036608884,0.003));
#21479=CARTESIAN_POINT('',(0.257529740269081,0.152256464827702,0.003));
#21480=CARTESIAN_POINT('',(0.258590400440861,0.153317124999482,0.003));
#21481=CARTESIAN_POINT('',(0.258590400928445,0.153317124594803,0.003));
#21482=CARTESIAN_POINT('',(0.251519332628996,0.160388192811347,0.003));
#21483=CARTESIAN_POINT('',(0.250458672457216,0.159327532639567,0.003));
#21484=CARTESIAN_POINT('',(0.257529740269081,0.0845059399531193,0.003));
#21485=CARTESIAN_POINT('',(0.256469080097302,0.0855666001248991,0.003));
#21486=CARTESIAN_POINT('',(0.256469079071469,0.0855666035906026,0.003));
#21487=CARTESIAN_POINT('',(0.249398012285436,0.0784955323130337,0.003));
#21488=CARTESIAN_POINT('',(0.250458672457216,0.0774348721412538,0.003));
#21489=CARTESIAN_POINT('',(0.268994205409474,0.119881202478761,0.003));
#21490=CARTESIAN_POINT('',(0.268994205409474,0.124242150236721,0.003));
#21491=CARTESIAN_POINT('',(0.267494206363149,0.124242149985835,0.003));
#21492=CARTESIAN_POINT('',(0.265994206363149,0.124242149985835,0.003));
#21493=CARTESIAN_POINT('',(0.265994206780381,0.124242150236721,0.003));
#21494=CARTESIAN_POINT('',(0.265994206780381,0.122881201107855,0.003));
#21495=CARTESIAN_POINT('',(0.265994206780381,0.122881201107855,0.003));
#21496=CARTESIAN_POINT('',(0.259594206476398,0.122881201107855,0.003));
#21497=CARTESIAN_POINT('',(0.259594206476398,0.122881201107855,0.003));
#21498=CARTESIAN_POINT('',(0.259594206476398,0.12488120143568,0.003));
#21499=CARTESIAN_POINT('',(0.257994206363149,0.124881202390411,0.003));
#21500=CARTESIAN_POINT('',(0.256394206363149,0.124881202390411,0.003));
#21501=CARTESIAN_POINT('',(0.256394208187051,0.12488120143568,0.003));
#21502=CARTESIAN_POINT('',(0.256394208187051,0.122881201107855,0.003));
#21503=CARTESIAN_POINT('',(0.256394208187051,0.122881201107855,0.003));
#21504=CARTESIAN_POINT('',(0.248994206363149,0.122881202390411,0.003));
#21505=CARTESIAN_POINT('',(0.248994206363149,0.121381202390411,0.003));
#21506=CARTESIAN_POINT('',(0.265994206780381,0.113881201495285,0.003));
#21507=CARTESIAN_POINT('',(0.265994206780381,0.112520256091709,0.003));
#21508=CARTESIAN_POINT('',(0.267494206363149,0.112520254794987,0.003));
#21509=CARTESIAN_POINT('',(0.268994206363149,0.112520254794987,0.003));
#21510=CARTESIAN_POINT('',(0.268994205409474,0.112520256091709,0.003));
#21511=CARTESIAN_POINT('',(0.268994205409474,0.116881203849668,0.003));
#21512=CARTESIAN_POINT('',(0.268994205409474,0.116881203849668,0.003));
#21513=CARTESIAN_POINT('',(0.248994206363149,0.116881202390411,0.003));
#21514=CARTESIAN_POINT('',(0.248994206363149,0.115381202390411,0.003));
#21515=CARTESIAN_POINT('',(0.251494207197614,0.18229199853992,0.003));
#21516=CARTESIAN_POINT('',(0.251494207197614,0.189291998755986,0.003));
#21517=CARTESIAN_POINT('',(0.249994206363149,0.189291998733635,0.003));
#21518=CARTESIAN_POINT('',(0.248494206705875,0.189291998755986,0.003));
#21519=CARTESIAN_POINT('',(0.248494206705875,0.189291998755986,0.003));
#21520=CARTESIAN_POINT('',(0.251494207197614,0.16529199854737,0.003));
#21521=CARTESIAN_POINT('',(0.251494207197614,0.172291998763437,0.003));
#21522=CARTESIAN_POINT('',(0.249994206363149,0.172291998733635,0.003));
#21523=CARTESIAN_POINT('',(0.248494206705875,0.172291998763437,0.003));
#21524=CARTESIAN_POINT('',(0.248494206705875,0.172291998763437,0.003));
#21525=CARTESIAN_POINT('',(0.251494207197614,0.0644704038397024,0.003));
#21526=CARTESIAN_POINT('',(0.251494207197614,0.0714704031244466,0.003));
#21527=CARTESIAN_POINT('',(0.249994206363149,0.0714704060471867,0.003));
#21528=CARTESIAN_POINT('',(0.248494206705875,0.0714704031244466,0.003));
#21529=CARTESIAN_POINT('',(0.248494206705875,0.0714704031244466,0.003));
#21530=CARTESIAN_POINT('',(0.251494207197614,0.0474704066411207,0.003));
#21531=CARTESIAN_POINT('',(0.251494207197614,0.0544704059258649,0.003));
#21532=CARTESIAN_POINT('',(0.249994206363149,0.0544704060471867,0.003));
#21533=CARTESIAN_POINT('',(0.248494206705875,0.0544704059258649,0.003));
#21534=CARTESIAN_POINT('',(0.248494206705875,0.0544704059258649,0.003));
#21535=CARTESIAN_POINT('',(0.250494205171056,0.12629199867403,0.003));
#21536=CARTESIAN_POINT('',(0.250494205171056,0.127791997988577,0.003));
#21537=CARTESIAN_POINT('',(0.250494205171056,0.127791997988577,0.003));
#21538=CARTESIAN_POINT('',(0.267494206094928,0.127791997988577,0.003));
#21539=CARTESIAN_POINT('',(0.267494206363149,0.129291998733635,0.003));
#21540=CARTESIAN_POINT('',(0.267494206363149,0.130791998733635,0.003));
#21541=CARTESIAN_POINT('',(0.267494206094928,0.13079200034296,0.003));
#21542=CARTESIAN_POINT('',(0.247494206541963,0.13079200034296,0.003));
#21543=CARTESIAN_POINT('',(0.247494206541963,0.13079200034296,0.003));
#21544=CARTESIAN_POINT('',(0.267494206363149,0.107470406047187,0.003));
#21545=CARTESIAN_POINT('',(0.267494206363149,0.108970406047187,0.003));
#21546=CARTESIAN_POINT('',(0.267494206094928,0.108970404614563,0.003));
#21547=CARTESIAN_POINT('',(0.250494205171056,0.108970404614563,0.003));
#21548=CARTESIAN_POINT('',(0.250494205171056,0.108970404614563,0.003));
#21549=CARTESIAN_POINT('',(0.250494205171056,0.1104704076544,0.003));
#21550=CARTESIAN_POINT('',(0.248994206363149,0.110470406047187,0.003));
#21551=CARTESIAN_POINT('',(0.247494206541963,0.1104704076544,0.003));
#21552=CARTESIAN_POINT('',(0.247494206541963,0.1104704076544,0.003));
#21553=CARTESIAN_POINT('',(0.248994206363149,0.136791998733635,0.003));
#21554=CARTESIAN_POINT('',(0.251994206363149,0.136791998733635,0.003));
#21555=CARTESIAN_POINT('',(0.251994208210893,0.136791997601147,0.003));
#21556=CARTESIAN_POINT('',(0.251994208210893,0.142291997571344,0.003));
#21557=CARTESIAN_POINT('',(0.250494206363149,0.142291998733635,0.003));
#21558=CARTESIAN_POINT('',(0.248994206363149,0.142291998733635,0.003));
#21559=CARTESIAN_POINT('',(0.248994205856509,0.142291997571344,0.003));
#21560=CARTESIAN_POINT('',(0.248994205856509,0.137791999627704,0.003));
#21561=CARTESIAN_POINT('',(0.247994206363149,0.137791998733635,0.003));
#21562=CARTESIAN_POINT('',(0.247994206363149,0.136791998733635,0.003));
#21563=CARTESIAN_POINT('',(0.247994205692596,0.136791997601147,0.003));
#21564=CARTESIAN_POINT('',(0.243494206363149,0.136791998733635,0.003));
#21565=CARTESIAN_POINT('',(0.243494206363149,0.135291998733635,0.003));
#21566=CARTESIAN_POINT('',(0.247994206363149,0.0989704060471868,0.003));
#21567=CARTESIAN_POINT('',(0.248994206363149,0.0989704060471868,0.003));
#21568=CARTESIAN_POINT('',(0.248994205856509,0.0989704067007253,0.003));
#21569=CARTESIAN_POINT('',(0.248994205856509,0.0944704050317953,0.003));
#21570=CARTESIAN_POINT('',(0.250494206363149,0.0944704060471868,0.003));
#21571=CARTESIAN_POINT('',(0.251994206363149,0.0944704060471868,0.003));
#21572=CARTESIAN_POINT('',(0.251994208210893,0.0944704050317953,0.003));
#21573=CARTESIAN_POINT('',(0.251994208210893,0.0999704087272832,0.003));
#21574=CARTESIAN_POINT('',(0.248994206363149,0.0999704060471868,0.003));
#21575=CARTESIAN_POINT('',(0.248994206363149,0.102970406047187,0.003));
#21576=CARTESIAN_POINT('',(0.248994205856509,0.102970407356376,0.003));
#21577=CARTESIAN_POINT('',(0.243494206363149,0.102970406047187,0.003));
#21578=CARTESIAN_POINT('',(0.243494206363149,0.101470406047187,0.003));
#21579=CARTESIAN_POINT('',(0.245494206214137,0.18229199853992,0.003));
#21580=CARTESIAN_POINT('',(0.245494206214137,0.189291998755986,0.003));
#21581=CARTESIAN_POINT('',(0.243994206363149,0.189291998733635,0.003));
#21582=CARTESIAN_POINT('',(0.242494205722399,0.189291998755986,0.003));
#21583=CARTESIAN_POINT('',(0.242494205722399,0.189291998755986,0.003));
#21584=CARTESIAN_POINT('',(0.245494206214137,0.16529199854737,0.003));
#21585=CARTESIAN_POINT('',(0.245494206214137,0.172291998763437,0.003));
#21586=CARTESIAN_POINT('',(0.243994206363149,0.172291998733635,0.003));
#21587=CARTESIAN_POINT('',(0.242494205722399,0.172291998763437,0.003));
#21588=CARTESIAN_POINT('',(0.242494205722399,0.172291998763437,0.003));
#21589=CARTESIAN_POINT('',(0.245494206214137,0.0644704038397024,0.003));
#21590=CARTESIAN_POINT('',(0.245494206214137,0.0714704031244466,0.003));
#21591=CARTESIAN_POINT('',(0.243994206363149,0.0714704060471867,0.003));
#21592=CARTESIAN_POINT('',(0.242494205722399,0.0714704031244466,0.003));
#21593=CARTESIAN_POINT('',(0.242494205722399,0.0714704031244466,0.003));
#21594=CARTESIAN_POINT('',(0.245494206214137,0.0474704066411207,0.003));
#21595=CARTESIAN_POINT('',(0.245494206214137,0.0544704059258649,0.003));
#21596=CARTESIAN_POINT('',(0.243994206363149,0.0544704060471867,0.003));
#21597=CARTESIAN_POINT('',(0.242494205722399,0.0544704059258649,0.003));
#21598=CARTESIAN_POINT('',(0.242494205722399,0.0544704059258649,0.003));
#21599=CARTESIAN_POINT('',(0.247529740269081,0.152256464827702,0.003));
#21600=CARTESIAN_POINT('',(0.248590400440861,0.153317124999482,0.003));
#21601=CARTESIAN_POINT('',(0.248590401151962,0.153317124594803,0.003));
#21602=CARTESIAN_POINT('',(0.241519332628996,0.160388192811347,0.003));
#21603=CARTESIAN_POINT('',(0.240458672457216,0.159327532639567,0.003));
#21604=CARTESIAN_POINT('',(0.247529740269081,0.0845059399531193,0.003));
#21605=CARTESIAN_POINT('',(0.246469080097302,0.0855666001248992,0.003));
#21606=CARTESIAN_POINT('',(0.246469079294987,0.0855666035906026,0.003));
#21607=CARTESIAN_POINT('',(0.239398012285436,0.0784955323130337,0.003));
#21608=CARTESIAN_POINT('',(0.240458672457216,0.0774348721412538,0.003));
#21609=CARTESIAN_POINT('',(0.240994206407852,0.139291998942251,0.003));
#21610=CARTESIAN_POINT('',(0.240994206407852,0.143791996885891,0.003));
#21611=CARTESIAN_POINT('',(0.241994206363149,0.143791998733635,0.003));
#21612=CARTESIAN_POINT('',(0.241994206363149,0.144791998733635,0.003));
#21613=CARTESIAN_POINT('',(0.241994206571765,0.144791998912449,0.003));
#21614=CARTESIAN_POINT('',(0.24649420637805,0.144791998912449,0.003));
#21615=CARTESIAN_POINT('',(0.246494206363149,0.146291998733635,0.003));
#21616=CARTESIAN_POINT('',(0.246494206363149,0.147791998733635,0.003));
#21617=CARTESIAN_POINT('',(0.24649420637805,0.147791999404187,0.003));
#21618=CARTESIAN_POINT('',(0.240994206407852,0.147791999404187,0.003));
#21619=CARTESIAN_POINT('',(0.240994206363149,0.144791998733635,0.003));
#21620=CARTESIAN_POINT('',(0.237994205916114,0.144791998912449,0.003));
#21621=CARTESIAN_POINT('',(0.237994205916114,0.144791998912449,0.003));
#21622=CARTESIAN_POINT('',(0.240994206407852,0.0889704087868879,0.003));
#21623=CARTESIAN_POINT('',(0.24649420637805,0.0889704087868879,0.003));
#21624=CARTESIAN_POINT('',(0.246494206363149,0.0904704060471868,0.003));
#21625=CARTESIAN_POINT('',(0.246494206363149,0.0919704060471868,0.003));
#21626=CARTESIAN_POINT('',(0.24649420637805,0.0919704074159811,0.003));
#21627=CARTESIAN_POINT('',(0.241994206571765,0.0919704074159811,0.003));
#21628=CARTESIAN_POINT('',(0.241994206363149,0.0929704060471868,0.003));
#21629=CARTESIAN_POINT('',(0.240994206363149,0.0929704060471868,0.003));
#21630=CARTESIAN_POINT('',(0.240994206407852,0.092970409442539,0.003));
#21631=CARTESIAN_POINT('',(0.240994206407852,0.0974704036608884,0.003));
#21632=CARTESIAN_POINT('',(0.239494206363149,0.0974704060471868,0.003));
#21633=CARTESIAN_POINT('',(0.237994205916114,0.0974704036608884,0.003));
#21634=CARTESIAN_POINT('',(0.237994205916114,0.0974704036608884,0.003));
#21635=CARTESIAN_POINT('',(0.239494207093306,0.18229199853992,0.003));
#21636=CARTESIAN_POINT('',(0.239494207093306,0.189291998755986,0.003));
#21637=CARTESIAN_POINT('',(0.237994206363149,0.189291998733635,0.003));
#21638=CARTESIAN_POINT('',(0.236494206601567,0.189291998755986,0.003));
#21639=CARTESIAN_POINT('',(0.236494206601567,0.189291998755986,0.003));
#21640=CARTESIAN_POINT('',(0.239494207093306,0.16529199854737,0.003));
#21641=CARTESIAN_POINT('',(0.239494207093306,0.172291998763437,0.003));
#21642=CARTESIAN_POINT('',(0.237994206363149,0.172291998733635,0.003));
#21643=CARTESIAN_POINT('',(0.236494206601567,0.172291998763437,0.003));
#21644=CARTESIAN_POINT('',(0.236494206601567,0.172291998763437,0.003));
#21645=CARTESIAN_POINT('',(0.239494207093306,0.0644704038397024,0.003));
#21646=CARTESIAN_POINT('',(0.239494207093306,0.0714704031244466,0.003));
#21647=CARTESIAN_POINT('',(0.237994206363149,0.0714704060471866,0.003));
#21648=CARTESIAN_POINT('',(0.236494206601567,0.0714704031244466,0.003));
#21649=CARTESIAN_POINT('',(0.236494206601567,0.0714704031244466,0.003));
#21650=CARTESIAN_POINT('',(0.239494207093306,0.0474704066411207,0.003));
#21651=CARTESIAN_POINT('',(0.239494207093306,0.0544704059258649,0.003));
#21652=CARTESIAN_POINT('',(0.237994206363149,0.0544704060471866,0.003));
#21653=CARTESIAN_POINT('',(0.236494206601567,0.0544704059258649,0.003));
#21654=CARTESIAN_POINT('',(0.236494206601567,0.0544704059258649,0.003));
#21655=CARTESIAN_POINT('',(0.237529740269081,0.152256464827702,0.003));
#21656=CARTESIAN_POINT('',(0.238590400440861,0.153317124999482,0.003));
#21657=CARTESIAN_POINT('',(0.238590399512835,0.153317124594803,0.003));
#21658=CARTESIAN_POINT('',(0.231519332628996,0.160388192811347,0.003));
#21659=CARTESIAN_POINT('',(0.230458672457216,0.159327532639567,0.003));
#21660=CARTESIAN_POINT('',(0.237529740269081,0.0845059399531193,0.003));
#21661=CARTESIAN_POINT('',(0.236469080097302,0.0855666001248991,0.003));
#21662=CARTESIAN_POINT('',(0.236469079518504,0.0855666035906026,0.003));
#21663=CARTESIAN_POINT('',(0.229398012285436,0.0784955323130337,0.003));
#21664=CARTESIAN_POINT('',(0.230458672457216,0.0774348721412538,0.003));
#21665=CARTESIAN_POINT('',(0.231994206363149,0.136791998733635,0.003));
#21666=CARTESIAN_POINT('',(0.234994206363149,0.136791998733635,0.003));
#21667=CARTESIAN_POINT('',(0.234994207287021,0.136791997601147,0.003));
#21668=CARTESIAN_POINT('',(0.234994207287021,0.142291997571344,0.003));
#21669=CARTESIAN_POINT('',(0.233494206363149,0.142291998733635,0.003));
#21670=CARTESIAN_POINT('',(0.231994206363149,0.142291998733635,0.003));
#21671=CARTESIAN_POINT('',(0.231994206795282,0.142291997571344,0.003));
#21672=CARTESIAN_POINT('',(0.231994206795282,0.137791999627704,0.003));
#21673=CARTESIAN_POINT('',(0.230994206363149,0.137791998733635,0.003));
#21674=CARTESIAN_POINT('',(0.230994206363149,0.136791998733635,0.003));
#21675=CARTESIAN_POINT('',(0.23099420663137,0.136791997601147,0.003));
#21676=CARTESIAN_POINT('',(0.226494206363149,0.136791998733635,0.003));
#21677=CARTESIAN_POINT('',(0.226494206363149,0.135291998733635,0.003));
#21678=CARTESIAN_POINT('',(0.230994206363149,0.0989704060471866,0.003));
#21679=CARTESIAN_POINT('',(0.231994206363149,0.0989704060471866,0.003));
#21680=CARTESIAN_POINT('',(0.231994206795282,0.0989704067007253,0.003));
#21681=CARTESIAN_POINT('',(0.231994206795282,0.0944704050317953,0.003));
#21682=CARTESIAN_POINT('',(0.233494206363149,0.0944704060471867,0.003));
#21683=CARTESIAN_POINT('',(0.234994206363149,0.0944704060471867,0.003));
#21684=CARTESIAN_POINT('',(0.234994207287021,0.0944704050317953,0.003));
#21685=CARTESIAN_POINT('',(0.234994207287021,0.0999704087272832,0.003));
#21686=CARTESIAN_POINT('',(0.231994206363149,0.0999704060471866,0.003));
#21687=CARTESIAN_POINT('',(0.231994206363149,0.102970406047187,0.003));
#21688=CARTESIAN_POINT('',(0.231994206795282,0.102970407356376,0.003));
#21689=CARTESIAN_POINT('',(0.226494206363149,0.102970406047187,0.003));
#21690=CARTESIAN_POINT('',(0.226494206363149,0.101470406047187,0.003));
#21691=CARTESIAN_POINT('',(0.231494206363149,0.189291998733635,0.003));
#21692=CARTESIAN_POINT('',(0.231494206363149,0.190791998733635,0.003));
#21693=CARTESIAN_POINT('',(0.231494206713326,0.190791999001856,0.003));
#21694=CARTESIAN_POINT('',(0.224494206363149,0.190791998733635,0.003));
#21695=CARTESIAN_POINT('',(0.224494206363149,0.189291998733635,0.003));
#21696=CARTESIAN_POINT('',(0.231494206363149,0.183291998733635,0.003));
#21697=CARTESIAN_POINT('',(0.231494206363149,0.184791998733635,0.003));
#21698=CARTESIAN_POINT('',(0.231494206713326,0.184791998949702,0.003));
#21699=CARTESIAN_POINT('',(0.224494206363149,0.184791998733635,0.003));
#21700=CARTESIAN_POINT('',(0.224494206363149,0.183291998733635,0.003));
#21701=CARTESIAN_POINT('',(0.231494206363149,0.177291998733635,0.003));
#21702=CARTESIAN_POINT('',(0.231494206363149,0.178791998733635,0.003));
#21703=CARTESIAN_POINT('',(0.231494206713326,0.178791998781132,0.003));
#21704=CARTESIAN_POINT('',(0.224494206363149,0.178791998733635,0.003));
#21705=CARTESIAN_POINT('',(0.224494206363149,0.177291998733635,0.003));
#21706=CARTESIAN_POINT('',(0.231494206363149,0.171291998733635,0.003));
#21707=CARTESIAN_POINT('',(0.231494206363149,0.172791998733635,0.003));
#21708=CARTESIAN_POINT('',(0.231494206713326,0.172791998845393,0.003));
#21709=CARTESIAN_POINT('',(0.224494206363149,0.172791998733635,0.003));
#21710=CARTESIAN_POINT('',(0.224494206363149,0.171291998733635,0.003));
#21711=CARTESIAN_POINT('',(0.231494206363148,0.165291998733635,0.003));
#21712=CARTESIAN_POINT('',(0.231494206363148,0.166791998733635,0.003));
#21713=CARTESIAN_POINT('',(0.231494206713326,0.166791998793239,0.003));
#21714=CARTESIAN_POINT('',(0.224494206363148,0.166791998733635,0.003));
#21715=CARTESIAN_POINT('',(0.224494206363148,0.165291998733635,0.003));
#21716=CARTESIAN_POINT('',(0.241494205558486,0.127791997988577,0.003));
#21717=CARTESIAN_POINT('',(0.241494205558486,0.12629199867403,0.003));
#21718=CARTESIAN_POINT('',(0.242994206363149,0.126291998733634,0.003));
#21719=CARTESIAN_POINT('',(0.244494206363149,0.126291998733634,0.003));
#21720=CARTESIAN_POINT('',(0.244494206050224,0.12629199867403,0.003));
#21721=CARTESIAN_POINT('',(0.244494206050224,0.13079200034296,0.003));
#21722=CARTESIAN_POINT('',(0.244494206050224,0.13079200034296,0.003));
#21723=CARTESIAN_POINT('',(0.224494206363149,0.130791998733634,0.003));
#21724=CARTESIAN_POINT('',(0.224494206363149,0.129291998733634,0.003));
#21725=CARTESIAN_POINT('',(0.244494206050224,0.10597040598547,0.003));
#21726=CARTESIAN_POINT('',(0.244494206050224,0.1104704076544,0.003));
#21727=CARTESIAN_POINT('',(0.242994206363149,0.110470406047187,0.003));
#21728=CARTESIAN_POINT('',(0.241494206363149,0.110470406047187,0.003));
#21729=CARTESIAN_POINT('',(0.241494205558486,0.1104704076544,0.003));
#21730=CARTESIAN_POINT('',(0.241494205558486,0.108970404614563,0.003));
#21731=CARTESIAN_POINT('',(0.241494205558486,0.108970404614563,0.003));
#21732=CARTESIAN_POINT('',(0.224494206363149,0.108970406047187,0.003));
#21733=CARTESIAN_POINT('',(0.224494206363149,0.107470406047187,0.003));
#21734=CARTESIAN_POINT('',(0.231494206363148,0.0714704060471866,0.003));
#21735=CARTESIAN_POINT('',(0.231494206363148,0.0729704060471866,0.003));
#21736=CARTESIAN_POINT('',(0.231494206713326,0.0729704061642835,0.003));
#21737=CARTESIAN_POINT('',(0.224494206363148,0.0729704060471866,0.003));
#21738=CARTESIAN_POINT('',(0.224494206363148,0.0714704060471866,0.003));
#21739=CARTESIAN_POINT('',(0.231494206363149,0.0654704060471866,0.003));
#21740=CARTESIAN_POINT('',(0.231494206363149,0.0669704060471866,0.003));
#21741=CARTESIAN_POINT('',(0.231494206713326,0.0669704089060972,0.003));
#21742=CARTESIAN_POINT('',(0.224494206363149,0.0669704060471866,0.003));
#21743=CARTESIAN_POINT('',(0.224494206363149,0.0654704060471866,0.003));
#21744=CARTESIAN_POINT('',(0.231494206363149,0.0594704060471866,0.003));
#21745=CARTESIAN_POINT('',(0.231494206363149,0.0609704060471866,0.003));
#21746=CARTESIAN_POINT('',(0.231494206713326,0.0609704041973302,0.003));
#21747=CARTESIAN_POINT('',(0.224494206363149,0.0609704060471866,0.003));
#21748=CARTESIAN_POINT('',(0.224494206363149,0.0594704060471866,0.003));
#21749=CARTESIAN_POINT('',(0.231494206363149,0.0534704060471866,0.003));
#21750=CARTESIAN_POINT('',(0.231494206363149,0.0549704060471866,0.003));
#21751=CARTESIAN_POINT('',(0.231494206713326,0.0549704069391439,0.003));
#21752=CARTESIAN_POINT('',(0.224494206363149,0.0549704060471866,0.003));
#21753=CARTESIAN_POINT('',(0.224494206363149,0.0534704060471866,0.003));
#21754=CARTESIAN_POINT('',(0.231494206363149,0.0474704060471866,0.003));
#21755=CARTESIAN_POINT('',(0.231494206363149,0.0489704060471866,0.003));
#21756=CARTESIAN_POINT('',(0.231494206713326,0.048970402230377,0.003));
#21757=CARTESIAN_POINT('',(0.224494206363149,0.0489704060471866,0.003));
#21758=CARTESIAN_POINT('',(0.224494206363149,0.0474704060471866,0.003));
#21759=CARTESIAN_POINT('',(0.242994206363149,0.121381202390411,0.003));
#21760=CARTESIAN_POINT('',(0.242994206363149,0.122881202390411,0.003));
#21761=CARTESIAN_POINT('',(0.242994206735678,0.122881201107855,0.003));
#21762=CARTESIAN_POINT('',(0.225994206743128,0.122881201107855,0.003));
#21763=CARTESIAN_POINT('',(0.225994206743128,0.122881201107855,0.003));
#21764=CARTESIAN_POINT('',(0.225994206743128,0.124242150236721,0.003));
#21765=CARTESIAN_POINT('',(0.224494206363149,0.124242149985835,0.003));
#21766=CARTESIAN_POINT('',(0.22299420625139,0.124242150236721,0.003));
#21767=CARTESIAN_POINT('',(0.22299420625139,0.124242150236721,0.003));
#21768=CARTESIAN_POINT('',(0.225994206743128,0.112520256091709,0.003));
#21769=CARTESIAN_POINT('',(0.225994206743128,0.113881201495285,0.003));
#21770=CARTESIAN_POINT('',(0.225994206743128,0.113881201495285,0.003));
#21771=CARTESIAN_POINT('',(0.242994206735678,0.113881201495285,0.003));
#21772=CARTESIAN_POINT('',(0.242994206363149,0.115381202390411,0.003));
#21773=CARTESIAN_POINT('',(0.242994206363149,0.116881202390411,0.003));
#21774=CARTESIAN_POINT('',(0.242994206735678,0.116881203849668,0.003));
#21775=CARTESIAN_POINT('',(0.22299420625139,0.116881203849668,0.003));
#21776=CARTESIAN_POINT('',(0.22299420625139,0.116881203849668,0.003));
#21777=CARTESIAN_POINT('',(0.223994206415303,0.139291998942251,0.003));
#21778=CARTESIAN_POINT('',(0.223994206415303,0.143791996885891,0.003));
#21779=CARTESIAN_POINT('',(0.224994206363149,0.143791998733635,0.003));
#21780=CARTESIAN_POINT('',(0.224994206363149,0.144791998733635,0.003));
#21781=CARTESIAN_POINT('',(0.224994206579216,0.144791998912449,0.003));
#21782=CARTESIAN_POINT('',(0.2294942063855,0.144791998912449,0.003));
#21783=CARTESIAN_POINT('',(0.229494206363149,0.146291998733635,0.003));
#21784=CARTESIAN_POINT('',(0.229494206363149,0.147791998733635,0.003));
#21785=CARTESIAN_POINT('',(0.2294942063855,0.147791999404187,0.003));
#21786=CARTESIAN_POINT('',(0.223994206415303,0.147791999404187,0.003));
#21787=CARTESIAN_POINT('',(0.223994206363149,0.144791998733635,0.003));
#21788=CARTESIAN_POINT('',(0.220994206389226,0.144791998912449,0.003));
#21789=CARTESIAN_POINT('',(0.220994206389226,0.144791998912449,0.003));
#21790=CARTESIAN_POINT('',(0.223994206415303,0.0889704087868879,0.003));
#21791=CARTESIAN_POINT('',(0.2294942063855,0.0889704087868879,0.003));
#21792=CARTESIAN_POINT('',(0.229494206363149,0.0904704060471866,0.003));
#21793=CARTESIAN_POINT('',(0.229494206363149,0.0919704060471866,0.003));
#21794=CARTESIAN_POINT('',(0.2294942063855,0.0919704074159811,0.003));
#21795=CARTESIAN_POINT('',(0.224994206579216,0.0919704074159811,0.003));
#21796=CARTESIAN_POINT('',(0.224994206363149,0.0929704060471866,0.003));
#21797=CARTESIAN_POINT('',(0.223994206363149,0.0929704060471866,0.003));
#21798=CARTESIAN_POINT('',(0.223994206415303,0.092970409442539,0.003));
#21799=CARTESIAN_POINT('',(0.223994206415303,0.0974704036608884,0.003));
#21800=CARTESIAN_POINT('',(0.222494206363149,0.0974704060471866,0.003));
#21801=CARTESIAN_POINT('',(0.220994206389226,0.0974704036608884,0.003));
#21802=CARTESIAN_POINT('',(0.220994206389226,0.0974704036608884,0.003));
#21803=CARTESIAN_POINT('',(0.227529740269081,0.152256464827702,0.003));
#21804=CARTESIAN_POINT('',(0.228590400440861,0.153317124999482,0.003));
#21805=CARTESIAN_POINT('',(0.228590400667675,0.153317124594803,0.003));
#21806=CARTESIAN_POINT('',(0.221519332628996,0.160388192811347,0.003));
#21807=CARTESIAN_POINT('',(0.220458672457216,0.159327532639567,0.003));
#21808=CARTESIAN_POINT('',(0.227529740269081,0.0845059399531193,0.003));
#21809=CARTESIAN_POINT('',(0.226469080097302,0.0855666001248992,0.003));
#21810=CARTESIAN_POINT('',(0.226469079742022,0.0855666035906026,0.003));
#21811=CARTESIAN_POINT('',(0.219398012285436,0.0784955323130337,0.003));
#21812=CARTESIAN_POINT('',(0.220458672457216,0.0774348721412538,0.003));
#21813=CARTESIAN_POINT('',(0.215529740269081,0.159327532639567,0.003));
#21814=CARTESIAN_POINT('',(0.214469080097302,0.160388192811347,0.003));
#21815=CARTESIAN_POINT('',(0.214469080103375,0.160388193105216,0.003));
#21816=CARTESIAN_POINT('',(0.207398012285436,0.153317124999482,0.003));
#21817=CARTESIAN_POINT('',(0.208458672457216,0.152256464827702,0.003));
#21818=CARTESIAN_POINT('',(0.215529740269081,0.0774348721412538,0.003));
#21819=CARTESIAN_POINT('',(0.216590400440861,0.0784955323130337,0.003));
#21820=CARTESIAN_POINT('',(0.216590400446951,0.0784955332175443,0.003));
#21821=CARTESIAN_POINT('',(0.209519332628996,0.0855666001248992,0.003));
#21822=CARTESIAN_POINT('',(0.208458672457216,0.0845059399531193,0.003));
#21823=CARTESIAN_POINT('',(0.210994206363149,0.143791998733635,0.003));
#21824=CARTESIAN_POINT('',(0.211994206363149,0.143791998733635,0.003));
#21825=CARTESIAN_POINT('',(0.211994206310995,0.143791996885891,0.003));
#21826=CARTESIAN_POINT('',(0.211994206310995,0.139291998942251,0.003));
#21827=CARTESIAN_POINT('',(0.213494206363149,0.139291998733635,0.003));
#21828=CARTESIAN_POINT('',(0.214994206363149,0.139291998733635,0.003));
#21829=CARTESIAN_POINT('',(0.214994206337072,0.139291998942251,0.003));
#21830=CARTESIAN_POINT('',(0.214994206337072,0.144791998912449,0.003));
#21831=CARTESIAN_POINT('',(0.211994206363149,0.144791998733635,0.003));
#21832=CARTESIAN_POINT('',(0.211994206363149,0.147791998733635,0.003));
#21833=CARTESIAN_POINT('',(0.211994206310995,0.147791999404187,0.003));
#21834=CARTESIAN_POINT('',(0.206494206363149,0.147791998733635,0.003));
#21835=CARTESIAN_POINT('',(0.206494206363149,0.146291998733635,0.003));
#21836=CARTESIAN_POINT('',(0.211994206363149,0.0919704060471866,0.003));
#21837=CARTESIAN_POINT('',(0.214994206363149,0.0919704060471866,0.003));
#21838=CARTESIAN_POINT('',(0.214994206337072,0.0919704074159811,0.003));
#21839=CARTESIAN_POINT('',(0.214994206337072,0.0974704036608884,0.003));
#21840=CARTESIAN_POINT('',(0.213494206363149,0.0974704060471866,0.003));
#21841=CARTESIAN_POINT('',(0.211994206363149,0.0974704060471866,0.003));
#21842=CARTESIAN_POINT('',(0.211994206310995,0.0974704036608884,0.003));
#21843=CARTESIAN_POINT('',(0.211994206310995,0.092970409442539,0.003));
#21844=CARTESIAN_POINT('',(0.210994206363149,0.0929704060471866,0.003));
#21845=CARTESIAN_POINT('',(0.210994206363149,0.0919704060471866,0.003));
#21846=CARTESIAN_POINT('',(0.210994206147082,0.0919704074159811,0.003));
#21847=CARTESIAN_POINT('',(0.206494206363149,0.0919704060471866,0.003));
#21848=CARTESIAN_POINT('',(0.206494206363149,0.0904704060471866,0.003));
#21849=CARTESIAN_POINT('',(0.211494206363149,0.189291998733635,0.003));
#21850=CARTESIAN_POINT('',(0.211494206363149,0.190791998733635,0.003));
#21851=CARTESIAN_POINT('',(0.211494206229038,0.190791999001856,0.003));
#21852=CARTESIAN_POINT('',(0.204494206363149,0.190791998733635,0.003));
#21853=CARTESIAN_POINT('',(0.204494206363149,0.189291998733635,0.003));
#21854=CARTESIAN_POINT('',(0.211494206363149,0.183291998733635,0.003));
#21855=CARTESIAN_POINT('',(0.211494206363149,0.184791998733635,0.003));
#21856=CARTESIAN_POINT('',(0.211494206229038,0.184791998949702,0.003));
#21857=CARTESIAN_POINT('',(0.204494206363149,0.184791998733635,0.003));
#21858=CARTESIAN_POINT('',(0.204494206363149,0.183291998733635,0.003));
#21859=CARTESIAN_POINT('',(0.211494206363149,0.177291998733635,0.003));
#21860=CARTESIAN_POINT('',(0.211494206363149,0.178791998733635,0.003));
#21861=CARTESIAN_POINT('',(0.211494206229038,0.178791998781132,0.003));
#21862=CARTESIAN_POINT('',(0.204494206363149,0.178791998733635,0.003));
#21863=CARTESIAN_POINT('',(0.204494206363149,0.177291998733635,0.003));
#21864=CARTESIAN_POINT('',(0.211494206363149,0.171291998733635,0.003));
#21865=CARTESIAN_POINT('',(0.211494206363149,0.172791998733635,0.003));
#21866=CARTESIAN_POINT('',(0.211494206229038,0.172791998845393,0.003));
#21867=CARTESIAN_POINT('',(0.204494206363149,0.172791998733635,0.003));
#21868=CARTESIAN_POINT('',(0.204494206363149,0.171291998733635,0.003));
#21869=CARTESIAN_POINT('',(0.211494206363149,0.165291998733635,0.003));
#21870=CARTESIAN_POINT('',(0.211494206363149,0.166791998733635,0.003));
#21871=CARTESIAN_POINT('',(0.211494206229038,0.166791998793239,0.003));
#21872=CARTESIAN_POINT('',(0.204494206363149,0.166791998733635,0.003));
#21873=CARTESIAN_POINT('',(0.204494206363149,0.165291998733635,0.003));
#21874=CARTESIAN_POINT('',(0.211494206363149,0.0714704060471866,0.003));
#21875=CARTESIAN_POINT('',(0.211494206363149,0.0729704060471866,0.003));
#21876=CARTESIAN_POINT('',(0.211494206229038,0.0729704061642835,0.003));
#21877=CARTESIAN_POINT('',(0.204494206363149,0.0729704060471866,0.003));
#21878=CARTESIAN_POINT('',(0.204494206363149,0.0714704060471866,0.003));
#21879=CARTESIAN_POINT('',(0.211494206363149,0.0654704060471866,0.003));
#21880=CARTESIAN_POINT('',(0.211494206363149,0.0669704060471866,0.003));
#21881=CARTESIAN_POINT('',(0.211494206229038,0.0669704089060972,0.003));
#21882=CARTESIAN_POINT('',(0.204494206363149,0.0669704060471866,0.003));
#21883=CARTESIAN_POINT('',(0.204494206363149,0.0654704060471866,0.003));
#21884=CARTESIAN_POINT('',(0.211494206363149,0.0594704060471866,0.003));
#21885=CARTESIAN_POINT('',(0.211494206363149,0.0609704060471866,0.003));
#21886=CARTESIAN_POINT('',(0.211494206229038,0.0609704041973302,0.003));
#21887=CARTESIAN_POINT('',(0.204494206363149,0.0609704060471866,0.003));
#21888=CARTESIAN_POINT('',(0.204494206363149,0.0594704060471866,0.003));
#21889=CARTESIAN_POINT('',(0.211494206363149,0.0534704060471866,0.003));
#21890=CARTESIAN_POINT('',(0.211494206363149,0.0549704060471866,0.003));
#21891=CARTESIAN_POINT('',(0.211494206229038,0.0549704069391439,0.003));
#21892=CARTESIAN_POINT('',(0.204494206363149,0.0549704060471866,0.003));
#21893=CARTESIAN_POINT('',(0.204494206363149,0.0534704060471866,0.003));
#21894=CARTESIAN_POINT('',(0.211494206363149,0.0474704060471866,0.003));
#21895=CARTESIAN_POINT('',(0.211494206363149,0.0489704060471866,0.003));
#21896=CARTESIAN_POINT('',(0.211494206229038,0.048970402230377,0.003));
#21897=CARTESIAN_POINT('',(0.204494206363149,0.0489704060471866,0.003));
#21898=CARTESIAN_POINT('',(0.204494206363149,0.0474704060471866,0.003));
#21899=CARTESIAN_POINT('',(0.203994205931015,0.133791998972053,0.003));
#21900=CARTESIAN_POINT('',(0.209494205901213,0.133791998972053,0.003));
#21901=CARTESIAN_POINT('',(0.209494206363149,0.135291998733635,0.003));
#21902=CARTESIAN_POINT('',(0.209494206363149,0.136791998733635,0.003));
#21903=CARTESIAN_POINT('',(0.209494205901213,0.136791997601147,0.003));
#21904=CARTESIAN_POINT('',(0.204994206094928,0.136791997601147,0.003));
#21905=CARTESIAN_POINT('',(0.204994206363149,0.137791998733635,0.003));
#21906=CARTESIAN_POINT('',(0.203994206363149,0.137791998733635,0.003));
#21907=CARTESIAN_POINT('',(0.203994205931015,0.137791999627704,0.003));
#21908=CARTESIAN_POINT('',(0.203994205931015,0.142291997571344,0.003));
#21909=CARTESIAN_POINT('',(0.202494206363149,0.142291998733635,0.003));
#21910=CARTESIAN_POINT('',(0.200994205439277,0.142291997571344,0.003));
#21911=CARTESIAN_POINT('',(0.200994205439277,0.142291997571344,0.003));
#21912=CARTESIAN_POINT('',(0.203994205931015,0.0944704050317953,0.003));
#21913=CARTESIAN_POINT('',(0.203994205931015,0.0989704067007253,0.003));
#21914=CARTESIAN_POINT('',(0.204994206363149,0.0989704060471866,0.003));
#21915=CARTESIAN_POINT('',(0.204994206363149,0.0999704060471866,0.003));
#21916=CARTESIAN_POINT('',(0.204994206094928,0.0999704087272832,0.003));
#21917=CARTESIAN_POINT('',(0.209494205901213,0.0999704087272832,0.003));
#21918=CARTESIAN_POINT('',(0.209494206363149,0.101470406047187,0.003));
#21919=CARTESIAN_POINT('',(0.209494206363149,0.102970406047187,0.003));
#21920=CARTESIAN_POINT('',(0.209494205901213,0.102970407356376,0.003));
#21921=CARTESIAN_POINT('',(0.203994205931015,0.102970407356376,0.003));
#21922=CARTESIAN_POINT('',(0.203994206363149,0.0999704060471866,0.003));
#21923=CARTESIAN_POINT('',(0.200994205439277,0.0999704087272832,0.003));
#21924=CARTESIAN_POINT('',(0.200994205439277,0.0999704087272832,0.003));
#21925=CARTESIAN_POINT('',(0.205529740269081,0.159327532639567,0.003));
#21926=CARTESIAN_POINT('',(0.204469080097302,0.160388192811347,0.003));
#21927=CARTESIAN_POINT('',(0.204469079861231,0.160388193105216,0.003));
#21928=CARTESIAN_POINT('',(0.197398012285436,0.153317124999482,0.003));
#21929=CARTESIAN_POINT('',(0.198458672457216,0.152256464827702,0.003));
#21930=CARTESIAN_POINT('',(0.205529740269081,0.0774348721412538,0.003));
#21931=CARTESIAN_POINT('',(0.206590400440861,0.0784955323130337,0.003));
#21932=CARTESIAN_POINT('',(0.206590400786884,0.0784955332175443,0.003));
#21933=CARTESIAN_POINT('',(0.199519332628996,0.0855666001248991,0.003));
#21934=CARTESIAN_POINT('',(0.198458672457216,0.0845059399531193,0.003));
#21935=CARTESIAN_POINT('',(0.19949420612473,0.18229199853992,0.003));
#21936=CARTESIAN_POINT('',(0.19949420612473,0.189291998755986,0.003));
#21937=CARTESIAN_POINT('',(0.197994206363149,0.189291998733635,0.003));
#21938=CARTESIAN_POINT('',(0.196494205632992,0.189291998755986,0.003));
#21939=CARTESIAN_POINT('',(0.196494205632992,0.189291998755986,0.003));
#21940=CARTESIAN_POINT('',(0.19949420612473,0.16529199854737,0.003));
#21941=CARTESIAN_POINT('',(0.19949420612473,0.172291998763437,0.003));
#21942=CARTESIAN_POINT('',(0.197994206363149,0.172291998733635,0.003));
#21943=CARTESIAN_POINT('',(0.196494205632992,0.172291998763437,0.003));
#21944=CARTESIAN_POINT('',(0.196494205632992,0.172291998763437,0.003));
#21945=CARTESIAN_POINT('',(0.19949420612473,0.0644704038397024,0.003));
#21946=CARTESIAN_POINT('',(0.19949420612473,0.0714704031244466,0.003));
#21947=CARTESIAN_POINT('',(0.197994206363149,0.0714704060471866,0.003));
#21948=CARTESIAN_POINT('',(0.196494205632992,0.0714704031244466,0.003));
#21949=CARTESIAN_POINT('',(0.196494205632992,0.0714704031244466,0.003));
#21950=CARTESIAN_POINT('',(0.19949420612473,0.0474704066411207,0.003));
#21951=CARTESIAN_POINT('',(0.19949420612473,0.0544704059258649,0.003));
#21952=CARTESIAN_POINT('',(0.197994206363149,0.0544704060471866,0.003));
#21953=CARTESIAN_POINT('',(0.196494205632992,0.0544704059258649,0.003));
#21954=CARTESIAN_POINT('',(0.196494205632992,0.0544704059258649,0.003));
#21955=CARTESIAN_POINT('',(0.212994206474907,0.119881202478761,0.003));
#21956=CARTESIAN_POINT('',(0.212994206474907,0.124242150236721,0.003));
#21957=CARTESIAN_POINT('',(0.211494206363149,0.124242149985835,0.003));
#21958=CARTESIAN_POINT('',(0.209994206363149,0.124242149985835,0.003));
#21959=CARTESIAN_POINT('',(0.209994205983169,0.124242150236721,0.003));
#21960=CARTESIAN_POINT('',(0.209994205983169,0.122881201107855,0.003));
#21961=CARTESIAN_POINT('',(0.209994205983169,0.122881201107855,0.003));
#21962=CARTESIAN_POINT('',(0.192994206363149,0.122881202390411,0.003));
#21963=CARTESIAN_POINT('',(0.192994206363149,0.121381202390411,0.003));
#21964=CARTESIAN_POINT('',(0.209994205983169,0.113881201495285,0.003));
#21965=CARTESIAN_POINT('',(0.209994205983169,0.112520256091709,0.003));
#21966=CARTESIAN_POINT('',(0.211494206363149,0.112520254794987,0.003));
#21967=CARTESIAN_POINT('',(0.212994206363149,0.112520254794987,0.003));
#21968=CARTESIAN_POINT('',(0.212994206474907,0.112520256091709,0.003));
#21969=CARTESIAN_POINT('',(0.212994206474907,0.116881203849668,0.003));
#21970=CARTESIAN_POINT('',(0.212994206474907,0.116881203849668,0.003));
#21971=CARTESIAN_POINT('',(0.192994206363149,0.116881202390411,0.003));
#21972=CARTESIAN_POINT('',(0.192994206363149,0.115381202390411,0.003));
#21973=CARTESIAN_POINT('',(0.194494207167811,0.12629199867403,0.003));
#21974=CARTESIAN_POINT('',(0.194494207167811,0.127791997988577,0.003));
#21975=CARTESIAN_POINT('',(0.194494207167811,0.127791997988577,0.003));
#21976=CARTESIAN_POINT('',(0.211494206229038,0.127791997988577,0.003));
#21977=CARTESIAN_POINT('',(0.211494206363149,0.129291998733634,0.003));
#21978=CARTESIAN_POINT('',(0.211494206363149,0.130791998733634,0.003));
#21979=CARTESIAN_POINT('',(0.211494206229038,0.13079200034296,0.003));
#21980=CARTESIAN_POINT('',(0.191494206676073,0.13079200034296,0.003));
#21981=CARTESIAN_POINT('',(0.191494206676073,0.13079200034296,0.003));
#21982=CARTESIAN_POINT('',(0.211494206363149,0.107470406047187,0.003));
#21983=CARTESIAN_POINT('',(0.211494206363149,0.108970406047187,0.003));
#21984=CARTESIAN_POINT('',(0.211494206229038,0.108970404614563,0.003));
#21985=CARTESIAN_POINT('',(0.194494207167811,0.108970404614563,0.003));
#21986=CARTESIAN_POINT('',(0.194494207167811,0.108970404614563,0.003));
#21987=CARTESIAN_POINT('',(0.194494207167811,0.1104704076544,0.003));
#21988=CARTESIAN_POINT('',(0.192994206363149,0.110470406047187,0.003));
#21989=CARTESIAN_POINT('',(0.191494206676073,0.1104704076544,0.003));
#21990=CARTESIAN_POINT('',(0.191494206676073,0.1104704076544,0.003));
#21991=CARTESIAN_POINT('',(0.193494207003899,0.18229199853992,0.003));
#21992=CARTESIAN_POINT('',(0.193494207003899,0.189291998755986,0.003));
#21993=CARTESIAN_POINT('',(0.191994206363149,0.189291998733635,0.003));
#21994=CARTESIAN_POINT('',(0.19049420651216,0.189291998755986,0.003));
#21995=CARTESIAN_POINT('',(0.19049420651216,0.189291998755986,0.003));
#21996=CARTESIAN_POINT('',(0.193494207003899,0.16529199854737,0.003));
#21997=CARTESIAN_POINT('',(0.193494207003899,0.172291998763437,0.003));
#21998=CARTESIAN_POINT('',(0.191994206363149,0.172291998733635,0.003));
#21999=CARTESIAN_POINT('',(0.19049420651216,0.172291998763437,0.003));
#22000=CARTESIAN_POINT('',(0.19049420651216,0.172291998763437,0.003));
#22001=CARTESIAN_POINT('',(0.193494207003899,0.0644704038397024,0.003));
#22002=CARTESIAN_POINT('',(0.193494207003899,0.0714704031244466,0.003));
#22003=CARTESIAN_POINT('',(0.191994206363149,0.0714704060471867,0.003));
#22004=CARTESIAN_POINT('',(0.19049420651216,0.0714704031244466,0.003));
#22005=CARTESIAN_POINT('',(0.19049420651216,0.0714704031244466,0.003));
#22006=CARTESIAN_POINT('',(0.193494207003899,0.0474704066411207,0.003));
#22007=CARTESIAN_POINT('',(0.193494207003899,0.0544704059258649,0.003));
#22008=CARTESIAN_POINT('',(0.191994206363149,0.0544704060471867,0.003));
#22009=CARTESIAN_POINT('',(0.19049420651216,0.0544704059258649,0.003));
#22010=CARTESIAN_POINT('',(0.19049420651216,0.0544704059258649,0.003));
#22011=CARTESIAN_POINT('',(0.193994206363149,0.143791998733635,0.003));
#22012=CARTESIAN_POINT('',(0.194994206363149,0.143791998733635,0.003));
#22013=CARTESIAN_POINT('',(0.194994206318445,0.143791996885891,0.003));
#22014=CARTESIAN_POINT('',(0.194994206318445,0.139291998942251,0.003));
#22015=CARTESIAN_POINT('',(0.196494206363149,0.139291998733635,0.003));
#22016=CARTESIAN_POINT('',(0.197994206363149,0.139291998733635,0.003));
#22017=CARTESIAN_POINT('',(0.197994206810184,0.139291998942251,0.003));
#22018=CARTESIAN_POINT('',(0.197994206810184,0.144791998912449,0.003));
#22019=CARTESIAN_POINT('',(0.194994206363149,0.144791998733635,0.003));
#22020=CARTESIAN_POINT('',(0.194994206363149,0.147791998733635,0.003));
#22021=CARTESIAN_POINT('',(0.194994206318445,0.147791999404187,0.003));
#22022=CARTESIAN_POINT('',(0.189494206363149,0.147791998733635,0.003));
#22023=CARTESIAN_POINT('',(0.189494206363149,0.146291998733635,0.003));
#22024=CARTESIAN_POINT('',(0.194994206363149,0.0919704060471867,0.003));
#22025=CARTESIAN_POINT('',(0.197994206363149,0.0919704060471867,0.003));
#22026=CARTESIAN_POINT('',(0.197994206810184,0.0919704074159811,0.003));
#22027=CARTESIAN_POINT('',(0.197994206810184,0.0974704036608884,0.003));
#22028=CARTESIAN_POINT('',(0.196494206363149,0.0974704060471868,0.003));
#22029=CARTESIAN_POINT('',(0.194994206363149,0.0974704060471867,0.003));
#22030=CARTESIAN_POINT('',(0.194994206318445,0.0974704036608884,0.003));
#22031=CARTESIAN_POINT('',(0.194994206318445,0.092970409442539,0.003));
#22032=CARTESIAN_POINT('',(0.193994206363149,0.0929704060471867,0.003));
#22033=CARTESIAN_POINT('',(0.193994206363149,0.0919704060471867,0.003));
#22034=CARTESIAN_POINT('',(0.193994206154532,0.0919704074159811,0.003));
#22035=CARTESIAN_POINT('',(0.189494206363149,0.0919704060471867,0.003));
#22036=CARTESIAN_POINT('',(0.189494206363149,0.0904704060471867,0.003));
#22037=CARTESIAN_POINT('',(0.195529740269081,0.159327532639567,0.003));
#22038=CARTESIAN_POINT('',(0.194469080097302,0.160388192811347,0.003));
#22039=CARTESIAN_POINT('',(0.194469080084748,0.160388193105216,0.003));
#22040=CARTESIAN_POINT('',(0.187398012285436,0.153317124999482,0.003));
#22041=CARTESIAN_POINT('',(0.188458672457216,0.152256464827702,0.003));
#22042=CARTESIAN_POINT('',(0.195529740269081,0.0774348721412538,0.003));
#22043=CARTESIAN_POINT('',(0.196590400440861,0.0784955323130337,0.003));
#22044=CARTESIAN_POINT('',(0.196590400079079,0.0784955332175443,0.003));
#22045=CARTESIAN_POINT('',(0.189519332628996,0.0855666001248992,0.003));
#22046=CARTESIAN_POINT('',(0.188458672457216,0.0845059399531193,0.003));
#22047=CARTESIAN_POINT('',(0.187494206020422,0.18229199853992,0.003));
#22048=CARTESIAN_POINT('',(0.187494206020422,0.189291998755986,0.003));
#22049=CARTESIAN_POINT('',(0.185994206363149,0.189291998733635,0.003));
#22050=CARTESIAN_POINT('',(0.184494205528684,0.189291998755986,0.003));
#22051=CARTESIAN_POINT('',(0.184494205528684,0.189291998755986,0.003));
#22052=CARTESIAN_POINT('',(0.187494206020422,0.16529199854737,0.003));
#22053=CARTESIAN_POINT('',(0.187494206020422,0.172291998763437,0.003));
#22054=CARTESIAN_POINT('',(0.185994206363149,0.172291998733635,0.003));
#22055=CARTESIAN_POINT('',(0.184494205528684,0.172291998763437,0.003));
#22056=CARTESIAN_POINT('',(0.184494205528684,0.172291998763437,0.003));
#22057=CARTESIAN_POINT('',(0.187494206020422,0.0644704038397024,0.003));
#22058=CARTESIAN_POINT('',(0.187494206020422,0.0714704031244466,0.003));
#22059=CARTESIAN_POINT('',(0.185994206363149,0.0714704060471867,0.003));
#22060=CARTESIAN_POINT('',(0.184494205528684,0.0714704031244466,0.003));
#22061=CARTESIAN_POINT('',(0.184494205528684,0.0714704031244466,0.003));
#22062=CARTESIAN_POINT('',(0.187494206020422,0.0474704066411207,0.003));
#22063=CARTESIAN_POINT('',(0.187494206020422,0.0544704059258649,0.003));
#22064=CARTESIAN_POINT('',(0.185994206363149,0.0544704060471867,0.003));
#22065=CARTESIAN_POINT('',(0.184494205528684,0.0544704059258649,0.003));
#22066=CARTESIAN_POINT('',(0.184494205528684,0.0544704059258649,0.003));
#22067=CARTESIAN_POINT('',(0.186994206869788,0.133791998972053,0.003));
#22068=CARTESIAN_POINT('',(0.192494206839986,0.133791998972053,0.003));
#22069=CARTESIAN_POINT('',(0.192494206363149,0.135291998733635,0.003));
#22070=CARTESIAN_POINT('',(0.192494206363149,0.136791998733635,0.003));
#22071=CARTESIAN_POINT('',(0.192494206839986,0.136791997601147,0.003));
#22072=CARTESIAN_POINT('',(0.187994207033701,0.136791997601147,0.003));
#22073=CARTESIAN_POINT('',(0.187994206363149,0.137791998733635,0.003));
#22074=CARTESIAN_POINT('',(0.186994206363149,0.137791998733635,0.003));
#22075=CARTESIAN_POINT('',(0.186994206869788,0.137791999627704,0.003));
#22076=CARTESIAN_POINT('',(0.186994206869788,0.142291997571344,0.003));
#22077=CARTESIAN_POINT('',(0.185494206363149,0.142291998733635,0.003));
#22078=CARTESIAN_POINT('',(0.183994204515405,0.142291997571344,0.003));
#22079=CARTESIAN_POINT('',(0.183994204515405,0.142291997571344,0.003));
#22080=CARTESIAN_POINT('',(0.186994206869788,0.0944704050317953,0.003));
#22081=CARTESIAN_POINT('',(0.186994206869788,0.0989704067007253,0.003));
#22082=CARTESIAN_POINT('',(0.187994206363149,0.0989704060471867,0.003));
#22083=CARTESIAN_POINT('',(0.187994206363149,0.0999704060471867,0.003));
#22084=CARTESIAN_POINT('',(0.187994207033701,0.0999704087272832,0.003));
#22085=CARTESIAN_POINT('',(0.192494206839986,0.0999704087272832,0.003));
#22086=CARTESIAN_POINT('',(0.192494206363149,0.101470406047187,0.003));
#22087=CARTESIAN_POINT('',(0.192494206363149,0.102970406047187,0.003));
#22088=CARTESIAN_POINT('',(0.192494206839986,0.102970407356376,0.003));
#22089=CARTESIAN_POINT('',(0.186994206869788,0.102970407356376,0.003));
#22090=CARTESIAN_POINT('',(0.186994206363149,0.0999704060471867,0.003));
#22091=CARTESIAN_POINT('',(0.183994204515405,0.0999704087272832,0.003));
#22092=CARTESIAN_POINT('',(0.183994204515405,0.0999704087272832,0.003));
#22093=CARTESIAN_POINT('',(0.185529740269081,0.159327532639567,0.003));
#22094=CARTESIAN_POINT('',(0.184469080097302,0.160388192811347,0.003));
#22095=CARTESIAN_POINT('',(0.184469078445621,0.160388193105216,0.003));
#22096=CARTESIAN_POINT('',(0.177398012285436,0.153317124999482,0.003));
#22097=CARTESIAN_POINT('',(0.178458672457216,0.152256464827702,0.003));
#22098=CARTESIAN_POINT('',(0.185529740269081,0.0774348721412538,0.003));
#22099=CARTESIAN_POINT('',(0.186590400440861,0.0784955323130336,0.003));
#22100=CARTESIAN_POINT('',(0.186590400302596,0.0784955332175443,0.003));
#22101=CARTESIAN_POINT('',(0.179519332628996,0.0855666001248991,0.003));
#22102=CARTESIAN_POINT('',(0.178458672457216,0.0845059399531193,0.003));
#22103=CARTESIAN_POINT('',(0.179594204539247,0.178791998781132,0.003));
#22104=CARTESIAN_POINT('',(0.179594204539247,0.184791998949702,0.003));
#22105=CARTESIAN_POINT('',(0.177994206363149,0.184791998733635,0.003));
#22106=CARTESIAN_POINT('',(0.1763942062499,0.184791998949702,0.003));
#22107=CARTESIAN_POINT('',(0.1763942062499,0.184791998949702,0.003));
#22108=CARTESIAN_POINT('',(0.175994206929393,0.0619704062238882,0.003));
#22109=CARTESIAN_POINT('',(0.175994206929393,0.0719704041377256,0.003));
#22110=CARTESIAN_POINT('',(0.174494206363149,0.0719704060471866,0.003));
#22111=CARTESIAN_POINT('',(0.172994204575009,0.0719704041377256,0.003));
#22112=CARTESIAN_POINT('',(0.172994204575009,0.0719704041377256,0.003));
#22113=CARTESIAN_POINT('',(0.176994206363149,0.143791998733634,0.003));
#22114=CARTESIAN_POINT('',(0.177994206363149,0.143791998733634,0.003));
#22115=CARTESIAN_POINT('',(0.177994207257218,0.143791996885891,0.003));
#22116=CARTESIAN_POINT('',(0.177994207257218,0.139291998942251,0.003));
#22117=CARTESIAN_POINT('',(0.179494206363149,0.139291998733635,0.003));
#22118=CARTESIAN_POINT('',(0.180994206363149,0.139291998733635,0.003));
#22119=CARTESIAN_POINT('',(0.180994205886312,0.139291998942251,0.003));
#22120=CARTESIAN_POINT('',(0.180994205886312,0.144791998912449,0.003));
#22121=CARTESIAN_POINT('',(0.177994206363149,0.144791998733635,0.003));
#22122=CARTESIAN_POINT('',(0.177994206363149,0.147791998733635,0.003));
#22123=CARTESIAN_POINT('',(0.177994207257218,0.147791999404187,0.003));
#22124=CARTESIAN_POINT('',(0.172494206363149,0.147791998733635,0.003));
#22125=CARTESIAN_POINT('',(0.172494206363149,0.146291998733635,0.003));
#22126=CARTESIAN_POINT('',(0.177994206363149,0.0919704060471869,0.003));
#22127=CARTESIAN_POINT('',(0.180994206363149,0.0919704060471869,0.003));
#22128=CARTESIAN_POINT('',(0.180994205886312,0.0919704074159811,0.003));
#22129=CARTESIAN_POINT('',(0.180994205886312,0.0974704036608884,0.003));
#22130=CARTESIAN_POINT('',(0.179494206363149,0.0974704060471868,0.003));
#22131=CARTESIAN_POINT('',(0.177994206363149,0.0974704060471868,0.003));
#22132=CARTESIAN_POINT('',(0.177994207257218,0.0974704036608884,0.003));
#22133=CARTESIAN_POINT('',(0.177994207257218,0.092970409442539,0.003));
#22134=CARTESIAN_POINT('',(0.176994206363149,0.0929704060471869,0.003));
#22135=CARTESIAN_POINT('',(0.176994206363149,0.0919704060471869,0.003));
#22136=CARTESIAN_POINT('',(0.17699420523066,0.0919704074159811,0.003));
#22137=CARTESIAN_POINT('',(0.172494206363149,0.0919704060471869,0.003));
#22138=CARTESIAN_POINT('',(0.172494206363149,0.0904704060471869,0.003));
#22139=CARTESIAN_POINT('',(0.174994204902835,0.164791998465414,0.003));
#22140=CARTESIAN_POINT('',(0.174994204902835,0.174791998707558,0.003));
#22141=CARTESIAN_POINT('',(0.173494206363149,0.174791998733635,0.003));
#22142=CARTESIAN_POINT('',(0.171994206273742,0.174791998707558,0.003));
#22143=CARTESIAN_POINT('',(0.171994206273742,0.174791998707558,0.003));
#22144=CARTESIAN_POINT('',(0.185494207555242,0.127791997988577,0.003));
#22145=CARTESIAN_POINT('',(0.185494207555242,0.12629199867403,0.003));
#22146=CARTESIAN_POINT('',(0.186994206363149,0.126291998733634,0.003));
#22147=CARTESIAN_POINT('',(0.188494206363149,0.126291998733634,0.003));
#22148=CARTESIAN_POINT('',(0.188494206184335,0.12629199867403,0.003));
#22149=CARTESIAN_POINT('',(0.188494206184335,0.13079200034296,0.003));
#22150=CARTESIAN_POINT('',(0.188494206184335,0.13079200034296,0.003));
#22151=CARTESIAN_POINT('',(0.168494206363149,0.130791998733634,0.003));
#22152=CARTESIAN_POINT('',(0.168494206363149,0.129291998733634,0.003));
#22153=CARTESIAN_POINT('',(0.188494206184335,0.10597040598547,0.003));
#22154=CARTESIAN_POINT('',(0.188494206184335,0.1104704076544,0.003));
#22155=CARTESIAN_POINT('',(0.186994206363149,0.110470406047187,0.003));
#22156=CARTESIAN_POINT('',(0.185494206363149,0.110470406047187,0.003));
#22157=CARTESIAN_POINT('',(0.185494207555242,0.1104704076544,0.003));
#22158=CARTESIAN_POINT('',(0.185494207555242,0.108970404614563,0.003));
#22159=CARTESIAN_POINT('',(0.185494207555242,0.108970404614563,0.003));
#22160=CARTESIAN_POINT('',(0.168494206363149,0.108970406047187,0.003));
#22161=CARTESIAN_POINT('',(0.168494206363149,0.107470406047187,0.003));
#22162=CARTESIAN_POINT('',(0.175529740269081,0.159327532639567,0.003));
#22163=CARTESIAN_POINT('',(0.174469080097302,0.160388192811347,0.003));
#22164=CARTESIAN_POINT('',(0.174469080531783,0.160388193105216,0.003));
#22165=CARTESIAN_POINT('',(0.167398012285436,0.153317124999482,0.003));
#22166=CARTESIAN_POINT('',(0.168458672457216,0.152256464827702,0.003));
#22167=CARTESIAN_POINT('',(0.175529740269081,0.0774348721412538,0.003));
#22168=CARTESIAN_POINT('',(0.176590400440861,0.0784955323130336,0.003));
#22169=CARTESIAN_POINT('',(0.176590398663468,0.0784955332175443,0.003));
#22170=CARTESIAN_POINT('',(0.169519332628996,0.0855666001248991,0.003));
#22171=CARTESIAN_POINT('',(0.168458672457216,0.0845059399531193,0.003));
#22172=CARTESIAN_POINT('',(0.169994205945916,0.133791998972053,0.003));
#22173=CARTESIAN_POINT('',(0.175494205916114,0.133791998972053,0.003));
#22174=CARTESIAN_POINT('',(0.175494206363149,0.135291998733634,0.003));
#22175=CARTESIAN_POINT('',(0.175494206363149,0.136791998733634,0.003));
#22176=CARTESIAN_POINT('',(0.175494205916114,0.136791997601147,0.003));
#22177=CARTESIAN_POINT('',(0.170994207972474,0.136791997601147,0.003));
#22178=CARTESIAN_POINT('',(0.170994206363149,0.137791998733634,0.003));
#22179=CARTESIAN_POINT('',(0.169994206363149,0.137791998733634,0.003));
#22180=CARTESIAN_POINT('',(0.169994205945916,0.137791999627704,0.003));
#22181=CARTESIAN_POINT('',(0.169994205945916,0.142291997571344,0.003));
#22182=CARTESIAN_POINT('',(0.168494206363149,0.142291998733635,0.003));
#22183=CARTESIAN_POINT('',(0.166994207316823,0.142291997571344,0.003));
#22184=CARTESIAN_POINT('',(0.166994207316823,0.142291997571344,0.003));
#22185=CARTESIAN_POINT('',(0.186994206363149,0.121381202390411,0.003));
#22186=CARTESIAN_POINT('',(0.186994206363149,0.122881202390411,0.003));
#22187=CARTESIAN_POINT('',(0.186994206869788,0.122881201107855,0.003));
#22188=CARTESIAN_POINT('',(0.179594204539247,0.122881201107855,0.003));
#22189=CARTESIAN_POINT('',(0.179594204539247,0.122881201107855,0.003));
#22190=CARTESIAN_POINT('',(0.179594204539247,0.12488120143568,0.003));
#22191=CARTESIAN_POINT('',(0.177994206363149,0.124881202390411,0.003));
#22192=CARTESIAN_POINT('',(0.176394206363149,0.124881202390411,0.003));
#22193=CARTESIAN_POINT('',(0.1763942062499,0.12488120143568,0.003));
#22194=CARTESIAN_POINT('',(0.1763942062499,0.122881201107855,0.003));
#22195=CARTESIAN_POINT('',(0.1763942062499,0.122881201107855,0.003));
#22196=CARTESIAN_POINT('',(0.169994205945916,0.122881201107855,0.003));
#22197=CARTESIAN_POINT('',(0.169994205945916,0.122881201107855,0.003));
#22198=CARTESIAN_POINT('',(0.169994205945916,0.124242150236721,0.003));
#22199=CARTESIAN_POINT('',(0.168494206363149,0.124242149985835,0.003));
#22200=CARTESIAN_POINT('',(0.166994207316823,0.124242150236721,0.003));
#22201=CARTESIAN_POINT('',(0.166994207316823,0.124242150236721,0.003));
#22202=CARTESIAN_POINT('',(0.169994205945916,0.112520256091709,0.003));
#22203=CARTESIAN_POINT('',(0.169994205945916,0.113881201495285,0.003));
#22204=CARTESIAN_POINT('',(0.169994205945916,0.113881201495285,0.003));
#22205=CARTESIAN_POINT('',(0.186994206869788,0.113881201495285,0.003));
#22206=CARTESIAN_POINT('',(0.186994206363149,0.115381202390411,0.003));
#22207=CARTESIAN_POINT('',(0.186994206363149,0.116881202390411,0.003));
#22208=CARTESIAN_POINT('',(0.186994206869788,0.116881203849668,0.003));
#22209=CARTESIAN_POINT('',(0.166994207316823,0.116881203849668,0.003));
#22210=CARTESIAN_POINT('',(0.166994207316823,0.116881203849668,0.003));
#22211=CARTESIAN_POINT('',(0.169994205945916,0.0944704050317953,0.003));
#22212=CARTESIAN_POINT('',(0.169994205945916,0.0989704067007253,0.003));
#22213=CARTESIAN_POINT('',(0.170994206363149,0.0989704060471868,0.003));
#22214=CARTESIAN_POINT('',(0.170994206363149,0.0999704060471869,0.003));
#22215=CARTESIAN_POINT('',(0.170994207972474,0.0999704087272832,0.003));
#22216=CARTESIAN_POINT('',(0.175494205916114,0.0999704087272832,0.003));
#22217=CARTESIAN_POINT('',(0.175494206363149,0.101470406047187,0.003));
#22218=CARTESIAN_POINT('',(0.175494206363149,0.102970406047187,0.003));
#22219=CARTESIAN_POINT('',(0.175494205916114,0.102970407356376,0.003));
#22220=CARTESIAN_POINT('',(0.169994205945916,0.102970407356376,0.003));
#22221=CARTESIAN_POINT('',(0.169994206363149,0.0999704060471869,0.003));
#22222=CARTESIAN_POINT('',(0.166994207316823,0.0999704087272832,0.003));
#22223=CARTESIAN_POINT('',(0.166994207316823,0.0999704087272832,0.003));
#22224=CARTESIAN_POINT('',(0.169994205945916,0.0619704062238882,0.003));
#22225=CARTESIAN_POINT('',(0.169994205945916,0.0719704041377256,0.003));
#22226=CARTESIAN_POINT('',(0.168494206363149,0.0719704060471866,0.003));
#22227=CARTESIAN_POINT('',(0.166994207316823,0.0719704041377256,0.003));
#22228=CARTESIAN_POINT('',(0.166994207316823,0.0719704041377256,0.003));
#22229=CARTESIAN_POINT('',(0.168994207644649,0.164791998465414,0.003));
#22230=CARTESIAN_POINT('',(0.168994207644649,0.174791998707558,0.003));
#22231=CARTESIAN_POINT('',(0.167494206363149,0.174791998733635,0.003));
#22232=CARTESIAN_POINT('',(0.165994205290265,0.174791998707558,0.003));
#22233=CARTESIAN_POINT('',(0.165994205290265,0.174791998707558,0.003));
#22234=MECHANICAL_DESIGN_GEOMETRIC_PRESENTATION_REPRESENTATION('',(#13319),
#22235);
#22235=(
GEOMETRIC_REPRESENTATION_CONTEXT(3)
GLOBAL_UNCERTAINTY_ASSIGNED_CONTEXT((#22236))
GLOBAL_UNIT_ASSIGNED_CONTEXT((#22239,#22238,#22237))
REPRESENTATION_CONTEXT('top_plate','TOP_LEVEL_ASSEMBLY_PART')
);
#22236=UNCERTAINTY_MEASURE_WITH_UNIT(LENGTH_MEASURE(5.E-6),#22239,
'DISTANCE_ACCURACY_VALUE','Maximum Tolerance applied to model');
#22237=(
NAMED_UNIT(*)
SI_UNIT($,.STERADIAN.)
SOLID_ANGLE_UNIT()
);
#22238=(
NAMED_UNIT(*)
PLANE_ANGLE_UNIT()
SI_UNIT($,.RADIAN.)
);
#22239=(
LENGTH_UNIT()
NAMED_UNIT(*)
SI_UNIT($,.METRE.)
);
#22240=PRODUCT_DEFINITION_SHAPE('','',#22241);
#22241=PRODUCT_DEFINITION('','',#22243,#22242);
#22242=PRODUCT_DEFINITION_CONTEXT('',#22249,'design');
#22243=PRODUCT_DEFINITION_FORMATION_WITH_SPECIFIED_SOURCE('','',#22245,
 .NOT_KNOWN.);
#22244=PRODUCT_RELATED_PRODUCT_CATEGORY('','',(#22245));
#22245=PRODUCT('top_plate','top_plate','top_plate',(#22247));
#22246=PRODUCT_CATEGORY('','');
#22247=PRODUCT_CONTEXT('',#22249,'mechanical');
#22248=APPLICATION_PROTOCOL_DEFINITION('international standard',
'automotive_design',2010,#22249);
#22249=APPLICATION_CONTEXT(
'core data for automotive mechanical design processes');
ENDSEC;
END-ISO-10303-21;
